# Blender v2.79 (sub 0) OBJ File: ''
# www.blender.org
mtllib ankle_l_roll.mtl
o ankle_l_roll
v -0.010565 -0.005691 -0.025750
v -0.010565 -0.005691 -0.026250
v -0.011838 -0.001967 -0.026250
v -0.011838 0.001967 -0.026250
v -0.010565 0.005691 -0.026250
v -0.010565 0.005691 -0.025750
v -0.011838 0.001967 -0.025750
v -0.011838 -0.001967 -0.025750
v 0.008669 0.008298 -0.026250
v 0.008669 0.008298 -0.025750
v 0.003190 0.011568 -0.025750
v -0.003190 0.011568 -0.025750
v -0.008669 0.008298 -0.025750
v -0.008669 0.008298 -0.026250
v -0.003190 0.011568 -0.026250
v 0.003190 0.011568 -0.026250
v 0.008669 -0.008298 -0.025750
v 0.008669 -0.008298 -0.026250
v 0.003190 -0.011568 -0.026250
v -0.003190 -0.011568 -0.026250
v -0.008669 -0.008298 -0.026250
v -0.008669 -0.008298 -0.025750
v -0.003190 -0.011568 -0.025750
v 0.003190 -0.011568 -0.025750
v 0.010000 0.000000 -0.025750
v 0.007660 0.006428 -0.025750
v 0.001736 0.009848 -0.025750
v -0.005000 0.008660 -0.025750
v -0.009397 0.003420 -0.025750
v -0.009397 -0.003420 -0.025750
v -0.005000 -0.008660 -0.025750
v 0.001736 -0.009848 -0.025750
v 0.007660 -0.006428 -0.025750
v 0.008815 0.007135 -0.025750
v 0.009504 0.006188 -0.025750
v 0.010565 0.005691 -0.025750
v 0.011838 0.001967 -0.025750
v 0.011838 -0.001967 -0.025750
v 0.010565 -0.005691 -0.025750
v 0.009504 -0.006188 -0.025750
v 0.008815 -0.007135 -0.025750
v -0.008815 -0.007135 -0.025750
v -0.009504 -0.006188 -0.025750
v -0.009504 0.006188 -0.025750
v -0.008815 0.007135 -0.025750
v 0.010565 0.005691 -0.026250
v 0.011838 0.001967 -0.026250
v 0.011838 -0.001967 -0.026250
v 0.010565 -0.005691 -0.026250
v 0.008941 0.009133 -0.026250
v 0.009502 0.009810 -0.026250
v 0.010272 0.010234 -0.026250
v 0.010272 0.010234 -0.028250
v 0.010744 0.010336 -0.028250
v 0.011226 0.010339 -0.028250
v 0.011699 0.010244 -0.028250
v 0.012565 0.009753 -0.033250
v 0.013150 0.008949 -0.033250
v 0.013350 0.007974 -0.033250
v 0.013350 0.007974 -0.028250
v 0.013295 0.007494 -0.028250
v 0.013143 0.007036 -0.028250
v 0.012901 0.006619 -0.028250
v 0.012901 0.006619 -0.026250
v 0.012261 0.006017 -0.026250
v 0.011444 0.005692 -0.026250
v 0.012901 0.006619 -0.025450
v 0.013344 0.008164 -0.025450
v 0.012690 0.009633 -0.025450
v 0.011246 0.010337 -0.025450
v 0.009686 0.009948 -0.025450
v 0.008741 0.008648 -0.025450
v 0.008853 0.007044 -0.025450
v 0.009970 0.005888 -0.025450
v 0.011569 0.005720 -0.025450
v -0.011444 0.005692 -0.026250
v -0.012261 0.006017 -0.026250
v -0.012901 0.006619 -0.026250
v -0.012901 0.006619 -0.028250
v -0.013143 0.007036 -0.028250
v -0.013295 0.007494 -0.028250
v -0.013350 0.007974 -0.028250
v -0.013350 0.007974 -0.033250
v -0.013150 0.008949 -0.033250
v -0.012565 0.009753 -0.033250
v -0.011699 0.010244 -0.033250
v -0.011699 0.010244 -0.028250
v -0.011226 0.010339 -0.028250
v -0.010744 0.010336 -0.028250
v -0.010272 0.010234 -0.028250
v -0.010272 0.010234 -0.026250
v -0.009502 0.009810 -0.026250
v -0.008941 0.009133 -0.026250
v -0.010272 0.010234 -0.025450
v -0.011878 0.010180 -0.025450
v -0.013074 0.009105 -0.025450
v -0.013299 0.007514 -0.025450
v -0.012449 0.006150 -0.025450
v -0.010920 0.005651 -0.025450
v -0.009429 0.006252 -0.025450
v -0.008673 0.007671 -0.025450
v -0.009006 0.009243 -0.025450
v -0.003761 0.014004 -0.026250
v 0.003761 0.014004 -0.026250
v -0.011444 -0.005692 -0.026250
v -0.012261 -0.006017 -0.026250
v -0.012901 -0.006619 -0.026250
v -0.014319 -0.002282 -0.026250
v -0.014319 0.002282 -0.026250
v 0.008941 -0.009133 -0.026250
v 0.009502 -0.009810 -0.026250
v 0.010272 -0.010234 -0.026250
v 0.003761 -0.014004 -0.026250
v -0.003761 -0.014004 -0.026250
v -0.010272 -0.010234 -0.026250
v -0.009502 -0.009810 -0.026250
v -0.008941 -0.009133 -0.026250
v 0.014319 0.002282 -0.026250
v 0.014319 -0.002282 -0.026250
v 0.012901 -0.006619 -0.026250
v 0.012261 -0.006017 -0.026250
v 0.011444 -0.005692 -0.026250
v -0.003761 0.014004 -0.028250
v 0.003761 0.014004 -0.028250
v -0.009750 0.008000 -0.025450
v -0.010042 0.008803 -0.025450
v -0.010783 0.009231 -0.025450
v -0.011625 0.009083 -0.025450
v -0.012175 0.008428 -0.025450
v -0.012175 0.007572 -0.025450
v -0.011625 0.006917 -0.025450
v -0.010783 0.006769 -0.025450
v -0.010042 0.007197 -0.025450
v -0.009750 -0.008000 -0.025450
v -0.010042 -0.007197 -0.025450
v -0.010783 -0.006769 -0.025450
v -0.011625 -0.006917 -0.025450
v -0.012175 -0.007572 -0.025450
v -0.012175 -0.008428 -0.025450
v -0.011625 -0.009083 -0.025450
v -0.010783 -0.009231 -0.025450
v -0.010042 -0.008803 -0.025450
v -0.010272 -0.010234 -0.025450
v -0.011878 -0.010180 -0.025450
v -0.013074 -0.009105 -0.025450
v -0.013299 -0.007514 -0.025450
v -0.012449 -0.006150 -0.025450
v -0.010920 -0.005651 -0.025450
v -0.009429 -0.006252 -0.025450
v -0.008673 -0.007671 -0.025450
v -0.009006 -0.009243 -0.025450
v 0.012901 -0.006619 -0.025450
v 0.013344 -0.008164 -0.025450
v 0.012690 -0.009633 -0.025450
v 0.011246 -0.010337 -0.025450
v 0.009686 -0.009948 -0.025450
v 0.008741 -0.008648 -0.025450
v 0.008853 -0.007044 -0.025450
v 0.009970 -0.005888 -0.025450
v 0.011569 -0.005720 -0.025450
v 0.012250 -0.008000 -0.025450
v 0.011958 -0.007197 -0.025450
v 0.011217 -0.006769 -0.025450
v 0.010375 -0.006917 -0.025450
v 0.009825 -0.007572 -0.025450
v 0.009825 -0.008428 -0.025450
v 0.010375 -0.009083 -0.025450
v 0.011217 -0.009231 -0.025450
v 0.011958 -0.008803 -0.025450
v 0.012232 0.007787 -0.025450
v 0.012081 0.008628 -0.025450
v 0.011424 0.009176 -0.025450
v 0.010569 0.009173 -0.025450
v 0.009915 0.008622 -0.025450
v 0.009770 0.007779 -0.025450
v 0.010200 0.007040 -0.025450
v 0.011004 0.006750 -0.025450
v 0.011807 0.007045 -0.025450
v -0.012901 -0.006619 -0.028250
v -0.014319 -0.002282 -0.028250
v -0.014319 0.002282 -0.028250
v 0.017500 0.030250 -0.033250
v 0.016696 0.033250 -0.033250
v 0.014500 0.035446 -0.033250
v 0.011500 0.036250 -0.033250
v 0.011500 0.036250 -0.024250
v 0.014500 0.035446 -0.024250
v 0.016696 0.033250 -0.024250
v 0.017500 0.030250 -0.024250
v 0.017500 -0.013332 -0.024250
v 0.017500 -0.013332 -0.033250
v -0.011500 0.036250 -0.024250
v -0.014500 0.035446 -0.024250
v -0.016696 0.033250 -0.024250
v -0.017500 0.030250 -0.024250
v -0.017500 -0.013332 -0.024250
v -0.016237 -0.014844 -0.024250
v -0.014844 -0.016237 -0.024250
v -0.013332 -0.017500 -0.024250
v 0.013332 -0.017500 -0.024250
v 0.014844 -0.016237 -0.024250
v 0.016237 -0.014844 -0.024250
v 0.012250 0.032000 -0.024250
v 0.011958 0.031197 -0.024250
v 0.011217 0.030769 -0.024250
v 0.010375 0.030917 -0.024250
v 0.009825 0.031572 -0.024250
v 0.009825 0.032428 -0.024250
v 0.010375 0.033083 -0.024250
v 0.011217 0.033231 -0.024250
v 0.011958 0.032803 -0.024250
v -0.009750 0.032000 -0.024250
v -0.010042 0.031197 -0.024250
v -0.010783 0.030769 -0.024250
v -0.011625 0.030917 -0.024250
v -0.012175 0.031572 -0.024250
v -0.012175 0.032428 -0.024250
v -0.011625 0.033083 -0.024250
v -0.010783 0.033231 -0.024250
v -0.010042 0.032803 -0.024250
v -0.011555 0.012905 -0.024250
v -0.011871 0.012037 -0.024250
v -0.012670 0.011575 -0.024250
v -0.013580 0.011736 -0.024250
v -0.014173 0.012443 -0.024250
v -0.014173 0.013366 -0.024250
v -0.013580 0.014074 -0.024250
v -0.012670 0.014234 -0.024250
v -0.011871 0.013772 -0.024250
v 0.014255 0.012905 -0.024250
v 0.013939 0.012037 -0.024250
v 0.013139 0.011575 -0.024250
v 0.012230 0.011736 -0.024250
v 0.011636 0.012443 -0.024250
v 0.011636 0.013366 -0.024250
v 0.012230 0.014074 -0.024250
v 0.013139 0.014234 -0.024250
v 0.013939 0.013772 -0.024250
v -0.011555 -0.012905 -0.024250
v -0.011871 -0.013772 -0.024250
v -0.012670 -0.014234 -0.024250
v -0.013580 -0.014074 -0.024250
v -0.014173 -0.013366 -0.024250
v -0.014173 -0.012443 -0.024250
v -0.013580 -0.011736 -0.024250
v -0.012670 -0.011575 -0.024250
v -0.011871 -0.012037 -0.024250
v 0.014255 -0.012905 -0.024250
v 0.013939 -0.013772 -0.024250
v 0.013139 -0.014234 -0.024250
v 0.012230 -0.014074 -0.024250
v 0.011636 -0.013366 -0.024250
v 0.011636 -0.012443 -0.024250
v 0.012230 -0.011736 -0.024250
v 0.013139 -0.011575 -0.024250
v 0.013939 -0.012037 -0.024250
v 0.012250 0.008000 -0.024250
v 0.011958 0.007197 -0.024250
v 0.011217 0.006769 -0.024250
v 0.010375 0.006917 -0.024250
v 0.009825 0.007572 -0.024250
v 0.009825 0.008428 -0.024250
v 0.010375 0.009083 -0.024250
v 0.011217 0.009231 -0.024250
v 0.011958 0.008803 -0.024250
v -0.009750 0.008000 -0.024250
v -0.010042 0.007197 -0.024250
v -0.010783 0.006769 -0.024250
v -0.011625 0.006917 -0.024250
v -0.012175 0.007572 -0.024250
v -0.012175 0.008428 -0.024250
v -0.011625 0.009083 -0.024250
v -0.010783 0.009231 -0.024250
v -0.010042 0.008803 -0.024250
v 0.012250 -0.008000 -0.024250
v 0.011958 -0.008803 -0.024250
v 0.011217 -0.009231 -0.024250
v 0.010375 -0.009083 -0.024250
v 0.009825 -0.008428 -0.024250
v 0.009825 -0.007572 -0.024250
v 0.010375 -0.006917 -0.024250
v 0.011217 -0.006769 -0.024250
v 0.011958 -0.007197 -0.024250
v -0.009750 -0.008000 -0.024250
v -0.010042 -0.008803 -0.024250
v -0.010783 -0.009231 -0.024250
v -0.011625 -0.009083 -0.024250
v -0.012175 -0.008428 -0.024250
v -0.012175 -0.007572 -0.024250
v -0.011625 -0.006917 -0.024250
v -0.010783 -0.006769 -0.024250
v -0.010042 -0.007197 -0.024250
v 0.010000 0.000000 -0.024250
v 0.007660 -0.006428 -0.024250
v 0.001736 -0.009848 -0.024250
v -0.005000 -0.008660 -0.024250
v -0.009397 -0.003420 -0.024250
v -0.009397 0.003420 -0.024250
v -0.005000 0.008660 -0.024250
v 0.001736 0.009848 -0.024250
v 0.007660 0.006428 -0.024250
v -0.011500 0.036250 -0.033250
v -0.014500 0.035446 -0.033250
v -0.016696 0.033250 -0.033250
v -0.017500 0.030250 -0.033250
v -0.017500 -0.013332 -0.033250
v 0.005747 0.027947 -0.025250
v 0.006093 0.028570 -0.025250
v 0.006198 0.029274 -0.025250
v 0.006050 0.029971 -0.025250
v 0.006050 0.029971 -0.033250
v 0.006198 0.029274 -0.033250
v 0.006093 0.028570 -0.033250
v 0.005747 0.027947 -0.033250
v 0.001548 0.022812 -0.033250
v 0.001548 0.022812 -0.025250
v 0.014500 0.024650 -0.025250
v 0.014232 0.025650 -0.025250
v 0.013500 0.026382 -0.025250
v 0.012500 0.026650 -0.025250
v 0.012500 0.026650 -0.033250
v 0.013500 0.026382 -0.033250
v 0.014232 0.025650 -0.033250
v 0.014500 0.024650 -0.033250
v 0.010008 0.026743 -0.025250
v 0.009288 0.026747 -0.025250
v 0.008614 0.026497 -0.025250
v 0.008072 0.026024 -0.025250
v 0.008072 0.026024 -0.033250
v 0.008614 0.026497 -0.033250
v 0.009288 0.026747 -0.033250
v 0.010008 0.026743 -0.033250
v 0.004075 0.021007 -0.025250
v 0.004075 0.021007 -0.033250
v 0.014500 0.017888 -0.033250
v 0.014258 0.016935 -0.033250
v 0.013592 0.016213 -0.033250
v 0.012662 0.015895 -0.033250
v 0.012662 0.015895 -0.025250
v 0.013592 0.016213 -0.025250
v 0.014258 0.016935 -0.025250
v 0.014500 0.017888 -0.025250
v 0.012321 0.015847 -0.025250
v 0.011987 0.015761 -0.025250
v 0.011666 0.015637 -0.025250
v 0.011037 0.015468 -0.025250
v 0.010387 0.015510 -0.025250
v 0.009785 0.015759 -0.025250
v 0.008287 0.016596 -0.025250
v 0.006717 0.017291 -0.025250
v 0.005091 0.017838 -0.025250
v 0.004033 0.018570 -0.025250
v 0.003640 0.019796 -0.025250
v 0.010667 0.026660 -0.025250
v 0.012321 0.015847 -0.033250
v 0.011987 0.015761 -0.033250
v 0.011666 0.015637 -0.033250
v 0.011037 0.015468 -0.033250
v 0.010387 0.015510 -0.033250
v 0.009785 0.015759 -0.033250
v 0.008287 0.016596 -0.033250
v 0.006717 0.017291 -0.033250
v 0.005091 0.017838 -0.033250
v 0.004033 0.018570 -0.033250
v 0.003640 0.019796 -0.033250
v -0.001548 0.022812 -0.025250
v -0.000582 0.022165 -0.025250
v 0.000582 0.022165 -0.025250
v 0.000582 0.022165 -0.033250
v -0.000582 0.022165 -0.033250
v -0.001548 0.022812 -0.033250
v -0.005747 0.027947 -0.033250
v -0.005747 0.027947 -0.025250
v 0.003688 0.033250 -0.033250
v 0.004629 0.033015 -0.033250
v 0.005348 0.032366 -0.033250
v 0.005678 0.031454 -0.033250
v 0.005678 0.031454 -0.025250
v 0.005348 0.032366 -0.025250
v 0.004629 0.033015 -0.025250
v 0.003688 0.033250 -0.025250
v 0.005879 0.030453 -0.025250
v 0.005754 0.030949 -0.025250
v 0.005754 0.030949 -0.033250
v 0.005879 0.030453 -0.033250
v -0.003688 0.033250 -0.025250
v -0.004629 0.033015 -0.025250
v -0.005348 0.032366 -0.025250
v -0.005678 0.031454 -0.025250
v -0.005678 0.031454 -0.033250
v -0.005348 0.032366 -0.033250
v -0.004629 0.033015 -0.033250
v -0.003688 0.033250 -0.033250
v -0.006050 0.029971 -0.025250
v -0.006198 0.029274 -0.025250
v -0.006093 0.028570 -0.025250
v -0.006093 0.028570 -0.033250
v -0.006198 0.029274 -0.033250
v -0.006050 0.029971 -0.033250
v -0.005754 0.030949 -0.025250
v -0.005879 0.030453 -0.025250
v -0.005879 0.030453 -0.033250
v -0.005754 0.030949 -0.033250
v -0.012500 0.026650 -0.025250
v -0.013500 0.026382 -0.025250
v -0.014232 0.025650 -0.025250
v -0.014500 0.024650 -0.025250
v -0.014500 0.024650 -0.033250
v -0.014232 0.025650 -0.033250
v -0.013500 0.026382 -0.033250
v -0.012500 0.026650 -0.033250
v -0.008069 0.026047 -0.025250
v -0.008612 0.026510 -0.025250
v -0.009281 0.026753 -0.025250
v -0.009994 0.026745 -0.025250
v -0.009994 0.026745 -0.033250
v -0.009281 0.026753 -0.033250
v -0.008612 0.026510 -0.033250
v -0.008069 0.026047 -0.033250
v -0.003988 0.021056 -0.033250
v -0.003988 0.021056 -0.025250
v -0.004997 0.017864 -0.025250
v -0.003928 0.018601 -0.025250
v -0.003536 0.019839 -0.025250
v -0.003536 0.019839 -0.033250
v -0.003928 0.018601 -0.033250
v -0.004997 0.017864 -0.033250
v -0.006657 0.017314 -0.033250
v -0.008258 0.016611 -0.033250
v -0.009785 0.015759 -0.033250
v -0.009785 0.015759 -0.025250
v -0.008258 0.016611 -0.025250
v -0.006657 0.017314 -0.025250
v -0.011666 0.015637 -0.025250
v -0.011037 0.015468 -0.025250
v -0.010387 0.015510 -0.025250
v -0.010387 0.015510 -0.033250
v -0.011037 0.015468 -0.033250
v -0.011666 0.015637 -0.033250
v -0.011987 0.015761 -0.033250
v -0.012321 0.015847 -0.033250
v -0.012662 0.015895 -0.033250
v -0.012662 0.015895 -0.025250
v -0.012321 0.015847 -0.025250
v -0.011987 0.015761 -0.025250
v -0.014500 0.017888 -0.025250
v -0.014258 0.016935 -0.025250
v -0.013592 0.016213 -0.025250
v -0.013592 0.016213 -0.033250
v -0.014258 0.016935 -0.033250
v -0.014500 0.017888 -0.033250
v 0.010667 0.026660 -0.033250
v -0.010663 0.026661 -0.025250
v -0.010663 0.026661 -0.033250
v 0.010272 -0.010234 -0.028250
v 0.003761 -0.014004 -0.028250
v -0.003761 -0.014004 -0.028250
v -0.010272 -0.010234 -0.028250
v 0.014319 0.002282 -0.028250
v 0.014319 -0.002282 -0.028250
v 0.012901 -0.006619 -0.028250
v 0.013143 -0.007036 -0.028250
v 0.013295 -0.007494 -0.028250
v 0.013350 -0.007974 -0.028250
v 0.013350 -0.007974 -0.033250
v 0.013150 -0.008949 -0.033250
v 0.012565 -0.009753 -0.033250
v 0.011699 -0.010244 -0.028250
v 0.011226 -0.010339 -0.028250
v 0.010744 -0.010336 -0.028250
v -0.010744 -0.010336 -0.028250
v -0.011226 -0.010339 -0.028250
v -0.011699 -0.010244 -0.028250
v -0.011699 -0.010244 -0.033250
v -0.012565 -0.009753 -0.033250
v -0.013150 -0.008949 -0.033250
v -0.013350 -0.007974 -0.033250
v -0.013350 -0.007974 -0.028250
v -0.013295 -0.007494 -0.028250
v -0.013143 -0.007036 -0.028250
v -0.004355 0.014928 -0.028250
v 0.004355 0.014928 -0.028250
v -0.015300 -0.002776 -0.028250
v -0.015300 0.002776 -0.028250
v 0.004355 -0.014928 -0.028250
v -0.004355 -0.014928 -0.028250
v -0.015300 -0.002776 -0.033250
v -0.015300 0.002776 -0.033250
v -0.004355 0.014928 -0.033250
v 0.004355 0.014928 -0.033250
v 0.004355 -0.014928 -0.033250
v -0.004355 -0.014928 -0.033250
v 0.015300 0.002776 -0.028250
v 0.015300 -0.002776 -0.028250
v 0.015300 0.002776 -0.033250
v 0.015300 -0.002776 -0.033250
v 0.013350 0.032000 -0.025450
v 0.012800 0.033511 -0.025450
v 0.011408 0.034314 -0.025450
v 0.009825 0.034035 -0.025450
v 0.008792 0.032804 -0.025450
v 0.008792 0.031196 -0.025450
v 0.009825 0.029965 -0.025450
v 0.011408 0.029686 -0.025450
v 0.012800 0.030489 -0.025450
v 0.013350 0.032000 -0.033250
v 0.012800 0.030489 -0.033250
v 0.011408 0.029686 -0.033250
v 0.009825 0.029965 -0.033250
v 0.008792 0.031196 -0.033250
v 0.008792 0.032804 -0.033250
v 0.009825 0.034035 -0.033250
v 0.011408 0.034314 -0.033250
v 0.012800 0.033511 -0.033250
v 0.012250 0.032000 -0.025450
v 0.011958 0.032803 -0.025450
v 0.011217 0.033231 -0.025450
v 0.010375 0.033083 -0.025450
v 0.009825 0.032428 -0.025450
v 0.009825 0.031572 -0.025450
v 0.010375 0.030917 -0.025450
v 0.011217 0.030769 -0.025450
v 0.011958 0.031197 -0.025450
v -0.008650 0.032000 -0.025450
v -0.009200 0.033511 -0.025450
v -0.010592 0.034314 -0.025450
v -0.012175 0.034035 -0.025450
v -0.013208 0.032804 -0.025450
v -0.013208 0.031196 -0.025450
v -0.012175 0.029965 -0.025450
v -0.010592 0.029686 -0.025450
v -0.009200 0.030489 -0.025450
v -0.008650 0.032000 -0.033250
v -0.009200 0.030489 -0.033250
v -0.010592 0.029686 -0.033250
v -0.012175 0.029965 -0.033250
v -0.013208 0.031196 -0.033250
v -0.013208 0.032804 -0.033250
v -0.012175 0.034035 -0.033250
v -0.010592 0.034314 -0.033250
v -0.009200 0.033511 -0.033250
v -0.009750 0.032000 -0.025450
v -0.010042 0.032803 -0.025450
v -0.010783 0.033231 -0.025450
v -0.011625 0.033083 -0.025450
v -0.012175 0.032428 -0.025450
v -0.012175 0.031572 -0.025450
v -0.011625 0.030917 -0.025450
v -0.010783 0.030769 -0.025450
v -0.010042 0.031197 -0.025450
v 0.014255 -0.012905 -0.033250
v 0.013939 -0.013772 -0.033250
v 0.013139 -0.014234 -0.033250
v 0.012230 -0.014074 -0.033250
v 0.011636 -0.013366 -0.033250
v 0.011636 -0.012443 -0.033250
v 0.012230 -0.011736 -0.033250
v 0.013139 -0.011575 -0.033250
v 0.013939 -0.012037 -0.033250
v -0.011555 -0.012905 -0.033250
v -0.011871 -0.013772 -0.033250
v -0.012670 -0.014234 -0.033250
v -0.013580 -0.014074 -0.033250
v -0.014173 -0.013366 -0.033250
v -0.014173 -0.012443 -0.033250
v -0.013580 -0.011736 -0.033250
v -0.012670 -0.011575 -0.033250
v -0.011871 -0.012037 -0.033250
v 0.014255 0.012905 -0.033250
v 0.013939 0.012037 -0.033250
v 0.013139 0.011575 -0.033250
v 0.012230 0.011736 -0.033250
v 0.011636 0.012443 -0.033250
v 0.011636 0.013366 -0.033250
v 0.012230 0.014074 -0.033250
v 0.013139 0.014234 -0.033250
v 0.013939 0.013772 -0.033250
v -0.011555 0.012905 -0.033250
v -0.011871 0.012037 -0.033250
v -0.012670 0.011575 -0.033250
v -0.013580 0.011736 -0.033250
v -0.014173 0.012443 -0.033250
v -0.014173 0.013366 -0.033250
v -0.013580 0.014074 -0.033250
v -0.012670 0.014234 -0.033250
v -0.011871 0.013772 -0.033250
v 0.013332 -0.017500 -0.033250
v 0.014844 -0.016237 -0.033250
v 0.016237 -0.014844 -0.033250
v -0.016237 -0.014844 -0.033250
v -0.014844 -0.016237 -0.033250
v -0.013332 -0.017500 -0.033250
v 0.013850 0.021000 0.009750
v 0.013850 0.033084 0.009750
v 0.012084 0.034850 0.009750
v -0.012084 0.034850 0.009750
v -0.013850 0.033084 0.009750
v -0.013850 0.021000 0.009750
v -0.009400 0.021000 0.009750
v -0.009400 0.018800 0.009750
v -0.006100 0.015500 0.009750
v 0.006100 0.015500 0.009750
v 0.009400 0.018800 0.009750
v 0.009400 0.021000 0.009750
v -0.013400 0.032000 0.009750
v -0.012839 0.033543 0.009750
v -0.011417 0.034364 0.009750
v -0.009800 0.034078 0.009750
v -0.008745 0.032821 0.009750
v -0.008745 0.031179 0.009750
v -0.009800 0.029922 0.009750
v -0.011417 0.029636 0.009750
v -0.012839 0.030457 0.009750
v 0.008600 0.032000 0.009750
v 0.009161 0.033543 0.009750
v 0.010583 0.034364 0.009750
v 0.012200 0.034078 0.009750
v 0.013255 0.032821 0.009750
v 0.013255 0.031179 0.009750
v 0.012200 0.029922 0.009750
v 0.010583 0.029636 0.009750
v 0.009161 0.030457 0.009750
v -0.000000 0.004750 0.009750
v -0.003053 0.003639 0.009750
v -0.004678 0.000825 0.009750
v -0.004114 -0.002375 0.009750
v -0.001625 -0.004464 0.009750
v 0.001625 -0.004464 0.009750
v 0.004114 -0.002375 0.009750
v 0.004678 0.000825 0.009750
v 0.003053 0.003639 0.009750
v 0.005650 0.007946 0.009750
v 0.009040 0.003653 0.009750
v 0.009584 -0.001791 0.009750
v 0.007111 -0.006670 0.009750
v 0.002400 -0.009450 0.009750
v 0.003500 -0.009450 0.009750
v 0.003500 -0.010850 0.009750
v 0.012084 -0.010850 0.009750
v 0.013850 -0.009084 0.009750
v 0.013850 0.008000 0.009750
v 0.005650 0.008000 0.009750
v 0.008600 -0.008000 0.009750
v 0.009161 -0.006457 0.009750
v 0.010583 -0.005636 0.009750
v 0.012200 -0.005922 0.009750
v 0.013255 -0.007179 0.009750
v 0.013255 -0.008821 0.009750
v 0.012200 -0.010078 0.009750
v 0.010583 -0.010364 0.009750
v 0.009161 -0.009543 0.009750
v -0.002400 -0.009450 0.009750
v -0.007111 -0.006670 0.009750
v -0.009584 -0.001791 0.009750
v -0.009040 0.003653 0.009750
v -0.005650 0.007946 0.009750
v -0.005650 0.008000 0.009750
v -0.013850 0.008000 0.009750
v -0.013850 -0.009084 0.009750
v -0.012084 -0.010850 0.009750
v -0.003500 -0.010850 0.009750
v -0.003500 -0.009450 0.009750
v -0.013400 -0.008000 0.009750
v -0.012839 -0.006457 0.009750
v -0.011417 -0.005636 0.009750
v -0.009800 -0.005922 0.009750
v -0.008745 -0.007179 0.009750
v -0.008745 -0.008821 0.009750
v -0.009800 -0.010078 0.009750
v -0.011417 -0.010364 0.009750
v -0.012839 -0.009543 0.009750
v -0.013400 -0.008000 0.006950
v -0.012839 -0.006457 0.006950
v -0.011417 -0.005636 0.006950
v -0.009800 -0.005922 0.006950
v -0.008745 -0.007179 0.006950
v -0.008745 -0.008821 0.006950
v -0.009800 -0.010078 0.006950
v -0.011417 -0.010364 0.006950
v -0.012839 -0.009543 0.006950
v -0.012300 -0.008000 0.006950
v -0.011996 -0.007164 0.006950
v -0.011226 -0.006720 0.006950
v -0.010350 -0.006874 0.006950
v -0.009778 -0.007555 0.006950
v -0.009778 -0.008445 0.006950
v -0.010350 -0.009126 0.006950
v -0.011226 -0.009280 0.006950
v -0.011996 -0.008836 0.006950
v 0.008600 -0.008000 0.006950
v 0.009161 -0.009543 0.006950
v 0.010583 -0.010364 0.006950
v 0.012200 -0.010078 0.006950
v 0.013255 -0.008821 0.006950
v 0.013255 -0.007179 0.006950
v 0.012200 -0.005922 0.006950
v 0.010583 -0.005636 0.006950
v 0.009161 -0.006457 0.006950
v 0.009700 -0.008000 0.006950
v 0.010004 -0.007164 0.006950
v 0.010774 -0.006720 0.006950
v 0.011650 -0.006874 0.006950
v 0.012222 -0.007555 0.006950
v 0.012222 -0.008445 0.006950
v 0.011650 -0.009126 0.006950
v 0.010774 -0.009280 0.006950
v 0.010004 -0.008836 0.006950
v -0.013400 0.032000 0.006950
v -0.012839 0.030457 0.006950
v -0.011417 0.029636 0.006950
v -0.009800 0.029922 0.006950
v -0.008745 0.031179 0.006950
v -0.008745 0.032821 0.006950
v -0.009800 0.034078 0.006950
v -0.011417 0.034364 0.006950
v -0.012839 0.033543 0.006950
v -0.012300 0.032000 0.006950
v -0.011996 0.032836 0.006950
v -0.011226 0.033280 0.006950
v -0.010350 0.033126 0.006950
v -0.009778 0.032445 0.006950
v -0.009778 0.031555 0.006950
v -0.010350 0.030874 0.006950
v -0.011226 0.030720 0.006950
v -0.011996 0.031164 0.006950
v 0.008600 0.032000 0.006950
v 0.009161 0.030457 0.006950
v 0.010583 0.029636 0.006950
v 0.012200 0.029922 0.006950
v 0.013255 0.031179 0.006950
v 0.013255 0.032821 0.006950
v 0.012200 0.034078 0.006950
v 0.010583 0.034364 0.006950
v 0.009161 0.033543 0.006950
v 0.009700 0.032000 0.006950
v 0.010004 0.032836 0.006950
v 0.010774 0.033280 0.006950
v 0.011650 0.033126 0.006950
v 0.012222 0.032445 0.006950
v 0.012222 0.031555 0.006950
v 0.011650 0.030874 0.006950
v 0.010774 0.030720 0.006950
v 0.010004 0.031164 0.006950
v -0.012300 -0.008000 0.000750
v -0.011996 -0.007164 0.000750
v -0.011226 -0.006720 0.000750
v -0.010350 -0.006874 0.000750
v -0.009778 -0.007555 0.000750
v -0.009778 -0.008445 0.000750
v -0.010350 -0.009126 0.000750
v -0.011226 -0.009280 0.000750
v -0.011996 -0.008836 0.000750
v -0.012350 -0.008000 0.000750
v -0.012034 -0.007132 0.000750
v -0.011234 -0.006671 0.000750
v -0.010325 -0.006831 0.000750
v -0.009731 -0.007538 0.000750
v -0.009731 -0.008462 0.000750
v -0.010325 -0.009169 0.000750
v -0.011234 -0.009329 0.000750
v -0.012034 -0.008868 0.000750
v -0.012025 -0.008000 0.000425
v -0.011785 -0.007341 0.000425
v -0.011178 -0.006991 0.000425
v -0.010487 -0.007112 0.000425
v -0.010037 -0.007649 0.000425
v -0.010037 -0.008351 0.000425
v -0.010487 -0.008888 0.000425
v -0.011178 -0.009009 0.000425
v -0.011785 -0.008659 0.000425
v -0.012025 -0.008000 -0.005750
v -0.011785 -0.007341 -0.005750
v -0.011178 -0.006991 -0.005750
v -0.010487 -0.007112 -0.005750
v -0.010037 -0.007649 -0.005750
v -0.010037 -0.008351 -0.005750
v -0.010487 -0.008888 -0.005750
v -0.011178 -0.009009 -0.005750
v -0.011785 -0.008659 -0.005750
v -0.011000 -0.008000 -0.006366
v 0.009700 -0.008000 0.000750
v 0.010004 -0.007164 0.000750
v 0.010774 -0.006720 0.000750
v 0.011650 -0.006874 0.000750
v 0.012222 -0.007555 0.000750
v 0.012222 -0.008445 0.000750
v 0.011650 -0.009126 0.000750
v 0.010774 -0.009280 0.000750
v 0.010004 -0.008836 0.000750
v 0.009650 -0.008000 0.000750
v 0.009966 -0.007132 0.000750
v 0.010766 -0.006671 0.000750
v 0.011675 -0.006831 0.000750
v 0.012269 -0.007538 0.000750
v 0.012269 -0.008462 0.000750
v 0.011675 -0.009169 0.000750
v 0.010766 -0.009329 0.000750
v 0.009966 -0.008868 0.000750
v 0.009975 -0.008000 0.000425
v 0.010215 -0.007341 0.000425
v 0.010822 -0.006991 0.000425
v 0.011513 -0.007112 0.000425
v 0.011963 -0.007649 0.000425
v 0.011963 -0.008351 0.000425
v 0.011513 -0.008888 0.000425
v 0.010822 -0.009009 0.000425
v 0.010215 -0.008659 0.000425
v 0.009975 -0.008000 -0.005750
v 0.010215 -0.007341 -0.005750
v 0.010822 -0.006991 -0.005750
v 0.011513 -0.007112 -0.005750
v 0.011963 -0.007649 -0.005750
v 0.011963 -0.008351 -0.005750
v 0.011513 -0.008888 -0.005750
v 0.010822 -0.009009 -0.005750
v 0.010215 -0.008659 -0.005750
v 0.011000 -0.008000 -0.006366
v -0.012300 0.032000 0.000750
v -0.011996 0.032836 0.000750
v -0.011226 0.033280 0.000750
v -0.010350 0.033126 0.000750
v -0.009778 0.032445 0.000750
v -0.009778 0.031555 0.000750
v -0.010350 0.030874 0.000750
v -0.011226 0.030720 0.000750
v -0.011996 0.031164 0.000750
v -0.012350 0.032000 0.000750
v -0.012034 0.032868 0.000750
v -0.011234 0.033329 0.000750
v -0.010325 0.033169 0.000750
v -0.009731 0.032462 0.000750
v -0.009731 0.031538 0.000750
v -0.010325 0.030831 0.000750
v -0.011234 0.030671 0.000750
v -0.012034 0.031132 0.000750
v -0.012025 0.032000 0.000425
v -0.011785 0.032659 0.000425
v -0.011178 0.033009 0.000425
v -0.010488 0.032888 0.000425
v -0.010037 0.032351 0.000425
v -0.010037 0.031649 0.000425
v -0.010488 0.031112 0.000425
v -0.011178 0.030991 0.000425
v -0.011785 0.031341 0.000425
v -0.012025 0.032000 -0.005750
v -0.011785 0.032659 -0.005750
v -0.011178 0.033009 -0.005750
v -0.010488 0.032888 -0.005750
v -0.010037 0.032351 -0.005750
v -0.010037 0.031649 -0.005750
v -0.010488 0.031112 -0.005750
v -0.011178 0.030991 -0.005750
v -0.011785 0.031341 -0.005750
v -0.011000 0.032000 -0.006366
v 0.009700 0.032000 0.000750
v 0.010004 0.032836 0.000750
v 0.010774 0.033280 0.000750
v 0.011650 0.033126 0.000750
v 0.012222 0.032445 0.000750
v 0.012222 0.031555 0.000750
v 0.011650 0.030874 0.000750
v 0.010774 0.030720 0.000750
v 0.010004 0.031164 0.000750
v 0.009650 0.032000 0.000750
v 0.009966 0.032868 0.000750
v 0.010766 0.033329 0.000750
v 0.011675 0.033169 0.000750
v 0.012269 0.032462 0.000750
v 0.012269 0.031538 0.000750
v 0.011675 0.030831 0.000750
v 0.010766 0.030671 0.000750
v 0.009966 0.031132 0.000750
v 0.009975 0.032000 0.000425
v 0.010215 0.032659 0.000425
v 0.010822 0.033009 0.000425
v 0.011512 0.032888 0.000425
v 0.011963 0.032351 0.000425
v 0.011963 0.031649 0.000425
v 0.011512 0.031112 0.000425
v 0.010822 0.030991 0.000425
v 0.010215 0.031341 0.000425
v 0.009975 0.032000 -0.005750
v 0.010215 0.032659 -0.005750
v 0.010822 0.033009 -0.005750
v 0.011512 0.032888 -0.005750
v 0.011963 0.032351 -0.005750
v 0.011963 0.031649 -0.005750
v 0.011512 0.031112 -0.005750
v 0.010822 0.030991 -0.005750
v 0.010215 0.031341 -0.005750
v 0.011000 0.032000 -0.006366
v 0.014250 0.021000 0.009350
v 0.014250 0.033250 0.009350
v 0.009400 0.021000 0.001250
v 0.014250 0.021000 0.001250
v -0.014250 0.021000 0.009350
v -0.014250 0.021000 0.001250
v -0.009400 0.021000 0.001250
v 0.014250 -0.009250 -0.023850
v 0.014250 0.033250 -0.023850
v 0.014250 0.008000 0.001250
v 0.014250 0.008000 0.009350
v 0.014250 -0.009250 0.009350
v 0.014250 0.002650 -0.013250
v 0.014250 0.002966 -0.012382
v 0.014250 0.003766 -0.011921
v 0.014250 0.004675 -0.012081
v 0.014250 0.005269 -0.012788
v 0.014250 0.005269 -0.013712
v 0.014250 0.004675 -0.014419
v 0.014250 0.003766 -0.014579
v 0.014250 0.002966 -0.014118
v 0.014250 0.026650 -0.001250
v 0.014250 0.026966 -0.000382
v 0.014250 0.027766 0.000079
v 0.014250 0.028675 -0.000081
v 0.014250 0.029269 -0.000788
v 0.014250 0.029269 -0.001712
v 0.014250 0.028675 -0.002419
v 0.014250 0.027766 -0.002579
v 0.014250 0.026966 -0.002118
v 0.014250 0.026650 -0.013250
v 0.014250 0.026966 -0.012382
v 0.014250 0.027766 -0.011921
v 0.014250 0.028675 -0.012081
v 0.014250 0.029269 -0.012788
v 0.014250 0.029269 -0.013712
v 0.014250 0.028675 -0.014419
v 0.014250 0.027766 -0.014579
v 0.014250 0.026966 -0.014118
v 0.014250 0.005350 -0.001250
v 0.014250 0.005034 -0.002118
v 0.014250 0.004234 -0.002579
v 0.014250 0.003325 -0.002419
v 0.014250 0.002731 -0.001712
v 0.014250 0.002731 -0.000788
v 0.014250 0.003325 -0.000081
v 0.014250 0.004234 0.000079
v 0.014250 0.005034 -0.000382
v 0.013925 0.005025 -0.001250
v 0.013925 0.004785 -0.001909
v 0.013925 0.004178 -0.002259
v 0.013925 0.003487 -0.002138
v 0.013925 0.003037 -0.001601
v 0.013925 0.003037 -0.000899
v 0.013925 0.003487 -0.000362
v 0.013925 0.004178 -0.000241
v 0.013925 0.004785 -0.000591
v 0.011250 0.005025 -0.001250
v 0.011250 0.004785 -0.001909
v 0.011250 0.004178 -0.002259
v 0.011250 0.003487 -0.002138
v 0.011250 0.003037 -0.001601
v 0.011250 0.003037 -0.000899
v 0.011250 0.003487 -0.000362
v 0.011250 0.004178 -0.000241
v 0.011250 0.004785 -0.000591
v 0.011250 0.002975 -0.013250
v 0.011250 0.003215 -0.013909
v 0.011250 0.003822 -0.014259
v 0.011250 0.004512 -0.014138
v 0.011250 0.004963 -0.013601
v 0.011250 0.004963 -0.012899
v 0.011250 0.004512 -0.012362
v 0.011250 0.003822 -0.012241
v 0.011250 0.003215 -0.012591
v 0.011250 0.026975 -0.001250
v 0.011250 0.027215 -0.001909
v 0.011250 0.027822 -0.002259
v 0.011250 0.028512 -0.002138
v 0.011250 0.028963 -0.001601
v 0.011250 0.028963 -0.000899
v 0.011250 0.028512 -0.000362
v 0.011250 0.027822 -0.000241
v 0.011250 0.027215 -0.000591
v 0.011250 0.026975 -0.013250
v 0.011250 0.027215 -0.013909
v 0.011250 0.027822 -0.014259
v 0.011250 0.028512 -0.014138
v 0.011250 0.028963 -0.013601
v 0.011250 0.028963 -0.012899
v 0.011250 0.028512 -0.012362
v 0.011250 0.027822 -0.012241
v 0.011250 0.027215 -0.012591
v 0.013925 0.002975 -0.013250
v 0.013925 0.003215 -0.013909
v 0.013925 0.003822 -0.014259
v 0.013925 0.004512 -0.014138
v 0.013925 0.004963 -0.013601
v 0.013925 0.004963 -0.012899
v 0.013925 0.004512 -0.012362
v 0.013925 0.003822 -0.012241
v 0.013925 0.003215 -0.012591
v 0.013925 0.026975 -0.001250
v 0.013925 0.027215 -0.001909
v 0.013925 0.027822 -0.002259
v 0.013925 0.028512 -0.002138
v 0.013925 0.028963 -0.001601
v 0.013925 0.028963 -0.000899
v 0.013925 0.028512 -0.000362
v 0.013925 0.027822 -0.000241
v 0.013925 0.027215 -0.000591
v 0.013925 0.026975 -0.013250
v 0.013925 0.027215 -0.013909
v 0.013925 0.027822 -0.014259
v 0.013925 0.028512 -0.014138
v 0.013925 0.028963 -0.013601
v 0.013925 0.028963 -0.012899
v 0.013925 0.028512 -0.012362
v 0.013925 0.027822 -0.012241
v 0.013925 0.027215 -0.012591
v 0.013850 -0.009084 -0.024250
v 0.013850 0.033084 -0.024250
v 0.012250 0.035250 -0.023850
v 0.012084 0.034850 -0.024250
v 0.012250 0.035250 0.009350
v -0.012250 0.035250 0.009350
v -0.012250 0.035250 -0.023850
v -0.006650 0.035250 -0.013250
v -0.006966 0.035250 -0.012382
v -0.007766 0.035250 -0.011921
v -0.008675 0.035250 -0.012081
v -0.009269 0.035250 -0.012788
v -0.009269 0.035250 -0.013712
v -0.008675 0.035250 -0.014419
v -0.007766 0.035250 -0.014579
v -0.006966 0.035250 -0.014118
v 0.009350 0.035250 -0.001250
v 0.009034 0.035250 -0.000382
v 0.008234 0.035250 0.000079
v 0.007325 0.035250 -0.000081
v 0.006731 0.035250 -0.000788
v 0.006731 0.035250 -0.001712
v 0.007325 0.035250 -0.002419
v 0.008234 0.035250 -0.002579
v 0.009034 0.035250 -0.002118
v -0.006650 0.035250 -0.001250
v -0.006966 0.035250 -0.000382
v -0.007766 0.035250 0.000079
v -0.008675 0.035250 -0.000081
v -0.009269 0.035250 -0.000788
v -0.009269 0.035250 -0.001712
v -0.008675 0.035250 -0.002419
v -0.007766 0.035250 -0.002579
v -0.006966 0.035250 -0.002118
v 0.006650 0.035250 -0.013250
v 0.006966 0.035250 -0.014118
v 0.007766 0.035250 -0.014579
v 0.008675 0.035250 -0.014419
v 0.009269 0.035250 -0.013712
v 0.009269 0.035250 -0.012788
v 0.008675 0.035250 -0.012081
v 0.007766 0.035250 -0.011921
v 0.006966 0.035250 -0.012382
v 0.006975 0.034925 -0.013250
v 0.007215 0.034925 -0.013909
v 0.007822 0.034925 -0.014259
v 0.008512 0.034925 -0.014138
v 0.008963 0.034925 -0.013601
v 0.008963 0.034925 -0.012899
v 0.008512 0.034925 -0.012362
v 0.007822 0.034925 -0.012241
v 0.007215 0.034925 -0.012591
v 0.006975 0.032250 -0.013250
v 0.007215 0.032250 -0.013909
v 0.007822 0.032250 -0.014259
v 0.008512 0.032250 -0.014138
v 0.008963 0.032250 -0.013601
v 0.008963 0.032250 -0.012899
v 0.008512 0.032250 -0.012362
v 0.007822 0.032250 -0.012241
v 0.007215 0.032250 -0.012591
v -0.006975 0.032250 -0.013250
v -0.007215 0.032250 -0.013909
v -0.007822 0.032250 -0.014259
v -0.008513 0.032250 -0.014138
v -0.008963 0.032250 -0.013601
v -0.008963 0.032250 -0.012899
v -0.008513 0.032250 -0.012362
v -0.007822 0.032250 -0.012241
v -0.007215 0.032250 -0.012591
v 0.009025 0.032250 -0.001250
v 0.008785 0.032250 -0.001909
v 0.008178 0.032250 -0.002259
v 0.007487 0.032250 -0.002138
v 0.007037 0.032250 -0.001601
v 0.007037 0.032250 -0.000899
v 0.007487 0.032250 -0.000362
v 0.008178 0.032250 -0.000241
v 0.008785 0.032250 -0.000591
v -0.006975 0.032250 -0.001250
v -0.007215 0.032250 -0.001909
v -0.007822 0.032250 -0.002259
v -0.008513 0.032250 -0.002138
v -0.008963 0.032250 -0.001601
v -0.008963 0.032250 -0.000899
v -0.008513 0.032250 -0.000362
v -0.007822 0.032250 -0.000241
v -0.007215 0.032250 -0.000591
v -0.006975 0.034925 -0.013250
v -0.007215 0.034925 -0.013909
v -0.007822 0.034925 -0.014259
v -0.008513 0.034925 -0.014138
v -0.008963 0.034925 -0.013601
v -0.008963 0.034925 -0.012899
v -0.008513 0.034925 -0.012362
v -0.007822 0.034925 -0.012241
v -0.007215 0.034925 -0.012591
v 0.009025 0.034925 -0.001250
v 0.008785 0.034925 -0.001909
v 0.008178 0.034925 -0.002259
v 0.007487 0.034925 -0.002138
v 0.007037 0.034925 -0.001601
v 0.007037 0.034925 -0.000899
v 0.007487 0.034925 -0.000362
v 0.008178 0.034925 -0.000241
v 0.008785 0.034925 -0.000591
v -0.006975 0.034925 -0.001250
v -0.007215 0.034925 -0.001909
v -0.007822 0.034925 -0.002259
v -0.008513 0.034925 -0.002138
v -0.008963 0.034925 -0.001601
v -0.008963 0.034925 -0.000899
v -0.008513 0.034925 -0.000362
v -0.007822 0.034925 -0.000241
v -0.007215 0.034925 -0.000591
v -0.012084 0.034850 -0.024250
v -0.014250 0.033250 -0.023850
v -0.013850 0.033084 -0.024250
v -0.014250 0.033250 0.009350
v -0.014250 -0.009250 -0.023850
v -0.014250 -0.009250 0.009350
v -0.014250 0.008000 0.009350
v -0.014250 0.008000 0.001250
v -0.014250 0.002650 -0.013250
v -0.014250 0.002966 -0.014118
v -0.014250 0.003766 -0.014579
v -0.014250 0.004675 -0.014419
v -0.014250 0.005269 -0.013712
v -0.014250 0.005269 -0.012788
v -0.014250 0.004675 -0.012081
v -0.014250 0.003766 -0.011921
v -0.014250 0.002966 -0.012382
v -0.014250 0.026650 -0.001250
v -0.014250 0.026966 -0.002118
v -0.014250 0.027766 -0.002579
v -0.014250 0.028675 -0.002419
v -0.014250 0.029269 -0.001712
v -0.014250 0.029269 -0.000788
v -0.014250 0.028675 -0.000081
v -0.014250 0.027766 0.000079
v -0.014250 0.026966 -0.000382
v -0.014250 0.026650 -0.013250
v -0.014250 0.026966 -0.014118
v -0.014250 0.027766 -0.014579
v -0.014250 0.028675 -0.014419
v -0.014250 0.029269 -0.013712
v -0.014250 0.029269 -0.012788
v -0.014250 0.028675 -0.012081
v -0.014250 0.027766 -0.011921
v -0.014250 0.026966 -0.012382
v -0.014250 0.002650 -0.001250
v -0.014250 0.002966 -0.002118
v -0.014250 0.003766 -0.002579
v -0.014250 0.004675 -0.002419
v -0.014250 0.005269 -0.001712
v -0.014250 0.005269 -0.000788
v -0.014250 0.004675 -0.000081
v -0.014250 0.003766 0.000079
v -0.014250 0.002966 -0.000382
v -0.013925 0.002975 -0.001250
v -0.013925 0.003215 -0.001909
v -0.013925 0.003822 -0.002259
v -0.013925 0.004512 -0.002138
v -0.013925 0.004963 -0.001601
v -0.013925 0.004963 -0.000899
v -0.013925 0.004512 -0.000362
v -0.013925 0.003822 -0.000241
v -0.013925 0.003215 -0.000591
v -0.011250 0.002975 -0.001250
v -0.011250 0.003215 -0.001909
v -0.011250 0.003822 -0.002259
v -0.011250 0.004512 -0.002138
v -0.011250 0.004963 -0.001601
v -0.011250 0.004963 -0.000899
v -0.011250 0.004512 -0.000362
v -0.011250 0.003822 -0.000241
v -0.011250 0.003215 -0.000591
v -0.011250 0.005025 -0.013250
v -0.011250 0.004785 -0.013909
v -0.011250 0.004178 -0.014259
v -0.011250 0.003487 -0.014138
v -0.011250 0.003037 -0.013601
v -0.011250 0.003037 -0.012899
v -0.011250 0.003487 -0.012362
v -0.011250 0.004178 -0.012241
v -0.011250 0.004785 -0.012591
v -0.011250 0.029025 -0.001250
v -0.011250 0.028785 -0.001909
v -0.011250 0.028178 -0.002259
v -0.011250 0.027487 -0.002138
v -0.011250 0.027037 -0.001601
v -0.011250 0.027037 -0.000899
v -0.011250 0.027487 -0.000362
v -0.011250 0.028178 -0.000241
v -0.011250 0.028785 -0.000591
v -0.011250 0.029025 -0.013250
v -0.011250 0.028785 -0.013909
v -0.011250 0.028178 -0.014259
v -0.011250 0.027487 -0.014138
v -0.011250 0.027037 -0.013601
v -0.011250 0.027037 -0.012899
v -0.011250 0.027487 -0.012362
v -0.011250 0.028178 -0.012241
v -0.011250 0.028785 -0.012591
v -0.013925 0.005025 -0.013250
v -0.013925 0.004785 -0.013909
v -0.013925 0.004178 -0.014259
v -0.013925 0.003487 -0.014138
v -0.013925 0.003037 -0.013601
v -0.013925 0.003037 -0.012899
v -0.013925 0.003487 -0.012362
v -0.013925 0.004178 -0.012241
v -0.013925 0.004785 -0.012591
v -0.013925 0.029025 -0.001250
v -0.013925 0.028785 -0.001909
v -0.013925 0.028178 -0.002259
v -0.013925 0.027487 -0.002138
v -0.013925 0.027037 -0.001601
v -0.013925 0.027037 -0.000899
v -0.013925 0.027487 -0.000362
v -0.013925 0.028178 -0.000241
v -0.013925 0.028785 -0.000591
v -0.013925 0.029025 -0.013250
v -0.013925 0.028785 -0.013909
v -0.013925 0.028178 -0.014259
v -0.013925 0.027487 -0.014138
v -0.013925 0.027037 -0.013601
v -0.013925 0.027037 -0.012899
v -0.013925 0.027487 -0.012362
v -0.013925 0.028178 -0.012241
v -0.013925 0.028785 -0.012591
v -0.013850 -0.009084 -0.024250
v -0.012084 -0.010850 -0.024250
v -0.012250 -0.011250 -0.023850
v 0.012084 -0.010850 -0.024250
v -0.008600 -0.008000 -0.024250
v -0.009161 -0.006457 -0.024250
v -0.010583 -0.005636 -0.024250
v -0.012200 -0.005922 -0.024250
v -0.013255 -0.007179 -0.024250
v -0.013255 -0.008821 -0.024250
v -0.012200 -0.010078 -0.024250
v -0.010583 -0.010364 -0.024250
v -0.009161 -0.009543 -0.024250
v 0.013400 0.032000 -0.024250
v 0.012839 0.033543 -0.024250
v 0.011417 0.034364 -0.024250
v 0.009800 0.034078 -0.024250
v 0.008745 0.032821 -0.024250
v 0.008745 0.031179 -0.024250
v 0.009800 0.029922 -0.024250
v 0.011417 0.029636 -0.024250
v 0.012839 0.030457 -0.024250
v -0.008600 0.032000 -0.024250
v -0.009161 0.033543 -0.024250
v -0.010583 0.034364 -0.024250
v -0.012200 0.034078 -0.024250
v -0.013255 0.032821 -0.024250
v -0.013255 0.031179 -0.024250
v -0.012200 0.029922 -0.024250
v -0.010583 0.029636 -0.024250
v -0.009161 0.030457 -0.024250
v 0.009650 0.008000 -0.024250
v 0.009966 0.007132 -0.024250
v 0.010766 0.006671 -0.024250
v 0.011675 0.006831 -0.024250
v 0.012269 0.007538 -0.024250
v 0.012269 0.008462 -0.024250
v 0.011675 0.009169 -0.024250
v 0.010766 0.009329 -0.024250
v 0.009966 0.008868 -0.024250
v -0.012350 0.008000 -0.024250
v -0.012034 0.007132 -0.024250
v -0.011234 0.006671 -0.024250
v -0.010325 0.006831 -0.024250
v -0.009731 0.007538 -0.024250
v -0.009731 0.008462 -0.024250
v -0.010325 0.009169 -0.024250
v -0.011234 0.009329 -0.024250
v -0.012034 0.008868 -0.024250
v 0.013400 -0.008000 -0.024250
v 0.012839 -0.006457 -0.024250
v 0.011417 -0.005636 -0.024250
v 0.009800 -0.005922 -0.024250
v 0.008745 -0.007179 -0.024250
v 0.008745 -0.008821 -0.024250
v 0.009800 -0.010078 -0.024250
v 0.011417 -0.010364 -0.024250
v 0.012839 -0.009543 -0.024250
v 0.000000 -0.009750 -0.024250
v 0.006267 -0.007469 -0.024250
v 0.009602 -0.001693 -0.024250
v 0.008444 0.004875 -0.024250
v 0.003335 0.009162 -0.024250
v -0.003335 0.009162 -0.024250
v -0.008444 0.004875 -0.024250
v -0.009602 -0.001693 -0.024250
v -0.006267 -0.007469 -0.024250
v 0.013400 -0.008000 -0.021450
v 0.012839 -0.006457 -0.021450
v 0.011417 -0.005636 -0.021450
v 0.009800 -0.005922 -0.021450
v 0.008745 -0.007179 -0.021450
v 0.008745 -0.008821 -0.021450
v 0.009800 -0.010078 -0.021450
v 0.011417 -0.010364 -0.021450
v 0.012839 -0.009543 -0.021450
v 0.012300 -0.008000 -0.021450
v 0.011996 -0.007164 -0.021450
v 0.011226 -0.006720 -0.021450
v 0.010350 -0.006874 -0.021450
v 0.009778 -0.007555 -0.021450
v 0.009778 -0.008445 -0.021450
v 0.010350 -0.009126 -0.021450
v 0.011226 -0.009280 -0.021450
v 0.011996 -0.008836 -0.021450
v -0.008600 -0.008000 -0.021450
v -0.009161 -0.009543 -0.021450
v -0.010583 -0.010364 -0.021450
v -0.012200 -0.010078 -0.021450
v -0.013255 -0.008821 -0.021450
v -0.013255 -0.007179 -0.021450
v -0.012200 -0.005922 -0.021450
v -0.010583 -0.005636 -0.021450
v -0.009161 -0.006457 -0.021450
v -0.009700 -0.008000 -0.021450
v -0.010004 -0.007164 -0.021450
v -0.010774 -0.006720 -0.021450
v -0.011650 -0.006874 -0.021450
v -0.012222 -0.007555 -0.021450
v -0.012222 -0.008445 -0.021450
v -0.011650 -0.009126 -0.021450
v -0.010774 -0.009280 -0.021450
v -0.010004 -0.008836 -0.021450
v 0.013400 0.032000 -0.021450
v 0.012839 0.030457 -0.021450
v 0.011417 0.029636 -0.021450
v 0.009800 0.029922 -0.021450
v 0.008745 0.031179 -0.021450
v 0.008745 0.032821 -0.021450
v 0.009800 0.034078 -0.021450
v 0.011417 0.034364 -0.021450
v 0.012839 0.033543 -0.021450
v 0.012300 0.032000 -0.021450
v 0.011996 0.032836 -0.021450
v 0.011226 0.033280 -0.021450
v 0.010350 0.033126 -0.021450
v 0.009778 0.032445 -0.021450
v 0.009778 0.031555 -0.021450
v 0.010350 0.030874 -0.021450
v 0.011226 0.030720 -0.021450
v 0.011996 0.031164 -0.021450
v -0.008600 0.032000 -0.021450
v -0.009161 0.030457 -0.021450
v -0.010583 0.029636 -0.021450
v -0.012200 0.029922 -0.021450
v -0.013255 0.031179 -0.021450
v -0.013255 0.032821 -0.021450
v -0.012200 0.034078 -0.021450
v -0.010583 0.034364 -0.021450
v -0.009161 0.033543 -0.021450
v -0.009700 0.032000 -0.021450
v -0.010004 0.032836 -0.021450
v -0.010774 0.033280 -0.021450
v -0.011650 0.033126 -0.021450
v -0.012222 0.032445 -0.021450
v -0.012222 0.031555 -0.021450
v -0.011650 0.030874 -0.021450
v -0.010774 0.030720 -0.021450
v -0.010004 0.031164 -0.021450
v 0.012300 -0.008000 -0.017250
v 0.011996 -0.007164 -0.017250
v 0.011226 -0.006720 -0.017250
v 0.010350 -0.006874 -0.017250
v 0.009778 -0.007555 -0.017250
v 0.009778 -0.008445 -0.017250
v 0.010350 -0.009126 -0.017250
v 0.011226 -0.009280 -0.017250
v 0.011996 -0.008836 -0.017250
v 0.012350 -0.008000 -0.017250
v 0.012034 -0.007132 -0.017250
v 0.011234 -0.006671 -0.017250
v 0.010325 -0.006831 -0.017250
v 0.009731 -0.007538 -0.017250
v 0.009731 -0.008462 -0.017250
v 0.010325 -0.009169 -0.017250
v 0.011234 -0.009329 -0.017250
v 0.012034 -0.008868 -0.017250
v 0.012025 -0.008000 -0.016925
v 0.011785 -0.007341 -0.016925
v 0.011178 -0.006991 -0.016925
v 0.010488 -0.007112 -0.016925
v 0.010037 -0.007649 -0.016925
v 0.010037 -0.008351 -0.016925
v 0.010488 -0.008888 -0.016925
v 0.011178 -0.009009 -0.016925
v 0.011785 -0.008659 -0.016925
v 0.012025 -0.008000 -0.008750
v 0.011785 -0.007341 -0.008750
v 0.011178 -0.006991 -0.008750
v 0.010488 -0.007112 -0.008750
v 0.010037 -0.007649 -0.008750
v 0.010037 -0.008351 -0.008750
v 0.010488 -0.008888 -0.008750
v 0.011178 -0.009009 -0.008750
v 0.011785 -0.008659 -0.008750
v 0.011000 -0.008000 -0.008134
v -0.009700 -0.008000 -0.017250
v -0.010004 -0.007164 -0.017250
v -0.010774 -0.006720 -0.017250
v -0.011650 -0.006874 -0.017250
v -0.012222 -0.007555 -0.017250
v -0.012222 -0.008445 -0.017250
v -0.011650 -0.009126 -0.017250
v -0.010774 -0.009280 -0.017250
v -0.010004 -0.008836 -0.017250
v -0.009650 -0.008000 -0.017250
v -0.009966 -0.007132 -0.017250
v -0.010766 -0.006671 -0.017250
v -0.011675 -0.006831 -0.017250
v -0.012269 -0.007538 -0.017250
v -0.012269 -0.008462 -0.017250
v -0.011675 -0.009169 -0.017250
v -0.010766 -0.009329 -0.017250
v -0.009966 -0.008868 -0.017250
v -0.009975 -0.008000 -0.016925
v -0.010215 -0.007341 -0.016925
v -0.010822 -0.006991 -0.016925
v -0.011512 -0.007112 -0.016925
v -0.011963 -0.007649 -0.016925
v -0.011963 -0.008351 -0.016925
v -0.011512 -0.008888 -0.016925
v -0.010822 -0.009009 -0.016925
v -0.010215 -0.008659 -0.016925
v -0.009975 -0.008000 -0.008750
v -0.010215 -0.007341 -0.008750
v -0.010822 -0.006991 -0.008750
v -0.011512 -0.007112 -0.008750
v -0.011963 -0.007649 -0.008750
v -0.011963 -0.008351 -0.008750
v -0.011512 -0.008888 -0.008750
v -0.010822 -0.009009 -0.008750
v -0.010215 -0.008659 -0.008750
v -0.011000 -0.008000 -0.008134
v 0.012300 0.032000 -0.017250
v 0.011996 0.032836 -0.017250
v 0.011226 0.033280 -0.017250
v 0.010350 0.033126 -0.017250
v 0.009778 0.032445 -0.017250
v 0.009778 0.031555 -0.017250
v 0.010350 0.030874 -0.017250
v 0.011226 0.030720 -0.017250
v 0.011996 0.031164 -0.017250
v 0.012350 0.032000 -0.017250
v 0.012034 0.032868 -0.017250
v 0.011234 0.033329 -0.017250
v 0.010325 0.033169 -0.017250
v 0.009731 0.032462 -0.017250
v 0.009731 0.031538 -0.017250
v 0.010325 0.030831 -0.017250
v 0.011234 0.030671 -0.017250
v 0.012034 0.031132 -0.017250
v 0.012025 0.032000 -0.016925
v 0.011785 0.032659 -0.016925
v 0.011178 0.033009 -0.016925
v 0.010487 0.032888 -0.016925
v 0.010037 0.032351 -0.016925
v 0.010037 0.031649 -0.016925
v 0.010487 0.031112 -0.016925
v 0.011178 0.030991 -0.016925
v 0.011785 0.031341 -0.016925
v 0.012025 0.032000 -0.008750
v 0.011785 0.032659 -0.008750
v 0.011178 0.033009 -0.008750
v 0.010487 0.032888 -0.008750
v 0.010037 0.032351 -0.008750
v 0.010037 0.031649 -0.008750
v 0.010487 0.031112 -0.008750
v 0.011178 0.030991 -0.008750
v 0.011785 0.031341 -0.008750
v 0.011000 0.032000 -0.008134
v -0.009700 0.032000 -0.017250
v -0.010004 0.032836 -0.017250
v -0.010774 0.033280 -0.017250
v -0.011650 0.033126 -0.017250
v -0.012222 0.032445 -0.017250
v -0.012222 0.031555 -0.017250
v -0.011650 0.030874 -0.017250
v -0.010774 0.030720 -0.017250
v -0.010004 0.031164 -0.017250
v -0.009650 0.032000 -0.017250
v -0.009966 0.032868 -0.017250
v -0.010766 0.033329 -0.017250
v -0.011675 0.033169 -0.017250
v -0.012269 0.032462 -0.017250
v -0.012269 0.031538 -0.017250
v -0.011675 0.030831 -0.017250
v -0.010766 0.030671 -0.017250
v -0.009966 0.031132 -0.017250
v -0.009975 0.032000 -0.016925
v -0.010215 0.032659 -0.016925
v -0.010822 0.033009 -0.016925
v -0.011513 0.032888 -0.016925
v -0.011963 0.032351 -0.016925
v -0.011963 0.031649 -0.016925
v -0.011513 0.031112 -0.016925
v -0.010822 0.030991 -0.016925
v -0.010215 0.031341 -0.016925
v -0.009975 0.032000 -0.008750
v -0.010215 0.032659 -0.008750
v -0.010822 0.033009 -0.008750
v -0.011513 0.032888 -0.008750
v -0.011963 0.032351 -0.008750
v -0.011963 0.031649 -0.008750
v -0.011513 0.031112 -0.008750
v -0.010822 0.030991 -0.008750
v -0.010215 0.031341 -0.008750
v -0.011000 0.032000 -0.008134
v 0.009975 0.008000 -0.023925
v 0.010215 0.007341 -0.023925
v 0.010822 0.006991 -0.023925
v 0.011513 0.007112 -0.023925
v 0.011963 0.007649 -0.023925
v 0.011963 0.008351 -0.023925
v 0.011513 0.008888 -0.023925
v 0.010822 0.009009 -0.023925
v 0.010215 0.008659 -0.023925
v 0.009975 0.008000 -0.021250
v 0.010215 0.007341 -0.021250
v 0.010822 0.006991 -0.021250
v 0.011513 0.007112 -0.021250
v 0.011963 0.007649 -0.021250
v 0.011963 0.008351 -0.021250
v 0.011513 0.008888 -0.021250
v 0.010822 0.009009 -0.021250
v 0.010215 0.008659 -0.021250
v -0.009975 0.008000 -0.021250
v -0.010215 0.007341 -0.021250
v -0.010822 0.006991 -0.021250
v -0.011513 0.007112 -0.021250
v -0.011963 0.007649 -0.021250
v -0.011963 0.008351 -0.021250
v -0.011513 0.008888 -0.021250
v -0.010822 0.009009 -0.021250
v -0.010215 0.008659 -0.021250
v -0.009975 0.008000 -0.023925
v -0.010215 0.007341 -0.023925
v -0.010822 0.006991 -0.023925
v -0.011513 0.007112 -0.023925
v -0.011963 0.007649 -0.023925
v -0.011963 0.008351 -0.023925
v -0.011513 0.008888 -0.023925
v -0.010822 0.009009 -0.023925
v -0.010215 0.008659 -0.023925
v 0.012250 -0.011250 -0.023850
v 0.012250 -0.011250 0.009350
v 0.003500 -0.011250 0.009350
v 0.003500 -0.011250 0.006250
v -0.003500 -0.011250 0.006250
v -0.003500 -0.011250 0.009350
v -0.012250 -0.011250 0.009350
v 0.009350 -0.011250 -0.013250
v 0.009034 -0.011250 -0.014118
v 0.008234 -0.011250 -0.014579
v 0.007325 -0.011250 -0.014419
v 0.006731 -0.011250 -0.013712
v 0.006731 -0.011250 -0.012788
v 0.007325 -0.011250 -0.012081
v 0.008234 -0.011250 -0.011921
v 0.009034 -0.011250 -0.012382
v -0.006650 -0.011250 -0.013250
v -0.006966 -0.011250 -0.014118
v -0.007766 -0.011250 -0.014579
v -0.008675 -0.011250 -0.014419
v -0.009269 -0.011250 -0.013712
v -0.009269 -0.011250 -0.012788
v -0.008675 -0.011250 -0.012081
v -0.007766 -0.011250 -0.011921
v -0.006966 -0.011250 -0.012382
v -0.005573 0.008000 0.007750
v 0.005573 0.008000 0.007750
v 0.005573 0.008000 0.008750
v 0.005650 0.008000 0.008750
v 0.009400 0.008000 0.001250
v 0.009400 0.008000 0.006150
v 0.009000 0.008000 0.006550
v -0.009000 0.008000 0.006550
v -0.009400 0.008000 0.006150
v -0.009400 0.008000 0.001250
v -0.005650 0.008000 0.008750
v -0.005573 0.008000 0.008750
v -0.001964 0.009550 0.007750
v 0.001964 0.009550 0.007750
v -0.002400 -0.009450 0.007750
v 0.002400 -0.009450 0.007750
v 0.001965 -0.009550 0.007750
v -0.001965 -0.009550 0.007750
v -0.000000 0.009750 0.011550
v 0.006267 0.007469 0.011550
v 0.009602 0.001693 0.011550
v 0.008444 -0.004875 0.011550
v 0.003335 -0.009162 0.011550
v -0.003335 -0.009162 0.011550
v -0.008444 -0.004875 0.011550
v -0.009602 0.001693 0.011550
v -0.006267 0.007469 0.011550
v -0.001965 -0.009550 0.009750
v -0.000659 -0.009728 0.009750
v 0.000659 -0.009728 0.009750
v 0.001965 -0.009550 0.009750
v 0.005650 0.007946 0.008750
v -0.005650 0.007946 0.008750
v 0.000000 -0.009550 0.011750
v -0.006139 -0.007316 0.011750
v -0.009405 -0.001658 0.011750
v -0.009548 0.000201 0.011750
v -0.008271 0.004775 0.011750
v -0.006609 0.006893 0.011750
v -0.003266 0.008974 0.011750
v 0.000201 0.009548 0.011750
v 0.003266 0.008974 0.011750
v 0.006893 0.006609 0.011750
v 0.008271 0.004775 0.011750
v 0.009405 -0.001658 0.011750
v 0.006139 -0.007316 0.011750
v -0.003400 -0.009550 0.009750
v -0.003400 -0.010850 0.009750
v 0.003400 -0.010850 0.009750
v 0.003400 -0.009550 0.009750
v 0.003400 -0.009550 0.006350
v -0.003400 -0.009550 0.006350
v -0.003400 -0.011250 0.009350
v -0.003400 -0.011250 0.006350
v 0.003400 -0.011250 0.009350
v 0.003400 -0.011250 0.006350
v -0.003500 -0.009450 0.006250
v 0.003500 -0.009450 0.006250
v 0.001100 -0.008000 0.011750
v 0.000843 -0.008707 0.011750
v 0.000191 -0.009083 0.011750
v -0.000550 -0.008953 0.011750
v -0.001034 -0.008376 0.011750
v -0.001034 -0.007624 0.011750
v -0.000550 -0.007047 0.011750
v 0.000191 -0.006917 0.011750
v 0.000843 -0.007293 0.011750
v 0.004879 -0.006435 0.011750
v 0.004561 -0.005753 0.011750
v 0.004756 -0.005026 0.011750
v 0.005372 -0.004594 0.011750
v 0.006122 -0.004660 0.011750
v 0.006654 -0.005192 0.011750
v 0.006719 -0.005942 0.011750
v 0.006288 -0.006558 0.011750
v 0.005561 -0.006753 0.011750
v 0.008000 -0.001100 0.011750
v 0.007293 -0.000843 0.011750
v 0.006917 -0.000191 0.011750
v 0.007047 0.000550 0.011750
v 0.007624 0.001034 0.011750
v 0.008376 0.001034 0.011750
v 0.008953 0.000550 0.011750
v 0.009083 -0.000191 0.011750
v 0.008707 -0.000843 0.011750
v 0.006435 0.004879 0.011750
v 0.005753 0.004561 0.011750
v 0.005026 0.004756 0.011750
v 0.004594 0.005372 0.011750
v 0.004660 0.006122 0.011750
v 0.005192 0.006654 0.011750
v 0.005942 0.006719 0.011750
v 0.006558 0.006288 0.011750
v 0.006753 0.005561 0.011750
v 0.001100 0.008000 0.011750
v 0.000843 0.007293 0.011750
v 0.000191 0.006917 0.011750
v -0.000550 0.007047 0.011750
v -0.001034 0.007624 0.011750
v -0.001034 0.008376 0.011750
v -0.000550 0.008953 0.011750
v 0.000191 0.009083 0.011750
v 0.000843 0.008707 0.011750
v -0.004879 0.006435 0.011750
v -0.004561 0.005753 0.011750
v -0.004756 0.005026 0.011750
v -0.005372 0.004594 0.011750
v -0.006122 0.004660 0.011750
v -0.006654 0.005192 0.011750
v -0.006719 0.005942 0.011750
v -0.006288 0.006558 0.011750
v -0.005561 0.006753 0.011750
v -0.008000 0.001100 0.011750
v -0.007293 0.000843 0.011750
v -0.006917 0.000191 0.011750
v -0.007047 -0.000550 0.011750
v -0.007624 -0.001034 0.011750
v -0.008376 -0.001034 0.011750
v -0.008953 -0.000550 0.011750
v -0.009083 0.000191 0.011750
v -0.008707 0.000843 0.011750
v -0.006435 -0.004879 0.011750
v -0.005753 -0.004561 0.011750
v -0.005026 -0.004756 0.011750
v -0.004594 -0.005372 0.011750
v -0.004660 -0.006122 0.011750
v -0.005192 -0.006654 0.011750
v -0.005942 -0.006719 0.011750
v -0.006558 -0.006288 0.011750
v -0.006753 -0.005561 0.011750
v -0.000000 0.006100 0.011750
v 0.003921 0.004673 0.011750
v 0.006007 0.001059 0.011750
v 0.005283 -0.003050 0.011750
v 0.002086 -0.005732 0.011750
v -0.002086 -0.005732 0.011750
v -0.005283 -0.003050 0.011750
v -0.006007 0.001059 0.011750
v -0.003921 0.004673 0.011750
v -0.000000 0.006100 0.011250
v 0.003921 0.004673 0.011250
v 0.006007 0.001059 0.011250
v 0.005283 -0.003050 0.011250
v 0.002086 -0.005732 0.011250
v -0.002086 -0.005732 0.011250
v -0.005283 -0.003050 0.011250
v -0.006007 0.001059 0.011250
v -0.003921 0.004673 0.011250
v 0.000000 -0.005050 0.011250
v -0.003246 -0.003869 0.011250
v -0.004973 -0.000877 0.011250
v -0.004373 0.002525 0.011250
v -0.001727 0.004745 0.011250
v 0.001727 0.004745 0.011250
v 0.004373 0.002525 0.011250
v 0.004973 -0.000877 0.011250
v 0.003246 -0.003869 0.011250
v 0.000000 -0.004750 0.010950
v -0.003053 -0.003639 0.010950
v -0.004678 -0.000825 0.010950
v -0.004114 0.002375 0.010950
v -0.001625 0.004464 0.010950
v 0.001625 0.004464 0.010950
v 0.004114 0.002375 0.010950
v 0.004678 -0.000825 0.010950
v 0.003053 -0.003639 0.010950
v 0.000800 -0.008000 0.011450
v 0.000613 -0.008514 0.011450
v 0.000139 -0.008788 0.011450
v -0.000400 -0.008693 0.011450
v -0.000752 -0.008274 0.011450
v -0.000752 -0.007726 0.011450
v -0.000400 -0.007307 0.011450
v 0.000139 -0.007212 0.011450
v 0.000613 -0.007486 0.011450
v 0.000800 -0.008000 0.009750
v 0.000613 -0.008514 0.009750
v 0.000139 -0.008788 0.009750
v -0.000400 -0.008693 0.009750
v -0.000752 -0.008274 0.009750
v -0.000752 -0.007726 0.009750
v -0.000400 -0.007307 0.009750
v 0.000139 -0.007212 0.009750
v 0.000613 -0.007486 0.009750
v 0.005091 -0.006223 0.009750
v 0.005587 -0.006454 0.009750
v 0.006116 -0.006312 0.009750
v 0.006430 -0.005864 0.009750
v 0.006382 -0.005319 0.009750
v 0.005995 -0.004932 0.009750
v 0.005450 -0.004884 0.009750
v 0.005002 -0.005198 0.009750
v 0.004860 -0.005727 0.009750
v 0.008000 -0.000800 0.009750
v 0.008514 -0.000613 0.009750
v 0.008788 -0.000139 0.009750
v 0.008693 0.000400 0.009750
v 0.008274 0.000752 0.009750
v 0.007726 0.000752 0.009750
v 0.007307 0.000400 0.009750
v 0.007212 -0.000139 0.009750
v 0.007486 -0.000613 0.009750
v 0.006223 0.005091 0.009750
v 0.006454 0.005587 0.009750
v 0.006312 0.006116 0.009750
v 0.005864 0.006430 0.009750
v 0.005319 0.006382 0.009750
v 0.004932 0.005995 0.009750
v 0.004884 0.005450 0.009750
v 0.005198 0.005002 0.009750
v 0.005727 0.004860 0.009750
v 0.000800 0.008000 0.009750
v 0.000613 0.008514 0.009750
v 0.000139 0.008788 0.009750
v -0.000400 0.008693 0.009750
v -0.000752 0.008274 0.009750
v -0.000752 0.007726 0.009750
v -0.000400 0.007307 0.009750
v 0.000139 0.007212 0.009750
v 0.000613 0.007486 0.009750
v -0.005091 0.006223 0.009750
v -0.005587 0.006454 0.009750
v -0.006116 0.006312 0.009750
v -0.006430 0.005864 0.009750
v -0.006382 0.005319 0.009750
v -0.005995 0.004932 0.009750
v -0.005450 0.004884 0.009750
v -0.005002 0.005198 0.009750
v -0.004860 0.005727 0.009750
v -0.008000 0.000800 0.009750
v -0.008514 0.000613 0.009750
v -0.008788 0.000139 0.009750
v -0.008693 -0.000400 0.009750
v -0.008274 -0.000752 0.009750
v -0.007726 -0.000752 0.009750
v -0.007307 -0.000400 0.009750
v -0.007212 0.000139 0.009750
v -0.007486 0.000613 0.009750
v -0.006223 -0.005091 0.009750
v -0.006454 -0.005587 0.009750
v -0.006312 -0.006116 0.009750
v -0.005864 -0.006430 0.009750
v -0.005319 -0.006382 0.009750
v -0.004932 -0.005995 0.009750
v -0.004884 -0.005450 0.009750
v -0.005198 -0.005002 0.009750
v -0.005727 -0.004860 0.009750
v 0.005091 -0.006223 0.011450
v 0.005587 -0.006454 0.011450
v 0.006116 -0.006312 0.011450
v 0.006430 -0.005864 0.011450
v 0.006382 -0.005319 0.011450
v 0.005995 -0.004932 0.011450
v 0.005450 -0.004884 0.011450
v 0.005002 -0.005198 0.011450
v 0.004860 -0.005727 0.011450
v 0.008000 -0.000800 0.011450
v 0.008514 -0.000613 0.011450
v 0.008788 -0.000139 0.011450
v 0.008693 0.000400 0.011450
v 0.008274 0.000752 0.011450
v 0.007726 0.000752 0.011450
v 0.007307 0.000400 0.011450
v 0.007212 -0.000139 0.011450
v 0.007486 -0.000613 0.011450
v 0.006223 0.005091 0.011450
v 0.006454 0.005587 0.011450
v 0.006312 0.006116 0.011450
v 0.005864 0.006430 0.011450
v 0.005319 0.006382 0.011450
v 0.004932 0.005995 0.011450
v 0.004884 0.005450 0.011450
v 0.005198 0.005002 0.011450
v 0.005727 0.004860 0.011450
v 0.000800 0.008000 0.011450
v 0.000613 0.008514 0.011450
v 0.000139 0.008788 0.011450
v -0.000400 0.008693 0.011450
v -0.000752 0.008274 0.011450
v -0.000752 0.007726 0.011450
v -0.000400 0.007307 0.011450
v 0.000139 0.007212 0.011450
v 0.000613 0.007486 0.011450
v -0.005091 0.006223 0.011450
v -0.005587 0.006454 0.011450
v -0.006116 0.006312 0.011450
v -0.006430 0.005864 0.011450
v -0.006382 0.005319 0.011450
v -0.005995 0.004932 0.011450
v -0.005450 0.004884 0.011450
v -0.005002 0.005198 0.011450
v -0.004860 0.005727 0.011450
v -0.008000 0.000800 0.011450
v -0.008514 0.000613 0.011450
v -0.008788 0.000139 0.011450
v -0.008693 -0.000400 0.011450
v -0.008274 -0.000752 0.011450
v -0.007726 -0.000752 0.011450
v -0.007307 -0.000400 0.011450
v -0.007212 0.000139 0.011450
v -0.007486 0.000613 0.011450
v -0.006223 -0.005091 0.011450
v -0.006454 -0.005587 0.011450
v -0.006312 -0.006116 0.011450
v -0.005864 -0.006430 0.011450
v -0.005319 -0.006382 0.011450
v -0.004932 -0.005995 0.011450
v -0.004884 -0.005450 0.011450
v -0.005198 -0.005002 0.011450
v -0.005727 -0.004860 0.011450
v -0.009400 0.018800 0.006150
v -0.009000 0.018400 0.006550
v -0.006100 0.015500 0.006550
v 0.009000 0.018400 0.006550
v 0.006100 0.015500 0.006550
v 0.009400 0.018800 0.006150
v 0.009025 -0.010925 -0.013250
v 0.008785 -0.010925 -0.013909
v 0.008178 -0.010925 -0.014259
v 0.007488 -0.010925 -0.014138
v 0.007037 -0.010925 -0.013601
v 0.007037 -0.010925 -0.012899
v 0.007488 -0.010925 -0.012362
v 0.008178 -0.010925 -0.012241
v 0.008785 -0.010925 -0.012591
v 0.009025 -0.008250 -0.013250
v 0.008785 -0.008250 -0.013909
v 0.008178 -0.008250 -0.014259
v 0.007488 -0.008250 -0.014138
v 0.007037 -0.008250 -0.013601
v 0.007037 -0.008250 -0.012899
v 0.007488 -0.008250 -0.012362
v 0.008178 -0.008250 -0.012241
v 0.008785 -0.008250 -0.012591
v -0.009025 -0.008250 -0.013250
v -0.008785 -0.008250 -0.013909
v -0.008178 -0.008250 -0.014259
v -0.007487 -0.008250 -0.014138
v -0.007037 -0.008250 -0.013601
v -0.007037 -0.008250 -0.012899
v -0.007487 -0.008250 -0.012362
v -0.008178 -0.008250 -0.012241
v -0.008785 -0.008250 -0.012591
v -0.009025 -0.010925 -0.013250
v -0.008785 -0.010925 -0.013909
v -0.008178 -0.010925 -0.014259
v -0.007487 -0.010925 -0.014138
v -0.007037 -0.010925 -0.013601
v -0.007037 -0.010925 -0.012899
v -0.007487 -0.010925 -0.012362
v -0.008178 -0.010925 -0.012241
v -0.008785 -0.010925 -0.012591
v 0.000000 -0.009750 -0.026050
v 0.006267 -0.007469 -0.026050
v 0.009602 -0.001693 -0.026050
v 0.008444 0.004875 -0.026050
v 0.003335 0.009162 -0.026050
v -0.003335 0.009162 -0.026050
v -0.008444 0.004875 -0.026050
v -0.009602 -0.001693 -0.026050
v -0.006267 -0.007469 -0.026050
v 0.000000 -0.009550 -0.026250
v 0.006139 -0.007316 -0.026250
v 0.009405 -0.001658 -0.026250
v 0.009548 0.000201 -0.026250
v 0.008271 0.004775 -0.026250
v 0.006609 0.006893 -0.026250
v 0.003266 0.008974 -0.026250
v -0.000201 0.009548 -0.026250
v -0.003266 0.008974 -0.026250
v -0.006893 0.006609 -0.026250
v -0.008271 0.004775 -0.026250
v -0.009405 -0.001658 -0.026250
v -0.006139 -0.007316 -0.026250
v -0.001100 -0.008000 -0.026250
v -0.000843 -0.008707 -0.026250
v -0.000191 -0.009083 -0.026250
v 0.000550 -0.008953 -0.026250
v 0.001034 -0.008376 -0.026250
v 0.001034 -0.007624 -0.026250
v 0.000550 -0.007047 -0.026250
v -0.000191 -0.006917 -0.026250
v -0.000843 -0.007293 -0.026250
v -0.004879 -0.006435 -0.026250
v -0.004561 -0.005753 -0.026250
v -0.004756 -0.005026 -0.026250
v -0.005372 -0.004594 -0.026250
v -0.006122 -0.004660 -0.026250
v -0.006654 -0.005192 -0.026250
v -0.006719 -0.005942 -0.026250
v -0.006288 -0.006558 -0.026250
v -0.005561 -0.006753 -0.026250
v -0.008000 -0.001100 -0.026250
v -0.007293 -0.000843 -0.026250
v -0.006917 -0.000191 -0.026250
v -0.007047 0.000550 -0.026250
v -0.007624 0.001034 -0.026250
v -0.008376 0.001034 -0.026250
v -0.008953 0.000550 -0.026250
v -0.009083 -0.000191 -0.026250
v -0.008707 -0.000843 -0.026250
v -0.006435 0.004879 -0.026250
v -0.005753 0.004561 -0.026250
v -0.005026 0.004756 -0.026250
v -0.004594 0.005372 -0.026250
v -0.004660 0.006122 -0.026250
v -0.005192 0.006654 -0.026250
v -0.005942 0.006719 -0.026250
v -0.006558 0.006288 -0.026250
v -0.006753 0.005561 -0.026250
v -0.001100 0.008000 -0.026250
v -0.000843 0.007293 -0.026250
v -0.000191 0.006917 -0.026250
v 0.000550 0.007047 -0.026250
v 0.001034 0.007624 -0.026250
v 0.001034 0.008376 -0.026250
v 0.000550 0.008953 -0.026250
v -0.000191 0.009083 -0.026250
v -0.000843 0.008707 -0.026250
v 0.004879 0.006435 -0.026250
v 0.004561 0.005753 -0.026250
v 0.004756 0.005026 -0.026250
v 0.005372 0.004594 -0.026250
v 0.006122 0.004660 -0.026250
v 0.006654 0.005192 -0.026250
v 0.006719 0.005942 -0.026250
v 0.006288 0.006558 -0.026250
v 0.005561 0.006753 -0.026250
v 0.008000 0.001100 -0.026250
v 0.007293 0.000843 -0.026250
v 0.006917 0.000191 -0.026250
v 0.007047 -0.000550 -0.026250
v 0.007624 -0.001034 -0.026250
v 0.008376 -0.001034 -0.026250
v 0.008953 -0.000550 -0.026250
v 0.009083 0.000191 -0.026250
v 0.008707 0.000843 -0.026250
v 0.006435 -0.004879 -0.026250
v 0.005753 -0.004561 -0.026250
v 0.005026 -0.004756 -0.026250
v 0.004594 -0.005372 -0.026250
v 0.004660 -0.006122 -0.026250
v 0.005192 -0.006654 -0.026250
v 0.005942 -0.006719 -0.026250
v 0.006558 -0.006288 -0.026250
v 0.006753 -0.005561 -0.026250
v 0.000000 -0.004000 -0.026250
v 0.002571 -0.003064 -0.026250
v 0.003939 -0.000695 -0.026250
v 0.003464 0.002000 -0.026250
v 0.001368 0.003759 -0.026250
v -0.001368 0.003759 -0.026250
v -0.003464 0.002000 -0.026250
v -0.003939 -0.000695 -0.026250
v -0.002571 -0.003064 -0.026250
v 0.000000 -0.004000 -0.027950
v 0.002571 -0.003064 -0.027950
v 0.003939 -0.000695 -0.027950
v 0.003464 0.002000 -0.027950
v 0.001368 0.003759 -0.027950
v -0.001368 0.003759 -0.027950
v -0.003464 0.002000 -0.027950
v -0.003939 -0.000695 -0.027950
v -0.002571 -0.003064 -0.027950
v 0.000000 -0.003800 -0.028150
v 0.002443 -0.002911 -0.028150
v 0.003742 -0.000660 -0.028150
v 0.003291 0.001900 -0.028150
v 0.001300 0.003571 -0.028150
v -0.001300 0.003571 -0.028150
v -0.003291 0.001900 -0.028150
v -0.003742 -0.000660 -0.028150
v -0.002443 -0.002911 -0.028150
v -0.002250 -0.000000 -0.028150
v -0.001724 -0.001446 -0.028150
v -0.000391 -0.002216 -0.028150
v 0.001125 -0.001949 -0.028150
v 0.002114 -0.000770 -0.028150
v 0.002114 0.000770 -0.028150
v 0.001125 0.001949 -0.028150
v -0.000391 0.002216 -0.028150
v -0.001724 0.001446 -0.028150
v -0.002250 -0.000000 -0.030500
v -0.001724 -0.001446 -0.030500
v -0.000391 -0.002216 -0.030500
v 0.001125 -0.001949 -0.030500
v 0.002114 -0.000770 -0.030500
v 0.002114 0.000770 -0.030500
v 0.001125 0.001949 -0.030500
v -0.000391 0.002216 -0.030500
v -0.001724 0.001446 -0.030500
v -0.002100 -0.000000 -0.030650
v -0.001609 -0.001350 -0.030650
v -0.000365 -0.002068 -0.030650
v 0.001050 -0.001819 -0.030650
v 0.001973 -0.000718 -0.030650
v 0.001973 0.000718 -0.030650
v 0.001050 0.001819 -0.030650
v -0.000365 0.002068 -0.030650
v -0.001609 0.001350 -0.030650
v -0.000800 -0.008000 -0.025950
v -0.000613 -0.008514 -0.025950
v -0.000139 -0.008788 -0.025950
v 0.000400 -0.008693 -0.025950
v 0.000752 -0.008274 -0.025950
v 0.000752 -0.007726 -0.025950
v 0.000400 -0.007307 -0.025950
v -0.000139 -0.007212 -0.025950
v -0.000613 -0.007486 -0.025950
v -0.000800 -0.008000 -0.024250
v -0.000613 -0.008514 -0.024250
v -0.000139 -0.008788 -0.024250
v 0.000400 -0.008693 -0.024250
v 0.000752 -0.008274 -0.024250
v 0.000752 -0.007726 -0.024250
v 0.000400 -0.007307 -0.024250
v -0.000139 -0.007212 -0.024250
v -0.000613 -0.007486 -0.024250
v -0.005091 -0.006223 -0.024250
v -0.005587 -0.006454 -0.024250
v -0.006116 -0.006312 -0.024250
v -0.006430 -0.005864 -0.024250
v -0.006382 -0.005319 -0.024250
v -0.005995 -0.004932 -0.024250
v -0.005450 -0.004884 -0.024250
v -0.005002 -0.005198 -0.024250
v -0.004860 -0.005727 -0.024250
v -0.008000 -0.000800 -0.024250
v -0.008514 -0.000613 -0.024250
v -0.008788 -0.000139 -0.024250
v -0.008693 0.000400 -0.024250
v -0.008274 0.000752 -0.024250
v -0.007726 0.000752 -0.024250
v -0.007307 0.000400 -0.024250
v -0.007212 -0.000139 -0.024250
v -0.007486 -0.000613 -0.024250
v -0.006223 0.005091 -0.024250
v -0.006454 0.005587 -0.024250
v -0.006312 0.006116 -0.024250
v -0.005864 0.006430 -0.024250
v -0.005319 0.006382 -0.024250
v -0.004932 0.005995 -0.024250
v -0.004884 0.005450 -0.024250
v -0.005198 0.005002 -0.024250
v -0.005727 0.004860 -0.024250
v -0.000800 0.008000 -0.024250
v -0.000613 0.008514 -0.024250
v -0.000139 0.008788 -0.024250
v 0.000400 0.008693 -0.024250
v 0.000752 0.008274 -0.024250
v 0.000752 0.007726 -0.024250
v 0.000400 0.007307 -0.024250
v -0.000139 0.007212 -0.024250
v -0.000613 0.007486 -0.024250
v 0.005091 0.006223 -0.024250
v 0.005587 0.006454 -0.024250
v 0.006116 0.006312 -0.024250
v 0.006430 0.005864 -0.024250
v 0.006382 0.005319 -0.024250
v 0.005995 0.004932 -0.024250
v 0.005450 0.004884 -0.024250
v 0.005002 0.005198 -0.024250
v 0.004860 0.005727 -0.024250
v 0.008000 0.000800 -0.024250
v 0.008514 0.000613 -0.024250
v 0.008788 0.000139 -0.024250
v 0.008693 -0.000400 -0.024250
v 0.008274 -0.000752 -0.024250
v 0.007726 -0.000752 -0.024250
v 0.007307 -0.000400 -0.024250
v 0.007212 0.000139 -0.024250
v 0.007486 0.000613 -0.024250
v 0.006223 -0.005091 -0.024250
v 0.006454 -0.005587 -0.024250
v 0.006312 -0.006116 -0.024250
v 0.005864 -0.006430 -0.024250
v 0.005319 -0.006382 -0.024250
v 0.004932 -0.005995 -0.024250
v 0.004884 -0.005450 -0.024250
v 0.005198 -0.005002 -0.024250
v 0.005727 -0.004860 -0.024250
v -0.005091 -0.006223 -0.025950
v -0.005587 -0.006454 -0.025950
v -0.006116 -0.006312 -0.025950
v -0.006430 -0.005864 -0.025950
v -0.006382 -0.005319 -0.025950
v -0.005995 -0.004932 -0.025950
v -0.005450 -0.004884 -0.025950
v -0.005002 -0.005198 -0.025950
v -0.004860 -0.005727 -0.025950
v -0.008000 -0.000800 -0.025950
v -0.008514 -0.000613 -0.025950
v -0.008788 -0.000139 -0.025950
v -0.008693 0.000400 -0.025950
v -0.008274 0.000752 -0.025950
v -0.007726 0.000752 -0.025950
v -0.007307 0.000400 -0.025950
v -0.007212 -0.000139 -0.025950
v -0.007486 -0.000613 -0.025950
v -0.006223 0.005091 -0.025950
v -0.006454 0.005587 -0.025950
v -0.006312 0.006116 -0.025950
v -0.005864 0.006430 -0.025950
v -0.005319 0.006382 -0.025950
v -0.004932 0.005995 -0.025950
v -0.004884 0.005450 -0.025950
v -0.005198 0.005002 -0.025950
v -0.005727 0.004860 -0.025950
v -0.000800 0.008000 -0.025950
v -0.000613 0.008514 -0.025950
v -0.000139 0.008788 -0.025950
v 0.000400 0.008693 -0.025950
v 0.000752 0.008274 -0.025950
v 0.000752 0.007726 -0.025950
v 0.000400 0.007307 -0.025950
v -0.000139 0.007212 -0.025950
v -0.000613 0.007486 -0.025950
v 0.005091 0.006223 -0.025950
v 0.005587 0.006454 -0.025950
v 0.006116 0.006312 -0.025950
v 0.006430 0.005864 -0.025950
v 0.006382 0.005319 -0.025950
v 0.005995 0.004932 -0.025950
v 0.005450 0.004884 -0.025950
v 0.005002 0.005198 -0.025950
v 0.004860 0.005727 -0.025950
v 0.008000 0.000800 -0.025950
v 0.008514 0.000613 -0.025950
v 0.008788 0.000139 -0.025950
v 0.008693 -0.000400 -0.025950
v 0.008274 -0.000752 -0.025950
v 0.007726 -0.000752 -0.025950
v 0.007307 -0.000400 -0.025950
v 0.007212 0.000139 -0.025950
v 0.007486 0.000613 -0.025950
v 0.006223 -0.005091 -0.025950
v 0.006454 -0.005587 -0.025950
v 0.006312 -0.006116 -0.025950
v 0.005864 -0.006430 -0.025950
v 0.005319 -0.006382 -0.025950
v 0.004932 -0.005995 -0.025950
v 0.004884 -0.005450 -0.025950
v 0.005198 -0.005002 -0.025950
v 0.005727 -0.004860 -0.025950
v -0.002602 0.009656 -0.028250
v -0.008199 0.005724 -0.028250
v -0.009961 -0.000885 -0.028250
v -0.007061 -0.007081 -0.028250
v -0.000858 -0.009963 -0.028250
v 0.005747 -0.008184 -0.028250
v 0.009663 -0.002575 -0.028250
v 0.009057 0.004239 -0.028250
v 0.004214 0.009069 -0.028250
v -0.002602 0.009656 -0.033250
v 0.004214 0.009069 -0.033250
v 0.009057 0.004239 -0.033250
v 0.009663 -0.002575 -0.033250
v 0.005747 -0.008184 -0.033250
v -0.000858 -0.009963 -0.033250
v -0.007061 -0.007081 -0.033250
v -0.009961 -0.000885 -0.033250
v -0.008199 0.005724 -0.033250
v -0.003122 0.011587 -0.028250
v 0.005056 0.010883 -0.028250
v 0.010869 0.005086 -0.028250
v 0.011595 -0.003090 -0.028250
v 0.006896 -0.009820 -0.028250
v -0.001029 -0.011956 -0.028250
v -0.008474 -0.008497 -0.028250
v -0.011953 -0.001062 -0.028250
v -0.009839 0.006869 -0.028250
v -0.003122 0.011587 -0.033250
v -0.009839 0.006869 -0.033250
v -0.011953 -0.001062 -0.033250
v -0.008474 -0.008497 -0.033250
v -0.001029 -0.011956 -0.033250
v 0.006896 -0.009820 -0.033250
v 0.011595 -0.003090 -0.033250
v 0.010869 0.005086 -0.033250
v 0.005056 0.010883 -0.033250
v -0.003252 0.012070 -0.028250
v -0.010249 0.007156 -0.028250
v -0.012451 -0.001107 -0.028250
v -0.008827 -0.008851 -0.028250
v -0.001072 -0.012454 -0.028250
v 0.007184 -0.010229 -0.028250
v 0.012079 -0.003219 -0.028250
v 0.011322 0.005298 -0.028250
v 0.005267 0.011336 -0.028250
v -0.003252 0.012070 -0.033250
v 0.005267 0.011336 -0.033250
v 0.011322 0.005298 -0.033250
v 0.012079 -0.003219 -0.033250
v 0.007184 -0.010229 -0.033250
v -0.001072 -0.012454 -0.033250
v -0.008827 -0.008851 -0.033250
v -0.012451 -0.001107 -0.033250
v -0.010249 0.007156 -0.033250
v -0.004032 0.014966 -0.028250
v 0.006531 0.014057 -0.028250
v 0.014039 0.006570 -0.028250
v 0.014977 -0.003991 -0.028250
v 0.008908 -0.012685 -0.028250
v -0.001330 -0.015443 -0.028250
v -0.010945 -0.010975 -0.028250
v -0.015439 -0.001372 -0.028250
v -0.012709 0.008873 -0.028250
v -0.004032 0.014966 -0.033250
v -0.012709 0.008873 -0.033250
v -0.015439 -0.001372 -0.033250
v -0.010945 -0.010975 -0.033250
v -0.001330 -0.015443 -0.033250
v 0.008908 -0.012685 -0.033250
v 0.014977 -0.003991 -0.033250
v 0.014039 0.006570 -0.033250
v 0.006531 0.014057 -0.033250
v 0.012905 0.015205 -0.034250
v 0.014383 0.014667 -0.034250
v 0.015170 0.013304 -0.034250
v 0.014897 0.011755 -0.034250
v 0.013691 0.010743 -0.034250
v 0.012118 0.010743 -0.034250
v 0.010913 0.011755 -0.034250
v 0.010640 0.013304 -0.034250
v 0.011426 0.014667 -0.034250
v 0.012905 0.015205 -0.033250
v 0.011426 0.014667 -0.033250
v 0.010640 0.013304 -0.033250
v 0.010913 0.011755 -0.033250
v 0.012118 0.010743 -0.033250
v 0.013691 0.010743 -0.033250
v 0.014897 0.011755 -0.033250
v 0.015170 0.013304 -0.033250
v 0.014383 0.014667 -0.033250
v -0.012905 -0.010605 -0.034250
v -0.011426 -0.011143 -0.034250
v -0.010640 -0.012505 -0.034250
v -0.010913 -0.014055 -0.034250
v -0.012118 -0.015066 -0.034250
v -0.013691 -0.015066 -0.034250
v -0.014897 -0.014055 -0.034250
v -0.015170 -0.012505 -0.034250
v -0.014383 -0.011143 -0.034250
v -0.012905 -0.010605 -0.033250
v -0.014383 -0.011143 -0.033250
v -0.015170 -0.012505 -0.033250
v -0.014897 -0.014055 -0.033250
v -0.013691 -0.015066 -0.033250
v -0.012118 -0.015066 -0.033250
v -0.010913 -0.014055 -0.033250
v -0.010640 -0.012505 -0.033250
v -0.011426 -0.011143 -0.033250
v 0.012905 -0.010605 -0.034250
v 0.014383 -0.011143 -0.034250
v 0.015170 -0.012505 -0.034250
v 0.014897 -0.014055 -0.034250
v 0.013691 -0.015066 -0.034250
v 0.012118 -0.015066 -0.034250
v 0.010913 -0.014055 -0.034250
v 0.010640 -0.012505 -0.034250
v 0.011426 -0.011143 -0.034250
v 0.012905 -0.010605 -0.033250
v 0.011426 -0.011143 -0.033250
v 0.010640 -0.012505 -0.033250
v 0.010913 -0.014055 -0.033250
v 0.012118 -0.015066 -0.033250
v 0.013691 -0.015066 -0.033250
v 0.014897 -0.014055 -0.033250
v 0.015170 -0.012505 -0.033250
v 0.014383 -0.011143 -0.033250
v -0.012905 0.015205 -0.034250
v -0.011426 0.014667 -0.034250
v -0.010640 0.013304 -0.034250
v -0.010913 0.011755 -0.034250
v -0.012118 0.010743 -0.034250
v -0.013691 0.010743 -0.034250
v -0.014897 0.011755 -0.034250
v -0.015170 0.013304 -0.034250
v -0.014383 0.014667 -0.034250
v -0.012905 0.015205 -0.033250
v -0.014383 0.014667 -0.033250
v -0.015170 0.013304 -0.033250
v -0.014897 0.011755 -0.033250
v -0.013691 0.010743 -0.033250
v -0.012118 0.010743 -0.033250
v -0.010913 0.011755 -0.033250
v -0.010640 0.013304 -0.033250
v -0.011426 0.014667 -0.033250
v -0.012905 0.011605 -0.034250
v -0.013740 0.011909 -0.034250
v -0.014185 0.012679 -0.034250
v -0.014031 0.013555 -0.034250
v -0.013349 0.014126 -0.034250
v -0.012460 0.014126 -0.034250
v -0.011779 0.013555 -0.034250
v -0.011624 0.012679 -0.034250
v -0.012069 0.011909 -0.034250
v 0.012905 -0.014205 -0.034250
v 0.012069 -0.013901 -0.034250
v 0.011624 -0.013130 -0.034250
v 0.011779 -0.012255 -0.034250
v 0.012460 -0.011683 -0.034250
v 0.013349 -0.011683 -0.034250
v 0.014031 -0.012255 -0.034250
v 0.014185 -0.013130 -0.034250
v 0.013740 -0.013901 -0.034250
v -0.012905 -0.014205 -0.034250
v -0.013740 -0.013901 -0.034250
v -0.014185 -0.013130 -0.034250
v -0.014031 -0.012255 -0.034250
v -0.013349 -0.011683 -0.034250
v -0.012460 -0.011683 -0.034250
v -0.011779 -0.012255 -0.034250
v -0.011624 -0.013130 -0.034250
v -0.012069 -0.013901 -0.034250
v 0.012905 0.011605 -0.034250
v 0.012069 0.011909 -0.034250
v 0.011624 0.012679 -0.034250
v 0.011779 0.013555 -0.034250
v 0.012460 0.014126 -0.034250
v 0.013349 0.014126 -0.034250
v 0.014031 0.013555 -0.034250
v 0.014185 0.012679 -0.034250
v 0.013740 0.011909 -0.034250
v -0.012905 -0.014205 -0.035250
v -0.012069 -0.013901 -0.035250
v -0.011624 -0.013130 -0.035250
v -0.011779 -0.012255 -0.035250
v -0.012460 -0.011683 -0.035250
v -0.013349 -0.011683 -0.035250
v -0.014031 -0.012255 -0.035250
v -0.014185 -0.013130 -0.035250
v -0.013740 -0.013901 -0.035250
v -0.012905 0.011605 -0.035250
v -0.012069 0.011909 -0.035250
v -0.011624 0.012679 -0.035250
v -0.011779 0.013555 -0.035250
v -0.012460 0.014126 -0.035250
v -0.013349 0.014126 -0.035250
v -0.014031 0.013555 -0.035250
v -0.014185 0.012679 -0.035250
v -0.013740 0.011909 -0.035250
v -0.013332 0.017500 -0.035250
v 0.013332 0.017500 -0.035250
v 0.014844 0.016237 -0.035250
v 0.016237 0.014844 -0.035250
v 0.017500 0.013332 -0.035250
v 0.017500 -0.013332 -0.035250
v 0.016237 -0.014844 -0.035250
v 0.014844 -0.016237 -0.035250
v 0.013332 -0.017500 -0.035250
v -0.013332 -0.017500 -0.035250
v -0.014844 -0.016237 -0.035250
v -0.016237 -0.014844 -0.035250
v -0.017500 -0.013332 -0.035250
v -0.017500 0.013332 -0.035250
v -0.016237 0.014844 -0.035250
v -0.014844 0.016237 -0.035250
v 0.000000 -0.013000 -0.035250
v 0.008356 -0.009959 -0.035250
v 0.012803 -0.002257 -0.035250
v 0.011258 0.006500 -0.035250
v 0.004446 0.012216 -0.035250
v -0.004446 0.012216 -0.035250
v -0.011258 0.006500 -0.035250
v -0.012803 -0.002257 -0.035250
v -0.008356 -0.009959 -0.035250
v 0.012905 -0.014205 -0.035250
v 0.013740 -0.013901 -0.035250
v 0.014185 -0.013130 -0.035250
v 0.014031 -0.012255 -0.035250
v 0.013349 -0.011683 -0.035250
v 0.012460 -0.011683 -0.035250
v 0.011779 -0.012255 -0.035250
v 0.011624 -0.013130 -0.035250
v 0.012069 -0.013901 -0.035250
v 0.012905 0.011605 -0.035250
v 0.013740 0.011909 -0.035250
v 0.014185 0.012679 -0.035250
v 0.014031 0.013555 -0.035250
v 0.013349 0.014126 -0.035250
v 0.012460 0.014126 -0.035250
v 0.011779 0.013555 -0.035250
v 0.011624 0.012679 -0.035250
v 0.012069 0.011909 -0.035250
v 0.017500 0.013332 -0.033250
v 0.017500 -0.013332 -0.033250
v 0.013332 0.017500 -0.033250
v 0.014844 0.016237 -0.033250
v 0.016237 0.014844 -0.033250
v -0.013332 0.017500 -0.033250
v -0.017500 0.013332 -0.033250
v -0.016237 0.014844 -0.033250
v -0.014844 0.016237 -0.033250
v 0.000000 -0.013000 -0.033250
v 0.008356 -0.009959 -0.033250
v 0.012803 -0.002257 -0.033250
v 0.011258 0.006500 -0.033250
v 0.004446 0.012216 -0.033250
v -0.004446 0.012216 -0.033250
v -0.011258 0.006500 -0.033250
v -0.012803 -0.002257 -0.033250
v -0.008356 -0.009959 -0.033250
v -0.017500 -0.013332 -0.033250
v -0.016237 -0.014844 -0.033250
v -0.014844 -0.016237 -0.033250
v -0.013332 -0.017500 -0.033250
v 0.013332 -0.017500 -0.033250
v 0.014844 -0.016237 -0.033250
v 0.016237 -0.014844 -0.033250
v 0.011000 0.000000 -0.026250
v 0.008426 0.007071 -0.026250
v 0.001910 0.010833 -0.026250
v -0.005500 0.009526 -0.026250
v -0.010337 0.003762 -0.026250
v -0.010337 -0.003762 -0.026250
v -0.005500 -0.009526 -0.026250
v 0.001910 -0.010833 -0.026250
v 0.008426 -0.007071 -0.026250
v 0.006707 0.005657 -0.026250
v 0.006461 0.004982 -0.026250
v 0.005839 0.004623 -0.026250
v 0.005132 0.004748 -0.026250
v 0.004670 0.005298 -0.026250
v 0.004670 0.006016 -0.026250
v 0.005132 0.006566 -0.026250
v 0.005839 0.006691 -0.026250
v 0.006461 0.006332 -0.026250
v 0.001050 0.008000 -0.026250
v 0.000804 0.007325 -0.026250
v 0.000182 0.006966 -0.026250
v -0.000525 0.007091 -0.026250
v -0.000987 0.007641 -0.026250
v -0.000987 0.008359 -0.026250
v -0.000525 0.008909 -0.026250
v 0.000182 0.009034 -0.026250
v 0.000804 0.008675 -0.026250
v -0.004607 0.005657 -0.026250
v -0.004853 0.004982 -0.026250
v -0.005475 0.004623 -0.026250
v -0.006182 0.004748 -0.026250
v -0.006644 0.005298 -0.026250
v -0.006644 0.006016 -0.026250
v -0.006182 0.006566 -0.026250
v -0.005475 0.006691 -0.026250
v -0.004853 0.006332 -0.026250
v -0.006950 -0.000000 -0.026250
v -0.007196 -0.000675 -0.026250
v -0.007818 -0.001034 -0.026250
v -0.008525 -0.000909 -0.026250
v -0.008987 -0.000359 -0.026250
v -0.008987 0.000359 -0.026250
v -0.008525 0.000909 -0.026250
v -0.007818 0.001034 -0.026250
v -0.007196 0.000675 -0.026250
v -0.004607 -0.005657 -0.026250
v -0.004853 -0.006332 -0.026250
v -0.005475 -0.006691 -0.026250
v -0.006182 -0.006566 -0.026250
v -0.006644 -0.006016 -0.026250
v -0.006644 -0.005298 -0.026250
v -0.006182 -0.004748 -0.026250
v -0.005475 -0.004623 -0.026250
v -0.004853 -0.004982 -0.026250
v 0.001050 -0.008000 -0.026250
v 0.000804 -0.008675 -0.026250
v 0.000182 -0.009034 -0.026250
v -0.000525 -0.008909 -0.026250
v -0.000987 -0.008359 -0.026250
v -0.000987 -0.007641 -0.026250
v -0.000525 -0.007091 -0.026250
v 0.000182 -0.006966 -0.026250
v 0.000804 -0.007325 -0.026250
v 0.006707 -0.005657 -0.026250
v 0.006461 -0.006332 -0.026250
v 0.005839 -0.006691 -0.026250
v 0.005132 -0.006566 -0.026250
v 0.004670 -0.006016 -0.026250
v 0.004670 -0.005298 -0.026250
v 0.005132 -0.004748 -0.026250
v 0.005839 -0.004623 -0.026250
v 0.006461 -0.004982 -0.026250
v 0.009050 0.000000 -0.026250
v 0.008804 -0.000675 -0.026250
v 0.008182 -0.001034 -0.026250
v 0.007475 -0.000909 -0.026250
v 0.007013 -0.000359 -0.026250
v 0.007013 0.000359 -0.026250
v 0.007475 0.000909 -0.026250
v 0.008182 0.001034 -0.026250
v 0.008804 0.000675 -0.026250
v 0.004050 0.000000 -0.026250
v 0.003102 -0.002603 -0.026250
v 0.000703 -0.003988 -0.026250
v -0.002025 -0.003507 -0.026250
v -0.003806 -0.001385 -0.026250
v -0.003806 0.001385 -0.026250
v -0.002025 0.003507 -0.026250
v 0.000703 0.003988 -0.026250
v 0.003102 0.002603 -0.026250
v 0.004050 0.000000 -0.028250
v 0.003102 -0.002603 -0.028250
v 0.000703 -0.003988 -0.028250
v -0.002025 -0.003507 -0.028250
v -0.003806 -0.001385 -0.028250
v -0.003806 0.001385 -0.028250
v -0.002025 0.003507 -0.028250
v 0.000703 0.003988 -0.028250
v 0.003102 0.002603 -0.028250
v 0.009050 0.000000 -0.028250
v 0.008804 -0.000675 -0.028250
v 0.008182 -0.001034 -0.028250
v 0.007475 -0.000909 -0.028250
v 0.007013 -0.000359 -0.028250
v 0.007013 0.000359 -0.028250
v 0.007475 0.000909 -0.028250
v 0.008182 0.001034 -0.028250
v 0.008804 0.000675 -0.028250
v 0.006707 -0.005657 -0.028250
v 0.006461 -0.006332 -0.028250
v 0.005839 -0.006691 -0.028250
v 0.005132 -0.006566 -0.028250
v 0.004670 -0.006016 -0.028250
v 0.004670 -0.005298 -0.028250
v 0.005132 -0.004748 -0.028250
v 0.005839 -0.004623 -0.028250
v 0.006461 -0.004982 -0.028250
v 0.001050 -0.008000 -0.028250
v 0.000804 -0.008675 -0.028250
v 0.000182 -0.009034 -0.028250
v -0.000525 -0.008909 -0.028250
v -0.000987 -0.008359 -0.028250
v -0.000987 -0.007641 -0.028250
v -0.000525 -0.007091 -0.028250
v 0.000182 -0.006966 -0.028250
v 0.000804 -0.007325 -0.028250
v -0.004607 -0.005657 -0.028250
v -0.004853 -0.006332 -0.028250
v -0.005475 -0.006691 -0.028250
v -0.006182 -0.006566 -0.028250
v -0.006644 -0.006016 -0.028250
v -0.006644 -0.005298 -0.028250
v -0.006182 -0.004748 -0.028250
v -0.005475 -0.004623 -0.028250
v -0.004853 -0.004982 -0.028250
v -0.006950 -0.000000 -0.028250
v -0.007196 -0.000675 -0.028250
v -0.007818 -0.001034 -0.028250
v -0.008525 -0.000909 -0.028250
v -0.008987 -0.000359 -0.028250
v -0.008987 0.000359 -0.028250
v -0.008525 0.000909 -0.028250
v -0.007818 0.001034 -0.028250
v -0.007196 0.000675 -0.028250
v -0.004607 0.005657 -0.028250
v -0.004853 0.004982 -0.028250
v -0.005475 0.004623 -0.028250
v -0.006182 0.004748 -0.028250
v -0.006644 0.005298 -0.028250
v -0.006644 0.006016 -0.028250
v -0.006182 0.006566 -0.028250
v -0.005475 0.006691 -0.028250
v -0.004853 0.006332 -0.028250
v 0.001050 0.008000 -0.028250
v 0.000804 0.007325 -0.028250
v 0.000182 0.006966 -0.028250
v -0.000525 0.007091 -0.028250
v -0.000987 0.007641 -0.028250
v -0.000987 0.008359 -0.028250
v -0.000525 0.008909 -0.028250
v 0.000182 0.009034 -0.028250
v 0.000804 0.008675 -0.028250
v 0.006707 0.005657 -0.028250
v 0.006461 0.004982 -0.028250
v 0.005839 0.004623 -0.028250
v 0.005132 0.004748 -0.028250
v 0.004670 0.005298 -0.028250
v 0.004670 0.006016 -0.028250
v 0.005132 0.006566 -0.028250
v 0.005839 0.006691 -0.028250
v 0.006461 0.006332 -0.028250
v 0.011000 0.000000 -0.028250
v 0.008426 0.007071 -0.028250
v 0.001910 0.010833 -0.028250
v -0.005500 0.009526 -0.028250
v -0.010337 0.003762 -0.028250
v -0.010337 -0.003762 -0.028250
v -0.005500 -0.009526 -0.028250
v 0.001910 -0.010833 -0.028250
v 0.008426 -0.007071 -0.028250
v -0.007057 0.007057 -0.028250
v -0.009942 0.000870 -0.028250
v -0.008175 -0.005724 -0.028250
v -0.002583 -0.009640 -0.028250
v 0.004218 -0.009045 -0.028250
v 0.009045 -0.004218 -0.028250
v 0.009640 0.002583 -0.028250
v 0.005724 0.008175 -0.028250
v -0.000870 0.009942 -0.028250
v -0.008742 0.000742 -0.028250
v -0.008092 0.001046 -0.028250
v -0.007398 0.000860 -0.028250
v -0.006986 0.000272 -0.028250
v -0.007048 -0.000444 -0.028250
v -0.007556 -0.000952 -0.028250
v -0.008272 -0.001014 -0.028250
v -0.008860 -0.000602 -0.028250
v -0.009046 0.000092 -0.028250
v -0.006399 -0.004914 -0.028250
v -0.005748 -0.004611 -0.028250
v -0.005055 -0.004797 -0.028250
v -0.004643 -0.005385 -0.028250
v -0.004705 -0.006101 -0.028250
v -0.005213 -0.006608 -0.028250
v -0.005929 -0.006671 -0.028250
v -0.006517 -0.006259 -0.028250
v -0.006703 -0.005565 -0.028250
v -0.000742 -0.007258 -0.028250
v -0.000092 -0.006954 -0.028250
v 0.000602 -0.007140 -0.028250
v 0.001014 -0.007728 -0.028250
v 0.000952 -0.008444 -0.028250
v 0.000444 -0.008952 -0.028250
v -0.000272 -0.009014 -0.028250
v -0.000860 -0.008602 -0.028250
v -0.001046 -0.007908 -0.028250
v 0.004914 -0.004914 -0.028250
v 0.005565 -0.004611 -0.028250
v 0.006259 -0.004797 -0.028250
v 0.006671 -0.005385 -0.028250
v 0.006608 -0.006101 -0.028250
v 0.006101 -0.006608 -0.028250
v 0.005385 -0.006671 -0.028250
v 0.004797 -0.006259 -0.028250
v 0.004611 -0.005565 -0.028250
v 0.007258 0.000742 -0.028250
v 0.007908 0.001046 -0.028250
v 0.008602 0.000860 -0.028250
v 0.009014 0.000272 -0.028250
v 0.008952 -0.000444 -0.028250
v 0.008444 -0.000952 -0.028250
v 0.007728 -0.001014 -0.028250
v 0.007140 -0.000602 -0.028250
v 0.006954 0.000092 -0.028250
v 0.004914 0.006399 -0.028250
v 0.005565 0.006703 -0.028250
v 0.006259 0.006517 -0.028250
v 0.006671 0.005929 -0.028250
v 0.006608 0.005213 -0.028250
v 0.006101 0.004705 -0.028250
v 0.005385 0.004643 -0.028250
v 0.004797 0.005055 -0.028250
v 0.004611 0.005748 -0.028250
v -0.000742 0.008742 -0.028250
v -0.000092 0.009046 -0.028250
v 0.000602 0.008860 -0.028250
v 0.001014 0.008272 -0.028250
v 0.000952 0.007556 -0.028250
v 0.000444 0.007048 -0.028250
v -0.000272 0.006986 -0.028250
v -0.000860 0.007398 -0.028250
v -0.001046 0.008092 -0.028250
v -0.006399 0.006399 -0.028250
v -0.005748 0.006703 -0.028250
v -0.005055 0.006517 -0.028250
v -0.004643 0.005929 -0.028250
v -0.004705 0.005213 -0.028250
v -0.005213 0.004705 -0.028250
v -0.005929 0.004643 -0.028250
v -0.006517 0.005055 -0.028250
v -0.006703 0.005748 -0.028250
v -0.002864 0.002864 -0.028250
v -0.000353 0.004035 -0.028250
v 0.002323 0.003318 -0.028250
v 0.003912 0.001048 -0.028250
v 0.003671 -0.001712 -0.028250
v 0.001712 -0.003671 -0.028250
v -0.001048 -0.003912 -0.028250
v -0.003318 -0.002323 -0.028250
v -0.004035 0.000353 -0.028250
v -0.002864 0.002864 -0.033250
v -0.000353 0.004035 -0.033250
v 0.002323 0.003318 -0.033250
v 0.003912 0.001048 -0.033250
v 0.003671 -0.001712 -0.033250
v 0.001712 -0.003671 -0.033250
v -0.001048 -0.003912 -0.033250
v -0.003318 -0.002323 -0.033250
v -0.004035 0.000353 -0.033250
v -0.006399 0.006399 -0.033250
v -0.005748 0.006703 -0.033250
v -0.005055 0.006517 -0.033250
v -0.004643 0.005929 -0.033250
v -0.004705 0.005213 -0.033250
v -0.005213 0.004705 -0.033250
v -0.005929 0.004643 -0.033250
v -0.006517 0.005055 -0.033250
v -0.006703 0.005748 -0.033250
v -0.000742 0.008742 -0.033250
v -0.000092 0.009046 -0.033250
v 0.000602 0.008860 -0.033250
v 0.001014 0.008272 -0.033250
v 0.000952 0.007556 -0.033250
v 0.000444 0.007048 -0.033250
v -0.000272 0.006986 -0.033250
v -0.000860 0.007398 -0.033250
v -0.001046 0.008092 -0.033250
v 0.004914 0.006399 -0.033250
v 0.005565 0.006703 -0.033250
v 0.006259 0.006517 -0.033250
v 0.006671 0.005929 -0.033250
v 0.006608 0.005213 -0.033250
v 0.006101 0.004705 -0.033250
v 0.005385 0.004643 -0.033250
v 0.004797 0.005055 -0.033250
v 0.004611 0.005748 -0.033250
v 0.007258 0.000742 -0.033250
v 0.007908 0.001046 -0.033250
v 0.008602 0.000860 -0.033250
v 0.009014 0.000272 -0.033250
v 0.008952 -0.000444 -0.033250
v 0.008444 -0.000952 -0.033250
v 0.007728 -0.001014 -0.033250
v 0.007140 -0.000602 -0.033250
v 0.006954 0.000092 -0.033250
v 0.004914 -0.004914 -0.033250
v 0.005565 -0.004611 -0.033250
v 0.006259 -0.004797 -0.033250
v 0.006671 -0.005385 -0.033250
v 0.006608 -0.006101 -0.033250
v 0.006101 -0.006608 -0.033250
v 0.005385 -0.006671 -0.033250
v 0.004797 -0.006259 -0.033250
v 0.004611 -0.005565 -0.033250
v -0.000742 -0.007258 -0.033250
v -0.000092 -0.006954 -0.033250
v 0.000602 -0.007140 -0.033250
v 0.001014 -0.007728 -0.033250
v 0.000952 -0.008444 -0.033250
v 0.000444 -0.008952 -0.033250
v -0.000272 -0.009014 -0.033250
v -0.000860 -0.008602 -0.033250
v -0.001046 -0.007908 -0.033250
v -0.006399 -0.004914 -0.033250
v -0.005748 -0.004611 -0.033250
v -0.005055 -0.004797 -0.033250
v -0.004643 -0.005385 -0.033250
v -0.004705 -0.006101 -0.033250
v -0.005213 -0.006608 -0.033250
v -0.005929 -0.006671 -0.033250
v -0.006517 -0.006259 -0.033250
v -0.006703 -0.005565 -0.033250
v -0.008742 0.000742 -0.033250
v -0.008092 0.001046 -0.033250
v -0.007398 0.000860 -0.033250
v -0.006986 0.000272 -0.033250
v -0.007048 -0.000444 -0.033250
v -0.007556 -0.000952 -0.033250
v -0.008272 -0.001014 -0.033250
v -0.008860 -0.000602 -0.033250
v -0.009046 0.000092 -0.033250
v -0.007057 0.007057 -0.033250
v -0.009942 0.000870 -0.033250
v -0.008175 -0.005724 -0.033250
v -0.002583 -0.009640 -0.033250
v 0.004218 -0.009045 -0.033250
v 0.009045 -0.004218 -0.033250
v 0.009640 0.002583 -0.033250
v 0.005724 0.008175 -0.033250
v -0.000870 0.009942 -0.033250
v -0.001644 0.010974 -0.033250
v -0.001310 0.011319 -0.033250
v -0.000854 0.011468 -0.033250
v -0.000854 0.011468 -0.038250
v -0.001310 0.011319 -0.038250
v -0.001644 0.010974 -0.038250
v -0.002250 0.009121 -0.038250
v -0.003397 0.008200 -0.038250
v -0.004858 0.008041 -0.038250
v -0.004858 0.008041 -0.033250
v -0.003397 0.008200 -0.033250
v -0.002250 0.009121 -0.033250
v -0.003173 0.005374 -0.038250
v -0.003541 0.004326 -0.038250
v -0.004326 0.003541 -0.038250
v -0.005374 0.003173 -0.038250
v -0.005995 0.002859 -0.038250
v -0.006261 0.002217 -0.038250
v -0.006044 0.001557 -0.038250
v -0.005562 0.000555 -0.038250
v -0.005562 -0.000555 -0.038250
v -0.006044 -0.001557 -0.038250
v -0.006261 -0.002217 -0.038250
v -0.005995 -0.002859 -0.038250
v -0.005374 -0.003173 -0.038250
v -0.004326 -0.003541 -0.038250
v -0.003541 -0.004326 -0.038250
v -0.003173 -0.005374 -0.038250
v -0.002859 -0.005995 -0.038250
v -0.002217 -0.006261 -0.038250
v -0.001557 -0.006044 -0.038250
v -0.000555 -0.005562 -0.038250
v 0.000555 -0.005562 -0.038250
v 0.001557 -0.006044 -0.038250
v 0.002217 -0.006261 -0.038250
v 0.002859 -0.005995 -0.038250
v 0.003173 -0.005374 -0.038250
v 0.003541 -0.004326 -0.038250
v 0.004326 -0.003541 -0.038250
v 0.005374 -0.003173 -0.038250
v 0.005995 -0.002859 -0.038250
v 0.006261 -0.002217 -0.038250
v 0.006044 -0.001557 -0.038250
v 0.005562 -0.000555 -0.038250
v 0.005562 0.000555 -0.038250
v 0.006044 0.001557 -0.038250
v 0.006261 0.002217 -0.038250
v 0.005995 0.002859 -0.038250
v 0.005374 0.003173 -0.038250
v 0.004326 0.003541 -0.038250
v 0.003541 0.004326 -0.038250
v 0.003173 0.005374 -0.038250
v 0.002859 0.005995 -0.038250
v 0.002217 0.006261 -0.038250
v 0.001557 0.006044 -0.038250
v 0.000555 0.005562 -0.038250
v -0.000555 0.005562 -0.038250
v -0.001557 0.006044 -0.038250
v -0.002217 0.006261 -0.038250
v -0.002859 0.005995 -0.038250
v 0.000854 0.011468 -0.038250
v 0.001310 0.011319 -0.038250
v 0.001644 0.010974 -0.038250
v 0.002250 0.009121 -0.038250
v 0.003397 0.008200 -0.038250
v 0.004858 0.008041 -0.038250
v 0.006176 0.008692 -0.038250
v 0.006597 0.008922 -0.038250
v 0.007077 0.008930 -0.038250
v 0.007505 0.008713 -0.038250
v 0.008713 0.007505 -0.038250
v 0.008930 0.007077 -0.038250
v 0.008922 0.006597 -0.038250
v 0.008041 0.004858 -0.038250
v 0.008200 0.003397 -0.038250
v 0.009121 0.002250 -0.038250
v 0.010513 0.001779 -0.038250
v 0.010974 0.001644 -0.038250
v 0.011319 0.001310 -0.038250
v 0.011468 0.000854 -0.038250
v 0.011496 0.000285 -0.038250
v 0.011496 -0.000285 -0.038250
v 0.011468 -0.000854 -0.038250
v 0.011319 -0.001310 -0.038250
v 0.010974 -0.001644 -0.038250
v 0.009121 -0.002250 -0.038250
v 0.008200 -0.003397 -0.038250
v 0.008041 -0.004858 -0.038250
v 0.008922 -0.006597 -0.038250
v 0.008930 -0.007077 -0.038250
v 0.008713 -0.007505 -0.038250
v 0.007505 -0.008713 -0.038250
v 0.007077 -0.008930 -0.038250
v 0.006597 -0.008922 -0.038250
v 0.004858 -0.008041 -0.038250
v 0.003397 -0.008200 -0.038250
v 0.002250 -0.009121 -0.038250
v 0.001644 -0.010974 -0.038250
v 0.001310 -0.011319 -0.038250
v 0.000854 -0.011468 -0.038250
v -0.000854 -0.011468 -0.038250
v -0.001310 -0.011319 -0.038250
v -0.001644 -0.010974 -0.038250
v -0.002250 -0.009121 -0.038250
v -0.003397 -0.008200 -0.038250
v -0.004858 -0.008041 -0.038250
v -0.006597 -0.008922 -0.038250
v -0.007077 -0.008930 -0.038250
v -0.007505 -0.008713 -0.038250
v -0.008713 -0.007505 -0.038250
v -0.008930 -0.007077 -0.038250
v -0.008922 -0.006597 -0.038250
v -0.008692 -0.006176 -0.038250
v -0.008041 -0.004858 -0.038250
v -0.008200 -0.003397 -0.038250
v -0.009121 -0.002250 -0.038250
v -0.010513 -0.001779 -0.038250
v -0.010974 -0.001644 -0.038250
v -0.011319 -0.001310 -0.038250
v -0.011468 -0.000854 -0.038250
v -0.011496 -0.000285 -0.038250
v -0.011496 0.000285 -0.038250
v -0.011468 0.000854 -0.038250
v -0.011319 0.001310 -0.038250
v -0.010974 0.001644 -0.038250
v -0.009121 0.002250 -0.038250
v -0.008200 0.003397 -0.038250
v -0.008041 0.004858 -0.038250
v -0.008922 0.006597 -0.038250
v -0.008930 0.007077 -0.038250
v -0.008713 0.007505 -0.038250
v -0.007505 0.008713 -0.038250
v -0.007077 0.008930 -0.038250
v -0.006597 0.008922 -0.038250
v 0.006707 0.005657 -0.038250
v 0.006461 0.006332 -0.038250
v 0.005839 0.006691 -0.038250
v 0.005132 0.006566 -0.038250
v 0.004670 0.006016 -0.038250
v 0.004670 0.005298 -0.038250
v 0.005132 0.004748 -0.038250
v 0.005839 0.004623 -0.038250
v 0.006461 0.004982 -0.038250
v 0.001050 0.008000 -0.038250
v 0.000804 0.008675 -0.038250
v 0.000182 0.009034 -0.038250
v -0.000525 0.008909 -0.038250
v -0.000987 0.008359 -0.038250
v -0.000987 0.007641 -0.038250
v -0.000525 0.007091 -0.038250
v 0.000182 0.006966 -0.038250
v 0.000804 0.007325 -0.038250
v -0.004607 0.005657 -0.038250
v -0.004853 0.006332 -0.038250
v -0.005475 0.006691 -0.038250
v -0.006182 0.006566 -0.038250
v -0.006644 0.006016 -0.038250
v -0.006644 0.005298 -0.038250
v -0.006182 0.004748 -0.038250
v -0.005475 0.004623 -0.038250
v -0.004853 0.004982 -0.038250
v -0.006950 -0.000000 -0.038250
v -0.007196 0.000675 -0.038250
v -0.007818 0.001034 -0.038250
v -0.008525 0.000909 -0.038250
v -0.008987 0.000359 -0.038250
v -0.008987 -0.000359 -0.038250
v -0.008525 -0.000909 -0.038250
v -0.007818 -0.001034 -0.038250
v -0.007196 -0.000675 -0.038250
v -0.004607 -0.005657 -0.038250
v -0.004853 -0.004982 -0.038250
v -0.005475 -0.004623 -0.038250
v -0.006182 -0.004748 -0.038250
v -0.006644 -0.005298 -0.038250
v -0.006644 -0.006016 -0.038250
v -0.006182 -0.006566 -0.038250
v -0.005475 -0.006691 -0.038250
v -0.004853 -0.006332 -0.038250
v 0.001050 -0.008000 -0.038250
v 0.000804 -0.007325 -0.038250
v 0.000182 -0.006966 -0.038250
v -0.000525 -0.007091 -0.038250
v -0.000987 -0.007641 -0.038250
v -0.000987 -0.008359 -0.038250
v -0.000525 -0.008909 -0.038250
v 0.000182 -0.009034 -0.038250
v 0.000804 -0.008675 -0.038250
v 0.006707 -0.005657 -0.038250
v 0.006461 -0.004982 -0.038250
v 0.005839 -0.004623 -0.038250
v 0.005132 -0.004748 -0.038250
v 0.004670 -0.005298 -0.038250
v 0.004670 -0.006016 -0.038250
v 0.005132 -0.006566 -0.038250
v 0.005839 -0.006691 -0.038250
v 0.006461 -0.006332 -0.038250
v 0.009050 0.000000 -0.038250
v 0.008804 0.000675 -0.038250
v 0.008182 0.001034 -0.038250
v 0.007475 0.000909 -0.038250
v 0.007013 0.000359 -0.038250
v 0.007013 -0.000359 -0.038250
v 0.007475 -0.000909 -0.038250
v 0.008182 -0.001034 -0.038250
v 0.008804 -0.000675 -0.038250
v 0.000854 0.011468 -0.033250
v 0.001310 0.011319 -0.033250
v 0.001644 0.010974 -0.033250
v 0.002250 0.009121 -0.033250
v 0.003397 0.008200 -0.033250
v 0.004858 0.008041 -0.033250
v 0.006176 0.008692 -0.033250
v 0.006597 0.008922 -0.033250
v 0.007077 0.008930 -0.033250
v 0.007505 0.008713 -0.033250
v 0.008713 0.007505 -0.033250
v 0.008930 0.007077 -0.033250
v 0.008922 0.006597 -0.033250
v 0.008041 0.004858 -0.033250
v 0.008200 0.003397 -0.033250
v 0.009121 0.002250 -0.033250
v 0.010974 0.001644 -0.033250
v 0.011319 0.001310 -0.033250
v 0.011468 0.000854 -0.033250
v 0.011468 -0.000854 -0.033250
v 0.011319 -0.001310 -0.033250
v 0.010974 -0.001644 -0.033250
v 0.009121 -0.002250 -0.033250
v 0.008200 -0.003397 -0.033250
v 0.008041 -0.004858 -0.033250
v 0.008922 -0.006597 -0.033250
v 0.008930 -0.007077 -0.033250
v 0.008713 -0.007505 -0.033250
v 0.007505 -0.008713 -0.033250
v 0.007077 -0.008930 -0.033250
v 0.006597 -0.008922 -0.033250
v 0.004858 -0.008041 -0.033250
v 0.003397 -0.008200 -0.033250
v 0.002250 -0.009121 -0.033250
v 0.001644 -0.010974 -0.033250
v 0.001310 -0.011319 -0.033250
v 0.000854 -0.011468 -0.033250
v -0.000854 -0.011468 -0.033250
v -0.001310 -0.011319 -0.033250
v -0.001644 -0.010974 -0.033250
v -0.002250 -0.009121 -0.033250
v -0.003397 -0.008200 -0.033250
v -0.004858 -0.008041 -0.033250
v -0.006597 -0.008922 -0.033250
v -0.007077 -0.008930 -0.033250
v -0.007505 -0.008713 -0.033250
v -0.008713 -0.007505 -0.033250
v -0.008930 -0.007077 -0.033250
v -0.008922 -0.006597 -0.033250
v -0.008041 -0.004858 -0.033250
v -0.008200 -0.003397 -0.033250
v -0.009121 -0.002250 -0.033250
v -0.010513 -0.001779 -0.033250
v -0.010974 -0.001644 -0.033250
v -0.011319 -0.001310 -0.033250
v -0.011468 -0.000854 -0.033250
v -0.011468 0.000854 -0.033250
v -0.011319 0.001310 -0.033250
v -0.010974 0.001644 -0.033250
v -0.010513 0.001779 -0.033250
v -0.009121 0.002250 -0.033250
v -0.008200 0.003397 -0.033250
v -0.008041 0.004858 -0.033250
v -0.008922 0.006597 -0.033250
v -0.008930 0.007077 -0.033250
v -0.008713 0.007505 -0.033250
v -0.007505 0.008713 -0.033250
v -0.007077 0.008930 -0.033250
v -0.006597 0.008922 -0.033250
v -0.007928 -0.008331 -0.033250
v -0.011496 -0.000285 -0.033250
v -0.011496 0.000285 -0.033250
v -0.008331 0.007928 -0.033250
v 0.011496 0.000285 -0.033250
v 0.011496 -0.000285 -0.033250
v 0.003173 -0.005374 -0.033250
v 0.003541 -0.004326 -0.033250
v 0.004326 -0.003541 -0.033250
v 0.005374 -0.003173 -0.033250
v 0.001557 -0.006044 -0.033250
v 0.002217 -0.006261 -0.033250
v 0.002859 -0.005995 -0.033250
v -0.001557 -0.006044 -0.033250
v -0.000555 -0.005562 -0.033250
v 0.000555 -0.005562 -0.033250
v -0.003173 -0.005374 -0.033250
v -0.002859 -0.005995 -0.033250
v -0.002217 -0.006261 -0.033250
v -0.005374 -0.003173 -0.033250
v -0.004326 -0.003541 -0.033250
v -0.003541 -0.004326 -0.033250
v -0.006044 -0.001557 -0.033250
v -0.006261 -0.002217 -0.033250
v -0.005995 -0.002859 -0.033250
v -0.006044 0.001557 -0.033250
v -0.005562 0.000555 -0.033250
v -0.005562 -0.000555 -0.033250
v -0.005374 0.003173 -0.033250
v -0.005995 0.002859 -0.033250
v -0.006261 0.002217 -0.033250
v -0.003173 0.005374 -0.033250
v -0.003541 0.004326 -0.033250
v -0.004326 0.003541 -0.033250
v -0.001557 0.006044 -0.033250
v -0.002217 0.006261 -0.033250
v -0.002859 0.005995 -0.033250
v 0.001557 0.006044 -0.033250
v 0.000555 0.005562 -0.033250
v -0.000555 0.005562 -0.033250
v 0.003173 0.005374 -0.033250
v 0.002859 0.005995 -0.033250
v 0.002217 0.006261 -0.033250
v 0.005374 0.003173 -0.033250
v 0.004326 0.003541 -0.033250
v 0.003541 0.004326 -0.033250
v 0.006044 0.001557 -0.033250
v 0.006261 0.002217 -0.033250
v 0.005995 0.002859 -0.033250
v 0.006044 -0.001557 -0.033250
v 0.005562 -0.000555 -0.033250
v 0.005562 0.000555 -0.033250
v 0.005995 -0.002859 -0.033250
v 0.006261 -0.002217 -0.033250
v 0.006707 0.005657 -0.033250
v 0.006461 0.004982 -0.033250
v 0.005839 0.004623 -0.033250
v 0.005132 0.004748 -0.033250
v 0.004670 0.005298 -0.033250
v 0.004670 0.006016 -0.033250
v 0.005132 0.006566 -0.033250
v 0.005839 0.006691 -0.033250
v 0.006461 0.006332 -0.033250
v 0.001050 0.008000 -0.033250
v 0.000804 0.007325 -0.033250
v 0.000182 0.006966 -0.033250
v -0.000525 0.007091 -0.033250
v -0.000987 0.007641 -0.033250
v -0.000987 0.008359 -0.033250
v -0.000525 0.008909 -0.033250
v 0.000182 0.009034 -0.033250
v 0.000804 0.008675 -0.033250
v -0.004607 0.005657 -0.033250
v -0.004853 0.004982 -0.033250
v -0.005475 0.004623 -0.033250
v -0.006182 0.004748 -0.033250
v -0.006644 0.005298 -0.033250
v -0.006644 0.006016 -0.033250
v -0.006182 0.006566 -0.033250
v -0.005475 0.006691 -0.033250
v -0.004853 0.006332 -0.033250
v -0.006950 -0.000000 -0.033250
v -0.007196 -0.000675 -0.033250
v -0.007818 -0.001034 -0.033250
v -0.008525 -0.000909 -0.033250
v -0.008987 -0.000359 -0.033250
v -0.008987 0.000359 -0.033250
v -0.008525 0.000909 -0.033250
v -0.007818 0.001034 -0.033250
v -0.007196 0.000675 -0.033250
v -0.004607 -0.005657 -0.033250
v -0.004853 -0.006332 -0.033250
v -0.005475 -0.006691 -0.033250
v -0.006182 -0.006566 -0.033250
v -0.006644 -0.006016 -0.033250
v -0.006644 -0.005298 -0.033250
v -0.006182 -0.004748 -0.033250
v -0.005475 -0.004623 -0.033250
v -0.004853 -0.004982 -0.033250
v 0.001050 -0.008000 -0.033250
v 0.000804 -0.008675 -0.033250
v 0.000182 -0.009034 -0.033250
v -0.000525 -0.008909 -0.033250
v -0.000987 -0.008359 -0.033250
v -0.000987 -0.007641 -0.033250
v -0.000525 -0.007091 -0.033250
v 0.000182 -0.006966 -0.033250
v 0.000804 -0.007325 -0.033250
v 0.006707 -0.005657 -0.033250
v 0.006461 -0.006332 -0.033250
v 0.005839 -0.006691 -0.033250
v 0.005132 -0.006566 -0.033250
v 0.004670 -0.006016 -0.033250
v 0.004670 -0.005298 -0.033250
v 0.005132 -0.004748 -0.033250
v 0.005839 -0.004623 -0.033250
v 0.006461 -0.004982 -0.033250
v 0.009050 0.000000 -0.033250
v 0.008804 -0.000675 -0.033250
v 0.008182 -0.001034 -0.033250
v 0.007475 -0.000909 -0.033250
v 0.007013 -0.000359 -0.033250
v 0.007013 0.000359 -0.033250
v 0.007475 0.000909 -0.033250
v 0.008182 0.001034 -0.033250
v 0.008804 0.000675 -0.033250
v 0.018250 0.000666 -0.010750
v 0.018250 0.000300 -0.010680
v 0.018250 -0.000015 -0.010482
v 0.018250 -0.000236 -0.010181
v 0.015750 -0.000236 -0.010181
v 0.015750 -0.000015 -0.010482
v 0.015750 0.000300 -0.010680
v 0.015750 0.000666 -0.010750
v 0.015750 0.004000 -0.010750
v 0.018250 0.004000 -0.010750
v 0.018250 0.008697 -0.010388
v 0.018250 0.007582 -0.009076
v 0.018250 0.006115 -0.008173
v 0.018250 0.005668 -0.007805
v 0.018250 0.005500 -0.007250
v 0.018250 0.005668 -0.006695
v 0.018250 0.006115 -0.006327
v 0.018250 0.007582 -0.005424
v 0.018250 0.008697 -0.004112
v 0.018250 0.009546 -0.002122
v 0.018250 0.009893 -0.001848
v 0.018250 0.010325 -0.001750
v 0.018250 0.021675 -0.001750
v 0.018250 0.022107 -0.001848
v 0.018250 0.022454 -0.002122
v 0.018250 0.023303 -0.004112
v 0.018250 0.024418 -0.005424
v 0.018250 0.025885 -0.006327
v 0.018250 0.026332 -0.006695
v 0.018250 0.026500 -0.007250
v 0.018250 0.026332 -0.007805
v 0.018250 0.025885 -0.008173
v 0.018250 0.024418 -0.009076
v 0.018250 0.023303 -0.010388
v 0.018250 0.022454 -0.012378
v 0.018250 0.022107 -0.012652
v 0.018250 0.021675 -0.012750
v 0.018250 0.010325 -0.012750
v 0.018250 0.009893 -0.012652
v 0.018250 0.009546 -0.012378
v 0.018250 -0.001750 0.000000
v 0.018250 -0.001341 0.001125
v 0.018250 -0.000304 0.001723
v 0.018250 0.000875 0.001516
v 0.018250 0.001644 0.000599
v 0.018250 0.001644 -0.000599
v 0.018250 0.000875 -0.001516
v 0.018250 -0.000304 -0.001723
v 0.018250 -0.001341 -0.001125
v 0.018250 0.005250 -0.011085
v 0.018250 0.006165 -0.012000
v 0.018250 0.006500 -0.013250
v 0.018250 0.006500 -0.014750
v 0.018250 0.006634 -0.015250
v 0.018250 0.007000 -0.015616
v 0.018250 0.007500 -0.015750
v 0.018250 0.024500 -0.015750
v 0.018250 0.025000 -0.015616
v 0.018250 0.025366 -0.015250
v 0.018250 0.025500 -0.014750
v 0.018250 0.025500 -0.013250
v 0.018250 0.025835 -0.012000
v 0.018250 0.026750 -0.011085
v 0.018250 0.028000 -0.010750
v 0.018250 0.029500 -0.010750
v 0.018250 0.030000 -0.010616
v 0.018250 0.030366 -0.010250
v 0.018250 0.030500 -0.009750
v 0.018250 0.030500 -0.004750
v 0.018250 0.030366 -0.004250
v 0.018250 0.030000 -0.003884
v 0.018250 0.029500 -0.003750
v 0.018250 0.028000 -0.003750
v 0.018250 0.026750 -0.003415
v 0.018250 0.025835 -0.002500
v 0.018250 0.025500 -0.001250
v 0.018250 0.025500 0.000250
v 0.018250 0.025366 0.000750
v 0.018250 0.025000 0.001116
v 0.018250 0.024500 0.001250
v 0.018250 0.007095 0.001250
v 0.018250 0.006712 0.001287
v 0.018250 0.006343 0.001397
v 0.018250 0.006002 0.001575
v 0.018250 0.002515 0.003852
v 0.018250 -0.000323 0.004589
v 0.018250 -0.003030 0.003461
v 0.018250 -0.004505 0.000928
v 0.018250 -0.004151 -0.001982
v 0.015750 0.006500 -0.014750
v 0.015750 0.006634 -0.015250
v 0.015750 0.007000 -0.015616
v 0.015750 0.007500 -0.015750
v 0.015750 0.004000 -0.015750
v 0.014250 0.004000 -0.015750
v 0.014250 0.028000 -0.015750
v 0.015750 0.028000 -0.015750
v 0.015750 0.024500 -0.015750
v 0.015750 0.025000 -0.015616
v 0.015750 0.025366 -0.015250
v 0.015750 0.025500 -0.014750
v 0.015750 0.025500 -0.013250
v 0.015750 0.025500 0.000250
v 0.015750 0.025366 0.000750
v 0.015750 0.025000 0.001116
v 0.015750 0.024500 0.001250
v 0.015750 0.028000 0.001250
v 0.014250 0.028000 0.001250
v 0.014250 0.007095 0.001250
v 0.015750 0.030500 -0.004750
v 0.015750 0.030366 -0.004250
v 0.015750 0.030000 -0.003884
v 0.015750 0.029500 -0.003750
v 0.015750 0.028000 -0.003750
v 0.015750 0.029500 -0.010750
v 0.015750 0.030000 -0.010616
v 0.015750 0.030366 -0.010250
v 0.015750 0.030500 -0.009750
v 0.015750 0.028000 -0.010750
v 0.015250 0.009546 -0.002122
v 0.015250 0.009893 -0.001848
v 0.015250 0.010325 -0.001750
v 0.015250 0.008697 -0.004112
v 0.015250 0.007582 -0.005424
v 0.015250 0.006115 -0.006327
v 0.015250 0.005668 -0.006695
v 0.015250 0.005500 -0.007250
v 0.015250 0.005668 -0.007805
v 0.015250 0.006115 -0.008173
v 0.015250 0.007582 -0.009076
v 0.015250 0.008697 -0.010388
v 0.015250 0.009546 -0.012378
v 0.015250 0.009893 -0.012652
v 0.015250 0.010325 -0.012750
v 0.015250 0.021675 -0.012750
v 0.015250 0.022107 -0.012652
v 0.015250 0.022454 -0.012378
v 0.015250 0.023303 -0.010388
v 0.015250 0.024418 -0.009076
v 0.015250 0.025885 -0.008173
v 0.015250 0.026332 -0.007805
v 0.015250 0.026500 -0.007250
v 0.015250 0.026332 -0.006695
v 0.015250 0.025885 -0.006327
v 0.015250 0.024418 -0.005424
v 0.015250 0.023303 -0.004112
v 0.015250 0.022454 -0.002122
v 0.015250 0.022107 -0.001848
v 0.015250 0.021675 -0.001750
v 0.015750 0.005250 -0.011085
v 0.015750 0.006165 -0.012000
v 0.015750 0.006500 -0.013250
v 0.015750 0.001744 -0.014327
v 0.015750 0.002296 -0.015079
v 0.015750 0.003084 -0.015576
v 0.015750 0.002700 -0.013250
v 0.015750 0.003004 -0.012414
v 0.015750 0.003774 -0.011970
v 0.015750 0.004650 -0.012124
v 0.015750 0.005222 -0.012805
v 0.015750 0.005222 -0.013695
v 0.015750 0.004650 -0.014376
v 0.015750 0.003774 -0.014530
v 0.015750 0.003004 -0.014086
v 0.015750 0.025835 -0.012000
v 0.015750 0.026750 -0.011085
v 0.015750 0.029250 -0.015415
v 0.015750 0.030165 -0.014500
v 0.015750 0.030500 -0.013250
v 0.015750 0.026700 -0.013250
v 0.015750 0.027004 -0.012414
v 0.015750 0.027774 -0.011970
v 0.015750 0.028650 -0.012124
v 0.015750 0.029222 -0.012805
v 0.015750 0.029222 -0.013695
v 0.015750 0.028650 -0.014376
v 0.015750 0.027774 -0.014530
v 0.015750 0.027004 -0.014086
v 0.015750 0.026750 -0.003415
v 0.015750 0.025835 -0.002500
v 0.015750 0.025500 -0.001250
v 0.015750 0.030500 -0.001250
v 0.015750 0.030165 0.000000
v 0.015750 0.029250 0.000915
v 0.015750 0.026700 -0.001250
v 0.015750 0.027004 -0.000414
v 0.015750 0.027774 0.000030
v 0.015750 0.028650 -0.000124
v 0.015750 0.029222 -0.000805
v 0.015750 0.029222 -0.001695
v 0.015750 0.028650 -0.002376
v 0.015750 0.027774 -0.002530
v 0.015750 0.027004 -0.002086
v 0.014250 0.006712 0.001287
v 0.014250 0.006343 0.001397
v 0.014250 0.006002 0.001575
v 0.014250 0.002515 0.003852
v 0.014250 0.026700 -0.001250
v 0.014250 0.027004 -0.002086
v 0.014250 0.027774 -0.002530
v 0.014250 0.028650 -0.002376
v 0.014250 0.029222 -0.001695
v 0.014250 0.029222 -0.000805
v 0.014250 0.028650 -0.000124
v 0.014250 0.027774 0.000030
v 0.014250 0.027004 -0.000414
v 0.014250 0.026700 -0.013250
v 0.014250 0.027004 -0.014086
v 0.014250 0.027774 -0.014530
v 0.014250 0.028650 -0.014376
v 0.014250 0.029222 -0.013695
v 0.014250 0.029222 -0.012805
v 0.014250 0.028650 -0.012124
v 0.014250 0.027774 -0.011970
v 0.014250 0.027004 -0.012414
v 0.014250 -0.001750 0.000000
v 0.014250 -0.001341 -0.001125
v 0.014250 -0.000304 -0.001723
v 0.014250 0.000875 -0.001516
v 0.014250 0.001644 -0.000599
v 0.014250 0.001644 0.000599
v 0.014250 0.000875 0.001516
v 0.014250 -0.000304 0.001723
v 0.014250 -0.001341 0.001125
v 0.014250 0.002700 -0.013250
v 0.014250 0.003004 -0.014086
v 0.014250 0.003774 -0.014530
v 0.014250 0.004650 -0.014376
v 0.014250 0.005222 -0.013695
v 0.014250 0.005222 -0.012805
v 0.014250 0.004650 -0.012124
v 0.014250 0.003774 -0.011970
v 0.014250 0.003004 -0.012414
v 0.014250 0.029250 0.000915
v 0.014250 0.030165 0.000000
v 0.014250 0.030500 -0.001250
v 0.014250 0.030500 -0.013250
v 0.014250 0.030165 -0.014500
v 0.014250 0.029250 -0.015415
v 0.014250 0.003084 -0.015576
v 0.014250 0.002296 -0.015079
v 0.014250 0.001744 -0.014327
v 0.014250 -0.004151 -0.001982
v 0.014250 -0.004505 0.000928
v 0.014250 -0.003030 0.003461
v 0.014250 -0.000323 0.004589
v 0.021250 0.000108 -0.002478
v 0.021250 0.001676 -0.001828
v 0.021250 0.002459 -0.000323
v 0.021250 0.002091 0.001333
v 0.021250 0.000745 0.002365
v 0.021250 -0.000949 0.002291
v 0.021250 -0.002200 0.001145
v 0.021250 -0.002421 -0.000537
v 0.021250 -0.001509 -0.001968
v 0.021250 0.000066 -0.001499
v 0.021250 -0.000913 -0.001190
v 0.021250 -0.001464 -0.000325
v 0.021250 -0.001331 0.000692
v 0.021250 -0.000574 0.001386
v 0.021250 0.000451 0.001431
v 0.021250 0.001265 0.000806
v 0.021250 0.001487 -0.000196
v 0.021250 0.001014 -0.001106
v 0.018250 0.000066 -0.001499
v 0.018250 -0.000913 -0.001190
v 0.018250 -0.001464 -0.000325
v 0.018250 -0.001331 0.000692
v 0.018250 -0.000574 0.001386
v 0.018250 0.000451 0.001431
v 0.018250 0.001265 0.000806
v 0.018250 0.001487 -0.000196
v 0.018250 0.001014 -0.001106
v 0.018250 0.000108 -0.002478
v 0.018250 0.001676 -0.001828
v 0.018250 0.002459 -0.000323
v 0.018250 0.002091 0.001333
v 0.018250 0.000745 0.002365
v 0.018250 -0.000949 0.002291
v 0.018250 -0.002200 0.001145
v 0.018250 -0.002421 -0.000537
v 0.018250 -0.001509 -0.001968
v -0.018250 0.006894 0.006894
v -0.018250 0.000850 0.009713
v -0.018250 -0.005592 0.007987
v -0.018250 -0.009418 0.002523
v -0.018250 -0.008837 -0.004121
v -0.018250 -0.004121 -0.008837
v -0.018250 0.002523 -0.009418
v -0.018250 0.007987 -0.005592
v -0.018250 0.009713 0.000850
v -0.018250 0.000742 0.008742
v -0.018250 0.001046 0.008092
v -0.018250 0.000860 0.007398
v -0.018250 0.000272 0.006986
v -0.018250 -0.000444 0.007048
v -0.018250 -0.000952 0.007556
v -0.018250 -0.001014 0.008272
v -0.018250 -0.000602 0.008860
v -0.018250 0.000092 0.009046
v -0.018250 -0.004914 0.006399
v -0.018250 -0.004611 0.005748
v -0.018250 -0.004797 0.005055
v -0.018250 -0.005385 0.004643
v -0.018250 -0.006101 0.004705
v -0.018250 -0.006608 0.005213
v -0.018250 -0.006671 0.005929
v -0.018250 -0.006259 0.006517
v -0.018250 -0.005565 0.006703
v -0.018250 -0.007258 0.000742
v -0.018250 -0.006954 0.000092
v -0.018250 -0.007140 -0.000602
v -0.018250 -0.007728 -0.001014
v -0.018250 -0.008444 -0.000952
v -0.018250 -0.008952 -0.000444
v -0.018250 -0.009014 0.000272
v -0.018250 -0.008602 0.000860
v -0.018250 -0.007908 0.001046
v -0.018250 -0.004914 -0.004914
v -0.018250 -0.004611 -0.005565
v -0.018250 -0.004797 -0.006259
v -0.018250 -0.005385 -0.006671
v -0.018250 -0.006101 -0.006608
v -0.018250 -0.006608 -0.006101
v -0.018250 -0.006671 -0.005385
v -0.018250 -0.006259 -0.004797
v -0.018250 -0.005565 -0.004611
v -0.018250 0.000742 -0.007258
v -0.018250 0.001046 -0.007908
v -0.018250 0.000860 -0.008602
v -0.018250 0.000272 -0.009014
v -0.018250 -0.000444 -0.008952
v -0.018250 -0.000952 -0.008444
v -0.018250 -0.001014 -0.007728
v -0.018250 -0.000602 -0.007140
v -0.018250 0.000092 -0.006954
v -0.018250 0.006399 -0.004914
v -0.018250 0.006703 -0.005565
v -0.018250 0.006517 -0.006259
v -0.018250 0.005929 -0.006671
v -0.018250 0.005213 -0.006608
v -0.018250 0.004705 -0.006101
v -0.018250 0.004643 -0.005385
v -0.018250 0.005055 -0.004797
v -0.018250 0.005748 -0.004611
v -0.018250 0.008742 0.000742
v -0.018250 0.009046 0.000092
v -0.018250 0.008860 -0.000602
v -0.018250 0.008272 -0.001014
v -0.018250 0.007556 -0.000952
v -0.018250 0.007048 -0.000444
v -0.018250 0.006986 0.000272
v -0.018250 0.007398 0.000860
v -0.018250 0.008092 0.001046
v -0.018250 0.006399 0.006399
v -0.018250 0.006703 0.005748
v -0.018250 0.006517 0.005055
v -0.018250 0.005929 0.004643
v -0.018250 0.005213 0.004705
v -0.018250 0.004705 0.005213
v -0.018250 0.004643 0.005929
v -0.018250 0.005055 0.006517
v -0.018250 0.005748 0.006703
v -0.018250 0.002864 0.002864
v -0.018250 0.004035 0.000353
v -0.018250 0.003318 -0.002323
v -0.018250 0.001048 -0.003912
v -0.018250 -0.001712 -0.003671
v -0.018250 -0.003671 -0.001712
v -0.018250 -0.003912 0.001048
v -0.018250 -0.002323 0.003318
v -0.018250 0.000353 0.004035
v -0.020250 0.002864 0.002864
v -0.020250 0.004035 0.000353
v -0.020250 0.003318 -0.002323
v -0.020250 0.001048 -0.003912
v -0.020250 -0.001712 -0.003671
v -0.020250 -0.003671 -0.001712
v -0.020250 -0.003912 0.001048
v -0.020250 -0.002323 0.003318
v -0.020250 0.000353 0.004035
v -0.020250 0.006399 0.006399
v -0.020250 0.006703 0.005748
v -0.020250 0.006517 0.005055
v -0.020250 0.005929 0.004643
v -0.020250 0.005213 0.004705
v -0.020250 0.004705 0.005213
v -0.020250 0.004643 0.005929
v -0.020250 0.005055 0.006517
v -0.020250 0.005748 0.006703
v -0.020250 0.008742 0.000742
v -0.020250 0.009046 0.000092
v -0.020250 0.008860 -0.000602
v -0.020250 0.008272 -0.001014
v -0.020250 0.007556 -0.000952
v -0.020250 0.007048 -0.000444
v -0.020250 0.006986 0.000272
v -0.020250 0.007398 0.000860
v -0.020250 0.008092 0.001046
v -0.020250 0.006399 -0.004914
v -0.020250 0.006703 -0.005565
v -0.020250 0.006517 -0.006259
v -0.020250 0.005929 -0.006671
v -0.020250 0.005213 -0.006608
v -0.020250 0.004705 -0.006101
v -0.020250 0.004643 -0.005385
v -0.020250 0.005055 -0.004797
v -0.020250 0.005748 -0.004611
v -0.020250 0.000742 -0.007258
v -0.020250 0.001046 -0.007908
v -0.020250 0.000860 -0.008602
v -0.020250 0.000272 -0.009014
v -0.020250 -0.000444 -0.008952
v -0.020250 -0.000952 -0.008444
v -0.020250 -0.001014 -0.007728
v -0.020250 -0.000602 -0.007140
v -0.020250 0.000092 -0.006954
v -0.020250 -0.004914 -0.004914
v -0.020250 -0.004611 -0.005565
v -0.020250 -0.004797 -0.006259
v -0.020250 -0.005385 -0.006671
v -0.020250 -0.006101 -0.006608
v -0.020250 -0.006608 -0.006101
v -0.020250 -0.006671 -0.005385
v -0.020250 -0.006259 -0.004797
v -0.020250 -0.005565 -0.004611
v -0.020250 -0.007258 0.000742
v -0.020250 -0.006954 0.000092
v -0.020250 -0.007140 -0.000602
v -0.020250 -0.007728 -0.001014
v -0.020250 -0.008444 -0.000952
v -0.020250 -0.008952 -0.000444
v -0.020250 -0.009014 0.000272
v -0.020250 -0.008602 0.000860
v -0.020250 -0.007908 0.001046
v -0.020250 -0.004914 0.006399
v -0.020250 -0.004611 0.005748
v -0.020250 -0.004797 0.005055
v -0.020250 -0.005385 0.004643
v -0.020250 -0.006101 0.004705
v -0.020250 -0.006608 0.005213
v -0.020250 -0.006671 0.005929
v -0.020250 -0.006259 0.006517
v -0.020250 -0.005565 0.006703
v -0.020250 0.000742 0.008742
v -0.020250 0.001046 0.008092
v -0.020250 0.000860 0.007398
v -0.020250 0.000272 0.006986
v -0.020250 -0.000444 0.007048
v -0.020250 -0.000952 0.007556
v -0.020250 -0.001014 0.008272
v -0.020250 -0.000602 0.008860
v -0.020250 0.000092 0.009046
v -0.020250 0.006894 0.006894
v -0.020250 0.000850 0.009713
v -0.020250 -0.005592 0.007987
v -0.020250 -0.009418 0.002523
v -0.020250 -0.008837 -0.004121
v -0.020250 -0.004121 -0.008837
v -0.020250 0.002523 -0.009418
v -0.020250 0.007987 -0.005592
v -0.020250 0.009713 0.000850
v -0.017750 0.010239 -0.004019
v -0.017750 0.010669 -0.003353
v -0.017750 0.011324 -0.002907
v -0.017750 0.012101 -0.002750
v -0.014250 0.012101 -0.002750
v -0.014250 0.011324 -0.002907
v -0.014250 0.010669 -0.003353
v -0.014250 0.010239 -0.004019
v -0.017750 0.007176 -0.010818
v -0.017750 0.006789 -0.009918
v -0.017750 0.006876 -0.008942
v -0.017750 0.007415 -0.008125
v -0.014250 0.007415 -0.008125
v -0.014250 0.006876 -0.008942
v -0.014250 0.006789 -0.009918
v -0.014250 0.007176 -0.010818
v -0.014250 0.009511 -0.005526
v -0.014250 0.008562 -0.006906
v -0.017750 0.008562 -0.006906
v -0.017750 0.009511 -0.005526
v -0.017750 0.009657 -0.013250
v -0.017750 0.008859 -0.013084
v -0.017750 0.008194 -0.012614
v -0.017750 0.007771 -0.011917
v -0.014250 0.007771 -0.011917
v -0.014250 0.008194 -0.012614
v -0.014250 0.008859 -0.013084
v -0.014250 0.009657 -0.013250
v -0.014250 0.007412 -0.011163
v -0.014250 0.007611 -0.011530
v -0.017750 0.007611 -0.011530
v -0.017750 0.007412 -0.011163
v -0.017750 0.023806 -0.012614
v -0.017750 0.023141 -0.013084
v -0.017750 0.022343 -0.013250
v -0.014250 0.022343 -0.013250
v -0.014250 0.023141 -0.013084
v -0.014250 0.023806 -0.012614
v -0.014250 0.024229 -0.011917
v -0.017750 0.028000 -0.007593
v -0.017750 0.027834 -0.008391
v -0.017750 0.027364 -0.009056
v -0.014250 0.027364 -0.009056
v -0.014250 0.027834 -0.008391
v -0.014250 0.028000 -0.007593
v -0.014250 0.024784 -0.010871
v -0.014250 0.025621 -0.010034
v -0.017750 0.025621 -0.010034
v -0.017750 0.024784 -0.010871
v -0.014250 0.021525 -0.002728
v -0.014250 0.021376 -0.002744
v -0.017750 0.021376 -0.002744
v -0.017750 0.021525 -0.002728
v -0.014250 0.007772 0.007785
v -0.014250 0.007499 0.008012
v -0.014250 0.007191 0.008188
v -0.014250 0.006856 0.008306
v -0.014250 0.003249 0.009232
v -0.014250 0.002651 0.009201
v -0.014250 0.002179 0.008834
v -0.014250 0.002000 0.008264
v -0.014250 0.002000 0.008000
v -0.014250 0.001618 0.006824
v -0.014250 0.000618 0.006098
v -0.014250 -0.000618 0.006098
v -0.014250 -0.001618 0.006824
v -0.014250 -0.002000 0.008000
v -0.014250 -0.002000 0.008220
v -0.014250 -0.002198 0.008817
v -0.014250 -0.002714 0.009178
v -0.014250 -0.003343 0.009159
v -0.014250 -0.004113 0.008840
v -0.014250 -0.004571 0.008409
v -0.014250 -0.004680 0.007789
v -0.014250 -0.004398 0.007226
v -0.014250 -0.004243 0.007071
v -0.014250 -0.003681 0.005970
v -0.014250 -0.003875 0.004749
v -0.014250 -0.004749 0.003875
v -0.014250 -0.005970 0.003681
v -0.014250 -0.007071 0.004243
v -0.014250 -0.007226 0.004398
v -0.014250 -0.007789 0.004680
v -0.014250 -0.008409 0.004571
v -0.014250 -0.008840 0.004113
v -0.014250 -0.009159 0.003343
v -0.014250 -0.009178 0.002714
v -0.014250 -0.008817 0.002198
v -0.014250 -0.008220 0.002000
v -0.014250 -0.008000 0.002000
v -0.014250 -0.006824 0.001618
v -0.014250 -0.006098 0.000618
v -0.014250 -0.006098 -0.000618
v -0.014250 -0.006824 -0.001618
v -0.014250 -0.008000 -0.002000
v -0.014250 -0.008220 -0.002000
v -0.014250 -0.008817 -0.002198
v -0.014250 -0.009178 -0.002714
v -0.014250 -0.009159 -0.003343
v -0.014250 -0.008840 -0.004113
v -0.014250 -0.008409 -0.004571
v -0.014250 -0.007789 -0.004680
v -0.014250 -0.007226 -0.004398
v -0.014250 -0.007071 -0.004243
v -0.014250 -0.005970 -0.003681
v -0.014250 -0.004749 -0.003875
v -0.014250 -0.003875 -0.004749
v -0.014250 -0.003681 -0.005970
v -0.014250 -0.004243 -0.007071
v -0.014250 -0.004921 -0.007749
v -0.014250 -0.005174 -0.008177
v -0.014250 -0.005190 -0.008674
v -0.014250 -0.004965 -0.009117
v -0.014250 0.000997 -0.015892
v -0.014250 0.001855 -0.016626
v -0.014250 0.002883 -0.017091
v -0.014250 0.004000 -0.017250
v -0.014250 0.028000 -0.017250
v -0.014250 0.030000 -0.016714
v -0.014250 0.031464 -0.015250
v -0.014250 0.032000 -0.013250
v -0.014250 0.032000 -0.001250
v -0.014250 0.031304 0.001004
v -0.014250 0.029459 0.002474
v -0.014250 0.027107 0.002649
v -0.014250 0.021220 0.001301
v -0.014250 0.021073 0.001272
v -0.014250 0.020924 0.001256
v -0.014250 0.012587 0.001250
v -0.014250 0.011736 0.001440
v -0.014250 0.011047 0.001974
v -0.014250 0.010651 0.002750
v -0.014250 0.009996 0.004591
v -0.014250 0.009026 0.006287
v -0.014250 0.006000 0.000000
v -0.014250 0.006468 0.001286
v -0.014250 0.007653 0.001970
v -0.014250 0.009000 0.001732
v -0.014250 0.009879 0.000684
v -0.014250 0.009879 -0.000684
v -0.014250 0.009000 -0.001732
v -0.014250 0.007653 -0.001970
v -0.014250 0.006468 -0.001286
v -0.014250 -0.002000 -0.008000
v -0.014250 -0.001532 -0.006714
v -0.014250 -0.000347 -0.006030
v -0.014250 0.001000 -0.006268
v -0.014250 0.001879 -0.007316
v -0.014250 0.001879 -0.008684
v -0.014250 0.001000 -0.009732
v -0.014250 -0.000347 -0.009970
v -0.014250 -0.001532 -0.009286
v -0.014250 0.003657 0.005657
v -0.014250 0.004125 0.006942
v -0.014250 0.005310 0.007626
v -0.014250 0.006657 0.007389
v -0.014250 0.007536 0.006341
v -0.014250 0.007536 0.004973
v -0.014250 0.006657 0.003925
v -0.014250 0.005310 0.003687
v -0.014250 0.004125 0.004371
v -0.014250 0.003657 -0.005657
v -0.014250 0.004125 -0.004371
v -0.014250 0.005310 -0.003687
v -0.014250 0.006657 -0.003925
v -0.014250 0.007536 -0.004973
v -0.014250 0.007536 -0.006341
v -0.014250 0.006657 -0.007389
v -0.014250 0.005310 -0.007626
v -0.014250 0.004125 -0.006942
v -0.014250 0.002700 -0.013250
v -0.014250 0.003004 -0.012414
v -0.014250 0.003774 -0.011970
v -0.014250 0.004650 -0.012124
v -0.014250 0.005222 -0.012805
v -0.014250 0.005222 -0.013695
v -0.014250 0.004650 -0.014376
v -0.014250 0.003774 -0.014530
v -0.014250 0.003004 -0.014086
v -0.014250 -0.004050 0.000000
v -0.014250 -0.003102 0.002603
v -0.014250 -0.000703 0.003988
v -0.014250 0.002025 0.003507
v -0.014250 0.003806 0.001385
v -0.014250 0.003806 -0.001385
v -0.014250 0.002025 -0.003507
v -0.014250 -0.000703 -0.003988
v -0.014250 -0.003102 -0.002603
v -0.014250 0.026700 -0.013250
v -0.014250 0.027004 -0.012414
v -0.014250 0.027774 -0.011970
v -0.014250 0.028650 -0.012124
v -0.014250 0.029222 -0.012805
v -0.014250 0.029222 -0.013695
v -0.014250 0.028650 -0.014376
v -0.014250 0.027774 -0.014530
v -0.014250 0.027004 -0.014086
v -0.014250 0.026700 -0.001250
v -0.014250 0.027004 -0.000414
v -0.014250 0.027774 0.000030
v -0.014250 0.028650 -0.000124
v -0.014250 0.029222 -0.000805
v -0.014250 0.029222 -0.001695
v -0.014250 0.028650 -0.002376
v -0.014250 0.027774 -0.002530
v -0.014250 0.027004 -0.002086
v -0.014250 0.022486 -0.002513
v -0.014250 0.023301 -0.002497
v -0.014250 0.024054 -0.002807
v -0.014250 0.024622 -0.003392
v -0.014250 0.025176 -0.004083
v -0.014250 0.025869 -0.004635
v -0.014250 0.026667 -0.005021
v -0.014250 0.027364 -0.005444
v -0.014250 0.027834 -0.006109
v -0.014250 0.028000 -0.006907
v -0.017750 0.022486 -0.002513
v -0.017750 0.023301 -0.002497
v -0.017750 0.024054 -0.002807
v -0.017750 0.024622 -0.003392
v -0.017750 0.025176 -0.004083
v -0.017750 0.025869 -0.004635
v -0.017750 0.026667 -0.005021
v -0.017750 0.027364 -0.005444
v -0.017750 0.027834 -0.006109
v -0.017750 0.028000 -0.006907
v -0.018250 0.007772 0.007785
v -0.018250 0.007499 0.008012
v -0.018250 0.007191 0.008188
v -0.018250 0.006856 0.008306
v -0.018250 0.010651 0.002750
v -0.018250 0.009996 0.004591
v -0.018250 0.009026 0.006287
v -0.018250 0.012587 0.001250
v -0.018250 0.011736 0.001440
v -0.018250 0.011047 0.001974
v -0.018250 0.021073 0.001272
v -0.018250 0.020924 0.001256
v -0.018250 0.027107 0.002649
v -0.018250 0.029459 0.002474
v -0.018250 0.031304 0.001004
v -0.018250 0.032000 -0.001250
v -0.018250 0.032000 -0.013250
v -0.018250 0.031464 -0.015250
v -0.018250 0.030000 -0.016714
v -0.018250 0.028000 -0.017250
v -0.018250 0.004000 -0.017250
v -0.018250 0.002883 -0.017091
v -0.018250 0.001855 -0.016626
v -0.018250 0.000997 -0.015892
v -0.018250 -0.007320 -0.006441
v -0.018250 -0.009714 -0.000835
v -0.018250 -0.008311 0.005098
v -0.018250 -0.003659 0.009037
v -0.018250 0.002424 0.009444
v -0.018250 0.026700 -0.001250
v -0.018250 0.027004 -0.002086
v -0.018250 0.027774 -0.002530
v -0.018250 0.028650 -0.002376
v -0.018250 0.029222 -0.001695
v -0.018250 0.029222 -0.000805
v -0.018250 0.028650 -0.000124
v -0.018250 0.027774 0.000030
v -0.018250 0.027004 -0.000414
v -0.018250 0.026700 -0.013250
v -0.018250 0.027004 -0.014086
v -0.018250 0.027774 -0.014530
v -0.018250 0.028650 -0.014376
v -0.018250 0.029222 -0.013695
v -0.018250 0.029222 -0.012805
v -0.018250 0.028650 -0.012124
v -0.018250 0.027774 -0.011970
v -0.018250 0.027004 -0.012414
v -0.018250 -0.004050 0.000000
v -0.018250 -0.003102 -0.002603
v -0.018250 -0.000703 -0.003988
v -0.018250 0.002025 -0.003507
v -0.018250 0.003806 -0.001385
v -0.018250 0.003806 0.001385
v -0.018250 0.002025 0.003507
v -0.018250 -0.000703 0.003988
v -0.018250 -0.003102 0.002603
v -0.018250 -0.009050 0.000000
v -0.018250 -0.008804 -0.000675
v -0.018250 -0.008182 -0.001034
v -0.018250 -0.007475 -0.000909
v -0.018250 -0.007013 -0.000359
v -0.018250 -0.007013 0.000359
v -0.018250 -0.007475 0.000909
v -0.018250 -0.008182 0.001034
v -0.018250 -0.008804 0.000675
v -0.018250 -0.006707 0.005657
v -0.018250 -0.006461 0.004982
v -0.018250 -0.005839 0.004623
v -0.018250 -0.005132 0.004748
v -0.018250 -0.004670 0.005298
v -0.018250 -0.004670 0.006016
v -0.018250 -0.005132 0.006566
v -0.018250 -0.005839 0.006691
v -0.018250 -0.006461 0.006332
v -0.018250 -0.001050 0.008000
v -0.018250 -0.000804 0.007325
v -0.018250 -0.000182 0.006966
v -0.018250 0.000525 0.007091
v -0.018250 0.000987 0.007641
v -0.018250 0.000987 0.008359
v -0.018250 0.000525 0.008909
v -0.018250 -0.000182 0.009034
v -0.018250 -0.000804 0.008675
v -0.018250 0.004607 0.005657
v -0.018250 0.004853 0.004982
v -0.018250 0.005475 0.004623
v -0.018250 0.006182 0.004748
v -0.018250 0.006644 0.005298
v -0.018250 0.006644 0.006016
v -0.018250 0.006182 0.006566
v -0.018250 0.005475 0.006691
v -0.018250 0.004853 0.006332
v -0.018250 -0.001050 -0.008000
v -0.018250 -0.000804 -0.008675
v -0.018250 -0.000182 -0.009034
v -0.018250 0.000525 -0.008909
v -0.018250 0.000987 -0.008359
v -0.018250 0.000987 -0.007641
v -0.018250 0.000525 -0.007091
v -0.018250 -0.000182 -0.006966
v -0.018250 -0.000804 -0.007325
v -0.018250 -0.006707 -0.005657
v -0.018250 -0.006461 -0.006332
v -0.018250 -0.005839 -0.006691
v -0.018250 -0.005132 -0.006566
v -0.018250 -0.004670 -0.006016
v -0.018250 -0.004670 -0.005298
v -0.018250 -0.005132 -0.004748
v -0.018250 -0.005839 -0.004623
v -0.018250 -0.006461 -0.004982
v -0.018250 0.004607 -0.005657
v -0.018250 0.004853 -0.006332
v -0.018250 0.005475 -0.006691
v -0.018250 0.006182 -0.006566
v -0.018250 0.006644 -0.006016
v -0.018250 0.006644 -0.005298
v -0.018250 0.006182 -0.004748
v -0.018250 0.005475 -0.004623
v -0.018250 0.004853 -0.004982
v -0.018250 0.006950 0.000000
v -0.018250 0.007196 -0.000675
v -0.018250 0.007818 -0.001034
v -0.018250 0.008525 -0.000909
v -0.018250 0.008987 -0.000359
v -0.018250 0.008987 0.000359
v -0.018250 0.008525 0.000909
v -0.018250 0.007818 0.001034
v -0.018250 0.007196 0.000675
v -0.018250 0.002700 -0.013250
v -0.018250 0.003004 -0.014086
v -0.018250 0.003774 -0.014530
v -0.018250 0.004650 -0.014376
v -0.018250 0.005222 -0.013695
v -0.018250 0.005222 -0.012805
v -0.018250 0.004650 -0.012124
v -0.018250 0.003774 -0.011970
v -0.018250 0.003004 -0.012414
v -0.016450 -0.004921 -0.007749
v -0.016450 -0.005174 -0.008177
v -0.016450 -0.005190 -0.008674
v -0.016450 -0.004965 -0.009117
v -0.016450 -0.008840 -0.004113
v -0.016450 -0.008409 -0.004571
v -0.016450 -0.007789 -0.004680
v -0.016450 -0.007226 -0.004398
v -0.016450 -0.009159 -0.003343
v -0.016450 -0.009684 -0.001135
v -0.016450 -0.009684 0.001135
v -0.016450 -0.009159 0.003343
v -0.016450 -0.008840 0.004113
v -0.016450 -0.007650 0.006045
v -0.016450 -0.006045 0.007650
v -0.016450 -0.004113 0.008840
v -0.016450 -0.003343 0.009159
v -0.016450 -0.001453 0.009641
v -0.016450 0.000495 0.009737
v -0.016450 0.002424 0.009444
v -0.016450 -0.007900 -0.005714
v -0.016450 -0.008408 -0.004936
v -0.016450 -0.008220 -0.002000
v -0.016450 -0.008817 -0.002198
v -0.016450 -0.009178 -0.002714
v -0.016450 -0.009178 0.002714
v -0.016450 -0.008817 0.002198
v -0.016450 -0.008220 0.002000
v -0.016450 -0.007226 0.004398
v -0.016450 -0.007789 0.004680
v -0.016450 -0.008409 0.004571
v -0.016450 -0.004571 0.008409
v -0.016450 -0.004680 0.007789
v -0.016450 -0.004398 0.007226
v -0.016450 -0.002000 0.008220
v -0.016450 -0.002198 0.008817
v -0.016450 -0.002714 0.009178
v -0.016450 0.003249 0.009232
v -0.016450 0.002651 0.009201
v -0.016450 0.002179 0.008834
v -0.016450 0.002000 0.008264
v -0.016450 -0.008000 -0.002000
v -0.016450 -0.008000 0.002000
v -0.016450 0.002000 0.008000
v -0.016450 -0.002000 0.008000
v -0.016450 -0.007071 -0.004243
v -0.016450 -0.004243 -0.007071
v -0.016450 -0.004243 0.007071
v -0.016450 -0.007071 0.004243
v -0.016450 -0.009050 0.000000
v -0.016450 -0.008804 0.000675
v -0.016450 -0.008182 0.001034
v -0.016450 -0.007475 0.000909
v -0.016450 -0.007013 0.000359
v -0.016450 -0.007013 -0.000359
v -0.016450 -0.007475 -0.000909
v -0.016450 -0.008182 -0.001034
v -0.016450 -0.008804 -0.000675
v -0.016450 -0.006824 -0.001618
v -0.016450 -0.006098 -0.000618
v -0.016450 -0.006098 0.000618
v -0.016450 -0.006824 0.001618
v -0.016450 -0.001050 0.008000
v -0.016450 -0.000804 0.008675
v -0.016450 -0.000182 0.009034
v -0.016450 0.000525 0.008909
v -0.016450 0.000987 0.008359
v -0.016450 0.000987 0.007641
v -0.016450 0.000525 0.007091
v -0.016450 -0.000182 0.006966
v -0.016450 -0.000804 0.007325
v -0.016450 -0.001618 0.006824
v -0.016450 -0.000618 0.006098
v -0.016450 0.000618 0.006098
v -0.016450 0.001618 0.006824
v -0.016450 -0.003681 -0.005970
v -0.016450 -0.003875 -0.004749
v -0.016450 -0.004749 -0.003875
v -0.016450 -0.005970 -0.003681
v -0.016450 -0.006399 -0.004914
v -0.016450 -0.005748 -0.004611
v -0.016450 -0.005055 -0.004797
v -0.016450 -0.004643 -0.005385
v -0.016450 -0.004705 -0.006101
v -0.016450 -0.005213 -0.006608
v -0.016450 -0.005929 -0.006671
v -0.016450 -0.006517 -0.006259
v -0.016450 -0.006703 -0.005565
v -0.016450 0.006000 0.000000
v -0.016450 0.006468 0.001286
v -0.016450 0.007653 0.001970
v -0.016450 0.009000 0.001732
v -0.016450 0.009879 0.000684
v -0.016450 0.009879 -0.000684
v -0.016450 0.009000 -0.001732
v -0.016450 0.007653 -0.001970
v -0.016450 0.006468 -0.001286
v -0.016450 0.006950 0.000000
v -0.016450 0.007196 0.000675
v -0.016450 0.007818 0.001034
v -0.016450 0.008525 0.000909
v -0.016450 0.008987 0.000359
v -0.016450 0.008987 -0.000359
v -0.016450 0.008525 -0.000909
v -0.016450 0.007818 -0.001034
v -0.016450 0.007196 -0.000675
v -0.016450 -0.003681 0.005970
v -0.016450 -0.003875 0.004749
v -0.016450 -0.004749 0.003875
v -0.016450 -0.005970 0.003681
v -0.016450 -0.004914 0.006399
v -0.016450 -0.004611 0.005748
v -0.016450 -0.004797 0.005055
v -0.016450 -0.005385 0.004643
v -0.016450 -0.006101 0.004705
v -0.016450 -0.006608 0.005213
v -0.016450 -0.006671 0.005929
v -0.016450 -0.006259 0.006517
v -0.016450 -0.005565 0.006703
v -0.016450 -0.002000 -0.008000
v -0.016450 -0.001532 -0.006714
v -0.016450 -0.000347 -0.006030
v -0.016450 0.001000 -0.006268
v -0.016450 0.001879 -0.007316
v -0.016450 0.001879 -0.008684
v -0.016450 0.001000 -0.009732
v -0.016450 -0.000347 -0.009970
v -0.016450 -0.001532 -0.009286
v -0.016450 -0.001050 -0.008000
v -0.016450 -0.000804 -0.007325
v -0.016450 -0.000182 -0.006966
v -0.016450 0.000525 -0.007091
v -0.016450 0.000987 -0.007641
v -0.016450 0.000987 -0.008359
v -0.016450 0.000525 -0.008909
v -0.016450 -0.000182 -0.009034
v -0.016450 -0.000804 -0.008675
v -0.016450 0.003657 0.005657
v -0.016450 0.004125 0.006942
v -0.016450 0.005310 0.007626
v -0.016450 0.006657 0.007389
v -0.016450 0.007536 0.006341
v -0.016450 0.007536 0.004973
v -0.016450 0.006657 0.003925
v -0.016450 0.005310 0.003687
v -0.016450 0.004125 0.004371
v -0.016450 0.004607 0.005657
v -0.016450 0.004853 0.006332
v -0.016450 0.005475 0.006691
v -0.016450 0.006182 0.006566
v -0.016450 0.006644 0.006016
v -0.016450 0.006644 0.005298
v -0.016450 0.006182 0.004748
v -0.016450 0.005475 0.004623
v -0.016450 0.004853 0.004982
v -0.016450 0.003657 -0.005657
v -0.016450 0.004125 -0.004371
v -0.016450 0.005310 -0.003687
v -0.016450 0.006657 -0.003925
v -0.016450 0.007536 -0.004973
v -0.016450 0.007536 -0.006341
v -0.016450 0.006657 -0.007389
v -0.016450 0.005310 -0.007626
v -0.016450 0.004125 -0.006942
v -0.016450 0.004607 -0.005657
v -0.016450 0.004853 -0.004982
v -0.016450 0.005475 -0.004623
v -0.016450 0.006182 -0.004748
v -0.016450 0.006644 -0.005298
v -0.016450 0.006644 -0.006016
v -0.016450 0.006182 -0.006566
v -0.016450 0.005475 -0.006691
v -0.016450 0.004853 -0.006332
vt 0.100000 0.256563
vt 0.100000 0.329867
vt -0.100000 0.329867
vt -0.100000 0.256563
vt 1.056488 -0.569063
vt 1.183763 -0.196739
vt 1.000000 0.000000
vt 0.766044 -0.642788
vt 0.881492 -0.713516
vt 0.950400 -0.618769
vt 0.852500 0.090933
vt 0.898668 0.035912
vt 0.898668 -0.035912
vt 0.852500 -0.090933
vt 1.033662 -0.376222
vt 1.033662 0.376222
vt 0.618185 0.474753
vt 0.547452 0.462281
vt 0.485251 0.498193
vt 0.460685 0.565685
vt 0.202500 0.350740
vt 0.380576 0.138518
vt 0.380576 -0.138518
vt 0.202500 -0.350740
vt -0.070328 -0.398847
vt -0.310248 -0.260329
vt -0.583918 -0.462281
vt -0.513185 -0.474753
vt -0.467018 -0.529773
vt -0.467018 -0.601598
vt -0.513185 -0.656618
vt -0.583918 -0.669090
vt -0.646120 -0.633178
vt -0.670685 -0.565685
vt -0.646120 -0.498193
vt -0.818233 -0.103405
vt -0.880435 -0.067493
vt -0.905000 0.000000
vt -0.880435 0.067493
vt -0.818233 0.103405
vt -0.747500 0.090933
vt -0.646120 0.498193
vt -0.670685 0.565685
vt -0.842649 0.707066
vt -1.100000 0.000000
vt -0.842649 -0.707066
vt -0.191013 -1.083289
vt 0.550000 -0.952628
vt 0.052500 -0.890933
vt -0.018233 -0.903405
vt -0.080435 -0.867493
vt -0.105000 -0.800000
vt -0.080435 -0.732507
vt -0.018233 -0.696595
vt 0.052500 -0.709067
vt 0.098668 -0.764088
vt 0.460685 -0.565685
vt 0.485251 -0.498193
vt 0.547452 -0.462281
vt 0.618185 -0.474753
vt 0.781767 -0.103405
vt 0.719565 -0.067493
vt 0.695000 0.000000
vt 0.719565 0.067493
vt 0.781767 0.103405
vt 0.100000 -0.256563
vt 0.100000 -0.183260
vt -0.100000 -0.183260
vt -0.100000 -0.256563
vt 0.100000 -0.256563
vt 0.100000 -0.183260
vt -0.100000 -0.183260
vt -0.100000 -0.256563
vt 0.700000 -0.324483
vt 0.780000 -0.311708
vt 0.700000 -0.236065
vt 0.780000 -0.147647
vt 0.700000 -0.147647
vt 0.750000 -0.412902
vt 0.780000 -0.475769
vt 0.750000 -0.531305
vt 0.780000 -0.639830
vt 0.750000 -0.649709
vt 0.750000 -0.768113
vt 0.780000 -0.803891
vt 0.780000 0.672658
vt 0.750000 0.708436
vt 0.700000 0.708436
vt 0.700000 0.620018
vt 0.780000 0.508597
vt 0.700000 0.531599
vt 0.700000 0.443181
vt 0.500000 0.443181
vt 0.500000 0.394834
vt 0.780000 0.344536
vt 0.500000 0.346487
vt 0.500000 0.298139
vt 0.780000 0.180475
vt 0.000000 0.197891
vt 0.000000 0.097643
vt 0.780000 0.016414
vt -0.000000 -0.002605
vt 0.500000 -0.002605
vt 0.500000 -0.050952
vt 0.500000 0.050952
vt 0.780000 -0.016414
vt 0.780000 0.147647
vt 0.500000 0.099300
vt 0.700000 0.324483
vt 0.780000 0.311708
vt 0.750000 0.412902
vt 0.700000 0.412902
vt 0.700000 0.118257
vt 0.780000 0.131032
vt 0.700000 0.206675
vt 0.780000 0.295093
vt 0.700000 0.295093
vt 0.750000 0.029838
vt 0.780000 -0.033029
vt 0.750000 -0.088565
vt 0.780000 -0.197090
vt 0.750000 -0.206969
vt 0.750000 -0.325373
vt 0.780000 -0.361151
vt 0.700000 -0.325373
vt 0.700000 -0.413791
vt 0.780000 -0.525212
vt 0.700000 -0.502209
vt 0.700000 -0.590627
vt 0.500000 -0.590627
vt 0.500000 -0.638975
vt 0.780000 -0.689273
vt 0.500000 -0.687322
vt 0.500000 -0.735669
vt 0.000000 -0.640631
vt -0.000000 -0.740879
vt 0.500000 -0.740879
vt 0.780000 -0.787276
vt 0.780000 -0.623215
vt 0.780000 0.623215
vt -0.000000 0.640631
vt 0.000000 0.540383
vt 0.780000 0.459154
vt -0.000000 0.440135
vt 0.500000 0.440135
vt 0.500000 0.391788
vt 0.500000 -0.099300
vt 0.250000 -0.329867
vt 0.250000 -0.256563
vt -0.250000 -0.256563
vt -0.250000 -0.329867
vt -0.376140 1.400364
vt -1.027175 1.023431
vt -0.950173 0.981044
vt -0.894132 0.913328
vt -0.866892 0.829758
vt -0.319029 1.156815
vt 0.319029 1.156815
vt 0.866892 0.829758
vt 0.894132 0.913328
vt 0.950173 0.981044
vt 1.027175 1.023431
vt 0.376140 1.400364
vt -0.000000 -0.137758
vt 0.000000 -0.196559
vt 0.300000 -0.196559
vt 0.300000 -0.137758
vt 1.183763 0.196739
vt 1.183763 -0.196739
vt 1.056488 -0.569063
vt 1.144385 -0.569230
vt 1.226073 -0.601681
vt 1.290124 -0.661877
vt 1.431937 -0.228158
vt 1.431937 0.228158
vt 1.290124 0.661877
vt 1.226073 0.601681
vt 1.144385 0.569230
vt 1.056488 0.569063
vt -0.500000 0.729388
vt 0.000000 0.729388
vt -0.000000 0.841409
vt -0.500000 0.841409
vt -0.200000 0.339671
vt -0.200000 0.226448
vt 0.200000 0.226448
vt 0.200000 0.339671
vt 0.000000 -0.218166
vt 0.000000 -0.305433
vt 0.120000 -0.305433
vt 0.120000 -0.218166
vt 0.200000 0.256563
vt 0.200000 0.329867
vt 0.020000 0.329867
vt 0.020000 0.256563
vt 0.100000 0.136136
vt 0.100000 0.226893
vt 0.000000 0.226893
vt -0.000000 0.136136
vt -2.287832 -0.217969
vt -2.127175 -0.223431
vt -2.104244 -0.080348
vt -2.178294 -0.123101
vt -2.262500 -0.108253
vt -2.317462 -0.042753
vt -2.407391 -0.110517
vt 0.250000 -0.109956
vt 0.250000 -0.036652
vt -0.250000 -0.036652
vt -0.250000 -0.109956
vt 0.250000 -0.072702
vt 0.250000 -0.024234
vt -0.250000 -0.024234
vt -0.250000 -0.072702
vt 0.000000 -0.392699
vt 0.120000 -0.392699
vt 0.056859 1.371982
vt 0.190124 1.461877
vt 0.234427 1.616401
vt 0.125000 1.600000
vt 0.095756 1.519652
vt 0.021706 1.476899
vt -0.062500 1.491747
vt -0.117462 1.557247
vt -0.117462 1.642753
vt -0.062500 1.708253
vt 0.021706 1.723101
vt 0.095756 1.680348
vt 0.169039 1.763250
vt 0.024556 1.833713
vt -0.131417 1.794819
vt -0.225899 1.664767
vt -0.214680 1.504410
vt -0.103010 1.388780
vt 0.500000 -0.070988
vt 0.500000 0.000000
vt 0.000000 0.000000
vt 0.000000 -0.070988
vt -0.131417 -0.194819
vt 0.024556 -0.233713
vt 0.169039 -0.163250
vt 0.042376 -0.117598
vt -0.043128 -0.117324
vt -0.108453 -0.062153
vt -0.123031 0.022100
vt -0.080041 0.096012
vt 0.000400 0.124999
vt 0.080655 0.095498
vt 0.123170 0.021312
vt 0.108052 -0.062846
vt 0.234427 -0.016401
vt 0.190124 0.138123
vt 0.056859 0.228018
vt -0.103010 0.211220
vt -0.214680 0.095590
vt -0.225899 -0.064767
vt -0.000000 0.492183
vt 0.780000 0.492183
vt 0.780000 0.656244
vt 0.000000 0.656244
vt 0.000000 0.349066
vt 0.000000 -0.349066
vt 0.150000 -0.349066
vt 0.150000 0.349066
vt 0.100000 0.256563
vt 0.100000 0.329867
vt -0.100000 0.329867
vt -0.100000 0.256563
vt 0.050000 -4.362804
vt 0.050000 -3.967542
vt -0.000000 -3.967542
vt -0.000000 -4.362804
vt 0.000000 0.130900
vt -0.000000 0.043633
vt 0.120000 0.043633
vt 0.120000 0.130900
vt 0.100000 -0.036652
vt 0.100000 0.036652
vt -0.100000 0.036652
vt -0.100000 -0.036652
vt -1.195756 1.817848
vt -1.121706 1.860601
vt -1.222970 2.111056
vt -1.313912 2.095021
vt -1.393886 2.141194
vt -1.425470 2.227970
vt -1.393886 2.314746
vt -1.313912 2.360919
vt -1.222970 2.344883
vt -1.163611 2.274143
vt -1.163611 2.181797
vt -1.037500 1.845753
vt -0.982538 1.780253
vt -0.982538 1.694747
vt -1.037500 1.629247
vt -0.766044 1.580288
vt -0.173648 1.922308
vt -1.333229 2.687500
vt -1.484427 2.561223
vt -1.623723 2.421927
vt -1.750000 2.270729
vt -1.425470 -0.352970
vt -1.393886 -0.266194
vt -1.313912 -0.220021
vt -1.222970 -0.236056
vt -1.163611 -0.306797
vt -1.163611 -0.399143
vt -1.222970 -0.469883
vt -1.121706 -2.139399
vt -1.037500 -2.154247
vt -0.982538 -2.219747
vt -0.982538 -2.305253
vt -1.037500 -2.370753
vt -1.121706 -2.385601
vt -1.195756 -2.342848
vt -1.225000 -2.262500
vt -1.750000 -2.087500
vt -1.669615 -2.387500
vt -1.450000 -2.607115
vt -1.150000 -2.687500
vt 1.150000 -2.687500
vt 1.450000 -2.607115
vt 1.217462 -2.305253
vt 1.162500 -2.370753
vt 1.078294 -2.385601
vt 1.004244 -2.342848
vt 0.975000 -2.262500
vt 1.004244 -2.182152
vt 1.078294 -2.139399
vt 1.267027 -0.485919
vt 1.187054 -0.439746
vt 1.155470 -0.352970
vt 1.187054 -0.266194
vt 1.267027 -0.220021
vt 1.357970 -0.236056
vt 1.417328 -0.306797
vt 1.417328 -0.399143
vt 1.750000 -2.087500
vt 1.750000 2.270729
vt 1.357970 2.111056
vt 1.267027 2.095021
vt 1.187054 2.141194
vt 1.162500 1.845753
vt 1.217462 1.780253
vt 1.217462 1.694747
vt 1.162500 1.629247
vt 1.078294 1.614399
vt 0.939693 1.279520
vt 0.939693 0.595480
vt 1.004244 0.217848
vt 1.078294 0.260601
vt 1.162500 0.245753
vt 1.217462 0.180253
vt 1.217462 0.094747
vt 1.162500 0.029247
vt 1.078294 0.014399
vt 1.004244 0.057152
vt 0.975000 0.137500
vt 0.500000 0.071475
vt -0.173648 -0.047308
vt -0.766044 0.294712
vt -1.000000 0.937500
vt -1.037500 0.245753
vt -0.982538 0.180253
vt -0.982538 0.094747
vt -1.037500 0.029247
vt -1.121706 0.014399
vt -1.195756 0.057152
vt -1.225000 0.137500
vt -1.195756 0.217848
vt -1.195756 1.657152
vt -1.225000 1.737500
vt 0.000000 1.120702
vt 0.000000 1.001886
vt 0.350000 1.001886
vt -0.350000 0.041032
vt -0.000000 0.041032
vt 0.200000 -0.045379
vt 0.200000 0.045379
vt 0.050000 0.045379
vt 0.050000 -0.045379
vt -0.200000 0.096038
vt -0.200000 0.032013
vt 0.020000 0.032013
vt 0.020000 0.096038
vt -1.195756 -2.182152
vt -1.313912 -0.485919
vt -1.393886 -0.439746
vt 0.200000 -0.036652
vt 0.200000 0.036652
vt 0.020000 0.036652
vt 0.020000 -0.036652
vt 1.162500 -2.154247
vt 1.217462 -2.219747
vt 1.669615 -2.387500
vt 1.357970 -0.469883
vt 0.000000 -0.418879
vt -0.220000 -0.418879
vt -0.220000 -0.558505
vt 0.000000 -0.558505
vt 0.250000 -0.036652
vt 0.250000 0.036652
vt -0.250000 0.036652
vt -0.250000 -0.036652
vt 0.200000 0.045379
vt 0.200000 0.136136
vt 0.050000 0.136136
vt 0.050000 0.045379
vt 0.250000 0.109956
vt -0.250000 0.109956
vt 0.000000 0.314159
vt 0.000000 0.439823
vt -0.220000 0.439823
vt -0.220000 0.314159
vt -0.250000 0.072702
vt -0.250000 0.024234
vt 0.250000 0.024234
vt 0.000000 -0.084171
vt 0.000000 -0.233178
vt 0.500000 -0.233178
vt -0.200000 0.989602
vt -0.200000 0.706858
vt 0.200000 0.706858
vt 0.200000 0.989602
vt 0.000000 -0.164061
vt 0.780000 -0.164061
vt 0.780000 0.000000
vt 0.000000 0.000000
vt 0.317287 0.537428
vt 0.354052 0.432602
vt 0.467018 0.529773
vt 0.467018 0.601598
vt 0.532767 0.485739
vt 0.439749 0.517529
vt 0.405632 0.522284
vt 0.372284 0.530919
vt 0.340146 0.543319
vt 0.277240 0.560197
vt 0.212246 0.555968
vt 0.152058 0.531080
vt 0.002227 0.447395
vt -0.154696 0.377915
vt -0.317369 0.323234
vt -0.423187 0.249968
vt -0.462452 0.127397
vt -0.418903 0.006282
vt -0.019200 -0.495372
vt 0.034995 -0.542643
vt 0.102406 -0.567688
vt 0.174319 -0.567270
vt 0.240309 -0.559019
vt 0.423561 -0.557985
vt 0.523561 -0.531190
vt 0.596766 -0.457985
vt 0.623561 -0.357985
vt 0.623561 0.318186
vt 0.599404 0.413471
vt 0.250000 -0.072702
vt 0.250000 -0.024234
vt -0.250000 -0.024234
vt -0.250000 -0.072702
vt 0.500000 -0.141977
vt 0.500000 -0.070988
vt 0.000000 -0.070988
vt 0.000000 -0.141977
vt -0.300000 -0.022299
vt 0.000000 -0.022299
vt -0.000000 0.022299
vt -0.300000 0.022299
vt 0.800000 -0.628319
vt 0.800000 -0.529001
vt -0.000000 -0.529001
vt -0.000000 -0.628319
vt 0.100000 -0.109956
vt 0.100000 -0.036652
vt -0.100000 -0.036652
vt -0.100000 -0.109956
vt -0.000000 -0.131812
vt -0.000000 -0.043937
vt -0.400000 -0.043937
vt -0.400000 -0.131812
vt 0.250000 0.183260
vt 0.250000 0.256563
vt -0.250000 0.256563
vt -0.250000 0.183260
vt 0.100000 -0.036652
vt 0.100000 0.036652
vt -0.100000 0.036652
vt -0.100000 -0.036652
vt 0.250000 0.256563
vt 0.250000 0.329867
vt -0.250000 0.329867
vt -0.250000 0.256563
vt 0.100000 0.036652
vt 0.100000 0.109956
vt -0.100000 0.109956
vt -0.100000 0.036652
vt 0.200000 0.226893
vt 0.200000 0.317650
vt 0.050000 0.317650
vt 0.050000 0.226893
vt -0.200000 0.418879
vt -0.200000 0.209440
vt 0.200000 0.209440
vt 0.200000 0.418879
vt 0.250000 -0.183260
vt 0.250000 -0.109956
vt -0.250000 -0.109956
vt -0.250000 -0.183260
vt 0.250000 -0.072702
vt 0.250000 -0.024234
vt -0.250000 -0.024234
vt -0.250000 -0.072702
vt 0.000000 -0.279253
vt -0.220000 -0.279253
vt -0.220000 -0.418879
vt 0.000000 -0.418879
vt 0.100000 0.394120
vt 0.100000 0.591180
vt -0.100000 0.591180
vt -0.100000 0.394120
vt 0.100000 -0.329867
vt -0.100000 -0.329867
vt -2.033910 -1.150000
vt -1.887500 -1.296410
vt -1.752500 -1.062583
vt -1.809660 -0.994463
vt -1.809660 -0.905537
vt -1.752500 -0.837417
vt -1.664926 -0.821975
vt -1.587914 -0.866438
vt -1.557500 -0.950000
vt -1.587914 -1.033562
vt 0.590340 -0.994463
vt 0.590340 -0.905537
vt 0.647500 -0.837417
vt 0.735074 -0.821975
vt 1.060000 -0.515933
vt 1.013832 -0.460912
vt 1.013832 -0.389088
vt 1.060000 -0.334067
vt 1.130733 -0.321595
vt 1.192935 -0.357507
vt 1.217500 -0.425000
vt 1.192935 -0.492493
vt 1.130733 -0.528405
vt 0.812086 -0.866438
vt 0.842500 -0.950000
vt 0.812086 -1.033562
vt 0.735074 -1.078025
vt 0.712500 -1.350000
vt 0.824218 -1.334082
vt 0.927044 -1.287596
vt 1.012795 -1.214240
vt 1.696418 -0.294090
vt 1.625685 -0.281618
vt 1.579518 -0.226598
vt 1.579518 -0.154773
vt 1.625685 -0.099753
vt 1.696418 -0.087281
vt 1.422748 0.114671
vt 1.182828 -0.023847
vt 0.910000 0.024260
vt 0.627249 -0.123193
vt 0.651815 -0.190685
vt 0.627249 -0.258178
vt 0.565048 -0.294090
vt 0.494315 -0.281618
vt 0.448147 -0.226598
vt 0.448147 -0.154773
vt 0.494315 -0.099753
vt 0.565048 -0.087281
vt 0.330733 0.271595
vt 0.260000 0.284067
vt -1.587914 0.166438
vt -1.664926 0.121975
vt -1.752500 0.137417
vt -1.809660 0.205537
vt -1.809660 0.294463
vt -1.752500 0.362583
vt -1.664926 0.378025
vt -1.598178 0.639900
vt -1.833437 0.622428
vt -2.017935 0.475417
vt -2.087500 0.250000
vt -2.087500 -0.950000
vt 0.250000 0.036652
vt 0.250000 0.109956
vt -0.250000 0.109956
vt -0.250000 0.036652
vt 0.100000 -0.036652
vt 0.100000 0.036652
vt -0.100000 0.036652
vt -0.100000 -0.036652
vt 0.100000 0.317650
vt 0.100000 0.408407
vt -0.000000 0.408407
vt 0.000000 0.317650
vt 0.165685 0.350000
vt 0.165685 0.000000
vt -0.000000 0.007507
vt 0.350000 0.007507
vt 0.250000 0.183260
vt 0.250000 0.256563
vt -0.250000 0.256563
vt -0.250000 0.183260
vt -0.400000 0.131812
vt -0.400000 0.043937
vt 0.000000 0.043937
vt 0.000000 0.131812
vt -0.300000 -0.022299
vt -0.000000 -0.022299
vt -0.000000 0.022299
vt -0.300000 0.022299
vt 0.250000 0.329867
vt -0.250000 0.329867
vt 0.100000 -0.424115
vt 0.100000 -0.141372
vt -0.100000 -0.141372
vt -0.100000 -0.424115
vt 0.800000 0.032711
vt -0.000000 0.032711
vt 0.000000 -0.032711
vt 0.800000 -0.032711
vt -0.117462 0.042753
vt -0.062500 0.108253
vt -0.117500 0.203516
vt -0.220828 0.080375
vt -0.220828 -0.080375
vt -0.117500 -0.203516
vt 0.040807 -0.231430
vt 0.180020 -0.151055
vt 0.235000 0.000000
vt 0.180020 0.151055
vt 0.040807 0.231430
vt 0.095756 0.080348
vt 0.125000 0.000000
vt 0.095756 -0.080348
vt 0.021706 -0.123101
vt -0.062500 -0.108253
vt -0.117462 -0.042753
vt 0.250000 -0.036652
vt 0.250000 0.036652
vt -0.250000 0.036652
vt -0.250000 -0.036652
vt 0.100000 0.256563
vt 0.100000 0.329867
vt -0.100000 0.329867
vt -0.100000 0.256563
vt 0.200000 -0.226893
vt 0.200000 -0.136136
vt 0.050000 -0.136136
vt 0.050000 -0.226893
vt -0.200000 -0.706858
vt -0.200000 -0.989602
vt 0.200000 -0.989602
vt 0.200000 -0.706858
vt 0.250000 0.036652
vt 0.250000 0.109956
vt -0.250000 0.109956
vt -0.250000 0.036652
vt -1.480648 -0.221972
vt -1.265709 -0.296442
vt -1.147230 -0.228038
vt -1.499984 -0.099887
vt 0.200000 -0.136136
vt 0.050000 -0.136136
vt 0.000000 0.656244
vt 0.780000 0.656244
vt 0.780000 0.820305
vt 0.000000 0.820305
vt -0.248219 -0.559049
vt -0.181315 -0.567533
vt -0.110069 -0.568255
vt -0.043091 -0.543955
vt 0.011119 -0.497719
vt 0.419292 0.001367
vt 0.464416 0.123116
vt 0.425270 0.246916
vt 0.318352 0.320589
vt 0.152367 0.375577
vt -0.007703 0.445949
vt -0.160436 0.531080
vt -0.220624 0.555968
vt -0.285618 0.560197
vt -0.348524 0.543319
vt -0.380662 0.530919
vt -0.414010 0.522284
vt -0.448127 0.517529
vt -0.541145 0.485739
vt -0.607782 0.413471
vt -0.631939 0.318186
vt -0.631939 -0.357985
vt -0.605144 -0.457985
vt -0.531939 -0.531190
vt -0.431939 -0.557985
vt 0.250000 -0.036652
vt 0.250000 0.036652
vt -0.250000 0.036652
vt -0.250000 -0.036652
vt 0.200000 -1.897163
vt 0.200000 -1.136180
vt 0.000000 -1.136180
vt 0.000000 -1.897163
vt 0.700000 -0.412902
vt 0.780000 0.475769
vt 0.700000 0.236065
vt 0.700000 0.147647
vt 0.000000 0.200000
vt -0.902473 0.200000
vt -0.902473 -0.020000
vt -0.020000 0.093007
vt -1.258968 -0.200000
vt 0.000000 -0.200000
vt 0.500000 0.002605
vt -0.000000 0.002605
vt 0.000000 -0.097643
vt 0.780000 -0.180475
vt 0.000000 -0.197891
vt 0.500000 -0.298139
vt 0.780000 -0.344536
vt 0.500000 -0.346487
vt 0.500000 -0.394834
vt 0.500000 -0.443181
vt 0.700000 -0.443181
vt 0.780000 -0.508597
vt 0.700000 -0.531599
vt 0.700000 -0.620018
vt 0.780000 -0.672658
vt 0.700000 -0.708436
vt 0.750000 -0.708436
vt 0.780000 -0.836719
vt 0.750000 -0.826840
vt 0.780000 0.639830
vt 0.750000 0.649709
vt 0.750000 0.531305
vt 0.700000 0.029838
vt 0.750000 -0.029838
vt 0.780000 -0.131032
vt 0.780000 0.033029
vt 0.700000 -0.118257
vt 0.700000 -0.206675
vt 0.780000 -0.295093
vt 0.700000 -0.295093
vt 0.500000 0.343440
vt 0.780000 -0.459154
vt 0.500000 -0.391788
vt 0.500000 -0.440135
vt -0.000000 -0.440135
vt 0.000000 -0.540383
vt 0.780000 0.689273
vt 0.500000 0.735669
vt 0.500000 0.687322
vt 0.500000 0.638975
vt 0.500000 0.590627
vt 0.700000 0.590627
vt 0.780000 0.525212
vt 0.700000 0.502209
vt 0.700000 0.413791
vt 0.780000 0.361151
vt 0.700000 0.325373
vt 0.750000 0.325373
vt 0.780000 0.197090
vt 0.750000 0.206969
vt 0.750000 0.088565
vt -0.350000 -0.041032
vt -0.000000 -0.041032
vt -0.000000 0.041032
vt -0.350000 0.041032
vt -1.122615 -1.033909
vt -1.169923 -1.024356
vt -0.435528 -1.492763
vt 0.435528 -1.492763
vt 1.169923 -1.024356
vt 1.122615 -1.033909
vt 1.074354 -1.033596
vt 1.027175 -1.023431
vt 0.376140 -1.400364
vt -0.376140 -1.400364
vt -1.027175 -1.023431
vt -1.074354 -1.033596
vt -1.329498 0.749446
vt -1.334986 0.797395
vt -1.530022 0.277593
vt -1.530022 -0.277593
vt -1.334986 -0.797395
vt -1.329498 -0.749446
vt -1.314331 -0.703629
vt -1.290124 -0.661877
vt -1.431937 -0.228158
vt -1.431937 0.228158
vt -1.290124 0.661877
vt -1.314331 0.703629
vt -0.200000 0.722566
vt -0.200000 0.561996
vt -0.100000 0.561996
vt -0.100000 0.722566
vt 0.000000 -0.305433
vt 0.000000 -0.392699
vt 0.120000 -0.392699
vt 0.120000 -0.305433
vt 1.122615 1.033909
vt 1.169923 1.024356
vt 0.435528 1.492763
vt -0.435528 1.492763
vt -1.169923 1.024356
vt -1.122615 1.033909
vt -1.074354 1.033596
vt -1.027175 1.023431
vt -0.376140 1.400364
vt 0.376140 1.400364
vt 1.027175 1.023431
vt 1.074354 1.033596
vt 0.250000 -0.109956
vt 0.250000 -0.036652
vt -0.250000 -0.036652
vt -0.250000 -0.109956
vt 0.000000 -3.177018
vt 0.000000 -3.572280
vt 0.050000 -3.572280
vt 0.050000 -3.177018
vt 0.000000 -0.137758
vt -0.000000 -0.196559
vt 0.300000 -0.196559
vt 0.300000 -0.137758
vt 0.250000 -0.329867
vt 0.250000 -0.256563
vt -0.250000 -0.256563
vt -0.250000 -0.329867
vt -0.500000 0.953430
vt -0.500000 0.841409
vt 0.000000 0.841409
vt -0.000000 0.953430
vt 0.000000 -2.884022
vt -0.000000 -3.766888
vt 0.500000 -3.766888
vt 0.500000 -2.884022
vt -0.250000 -0.024234
vt 0.250000 -0.024234
vt 0.250000 0.024234
vt -0.250000 0.024234
vt 0.100000 0.141372
vt 0.100000 0.424115
vt -0.100000 0.424115
vt -0.100000 0.141372
vt 1.329498 0.749446
vt 1.314331 0.703629
vt 1.290124 0.661877
vt 1.431937 0.228158
vt 1.431937 -0.228158
vt 1.290124 -0.661877
vt 1.314331 -0.703629
vt 1.329498 -0.749446
vt 1.334986 -0.797395
vt 1.530022 -0.277593
vt 1.530022 0.277593
vt 1.334986 0.797395
vt -0.000000 0.617366
vt -0.000000 0.729388
vt -0.500000 0.729388
vt -0.500000 0.617366
vt 0.500000 -0.212965
vt 0.000000 -0.212965
vt 0.250000 0.036652
vt -0.250000 0.036652
vt -0.200000 0.121469
vt -0.200000 0.060734
vt 0.020000 0.060734
vt 0.020000 0.121469
vt -0.000000 -0.255359
vt 0.000000 -0.314159
vt 0.300000 -0.314159
vt 0.300000 -0.255359
vt -0.200000 0.226893
vt -0.200000 0.136136
vt 0.200000 0.136136
vt 0.200000 0.226893
vt 0.021706 0.123101
vt 0.500000 -0.141977
vt 0.500000 -0.070988
vt 0.000000 -0.070988
vt 0.000000 -0.141977
vt 0.000000 1.476959
vt 0.300000 1.476959
vt -0.000000 0.047124
vt -0.000000 -0.047124
vt 0.900000 -0.047124
vt 0.900000 0.047124
vt 0.000000 0.329867
vt 0.000000 0.235619
vt 0.900000 0.235619
vt 0.900000 0.329867
vt -1.523765 1.259017
vt -1.569576 1.215861
vt -1.580533 1.153885
vt -1.552295 1.097638
vt -1.536764 1.082107
vt -1.480648 0.971972
vt -1.499984 0.849887
vt -1.587387 0.762484
vt -1.709472 0.743148
vt -1.422748 0.635329
vt -1.182828 0.773847
vt -0.910000 0.725740
vt -0.700023 0.812128
vt -0.746815 0.940685
vt -0.700023 1.069243
vt -0.912500 1.175000
vt -0.950697 1.057443
vt -1.050697 0.984789
vt -1.174303 0.984789
vt -1.274303 1.057443
vt -1.312500 1.175000
vt -1.312500 1.196964
vt -1.332305 1.256704
vt -1.383877 1.292780
vt -1.446786 1.290903
vt 0.200000 -0.183260
vt 0.200000 -0.109956
vt 0.020000 -0.109956
vt 0.020000 -0.183260
vt 1.149647 -0.028501
vt 1.149647 0.028501
vt 1.146822 0.085433
vt 1.131875 0.131041
vt 1.097400 0.164432
vt 1.051338 0.177914
vt 0.898668 0.035912
vt 0.898668 -0.035912
vt 1.051338 -0.177914
vt 1.097400 -0.164432
vt 1.131875 -0.131041
vt 1.146822 -0.085433
vt 0.250000 -0.072702
vt 0.250000 -0.024234
vt -0.250000 -0.024234
vt -0.250000 -0.072702
vt 0.250000 0.256563
vt 0.250000 0.329867
vt -0.250000 0.329867
vt -0.250000 0.256563
vt 0.100000 0.256563
vt 0.100000 0.329867
vt -0.100000 0.329867
vt -0.100000 0.256563
vt 0.100000 0.183260
vt -0.100000 0.183260
vt 0.250000 -0.072702
vt 0.250000 -0.024234
vt -0.250000 -0.024234
vt -0.250000 -0.072702
vt -0.933837 0.800000
vt -0.933837 0.000000
vt -0.196163 0.000000
vt -0.196163 0.800000
vt 0.100000 -0.078540
vt 0.100000 -0.026180
vt -0.150000 -0.026180
vt -0.150000 -0.078540
vt 0.100000 -0.256563
vt 0.100000 -0.183260
vt -0.100000 -0.183260
vt -0.100000 -0.256563
vt -0.100000 2.042035
vt 0.100000 2.042035
vt 0.100000 2.722714
vt -0.100000 2.722714
vt -0.000000 -0.305433
vt 0.000000 -0.392699
vt 0.120000 -0.392699
vt 0.120000 -0.305433
vt -0.200000 0.226893
vt -0.200000 0.136136
vt 0.200000 0.136136
vt 0.200000 0.226893
vt 0.500000 -0.141977
vt 0.000000 -0.141977
vt 0.100000 -0.183260
vt 0.100000 -0.109956
vt -0.100000 -0.109956
vt -0.100000 -0.183260
vt -0.800000 1.574931
vt -0.800000 1.523797
vt -0.000000 1.523797
vt -0.000000 1.574931
vt 0.000000 0.392699
vt 0.000000 0.305433
vt 0.120000 0.305433
vt 0.120000 0.392699
vt 0.000000 -0.329867
vt 0.000000 -0.424115
vt 0.900000 -0.424115
vt 0.900000 -0.329867
vt 0.000000 1.745329
vt 0.000000 1.047198
vt 0.150000 1.047198
vt 0.150000 1.745329
vt 0.200000 -0.256563
vt 0.200000 -0.183260
vt 0.020000 -0.183260
vt 0.020000 -0.256563
vt 0.250000 -0.329867
vt 0.250000 -0.256563
vt -0.250000 -0.256563
vt -0.250000 -0.329867
vt 0.000000 3.141593
vt 0.000000 2.443461
vt 0.150000 2.443461
vt 0.150000 3.141593
vt 1.380000 0.215994
vt 1.288494 0.307500
vt 1.255000 0.432500
vt 1.255000 0.582500
vt 1.241603 0.632500
vt 1.205000 0.669103
vt 1.155000 0.682500
vt -0.585495 0.682500
vt -0.262544 0.382500
vt 0.872544 0.382500
vt 0.915678 0.372719
vt 0.950374 0.345289
vt 1.035322 0.146314
vt 1.146838 0.015104
vt 1.293462 -0.075192
vt 1.338205 -0.112030
vt 1.355000 -0.167500
vt 1.338205 -0.222970
vt 1.293462 -0.259808
vt 1.146838 -0.350104
vt 1.035322 -0.481314
vt 0.950374 -0.680289
vt 0.915678 -0.707719
vt 0.872544 -0.717500
vt -0.262544 -0.717500
vt -0.305678 -0.707719
vt -0.340374 -0.680289
vt -0.425322 -0.481314
vt -0.536838 -0.350104
vt -0.683462 -0.259808
vt -0.728205 -0.222970
vt -0.745000 -0.167500
vt -0.728205 -0.112030
vt -0.683462 -0.075192
vt -1.207500 0.405946
vt -1.325388 0.385159
vt -1.429058 0.445012
vt -1.470000 0.557500
vt -1.429058 0.669988
vt -1.325388 0.729841
vt -1.207500 0.709054
vt -1.130554 0.617354
vt -0.694827 0.715029
vt -1.043535 0.942682
vt -1.327309 1.016364
vt -1.597958 0.903645
vt -1.745539 0.650315
vt -1.710101 0.359281
vt -1.318596 -0.460591
vt -1.296535 -0.490656
vt -1.264993 -0.510547
vt -1.228357 -0.517500
vt -0.895000 -0.517500
vt -0.770000 -0.550994
vt -0.678494 -0.642500
vt -0.645000 -0.767500
vt -0.645000 -0.917500
vt -0.631603 -0.967500
vt -0.595000 -1.004103
vt -0.545000 -1.017500
vt 1.155000 -1.017500
vt 1.205000 -1.004103
vt 1.241603 -0.967500
vt 1.255000 -0.917500
vt 1.255000 -0.767500
vt 1.288494 -0.642500
vt 1.380000 -0.550994
vt 1.505000 -0.517500
vt 1.655000 -0.517500
vt 1.705000 -0.504103
vt 1.741603 -0.467500
vt 1.755000 -0.417500
vt 1.755000 0.082500
vt 1.741603 0.132500
vt 1.705000 0.169103
vt 1.655000 0.182500
vt 1.505000 0.182500
vt 0.000000 0.392699
vt -0.000000 0.305433
vt 0.120000 0.305433
vt 0.120000 0.392699
vt 0.120000 -0.284016
vt -0.000000 -0.305433
vt 0.120000 -0.371283
vt 0.000000 -0.392699
vt 0.120000 -0.458549
vt 0.120000 0.326849
vt 0.000000 0.392699
vt -0.000000 0.305433
vt 0.120000 0.239582
vt 0.000000 0.218166
vt 0.120000 0.152316
vt 0.000000 0.130900
vt 0.120000 0.065050
vt 0.000000 0.043633
vt 0.120000 -0.022217
vt 0.000000 -0.043633
vt 0.120000 -0.109483
vt 0.000000 -0.130900
vt 0.120000 -0.196750
vt 0.000000 -0.218166
vt 0.100000 -1.272345
vt 0.100000 -0.989602
vt -0.100000 -0.989602
vt -0.100000 -1.272345
vt 0.500000 0.147647
vt 0.250000 0.183260
vt -0.250000 0.183260
vt 0.000000 -0.130900
vt 0.000000 -0.218166
vt 0.120000 -0.218166
vt 0.120000 -0.130900
vt 0.100000 -0.706858
vt -0.100000 -0.706858
vt 0.000000 -0.141372
vt 0.000000 -0.235619
vt 0.900000 -0.235619
vt 0.900000 -0.141372
vt 0.000000 0.220000
vt 0.000000 0.000000
vt 0.026363 0.000000
vt 0.026363 0.220000
vt -0.000000 0.000000
vt -0.000000 0.197060
vt -0.900000 0.197060
vt -0.900000 0.000000
vt -0.100000 -1.535890
vt 0.100000 -1.535890
vt 0.100000 -0.767945
vt -0.100000 -0.767945
vt -0.000000 -0.066896
vt -0.300000 -0.066896
vt 0.100000 0.183260
vt 0.100000 0.256563
vt -0.100000 0.256563
vt -0.100000 0.183260
vt -0.100000 -2.722714
vt 0.100000 -2.722714
vt 0.100000 -2.042035
vt -0.100000 -2.042035
vt 0.000000 0.218166
vt 0.000000 0.130900
vt 0.120000 0.130900
vt 0.120000 0.218166
vt -1.375000 0.432500
vt -1.405414 0.348938
vt 0.585495 0.682500
vt -1.505000 0.682500
vt -1.630000 0.649006
vt -1.721506 0.557500
vt -1.755000 0.432500
vt -1.755000 -0.767500
vt -1.570000 0.319917
vt -1.627160 0.388037
vt -1.627160 0.476963
vt -1.570000 0.545083
vt -1.482426 0.560525
vt -1.405414 0.516062
vt 0.250000 -0.036652
vt 0.250000 0.036652
vt -0.250000 0.036652
vt -0.250000 -0.036652
vt -0.200000 -0.136136
vt -0.200000 -0.226893
vt 0.200000 -0.226893
vt 0.200000 -0.136136
vt -0.800000 -0.330365
vt -0.800000 -0.429683
vt -0.000000 -0.429683
vt 0.000000 -0.330365
vt 0.200000 -0.032013
vt 0.200000 0.032013
vt -0.020000 0.032013
vt -0.020000 -0.032013
vt -0.000000 0.394120
vt -0.000000 0.591180
vt -0.900000 0.591180
vt -0.900000 0.394120
vt 0.000000 -0.123096
vt 0.000000 -0.041032
vt -0.350000 -0.041032
vt -0.350000 -0.123096
vt 0.500000 -0.382186
vt 0.500000 -0.233178
vt -0.000000 -0.233178
vt 0.000000 -0.382186
vt 0.100000 -0.109956
vt 0.100000 -0.036652
vt -0.100000 -0.036652
vt -0.100000 -0.109956
vt 0.100000 0.256563
vt 0.100000 0.329867
vt -0.100000 0.329867
vt -0.100000 0.256563
vt 0.500000 -0.141977
vt 0.500000 -0.070988
vt 0.000000 -0.070988
vt -0.000000 -0.141977
vt -0.300000 0.066896
vt -0.000000 0.066896
vt 0.250000 0.183260
vt -0.250000 0.183260
vt 0.250000 -0.109956
vt -0.250000 -0.109956
vt 0.100000 -0.036652
vt 0.100000 0.036652
vt -0.100000 0.036652
vt -0.100000 -0.036652
vt 0.250000 0.109956
vt -0.250000 0.109956
vt 0.250000 0.183260
vt 0.250000 0.256563
vt -0.250000 0.256563
vt -0.250000 0.183260
vt -0.000000 -0.200000
vt -0.000000 0.200000
vt -1.200000 0.200000
vt -1.200000 -0.200000
vt -1.066280 -1.728564
vt -1.250000 -1.727500
vt -1.350000 -1.700705
vt -1.750000 -2.087500
vt -1.320828 -2.182125
vt -1.217500 -2.058984
vt -1.059193 -2.031070
vt -0.919980 -2.111445
vt -0.865000 -2.262500
vt -0.587859 -2.107787
vt -0.604961 -2.059618
vt -0.619805 -1.989932
vt -0.609278 -1.919464
vt -0.574716 -1.857158
vt -0.154817 -1.343736
vt -0.058165 -1.278997
vt 0.058165 -1.278997
vt 0.154817 -1.343736
vt 0.574716 -1.857158
vt 0.609278 -1.919464
vt 0.861433 -1.712158
vt 0.807238 -1.664887
vt 0.407536 -1.163233
vt 0.363987 -1.042118
vt 0.403252 -0.919547
vt 0.509070 -0.846281
vt 0.671742 -0.791600
vt 0.828666 -0.722120
vt 0.978496 -0.638435
vt 1.038685 -0.613547
vt 1.103679 -0.609318
vt 1.166585 -0.626196
vt 1.198723 -0.638596
vt 1.232070 -0.647231
vt 1.266188 -0.651986
vt 1.222970 -0.469883
vt 1.163611 -0.399143
vt 1.163611 -0.306797
vt 1.222970 -0.236056
vt 1.313912 -0.220021
vt 1.256488 -0.037819
vt 0.435528 -0.555263
vt -0.435528 -0.555263
vt -0.665693 -0.793938
vt -0.499708 -0.848926
vt -0.392791 -0.922599
vt -0.353645 -1.046399
vt -0.398768 -1.168148
vt -0.806942 -1.667234
vt -0.861152 -1.713470
vt -0.928130 -1.737770
vt -0.999376 -1.737048
vt 0.200000 0.036652
vt 0.200000 0.109956
vt 0.020000 0.109956
vt 0.020000 0.036652
vt 0.100000 -0.036652
vt 0.100000 0.036652
vt -0.100000 0.036652
vt -0.100000 -0.036652
vt 0.200000 0.032013
vt 0.200000 0.096038
vt -0.020000 0.096038
vt -0.020000 0.032013
vt -1.267027 2.095021
vt -1.357970 2.111056
vt -1.417328 2.181797
vt -1.315005 1.832358
vt -1.256488 1.912819
vt -1.169923 1.961856
vt -0.435528 2.430263
vt 0.435528 2.430263
vt 1.256488 1.912819
vt 1.313912 2.095021
vt 1.222970 2.111056
vt 1.163611 2.181797
vt 1.163611 2.274143
vt 1.222970 2.344883
vt 1.313912 2.360919
vt 1.393886 2.314746
vt 1.484427 2.561223
vt 1.333229 2.687500
vt -1.333229 2.687500
vt -1.267027 2.360919
vt -1.187054 2.314746
vt -1.155470 2.227970
vt -1.187054 2.141194
vt -0.000000 5.171896
vt -0.000000 5.343574
vt -0.800000 5.343574
vt -0.800000 5.171896
vt 1.425470 2.227970
vt 1.393886 2.141194
vt 1.315005 1.832358
vt 1.334986 1.734895
vt 1.530022 1.215093
vt 1.530022 0.659907
vt 1.334986 0.140105
vt 1.315005 0.042642
vt 1.393886 -0.266194
vt 1.425470 -0.352970
vt 1.393886 -0.439746
vt 1.313912 -0.485919
vt 1.359206 -0.683776
vt 1.425843 -0.756043
vt 1.450000 -0.851329
vt 1.450000 -1.527500
vt 1.423205 -1.627500
vt 1.350000 -1.700705
vt 1.250000 -1.727500
vt 1.066748 -1.728534
vt 1.000758 -1.736785
vt 0.928845 -1.737203
vt 0.619805 -1.989932
vt 0.604961 -2.059618
vt 0.587859 -2.107787
vt 0.575431 -2.157368
vt 0.567793 -2.207908
vt 0.534830 -2.299062
vt 0.462878 -2.364011
vt 0.368837 -2.387500
vt -0.368837 -2.387500
vt -0.462878 -2.364011
vt -0.534830 -2.299062
vt -0.567793 -2.207908
vt -0.575431 -2.157368
vt -0.919980 -2.413555
vt -1.059193 -2.493930
vt -1.217500 -2.466016
vt -1.320828 -2.342875
vt -1.669615 -2.387500
vt -1.450000 -2.607115
vt -1.150000 -2.687500
vt 1.150000 -2.687500
vt 1.140807 -2.493930
vt 0.982500 -2.466016
vt 0.879172 -2.342875
vt 0.879172 -2.182125
vt 0.982500 -2.058984
vt 1.140807 -2.031070
vt 1.280020 -2.111445
vt 1.335000 -2.262500
vt 1.280020 -2.413555
vt 1.450000 -2.607115
vt 1.669615 -2.387500
vt 1.750000 -2.087500
vt 1.750000 2.270729
vt 1.623723 2.421927
vt 0.000000 0.418879
vt -0.220000 0.418879
vt -0.220000 0.279253
vt 0.000000 0.279253
vt 0.250000 -0.183260
vt 0.250000 -0.109956
vt -0.250000 -0.109956
vt -0.250000 -0.183260
vt 0.250000 -0.329867
vt 0.250000 -0.256563
vt -0.250000 -0.256563
vt -0.250000 -0.329867
vt 0.300000 1.387902
vt 0.000000 1.387902
vt 0.000000 1.214993
vt 0.300000 1.214993
vt -0.200000 -0.226893
vt -0.200000 -0.317650
vt 0.200000 -0.317650
vt 0.200000 -0.226893
vt -0.050000 0.000000
vt -0.050000 0.130900
vt -0.200000 0.130900
vt -0.200000 0.000000
vt 0.250000 0.036652
vt 0.250000 0.109956
vt -0.250000 0.109956
vt -0.250000 0.036652
vt 0.000000 0.814770
vt 0.000000 0.849237
vt -0.800000 0.849237
vt -0.800000 0.814770
vt 0.100000 -1.272345
vt 0.100000 -0.989602
vt -0.100000 -0.989602
vt -0.100000 -1.272345
vt -0.000000 -0.043633
vt 0.120000 -0.043633
vt 0.250000 -0.329867
vt 0.250000 -0.256563
vt -0.250000 -0.256563
vt -0.250000 -0.329867
vt 0.164432 1.097400
vt 0.131041 1.131875
vt 0.085433 1.146822
vt 0.052500 0.890933
vt 0.098668 0.835912
vt 0.225042 0.912083
vt 0.100000 0.109956
vt 0.100000 0.183260
vt -0.100000 0.183260
vt -0.100000 0.109956
vt -0.350000 -0.039892
vt -0.000000 -0.039892
vt -0.000000 0.039892
vt -0.350000 0.039892
vt -0.500000 0.729388
vt -0.000000 0.729388
vt -0.000000 0.841409
vt -0.500000 0.841409
vt -0.200000 0.080285
vt -0.200000 -0.080285
vt -0.100000 -0.080285
vt -0.100000 0.080285
vt 0.250000 -0.183260
vt 0.250000 -0.109956
vt -0.250000 -0.109956
vt -0.250000 -0.183260
vt 0.100000 0.109956
vt 0.100000 0.183260
vt -0.100000 0.183260
vt -0.100000 0.109956
vt 0.250000 -0.036652
vt -0.250000 -0.036652
vt -0.200000 0.061087
vt -0.200000 -0.061087
vt 0.200000 -0.061087
vt 0.200000 0.061087
vt 2.666458 0.000000
vt 2.666458 0.900000
vt -0.000000 0.900000
vt -0.000000 0.000000
vt -0.220000 -0.848230
vt -0.220000 -0.973894
vt 0.000000 -0.973894
vt 0.000000 -0.848230
vt 0.250000 0.183260
vt -0.250000 0.183260
vt -0.220000 -0.596903
vt -0.220000 -0.722566
vt 0.000000 -0.722566
vt 0.000000 -0.596903
vt 0.250000 0.183260
vt 0.250000 0.256563
vt -0.250000 0.256563
vt -0.250000 0.183260
vt -0.100000 4.084070
vt -0.100000 3.176499
vt 0.100000 3.176499
vt 0.100000 4.084070
vt 0.200000 -0.183260
vt 0.200000 -0.109956
vt 0.020000 -0.109956
vt 0.020000 -0.183260
vt 0.000000 -0.261799
vt 0.000000 -0.130900
vt -0.250000 -0.130900
vt -0.250000 -0.261799
vt -0.220000 0.139626
vt 0.000000 0.139626
vt 0.000000 0.220000
vt 0.000000 0.000000
vt 0.021964 0.000000
vt 0.021964 0.220000
vt -0.200000 -0.032013
vt -0.200000 -0.096038
vt 0.020000 -0.096038
vt 0.020000 -0.032013
vt -0.200000 0.722566
vt -0.200000 0.561996
vt -0.100000 0.561996
vt -0.100000 0.722566
vt -0.200000 0.045379
vt 0.200000 0.045379
vt 0.250000 3.584328
vt 0.250000 3.641335
vt 0.250000 3.698343
vt -0.250000 3.698343
vt -0.250000 3.641335
vt -0.250000 3.584328
vt -0.250000 3.527320
vt 0.250000 3.527320
vt -0.250000 0.024234
vt 0.250000 0.024234
vt 0.000000 0.841409
vt -0.500000 0.841409
vt 0.100000 -0.256563
vt 0.100000 -0.183260
vt -0.100000 -0.183260
vt -0.100000 -0.256563
vt 0.250000 0.036652
vt 0.250000 0.109956
vt -0.250000 0.109956
vt -0.250000 0.036652
vt 0.100000 -0.329867
vt -0.100000 -0.329867
vt 0.000000 0.279253
vt -0.220000 0.279253
vt -0.220000 0.139626
vt 0.000000 0.139626
vt 0.100000 0.109956
vt -0.100000 0.109956
vt -0.000000 -0.047124
vt 0.000000 -0.141372
vt 0.900000 -0.141372
vt 0.900000 -0.047124
vt -0.250000 -0.024234
vt 0.250000 -0.024234
vt 0.250000 0.024234
vt -0.250000 0.024234
vt 0.000000 3.154694
vt 0.000000 2.987138
vt 0.350000 2.987138
vt 0.350000 3.154694
vt -0.200000 0.182203
vt 0.020000 0.182203
vt 0.780000 0.820305
vt 0.000000 0.820305
vt 0.250000 -0.817696
vt -0.250000 -0.817696
vt -0.250000 -0.988720
vt 0.250000 -0.988720
vt 0.100000 0.317650
vt 0.100000 0.408407
vt 0.000000 0.408407
vt 0.000000 0.317650
vt 0.221703 -0.626054
vt 0.155663 -0.604375
vt 0.055543 -0.556248
vt -0.055543 -0.556248
vt -0.155663 -0.604375
vt -0.052500 -0.709067
vt 0.018233 -0.696595
vt 0.080435 -0.732507
vt 0.105000 -0.800000
vt 0.225042 -0.912083
vt 0.339667 -0.820028
vt 0.485811 -0.804068
vt 0.513185 -0.656618
vt 0.467018 -0.601598
vt 0.467018 -0.529773
vt 0.513185 -0.474753
vt 0.583918 -0.462281
vt 0.646120 -0.498193
vt 0.670685 -0.565685
vt 0.646120 -0.633178
vt 0.583918 -0.669090
vt 0.617604 -0.869212
vt 0.659708 -0.892250
vt 0.707697 -0.893017
vt 0.750516 -0.871336
vt 0.871336 -0.750516
vt 0.893017 -0.707697
vt 0.892250 -0.659708
vt 0.804068 -0.485811
vt 0.820028 -0.339667
vt 0.912083 -0.225042
vt 1.051338 -0.177914
vt 0.880435 -0.067493
vt 0.818233 -0.103405
vt 0.747500 -0.090933
vt 0.701332 -0.035912
vt 0.701332 0.035912
vt 0.747500 0.090933
vt 0.818233 0.103405
vt 0.880435 0.067493
vt 0.905000 0.000000
vt 1.097400 -0.164432
vt 1.131875 -0.131041
vt 1.146822 -0.085433
vt 1.149647 -0.028501
vt 1.149647 0.028501
vt 1.146822 0.085433
vt 1.131875 0.131041
vt 1.097400 0.164432
vt 0.912083 0.225042
vt 0.820028 0.339667
vt 0.804068 0.485811
vt 0.892250 0.659708
vt 0.893017 0.707697
vt 0.871336 0.750516
vt 0.750516 0.871336
vt 0.707697 0.893017
vt 0.659708 0.892250
vt 0.485811 0.804068
vt 0.339667 0.820028
vt 0.225042 0.912083
vt 0.105000 0.800000
vt 0.080435 0.732507
vt 0.018233 0.696595
vt 0.055543 0.556248
vt 0.155663 0.604375
vt 0.221703 0.626054
vt 0.285919 0.599455
vt 0.513185 0.656618
vt 0.583918 0.669090
vt 0.646120 0.633178
vt 0.670685 0.565685
vt 0.646120 0.498193
vt 0.583918 0.462281
vt 0.513185 0.474753
vt 0.432602 0.354052
vt 0.537428 0.317287
vt 0.599455 0.285919
vt 0.626054 0.221703
vt 0.604375 0.155663
vt 0.556248 0.055543
vt 0.556248 -0.055543
vt 0.604375 -0.155663
vt 0.626054 -0.221703
vt 0.599455 -0.285919
vt 0.537428 -0.317287
vt 0.432602 -0.354052
vt 0.354052 -0.432602
vt 0.317287 -0.537428
vt 0.285919 -0.599455
vt -0.200000 0.240855
vt -0.200000 0.080285
vt -0.100000 0.080285
vt -0.100000 0.240855
vt 0.800000 -0.065519
vt 0.800000 0.065519
vt 0.000000 0.065519
vt -0.000000 -0.065519
vt -1.121706 1.614399
vt -1.121706 0.260601
vt 0.250000 -0.109956
vt 0.250000 -0.036652
vt -0.250000 -0.036652
vt -0.250000 -0.109956
vt 0.100000 -0.329867
vt 0.100000 -0.256563
vt -0.100000 -0.256563
vt -0.100000 -0.329867
vt 0.100000 -0.408407
vt 0.100000 -0.317650
vt 0.000000 -0.317650
vt -0.000000 -0.408407
vt 0.300000 1.214993
vt 0.000000 1.214993
vt 0.250000 0.024234
vt -0.250000 0.024234
vt 0.250000 -0.329867
vt 0.250000 -0.256563
vt -0.250000 -0.256563
vt -0.250000 -0.329867
vt -0.000000 -0.735669
vt 0.000000 -0.835917
vt 0.780000 -0.853334
vt -0.000000 0.141372
vt -0.000000 0.047124
vt 0.900000 0.047124
vt 0.900000 0.141372
vt 0.200000 0.317650
vt 0.200000 0.408407
vt 0.050000 0.408407
vt 0.050000 0.317650
vt -0.000000 -0.200000
vt -0.000000 0.200000
vt -2.400000 0.200000
vt -2.400000 -0.200000
vt -0.250000 -0.024234
vt 0.250000 -0.024234
vt 0.250000 0.024234
vt -0.250000 0.024234
vt 0.000000 0.424115
vt 0.900000 0.424115
vt -0.900000 0.157080
vt -0.900000 -0.157080
vt -0.000000 -0.157080
vt -0.000000 0.157080
vt -0.534830 -0.528094
vt -0.462878 -0.593043
vt -0.368837 -0.616532
vt 0.368837 -0.616532
vt 0.462878 -0.593043
vt 0.534830 -0.528094
vt 0.567793 -0.436940
vt 0.575431 -0.386399
vt 0.587859 -0.336818
vt 0.604961 -0.288650
vt 0.619805 -0.218963
vt 0.609278 -0.148496
vt 0.574716 -0.086190
vt 0.154817 0.427233
vt 0.058165 0.491972
vt -0.058165 0.491972
vt -0.154817 0.427233
vt -0.574716 -0.086190
vt -0.609278 -0.148496
vt -0.619805 -0.218963
vt -0.604961 -0.288650
vt -0.587859 -0.336818
vt -0.575431 -0.386399
vt -0.567793 -0.436940
vt 0.000000 -0.328122
vt 0.780000 -0.328122
vt 0.500000 -0.382186
vt 0.500000 -0.233178
vt 0.000000 -0.233178
vt 0.000000 -0.382186
vt 0.000000 0.565487
vt -0.220000 0.565487
vt 0.084733 0.300000
vt 0.084733 0.000000
vt 1.219822 0.000000
vt 1.219822 0.300000
vt 0.000000 -0.392699
vt 0.000000 -0.261799
vt -0.250000 -0.261799
vt -0.250000 -0.392699
vt -0.050000 -0.029902
vt -0.050000 0.100997
vt -0.200000 0.100997
vt -0.200000 -0.029902
vt 0.200000 0.256563
vt 0.200000 0.329867
vt 0.020000 0.329867
vt 0.020000 0.256563
vt -0.020000 0.362370
vt -0.020000 0.279022
vt 0.200000 0.279022
vt 0.200000 0.362370
vt 1.434315 0.000000
vt 1.434315 0.350000
vt 0.165685 0.350000
vt 0.165685 0.000000
vt 0.250000 -0.109956
vt 0.250000 -0.036652
vt -0.250000 -0.036652
vt -0.250000 -0.109956
vt 0.100000 -0.109956
vt -0.100000 -0.109956
vt -0.000000 -0.218166
vt -0.000000 -0.305433
vt 0.120000 -0.305433
vt 0.120000 -0.218166
vt 0.000000 -0.492183
vt 0.780000 -0.492183
vt 0.780000 -0.328122
vt 0.000000 -0.328122
vt 0.000000 0.691150
vt -0.220000 0.691150
vt -0.871336 -0.750516
vt -0.750516 -0.871336
vt -0.707697 -0.893017
vt -0.659708 -0.892250
vt -0.617604 -0.869212
vt -0.583918 -0.669090
vt -0.646120 -0.633178
vt -0.670685 -0.565685
vt -0.646120 -0.498193
vt -0.583918 -0.462281
vt -0.513185 -0.474753
vt -0.467018 -0.529773
vt -0.467018 -0.601598
vt -0.513185 -0.656618
vt -0.485811 -0.804068
vt -0.339667 -0.820028
vt -0.225042 -0.912083
vt -0.164432 -1.097400
vt -0.131041 -1.131875
vt -0.085433 -1.146822
vt 0.085433 -1.146822
vt -0.018233 -0.903405
vt -0.080435 -0.867493
vt -0.105000 -0.800000
vt -0.080435 -0.732507
vt -0.018233 -0.696595
vt 0.052500 -0.709067
vt 0.098668 -0.764088
vt 0.221703 -0.626054
vt 0.155663 -0.604375
vt 0.055543 -0.556248
vt -0.055543 -0.556248
vt -0.155663 -0.604375
vt -0.221703 -0.626054
vt -0.285919 -0.599455
vt -0.317287 -0.537428
vt -0.354052 -0.432602
vt -0.432602 -0.354052
vt -0.537428 -0.317287
vt -0.599455 -0.285919
vt -0.626054 -0.221703
vt -0.604375 -0.155663
vt -0.556248 -0.055543
vt -0.556248 0.055543
vt -0.604375 0.155663
vt -0.701332 0.035912
vt -0.701332 -0.035912
vt -0.747500 -0.090933
vt -0.818233 -0.103405
vt -0.880435 -0.067493
vt -0.905000 0.000000
vt -1.149647 0.028501
vt -1.149647 -0.028501
vt -1.146822 -0.085433
vt -1.131875 -0.131041
vt -1.097400 -0.164432
vt -0.912083 -0.225042
vt -0.820028 -0.339667
vt -0.804068 -0.485811
vt -0.892250 -0.659708
vt -0.893017 -0.707697
vt -0.200000 0.045379
vt -0.200000 -0.045379
vt 0.200000 -0.045379
vt 0.200000 0.045379
vt 0.200000 0.109956
vt 0.020000 0.109956
vt -0.200000 0.045379
vt -0.200000 -0.045379
vt 0.200000 -0.045379
vt 0.200000 0.045379
vt -0.350000 0.123096
vt -0.000000 0.123096
vt 0.500000 -0.233178
vt -0.250000 0.024234
vt 0.250000 0.024234
vt 0.000000 -0.233178
vt 0.000000 0.392699
vt 0.000000 0.305433
vt 0.120000 0.305433
vt 0.120000 0.392699
vt 0.500000 -0.382186
vt 0.000000 -0.382186
vt 1.557500 -0.950000
vt 1.587914 -0.866438
vt 1.310376 -0.816667
vt 1.268131 -0.886351
vt 0.100000 -0.109956
vt -0.100000 -0.109956
vt 0.100000 -0.045379
vt 0.100000 0.045379
vt -0.000000 0.045379
vt -0.000000 -0.045379
vt -0.200000 -0.305433
vt -0.200000 -0.427606
vt 0.200000 -0.427606
vt 0.200000 -0.305433
vt 0.250000 0.817696
vt 0.250000 0.988720
vt -0.250000 0.988720
vt -0.250000 0.817696
vt -0.220000 0.000000
vt -0.000000 0.000000
vt 0.250000 0.424115
vt 0.250000 0.706858
vt -0.250000 0.706858
vt -0.250000 0.424115
vt 0.100000 -0.226893
vt 0.000000 -0.226893
vt 0.000000 0.007507
vt 0.022616 0.000000
vt 0.626498 0.000000
vt 0.626498 0.400000
vt -0.400000 0.007507
vt 0.250000 -0.329867
vt 0.250000 -0.256563
vt -0.250000 -0.256563
vt -0.250000 -0.329867
vt 0.100000 -0.256563
vt 0.100000 -0.183260
vt -0.100000 -0.183260
vt -0.100000 -0.256563
vt 0.100000 0.256563
vt 0.100000 0.329867
vt -0.100000 0.329867
vt -0.100000 0.256563
vt 0.200000 -0.256563
vt 0.020000 -0.256563
vt 0.250000 -0.109956
vt 0.250000 -0.036652
vt -0.250000 -0.036652
vt -0.250000 -0.109956
vt -0.000000 -0.334603
vt -0.000000 -0.432508
vt 0.800000 -0.432508
vt 0.800000 -0.334603
vt 0.250000 0.183260
vt 0.250000 0.256563
vt -0.250000 0.256563
vt -0.250000 0.183260
vt 0.000000 -0.656244
vt 0.780000 -0.656244
vt 0.000000 -0.043633
vt 0.000000 -0.130900
vt 0.120000 -0.130900
vt 0.120000 -0.043633
vt 0.200000 0.226893
vt 0.050000 0.226893
vt 0.100000 -0.329867
vt 0.100000 -0.256563
vt -0.100000 -0.256563
vt -0.100000 -0.329867
vt -0.781767 -0.103405
vt -0.852500 -0.090933
vt -1.033662 -0.376222
vt -0.550000 -0.952628
vt -0.547452 -0.669090
vt -0.618185 -0.656618
vt -0.664353 -0.601598
vt -0.664353 -0.529773
vt -0.618185 -0.474753
vt -0.719565 -0.067493
vt 0.100000 0.767945
vt -0.100000 0.767945
vt -0.100000 0.000000
vt 0.100000 0.000000
vt 0.100000 0.317650
vt 0.000000 0.317650
vt 0.100000 -0.141372
vt 0.100000 0.141372
vt -0.100000 0.141372
vt -0.100000 -0.141372
vt 0.250000 -0.256563
vt 0.250000 -0.183260
vt -0.250000 -0.183260
vt -0.250000 -0.256563
vt 0.000000 0.329867
vt 0.000000 0.235619
vt 0.900000 0.235619
vt 0.900000 0.329867
vt -0.200000 -0.240855
vt -0.200000 -0.401426
vt -0.100000 -0.401426
vt -0.100000 -0.240855
vt -0.050000 0.231897
vt -0.050000 0.362797
vt -0.200000 0.362797
vt -0.200000 0.231897
vt 0.250000 -0.183260
vt 0.250000 -0.109956
vt -0.250000 -0.109956
vt -0.250000 -0.183260
vt -0.100000 3.071779
vt 0.100000 3.071779
vt 0.100000 3.839724
vt -0.100000 3.839724
vt 0.100000 -0.075351
vt 0.100000 -0.025117
vt -0.120000 -0.025117
vt -0.120000 -0.075351
vt 0.000000 5.527812
vt 0.000000 5.702733
vt -0.800000 5.702733
vt -0.800000 5.527812
vt -0.500000 0.729388
vt -0.000000 0.729388
vt 0.870116 1.319391
vt 0.426906 1.205639
vt 0.393431 1.193793
vt 0.362578 1.176213
vt 0.335320 1.153455
vt 0.209863 1.003686
vt 0.112879 0.834084
vt 0.494315 0.849753
vt 0.448147 0.904773
vt 0.448147 0.976598
vt 0.494315 1.031618
vt 0.565048 1.044090
vt 0.627249 1.008178
vt 0.651815 0.940685
vt 0.627249 0.873193
vt 0.910000 0.725740
vt 1.182828 0.773847
vt 1.625685 0.849753
vt 1.579518 0.904773
vt 1.579518 0.976598
vt 1.130733 1.071595
vt 1.060000 1.084067
vt 1.013832 1.139088
vt 1.013832 1.210912
vt 1.060000 1.265933
vt 1.130733 1.278405
vt 1.478380 1.278746
vt -0.200000 0.401426
vt -0.100000 0.401426
vt 0.000000 0.279253
vt -0.220000 0.279253
vt -0.220000 0.139626
vt 0.000000 0.139626
vt 0.100000 -0.329867
vt -0.100000 -0.329867
vt 0.250000 -0.329867
vt -0.250000 -0.329867
vt 0.200000 0.256563
vt 0.200000 0.329867
vt 0.020000 0.329867
vt 0.020000 0.256563
vt -0.100000 1.535890
vt 0.100000 1.535890
vt 0.100000 2.303835
vt -0.100000 2.303835
vt 0.250000 -0.036652
vt 0.250000 0.036652
vt -0.250000 0.036652
vt -0.250000 -0.036652
vt 0.200000 -0.109956
vt 0.020000 -0.109956
vt 0.250000 0.036652
vt 0.250000 0.109956
vt -0.250000 0.109956
vt -0.250000 0.036652
vt 0.200000 4.784419
vt 0.000000 4.784419
vt -0.000000 4.326200
vt 0.200000 4.326200
vt 0.200000 -0.036652
vt 0.200000 0.036652
vt 0.020000 0.036652
vt 0.020000 -0.036652
vt -0.000000 0.617366
vt -0.000000 0.729388
vt -0.500000 0.729388
vt -0.500000 0.617366
vt 0.100000 -0.109956
vt 0.100000 -0.036652
vt -0.100000 -0.036652
vt -0.100000 -0.109956
vt 0.200000 -0.000000
vt 0.200000 0.298387
vt -0.200000 0.298387
vt -0.200000 -0.000000
vt -0.200000 0.141372
vt -0.200000 -0.141372
vt 0.200000 -0.141372
vt 0.200000 0.141372
vt 0.000000 0.816814
vt -0.000000 0.942478
vt -0.220000 0.942478
vt -0.220000 0.816814
vt 0.100000 -0.036652
vt 0.100000 0.036652
vt -0.100000 0.036652
vt -0.100000 -0.036652
vt 0.250000 0.109956
vt -0.250000 0.109956
vt 0.500000 -0.147647
vt 0.800000 0.066119
vt 0.800000 0.198357
vt 0.000000 0.198357
vt -0.000000 0.066119
vt 0.250000 -0.183260
vt -0.250000 -0.183260
vt -0.200000 0.288359
vt -0.200000 0.048892
vt 0.200000 0.048892
vt 0.200000 0.288359
vt 0.100000 -0.109956
vt -0.100000 -0.109956
vt 0.250000 -0.036652
vt -0.250000 -0.036652
vt 0.000000 -0.139626
vt -0.220000 -0.139626
vt -0.220000 -0.279253
vt -0.000000 -0.279253
vt 0.418322 0.000000
vt 0.418322 0.220000
vt 0.396358 0.220000
vt 0.396358 0.000000
vt 0.200000 0.032013
vt 0.200000 0.096038
vt -0.020000 0.096038
vt -0.020000 0.032013
vt 0.000000 -0.418879
vt -0.220000 -0.418879
vt -0.220000 -0.558505
vt 0.000000 -0.558505
vt 0.000000 0.000000
vt -0.250000 0.000000
vt 0.100000 -0.183260
vt -0.100000 -0.183260
vt 0.250000 0.183260
vt -0.250000 0.183260
vt 0.800000 -0.059018
vt 0.800000 0.059018
vt 0.000000 0.059018
vt 0.000000 -0.059018
vt 0.250000 -0.072702
vt 0.250000 -0.024234
vt -0.250000 -0.024234
vt -0.250000 -0.072702
vt 0.100000 -0.256563
vt 0.100000 -0.183260
vt -0.100000 -0.183260
vt -0.100000 -0.256563
vt 0.250000 -1.720904
vt -0.250000 -1.720904
vt -0.250000 -1.891928
vt 0.250000 -1.891928
vt 0.250000 -0.072702
vt 0.250000 -0.024234
vt -0.250000 -0.024234
vt -0.250000 -0.072702
vt 1.267896 1.418495
vt 1.355470 1.403053
vt 1.412630 1.334932
vt 1.520470 1.290470
vt 1.466660 1.438311
vt 1.330409 1.516976
vt 1.175470 1.489656
vt 1.074341 1.369135
vt 1.074341 1.211805
vt 1.175470 1.091284
vt 1.330409 1.063964
vt 1.466660 1.142629
vt 1.412630 1.246007
vt 1.355470 1.177887
vt 1.267896 1.162445
vt 1.190884 1.206907
vt 1.160470 1.290470
vt 1.190884 1.374032
vt 0.100000 0.183260
vt -0.100000 0.183260
vt -0.200000 0.096038
vt -0.200000 0.032013
vt 0.020000 0.032013
vt 0.020000 0.096038
vt 0.200000 1.897163
vt 0.200000 2.658146
vt -0.000000 2.658146
vt 0.000000 1.897163
vt 0.250000 0.256563
vt 0.250000 0.329867
vt -0.250000 0.329867
vt -0.250000 0.256563
vt 0.000000 -0.130900
vt 0.000000 -0.218166
vt 0.120000 -0.218166
vt 0.120000 -0.130900
vt -0.200000 0.240855
vt -0.200000 0.080285
vt -0.100000 0.080285
vt -0.100000 0.240855
vt 0.200000 0.109956
vt 0.200000 0.183260
vt 0.020000 0.183260
vt 0.020000 0.109956
vt -0.500000 0.729388
vt 0.000000 0.729388
vt 0.000000 0.841409
vt -0.500000 0.841409
vt -0.200000 0.427606
vt -0.200000 0.305433
vt 0.200000 0.305433
vt 0.200000 0.427606
vt 0.250000 0.109956
vt -0.250000 0.109956
vt 0.250000 -0.706858
vt 0.250000 -0.424115
vt -0.250000 -0.424115
vt -0.250000 -0.706858
vt 0.700000 -0.029838
vt 0.100000 -0.329867
vt 0.100000 -0.256563
vt -0.100000 -0.256563
vt -0.100000 -0.329867
vt 0.100000 0.408407
vt -0.000000 0.408407
vt 0.000000 0.218166
vt 0.120000 0.218166
vt -0.200000 0.408407
vt -0.200000 0.317650
vt 0.200000 0.317650
vt 0.200000 0.408407
vt -0.200000 -0.549779
vt 0.200000 -0.549779
vt 0.100000 0.183260
vt 0.100000 0.256563
vt -0.100000 0.256563
vt -0.100000 0.183260
vt -0.034730 0.196962
vt -0.153209 0.128558
vt -0.200000 0.000000
vt -0.105000 0.000000
vt -0.080435 0.067493
vt -0.018233 0.103405
vt 0.250000 -0.256563
vt 0.250000 -0.183260
vt -0.250000 -0.183260
vt -0.250000 -0.256563
vt 0.000000 -0.141372
vt 0.000000 -0.235619
vt 0.900000 -0.235619
vt 0.900000 -0.141372
vt 0.100000 -0.036652
vt -0.100000 -0.036652
vt -0.200000 -0.032013
vt -0.200000 -0.096038
vt 0.020000 -0.096038
vt 0.020000 -0.032013
vt -1.368037 0.200000
vt -1.368037 -0.200000
vt 0.000000 -0.200000
vt -0.000000 -0.050000
vt -0.459485 -0.050000
vt -0.459485 0.200000
vt -0.220000 -1.099557
vt 0.000000 -1.099557
vt -0.350000 -0.041032
vt 0.000000 -0.041032
vt -0.000000 0.041032
vt -0.350000 0.041032
vt -0.100000 -0.026180
vt -0.100000 -0.078540
vt 0.150000 -0.078540
vt 0.150000 -0.026180
vt 0.250000 -0.072702
vt 0.250000 -0.024234
vt -0.250000 -0.024234
vt -0.250000 -0.072702
vt 0.100000 -0.026180
vt 0.100000 0.026180
vt -0.150000 0.026180
vt -0.150000 -0.026180
vt 0.250000 -0.329867
vt 0.250000 -0.256563
vt -0.250000 -0.256563
vt -0.250000 -0.329867
vt 0.418322 0.000000
vt 0.418322 0.220000
vt 0.322379 0.220000
vt 0.322379 0.000000
vt -0.000000 0.394120
vt -0.000000 0.591180
vt -0.900000 0.591180
vt -0.900000 0.394120
vt 0.000000 0.558505
vt -0.220000 0.558505
vt -0.220000 0.418879
vt 0.000000 0.418879
vt -0.200000 -0.317650
vt 0.200000 -0.317650
vt 0.500000 -0.212965
vt 0.000000 -0.212965
vt 0.100000 -0.036652
vt 0.100000 0.036652
vt -0.100000 0.036652
vt -0.100000 -0.036652
vt 0.052500 -0.090933
vt -0.018233 -0.103405
vt -0.000000 -0.200000
vt 0.117557 -0.161803
vt 0.000000 0.220000
vt 0.000000 0.000000
vt 0.021964 0.000000
vt 0.021964 0.220000
vt 0.100000 3.403392
vt -0.100000 3.403392
vt -0.000000 0.043633
vt -0.000000 -0.043633
vt 0.120000 -0.043633
vt 0.120000 0.043633
vt -0.220000 0.000000
vt 0.000000 0.000000
vt 0.200000 0.000000
vt 0.200000 0.113224
vt -0.200000 0.113224
vt -0.200000 0.000000
vt 0.250000 0.256563
vt 0.250000 0.329867
vt -0.250000 0.329867
vt -0.250000 0.256563
vt 0.250000 -0.256563
vt 0.250000 -0.183260
vt -0.250000 -0.183260
vt -0.250000 -0.256563
vt -0.200000 0.527825
vt 0.200000 0.527825
vt 0.100000 -0.036652
vt 0.100000 0.036652
vt -0.100000 0.036652
vt -0.100000 -0.036652
vt 0.100000 0.183260
vt -0.100000 0.183260
vt 0.000000 -0.279089
vt 0.500000 -0.279089
vt 0.500000 0.279089
vt 0.000000 0.279089
vt -0.000000 0.617366
vt -0.500000 0.617366
vt -0.250000 0.024234
vt 0.250000 0.024234
vt 0.500000 -0.531193
vt 0.000000 -0.531193
vt 0.000000 -0.531193
vt -0.250000 0.024234
vt 0.250000 0.024234
vt 0.500000 -0.680200
vt 0.500000 -0.531193
vt -0.500000 0.953430
vt -0.000000 0.953430
vt -0.000000 -0.017778
vt -0.000000 0.017778
vt -0.400000 0.017778
vt -0.400000 -0.017778
vt -0.100000 -3.176499
vt -0.100000 -4.084070
vt 0.100000 -4.084070
vt 0.100000 -3.176499
vt -0.100000 1.361357
vt 0.100000 1.361357
vt 0.200000 0.096038
vt -0.020000 0.096038
vt 0.100000 -0.183260
vt 0.100000 -0.109956
vt -0.100000 -0.109956
vt -0.100000 -0.183260
vt 0.250000 -0.072702
vt 0.250000 -0.024234
vt -0.250000 -0.024234
vt -0.250000 -0.072702
vt -0.100000 0.680678
vt 0.100000 0.680678
vt 0.100000 0.026180
vt -0.150000 0.026180
vt 0.250000 -0.109956
vt 0.250000 -0.036652
vt -0.250000 -0.036652
vt -0.250000 -0.109956
vt -0.200000 0.401426
vt -0.100000 0.401426
vt 0.200000 3.867980
vt 0.000000 3.867980
vt 0.000000 0.328122
vt 0.780000 0.328122
vt 0.250000 -0.256563
vt 0.250000 -0.183260
vt -0.250000 -0.183260
vt -0.250000 -0.256563
vt 0.200000 -3.419129
vt 0.200000 -2.658146
vt 0.000000 -2.658146
vt 0.000000 -3.419129
vt 0.000000 0.424115
vt 0.000000 0.329867
vt 0.900000 0.329867
vt 0.900000 0.424115
vt -0.200000 -0.240855
vt -0.200000 -0.401426
vt -0.100000 -0.401426
vt -0.100000 -0.240855
vt 0.100000 0.036652
vt 0.100000 0.109956
vt -0.100000 0.109956
vt -0.100000 0.036652
vt 0.250000 -0.036652
vt -0.250000 -0.036652
vt 0.100000 0.036652
vt 0.100000 0.109956
vt -0.100000 0.109956
vt -0.100000 0.036652
vt 0.100000 -0.136136
vt 0.100000 -0.045379
vt -0.000000 -0.045379
vt -0.000000 -0.136136
vt 0.000000 0.841409
vt -0.500000 0.841409
vt 0.100000 0.317650
vt 0.100000 0.408407
vt 0.000000 0.408407
vt 0.000000 0.317650
vt 0.800000 -0.177054
vt -0.000000 -0.177054
vt 0.500000 -0.531193
vt 0.000000 -0.531193
vt 0.500000 -0.212965
vt 0.500000 -0.141977
vt 0.000000 -0.141977
vt 0.000000 -0.212965
vt 0.780000 0.164061
vt 0.000000 0.164061
vt -0.000000 -0.279253
vt -0.220000 -0.279253
vt -0.220000 -0.418879
vt 0.000000 -0.418879
vt 0.200000 -0.136136
vt 0.200000 -0.045379
vt 0.050000 -0.045379
vt 0.050000 -0.136136
vt 0.200000 -0.317650
vt 0.200000 -0.226893
vt 0.050000 -0.226893
vt 0.050000 -0.317650
vt 0.250000 0.024234
vt -0.250000 0.024234
vt 0.100000 -0.329867
vt 0.100000 -0.256563
vt -0.100000 -0.256563
vt -0.100000 -0.329867
vt 0.200000 0.256563
vt 0.200000 0.329867
vt 0.020000 0.329867
vt 0.020000 0.256563
vt 0.250000 0.109956
vt -0.250000 0.109956
vt 0.000000 5.242638
vt 0.200000 5.242638
vt 0.500000 -0.212965
vt 0.000000 -0.212965
vt -0.335892 -0.000000
vt -0.335892 0.800000
vt -0.980634 0.800000
vt -0.980634 -0.000000
vt 0.350000 0.854334
vt 0.350000 0.943124
vt -0.000000 0.943124
vt 0.000000 0.854334
vt 0.250000 0.183260
vt -0.250000 0.183260
vt -0.100000 -0.453786
vt -0.100000 -1.361357
vt 0.100000 -1.361357
vt 0.100000 -0.453786
vt 0.100000 -0.136136
vt 0.000000 -0.136136
vt 0.100000 -0.109956
vt 0.100000 -0.036652
vt -0.100000 -0.036652
vt -0.100000 -0.109956
vt 0.250000 -0.072702
vt -0.250000 -0.072702
vt 0.250000 0.696735
vt -0.250000 0.696735
vt -0.250000 0.000000
vt 0.250000 0.000000
vt -0.000000 0.492183
vt 0.780000 0.492183
vt 0.100000 -0.329867
vt -0.100000 -0.329867
vt -0.300000 -0.022299
vt -0.000000 -0.022299
vt 0.000000 0.022299
vt -0.300000 0.022299
vt 0.000000 0.000000
vt 0.000000 0.125664
vt -0.220000 0.125664
vt -0.220000 0.000000
vt -0.050000 0.000000
vt -0.050000 0.093774
vt -0.200000 0.093774
vt -0.200000 -0.000000
vt 0.000000 0.250000
vt 0.000000 0.000000
vt 0.150000 0.000000
vt 0.150000 0.250000
vt -0.020000 2.089283
vt -0.020000 2.284669
vt -0.200000 2.480056
vt -0.200000 1.860042
vt -0.020000 0.817313
vt -0.020000 1.044785
vt -0.200000 1.240028
vt -0.200000 0.620014
vt -0.200000 -0.000000
vt 0.000000 -0.329867
vt 0.000000 -0.424115
vt 0.900000 -0.424115
vt 0.900000 -0.329867
vt -0.034730 0.196962
vt -0.153209 0.128558
vt -0.200000 0.000000
vt -0.153209 -0.128558
vt -0.034730 -0.196962
vt 0.100000 -0.173205
vt 0.187939 -0.068404
vt 0.098668 -0.035912
vt 0.052500 -0.090933
vt -0.018233 -0.103405
vt -0.080435 -0.067493
vt -0.105000 -0.000000
vt -0.080435 0.067493
vt -0.018233 0.103405
vt 0.052500 0.090933
vt 0.098668 0.035912
vt 0.100000 0.173205
vt -0.200000 -0.080285
vt -0.100000 -0.080285
vt 0.200000 0.256563
vt 0.200000 0.329867
vt 0.020000 0.329867
vt 0.020000 0.256563
vt -1.405470 1.091284
vt -1.300000 0.000000
vt -0.995858 0.835624
vt -1.250531 1.063964
vt 0.000000 -0.057837
vt 0.000000 -0.019279
vt -0.400000 -0.019279
vt -0.400000 -0.057837
vt 0.200000 0.109956
vt 0.020000 0.109956
vt -0.200000 0.408407
vt -0.200000 0.317650
vt 0.200000 0.317650
vt 0.200000 0.408407
vt 0.250000 1.720904
vt 0.250000 1.891928
vt -0.250000 1.891928
vt -0.250000 1.720904
vt -0.100000 -0.680678
vt 0.100000 -0.680678
vt 0.100000 0.000000
vt -0.100000 0.000000
vt 0.000000 0.220000
vt 0.000000 0.000000
vt 0.021964 0.000000
vt 0.021964 0.220000
vt 0.200000 0.895162
vt 0.200000 1.193549
vt -0.200000 1.193549
vt -0.200000 0.895162
vt 1.783185 -0.190685
vt 1.758620 -0.258178
vt 1.844469 -0.269085
vt 2.083921 0.291539
vt 1.943607 0.884791
vt 1.192935 1.242493
vt 1.217500 1.175000
vt 1.192935 1.107507
vt 1.625685 1.031618
vt 1.696418 1.044090
vt 1.758620 1.008178
vt 1.783185 0.940685
vt 1.758620 0.873193
vt 1.696418 0.837281
vt 1.422748 0.635329
vt 1.517500 0.375000
vt 1.813832 0.339088
vt 1.813832 0.410912
vt 1.860000 0.465933
vt 1.930733 0.478405
vt 1.992935 0.442493
vt 2.017500 0.375000
vt 1.992935 0.307507
vt 1.930733 0.271595
vt 1.860000 0.284067
vt 1.758620 -0.123193
vt 0.250000 0.024234
vt -0.250000 0.024234
vt 0.250000 -0.329867
vt 0.250000 -0.256563
vt -0.250000 -0.256563
vt -0.250000 -0.329867
vt 0.000000 -0.329867
vt 0.000000 -0.424115
vt 0.900000 -0.424115
vt 0.900000 -0.329867
vt 0.100000 -0.183260
vt -0.100000 -0.183260
vt 0.100000 0.989602
vt 0.100000 1.272345
vt -0.100000 1.272345
vt -0.100000 0.989602
vt 0.200000 -0.036652
vt 0.200000 0.036652
vt 0.020000 0.036652
vt 0.020000 -0.036652
vt -2.344851 0.185049
vt -2.429910 0.048647
vt -2.317462 0.042753
vt -2.262500 0.108253
vt -2.178294 0.123101
vt -2.104244 0.080348
vt -2.075000 0.000000
vt -2.000594 -0.124347
vt -1.967317 0.032920
vt -2.042915 0.174784
vt -2.192015 0.234864
vt -1.226073 -0.601681
vt -1.144385 -0.569230
vt -1.056488 -0.569063
vt -1.183763 -0.196739
vt -1.183763 0.196739
vt -1.056488 0.569063
vt -1.144385 0.569230
vt -1.226073 0.601681
vt -1.290124 0.661877
vt -1.431937 0.228158
vt -1.431937 -0.228158
vt -1.290124 -0.661877
vt 0.200000 0.226893
vt 0.050000 0.226893
vt 0.500000 -0.233178
vt -0.250000 0.024234
vt 0.250000 0.024234
vt 0.000000 -0.233178
vt 0.250000 0.989602
vt -0.250000 0.989602
vt 0.250000 0.256563
vt 0.250000 0.329867
vt -0.250000 0.329867
vt -0.250000 0.256563
vt 0.100000 0.109956
vt -0.100000 0.109956
vt 0.800000 -0.107448
vt 0.800000 -0.035816
vt -0.000000 -0.035816
vt 0.000000 -0.107448
vt 0.200000 -0.096038
vt 0.200000 -0.032013
vt -0.020000 -0.032013
vt -0.020000 -0.096038
vt 0.100000 0.226893
vt 0.000000 0.226893
vt 0.100000 0.329867
vt -0.100000 0.329867
vt 0.000000 -0.043633
vt 0.000000 -0.130900
vt 0.120000 -0.130900
vt 0.120000 -0.043633
vt 2.666458 -0.100000
vt 2.666458 0.100000
vt 0.000000 0.100000
vt 0.000000 -0.100000
vt 0.000000 1.304051
vt 0.300000 1.304051
vt 0.000000 -0.329867
vt 0.000000 -0.424115
vt 0.900000 -0.424115
vt 0.900000 -0.329867
vt 0.000000 0.043633
vt 0.120000 0.043633
vt -0.000000 0.047124
vt -0.000000 -0.047124
vt 0.900000 -0.047124
vt 0.900000 0.047124
vt -1.097400 0.164432
vt -1.131875 0.131041
vt -0.898668 0.035912
vt -0.852500 0.090933
vt -1.051338 0.177914
vt 0.100000 0.045379
vt -0.000000 0.045379
vt 0.250000 0.109956
vt 0.250000 0.183260
vt -0.250000 0.183260
vt -0.250000 0.109956
vt -0.457575 -0.200000
vt -0.000000 -0.200000
vt -0.000000 -0.020000
vt -0.085149 -0.020000
vt -0.085149 0.200000
vt -0.457575 0.200000
vt 0.250000 -0.109956
vt -0.250000 -0.109956
vt 0.250000 -0.183260
vt -0.250000 -0.183260
vt 0.250000 -0.183260
vt -0.250000 -0.183260
vt 0.645374 0.512789
vt 0.610678 0.540219
vt 0.567544 0.550000
vt -0.567544 0.550000
vt -0.610678 0.540219
vt -0.645374 0.512789
vt -0.730322 0.313814
vt -0.841838 0.182604
vt -0.988462 0.092308
vt -1.033205 0.055470
vt -1.050000 -0.000000
vt -1.033205 -0.055470
vt -0.988462 -0.092308
vt -0.841838 -0.182604
vt -0.730322 -0.313814
vt -0.645374 -0.512789
vt -0.610678 -0.540219
vt -0.567544 -0.550000
vt 0.567544 -0.550000
vt 0.610678 -0.540219
vt 0.645374 -0.512789
vt 0.730322 -0.313814
vt 0.841838 -0.182604
vt 0.988462 -0.092308
vt 1.033205 -0.055470
vt 1.050000 -0.000000
vt 1.033205 0.055470
vt 0.988462 0.092308
vt 0.841838 0.182604
vt 0.730322 0.313814
vt -0.200000 -0.424115
vt 0.200000 -0.424115
vt -0.000000 0.305433
vt -0.000000 0.218166
vt 0.120000 0.218166
vt 0.120000 0.305433
vt 0.000000 -0.007507
vt -0.400000 -0.007507
vt 0.250000 -0.183260
vt -0.250000 -0.183260
vt 0.250000 -0.109956
vt -0.250000 -0.109956
vt 0.100000 -0.329867
vt 0.100000 -0.256563
vt -0.100000 -0.256563
vt -0.100000 -0.329867
vt -0.880435 0.067493
vt -0.818233 0.103405
vt -0.747500 0.090933
vt -0.310248 0.260329
vt -0.467018 0.529773
vt -0.513185 0.474753
vt -0.583918 0.462281
vt -0.646120 0.498193
vt -0.670685 0.565685
vt -0.646120 0.633178
vt -0.583918 0.669090
vt -0.746893 0.626718
vt -0.975000 0.000000
vt -0.746893 -0.626718
vt -0.670685 -0.565685
vt -0.646120 -0.498193
vt -0.818233 -0.103405
vt -0.880435 -0.067493
vt -0.905000 0.000000
vt 0.250000 -0.141372
vt -0.250000 -0.141372
vt 0.000000 -0.382186
vt 0.500000 -0.382186
vt 0.100000 0.226893
vt 0.000000 0.226893
vt 0.100000 0.706858
vt -0.100000 0.706858
vt 0.500000 -0.531193
vt 0.000000 -0.531193
vt -0.200000 0.080285
vt -0.200000 -0.080285
vt -0.100000 -0.080285
vt -0.100000 0.080285
vt 0.100000 -0.183260
vt -0.100000 -0.183260
vt 0.100000 -0.329867
vt -0.100000 -0.329867
vt 0.250000 0.256563
vt 0.250000 0.329867
vt -0.250000 0.329867
vt -0.250000 0.256563
vt 0.500000 -0.000000
vt 0.000000 -0.000000
vt -0.000000 1.560810
vt 0.000000 1.387902
vt 0.300000 1.387902
vt 0.300000 1.560810
vt -0.153209 -0.128558
vt -0.034730 -0.196962
vt 0.100000 -0.173205
vt 0.187939 -0.068404
vt 0.187939 0.068404
vt 0.100000 0.173205
vt 0.052500 0.090933
vt 0.098668 0.035912
vt 0.098668 -0.035912
vt 0.052500 -0.090933
vt -0.018233 -0.103405
vt -0.080435 -0.067493
vt -0.250000 2.090206
vt 0.250000 2.090206
vt 0.250000 2.786942
vt -0.250000 2.786942
vt 0.200000 -0.096038
vt 0.200000 -0.032013
vt -0.020000 -0.032013
vt -0.020000 -0.096038
vt 0.000000 -0.235619
vt 0.900000 -0.235619
vt 0.000000 -0.139626
vt -0.220000 -0.139626
vt -0.220000 -0.279253
vt -0.000000 -0.279253
vt 0.250000 0.141372
vt -0.250000 0.141372
vt -0.200000 -0.190574
vt 0.200000 -0.190574
vt -0.000000 -0.043633
vt 0.120000 -0.043633
vt 0.100000 0.256563
vt 0.100000 0.329867
vt -0.100000 0.329867
vt -0.100000 0.256563
vt -0.080435 0.067493
vt -0.219805 0.081704
vt -0.200000 0.021964
vt -0.200000 0.000000
vt -0.161803 -0.117557
vt -0.105000 0.000000
vt 0.000000 -0.261799
vt -0.000000 -0.130900
vt -0.250000 -0.130900
vt -0.250000 -0.261799
vt 0.000000 0.617366
vt -0.500000 0.617366
vt 0.100000 0.036652
vt -0.100000 0.036652
vt -0.220000 -0.558505
vt 0.000000 -0.558505
vt 0.300000 1.131142
vt 0.300000 1.304051
vt 0.000000 1.304051
vt 0.000000 1.131142
vt 0.000000 0.019279
vt 0.000000 0.057837
vt -0.400000 0.057837
vt -0.400000 0.019279
vt 0.250000 2.681120
vt 0.250000 2.795135
vt -0.250000 2.795135
vt -0.250000 2.624112
vt 0.250000 2.624112
vt 0.250000 0.036652
vt -0.250000 0.036652
vt -0.000000 -0.123096
vt -0.000000 -0.041032
vt -0.350000 -0.041032
vt -0.350000 -0.123096
vt 0.000000 0.418879
vt -0.220000 0.418879
vt 0.200000 -0.109956
vt 0.020000 -0.109956
vt 0.100000 0.109956
vt 0.100000 0.183260
vt -0.100000 0.183260
vt -0.100000 0.109956
vt 0.100000 -0.226893
vt 0.000000 -0.226893
vt -0.358876 -0.259089
vt -0.256266 -0.315553
vt -0.161399 -0.177637
vt -0.088558 -0.026923
vt -0.358876 -0.122281
vt -0.350000 0.123096
vt -0.350000 0.041032
vt -0.000000 0.041032
vt -0.000000 0.123096
vt 0.000000 -0.139626
vt -0.220000 -0.139626
vt -0.000000 -0.078540
vt -0.000000 -0.026180
vt -0.250000 -0.026180
vt -0.250000 -0.078540
vt 0.100000 -0.183260
vt 0.100000 -0.109956
vt -0.100000 -0.109956
vt -0.100000 -0.183260
vt 0.000000 0.958117
vt 0.000000 0.916291
vt 0.350000 0.916291
vt 0.350000 0.958117
vt 0.000000 0.130900
vt 0.120000 0.130900
vt 0.100000 0.109956
vt -0.100000 0.109956
vt 0.500000 -0.212965
vt 0.500000 -0.141977
vt 0.000000 -0.141977
vt -0.000000 -0.212965
vt 0.800000 -0.157080
vt 0.800000 -0.052360
vt 0.000000 -0.052360
vt -0.000000 -0.157080
vt 0.100000 -0.706858
vt -0.100000 -0.706858
vt 0.000000 0.235619
vt 0.900000 0.235619
vt 0.200000 -0.183260
vt 0.200000 -0.109956
vt 0.020000 -0.109956
vt 0.020000 -0.183260
vt 4.958229 0.000000
vt 4.958229 0.900000
vt 0.600000 0.900000
vt 0.600000 0.000000
vt -0.362578 1.176213
vt -0.393431 1.193793
vt -0.426906 1.205639
vt -0.787640 1.298223
vt -0.847363 1.295089
vt -0.894617 1.258432
vt -0.912500 1.201363
vt -0.581544 1.137647
vt -0.446815 1.113891
vt -0.358876 1.009089
vt -0.358876 0.872281
vt -0.446815 0.767480
vt -0.581544 0.743724
vt -0.731924 0.513518
vt -0.731924 0.236482
vt -0.910000 0.024260
vt -1.182828 -0.023847
vt -1.422748 0.114671
vt -1.517500 0.375000
vt -1.819607 0.799264
vt -1.835138 0.814795
vt -1.891385 0.843033
vt -1.953361 0.832076
vt -1.996517 0.786265
vt -2.028403 0.709286
vt -2.030280 0.646377
vt -1.994204 0.594805
vt -1.934464 0.575000
vt -1.912500 0.575000
vt -1.794943 0.536803
vt -1.722289 0.436803
vt -1.722289 0.313197
vt -1.794943 0.213197
vt -1.912500 0.175000
vt -1.934464 0.175000
vt -1.994204 0.155195
vt -2.030280 0.103623
vt -2.028403 0.040714
vt -1.996517 -0.036265
vt -1.953361 -0.082076
vt -1.891385 -0.093033
vt -1.835138 -0.064795
vt -1.819607 -0.049264
vt -1.709472 0.006852
vt -1.587387 -0.012484
vt -1.012500 -0.251795
vt -0.924561 -0.356596
vt -0.924561 -0.493404
vt -1.012500 -0.598205
vt -1.147230 -0.621962
vt -1.265709 -0.553558
vt -1.312500 -0.425000
vt -1.536764 -0.332107
vt -1.604606 -0.399949
vt -1.629916 -0.442730
vt -1.631501 -0.492412
vt -1.608969 -0.536719
vt -1.012795 -1.214240
vt -0.927044 -1.287596
vt -0.824218 -1.334082
vt -0.735074 -1.078025
vt -0.812086 -1.033562
vt -0.842500 -0.950000
vt -0.812086 -0.866438
vt -0.735074 -0.821975
vt -0.647500 -0.837417
vt -0.590340 -0.905537
vt -0.590340 -0.994463
vt -0.647500 -1.062583
vt -0.146815 -0.950000
vt -0.226595 -0.933399
vt -0.293131 -0.886351
vt -0.335376 -0.816667
vt -0.351353 -0.778032
vt -0.371275 -0.741277
vt -0.394924 -0.706801
vt -0.433624 -0.616806
vt -0.424942 -0.519228
vt -0.370962 -0.437478
vt -0.446815 -0.363891
vt -0.581544 -0.387647
vt -0.700023 -0.319243
vt -0.746815 -0.190685
vt -0.700023 -0.062128
vt -0.581544 0.006276
vt -0.446815 -0.017480
vt -0.347230 0.178038
vt -0.465709 0.246442
vt -0.512500 0.375000
vt -0.465709 0.503558
vt -0.347230 0.571962
vt -0.212500 0.548205
vt -0.007768 0.572376
vt -0.047430 0.650000
vt -0.112879 0.834084
vt -0.209863 1.003686
vt -0.335320 1.153455
vt -0.141421 0.141421
vt -0.156952 0.125890
vt -0.104600 0.009151
vt -0.074246 0.074246
vt -0.009151 0.104600
vt 0.060226 0.086011
vt 0.101422 0.027176
vt 0.095162 -0.044375
vt 0.197538 -0.031287
vt 0.178201 0.090798
vt 0.090798 0.178201
vt -0.031287 0.197538
vt 0.100000 0.183260
vt 0.100000 0.256563
vt -0.100000 0.256563
vt -0.100000 0.183260
vt 0.766044 0.642788
vt 1.183763 0.196739
vt 1.056488 0.569063
vt 0.950400 0.618769
vt 0.881492 0.713516
vt 0.866892 0.829758
vt 0.319029 1.156815
vt -0.319029 1.156815
vt -0.866892 0.829758
vt -0.881492 0.713516
vt -0.950400 0.618769
vt -1.056488 0.569063
vt -1.183763 0.196739
vt -1.183763 -0.196739
vt -1.056488 -0.569063
vt -0.950400 -0.618769
vt -0.881492 -0.713516
vt -0.866892 -0.829758
vt -0.319029 -1.156815
vt 0.319029 -1.156815
vt 0.866892 -0.829758
vt 0.173648 -0.984808
vt -0.500000 -0.866025
vt -0.939693 -0.342020
vt -0.939693 0.342020
vt -0.500000 0.866025
vt 0.173648 0.984808
vt 0.250000 0.109956
vt -0.250000 0.109956
vt 0.350000 1.031913
vt -0.000000 1.031913
vt 0.000000 -0.392699
vt -0.250000 -0.392699
vt -0.200000 -0.561996
vt -0.200000 -0.722566
vt -0.100000 -0.722566
vt -0.100000 -0.561996
vt -0.200000 -0.401426
vt -0.200000 -0.561996
vt -0.100000 -0.561996
vt -0.100000 -0.401426
vt 0.100000 -0.329867
vt 0.100000 -0.256563
vt -0.100000 -0.256563
vt -0.100000 -0.329867
vt 1.623723 -1.484427
vt 1.750000 -1.333229
vt 1.750000 1.333229
vt 1.623723 1.484427
vt 1.420470 1.290470
vt 1.390056 1.206907
vt 1.313044 1.162445
vt 1.300000 0.000000
vt 0.995858 -0.835624
vt 1.313044 -1.162445
vt 1.390056 -1.206907
vt 1.420470 -1.290470
vt 1.390056 -1.374032
vt 1.313044 -1.418495
vt 1.225470 -1.403053
vt 1.168310 -1.334932
vt 0.225743 -1.280250
vt -0.650000 -1.125833
vt -1.221600 -0.444626
vt -1.190884 -1.206907
vt -1.160470 -1.290470
vt -1.190884 -1.374032
vt -1.267896 -1.418495
vt -1.355470 -1.403053
vt -1.623723 -1.484427
vt -1.484427 -1.623723
vt -1.333229 -1.750000
vt 1.333229 -1.750000
vt 1.484427 -1.623723
vt 0.100000 0.109956
vt -0.100000 0.109956
vt 0.000000 -1.047198
vt 0.000000 -1.745329
vt 0.150000 -1.745329
vt 0.150000 -1.047198
vt 0.500000 -0.531193
vt 0.500000 -0.382186
vt 0.000000 -0.382186
vt 0.000000 -0.531193
vt -0.900000 0.471239
vt -0.900000 0.157080
vt -0.000000 0.157080
vt -0.000000 0.471239
vt 0.100000 0.183260
vt -0.100000 0.183260
vt 0.000000 0.883070
vt 0.350000 0.883070
vt 0.100000 0.109956
vt -0.100000 0.109956
vt 0.800000 0.035816
vt 0.000000 0.035816
vt 0.500000 0.295093
vt 0.500000 -0.070988
vt 0.500000 0.000000
vt 0.000000 0.000000
vt 0.000000 -0.070988
vt 0.200000 -0.329867
vt 0.200000 -0.256563
vt 0.020000 -0.256563
vt 0.020000 -0.329867
vt 0.000000 0.558505
vt -0.220000 0.558505
vt -0.220000 -0.408407
vt -0.220000 -0.534071
vt 0.000000 -0.534071
vt 0.000000 -0.408407
vt -0.200000 0.136136
vt 0.200000 0.136136
vt 0.200000 1.136180
vt 0.000000 1.136180
vt -0.200000 0.424115
vt 0.200000 0.424115
vt 0.000000 0.130900
vt -0.000000 0.043633
vt 0.120000 0.043633
vt 0.120000 0.130900
vt 0.200000 -0.183260
vt 0.200000 -0.109956
vt 0.020000 -0.109956
vt 0.020000 -0.183260
vt 0.100000 0.109956
vt -0.100000 0.109956
vt 0.100000 0.183260
vt 0.100000 0.256563
vt -0.100000 0.256563
vt -0.100000 0.183260
vt -0.100000 -0.018755
vt 0.150000 -0.018755
vt 0.150000 0.018755
vt -0.100000 0.018755
vt 0.100000 0.256563
vt -0.100000 0.256563
vt 0.500000 -0.382186
vt 0.000000 -0.382186
vt 0.150000 0.250000
vt -0.000000 0.250000
vt -0.125000 0.216506
vt -0.216506 0.125000
vt -0.250000 0.000000
vt -0.250000 -0.150000
vt -0.263397 -0.200000
vt -0.022574 -0.128025
vt -0.099586 -0.083562
vt -0.130000 0.000000
vt -0.099586 0.083562
vt -0.022574 0.128025
vt 0.065000 0.112583
vt 0.122160 0.044463
vt 0.250000 0.183260
vt -0.250000 0.183260
vt 0.250000 -0.109956
vt 0.250000 -0.036652
vt -0.250000 -0.036652
vt -0.250000 -0.109956
vt 0.000000 -0.139626
vt -0.220000 -0.139626
vt -2.127175 1.823431
vt -2.287832 1.817969
vt -2.407391 1.710517
vt -2.429910 1.551353
vt -2.317462 1.557247
vt -2.317462 1.642753
vt -2.262500 1.708253
vt -2.178294 1.723101
vt -2.104244 1.680348
vt -2.075000 1.600000
vt -2.104244 1.519652
vt -2.178294 1.476899
vt -2.262500 1.491747
vt -2.344851 1.414951
vt -2.192015 1.365136
vt -2.042915 1.425216
vt -1.967317 1.567080
vt -2.000594 1.724347
vt 0.100000 0.109956
vt -0.100000 0.109956
vt -0.800000 1.567260
vt -0.800000 1.516126
vt 0.000000 1.516126
vt 0.000000 1.567260
vt -0.100000 -3.071779
vt 0.100000 -3.071779
vt 0.100000 -2.303835
vt -0.100000 -2.303835
vt 0.250000 0.036652
vt -0.250000 0.036652
vt -0.000000 -0.432508
vt -0.800000 -0.432508
vt -0.800000 -0.530413
vt 0.000000 -0.530413
vt 0.200000 0.183260
vt 0.020000 0.183260
vt 0.000000 0.139626
vt -0.220000 0.139626
vt -0.220000 0.000000
vt 0.000000 0.000000
vt 0.200000 0.109956
vt 0.200000 0.183260
vt 0.020000 0.183260
vt 0.020000 0.109956
vt -0.000000 5.722445
vt 0.000000 5.164266
vt 0.500000 5.164266
vt 0.500000 5.722445
vt 0.100000 -0.036652
vt -0.100000 -0.036652
vt 0.300000 1.131142
vt 0.000000 1.131142
vt -0.000000 0.617366
vt -0.500000 0.617366
vt 0.418322 0.000000
vt 0.418322 0.220000
vt 0.396358 0.220000
vt 0.396358 0.000000
vt -0.200000 -0.561996
vt -0.100000 -0.561996
vt 0.000000 -0.130900
vt 0.120000 -0.130900
vt 0.200000 1.128133
vt -0.020000 1.128133
vt 0.200000 1.044785
vt 0.100000 0.394120
vt 0.100000 0.591180
vt -0.100000 0.591180
vt -0.100000 0.394120
vt -0.220000 -0.282743
vt 0.000000 -0.282743
vt -1.664926 -1.078025
vt -1.687500 -1.350000
vt 0.647500 -1.062583
vt 0.800000 0.052360
vt 0.800000 0.157080
vt 0.000000 0.157080
vt -0.000000 0.052360
vt -0.200000 0.240855
vt -0.100000 0.240855
vt 0.000000 -0.392699
vt -0.250000 -0.392699
vt -0.100000 -2.268928
vt 0.100000 -2.268928
vt 0.200000 0.183260
vt 0.020000 0.183260
vt 1.175470 -1.091284
vt 1.190884 -1.206907
vt 1.267896 -1.162445
vt 1.355470 -1.177887
vt 1.412630 -1.246007
vt 1.412630 -1.334932
vt 1.355470 -1.403053
vt 1.330409 -1.516976
vt 1.466660 -1.438311
vt 1.520470 -1.290470
vt 1.466660 -1.142629
vt 1.330409 -1.063964
vt 0.250000 -0.329867
vt 0.250000 -0.256563
vt -0.250000 -0.256563
vt -0.250000 -0.329867
vt -0.000000 -0.218166
vt -0.000000 -0.305433
vt 0.120000 -0.305433
vt 0.120000 -0.218166
vt 0.250000 0.183260
vt -0.250000 0.183260
vt 0.250000 -0.028504
vt 0.250000 0.028504
vt 0.250000 0.085512
vt -0.250000 0.085512
vt -0.250000 0.028504
vt -0.250000 -0.028504
vt -0.250000 -0.085512
vt 0.250000 -0.085512
vt 0.000000 -0.392699
vt 0.120000 -0.392699
vt -0.100000 0.056265
vt 0.150000 0.056265
vt -0.000000 0.141372
vt 0.900000 0.141372
vt 0.100000 -0.045379
vt 0.100000 0.045379
vt -0.000000 0.045379
vt -0.000000 -0.045379
vt 0.250000 -0.329867
vt -0.250000 -0.329867
vt 0.200000 -0.036652
vt 0.020000 -0.036652
vt -0.900000 -0.471239
vt -0.000000 -0.471239
vt -0.000000 4.606087
vt 0.500000 4.606087
vt 0.800000 -0.108461
vt 0.800000 -0.036154
vt -0.000000 -0.036154
vt 0.000000 -0.108461
vt 0.000000 -0.130900
vt -0.250000 0.000000
vt -0.250000 -0.130900
vt -1.266188 -0.651986
vt -1.232070 -0.647231
vt -1.267027 -0.485919
vt -1.357970 -0.469883
vt -0.900000 -0.157080
vt -0.000000 -0.157080
vt 0.200000 -0.096038
vt -0.020000 -0.096038
vt -0.000000 0.141372
vt 0.900000 0.141372
vt -0.200000 -0.183260
vt 0.200000 -0.183260
vt -0.000000 -0.628319
vt -0.000000 -0.529001
vt -0.800000 -0.529001
vt -0.800000 -0.628319
vt 0.500000 2.884022
vt 0.500000 3.766888
vt -0.000000 3.766888
vt -0.000000 2.884022
vt 0.100000 0.256563
vt 0.100000 0.329867
vt -0.100000 0.329867
vt -0.100000 0.256563
vt 0.250000 -0.183260
vt -0.250000 -0.183260
vt 0.242384 0.144391
vt 0.049544 0.173740
vt -0.145278 0.164116
vt -0.334286 0.115903
vt -0.271377 0.117780
vt -0.018233 0.103405
vt 0.052500 0.090933
vt 0.098668 0.035912
vt 0.098668 -0.035912
vt 0.052500 -0.090933
vt -0.018233 -0.103405
vt -0.080435 -0.067493
vt -0.061803 -0.190211
vt 0.061803 -0.190211
vt 0.161803 -0.117557
vt 0.200000 0.000000
vt 0.200000 0.026363
vt 0.217883 0.083432
vt 0.265137 0.120089
vt 0.324860 0.123223
vt -0.000000 -0.022299
vt -0.300000 -0.022299
vt -0.200000 0.561996
vt -0.200000 0.401426
vt -0.100000 0.401426
vt -0.100000 0.561996
vt 0.100000 -0.183260
vt -0.100000 -0.183260
vt 0.250000 0.183260
vt -0.250000 0.183260
vt -0.000000 0.837268
vt 0.500000 0.837268
vt -0.100000 1.361357
vt -0.100000 0.453786
vt 0.100000 0.453786
vt 0.100000 1.361357
vt 0.250000 -0.183260
vt -0.250000 -0.183260
vt -1.506599 -1.369135
vt -1.405470 -1.489656
vt -1.390056 -1.374032
vt -1.420470 -1.290470
vt -1.390056 -1.206907
vt -1.313044 -1.162445
vt -1.225470 -1.177887
vt -1.168310 -1.246007
vt -1.168310 -1.334932
vt -1.060470 -1.290470
vt -1.114280 -1.142629
vt -1.250531 -1.063964
vt -1.405470 -1.091284
vt -1.506599 -1.211805
vt -0.200000 0.000000
vt 0.200000 0.000000
vt -1.390056 1.374032
vt -1.313044 1.418495
vt -1.225470 1.403053
vt -1.168310 1.334932
vt -1.060470 1.290470
vt -1.114280 1.438311
vt -1.250531 1.516976
vt -1.405470 1.489656
vt -1.506599 1.369135
vt -1.506599 1.211805
vt -1.405470 1.091284
vt -1.250531 1.063964
vt -1.114280 1.142629
vt -1.225470 1.177887
vt -1.313044 1.162445
vt -1.390056 1.206907
vt -1.420470 1.290470
vt 0.100000 0.109956
vt -0.100000 0.109956
vt 0.800000 0.052360
vt 0.800000 0.157080
vt -0.000000 0.157080
vt 0.000000 0.052360
vt 1.267896 -1.418495
vt 1.190884 -1.374032
vt 1.160470 -1.290470
vt 1.074341 -1.211805
vt 1.074341 -1.369135
vt 1.175470 -1.489656
vt 0.200000 -0.045379
vt 0.050000 -0.045379
vt -0.100000 -1.361357
vt 0.100000 -1.361357
vt 0.418322 0.000000
vt 0.418322 0.220000
vt 0.396358 0.220000
vt 0.396358 0.000000
vt 0.200000 -0.408407
vt 0.200000 -0.317650
vt 0.050000 -0.317650
vt 0.050000 -0.408407
vt 0.995858 0.835624
vt 1.225470 1.177887
vt 1.168310 1.246007
vt 1.168310 1.334932
vt 1.225470 1.403053
vt 1.313044 1.418495
vt 1.390056 1.374032
vt 1.484427 1.623723
vt 1.333229 1.750000
vt -1.333229 1.750000
vt -1.484427 1.623723
vt -1.623723 1.484427
vt -1.750000 1.333229
vt -1.750000 -1.333229
vt -1.412630 -1.334932
vt -1.412630 -1.246007
vt -1.355470 -1.177887
vt -1.267896 -1.162445
vt -1.221600 0.444626
vt -1.267896 1.162445
vt -1.355470 1.177887
vt -1.412630 1.246007
vt -1.412630 1.334932
vt -1.355470 1.403053
vt -1.267896 1.418495
vt -1.190884 1.374032
vt -1.160470 1.290470
vt -1.190884 1.206907
vt -0.650000 1.125833
vt 0.225743 1.280250
vt -0.200000 -0.080285
vt -0.200000 -0.240855
vt -0.100000 -0.240855
vt -0.100000 -0.080285
vt -0.350000 0.123096
vt 0.000000 0.123096
vt 0.100000 0.394120
vt 0.100000 0.591180
vt -0.100000 0.591180
vt -0.100000 0.394120
vt 0.000000 -2.443461
vt 0.150000 -2.443461
vt -0.250000 -0.024234
vt 0.250000 -0.024234
vt 0.250000 0.024234
vt -0.250000 0.024234
vt 0.000000 0.000000
vt -0.220000 0.000000
vt 1.466660 1.142629
vt 1.330409 1.063964
vt 1.175470 1.091284
vt 1.221600 0.444626
vt 1.221600 -0.444626
vt 0.650000 -1.125833
vt -0.225743 -1.280250
vt 1.175470 -1.489656
vt 1.074341 -1.369135
vt 1.074341 -1.211805
vt 1.175470 -1.091284
vt 1.330409 -1.063964
vt 1.466660 -1.142629
vt 1.520470 -1.290470
vt 1.466660 -1.438311
vt 1.623723 -1.484427
vt 1.750000 -1.333229
vt 1.750000 1.333229
vt 1.623723 1.484427
vt 1.484427 1.623723
vt 1.330409 1.516976
vt 1.466660 1.438311
vt 1.520470 1.290470
vt -0.200000 -0.722566
vt -0.100000 -0.722566
vt 0.250000 -1.272345
vt 0.250000 -0.989602
vt -0.250000 -0.989602
vt -0.250000 -1.272345
vt 0.100000 0.329867
vt -0.100000 0.329867
vt 0.250000 0.183260
vt 0.250000 0.256563
vt -0.250000 0.256563
vt -0.250000 0.183260
vt 0.000000 -0.628319
vt -0.800000 -0.628319
vt 0.100000 0.000000
vt 0.100000 0.197060
vt -0.100000 0.197060
vt -0.100000 0.000000
vt 0.100000 -0.109956
vt 0.100000 -0.036652
vt -0.100000 -0.036652
vt -0.100000 -0.109956
vt 0.300000 1.476959
vt 0.000000 1.476959
vt 0.250000 1.272345
vt -0.250000 1.272345
vt 0.200000 -0.329867
vt 0.020000 -0.329867
vt 0.000000 -2.207868
vt 0.000000 -2.853693
vt 0.050000 -2.853693
vt 0.050000 -2.207868
vt 0.800000 -0.066119
vt 0.000000 -0.066119
vt 0.800000 -0.098134
vt -0.000000 -0.098134
vt 0.097653 0.213199
vt 0.108609 0.275175
vt 0.154420 0.318331
vt -0.038817 0.199299
vt -0.199299 0.038817
vt -0.101422 0.027176
vt -0.060226 0.086011
vt 0.009151 0.104600
vt 0.074246 0.074246
vt 0.104600 0.009151
vt 0.086011 -0.060226
vt 0.027176 -0.101422
vt -0.044375 -0.095162
vt -0.095162 -0.044375
vt -0.156952 -0.125890
vt -0.141421 -0.141421
vt -0.031287 -0.197538
vt 0.090798 -0.178201
vt 0.178201 -0.090798
vt 0.197538 0.031287
vt 0.141421 0.141421
vt 0.125890 0.156952
vt 0.200000 -0.256563
vt 0.200000 -0.183260
vt 0.020000 -0.183260
vt 0.020000 -0.256563
vt 0.250000 -0.072702
vt 0.250000 -0.024234
vt -0.250000 -0.024234
vt -0.250000 -0.072702
vt 0.500000 -0.141977
vt 0.500000 -0.070988
vt 0.000000 -0.070988
vt 0.000000 -0.141977
vt -0.200000 -0.045379
vt -0.200000 -0.136136
vt 0.200000 -0.136136
vt 0.200000 -0.045379
vt 0.100000 0.036652
vt -0.100000 0.036652
vt -0.200000 0.281323
vt -0.200000 0.187549
vt -0.050000 0.187549
vt -0.050000 0.281323
vt -0.000000 0.107448
vt 0.800000 0.107448
vt 0.800000 0.177054
vt -0.000000 0.177054
vt -0.000000 0.098134
vt 0.800000 0.098134
vt 0.000000 0.376991
vt 0.000000 0.502655
vt -0.220000 0.502655
vt -0.220000 0.376991
vt 0.100000 0.424115
vt 0.100000 0.706858
vt -0.100000 0.706858
vt -0.100000 0.424115
vt -0.200000 0.401426
vt -0.100000 0.401426
vt 0.100000 0.329867
vt -0.100000 0.329867
vt 0.250000 0.109956
vt -0.250000 0.109956
vt 0.800000 -0.198357
vt -0.000000 -0.198357
vt -1.250531 -1.516976
vt -1.114280 -1.438311
vt -1.225470 -1.403053
vt -1.313044 -1.418495
vt 0.664353 -0.529773
vt 0.664353 -0.601598
vt 0.618185 -0.656618
vt 0.547452 -0.669090
vt 0.485251 -0.633178
vt 0.098668 -0.835912
vt -0.200000 -0.136136
vt -0.200000 -0.226893
vt 0.200000 -0.226893
vt 0.200000 -0.136136
vt 0.100000 -0.329867
vt -0.100000 -0.329867
vt -0.900000 -0.471239
vt -0.000000 -0.471239
vt 0.500000 1.118288
vt 0.500000 2.001155
vt 0.000000 2.001155
vt -0.200000 0.032013
vt -0.200000 -0.032013
vt 0.020000 -0.032013
vt 0.020000 0.032013
vt -0.220828 0.080375
vt -0.220828 -0.080375
vt -0.117500 -0.203516
vt -0.117462 -0.042753
vt -0.117462 0.042753
vt -0.062500 0.108253
vt -0.117500 0.203516
vt 0.200000 0.317650
vt 0.050000 0.317650
vt 0.800000 0.035816
vt -0.000000 0.035816
vt 0.000000 -0.035816
vt 0.800000 -0.035816
vt 0.000000 0.805689
vt 0.000000 0.840155
vt -0.800000 0.840155
vt -0.800000 0.805689
vt 0.250000 -0.329867
vt -0.250000 -0.329867
vt -0.000000 -0.255359
vt 0.300000 -0.255359
vt 0.100000 0.989602
vt -0.100000 0.989602
vt 0.100000 0.078540
vt -0.150000 0.078540
vt -0.200000 -0.408407
vt 0.200000 -0.408407
vt -0.200000 0.561996
vt -0.100000 0.561996
vt 0.100000 0.256563
vt -0.100000 0.256563
vt 0.100000 -0.329867
vt 0.100000 -0.256563
vt -0.100000 -0.256563
vt -0.100000 -0.329867
vt 0.200000 0.045379
vt 0.050000 0.045379
vt 0.000000 0.218166
vt 0.120000 0.218166
vt -0.300000 -0.236603
vt -0.350000 -0.250000
vt -0.000000 -0.250000
vt 0.125000 -0.216506
vt 0.216506 -0.125000
vt 0.250000 0.000000
vt 0.250000 0.350000
vt 0.236603 0.300000
vt 0.200000 0.263397
vt 0.122160 -0.044463
vt 0.065000 -0.112583
vt 0.780000 0.164061
vt 0.000000 0.164061
vt 0.000000 0.000000
vt 0.780000 0.000000
vt 0.100000 0.025117
vt 0.100000 0.075351
vt -0.120000 0.075351
vt -0.120000 0.025117
vt -0.500000 0.953430
vt -0.000000 0.953430
vt 0.100000 0.394120
vt 0.100000 0.591180
vt -0.100000 0.591180
vt -0.100000 0.394120
vt -0.800000 1.626065
vt -0.000000 1.626065
vt 0.000000 0.392699
vt 0.120000 0.392699
vt -0.800000 1.464992
vt -0.800000 1.413858
vt -0.000000 1.413858
vt 0.000000 1.464992
vt 0.100000 -0.183260
vt -0.100000 -0.183260
vt -0.250000 -1.393471
vt 0.250000 -1.393471
vt 0.250000 -0.696735
vt -0.250000 -0.696735
vt 0.100000 -0.329867
vt 0.100000 -0.256563
vt -0.100000 -0.256563
vt -0.100000 -0.329867
vt -0.000000 0.047124
vt -0.000000 -0.047124
vt 0.900000 -0.047124
vt 0.900000 0.047124
vt 0.200000 0.408407
vt 0.050000 0.408407
vt -0.050000 0.261799
vt -0.050000 0.392699
vt -0.200000 0.392699
vt -0.200000 0.261799
vt 0.080435 -0.867493
vt 0.018233 -0.903405
vt -0.052500 -0.890933
vt -0.098668 -0.835912
vt 0.191013 -1.083289
vt 0.105000 -0.800000
vt 0.200000 0.183260
vt 0.020000 0.183260
vt 0.098668 -0.035912
vt 0.052500 -0.090933
vt -0.034730 -0.196962
vt 0.100000 -0.173205
vt 0.187939 -0.068404
vt 0.098668 0.035912
vt -0.460685 0.565685
vt -0.202500 0.350740
vt 0.070328 0.398847
vt 0.467018 0.529773
vt 0.080435 0.732507
vt 0.018233 0.696595
vt -0.052500 0.709067
vt -0.098668 0.764088
vt -0.485251 0.633178
vt 0.500000 -0.212965
vt 0.000000 -0.212965
vt 0.000000 -0.235619
vt 0.900000 -0.235619
vt -0.460685 -0.565685
vt -0.485251 -0.633178
vt -0.098668 -0.764088
vt -0.052500 -0.709067
vt 0.018233 -0.696595
vt 0.080435 -0.732507
vt 0.583918 -0.669090
vt 0.513185 -0.656618
vt 0.467018 -0.601598
vt 0.467018 -0.529773
vt 0.513185 -0.474753
vt 0.583918 -0.462281
vt 0.646120 -0.498193
vt 0.747500 -0.090933
vt 0.701332 -0.035912
vt 0.701332 0.035912
vt 0.747500 0.090933
vt 0.818233 0.103405
vt 0.646120 0.498193
vt 0.583918 0.462281
vt 0.513185 0.474753
vt 0.310248 0.260329
vt 0.405000 0.000000
vt 0.310248 -0.260329
vt 0.070328 -0.398847
vt -0.202500 -0.350740
vt -0.380576 -0.138518
vt -0.380576 0.138518
vt -0.485251 0.498193
vt -0.547452 0.462281
vt -0.618185 0.474753
vt -0.664353 0.529773
vt -0.664353 0.601598
vt -0.618185 0.656618
vt -0.547452 0.669090
vt -0.550000 0.952628
vt -1.033662 0.376222
vt -0.898668 -0.035912
vt -0.898668 0.035912
vt -0.852500 0.090933
vt -0.781767 0.103405
vt -0.719565 0.067493
vt -0.695000 0.000000
vt -0.547452 -0.462281
vt -0.485251 -0.498193
vt 0.618185 -0.656618
vt 0.547452 -0.669090
vt 0.485251 -0.633178
vt 0.499000 -0.864293
vt 0.937813 -0.341336
vt 0.937813 0.341336
vt 0.499000 0.864293
vt -0.173301 0.982838
vt -0.764512 0.641502
vt -0.998000 0.000000
vt -0.764512 -0.641502
vt -0.173301 -0.982838
vt -0.105000 -0.800000
vt -0.080435 -0.732507
vt -0.467018 -0.529773
vt -0.467018 -0.601598
vt -0.513185 -0.656618
vt -0.583918 -0.669090
vt -0.646120 -0.633178
vt -0.670685 -0.565685
vt -0.646120 -0.498193
vt -0.583918 -0.462281
vt -0.747500 -0.090933
vt -0.818233 -0.103405
vt -0.880435 -0.067493
vt -0.905000 0.000000
vt -0.880435 0.067493
vt -0.818233 0.103405
vt -0.646120 0.498193
vt -0.670685 0.565685
vt -0.646120 0.633178
vt -0.583918 0.669090
vt -0.513185 0.656618
vt -0.467018 0.601598
vt -0.105000 0.800000
vt -0.080435 0.867493
vt -0.018233 0.903405
vt 0.052500 0.890933
vt 0.098668 0.835912
vt 0.098668 0.764088
vt 0.052500 0.709067
vt -0.018233 0.696595
vt -0.080435 0.732507
vt -0.070328 0.398847
vt 0.202500 0.350740
vt 0.485251 0.498193
vt 0.460685 0.565685
vt 0.485251 0.633178
vt 0.547452 0.669090
vt 0.618185 0.656618
vt 0.664353 0.601598
vt 0.664353 0.529773
vt 0.618185 0.474753
vt 0.719565 0.067493
vt 0.781767 0.103405
vt 0.852500 0.090933
vt 0.898668 0.035912
vt 0.898668 -0.035912
vt 0.852500 -0.090933
vt 0.781767 -0.103405
vt 0.618185 -0.474753
vt 0.664353 -0.529773
vt 0.664353 -0.601598
vt 0.380576 -0.138518
vt 0.202500 -0.350740
vt -0.070328 -0.398847
vt -0.310248 -0.260329
vt -0.405000 0.000000
vt -0.310248 0.260329
vt -0.467018 0.529773
vt -0.513185 0.474753
vt -0.583918 0.462281
vt -0.747500 0.090933
vt -0.701332 0.035912
vt -0.701332 -0.035912
vt -0.513185 -0.474753
vt -0.018233 -0.696595
vt 0.052500 -0.709067
vt 0.098668 -0.764088
vt 0.098668 -0.835912
vt 0.052500 -0.890933
vt -0.018233 -0.903405
vt -0.080435 -0.867493
vt 0.460685 -0.565685
vt 0.485251 -0.498193
vt 0.547452 -0.462281
vt 0.719565 -0.067493
vt 0.695000 0.000000
vt 0.547452 0.462281
vt 0.380576 0.138518
vt 2.666458 -0.100000
vt 2.666458 0.100000
vt 0.000000 0.100000
vt 0.000000 -0.100000
vt -0.200000 -0.240855
vt -0.100000 -0.240855
vt -0.275175 -0.108609
vt -0.213199 -0.097653
vt -0.318331 -0.154420
vt -0.800000 -0.334603
vt 0.000000 -0.334603
vt 0.200000 -0.408407
vt 0.050000 -0.408407
vt 0.100000 0.197060
vt -0.100000 0.197060
vt 0.000000 0.592893
vt 0.000000 0.197631
vt 0.050000 0.197631
vt 0.050000 0.592893
vt 0.200000 -0.408407
vt 0.200000 -0.317650
vt 0.050000 -0.317650
vt 0.050000 -0.408407
vt 0.200000 0.036652
vt 0.020000 0.036652
vt 0.250000 0.256563
vt -0.250000 0.256563
vt 0.200000 0.136136
vt 0.050000 0.136136
vt 0.200000 0.036652
vt 0.020000 0.036652
vt 0.100000 -0.109956
vt -0.100000 -0.109956
vt -0.000000 0.107448
vt 0.000000 0.035816
vt 0.800000 0.035816
vt 0.800000 0.107448
vt 0.000000 5.352891
vt -0.800000 5.352891
vt -0.200000 -0.096038
vt 0.020000 -0.096038
vt 0.200000 -0.329867
vt 0.020000 -0.329867
vt 0.250000 -0.109956
vt -0.250000 -0.109956
vt -0.200000 -0.561996
vt -0.200000 -0.722566
vt -0.100000 -0.722566
vt -0.100000 -0.561996
vt 0.100000 -0.424115
vt -0.100000 -0.424115
vt 0.200000 3.419129
vt 0.000000 3.419129
vt -0.876171 0.800000
vt -0.876171 0.000000
vt -0.200000 0.000000
vt -0.200000 0.800000
vt 0.800000 0.196557
vt -0.000000 0.196557
vt 0.250000 -0.256563
vt -0.250000 -0.256563
vt 0.250000 0.036652
vt 0.250000 0.109956
vt -0.250000 0.109956
vt -0.250000 0.036652
vt -0.200000 0.226893
vt 0.200000 0.226893
vt 0.100000 -0.036652
vt 0.100000 0.036652
vt -0.100000 0.036652
vt -0.100000 -0.036652
vt -0.500000 0.953430
vt -0.500000 0.841409
vt 0.000000 0.841409
vt 0.000000 0.953430
vt 0.000000 0.883703
vt 0.000000 0.918169
vt -0.800000 0.918169
vt -0.800000 0.883703
vt 0.250000 -0.072702
vt -0.250000 -0.072702
vt 0.500000 -0.382186
vt 0.500000 -0.233178
vt 0.000000 -0.233178
vt 0.000000 -0.382186
vt -0.000000 -0.053335
vt -0.400000 -0.053335
vt 0.000000 1.041770
vt 0.000000 0.999944
vt 0.350000 0.999944
vt 0.350000 1.041770
vt 0.100000 0.109956
vt -0.100000 0.109956
vt 0.100000 0.183260
vt 0.100000 0.256563
vt -0.100000 0.256563
vt -0.100000 0.183260
vt 0.200000 -0.226893
vt 0.050000 -0.226893
vt 0.100000 -0.329867
vt 0.100000 -0.256563
vt -0.100000 -0.256563
vt -0.100000 -0.329867
vt 0.500000 -0.070988
vt 0.000000 -0.070988
vt -0.000000 0.197060
vt -0.900000 0.197060
vt 0.500000 -0.837268
vt -0.000000 -0.837268
vt 0.100000 0.036652
vt -0.100000 0.036652
vt 0.100000 0.036652
vt -0.100000 0.036652
vt 0.050000 2.207868
vt 0.050000 2.853693
vt -0.000000 2.853693
vt -0.000000 2.207868
vt -0.200000 0.240855
vt -0.100000 0.240855
vt 0.500000 -0.000000
vt 0.000000 -0.000000
vt -0.250000 -0.024234
vt 0.250000 -0.024234
vt 0.250000 0.024234
vt -0.250000 0.024234
vt 0.050000 -0.592893
vt 0.050000 -0.197631
vt 0.000000 -0.197631
vt 0.000000 -0.592893
vt 0.500000 -0.070988
vt 0.500000 0.000000
vt 0.000000 0.000000
vt 0.000000 -0.070988
vt 0.100000 1.272345
vt -0.100000 1.272345
vt 0.100000 0.136136
vt -0.000000 0.136136
vt 0.050000 1.562043
vt 0.000000 1.562043
vt 0.800000 -0.196557
vt -0.000000 -0.196557
vt -0.020000 1.810548
vt 0.200000 1.810548
vt 0.200000 1.893896
vt -0.020000 1.893896
vt 0.250000 -0.036652
vt -0.250000 -0.036652
vt 0.250000 0.329867
vt -0.250000 0.329867
vt 0.000000 1.647479
vt -0.800000 1.647479
vt -0.800000 1.580932
vt 0.000000 1.580932
vt -0.350000 0.119675
vt -0.000000 0.119675
vt 0.250000 0.000000
vt 0.250000 0.250000
vt 0.100000 0.250000
vt 0.100000 0.000000
vt 0.000000 -0.531193
vt 0.500000 -0.531193
vt 0.000000 -0.392699
vt 0.120000 -0.392699
vt 0.000000 0.392699
vt -0.000000 0.305433
vt 0.120000 0.305433
vt 0.120000 0.392699
vt 0.800000 -0.107448
vt 0.000000 -0.107448
vt -0.000000 -0.007507
vt 0.350000 -0.007507
vt 2.666458 -0.100000
vt 2.666458 0.100000
vt 0.000000 0.100000
vt 0.000000 -0.100000
vt -0.898668 0.035912
vt -0.852500 0.090933
vt -0.781767 0.103405
vt -0.719565 0.067493
vt -0.695000 0.000000
vt -0.380576 0.138518
vt -0.202500 0.350740
vt 0.070328 0.398847
vt -0.052500 0.709067
vt -0.098668 0.764088
vt -0.460685 0.565685
vt -0.485251 0.498193
vt -0.547452 0.462281
vt -0.618185 0.474753
vt -0.664353 0.529773
vt -0.664353 0.601598
vt -0.618185 0.656618
vt -0.547452 0.669090
vt -0.485251 0.633178
vt -0.499000 0.864293
vt -0.937813 0.341336
vt -0.937813 -0.341336
vt -0.499000 -0.864293
vt 0.173301 -0.982838
vt 0.764512 -0.641502
vt 0.998000 0.000000
vt 0.764512 0.641502
vt 0.173301 0.982838
vt 0.513185 0.656618
vt 0.583918 0.669090
vt 0.646120 0.633178
vt 0.670685 0.565685
vt 0.646120 0.498193
vt 0.583918 0.462281
vt 0.747500 0.090933
vt 0.818233 0.103405
vt 0.880435 0.067493
vt 0.905000 0.000000
vt 0.880435 -0.067493
vt 0.818233 -0.103405
vt 0.646120 -0.498193
vt 0.670685 -0.565685
vt 0.646120 -0.633178
vt 0.583918 -0.669090
vt 0.513185 -0.656618
vt 0.467018 -0.601598
vt 0.467018 -0.529773
vt 0.080435 -0.732507
vt 0.105000 -0.800000
vt 0.080435 -0.867493
vt 0.018233 -0.903405
vt -0.052500 -0.890933
vt -0.098668 -0.835912
vt -0.098668 -0.764088
vt -0.485251 -0.633178
vt -0.547452 -0.669090
vt -0.618185 -0.656618
vt -0.664353 -0.601598
vt -0.664353 -0.529773
vt -0.618185 -0.474753
vt -0.781767 -0.103405
vt -0.852500 -0.090933
vt -0.898668 -0.035912
vt 0.100000 0.329867
vt -0.100000 0.329867
vt -0.000000 0.218166
vt 0.120000 0.218166
vt -0.892250 0.659708
vt -0.869212 0.617604
vt -0.664353 0.601598
vt -0.618185 0.656618
vt -0.547452 0.669090
vt -0.485251 0.633178
vt -0.460685 0.565685
vt -0.354052 0.432602
vt -0.317287 0.537428
vt -0.285919 0.599455
vt -0.221703 0.626054
vt -0.155663 0.604375
vt -0.055543 0.556248
vt -0.052500 0.709067
vt -0.098668 0.764088
vt -0.098668 0.835912
vt -0.052500 0.890933
vt 0.018233 0.903405
vt 0.080435 0.867493
vt 0.164432 1.097400
vt 0.131041 1.131875
vt 0.085433 1.146822
vt -0.085433 1.146822
vt -0.131041 1.131875
vt -0.164432 1.097400
vt -0.225042 0.912083
vt -0.339667 0.820028
vt -0.485811 0.804068
vt -0.659708 0.892250
vt -0.707697 0.893017
vt -0.750516 0.871336
vt -0.871336 0.750516
vt -0.893017 0.707697
vt -0.100000 0.078540
vt -0.100000 0.026180
vt 0.150000 0.026180
vt 0.150000 0.078540
vt 0.100000 0.183260
vt -0.100000 0.183260
vt 0.234315 0.000000
vt 0.234315 0.350000
vt 0.165685 0.350000
vt 0.165685 0.000000
vt 0.100000 0.329867
vt -0.100000 0.329867
vt 0.100000 -0.078540
vt -0.150000 -0.078540
vt -0.000000 0.108461
vt -0.000000 0.036154
vt 0.800000 0.036154
vt 0.800000 0.108461
vt 0.250000 0.036652
vt -0.250000 0.036652
vt 0.000000 0.628319
vt -0.220000 0.628319
vt -0.250000 -2.786942
vt 0.250000 -2.786942
vt 0.250000 -2.090206
vt -0.250000 -2.090206
vt 0.000000 0.043633
vt 0.120000 0.043633
vt 0.000000 0.424115
vt 0.900000 0.424115
vt 0.500000 -0.382186
vt 0.000000 -0.382186
vt 0.100000 -0.317650
vt 0.100000 -0.226893
vt 0.000000 -0.226893
vt 0.000000 -0.317650
vt 0.000000 0.771223
vt -0.800000 0.771223
vt 0.000000 -0.141372
vt 0.900000 -0.141372
vt -0.250000 0.072702
vt 0.000000 -0.084171
vt 0.500000 -0.233178
vt -0.250000 0.024234
vt 0.250000 0.024234
vt 0.000000 -0.084171
vt 0.000000 -0.233178
vt -0.500000 0.953430
vt -0.000000 0.953430
vt -0.200000 0.408407
vt -0.200000 0.317650
vt 0.200000 0.317650
vt 0.200000 0.408407
vt 0.800000 0.032711
vt -0.000000 0.032711
vt 0.000000 -0.032711
vt 0.800000 -0.032711
vt 0.100000 0.183260
vt -0.100000 0.183260
vt 0.050000 0.916218
vt 0.000000 0.916218
vt 0.250000 -0.256563
vt -0.250000 -0.256563
vt -0.200000 -0.317650
vt -0.200000 -0.408407
vt 0.200000 -0.408407
vt 0.200000 -0.317650
vt 0.250000 -0.072702
vt 0.250000 -0.024234
vt -0.250000 -0.024234
vt -0.250000 -0.072702
vt 0.100000 0.136136
vt 0.100000 0.226893
vt 0.000000 0.226893
vt -0.000000 0.136136
vt 0.100000 0.183260
vt -0.100000 0.183260
vt 0.250000 0.036652
vt -0.250000 0.036652
vt 0.600000 0.900000
vt 0.600000 0.000000
vt 2.900000 0.000000
vt 2.900000 0.900000
vt -0.100000 0.078540
vt -0.100000 0.026180
vt 0.150000 0.026180
vt 0.150000 0.078540
vt 0.200000 -0.036652
vt 0.020000 -0.036652
vt 0.100000 0.045379
vt 0.100000 0.136136
vt -0.000000 0.136136
vt -0.000000 0.045379
vt 0.250000 0.256563
vt 0.250000 0.329867
vt -0.250000 0.329867
vt -0.250000 0.256563
vt -0.200000 -0.401426
vt -0.100000 -0.401426
vt 0.250000 0.109956
vt -0.250000 0.109956
vt 0.250000 -0.329867
vt -0.250000 -0.329867
vt 0.000000 5.177970
vt -0.800000 5.177970
vt -0.500000 0.729388
vt -0.000000 0.729388
vt 0.000000 0.841409
vt -0.500000 0.841409
vt 0.250000 0.000000
vt 0.250000 0.250000
vt 0.100000 0.250000
vt 0.100000 0.000000
vt 0.250000 0.256563
vt -0.250000 0.256563
vt -0.200000 -1.272345
vt 0.200000 -1.272345
vt 0.871336 0.750516
vt 0.792770 0.833076
vt 0.618185 0.656618
vt 0.664353 0.601598
vt 0.893017 0.707697
vt 0.052500 -0.090933
vt -0.018233 -0.103405
vt -0.034730 -0.196962
vt 0.100000 -0.173205
vt 0.187939 -0.068404
vt 0.187939 0.068404
vt 0.100000 0.173205
vt 0.098668 0.035912
vt 0.098668 -0.035912
vt -1.198723 -0.638596
vt -1.166585 -0.626196
vt -1.103679 -0.609318
vt -1.038685 -0.613547
vt -0.978496 -0.638435
vt -0.825764 -0.723566
vt -1.169923 -0.086856
vt -1.256488 -0.037819
vt -1.315005 0.042642
vt -1.334986 0.140105
vt -1.530022 0.659907
vt -1.530022 1.215093
vt -1.334986 1.734895
vt -1.417328 2.274143
vt -1.357970 2.344883
vt -1.484427 2.561223
vt -1.623723 2.421927
vt -1.750000 2.270729
vt -1.423205 -1.627500
vt -1.450000 -1.527500
vt -1.450000 -0.851329
vt -1.425843 -0.756043
vt -1.359206 -0.683776
vt -1.417328 -0.399143
vt -1.417328 -0.306797
vt -1.357970 -0.236056
vt -1.267027 -0.220021
vt -1.187054 -0.266194
vt -1.155470 -0.352970
vt -1.187054 -0.439746
vt 0.250000 -0.072702
vt -0.250000 -0.072702
vt -0.350000 -0.049485
vt -0.000000 -0.049485
vt -0.000000 0.049485
vt -0.350000 0.049485
vt 0.780000 -0.164061
vt 0.000000 -0.164061
vt 0.800000 -0.628319
vt 0.800000 -0.530413
vt -0.000000 -0.530413
vt -0.000000 -0.628319
vt -1.146822 0.085433
vt -0.880435 0.067493
vt -0.818233 0.103405
vt -0.747500 0.090933
vt -0.626054 0.221703
vt -0.599455 0.285919
vt -0.583918 0.462281
vt -0.646120 0.498193
vt -0.670685 0.565685
vt -0.804068 0.485811
vt -0.820028 0.339667
vt -0.912083 0.225042
vt -1.097400 0.164432
vt -1.131875 0.131041
vt 0.000000 0.400000
vt 0.000000 0.000000
vt 0.416441 0.000000
vt 0.416441 0.400000
vt 0.000000 0.250000
vt 0.000000 0.000000
vt 0.150000 0.000000
vt 0.150000 0.250000
vt -0.500000 0.953430
vt 0.000000 0.953430
vt -0.250000 0.024234
vt 0.250000 0.024234
vt -0.000000 -0.233178
vt 0.500000 -0.233178
vt 0.100000 -0.109956
vt -0.100000 -0.109956
vt 0.250000 -0.329867
vt -0.250000 -0.329867
vt 0.100000 -0.109956
vt -0.100000 -0.109956
vt 0.250000 -0.072702
vt -0.250000 -0.072702
vt 0.800000 -0.429683
vt -0.000000 -0.429683
vt -0.464088 0.494661
vt -0.541772 0.478957
vt -0.607257 0.434313
vt -0.650259 0.367738
vt -0.723101 0.217024
vt -0.817968 0.079107
vt -0.932663 -0.042817
vt -0.986643 -0.124567
vt -0.995325 -0.222145
vt -0.956626 -0.312140
vt -0.932976 -0.346616
vt -0.913055 -0.383372
vt -0.897078 -0.422006
vt -0.854833 -0.491690
vt -0.788297 -0.538738
vt -0.708516 -0.555339
vt 0.560113 -0.555339
vt 0.639894 -0.538738
vt 0.706429 -0.491690
vt 0.804216 -0.317464
vt 0.887923 -0.233757
vt 1.062149 -0.135970
vt 1.109197 -0.069434
vt 1.125798 0.010346
vt 1.125798 0.078975
vt 1.109197 0.158756
vt 1.062149 0.225292
vt 0.992465 0.267537
vt 0.912711 0.306144
vt 0.843413 0.361362
vt 0.787971 0.430481
vt 0.731232 0.488972
vt 0.655870 0.519974
vt 0.574397 0.518341
vt 0.478329 0.496911
vt 0.463414 0.495224
vt 0.100000 -0.109956
vt -0.100000 -0.109956
vt 0.500000 -0.212965
vt 0.000000 -0.212965
vt 0.800000 -0.098134
vt -0.000000 -0.098134
vt 0.200000 -0.329867
vt 0.200000 -0.256563
vt 0.020000 -0.256563
vt 0.020000 -0.329867
vt 0.200000 0.136136
vt 0.050000 0.136136
vt -0.000000 -0.119675
vt -0.350000 -0.119675
vt 0.250000 0.329867
vt -0.250000 0.329867
vt -0.000000 -0.123096
vt -0.000000 -0.041032
vt -0.350000 -0.041032
vt -0.350000 -0.123096
vt -0.200000 0.183260
vt 0.200000 0.183260
vt 0.100000 -0.408407
vt -0.000000 -0.408407
vt 0.200000 -0.036652
vt 0.020000 -0.036652
vt -0.200000 0.722566
vt -0.100000 0.722566
vt 0.250000 -0.109956
vt -0.250000 -0.109956
vt 0.100000 -0.045379
vt -0.000000 -0.045379
vt 0.084733 0.300000
vt 0.084733 0.000000
vt 1.219822 0.000000
vt 1.219822 0.300000
vt -0.305678 0.372719
vt -0.623814 0.686205
vt -0.660714 0.697184
vt -1.130554 0.497646
vt -0.536838 0.015104
vt -0.425322 0.146314
vt -0.340374 0.345289
vt 0.200000 0.109956
vt 0.020000 0.109956
vt 0.100000 -0.136136
vt -0.000000 -0.136136
vt 0.500000 4.047908
vt -0.000000 4.047908
vt 0.000000 0.250000
vt 0.333357 0.000000
vt 0.333357 0.250000
vt -0.000000 -0.148455
vt -0.350000 -0.148455
vt -0.200000 1.272345
vt 0.200000 1.272345
vt 0.100000 0.109956
vt -0.100000 0.109956
vt 2.666458 -0.100000
vt 2.666458 0.100000
vt 0.000000 0.100000
vt 0.000000 -0.100000
vt -0.220000 -0.698132
vt 0.000000 -0.698132
vt -0.000000 -0.200000
vt -0.000000 -0.050000
vt -0.350000 -0.050000
vt -0.350000 0.200000
vt -2.050000 0.200000
vt -2.050000 -0.050000
vt -2.400000 -0.050000
vt -2.400000 -0.200000
vt 0.200000 0.596775
vt -0.200000 0.596775
vt 0.000000 -0.314159
vt 0.300000 -0.314159
vt 0.100000 -0.183260
vt -0.100000 -0.183260
vt 0.500000 0.000000
vt 0.000000 0.000000
vt 0.100000 0.000000
vt 0.100000 0.197060
vt -0.100000 0.197060
vt -0.100000 0.000000
vt 0.250000 -0.183260
vt -0.250000 -0.183260
vt -0.250000 1.393471
vt 0.250000 1.393471
vt 0.800000 -0.052360
vt 0.000000 -0.052360
vt 0.000000 0.617366
vt -0.500000 0.617366
vt 0.100000 0.197060
vt -0.100000 0.197060
vt -0.000000 -0.330365
vt 0.800000 -0.330365
vt 0.100000 0.329867
vt -0.100000 0.329867
vt 0.000000 0.328122
vt 0.780000 0.328122
vt 0.000000 -0.558505
vt -0.220000 -0.558505
vt -0.220000 -0.698132
vt 0.000000 -0.698132
vt -0.000000 0.617366
vt -0.000000 0.729388
vt -0.500000 0.729388
vt -0.500000 0.617366
vt -0.350000 0.123096
vt -0.350000 0.041032
vt -0.000000 0.041032
vt -0.000000 0.123096
vt -0.328324 0.276844
vt -0.350386 0.306909
vt -0.152388 -0.107728
vt -0.097235 -0.182889
vt -0.018380 -0.232618
vt 0.073210 -0.250000
vt 0.423210 -0.250000
vt 0.373210 -0.236603
vt 0.336608 -0.200000
vt 0.323210 -0.150000
vt 0.138210 -0.112583
vt 0.050636 -0.128025
vt -0.026375 -0.083562
vt -0.056790 0.000000
vt -0.026375 0.083562
vt 0.050636 0.128025
vt 0.138210 0.112583
vt 0.195370 0.044463
vt 0.195370 -0.044463
vt 0.323210 -0.000000
vt 0.289717 0.125000
vt 0.198210 0.216506
vt 0.073210 0.250000
vt -0.260146 0.250000
vt -0.296782 0.256953
vt -0.220000 -0.157080
vt -0.000000 -0.157080
vt 0.000000 0.473579
vt 0.000000 0.277948
vt 0.400000 0.277948
vt 0.400000 0.473579
vt 0.200000 0.229110
vt 0.000000 0.229110
vt 0.000000 -0.229110
vt 0.200000 -0.229110
vt 0.250000 -0.183260
vt -0.250000 -0.183260
vt -0.200000 0.096038
vt 0.020000 0.096038
vt -0.022574 -0.128025
vt -0.099586 -0.083562
vt -0.216506 -0.125000
vt -0.125000 -0.216506
vt -0.000000 -0.250000
vt 0.150000 -0.250000
vt 0.200000 -0.263397
vt 0.236603 -0.300000
vt 0.250000 -0.350000
vt 0.250000 0.000000
vt 0.216506 0.125000
vt 0.125000 0.216506
vt -0.000000 0.250000
vt -0.350000 0.250000
vt -0.300000 0.236603
vt -0.263397 0.200000
vt -0.250000 0.150000
vt -0.099586 0.083562
vt -0.022574 0.128025
vt 0.065000 0.112583
vt 0.122160 0.044463
vt 0.122160 -0.044463
vt 0.065000 -0.112583
vt -0.130000 0.000000
vt -0.250000 0.000000
vt 0.000000 -1.562043
vt 0.050000 -1.562043
vt -0.100000 2.268928
vt 0.100000 2.268928
vt -1.405414 -0.851062
vt -1.482426 -0.895525
vt -1.630000 -0.984006
vt -1.505000 -1.017500
vt 0.895000 -1.017500
vt 0.772840 -0.811963
vt 0.772840 -0.723037
vt -1.405414 -0.683938
vt -1.375000 -0.767500
vt 0.830000 -0.880083
vt 0.986591 -1.000118
vt 1.065446 -0.950389
vt 1.120599 -0.875228
vt 1.710101 0.359281
vt 1.745539 0.650315
vt 1.429058 0.669988
vt 1.470000 0.557500
vt 1.429058 0.445012
vt 1.325388 0.385159
vt 1.207500 0.405946
vt 1.130554 0.497646
vt 1.130554 0.617354
vt 1.207500 0.709054
vt 1.043535 0.942682
vt 0.694827 0.715029
vt 0.660714 0.697184
vt 0.623814 0.686205
vt -1.482426 0.304475
vt -1.721506 -0.892500
vt -1.570000 -0.880083
vt -1.627160 -0.811963
vt -1.627160 -0.723037
vt -1.570000 -0.654917
vt -1.482426 -0.639475
vt 0.830000 -0.654917
vt 0.917574 -0.639475
vt 0.994586 -0.683938
vt 1.025000 -0.767500
vt 0.994586 -0.851062
vt 0.917574 -0.895525
vt 0.000000 0.424115
vt 0.000000 0.329867
vt 0.900000 0.329867
vt 0.900000 0.424115
vt 0.500000 -0.343440
vt 1.327309 1.016364
vt 1.325388 0.729841
vt 1.597958 0.903645
vt 0.250000 0.256563
vt 0.250000 0.329867
vt -0.250000 0.329867
vt -0.250000 0.256563
vt -0.132775 0.000000
vt -0.132775 0.800000
vt -0.796038 0.800000
vt -0.796038 0.000000
vt 0.000000 0.558505
vt -0.220000 0.558505
vt 0.500000 -0.141977
vt -0.000000 -0.141977
vt 0.000000 0.235619
vt 0.900000 0.235619
vt 0.250000 0.109956
vt -0.250000 0.109956
vt -0.200000 0.549779
vt 0.200000 0.549779
vt -0.000000 0.053335
vt -0.400000 0.053335
vt 0.200000 -0.687329
vt 0.000000 -0.687329
vt 0.100000 -0.408407
vt 0.100000 -0.317650
vt 0.000000 -0.317650
vt 0.000000 -0.408407
vt 0.250000 0.329867
vt -0.250000 0.329867
vt -1.168310 1.246007
vt 0.250000 0.329867
vt -0.250000 0.329867
vt 0.500000 -0.212965
vt 0.000000 -0.212965
vt 0.052500 -0.890933
vt -0.018233 -0.903405
vt -0.080435 -0.867493
vt -0.169307 -0.960188
vt 0.487500 -0.844375
vt 0.098668 -0.835912
vt 0.250000 0.000000
vt 0.250000 0.250000
vt 0.100000 0.250000
vt 0.100000 0.000000
vt -0.500000 0.953430
vt 0.000000 0.953430
vt 0.380576 0.138518
vt 0.380576 -0.138518
vt 0.695000 0.000000
vt 0.719565 0.067493
vt 0.618185 0.474753
vt 0.547452 0.462281
vt 0.485251 0.498193
vt 0.460685 0.565685
vt 0.098668 0.764088
vt 0.052500 0.709067
vt -0.018233 0.696595
vt -0.080435 0.732507
vt -0.105000 0.800000
vt -0.169307 0.960188
vt -0.513185 0.656618
vt -0.467018 0.601598
vt -0.070328 0.398847
vt 0.202500 0.350740
vt -0.244545 0.000000
vt -0.244545 0.800000
vt -0.907809 0.800000
vt -0.907809 0.000000
vt 0.485251 -0.498193
vt 0.547452 -0.462281
vt 0.202500 -0.350740
vt 0.460685 -0.565685
vt 1.333229 2.687500
vt 0.500000 1.803525
vt 1.004244 1.657152
vt 0.975000 1.737500
vt 1.004244 1.817848
vt 1.078294 1.860601
vt 1.155470 2.227970
vt 1.187054 2.314746
vt 1.267027 2.360919
vt 1.357970 2.344883
vt 1.417328 2.274143
vt 1.417328 2.181797
vt 1.623723 2.421927
vt 1.484427 2.561223
vt -0.080435 -0.067493
vt -0.105000 0.000000
vt -0.080435 0.067493
vt -0.018233 0.103405
vt 0.052500 0.090933
vt -0.034730 0.196962
vt -0.153209 0.128558
vt -0.200000 0.000000
vt -0.153209 -0.128558
vt -0.646120 -0.633178
vt -0.105000 -0.800000
vt -0.080435 -0.732507
vt -0.018233 -0.696595
vt 0.052500 -0.709067
vt 0.098668 -0.764088
vt 0.916200 -0.333470
vt 0.916200 0.333470
vt 0.487500 0.844375
vt -0.080435 0.867493
vt -0.018233 0.903405
vt 0.052500 0.890933
vt 0.098668 0.835912
vt 0.485251 0.633178
vt 0.547452 0.669090
vt 0.618185 0.656618
vt 0.664353 0.601598
vt 0.664353 0.529773
vt 0.781767 0.103405
vt 0.852500 0.090933
vt 0.898668 0.035912
vt 0.898668 -0.035912
vt 0.852500 -0.090933
vt 0.781767 -0.103405
vt 0.719565 -0.067493
vt 0.618185 -0.474753
vt 0.664353 -0.529773
vt 0.664353 -0.601598
vt 0.618185 -0.656618
vt 0.547452 -0.669090
vt 0.485251 -0.633178
vt -0.070328 -0.398847
vt -0.310248 -0.260329
vt -0.405000 0.000000
vt -0.701332 0.035912
vt -0.701332 -0.035912
vt -0.747500 -0.090933
vt -0.583918 -0.462281
vt -0.513185 -0.474753
vt -0.467018 -0.529773
vt -0.467018 -0.601598
vt -0.513185 -0.656618
vt -0.583918 -0.669090
vt -1.405470 -1.489656
vt -1.484427 -1.623723
vt -1.333229 -1.750000
vt -1.250531 -1.516976
vt 0.200000 -0.256563
vt 0.020000 -0.256563
vt 0.250000 -0.072702
vt -0.250000 -0.072702
vt 0.500000 -0.531193
vt 0.000000 -0.531193
vt -0.250000 0.072702
vt 0.100000 -0.109956
vt -0.100000 -0.109956
vt 0.000000 -2.001155
vt 0.500000 -2.001155
vt -0.900000 0.471239
vt -0.000000 0.471239
vt 0.100000 0.000000
vt -0.100000 0.000000
vt -0.000000 0.141372
vt 0.900000 0.141372
vt -0.380576 -0.138518
vt -0.719565 -0.067493
vt -0.547452 -0.462281
vt -0.485251 -0.498193
vt -0.460685 -0.565685
vt -0.052500 -0.709067
vt 0.018233 -0.696595
vt 0.513185 -0.474753
vt 0.583918 -0.462281
vt 0.747500 -0.090933
vt 0.701332 -0.035912
vt 0.701332 0.035912
vt 0.513185 0.474753
vt 0.467018 0.529773
vt 0.467018 0.601598
vt -0.098668 0.835912
vt -0.052500 0.890933
vt 0.018233 0.903405
vt 0.080435 0.867493
vt 0.105000 0.800000
vt 0.080435 0.732507
vt 0.018233 0.696595
vt 0.310248 0.260329
vt 0.405000 0.000000
vt 0.310248 -0.260329
vt 0.070328 -0.398847
vt -0.202500 -0.350740
vt 0.100000 0.256563
vt 0.100000 0.329867
vt -0.100000 0.329867
vt -0.100000 0.256563
vt -0.220000 -0.659734
vt 0.000000 -0.659734
vt 0.000000 5.000217
vt -0.800000 5.000217
vt 0.000000 0.864840
vt 0.000000 0.669209
vt 0.400000 0.669209
vt 0.400000 0.864840
vt 0.000000 -0.916218
vt 0.050000 -0.916218
vt -0.200000 0.000000
vt 0.020000 0.000000
vt -0.800000 1.499776
vt -0.150000 0.800000
vt -0.150000 0.000000
vt -0.000000 1.499776
vt 2.150000 0.400000
vt 0.059505 0.400000
vt 0.059505 0.000000
vt 1.800000 0.000000
vt 1.800000 0.250000
vt 2.150000 0.250000
vt 0.000000 -0.078958
vt 0.300000 -0.078958
vt 0.350000 1.120702
vt 0.000000 1.120702
vt -1.149647 -0.028501
vt -1.146822 -0.085433
vt -1.131875 -0.131041
vt -1.097400 -0.164432
vt -0.912083 -0.225042
vt -0.820028 -0.339667
vt -0.804068 -0.485811
vt -0.892250 -0.659708
vt -0.893017 -0.707697
vt -0.871336 -0.750516
vt -0.750516 -0.871336
vt -0.618185 -0.656618
vt -0.664353 -0.601598
vt -0.664353 -0.529773
vt -0.618185 -0.474753
vt -0.547452 -0.462281
vt -0.485251 -0.498193
vt -0.460685 -0.565685
vt -0.317287 -0.537428
vt -0.354052 -0.432602
vt -0.432602 -0.354052
vt -0.537428 -0.317287
vt -0.599455 -0.285919
vt -0.626054 -0.221703
vt -0.604375 -0.155663
vt -0.556248 -0.055543
vt -0.556248 0.055543
vt -0.604375 0.155663
vt -0.626054 0.221703
vt -0.599455 0.285919
vt -0.537428 0.317287
vt -0.432602 0.354052
vt -0.485251 0.498193
vt -0.547452 0.462281
vt -0.618185 0.474753
vt -0.664353 0.529773
vt -0.804068 0.485811
vt -0.820028 0.339667
vt -0.912083 0.225042
vt -0.781767 0.103405
vt -0.719565 0.067493
vt -0.695000 0.000000
vt -0.719565 -0.067493
vt -0.781767 -0.103405
vt -0.852500 -0.090933
vt -0.898668 -0.035912
vt -1.146822 0.085433
vt -1.149647 0.028501
vt 0.646120 0.633178
vt 0.670685 0.565685
vt 0.646120 0.498193
vt 0.583918 0.462281
vt 0.747500 0.090933
vt 0.818233 0.103405
vt 0.880435 0.067493
vt 0.905000 0.000000
vt 0.880435 -0.067493
vt 0.975000 0.000000
vt 0.746893 0.626718
vt 0.169307 0.960188
vt -0.487500 0.844375
vt -0.052500 0.890933
vt 0.018233 0.903405
vt 0.080435 0.867493
vt 0.105000 0.800000
vt 0.080435 0.732507
vt 0.018233 0.696595
vt -0.052500 0.709067
vt -0.098668 0.764088
vt -0.485251 0.633178
vt -0.460685 0.565685
vt -0.485251 0.498193
vt -0.547452 0.462281
vt -0.618185 0.474753
vt -0.664353 0.529773
vt -0.664353 0.601598
vt -0.916200 0.333470
vt -0.916200 -0.333470
vt -0.664353 -0.601598
vt -0.664353 -0.529773
vt -0.618185 -0.474753
vt -0.547452 -0.462281
vt -0.485251 -0.498193
vt -0.460685 -0.565685
vt -0.098668 -0.764088
vt -0.052500 -0.709067
vt 0.018233 -0.696595
vt 0.080435 -0.732507
vt 0.105000 -0.800000
vt 0.169307 -0.960188
vt 0.746893 -0.626718
vt 0.646120 -0.633178
vt 0.583918 -0.669090
vt 0.513185 -0.656618
vt 0.467018 -0.601598
vt 0.467018 -0.529773
vt 0.513185 -0.474753
vt 0.583918 -0.462281
vt 0.646120 -0.498193
vt 0.818233 -0.103405
vt 0.747500 -0.090933
vt 0.701332 -0.035912
vt 0.701332 0.035912
vt 0.310248 0.260329
vt 0.405000 0.000000
vt 0.310248 -0.260329
vt 0.070328 -0.398847
vt -0.202500 -0.350740
vt -0.380576 -0.138518
vt -0.719565 -0.067493
vt -0.781767 -0.103405
vt -0.852500 -0.090933
vt -0.898668 -0.035912
vt -0.898668 0.035912
vt -0.852500 0.090933
vt -0.781767 0.103405
vt -0.719565 0.067493
vt -0.380576 0.138518
vt -0.202500 0.350740
vt 0.070328 0.398847
vt 0.467018 0.529773
vt 0.467018 0.601598
vt 0.513185 0.656618
vt 0.583918 0.669090
vt -0.198359 0.000000
vt -0.198359 0.800000
vt -0.874530 0.800000
vt -0.874530 -0.000000
vt 0.100000 -0.183260
vt -0.100000 -0.183260
vt -0.618185 -0.656618
vt -0.487500 -0.844375
vt 0.080435 -0.867493
vt 0.018233 -0.903405
vt -0.052500 -0.890933
vt -0.098668 -0.835912
vt -0.485251 -0.633178
vt -0.547452 -0.669090
vt -0.695000 0.000000
vt 0.000000 0.251327
vt -0.220000 0.251327
vt -0.339667 -0.820028
vt -0.225042 -0.912083
vt -0.164432 -1.097400
vt -0.131041 -1.131875
vt -0.085433 -1.146822
vt 0.085433 -1.146822
vt 0.131041 -1.131875
vt 0.164432 -1.097400
vt 0.080435 -0.867493
vt 0.018233 -0.903405
vt -0.052500 -0.890933
vt -0.098668 -0.835912
vt -0.098668 -0.764088
vt -0.221703 -0.626054
vt -0.285919 -0.599455
vt -0.485251 -0.633178
vt -0.547452 -0.669090
vt -0.707697 -0.893017
vt -0.659708 -0.892250
vt -0.485811 -0.804068
vt 0.513185 0.474753
vt 0.000000 5.515252
vt -0.800000 5.515252
vt 0.250000 0.329867
vt -0.250000 0.329867
vt 0.000000 0.130900
vt 0.120000 0.130900
vt -0.220000 -0.698132
vt 0.000000 -0.698132
vt 0.250000 -0.329867
vt -0.250000 -0.329867
vt 0.500000 -0.531193
vt 0.000000 -0.531193
vt -0.000000 0.000000
vt -0.900000 0.000000
vt 0.000000 2.819583
vt 0.350000 2.819583
vt -0.100000 -0.026180
vt 0.150000 -0.026180
vt -0.100000 -0.078540
vt 0.150000 -0.078540
vt 0.000000 -0.492183
vt 0.780000 -0.492183
vt -0.124561 0.306596
vt -0.212500 0.201795
vt -0.045555 0.039652
vt 0.019930 0.084296
vt 0.097614 0.100000
vt 1.025115 0.100563
vt 1.040030 0.102250
vt 1.136099 0.123680
vt 1.217572 0.125313
vt 1.292934 0.094311
vt 1.349673 0.035820
vt 1.405114 -0.033299
vt 1.474412 -0.088517
vt 1.554167 -0.127124
vt 1.623851 -0.169369
vt 1.670899 -0.235905
vt 1.687500 -0.315685
vt 1.687500 -0.384315
vt 1.670899 -0.464095
vt 1.623851 -0.530631
vt 1.449625 -0.628417
vt 1.365917 -0.712125
vt 1.664926 -0.821975
vt 1.752500 -0.837417
vt 1.809660 -0.905537
vt 1.809660 -0.994463
vt 1.752500 -1.062583
vt 1.664926 -1.078025
vt 1.587914 -1.033562
vt 1.201595 -0.933399
vt 1.121815 -0.950000
vt -0.712500 -1.350000
vt 1.687500 -1.350000
vt 1.887500 -1.296410
vt 2.033910 -1.150000
vt 2.087500 -0.950000
vt 2.087500 0.250000
vt 2.017935 0.475417
vt 1.833437 0.622428
vt 1.598178 0.639900
vt 1.664926 0.378025
vt 1.752500 0.362583
vt 1.809660 0.294463
vt 1.809660 0.205537
vt 1.752500 0.137417
vt 1.664926 0.121975
vt 1.587914 0.166438
vt 1.557500 0.250000
vt 1.009545 0.505050
vt 0.994798 0.502250
vt 0.979883 0.500563
vt 0.146220 0.500000
vt 0.061145 0.518996
vt -0.124561 0.443404
vt -0.500000 0.953430
vt 0.000000 0.953430
vt 0.500000 0.000000
vt -0.000000 0.000000
vt 1.587914 0.333562
vt -0.200000 -0.408407
vt 0.200000 -0.408407
vt 0.100000 -0.136136
vt 0.000000 -0.136136
vt 0.100000 -0.408407
vt 0.100000 -0.317650
vt 0.000000 -0.317650
vt 0.000000 -0.408407
vt 0.500000 0.000000
vt 0.000000 0.000000
vt -0.300000 0.066896
vt -0.300000 0.022299
vt 0.000000 0.022299
vt 0.000000 0.066896
vt 0.000000 0.279253
vt -0.220000 0.279253
vt 0.098668 0.764088
vt 0.485251 0.633178
vt 0.547452 0.669090
vt 0.618185 0.656618
vt 0.664353 0.601598
vt 0.664353 0.529773
vt 0.550000 0.952628
vt -0.191013 1.083289
vt -0.080435 0.867493
vt -0.018233 0.903405
vt 0.052500 0.890933
vt 0.098668 0.835912
vt 0.200000 0.183260
vt 0.020000 0.183260
vt -0.000000 0.026180
vt -0.250000 0.026180
vt 0.000000 -3.141593
vt 0.150000 -3.141593
vt -0.000000 0.900000
vt -0.000000 0.000000
vt 4.358229 0.000000
vt 4.358229 0.900000
vt 0.000000 -0.066896
vt -0.300000 -0.066896
vt 0.200000 0.408407
vt 0.050000 0.408407
vt 0.213832 0.339088
vt 0.213832 0.410912
vt 0.260000 0.465933
vt 0.330733 0.478405
vt 0.392935 0.442493
vt 0.417500 0.375000
vt 0.392935 0.307507
vt 0.731924 0.236482
vt 0.731924 0.513518
vt 0.565048 0.837281
vt 0.047430 0.650000
vt 0.007768 0.572376
vt -0.061145 0.518996
vt -0.146220 0.500000
vt -0.979883 0.500563
vt -0.994798 0.502250
vt -1.587914 0.333562
vt -1.557500 0.250000
vt 0.098668 -0.835912
vt 0.052500 -0.890933
vt 0.131041 -1.131875
vt 0.164432 -1.097400
vt 0.225042 -0.912083
vt 0.339667 -0.820028
vt 0.485811 -0.804068
vt 0.659708 -0.892250
vt 0.707697 -0.893017
vt 0.750516 -0.871336
vt 0.833076 -0.792770
vt 0.664353 -0.601598
vt 0.618185 -0.656618
vt 0.547452 -0.669090
vt 0.485251 -0.633178
vt 0.460685 -0.565685
vt 0.485251 -0.498193
vt 0.547452 -0.462281
vt 0.537428 -0.317287
vt 0.432602 -0.354052
vt 0.354052 -0.432602
vt 0.317287 -0.537428
vt 0.285919 -0.599455
vt 0.000000 0.418879
vt -0.220000 0.418879
vt -0.200000 -0.722566
vt -0.100000 -0.722566
vt 0.250000 0.183260
vt -0.250000 0.183260
vt 0.000000 -0.078958
vt 0.300000 -0.078958
vt 0.200000 -0.329867
vt 0.020000 -0.329867
vt 0.000000 -0.656244
vt 0.780000 -0.656244
vt 0.935118 0.000000
vt 0.935118 0.350000
vt 0.100000 -0.256563
vt -0.100000 -0.256563
vt 0.000000 3.322250
vt 0.350000 3.322250
vt -0.020000 0.589841
vt -0.000000 1.567260
vt -0.800000 1.567260
vt -0.200000 0.000000
vt -0.200000 0.800000
vt -0.020000 1.355605
vt -0.020000 1.583077
vt 0.165845 0.400000
vt 0.165845 0.000000
vt -0.020000 2.480056
vt -0.020000 0.186015
vt 0.200000 0.256563
vt 0.200000 0.329867
vt 0.020000 0.329867
vt 0.020000 0.256563
vt 0.100000 -0.000000
vt -0.100000 -0.000000
vt 0.100000 0.183260
vt -0.100000 0.183260
vt 0.250000 3.483677
vt -0.250000 3.483677
vt 0.250000 0.329867
vt -0.250000 0.329867
vt -0.200000 0.628319
vt 0.200000 0.628319
vt -0.098668 0.835912
vt -0.618185 0.656618
vt -0.547452 0.669090
vt 0.235000 0.000000
vt 0.180020 0.151055
vt 0.040807 0.231430
vt 0.021706 0.123101
vt 0.095756 0.080348
vt 0.125000 0.000000
vt 0.095756 -0.080348
vt 0.021706 -0.123101
vt -0.062500 -0.108253
vt 0.040807 -0.231430
vt 0.180020 -0.151055
vt -0.117780 -0.271377
vt -0.081704 -0.219805
vt -0.021964 -0.200000
vt -0.080435 -0.067493
vt -0.105000 -0.000000
vt -0.080435 0.067493
vt -0.018233 0.103405
vt 0.052500 0.090933
vt 0.098668 0.035912
vt 0.098668 -0.035912
vt 0.190211 -0.061803
vt 0.190211 0.061803
vt 0.117557 0.161803
vt -0.000000 0.200000
vt -0.021964 0.200000
vt -0.081704 0.219805
vt -0.117780 0.271377
vt -0.115903 0.334286
vt -0.168374 0.113478
vt -0.168374 -0.113478
vt -0.115903 -0.334286
vt -0.220000 -0.471239
vt 0.000000 -0.471239
vt 0.800000 -0.107448
vt 0.800000 -0.035816
vt -0.000000 -0.035816
vt -0.000000 -0.107448
vt -0.350000 0.148455
vt -0.000000 0.148455
vt -0.000000 0.107448
vt 0.800000 0.107448
vt -0.000000 0.617366
vt -0.500000 0.617366
vt 0.100000 -0.226893
vt 0.000000 -0.226893
vt 0.100000 -0.329867
vt -0.100000 -0.329867
vt -0.220000 -0.785398
vt 0.000000 -0.785398
vt 0.250000 0.329867
vt -0.250000 0.329867
vt 0.000000 0.687329
vt 0.200000 0.687329
vt -0.000000 0.098134
vt 0.800000 0.098134
vt -0.080435 0.067493
vt -0.018233 0.103405
vt 0.052500 0.090933
vt 0.187939 0.068404
vt 0.100000 0.173205
vt -0.034730 0.196962
vt -0.153209 0.128558
vt -0.200000 0.000000
vt -0.153209 -0.128558
vt -0.018233 -0.103405
vt -0.080435 -0.067493
vt -0.105000 0.000000
vt 0.670685 -0.565685
vt -0.000000 0.078540
vt -0.250000 0.078540
vt 0.000000 0.558505
vt -0.220000 0.558505
vt 0.250000 -2.738128
vt 0.250000 -2.624112
vt -0.250000 -2.624112
vt -0.250000 -2.795135
vt 0.250000 -2.795135
vt -0.513185 0.474753
vt -0.583918 0.462281
vt -0.701332 0.035912
vt -0.701332 -0.035912
vt -0.747500 -0.090933
vt -0.405000 0.000000
vt -0.310248 0.260329
vt -0.070328 0.398847
vt 0.052500 0.709067
vt -0.018233 0.696595
vt -0.080435 0.732507
vt -0.105000 0.800000
vt -0.646120 0.633178
vt -0.583918 0.669090
vt -0.513185 0.656618
vt -0.467018 0.601598
vt -0.467018 0.529773
vt 0.150000 -0.056265
vt -0.100000 -0.056265
vt 0.073580 -0.209263
vt 0.141421 -0.141421
vt 0.044375 -0.095162
vt -0.027176 -0.101422
vt -0.086011 -0.060226
vt -0.213199 0.097653
vt -0.275175 0.108609
vt -0.318331 0.154420
vt -0.275140 0.072089
vt -0.224304 -0.005753
vt 0.069216 -0.346034
vt 0.046685 -0.301726
vt 0.048270 -0.252044
vt 0.187939 0.068404
vt -0.200000 0.722566
vt -0.100000 0.722566
vt 0.100000 0.329867
vt -0.100000 0.329867
vt 0.500000 -0.295093
vt 0.650000 1.125833
vt 1.074341 1.211805
vt 1.074341 1.369135
vt 1.175470 1.489656
vt 1.333229 1.750000
vt -1.333229 1.750000
vt -1.484427 1.623723
vt -1.623723 1.484427
vt -1.750000 1.333229
vt -1.750000 -1.333229
vt -1.623723 -1.484427
vt -1.506599 -1.369135
vt -1.506599 -1.211805
vt -1.405470 -1.091284
vt -1.250531 -1.063964
vt -1.114280 -1.142629
vt -1.060470 -1.290470
vt -1.114280 -1.438311
vt 1.333229 -1.750000
vt 1.484427 -1.623723
vt 1.330409 -1.516976
vt -0.995858 -0.835624
vt -1.506599 1.211805
vt -1.506599 1.369135
vt -1.405470 1.489656
vt -1.250531 1.516976
vt -1.114280 1.438311
vt -1.060470 1.290470
vt -1.114280 1.142629
vt -0.225743 1.280250
vt 1.168310 -1.246007
vt 1.225470 -1.177887
vt 0.020000 -0.155771
vt 0.200000 -0.109956
vt 0.020000 -0.082467
vt 0.200000 -0.036652
vt 0.020000 -0.009163
vt 0.200000 0.036652
vt 0.020000 0.064141
vt 0.200000 0.109956
vt 0.020000 0.137445
vt 0.200000 0.183260
vt 0.020000 0.210749
vt 0.200000 0.256563
vt 0.020000 0.284052
vt 0.200000 0.329867
vt 0.020000 0.357356
vt 0.020000 -0.302378
vt 0.200000 -0.329867
vt 0.200000 -0.256563
vt 0.020000 -0.229074
vt 0.200000 -0.183260
vt 0.000000 0.736756
vt -0.800000 0.736756
vt 0.800000 -0.157080
vt -0.000000 -0.157080
vt 0.460685 0.565685
vt 0.485251 0.633178
vt 0.547452 0.669090
vt 0.750516 0.871336
vt 0.707697 0.893017
vt 0.659708 0.892250
vt 0.485811 0.804068
vt 0.339667 0.820028
vt 0.098668 0.764088
vt 0.052500 0.709067
vt -0.018233 0.696595
vt -0.080435 0.732507
vt -0.105000 0.800000
vt -0.080435 0.867493
vt -0.018233 0.903405
vt -0.085433 1.146822
vt -0.131041 1.131875
vt -0.164432 1.097400
vt -0.225042 0.912083
vt -0.339667 0.820028
vt -0.485811 0.804068
vt -0.659708 0.892250
vt -0.707697 0.893017
vt -0.750516 0.871336
vt -0.871336 0.750516
vt -0.893017 0.707697
vt -0.892250 0.659708
vt -0.646120 0.633178
vt -0.583918 0.669090
vt -0.513185 0.656618
vt -0.467018 0.601598
vt -0.467018 0.529773
vt -0.513185 0.474753
vt -0.537428 0.317287
vt -0.432602 0.354052
vt -0.354052 0.432602
vt -0.317287 0.537428
vt -0.285919 0.599455
vt -0.221703 0.626054
vt -0.155663 0.604375
vt -0.055543 0.556248
vt 0.055543 0.556248
vt 0.155663 0.604375
vt 0.221703 0.626054
vt 0.285919 0.599455
vt 0.317287 0.537428
vt 0.354052 0.432602
vt 0.432602 0.354052
vt 0.537428 0.317287
vt 0.599455 0.285919
vt 0.626054 0.221703
vt 0.604375 0.155663
vt 0.556248 0.055543
vt 0.556248 -0.055543
vt 0.604375 -0.155663
vt 0.626054 -0.221703
vt 0.599455 -0.285919
vt 0.618185 -0.474753
vt 0.664353 -0.529773
vt 0.871336 -0.750516
vt 0.893017 -0.707697
vt 0.892250 -0.659708
vt 0.804068 -0.485811
vt 0.820028 -0.339667
vt 0.912083 -0.225042
vt 0.852500 -0.090933
vt 0.781767 -0.103405
vt 0.719565 -0.067493
vt 0.695000 0.000000
vt 0.719565 0.067493
vt 0.781767 0.103405
vt 0.852500 0.090933
vt 0.912083 0.225042
vt 0.820028 0.339667
vt 0.804068 0.485811
vt 0.892250 0.659708
vt 0.664353 0.529773
vt 0.618185 0.474753
vt 0.547452 0.462281
vt 0.485251 0.498193
vt -0.775835 0.800000
vt -0.775835 0.000000
vt -0.134415 0.000000
vt -0.134415 0.800000
vt 0.000000 1.560810
vt 0.300000 1.560810
vt 0.646120 -0.633178
vt 0.842649 -0.707066
vt 1.100000 0.000000
vt 0.842649 0.707066
vt 0.191013 1.083289
vt -0.098668 0.835912
vt -0.052500 0.890933
vt 0.018233 0.903405
vt 0.080435 0.867493
vt 0.105000 0.800000
vt 0.467018 0.601598
vt 0.513185 0.656618
vt 0.583918 0.669090
vt 0.646120 0.633178
vt 0.670685 0.565685
vt 0.880435 0.067493
vt 0.905000 0.000000
vt 0.880435 -0.067493
vt 0.818233 -0.103405
vt 0.670685 -0.565685
vt 0.020000 -0.320704
vt 0.200000 -0.256563
vt 0.020000 -0.247400
vt 0.200000 -0.183260
vt 0.020000 -0.174097
vt 0.200000 -0.109956
vt 0.020000 -0.100793
vt 0.200000 -0.036652
vt 0.020000 -0.027489
vt 0.200000 0.036652
vt 0.020000 0.045815
vt 0.200000 0.109956
vt 0.020000 0.119119
vt 0.200000 0.183260
vt 0.020000 0.192423
vt 0.200000 0.256563
vt 0.020000 0.265726
vt 0.200000 0.329867
vt 0.020000 0.339030
vt 0.200000 -0.329867
vt 0.000000 -0.123096
vt -0.350000 -0.123096
vt -0.850000 -0.050000
vt -1.200000 -0.050000
vt -1.200000 -0.200000
vt -0.000000 -0.200000
vt -0.000000 -0.050000
vt -0.350000 -0.050000
vt -0.350000 0.200000
vt -0.850000 0.200000
vt 0.100000 0.078540
vt -0.150000 0.078540
vt -0.800000 1.472663
vt -0.000000 1.472663
vt 0.200000 -0.329867
vt 0.020000 -0.329867
vt -0.319029 -1.156815
vt -0.866892 -0.829758
vt -0.894132 -0.913328
vt -0.950173 -0.981044
vt -1.027175 -1.023431
vt -0.376140 -1.400364
vt 0.376140 -1.400364
vt 1.027175 -1.023431
vt 0.950173 -0.981044
vt 0.894132 -0.913328
vt 0.866892 -0.829758
vt 0.319029 -1.156815
vt -0.220000 -0.698132
vt 0.000000 -0.698132
vt -0.557337 -0.800000
vt -0.196406 -0.955013
vt 0.196406 -0.955013
vt 0.557337 -0.800000
vt -0.347168 -0.035779
vt -0.347168 -0.107338
vt -0.079668 -0.107338
vt -0.079668 -0.035779
vt -0.014142 0.408407
vt -0.014142 0.136136
vt 0.014142 0.136136
vt 0.014142 0.408407
vt -0.700943 -0.382201
vt -0.688768 -0.451250
vt -0.635057 -0.496318
vt -0.564943 -0.496318
vt -0.511232 -0.451250
vt -0.499057 -0.382201
vt -0.534114 -0.321480
vt -0.600000 -0.297500
vt -0.665886 -0.321480
vt 0.190000 2.820561
vt 0.190000 2.865230
vt -0.010000 2.865230
vt -0.190000 2.722714
vt -0.010000 2.820561
vt -0.021213 -0.232129
vt -0.021213 -0.298451
vt 0.021213 -0.298451
vt 0.021213 -0.232129
vt 0.141421 -1.660000
vt 0.141421 1.660000
vt -0.141421 1.660000
vt -0.141421 -1.660000
vt -0.700000 -0.363028
vt -0.280000 -0.363028
vt -0.280000 -0.272271
vt -0.700000 -0.272271
vt -0.021213 -0.066323
vt 0.021213 -0.066323
vt 0.021213 0.000000
vt -0.021213 -0.000000
vt -0.900000 -0.090757
vt -0.280000 -0.090757
vt -0.280000 0.000000
vt -0.900000 0.000000
vt -0.021213 -0.165806
vt -0.021213 -0.232129
vt 0.021213 -0.232129
vt 0.021213 -0.165806
vt -0.235000 -0.698132
vt -0.235000 -0.977384
vt -0.065000 -0.977384
vt -0.065000 -0.698132
vt -0.700000 0.090757
vt -0.280000 0.090757
vt -0.280000 0.181514
vt -0.700000 0.181514
vt -0.021213 -0.232129
vt -0.021213 -0.298451
vt 0.021213 -0.298451
vt 0.021213 -0.232129
vt -0.022981 -0.290161
vt -0.022981 -0.373064
vt 0.022981 -0.373064
vt 0.022981 -0.290161
vt 0.230472 0.027925
vt 0.230472 0.083776
vt 0.060472 0.083776
vt 0.060472 0.027925
vt -0.280000 -0.670206
vt 0.000000 -0.670206
vt 0.000000 -0.502655
vt -0.280000 -0.502655
vt 0.230472 -0.195477
vt 0.230472 -0.139626
vt 0.060472 -0.139626
vt 0.060472 -0.195477
vt -0.700000 0.181514
vt -0.280000 0.181514
vt -0.280000 0.272271
vt -0.700000 0.272271
vt -0.021213 0.033161
vt -0.021213 -0.033161
vt 0.021213 -0.033161
vt 0.021213 0.033161
vt -0.022981 0.082903
vt 0.022981 0.082903
vt 0.022981 0.165806
vt -0.022981 0.165806
vt 0.040000 -0.869282
vt 0.075175 -0.827362
vt 0.075175 -0.772638
vt 0.040000 -0.730718
vt -0.013892 -0.721215
vt -0.061284 -0.748577
vt -0.080000 -0.800000
vt -0.061284 -0.851423
vt -0.013892 -0.878785
vt 0.347168 -0.250455
vt 0.347168 -0.178896
vt 0.079668 -0.178896
vt 0.079668 -0.250455
vt 0.028284 -0.141421
vt 0.028284 0.141421
vt -0.028284 0.124853
vt -0.028284 -0.124853
vt 0.079668 -0.071558
vt 0.347168 -0.071558
vt 0.347168 0.000000
vt 0.079668 0.000000
vt 0.924668 -0.178896
vt 0.924668 -0.107338
vt 0.107168 -0.107338
vt 0.107168 -0.178896
vt -0.021213 0.232129
vt -0.021213 0.165806
vt 0.021213 0.165806
vt 0.021213 0.232129
vt -0.700000 -0.090757
vt -0.280000 -0.090757
vt -0.280000 0.000000
vt -0.700000 0.000000
vt 0.230472 0.139626
vt 0.230472 0.195477
vt 0.060472 0.195477
vt 0.060472 0.139626
vt -0.900000 0.090757
vt -0.280000 0.090757
vt -0.280000 0.181514
vt -0.900000 0.181514
vt 0.230472 -0.167552
vt 0.060472 -0.167552
vt 0.060472 -0.223402
vt 0.230472 -0.223402
vt 0.150000 -0.261799
vt 0.150000 -0.157080
vt -0.150000 -0.157080
vt -0.150000 -0.261799
vt 0.230472 -0.139626
vt 0.230472 -0.083776
vt 0.060472 -0.083776
vt 0.060472 -0.139626
vt -0.021213 0.298451
vt -0.021213 0.232129
vt 0.021213 0.232129
vt 0.021213 0.298451
vt -0.022981 -0.041452
vt -0.022981 -0.124355
vt 0.022981 -0.124355
vt 0.022981 -0.041452
vt 0.347168 -0.071558
vt 0.079668 -0.071558
vt 0.079668 -0.143117
vt 0.347168 -0.143117
vt -0.022981 -0.082903
vt 0.022981 -0.082903
vt 0.022981 0.000000
vt -0.022981 0.000000
vt -0.022981 0.082903
vt 0.022981 0.082903
vt 0.022981 0.165806
vt -0.022981 0.165806
vt -0.021213 0.033161
vt -0.021213 -0.033161
vt 0.021213 -0.033161
vt 0.021213 0.033161
vt -0.021213 0.298451
vt -0.021213 0.232129
vt 0.021213 0.232129
vt 0.021213 0.298451
vt -0.022981 -0.165806
vt 0.022981 -0.165806
vt 0.022981 -0.082903
vt -0.022981 -0.082903
vt -0.435000 1.701696
vt -0.435000 1.021018
vt -0.255000 1.021018
vt -0.255000 1.701696
vt -0.021213 0.165806
vt -0.021213 0.099484
vt 0.021213 0.099484
vt 0.021213 0.165806
vt -0.280000 0.167552
vt 0.000000 0.167552
vt 0.000000 0.335103
vt -0.280000 0.335103
vt 0.347168 0.071558
vt 0.079668 0.071558
vt 0.079668 0.000000
vt 0.347168 0.000000
vt -0.235000 0.139626
vt -0.235000 -0.139626
vt -0.065000 -0.139626
vt -0.065000 0.139626
vt -0.022981 -0.290161
vt -0.022981 -0.373064
vt 0.022981 -0.373064
vt 0.022981 -0.290161
vt 0.347168 -0.286234
vt 0.079668 -0.286234
vt 0.079668 -0.357792
vt 0.347168 -0.357792
vt 0.028284 -0.612500
vt 0.028284 0.612500
vt -0.028284 0.595931
vt -0.028284 -0.612500
vt -0.022981 0.041452
vt -0.022981 -0.041452
vt 0.022981 -0.041452
vt 0.022981 0.041452
vt -0.280000 0.670206
vt 0.000000 0.670206
vt 0.000000 0.837758
vt -0.280000 0.837758
vt 0.040000 0.730718
vt 0.075175 0.772638
vt 0.075175 0.827362
vt 0.040000 0.869282
vt -0.013892 0.878785
vt -0.061284 0.851423
vt -0.080000 0.800000
vt -0.061284 0.748577
vt -0.013892 0.721215
vt 0.714668 -0.035779
vt 0.714668 0.035779
vt 0.097168 0.035779
vt 0.097168 -0.035779
vt -0.347168 -0.214675
vt -0.079668 -0.214675
vt -0.079668 -0.143117
vt -0.347168 -0.143117
vt -0.280000 -0.335103
vt -0.000000 -0.335103
vt -0.000000 -0.167552
vt -0.280000 -0.167552
vt -0.399668 -0.214675
vt -0.132168 -0.214675
vt -0.132168 -0.143117
vt -0.399668 -0.143117
vt 0.485990 -0.572658
vt 0.509117 -0.622254
vt 0.558713 -0.645381
vt 0.611572 -0.631218
vt 0.642959 -0.586391
vt 0.638190 -0.531876
vt 0.599495 -0.493181
vt 0.544980 -0.488411
vt 0.500153 -0.519799
vt 0.924668 0.178896
vt 0.924668 0.250455
vt 0.107168 0.250455
vt 0.107168 0.178896
vt -0.022981 -0.165806
vt 0.022981 -0.165806
vt -0.022981 0.041452
vt -0.022981 -0.041452
vt 0.022981 -0.041452
vt 0.022981 0.041452
vt -0.900000 -0.363028
vt -0.280000 -0.363028
vt -0.280000 -0.272271
vt -0.900000 -0.272271
vt -0.021213 0.298451
vt -0.021213 0.232129
vt 0.021213 0.232129
vt 0.021213 0.298451
vt -0.000000 -0.392699
vt -0.000000 -0.235619
vt -0.235000 -0.235619
vt -0.235000 -0.392699
vt 0.079668 -0.071558
vt 0.347168 -0.071558
vt -0.022981 0.373064
vt -0.022981 0.290161
vt 0.022981 0.290161
vt 0.022981 0.373064
vt -0.021213 0.232129
vt -0.021213 0.165806
vt 0.021213 0.165806
vt 0.021213 0.232129
vt -0.280000 0.670206
vt 0.000000 0.670206
vt 0.000000 0.837758
vt -0.280000 0.837758
vt -0.010607 -0.113883
vt 0.010607 -0.113883
vt 0.010607 0.037961
vt -0.010607 0.037961
vt -0.280000 -0.670206
vt 0.000000 -0.670206
vt 0.000000 -0.502655
vt -0.280000 -0.502655
vt 0.230472 -0.251327
vt 0.230472 -0.195477
vt 0.060472 -0.195477
vt 0.060472 -0.251327
vt 0.714668 -0.035779
vt 0.714668 0.035779
vt 0.097168 0.035779
vt 0.097168 -0.035779
vt -0.435000 -1.021018
vt -0.435000 -1.701696
vt -0.255000 -1.701696
vt -0.255000 -1.021018
vt -0.021213 -0.165806
vt -0.021213 -0.232129
vt 0.021213 -0.232129
vt 0.021213 -0.165806
vt -0.900000 -0.363028
vt -0.280000 -0.363028
vt -0.280000 -0.272271
vt -0.900000 -0.272271
vt -0.028284 1.208431
vt -0.028284 -1.208431
vt 0.028284 -1.225000
vt 0.028284 1.225000
vt 0.230472 -0.083776
vt 0.230472 -0.027925
vt 0.060472 -0.027925
vt 0.060472 -0.083776
vt 0.230472 -0.195477
vt 0.230472 -0.139626
vt 0.060472 -0.139626
vt 0.060472 -0.195477
vt 0.000000 0.502655
vt -0.280000 0.502655
vt 0.230472 0.139626
vt 0.230472 0.195477
vt 0.060472 0.195477
vt 0.060472 0.139626
vt 0.924668 -0.322013
vt 0.924668 -0.250455
vt 0.107168 -0.250455
vt 0.107168 -0.322013
vt -0.022981 0.331613
vt 0.022981 0.331613
vt 0.022981 0.414516
vt -0.022981 0.414516
vt 0.230472 0.083776
vt 0.230472 0.139626
vt 0.060472 0.139626
vt 0.060472 0.083776
vt 0.714668 -0.250455
vt 0.714668 -0.178896
vt 0.097168 -0.178896
vt 0.097168 -0.250455
vt -0.347168 0.071558
vt -0.079668 0.071558
vt -0.079668 0.143117
vt -0.347168 0.143117
vt -0.280000 0.272271
vt -0.900000 0.272271
vt -0.900000 0.181514
vt -0.280000 0.181514
vt -0.280000 0.272271
vt -0.900000 0.272271
vt 0.160000 -0.851721
vt 0.210000 -0.851721
vt 0.210000 -0.425860
vt 0.160000 -0.425860
vt 0.230472 0.111701
vt 0.060472 0.111701
vt 0.060472 0.055851
vt 0.230472 0.055851
vt 0.347168 0.035779
vt 0.347168 0.107338
vt 0.079668 0.107338
vt 0.079668 0.035779
vt -0.900000 -0.090757
vt -0.280000 -0.090757
vt -0.280000 0.000000
vt -0.900000 0.000000
vt 0.103416 0.086776
vt 0.099586 0.083562
vt 0.130000 0.000000
vt 0.099586 -0.083562
vt 0.022574 -0.128025
vt -0.065000 -0.112583
vt -0.122160 -0.044463
vt -0.122160 0.044463
vt -0.065000 0.112583
vt 0.022574 0.128025
vt 0.023443 0.132949
vt -0.067500 0.116913
vt -0.126859 0.046173
vt -0.126859 -0.046173
vt -0.067500 -0.116913
vt 0.023443 -0.132949
vt 0.103416 -0.086776
vt 0.135000 0.000000
vt -0.022981 0.373064
vt -0.022981 0.290161
vt 0.022981 0.290161
vt 0.022981 0.373064
vt 0.230472 -0.167552
vt 0.060472 -0.167552
vt 0.060472 -0.223402
vt 0.230472 -0.223402
vt -0.900000 -0.181514
vt -0.280000 -0.181514
vt 0.347168 -0.107338
vt 0.347168 -0.035779
vt 0.079668 -0.035779
vt 0.079668 -0.107338
vt 0.350000 -1.125000
vt 0.350000 -0.945000
vt -0.350000 -0.945000
vt -0.350000 -1.125000
vt -0.021213 0.099484
vt 0.021213 0.099484
vt -0.022981 -0.207258
vt 0.022981 -0.207258
vt 0.347168 -0.250455
vt 0.347168 -0.178896
vt 0.079668 -0.178896
vt 0.079668 -0.250455
vt -0.280000 0.502655
vt 0.000000 0.502655
vt 0.000000 0.670206
vt -0.280000 0.670206
vt -0.067500 0.116913
vt -0.126859 0.046173
vt -0.122160 0.044463
vt -0.065000 0.112583
vt 0.022574 0.128025
vt 0.099586 0.083562
vt 0.130000 0.000000
vt 0.135000 0.000000
vt 0.103416 0.086776
vt 0.023443 0.132949
vt -0.860000 -3.200000
vt -0.916149 -3.354269
vt -1.058324 -3.436354
vt -1.220000 -3.407846
vt -1.325526 -3.282085
vt -1.325526 -3.117915
vt -1.220000 -2.992154
vt -1.058324 -2.963646
vt -0.940000 -2.100000
vt -1.385000 -2.100000
vt -1.385000 -3.308431
vt -1.208431 -3.485000
vt 1.208431 -3.485000
vt 1.385000 -3.308431
vt 1.340000 -3.200000
vt 1.283851 -3.354269
vt 1.141676 -3.436354
vt 0.980000 -3.407846
vt 0.874474 -3.282085
vt 0.874474 -3.117915
vt -0.916149 -3.045731
vt 0.980000 -2.992154
vt 1.141676 -2.963646
vt 1.283851 -3.045731
vt 1.385000 -2.100000
vt 0.940000 -2.100000
vt 0.940000 -1.880000
vt 0.610000 -1.550000
vt -0.610000 -1.550000
vt -0.940000 -1.880000
vt -0.900000 0.363028
vt -0.280000 0.363028
vt -0.280000 0.453786
vt -0.900000 0.453786
vt -0.557337 -0.800000
vt -0.565000 -0.794607
vt -0.565000 -0.800000
vt -0.022981 -0.290161
vt -0.022981 -0.373064
vt 0.022981 -0.373064
vt 0.022981 -0.290161
vt 0.874474 0.717915
vt 0.874474 0.882085
vt 0.980000 1.007846
vt 0.350000 1.085000
vt 0.350000 0.945000
vt 0.240000 0.945000
vt 0.711139 0.667013
vt 0.958418 0.179055
vt 0.903994 -0.365267
vt 0.565000 -0.794607
vt 0.565000 -0.800000
vt 1.385000 -0.800000
vt 1.385000 0.908431
vt 1.208431 1.085000
vt 1.283851 0.954269
vt 1.340000 0.800000
vt 1.283851 0.645731
vt 1.141676 0.563646
vt 0.980000 0.592154
vt 0.924668 0.250455
vt 0.924668 0.322013
vt 0.107168 0.322013
vt 0.107168 0.250455
vt -0.900000 0.090757
vt -0.280000 0.090757
vt -0.280000 0.181514
vt -0.900000 0.181514
vt 0.230472 -0.055851
vt 0.060472 -0.055851
vt 0.060472 -0.111701
vt 0.230472 -0.111701
vt 1.199586 0.716438
vt 1.122574 0.671975
vt 1.141676 0.563646
vt 1.283851 0.645731
vt 1.230000 0.800000
vt -0.022981 0.041452
vt -0.022981 -0.041452
vt 0.022981 -0.041452
vt 0.022981 0.041452
vt 1.122574 -3.328025
vt 1.035000 -3.312583
vt 0.874474 -3.282085
vt 0.980000 -3.407846
vt 1.141676 -3.436354
vt 0.399668 -0.143117
vt 0.132168 -0.143117
vt 0.132168 -0.214675
vt 0.399668 -0.214675
vt 0.645381 0.558713
vt 0.631218 0.611572
vt 0.586391 0.642959
vt 0.531876 0.638190
vt 0.493181 0.599495
vt 0.488411 0.544980
vt 0.519799 0.500153
vt 0.572658 0.485990
vt 0.622254 0.509117
vt -1.000414 -3.283562
vt -1.077426 -3.328025
vt -0.916149 -3.354269
vt -0.860000 -3.200000
vt -0.916149 -3.045731
vt -1.058324 -2.963646
vt -1.220000 -2.992154
vt -1.165000 -3.087417
vt -1.077426 -3.071975
vt -1.000414 -3.116438
vt -0.970000 -3.200000
vt 0.230472 -0.251327
vt 0.060472 -0.251327
vt 0.714668 -0.107338
vt 0.097168 -0.107338
vt -0.280000 -0.670206
vt 0.000000 -0.670206
vt 0.000000 -0.502655
vt -0.280000 -0.502655
vt -0.280000 0.167552
vt 0.000000 0.167552
vt 0.000000 0.335103
vt -0.280000 0.335103
vt 0.347168 -0.322013
vt 0.079668 -0.322013
vt -0.900000 -0.090757
vt -0.280000 -0.090757
vt -0.280000 0.000000
vt -0.900000 0.000000
vt 0.347168 0.250455
vt 0.347168 0.322013
vt 0.079668 0.322013
vt 0.079668 0.250455
vt -0.280000 0.090757
vt -0.700000 0.090757
vt -0.700000 0.000000
vt -0.280000 0.000000
vt 0.714668 -0.035779
vt 0.714668 0.035779
vt 0.097168 0.035779
vt 0.097168 -0.035779
vt 0.924668 -0.322013
vt 0.924668 -0.250455
vt 0.107168 -0.250455
vt 0.107168 -0.322013
vt -0.028284 1.208431
vt -0.028284 -1.208431
vt 0.028284 -1.225000
vt 0.028284 1.225000
vt 0.135000 0.000000
vt 0.103416 0.086776
vt 0.130000 0.000000
vt 0.099586 -0.083562
vt 0.022574 -0.128025
vt -0.065000 -0.112583
vt -0.122160 -0.044463
vt -0.122160 0.044463
vt -0.065000 0.112583
vt 0.022574 0.128025
vt 0.099586 0.083562
vt 0.023443 0.132949
vt -0.067500 0.116913
vt -0.126859 0.046173
vt -0.126859 -0.046173
vt -0.067500 -0.116913
vt 0.023443 -0.132949
vt 0.103416 -0.086776
vt -0.280000 0.363028
vt -0.900000 0.363028
vt -0.010607 -0.569414
vt 0.010607 -0.569414
vt 0.010607 -0.417570
vt -0.010607 -0.417570
vt -0.022981 -0.331613
vt 0.022981 -0.331613
vt 0.022981 -0.248709
vt -0.022981 -0.248709
vt -0.021213 -0.033161
vt -0.021213 -0.099484
vt 0.021213 -0.099484
vt 0.021213 -0.033161
vt -0.021213 -0.165806
vt -0.021213 -0.232129
vt 0.021213 -0.232129
vt 0.021213 -0.165806
vt 0.347168 -0.035779
vt 0.347168 0.035779
vt 0.079668 0.035779
vt 0.079668 -0.035779
vt -0.022981 0.041452
vt -0.022981 -0.041452
vt 0.022981 -0.041452
vt 0.022981 0.041452
vt 0.230472 0.139626
vt 0.230472 0.195477
vt 0.060472 0.195477
vt 0.060472 0.139626
vt -0.028284 0.124853
vt -0.028284 -0.124853
vt 0.028284 -0.141421
vt 0.028284 0.141421
vt 0.347168 -0.178896
vt 0.347168 -0.107338
vt 0.079668 -0.107338
vt 0.079668 -0.178896
vt 0.055645 -0.125227
vt -0.063935 -0.125227
vt 0.055645 -0.161007
vt 0.055645 -0.053669
vt -0.063935 -0.053669
vt 0.055645 -0.089448
vt 0.055645 0.017890
vt -0.063935 0.017890
vt 0.055645 -0.017890
vt 0.055645 0.089448
vt -0.063935 0.089448
vt 0.055645 0.053669
vt 0.055645 0.161007
vt -0.063935 0.161007
vt 0.055645 0.125227
vt -0.063935 0.053669
vt -0.063935 0.125227
vt -0.063935 -0.017890
vt -0.063935 -0.089448
vt 1.199586 -3.283562
vt 1.122574 -3.328025
vt 1.035000 -3.312583
vt 0.874474 -3.282085
vt 0.980000 -3.407846
vt 1.141676 -3.436354
vt 1.283851 -3.354269
vt 1.340000 -3.200000
vt 1.283851 -3.045731
vt 1.141676 -2.963646
vt 0.980000 -2.992154
vt 0.874474 -3.117915
vt 1.035000 -3.087417
vt 1.122574 -3.071975
vt 1.199586 -3.116438
vt 1.230000 -3.200000
vt -0.280000 0.502655
vt 0.000000 0.502655
vt 0.000000 0.670206
vt -0.280000 0.670206
vt -0.022981 -0.290161
vt -0.022981 -0.373064
vt 0.022981 -0.373064
vt 0.022981 -0.290161
vt -0.067500 -0.116913
vt -0.065000 -0.112583
vt -0.122160 -0.044463
vt -0.122160 0.044463
vt -0.126859 0.046173
vt -0.126859 -0.046173
vt 0.230472 -0.195477
vt 0.230472 -0.139626
vt 0.060472 -0.139626
vt 0.060472 -0.195477
vt -0.022981 0.165806
vt 0.022981 0.165806
vt 0.022981 0.248709
vt -0.022981 0.248709
vt -0.022981 0.248709
vt 0.022981 0.248709
vt 0.022981 0.331613
vt -0.022981 0.331613
vt -0.021213 -0.033161
vt -0.021213 -0.099484
vt 0.021213 -0.099484
vt 0.021213 -0.033161
vt -0.022981 0.207258
vt -0.022981 0.124355
vt 0.022981 0.124355
vt 0.022981 0.207258
vt 0.103366 -0.762378
vt 0.103366 -0.837622
vt 0.055000 -0.895263
vt -0.019101 -0.908329
vt -0.084265 -0.870707
vt -0.110000 -0.800000
vt -0.084265 -0.729293
vt -0.465992 -0.612173
vt -0.519197 -0.665379
vt -0.594156 -0.671937
vt -0.655792 -0.628779
vt -0.675267 -0.556098
vt -0.643467 -0.487904
vt -0.575273 -0.456104
vt -0.704737 -0.055000
vt -0.762378 -0.103366
vt -0.897406 -0.326629
vt -0.689335 -0.660940
vt -0.477500 -0.827054
vt -0.020078 -0.954789
vt 0.165834 -0.940491
vt 0.556098 -0.675267
vt 0.487904 -0.643467
vt 0.456104 -0.575273
vt 0.924668 -0.035779
vt 0.107168 -0.035779
vt 0.055645 -0.125227
vt -0.063935 -0.125227
vt 0.055645 -0.161007
vt 0.055645 -0.053669
vt -0.063935 -0.053669
vt 0.055645 -0.089448
vt 0.055645 0.017890
vt -0.063935 0.017890
vt 0.055645 -0.017890
vt 0.055645 0.089448
vt -0.063935 0.089448
vt 0.055645 0.053669
vt 0.055645 0.161007
vt -0.063935 0.161007
vt 0.055645 0.125227
vt -0.063935 0.053669
vt -0.063935 0.125227
vt -0.063935 -0.017890
vt -0.063935 -0.089448
vt 0.230472 0.083776
vt 0.230472 0.139626
vt 0.060472 0.139626
vt 0.060472 0.083776
vt 0.347168 -0.107338
vt 0.079668 -0.107338
vt 0.230472 -0.139626
vt 0.230472 -0.083776
vt 0.060472 -0.083776
vt 0.060472 -0.139626
vt 0.160000 0.425860
vt 0.210000 0.425860
vt 0.210000 0.851721
vt 0.160000 0.851721
vt -0.022981 0.082903
vt 0.022981 0.082903
vt 0.022981 0.165806
vt -0.022981 0.165806
vt 0.230472 0.027925
vt 0.230472 0.083776
vt 0.060472 0.083776
vt 0.060472 0.027925
vt -0.022981 0.000000
vt 0.022981 0.000000
vt -0.700000 -0.272271
vt -0.280000 -0.272271
vt -0.280000 -0.181514
vt -0.700000 -0.181514
vt -0.022981 0.290161
vt -0.022981 0.207258
vt 0.022981 0.207258
vt 0.022981 0.290161
vt -0.022981 0.207258
vt -0.022981 0.124355
vt 0.022981 0.124355
vt 0.022981 0.207258
vt 0.347168 0.286234
vt 0.079668 0.286234
vt 0.079668 0.214675
vt 0.347168 0.214675
vt -0.021213 -0.171042
vt -0.021213 -0.513127
vt 0.021213 -0.513127
vt 0.021213 -0.171042
vt -0.021213 0.033161
vt -0.021213 -0.033161
vt 0.021213 -0.033161
vt 0.021213 0.033161
vt 0.055645 -0.125227
vt -0.063935 -0.125227
vt 0.055645 -0.161007
vt 0.055645 -0.053669
vt -0.063935 -0.053669
vt 0.055645 -0.089448
vt 0.055645 0.017890
vt -0.063935 0.017890
vt 0.055645 -0.017890
vt 0.055645 0.089448
vt -0.063935 0.089448
vt 0.055645 0.053669
vt 0.055645 0.161007
vt -0.063935 0.161007
vt 0.055645 0.125227
vt -0.063935 0.053669
vt -0.063935 0.125227
vt -0.063935 -0.017890
vt -0.063935 -0.089448
vt 0.347168 -0.322013
vt 0.347168 -0.250455
vt 0.079668 -0.250455
vt 0.079668 -0.322013
vt -0.021213 0.298451
vt -0.021213 0.232129
vt 0.021213 0.232129
vt 0.021213 0.298451
vt -0.132168 0.071558
vt -0.399668 0.071558
vt -0.399668 0.000000
vt -0.132168 0.000000
vt 0.000000 0.130000
vt 0.000000 0.000000
vt 0.340000 0.000000
vt 0.340000 0.170000
vt 0.040000 0.170000
vt 0.230472 0.195477
vt 0.230472 0.251327
vt 0.060472 0.251327
vt 0.060472 0.195477
vt 0.230472 0.195477
vt 0.230472 0.251327
vt 0.060472 0.251327
vt 0.060472 0.195477
vt -0.022981 0.207258
vt -0.022981 0.124355
vt 0.022981 0.124355
vt 0.022981 0.207258
vt 0.230472 -0.027925
vt 0.060472 -0.027925
vt -0.014142 -0.952950
vt -0.014142 -1.225221
vt 0.014142 -1.225221
vt 0.014142 -0.952950
vt 0.194856 -0.112500
vt 0.291097 -0.244259
vt 0.380000 -0.000000
vt 0.291097 0.244259
vt 0.065986 0.374227
vt -0.190000 0.329090
vt -0.357083 0.129968
vt -0.357083 -0.129968
vt -0.190000 -0.329090
vt -0.076955 -0.211431
vt -0.194856 -0.112500
vt -0.221582 0.039071
vt -0.144627 0.172360
vt -0.000000 0.225000
vt 0.144627 0.172360
vt 0.221582 0.039071
vt 0.055645 -0.125227
vt -0.063935 -0.125227
vt 0.055645 -0.161007
vt 0.055645 -0.053669
vt -0.063935 -0.053669
vt 0.055645 -0.089448
vt 0.055645 0.017890
vt -0.063935 0.017890
vt 0.055645 -0.017890
vt 0.055645 0.089448
vt -0.063935 0.089448
vt 0.055645 0.053669
vt 0.055645 0.161007
vt -0.063935 0.161007
vt 0.055645 0.125227
vt -0.063935 0.053669
vt -0.063935 0.125227
vt -0.063935 -0.017890
vt -0.063935 -0.089448
vt -0.320000 3.095000
vt -0.320000 2.650000
vt 0.530000 2.650000
vt 0.530000 3.135000
vt -0.280000 3.135000
vt 0.530000 0.285000
vt 0.530000 0.770000
vt -0.320000 0.770000
vt -0.320000 0.325000
vt -0.280000 0.285000
vt 0.598141 2.346173
vt 0.657500 2.416913
vt 0.748443 2.432949
vt 0.828416 2.386776
vt 0.860000 2.300000
vt 0.828416 2.213224
vt 2.998141 2.253827
vt 2.998141 2.346173
vt 3.057500 2.416913
vt 3.148443 2.432949
vt 3.228416 2.386776
vt 3.260000 2.300000
vt 3.228416 2.213224
vt 3.148443 2.167051
vt 3.192500 1.216913
vt 3.251859 1.146173
vt 3.251859 1.053827
vt 3.192500 0.983087
vt 3.101557 0.967051
vt 3.021584 1.013224
vt 2.990000 1.100000
vt 2.725000 0.850000
vt 2.725000 0.040000
vt 4.450000 0.040000
vt 4.450000 3.360000
vt 0.200000 3.360000
vt 0.200000 0.040000
vt 0.657500 0.983087
vt 0.598141 1.053827
vt 0.598141 1.146173
vt 0.598141 2.253827
vt -0.022981 -0.082903
vt 0.022981 -0.082903
vt 0.022981 0.000000
vt -0.022981 0.000000
vt -0.022981 0.331613
vt 0.022981 0.331613
vt 0.022981 0.414516
vt -0.022981 0.414516
vt -0.347168 -0.071558
vt -0.079668 -0.071558
vt -0.079668 -0.000000
vt -0.347168 -0.000000
vt -0.235000 -0.418879
vt -0.065000 -0.418879
vt -0.150000 -0.173137
vt 0.150000 -0.173137
vt 0.150000 0.000000
vt -0.150000 0.000000
vt 0.230472 0.195477
vt 0.230472 0.251327
vt 0.060472 0.251327
vt 0.060472 0.195477
vt -0.022981 -0.124355
vt -0.022981 -0.207258
vt 0.022981 -0.207258
vt 0.022981 -0.124355
vt -0.010607 0.493492
vt 0.010607 0.493492
vt 0.010607 0.645335
vt -0.010607 0.645335
vt -0.022981 0.207258
vt -0.022981 0.124355
vt 0.022981 0.124355
vt 0.022981 0.207258
vt 0.230472 -0.083776
vt 0.230472 -0.027925
vt 0.060472 -0.027925
vt 0.060472 -0.083776
vt 0.060472 -0.279253
vt 0.230472 -0.279253
vt 0.230472 0.167552
vt 0.060472 0.167552
vt 0.060472 0.111701
vt 0.230472 0.111701
vt 0.230472 -0.251327
vt 0.230472 -0.195477
vt 0.060472 -0.195477
vt 0.060472 -0.251327
vt -0.688768 -0.451250
vt -0.635057 -0.496318
vt -0.564943 -0.496318
vt -0.511232 -0.451250
vt -0.499057 -0.382201
vt -0.534114 -0.321480
vt -0.600000 -0.297500
vt -0.665886 -0.321480
vt -0.700943 -0.382201
vt -0.688768 -2.851250
vt -0.635057 -2.896318
vt -0.564943 -2.896318
vt -0.511232 -2.851250
vt -0.499057 -2.782201
vt -0.534114 -2.721480
vt -0.600000 -2.697500
vt -0.665886 -2.721480
vt -0.700943 -2.782201
vt -0.280000 0.670206
vt 0.000000 0.670206
vt 0.000000 0.837758
vt -0.280000 0.837758
vt -0.022981 -0.124355
vt -0.022981 -0.207258
vt 0.022981 -0.207258
vt 0.022981 -0.124355
vt 0.230472 -0.027925
vt 0.230472 0.027925
vt 0.060472 0.027925
vt 0.060472 -0.027925
vt -0.021213 -0.033161
vt -0.021213 -0.099484
vt 0.021213 -0.099484
vt 0.021213 -0.033161
vt -0.022981 -0.290161
vt -0.022981 -0.373064
vt 0.022981 -0.373064
vt 0.022981 -0.290161
vt -0.000000 -0.706858
vt -0.000000 -0.549779
vt -0.235000 -0.549779
vt -0.235000 -0.706858
vt 0.347168 -0.107338
vt 0.347168 -0.035779
vt 0.079668 -0.035779
vt 0.079668 -0.107338
vt 0.347168 0.214675
vt 0.079668 0.214675
vt 0.079668 0.143117
vt 0.347168 0.143117
vt -0.150000 -0.692547
vt 0.150000 -0.692547
vt 0.150000 -0.519410
vt -0.150000 -0.519410
vt -0.021213 -0.099484
vt 0.021213 -0.099484
vt -0.014142 1.225221
vt -0.014142 0.952950
vt 0.014142 0.952950
vt 0.014142 1.225221
vt 0.680000 0.000000
vt 0.680000 0.170000
vt 0.000000 0.170000
vt 0.000000 0.000000
vt -0.132168 -0.071558
vt -0.399668 -0.071558
vt -0.021213 0.198968
vt 0.021213 0.198968
vt 0.021213 0.265290
vt -0.021213 0.265290
vt -0.150000 0.519410
vt 0.150000 0.519410
vt 0.150000 0.692547
vt -0.150000 0.692547
vt -0.021213 -0.855211
vt -0.021213 -1.197296
vt 0.021213 -1.197296
vt 0.021213 -0.855211
vt 1.550000 -0.320000
vt 1.550000 0.000000
vt 0.330000 0.000000
vt 0.330000 -0.320000
vt -0.280000 0.335103
vt 0.000000 0.335103
vt 0.000000 0.502655
vt -0.280000 0.502655
vt 0.000000 0.167552
vt -0.280000 0.167552
vt -0.280000 0.000000
vt 0.000000 0.000000
vt -0.028284 0.520000
vt -0.028284 -0.520000
vt 0.028284 -0.520000
vt 0.028284 0.560000
vt -0.021213 -0.165806
vt -0.021213 -0.232129
vt 0.021213 -0.232129
vt 0.021213 -0.165806
vt 0.347168 0.178896
vt 0.079668 0.178896
vt 0.940000 -0.800000
vt 0.940000 -2.100000
vt 1.425000 -2.100000
vt 1.425000 -0.800000
vt -0.021213 -0.165806
vt -0.021213 -0.232129
vt 0.021213 -0.232129
vt 0.021213 -0.165806
vt -0.022981 -0.207258
vt -0.022981 -0.290161
vt 0.022981 -0.290161
vt 0.022981 -0.207258
vt -0.028284 0.124853
vt -0.028284 -0.124853
vt 0.028284 -0.141421
vt 0.028284 0.141421
vt 0.924668 0.178896
vt 0.924668 0.250455
vt 0.107168 0.250455
vt 0.107168 0.178896
vt -0.021213 0.033161
vt 0.021213 0.033161
vt 0.230472 0.223402
vt 0.060472 0.223402
vt -0.022981 -0.165806
vt 0.022981 -0.165806
vt 0.022981 -0.082903
vt -0.022981 -0.082903
vt -0.021213 -0.033161
vt -0.021213 -0.099484
vt 0.021213 -0.099484
vt 0.021213 -0.033161
vt -0.021213 -0.265290
vt 0.021213 -0.265290
vt 0.021213 -0.198968
vt -0.021213 -0.198968
vt 0.851250 0.511232
vt 0.896318 0.564943
vt 0.896318 0.635057
vt 0.851250 0.688768
vt 0.782201 0.700943
vt 0.721480 0.665886
vt 0.697500 0.600000
vt 0.721480 0.534114
vt 0.782201 0.499057
vt 0.748750 -0.511232
vt 0.703682 -0.564943
vt 0.703682 -0.635057
vt 0.748750 -0.688768
vt 0.817799 -0.700943
vt 0.878520 -0.665886
vt 0.902500 -0.600000
vt 0.878520 -0.534114
vt 0.817799 -0.499057
vt -0.851250 -0.511232
vt -0.896318 -0.564943
vt -0.896318 -0.635057
vt -0.851250 -0.688768
vt -0.782201 -0.700943
vt -0.721480 -0.665886
vt -0.697500 -0.600000
vt -0.721480 -0.534114
vt -0.782201 -0.499057
vt 0.924668 -0.250455
vt 0.924668 -0.178896
vt 0.107168 -0.178896
vt 0.107168 -0.250455
vt 0.714668 -0.107338
vt 0.097168 -0.107338
vt 0.924668 0.035779
vt 0.924668 0.107338
vt 0.107168 0.107338
vt 0.107168 0.035779
vt 0.141421 -1.660000
vt 0.141421 1.660000
vt -0.141421 1.660000
vt -0.141421 -1.660000
vt -0.700000 -0.363028
vt -0.280000 -0.363028
vt -0.280000 -0.272271
vt -0.700000 -0.272271
vt 0.347168 0.178896
vt 0.347168 0.250455
vt 0.079668 0.250455
vt 0.079668 0.178896
vt -0.021213 -0.132645
vt 0.021213 -0.132645
vt -0.021213 -0.099484
vt 0.021213 -0.099484
vt -0.021213 -0.165806
vt 0.021213 -0.165806
vt -0.700000 -0.181514
vt -0.280000 -0.181514
vt -0.280000 -0.090757
vt -0.700000 -0.090757
vt -0.022981 0.041452
vt 0.022981 0.041452
vt -0.021213 0.033161
vt -0.021213 -0.033161
vt 0.021213 -0.033161
vt 0.021213 0.033161
vt -0.021213 0.165806
vt 0.021213 0.165806
vt -0.022981 -0.124355
vt 0.022981 -0.124355
vt -0.700000 0.363028
vt -0.280000 0.363028
vt -0.280000 0.453786
vt -0.700000 0.453786
vt -0.022981 0.124355
vt -0.022981 0.041452
vt 0.022981 0.041452
vt 0.022981 0.124355
vt -0.021213 -0.165806
vt -0.021213 -0.232129
vt 0.021213 -0.232129
vt 0.021213 -0.165806
vt -0.021213 0.298451
vt -0.021213 0.232129
vt 0.021213 0.232129
vt 0.021213 0.298451
vt 0.022981 0.082903
vt -0.022981 0.082903
vt -0.022981 -0.000000
vt 0.022981 0.000000
vt -0.021213 0.298451
vt -0.021213 0.232129
vt 0.021213 0.232129
vt 0.021213 0.298451
vt -0.022981 -0.248709
vt 0.022981 -0.248709
vt 0.022981 -0.165806
vt -0.022981 -0.165806
vt -0.022981 -0.041452
vt -0.022981 -0.124355
vt 0.022981 -0.124355
vt 0.022981 -0.041452
vt -0.022981 -0.041452
vt -0.022981 -0.124355
vt 0.022981 -0.124355
vt 0.022981 -0.041452
vt -0.021213 0.165806
vt 0.021213 0.165806
vt -0.022981 -0.041452
vt -0.022981 -0.124355
vt 0.022981 -0.124355
vt 0.022981 -0.041452
vt -0.435000 0.340339
vt -0.255000 0.340339
vt 1.421584 2.386776
vt 1.501557 2.432949
vt 1.592500 2.416913
vt 1.651859 2.346173
vt 1.651859 2.253827
vt 1.592500 2.183087
vt 1.501557 2.167051
vt 1.421584 1.186776
vt 1.501557 1.232949
vt 1.592500 1.216913
vt 1.651859 1.146173
vt 1.651859 1.053827
vt 1.592500 0.983087
vt 1.501557 0.967051
vt 1.925000 0.040000
vt 1.925000 0.850000
vt 3.225000 0.850000
vt 3.901557 0.967051
vt 3.821584 1.013224
vt 3.790000 1.100000
vt 3.821584 1.186776
vt 3.901557 1.232949
vt 3.992500 1.216913
vt 4.051859 1.146173
vt 4.051859 2.253827
vt 3.992500 2.183087
vt 3.901557 2.167051
vt 3.821584 2.213224
vt 3.790000 2.300000
vt 3.821584 2.386776
vt 3.901557 2.432949
vt 3.992500 2.416913
vt 4.051859 2.346173
vt 4.450000 3.360000
vt 0.200000 3.360000
vt 1.421584 2.213224
vt 1.390000 2.300000
vt -0.280000 -0.090757
vt -0.700000 -0.090757
vt -0.021213 0.232129
vt -0.021213 0.165806
vt 0.021213 0.165806
vt 0.021213 0.232129
vt -0.700000 0.363028
vt -0.280000 0.363028
vt -0.280000 0.453786
vt -0.700000 0.453786
vt -0.280000 -0.181514
vt -0.700000 -0.181514
vt 4.051859 1.053827
vt 3.992500 0.983087
vt 3.225000 0.040000
vt 4.450000 0.040000
vt -0.000000 0.235619
vt -0.000000 0.392699
vt -0.235000 0.392699
vt -0.235000 0.235619
vt 0.200000 0.040000
vt 1.421584 1.013224
vt 1.390000 1.100000
vt -0.022981 -0.290161
vt -0.022981 -0.373064
vt 0.022981 -0.373064
vt 0.022981 -0.290161
vt 0.230472 0.195477
vt 0.230472 0.251327
vt 0.060472 0.251327
vt 0.060472 0.195477
vt 0.022981 0.248709
vt -0.022981 0.248709
vt -0.099447 0.000000
vt -0.099447 -0.100000
vt -0.094053 -0.100000
vt -0.094053 0.000000
vt -0.022981 -0.124355
vt -0.022981 -0.207258
vt 0.022981 -0.207258
vt 0.022981 -0.124355
vt 0.023443 -0.132949
vt 0.103416 -0.086776
vt 0.099586 -0.083562
vt 0.022574 -0.128025
vt -0.065000 -0.112583
vt -0.122160 -0.044463
vt -0.126859 -0.046173
vt -0.067500 -0.116913
vt 0.714668 0.178896
vt 0.714668 0.250455
vt 0.097168 0.250455
vt 0.097168 0.178896
vt 0.230472 0.195477
vt 0.230472 0.251327
vt 0.060472 0.251327
vt 0.060472 0.195477
vt -0.014142 -0.136136
vt 0.014142 -0.136136
vt -0.022981 -0.290161
vt -0.022981 -0.373064
vt 0.022981 -0.373064
vt 0.022981 -0.290161
vt 0.564943 -2.703682
vt 0.511232 -2.748750
vt 0.499057 -2.817799
vt 0.534114 -2.878520
vt 0.600000 -2.902500
vt 0.665886 -2.878520
vt 0.700943 -2.817799
vt 0.688768 -2.748750
vt 0.635057 -2.703682
vt 0.000000 0.837758
vt -0.280000 0.837758
vt -0.350000 0.945000
vt -0.350000 1.085000
vt -0.916149 0.954269
vt -0.860000 0.800000
vt -0.711139 0.667013
vt -0.240000 0.945000
vt -0.022981 0.290161
vt 0.022981 0.331613
vt -0.022981 0.373064
vt -0.022981 -0.373064
vt 0.022981 -0.414516
vt 0.022981 -0.331613
vt -0.022981 -0.290161
vt 0.022981 -0.248709
vt -0.022981 -0.207258
vt 0.022981 -0.165806
vt -0.022981 -0.124355
vt 0.022981 -0.082903
vt -0.022981 -0.041452
vt 0.022981 0.000000
vt -0.022981 0.041452
vt 0.022981 0.082903
vt -0.022981 0.124355
vt 0.022981 0.165806
vt -0.022981 0.207258
vt 0.022981 0.248709
vt -0.028284 2.108431
vt -0.028284 -2.108431
vt 0.028284 -2.125000
vt 0.028284 2.125000
vt -0.021213 0.232129
vt 0.021213 0.232129
vt -0.022981 0.290161
vt 0.022981 0.331613
vt -0.022981 0.373064
vt -0.022981 -0.373064
vt 0.022981 -0.414516
vt 0.022981 -0.331613
vt -0.022981 -0.290161
vt 0.022981 -0.248709
vt -0.022981 -0.207258
vt 0.022981 -0.165806
vt -0.022981 -0.124355
vt 0.022981 -0.082903
vt -0.022981 -0.041452
vt 0.022981 0.000000
vt -0.022981 0.041452
vt 0.022981 0.082903
vt -0.022981 0.124355
vt 0.022981 0.165806
vt -0.022981 0.207258
vt 0.022981 0.248709
vt -0.280000 0.502655
vt 0.000000 0.502655
vt 0.000000 0.670206
vt -0.280000 0.670206
vt -0.022981 -0.041452
vt 0.022981 -0.041452
vt -0.280000 0.502655
vt 0.000000 0.502655
vt -0.022981 0.290161
vt 0.022981 0.331613
vt -0.022981 0.373064
vt -0.022981 -0.373064
vt 0.022981 -0.414516
vt 0.022981 -0.331613
vt -0.022981 -0.290161
vt 0.022981 -0.248709
vt -0.022981 -0.207258
vt 0.022981 -0.165806
vt -0.022981 -0.124355
vt 0.022981 -0.082903
vt -0.022981 -0.041452
vt 0.022981 0.000000
vt -0.022981 0.041452
vt 0.022981 0.082903
vt -0.022981 0.124355
vt 0.022981 0.165806
vt -0.022981 0.207258
vt 0.022981 0.248709
vt -0.021213 0.099484
vt 0.021213 0.099484
vt -0.021213 -0.232129
vt -0.021213 -0.298451
vt 0.021213 -0.298451
vt 0.021213 -0.232129
vt 0.874474 -3.282085
vt 0.874474 -3.117915
vt -0.860000 -3.200000
vt -0.916149 -3.354269
vt -1.058324 -3.436354
vt -1.208431 -3.485000
vt 1.208431 -3.485000
vt 1.385000 -3.308431
vt 1.385000 0.908431
vt 1.208431 1.085000
vt -1.208431 1.085000
vt -1.385000 0.908431
vt -1.385000 -3.308431
vt -1.235000 -0.800000
vt -1.203416 -0.713224
vt -1.220000 0.592154
vt -1.325526 0.717915
vt -1.325526 0.882085
vt -1.220000 1.007846
vt -1.058324 1.036354
vt -0.916149 0.954269
vt -0.860000 0.800000
vt -0.916149 0.645731
vt -0.960188 0.169307
vt -0.626718 0.746893
vt 0.000000 0.975000
vt 0.626718 0.746893
vt 0.874474 0.882085
vt 0.980000 1.007846
vt 1.141676 1.036354
vt 1.283851 0.954269
vt 1.340000 0.800000
vt 1.283851 0.645731
vt 1.141676 0.563646
vt 0.980000 0.592154
vt 0.960188 0.169307
vt 0.844375 -0.487500
vt 0.333470 -0.916200
vt 0.980000 -2.992154
vt 1.141676 -2.963646
vt 1.283851 -3.045731
vt 1.167500 -0.916913
vt 1.076557 -0.932949
vt 0.996584 -0.886776
vt 0.965000 -0.800000
vt 0.996584 -0.713224
vt 1.076557 -0.667051
vt 1.167500 -0.683087
vt 1.226859 -0.753827
vt 1.226859 -0.846173
vt 1.340000 -3.200000
vt 1.283851 -3.354269
vt 1.141676 -3.436354
vt 0.980000 -3.407846
vt 0.022981 0.331613
vt -0.022981 0.331613
vt -0.067500 0.116913
vt -0.126859 0.046173
vt -0.126859 -0.046173
vt -0.122160 0.044463
vt -0.065000 0.112583
vt 0.023443 0.132949
vt 0.230472 0.139626
vt 0.060472 0.139626
vt 0.874474 0.717915
vt 0.000000 0.167552
vt -0.280000 0.167552
vt -0.280000 0.000000
vt 0.000000 0.000000
vt -0.280000 -0.335103
vt 0.000000 -0.335103
vt 0.000000 -0.167552
vt -0.280000 -0.167552
vt 0.230472 -0.139626
vt 0.230472 -0.083776
vt 0.060472 -0.083776
vt 0.060472 -0.139626
vt -0.150000 -0.346273
vt 0.150000 -0.346273
vt 0.028284 0.520000
vt -0.028284 0.520000
vt -0.028284 -0.520000
vt 0.028284 -0.560000
vt -0.347168 -0.214675
vt -0.079668 -0.214675
vt -0.079668 -0.143117
vt -0.347168 -0.143117
vt -1.000414 0.716438
vt -1.077426 0.671975
vt -0.916149 0.645731
vt -0.860000 0.800000
vt -0.916149 0.954269
vt -1.058324 1.036354
vt -1.220000 1.007846
vt -1.325526 0.882085
vt -1.325526 0.717915
vt -1.220000 0.592154
vt -1.165000 0.687417
vt -1.222160 0.755537
vt -1.222160 0.844463
vt -1.165000 0.912583
vt -1.077426 0.928025
vt -1.000414 0.883562
vt -0.970000 0.800000
vt -0.347168 0.286234
vt -0.079668 0.286234
vt -0.079668 0.357792
vt -0.347168 0.357792
vt -0.021213 0.099484
vt -0.021213 0.033161
vt 0.021213 0.033161
vt 0.021213 0.099484
vt 0.150000 0.865683
vt -0.150000 0.865683
vt -0.347168 -0.071558
vt -0.079668 -0.071558
vt -0.079668 0.000000
vt -0.347168 0.000000
vt 0.714668 0.250455
vt 0.714668 0.322013
vt 0.097168 0.322013
vt 0.097168 0.250455
vt -0.700000 0.363028
vt -0.280000 0.363028
vt -0.280000 0.453786
vt -0.700000 0.453786
vt 0.000000 0.000000
vt -0.280000 0.000000
vt -0.022981 -0.290161
vt 0.022981 -0.290161
vt -0.021213 0.298451
vt 0.021213 0.298451
vt 0.075175 -0.772638
vt 0.040000 -0.730718
vt -0.013892 -0.721215
vt -0.061284 -0.748577
vt -0.080000 -0.800000
vt -0.061284 -0.851423
vt -0.013892 -0.878785
vt 0.040000 -0.869282
vt 0.075175 -0.827362
vt 0.233345 -0.160000
vt 0.233345 0.160000
vt -0.176777 0.160000
vt -0.233345 0.200000
vt -0.233345 -0.160000
vt 0.060472 0.055851
vt 0.230472 0.055851
vt 0.230472 -0.027925
vt 0.230472 0.027925
vt 0.060472 0.027925
vt 0.060472 -0.027925
vt -0.014142 0.680678
vt 0.014142 0.680678
vt -0.638190 0.531876
vt -0.599495 0.493181
vt -0.544980 0.488411
vt -0.500153 0.519799
vt -0.485990 0.572658
vt -0.509117 0.622254
vt -0.558713 0.645381
vt -0.611572 0.631218
vt -0.642959 0.586391
vt 0.160000 1.277581
vt 0.210000 1.277581
vt 0.210000 1.703441
vt 0.160000 1.703441
vt -0.022981 0.290161
vt -0.022981 0.207258
vt 0.022981 0.207258
vt 0.022981 0.290161
vt 0.924668 -0.107338
vt 0.924668 -0.035779
vt 0.107168 -0.035779
vt 0.107168 -0.107338
vt 0.023443 0.132949
vt 0.022574 0.128025
vt 0.099586 0.083562
vt 0.130000 0.000000
vt 0.099586 -0.083562
vt 0.022574 -0.128025
vt -0.065000 -0.112583
vt -0.122160 -0.044463
vt -0.122160 0.044463
vt -0.067500 0.116913
vt -0.126859 0.046173
vt -0.126859 -0.046173
vt -0.067500 -0.116913
vt 0.023443 -0.132949
vt 0.103416 -0.086776
vt 0.135000 0.000000
vt 0.103416 0.086776
vt -0.347168 -0.214675
vt -0.079668 -0.214675
vt -0.079668 -0.143117
vt -0.347168 -0.143117
vt -0.022981 0.373064
vt 0.022981 0.373064
vt 0.399668 -0.286234
vt 0.132168 -0.286234
vt 0.132168 -0.357792
vt 0.399668 -0.357792
vt -0.021213 0.855211
vt -0.021213 0.513127
vt 0.021213 0.513127
vt 0.021213 0.855211
vt -0.022981 -0.124355
vt 0.022981 -0.124355
vt 0.347168 0.107338
vt 0.347168 0.178896
vt 0.079668 0.178896
vt 0.079668 0.107338
vt 0.055645 -0.125227
vt -0.063935 -0.125227
vt 0.055645 -0.161007
vt 0.055645 -0.053669
vt -0.063935 -0.053669
vt 0.055645 -0.089448
vt 0.055645 0.017890
vt -0.063935 0.017890
vt 0.055645 -0.017890
vt 0.055645 0.089448
vt -0.063935 0.089448
vt 0.055645 0.053669
vt 0.055645 0.161007
vt -0.063935 0.161007
vt 0.055645 0.125227
vt -0.063935 0.053669
vt -0.063935 0.125227
vt -0.063935 -0.017890
vt -0.063935 -0.089448
vt 0.347168 0.000000
vt 0.079668 0.000000
vt 0.230472 0.195477
vt 0.230472 0.251327
vt 0.060472 0.251327
vt 0.060472 0.195477
vt 0.010607 0.797179
vt -0.010607 0.797179
vt -0.022981 -0.248709
vt 0.022981 -0.248709
vt -0.235000 -1.256637
vt -0.065000 -1.256637
vt -0.022981 -0.290161
vt -0.022981 -0.373064
vt 0.022981 -0.373064
vt 0.022981 -0.290161
vt 0.055645 -0.125227
vt -0.063935 -0.125227
vt 0.055645 -0.161007
vt 0.055645 -0.053669
vt -0.063935 -0.053669
vt 0.055645 -0.089448
vt 0.055645 0.017890
vt -0.063935 0.017890
vt 0.055645 -0.017890
vt 0.055645 0.089448
vt -0.063935 0.089448
vt 0.055645 0.053669
vt 0.055645 0.161007
vt -0.063935 0.161007
vt 0.055645 0.125227
vt -0.063935 0.053669
vt -0.063935 0.125227
vt -0.063935 -0.017890
vt -0.063935 -0.089448
vt 0.347168 -0.035779
vt 0.079668 -0.035779
vt 0.230472 -0.251327
vt 0.230472 -0.195477
vt 0.060472 -0.195477
vt 0.060472 -0.251327
vt 0.022574 0.128025
vt 0.099586 0.083562
vt 0.130000 0.000000
vt 0.099586 -0.083562
vt 0.022574 -0.128025
vt -0.065000 -0.112583
vt -0.122160 -0.044463
vt -0.067500 -0.116913
vt 0.023443 -0.132949
vt 0.103416 -0.086776
vt 0.135000 0.000000
vt 0.103416 0.086776
vt -0.895263 0.055000
vt -0.837622 0.103366
vt -0.762378 0.103366
vt -0.612173 0.465992
vt -0.665379 0.519197
vt -0.671937 0.594156
vt -0.628779 0.655792
vt -0.556098 0.675267
vt -0.165834 0.940491
vt -0.731572 0.613862
vt -0.955000 -0.000000
vt -0.731572 -0.613862
vt -0.870707 -0.084265
vt -0.908329 -0.019101
vt -0.900000 -0.272271
vt -0.280000 -0.272271
vt -0.280000 -0.181514
vt -0.900000 -0.181514
vt 0.028284 -0.141421
vt 0.028284 0.141421
vt -0.028284 0.124853
vt -0.028284 -0.124853
vt -0.022981 0.207258
vt -0.022981 0.124355
vt 0.022981 0.124355
vt 0.022981 0.207258
vt -0.021213 -0.099484
vt 0.021213 -0.099484
vt -0.021213 -0.099484
vt 0.021213 -0.099484
vt -0.022981 0.165806
vt 0.022981 0.165806
vt 0.150000 0.261799
vt 0.150000 0.366519
vt -0.150000 0.366519
vt -0.150000 0.261799
vt -0.280000 -0.335103
vt 0.000000 -0.335103
vt 0.000000 -0.167552
vt -0.280000 -0.167552
vt 0.055645 -0.125227
vt -0.063935 -0.125227
vt 0.055645 -0.161007
vt 0.055645 -0.053669
vt -0.063935 -0.053669
vt 0.055645 -0.089448
vt 0.055645 0.017890
vt -0.063935 0.017890
vt 0.055645 -0.017890
vt 0.055645 0.089448
vt -0.063935 0.089448
vt 0.055645 0.053669
vt 0.055645 0.161007
vt -0.063935 0.161007
vt 0.055645 0.125227
vt -0.063935 0.053669
vt -0.063935 0.125227
vt -0.063935 -0.017890
vt -0.063935 -0.089448
vt 0.347168 -0.214675
vt 0.079668 -0.214675
vt 0.079668 -0.286234
vt 0.347168 -0.286234
vt 0.714668 0.322013
vt 0.097168 0.322013
vt -0.065000 -0.112583
vt -0.122160 -0.044463
vt -0.122160 0.044463
vt -0.065000 0.112583
vt 0.022574 0.128025
vt 0.099586 0.083562
vt 0.130000 0.000000
vt 0.103416 -0.086776
vt 0.135000 0.000000
vt 0.103416 0.086776
vt 0.023443 0.132949
vt -0.067500 0.116913
vt -0.126859 0.046173
vt -0.126859 -0.046173
vt -0.067500 -0.116913
vt 0.023443 -0.132949
vt 0.099586 -0.083562
vt 0.022574 -0.128025
vt 0.043065 -0.244232
vt 0.026047 -0.147721
vt -0.075000 -0.129904
vt -0.124000 -0.214774
vt -0.022981 -0.124355
vt -0.022981 -0.207258
vt 0.022981 -0.207258
vt 0.022981 -0.124355
vt -0.022981 0.124355
vt -0.022981 0.041452
vt 0.022981 0.041452
vt 0.022981 0.124355
vt -0.022981 0.124355
vt 0.022981 0.124355
vt -0.021213 0.165806
vt 0.021213 0.165806
vt -0.235000 0.977384
vt -0.235000 0.698132
vt -0.065000 0.698132
vt -0.065000 0.977384
vt 0.055645 -0.125227
vt -0.063935 -0.125227
vt 0.055645 -0.161007
vt 0.055645 -0.053669
vt -0.063935 -0.053669
vt 0.055645 -0.089448
vt 0.055645 0.017890
vt -0.063935 0.017890
vt 0.055645 -0.017890
vt 0.055645 0.089448
vt -0.063935 0.089448
vt 0.055645 0.053669
vt 0.055645 0.161007
vt -0.063935 0.161007
vt 0.055645 0.125227
vt -0.063935 0.053669
vt -0.063935 0.125227
vt -0.063935 -0.017890
vt -0.063935 -0.089448
vt -0.022981 0.207258
vt 0.022981 0.207258
vt -0.014142 -1.684243
vt -0.014142 -2.357940
vt 0.014142 -2.357940
vt 0.014142 -1.684243
vt -0.022981 0.124355
vt -0.022981 0.041452
vt 0.022981 0.041452
vt 0.022981 0.124355
vt -0.022981 0.207258
vt 0.022981 0.207258
vt 0.599495 -0.493181
vt 0.544980 -0.488411
vt 0.500153 -0.519799
vt 0.485990 -0.572658
vt 0.509117 -0.622254
vt 0.558713 -0.645381
vt 0.611572 -0.631218
vt 0.642959 -0.586391
vt 0.638190 -0.531876
vt 0.141421 -1.660000
vt 0.141421 1.660000
vt -0.141421 1.660000
vt -0.141421 -1.660000
vt 1.196318 -0.764943
vt 1.151250 -0.711232
vt 1.082201 -0.699057
vt 1.021480 -0.734114
vt 0.997500 -0.800000
vt 1.021480 -0.865886
vt 1.082201 -0.900943
vt 1.151250 -0.888768
vt 1.196318 -0.835057
vt -1.151250 -0.888768
vt -1.082201 -0.900943
vt -1.021480 -0.865886
vt -0.997500 -0.800000
vt -1.021480 -0.734114
vt -1.082201 -0.699057
vt -1.151250 -0.711232
vt -1.196318 -0.764943
vt -1.196318 -0.835057
vt -0.065000 -0.112583
vt -0.122160 -0.044463
vt -0.126859 -0.046173
vt -0.067500 -0.116913
vt 0.023443 -0.132949
vt 0.103416 -0.086776
vt 0.135000 0.000000
vt 0.103416 0.086776
vt 0.023443 0.132949
vt -0.067500 0.116913
vt -0.065000 0.112583
vt 0.022574 0.128025
vt 0.099586 0.083562
vt 0.130000 0.000000
vt 0.099586 -0.083562
vt 0.022574 -0.128025
vt 0.230472 0.139626
vt 0.230472 0.195477
vt 0.060472 0.195477
vt 0.060472 0.139626
vt -0.022981 -0.207258
vt 0.022981 -0.207258
vt 0.230472 0.195477
vt 0.060472 0.195477
vt -0.022981 0.290161
vt 0.022981 0.331613
vt -0.022981 0.373064
vt -0.022981 -0.373064
vt 0.022981 -0.414516
vt 0.022981 -0.331613
vt -0.022981 -0.290161
vt 0.022981 -0.248709
vt -0.022981 -0.207258
vt 0.022981 -0.165806
vt -0.022981 -0.124355
vt 0.022981 -0.082903
vt -0.022981 -0.041452
vt 0.022981 0.000000
vt -0.022981 0.041452
vt 0.022981 0.082903
vt -0.022981 0.124355
vt 0.022981 0.165806
vt -0.022981 0.207258
vt 0.022981 0.248709
vt -0.000000 -0.100000
vt -0.000000 0.000000
vt -0.005393 0.000000
vt -0.005393 -0.100000
vt -0.347168 -0.143117
vt -0.079668 -0.143117
vt -0.079668 -0.071558
vt -0.347168 -0.071558
vt -0.347168 0.035779
vt -0.079668 0.035779
vt 0.924668 -0.178896
vt 0.924668 -0.107338
vt 0.107168 -0.107338
vt 0.107168 -0.178896
vt 0.196469 0.955000
vt -0.196469 0.955000
vt -0.240000 0.945000
vt 0.240000 0.945000
vt -0.900000 -0.363028
vt -0.280000 -0.363028
vt -0.190000 0.000000
vt 0.190000 0.197759
vt -0.010000 0.602647
vt -0.190000 0.680678
vt 0.190000 -0.197759
vt -0.010000 -0.602647
vt -0.190000 -0.680678
vt -0.010000 -1.157125
vt -0.190000 -1.361357
vt -0.010000 -1.711604
vt -0.190000 -2.042035
vt -0.010000 -2.266082
vt -0.190000 -2.722714
vt -0.010000 -2.820561
vt 0.090000 0.602647
vt 0.090000 0.593277
vt -0.010000 3.260876
vt -0.190000 3.403392
vt -0.010000 3.128994
vt -0.010000 2.997112
vt 0.190000 -2.865230
vt 0.190000 -2.820561
vt -0.010000 3.305545
vt -0.010000 -2.865230
vt -0.010000 2.266082
vt -0.190000 2.042035
vt -0.010000 1.711604
vt -0.190000 1.361357
vt -0.010000 1.157125
vt 0.090000 -0.593277
vt 0.190000 -0.593277
vt 0.190000 0.593277
vt 0.090000 -0.602647
vt -0.014142 -0.673697
vt 0.014142 -0.336849
vt -0.014142 0.000000
vt 0.014142 0.020290
vt 0.014142 0.336849
vt -0.014142 -1.347394
vt 0.014142 -1.010546
vt 0.014142 -0.737619
vt -0.014142 -2.021091
vt 0.014142 -1.684243
vt 0.014142 -1.495528
vt 0.014142 -2.357940
vt -0.014142 -2.694788
vt 0.014142 -3.031637
vt 0.014142 3.031637
vt -0.014142 3.368485
vt -0.014142 2.694788
vt 0.014142 2.357940
vt -0.014142 2.021091
vt 0.014142 1.684243
vt -0.014142 1.347394
vt 0.014142 1.010546
vt -0.014142 0.673697
vt 0.014142 0.778199
vt -0.021213 0.165806
vt 0.021213 0.165806
vt 0.680000 0.130000
vt 0.000000 0.130000
vt 0.000000 0.000000
vt 0.143531 0.000000
vt 0.274109 0.017771
vt 0.405891 0.017771
vt 0.536469 0.000000
vt 0.680000 0.000000
vt 0.000000 0.837758
vt -0.280000 0.837758
vt -0.340000 0.010000
vt 0.340000 0.010000
vt 0.340000 0.350000
vt 0.196469 0.350000
vt 0.196469 0.150000
vt -0.196469 0.150000
vt -0.196469 0.350000
vt -0.340000 0.350000
vt -0.014142 -0.408407
vt 0.014142 -0.408407
vt -0.235000 0.418879
vt -0.065000 0.418879
vt -0.021213 0.033161
vt 0.021213 0.033161
vt -0.000000 -0.350000
vt -0.000000 0.000000
vt -0.140000 0.000000
vt -0.180000 -0.040000
vt -0.180000 -0.350000
vt 0.924668 0.178896
vt 0.107168 0.178896
vt -0.028284 0.124853
vt -0.028284 -0.124853
vt 0.028284 -0.141421
vt 0.028284 0.141421
vt -0.900000 0.090757
vt -0.280000 0.090757
vt -0.280000 0.181514
vt -0.900000 0.181514
vt 0.141421 -1.660000
vt 0.141421 1.660000
vt -0.141421 1.660000
vt -0.141421 -1.660000
vt 0.230472 -0.027925
vt 0.230472 0.027925
vt 0.060472 0.027925
vt 0.060472 -0.027925
vt 0.000000 0.170000
vt 0.000000 0.000000
vt 0.340000 0.000000
vt 0.340000 0.130000
vt 0.300000 0.170000
vt -1.058324 0.563646
vt 0.729293 -0.084265
vt 0.691671 -0.019101
vt 0.704737 0.055000
vt 0.762378 0.103366
vt 0.837622 0.103366
vt 0.895263 0.055000
vt 0.908329 -0.019101
vt 0.870707 -0.084265
vt 0.897406 -0.326629
vt 0.954789 -0.020078
vt 0.897406 0.326629
vt 0.689335 0.660940
vt 0.594156 0.671937
vt 0.655792 0.628779
vt 0.675267 0.556098
vt 0.643467 0.487904
vt 0.575273 0.456104
vt 0.502592 0.475579
vt 0.459434 0.537215
vt 0.465992 0.612173
vt 0.110000 0.800000
vt 0.084265 0.729293
vt 0.019101 0.691671
vt -0.055000 0.704737
vt -0.103366 0.762378
vt -0.103366 0.837622
vt -0.055000 0.895263
vt 0.020078 0.954789
vt -0.487904 0.643467
vt -0.456104 0.575273
vt -0.475579 0.502592
vt -0.537215 0.459434
vt -0.704737 0.055000
vt -0.691671 -0.019101
vt -0.729293 -0.084265
vt -0.800000 -0.110000
vt -0.165834 -0.940491
vt -0.465992 -0.612173
vt -0.519197 -0.665379
vt -0.594156 -0.671937
vt -0.655792 -0.628779
vt -0.675267 -0.556098
vt -0.643467 -0.487904
vt -0.575273 -0.456104
vt -0.502592 -0.475579
vt -0.459434 -0.537215
vt -0.305000 -0.528275
vt -0.573212 -0.208632
vt -0.573212 0.208632
vt -0.305000 0.528275
vt 0.105925 0.600733
vt 0.467287 0.392100
vt 0.610000 0.000000
vt 0.467287 -0.392100
vt 0.537215 -0.459434
vt 0.612173 -0.465992
vt 0.800000 -0.110000
vt -0.022981 0.041452
vt -0.022981 -0.041452
vt 0.022981 -0.041452
vt 0.022981 0.041452
vt 0.347168 -0.322013
vt 0.347168 -0.250455
vt 0.079668 -0.250455
vt 0.079668 -0.322013
vt -0.021213 1.539380
vt -0.021213 1.197296
vt 0.021213 1.197296
vt 0.021213 1.539380
vt -0.021213 -0.232129
vt -0.021213 -0.298451
vt 0.021213 -0.298451
vt 0.021213 -0.232129
vt -0.505000 -0.000000
vt -0.386852 0.324608
vt -0.573212 0.208632
vt -0.573212 -0.208632
vt -0.386852 -0.324608
vt -0.022981 0.041452
vt -0.022981 -0.041452
vt 0.022981 -0.041452
vt 0.022981 0.041452
vt -0.021213 -0.099484
vt -0.021213 -0.165806
vt 0.021213 -0.165806
vt 0.021213 -0.099484
vt -0.022981 0.207258
vt -0.022981 0.124355
vt 0.022981 0.124355
vt 0.022981 0.207258
vt -0.022981 -0.248709
vt 0.022981 -0.248709
vt 0.022981 -0.165806
vt -0.022981 -0.165806
vt 0.022981 0.248709
vt -0.022981 0.248709
vt 0.347168 0.178896
vt 0.079668 0.178896
vt 0.130000 -1.160644
vt 0.010000 -1.326450
vt 0.130000 -1.492257
vt 0.130000 1.492257
vt 0.010000 1.658063
vt 0.010000 1.326450
vt 0.130000 1.160644
vt 0.010000 0.994838
vt 0.130000 0.829031
vt 0.010000 0.663225
vt 0.130000 0.497419
vt 0.010000 0.331613
vt 0.130000 0.165806
vt 0.010000 0.000000
vt 0.130000 -0.165806
vt 0.010000 -0.331613
vt 0.130000 -0.497419
vt 0.010000 -0.663225
vt 0.130000 -0.829031
vt 0.010000 -0.994838
vt -0.021213 -0.099484
vt 0.021213 -0.099484
vt -0.021213 0.099484
vt -0.021213 0.033161
vt 0.021213 0.033161
vt 0.021213 0.099484
vt -0.021213 0.165806
vt -0.021213 0.099484
vt 0.021213 0.099484
vt 0.021213 0.165806
vt -0.022981 -0.124355
vt -0.022981 -0.207258
vt 0.022981 -0.207258
vt 0.022981 -0.124355
vt 0.714668 0.107338
vt 0.097168 0.107338
vt 0.924668 0.322013
vt 0.107168 0.322013
vt 0.347168 0.250455
vt 0.347168 0.322013
vt 0.079668 0.322013
vt 0.079668 0.250455
vt -0.869282 -0.040000
vt -0.827362 -0.075175
vt -0.772638 -0.075175
vt -0.730718 -0.040000
vt -0.721215 0.013892
vt -0.748577 0.061284
vt -0.800000 0.080000
vt -0.851423 0.061284
vt -0.878785 0.013892
vt -0.280000 -0.335103
vt 0.000000 -0.335103
vt 0.000000 -0.167552
vt -0.280000 -0.167552
vt -0.021213 0.165806
vt 0.021213 0.165806
vt 0.347168 -0.035779
vt 0.347168 0.035779
vt 0.079668 0.035779
vt 0.079668 -0.035779
vt -0.000000 0.549779
vt -0.000000 0.706858
vt -0.235000 0.706858
vt -0.235000 0.549779
vt -0.435000 2.382374
vt -0.255000 2.382374
vt -0.021213 -0.099484
vt 0.021213 -0.099484
vt 0.714668 -0.322013
vt 0.714668 -0.250455
vt 0.097168 -0.250455
vt 0.097168 -0.322013
vt -0.399668 0.214675
vt -0.132168 0.214675
vt -0.132168 0.286234
vt -0.399668 0.286234
vt 0.714668 0.107338
vt 0.097168 0.107338
vt -0.021213 0.066323
vt 0.021213 0.066323
vt 0.021213 0.132645
vt -0.021213 0.132645
vt -0.021213 0.165806
vt 0.021213 0.165806
vt -0.022981 -0.207258
vt 0.022981 -0.207258
vt -0.021213 -0.165806
vt 0.021213 -0.165806
vt -0.022981 0.373064
vt 0.022981 0.373064
vt -0.347168 -0.178896
vt -0.347168 -0.250455
vt -0.079668 -0.250455
vt -0.079668 -0.178896
vt 0.347168 0.214675
vt 0.079668 0.214675
vt 0.079668 0.143117
vt 0.347168 0.143117
vt -0.022981 -0.124355
vt 0.022981 -0.124355
vt -0.021213 -0.099484
vt 0.021213 -0.099484
vt -0.022981 -0.290161
vt -0.022981 -0.373064
vt 0.022981 -0.373064
vt 0.022981 -0.290161
vt -0.021213 -0.099484
vt -0.021213 -0.165806
vt 0.021213 -0.165806
vt 0.021213 -0.099484
vt -0.021213 -0.033161
vt 0.021213 -0.033161
vt 0.022981 0.248709
vt -0.022981 0.248709
vt -0.021213 -0.165806
vt 0.021213 -0.165806
vt -0.021213 -0.232129
vt 0.021213 -0.232129
vt -0.347168 -0.286234
vt -0.079668 -0.286234
vt -0.022981 0.373064
vt -0.022981 0.290161
vt 0.022981 0.290161
vt 0.022981 0.373064
vt -0.021213 -0.033161
vt 0.021213 -0.033161
vt -0.021213 0.165806
vt -0.021213 0.099484
vt 0.021213 0.099484
vt 0.021213 0.165806
vt 0.347168 0.143117
vt 0.079668 0.143117
vt 0.079668 0.071558
vt 0.347168 0.071558
vt -0.280000 0.167552
vt 0.000000 0.167552
vt 0.000000 0.335103
vt -0.280000 0.335103
vt 0.230472 -0.251327
vt 0.230472 -0.195477
vt 0.060472 -0.195477
vt 0.060472 -0.251327
vt -0.021213 -0.132645
vt 0.021213 -0.132645
vt 0.021213 -0.066323
vt -0.021213 -0.066323
vt -0.014142 3.031637
vt -0.014142 2.357940
vt 0.014142 2.357940
vt 0.014142 3.031637
vt -0.021213 -0.033161
vt -0.021213 -0.099484
vt 0.021213 -0.099484
vt 0.021213 -0.033161
vt -0.021213 0.232129
vt 0.021213 0.232129
vt -0.110000 -0.800000
vt 0.055000 -0.895263
vt -0.019101 -0.908329
vt -0.084265 -0.870707
vt -1.220000 -3.407846
vt -1.058324 -3.436354
vt -1.165000 -3.312583
vt -1.222160 -3.244463
vt -1.222160 -3.155537
vt -1.325526 -3.117915
vt -1.325526 -3.282085
vt 0.230472 -0.251327
vt 0.230472 -0.195477
vt 0.060472 -0.195477
vt 0.060472 -0.251327
vt 0.230472 -0.083776
vt 0.060472 -0.083776
vt -0.021213 -0.033161
vt 0.021213 -0.033161
vt -0.021213 -0.165806
vt 0.021213 -0.165806
vt -0.700000 0.363028
vt -0.280000 0.363028
vt -0.280000 0.453786
vt -0.700000 0.453786
vt -1.300000 -0.850000
vt -0.000000 -0.850000
vt -0.000000 -0.360000
vt -1.080000 -0.360000
vt -1.080000 0.000000
vt -1.300000 0.000000
vt -0.750000 2.320000
vt -0.750000 1.100000
vt -1.040000 0.810000
vt -0.000000 0.810000
vt -0.000000 2.610000
vt -1.040000 2.610000
vt 0.230472 0.139626
vt 0.060472 0.139626
vt -0.000000 -0.850000
vt -0.000000 0.000000
vt -0.220000 0.000000
vt -0.220000 -0.360000
vt -1.300000 -0.360000
vt -1.300000 -0.850000
vt -0.280000 -0.670206
vt 0.000000 -0.670206
vt 0.000000 -0.502655
vt -0.280000 -0.502655
vt -0.021213 0.033161
vt 0.021213 0.033161
vt -0.435000 -0.340339
vt -0.255000 -0.340339
vt -0.021213 -0.033161
vt 0.021213 -0.033161
vt -0.022981 0.373064
vt -0.022981 0.290161
vt 0.022981 0.290161
vt 0.022981 0.373064
vt 0.230472 0.083776
vt 0.230472 0.139626
vt 0.060472 0.139626
vt 0.060472 0.083776
vt -0.280000 0.000000
vt 0.000000 0.000000
vt 0.051250 -0.088768
vt 0.096318 -0.035057
vt 0.096318 0.035057
vt 0.051250 0.088768
vt -0.017799 0.100943
vt -0.078520 0.065886
vt -0.102500 0.000000
vt -0.078520 -0.065886
vt -0.017799 -0.100943
vt -0.022981 0.124355
vt -0.022981 0.041452
vt 0.022981 0.041452
vt 0.022981 0.124355
vt 1.678520 -0.065886
vt 1.702500 0.000000
vt 1.678520 0.065886
vt 1.617799 0.100943
vt 1.548750 0.088768
vt 1.503682 0.035057
vt 1.503682 -0.035057
vt 1.548750 -0.088768
vt 1.617799 -0.100943
vt -0.280000 0.670206
vt 0.000000 0.670206
vt 0.000000 0.837758
vt -0.280000 0.837758
vt -0.280000 -0.181514
vt -0.700000 -0.181514
vt -0.022981 0.290161
vt 0.022981 0.331613
vt -0.022981 0.373064
vt -0.022981 -0.373064
vt 0.022981 -0.414516
vt 0.022981 -0.331613
vt -0.022981 -0.290161
vt 0.022981 -0.248709
vt -0.022981 -0.207258
vt 0.022981 -0.165806
vt -0.022981 -0.124355
vt 0.022981 -0.082903
vt -0.022981 -0.041452
vt 0.022981 0.000000
vt -0.022981 0.041452
vt 0.022981 0.082903
vt -0.022981 0.124355
vt 0.022981 0.165806
vt -0.022981 0.207258
vt 0.022981 0.248709
vt 0.748443 0.967051
vt 1.425000 0.040000
vt 1.425000 0.850000
vt 3.021584 1.186776
vt 3.101557 1.232949
vt 3.057500 2.183087
vt 0.748443 2.167051
vt 0.657500 2.183087
vt 0.657500 1.216913
vt 0.748443 1.232949
vt 0.828416 1.186776
vt 0.860000 1.100000
vt 0.828416 1.013224
vt -0.021213 0.099484
vt -0.021213 0.033161
vt 0.021213 0.033161
vt 0.021213 0.099484
vt -0.021213 -0.265290
vt 0.021213 -0.265290
vt 0.021213 -0.198968
vt -0.021213 -0.198968
vt 0.014142 1.010546
vt -0.014142 1.010546
vt 0.014142 0.778199
vt -0.014142 0.336849
vt 0.014142 0.336849
vt 0.014142 0.020290
vt -0.014142 -0.336849
vt 0.014142 -0.336849
vt 0.014142 -0.737619
vt -0.014142 -1.010546
vt 0.014142 -1.010546
vt 0.014142 -1.495528
vt -0.014142 -0.680678
vt 0.014142 -0.680678
vt -0.660940 0.689335
vt -0.628779 0.655792
vt -0.556098 0.675267
vt -0.487904 0.643467
vt -0.456104 0.575273
vt -0.103366 0.762378
vt -0.103366 0.837622
vt -0.477500 0.827054
vt 0.714668 0.250455
vt 0.714668 0.322013
vt 0.097168 0.322013
vt 0.097168 0.250455
vt -0.347168 0.143117
vt -0.079668 0.143117
vt -0.079668 0.214675
vt -0.347168 0.214675
vt -0.635057 -2.703682
vt -0.688768 -2.748750
vt -0.700943 -2.817799
vt -0.665886 -2.878520
vt -0.600000 -2.902500
vt -0.534114 -2.878520
vt -0.499057 -2.817799
vt -0.511232 -2.748750
vt -0.564943 -2.703682
vt 0.671937 -0.594156
vt 0.628779 -0.655792
vt 0.731572 -0.613862
vt 0.955000 -0.000000
vt 0.731572 0.613862
vt 0.870707 0.084265
vt 0.908329 0.019101
vt 0.895263 -0.055000
vt 0.837622 -0.103366
vt 0.762378 -0.103366
vt 0.704737 -0.055000
vt 0.691671 0.019101
vt 0.400000 -0.000000
vt 0.306418 -0.257115
vt 0.069459 -0.393923
vt -0.200000 -0.346410
vt -0.375877 -0.136808
vt -0.502592 -0.475579
vt -0.459434 -0.537215
vt -0.019101 -0.691671
vt 0.055000 -0.704737
vt 0.475579 -0.502592
vt 0.537215 -0.459434
vt 0.612173 -0.465992
vt 0.665379 -0.519197
vt 0.594156 0.671937
vt 0.655792 0.628779
vt 0.675267 0.556098
vt 0.643467 0.487904
vt 0.575273 0.456104
vt 0.502592 0.475579
vt 0.459434 0.537215
vt 0.465992 0.612173
vt 0.519197 0.665379
vt 0.165834 0.940491
vt -0.055000 0.895263
vt 0.019101 0.908329
vt 0.084265 0.870707
vt 0.110000 0.800000
vt 0.084265 0.729293
vt 0.019101 0.691671
vt -0.055000 0.704737
vt -0.475579 0.502592
vt -0.537215 0.459434
vt -0.612173 0.465992
vt -0.665379 0.519197
vt -0.671937 0.594156
vt -0.897406 0.326629
vt -0.954789 0.020078
vt -0.837622 -0.103366
vt -0.895263 -0.055000
vt -0.908329 0.019101
vt -0.870707 0.084265
vt -0.800000 0.110000
vt -0.729293 0.084265
vt -0.691671 0.019101
vt -0.375877 0.136808
vt -0.200000 0.346410
vt 0.069459 0.393923
vt 0.306418 0.257115
vt 0.729293 0.084265
vt 0.800000 0.110000
vt 0.557500 0.983087
vt 0.498141 1.053827
vt 0.498141 1.146173
vt 0.498141 2.253827
vt 0.498141 2.346173
vt 0.557500 2.416913
vt 0.648443 2.432949
vt 0.728416 2.386776
vt 0.200000 3.360000
vt 0.200000 0.040000
vt 2.650000 0.040000
vt 2.650000 3.360000
vt 2.360000 1.100000
vt 2.328416 1.013224
vt 2.248443 0.967051
vt 2.157500 0.983087
vt 2.098141 1.053827
vt 2.098141 1.146173
vt 2.157500 1.216913
vt 2.248443 1.232949
vt 2.328416 1.186776
vt 2.292500 2.183087
vt 2.201557 2.167051
vt 2.121584 2.213224
vt 0.728416 1.186776
vt 0.760000 1.100000
vt 0.728416 1.013224
vt 0.648443 0.967051
vt -0.280000 0.000000
vt -0.700000 0.000000
vt -0.900000 -0.181514
vt -0.280000 -0.181514
vt 0.230472 0.167552
vt 0.060472 0.167552
vt -0.642959 0.586391
vt -0.638190 0.531876
vt -0.599495 0.493181
vt -0.544980 0.488411
vt -0.500153 0.519799
vt -0.485990 0.572658
vt -0.509117 0.622254
vt -0.558713 0.645381
vt -0.611572 0.631218
vt -0.021213 0.099484
vt 0.021213 0.099484
vt -0.022981 -0.248709
vt 0.022981 -0.248709
vt 0.772638 0.075175
vt 0.730718 0.040000
vt 0.721215 -0.013892
vt 0.748577 -0.061284
vt 0.800000 -0.080000
vt 0.851423 -0.061284
vt 0.878785 -0.013892
vt 0.869282 0.040000
vt 0.827362 0.075175
vt 0.714668 -0.035779
vt 0.714668 0.035779
vt 0.097168 0.035779
vt 0.097168 -0.035779
vt -0.014142 1.684243
vt 0.014142 1.684243
vt 0.065986 -0.374227
vt 0.076955 -0.211431
vt 0.714668 -0.178896
vt 0.714668 -0.107338
vt 0.097168 -0.107338
vt 0.097168 -0.178896
vt 0.924668 -0.322013
vt 0.924668 -0.250455
vt 0.107168 -0.250455
vt 0.107168 -0.322013
vt 0.230472 0.027925
vt 0.230472 0.083776
vt 0.060472 0.083776
vt 0.060472 0.027925
vt 0.347168 0.071558
vt 0.079668 0.071558
vt 0.347168 0.035779
vt 0.347168 0.107338
vt 0.079668 0.107338
vt 0.079668 0.035779
vt 0.230472 0.139626
vt 0.060472 0.139626
vt -0.022981 0.207258
vt -0.022981 0.124355
vt 0.022981 0.124355
vt 0.022981 0.207258
vt 0.230472 0.083776
vt 0.060472 0.083776
vt -0.010607 -0.265726
vt 0.010607 -0.265726
vt -0.022981 0.207258
vt -0.022981 0.124355
vt 0.022981 0.124355
vt 0.022981 0.207258
vt -0.280000 -0.670206
vt 0.000000 -0.670206
vt 0.000000 -0.502655
vt -0.280000 -0.502655
vt -0.021213 0.232129
vt 0.021213 0.232129
vt -0.021213 0.171042
vt 0.021213 0.171042
vt -0.021213 0.198968
vt 0.021213 0.198968
vt 0.021213 0.265290
vt -0.021213 0.265290
vt -0.021213 -0.165806
vt 0.021213 -0.165806
vt -0.022981 -0.207258
vt 0.022981 -0.207258
vt 0.230472 -0.139626
vt 0.230472 -0.083776
vt 0.060472 -0.083776
vt 0.060472 -0.139626
vt 0.230472 -0.055851
vt 0.060472 -0.055851
vt 0.060472 -0.111701
vt 0.230472 -0.111701
vt 0.028284 -0.141421
vt 0.028284 0.141421
vt -0.028284 0.124853
vt -0.028284 -0.124853
vt -0.851423 0.061284
vt -0.878785 0.013892
vt -0.869282 -0.040000
vt -0.827362 -0.075175
vt -0.772638 -0.075175
vt -0.730718 -0.040000
vt -0.721215 0.013892
vt -0.748577 0.061284
vt -0.800000 0.080000
vt -0.010607 0.341648
vt 0.010607 0.341648
vt 0.714668 -0.322013
vt 0.714668 -0.250455
vt 0.097168 -0.250455
vt 0.097168 -0.322013
vt 0.851423 -0.061284
vt 0.878785 -0.013892
vt 0.869282 0.040000
vt 0.827362 0.075175
vt 0.772638 0.075175
vt 0.730718 0.040000
vt 0.721215 -0.013892
vt 0.748577 -0.061284
vt 0.800000 -0.080000
vt -0.900000 -0.363028
vt -0.280000 -0.363028
vt -0.280000 -0.272271
vt -0.900000 -0.272271
vt -0.021213 -0.232129
vt -0.021213 -0.298451
vt 0.021213 -0.298451
vt 0.021213 -0.232129
vt -0.900000 0.272271
vt -0.280000 0.272271
vt -0.280000 0.363028
vt -0.900000 0.363028
vt -0.022981 0.373064
vt -0.022981 0.290161
vt 0.022981 0.290161
vt 0.022981 0.373064
vt -0.021213 -0.298451
vt 0.021213 -0.298451
vt -0.021213 0.099484
vt 0.021213 0.099484
vt -0.900000 0.272271
vt -0.280000 0.272271
vt -0.280000 0.363028
vt -0.900000 0.363028
vt 0.022981 0.414516
vt -0.022981 0.414516
vt 0.230472 -0.139626
vt 0.060472 -0.139626
vt -0.022981 0.207258
vt 0.022981 0.207258
vt -0.022981 0.207258
vt -0.022981 0.124355
vt 0.022981 0.124355
vt 0.022981 0.207258
vt -0.022981 -0.207258
vt 0.022981 -0.207258
vt -0.022981 0.290161
vt 0.022981 0.290161
vt -0.021213 -0.298451
vt 0.021213 -0.298451
vt -0.435000 -2.382374
vt -0.255000 -2.382374
vt 0.230472 -0.139626
vt 0.230472 -0.083776
vt 0.060472 -0.083776
vt 0.060472 -0.139626
vt -0.021213 0.165806
vt -0.021213 0.099484
vt 0.021213 0.099484
vt 0.021213 0.165806
vt -0.021213 -0.033161
vt 0.021213 -0.033161
vt -0.021213 0.132645
vt 0.021213 0.132645
vt 0.040000 0.730718
vt 0.075175 0.772638
vt 0.075175 0.827362
vt 0.040000 0.869282
vt -0.013892 0.878785
vt -0.061284 0.851423
vt -0.080000 0.800000
vt -0.061284 0.748577
vt -0.013892 0.721215
vt 0.347168 -0.107338
vt 0.347168 -0.035779
vt 0.079668 -0.035779
vt 0.079668 -0.107338
vt -0.022981 0.290161
vt 0.022981 0.290161
vt -0.021213 0.066323
vt 0.021213 0.066323
vt -0.014142 -3.031637
vt 0.014142 -3.031637
vt -0.021213 0.033161
vt 0.021213 0.033161
vt -0.021213 -0.165806
vt 0.021213 -0.165806
vt -0.700000 -0.363028
vt -0.280000 -0.363028
vt -0.280000 -0.272271
vt -0.700000 -0.272271
vt 0.230472 0.083776
vt 0.060472 0.083776
vt 0.230472 0.195477
vt 0.230472 0.251327
vt 0.060472 0.251327
vt 0.060472 0.195477
vt 0.230472 0.139626
vt 0.060472 0.139626
vt 0.924668 0.035779
vt 0.924668 0.107338
vt 0.107168 0.107338
vt 0.107168 0.035779
vt -0.021213 -0.232129
vt 0.021213 -0.232129
vt -0.022981 -0.124355
vt -0.022981 -0.207258
vt 0.022981 -0.207258
vt 0.022981 -0.124355
vt -0.022981 -0.124355
vt -0.022981 -0.207258
vt 0.022981 -0.207258
vt 0.022981 -0.124355
vt -0.022981 -0.207258
vt 0.022981 -0.207258
vt -0.021213 0.232129
vt 0.021213 0.232129
vt 0.230472 -0.251327
vt 0.230472 -0.195477
vt 0.060472 -0.195477
vt 0.060472 -0.251327
vt 0.099586 0.083562
vt 0.130000 0.000000
vt 0.099586 -0.083562
vt 0.022574 -0.128025
vt 0.023443 -0.132949
vt 0.103416 -0.086776
vt 0.135000 0.000000
vt 0.103416 0.086776
vt 0.023443 0.132949
vt -0.067500 0.116913
vt -0.065000 0.112583
vt 0.022574 0.128025
vt -0.700000 0.181514
vt -0.280000 0.181514
vt -0.280000 0.272271
vt -0.700000 0.272271
vt -0.021213 0.298451
vt -0.021213 0.232129
vt 0.021213 0.232129
vt 0.021213 0.298451
vt -0.021213 0.099484
vt 0.021213 0.099484
vt -0.022981 -0.041452
vt 0.022981 -0.041452
vt 0.230472 0.139626
vt 0.060472 0.139626
vt -0.021213 0.099484
vt 0.021213 0.099484
vt -0.022981 0.373064
vt -0.022981 0.290161
vt 0.022981 0.290161
vt 0.022981 0.373064
vt 0.021213 0.000000
vt -0.021213 0.000000
vt 0.347168 -0.250455
vt 0.079668 -0.250455
vt -0.280000 0.335103
vt 0.000000 0.335103
vt 0.000000 0.502655
vt -0.280000 0.502655
vt -0.079668 -0.000000
vt -0.347168 -0.000000
vt 0.977840 -3.244463
vt 0.977840 -3.155537
vt 0.531876 0.638190
vt 0.493181 0.599495
vt 0.488411 0.544980
vt 0.519799 0.500153
vt 0.572658 0.485990
vt 0.622254 0.509117
vt 0.645381 0.558713
vt 0.631218 0.611572
vt 0.586391 0.642959
vt 0.230472 0.083776
vt 0.230472 0.139626
vt 0.060472 0.139626
vt 0.060472 0.083776
vt 0.347168 -0.178896
vt 0.079668 -0.178896
vt 0.028284 -0.862500
vt 0.028284 0.862500
vt -0.028284 0.845931
vt -0.028284 -0.862500
vt -0.022981 0.373064
vt -0.022981 0.290161
vt 0.022981 0.290161
vt 0.022981 0.373064
vt 0.924668 0.107338
vt 0.924668 0.178896
vt 0.107168 0.178896
vt 0.107168 0.107338
vt -0.022981 0.041452
vt -0.022981 -0.041452
vt 0.022981 -0.041452
vt 0.022981 0.041452
vt 0.230472 0.083776
vt 0.060472 0.083776
vt -0.280000 0.090757
vt -0.700000 0.090757
vt -0.700000 0.000000
vt -0.280000 0.000000
vt -0.347168 0.143117
vt -0.079668 0.143117
vt -0.079668 0.214675
vt -0.347168 0.214675
vt -0.347168 0.322013
vt -0.347168 0.250455
vt -0.079668 0.250455
vt -0.079668 0.322013
vt 0.150000 -0.471239
vt 0.150000 -0.366519
vt -0.150000 -0.366519
vt -0.150000 -0.471239
vt 0.150000 0.052360
vt 0.150000 0.157080
vt -0.150000 0.157080
vt -0.150000 0.052360
vt 0.230472 0.027925
vt 0.060472 0.027925
vt 0.347168 0.178896
vt 0.079668 0.178896
vt -0.850000 3.135000
vt -0.850000 2.650000
vt -0.360000 2.650000
vt -0.320000 2.610000
vt -0.320000 0.810000
vt -0.360000 0.770000
vt -0.850000 0.770000
vt -0.850000 0.285000
vt -0.040000 0.285000
vt -0.000000 0.325000
vt -0.000000 1.145000
vt -0.100000 1.145000
vt -0.100000 1.152663
vt -0.200000 1.152663
vt -0.200000 2.267337
vt -0.100000 2.267337
vt -0.100000 2.275000
vt -0.000000 2.275000
vt -0.000000 3.095000
vt -0.040000 3.135000
vt 0.000000 0.000000
vt -0.280000 0.000000
vt 0.714668 0.178896
vt 0.097168 0.178896
vt 0.714668 0.107338
vt 0.714668 0.178896
vt 0.097168 0.178896
vt 0.097168 0.107338
vt -0.021213 0.165806
vt 0.021213 0.165806
vt 0.230472 -0.083776
vt 0.230472 -0.027925
vt 0.060472 -0.027925
vt 0.060472 -0.083776
vt 0.079668 -0.143117
vt 0.347168 -0.143117
vt -0.189979 0.159411
vt -0.248000 0.000000
vt -0.189979 -0.159411
vt -0.150000 0.000000
vt -0.114907 0.096418
vt -0.026047 0.147721
vt 0.075000 0.129904
vt 0.140954 0.051303
vt 0.140954 -0.051303
vt 0.075000 -0.129904
vt -0.026047 -0.147721
vt -0.114907 -0.096418
vt -0.043065 -0.244232
vt 0.124000 -0.214774
vt 0.233044 -0.084821
vt 0.233044 0.084821
vt 0.124000 0.214774
vt -0.043065 0.244232
vt 0.714668 -0.322013
vt 0.714668 -0.250455
vt 0.097168 -0.250455
vt 0.097168 -0.322013
vt 0.399668 0.071558
vt 0.132168 0.071558
vt 0.132168 0.000000
vt 0.399668 0.000000
vt 0.714668 -0.178896
vt 0.097168 -0.178896
vt -0.126859 0.046173
vt -0.122160 0.044463
vt -1.325526 0.717915
vt -1.220000 0.592154
vt -1.165000 0.687417
vt -1.222160 0.755537
vt -1.222160 0.844463
vt -1.165000 0.912583
vt -1.077426 0.928025
vt -1.000414 0.883562
vt -0.970000 0.800000
vt -1.000414 0.716438
vt -1.077426 0.671975
vt -1.058324 0.563646
vt -0.916149 0.645731
vt -0.860000 0.800000
vt -0.916149 0.954269
vt -1.058324 1.036354
vt -1.220000 1.007846
vt -1.325526 0.882085
vt -0.021213 0.298451
vt 0.021213 0.298451
vt -0.280000 -0.167552
vt 0.000000 -0.167552
vt 0.000000 0.000000
vt -0.280000 0.000000
vt 0.230472 -0.195477
vt 0.060472 -0.195477
vt -0.079668 0.071558
vt -0.347168 0.071558
vt 0.230472 0.195477
vt 0.060472 0.195477
vt -0.900000 -0.090757
vt -0.280000 -0.090757
vt -0.280000 0.000000
vt -0.900000 0.000000
vt -0.022981 0.290161
vt 0.022981 0.290161
vt 0.132168 -0.071558
vt 0.399668 -0.071558
vt 0.022981 0.414516
vt -0.022981 0.414516
vt -0.022981 -0.373064
vt 0.022981 -0.373064
vt 0.511232 -2.851250
vt 0.564943 -2.896318
vt 0.635057 -2.896318
vt 0.688768 -2.851250
vt 0.700943 -2.782201
vt 0.665886 -2.721480
vt 0.600000 -2.697500
vt 0.534114 -2.721480
vt 0.499057 -2.782201
vt -0.235000 1.256637
vt -0.065000 1.256637
vt -0.022981 -0.331613
vt 0.022981 -0.331613
vt -0.280000 0.181514
vt -0.700000 0.181514
vt -0.700000 0.272271
vt -0.280000 0.272271
vt 0.347168 0.035779
vt 0.079668 0.035779
vt 0.150000 -0.052360
vt -0.150000 -0.052360
vt 0.924668 0.107338
vt 0.107168 0.107338
vt -0.021213 -0.298451
vt 0.021213 -0.298451
vt 0.230472 0.223402
vt 0.060472 0.223402
vt 0.519197 0.665379
vt 0.477500 0.827054
vt 0.019101 0.908329
vt 0.084265 0.870707
vt 0.230472 0.027925
vt 0.230472 0.083776
vt 0.060472 0.083776
vt 0.060472 0.027925
vt -0.280000 -0.335103
vt 0.000000 -0.335103
vt 0.000000 -0.167552
vt -0.280000 -0.167552
vt 0.230472 0.027925
vt 0.230472 0.083776
vt 0.060472 0.083776
vt 0.060472 0.027925
vt 0.924668 0.035779
vt 0.107168 0.035779
vt 0.399668 0.214675
vt 0.132168 0.214675
vt 0.132168 0.143117
vt 0.399668 0.143117
vt -0.000000 0.078540
vt -0.235000 0.078540
vt -0.022981 -0.290161
vt 0.022981 -0.290161
vt -0.280000 0.335103
vt 0.000000 0.335103
vt 0.230472 -0.083776
vt 0.230472 -0.027925
vt 0.060472 -0.027925
vt 0.060472 -0.083776
vt 0.060472 0.000000
vt 0.230472 0.000000
vt -0.022981 -0.331613
vt 0.022981 -0.331613
vt -0.347168 0.071558
vt -0.079668 0.071558
vt 0.347168 0.286234
vt 0.079668 0.286234
vt 0.028284 -0.141421
vt 0.028284 0.141421
vt -0.028284 0.124853
vt -0.028284 -0.124853
vt -0.333470 -0.916200
vt -0.844375 -0.487500
vt -1.058324 0.563646
vt -1.123443 -0.667051
vt -1.032500 -0.683087
vt -0.973141 -0.753827
vt -0.973141 -0.846173
vt -1.032500 -0.916913
vt -1.123443 -0.932949
vt -1.203416 -0.886776
vt -1.220000 -3.407846
vt -1.325526 -3.282085
vt -1.325526 -3.117915
vt -1.220000 -2.992154
vt -1.058324 -2.963646
vt -0.916149 -3.045731
vt -0.347168 0.214675
vt -0.079668 0.214675
vt 0.230472 0.139626
vt 0.060472 0.139626
vt -0.022981 0.373064
vt 0.022981 0.373064
vt 0.347168 -0.143117
vt 0.079668 -0.143117
vt 0.079668 -0.214675
vt 0.347168 -0.214675
vt -0.022981 0.373064
vt 0.022981 0.373064
vt 0.230472 0.027925
vt 0.060472 0.027925
vt -0.022981 0.041452
vt 0.022981 0.041452
vt 0.924668 -0.178896
vt 0.107168 -0.178896
vt -0.028284 -0.420931
vt 0.028284 -0.437500
vt 0.028284 0.437500
vt -0.028284 0.437500
vt -0.021213 -0.298451
vt 0.021213 -0.298451
vt 0.230472 -0.027925
vt 0.060472 -0.027925
vt -0.700000 -0.363028
vt -0.280000 -0.363028
vt -0.347168 0.286234
vt -0.079668 0.286234
vt -0.079668 0.357792
vt -0.347168 0.357792
vt -0.022981 0.041452
vt 0.022981 0.041452
vt -0.021213 0.033161
vt 0.021213 0.033161
vt 0.347168 0.107338
vt 0.079668 0.107338
vt 0.714668 0.250455
vt 0.714668 0.322013
vt 0.097168 0.322013
vt 0.097168 0.250455
vt 0.924668 0.322013
vt 0.107168 0.322013
vt 0.347168 -0.322013
vt 0.347168 -0.250455
vt 0.079668 -0.250455
vt 0.079668 -0.322013
vt -0.280000 0.670206
vt 0.000000 0.670206
vt 0.000000 0.837758
vt -0.280000 0.837758
vt 0.347168 -0.178896
vt 0.079668 -0.178896
vt -0.700000 0.090757
vt -0.280000 0.090757
vt -0.280000 0.502655
vt 0.000000 0.502655
vt -0.021213 0.099484
vt -0.021213 0.033161
vt 0.021213 0.033161
vt 0.021213 0.099484
vt -0.347168 -0.286234
vt -0.079668 -0.286234
vt -0.079668 -0.214675
vt -0.347168 -0.214675
vt 0.347168 0.107338
vt 0.079668 0.107338
vt 0.000000 0.335103
vt -0.280000 0.335103
vt -0.280000 0.090757
vt -0.900000 0.090757
vt 0.230472 0.000000
vt 0.060472 0.000000
vt 0.230472 -0.083776
vt 0.230472 -0.027925
vt 0.060472 -0.027925
vt 0.060472 -0.083776
vt -0.036466 0.206810
vt -0.160869 0.134985
vt -0.210000 0.000000
vt -0.160869 -0.134985
vt -0.036466 -0.206810
vt 0.105000 -0.181865
vt 0.197335 -0.071824
vt 0.197335 0.071824
vt 0.105000 0.181865
vt 0.230472 -0.027925
vt 0.060472 -0.027925
vt 0.230472 0.083776
vt 0.060472 0.083776
vt 0.230472 -0.139626
vt 0.060472 -0.139626
vt 0.347168 -0.322013
vt 0.079668 -0.322013
vt 0.230472 -0.083776
vt 0.230472 -0.027925
vt 0.060472 -0.027925
vt 0.060472 -0.083776
vt -0.700000 -0.350000
vt -0.000000 -0.350000
vt -0.000000 -0.000000
vt -0.110000 0.000000
vt -0.110000 -0.200000
vt -0.590000 -0.200000
vt -0.590000 0.000000
vt -0.700000 0.000000
vt 0.210000 0.000000
vt 0.160000 0.000000
vt -0.280000 0.453786
vt -0.900000 0.453786
vt 0.230472 -0.251327
vt 0.060472 -0.251327
vt -0.028284 0.124853
vt -0.028284 -0.124853
vt 0.028284 -0.141421
vt 0.028284 0.141421
vt 0.714668 -0.107338
vt 0.097168 -0.107338
vt -0.940000 -2.100000
vt -0.940000 -0.800000
vt -1.425000 -0.800000
vt -1.425000 -2.100000
vt -0.280000 -0.181514
vt -0.900000 -0.181514
vt 0.022981 -0.082903
vt -0.022981 -0.082903
vt 0.347168 -0.322013
vt 0.079668 -0.322013
vt -0.087692 -0.497328
vt -0.305000 -0.528275
vt 0.105925 -0.600733
vt 0.467287 -0.392100
vt 0.610000 0.000000
vt 0.467287 0.392100
vt 0.105925 0.600733
vt -0.305000 0.528275
vt -0.087692 0.497328
vt 0.252500 0.437343
vt 0.474545 0.172720
vt 0.474545 -0.172720
vt 0.252500 -0.437343
vt 0.648443 2.167051
vt 0.557500 2.183087
vt 0.557500 1.216913
vt 0.648443 1.232949
vt 2.090000 2.300000
vt 2.121584 2.386776
vt 2.201557 2.432949
vt 2.292500 2.416913
vt 2.351859 2.346173
vt 2.351859 2.253827
vt 0.760000 2.300000
vt 0.728416 2.213224
vt 0.021213 0.331613
vt -0.021213 0.331613
vt -0.280000 0.453786
vt -0.900000 0.453786
vt 0.022981 0.331613
vt -0.022981 0.331613
vt -0.022981 0.290161
vt 0.022981 0.290161
vt -0.280000 -0.502655
vt 0.000000 -0.502655
vt -0.000000 -0.335103
vt -0.280000 -0.335103
vt 0.230472 0.251327
vt 0.060472 0.251327
vt -0.435000 -3.063053
vt -0.255000 -3.063053
vt -0.022981 0.290161
vt 0.022981 0.290161
vt 0.230472 0.027925
vt 0.060472 0.027925
vt -0.280000 -0.167552
vt 0.000000 -0.167552
vt -0.000000 -0.078540
vt -0.235000 -0.078540
vt -0.280000 0.167552
vt 0.000000 0.167552
vt -0.010607 0.189805
vt 0.010607 0.189805
vt 0.230472 0.251327
vt 0.060472 0.251327
vt 0.714668 -0.178896
vt 0.097168 -0.178896
vt 1.141676 1.036354
vt -0.700000 0.272271
vt -0.280000 0.272271
vt 1.122574 0.928025
vt 1.199586 0.883562
vt 1.230000 0.800000
vt 1.199586 0.716438
vt 1.122574 0.671975
vt 1.141676 0.563646
vt 1.283851 0.645731
vt 1.340000 0.800000
vt 1.283851 0.954269
vt 1.141676 1.036354
vt 0.980000 1.007846
vt 0.874474 0.882085
vt 0.874474 0.717915
vt 0.980000 0.592154
vt 1.035000 0.687417
vt 0.977840 0.755537
vt 0.977840 0.844463
vt 1.035000 0.912583
vt -0.022981 -0.290161
vt -0.022981 -0.373064
vt 0.022981 -0.373064
vt 0.022981 -0.290161
vt -0.280000 -0.090757
vt -0.700000 -0.090757
vt 0.565000 -0.794607
vt 0.557337 -0.800000
vt 0.565000 -0.800000
vt 0.079668 -0.357792
vt 0.347168 -0.357792
vt -0.280000 -0.502655
vt 0.000000 -0.502655
vt -0.399668 0.143117
vt -0.132168 0.143117
vt 0.000000 0.167552
vt -0.280000 0.167552
vt -0.280000 0.000000
vt 0.000000 0.000000
vt -0.000000 -0.167552
vt -0.280000 -0.167552
vt 0.230472 -0.027925
vt 0.230472 0.027925
vt 0.060472 0.027925
vt 0.060472 -0.027925
vt 0.347168 0.107338
vt 0.079668 0.107338
vt 0.079668 -0.214675
vt 0.347168 -0.214675
vt -0.347168 -0.286234
vt -0.079668 -0.286234
vt 0.556098 -0.675267
vt 0.487904 -0.643467
vt 0.456104 -0.575273
vt 0.475579 -0.502592
vt 0.105925 -0.600733
vt -0.084265 -0.729293
vt -0.019101 -0.691671
vt 0.055000 -0.704737
vt 0.103366 -0.762378
vt 0.103366 -0.837622
vt 0.477500 -0.827054
vt 0.660940 -0.689335
vt 0.665379 -0.519197
vt 0.671937 -0.594156
vt 0.628779 -0.655792
vt -0.280000 -0.335103
vt 0.000000 -0.335103
vt -0.280000 -0.670206
vt 0.000000 -0.670206
vt -0.028284 0.340000
vt -0.028284 -0.340000
vt 0.028284 -0.340000
vt 0.028284 0.340000
vt -0.079668 -0.071558
vt -0.347168 -0.071558
vt 0.022981 0.082903
vt -0.022981 0.082903
vt -0.022981 -0.000000
vt 0.022981 0.000000
vt 2.650000 0.040000
vt 2.292500 2.183087
vt 2.201557 2.167051
vt 2.121584 2.213224
vt 0.751859 2.253827
vt 0.692500 2.183087
vt 0.601557 2.167051
vt 0.200000 0.040000
vt 1.075000 0.040000
vt 1.075000 0.350000
vt 1.775000 0.350000
vt 1.775000 0.040000
vt -0.022981 -0.041452
vt 0.022981 -0.041452
vt 0.150000 0.173137
vt -0.150000 0.173137
vt 0.347168 0.250455
vt 0.347168 0.322013
vt 0.079668 0.322013
vt 0.079668 0.250455
vt 0.714668 0.107338
vt 0.097168 0.107338
vt 0.924668 0.250455
vt 0.924668 0.322013
vt 0.107168 0.322013
vt 0.107168 0.250455
vt -0.150000 0.346273
vt 0.150000 0.346273
vt 0.000000 0.335103
vt -0.280000 0.335103
vt 0.347168 0.250455
vt 0.347168 0.322013
vt 0.079668 0.322013
vt 0.079668 0.250455
vt -0.021213 0.298451
vt 0.021213 0.298451
vt -1.220000 1.007846
vt -1.058324 1.036354
vt -1.208431 1.085000
vt -1.385000 0.908431
vt -1.385000 -0.800000
vt -0.565000 -0.800000
vt -0.565000 -0.794607
vt -0.903994 -0.365267
vt -0.958418 0.179055
vt -0.916149 0.645731
vt -1.058324 0.563646
vt -1.220000 0.592154
vt -1.325526 0.717915
vt -1.325526 0.882085
vt -0.022981 0.373064
vt 0.022981 0.373064
vt 0.347168 0.035779
vt 0.079668 0.035779
vt 0.924668 -0.322013
vt 0.107168 -0.322013
vt -0.065000 0.112583
vt -0.132168 0.357792
vt -0.399668 0.357792
vt 0.000000 0.167552
vt -0.280000 0.167552
vt -0.280000 0.000000
vt 0.000000 0.000000
vt 0.347168 0.322013
vt 0.079668 0.322013
vt -0.347168 0.178896
vt -0.347168 0.107338
vt -0.079668 0.107338
vt -0.079668 0.178896
vt 0.230472 0.195477
vt 0.060472 0.195477
vt -0.022981 -0.290161
vt -0.022981 -0.373064
vt 0.022981 -0.373064
vt 0.022981 -0.290161
vt 0.230472 0.251327
vt 0.060472 0.251327
vt -0.021213 -0.298451
vt 0.021213 -0.298451
vt -0.180000 -0.350000
vt -0.000000 -0.350000
vt -0.000000 -0.040000
vt -0.040000 0.000000
vt -0.180000 0.000000
vt 0.499057 -0.417799
vt 0.534114 -0.478520
vt 0.600000 -0.502500
vt 0.665886 -0.478520
vt 0.700943 -0.417799
vt 0.688768 -0.348750
vt 0.635057 -0.303682
vt 0.564943 -0.303682
vt 0.511232 -0.348750
vt 0.347168 0.250455
vt 0.079668 0.250455
vt -0.347168 -0.286234
vt -0.079668 -0.286234
vt 0.230472 -0.139626
vt 0.230472 -0.083776
vt 0.060472 -0.083776
vt 0.060472 -0.139626
vt 0.000000 0.837758
vt -0.280000 0.837758
vt -0.399668 -0.286234
vt -0.132168 -0.286234
vt 0.924668 -0.107338
vt 0.107168 -0.107338
vt 0.079668 -0.286234
vt 0.347168 -0.286234
vt 0.230472 0.027925
vt 0.060472 0.027925
vt 0.499057 -0.417799
vt 0.534114 -0.478520
vt 0.600000 -0.502500
vt 0.665886 -0.478520
vt 0.700943 -0.417799
vt 0.688768 -0.348750
vt 0.635057 -0.303682
vt 0.564943 -0.303682
vt 0.511232 -0.348750
vt 0.924668 -0.035779
vt 0.924668 0.035779
vt 0.107168 0.035779
vt 0.107168 -0.035779
vt -0.022981 -0.331613
vt 0.022981 -0.331613
vt 0.230472 -0.139626
vt 0.060472 -0.139626
vt 0.347168 0.286234
vt 0.079668 0.286234
vt 0.230472 0.027925
vt 0.060472 0.027925
vt -0.021213 -0.298451
vt 0.021213 -0.298451
vt -0.022981 0.373064
vt 0.022981 0.373064
vt 0.230472 0.251327
vt 0.060472 0.251327
vt -0.021213 0.033161
vt 0.021213 0.033161
vt -0.021213 0.298451
vt 0.021213 0.298451
vt -0.233044 0.084821
vt -0.233044 -0.084821
vt -0.140954 -0.051303
vt -0.140954 0.051303
vt -0.075000 0.129904
vt 0.026047 0.147721
vt 0.114907 0.096418
vt 0.150000 0.000000
vt 0.114907 -0.096418
vt 0.189979 -0.159411
vt 0.248000 0.000000
vt 0.189979 0.159411
vt 0.043065 0.244232
vt -0.124000 0.214774
vt -0.021213 -0.232129
vt 0.021213 -0.232129
vt 0.079668 -0.357792
vt 0.347168 -0.357792
vt 0.347168 -0.107338
vt 0.079668 -0.107338
vt 0.347168 0.178896
vt 0.079668 0.178896
vt -0.021213 0.298451
vt 0.021213 0.298451
vt -0.021213 -0.298451
vt 0.021213 -0.298451
vt 0.230472 -0.139626
vt 0.230472 -0.083776
vt 0.060472 -0.083776
vt 0.060472 -0.139626
vt 0.022981 0.414516
vt -0.022981 0.414516
vt 0.347168 -0.178896
vt 0.079668 -0.178896
vt 0.230472 0.251327
vt 0.060472 0.251327
vt -0.347168 -0.000000
vt -0.079668 -0.000000
vt -0.233345 -0.160000
vt 0.233345 -0.160000
vt 0.233345 0.200000
vt 0.176777 0.160000
vt -0.233345 0.160000
vt 0.230472 -0.027925
vt 0.060472 -0.027925
vt -0.162460 0.446354
vt -0.411362 0.237500
vt -0.467784 -0.082483
vt -0.305324 -0.363871
vt -0.000000 -0.475000
vt 0.305324 -0.363871
vt 0.467784 -0.082483
vt 0.411362 0.237500
vt 0.162460 0.446354
vt -0.022981 -0.373064
vt 0.022981 -0.373064
vt 0.230472 -0.195477
vt 0.230472 -0.139626
vt 0.060472 -0.139626
vt 0.060472 -0.195477
vt -1.220000 -3.407846
vt -1.058324 -3.436354
vt -0.916149 -3.354269
vt -0.970000 -3.200000
vt -1.000414 -3.283562
vt -1.077426 -3.328025
vt -1.165000 -3.312583
vt -1.222160 -3.244463
vt -1.222160 -3.155537
vt -1.165000 -3.087417
vt -1.077426 -3.071975
vt -1.000414 -3.116438
vt -0.860000 -3.200000
vt -0.916149 -3.045731
vt -1.058324 -2.963646
vt -1.220000 -2.992154
vt -1.325526 -3.117915
vt -1.325526 -3.282085
vt -0.021213 -1.539380
vt 0.021213 -1.539380
vt -0.079668 0.286234
vt -0.347168 0.286234
vt -0.079668 0.357792
vt -0.347168 0.357792
vt 0.021213 0.331613
vt -0.021213 0.331613
vt 0.714668 0.178896
vt 0.097168 0.178896
vt 0.347168 0.322013
vt 0.079668 0.322013
vt -0.079668 0.071558
vt -0.347168 0.071558
vt 0.230472 -0.251327
vt 0.060472 -0.251327
vt -0.631218 -0.611572
vt -0.586391 -0.642959
vt -0.531876 -0.638190
vt -0.493181 -0.599495
vt -0.488411 -0.544980
vt -0.519799 -0.500153
vt -0.572658 -0.485990
vt -0.622254 -0.509117
vt -0.645381 -0.558713
vt 0.230472 0.083776
vt 0.060472 0.083776
vt -0.028284 -0.595931
vt 0.028284 -0.612500
vt 0.028284 0.612500
vt -0.028284 0.612500
vt -0.028284 1.208431
vt -0.028284 -1.208431
vt 0.028284 -1.225000
vt 0.028284 1.225000
vt -0.028284 -0.845931
vt 0.028284 -0.862500
vt 0.028284 0.862500
vt -0.028284 0.862500
vt 1.765000 0.040000
vt 1.765000 0.340000
vt 1.085000 0.340000
vt 1.085000 0.040000
vt 0.160000 -1.703441
vt 0.210000 -1.703441
vt 0.210000 -1.277581
vt 0.160000 -1.277581
vt 0.230472 -0.251327
vt 0.060472 -0.251327
vt -0.022981 0.373064
vt 0.022981 0.373064
vt -0.280000 0.453786
vt -0.900000 0.453786
vt -0.851250 0.511232
vt -0.782201 0.499057
vt -0.721480 0.534114
vt -0.697500 0.600000
vt -0.721480 0.665886
vt -0.782201 0.700943
vt -0.851250 0.688768
vt -0.896318 0.635057
vt -0.896318 0.564943
vt -0.021213 -0.298451
vt 0.021213 -0.298451
vt -0.028284 0.420931
vt -0.028284 -0.437500
vt 0.028284 -0.437500
vt 0.028284 0.437500
vt 0.230472 0.251327
vt 0.060472 0.251327
vt -0.280000 -0.670206
vt 0.000000 -0.670206
vt -0.531876 -0.638190
vt -0.493181 -0.599495
vt -0.488411 -0.544980
vt -0.519799 -0.500153
vt -0.572658 -0.485990
vt -0.622254 -0.509117
vt -0.645381 -0.558713
vt -0.631218 -0.611572
vt -0.586391 -0.642959
vt 0.210000 2.129302
vt 0.160000 2.129302
vt 0.924668 -0.035779
vt 0.107168 -0.035779
vt 0.230472 0.251327
vt 0.060472 0.251327
vt -0.280000 -0.670206
vt 0.000000 -0.670206
vt 0.000000 -0.502655
vt -0.280000 -0.502655
vt 0.060472 -0.279253
vt 0.230472 -0.279253
vt 2.121584 2.386776
vt 2.201557 2.432949
vt 2.292500 2.416913
vt 2.351859 2.346173
vt 2.351859 2.253827
vt 2.650000 3.360000
vt 0.200000 3.360000
vt 0.521584 2.213224
vt 0.490000 2.300000
vt 0.521584 2.386776
vt 0.601557 2.432949
vt 0.692500 2.416913
vt 0.751859 2.346173
vt 2.090000 2.300000
vt 0.714668 -0.322013
vt 0.097168 -0.322013
vt 0.230472 -0.195477
vt 0.060472 -0.195477
vt -0.022981 -0.331613
vt 0.022981 -0.331613
vt 0.399668 0.286234
vt 0.132168 0.286234
vt -0.347168 0.286234
vt -0.079668 0.286234
vt -0.079668 0.357792
vt -0.347168 0.357792
vt -0.021213 -0.298451
vt 0.021213 -0.298451
vt 0.230472 -0.195477
vt 0.060472 -0.195477
vt 1.122574 0.928025
vt 1.199586 0.883562
vt 1.340000 0.800000
vt 1.283851 0.954269
vt 1.141676 1.036354
vt 0.980000 1.007846
vt 0.874474 0.882085
vt 0.874474 0.717915
vt 0.980000 0.592154
vt 1.035000 0.687417
vt 0.977840 0.755537
vt 0.977840 0.844463
vt 1.035000 0.912583
vt -0.079668 0.143117
vt -0.347168 0.143117
vt 0.230472 -0.251327
vt 0.060472 -0.251327
vt -0.347168 -0.322013
vt -0.079668 -0.322013
vt 0.230472 -0.195477
vt 0.060472 -0.195477
vt -0.079668 0.214675
vt -0.347168 0.214675
vt -0.022981 -0.373064
vt 0.022981 -0.373064
vt -0.021213 0.298451
vt 0.021213 0.298451
vt 0.000000 -0.335103
vt -0.280000 -0.335103
vt 0.230472 -0.251327
vt 0.060472 -0.251327
vt 0.230472 -0.251327
vt 0.060472 -0.251327
vt 1.199586 -3.283562
vt 1.283851 -3.354269
vt 1.340000 -3.200000
vt 1.283851 -3.045731
vt 1.141676 -2.963646
vt 0.980000 -2.992154
vt 0.874474 -3.117915
vt 0.977840 -3.244463
vt 0.977840 -3.155537
vt 1.035000 -3.087417
vt 1.122574 -3.071975
vt 1.199586 -3.116438
vt 1.230000 -3.200000
vt 0.230472 -0.251327
vt 0.060472 -0.251327
vt -0.021213 0.298451
vt 0.021213 0.298451
vt -0.028284 2.108431
vt -0.028284 -2.108431
vt 0.028284 -2.125000
vt 0.028284 2.125000
vt 0.150000 0.471239
vt -0.150000 0.471239
vt -0.435000 3.063053
vt -0.255000 3.063053
vt 0.000000 -1.047198
vt 0.000000 -1.745329
vt 0.500000 -1.745329
vt 0.500000 -1.047198
vt -0.000000 1.256637
vt -0.000000 2.094395
vt -0.500000 2.094395
vt -0.500000 1.256637
vt -0.000000 0.418879
vt -0.500000 0.418879
vt 0.000000 3.141593
vt 0.000000 2.443461
vt 0.500000 2.443461
vt 0.500000 3.141593
vt 0.000000 1.745329
vt 0.500000 1.745329
vt 0.000000 3.054326
vt 0.000000 2.181662
vt 0.500000 2.181662
vt 0.500000 3.054326
vt 0.208378 1.181769
vt -0.600000 1.039230
vt -1.127631 0.410424
vt -1.127631 -0.410424
vt -0.600000 -1.039230
vt -0.939693 -0.342020
vt -0.939693 0.342020
vt -0.500000 0.866025
vt 0.173648 0.984808
vt 0.766044 0.642788
vt 0.000000 -0.436332
vt 0.000000 -1.308997
vt 0.500000 -1.308997
vt 0.500000 -0.436332
vt -0.000000 -0.418879
vt -0.500000 -0.418879
vt -0.000000 -1.256637
vt -0.500000 -1.256637
vt 0.000000 -3.054326
vt 0.000000 -3.926991
vt 0.500000 -3.926991
vt 0.500000 -3.054326
vt -0.000000 2.932153
vt -0.500000 2.932153
vt 0.000000 0.349066
vt 0.000000 -0.349066
vt 0.500000 -0.349066
vt 0.500000 0.349066
vt -0.000000 3.769911
vt -0.500000 3.769911
vt 1.456524 -0.530131
vt 1.456524 0.530131
vt 0.775000 1.342339
vt 0.625000 1.082532
vt 1.174616 0.427525
vt 1.174616 -0.427525
vt 0.625000 -1.082532
vt -0.217060 -1.231010
vt -0.957556 -0.803485
vt -1.187369 -0.996321
vt -0.269155 -1.526452
vt 0.775000 -1.342339
vt 0.000000 0.436332
vt 0.500000 0.436332
vt -0.000000 -0.541052
vt -0.000000 0.541052
vt -0.500000 0.541052
vt -0.500000 -0.541052
vt -0.000000 -3.769911
vt -0.000000 -2.932153
vt -0.500000 -2.932153
vt -0.500000 -3.769911
vt -0.000000 -1.623156
vt -0.500000 -1.623156
vt -0.919253 0.771345
vt -1.200000 0.000000
vt -0.919253 -0.771345
vt -0.208378 -1.181769
vt -0.766044 -0.642788
vt -1.000000 0.000000
vt -0.766044 0.642788
vt -0.173648 0.984808
vt 0.500000 0.866025
vt 0.939693 0.342020
vt 0.939693 -0.342020
vt 0.500000 -0.866025
vt 0.600000 -1.039230
vt 1.127631 -0.410424
vt 1.127631 0.410424
vt 0.600000 1.039230
vt -0.208378 1.181769
vt -0.269155 1.526452
vt -1.187369 0.996321
vt -1.550000 0.000000
vt -1.250000 0.000000
vt -0.957556 0.803485
vt -0.217060 1.231010
vt -0.775000 -1.342339
vt 0.269155 -1.526452
vt 1.187369 -0.996321
vt 0.957556 -0.803485
vt 0.217060 -1.231010
vt -0.625000 -1.082532
vt -1.174616 -0.427525
vt -1.456524 -0.530131
vt 0.957556 0.803485
vt 1.250000 0.000000
vt 1.550000 0.000000
vt 1.187369 0.996321
vt 0.269155 1.526452
vt -0.775000 1.342339
vt -1.456524 0.530131
vt -1.174616 0.427525
vt -0.625000 1.082532
vt 0.217060 1.231010
vt -0.000000 3.787364
vt -0.000000 4.869469
vt -0.500000 4.869469
vt -0.500000 3.787364
vt -0.000000 1.623156
vt -0.000000 2.705260
vt -0.500000 2.705260
vt -0.500000 1.623156
vt 0.000000 1.308997
vt 0.500000 1.308997
vt -0.000000 -3.787364
vt -0.000000 -2.705260
vt -0.500000 -2.705260
vt -0.500000 -3.787364
vt -0.173648 -0.984808
vt 0.000000 1.047198
vt 0.500000 1.047198
vt -0.000000 -4.869469
vt -0.500000 -4.869469
vt 0.000000 3.926991
vt 0.500000 3.926991
vt 0.000000 -2.443461
vt 0.000000 -3.141593
vt 0.500000 -3.141593
vt 0.500000 -2.443461
vt 0.000000 -2.181662
vt 0.500000 -2.181662
vt 0.208378 -1.181769
vt 0.919253 -0.771345
vt 1.200000 0.000000
vt 0.919253 0.771345
vt 1.000000 0.000000
vt 0.766044 -0.642788
vt 0.173648 -0.984808
vt -0.500000 -0.866025
vt -0.000000 -2.094395
vt -0.500000 -2.094395
vn -0.7084 -0.7058 0.0000
vn -1.0000 0.0000 0.0000
vn 0.0000 0.0000 -1.0000
vn -0.0000 0.0000 1.0000
vn -0.7084 0.7058 -0.0000
vn -0.6978 0.7163 0.0000
vn 0.0000 -0.7176 -0.6965
vn -0.0000 -0.7098 0.7045
vn -0.0002 -0.7176 -0.6965
vn -0.7084 0.7058 0.0001
vn -0.7060 0.7082 0.0029
vn -0.7071 0.7071 -0.0000
vn -0.7070 0.7073 0.0001
vn -0.7079 0.7063 -0.0000
vn 0.7057 0.7085 -0.0025
vn 0.7071 0.7071 0.0000
vn 0.7071 -0.7071 0.0000
vn 0.7071 -0.7071 -0.0023
vn -0.7071 -0.7071 -0.0000
vn -0.6721 -0.7404 -0.0027
vn -0.7090 -0.7052 0.0000
vn -0.7224 -0.6915 -0.0022
vn -0.7071 -0.7071 0.0022
vn -0.7096 -0.7046 0.0007
vn -0.7164 0.6977 -0.0032
vn -0.7164 -0.6977 -0.0032
vn -0.7096 0.7046 0.0007
vn -0.7070 -0.7073 0.0001
vn -0.7218 -0.6921 -0.0058
vn -0.7084 -0.7058 0.0008
vn -0.7060 -0.7082 0.0029
vn 0.7057 -0.7085 -0.0025
vn 0.7046 -0.7095 -0.0144
vn -0.7067 -0.7075 0.0002
vn -0.7085 -0.7057 0.0039
vn -0.7049 -0.7093 -0.0001
vn -0.7048 -0.7094 -0.0000
vn -0.7065 -0.7077 -0.0018
vn 0.7071 0.7071 -0.0029
vn 0.7238 0.6900 0.0076
vn 0.7071 0.7071 -0.0001
vn 0.7029 0.7113 -0.0008
vn 0.7137 0.7004 -0.0039
vn 0.7026 -0.7116 -0.0069
vn 0.7029 -0.7113 -0.0008
vn 0.7238 -0.6900 0.0076
vn 0.6951 0.7188 0.0089
vn 0.6951 -0.7188 0.0089
vn 0.7137 -0.7004 -0.0053
vn 0.7046 -0.7096 0.0010
vn 0.7069 -0.7073 0.0020
vn 0.7071 -0.7071 -0.0022
vn 0.7125 -0.7017 -0.0024
vn -0.7218 0.6921 -0.0058
vn -0.7092 0.7051 -0.0000
vn 0.0000 -0.7106 0.7036
vn 0.0000 -1.0000 -0.0000
vn -0.0001 -0.7106 0.7036
vn -0.6975 0.7166 0.0000
vn -0.6975 -0.7166 0.0000
vn 0.0009 -0.7074 -0.7068
vn 0.0000 -0.7071 -0.7071
vn 0.0000 -0.7092 -0.7050
vn -0.7045 0.7097 -0.0001
vn -0.7075 0.7067 0.0000
vn -0.7045 0.7097 0.0000
vn 0.0000 0.7083 0.7059
vn 0.0000 1.0000 0.0000
vn -0.7072 -0.7070 0.0000
vn -0.7074 0.7068 -0.0002
vn -0.7074 0.7068 0.0000
vn -0.7072 -0.7070 -0.0001
vn -0.7193 -0.6947 0.0000
vn -0.7153 0.6988 -0.0000
vn -0.7193 -0.6947 -0.0002
vn 0.7194 0.6946 -0.0000
vn 0.7018 0.7124 0.0000
vn 0.7196 0.6944 0.0000
vn -0.7080 -0.7062 0.0000
vn -0.7058 -0.7084 0.0000
vn -0.7056 -0.7086 -0.0000
vn 0.7016 -0.7126 0.0000
vn 0.7162 -0.6979 0.0000
vn 0.7007 -0.7134 0.0000
vn 0.7007 0.7134 -0.0002
vn 0.7007 0.7134 0.0000
vn -0.0002 -0.6965 -0.7176
vn 0.0000 -0.6965 -0.7176
vn 0.7006 -0.7136 -0.0002
vn 0.7060 -0.7082 -0.0001
vn 0.7090 -0.7052 0.0000
vn 0.7060 -0.7082 0.0000
vn 0.7137 0.7005 0.0000
vn 0.7137 -0.7005 -0.0000
vn 0.0038 -0.7123 0.7019
vn 0.0020 -0.6987 0.7154
vn 0.0020 -0.6980 0.7161
vn 0.0020 -0.7193 0.6947
vn 0.0020 -0.7196 0.6943
vn 0.0000 -0.7104 -0.7038
vn -0.0000 -0.7104 0.7038
vn 0.0001 -0.7050 -0.7092
vn 0.0002 -0.6989 -0.7152
vn 0.0000 -0.6989 -0.7152
vn 0.0000 -0.7131 -0.7011
vn 0.0000 -0.7131 0.7011
vn 0.0000 -0.7053 -0.7089
vn 0.0001 -0.7053 -0.7089
vn 0.0000 -0.7100 -0.7042
vn -0.7153 0.6989 -0.0000
vn -0.6989 0.7153 0.0000
vn -0.6989 0.7153 0.0002
vn 0.0002 -0.7104 0.7038
vn 0.0000 -0.7051 0.7091
vn 0.0001 -0.7051 0.7091
vn 0.6947 0.7193 -0.0000
vn 0.0000 -0.0025 1.0000
vn 0.0000 -0.7059 0.7083
vn -0.6983 0.7158 0.0000
vn -0.6960 0.7180 0.0000
vn -0.6984 0.7157 0.0000
vn -0.7022 0.7119 0.0000
vn -0.0000 0.7075 0.7067
vn -0.0000 0.7042 0.7100
vn -0.7089 0.7053 -0.0000
vn -0.6989 0.7152 0.0000
vn -0.7124 0.7018 0.0000
vn -0.6987 0.7154 -0.0002
vn -0.7080 0.7062 0.0000
vn -0.7250 0.6888 0.0000
vn 0.0000 -0.6461 -0.7633
vn 0.0000 -0.7259 -0.6878
vn 0.0000 -0.6995 -0.7147
vn 1.0000 0.0011 0.0000
vn 0.7147 0.6995 0.0000
vn 1.0000 0.0000 0.0001
vn 0.7031 0.7111 -0.0000
vn -0.0000 0.7084 0.7058
vn -0.0000 0.7071 0.7071
vn -0.0000 0.7089 0.7053
vn -0.0000 0.7078 0.7065
vn -0.6926 -0.7213 -0.0000
vn -0.7092 -0.7051 0.0000
vn 0.0001 0.7018 0.7124
vn -0.0000 0.7124 0.7018
vn -0.0000 0.7018 0.7124
vn 0.7233 -0.6905 0.0002
vn 0.7233 -0.6905 0.0000
vn 0.7031 -0.7111 0.0000
vn -0.0000 0.7025 0.7117
vn -0.0000 0.7086 -0.7056
vn -0.0001 0.7056 -0.7086
vn 0.0000 0.7056 -0.7086
vn -0.0001 0.7086 -0.7056
vn -0.6926 0.7213 0.0000
vn 0.7009 0.7132 -0.0000
vn -0.6926 0.7213 -0.0001
vn 0.7276 0.6860 -0.0000
vn 0.7201 0.6939 0.0000
vn -0.0002 0.7030 -0.7112
vn 0.0000 0.7030 -0.7112
vn -0.0002 -0.7053 -0.7089
vn 0.7173 -0.6968 0.0002
vn 0.7009 -0.7132 0.0000
vn 0.7009 -0.7132 -0.0001
vn 0.7173 -0.6968 0.0000
vn 0.0002 1.0000 0.0000
vn -0.0000 0.7003 -0.7138
vn -0.0000 0.7059 -0.7083
vn 0.0001 0.7208 -0.6932
vn -0.0000 0.7208 -0.6932
vn 0.7112 0.7030 0.0000
vn 0.7234 -0.6905 -0.0000
vn 0.0002 0.7071 0.7071
vn -0.0000 0.7004 0.7138
vn -0.0644 0.1090 0.9919
vn 0.0000 0.6995 -0.7147
vn 0.0000 0.7071 -0.7071
vn 0.0000 0.7282 -0.6854
vn -0.0000 0.7259 -0.6878
vn 0.7088 0.7054 0.0001
vn 0.7043 0.7099 0.0000
vn 0.7088 0.7054 0.0000
vn -0.6946 0.7194 -0.0002
vn 0.6970 0.7171 0.0003
vn -0.6988 0.7153 0.0000
vn -0.6988 0.7153 0.0001
vn -0.0000 0.7025 -0.7117
vn -0.0000 -0.7051 -0.7091
vn -0.0002 0.7025 -0.7117
vn -0.0000 0.7042 -0.7100
vn -0.0000 0.7075 -0.7067
vn 0.7173 -0.6968 -0.0002
vn 1.0000 -0.0000 -0.0000
vn 0.7162 -0.6979 0.0001
vn 0.7162 0.6979 -0.0002
vn 0.7162 0.6979 0.0000
vn 0.7173 0.6968 0.0000
vn 0.7046 0.7095 -0.0144
vn -0.7079 -0.7063 -0.0000
vn 0.0009 -0.7062 -0.7080
vn 0.0010 -0.7522 -0.6590
vn 0.0007 -0.6945 -0.7195
vn 0.0018 -0.7023 -0.7119
vn -0.7090 0.7052 0.0000
vn -0.7765 0.6301 -0.0025
vn -0.6750 0.7378 -0.0023
vn -0.6954 -0.7184 -0.0179
vn -0.7065 0.7077 -0.0018
vn -0.7085 0.7057 0.0039
vn -0.7067 0.7075 0.0009
vn -0.7049 0.7093 -0.0001
vn -0.7048 0.7094 -0.0000
vn -0.6903 -0.7235 -0.0046
vn 0.7046 0.7096 0.0010
vn 0.7125 0.7017 -0.0024
vn 0.7009 0.7132 -0.0026
vn 0.7071 -0.7071 0.0001
vn 0.0001 -0.7038 -0.7104
vn 0.0000 -0.6966 -0.7175
vn -0.0001 -0.7071 -0.7071
vn 0.0001 -1.0000 0.0000
vn 0.7078 -0.7064 0.0000
vn 0.7006 0.7136 0.0002
vn -0.0000 0.7106 -0.7036
vn 0.0001 0.7106 -0.7036
vn 0.7085 0.7057 -0.0001
vn 0.6975 0.7166 0.0000
vn 0.7087 0.7055 0.0000
vn 0.7107 0.7035 -0.0002
vn 0.7107 0.7035 0.0000
vn -0.6939 -0.7201 0.0000
vn -0.7071 -0.7071 -0.0002
vn -0.7761 0.6306 -0.0008
vn -0.7179 0.6961 -0.0008
vn 0.7043 -0.7099 0.0001
vn 0.7088 -0.7054 0.0000
vn 0.7043 -0.7099 0.0000
vn -0.7033 -0.7109 0.0000
vn -0.7086 -0.7056 0.0000
vn -0.7056 0.7086 -0.0001
vn -0.7058 0.7084 0.0000
vn -0.6988 0.7153 -0.0001
vn 0.0000 -0.7049 0.7093
vn 0.0000 -0.7125 0.7017
vn -0.0001 -0.7106 -0.7036
vn 0.0000 -0.7069 -0.7073
vn 0.0000 -0.7065 -0.7077
vn 0.0000 -0.7106 -0.7036
vn -0.0000 0.6946 0.7194
vn -0.0001 -0.7018 0.7124
vn 0.0000 -0.7018 0.7124
vn -0.7062 -0.7080 0.0000
vn -0.6888 -0.7250 0.0000
vn -0.0000 0.7029 -0.7113
vn 0.0001 0.6459 -0.7634
vn 0.7180 -0.6960 0.0000
vn 0.7180 0.6960 0.0000
vn -0.7093 -0.7049 -0.0000
vn -0.6915 -0.7223 0.0000
vn 0.0000 0.6987 -0.7154
vn 0.0000 -0.7035 -0.7107
vn -0.6859 0.7277 -0.0015
vn -0.7071 0.7071 0.0001
vn -0.6939 0.7201 0.0000
vn -0.6874 0.7262 -0.0015
vn -0.0000 0.7045 -0.7098
vn -0.7277 -0.6859 -0.0014
vn -0.7201 -0.6939 0.0000
vn -0.7262 -0.6874 -0.0015
vn 0.0011 -1.0000 0.0000
vn -0.0011 -1.0000 0.0000
vn -0.0000 1.0000 0.0005
vn -0.0000 0.7038 -0.7104
vn 0.0001 0.7038 -0.7104
vn 0.0000 0.9977 -0.0671
vn -0.0001 -0.7098 0.7045
vn -0.0000 0.7020 -0.7122
vn 0.0001 0.7020 -0.7122
vn 0.0000 -0.7037 -0.7105
vn 0.0002 -0.7037 -0.7105
vn -0.0002 -0.7018 0.7124
vn 0.0002 0.6946 0.7194
vn -0.7250 -0.6888 -0.0003
vn -0.7250 -0.6888 0.0000
vn -0.0002 -0.7097 0.7045
vn 0.0000 -0.6992 0.7150
vn 0.0002 -0.6992 0.7150
vn 0.0000 -0.7097 0.7045
vn 0.7052 -0.7090 0.0000
vn 0.7056 -0.7087 0.0000
vn 0.7056 -0.7087 -0.0002
vn -0.7075 -0.7067 -0.0000
vn -0.7093 0.7049 0.0000
vn -1.0000 -0.0002 0.0000
vn -1.0000 0.0001 0.0000
vn -0.7160 -0.6981 0.0000
vn 0.7109 -0.7033 0.0000
vn 0.0000 0.7083 -0.7059
vn -0.3050 0.9524 -0.0000
vn 0.0000 -0.7026 -0.7116
vn -0.6926 -0.7213 0.0001
vn 0.7060 0.7082 0.0000
vn -0.7045 0.7097 -0.0003
vn 0.7060 0.7082 -0.0001
vn -0.7110 0.7032 0.0000
vn -0.7110 0.7032 0.0002
vn 0.7005 0.7137 0.0000
vn -0.6915 0.7223 0.0000
vn 0.7005 0.7137 0.0001
vn 0.0000 -1.0000 0.0024
vn 0.0000 -1.0000 -0.0027
vn 0.7070 -0.7072 0.0000
vn 0.7080 0.7062 0.0000
vn 0.0000 0.0004 -1.0000
vn 0.0001 0.7045 -0.7098
vn 0.0000 -0.7105 -0.7037
vn -0.0002 -0.7105 -0.7037
vn 0.0000 -0.7122 0.7020
vn 0.0002 -0.7122 0.7020
vn -0.7045 -0.7097 0.0000
vn 0.0000 -0.7018 -0.7124
vn -0.0002 0.6946 -0.7194
vn -0.0000 0.6946 -0.7194
vn -0.7038 0.7104 -0.0003
vn -0.7016 0.7125 0.0000
vn -0.7033 0.7109 0.0000
vn 0.0001 -0.7108 0.7034
vn 0.0000 0.7152 0.6989
vn 0.0002 0.7152 0.6989
vn 0.0000 -0.7108 0.7034
vn 0.7072 -0.7070 0.0000
vn 0.0000 -1.0000 -0.0013
vn 0.0000 -0.7136 -0.7005
vn -0.7017 -0.7125 0.0000
vn 0.7012 -0.7130 0.0000
vn 0.7031 0.7111 0.0001
vn 0.6888 -0.7250 0.0000
vn 0.7062 -0.7080 0.0000
vn 0.0000 -0.0004 -1.0000
vn 0.0001 0.7124 0.7018
vn -0.0000 0.7018 0.7123
vn 0.0001 1.0000 0.0003
vn 0.0000 1.0000 -0.0002
vn 0.0000 -0.7035 0.7107
vn -0.0001 -0.7090 0.7053
vn 0.0000 0.0030 1.0000
vn 0.0000 -0.7090 0.7053
vn 0.7078 0.7064 0.0001
vn 0.7081 0.7061 0.0002
vn 0.7081 0.7061 0.0000
vn 0.7078 0.7064 0.0000
vn 0.0000 -0.7053 0.7089
vn 0.0002 0.7030 0.7112
vn -0.0000 0.7030 0.7112
vn -0.7030 -0.7112 0.0001
vn -0.7193 -0.6947 -0.0004
vn -0.7030 -0.7112 0.0000
vn 0.6905 -0.7233 0.0000
vn 0.6905 -0.7234 -0.0002
vn -0.0000 0.7075 0.7068
vn 0.0000 0.7029 0.7113
vn -0.0000 0.7089 -0.7053
vn 0.0000 0.7070 -0.7072
vn -0.0000 1.0000 -0.0007
vn 0.7053 0.7089 -0.0000
vn 0.7090 0.7052 0.0002
vn 0.7090 0.7052 0.0000
vn 0.7054 0.7088 0.0000
vn -0.7065 0.7077 -0.0000
vn 0.7090 0.7052 -0.0001
vn -0.0000 0.7150 -0.6991
vn -0.0001 0.7045 -0.7098
vn -0.0000 0.7005 -0.7137
vn 0.0001 0.7071 -0.7071
vn -0.0000 0.7073 -0.7069
vn 0.7033 0.7109 0.0000
vn 0.7109 0.7033 -0.0000
vn 0.7106 0.7036 0.0000
vn -0.7106 0.7036 0.0000
vn 0.7106 0.7036 0.0001
vn 0.7009 0.7132 -0.0001
vn -0.6926 0.7213 -0.0002
vn 0.7173 0.6968 -0.0002
vn 0.0000 -0.7146 0.6995
vn -0.0004 -0.7146 -0.6995
vn 0.0000 -0.7146 -0.6995
vn -0.0002 -0.7146 0.6995
vn 0.0000 -0.7048 0.7094
vn -0.0006 0.7024 0.7118
vn 0.0000 -0.7117 -0.7025
vn 0.0000 -0.7094 0.7048
vn 0.0000 -0.7118 -0.7024
vn -0.6926 -0.7213 0.0002
vn -0.0000 -0.7089 -0.7053
vn -0.0001 -0.7053 -0.7089
vn -0.0000 0.7077 0.7065
vn 0.0000 -0.7088 -0.7054
vn 0.0002 -0.7008 -0.7134
vn -0.0085 -0.6957 0.7183
vn -0.0004 -0.7108 0.7034
vn 0.0000 -0.7008 -0.7134
vn -0.0001 -1.0000 0.0000
vn 0.0000 -0.7159 0.6982
vn 0.0002 -0.7159 0.6982
vn -0.7204 -0.6936 0.0000
vn -0.7204 0.6935 -0.0000
vn -0.7194 0.6946 -0.0000
vn -0.7196 0.6944 0.0000
vn -0.7204 0.6936 -0.0000
vn -0.7204 -0.6935 -0.0000
vn -0.7194 -0.6946 -0.0000
vn -0.7196 -0.6944 0.0000
vn 0.6938 -0.7202 0.0000
vn 0.7061 -0.7081 0.0000
vn -0.7109 -0.7033 -0.0000
vn -0.6978 0.7163 -0.0002
vn -0.0002 0.7030 0.7112
vn 0.0002 0.7150 -0.6992
vn -0.0000 0.7150 -0.6992
vn -0.7124 -0.7018 0.0001
vn -0.5896 -0.8077 0.0000
vn -0.6971 -0.7170 0.0000
vn -0.0000 0.7066 -0.7076
vn -0.0000 0.7069 -0.7073
vn -0.0002 0.7066 -0.7076
vn 0.6860 0.7276 0.0000
vn 0.8050 0.5836 0.1070
vn -0.7071 0.7072 0.0000
vn -0.0002 1.0000 0.0000
vn 0.7050 0.7092 0.0000
vn 0.7106 0.7036 0.0002
vn 0.7232 -0.6906 0.0000
vn 0.7102 0.7040 0.0001
vn 0.7102 0.7040 0.0000
vn -0.7153 0.6988 -0.0001
vn 0.0000 -0.7071 -0.7072
vn -0.0003 -0.7176 -0.6965
vn 0.0000 -0.7029 -0.7113
vn -0.0001 -0.7018 -0.7124
vn -0.7081 -0.7061 0.0000
vn -0.7202 -0.6938 -0.0002
vn 0.7026 0.7116 -0.0069
vn 0.7005 -0.7137 0.0000
vn 0.0000 0.0002 -1.0000
vn -0.0000 0.0001 -1.0000
vn 0.7124 0.7018 0.0001
vn 0.5896 0.8077 0.0000
vn 0.6971 0.7170 0.0000
vn -0.7095 0.7047 0.0000
vn -0.7047 0.7095 -0.0000
vn -0.7095 0.7047 -0.0002
vn -0.6942 0.7198 0.0000
vn -0.6942 0.7198 -0.0002
vn -0.7125 -0.7017 0.0000
vn -0.7011 -0.7131 0.0000
vn -0.0000 1.0000 0.0008
vn 0.0000 0.7072 0.7070
vn 0.0000 0.0006 1.0000
vn -0.0045 -0.7041 -0.7100
vn -0.0016 -0.7103 -0.7039
vn -0.0008 -0.9671 -0.2545
vn 0.0000 -0.6907 -0.7231
vn -0.0000 -0.0002 1.0000
vn -0.0000 0.0002 1.0000
vn -0.0002 -0.6992 0.7150
vn -0.7045 0.7097 -0.0002
vn 0.7016 0.7126 -0.0000
vn 0.0002 -0.7159 -0.6982
vn 0.0000 -0.7159 -0.6982
vn -0.0001 -0.7159 -0.6982
vn 0.8174 0.5760 0.0000
vn 0.7202 0.6938 -0.0002
vn 0.7761 0.6306 0.0000
vn 0.7130 0.7012 0.0000
vn 0.7125 -0.7017 0.0000
vn 0.7069 -0.7073 0.0000
vn -0.7069 -0.7073 0.0002
vn -0.7069 -0.7073 0.0000
vn 0.7069 -0.7073 -0.0002
vn -0.0002 0.6965 -0.7176
vn -0.0000 0.6965 -0.7176
vn 0.8050 -0.5836 -0.1070
vn 0.7276 -0.6860 0.0000
vn 0.6702 -0.7422 0.0000
vn 0.6860 -0.7276 -0.0001
vn 0.7026 0.7116 -0.0000
vn 0.7086 0.7056 0.0000
vn 0.7074 0.7068 0.0000
vn 0.0000 -0.7155 0.6986
vn 0.0005 -0.7159 0.6982
vn 0.0002 -0.7068 0.7074
vn 0.0002 -0.6725 0.7401
vn 0.0002 -0.7126 0.7015
vn 0.6905 -0.7234 0.0000
vn 0.7105 -0.7037 0.0002
vn 0.7121 -0.7021 0.0000
vn 0.7108 -0.7034 0.0000
vn 0.7234 -0.6905 0.0005
vn 0.7090 0.7052 -0.0002
vn 0.7080 -0.7062 0.0000
vn 0.0000 0.7093 0.7049
vn -0.0000 0.7049 0.7093
vn 0.0004 0.7049 0.7093
vn -0.7092 0.7051 0.0001
vn -0.6926 0.7213 -0.0003
vn -0.6915 -0.7224 0.0000
vn -0.6915 -0.7224 0.0002
vn -0.7050 0.7092 0.0000
vn -0.7022 -0.7120 0.0000
vn -0.7050 0.7092 -0.0001
vn 0.0000 0.7070 0.7072
vn -0.0000 1.0000 0.0009
vn -0.7030 -0.7112 -0.0001
vn -0.7115 -0.7027 0.0000
vn -0.7115 -0.7027 -0.0001
vn -0.7115 0.7027 0.0000
vn 0.0002 -0.7005 -0.7137
vn 0.0000 -0.7005 -0.7137
vn -0.7061 0.7081 0.0000
vn 0.6975 -0.7166 0.0000
vn 0.7022 -0.7120 0.0000
vn 0.7023 0.7119 -0.0002
vn 0.7023 -0.7119 0.0004
vn -0.7057 -0.7085 -0.0000
vn -0.7166 -0.6975 0.0000
vn -0.7055 -0.7087 0.0000
vn 0.7031 0.7111 0.0002
vn -0.0000 -0.7086 -0.7056
vn 0.0000 -0.7056 0.7086
vn -0.0000 -0.7098 -0.7044
vn 0.0000 -0.7092 0.7050
vn 0.0000 -0.7059 -0.7083
vn 0.0000 -0.0025 -1.0000
vn -0.0001 0.7018 0.7124
vn -0.0000 0.7123 0.7018
vn -0.7232 -0.6906 0.0000
vn -0.7094 -0.7048 0.0000
vn -0.0000 0.7062 0.7080
vn -0.0000 0.7091 0.7051
vn 0.0000 -0.6991 0.7150
vn -0.0000 0.7077 -0.7065
vn -0.0000 0.7053 0.7090
vn -0.0000 1.0000 -0.0030
vn -0.0001 0.0000 -1.0000
vn -0.0000 -0.0002 -1.0000
vn 0.6975 0.7165 0.0000
vn -0.6975 0.7165 0.0000
vn 0.6989 -0.7152 0.0000
vn 0.7124 -0.7018 0.0000
vn 0.7633 -0.6461 -0.0002
vn -0.0001 -0.7097 0.7045
vn 0.6989 0.7152 0.0000
vn 0.6987 0.7154 -0.0000
vn 0.7194 -0.6946 -0.0000
vn 0.7018 -0.7124 -0.0000
vn 0.7196 -0.6944 0.0000
vn -0.6978 -0.7163 0.0002
vn -0.6978 -0.7163 0.0000
vn -0.0000 0.0030 -1.0000
vn 0.0000 -0.7090 -0.7053
vn -0.0001 -0.7090 -0.7053
vn -0.7124 -0.7018 0.0000
vn -0.0000 0.6987 0.7154
vn 0.0001 -0.7035 0.7107
vn -0.7109 0.7033 0.0000
vn -0.0000 0.7086 0.7056
vn -0.0000 0.6965 0.7176
vn -0.7056 -0.7086 0.0001
vn -0.7116 -0.7026 0.0000
vn -0.6954 0.7184 -0.0179
vn 0.0001 -0.7176 -0.6965
vn -0.7045 -0.7097 -0.0002
vn -0.6915 0.7224 0.0000
vn -0.0002 0.7018 0.7124
vn 0.0000 -0.7034 0.7108
vn 0.0006 -0.6976 0.7165
vn 0.0012 -0.7013 0.7128
vn -0.0000 -0.7074 -0.7068
vn -0.0000 -0.6762 -0.7367
vn 0.0001 -0.7071 -0.7071
vn -0.0000 0.7054 0.7088
vn 0.0000 -0.7665 0.6423
vn 0.0000 -0.6947 0.7193
vn 0.0000 -0.7136 0.7005
vn -0.0002 -0.7071 0.7071
vn -0.0000 0.7104 -0.7038
vn 0.0000 0.0671 -0.9977
vn -0.7269 0.6867 -0.0015
vn -0.7071 0.7071 -0.0002
vn -0.7201 0.6939 0.0000
vn -0.5837 0.8051 0.1055
vn 0.0000 -0.7038 -0.7104
vn 0.0000 -0.7082 0.7061
vn 0.0000 -0.7071 0.7071
vn -0.0000 -0.7061 0.7081
vn -0.7070 -0.7072 -0.0000
vn 0.0000 -0.7100 0.7042
vn 0.0002 -0.7120 -0.7022
vn 0.6905 -0.7233 -0.0005
vn 0.0002 0.7018 0.7124
vn -0.0001 0.7124 0.7018
vn -0.7055 0.7087 0.0001
vn 0.7085 -0.7057 -0.0001
vn 0.7087 -0.7055 0.0000
vn -0.6938 -0.7202 -0.0000
vn -0.6306 -0.7761 0.0000
vn -0.7012 -0.7130 0.0000
vn -0.7850 0.6195 0.0007
vn -0.7169 0.6971 0.0008
vn -0.7240 0.6898 0.0008
vn -0.7126 0.7016 0.0015
vn -0.7011 0.7131 0.0008
vn -0.7085 -0.7057 -0.0001
vn -0.7087 -0.7055 0.0000
vn -0.0000 0.7081 0.7061
vn -0.0001 0.7081 0.7061
vn 0.7084 0.7058 0.0000
vn -0.0000 0.7088 -0.7054
vn -0.0001 0.7092 0.7050
vn -0.7018 0.7124 -0.0000
vn -0.0000 0.7139 0.7003
vn 0.0002 0.7139 0.7003
vn 0.7173 0.6968 -0.0004
vn -0.6942 -0.7198 -0.0000
vn 0.7124 0.7018 0.0000
vn -1.0000 -0.0001 -0.0000
vn -1.0000 0.0002 0.0000
vn 0.7137 -0.7005 0.0001
vn 0.7031 -0.7111 0.0001
vn 0.7173 0.6968 0.0002
vn 0.7166 -0.6975 0.0000
vn -0.0001 1.0000 0.0000
vn 0.7067 0.7075 0.0000
vn 0.7008 -0.7134 0.0000
vn 0.7055 0.7087 0.0000
vn -0.6888 0.7250 0.0000
vn 0.7057 0.7085 -0.0000
vn -0.7089 -0.7053 -0.0000
vn 0.0000 0.7078 -0.7065
vn 0.7061 0.7081 0.0000
vn 0.6938 0.7202 -0.0000
vn 0.6947 0.7193 0.0002
vn -0.7087 0.7055 0.0000
vn -0.7085 0.7057 -0.0001
vn -0.7072 -0.7071 -0.0000
vn 0.0000 -0.7073 -0.7070
vn 0.0000 -0.7072 -0.7071
vn 0.7134 -0.7008 -0.0002
vn 0.7033 -0.7109 0.0000
vn 0.7134 -0.7008 0.0000
vn 0.7072 -0.7070 0.0002
vn -0.7039 0.7103 0.0000
vn 0.0000 -0.6995 0.7147
vn 0.0000 -0.7282 0.6854
vn 0.0000 -0.7259 0.6878
vn -0.0000 1.0000 0.0025
vn -0.0000 -0.0003 -1.0000
vn -0.0000 0.0008 1.0000
vn -0.0000 -0.0013 1.0000
vn 0.0018 -0.7075 0.7067
vn -0.0183 0.6997 0.7142
vn -0.0014 0.7066 0.7076
vn 0.0036 -0.7096 0.7046
vn 0.0034 -0.7079 0.7063
vn -0.0001 -0.7069 -0.7073
vn -0.7106 0.7036 -0.0002
vn -0.0000 0.7065 0.7077
vn -0.0000 0.7046 0.7096
vn -0.6989 -0.7152 0.0000
vn -0.6987 -0.7154 -0.0000
vn -0.0002 0.7003 0.7139
vn -0.0000 0.7003 0.7139
vn -0.0000 0.7054 -0.7088
vn -0.0001 0.7071 -0.7071
vn -0.0002 0.7092 -0.7050
vn 0.0000 -0.7090 0.7052
vn -0.0001 0.7072 0.7070
vn 0.1445 -0.9895 -0.0001
vn 0.7170 -0.6971 0.0000
vn -0.7065 -0.7077 0.0000
vn 0.0001 -0.7131 0.7011
vn -0.0001 -0.7131 -0.7011
vn -0.0002 0.7025 0.7117
vn -0.6194 0.7850 0.0000
vn -0.6971 0.7170 0.0000
vn -0.6910 0.7229 0.0001
vn -0.7134 0.7008 -0.0000
vn 0.7131 -0.7011 0.0002
vn 0.7131 -0.7011 0.0000
vn -0.7161 0.6980 -0.0002
vn 0.0000 -0.7008 0.7134
vn -0.0000 0.7075 -0.7068
vn 0.7180 -0.6960 -0.0002
vn 0.6947 0.7193 0.0005
vn 0.0002 0.7066 0.7077
vn -0.0003 0.6383 0.7698
vn 0.0000 0.7078 0.7064
vn 0.0000 -0.7059 -0.7084
vn -0.0001 -0.7059 -0.7084
vn -0.7045 -0.7098 0.0000
vn -0.0001 -0.6870 0.7266
vn 0.0000 -0.6870 0.7266
vn -0.7101 0.7041 0.0002
vn -0.7101 0.7041 0.0000
vn -0.7017 0.7125 0.0000
vn -0.7110 -0.7032 -0.0000
vn -0.7134 -0.7008 0.0001
vn -0.7134 -0.7008 0.0000
vn 0.0000 -0.7075 -0.7068
vn 0.7095 0.7047 0.0000
vn 0.7095 0.7047 -0.0002
vn 0.7087 -0.7055 -0.0001
vn 0.0009 -0.7232 0.6907
vn 0.0000 0.7134 0.7008
vn 0.0007 -0.7187 0.6953
vn -0.7041 0.7101 0.0000
vn -0.7041 0.7101 -0.0002
vn 0.0001 0.7053 -0.7089
vn 0.0001 0.7089 -0.7053
vn -0.0000 0.7053 -0.7089
vn 0.0000 -0.7069 0.7073
vn 0.0000 -0.7075 0.7068
vn 0.0000 -0.7065 0.7077
vn -0.0000 0.7033 0.7109
vn 0.0000 -0.0001 1.0000
vn -0.0000 0.0001 1.0000
vn -0.7251 -0.6886 -0.0029
vn -0.6867 -0.7269 -0.0014
vn -0.6860 -0.7276 -0.0015
vn 0.7173 -0.6968 0.0004
vn -0.0001 0.7083 0.7059
vn -0.0001 -0.7053 0.7089
vn -0.0001 -0.7035 -0.7107
vn -0.6978 -0.7163 0.0001
vn 0.7031 -0.7111 -0.0001
vn 0.7074 0.7068 0.0002
vn 0.0000 -0.7064 -0.7078
vn 0.0000 -0.7065 -0.7078
vn -0.0000 -0.0012 1.0000
vn -0.0000 0.7104 0.7038
vn -0.0001 0.7104 0.7038
vn -0.0000 0.0671 0.9977
vn 0.0000 0.7060 0.7082
vn 0.7250 0.6888 -0.0003
vn 0.7250 0.6888 0.0000
vn -1.0000 -0.0013 0.0000
vn -0.7116 -0.7025 0.0000
vn 0.0000 -0.7060 0.7082
vn 0.0000 -0.7082 -0.7060
vn 0.0000 -1.0000 -0.0008
vn -0.7078 -0.7064 0.0000
vn -0.7160 0.6981 0.0000
vn 0.7130 -0.7012 0.0000
vn 0.7125 0.7017 0.0000
vn 0.8174 -0.5760 -0.0000
vn 0.7047 0.7095 0.0000
vn 0.0000 -0.4166 0.9091
vn 0.0000 -0.7149 0.6993
vn -0.7217 -0.6922 0.0000
vn -0.7062 0.7080 0.0000
vn -0.7086 0.7056 -0.0000
vn 0.0000 -0.7048 -0.7094
vn 0.0000 -0.7094 -0.7048
vn -0.0001 -0.7094 -0.7048
vn -0.0001 -0.7059 0.7084
vn 0.0000 -0.7059 0.7084
vn 0.0000 -0.7077 -0.7065
vn -0.0000 -0.7138 -0.7003
vn 0.0002 -0.6965 -0.7176
vn 0.7017 0.7125 0.0000
vn -0.7094 -0.7048 -0.0002
vn -0.7056 -0.7087 -0.0000
vn -0.6988 0.7153 -0.0003
vn -0.7121 -0.7021 0.0000
vn -0.7071 -0.7071 -0.0001
vn -0.6994 -0.7148 0.0000
vn 0.0002 0.6987 0.7154
vn 0.0001 0.7077 0.7065
vn -0.0000 1.0000 0.0001
vn -0.0000 0.7065 -0.7077
vn -0.0093 -0.7154 0.6987
vn 0.0137 -0.6915 0.7222
vn 0.0001 0.7024 -0.7118
vn 0.7116 -0.7025 0.0000
vn 1.0000 -0.0013 0.0000
vn -0.0000 0.0008 -1.0000
vn 0.0001 -0.0000 -1.0000
vn 0.6982 0.7159 -0.0003
vn 0.6982 0.7159 0.0000
vn -0.0002 0.6987 0.7154
vn 0.7204 0.6936 0.0000
vn 0.7204 -0.6935 -0.0000
vn 0.7204 -0.6936 -0.0000
vn 0.7204 0.6935 -0.0000
vn 0.7069 -0.7073 -0.0001
vn 0.7055 -0.7087 0.0001
vn -0.6956 -0.7184 0.0000
vn 0.6949 -0.7191 0.0000
vn -0.6953 -0.7187 -0.0001
vn -0.0000 0.7053 0.7089
vn 0.7095 0.7047 0.0002
vn 0.0000 -0.7025 -0.7117
vn -1.0000 0.0011 0.0000
vn -0.7147 0.6995 0.0000
vn -1.0000 0.0000 -0.0001
vn 0.7107 -0.7035 0.0000
vn -0.0000 0.7259 0.6878
vn 0.0000 0.6461 0.7633
vn -0.7025 -0.7116 0.0000
vn -0.0610 -0.9981 -0.0000
vn -0.0049 -1.0000 0.0000
vn -0.7025 -0.7116 0.0001
vn 0.0000 -0.7054 0.7088
vn 0.0000 -1.0000 0.0013
vn 0.6939 0.7201 0.0000
vn 0.7071 0.7071 -0.0002
vn 0.7761 -0.6306 0.0000
vn 0.7202 -0.6938 -0.0000
vn -0.0000 1.0000 -0.0001
vn 0.7011 -0.7131 0.0000
vn 0.7011 -0.7131 -0.0002
vn 0.7112 0.7030 -0.0001
vn 0.0000 -0.7029 0.7113
vn -0.7103 0.7039 0.0000
vn 0.7058 0.7084 0.0000
vn 0.7061 0.7082 -0.0000
vn -0.0002 0.6987 -0.7154
vn 0.6939 -0.7201 0.0000
vn 0.7062 0.7080 0.0000
vn 0.6888 0.7250 0.0000
vn -0.0000 -0.7073 -0.7069
vn -0.7067 0.7075 0.0000
vn -0.7054 0.7088 0.0000
vn -0.7053 0.7089 -0.0002
vn 0.0000 -0.7036 0.7106
vn 0.0000 -0.7083 0.7059
vn -0.0000 0.7037 -0.7105
vn 0.0000 0.7082 -0.7060
vn 0.0001 0.7082 -0.7060
vn 0.7022 -0.7120 0.0001
vn -0.7044 0.7099 -0.0002
vn -0.7046 0.7096 0.0000
vn -0.7088 -0.7054 -0.0019
vn -0.7097 -0.7045 -0.0021
vn -0.0001 0.7152 -0.6989
vn 0.0000 -0.7108 -0.7034
vn 0.0000 0.7152 -0.6989
vn -0.6948 -0.7192 0.0000
vn -0.7020 -0.7122 -0.0000
vn 0.0000 0.7106 0.7036
vn -0.0000 -0.7116 -0.7026
vn -0.0000 -0.0013 -1.0000
vn -0.0002 -0.7104 0.7038
vn -0.7045 -0.7097 0.0006
vn 0.0000 -0.7012 0.7129
vn -0.7052 -0.7090 -0.0000
vn -0.7105 -0.7037 0.0000
vn -0.7108 -0.7034 0.0000
vn -0.7103 0.7039 0.0003
vn 0.0001 0.7072 -0.7070
vn -0.0000 0.0010 -1.0000
vn 0.0000 0.7072 -0.7070
vn -0.6916 0.7223 0.0000
vn -0.7006 -0.7136 0.0002
vn -0.0001 -0.7051 0.7091
vn 0.7161 0.6980 0.0000
vn -0.7081 0.7061 0.0000
vn 0.0000 -0.7105 0.7037
vn -0.0002 -0.7105 0.7037
vn 0.7044 0.7098 -0.0000
vn -0.6988 0.7153 -0.0002
vn -0.7057 0.7085 0.0000
vn -0.7166 0.6975 0.0000
vn -0.7055 0.7087 0.0000
vn 0.7094 0.7048 -0.0000
vn 0.7038 0.7104 0.0001
vn -0.7125 0.7017 0.0000
vn -0.8174 -0.5760 0.0000
vn -0.7130 -0.7012 0.0000
vn 0.0001 0.7064 0.7078
vn -0.0000 0.7064 0.7078
vn 0.7057 -0.7085 0.0000
vn 0.7055 -0.7087 0.0000
vn -0.7018 -0.7124 0.0000
vn -0.7240 -0.6898 -0.0000
vn -0.7180 -0.6960 0.0000
vn -0.7006 0.7136 -0.0002
vn 0.7250 -0.6888 0.0000
vn 0.7095 -0.7047 0.0000
vn -0.0608 -0.9285 0.3662
vn -0.6944 -0.7196 0.0000
vn 0.0003 0.7080 -0.7062
vn -0.0000 0.7076 -0.7067
vn 0.6194 0.7850 0.0000
vn 0.7134 0.7008 0.0001
vn -0.0000 0.6990 -0.7151
vn -0.0000 0.0003 -1.0000
vn 0.0000 -0.0671 -0.9977
vn 0.7055 -0.7087 -0.0002
vn -0.7047 -0.7095 0.0000
vn -0.7047 -0.7095 0.0002
vn 0.7090 -0.7052 0.0001
vn 0.7017 -0.7125 0.0000
vn -0.7094 0.7048 0.0000
vn -0.7126 -0.7016 -0.0000
vn 0.7850 0.6195 -0.0007
vn 0.7169 0.6971 -0.0008
vn 0.7240 0.6898 -0.0009
vn 0.7126 0.7016 -0.0013
vn 0.7011 0.7131 -0.0008
vn -0.6970 0.7171 -0.0003
vn 0.6946 0.7194 -0.0000
vn 0.7071 -0.7071 -0.0002
vn 0.7201 -0.6939 0.0000
vn -0.0000 0.7045 -0.7097
vn -0.0001 0.7045 -0.7097
vn 0.0001 1.0000 -0.0000
vn -0.0000 1.0000 0.0013
vn -0.0001 0.7038 -0.7104
vn 0.7233 -0.6905 0.0005
vn -0.7022 -0.7120 -0.0002
vn 0.0002 0.7157 -0.6984
vn 0.0002 0.7191 0.6949
vn 0.6994 -0.7148 0.0000
vn -0.0000 1.0000 -0.0008
vn 0.7084 -0.7058 0.0000
vn 0.7086 -0.7056 -0.0000
vn 0.6971 -0.7170 0.0000
vn 0.6910 -0.7229 0.0001
vn 0.7016 0.7125 0.0000
vn -0.0000 0.0006 -1.0000
vn 0.0000 0.0407 -0.9992
vn 0.0000 -0.7005 0.7136
vn -0.0001 -0.7025 0.7117
vn 0.0000 -0.7025 0.7117
vn -0.0000 0.0004 1.0000
vn -0.0000 -0.0004 1.0000
vn 0.0001 -0.0000 1.0000
vn -0.0000 0.7076 -0.7066
vn -0.0000 0.7074 -0.7068
vn -0.0002 -0.7100 0.7042
vn 0.0000 -0.7073 0.7069
vn -0.0000 0.7069 0.7073
vn -0.0001 0.7065 0.7077
vn 0.7063 0.7079 -0.0000
vn 0.7025 -0.7116 0.0000
vn 0.7166 0.6975 0.0000
vn -0.0000 0.7005 0.7136
vn -0.0000 0.7063 0.7079
vn -0.7023 -0.7119 -0.0002
vn -0.7023 0.7119 0.0004
vn -0.7130 0.7012 0.0000
vn -0.6982 0.7159 0.0000
vn -0.6982 0.7159 0.0002
vn -0.6903 0.7235 -0.0047
vn -0.6916 -0.7223 0.0000
vn -0.6916 -0.7223 0.0002
vn 0.7071 0.7072 -0.0000
vn 0.7056 -0.7086 -0.0001
vn 0.7058 -0.7084 0.0000
vn -0.0000 1.0000 -0.0013
vn 0.7056 0.7086 -0.0000
vn -0.7130 0.7011 -0.0005
vn -0.7119 0.7023 -0.0006
vn -0.7158 0.6983 -0.0014
vn 0.0004 -0.6992 0.7150
vn -0.7097 0.7045 -0.0019
vn -0.7088 0.7054 -0.0017
vn 0.7005 -0.7137 -0.0001
vn 0.0000 -0.7118 0.7024
vn 0.0000 -0.7117 0.7025
vn -0.0000 0.7067 0.7075
vn 0.7159 -0.6982 0.0000
vn 0.0051 -1.0000 0.0000
vn 0.2057 -0.9786 0.0000
vn 0.6939 -0.7200 0.0000
vn 0.0000 0.7036 0.7106
vn 0.7012 0.7130 0.0000
vn -0.0001 0.7038 0.7104
vn -0.0000 0.7038 0.7104
vn 0.0000 0.9977 0.0671
vn 0.7016 0.7126 0.0001
vn 0.7072 -0.7070 0.0001
vn 0.0001 0.7071 0.7071
vn 0.0000 0.6995 0.7147
vn 0.6963 -0.7178 0.0000
vn 0.6960 -0.7180 -0.0004
vn 0.7093 -0.7049 0.0000
vn 0.7217 -0.6922 -0.0000
vn 0.7094 -0.7048 0.0001
vn -0.7251 0.6886 -0.0029
vn -0.0065 0.7070 -0.7072
vn 0.0075 0.7072 -0.7070
vn -0.0001 -0.7152 0.6989
vn 0.0000 -0.7022 0.7120
vn -0.0001 -0.7022 0.7120
vn 0.0000 -0.7152 0.6989
vn -0.5779 0.5752 -0.5790
vn -0.5742 0.5787 -0.5792
vn -0.5736 0.5789 -0.5795
vn -0.5780 0.5748 -0.5792
vn -0.1887 -0.8169 0.5451
vn -0.7163 -0.6977 0.0103
vn -0.7058 -0.7084 -0.0010
vn -0.7061 -0.7081 -0.0014
vn -0.7242 -0.6894 -0.0164
vn -0.5776 -0.5792 0.5752
vn -0.7070 -0.0000 0.7072
vn -0.5774 -0.5777 0.5770
vn 0.7161 -0.6980 0.0000
vn 0.7161 -0.6980 0.0001
vn 0.5776 0.5792 -0.5752
vn 0.5774 0.5777 -0.5770
vn 0.7070 0.0000 -0.7072
vn 0.7092 -0.7050 -0.0000
vn 0.5771 -0.5798 -0.5752
vn 0.5742 0.5836 -0.5742
vn 0.5770 0.5781 -0.5769
vn 0.5773 -0.5777 -0.5770
vn 0.7066 -0.7076 -0.0000
vn 0.7108 -0.7034 0.0006
vn -0.6943 0.7197 0.0000
vn -0.6943 0.7197 -0.0002
vn -0.5742 0.5836 0.5742
vn -0.5781 0.5783 0.5756
vn -0.5774 0.5775 0.5772
vn -0.5770 0.5781 0.5769
vn -0.5777 0.5791 -0.5752
vn -0.7071 -0.0000 -0.7072
vn -0.5775 0.5778 -0.5768
vn 0.6999 -0.7143 0.0000
vn 0.7114 -0.7028 0.0000
vn -0.7104 -0.7038 0.0000
vn -0.7051 -0.7091 0.0000
vn -0.7185 -0.6955 0.0000
vn -0.7100 0.7042 0.0001
vn -0.7100 0.7042 0.0000
vn -0.7185 -0.6955 0.0002
vn -0.6943 0.7197 -0.0001
vn -0.5761 0.5808 0.5751
vn -0.5809 0.5761 0.5750
vn -0.5780 0.5773 0.5768
vn -0.5772 0.5778 0.5771
vn -0.5778 -0.5753 -0.5790
vn -0.5775 -0.5768 -0.5778
vn -0.5789 -0.5765 -0.5767
vn -0.5831 -0.5744 -0.5745
vn -0.7087 -0.0000 0.7055
vn -0.6956 0.0000 0.7184
vn -0.6956 0.0002 0.7184
vn -0.5774 -0.5773 -0.5774
vn -0.5773 -0.5774 -0.5774
vn -0.5773 -0.5773 -0.5774
vn 0.7087 0.0000 0.7055
vn -0.6912 0.7227 0.0000
vn 0.7003 0.7139 0.0001
vn 0.7003 0.7139 0.0000
vn -0.6912 0.7227 -0.0003
vn 0.5743 0.5836 0.5741
vn 0.5772 -0.5795 0.5754
vn 0.5773 -0.5776 0.5771
vn 0.5770 0.5782 0.5769
vn 0.7042 0.7100 0.0000
vn -0.6955 0.7185 -0.0002
vn -0.6955 0.7185 0.0000
vn 0.7042 0.7100 0.0001
vn 0.7092 0.7050 0.0000
vn 0.6926 0.7213 0.0000
vn -0.7028 0.7114 0.0000
vn -0.7028 0.7114 -0.0001
vn -0.7143 0.6999 0.0000
vn -0.7143 0.6999 0.0001
vn -0.0000 0.7160 0.6981
vn 0.0003 0.7119 -0.7023
vn -0.0000 0.7119 -0.7023
vn -0.7171 0.6970 0.0000
vn -0.7114 -0.7028 -0.0001
vn -0.7114 -0.7028 0.0000
vn -0.5789 0.5778 -0.5753
vn -0.5776 0.5776 -0.5769
vn -0.5755 0.5817 0.5748
vn -0.5802 0.5765 0.5753
vn -0.5780 0.5771 0.5770
vn -0.5769 0.5785 0.5767
vn -0.7088 -0.0000 0.7055
vn 0.5777 0.5752 0.5791
vn 0.5775 0.5768 0.5778
vn 0.5778 0.5753 -0.5790
vn 0.5775 0.5768 -0.5778
vn 0.5789 0.5765 -0.5767
vn 0.5831 0.5744 -0.5745
vn -0.5808 0.5761 -0.5751
vn -0.5761 0.5809 -0.5750
vn -0.5773 0.5779 -0.5768
vn -0.5778 0.5772 -0.5771
vn -0.5783 -0.5781 0.5756
vn -0.5743 -0.5836 0.5741
vn -0.5770 -0.5782 0.5769
vn -0.5775 -0.5774 0.5772
vn 0.5743 -0.5830 0.5748
vn 0.5766 -0.5788 0.5766
vn 0.5768 -0.5775 0.5778
vn 0.5752 -0.5777 0.5791
vn -0.7132 -0.7010 0.0000
vn -0.7097 0.7045 0.0000
vn -0.7097 0.7045 -0.0001
vn -0.5772 -0.5795 -0.5754
vn -0.5822 -0.5751 -0.5747
vn -0.5780 -0.5771 -0.5770
vn -0.5773 -0.5776 -0.5771
vn -0.7078 0.7064 0.0000
vn -0.7024 0.7118 0.0000
vn -0.7024 0.7118 -0.0002
vn 0.0000 -0.7088 -0.7055
vn 0.7045 0.7097 0.0000
vn 0.7045 0.7097 -0.0002
vn 0.0001 0.7152 -0.6989
vn 0.7071 0.0000 0.7071
vn -0.5755 -0.5821 0.5744
vn -0.5756 0.5817 0.5747
vn -0.5771 0.5784 0.5765
vn -0.5769 -0.5786 0.5766
vn 0.7104 0.7038 -0.0001
vn 0.7105 0.7037 0.0000
vn 0.7104 -0.7038 -0.0000
vn 0.7105 -0.7037 0.0000
vn -0.7178 0.6962 0.0000
vn -0.7178 -0.6962 0.0002
vn -0.7178 -0.6962 0.0000
vn -0.0000 0.7022 0.7120
vn -0.0000 0.7021 0.7120
vn 0.0002 -0.6956 0.7184
vn -0.0000 -0.6956 0.7184
vn 0.7024 -0.7118 0.0000
vn 0.7022 0.7120 -0.0000
vn 0.7021 0.7120 0.0000
vn -0.6956 0.7184 0.0000
vn -0.6911 -0.7227 0.0002
vn -0.7094 -0.7049 0.0000
vn -0.6911 -0.7227 0.0000
vn 0.5830 0.5743 0.5747
vn 0.5788 0.5766 0.5766
vn 0.5755 0.5744 -0.5821
vn 0.5756 0.5747 0.5817
vn 0.5771 0.5765 0.5784
vn 0.5769 0.5766 -0.5786
vn -0.7173 -0.6968 0.0000
vn -0.7009 -0.7132 0.0000
vn -0.7009 -0.7132 0.0001
vn 0.5778 0.5789 -0.5753
vn 0.5776 0.5776 -0.5769
vn -0.7098 0.7044 -0.0002
vn 0.7082 0.7060 0.0000
vn 0.7082 0.7060 0.0001
vn -0.7098 0.7044 0.0000
vn 0.0000 -0.7088 0.7055
vn 0.7072 0.7071 0.0000
vn 0.5753 0.5778 -0.5790
vn 0.5768 0.5775 -0.5778
vn 0.5836 0.5743 -0.5741
vn -0.5795 0.5772 -0.5754
vn -0.5776 0.5773 -0.5771
vn 0.5782 0.5770 -0.5769
vn -0.7104 0.7038 -0.0000
vn -0.7105 0.7037 0.0000
vn 0.5751 0.5776 -0.5793
vn 0.5747 0.5777 -0.5796
vn -0.5725 0.5801 -0.5794
vn -0.5735 0.5796 -0.5789
vn 0.7085 -0.7057 -0.0000
vn 0.7097 0.7045 0.0001
vn 0.7132 -0.7010 0.0000
vn 0.7097 0.7045 0.0000
vn -0.5798 -0.5771 -0.5752
vn 0.5836 -0.5742 -0.5742
vn 0.5781 -0.5770 -0.5769
vn -0.5777 -0.5773 -0.5770
vn -0.7173 -0.6968 -0.0001
vn -0.7028 -0.7114 -0.0000
vn -0.7143 -0.6999 0.0000
vn 0.7171 0.6970 0.0000
vn 0.7051 0.7091 -0.0000
vn 0.5755 -0.5748 -0.5818
vn 0.5769 -0.5767 -0.5785
vn 0.5769 -0.5767 0.5785
vn 0.5755 -0.5748 0.5817
vn -0.7114 0.7028 0.0000
vn -0.7171 -0.6970 -0.0003
vn -0.7171 -0.6970 0.0000
vn 0.6919 0.7220 0.0000
vn 0.6919 0.7220 0.0002
vn 0.7093 0.7049 0.0000
vn 0.7087 0.0000 -0.7055
vn 0.6956 -0.0000 -0.7184
vn -0.7009 0.7132 0.0000
vn 0.6926 0.7213 0.0002
vn -0.6977 -0.7164 0.0000
vn -0.6970 -0.7171 0.0000
vn -0.6970 -0.7171 -0.0002
vn -0.7085 -0.7057 0.0000
vn 0.0000 -0.7152 -0.6989
vn 0.0000 -0.7022 -0.7120
vn -0.5778 -0.5790 -0.5753
vn -0.5775 -0.5778 -0.5768
vn 0.7028 0.7114 0.0000
vn 0.7143 0.6999 0.0000
vn 0.7143 0.6999 -0.0003
vn 0.6926 -0.7213 0.0000
vn 0.6926 -0.7213 -0.0001
vn 0.7021 0.0000 0.7120
vn 0.7152 0.0000 0.6989
vn 0.7022 0.0000 0.7120
vn -0.5751 -0.5822 0.5747
vn -0.5771 -0.5780 0.5770
vn -0.5830 0.5747 -0.5743
vn -0.5788 0.5766 -0.5766
vn -0.7051 0.7091 0.0000
vn -0.7051 0.7091 0.0001
vn -0.7173 0.6968 -0.0000
vn 0.6926 0.7213 0.0003
vn -0.7085 0.7057 0.0000
vn -0.6970 0.7171 0.0000
vn 0.5748 -0.5755 -0.5818
vn 0.5748 -0.5755 0.5817
vn 0.5767 -0.5769 0.5785
vn 0.5767 -0.5769 -0.5785
vn 0.6956 0.7184 0.0002
vn 0.6956 0.7184 0.0000
vn -0.7022 0.7120 0.0000
vn -0.7021 0.7120 0.0000
vn -0.7006 0.7136 0.0000
vn 0.7051 -0.7091 0.0000
vn 0.7051 -0.7091 -0.0001
vn -0.7087 0.0000 -0.7055
vn -0.7178 -0.6962 -0.0001
vn -0.7094 0.7049 -0.0000
vn -0.7173 0.6968 0.0001
vn 0.5750 -0.5777 -0.5793
vn 0.5745 -0.5778 -0.5797
vn 0.5791 -0.5736 -0.5793
vn 0.5788 -0.5745 -0.5788
vn 0.5747 0.5756 0.5817
vn 0.5765 0.5771 0.5784
vn 0.5771 0.5779 0.5770
vn 0.5756 0.5799 0.5765
vn 0.5761 0.5809 0.5750
vn 0.5747 -0.5824 0.5749
vn 0.5768 -0.5782 0.5771
vn 0.5773 0.5779 0.5768
vn -0.5744 -0.5830 -0.5746
vn -0.5792 -0.5776 -0.5752
vn -0.5777 -0.5774 -0.5770
vn -0.5767 -0.5782 -0.5771
vn 0.7152 -0.0001 -0.6989
vn 0.7152 0.0000 -0.6989
vn 0.7152 -0.0001 0.6989
vn 0.7100 -0.7042 0.0000
vn 0.7185 0.6955 0.0000
vn 0.7100 -0.7042 0.0001
vn -0.5773 -0.5773 0.5774
vn -0.5773 -0.5774 0.5774
vn -0.5774 -0.5773 0.5774
vn 0.0000 0.6956 0.7184
vn 0.0001 0.6956 0.7184
vn 0.5773 0.5773 0.5774
vn -0.5774 0.5774 0.5773
vn -0.5774 0.5773 0.5774
vn 0.5774 0.5773 0.5774
vn -0.5773 -0.5774 0.5773
vn -0.5774 -0.5773 0.5773
vn -0.5773 0.5773 0.5774
vn 0.5773 -0.5773 0.5774
vn 0.5773 -0.5774 0.5773
vn 0.5774 -0.5774 0.5773
vn 0.5774 -0.5773 0.5773
vn -0.5774 0.5773 0.5773
vn 0.5773 0.5774 0.5773
vn -0.7051 0.7091 -0.0001
vn -0.7104 0.7038 0.0001
vn 0.5752 0.5777 0.5791
vn 0.5768 0.5775 0.5778
vn -0.6970 -0.7171 0.0004
vn 0.5832 -0.5745 -0.5743
vn 0.5789 -0.5767 -0.5764
vn -0.5782 -0.5768 -0.5771
vn -0.5804 -0.5762 -0.5754
vn 0.5755 0.5804 -0.5762
vn 0.5771 0.5782 -0.5768
vn 0.5766 0.5769 -0.5786
vn 0.5744 0.5755 -0.5821
vn -0.5761 -0.5809 0.5750
vn -0.5747 0.5824 0.5749
vn -0.5768 0.5782 0.5771
vn -0.5773 -0.5779 0.5768
vn -0.5831 -0.5745 -0.5743
vn 0.5804 -0.5762 -0.5755
vn 0.5782 -0.5768 -0.5771
vn -0.5789 -0.5768 -0.5764
vn 0.7183 0.6957 0.0000
vn -0.7171 0.6970 0.0002
vn 0.7171 -0.6970 0.0000
vn 0.7114 0.7028 -0.0001
vn 0.7114 0.7028 0.0000
vn 0.6977 -0.7164 0.0000
vn -0.5753 0.5778 -0.5790
vn -0.5768 0.5775 -0.5778
vn -0.5765 0.5789 -0.5767
vn -0.5744 0.5831 -0.5745
vn 0.7128 -0.7013 0.0000
vn 0.7157 0.6984 -0.0002
vn 0.7157 0.6984 0.0000
vn -0.7071 -0.7072 -0.0000
vn 0.7016 -0.7125 -0.0001
vn 0.7016 -0.7125 0.0000
vn -0.6943 -0.7197 -0.0000
vn -0.5778 0.5753 -0.5790
vn -0.5832 0.5743 -0.5745
vn -0.5789 0.5764 -0.5768
vn -0.5775 0.5768 -0.5778
vn 0.5831 -0.5745 0.5744
vn -0.5804 -0.5763 0.5753
vn -0.5782 -0.5770 0.5769
vn 0.5789 -0.5767 0.5765
vn -0.7152 0.0000 -0.6989
vn -0.7022 0.0000 -0.7120
vn -0.5820 -0.5752 0.5748
vn -0.5764 -0.5807 0.5749
vn -0.5766 -0.5801 0.5754
vn -0.5812 -0.5755 0.5753
vn -0.5756 0.5813 -0.5752
vn -0.5755 -0.5815 -0.5750
vn -0.5770 -0.5779 -0.5772
vn -0.5771 0.5779 -0.5771
vn 0.5773 0.5774 0.5774
vn -0.5774 -0.5774 0.5773
vn 0.5774 -0.5773 0.5774
vn 0.5781 -0.5783 0.5756
vn 0.5836 -0.5743 0.5741
vn 0.5782 -0.5770 0.5769
vn 0.5774 -0.5775 0.5772
vn -0.6955 -0.7185 -0.0000
vn 0.6955 0.7185 -0.0000
vn 0.5744 0.5831 -0.5745
vn 0.5753 -0.5804 -0.5763
vn 0.5768 -0.5782 -0.5770
vn 0.5765 0.5789 -0.5767
vn -0.6999 -0.7143 0.0000
vn 0.5759 -0.5767 -0.5795
vn -0.0000 -0.7075 -0.7067
vn 0.5757 -0.5767 -0.5796
vn -0.5752 0.5777 0.5791
vn -0.5768 0.5775 0.5778
vn -0.7072 0.7071 0.0000
vn -0.5755 -0.5821 -0.5744
vn -0.5769 -0.5786 -0.5766
vn -0.5771 0.5784 -0.5765
vn -0.5756 0.5817 -0.5747
vn 0.7087 0.7055 0.0001
vn 0.0000 0.7118 -0.7024
vn -0.5799 0.5765 0.5756
vn 0.5830 0.5748 0.5743
vn -0.5779 0.5770 0.5771
vn -0.5770 -0.5759 -0.5791
vn -0.5769 -0.5756 -0.5795
vn -0.5723 -0.5802 -0.5795
vn -0.5734 -0.5796 -0.5789
vn -0.5832 -0.5745 -0.5743
vn 0.5804 -0.5762 -0.5754
vn -0.5789 -0.5767 -0.5764
vn -0.7157 0.6984 0.0000
vn -0.7128 -0.7013 0.0000
vn -0.7028 -0.7114 0.0001
vn 0.6970 -0.7171 0.0000
vn -0.7104 -0.7038 -0.0002
vn 0.5753 -0.5802 0.5765
vn 0.5743 0.5830 0.5747
vn 0.5766 0.5788 0.5766
vn 0.5770 -0.5780 0.5771
vn -0.7013 0.7128 0.0002
vn -0.7128 0.7013 0.0000
vn -0.7013 0.7128 0.0000
vn 0.5815 -0.5755 -0.5750
vn 0.5766 -0.5804 -0.5750
vn 0.5773 -0.5779 -0.5769
vn 0.5779 -0.5770 -0.5771
vn -0.5777 0.5752 0.5791
vn -0.5775 0.5768 0.5778
vn 0.0001 -0.7022 0.7120
vn -0.0000 0.7022 -0.7120
vn -0.0000 0.7021 -0.7120
vn -0.0000 -0.6956 -0.7184
vn -0.0000 0.7101 0.7041
vn -0.0000 0.7057 0.7085
vn -0.5804 -0.5766 -0.5750
vn -0.5779 -0.5773 -0.5769
vn -0.5758 -0.5768 -0.5794
vn -0.5756 -0.5768 -0.5797
vn -0.7088 0.7055 0.0000
vn -0.5801 -0.5769 -0.5751
vn -0.5777 -0.5775 -0.5769
vn -0.5771 -0.5779 -0.5771
vn -0.5756 -0.5813 -0.5752
vn 0.0001 -0.7052 0.7090
vn 0.0000 -0.7052 0.7090
vn 0.0000 -0.7096 0.7047
vn 0.0000 -0.7096 0.7046
vn -0.5743 0.5836 0.5742
vn -0.5794 0.5779 0.5748
vn -0.5790 0.5778 0.5753
vn -0.5748 0.5825 0.5748
vn 0.7024 0.7118 0.0001
vn 0.7024 0.7118 0.0000
vn -0.5798 0.5771 0.5752
vn 0.5836 0.5742 0.5742
vn 0.5781 0.5770 0.5769
vn -0.5777 0.5773 0.5770
vn -0.0002 0.6956 -0.7184
vn 0.0000 0.6956 -0.7184
vn 0.5798 0.5771 -0.5752
vn -0.5836 0.5742 -0.5742
vn -0.5781 0.5770 -0.5769
vn 0.5777 0.5773 -0.5770
vn -0.5830 0.5743 0.5747
vn -0.5788 0.5766 0.5767
vn 0.5773 0.5773 -0.5774
vn 0.5774 0.5773 -0.5774
vn 0.5773 0.5774 -0.5774
vn 0.5808 -0.5761 -0.5751
vn 0.5778 -0.5772 -0.5771
vn -0.5830 -0.5743 0.5747
vn -0.5788 -0.5766 0.5766
vn -0.5775 -0.5768 0.5778
vn -0.5777 -0.5752 0.5791
vn -0.5815 0.5755 -0.5750
vn -0.5766 0.5804 -0.5750
vn -0.5773 0.5779 -0.5769
vn -0.5779 0.5770 -0.5771
vn 0.5755 0.5815 0.5750
vn 0.5770 0.5779 0.5771
vn 0.5779 0.5773 0.5769
vn 0.5804 0.5766 0.5750
vn -0.6911 0.7227 0.0000
vn -0.6911 0.7227 -0.0002
vn 0.7183 -0.6957 -0.0000
vn 0.7003 -0.7139 0.0000
vn -0.6956 0.0000 -0.7184
vn 0.5830 0.5744 -0.5746
vn 0.5782 0.5767 -0.5771
vn 0.5824 0.5747 0.5749
vn 0.5782 0.5768 0.5771
vn -0.5830 -0.5744 0.5746
vn -0.5782 -0.5767 0.5771
vn -0.6943 -0.7197 0.0003
vn -0.5755 -0.5818 0.5748
vn -0.5768 -0.5785 0.5767
vn 0.5761 -0.5808 0.5751
vn 0.5809 -0.5761 0.5750
vn 0.5780 -0.5773 0.5768
vn 0.5772 -0.5778 0.5771
vn 0.5825 0.5746 -0.5749
vn 0.5780 0.5769 -0.5772
vn 0.5799 0.5756 0.5765
vn 0.5779 0.5771 0.5771
vn 0.7161 0.6980 -0.0001
vn 0.7161 -0.6980 -0.0001
vn 0.5804 0.5755 -0.5762
vn 0.5782 0.5771 -0.5768
vn -0.5744 0.5830 0.5746
vn -0.5792 0.5776 0.5752
vn -0.5777 0.5774 0.5770
vn -0.5767 0.5782 0.5771
vn 0.5789 0.5778 0.5753
vn 0.5776 0.5776 0.5769
vn 0.5768 -0.5775 -0.5778
vn 0.5753 -0.5778 -0.5790
vn 0.7072 -0.7071 -0.0000
vn -0.5781 -0.5783 -0.5756
vn -0.5836 -0.5743 -0.5741
vn -0.5782 -0.5770 -0.5769
vn -0.5774 -0.5775 -0.5772
vn -0.5799 0.5765 -0.5756
vn 0.5788 0.5766 -0.5766
vn 0.5830 0.5748 -0.5743
vn -0.5746 0.5825 -0.5749
vn -0.5769 0.5780 -0.5772
vn 0.5755 0.5817 -0.5748
vn 0.5802 0.5765 -0.5753
vn 0.5780 0.5771 -0.5770
vn 0.5769 0.5785 -0.5767
vn -0.7027 0.7115 -0.0001
vn -0.7027 0.7115 0.0000
vn -0.5836 0.5743 0.5741
vn 0.5795 0.5772 0.5754
vn 0.5776 0.5773 0.5771
vn -0.5782 0.5770 0.5769
vn 0.7161 -0.6980 -0.0002
vn 0.7082 -0.7060 0.0000
vn -0.7098 -0.7044 0.0000
vn -0.7098 -0.7044 0.0001
vn 0.6955 -0.7185 -0.0002
vn 0.6955 -0.7185 0.0000
vn -0.5782 0.5768 -0.5770
vn -0.5804 0.5753 -0.5763
vn 0.6919 -0.7220 -0.0005
vn 0.6919 -0.7220 0.0000
vn 0.5741 0.5787 -0.5792
vn 0.5736 0.5789 -0.5795
vn 0.5777 0.5791 0.5752
vn 0.7071 0.0000 0.7072
vn 0.5775 0.5778 0.5768
vn -0.5774 -0.5774 -0.5773
vn -0.5774 0.5774 -0.5773
vn -0.5774 0.5773 -0.5774
vn -0.5773 0.5773 -0.5774
vn -0.5773 -0.5774 -0.5773
vn -0.7071 -0.0000 -0.7071
vn -0.5743 0.5836 -0.5741
vn -0.5769 0.5782 -0.5770
vn 0.7051 0.7091 -0.0001
vn 0.5751 0.5822 0.5747
vn 0.5771 0.5780 0.5770
vn 0.5776 -0.5792 -0.5752
vn 0.5774 -0.5777 -0.5770
vn -0.5769 0.5767 -0.5785
vn -0.5755 0.5748 -0.5818
vn -0.6970 0.7171 -0.0002
vn -0.7024 -0.7118 0.0000
vn -0.7024 -0.7118 0.0002
vn -0.7100 -0.7042 -0.0001
vn -0.6984 -0.7157 0.0000
vn -0.6984 -0.7157 0.0002
vn -0.7100 -0.7042 0.0000
vn -0.7071 -0.0000 0.7071
vn -0.7022 -0.0000 0.7120
vn -0.7021 -0.0000 0.7120
vn 0.6956 0.0001 0.7184
vn 0.6956 -0.0000 0.7184
vn -0.7152 -0.0002 -0.6989
vn -0.7152 -0.0002 0.6989
vn -0.7152 -0.0000 0.6989
vn -0.5751 0.5822 -0.5747
vn -0.5761 -0.5808 -0.5751
vn -0.5772 -0.5778 -0.5771
vn -0.5771 0.5780 -0.5770
vn 0.7088 0.0000 0.7055
vn 0.5781 0.5783 -0.5756
vn 0.5774 0.5775 -0.5772
vn 0.6999 0.7143 0.0000
vn -0.6999 0.7143 0.0000
vn -0.5797 -0.5733 -0.5790
vn -0.5801 -0.5724 -0.5795
vn 0.7031 0.7111 -0.0001
vn 0.7138 0.7004 0.0000
vn 0.7138 0.7004 0.0002
vn 0.5778 -0.5790 0.5753
vn 0.5832 -0.5745 0.5743
vn 0.5789 -0.5767 0.5764
vn 0.5775 -0.5778 0.5768
vn 0.7183 0.6957 -0.0002
vn -0.7152 0.6989 -0.0000
vn -0.7152 -0.6989 -0.0002
vn -0.7152 -0.6989 0.0000
vn 0.5743 0.5835 0.5742
vn 0.5764 -0.5807 0.5749
vn 0.5766 -0.5801 0.5753
vn 0.5748 0.5825 0.5747
vn 0.0001 -0.7022 -0.7120
vn 0.5774 0.5774 -0.5773
vn -0.5773 0.5774 -0.5774
vn 0.5773 -0.5773 -0.5774
vn 0.5774 -0.5774 -0.5773
vn -0.5774 -0.5773 -0.5773
vn 0.5774 -0.5773 -0.5773
vn 0.5773 0.5774 -0.5773
vn -0.5773 0.5774 -0.5773
vn -0.7185 0.6955 -0.0003
vn -0.7185 0.6955 0.0000
vn 0.5802 -0.5753 0.5765
vn 0.5780 -0.5770 0.5771
vn -0.0002 -0.7152 0.6989
vn 0.6926 -0.7213 -0.0002
vn -0.5773 0.5774 0.5774
vn -0.5824 -0.5747 0.5749
vn -0.5782 -0.5768 0.5771
vn -0.5747 -0.5824 -0.5749
vn -0.5768 -0.5782 -0.5771
vn 0.5743 -0.5832 -0.5745
vn 0.5764 -0.5789 -0.5767
vn 0.0000 -0.7173 0.6967
vn 0.0000 -0.7064 0.7078
vn 0.5773 -0.5774 -0.5773
vn 0.5773 -0.5774 -0.5774
vn 0.5774 0.5773 -0.5773
vn -0.7022 0.0001 0.7120
vn 0.5799 0.5765 -0.5756
vn -0.5830 0.5748 -0.5743
vn 0.5779 0.5770 -0.5771
vn -0.5804 -0.5762 0.5755
vn 0.5746 0.5825 0.5749
vn 0.5769 0.5780 0.5772
vn -0.7066 -0.7076 0.0000
vn -0.7108 -0.7034 -0.0003
vn -0.7066 -0.7076 0.0001
vn 0.5776 -0.5775 -0.5770
vn 0.5758 -0.5767 -0.5795
vn 0.5776 -0.5775 -0.5769
vn 0.7171 0.6970 -0.0003
vn 0.7071 0.0000 -0.7071
vn 0.5774 -0.5773 -0.5774
vn 0.0000 -0.7087 0.7055
vn -0.0001 -0.7152 -0.6989
vn 0.0000 1.0000 0.0017
vn -0.7066 0.7076 0.0011
vn -0.7088 0.7054 -0.0036
vn -0.7068 0.7074 -0.0013
vn 0.7066 0.7076 0.0011
vn 0.7088 0.7054 -0.0036
vn 0.7068 0.7074 -0.0013
vn 0.7070 -0.7072 -0.0016
vn 0.7220 -0.6917 -0.0165
vn -0.7103 0.7039 -0.0016
vn 0.7050 -0.7092 -0.0009
vn 0.7075 -0.7067 -0.0002
vn 0.6990 -0.7150 0.0105
vn 0.6932 -0.7207 0.0106
vn -0.7070 0.7071 -0.0080
vn 0.7103 0.7039 -0.0016
vn 0.7043 0.7099 0.0091
vn -0.7043 0.7099 0.0091
vn 0.5662 0.8067 0.1693
vn 0.5774 0.5773 0.5773
vn -0.5773 0.5774 0.5773
vn -0.0001 -0.7071 0.7071
vn 0.5773 -0.5774 0.5774
vn -0.5772 0.5795 0.5754
vn -0.5773 0.5776 0.5771
vn 0.5779 0.5752 -0.5790
vn 0.5780 0.5748 -0.5793
vn 0.5813 0.5756 -0.5752
vn 0.5779 0.5771 -0.5771
vn -0.6912 -0.7227 0.0003
vn -0.6912 -0.7227 0.0000
vn -0.7013 -0.7128 -0.0000
vn 0.5755 -0.5821 -0.5744
vn 0.5756 0.5817 -0.5747
vn 0.5771 0.5784 -0.5765
vn 0.5769 -0.5786 -0.5766
vn -0.0000 0.7088 0.7055
vn 0.0000 0.7087 0.7055
vn 0.5793 0.5779 0.5748
vn 0.5790 0.5778 0.5752
vn -0.5836 -0.5742 0.5742
vn -0.5781 -0.5770 0.5769
vn 0.5766 0.5804 0.5750
vn 0.5744 -0.5830 0.5746
vn 0.5767 -0.5782 0.5771
vn 0.5773 0.5779 0.5769
vn -0.5831 -0.5745 -0.5744
vn 0.5804 -0.5763 -0.5753
vn 0.5782 -0.5770 -0.5768
vn -0.5789 -0.5767 -0.5765
vn -0.5753 -0.5802 0.5765
vn -0.5770 -0.5780 0.5771
vn -0.5766 0.5788 0.5766
vn -0.5743 0.5830 0.5747
vn 0.5782 -0.5768 -0.5770
vn 0.5804 -0.5753 -0.5763
vn -0.6956 -0.0004 -0.7184
vn -0.5766 -0.5804 0.5750
vn -0.5773 -0.5779 0.5769
vn 0.5801 0.5769 0.5751
vn 0.5756 0.5813 0.5752
vn 0.5771 0.5779 0.5771
vn 0.5777 0.5775 0.5769
vn 0.5746 -0.5825 -0.5749
vn 0.5769 0.5801 -0.5751
vn 0.5775 0.5777 -0.5769
vn 0.5769 -0.5780 -0.5772
vn -0.7006 -0.7136 0.0000
vn 0.0000 0.7088 -0.7055
vn -0.5795 -0.5772 0.5754
vn -0.5776 -0.5773 0.5771
vn -0.7067 -0.7075 0.0000
vn 0.5747 0.5824 -0.5749
vn 0.5768 0.5782 -0.5771
vn 0.7021 -0.7120 0.0000
vn 0.7152 -0.6989 0.0000
vn 0.7152 -0.6989 0.0001
vn 0.5778 -0.5789 -0.5753
vn 0.5776 -0.5776 -0.5769
vn 0.5780 -0.5769 -0.5772
vn 0.5825 -0.5746 -0.5749
vn -0.5825 0.5746 0.5749
vn -0.5780 0.5769 0.5772
vn 0.5830 0.5747 0.5743
vn 0.5830 -0.5744 -0.5746
vn 0.5782 -0.5767 -0.5771
vn 0.0002 0.6956 0.7184
vn 0.7022 -0.0001 -0.7120
vn 0.7022 0.0000 -0.7120
vn 0.5824 -0.5747 -0.5749
vn -0.5824 0.5747 -0.5749
vn -0.5771 0.5798 -0.5752
vn -0.5773 0.5777 -0.5770
vn -0.5782 0.5768 -0.5771
vn -0.5815 -0.5755 0.5750
vn -0.5779 -0.5770 0.5771
vn -0.5768 -0.5782 -0.5770
vn -0.5753 -0.5804 -0.5763
vn 0.5771 0.5798 0.5752
vn 0.5773 0.5777 0.5770
vn 0.5792 -0.5776 0.5752
vn 0.5777 -0.5774 0.5770
vn 0.5761 -0.5809 -0.5750
vn 0.5773 -0.5779 -0.5768
vn -0.5746 -0.5825 0.5749
vn -0.5769 0.5801 0.5751
vn -0.5775 0.5777 0.5769
vn -0.5769 -0.5780 0.5772
vn 0.7024 0.7118 0.0002
vn -0.7185 0.6955 0.0002
vn -0.5830 0.5744 0.5746
vn -0.5782 0.5767 0.5771
vn -0.5774 0.5777 0.5770
vn -0.5776 0.5792 0.5752
vn -0.5757 -0.5768 -0.5796
vn 0.5755 -0.5815 0.5750
vn 0.5804 -0.5766 0.5750
vn 0.5779 -0.5773 0.5769
vn 0.5770 -0.5779 0.5771
vn -0.5789 -0.5778 0.5753
vn -0.5776 -0.5776 0.5769
vn -0.5809 -0.5761 -0.5750
vn -0.5779 -0.5773 -0.5768
vn 0.5798 -0.5771 0.5752
vn 0.5777 -0.5773 0.5770
vn -0.5813 0.5756 0.5752
vn -0.5779 0.5771 0.5771
vn 0.7027 0.7115 0.0000
vn 0.5815 0.5755 0.5750
vn 0.5779 0.5770 0.5771
vn 0.7157 -0.6984 0.0002
vn 0.7042 -0.7100 0.0000
vn 0.7042 -0.7100 -0.0001
vn 0.7157 -0.6984 0.0000
vn 0.7104 0.7038 0.0000
vn 0.7104 -0.7038 0.0001
vn -0.5769 -0.5801 -0.5751
vn -0.5813 -0.5756 -0.5752
vn -0.5779 -0.5771 -0.5771
vn -0.5775 -0.5777 -0.5769
vn -0.5755 0.5815 -0.5750
vn -0.5770 0.5779 -0.5771
vn -0.5779 0.5773 -0.5769
vn -0.5804 0.5766 -0.5750
vn -0.5781 0.5754 -0.5786
vn -0.5774 0.5773 -0.5773
vn 0.5797 -0.5733 -0.5790
vn 0.5801 -0.5725 -0.5794
vn 0.0003 -0.6956 -0.7184
vn 0.7028 -0.7114 0.0000
vn -0.5801 0.5769 -0.5751
vn -0.5777 0.5775 -0.5769
vn -0.5802 0.5753 0.5765
vn -0.5780 0.5770 0.5771
vn -0.7178 0.6962 -0.0002
vn -0.5799 -0.5730 -0.5791
vn -0.5801 -0.5726 -0.5793
vn 0.7171 -0.6970 0.0002
vn -0.7157 0.6984 0.0002
vn 0.5788 0.5745 -0.5788
vn 0.5791 0.5737 -0.5792
vn -0.5782 -0.5770 0.5768
vn 0.5789 -0.5778 -0.5753
vn 0.5820 -0.5752 0.5748
vn 0.5812 -0.5756 0.5753
vn 0.5801 -0.5769 0.5751
vn 0.5777 -0.5775 0.5769
vn 0.5771 -0.5779 0.5771
vn 0.5756 -0.5813 0.5752
vn -0.5771 -0.5798 0.5752
vn -0.5773 -0.5777 0.5770
vn 0.6984 -0.7157 0.0000
vn 0.7085 0.7057 0.0000
vn 0.6970 0.7171 0.0000
vn -0.7072 -0.0000 -0.7070
vn -0.5742 -0.5836 -0.5742
vn -0.5770 -0.5781 -0.5769
vn -0.7009 0.7132 -0.0001
vn 0.5769 -0.5801 0.5751
vn 0.5775 -0.5777 0.5769
vn -0.7009 0.7132 0.0001
vn 0.6970 -0.7171 -0.0002
vn 0.5772 0.5795 -0.5754
vn 0.5822 0.5751 -0.5747
vn 0.5773 0.5776 -0.5771
vn 0.5809 0.5761 -0.5750
vn 0.5779 0.5773 -0.5768
vn -0.5825 -0.5746 0.5749
vn -0.5780 -0.5769 0.5772
vn -0.5778 -0.5789 0.5753
vn 0.5813 -0.5756 0.5752
vn 0.5779 -0.5771 0.5771
vn 0.5744 0.5830 -0.5746
vn 0.5767 0.5782 -0.5771
vn -0.7042 0.7100 0.0000
vn -0.7042 0.7100 -0.0001
vn 0.7183 -0.6957 0.0001
vn 0.7003 -0.7139 -0.0001
vn 0.5792 0.5776 -0.5752
vn 0.5777 0.5774 -0.5770
vn -0.5778 0.5789 0.5753
vn -0.5776 0.5776 0.5769
vn 0.7016 0.7125 0.0001
vn 0.5783 -0.5781 -0.5756
vn 0.5743 -0.5836 -0.5741
vn 0.5769 -0.5782 -0.5770
vn 0.5775 -0.5774 -0.5772
vn -0.5822 0.5751 0.5747
vn -0.7042 -0.7100 0.0000
vn -0.7042 -0.7100 0.0001
vn 0.5822 -0.5751 0.5747
vn 0.5780 -0.5771 0.5770
vn 0.5775 -0.5778 0.5767
vn 0.6984 0.7157 -0.0000
vn 0.7100 0.7042 0.0000
vn 0.7100 0.7042 -0.0001
vn 0.5755 -0.5818 -0.5748
vn 0.5769 -0.5785 -0.5767
vn 0.6984 -0.7157 0.0001
vn 0.0000 -0.6953 0.7187
vn -0.0000 0.7051 0.7092
vn -0.0002 -0.6953 0.7187
vn -0.0002 -0.6995 -0.7146
vn -0.0001 -0.7105 -0.7037
vn 0.0000 -0.6995 -0.7146
vn -0.7013 -0.7128 0.0001
vn 0.6919 -0.7220 -0.0001
vn 0.6919 -0.7220 -0.0002
vn -0.7006 -0.7136 0.0001
vn 0.5795 -0.5772 -0.5754
vn 0.5776 -0.5773 -0.5771
vn 0.7028 -0.7114 -0.0002
vn 0.7143 -0.6999 0.0000
vn 0.7143 -0.6999 0.0003
vn 0.6956 -0.0002 0.7184
vn 0.7088 -0.7055 -0.0000
vn 0.6919 0.7220 -0.0002
vn 0.0000 -0.7087 -0.7055
vn 0.7185 -0.6955 -0.0003
vn 0.7185 -0.6955 0.0000
vn -0.5769 0.5767 0.5785
vn -0.5755 0.5748 0.5817
vn 0.7016 0.7125 -0.0001
vn 0.0002 -0.7152 -0.6989
vn -0.0000 0.7009 -0.7132
vn 0.0004 0.7009 -0.7132
vn 0.7143 -0.6999 0.0001
vn -0.7024 -0.7118 0.0004
vn -0.7021 -0.7120 0.0000
vn 0.6956 -0.7184 -0.0002
vn 0.6956 -0.7184 0.0000
vn 0.7052 -0.7090 -0.0002
vn -0.7157 -0.6984 0.0000
vn -0.7128 0.7013 0.0001
vn -0.7157 -0.6984 -0.0002
vn -0.5748 -0.5755 0.5817
vn -0.5767 -0.5769 0.5785
vn -0.7021 -0.0000 -0.7120
vn -0.0002 -0.6956 0.7184
vn -0.0001 0.7022 0.7120
vn -0.5783 0.5781 -0.5756
vn -0.5775 0.5774 -0.5772
vn 0.7013 0.7128 -0.0000
vn 0.0002 0.7152 -0.6989
vn -0.0003 0.7152 0.6989
vn 0.5808 0.5761 0.5751
vn 0.5778 0.5772 0.5771
vn 0.7021 0.0000 -0.7120
vn 0.7104 0.7038 -0.0002
vn 0.7051 0.7091 0.0002
vn 0.5751 -0.5822 -0.5747
vn 0.5761 0.5808 -0.5751
vn 0.5772 0.5778 -0.5771
vn 0.5771 -0.5780 -0.5770
vn 0.7128 0.7013 0.0000
vn 0.7013 -0.7128 0.0002
vn 0.7013 -0.7128 0.0000
vn -0.6984 0.7157 0.0001
vn 0.7114 -0.7028 0.0001
vn 0.5775 0.5778 -0.5768
vn 0.5777 0.5791 -0.5752
vn -0.5767 -0.5769 -0.5785
vn -0.5748 -0.5755 -0.5818
vn -0.7051 -0.7091 0.0001
vn 0.7013 0.7128 0.0001
vn 0.7052 0.7090 0.0002
vn 0.7052 0.7090 0.0000
vn -0.5769 0.5760 -0.5792
vn -0.5768 0.5758 -0.5795
vn -0.6956 -0.7184 0.0004
vn 0.7128 -0.7013 0.0001
vn 0.0003 0.7152 0.6989
vn 0.7024 -0.7118 -0.0002
vn 0.5775 -0.5778 -0.5768
vn 0.5778 -0.5790 -0.5753
vn 0.7071 -0.0000 -0.7072
vn 0.0000 -0.7079 -0.7063
vn -0.0001 -0.7079 -0.7063
vn -0.0000 0.7087 -0.7055
vn 0.0002 -0.7036 -0.7106
vn -0.7088 0.0001 -0.7055
vn 0.0000 -0.7070 0.7072
vn 0.7152 0.6989 0.0000
vn -0.0002 -0.7022 -0.7120
vn 0.5783 0.5781 0.5756
vn 0.5775 0.5774 0.5772
vn 0.6984 0.7157 0.0002
vn 0.7003 0.7139 0.0002
vn 0.7152 -0.0002 0.6989
vn 0.7183 -0.6957 -0.0002
vn -0.5808 -0.5761 0.5751
vn -0.5778 -0.5772 0.5771
vn 0.5742 -0.5836 0.5742
vn 0.5770 -0.5781 0.5769
vn -0.7114 0.7028 0.0001
vn -0.7138 0.7004 0.0000
vn -0.7138 0.7004 -0.0003
vn -0.7031 0.7111 0.0000
vn -0.7031 0.7111 0.0001
vn 0.0000 -0.7070 -0.7072
vn 0.7183 0.6957 0.0002
vn 0.7185 0.6955 0.0002
vn -0.0002 -0.6956 -0.7184
vn 0.7185 -0.6955 0.0002
vn 0.7027 0.7115 -0.0002
vn 0.7103 -0.7039 0.0002
vn 0.7093 0.7049 -0.0003
vn 0.7103 -0.7039 0.0000
vn 0.7104 -0.7038 -0.0002
vn -0.7049 -0.7093 0.0000
vn -0.7102 -0.7040 -0.0000
vn -0.7040 -0.7102 0.0000
vn 0.7133 0.7008 0.0002
vn 0.7133 0.7008 0.0000
vn -0.7028 -0.7114 0.0002
vn 0.7118 -0.7024 0.0000
vn 0.7049 0.7093 -0.0000
vn -0.7082 0.7060 0.0000
vn 0.7115 0.7027 0.0003
vn 0.7115 0.7027 0.0000
vn -0.7082 0.7060 -0.0001
vn -0.7087 0.7056 0.0000
vn -0.7015 -0.7126 0.0000
vn -0.7030 0.7112 0.0000
vn -0.7030 0.7112 0.0002
vn 0.7113 -0.7029 0.0002
vn 0.7099 0.7043 0.0000
vn 0.7099 0.7043 -0.0003
vn 0.7113 -0.7029 0.0000
vn -0.7126 -0.7016 -0.0002
vn -0.7038 0.7104 0.0002
vn -0.7038 0.7104 0.0000
vn 0.7008 0.7133 0.0000
vn 0.7008 0.7133 -0.0002
vn -0.7114 -0.7028 -0.0005
usemtl 64,64,64
s 1
f 2635/1/1 2627/2/2 2546/3/2 2554/4/1
f 36/5/3 37/6/3 25/7/3 26/8/3 34/9/3 35/10/3
f 2540/11/4 2541/12/4 2542/13/4 2543/14/4 2505/15/4 2506/16/4 2552/17/4 2553/18/4 2554/19/4 2546/20/4 2585/21/4 2586/22/4 2587/23/4 2588/24/4 2589/25/4 2590/26/4 2512/27/4 2513/28/4 2514/29/4 2515/30/4 2516/31/4 2517/32/4 2518/33/4 2510/34/4 2511/35/4 2580/36/4 2581/37/4 2573/38/4 2574/39/4 2575/40/4 2576/41/4 2572/42/4 2564/43/4 2509/44/4 2501/45/4 2502/46/4 2503/47/4 2504/48/4 2525/49/4 2526/50/4 2527/51/4 2519/52/4 2520/53/4 2521/54/4 2522/55/4 2523/56/4 2528/57/4 2529/58/4 2530/59/4 2531/60/4 2544/61/4 2545/62/4 2537/63/4 2538/64/4 2539/65/4
f 2637/66/5 2638/67/6 2539/68/6 2538/69/5
f 3671/70/7 3672/71/8 3591/72/8 3590/73/9
f 66/74/10 75/75/11 65/76/12
f 65/76/12 75/75/11 67/77/13
f 65/76/12 67/77/13 64/78/14
f 75/75/11 36/79/15 74/80/16
f 74/80/16 36/79/15 35/81/16
f 74/80/16 35/81/16 73/82/16
f 73/82/16 35/81/16 34/83/16
f 73/82/16 34/83/16 10/84/17
f 73/82/16 10/84/17 72/85/17
f 72/86/17 10/87/17 9/88/17
f 72/86/17 9/88/17 50/89/17
f 72/86/17 50/89/17 71/90/17
f 71/90/17 50/89/17 51/91/17
f 71/90/17 51/91/17 52/92/17
f 53/93/17 54/94/18 52/92/17
f 52/92/17 54/94/18 70/95/19
f 52/92/17 70/95/19 71/90/17
f 54/94/18 55/96/19 70/95/19
f 70/95/19 55/96/19 56/97/20
f 70/95/19 56/97/20 69/98/21
f 69/98/21 57/99/22 58/100/23
f 69/98/21 58/100/23 68/101/24
f 68/101/24 58/100/23 59/102/12
f 68/101/24 59/102/12 60/103/12
f 60/103/12 61/104/25 68/101/24
f 463/105/26 153/106/27 152/107/28 462/108/29
f 122/109/30 160/110/31 39/111/32 49/112/33
f 93/113/34 102/114/35 92/115/19
f 92/115/19 102/114/35 94/116/36
f 92/115/19 94/116/36 91/117/37
f 102/114/35 13/118/38 101/119/12
f 101/119/12 13/118/38 45/120/12
f 101/119/12 45/120/12 100/121/12
f 100/121/12 45/120/12 44/122/12
f 100/121/12 44/122/12 6/123/12
f 100/121/12 6/123/12 99/124/12
f 99/124/12 6/123/12 5/125/12
f 99/124/12 5/125/12 76/126/16
f 99/124/12 76/126/16 98/127/16
f 98/127/16 76/126/16 77/128/16
f 98/127/16 77/128/16 78/129/16
f 79/130/16 80/131/39 78/129/16
f 78/129/16 80/131/39 97/132/40
f 78/129/16 97/132/40 98/127/16
f 80/131/39 81/133/41 97/132/40
f 97/132/40 81/133/41 82/134/42
f 476/135/43 477/136/44 478/137/45 146/138/46 145/139/47
f 96/140/48 84/141/49 85/142/17
f 96/140/48 85/142/17 95/143/50
f 95/143/50 85/142/17 86/144/51
f 95/143/50 86/144/51 87/145/52
f 87/145/52 88/146/53 95/143/50
f 61/104/25 62/147/54 67/77/13 68/101/24
f 3058/148/2 3066/149/55 3254/150/55 3253/151/2
f 114/152/3 115/153/3 116/154/3 117/155/3 21/156/3 20/157/3 19/158/3 18/159/3 110/160/3 111/161/3 112/162/3 113/163/3
f 3292/164/56 3291/165/57 3403/166/57 3402/167/58
f 48/168/3 47/169/3 46/170/3 66/171/3 65/172/3 64/173/3 118/174/3 119/175/3 120/176/3 121/177/3 122/178/3 49/179/3
f 3187/180/59 2905/181/12 2904/182/60 3186/183/19
f 3973/184/61 3972/185/62 3838/186/63 3837/187/61
f 277/188/64 276/189/65 169/190/65 168/191/66
f 4007/192/67 4006/193/68 4136/194/68 4144/195/67
f 2461/196/69 2460/197/70 2395/198/71 2394/199/72
f 95/200/3 94/201/3 126/202/3 127/203/3 128/204/3 129/205/3 96/206/3
f 2846/207/73 2847/208/74 2694/209/74 2693/210/75
f 2940/211/76 2939/212/16 3084/213/77 3085/214/78
f 276/189/65 275/215/2 161/216/2 169/190/65
f 160/217/3 152/218/3 153/219/3 161/220/3 162/221/3 163/222/3 164/223/3 165/224/3 166/225/3 167/226/3 168/227/3 169/228/3 154/229/3 155/230/3 156/231/3 157/232/3 158/233/3 159/234/3
f 3184/235/79 3179/236/80 2909/237/81 2908/238/79
f 71/239/3 70/240/3 69/241/3 172/242/3 173/243/3 174/244/3 175/245/3 176/246/3 177/247/3 178/248/3 170/249/3 171/250/3 68/251/3 67/252/3 75/253/3 74/254/3 73/255/3 72/256/3
f 512/257/82 500/258/82 501/259/83 511/260/83
f 298/261/84 297/262/85 30/263/86 29/264/84
f 3678/265/87 3670/266/62 3589/267/62 3597/268/88
f 6/269/17 7/270/17 4/271/89 5/272/17
f 290/273/90 289/274/91 138/275/91 137/276/92
f 2667/277/93 2668/278/94 2515/279/94 2514/280/93
f 276/281/4 277/282/4 254/283/4 255/284/4 256/285/4 248/286/4 249/287/4 250/288/4 251/289/4 252/290/4 253/291/4 278/292/4 279/293/4 280/294/4 281/295/4 294/296/4 295/297/4 200/298/4 201/299/4 202/300/4 190/301/4 230/302/4 231/303/4 232/304/4 233/305/4 234/306/4 235/307/4 236/308/4 205/309/4 206/310/4 207/311/4 208/312/4 209/313/4 210/314/4 211/315/4 203/316/4 189/317/4 188/318/4 187/319/4 186/320/4 192/321/4 193/322/4 217/323/4 218/324/4 219/325/4 220/326/4 212/327/4 213/328/4 214/329/4 228/330/4 229/331/4 221/332/4 222/333/4 223/334/4 224/335/4 225/336/4 226/337/4 195/338/4 196/339/4 245/340/4 246/341/4 247/342/4 287/343/4 288/344/4 289/345/4 290/346/4 291/347/4 297/348/4 298/349/4 267/350/4 268/351/4 269/352/4 270/353/4 271/354/4 272/355/4 273/356/4 274/357/4 266/358/4 299/359/4 300/360/4 301/361/4 293/362/4 260/363/4 261/364/4 262/365/4 263/366/4 264/367/4 265/368/4 257/369/4 258/370/4 283/371/4 275/372/4
f 3762/373/95 3769/374/96 3772/375/97 3756/376/98 3761/377/99
f 3464/378/100 3463/379/101 3451/380/101 3450/381/100
f 3798/382/102 3797/383/103 4119/384/104 4120/385/62
f 204/386/4 205/309/4 236/308/4 237/387/4 238/388/4 230/302/4 190/301/4 189/317/4 203/316/4
f 4047/389/105 4046/390/106 4220/391/106 4219/392/105
f 215/393/4 216/394/4 217/323/4 193/322/4 194/395/4 195/338/4 226/337/4 227/396/4 228/330/4 214/329/4
f 3888/397/107 4245/398/108 4246/399/109 3889/400/109
f 2820/401/110 2821/402/111 2722/403/112 2721/404/110
f 3472/405/113 3471/406/114 3437/407/115 3436/408/101
f 2821/402/111 2822/409/116 2723/410/116 2722/403/112
f 3818/411/117 3817/412/118 4145/413/118 4128/414/4
f 3073/415/119 3074/416/120 2928/417/5 2927/418/121 2926/419/122 3072/420/122
f 3911/421/123 3910/422/124 3999/423/124 3998/424/123
f 534/425/125 532/426/125 524/427/2 533/428/2
f 2897/429/3 2898/430/3 3053/431/3 3054/432/3
f 340/433/3 339/434/3 343/435/3 344/436/3 345/437/3 346/438/3 347/439/3 348/440/3 349/441/3 350/442/3 351/443/3 352/444/3 353/445/3 333/446/3 328/447/3 327/448/3 326/449/3 325/450/3 354/451/3 320/452/3 319/453/3 318/454/3 317/455/3 342/456/3 341/457/3
f 2864/458/126 2865/459/12 2862/460/127 2863/461/128
f 3188/462/129 3189/463/130 2902/464/130 2901/465/129
f 3408/466/131 3286/467/132 3285/468/133 3409/469/62
f 446/470/134 447/471/16 450/472/135 451/473/136
f 2648/474/137 2649/475/93 2532/476/93 2531/477/137
f 3855/478/138 3854/479/139 3959/480/140 3954/481/141
f 2997/482/142 2996/483/143 3198/484/143 3197/485/142
f 3692/486/144 3693/487/145 3576/488/145 3575/489/146
f 2842/490/147 2834/491/17 2699/492/17 2707/493/148
f 2623/494/94 2624/495/149 2561/496/149 2560/497/94
f 3488/498/150 3487/499/141 3425/500/141 3424/501/150
f 3968/502/151 3967/503/152 3843/504/153 3842/505/154
f 3002/506/155 3001/507/156 3193/508/156 3192/509/157
f 2930/510/158 2929/511/16 3075/512/159 3076/513/158
f 3869/514/160 4208/515/161 4209/516/162 3870/517/107
f 2480/518/16 2476/519/16 2437/520/16 2436/521/16
f 2636/522/2 2637/66/5 2538/69/5 2537/523/2
f 3967/524/2 3968/525/2 3991/526/2 3992/527/2 3993/528/2 3994/529/2 3995/530/2 3996/531/2 3988/532/2 3989/533/2 4082/534/2 4083/535/2 4084/536/2 4085/537/2 4045/538/2 4046/539/2 4047/540/2 4048/541/2 4049/542/2 4050/543/2 4042/544/2 4043/545/2 4044/546/2 4086/547/2 4078/548/2 4079/549/2 4080/550/2 3970/551/2 3971/552/2 3972/553/2 3973/554/2 4053/555/2 4054/556/2 4055/557/2 4056/558/2 4057/559/2 4058/560/2 3998/561/2 3999/562/2 4000/563/2 4068/564/2 4060/565/2 4061/566/2 4062/567/2 4063/568/2 4064/569/2 4065/570/2 4066/571/2 4067/572/2 4071/573/2 4072/574/2 3980/575/2 3981/576/2 3982/577/2 3983/578/2 3984/579/2 3985/580/2 3986/581/2 3962/582/2 3963/583/2 3964/584/2 3965/585/2 3966/586/2
f 3008/587/163 3007/588/164 3205/589/165 3204/590/166
f 3656/591/146 3657/592/145 3612/593/145 3611/594/146
f 2416/595/12 2415/596/167 2397/597/167 2405/598/12
f 3940/599/168 3930/600/169 3773/601/170 3776/602/171
f 2814/603/172 2815/604/173 2734/605/148 2733/606/172
f 3957/607/4 3958/608/174 3853/609/175 3852/610/176
f 3382/611/177 3282/612/178 3281/613/179 3381/614/180
f 2815/604/173 2807/615/17 2726/616/17 2734/605/148
f 2594/617/181 2595/618/182 2586/619/182 2585/620/183
f 346/621/184 358/622/12 359/623/185 347/624/16
f 520/625/3 521/626/3 503/627/3 502/628/3 501/629/3 500/630/3 499/631/3 498/632/3 497/633/3 505/634/3 504/635/3 523/636/3 515/637/3 516/638/3 517/639/3 518/640/3 519/641/3
f 2793/642/74 2794/643/186 2749/644/187 2748/645/74
f 3660/646/88 3652/647/62 3607/648/62 3615/649/88
f 3493/650/188 3492/651/189 3420/652/189 3419/653/190
f 3905/654/191 3904/655/192 4005/656/192 4004/657/191
f 3062/658/193 3061/659/164 3259/660/164 3258/661/166
f 3831/662/194 3868/663/194 3869/664/194 3830/665/194
f 3465/666/189 3464/378/100 3450/381/100 3449/667/189
f 538/668/195 528/669/83 529/670/196 537/671/197
f 453/672/3 415/673/3 414/674/3 413/675/3 412/676/3 421/677/3 424/678/3 423/679/3 422/680/3 433/681/3 432/682/3 431/683/3 436/684/3 435/685/3 434/686/3 445/687/3 444/688/3 443/689/3 448/690/3 447/691/3 446/692/3 407/693/3 406/694/3 405/695/3 404/696/3
f 3045/697/198 3044/698/163 3240/699/166 3239/700/198
f 113/701/127 112/702/12 455/703/12 456/704/127
f 36/79/15 75/75/11 66/74/10 46/705/199
f 39/111/32 160/110/31 159/706/17
f 122/109/30 121/707/19 160/110/31
f 160/110/31 121/707/19 152/107/28
f 152/107/28 121/707/19 120/708/200
f 3837/709/61 3836/710/201 4090/711/202 4107/712/203 3974/713/204 3973/714/61
f 153/106/27 463/105/26 464/715/19
f 153/106/27 464/715/19 465/716/23
f 465/716/23 466/717/12 153/106/27
f 153/106/27 466/717/12 154/718/205
f 154/718/205 466/717/12 467/719/206
f 154/718/205 468/720/207 155/721/12
f 155/721/12 468/720/207 469/722/12
f 155/721/12 469/722/12 470/723/16
f 455/724/16 112/725/16 470/723/16
f 470/723/16 112/725/16 155/721/12
f 155/721/12 112/725/16 156/726/16
f 156/726/16 112/725/16 111/727/16
f 156/726/16 111/727/16 110/728/16
f 156/726/16 110/728/16 157/729/16
f 157/729/16 110/728/16 18/730/16
f 157/729/16 18/730/16 17/731/16
f 157/729/16 17/731/16 158/732/17
f 158/732/17 17/731/16 41/733/17
f 158/734/17 41/735/17 40/736/17
f 158/734/17 40/736/17 159/706/17
f 159/706/17 40/736/17 39/111/32
f 13/118/38 102/114/35 93/113/34 14/737/208
f 22/738/209 151/739/210 150/740/19
f 117/741/211 116/742/12 151/739/210
f 151/739/210 116/742/12 143/743/212
f 143/743/212 116/742/12 115/744/213
f 88/146/53 89/745/214 94/116/36 95/143/50
f 144/746/215 472/747/216 473/748/217
f 144/746/215 473/748/217 474/749/16
f 474/749/16 475/750/16 144/746/215
f 144/746/215 475/750/16 145/139/47
f 145/139/47 475/750/16 476/135/43
f 146/751/46 478/752/45 479/753/218
f 146/751/46 479/753/218 480/754/17
f 179/755/17 107/756/17 480/754/17
f 480/754/17 107/756/17 146/751/46
f 146/751/46 107/756/17 147/757/17
f 147/757/17 107/756/17 106/758/17
f 147/757/17 106/758/17 105/759/17
f 147/757/17 105/759/17 148/760/19
f 148/760/19 105/759/17 2/761/19
f 148/760/19 2/761/19 1/762/19
f 148/760/19 1/762/19 149/763/19
f 149/763/19 1/762/19 43/764/19
f 149/763/19 43/764/19 42/765/19
f 149/763/19 42/765/19 150/740/19
f 150/740/19 42/765/19 22/738/209
f 3942/766/219 3932/767/62 3931/768/220 3941/769/221
f 88/770/3 87/771/3 481/772/3 482/773/3 56/774/3 55/775/3 54/776/3 53/777/3 124/778/3 123/779/3 90/780/3 89/781/3
f 479/782/3 478/783/3 483/784/3 484/785/3 82/786/3 81/787/3 80/788/3 79/789/3 181/790/3 180/791/3 179/792/3 480/793/3
f 2370/794/222 2371/795/223 2369/796/223 2361/797/222
f 285/798/65 284/799/2 134/800/2 142/801/65
f 469/802/3 468/803/3 485/804/3 486/805/3 473/806/3 472/807/3 471/808/3 458/809/3 457/810/3 456/811/3 455/812/3 470/813/3
f 2783/814/73 2784/815/74 2757/816/74 2756/817/75
f 2/818/16 3/819/16 8/820/224 1/821/16
f 3277/822/225 3276/823/68 3388/824/68 3387/825/226
f 3031/826/2 3039/827/55 3227/828/55 3226/829/2
f 3161/830/227 3162/831/16 2880/832/228 2879/833/229
f 492/834/230 474/835/16 473/836/217 486/837/231
f 2971/838/232 3114/839/233 3115/840/234 2972/841/235
f 2596/842/236 2597/843/237 2588/844/237 2587/845/238
f 463/846/3 462/847/3 461/848/3 460/849/3 459/850/3 63/851/3 62/852/3 61/853/3 60/854/3 493/855/3 494/856/3 464/857/3
f 2912/858/1 2911/859/19 3181/860/239 3176/861/240
f 3145/862/241 3188/462/129 2901/465/129 2900/863/242
f 2847/208/74 2848/864/186 2695/865/243 2694/209/74
f 3783/866/244 3782/867/245 4125/868/245 4126/869/244
f 3290/870/246 3289/871/247 3405/872/248 3404/873/249
f 3928/874/250 3927/875/251 3982/876/252 3981/877/250
f 522/878/3 523/636/3 504/635/3 503/627/3 521/626/3
f 3177/879/253 3178/880/254 2914/881/254 2913/882/253
f 3280/883/255 3384/884/256 3381/614/180 3281/613/179
f 253/885/257 252/886/258 555/887/258 556/888/257
f 238/889/259 237/890/260 576/891/260 577/892/259
f 3795/893/194 3796/894/194 3797/895/194 3798/896/194 3799/897/194 3800/898/194 3801/899/194 3802/900/194 3803/901/194 3904/902/194 3905/903/194 3906/904/194 3884/905/194 3876/906/194 3877/907/194 3785/908/194 3786/909/194 3787/910/194 3788/911/194 3789/912/194 3790/913/194 3791/914/194 3792/915/194 3793/916/194 3794/917/194
f 4031/918/261 4030/919/262 4152/920/262 4151/921/261
f 3138/922/4 3137/923/4 3122/924/4 3121/925/4 3120/926/4 3119/927/4 3221/928/4 3222/929/4 3126/930/4 3125/931/4 3124/932/4 3123/933/4
f 2991/934/263 2990/935/264 3131/936/265 3132/937/266
f 3041/938/143 3040/939/2 3235/940/2 3243/941/143
f 2608/942/1 2600/943/2 2573/944/2 2581/945/1
f 3677/946/267 3678/265/87 3597/268/88 3596/947/267
f 2969/948/268 2968/949/19 3111/950/269 3112/951/270
f 386/952/271 393/953/57 374/954/272 381/955/57
f 3329/956/273 3328/957/274 3378/958/275 3379/959/276
f 3680/960/7 3681/961/277 3582/962/8 3581/963/9
f 3721/964/278 3550/965/279 3549/966/280 3720/967/281
f 267/968/65 266/969/2 125/970/2 133/971/65
f 3919/972/250 3918/973/282 3991/974/252 3990/975/283
f 3183/976/284 3184/235/79 2908/238/79 2907/977/285
f 3699/978/286 3700/979/287 3565/980/288 3564/981/289
f 400/982/290 401/983/291 402/984/292 403/985/290
f 284/986/2 292/987/293 135/988/293 134/989/2
f 222/990/294 221/991/295 578/992/296 579/993/294
f 300/994/297 299/995/298 28/996/298 27/997/297
f 4050/998/299 4049/999/261 4217/1000/261 4216/1001/299
f 3004/1002/2 3012/1003/55 3200/1004/55 3199/1005/2
f 293/1006/2 301/1007/80 26/1008/80 25/1009/2
f 3335/1010/194 3336/1011/194 3337/1012/194 3338/1013/194 3339/1014/194 3340/1015/194 3341/1016/194 3342/1017/194 3283/1018/194 3284/1019/194 3285/1020/194 3286/1021/194 3287/1022/194 3288/1023/194 3289/1024/194 3290/1025/194 3291/1026/194 3292/1027/194 3293/1028/194 3294/1029/194 3295/1030/194 3296/1031/194 3297/1032/194 3298/1033/194 3299/1034/194 3300/1035/194 3301/1036/194 3272/1037/194 3273/1038/194 3274/1039/194 3275/1040/194 3276/1041/194 3277/1042/194 3278/1043/194 3308/1044/194 3309/1045/194 3310/1046/194 3302/1047/194 3303/1048/194 3304/1049/194 3305/1050/194 3306/1051/194 3345/1052/194 3346/1053/194 3347/1054/194 3348/1055/194 3349/1056/194 3350/1057/194 3265/1058/194 3264/1059/194 3263/1060/194 3262/1061/194 3271/1062/194 3311/1063/194 3312/1064/194 3313/1065/194 3314/1066/194 3315/1067/194 3316/1068/194 3317/1069/194 3318/1070/194 3319/1071/194 3320/1072/194 3321/1073/194 3322/1074/194 3323/1075/194 3324/1076/194 3325/1077/194 3326/1078/194 3327/1079/194 3328/1080/194 3329/1081/194 3330/1082/194 3331/1083/194 3332/1084/194 3333/1085/194 3334/1086/194
f 212/1087/2 220/1088/293 543/1089/293 542/1090/2
f 178/1091/12 258/1092/12 170/1093/12
f 170/1093/12 258/1092/12 257/1094/2
f 170/1093/12 257/1094/2 171/1095/19
f 171/1096/19 257/1097/2 265/1098/19
f 171/1096/19 265/1098/19 172/1099/19
f 172/1099/19 265/1098/19 264/1100/19
f 172/1099/19 264/1100/19 173/1101/17
f 173/1101/17 264/1100/19 263/1102/17
f 173/1101/17 263/1102/17 174/1103/17
f 174/1103/17 263/1102/17 262/1104/17
f 174/1103/17 262/1104/17 175/1105/16
f 175/1105/16 262/1104/17 261/1106/16
f 175/1105/16 261/1106/16 176/1107/16
f 176/1107/16 261/1106/16 260/1108/16
f 176/1107/16 260/1108/16 177/1109/300
f 177/1109/300 260/1108/16 259/1110/12
f 177/1109/300 259/1110/12 178/1091/12
f 178/1091/12 259/1110/12 258/1092/12
f 3634/1111/62 3635/1112/301 3626/1113/301 3625/1114/62
f 120/708/200 461/1115/19 462/108/29 152/107/28
f 3061/659/164 3060/1116/302 3260/1117/142 3259/660/164
f 269/1118/303 268/1119/304 132/1120/66 131/1121/305
f 2593/1122/306 2594/617/181 2585/620/183 2584/1123/307
f 251/1124/308 250/1125/309 553/1126/309 554/1127/310
f 4130/1128/311 3785/1129/57 3784/1130/312 4127/1131/57
f 190/1132/17 202/1133/313 589/1134/313 191/1135/17
f 2674/1136/156 2503/1137/156 2502/1138/314 2673/1139/314
f 3283/1140/315 3282/612/178 3382/611/177 3383/1141/3
f 3713/1142/267 3714/1143/87 3561/1144/88 3560/1145/316
f 3719/1146/317 3548/1147/318 3547/1148/319 3718/1149/320
f 282/1150/321 281/1151/92 164/1152/92 163/1153/321
f 3459/1154/2 3460/1155/2 3370/1156/2 3369/1157/2 3495/1158/2 3496/1159/2 3497/1160/2 3498/1161/2 3462/1162/2 3463/1163/2 3464/1164/2 3465/1165/2 3466/1166/2 3467/1167/2
f 2829/1168/74 2830/1169/186 2713/1170/186 2712/1171/74
f 3897/1172/322 3896/1173/323 4085/1174/324 4084/1175/322
f 339/1176/325 340/1177/264 337/1178/326 338/1179/327
f 3807/1180/328 3806/1181/329 4116/1182/330 4117/1183/331
f 201/1184/332 200/1185/17 587/1186/17 588/1187/332
f 3939/1188/333 3938/1189/221 3948/1190/334 3949/1191/57
f 3108/1192/335 3109/1193/336 2966/1194/336 2965/1195/335
f 2657/1196/337 2658/1197/93 2523/1198/93 2522/1199/137
f 3696/1200/88 3688/1201/62 3571/1202/62 3579/1203/88
f 3171/1204/338 3172/1205/339 2920/1206/339 2919/1207/338
f 3410/1208/340 3409/469/62 3285/468/133 3284/1209/3
f 2841/1210/172 2842/490/147 2707/493/148 2706/1211/172
f 2792/1212/73 2793/642/74 2748/645/74 2747/1213/73
f 3665/1214/146 3666/1215/145 3603/1216/341 3602/1217/342
f 2813/1218/116 2814/603/172 2733/606/172 2732/1219/116
f 2805/1220/172 2806/1221/148 2743/1222/148 2742/1223/172
f 3965/1224/343 3845/1225/68 3844/1226/344 3966/1227/68
f 454/1228/3 411/1229/3 410/1230/3 305/1231/3 537/1232/3 536/1233/3 535/1234/3 534/1235/3 533/1236/3 402/1237/3 399/1238/3 398/1239/3 397/1240/3 372/1241/3 371/1242/3 370/1243/3 369/1244/3 315/1245/3 314/1246/3 313/1247/3 330/1248/3 329/1249/3 334/1250/3 365/1251/3 364/1252/3 363/1253/3 362/1254/3 361/1255/3 360/1256/3 359/1257/3 358/1258/3 357/1259/3 356/1260/3 355/1261/3 338/1262/3 575/1263/3 574/1264/3 573/1265/3 572/1266/3 571/1267/3 57/1268/3 490/1269/3 489/1270/3 428/1271/3 427/1272/3 426/1273/3 425/1274/3 420/1275/3 419/1276/3 418/1277/3 417/1278/3 416/1279/3
f 4028/1280/106 4027/1281/345 4155/1282/345 4154/1283/106
f 2631/1284/93 2632/1285/94 2551/1286/94 2550/1287/93
f 3820/1288/346 3819/1289/4 4109/1290/347 4110/1291/348
f 567/1292/3 566/1293/3 565/1294/3 476/1295/3 475/1296/3 474/1297/3 492/1298/3 491/1299/3 467/1300/3 558/1301/3 557/1302/3 556/1303/3 555/1304/3 554/1305/3 553/1306/3 552/1307/3 588/1308/3 587/1309/3 592/1310/3 562/1311/3 561/1312/3 560/1313/3 568/1314/3
f 361/1315/349 362/1316/350 350/1317/351 349/1318/352
f 552/1307/3 551/1319/3 559/1320/3 558/1301/3 467/1300/3 466/1321/3 465/1322/3 496/1323/3 495/1324/3 59/1325/3 58/1326/3 57/1268/3 571/1267/3 570/1327/3 569/1328/3 577/1329/3 576/1330/3 575/1263/3 338/1262/3 337/1331/3 336/1332/3 335/1333/3 324/1334/3 323/1335/3 322/1336/3 321/1337/3 452/1338/3 332/1339/3 331/1340/3 330/1248/3 313/1247/3 312/1341/3 311/1342/3 385/1343/3 384/1344/3 377/1345/3 376/1346/3 375/1347/3 374/1348/3 393/1349/3 392/1350/3 391/1351/3 390/1352/3 403/1353/3 402/1237/3 533/1236/3 541/1354/3 540/1355/3 539/1356/3 538/1357/3 537/1232/3 305/1231/3 304/1358/3 303/1359/3 302/1360/3 185/1361/3 513/1362/3 512/1363/3 511/1364/3 510/1365/3 509/1366/3 508/1367/3 507/1368/3 506/1369/3 514/1370/3 184/1371/3 183/1372/3 182/1373/3 191/1374/3 589/1375/3 588/1308/3
f 3864/1376/353 4181/1377/353 4182/1378/354 3865/1379/355
f 2827/1380/356 2828/1381/73 2711/1382/357 2710/1383/358
f 2789/1384/17 2790/1385/359 2745/1386/360 2744/1387/17
f 3391/1388/361 3273/1389/139 3272/1390/146 3392/1391/362
f 3914/1392/324 3913/1393/363 3996/1394/363 3995/1395/324
f 3430/1396/68 3429/1397/364 3499/1398/364 3498/1399/365
f 3035/1400/163 3034/1401/164 3232/1402/164 3231/1403/166
f 439/1404/366 440/1405/367 445/1406/368 434/1407/369
f 2591/1408/2 2592/1409/370 2583/1410/370 2582/1411/2
f 270/1412/371 269/1118/303 131/1121/305 130/1413/368
f 3040/1414/2 3048/1415/55 3236/1416/55 3235/1417/2
f 3106/1418/4 3105/1419/4 3104/1420/4 3238/1421/4 3239/1422/4 3107/1423/4
f 3703/1424/372 3704/1425/267 3569/1426/373 3568/1427/372
f 4045/538/2 4085/537/2 4086/547/2 4044/546/2
f 3726/1428/374 3729/1429/375 3730/1430/376 3725/1431/178
f 3157/1432/377 2887/1433/16 2886/1434/378 3156/1435/16
f 2338/1436/379 2339/1437/380 2329/1438/380 2330/1439/381
f 3065/1440/155 3064/1441/382 3256/1442/156 3255/1443/383
f 3685/1444/372 3686/1445/267 3587/1446/373 3586/1447/372
f 3036/1448/198 3035/1400/163 3231/1403/166 3230/1449/384
f 3307/1450/385 3306/1451/386 3482/1452/387 3481/1453/388
f 199/1454/57 592/1455/57 587/1456/57 200/1457/57
f 4195/1458/389 4196/1459/390 3803/1460/150 3802/1461/389
f 2822/409/116 2823/1462/172 2724/1463/172 2723/410/116
f 4193/1464/391 4194/1465/392 3801/1466/392 3800/1467/393
f 3015/1468/394 3014/1469/143 3216/1470/143 3215/1471/142
f 2485/1472/68 2486/1473/5 2450/1474/5 2449/1475/68
f 4076/1476/261 4075/1477/262 4187/1478/262 4186/1479/261
f 3312/1480/395 3311/1481/107 3411/1482/396 3412/1483/395
f 3865/1379/355 4182/1378/354 4183/1484/397 3866/1485/397
f 4134/1486/398 3799/1487/62 3798/1488/102 4120/1489/62
f 3810/1490/399 3809/1491/400 4098/1492/401 4112/1493/402
f 2316/1494/403 2317/1495/223 2315/1496/223 2307/1497/403
f 3918/973/282 3917/1498/404 3992/1499/405 3991/974/252
f 3137/1500/406 3138/1501/407 3123/1502/408 2983/1503/409 2982/1504/410 2981/1505/411 2980/1506/412 3122/1507/413
f 3110/1508/414 2967/1509/415 2966/1194/336 3109/1193/336
f 3181/860/239 2911/859/19 2910/1510/416 3180/1511/19
f 2628/1512/5 2629/1513/6 2548/1514/417 2547/1515/5
f 3053/1516/166 3052/1517/164 3250/1518/164 3249/1519/166
f 3670/1520/62 3671/70/7 3590/73/9 3589/1521/62
f 3874/1522/355 4213/1523/418 4214/1524/397 3875/1525/397
f 3666/1215/145 3667/1526/419 3604/1527/420 3603/1216/341
f 69/241/3 68/251/3 171/250/3 172/242/3
f 234/1528/258 233/1529/308 572/1530/310 573/1531/258
f 2962/1532/421 3105/1533/19 3106/1534/422 2963/1535/423
f 3740/1536/424 3741/1537/425 3742/1538/425 3743/1539/426
f 3784/1540/312 3783/866/244 4126/869/244 4127/1541/57
f 511/260/83 501/259/83 502/1542/197 510/1543/197
f 3077/1544/427 2931/1545/428 2930/1546/158 3076/1547/158
f 2468/1548/429 2467/1549/430 2406/1550/430 2414/1551/12
f 2914/1552/3 2915/1553/3 2916/1554/3 2917/1555/3 2918/1556/3 3010/1557/3 3011/1558/3 3012/1559/3 3004/1560/3 2924/1561/3 2925/1562/3 2926/1563/3 2998/1564/3 2999/1565/3 3000/1566/3 3001/1567/3 3002/1568/3 3003/1569/3 2995/1570/3 2996/1571/3 2997/1572/3 2927/1573/3 2928/1574/3 2929/1575/3 2930/1576/3 2931/1577/3 2932/1578/3 2933/1579/3 2934/1580/3 2935/1581/3 2936/1582/3 2937/1583/3 3059/1584/3 3060/1585/3 3061/1586/3 3062/1587/3 3063/1588/3 3064/1589/3 3065/1590/3 3066/1591/3 3058/1592/3 2938/1593/3 2939/1594/3 2940/1595/3 2941/1596/3 2942/1597/3 2943/1598/3 2944/1599/3 2945/1600/3 2946/1601/3 2947/1602/3 2948/1603/3 2949/1604/3 2950/1605/3 2951/1606/3 2952/1607/3 2953/1608/3 2954/1609/3 2955/1610/3 2956/1611/3 2957/1612/3 3040/1613/3 3041/1614/3 3042/1615/3 2893/1616/3 2894/1617/3 2895/1618/3 2896/1619/3 2897/429/3 3054/432/3 3055/1620/3 3056/1621/3 3057/1622/3 3049/1623/3 3050/1624/3 3051/1625/3 3052/1626/3 3053/431/3 2898/430/3 2899/1627/3 2900/1628/3 2901/1629/3 2902/1630/3 2903/1631/3 2904/1632/3 2905/1633/3 2906/1634/3 2907/1635/3 2908/1636/3 2909/1637/3 2910/1638/3 2911/1639/3 2912/1640/3 2913/1641/3
f 2373/1642/431 2374/1643/379 2366/1644/432 2367/1645/431
f 353/1646/433 352/1647/434 364/1648/435 365/1649/433
f 281/295/4 282/1650/4 283/371/4 258/370/4 259/1651/4 260/363/4 293/362/4 294/296/4
f 2810/1652/73 2811/1653/436 2730/1654/74 2729/1655/73
f 3697/1656/437 3698/1657/7 3563/1658/438 3562/1659/437
f 2458/1660/430 2466/1661/16 2389/1662/16 2388/1663/430
f 3286/467/132 3408/466/131 3407/1664/439 3287/1665/440
f 3131/936/265 2990/935/264 2989/1666/441 3130/1667/442
f 3111/950/269 2968/949/19 2967/1509/415 3110/1508/414
f 2807/1668/17 2808/1669/359 2727/1670/360 2726/1671/17
f 82/134/42 83/1672/443 84/1673/49 96/1674/48 97/132/40
f 236/1675/444 235/1676/257 574/1677/257 575/1678/444
f 3460/1679/141 3459/1680/68 3446/1681/68 3454/1682/141
f 3969/1683/445 3841/1684/3 3840/1685/446 3970/1686/3
f 2922/1687/447 3068/1688/16 3069/1689/448 2923/1690/449
f 230/1691/295 238/889/259 577/892/259 569/1692/295
f 303/1693/450 304/1694/451 194/1695/451 193/1696/452
f 388/1697/3 387/1698/3 386/1699/3 381/1700/3 380/1701/3 379/1702/3 378/1703/3 383/1704/3 382/1705/3 310/1706/3 309/1707/3 308/1708/3 307/1709/3 316/1710/3 368/1711/3 367/1712/3 366/1713/3 373/1714/3 396/1715/3 395/1716/3 394/1717/3 401/1718/3 400/1719/3 389/1720/3
f 535/1721/453 531/1722/454 532/426/125 534/425/125
f 3117/1723/455 3118/1724/456 2976/1725/456 2975/1726/455
f 3817/412/118 3816/1727/56 4146/1728/56 4145/413/118
f 3410/1729/340 3284/1730/3 3283/1731/315 3383/1732/3
f 3337/1733/457 3336/1734/140 3441/1735/140 3442/1736/68
f 3368/1737/4 3445/1738/458 3495/1739/458 3369/1740/459
f 4061/1741/67 4060/1742/68 4251/1743/68 4259/1744/67
f 4095/1745/460 4091/1746/461 3823/1747/462 3822/1748/463
f 3759/1749/464 3758/1750/4 3744/1751/465 3751/1752/4
f 3010/1753/156 3009/1754/198 3203/1755/198 3202/1756/156
f 3672/71/8 3673/1757/287 3592/1758/466 3591/72/8
f 214/1759/467 213/1760/65 550/1761/65 549/1762/66
f 509/1763/468 503/1764/468 504/1765/453 508/1766/453
f 3816/1727/56 3815/1767/249 4147/1768/249 4146/1728/56
f 3077/1769/4 3076/1770/4 3075/1771/4 3074/1772/4 3073/1773/4 3197/1774/4 3198/1775/4 3190/1776/4 3191/1777/4 3192/1778/4 3193/1779/4 3194/1780/4 3195/1781/4 3196/1782/4 3072/1783/4 3071/1784/4 3070/1785/4 3069/1786/4 3068/1787/4 3067/1788/4 2863/1789/4 3206/1790/4 3207/1791/4 3199/1792/4 3200/1793/4 3201/1794/4 3202/1795/4 3203/1796/4 3171/1797/4 3170/1798/4 3175/1799/4 3174/1800/4 3173/1801/4 3178/1802/4 3177/1803/4 3176/1804/4 3181/1805/4 3180/1806/4 3179/1807/4 3184/1808/4 3183/1809/4 3182/1810/4 3187/1811/4 3186/1812/4 3185/1813/4 3257/1814/4 3258/1815/4 3259/1816/4 3260/1817/4 3261/1818/4 3253/1819/4 3141/1820/4 3140/1821/4 3085/1822/4 3084/1823/4 3083/1824/4 3082/1825/4 3081/1826/4 3080/1827/4 3079/1828/4 3078/1829/4
f 3926/1830/404 3925/1831/469 3984/1832/470 3983/1833/405
f 4046/390/106 4045/1834/345 4221/1835/345 4220/391/106
f 3899/1836/404 3898/1837/471 4083/1838/470 4082/1839/404
f 3940/1840/168 3941/769/221 3931/768/220 3930/1841/169
f 3091/1842/472 3092/1843/473 2949/1844/474 2948/1845/475
f 275/1846/2 283/1847/293 162/1848/293 161/1849/2
f 3090/1850/476 3091/1842/472 2948/1845/475 2947/1851/476
f 3912/1852/194 3913/1853/194 3762/1854/194 3761/1855/194
f 2666/1856/337 2667/277/93 2514/280/93 2513/1857/137
f 2429/1858/477 2428/1859/478 2384/1860/479 2383/1861/480
f 3304/1862/481 3303/1863/151 3485/1864/151 3484/1865/482
f 3094/1866/483 3095/1867/484 2952/1868/485 2951/1869/486
f 3866/1485/397 4183/1484/397 4175/1870/68 3858/1871/68
f 2777/1872/487 2778/1873/488 2769/1874/488 2768/1875/487
f 2466/1661/16 2465/1876/489 2390/1877/489 2389/1662/16
f 3850/1878/490 3849/1879/491 3848/1880/492 3962/1881/493 3960/1882/494
f 2825/1883/17 2826/1884/359 2709/1885/495 2708/1886/17
f 2610/1887/5 2611/1888/6 2566/1889/6 2565/1890/5
f 2617/1891/1 2609/1892/2 2564/1893/2 2572/1894/1
f 4032/1895/299 4031/918/261 4151/921/261 4150/1896/299
f 2837/1897/73 2838/1898/74 2703/1899/74 2702/1900/75
f 390/1901/496 391/1902/17 388/1903/497 389/1904/498
f 2796/1905/172 2797/1906/499 2752/1907/148 2751/1908/172
f 510/1909/197 502/1910/197 503/1764/468 509/1763/468
f 207/1911/500 206/1912/303 521/1913/303 520/1914/368
f 3461/1915/150 3460/1679/141 3454/1682/141 3453/1916/150
f 2654/1917/2 2655/1918/5 2520/1919/5 2519/1920/2
f 2643/1921/3 2642/1922/3 2676/1923/3 2675/1924/3 2652/1925/3 2651/1926/3 2650/1927/3 2649/1928/3 2648/1929/3 2644/1930/3
f 2509/1931/501 2680/1932/501 2672/1933/194 2501/1934/194
f 2460/197/70 2459/1935/12 2396/1936/12 2395/198/71
f 3638/1937/502 3639/1938/503 3630/1939/504 3629/1940/502
f 3030/1941/505 3029/1942/155 3219/1943/506 3218/1944/55
f 256/1945/259 255/1946/507 558/1947/508 559/1948/259
f 2340/1949/509 2341/1950/510 2327/1951/510 2328/1952/511
f 3444/1953/512 3443/1954/68 3497/1955/513 3496/1956/512
f 2800/1957/514 2801/1958/73 2738/1959/75 2737/1960/358
f 2677/1961/515 2506/1962/516 2505/1963/517 2676/1964/517
f 3836/1965/201 3835/1966/518 4089/1967/519 4090/1968/202
f 429/1969/14 430/1970/242 431/1971/520 432/1972/14
f 3163/1973/521 2881/1974/17 2880/832/228 3162/831/16
f 3978/1975/2 3953/1976/2 3952/1977/2 3951/1978/2 3950/1979/2 3956/1980/2 3955/1981/2 4036/1982/2 4037/1983/2 4038/1984/2 4039/1985/2 4040/1986/2 4041/1987/2 4033/1988/2 4034/1989/2 4003/1990/2 4004/1991/2 4018/1992/2 4019/1993/2 4020/1994/2 4026/1995/2 4027/1996/2 4028/1997/2 4029/1998/2 4030/1999/2 4031/2000/2 3977/2001/2
f 2317/1495/223 2318/2002/522 2314/2003/522 2315/1496/223
f 3883/2004/355 4231/2005/355 4232/2006/397 3884/2007/397
f 3679/2008/62 3680/960/7 3581/963/9 3580/2009/62
f 252/886/258 251/1124/308 554/1127/310 555/887/258
f 3022/2010/2 3030/1941/505 3218/1944/55 3217/2011/2
f 4043/2012/67 4042/2013/68 4215/2014/68 4223/2015/67
f 2679/2016/164 2508/2017/164 2507/2018/321 2678/2019/321
f 3027/2020/198 3026/2021/193 3222/2022/166 3221/2023/198
f 4048/2024/262 4047/389/105 4219/392/105 4218/2025/262
f 2803/2026/186 2804/2027/116 2741/2028/116 2740/2029/243
f 108/2030/523 180/2031/16 181/2032/524 109/2033/17
f 4011/2034/105 4010/2035/106 4141/2036/106 4140/2037/105
f 2918/2038/525 2917/2039/19 3175/2040/526 3170/2041/527
f 2621/2042/528 2622/2043/93 2559/2044/93 2558/2045/137
f 3350/2046/529 3349/2047/530 3505/2048/530 3504/2049/531
f 3908/2050/532 3907/2051/63 4002/2052/63 4001/2053/532
f 3814/2054/533 3813/2055/3 4129/2056/534 4148/2057/533
f 3683/2058/535 3684/2059/536 3585/2060/145 3584/2061/342
f 3026/2021/193 3025/2062/164 3223/2063/165 3222/2022/166
f 62/147/54 63/2064/12 64/78/14 67/77/13
f 424/2065/537 421/2066/19 420/2067/538 425/2068/537
f 3012/1003/55 3011/2069/155 3201/2070/155 3200/1004/55
f 3964/2071/539 3963/2072/540 3847/2073/540 3846/2074/539
f 3681/961/277 3682/2075/541 3583/2076/541 3582/962/8
f 2802/2077/110 2803/2026/186 2740/2029/243 2739/2078/110
f 3877/2079/542 4225/2080/542 4226/2081/161 3878/2082/161
f 3818/2083/117 4128/2084/4 4109/2085/347 3819/2086/4
f 3792/2087/543 3791/2088/68 4121/2089/544 4122/2090/543
f 3879/2091/107 4227/2092/107 4228/2093/109 3880/2094/109
f 3311/1481/107 3271/2095/545 3270/2096/546 3411/1482/396
f 3445/1738/458 3444/1953/512 3496/1956/512 3495/1739/458
f 2656/2097/6 2657/1196/337 2522/1199/137 2521/2098/6
f 3034/1401/164 3033/2099/142 3233/2100/142 3232/1402/164
f 367/2101/547 368/2102/548 369/2103/548 370/2104/547
f 2960/2105/549 2959/2106/17 3102/2107/550 3103/2108/551
f 3644/2109/7 3645/2110/552 3618/2111/289 3617/2112/7
f 3067/2113/553 2921/2114/554 2864/2115/126 2863/2116/128
f 3086/2117/555 3087/2118/17 2944/2119/556 2943/2120/557
f 2381/2121/4 2382/2122/4 2383/2123/4 2361/2124/4 2369/2125/4 2368/2126/4 2367/2127/4 2366/2128/4 2365/2129/4 2364/2130/4 2363/2131/4 2362/2132/4 2384/2133/4 2385/2134/4 2386/2135/4 2387/2136/4 2379/2137/4 2380/2138/4
f 2607/2139/558 2608/942/1 2581/945/1 2580/2140/559
f 3812/2141/560 3811/2142/561 4113/2143/562 4114/2144/3
f 104/2145/563 103/2146/550 123/2147/550 124/2148/563
f 3050/2149/143 3049/2150/2 3244/2151/2 3252/2152/143
f 287/2153/303 286/2154/304 141/2155/66 140/2156/303
f 2355/2157/431 2356/2158/379 2348/2159/381 2349/2160/431
f 4063/2161/345 4062/2162/564 4258/2163/564 4257/2164/565
f 3144/2165/566 2899/2166/12 2898/2167/327 3143/2168/12
f 3310/2169/567 3309/2170/568 3479/2171/568 3478/2172/567
f 2840/2173/116 2841/1210/172 2706/1211/172 2705/2174/116
f 2773/2175/569 2774/2176/570 2765/2177/570 2764/2178/81
f 117/741/211 151/739/210 22/738/209 21/2179/571
f 3688/2180/62 3689/2181/7 3572/2182/572 3571/2183/62
f 2459/1935/12 2458/2184/430 2388/2185/430 2396/1936/12
f 291/2186/321 290/273/90 137/276/92 136/2187/573
f 3921/2188/68 3929/2189/140 3980/2190/140 3979/2191/68
f 3303/1863/151 3302/2192/68 3477/2193/68 3485/1864/151
f 2670/2194/559 2671/2195/1 2518/2196/1 2517/2197/559
f 514/1370/3 513/1362/3 185/1361/3 184/1371/3
f 4226/2198/194 4225/2199/194 4224/2200/194 4233/2201/194 4234/2202/194 4235/2203/194
f 3057/2204/55 3056/2205/155 3246/2206/383 3245/2207/55
f 224/2208/308 223/2209/574 580/2210/574 581/2211/308
f 3700/979/287 3701/2212/575 3566/2213/146 3565/980/288
f 3796/2214/576 3795/2215/577 4102/2216/578 4118/2217/576
f 3350/2218/529 3504/2219/531 3503/2220/579 3414/2221/62 3266/2222/580 3265/2223/581
f 4196/1459/390 4135/2224/139 3804/2225/582 3803/1460/150
f 3765/2226/583 3766/2227/584 3767/2228/585 3764/2229/586
f 3319/2230/587 3318/2231/3 3359/2232/588 3360/2233/587
f 3133/2234/589 3134/2235/590 2993/2236/591 2992/2237/592
f 3316/2238/100 3315/2239/593 3352/2240/593 3353/2241/100
f 3013/2242/2 3021/2243/55 3209/2244/55 3208/2245/2
f 3832/2246/594 4133/2247/595 4087/2248/596 3833/2249/595
f 197/2250/597 196/2251/19 306/2252/19 590/2253/597
f 3881/2254/598 4229/2255/598 4230/2256/353 3882/2257/353
f 3896/1173/323 3895/2258/363 4086/2259/363 4085/1174/324
f 3176/2260/240 3177/879/253 2913/882/253 2912/2261/1
f 3647/2262/146 3648/2263/145 3621/2264/145 3620/2265/146
f 2804/2027/116 2805/1220/172 2742/1223/172 2741/2028/116
f 4142/2266/194 4143/2267/194 4128/2268/194 4145/2269/194
f 4129/2270/534 3813/2271/3 3812/2272/560 4114/2273/3
f 3720/967/281 3549/966/280 3548/2274/318 3719/2275/317
f 217/2276/91 216/2277/500 547/2278/368 546/2279/91
f 3875/1525/397 4214/1524/397 4206/2280/68 3867/2281/68
f 3840/2282/446 3839/2283/62 3971/2284/599 3970/2285/3
f 223/2209/574 222/990/294 579/993/294 580/2210/574
f 3032/2286/143 3031/2287/2 3226/2288/2 3234/2289/143
f 2817/2290/359 2818/2291/358 2719/2292/358 2718/2293/600
f 3965/2294/343 3964/2071/539 3846/2074/539 3845/2295/68
f 3710/2296/601 3711/2297/145 3558/2298/602 3557/2299/146
f 2616/2300/559 2617/1891/1 2572/1894/1 2571/2301/559
f 496/2302/603 494/2303/12 493/2304/527 495/2305/19
f 2882/2306/604 2881/1974/17 3163/1973/521 3158/2307/605
f 2954/2308/606 3097/2309/607 3098/2310/608 2955/2311/608
f 2986/2312/609 2985/2313/610 3125/2314/611 3126/2315/612 3127/2316/613
f 3185/2317/614 3186/183/19 2904/182/60 2903/2318/615
f 3779/2319/540 3778/2320/616 3951/2321/617 3952/2322/540
f 2493/2323/618 2485/2324/68 2449/2325/68 2457/2326/618
f 3722/2327/619 3551/2328/619 3550/965/279 3721/964/278
f 3806/1181/329 3805/2329/139 4115/2330/620 4116/1182/330
f 3663/2331/277 3664/2332/541 3601/2333/541 3600/2334/8
f 3123/2335/408 3124/2336/12 2984/2337/621 2983/2338/409
f 3723/2339/622 3552/2340/623 3551/2328/619 3722/2327/619
f 3328/957/274 3327/2341/587 3377/2342/587 3378/958/275
f 3019/2343/156 3018/2344/198 3212/2345/624 3211/2346/156
f 3853/609/175 3958/608/174 3959/480/140 3854/479/139
f 2371/795/223 2372/2347/522 2368/2348/522 2369/796/223
f 78/2349/17 109/2033/17 181/2032/524 79/2350/17
f 513/2351/625 499/2352/625 500/258/82 512/257/82
f 2844/2353/359 2845/2354/356 2692/2355/358 2691/2356/360
f 115/2357/16 114/2358/626 457/2359/626 458/2360/16
f 239/2361/627 247/2362/259 568/2363/259 560/2364/628
f 2358/2365/509 2359/2366/510 2345/2367/510 2346/2368/509
f 2339/1437/380 2340/1949/509 2328/1952/511 2329/1438/380
f 2659/2369/629 2660/2370/149 2525/2371/630 2524/2372/94
f 3064/1441/382 3063/2373/198 3257/2374/631 3256/1442/156
f 2650/2375/94 2651/2376/149 2534/2377/149 2533/2378/94
f 2464/2379/332 2463/2380/477 2392/2381/477 2391/2382/332
f 3175/2040/526 2917/2039/19 2916/2383/632 3174/2384/17
f 2425/2385/429 2424/2386/633 2379/2387/167 2387/2388/429
f 366/2389/634 367/2101/547 370/2104/547 371/2390/16
f 3089/2391/635 3090/1850/476 2947/1851/476 2946/2392/635
f 3146/2393/636 3147/2394/637 2895/2395/637 2894/2396/638
f 525/2397/639 541/2398/639 533/428/2 524/427/2
f 3860/2399/161 4177/2400/161 4178/2401/396 3861/2402/107
f 3474/2403/189 3473/2404/100 3435/2405/100 3434/2406/189
f 3476/2407/640 3475/2408/188 3433/2409/190 3432/2410/640
f 3882/2257/353 4230/2256/353 4231/2005/355 3883/2004/355
f 2993/2236/591 3134/2235/590 3135/2411/641 2994/2412/642
f 2600/2413/2 2601/2414/5 2574/2415/5 2573/2416/2
f 4070/2417/67 4069/2418/68 4184/2419/68 4192/2420/67
f 2830/1169/186 2831/2421/643 2714/2422/116 2713/1170/186
f 179/2423/16 180/2031/16 108/2030/523 107/2424/16
f 2680/1932/501 2509/1931/501 2508/2017/164 2679/2016/164
f 3182/2425/644 3183/976/284 2907/977/285 2906/2426/645
f 420/2427/538 421/2428/19 412/2429/646 419/2430/19
f 3943/2431/647 3944/2432/62 3934/2433/648 3933/2434/647
f 3025/2062/164 3024/2435/394 3224/2436/142 3223/2063/165
f 2490/2437/649 2491/2438/650 2455/2439/650 2454/2440/651
f 2430/2441/652 2429/1858/477 2383/1861/480 2382/2442/332
f 2603/2443/137 2604/2444/93 2577/2445/93 2576/2446/137
f 3067/2447/553 3068/1688/16 2922/1687/447 2921/2448/554
f 2689/2449/653 2860/2450/653 2852/2451/12 2681/2452/12
f 539/2453/82 527/2454/82 528/669/83 538/668/195
f 2627/2455/2 2628/1512/5 2547/1515/5 2546/2456/2
f 2826/1884/359 2827/1380/356 2710/1383/358 2709/1885/495
f 3397/2457/654 3297/2458/595 3296/2459/655 3398/2460/656
f 3790/2461/657 3789/2462/67 4158/2463/67 4131/2464/68
f 3355/2465/445 3416/2466/62 3501/2467/395 3356/2468/658
f 3375/2469/659 3334/2470/4 3333/2471/660 3374/2472/4
f 4104/2473/661 4105/2474/662 3978/2475/663 3977/2476/664
f 4097/2477/492 4098/2478/401 3976/2479/665 3975/2480/666
f 3975/2480/666 3974/2481/204 4091/1746/461 4095/1745/460
f 231/2482/294 230/2483/295 569/2484/295 570/2485/294
f 4244/2486/194 4243/2487/194 4242/2488/194 4250/2489/194 4249/2490/194 4248/2491/194 4247/2492/194 4256/2493/194 4257/2494/194 4258/2495/194 4259/2496/194 4251/2497/194 4252/2498/194 4253/2499/194 4254/2500/194 4255/2501/194 4245/2502/194
f 2356/2158/379 2357/2503/667 2347/2504/380 2348/2159/381
f 4025/2505/67 4024/2506/68 4149/2507/68 4157/2508/67
f 2340/2509/4 2485/2510/4 2493/2511/4 2341/2512/4
f 3345/2513/668 3344/2514/669 3456/2515/669 3457/2516/139
f 4010/2035/106 4009/2517/345 4142/2518/345 4141/2036/106
f 3912/2519/68 3920/2520/140 3989/2521/140 3988/2522/68
f 3103/2523/551 3104/2524/670 2961/2525/671 2960/2526/549
f 3716/2527/672 3545/2528/673 3544/2529/139 3715/2530/139
f 4132/2531/674 3827/2532/675 3826/2533/676 4094/2534/178
f 3347/2535/677 3346/2536/139 3458/2537/678 3507/2538/677
f 4051/2539/2 4052/2540/2 4053/555/2 3973/554/2 3974/2541/2 3975/2542/2 3976/2543/2 3977/2001/2 4031/2000/2 4032/2544/2 4024/2545/2 4025/2546/2 4026/1995/2 4020/1994/2 4021/2547/2 4022/2548/2 4023/2549/2 4015/2550/2 4016/2551/2 4017/2552/2 4018/1992/2 4004/1991/2 4005/2553/2 3997/2554/2 4010/2555/2 4011/2556/2 4012/2557/2 4013/2558/2 4014/2559/2 4006/2560/2 4007/2561/2 4008/2562/2 4009/2563/2 3998/561/2 4058/560/2 4059/2564/2
f 3088/2565/679 3089/2391/635 2946/2392/635 2945/2566/680
f 2780/2567/17 2781/2568/495 2754/2569/495 2753/2570/17
f 240/2571/294 239/2572/627 560/2573/628 561/2574/294
f 2647/2575/6 2648/474/137 2531/477/137 2530/2576/6
f 2599/2577/681 2591/2578/2 2582/2579/2 2590/2580/681
f 4074/2581/105 4073/2582/682 4189/2583/106 4188/2584/683
f 2622/2043/93 2623/494/94 2560/497/94 2559/2044/93
f 98/2585/3 97/2586/3 96/206/3 129/205/3 130/2587/3 131/2588/3 132/2589/3 133/2590/3 125/2591/3 126/202/3 94/201/3 102/2592/3 101/2593/3 100/2594/3 99/2595/3
f 77/2596/3 76/2597/3 5/2598/3 4/2599/3 3/2600/3 2/2601/3 105/2602/3 106/2603/3 107/2604/3 108/2605/3 109/2606/3 78/2607/3
f 3471/406/114 3470/2608/684 3438/2609/150 3437/407/115
f 2872/2610/685 2861/2611/686 2866/2612/687 2867/2613/688
f 2778/1873/488 2779/2614/689 2770/2615/690 2769/1874/488
f 3059/2616/143 3058/2617/2 3253/2618/2 3261/2619/143
f 3712/2620/420 3713/1142/267 3560/1145/316 3559/2621/420
f 4049/999/261 4048/2024/262 4218/2025/262 4217/1000/261
f 307/2622/129 308/2623/12 313/2624/691 314/2625/12
f 3822/2626/463 3821/2627/692 4111/2628/692 4095/2629/460
f 2426/2630/71 2425/2385/429 2387/2388/429 2386/2631/71
f 2671/2195/1 2663/2632/2 2510/2633/2 2518/2196/1
f 279/2634/368 278/2635/303 167/2636/303 166/2637/368
f 3475/2408/188 3474/2403/189 3434/2406/189 3433/2409/190
f 3711/2297/145 3712/2620/420 3559/2621/420 3558/2298/602
f 2478/2638/68 2434/2639/68 2433/2640/68 2481/2641/68
f 3279/2642/693 3385/2643/178 3384/884/256 3280/883/255
f 249/2644/294 248/2645/628 551/2646/628 552/2647/294
f 281/1151/92 280/2648/91 165/2649/91 164/1152/92
f 226/2650/257 225/2651/258 582/2652/258 583/2653/694
f 3011/2069/155 3010/1753/156 3202/1756/156 3201/2070/155
f 2978/2654/3 2979/2655/3 3027/2656/3 3028/2657/3 2977/2658/3
f 2463/2380/477 2462/2659/479 2393/2660/479 2392/2381/477
f 2849/2661/695 2850/2662/172 2697/2663/172 2696/2664/116
f 3953/2665/696 3978/2666/663 4106/2667/512 4124/2668/697 3781/2669/139 3780/2670/698
f 2819/2671/73 2820/401/110 2721/404/110 2720/2672/73
f 3039/827/55 3038/2673/155 3228/2674/155 3227/828/55
f 2781/2568/495 2782/2675/358 2755/2676/358 2754/2569/495
f 3408/2677/194 3409/2678/194 3410/2679/194 3383/2680/194 3382/2681/194 3381/2682/194 3384/2683/194 3385/2684/194 3386/2685/194 3387/2686/194 3388/2687/194 3389/2688/194 3390/2689/194 3391/2690/194 3392/2691/194 3393/2692/194 3394/2693/194 3395/2694/194 3396/2695/194 3397/2696/194 3398/2697/194 3399/2698/194 3400/2699/194 3401/2700/194 3402/2701/194 3403/2702/194 3404/2703/194 3405/2704/194 3406/2705/194 3407/2706/194
f 3907/2051/63 3906/2707/699 4003/2708/700 4002/2052/63
f 211/2709/293 210/2710/701 517/2711/573 516/2712/293
f 3851/2713/702 3850/1878/490 3960/1882/494 3961/2714/703
f 2809/2715/358 2810/1652/73 2729/1655/73 2728/2716/358
f 3037/2717/156 3036/1448/198 3230/1449/384 3229/2718/156
f 2645/2719/2 2646/2720/5 2529/2721/5 2528/2722/2
f 3617/2723/194 3618/2724/194 3619/2725/194 3626/2726/194 3612/2727/194 3613/2728/194 3614/2729/194 3615/2730/194 3607/2731/194 3608/2732/194 3609/2733/194 3552/2734/194 3544/2735/194 3545/2736/194 3553/2737/194 3554/2738/194 3623/2739/194 3624/2740/194 3616/2741/194
f 2774/2176/570 2775/2742/704 2766/2743/705 2765/2177/570
f 2867/2613/688 2868/2744/706 2871/2745/706 2872/2610/685
f 2417/2746/71 2416/595/12 2405/598/12 2404/2747/71
f 2597/843/237 2598/2748/707 2589/2749/707 2588/844/237
f 3107/2750/708 3108/1192/335 2965/1195/335 2964/2751/709
f 2320/2752/379 2321/2753/667 2311/2754/380 2312/2755/432
f 2620/2756/6 2621/2042/528 2558/2045/137 2557/2757/6
f 3643/2758/62 3644/2109/7 3617/2112/7 3616/2759/62
f 3023/2760/143 3022/2761/2 3217/2762/2 3225/2763/143
f 2649/475/93 2650/2375/94 2533/2378/94 2532/476/93
f 3189/463/130 3185/2764/614 2903/2765/615 2902/464/130
f 3289/2766/247 3288/2767/62 3406/2768/710 3405/2769/248
f 4232/2770/194 4231/2771/194 4230/2772/194 4229/2773/194 4228/2774/194 4227/2775/194 4226/2198/194 4235/2203/194 4236/2776/194 4237/2777/194 4238/2778/194 4239/2779/194 4240/2780/194 4241/2781/194 4233/2201/194 4224/2200/194
f 2858/2782/711 2687/2783/712 2686/2784/605 2857/2785/713
f 3794/2786/714 3793/2787/715 4123/2788/715 4103/2789/716
f 233/1529/308 232/2790/574 571/2791/574 572/1530/310
f 3886/2792/542 4243/2793/542 4244/2794/161 3887/2795/161
f 2775/2742/704 2776/2796/717 2767/2797/718 2766/2743/705
f 3963/2072/540 3962/2798/493 3848/2799/492 3847/2073/540
f 288/2800/368 287/2153/303 140/2156/303 139/2801/368
f 3669/2802/88 3661/2803/62 3598/2804/648 3606/2805/88
f 4150/2806/194 4122/2807/194 4121/2808/194 4131/2809/194 4158/2810/194 4149/2811/194
f 3324/2812/719 3323/2813/363 3426/2814/720 3427/2815/721
f 2906/2816/645 2905/181/12 3187/180/59 3182/2817/644
f 3701/2212/575 3702/2818/536 3567/2819/145 3566/2213/146
f 3861/2402/107 4178/2401/396 4179/2820/109 3862/2821/109
f 3401/2822/722 3400/2823/595 3294/2824/723 3293/2825/724
f 3343/2826/725 3342/2827/726 3370/2828/727 3455/2829/725
f 3136/2830/728 3113/2831/729 2970/2832/730 2969/2833/268 3112/2834/270
f 3018/2344/198 3017/2835/731 3213/2836/166 3212/2345/624
f 3748/2837/732 3749/2838/139 3746/2839/397 3747/2840/567
f 3873/2841/733 4212/2842/353 4213/1523/418 3874/1522/355
f 4012/2843/734 4011/2034/105 4140/2037/105 4139/2844/262
f 2642/2845/149 2643/2846/735 2544/2847/559 2543/2848/736
f 2431/2849/489 2430/2441/652 2382/2442/332 2381/2850/737
f 3890/2851/194 3741/2852/194 3740/2853/194 3731/2854/194 3889/2855/194
f 3946/2856/738 3947/2857/62 3937/2858/248 3936/2859/739
f 3868/2860/542 4207/2861/542 4208/515/161 3869/514/160
f 3341/2862/740 3340/2863/741 3366/2864/742 3367/2865/743
f 3654/2866/277 3655/2867/287 3610/2868/287 3609/2869/8
f 3753/2870/744 3748/2871/732 3747/2872/567 3754/2873/744
f 210/2710/701 209/2874/92 518/2875/92 517/2711/573
f 3648/2263/145 3649/2876/419 3622/2877/420 3621/2264/145
f 3158/2878/605 3159/2879/745 2883/2880/746 2882/2881/604
f 317/2882/747 318/2883/748 323/2884/748 324/2885/2
f 3635/1112/301 3636/2886/749 3627/2887/749 3626/1113/301
f 3075/512/159 2929/511/16 2928/417/5 3074/416/120
f 247/2362/259 246/2888/507 567/2889/507 568/2363/259
f 4067/2890/261 4066/2891/262 4254/2892/262 4253/2893/261
f 190/2894/194 191/2895/194 182/2896/194 189/2897/194
f 3778/2898/194 3779/2899/194 3780/2900/194 3781/2901/194 3782/2902/194 3783/2903/194 3784/2904/194 3785/908/194 3877/907/194 3878/2905/194 3879/2906/194 3880/2907/194 3881/2908/194 3882/2909/194 3883/2910/194 3884/905/194 3906/904/194 3907/2911/194 3908/2912/194 3909/2913/194 3910/2914/194 3911/2915/194 3903/2916/194 3904/902/194 3803/901/194 3804/2917/194 3805/2918/194 3806/2919/194 3807/2920/194 3808/2921/194 3809/2922/194 3810/2923/194 3811/2924/194 3812/2925/194 3813/2926/194 3814/2927/194 3815/2928/194 3816/2929/194 3817/2930/194 3818/2931/194 3819/2932/194 3820/2933/194 3821/2934/194 3822/2935/194 3823/2936/194 3824/2937/194 3825/2938/194 3826/2939/194 3827/2940/194 3828/2941/194 3829/2942/194 3830/665/194 3869/664/194 3870/2943/194 3871/2944/194 3872/2945/194 3873/2946/194 3874/2947/194 3875/2948/194 3867/2949/194 3868/663/194 3831/662/194 3832/2950/194 3833/2951/194 3834/2952/194 3835/2953/194 3836/2954/194 3837/2955/194 3838/2956/194 3839/2957/194 3901/2958/194 3902/2959/194 3894/2960/194 3895/2961/194 3896/2962/194 3897/2963/194 3898/2964/194 3899/2965/194 3900/2966/194 3751/2967/194 3750/2968/194 3749/2969/194 3748/2970/194 3753/2971/194 3752/2972/194 3739/2973/194 3738/2974/194 3737/2975/194 3736/2976/194 3741/2852/194 3890/2851/194 3891/2977/194 3892/2978/194 3893/2979/194 3885/2980/194 3886/2981/194 3887/2982/194 3888/2983/194 3889/2855/194 3731/2854/194 3865/2984/194 3866/2985/194 3858/2986/194 3859/2987/194 3860/2988/194 3861/2989/194 3854/2990/194 3855/2991/194 3856/2992/194 3857/2993/194 3777/2994/194
f 4132/2995/194 4094/2996/194 4174/2997/194 4166/2998/194 4167/2999/194 4168/3000/194 4169/3001/194 4170/3002/194 4162/3003/194 4163/3004/194 4164/3005/194 4165/3006/194
f 2625/3007/559 2626/3008/1 2563/3009/1 2562/3010/559
f 33/3011/3 25/7/3 37/6/3 38/3012/3 39/3013/3 40/3014/3 41/3015/3 17/3016/3 24/3017/3 23/3018/3 22/3019/3 42/3020/3 43/3021/3 1/3022/3 8/3023/3 7/3024/3 6/3025/3 44/3026/3 45/3027/3 13/3028/3 12/3029/3 11/3030/3 10/3031/3 34/9/3 26/8/3 27/3032/3 28/3033/3 29/3034/3 30/3035/3 31/3036/3 32/3037/3
f 2998/3038/164 2997/482/142 3197/485/142 3196/3039/164
f 3944/2432/62 3945/3040/750 3935/3041/750 3934/2433/648
f 3313/3042/751 3312/1480/395 3412/1483/395 3413/3043/57
f 2944/2119/556 3087/2118/17 3088/2565/679 2945/2566/680
f 2360/3044/752 2352/3045/403 2343/3046/403 2344/3047/752
f 202/1133/313 201/1184/332 588/1187/332 589/1134/313
f 2323/3048/510 2324/3049/752 2308/3050/752 2309/3051/510
f 2618/3052/2 2619/3053/5 2556/3054/5 2555/3055/2
f 2440/3056/3 2441/3057/3 2442/3058/3 2443/3059/3 2415/3060/3 2416/3061/3 2417/3062/3 2449/3063/3 2450/3064/3 2465/3065/3 2466/3066/3 2458/3067/3 2459/3068/3 2460/3069/3 2461/3070/3 2462/3071/3 2451/3072/3 2452/3073/3 2453/3074/3 2475/3075/3 2467/3076/3 2468/3077/3 2469/3078/3 2470/3079/3 2435/3080/3 2436/3081/3 2437/3082/3 2438/3083/3 2439/3084/3
f 3657/592/145 3658/3085/419 3613/3086/420 3612/593/145
f 296/3087/378 295/3088/753 32/3089/753 31/3090/378
f 3080/3091/754 3081/3092/755 2935/3093/755 2934/3094/756
f 182/3095/194 183/3096/757 188/3097/757 189/3098/194
f 2634/3099/558 2635/1/1 2554/4/1 2553/3100/559
f 3770/3101/758 3771/3102/759 3772/375/97 3769/374/96
f 2632/1285/94 2633/3103/149 2552/3104/736 2551/1286/94
f 309/3105/760 312/3106/19 313/2624/691 308/2623/12
f 89/745/214 90/3107/19 91/117/37 94/116/36
f 3060/1116/302 3059/2616/143 3261/2619/143 3260/1117/142
f 3148/3108/761 3142/3109/5 2897/3110/762 2896/3111/761
f 4033/3112/68 4041/3113/299 4234/3114/299 4233/3115/68
f 3872/3116/598 4211/3117/598 4212/2842/353 3873/2841/733
f 4075/1477/262 4074/2581/105 4188/2584/683 4187/1478/262
f 4164/3118/763 4163/3119/764 3830/3120/765 3829/3121/763
f 3900/3122/252 3899/1836/404 4082/1839/404 4081/3123/252
f 52/3124/19 104/2145/563 124/2148/563 53/3125/19
f 3909/3126/766 3908/2050/532 4001/2053/532 4000/3127/767
f 272/3128/90 271/3129/91 129/3130/91 128/3131/92
f 4040/3132/261 4039/3133/262 4236/3134/262 4235/3135/261
f 2668/278/94 2669/3136/149 2516/3137/736 2515/279/94
f 2652/3138/559 2653/3139/1 2536/3140/1 2535/3141/559
f 3264/3142/768 3267/3143/62 3268/3144/769 3263/3145/62
f 3686/1445/267 3687/3146/770 3588/3147/88 3587/1446/373
f 3071/3148/771 3072/420/122 2926/419/122 2925/3149/771
f 283/1847/293 282/1150/321 163/1153/321 162/1848/293
f 2845/2354/356 2846/207/73 2693/210/75 2692/2355/358
f 3376/3150/194 3380/3151/194 3427/3152/194 3426/3153/194 3363/3154/194 3362/3155/194 3361/3156/194 3438/3157/194 3439/3158/194 3431/3159/194 3432/3160/194 3433/3161/194 3434/3162/194 3435/3163/194
f 2831/2421/643 2832/3164/172 2715/3165/172 2714/2422/116
f 3055/3166/156 3054/3167/198 3248/3168/631 3247/3169/156
f 3859/3170/542 4176/3171/542 4177/2400/161 3860/2399/161
f 143/3172/3 144/3173/3 145/3174/3 146/3175/3 138/3176/3 139/3177/3 140/3178/3 141/3179/3 142/3180/3 134/3181/3 135/3182/3 136/3183/3 137/3184/3 147/3185/3 148/3186/3 149/3187/3 150/3188/3 151/3189/3
f 2606/3190/149 2607/2139/558 2580/2140/559 2579/3191/736
f 310/3192/772 382/3193/773 385/3194/773 311/3195/259
f 2676/3196/517 2505/3197/517 2504/3198/66 2675/3199/66
f 2812/3200/186 2813/1218/116 2732/1219/116 2731/3201/774
f 2811/1653/436 2812/3200/186 2731/3201/774 2730/1654/74
f 376/3202/775 379/3203/776 380/3204/777 375/3205/776
f 4071/3206/778 4070/2417/67 4192/2420/67 4191/3207/564
f 3893/3208/779 4250/3209/397 4242/3210/344 3885/3211/780
f 4036/3212/345 4035/3213/564 4240/3214/564 4239/3215/565
f 477/3216/16 487/3217/16 483/3218/636 478/3219/16
f 3673/1757/287 3674/3220/144 3593/3221/146 3592/1758/466
f 3386/3222/425 3385/2643/178 3279/2642/693 3278/3223/781
f 2888/3224/618 2887/1433/16 3157/1432/377 3152/3225/488
f 3948/1190/334 3938/1189/221 3937/2858/248 3947/2857/62
f 3804/3226/582 4135/3227/139 4115/3228/620 3805/3229/139
f 2341/1950/510 2342/3230/752 2326/3231/752 2327/1951/510
f 297/262/85 296/3087/378 31/3090/378 30/263/86
f 216/2277/500 215/3232/303 548/3233/303 547/2278/368
f 3808/3234/782 4099/3235/783 3976/2479/665 4098/2478/401 3809/3236/400
f 2495/3237/19 2494/3238/19 2445/3239/19 2444/3240/19
f 4165/3241/188 4164/3118/763 3829/3121/763 3828/3242/784
f 3989/533/2 3990/3243/2 3991/526/2 3968/525/2 3969/3244/2 3970/551/2 4080/550/2 4081/3245/2 4082/534/2
f 406/3246/785 407/3247/194 408/3248/786 409/3249/785
f 2318/2002/522 2319/3250/431 2313/3251/431 2314/2003/522
f 3325/3252/787 3324/2812/719 3427/2815/721 3380/3253/788
f 2492/3254/789 2493/2323/618 2457/2326/618 2456/3255/790
f 4044/3256/791 4043/2012/67 4223/2015/67 4222/3257/564
f 2313/3258/4 2407/3259/4 2408/3260/4 2409/3261/4 2410/3262/4 2411/3263/4 2412/3264/4 2309/3265/4 2308/3266/4 2307/3267/4 2315/3268/4 2314/3269/4
f 2834/3270/17 2835/3271/359 2700/3272/359 2699/3273/17
f 205/3274/64 204/3275/65 523/3276/65 522/3277/66
f 3051/3278/394 3050/2149/143 3252/2152/143 3251/3279/142
f 3878/2082/161 4226/2081/161 4227/2092/107 3879/2091/107
f 4207/2861/542 3868/2860/542 3867/2281/68 4206/2280/68
f 3140/3280/792 3141/3281/793 3086/3282/555 2943/3283/557 2942/3284/794 2941/3285/795 2940/3286/76 3085/3287/78
f 213/1760/65 212/3288/2 542/3289/2 550/1761/65
f 3262/3290/315 3263/3145/62 3268/3144/769 3269/3291/3
f 227/3292/444 226/2650/257 583/2653/694 584/3293/444
f 3887/2795/161 4244/2794/161 4245/398/108 3888/397/107
f 2472/3294/477 2471/3295/478 2411/3296/479 2410/3297/796
f 3049/3298/2 3057/2204/55 3245/2207/55 3244/3299/2
f 4030/919/262 4029/3300/105 4153/3301/105 4152/920/262
f 304/1694/451 305/3302/2 195/3303/2 194/1695/451
f 483/3218/636 487/3217/16 488/3304/797 484/3305/17
f 325/3306/798 326/3307/17 331/3308/799 332/3309/800
f 3335/3310/801 3334/2470/4 3375/3311/659 3440/3312/801
f 442/3313/3 441/3314/3 585/3315/3 584/3316/3
f 183/3096/757 184/3317/802 187/3318/711 188/3097/757
f 2963/1535/423 3106/1534/422 3107/2750/708 2964/2751/709
f 3808/3319/782 3807/1180/328 4117/1183/331 4099/3320/783
f 254/3321/444 253/885/257 556/888/257 557/3322/444
f 3305/3323/803 3304/1862/481 3484/1865/482 3483/3324/803
f 335/3325/804 336/3326/12 341/3327/805 342/3328/806
f 481/3329/807 87/3330/52 86/3331/51 489/3332/807
f 2644/3333/1 2636/3334/2 2537/3335/2 2545/3336/1
f 2651/2376/149 2652/3138/559 2535/3141/559 2534/2377/149
f 3021/2243/55 3020/3337/155 3210/3338/383 3209/2244/55
f 4106/3339/194 4105/3340/194 4104/3341/194 4103/3342/194 4123/3343/194 4122/2807/194 4150/2806/194 4151/3344/194 4152/3345/194 4153/3346/194 4154/3347/194 4155/3348/194 4156/3349/194 4157/3350/194 4149/2811/194 4158/2810/194 4159/3351/194 4160/3352/194 4161/3353/194 4130/3354/194 4127/3355/194 4126/3356/194 4125/3357/194 4124/3358/194
f 3301/3359/808 3393/3360/809 3392/1391/362 3272/1390/146
f 2335/3361/223 2336/3362/522 2332/3363/522 2333/3364/223
f 2665/3365/6 2666/1856/337 2513/1857/137 2512/3366/6
f 3007/588/164 3006/3367/142 3206/3368/142 3205/589/165
f 59/3369/19 495/2305/19 493/2304/527 60/3370/19
f 2488/3371/239 2489/3372/709 2453/3373/709 2452/3374/239
f 3048/1415/55 3047/3375/155 3237/3376/383 3236/1416/55
f 2633/3103/149 2634/3099/558 2553/3100/559 2552/3104/736
f 2347/3377/4 2346/3378/4 2396/3379/4 2388/3380/4 2389/3381/4 2390/3382/4 2391/3383/4 2392/3384/4 2393/3385/4 2343/3386/4 2351/3387/4 2350/3388/4 2349/3389/4 2348/3390/4
f 3967/503/152 3966/3391/68 3844/3392/344 3843/504/153
f 2398/3393/4 2399/3394/4 2400/3395/4 2401/3396/4 2325/3397/4 2333/3398/4 2332/3399/4 2331/3400/4 2330/3401/4 2329/3402/4 2328/3403/4 2327/3404/4 2326/3405/4 2403/3406/4 2404/3407/4 2405/3408/4 2397/3409/4
f 2615/3410/149 2616/2300/559 2571/2301/559 2570/3411/736
f 4194/1465/392 4195/1458/389 3802/1461/389 3801/1466/392
f 319/3412/810 320/3413/811 321/3414/812 322/3415/813
f 2309/3265/4 2412/3264/4 2413/3416/4 2414/3417/4 2406/3418/4 2407/3259/4 2313/3258/4 2312/3419/4 2311/3420/4 2310/3421/4
f 3492/651/189 3491/3422/100 3421/3423/100 3420/652/189
f 3717/3424/814 3546/3425/814 3545/2528/673 3716/2527/672
f 3790/3426/657 4131/3427/68 4121/3428/544 3791/3429/68
f 3459/3430/68 3467/3431/640 3447/3432/640 3446/3433/68
f 2457/3434/3 2449/3063/3 2417/3062/3 2418/3435/3 2419/3436/3 2420/3437/3 2421/3438/3 2422/3439/3 2423/3440/3 2415/3060/3 2443/3059/3 2444/3441/3 2445/3442/3 2446/3443/3 2447/3444/3 2448/3445/3 2433/3446/3 2434/3447/3 2435/3080/3 2470/3079/3 2471/3448/3 2472/3449/3 2473/3450/3 2474/3451/3 2475/3075/3 2453/3074/3 2454/3452/3 2426/3453/3 2427/3454/3 2428/3455/3 2429/3456/3 2430/3457/3 2431/3458/3 2432/3459/3 2424/3460/3 2425/3461/3 2455/3462/3 2456/3463/3
f 4/271/89 7/270/17 8/820/224 3/819/16
f 2375/3464/667 2376/3465/509 2364/3466/509 2365/3467/380
f 3763/3468/815 3764/2229/586 3767/2228/585 3768/3469/57
f 2484/3470/12 2481/3471/12 2433/3472/12 2448/3473/12
f 3291/165/57 3290/870/246 3404/873/249 3403/166/57
f 3033/2099/142 3032/2286/143 3234/2289/143 3233/2100/142
f 295/3088/753 294/3474/242 33/3475/242 32/3089/753
f 3929/2189/140 3928/874/250 3981/877/250 3980/2190/140
f 3009/1754/198 3008/587/163 3204/590/166 3203/1755/198
f 2932/3476/816 3078/3477/817 3079/3478/818 2933/3479/819
f 4225/2080/542 3877/2079/542 3876/3480/820 4224/3481/820
f 2378/3482/4 2377/3483/4 2376/3484/4 2490/3485/4 2489/3486/4 2488/3487/4 2487/3488/4 2322/3489/4 2321/3490/4 2320/3491/4 2319/3492/4 2318/3493/4 2317/3494/4 2316/3495/4 2324/3496/4 2479/3497/4 2478/3498/4 2481/3499/4 2484/3500/4 2483/3501/4 2372/3502/4 2371/3503/4 2370/3504/4
f 2324/3049/752 2316/3505/403 2307/3506/403 2308/3050/752
f 2771/3507/17 2772/3508/821 2763/3509/822 2762/3510/17
f 3687/3146/770 3679/3511/62 3580/3512/62 3588/3147/88
f 2787/3513/172 2788/3514/173 2761/3515/173 2760/3516/823
f 374/3517/272 375/3205/776 380/3204/777 381/3518/57
f 2478/3519/16 2479/3520/16 2435/3521/16 2434/3522/16
f 2612/3523/337 2613/3524/93 2568/3525/93 2567/3526/137
f 3294/2824/723 3400/2823/595 3399/3527/252 3295/3528/824
f 2779/2614/689 2771/3529/17 2762/3530/17 2770/2615/690
f 4042/3531/68 4050/998/299 4216/1001/299 4215/3532/68
f 2491/2438/650 2492/3254/789 2456/3255/790 2455/2439/650
f 20/3533/475 21/3534/16 22/3535/16 23/3536/475
f 3971/2284/599 3839/2283/62 3838/186/63 3972/185/62
f 423/3537/825 424/2065/537 425/2068/537 426/3538/825
f 348/3539/826 347/624/16 359/623/185 360/3540/827
f 4119/3541/194 4118/3542/194 4102/3543/194 4101/3544/194 4100/3545/194 4203/3546/194 4204/3547/194 4205/3548/194 4197/3549/194 4198/3550/194 4199/3551/194 4200/3552/194 4201/3553/194 4202/3554/194 4115/3555/194 4135/3556/194 4196/3557/194 4195/3558/194 4194/3559/194 4193/3560/194 4134/3561/194 4120/3562/194
f 4029/3300/105 4028/1280/106 4154/1283/106 4153/3301/105
f 4014/3563/299 4013/3564/261 4138/3565/828 4137/3566/299
f 2951/3567/486 2950/3568/218 3093/3569/829 3094/3570/483
f 3153/3571/830 3154/3572/831 2890/3573/831 2889/3574/830
f 3916/3575/470 3915/3576/322 3994/3577/322 3993/3578/470
f 2605/3579/94 2606/3190/149 2579/3191/736 2578/3580/94
f 3503/3581/579 3502/3582/62 3415/3583/832 3414/3584/62
f 311/3585/259 312/3106/19 309/3105/760 310/3586/772
f 368/2102/548 316/3587/12 315/3588/833 369/2103/548
f 357/3589/834 358/622/12 346/621/184 345/3590/835
f 215/3232/303 214/1759/467 549/1762/66 548/3233/303
f 3787/3591/836 3786/3592/837 4161/3593/837 4160/3594/836
f 3640/3595/838 3641/3596/839 3632/3597/840 3631/3598/838
f 2354/3599/522 2355/2157/431 2349/2160/431 2350/3600/841
f 2653/3139/1 2645/3601/2 2528/3602/2 2536/3140/1
f 2794/643/186 2795/3603/643 2750/3604/116 2749/644/187
f 422/3605/842 423/3537/825 426/3538/825 427/3606/843
f 2346/3378/4 2345/3607/4 2344/3608/4 2343/3386/4 2393/3385/4 2394/3609/4 2395/3610/4 2396/3379/4
f 2505/15/4 2543/14/4 2544/61/4 2531/60/4 2532/3611/4 2533/3612/4 2534/3613/4 2535/3614/4 2536/3615/4 2528/57/4 2523/56/4 2524/3616/4 2525/49/4 2504/48/4
f 235/1676/257 234/1528/258 573/1531/258 574/1677/257
f 3924/3617/322 3923/3618/324 3986/3619/324 3985/3620/322
f 2609/3621/2 2610/1887/5 2565/1890/5 2564/3622/2
f 184/3317/802 185/3623/68 186/3624/633 187/3318/711
f 57/99/22 69/98/21 56/3625/20 482/3626/844 490/3627/845
f 3825/3628/846 3824/3629/847 4092/3630/847 4093/3631/848
f 2808/1669/359 2809/2715/358 2728/2716/358 2727/1670/360
f 529/3632/3 528/3633/3 527/3634/3 546/3635/3 547/3636/3 548/3637/3 530/3638/3
f 3470/2608/684 3469/3639/141 3439/3640/141 3438/2609/150
f 414/3641/849 417/3642/19 418/3643/850 413/3644/19
f 356/3645/205 357/3646/834 345/3647/835 344/3648/205
f 2984/2337/621 3124/2336/12 3125/2314/611 2985/2313/610
f 2816/3649/17 2817/2290/359 2718/2293/600 2717/3650/17
f 3276/823/68 3275/3651/851 3389/3652/851 3388/824/68
f 3641/3596/839 3642/3653/852 3633/3654/852 3632/3597/840
f 3327/2341/587 3326/3655/3 3376/3656/853 3377/2342/587
f 3895/2258/363 3894/3657/68 4078/3658/68 4086/2259/363
f 2353/3659/223 2354/3599/522 2350/3600/841 2351/3660/223
f 3704/1425/267 3705/3661/88 3570/3662/88 3569/1426/373
f 2663/3663/2 2664/3664/5 2511/3665/5 2510/3666/2
f 3491/3422/100 3490/3667/854 3422/3668/101 3421/3423/100
f 273/3669/321 272/3128/90 128/3131/92 127/3670/855
f 2675/3199/66 2504/3198/66 2503/1137/156 2674/1136/156
f 3406/2768/710 3288/2767/62 3287/1665/440 3407/1664/439
f 3360/3671/194 3359/3672/194 3358/3673/194 3428/3674/194 3429/3675/194 3430/3676/194 3379/3677/194 3378/3678/194 3377/3679/194 3376/3150/194 3435/3163/194 3436/3680/194 3437/3681/194 3438/3157/194 3361/3156/194
f 498/3682/639 514/3683/639 506/3684/2 497/3685/2
f 2673/1139/314 2502/1138/314 2501/1934/194 2672/1933/194
f 3834/3686/856 3833/3687/595 4087/3688/596 4088/3689/856
f 514/3683/639 498/3682/639 499/2352/625 513/2351/625
f 2624/495/149 2625/3007/559 2562/3010/559 2561/496/149
f 3179/3690/80 3180/1511/19 2910/1510/416 2909/3691/81
f 147/3185/3 137/3184/3 138/3176/3 146/3175/3
f 2499/3692/17 2498/3693/17 2441/3694/17 2440/3695/17
f 389/3696/498 400/982/290 403/985/290 390/3697/496
f 203/3698/2 211/2709/293 516/2712/293 515/3699/2
f 383/3700/857 378/3701/858 377/3702/859 384/3703/857
f 3689/2181/7 3690/3704/8 3573/3705/8 3572/2182/572
f 2854/3706/200 2683/3707/200 2682/3708/825 2853/3709/860
f 3661/3710/62 3662/3711/7 3599/3712/7 3598/3713/648
f 244/3714/257 243/3715/258 564/3716/258 565/3717/257
f 3487/499/141 3486/3718/68 3417/3719/68 3425/500/141
f 3428/3720/861 3358/3721/3 3357/3722/862 3500/3723/863
f 2662/3724/3 2661/3725/3 2660/3726/3 2659/3727/3 2675/1924/3 2674/3728/3 2654/3729/3
f 3020/3337/155 3019/2343/156 3211/2346/156 3210/3338/383
f 3655/2867/287 3656/591/146 3611/594/146 3610/2868/287
f 4026/3730/778 4025/2505/67 4157/2508/67 4156/3731/564
f 4220/3732/194 4221/3733/194 4213/3734/194 4212/3735/194 4211/3736/194 4219/3737/194
f 2627/3738/3 2594/3739/3 2593/3740/3 2614/3741/3 2626/3742/3 2625/3743/3 2624/3744/3 2623/3745/3 2628/3746/3
f 3170/3747/527 3171/1204/338 2919/1207/338 2918/3748/525
f 241/3749/864 240/2571/294 561/2574/294 562/3750/864
f 2645/3751/3 2653/3752/3 2652/1925/3 2675/1924/3 2659/3727/3 2658/3753/3 2657/3754/3 2656/3755/3 2655/3756/3 2654/3729/3 2674/3728/3 2670/3757/3 2669/3758/3 2668/3759/3 2667/3760/3 2666/3761/3 2665/3762/3 2664/3763/3 2606/3764/3 2605/3765/3 2604/3766/3 2603/3767/3 2602/3768/3 2617/3769/3 2616/3770/3 2615/3771/3 2614/3741/3 2593/3740/3 2592/3772/3 2591/3773/3 2599/3774/3 2598/3775/3 2597/3776/3 2596/3777/3 2595/3778/3 2594/3739/3 2627/3738/3 2635/3779/3 2634/3780/3 2633/3781/3 2632/3782/3 2631/3783/3 2630/3784/3 2629/3785/3 2628/3746/3 2678/3786/3 2677/3787/3 2676/1923/3 2642/1922/3 2641/3788/3 2640/3789/3 2639/3790/3 2638/3791/3 2637/3792/3 2636/3793/3 2644/1930/3 2648/1929/3 2647/3794/3 2646/3795/3
f 2714/3796/4 2715/3797/4 2716/3798/4 2684/3799/4 2685/3800/4 2686/3801/4 2687/3802/4 2688/3803/4 2689/3804/4 2681/3805/4 2682/3806/4 2683/3807/4 2699/3808/4 2700/3809/4 2694/3810/4 2695/3811/4 2696/3812/4 2697/3813/4 2698/3814/4 2690/3815/4 2691/3816/4 2692/3817/4 2759/3818/4 2760/3819/4 2761/3820/4 2753/3821/4 2754/3822/4 2755/3823/4 2752/3824/4 2744/3825/4 2745/3826/4 2746/3827/4 2747/3828/4 2748/3829/4 2735/3830/4 2736/3831/4 2737/3832/4 2738/3833/4 2739/3834/4 2740/3835/4 2741/3836/4 2742/3837/4 2743/3838/4 2764/3839/4 2765/3840/4 2734/3841/4 2726/3842/4 2727/3843/4 2728/3844/4 2729/3845/4 2730/3846/4 2731/3847/4 2732/3848/4 2718/3849/4 2719/3850/4 2720/3851/4 2721/3852/4 2722/3853/4 2723/3854/4 2724/3855/4 2711/3856/4 2712/3857/4 2713/3858/4
f 2767/3859/4 2768/3860/4 2769/3861/4 2770/3862/4 2762/3863/4 2763/3864/4 2764/3839/4 2743/3838/4 2735/3830/4 2748/3829/4 2749/3865/4 2750/3866/4 2751/3867/4 2752/3824/4 2755/3823/4 2756/3868/4 2757/3869/4 2758/3870/4 2759/3818/4 2692/3817/4 2693/3871/4 2694/3810/4 2700/3809/4 2701/3872/4 2702/3873/4 2703/3874/4 2704/3875/4 2705/3876/4 2706/3877/4 2707/3878/4 2699/3808/4 2683/3807/4 2684/3799/4 2716/3798/4 2708/3879/4 2709/3880/4 2710/3881/4 2711/3856/4 2724/3855/4 2725/3882/4 2717/3883/4 2718/3849/4 2732/3848/4 2733/3884/4 2734/3841/4 2765/3840/4 2766/3885/4
f 2477/3886/194 2438/3887/194 2437/3888/194 2476/3889/194
f 2926/1563/3 2927/1573/3 2997/1572/3 2998/1564/3
f 2937/1583/3 2938/1593/3 3058/1592/3 3059/1584/3
f 2322/3890/509 2323/3048/510 2309/3051/510 2310/3891/509
f 4117/3892/194 4116/3893/194 4115/3555/194 4202/3554/194 4203/3546/194 4100/3545/194 4099/3894/194
f 2592/1409/370 2593/1122/306 2584/1123/307 2583/1410/370
f 378/3895/858 379/3203/776 376/3202/775 377/3896/859
f 3468/3897/68 3476/2407/640 3432/2410/640 3431/3898/68
f 2496/3899/19 2495/3237/19 2444/3240/19 2443/3900/19
f 3429/1397/364 3428/3720/861 3500/3723/863 3499/1398/364
f 318/2883/748 319/3412/810 322/3415/813 323/2884/748
f 46/3901/19 47/3902/19 37/3903/865 36/3904/19
f 3486/3905/68 3494/3906/640 3418/3907/640 3417/3908/68
f 4037/3909/106 4036/3212/345 4239/3215/565 4238/3910/106
f 3006/3367/142 3005/3911/143 3207/3912/143 3206/3368/142
f 3056/2205/155 3055/3166/156 3247/3169/156 3246/2206/383
f 3463/379/101 3462/3913/114 3452/3914/866 3451/380/101
f 237/890/260 236/1675/444 575/1678/444 576/891/260
f 4064/3915/106 4063/2161/345 4257/2164/565 4256/3916/106
f 3709/3917/287 3710/2296/601 3557/2299/146 3556/3918/287
f 372/3919/314 397/3920/16 396/3921/867 373/3922/16
f 428/3923/868 429/1969/14 432/1972/14 433/3924/868
f 3824/3629/847 3823/3925/462 4091/3926/461 4092/3630/847
f 4006/3927/68 4014/3563/299 4137/3566/299 4136/3928/68
f 3029/1942/155 3028/3929/156 3220/3930/156 3219/1943/506
f 2378/3931/752 2370/3932/222 2361/3933/222 2362/3934/752
f 2595/618/182 2596/842/236 2587/845/238 2586/619/182
f 2828/1381/73 2829/1168/74 2712/1171/74 2711/1382/357
f 3637/3935/869 3638/1937/502 3629/1940/502 3628/3936/870
f 103/2146/550 91/3937/17 90/3938/17 123/2147/550
f 446/3939/134 451/3940/136 408/3941/786 407/3942/194
f 3336/1734/140 3335/3310/801 3440/3312/801 3441/1735/140
f 352/1647/434 351/3943/757 363/3944/871 364/1648/435
f 3003/3945/55 3002/506/155 3192/509/157 3191/3946/55
f 301/1007/80 300/994/297 27/997/297 26/1008/80
f 2785/3947/186 2786/3948/643 2759/3949/116 2758/3950/872
f 3901/3951/250 3900/3122/252 4081/3123/252 4080/3952/250
f 2640/3953/93 2641/3954/94 2542/3955/94 2541/3956/93
f 3906/2707/699 3905/654/191 4004/657/191 4003/2708/700
f 3149/3957/873 3150/3958/12 2892/3959/874 2891/3960/875
f 441/3961/876 442/3962/877 443/3963/377 444/3964/876
f 3113/3965/729 3114/839/233 2971/838/232 2970/3966/730
f 3128/3967/878 3129/3968/879 2988/3969/880 2987/3970/878
f 3780/3971/698 3779/2319/540 3952/2322/540 3953/3972/696
f 3739/3973/140 3752/3974/881 3755/3975/882 3732/3976/138
f 3693/487/145 3694/3977/420 3577/3978/420 3576/488/145
f 2782/2675/358 2783/814/73 2756/817/75 2755/2676/358
f 2661/3979/558 2662/3980/1 2527/3981/1 2526/3982/559
f 3467/3431/640 3466/3983/188 3448/3984/188 3447/3432/640
f 3706/3985/62 3707/3986/7 3554/3987/9 3553/3988/62
f 3752/3974/881 3753/2870/744 3754/2873/744 3755/3975/882
f 3159/2879/745 3160/3989/314 2884/3990/314 2883/2880/746
f 198/3991/69 197/2250/597 590/2253/597 591/3992/69
f 464/3993/12 494/2303/12 496/2302/603 465/3994/12
f 3674/3220/144 3675/3995/145 3594/3996/145 3593/3221/146
f 2613/3524/93 2614/3997/94 2569/3998/94 2568/3525/93
f 12/3999/754 13/4000/17 14/4001/17 15/4002/754
f 278/2635/303 277/188/64 168/191/66 167/2636/303
f 2336/3362/522 2337/4003/431 2331/4004/431 2332/3363/522
f 3178/880/254 3173/4005/883 2915/4006/884 2914/881/254
f 3121/4007/885 2979/4008/19 2978/4009/886 3120/4010/887
f 3306/1451/386 3305/3323/803 3483/3324/803 3482/1452/387
f 39/4011/12 38/4012/12 48/4013/888 49/4014/12
f 3639/1938/503 3640/3595/838 3631/3598/838 3630/1939/504
f 3166/4015/889 3161/4016/227 2879/4017/229 2878/4018/889
f 3917/1498/404 3916/3575/470 3993/3578/470 3992/1499/405
f 3642/3653/852 3634/4019/62 3625/4020/62 3633/3654/852
f 2428/1859/478 2427/4021/69 2385/4022/69 2384/1860/479
f 2465/1876/489 2464/2379/332 2391/2382/332 2390/1877/489
f 3662/3711/7 3663/2331/277 3600/2334/8 3599/3712/7
f 11/4023/880 12/3999/754 15/4002/754 16/4024/880
f 333/4025/890 353/1646/433 365/1649/433 334/4026/17
f 382/3193/773 383/3700/857 384/3703/857 385/3194/773
f 4102/4027/578 3795/4028/577 3794/4029/714 4103/4030/716 3977/2476/664
f 3063/2373/198 3062/658/193 3258/661/166 3257/2374/631
f 3001/507/156 3000/4031/198 3194/4032/631 3193/508/156
f 3005/3911/143 3004/4033/2 3199/4034/2 3207/3912/143
f 452/4035/891 354/4036/892 325/4037/798 332/4038/800
f 3724/4039/893 3725/1431/178 3730/1430/376 3731/4040/894
f 3325/4041/787 3380/4042/788 3376/4043/853 3326/4044/3
f 2924/4045/895 2923/1690/449 3069/1689/448 3070/4046/896
f 204/3275/65 203/4047/2 515/4048/2 523/3276/65
f 266/4049/2 274/4050/293 126/4051/293 125/4052/2
f 3884/2007/397 4232/2006/397 4224/3481/820 3876/3480/820
f 412/4053/646 413/3644/19 418/3643/850 419/4054/19
f 2655/1918/5 2656/2097/6 2521/2098/6 2520/1919/5
f 3773/601/170 3774/4055/897 3775/4056/897 3776/602/171
f 169/228/3 161/220/3 153/219/3 154/229/3
f 2497/4057/57 2442/4058/57 2441/4059/57 2498/4060/57
f 2820/4061/3 2819/4062/3 2818/4063/3 2817/4064/3 2816/4065/3 2775/4066/3 2774/4067/3 2773/4068/3 2804/4069/3 2803/4070/3 2807/4071/3 2815/4072/3 2814/4073/3 2813/4074/3 2812/4075/3 2811/4076/3 2810/4077/3 2809/4078/3 2808/4079/3 2858/4080/3 2857/4081/3 2856/4082/3 2855/4083/3 2854/4084/3 2853/4085/3 2852/4086/3 2860/4087/3 2859/4088/3 2792/4089/3 2791/4090/3 2790/4091/3 2789/4092/3 2797/4093/3 2796/4094/3 2783/4095/3 2782/4096/3 2781/4097/3 2780/4098/3 2788/4099/3 2787/4100/3 2844/4101/3 2843/4102/3 2851/4103/3 2850/4104/3 2849/4105/3 2848/4106/3 2847/4107/3 2835/4108/3 2834/4109/3 2842/4110/3 2841/4111/3 2840/4112/3 2839/4113/3 2838/4114/3 2833/4115/3 2832/4116/3 2831/4117/3 2830/4118/3 2829/4119/3 2828/4120/3 2823/4121/3 2822/4122/3 2821/4123/3
f 2662/3980/1 2654/4124/2 2519/4125/2 2527/3981/1
f 220/1088/293 219/4126/701 544/4127/573 543/1089/293
f 2972/4128/3 2973/4129/3 3036/4130/3 3037/4131/3 3038/4132/3 3039/4133/3 3031/4134/3 2887/4135/3 2888/4136/3 2889/4137/3 2890/4138/3 2891/4139/3 2892/4140/3 2893/1616/3 3042/1615/3 3043/4141/3 3044/4142/3 3045/4143/3 3046/4144/3 3047/4145/3 3048/4146/3 3040/1613/3 2957/1612/3 2958/4147/3 2959/4148/3 2960/4149/3 2961/4150/3 2962/4151/3 2963/4152/3 2964/4153/3 2965/4154/3 2966/4155/3 2967/4156/3 2968/4157/3 2969/4158/3 2970/4159/3 2971/4160/3
f 3333/4161/660 3332/4162/741 3373/4163/742 3374/4164/4
f 3694/3977/420 3695/4165/267 3578/4166/316 3577/3978/420
f 2489/3372/709 2490/2437/649 2454/2440/651 2453/3373/709
f 3024/2435/394 3023/2760/143 3225/2763/143 3224/2436/142
f 3415/3583/832 3502/3582/62 3501/2467/395 3416/2466/62
f 3939/4167/333 3949/4168/57 3763/4169/815 3768/4170/57
f 3705/3661/88 3697/4171/437 3562/4172/437 3570/3662/88
f 3317/4173/898 3316/2238/100 3353/2241/100 3354/4174/899
f 329/4175/332 330/4176/17 327/4177/522 328/4178/17
f 2838/1898/74 2839/4179/111 2704/4180/111 2703/1899/74
f 3797/383/103 3796/2214/576 4118/2217/576 4119/384/104
f 3786/3592/837 3785/4181/57 4130/4182/311 4161/3593/837
f 2856/4183/884 2685/4184/900 2684/4185/901 2855/4186/902
f 209/2874/92 208/4187/91 519/4188/903 518/2875/92
f 292/987/293 291/2186/321 136/2187/573 135/988/293
f 2772/3508/821 2773/2175/569 2764/2178/81 2763/3509/822
f 248/4189/628 256/1945/259 559/1948/259 551/4190/628
f 3098/2310/608 3099/4191/904 2956/4192/904 2955/2311/608
f 2423/4193/16 2422/4194/489 2399/4195/737 2398/4196/16
f 2619/3053/5 2620/2756/6 2557/2757/6 2556/3054/5
f 355/4197/905 356/3645/205 344/3648/205 343/4198/905
f 2678/2019/321 2507/2018/321 2506/1962/516 2677/1961/515
f 242/4199/308 241/3749/864 562/3750/864 563/4200/308
f 3118/1724/456 3119/4201/563 3120/4010/887 2978/4009/886 2977/4202/906 2976/1725/456
f 3082/4203/907 3083/4204/908 2938/4205/909 2937/4206/910 2936/4207/911
f 3173/4208/883 3174/2384/17 2916/2383/632 2915/4209/884
f 3835/1966/518 3834/3686/856 4088/3689/856 4089/1967/519
f 3894/4210/68 3902/4211/140 4079/4212/140 4078/4213/68
f 436/4214/912 437/4215/12 438/4216/913 435/4217/16
f 4045/1834/345 4044/3256/791 4222/3257/564 4221/1835/345
f 3658/3085/419 3659/4218/267 3614/4219/316 3613/3086/420
f 266/358/4 267/350/4 298/349/4 299/359/4
f 10/4220/19 11/4023/880 16/4024/880 9/4221/19
f 2664/3664/5 2665/3365/6 2512/3366/6 2511/3665/5
f 2799/4222/359 2800/1957/514 2737/1960/358 2736/4223/359
f 3922/4224/363 3921/4225/68 3979/4226/68 3987/4227/363
f 2839/4179/111 2840/2173/116 2705/2174/116 2704/4180/111
f 3095/4228/484 3096/4229/914 2953/4230/915 2952/4231/485
f 2470/4232/69 2469/4233/71 2413/4234/71 2412/4235/72
f 3649/2876/419 3650/4236/916 3623/4237/917 3622/2877/420
f 2999/4238/166 2998/3038/164 3196/3039/164 3195/4239/166
f 3070/4046/896 3071/3148/771 2925/3149/771 2924/4045/895
f 302/4240/918 192/4241/68 186/4242/633 185/4243/68
f 3321/4244/919 3320/4245/274 3361/4246/920 3362/4247/68
f 2853/3709/860 2682/3708/825 2681/2452/12 2852/2451/12
f 4039/3133/262 4038/4248/105 4237/4249/105 4236/3134/262
f 3898/1837/471 3897/1172/322 4084/1175/322 4083/1838/470
f 2419/4250/479 2418/4251/69 2403/4252/69 2402/4253/479
f 3466/3983/188 3465/666/189 3449/667/189 3448/3984/188
f 2824/4254/921 2816/4255/17 2717/4256/17 2725/4257/148
f 2377/4258/922 2378/3931/752 2362/3934/752 2363/4259/510
f 3016/4260/164 3015/1468/394 3215/1471/142 3214/4261/164
f 3923/3618/324 3922/4224/363 3987/4227/363 3986/3619/324
f 3915/3576/322 3914/1392/324 3995/1395/324 3994/3577/322
f 2798/4262/17 2799/4222/359 2736/4223/359 2735/4263/17
f 427/4264/843 428/3923/868 433/3924/868 422/4265/842
f 3028/3929/156 3027/2020/198 3221/2023/198 3220/3930/156
f 4009/2563/2 4010/2555/2 3997/2554/2 3998/561/2
f 3169/4266/298 2875/4267/17 2874/4268/650 3168/4269/17
f 3313/4270/751 3413/4271/57 3351/4272/815 3314/4273/57
f 2850/2662/172 2851/4274/499 2698/4275/148 2697/2663/172
f 3927/875/251 3926/1830/404 3983/1833/405 3982/876/252
f 3904/655/192 3903/4276/68 3997/4277/68 4005/656/192
f 3066/149/55 3065/1440/155 3255/1443/383 3254/150/55
f 3113/4278/4 3136/4279/4 3229/4280/4 3230/4281/4 3114/4282/4
f 4190/4283/194 4191/4284/194 4182/4285/194 4181/4286/194 4180/4287/194 4179/4288/194 4178/4289/194 4188/4290/194 4189/4291/194
f 440/4292/3 439/4293/3 438/4294/3 437/4295/3 430/4296/3 429/4297/3 428/1271/3 489/1270/3 86/4298/3 85/4299/3 84/4300/3 83/4301/3 488/4302/3 487/4303/3 477/4304/3 476/1295/3 565/1294/3 564/4305/3 563/4306/3 562/1311/3 592/1310/3 591/4307/3 590/4308/3 306/4309/3 305/1231/3 410/1230/3 409/4310/3 408/4311/3 451/4312/3 450/4313/3 449/4314/3 442/3313/3 584/3316/3 583/4315/3 582/4316/3 581/4317/3 580/4318/3 579/4319/3 578/4320/3 586/4321/3 585/3315/3 441/3314/3
f 3104/4322/670 3105/1533/19 2962/1532/421 2961/4323/671
f 3734/4324/923 3737/4325/178 3738/4326/924 3733/4327/139
f 3072/1783/4 3196/1782/4 3197/1774/4 3073/1773/4
f 508/1766/453 504/1765/453 505/4328/125 507/4329/125
f 386/4330/271 387/4331/17 392/4332/925 393/4333/57
f 3086/4334/4 3141/1820/4 3253/1819/4 3254/4335/4 3255/4336/4 3256/4337/4 3257/1814/4 3185/1813/4 3189/4338/4 3188/4339/4 3251/4340/4 3252/4341/4 3244/4342/4 3091/4343/4 3090/4344/4 3089/4345/4 3088/4346/4 3087/4347/4
f 3000/4031/198 2999/4238/166 3195/4239/166 3194/4032/631
f 3458/4348/678 3346/4349/139 3345/4350/668 3457/4351/139
f 3363/4352/926 3322/4353/68 3321/4354/919 3362/4355/68
f 3167/4356/927 3168/4269/17 2874/4268/650 2873/4357/928
f 114/2358/626 113/701/127 456/704/127 457/2359/626
f 232/2790/574 231/2482/294 570/2485/294 571/2791/574
f 4243/2793/542 3886/2792/542 3885/3211/780 4242/3210/344
f 3101/4358/929 2958/4359/930 2957/4360/651 3100/4361/651
f 2357/2503/667 2358/2365/509 2346/2368/509 2347/2504/380
f 289/274/91 288/2800/368 139/2801/368 138/275/91
f 2638/67/6 2639/4362/337 2540/4363/137 2539/68/6
f 2995/4364/2 3003/3945/55 3191/3946/55 3190/4365/2
f 2630/4366/337 2631/1284/93 2550/1287/93 2549/4367/137
f 2980/4368/412 2979/4008/19 3121/4007/885 3122/4369/413
f 250/1125/309 249/2644/294 552/2647/294 553/1126/309
f 3718/1149/320 3547/1148/319 3546/3425/814 3717/3424/814
f 255/1946/507 254/3321/444 557/3322/444 558/1947/508
f 448/4370/931 449/4371/16 450/472/135 447/471/16
f 4013/3564/261 4012/2843/734 4139/2844/262 4138/3565/828
f 3727/4372/194 3726/4373/194 3725/4374/194 3724/4375/194 3743/4376/194 3742/4377/194 3735/4378/194 3734/4379/194 3733/4380/194 3732/4381/194 3755/4382/194 3754/4383/194 3747/4384/194 3746/4385/194 3745/4386/194 3744/4387/194 3758/4388/194 3757/4389/194 3756/4390/194 3772/4391/194 3771/4392/194 3765/4393/194 3764/4394/194 3763/4395/194 3949/4396/194 3948/4397/194 3947/4398/194 3946/4399/194 3945/4400/194 3944/4401/194 3943/4402/194 3942/4403/194 3941/4404/194 3940/4405/194 3776/4406/194 3775/4407/194
f 482/3626/844 481/3329/807 489/3332/807 490/3627/845
f 3695/4165/267 3696/1200/88 3579/1203/88 3578/4166/316
f 3691/4408/287 3692/486/144 3575/489/146 3574/4409/287
f 3152/4410/488 3153/3571/830 2889/3574/830 2888/4411/618
f 434/4412/369 435/4217/16 438/4216/913 439/4413/366
f 4069/4414/68 4077/4415/299 4185/4416/299 4184/4417/68
f 3811/2142/561 3810/1490/399 4112/1493/402 4113/2143/562
f 3489/4418/114 3488/498/150 3424/501/150 3423/4419/866
f 2953/4230/915 3096/4229/914 3097/2309/607 2954/2308/606
f 3728/4420/932 3729/1429/375 3726/1428/374 3727/4421/933
f 2996/483/143 2995/4422/2 3190/4423/2 3198/484/143
f 299/995/298 298/261/84 29/264/84 28/996/298
f 3759/4424/464 3760/4425/595 3757/4426/934 3758/4427/4
f 3308/4428/935 3307/1450/385 3481/1453/388 3480/4429/936
f 2415/4430/167 2423/4193/16 2398/4196/16 2397/4431/167
f 2604/2444/93 2605/3579/94 2578/3580/94 2577/2445/93
f 4066/2891/262 4065/4432/105 4255/4433/105 4254/2892/262
f 2801/1958/73 2802/2077/110 2739/2078/110 2738/1959/75
f 2334/4434/222 2335/3361/223 2333/3364/223 2325/4435/222
f 3047/3375/155 3046/4436/156 3238/4437/156 3237/3376/383
f 2420/4438/477 2419/4250/479 2402/4253/479 2401/4439/477
f 3395/4440/937 3299/4441/4 3298/4442/938 3396/4443/939
f 3282/4444/194 3283/1018/194 3342/1017/194 3343/4445/194 3344/4446/194 3345/1052/194 3306/1051/194 3307/4447/194 3308/1044/194 3278/1043/194 3279/4448/194 3280/4449/194 3281/4450/194
f 3084/213/77 2939/212/16 2938/4205/909 3083/4204/908
f 4072/4451/345 4071/3206/778 4191/3207/564 4190/4452/345
f 2422/4194/489 2421/4453/652 2400/4454/332 2399/4195/737
f 82/4455/17 484/3305/17 488/3304/797 83/4456/17
f 3270/4457/546 3271/2095/545 3262/4458/315 3269/4459/3
f 3736/4460/940 3737/4325/178 3734/4324/923 3735/4461/941
f 3473/2404/100 3472/405/113 3436/408/101 3435/2405/100
f 3903/4462/68 3911/421/123 3998/424/123 3997/4463/68
f 3675/3995/145 3676/4464/420 3595/4465/420 3594/3996/145
f 2482/4466/2 2446/4467/2 2445/4468/2 2494/4469/2
f 3862/2821/109 4179/2820/109 4180/4470/942 3863/4471/598
f 3357/4472/862 3358/4473/3 3359/4474/588 3318/4475/3 3317/4476/898 3354/4477/899 3355/4478/445 3356/4479/658
f 3349/2047/530 3348/4480/943 3506/4481/943 3505/2048/530
f 3821/2627/692 3820/1288/346 4110/1291/348 4111/2628/692
f 3275/3651/851 3274/4482/944 3390/4483/945 3389/3652/851
f 3707/3986/7 3708/4484/8 3555/4485/8 3554/3987/9
f 3154/3572/831 3149/4486/873 2891/4487/875 2890/3573/831
f 2361/2124/4 2383/2123/4 2384/2133/4 2362/2132/4
f 2482/4488/12 2483/4489/12 2447/4490/12 2446/4491/12
f 3910/422/124 3909/3126/766 4000/3127/767 3999/423/124
f 2786/3948/643 2787/3513/172 2760/3516/823 2759/3949/116
f 2836/4492/358 2837/1897/73 2702/1900/75 2701/4493/358
f 2859/4494/946 2688/4495/946 2687/2783/712 2858/2782/711
f 405/4496/947 406/3246/785 409/3249/785 410/4497/947
f 3552/2340/623 3723/2339/622 3715/2530/139 3544/2529/139
f 2900/4498/242 2899/2166/12 3144/2165/566 3145/4499/241
f 2500/4500/17 2499/3692/17 2440/3695/17 2439/4501/17
f 442/4502/877 449/4371/16 448/4370/931 443/4503/377
f 3714/1143/87 3706/4504/62 3553/4505/62 3561/1144/88
f 540/4506/625 526/4507/625 527/2454/82 539/2453/82
f 3871/4508/109 4210/4509/109 4211/4510/598 3872/4511/598
f 3684/2059/536 3685/1444/372 3586/1447/372 3585/2060/145
f 225/2651/258 224/2208/308 581/2211/308 582/2652/258
f 2894/4512/638 2893/4513/16 3151/4514/948 3146/4515/636
f 388/1903/497 391/1902/17 392/4332/925 387/4331/17
f 3151/4514/948 2893/4513/16 2892/3959/874 3150/3958/12
f 3744/4516/465 3745/4517/139 3750/4518/949 3751/4519/4
f 327/4177/522 330/4176/17 331/3308/799 326/3307/17
f 3267/4520/194 3266/4521/194 3414/4522/194 3415/4523/194 3416/4524/194 3355/4525/194 3354/4526/194 3353/4527/194 3352/4528/194 3351/4529/194 3423/4530/194 3424/4531/194 3425/4532/194 3417/4533/194 3418/4534/194 3419/4535/194 3420/4536/194 3421/4537/194 3422/4538/194 3413/4539/194 3412/4540/194 3411/4541/194 3270/4542/194 3269/4543/194 3268/4544/194
f 4132/4545/674 4165/3241/188 3828/3242/784 3827/4546/675
f 3344/2514/669 3343/2826/725 3455/2829/725 3456/2515/669
f 3856/4547/950 3855/4548/138 3954/4549/141 3955/4550/950
f 118/4551/951 459/4552/19 460/4553/952 119/4554/12
f 3351/4529/194 3413/4539/194 3422/4538/194 3423/4530/194
f 3052/1517/164 3051/3278/394 3251/3279/142 3250/1518/164
f 2629/1513/6 2630/4366/337 2549/4367/137 2548/1514/417
f 2374/1643/379 2375/3464/667 2365/3467/380 2366/1644/432
f 286/2154/304 285/798/65 142/801/65 141/2155/66
f 3046/4436/156 3045/697/198 3239/700/198 3238/4437/156
f 2791/4555/358 2792/1212/73 2747/1213/73 2746/4556/358
f 3826/4557/676 3825/3628/846 4093/3631/848 4094/4558/178
f 3453/4559/194 3454/4560/194 3441/4561/194 3440/4562/194 3375/4563/194 3374/4564/194 3373/4565/194 3372/4566/194 3371/4567/194 3443/4568/194 3444/4569/194 3445/4570/194 3368/4571/194 3367/4572/194 3366/4573/194 3365/4574/194 3364/4575/194 3447/4576/194 3448/4577/194 3449/4578/194 3450/4579/194 3451/4580/194 3452/4581/194
f 3446/4582/194 3447/4576/194 3364/4575/194 3442/4583/194 3441/4561/194 3454/4560/194
f 19/4584/953 20/3533/475 23/3536/475 24/4585/953
f 2487/4586/954 2488/3371/239 2452/3374/239 2451/4587/955
f 3469/4588/2 3470/4589/2 3500/4590/2 3357/4591/2 3356/4592/2 3490/4593/2 3491/4594/2 3476/4595/2 3468/4596/2
f 3489/4597/2 3490/4593/2 3356/4592/2 3501/4598/2 3502/4599/2 3503/4600/2 3504/4601/2 3505/4602/2 3485/4603/2 3477/4604/2 3478/4605/2 3479/4606/2 3480/4607/2 3481/4608/2 3482/4609/2 3483/4610/2 3458/4611/2 3457/4612/2 3456/4613/2 3455/4614/2 3370/1156/2 3460/1155/2 3461/4615/2 3462/1162/2 3498/1161/2 3499/4616/2 3500/4590/2 3470/4589/2 3471/4617/2 3472/4618/2 3473/4619/2 3474/4620/2 3475/4621/2 3476/4595/2 3491/4594/2 3492/4622/2 3493/4623/2 3494/4624/2 3486/4625/2 3487/4626/2 3488/4627/2
f 221/4628/295 229/4629/259 586/4630/259 578/4631/296
f 472/747/216 144/746/215 143/743/212 471/4632/956
f 3507/4633/2 3458/4611/2 3483/4610/2 3484/4634/2 3485/4603/2 3505/4602/2 3506/4635/2
f 2639/4362/337 2640/3953/93 2541/3956/93 2540/4363/137
f 2658/1197/93 2659/2369/629 2524/2372/94 2523/1198/93
f 2833/4636/499 2825/4637/17 2708/4638/17 2716/4639/148
f 2835/3271/359 2836/4492/358 2701/4493/358 2700/3272/359
f 372/4640/314 373/4641/16 366/4642/634 371/4643/16
f 3863/4644/598 4180/4645/942 4181/1377/353 3864/1376/353
f 3494/3906/640 3493/650/188 3419/653/190 3418/3907/640
f 507/4329/125 505/4328/125 497/3685/2 506/3684/2
f 3765/2226/583 3771/3102/759 3770/3101/758 3766/2227/584
f 3165/4646/501 3166/4015/889 2878/4018/889 2877/4647/501
f 228/4648/957 227/3292/444 584/3293/444 585/4649/958
f 3147/2394/637 3148/3108/761 2896/3111/761 2895/2395/637
f 3044/698/163 3043/4650/164 3241/4651/165 3240/699/166
f 3302/4652/68 3310/2169/567 3478/2172/567 3477/4653/68
f 3778/2320/616 3777/4654/139 3950/4655/139 3951/2321/617
f 120/4656/12 119/4554/12 460/4553/952 461/4657/12
f 2795/3603/643 2796/1905/172 2751/1908/172 2750/3604/116
f 2467/4658/430 2475/4659/959 2407/4660/959 2406/4661/430
f 3698/1657/7 3699/978/286 3564/981/289 3563/1658/438
f 2806/1221/148 2798/4662/17 2735/4663/17 2743/1222/148
f 2325/3397/4 2401/3396/4 2402/4664/4 2403/3406/4 2326/3405/4
f 206/1912/303 205/3274/64 522/3277/66 521/1913/303
f 2851/4274/499 2843/4665/17 2690/4666/17 2698/4275/148
f 2486/1473/5 2487/4586/954 2451/4587/955 2450/1474/5
f 2643/2846/735 2644/3333/1 2545/3336/1 2544/2847/559
f 3164/4667/960 3165/4646/501 2877/4647/501 2876/4668/961
f 3568/4669/194 3569/4670/194 3570/4671/194 3546/4672/194 3547/4673/194 3567/4674/194
f 3337/4675/457 3442/4676/68 3364/4677/962 3338/4678/68
f 3155/4679/826 3156/1435/16 2886/1434/378 2885/4680/963
f 48/4013/888 38/4012/12 37/3903/865 47/3902/19
f 3629/4681/194 3630/4682/194 3580/4683/194 3581/4684/194 3595/4685/194 3596/4686/194 3597/4687/194 3589/4688/194 3603/4689/194 3604/4690/194 3605/4691/194 3606/4692/194 3598/4693/194 3551/4694/194 3552/2734/194 3609/2733/194 3610/4695/194 3611/4696/194 3612/2727/194 3626/2726/194 3627/4697/194 3628/4698/194
f 315/4699/833 316/4700/12 307/4701/129 314/4702/12
f 3017/2835/731 3016/4260/164 3214/4261/164 3213/2836/166
f 3572/4703/194 3573/4704/194 3630/4682/194 3631/4705/194 3571/4706/194
f 199/4707/4 200/298/4 295/297/4 296/4708/4 297/348/4 291/347/4 292/4709/4 284/4710/4 285/4711/4 286/4712/4 287/343/4 247/342/4 239/4713/4 240/4714/4 241/4715/4 242/4716/4 243/4717/4 244/4718/4 245/340/4 196/339/4 197/4719/4 198/4720/4
f 2832/3164/172 2833/4636/499 2716/4639/148 2715/3165/172
f 3490/3667/854 3489/4418/114 3423/4419/866 3422/3668/101
f 3054/3167/198 3053/1516/166 3249/1519/166 3248/3168/631
f 4192/4721/194 4184/4722/194 4185/4723/194 4186/4724/194 4187/4725/194 4188/4290/194 4178/4289/194 4177/4726/194 4176/4727/194 4175/4728/194 4183/4729/194 4182/4285/194 4191/4284/194
f 2776/2796/717 2777/1872/487 2768/1875/487 2767/2797/718
f 3561/4730/194 3553/2737/194 3545/2736/194 3546/4672/194 3570/4671/194 3562/4731/194 3563/4732/194 3564/4733/194 3565/4734/194 3566/4735/194 3567/4674/194 3547/4673/194 3548/4736/194 3549/4737/194 3550/4738/194 3551/4694/194 3598/4693/194 3599/4739/194 3600/4740/194 3601/4741/194 3602/4742/194 3603/4689/194 3589/4688/194 3590/4743/194 3591/4744/194 3592/4745/194 3593/4746/194 3594/4747/194 3595/4685/194 3581/4684/194 3582/4748/194 3583/4749/194 3584/4750/194 3585/4751/194 3586/4752/194 3587/4753/194 3588/4754/194 3580/4683/194 3630/4682/194 3573/4704/194 3574/4755/194 3575/4756/194 3576/4757/194 3577/4758/194 3578/4759/194 3579/4760/194 3571/4706/194 3631/4705/194 3632/4761/194 3633/4762/194 3625/4763/194 3626/2726/194 3619/2725/194 3620/4764/194 3621/4765/194 3622/4766/194 3623/2739/194 3554/2738/194 3555/4767/194 3556/4768/194 3557/4769/194 3558/4770/194 3559/4771/194 3560/4772/194
f 2358/4773/4 2500/4774/4 2477/4775/4 2359/4776/4
f 3659/4218/267 3660/646/88 3615/649/88 3614/4219/316
f 4068/4777/299 4067/2890/261 4253/2893/261 4252/4778/299
f 541/2398/639 525/2397/639 526/4507/625 540/4506/625
f 3077/4779/427 3078/3477/817 2932/3476/816 2931/4780/428
f 3115/840/234 3116/4781/964 2974/4782/965 2973/4783/966 2972/841/235
f 3645/2110/552 3646/4784/287 3619/4785/967 3618/2111/289
f 3793/2787/715 3792/2087/543 4122/2090/543 4123/2788/715
f 2418/4251/69 2417/2746/71 2404/2747/71 2403/4252/69
f 2641/3954/94 2642/2845/149 2543/2848/736 2542/3955/94
f 491/4786/968 492/834/230 486/837/231 485/4787/969
f 302/4788/918 303/1693/450 193/1696/452 192/4789/68
f 2497/4790/19 2496/3899/19 2443/3900/19 2442/4791/19
f 3129/3968/879 3130/1667/442 2989/1666/441 2988/3969/880
f 271/3129/91 270/1412/371 130/1413/368 129/3130/91
f 246/2888/507 245/4792/970 566/4793/444 567/2889/507
f 2776/4794/3 2775/4066/3 2816/4065/3 2824/4795/3 2823/4121/3 2828/4120/3 2827/4796/3 2826/4797/3 2825/4798/3 2833/4115/3 2838/4114/3 2837/4799/3 2836/4800/3 2835/4108/3 2847/4107/3 2846/4801/3 2845/4802/3 2844/4101/3 2787/4100/3 2786/4803/3 2785/4804/3 2784/4805/3 2783/4095/3 2796/4094/3 2795/4806/3 2794/4807/3 2793/4808/3 2792/4089/3 2859/4088/3 2858/4080/3 2808/4079/3 2807/4071/3 2803/4070/3 2802/4809/3 2801/4810/3 2800/4811/3 2799/4812/3 2798/4813/3 2806/4814/3 2805/4815/3 2804/4069/3 2773/4068/3 2772/4816/3 2771/4817/3 2779/4818/3 2778/4819/3 2777/4820/3
f 3651/4821/88 3643/4822/62 3616/4823/62 3624/4824/88
f 2934/3094/756 2933/3479/819 3079/3478/818 3080/3091/754
f 4077/4415/299 4076/1476/261 4186/1479/261 4185/4416/299
f 4163/3119/764 4162/4825/971 3831/4826/972 3830/3120/765
f 360/4827/827 361/1315/349 349/1318/352 348/4828/826
f 274/4050/293 273/3669/321 127/3670/855 126/4051/293
f 3757/4426/934 3760/4425/595 3761/377/99 3756/376/98
f 2614/3997/94 2615/3410/149 2570/3411/736 2569/3998/94
f 3295/3528/824 3399/3527/252 3398/2460/656 3296/2459/655
f 2469/4233/71 2468/1548/429 2414/1551/12 2413/4234/71
f 4038/4248/105 4037/3909/106 4238/3910/106 4237/4249/105
f 3777/4829/139 3857/4830/973 3956/4831/973 3950/4832/139
f 2862/460/127 2865/459/12 2866/2612/687 2861/2611/686
f 18/4833/12 19/4584/953 24/4585/953 17/4834/12
f 3782/867/245 3781/4835/139 4124/4836/697 4125/868/245
f 3116/4781/964 3117/1723/455 2975/1726/455 2974/4782/965
f 3702/2818/536 3703/1424/372 3568/1427/372 3567/2819/145
f 453/4837/974 404/4838/975 411/4839/976 454/4840/977
f 3369/4841/459 3370/4842/727 3342/4843/726 3341/4844/740 3367/4845/743 3368/4846/4
f 3815/1767/249 3814/2054/533 4148/2057/533 4147/1768/249
f 3278/4847/781 3277/822/225 3387/825/226 3386/4848/425
f 3348/4480/943 3347/2535/677 3507/2538/677 3506/4481/943
f 3945/3040/750 3946/4849/738 3936/4850/739 3935/3041/750
f 2376/3465/509 2377/4258/922 2363/4259/510 2364/3466/509
f 2982/4851/3 2983/4852/3 2984/4853/3 2985/4854/3 2986/4855/3 2987/4856/3 2988/4857/3 2989/4858/3 2990/4859/3 2991/4860/3 2992/4861/3 3016/4862/3 3017/4863/3 3018/4864/3 3019/4865/3 3020/4866/3 3021/4867/3 3013/4868/3 2873/4869/3 2874/4870/3 2875/4871/3 2876/4872/3 2877/4873/3 2878/4874/3 2879/4875/3 2880/4876/3 2881/4877/3 2882/4878/3 2883/4879/3 2884/4880/3 2885/4881/3 2886/4882/3 2887/4135/3 3031/4134/3 3032/4883/3 3033/4884/3 3034/4885/3 3035/4886/3 3036/4130/3 2973/4129/3 2974/4887/3 2975/4888/3 2976/4889/3 2977/2658/3 3028/2657/3 3029/4890/3 3030/4891/3 3022/4892/3 3023/4893/3 3024/4894/3 3025/4895/3 3026/4896/3 3027/2656/3 2979/2655/3 2980/4897/3 2981/4898/3
f 3653/4899/2 3652/4900/2 3660/4901/2 3659/4902/2 3646/4903/2 3645/4904/2 3644/4905/2 3643/4906/2 3651/4907/2 3715/4908/2 3723/4909/2 3722/4910/2 3721/4911/2 3664/4912/2 3663/4913/2 3662/4914/2 3661/4915/2 3669/4916/2 3668/4917/2 3667/4918/2 3666/4919/2 3671/4920/2 3670/4921/2 3678/4922/2 3677/4923/2 3676/4924/2 3675/4925/2 3674/4926/2 3720/4927/2 3719/4928/2 3693/4929/2 3692/4930/2 3691/4931/2 3690/4932/2 3689/4933/2 3688/4934/2 3701/4935/2 3700/4936/2 3699/4937/2 3698/4938/2 3697/4939/2 3717/4940/2 3716/4941/2 3714/4942/2 3713/4943/2 3712/4944/2 3711/4945/2 3710/4946/2 3709/4947/2 3708/4948/2 3707/4949/2 3650/4950/2 3649/4951/2 3648/4952/2 3647/4953/2 3635/4954/2 3634/4955/2 3642/4956/2 3641/4957/2 3640/4958/2 3639/4959/2 3687/4960/2 3686/4961/2 3685/4962/2 3684/4963/2 3683/4964/2 3682/4965/2 3681/4966/2 3680/4967/2 3638/4968/2 3637/4969/2 3636/4970/2 3657/4971/2 3656/4972/2 3655/4973/2 3654/4974/2
f 335/4975/804 342/4976/806 317/4977/747 324/4978/2
f 2601/2414/5 2602/4979/6 2575/4980/6 2574/2415/5
f 3694/4981/2 3693/4929/2 3719/4928/2 3718/4982/2 3717/4940/2 3697/4939/2 3705/4983/2 3704/4984/2 3703/4985/2 3702/4986/2 3701/4935/2 3688/4934/2 3696/4987/2 3695/4988/2
f 3638/4968/2 3680/4967/2 3679/4989/2 3687/4960/2 3639/4959/2
f 3788/4990/978 3787/3591/836 4160/3594/836 4159/4991/978
f 2868/4992/3 2867/4993/3 2866/4994/3 2865/4995/3 2864/4996/3 2921/4997/3 2922/4998/3 2923/4999/3 2924/1561/3 3004/1560/3 3005/5000/3 3006/5001/3 3007/5002/3 3008/5003/3 3009/5004/3 3010/1557/3 2918/1556/3 2919/5005/3 2920/5006/3 2873/4869/3 3013/4868/3 3014/5007/3 3015/5008/3 3016/4862/3 2992/4861/3 2993/5009/3 2994/5010/3 2869/5011/3
f 229/4629/259 228/4648/957 585/4649/958 586/4630/259
f 3925/1831/469 3924/3617/322 3985/3620/322 3984/1832/470
f 3323/2813/363 3322/4353/68 3363/3154/926 3426/2814/720
f 3635/4954/2 3647/4953/2 3646/4903/2 3659/4902/2 3658/5012/2 3657/4971/2 3636/4970/2
f 362/1316/350 363/5013/871 351/5014/757 350/1317/351
f 3014/1469/143 3013/5015/2 3208/5016/2 3216/1470/143
f 3102/2107/550 2959/2106/17 2958/4359/930 3101/4358/929
f 3650/4236/916 3651/4821/88 3624/4824/88 3623/4237/917
f 218/5017/92 217/2276/91 546/2279/91 545/5018/92
f 3880/2094/109 4228/2093/109 4229/5019/598 3881/5020/598
f 2843/5021/17 2844/2353/359 2691/2356/360 2690/5022/17
f 2994/2412/642 3135/2411/641 2870/5023/979 2869/5024/979
f 2421/4453/652 2420/4438/477 2401/4439/477 2400/4454/332
f 2646/2720/5 2647/2575/6 2530/2576/6 2529/2721/5
f 3038/2673/155 3037/2717/156 3229/2718/156 3228/2674/155
f 2598/2748/707 2599/2577/681 2590/2580/681 2589/2749/707
f 199/5025/19 198/3991/69 591/3992/69 592/5026/19
f 3708/4484/8 3709/3917/287 3556/3918/287 3555/4485/8
f 3309/2170/568 3308/4428/935 3480/4429/936 3479/2171/568
f 208/4187/91 207/1911/500 520/1914/368 519/4188/903
f 3741/1537/425 3736/5027/940 3735/5028/941 3742/1538/425
f 2790/1385/359 2791/4555/358 2746/4556/358 2745/1386/360
f 3332/4162/741 3331/5029/980 3372/5030/981 3373/4163/742
f 3331/5029/980 3330/5031/68 3371/5032/982 3372/5030/981
f 536/5033/983 530/5034/468 531/1722/454 535/1721/453
f 3863/5035/194 3864/5036/194 3865/2984/194 3731/2854/194 3730/5037/194 3729/5038/194 3728/5039/194 3774/5040/194 3773/5041/194 3930/5042/194 3931/5043/194 3932/5044/194 3933/5045/194 3934/5046/194 3935/5047/194 3936/5048/194 3937/5049/194 3938/5050/194 3939/5051/194 3768/5052/194 3767/5053/194 3766/5054/194 3770/5055/194 3769/5056/194 3762/1854/194 3913/1853/194 3914/5057/194 3915/5058/194 3916/5059/194 3917/5060/194 3918/5061/194 3919/5062/194 3920/5063/194 3912/1852/194 3761/1855/194 3760/5064/194 3759/5065/194 3751/2967/194 3900/2966/194 3901/2958/194 3839/2957/194 3840/5066/194 3841/5067/194 3842/5068/194 3843/5069/194 3844/5070/194 3845/5071/194 3846/5072/194 3847/5073/194 3848/5074/194 3923/5075/194 3924/5076/194 3925/5077/194 3926/5078/194 3927/5079/194 3928/5080/194 3929/5081/194 3921/5082/194 3849/5083/194 3850/5084/194 3851/5085/194 3852/5086/194 3853/5087/194 3854/2990/194 3861/2989/194 3862/5088/194
f 3902/4211/140 3901/3951/250 4080/3952/250 4079/4212/140
f 2855/4186/902 2684/4185/901 2683/3707/200 2854/3706/200
f 3142/5089/5 3143/2168/12 2898/2167/327 2897/5090/762
f 3172/1205/339 3167/5091/927 2873/5092/928 2920/1206/339
f 3848/5074/194 3849/5083/194 3921/5082/194 3922/5093/194 3923/5075/194
f 3913/1393/363 3912/5094/68 3988/5095/68 3996/1394/363
f 2321/2753/667 2322/3890/509 2310/3891/509 2311/2754/380
f 2473/5096/984 2472/3294/477 2410/3297/796 2409/5097/332
f 2424/5098/633 2432/5099/959 2380/5100/959 2379/5101/167
f 3160/3989/314 3155/5102/826 2885/5103/963 2884/3990/314
f 3395/5104/937 3394/5105/985 3300/5106/986 3299/5107/4
f 2602/4979/6 2603/2443/137 2576/2446/137 2575/4980/6
f 2319/3250/431 2320/2752/379 2312/2755/432 2313/3251/431
f 3870/517/107 4209/516/162 4210/4509/109 3871/4508/109
f 3646/4784/287 3647/2262/146 3620/2265/146 3619/4785/967
f 3892/5108/355 4249/5109/355 4250/3209/397 3893/3208/779
f 2560/5110/4 2546/20/4 2547/5111/4 2548/5112/4 2549/5113/4 2550/5114/4 2551/5115/4 2552/17/4 2506/16/4 2507/5116/4 2508/5117/4 2556/5118/4 2557/5119/4 2558/5120/4 2559/5121/4
f 280/2648/91 279/2634/368 166/2637/368 165/2649/91
f 4008/5122/778 4007/192/67 4144/195/67 4143/5123/564
f 4009/2517/345 4008/5122/778 4143/5123/564 4142/2518/345
f 3340/2863/741 3339/5124/980 3365/5125/981 3366/2864/742
f 268/1119/304 267/968/65 133/971/65 132/1120/66
f 2462/2659/479 2461/196/69 2394/199/72 2393/2660/479
f 3664/2332/541 3665/1214/146 3602/1217/342 3601/2333/541
f 294/3474/242 293/5126/2 25/5127/2 33/3475/242
f 306/5128/2 196/5129/2 195/5130/2 305/5131/2
f 3298/5132/938 3297/2458/595 3397/2457/654 3396/5133/939
f 3469/3639/141 3468/5134/68 3431/5135/68 3439/3640/141
f 3980/575/2 4072/574/2 4073/5136/2 4074/5137/2 4075/5138/2 4076/5139/2 4077/5140/2 4069/5141/2 4070/5142/2 4071/573/2 4067/572/2 4068/564/2 4000/563/2 4001/5143/2 4002/5144/2 4003/1990/2 4034/1989/2 4035/5145/2 4036/1982/2 3955/1981/2 3954/5146/2 3959/5147/2 3958/5148/2 3957/5149/2 3961/5150/2 3960/5151/2 3962/582/2 3986/581/2 3987/5152/2 3979/5153/2
f 3203/1796/4 3204/5154/4 3205/5155/4 3206/1790/4 2863/1789/4 2862/5156/4 2861/5157/4 2872/5158/4 2871/5159/4 2870/5160/4 3135/5161/4 3134/5162/4 3133/5163/4 3139/5164/4 3213/5165/4 3214/5166/4 3215/5167/4 3216/5168/4 3208/5169/4 3209/5170/4 3210/5171/4 3164/5172/4 3169/5173/4 3168/5174/4 3167/5175/4 3172/5176/4 3171/1797/4
f 243/3715/258 242/4199/308 563/4200/308 564/3716/258
f 3891/5177/733 4248/5178/353 4249/5109/355 3892/5108/355
f 2342/3230/752 2334/5179/222 2325/5180/222 2326/3231/752
f 3043/4650/164 3042/5181/142 3242/5182/142 3241/4651/165
f 3293/5183/724 3292/164/56 3402/167/58 3401/5184/722
f 3690/3704/8 3691/4408/287 3574/4409/287 3573/3705/8
f 277/282/4 278/292/4 253/291/4 254/283/4
f 4060/5185/68 4068/4777/299 4252/4778/299 4251/5186/68
f 537/5187/197 529/5188/196 530/5034/468 536/5033/983
f 3774/4055/897 3728/5189/932 3727/5190/933 3775/4056/897
f 3653/5191/7 3654/2866/277 3609/2869/8 3608/5192/7
f 3731/5193/894 3740/1536/424 3743/1539/426 3724/5194/893
f 3127/2316/613 3128/3967/878 2987/3970/878 2986/2312/609
f 2337/4003/431 2338/1436/379 2330/1439/381 2331/4004/431
f 2823/1462/172 2824/4254/921 2725/4257/148 2724/1463/172
f 3975/2480/666 4095/1745/460 4096/5195/62
f 3975/2480/666 4096/5195/62 4097/2477/492
f 453/4837/974 454/4840/977 416/5196/987 415/5197/988
f 467/719/206 491/4786/968 485/4787/969 468/720/207 154/718/205
f 452/4035/891 321/5198/812 320/5199/811 354/4036/892
f 4099/3235/783 4100/5200/595 3976/2479/665
f 3976/2479/665 4100/5200/595 4101/5201/595
f 3976/2479/665 4101/5201/595 3977/2476/664
f 3977/2476/664 4101/5201/595 4102/4027/578
f 3977/2476/664 4103/4030/716 4104/2473/661
f 3957/5202/4 3852/5203/176 3851/2713/702 3961/2714/703
f 3978/2475/663 4105/2474/662 4106/5204/512
f 4091/1746/461 3974/2481/204 4108/5205/62
f 4108/5205/62 3974/2481/204 4107/712/203
f 219/4126/701 218/5017/92 545/5018/92 544/4127/573
f 3682/2075/541 3683/2058/535 3584/2061/342 3583/2076/541
f 4034/5206/67 4033/5207/68 4233/5208/68 4241/5209/67
f 2477/5210/17 2500/4500/17 2439/4501/17 2438/5211/17
f 3667/1526/419 3668/5212/916 3605/5213/917 3604/1527/420
f 2857/2785/713 2686/2784/605 2685/5214/900 2856/5215/884
f 2788/3514/173 2780/5216/17 2753/5217/17 2761/3515/173
f 4073/2582/682 4072/4451/345 4190/4452/345 4189/2583/106
f 3969/5218/445 3968/502/151 3842/505/154 3841/5219/3
f 440/1405/367 441/3961/876 444/3964/876 445/1406/368
f 2669/3136/149 2670/2194/559 2517/2197/559 2516/3137/736
f 3665/5220/2 3664/4912/2 3721/4911/2 3720/4927/2 3674/4926/2 3673/5221/2 3672/5222/2 3671/4920/2 3666/4919/2
f 524/5223/3 532/5224/3 531/5225/3 530/3638/3 548/3637/3 549/5226/3 550/5227/3 542/5228/3 543/5229/3 544/5230/3 545/5231/3 546/3635/3 527/3634/3 526/5232/3 525/5233/3
f 3462/3913/114 3461/1915/150 3453/1916/150 3452/3914/866
f 4111/5234/194 4110/5235/194 4109/5236/194 4128/2268/194 4143/2267/194 4144/5237/194 4136/5238/194 4137/5239/194 4138/5240/194 4139/5241/194 4140/5242/194 4141/5243/194 4142/2266/194 4145/2269/194 4146/5244/194 4147/5245/194 4148/5246/194 4129/5247/194 4114/5248/194 4113/5249/194 4112/5250/194 4098/5251/194 4097/5252/194 4096/5253/194 4095/5254/194
f 3857/4830/973 3856/4547/950 3955/4550/950 3956/4831/973
f 2372/2347/522 2373/1642/431 2367/1645/431 2368/2348/522
f 2432/5099/959 2431/2849/489 2381/2850/737 2380/5100/959
f 4134/5255/398 4193/1464/391 3800/1467/393 3799/5256/62
f 2660/2370/149 2661/3979/558 2526/3982/559 2525/2371/630
f 394/5257/989 395/5258/17 398/5259/990 399/5260/991
f 3732/5261/138 3733/4327/139 3738/4326/924 3739/5262/140
f 4176/3171/542 3859/3170/542 3858/1871/68 4175/1870/68
f 2479/3520/16 2480/518/16 2436/521/16 2435/3521/16
f 3676/4464/420 3677/946/267 3596/947/267 3595/4465/420
f 2784/815/74 2785/3947/186 2758/3950/872 2757/816/74
f 416/5263/987 417/3642/19 414/3641/849 415/5264/988
f 4027/1281/345 4026/3730/778 4156/3731/564 4155/1282/345
f 2876/5265/961 2875/4267/17 3169/4266/298 3164/5266/960
f 2475/4659/959 2474/5267/489 2408/5268/489 2407/4660/959
f 3652/5269/62 3653/5191/7 3608/5192/7 3607/5270/62
f 4162/4825/971 4133/5271/595 3832/5272/594 3831/4826/972
f 2818/2291/358 2819/2671/73 2720/2672/73 2719/2292/358
f 2483/4489/12 2484/3470/12 2448/3473/12 2447/4490/12
f 2471/3295/478 2470/4232/69 2412/4235/72 2411/3296/479
f 2797/1906/499 2789/5273/17 2744/5274/17 2752/1907/148
f 4035/3213/564 4034/5206/67 4241/5209/67 4240/3214/564
f 3746/2839/397 3749/2838/139 3750/4518/949 3745/4517/139
f 3081/3092/755 3082/4203/907 2936/4207/911 2935/3093/755
f 63/5275/19 459/4552/19 118/4551/951 64/5276/19
f 430/5277/242 437/4215/12 436/4214/912 431/5278/520
f 4216/5279/194 4217/5280/194 4218/5281/194 4219/3737/194 4211/3736/194 4210/5282/194 4209/5283/194 4208/5284/194 4207/5285/194 4206/5286/194 4214/5287/194 4213/3734/194 4221/3733/194 4222/5288/194 4223/5289/194 4215/5290/194
f 2611/1888/6 2612/3523/337 2567/3526/137 2566/1889/6
f 3651/4907/2 3650/4950/2 3707/4949/2 3706/5291/2 3714/4942/2 3716/4941/2 3715/4908/2
f 3339/5124/980 3338/5292/68 3364/5293/962 3365/5125/981
f 3668/5212/916 3669/2802/88 3606/2805/88 3605/5213/917
f 3890/5294/598 4247/5295/598 4248/5178/353 3891/5177/733
f 3139/5296/992 3133/5297/589 2992/5298/592 2991/5299/263 3132/5300/266
f 2570/5301/4 2571/5302/4 2572/42/4 2576/41/4 2577/5303/4 2578/5304/4 2579/5305/4 2580/36/4 2511/35/4 2512/27/4 2590/26/4 2582/5306/4 2583/5307/4 2584/5308/4 2585/21/4 2546/20/4 2560/5110/4 2561/5309/4 2562/5310/4 2563/5311/4 2555/5312/4 2556/5118/4 2508/5117/4 2509/44/4 2564/43/4 2565/5313/4 2566/5314/4 2567/5315/4 2568/5316/4 2569/5317/4
f 3042/5181/142 3041/938/143 3243/941/143 3242/5182/142
f 4062/2162/564 4061/1741/67 4259/1744/67 4258/2163/564
f 3393/3360/809 3301/3359/808 3300/5106/986 3394/5105/985
f 3266/5318/580 3267/3143/62 3264/3142/768 3265/5319/581
f 4087/5320/194 4133/5321/194 4162/3003/194 4170/3002/194 4171/5322/194 4172/5323/194 4173/5324/194 4174/2997/194 4094/2996/194 4093/5325/194 4092/5326/194 4091/5327/194 4108/5328/194 4107/5329/194 4090/5330/194 4089/5331/194 4088/5332/194
f 3789/2462/67 3788/4990/978 4159/4991/978 4158/2463/67
f 4255/2501/194 4256/2493/194 4247/2492/194 4246/5333/194 4245/2502/194
f 2352/5334/403 2353/3659/223 2351/3660/223 2343/5335/403
f 2626/3008/1 2618/5336/2 2555/5337/2 2563/3009/1
f 115/744/213 458/5338/12 471/4632/956 143/743/212
f 245/4792/970 244/3714/257 565/3717/257 566/4793/444
f 3920/2520/140 3919/972/250 3990/975/283 3989/2521/140
f 396/3921/867 397/3920/16 398/5259/990 395/5258/17
f 2359/2366/510 2360/3044/752 2344/3047/752 2345/2367/510
f 2491/5339/4 2490/3485/4 2376/3484/4 2375/5340/4 2374/5341/4 2373/5342/4 2372/3502/4 2483/3501/4 2482/5343/4 2494/5344/4 2495/5345/4 2496/5346/4 2497/5347/4 2498/5348/4 2499/5349/4 2500/4774/4 2358/4773/4 2357/5350/4 2356/5351/4 2355/5352/4 2354/5353/4 2353/5354/4 2352/5355/4 2360/5356/4 2359/4776/4 2477/4775/4 2476/5357/4 2480/5358/4 2479/3497/4 2324/3496/4 2323/5359/4 2322/3489/4 2487/3488/4 2486/5360/4 2485/2510/4 2340/2509/4 2339/5361/4 2338/5362/4 2337/5363/4 2336/5364/4 2335/5365/4 2334/5366/4 2342/5367/4 2341/2512/4 2493/2511/4 2492/5368/4
f 2848/864/186 2849/2661/695 2696/2664/116 2695/865/243
f 2474/5267/489 2473/5096/984 2409/5097/332 2408/5268/489
f 2451/3072/3 2462/3071/3 2463/5369/3 2464/5370/3 2465/3065/3 2450/3064/3
f 4205/5371/62 4021/5372/62 4197/5373/62
f 4197/5373/62 4021/5372/62 4020/5374/62
f 4197/5373/62 4020/5374/62 4198/5375/62
f 4198/5375/62 4020/5374/62 4019/5376/595
f 4198/5375/62 4019/5376/595 4199/5377/595
f 4199/5377/595 4019/5376/595 4018/5378/595
f 4199/5377/595 4018/5378/595 4200/5379/595
f 4200/5379/595 4018/5378/595 4017/5380/139
f 4200/5379/595 4017/5380/139 4201/5381/139
f 4201/5381/139 4017/5380/139 4016/5382/139
f 4201/5381/139 4016/5382/139 4202/5383/139
f 4202/5383/139 4016/5382/139 4015/5384/68
f 4202/5383/139 4015/5384/68 4203/5385/178
f 4203/5386/178 4015/5387/68 4023/5388/178
f 4203/5386/178 4023/5388/178 4204/5389/178
f 4204/5389/178 4023/5388/178 4022/5390/178
f 4204/5389/178 4022/5390/178 4205/5371/62
f 4205/5371/62 4022/5390/178 4021/5372/62
f 3636/2886/749 3637/3935/869 3628/3936/870 3627/2887/749
f 338/5391/327 355/4197/905 343/4198/905 339/5392/325
f 404/5393/975 405/4496/947 410/4497/947 411/5394/976
f 3226/5395/4 3227/5396/4 3228/5397/4 3229/4280/4 3136/4279/4 3112/5398/4 3111/5399/4 3110/5400/4 3109/5401/4 3108/5402/4 3107/1423/4 3239/1422/4 3240/5403/4 3241/5404/4 3242/5405/4 3243/5406/4 3235/5407/4 3236/5408/4 3237/5409/4 3238/1421/4 3104/1420/4 3103/5410/4 3102/5411/4 3101/5412/4 3100/5413/4 3099/5414/4 3098/5415/4 3097/5416/4 3096/5417/4 3095/5418/4 3094/5419/4 3093/5420/4 3092/5421/4 3091/4343/4 3244/4342/4 3245/5422/4 3246/5423/4 3247/5424/4 3248/5425/4 3249/5426/4 3250/5427/4 3251/4340/4 3188/4339/4 3145/5428/4 3144/5429/4 3143/5430/4 3142/5431/4 3148/5432/4 3147/5433/4 3146/5434/4 3151/5435/4 3150/5436/4 3149/5437/4 3154/5438/4 3153/5439/4 3152/5440/4 3157/5441/4 3156/5442/4 3155/5443/4 3160/5444/4 3159/5445/4 3158/5446/4 3163/5447/4 3162/5448/4 3161/5449/4 3166/5450/4 3165/5451/4 3164/5172/4 3210/5171/4 3211/5452/4 3212/5453/4 3213/5165/4 3139/5164/4 3132/5454/4 3131/5455/4 3130/5456/4 3129/5457/4 3128/5458/4 3127/5459/4 3126/930/4 3222/929/4 3223/5460/4 3224/5461/4 3225/5462/4 3217/5463/4 3218/5464/4 3219/5465/4 3220/5466/4 3221/928/4 3119/927/4 3118/5467/4 3117/5468/4 3116/5469/4 3115/5470/4 3114/4282/4 3230/4281/4 3231/5471/4 3232/5472/4 3233/5473/4 3234/5474/4
f 333/5475/890 334/5476/17 329/5477/332 328/5478/17
f 3274/5479/944 3273/1389/139 3391/1388/361 3390/5480/945
f 4065/4432/105 4064/3915/106 4256/3916/106 4255/4433/105
f 2671/5481/3 2670/3757/3 2674/3728/3 2673/5482/3 2672/5483/3 2680/5484/3 2679/5485/3 2678/3786/3 2628/3746/3 2623/3745/3 2622/5486/3 2621/5487/3 2620/5488/3 2619/5489/3 2618/5490/3 2626/3742/3 2614/3741/3 2613/5491/3 2612/5492/3 2611/5493/3 2610/5494/3 2609/5495/3 2617/3769/3 2602/3768/3 2601/5496/3 2600/5497/3 2608/5498/3 2607/5499/3 2606/3764/3 2664/3763/3 2663/5500/3
f 4174/5501/993 4059/5502/178 4166/5503/178
f 4166/5503/178 4059/5502/178 4058/5504/994
f 4166/5503/178 4058/5504/994 4167/5505/178
f 4167/5505/178 4058/5504/994 4057/5506/62
f 4167/5505/178 4057/5506/62 4168/5507/62
f 4168/5507/62 4057/5506/62 4056/5508/62
f 4168/5507/62 4056/5508/62 4169/5509/62
f 4169/5509/62 4056/5508/62 4055/5510/595
f 4169/5509/62 4055/5510/595 4170/5511/595
f 4170/5511/595 4055/5510/595 4054/5512/595
f 4170/5511/595 4054/5512/595 4171/5513/595
f 4171/5513/595 4054/5512/595 4053/5514/139
f 4171/5513/595 4053/5514/139 4172/5515/139
f 4172/5515/139 4053/5514/139 4052/5516/139
f 4172/5515/139 4052/5516/139 4173/5517/139
f 4173/5517/139 4052/5516/139 4051/5518/68
f 4173/5517/139 4051/5518/68 4174/5519/993
f 4174/5501/993 4051/5520/68 4059/5502/178
f 3099/4191/904 3100/4361/651 2957/4360/651 2956/4192/904
f 3933/5521/647 3932/767/62 3942/766/219 3943/5522/647
f 2425/3461/3 2426/3453/3 2454/3452/3 2455/3462/3
f 3379/5523/276 3430/5524/68 3498/5525/365 3497/5526/513 3443/5527/68 3371/5528/982 3330/5529/68 3329/5530/273
f 3315/2239/593 3314/5531/57 3351/5532/815 3352/2240/593
f 4041/3113/299 4040/3132/261 4235/3135/261 4234/3114/299
f 401/983/291 394/5533/989 399/5534/991 402/984/292
f 2868/2744/706 2869/5024/979 2870/5023/979 2871/2745/706
f 3093/3569/829 2950/3568/218 2949/1844/474 3092/1843/473
f 4024/5535/68 4032/1895/299 4150/1896/299 4149/5536/68
f 15/5537/3 14/5538/3 93/5539/3 92/5540/3 91/5541/3 103/5542/3 104/5543/3 52/5544/3 51/5545/3 50/5546/3 9/5547/3 16/5548/3
f 3889/400/109 4246/399/109 4247/5549/598 3890/5550/598
f 2860/2450/653 2689/2449/653 2688/4495/946 2859/4494/946
f 2427/4021/69 2426/2630/71 2386/2631/71 2385/4022/69
f 3320/4245/274 3319/2230/587 3360/2233/587 3361/4246/920
f 337/1178/326 340/1177/264 341/3327/805 336/3326/12
usemtl 5,5,5
f 1591/5551/3 1603/5552/3 1604/5553/3 1592/5554/3
f 1175/5555/995 1174/5556/996 1183/5557/997 1184/5558/998
f 2052/5559/999 2051/5560/1000 2060/5561/1001 2061/5562/1002
f 1187/5563/2 1186/5564/2 1185/5565/2 1184/5566/2 1183/5567/2 1182/5568/2 1181/5569/2 1180/5570/2 1188/5571/2
f 1605/5572/1003 1608/5573/1004 1618/5574/1005 1614/5575/1006 652/5576/1007
f 1866/5577/1008 1865/5578/1009 1685/5579/1009 1693/5580/1010
f 1128/5581/12 1130/5582/12 1017/5583/12 1018/5584/12
f 1497/5585/1011 1377/5586/1012 1376/5587/904 1496/5588/904
f 2092/5589/1013 1966/5590/1014 1965/5591/1015 2091/5592/1015
f 856/5593/1016 736/5594/1016 735/5595/194 855/5596/194
f 2192/5597/1017 2191/5598/1018 2000/5599/1019 1999/5600/1020
f 2039/5601/498 2038/5602/1021 2047/5603/1021 2048/5604/1022
f 1501/5605/125 1381/5606/125 1380/5607/1023 1500/5608/1024
f 1857/5609/1025 1856/5610/1026 1676/5611/1027 1684/5612/1028
f 1519/5613/1029 1511/5614/1030 1502/5615/1030 1510/5616/1031
f 1852/5617/1032 1853/5618/1033 1790/5619/1033 1789/5620/1032
f 731/5621/858 618/5622/1034 617/5623/1035 732/5624/1035
f 2227/5625/1036 2228/5626/1037 2165/5627/1038 2164/5628/1039
f 1463/5629/1040 1362/5630/1023 1361/5631/931 1462/5632/931
f 1897/5633/1041 1896/5634/1042 1717/5635/1043 1716/5636/1044
f 1915/5637/1045 1581/5638/1046 1580/5639/1047 1914/5640/1048
f 2139/5641/3 2140/5642/3 2141/5643/3 2142/5644/3 2143/5645/3 2144/5646/3 2136/5647/3 2137/5648/3 2138/5649/3
f 1119/5650/1049 1120/5651/1050 1093/5652/1051 1092/5653/1049
f 1245/5654/1052 1131/5655/1053 1243/5656/1054 1244/5657/1054
f 1065/5658/1055 1056/5659/1055 1055/5660/194 1064/5661/194
f 1481/5662/1056 1480/5663/1057 1489/5664/1058 1490/5665/1059
f 1846/5666/1060 1845/5667/1061 1660/5668/1062 1659/5669/1063
f 1494/5670/639 1374/5671/639 1373/5672/2 1493/5673/2
f 1863/5674/1064 1864/5675/1065 1801/5676/1066 1800/5677/1067
f 752/5678/1068 689/5679/1068 688/5680/1069 751/5681/1069
f 2094/5682/1070 2103/5683/1071 2104/5684/1072 2095/5685/1073
f 3528/5686/1074 3529/5687/1075 3520/5688/1076 3519/5689/1074
f 1849/5690/1077 1850/5691/1078 1787/5692/1079 1786/5693/1077
f 2181/5694/364 2189/5695/1080 1984/5696/1081 1983/5697/364
f 841/5698/1082 842/5699/1083 833/5700/1084 832/5701/1085
f 1908/5702/1049 1917/5703/1086 1918/5704/1050 1909/5705/1050
f 1056/5706/1087 1047/5707/1088 1046/5708/959 1055/5709/959
f 1063/5710/1089 1054/5711/1090 1053/5712/1091 1062/5713/1092
f 2213/5714/1093 2212/5715/1094 2015/5716/1095 2014/5717/1096
f 1874/5718/1097 1882/5719/1098 1695/5720/1099 1694/5721/1100
f 942/5722/1101 933/5723/1102 932/5724/1103 941/5725/1104
f 1308/5726/1105 1307/5727/1106 1949/5728/1107 1950/5729/1105
f 2179/5730/1108 2178/5731/1109 1977/5732/1110 1976/5733/1111
f 1329/5734/1112 1255/5735/1112 1254/5736/1113 1330/5737/1114
f 948/5738/1115 957/5739/1115 949/5740/57 940/5741/57
f 2042/5742/467 2041/5743/1116 2050/5744/1117 2051/5745/66
f 1445/5746/1029 1437/5747/1030 1428/5748/1030 1436/5749/1031
f 944/5750/330 953/5751/329 954/5752/1118 945/5753/848
f 892/5754/1119 893/5755/1119 594/5756/1119 593/5757/1119
f 766/5758/1120 767/5759/1121 758/5760/1122 757/5761/1123
f 1315/5762/1124 1297/5763/1125 1296/5764/1126 1314/5765/1127
f 2106/5766/3 2105/5767/3 2104/5768/3 2103/5769/3 2102/5770/3 2101/5771/3 2100/5772/3 2108/5773/3 2107/5774/3
f 841/5775/1128 840/5776/1129 849/5777/1130 850/5778/1128
f 1219/5779/1131 1192/5780/1132 1191/5781/1133 1218/5782/1134
f 674/5783/1135 665/5784/1135 664/5785/223 673/5786/223
f 1560/5787/1136 1551/5788/1137 1550/5789/1138 1559/5790/1138
f 2153/5791/3 2145/5792/3 2146/5793/3 2147/5794/3 2148/5795/3 2149/5796/3 2150/5797/3 2151/5798/3 2152/5799/3
f 1439/5800/1139 1438/5801/1140 1447/5802/1140 1448/5803/1141
f 1057/5804/1142 1048/5805/1143 1047/5707/1088 1056/5706/1087
f 1123/5806/1144 1122/5807/1145 1042/5808/1146 1041/5809/1147
f 822/5810/1148 721/5811/1148 720/5812/1149 821/5813/1150
f 2199/5814/1015 2207/5815/1151 2002/5816/1152 2001/5817/1015
f 2071/5818/1153 2070/5819/1154 2079/5820/1155 2080/5821/1156
f 950/5822/1157 941/5823/1157 940/5741/57 949/5740/57
f 994/5824/1158 1002/5825/1159 914/5826/1160 913/5827/1158
f 2198/5828/1161 2197/5829/1162 1994/5830/1163 1993/5831/1164
f 730/5832/1165 619/5833/1166 618/5834/1034 731/5835/858
f 2079/5836/1167 2088/5837/1168 2089/5838/1169 2080/5839/1170
f 713/5840/858 609/5841/1034 608/5842/1035 714/5843/1035
f 2199/5844/194 2200/5845/1171 2137/5846/1171 2136/5847/194
f 878/5848/1128 877/5849/1129 886/5850/1130 887/5851/1128
f 1304/5852/1172 1303/5853/1173 1945/5854/1173 1946/5855/1174
f 2210/5856/1175 2209/5857/1176 2018/5858/1177 2017/5859/1178
f 748/5860/1148 685/5861/1179 684/5862/1149 747/5863/1149
f 596/5864/139 595/5865/139 1016/5866/139 1017/5867/139
f 2202/5868/1180 2203/5869/1181 2140/5870/1181 2139/5871/1180
f 2182/5872/638 2183/5873/1182 2120/5874/1182 2119/5875/638
f 1330/5737/1114 1254/5736/1113 1253/5876/1183 1331/5877/1183
f 1881/5878/1038 1882/5879/1036 1819/5880/1036 1818/5881/1037
f 1474/5882/2 1482/5883/905 1491/5884/905 1483/5885/2
f 1912/5886/1184 1578/5887/1185 1577/5888/1186 1911/5889/1187
f 1889/5890/1188 1890/5891/1189 1827/5892/1190 1826/5893/1188
f 844/5894/1068 843/5895/1191 852/5896/1192 853/5897/1193
f 1942/5898/1194 1933/5899/1194 1932/5900/1195 1941/5901/1195
f 751/5681/1069 688/5680/1069 687/5902/1196 750/5903/1196
f 825/5904/1197 724/5905/1069 723/5906/1196 824/5907/1196
f 1732/5908/1198 1723/5909/1198 1722/5910/1 1731/5911/1
f 1764/5912/1199 1773/5913/1200 1774/5914/1201 1765/5915/1201
f 990/5916/1202 991/5917/1203 964/5918/1203 963/5919/1202
f 745/5920/1016 682/5921/1016 681/5922/194 744/5923/194
f 1429/5924/4 1420/5925/4 1419/5926/4 1427/5927/4 1426/5928/4 1425/5929/4 1424/5930/4 1423/5931/4 1422/5932/4 1421/5933/4 1430/5934/4 1431/5935/4 1432/5936/4 1433/5937/4 1434/5938/4 1435/5939/4 1436/5940/4 1428/5941/4
f 1511/5942/1030 1512/5943/1204 1503/5944/1205 1502/5945/1030
f 1760/5946/1206 1769/5947/1206 1770/5948/1207 1761/5949/1208
f 746/5950/1209 683/5951/1210 682/5921/1016 745/5920/1016
f 1121/5952/1211 1122/5953/1212 1095/5954/1212 1094/5955/1213
f 1569/5956/4 1648/5957/4 1647/5958/4 1570/5959/4
f 1898/5960/1214 1897/5633/1041 1716/5636/1044 1715/5961/1215
f 1444/5962/1216 1445/5746/1029 1436/5749/1031 1435/5963/1217
f 1110/5964/1086 1111/5965/1050 1084/5966/1051 1083/5967/1086
f 711/5968/1218 611/5969/1219 610/5970/1166 712/5971/1165
f 830/5972/3 831/5973/3 822/5974/3 821/5975/3 820/5976/3 819/5977/3 818/5978/3 827/5979/3 828/5980/3 829/5981/3
f 614/5982/4 615/5983/4 616/5984/4 617/5985/4 618/5986/4 619/5987/4 620/5988/4 621/5989/4 604/5990/4 593/5991/4 594/5992/4 595/5993/4 596/5994/4 597/5995/4 605/5996/4 606/5997/4 607/5998/4 608/5999/4 609/6000/4 610/6001/4 622/6002/4
f 622/6002/4 610/6001/4 611/6003/4 612/6004/4 613/6005/4 605/5996/4 597/5995/4 598/6006/4 599/6007/4 600/6008/4 601/6009/4 602/6010/4 603/6011/4 604/5990/4 621/5989/4
f 749/6012/1220 686/6013/1220 685/6014/1179 748/6015/1148
f 1593/6016/4 1622/6017/4 1594/6018/4
f 1482/6019/1029 1474/6020/1030 1465/6021/1030 1473/6022/1031
f 667/6023/4 668/6024/4 669/6025/4 661/6026/4 662/6027/4 652/6028/4 653/6029/4 654/6030/4 655/6031/4 656/6032/4 657/6033/4 658/6034/4 659/6035/4 660/6036/4 671/6037/4 663/6038/4 664/6039/4 665/6040/4 666/6041/4
f 1475/6042/1140 1474/6043/2 1483/6044/2 1484/6045/1140
f 789/6046/1068 707/6047/1068 706/6048/1069 788/6049/1221
f 1758/6050/1222 1767/6051/1222 1768/6052/1223 1759/6053/1223
f 682/6054/4 683/6055/4 674/6056/4 673/6057/4 681/6058/4
f 1008/6059/1224 1007/6060/1225 927/6061/1226 926/6062/1227
f 719/6063/4 720/6064/4 713/6065/4 714/6066/4 715/6067/4
f 1532/6068/1228 1541/6069/1229 1542/6070/1230 1533/6071/1231
f 2164/6072/3 2165/6073/3 2166/6074/3 2167/6075/3 2168/6076/3 2169/6077/3 2170/6078/3 2171/6079/3 2163/6080/3
f 736/6081/4 737/6082/4 734/6083/4 726/6084/4 727/6085/4 728/6086/4 729/6087/4 741/6088/4 742/6089/4 743/6090/4 735/6091/4
f 2181/6092/68 2182/5872/638 2119/5875/638 2118/6093/68
f 842/6094/1232 841/5775/1128 850/5778/1128 851/6095/1232
f 1333/6096/1127 1251/6097/1126 1250/6098/1233 1334/6099/1234
f 1365/6100/1112 1273/6101/1112 1272/6102/1113 1366/6103/1114
f 1109/6104/2 1110/5964/1086 1083/5967/1086 1082/6105/2
f 819/6106/1016 718/6107/1016 717/6108/194 818/6109/194
f 1126/6110/1235 1118/6111/2 1091/6112/2 1099/6113/1235
f 1363/6114/125 1464/6115/125 1456/6116/2 1355/6117/2
f 804/6118/1128 803/6119/1236 812/6120/1130 813/6121/1128
f 1400/6122/2 1408/6123/1237 1417/6124/1237 1409/6125/2
f 1015/6126/178 1127/6127/178 1018/6128/178 1014/6129/178
f 753/6130/3 754/6131/3 744/6132/3 752/6133/3 751/6134/3 750/6135/3 749/6136/3 748/6137/3 747/6138/3 746/6139/3 745/6140/3 755/6141/3 756/6142/3 757/6143/3 758/6144/3 759/6145/3 760/6146/3 761/6147/3
f 824/5907/1196 723/5906/1196 722/6148/1220 823/6149/1238
f 2076/6150/1239 2085/6151/1240 2086/6152/1241 2077/6153/1242
f 944/6154/1243 935/6155/1244 934/6156/1245 943/6157/1246
f 1878/6158/1247 1877/6159/1248 1700/6160/1249 1699/6161/1250
f 2219/6162/1251 2218/6163/1252 2027/6164/1253 2026/6165/1254
f 1113/6166/1212 1114/6167/1255 1087/6168/1256 1086/6169/1257
f 990/6170/1224 989/6171/1225 909/6172/1226 908/6173/1227
f 1845/6174/1258 1846/6175/1259 1783/6176/1259 1782/6177/1260
f 660/6178/1261 659/6179/1261 1132/6180/1262 1572/6181/1263
f 996/6182/1264 997/6183/996 970/6184/996 969/6185/1265
f 779/6186/1266 780/6187/1266 771/6188/1119
f 777/6189/1267 780/6190/1268 778/6191/1269
f 775/6192/1270 780/6193/1271 776/6194/1272
f 773/6195/1273 780/6196/1274 774/6197/1262
f 771/6198/1119 780/6199/1119 772/6200/1275
f 774/6197/1271 780/6201/1271 775/6192/1270
f 772/6200/1276 780/6202/1274 773/6195/1273
f 776/6194/1277 780/6203/1268 777/6189/1267
f 778/6191/1278 780/6204/1266 779/6186/1266
f 1356/6205/3 1357/6206/3 1358/6207/3 1351/6208/3 1352/6209/3 1353/6210/3 1354/6211/3 1346/6212/3 1347/6213/3 1348/6214/3 1349/6215/3 1350/6216/3 1361/6217/3 1362/6218/3 1363/6219/3 1355/6220/3
f 693/6221/1218 649/6222/1279 648/6223/1166 694/6224/1280
f 995/6225/1281 994/6226/1158 913/6227/1158 921/6228/1282
f 796/6229/3 787/6230/3 786/6231/3 785/6232/3 794/6233/3 795/6234/3
f 1866/6235/1201 1867/6236/1199 1804/6237/1283 1803/6238/1201
f 1537/6239/1284 1281/6240/1285 1280/6241/1286 1536/6242/1287
f 946/6243/1288 937/6244/1289 936/6245/1290 945/6246/1291
f 1842/6247/1292 1841/6248/1293 1664/6249/1294 1663/6250/1295
f 1513/6251/1296 1514/6252/1297 1505/6253/1298 1504/6254/1299
f 2023/6255/3 2024/6256/3 2025/6257/3 2026/6258/3 2027/6259/3 2019/6260/3 2020/6261/3 2014/6262/3 2015/6263/3 2016/6264/3 2017/6265/3 2018/6266/3 2010/6267/3 2011/6268/3 2004/6269/3 2005/6270/3 1958/6271/3 1957/6272/3 1956/6273/3 1955/6274/3 1954/6275/3 2036/6276/3 2028/6277/3 2029/6278/3
f 1480/5663/1057 1479/6279/1300 1488/6280/1300 1489/5664/1058
f 816/6281/1266 817/6282/1266 808/6283/1119
f 814/6284/1267 817/6285/1268 815/6286/1269
f 812/6287/1270 817/6288/1271 813/6289/1272
f 810/6290/1273 817/6291/1274 811/6292/1262
f 808/6293/1119 817/6294/1119 809/6295/1275
f 811/6292/1270 817/6296/1271 812/6287/1270
f 809/6295/1276 817/6297/1274 810/6290/1273
f 813/6289/1277 817/6298/1268 814/6284/1267
f 815/6286/1278 817/6299/1266 816/6281/1266
f 2187/6300/1079 2188/6301/1301 2125/6302/1077 2124/6303/1079
f 1112/6304/1211 1113/6166/1212 1086/6169/1257 1085/6305/1213
f 1885/6306/1302 1886/6307/1303 1823/6308/1304 1822/6309/1302
f 1738/6310/927 1729/6311/927 1728/6312/1305 1737/6313/1305
f 1179/6314/1306 1170/6315/1307 1169/6316/1308 1178/6317/1309
f 1861/6318/1310 1862/6319/1311 1799/6320/1312 1798/6321/1310
f 1581/5638/1046 1915/5637/1045 1907/6322/1313 1573/6323/1313
f 843/5895/1191 842/6094/1232 851/6095/1232 852/5896/1192
f 1459/6324/1314 1358/6325/1315 1357/6326/1316 1458/6327/1316
f 1108/6328/1317 1107/6329/1318 1021/6330/1319 1020/6331/1320
f 875/6332/1321 876/6333/1322 867/6334/1323 866/6335/1324
f 1060/6336/1325 1069/6337/1325 1070/6338/1326 1061/6339/1326
f 1753/6340/1327 1754/6341/1328 1745/6342/1329 1744/6343/1330
f 2204/6344/1331 2203/6345/1332 2006/6346/1333 2005/6347/1334
f 853/6348/1266 854/6349/1266 845/6350/1119
f 851/6351/1267 854/6352/1268 852/6353/1335
f 849/6354/1261 854/6355/1336 850/6356/1272
f 847/6357/1276 854/6358/1337 848/6359/1271
f 845/6360/1119 854/6361/1119 846/6362/1274
f 848/6359/1271 854/6363/1336 849/6354/1261
f 846/6362/1276 854/6364/1337 847/6357/1276
f 850/6356/1267 854/6365/1268 851/6351/1267
f 852/6353/1278 854/6366/1266 853/6348/1266
f 1100/6367/2 1101/6368/1049 1074/6369/1049 1073/6370/2
f 1892/6371/1338 1900/6372/1339 1713/6373/1340 1712/6374/1341
f 1556/6375/615 1565/6376/615 1557/6377/2 1548/6378/2
f 1638/6379/2 1637/6380/2 1642/6381/2 1644/6382/2 1643/6383/2
f 2234/6384/1342 2226/6385/19 2163/6386/19 2171/6387/1342
f 2198/6388/1343 2190/6389/16 2127/6390/16 2135/6391/1343
f 992/6392/1344 991/6393/1345 907/6394/1346 906/6395/1347
f 1851/6396/1348 1852/5617/1032 1789/5620/1032 1788/6397/1348
f 2047/6398/1349 2046/6399/1350 2055/6400/1350 2056/6401/1351
f 2067/6402/3 2056/6403/3 2055/6404/3 2063/6405/3 2062/6406/3 2061/6407/3 2060/6408/3 2059/6409/3 2058/6410/3 2069/6411/3 2070/6412/3 2071/6413/3 2072/6414/3 2064/6415/3 2065/6416/3 2066/6417/3
f 890/6418/1266 891/6419/1266 882/6420/1119
f 888/6421/1267 891/6422/1268 889/6423/1335
f 886/6424/1261 891/6425/1336 887/6426/1272
f 884/6427/1276 891/6428/1337 885/6429/1336
f 882/6430/1119 891/6431/1119 883/6432/1274
f 885/6429/1271 891/6433/1336 886/6424/1261
f 883/6432/1276 891/6434/1337 884/6427/1276
f 887/6426/1267 891/6435/1268 888/6421/1267
f 889/6423/1278 891/6436/1266 890/6418/1266
f 593/6437/57 604/6438/57 894/6439/57 895/6440/57 892/6441/57
f 897/6442/57 898/6443/57 599/6444/57 598/6445/57 896/6446/57
f 927/6447/194 928/6448/194 929/6449/194 930/6450/194 922/6451/194 923/6452/194 908/6453/194 909/6454/194 910/6455/194 911/6456/194 912/6457/194 904/6458/194 905/6459/194 906/6460/194 934/6461/194 935/6462/194 936/6463/194 937/6464/194 938/6465/194 939/6466/194 931/6467/194 901/6468/194 902/6469/194 903/6470/194 899/6471/194 900/6472/194 893/6473/194 916/6474/194 917/6475/194 918/6476/194 926/6477/194
f 1172/6478/1352 1163/6479/1353 1162/6480/1354 1171/6481/1354
f 1535/6482/1355 1279/6483/1356 1278/6484/1357 1534/6485/1358
f 1217/6486/1157 1190/6487/1157 1189/6488/57 1216/6489/57
f 2040/6490/1359 2039/5601/498 2048/5604/1022 2049/6491/229
f 3536/6492/941 3509/6493/941 3508/6494/1360 3535/6495/1360
f 1873/6496/1222 1865/6497/2 1802/6498/2 1810/6499/1222
f 805/6500/1361 806/6501/1362 797/6502/1143 796/6503/1363
f 2074/6504/1364 2083/6505/1365 2084/6506/1366 2075/6507/1367
f 1476/6508/1368 1477/6509/1369 1468/6510/1298 1467/6511/1370
f 1841/6512/1371 1842/6513/1372 1779/6514/1372 1778/6515/1371
f 2095/5685/1073 2104/5684/1072 2105/6516/1181 2096/6517/1181
f 2097/6518/1373 2106/6519/1180 2107/6520/1374 2098/6521/1374
f 1838/6522/16 1839/6523/1343 1776/6524/1343 1775/6525/16
f 961/6526/194 962/6527/194 963/6528/194 964/6529/194 965/6530/194 966/6531/194 958/6532/194 959/6533/194 960/6534/194
f 979/6535/194 980/6536/194 981/6537/194 982/6538/194 983/6539/194 984/6540/194 976/6541/194 977/6542/194 978/6543/194
f 677/6544/1280 668/6545/1166 667/6546/1375 676/6547/858
f 988/6548/1376 987/6549/1377 911/6550/1378 910/6551/1379
f 1896/6552/1380 1897/6553/1381 1834/6554/1381 1833/6555/1382
f 2185/6556/1383 2184/6557/1384 1989/6558/1385 1988/6559/1386
f 1119/6560/1387 1118/6561/429 1037/6562/429 1045/6563/1388
f 2064/6564/2 2072/6565/833 2081/6566/833 2073/6567/2
f 1006/6568/1389 1007/6569/998 980/6570/998 979/6571/996
f 946/6572/1390 955/6573/1391 956/6574/1392 947/6575/1392
f 1054/5711/1090 1063/5710/1089 1055/5709/959 1046/5708/959
f 3539/6576/1393 3512/6577/1393 3511/6578/1394 3538/6579/1394
f 2203/6345/1332 2202/6580/1395 2007/6581/1396 2006/6346/1333
f 2046/6582/1350 2054/6583/1397 2063/6584/1398 2055/6585/1350
f 1641/6586/3 1646/6587/3 1644/6588/3 1642/6589/3
f 2072/6565/833 2071/5818/1153 2080/5821/1156 2081/6566/833
f 1559/5790/1138 1550/5789/1138 1549/6590/1399 1558/6591/1399
f 2097/6592/1400 1971/6593/1401 1970/6594/1402 2096/6595/1403
f 3541/6596/1404 3514/6597/1405 3513/6598/1406 3540/6599/1407
f 1755/6600/1408 1756/6601/1409 1747/6602/1410 1746/6603/1411
f 1905/6604/57 602/6605/57 601/6606/57 1903/6607/57
f 728/6608/1412 621/6609/1413 620/6610/1218 729/6611/1218
f 622/6612/352 727/6613/352 726/6614/194 614/6615/194
f 1904/6616/1119 1597/6617/1119 1596/6618/1119 1906/6619/1119
f 1840/6620/1414 1839/6621/1415 1666/6622/1416 1665/6623/1417
f 991/5917/1203 992/6624/1418 965/6625/1419 964/5918/1203
f 1600/6626/4 898/6627/4 897/6628/4 1134/6629/4
f 2174/6630/1420 2173/6631/1421 1982/6632/1422 1981/6633/1423
f 1102/6634/1424 1101/6635/1387 1027/6636/1388 1026/6637/1425
f 1013/6638/1426 1015/6639/1426 1014/6640/1427 900/6641/1428
f 1402/6642/1141 1401/6643/1140 1410/6644/1140 1411/6645/1141
f 2178/5731/1109 2177/6646/1429 1978/6647/1430 1977/5732/1110
f 2096/6648/1181 2105/6649/1181 2106/6519/1180 2097/6518/1373
f 1909/6650/1431 1575/6651/1432 1574/6652/1433 1908/6653/1434
f 2221/6654/1435 2220/6655/1436 2025/6656/1437 2024/6657/1438
f 1761/6658/1439 1653/6659/1440 1652/6660/1441 1760/6661/1442
f 1070/6662/68 1069/6663/68 1068/6664/68 1067/6665/68 1066/6666/68 1065/6667/68 1064/6668/68 1072/6669/68 1071/6670/68
f 1085/6671/68 1086/6672/68 1087/6673/68 1088/6674/68 1089/6675/68 1090/6676/68 1082/6677/68 1083/6678/68 1084/6679/68
f 1094/6680/68 1095/6681/68 1096/6682/68 1097/6683/68 1098/6684/68 1099/6685/68 1091/6686/68 1092/6687/68 1093/6688/68
f 1445/6689/1237 1444/6690/1443 1453/6691/1444 1454/6692/1237
f 805/6693/1232 804/6118/1128 813/6121/1128 814/6694/1232
f 1478/6695/1445 1477/6696/1446 1486/6697/1446 1487/6698/1445
f 1014/6699/16 1016/6700/16 893/6701/16 900/6702/16
f 1386/6703/1011 1323/6704/1011 1322/6705/1315 1385/6706/1315
f 1107/6707/1447 1108/6708/1235 1081/6709/1235 1080/6710/1447
f 2093/6711/1448 1967/6712/1449 1966/5590/1014 2092/5589/1013
f 1536/6242/1287 1280/6241/1286 1279/6483/1356 1535/6482/1355
f 1896/5634/1042 1895/6713/1450 1718/6714/1451 1717/5635/1043
f 1867/6715/1452 1866/5577/1008 1693/5580/1010 1692/6716/1453
f 1421/6717/1316 1339/6718/1454 1338/6719/639 1420/6720/639
f 876/6333/1322 877/6721/1455 868/6722/1456 867/6334/1323
f 1861/6723/1457 1860/6724/1458 1681/6725/1459 1680/6726/1460
f 2207/5815/1151 2206/6727/1461 2003/6728/1462 2002/5816/1152
f 1122/5807/1145 1121/6729/1463 1043/6730/1464 1042/5808/1146
f 1424/6731/1465 1342/6732/867 1341/6733/1466 1423/6734/1011
f 1115/6735/1467 1114/6736/1144 1032/6737/1147 1031/6738/1468
f 1849/6739/1469 1848/6740/1470 1675/6741/1471 1674/6742/1472
f 1847/6743/512 1855/6744/1473 1668/6745/1474 1667/6746/512
f 939/6747/1475 948/6748/1476 940/6749/1477 931/6750/1477
f 2226/6751/1478 2234/6752/1479 2029/6753/1480 2028/6754/1481
f 1533/6755/1482 1277/6756/1438 1276/6757/1483 1532/6758/1484
f 1113/6759/1145 1112/6760/1463 1034/6761/1464 1033/6762/1146
f 1104/6763/1145 1103/6764/1463 1025/6765/1464 1024/6766/1146
f 2189/5695/1080 2188/6767/1485 1985/6768/1486 1984/5696/1081
f 1405/6769/1487 1406/6770/1488 1397/6771/1489 1396/6772/1490
f 1307/5727/1106 1306/6773/1491 1948/6774/1492 1949/5728/1107
f 1136/6775/2 1137/6776/2 1138/6777/2 1139/6778/2 1140/6779/2 1141/6780/2 1142/6781/2 1163/6782/2 1164/6783/2 1165/6784/2 1166/6785/2 1167/6786/2 1168/6787/2 1169/6788/2 1133/6789/2 1134/6790/2 897/6791/2 1151/6792/2 1152/6793/2 1144/6794/2 1145/6795/2 1146/6796/2 1147/6797/2 1148/6798/2 1158/6799/2 1159/6800/2 1160/6801/2 1161/6802/2 1153/6803/2 1154/6804/2 1155/6805/2 1156/6806/2 1157/6807/2 1128/6808/2 1131/6809/2 1143/6810/2 1135/6811/2
f 1458/6327/1316 1357/6326/1316 1356/6812/639 1457/6813/639
f 1864/6814/1493 1863/6815/1494 1678/6816/1495 1677/6817/1496
f 1461/6818/1465 1360/6819/867 1359/6820/1497 1460/6821/1011
f 1385/6706/1315 1322/6705/1315 1321/6822/1454 1384/6823/1316
f 1128/6808/2 1157/6807/2 1158/6799/2 1148/6798/2 1149/6824/2 1150/6825/2 1151/6792/2 897/6791/2 896/6826/2 1130/6827/2
f 2067/6828/1498 2066/6829/1499 2075/6830/1500 2076/6831/1498
f 1163/6782/2 1142/6781/2 1143/6810/2 1131/6809/2 1132/6832/2 1133/6789/2 1169/6788/2 1170/6833/2 1162/6834/2
f 1408/6835/1029 1400/6836/1030 1391/6837/1030 1399/6838/1031
f 1900/6839/1501 1892/6840/17 1829/6841/17 1837/6842/1502
f 1062/5713/1092 1053/5712/1091 1052/6843/1503 1061/6844/1504
f 642/6845/2 1594/6846/2 1622/6847/2 632/6848/2
f 997/6849/1376 996/6850/1377 920/6851/1378 919/6852/1379
f 834/6853/3 835/6854/3 827/5979/3 818/5978/3 826/6855/3 825/6856/3 824/6857/3 823/6858/3 822/5974/3 831/5973/3 832/6859/3 833/6860/3
f 764/6861/1505 763/6862/989 772/6863/989 773/6864/1506
f 1891/6865/525 1883/6866/57 1820/6867/57 1828/6868/525
f 2051/5560/1000 2050/6869/1507 2059/6870/1508 2060/5561/1001
f 770/6871/1509 762/6872/1510 753/6873/1510 761/6874/1511
f 1212/6875/2 1213/6876/2 1214/6877/2 1215/6878/2 1207/6879/2 1208/6880/2 1209/6881/2 1210/6882/2 1211/6883/2
f 694/6224/1280 648/6223/1166 647/6884/1034 695/6885/858
f 637/6886/4 638/6887/4 651/6888/4 643/6889/4 635/6890/4 636/6891/4
f 1224/6892/1053 1140/6893/1512 1216/6894/19
f 1216/6895/19 1140/6896/1512 1139/6897/1336
f 1216/6895/19 1139/6897/1336 1217/6898/1262
f 1217/6898/1262 1139/6897/1336 1138/6899/1270
f 1217/6898/1262 1138/6899/1270 1218/6900/1336
f 1218/6900/1336 1138/6899/1270 1137/6901/1272
f 1218/6900/1336 1137/6901/1272 1219/6902/1268
f 1219/6902/1268 1137/6901/1272 1136/6903/1267
f 1219/6902/1268 1136/6903/1267 1220/6904/1267
f 1220/6904/1267 1136/6903/1267 1135/6905/12
f 1220/6904/1267 1135/6905/12 1221/6906/1513
f 1221/6906/1513 1135/6905/12 1143/6907/1513
f 1221/6906/1513 1143/6907/1513 1222/6908/1514
f 1222/6908/1514 1143/6907/1513 1142/6909/1515
f 1222/6908/1514 1142/6909/1515 1223/6910/1512
f 1223/6910/1512 1142/6909/1515 1141/6911/1516
f 1223/6910/1512 1141/6911/1516 1224/6892/1053
f 1224/6892/1053 1141/6911/1516 1140/6893/1512
f 1129/6912/1517 1243/6913/1517 1131/6914/1517 1128/6915/1517
f 2180/6916/1518 2179/5730/1108 1976/5733/1111 1975/6917/1519
f 1233/6918/1053 1149/6919/1054 1225/6920/19
f 1225/6921/19 1149/6922/1054 1148/6923/1261
f 1225/6921/19 1148/6923/1261 1226/6924/1262
f 1226/6924/1262 1148/6923/1261 1147/6925/1270
f 1226/6924/1262 1147/6925/1270 1227/6926/1336
f 1227/6926/1336 1147/6925/1270 1146/6927/1272
f 1227/6926/1336 1146/6927/1272 1228/6928/1268
f 1228/6928/1268 1146/6927/1272 1145/6929/1267
f 1228/6928/1268 1145/6929/1267 1229/6930/1267
f 1229/6930/1267 1145/6929/1267 1144/6931/12
f 1229/6930/1267 1144/6931/12 1230/6932/1513
f 1230/6932/1513 1144/6931/12 1152/6933/1513
f 1230/6932/1513 1152/6933/1513 1231/6934/1514
f 1231/6934/1514 1152/6933/1513 1151/6935/1515
f 1231/6934/1514 1151/6935/1515 1232/6936/1512
f 1232/6936/1512 1151/6935/1515 1150/6937/1516
f 1232/6936/1512 1150/6937/1516 1233/6918/1053
f 1233/6918/1053 1150/6937/1516 1149/6919/1054
f 1349/6938/1183 1262/6939/1520 1261/6940/1125 1350/6941/1124
f 877/6721/1455 878/6942/1082 869/6943/1085 868/6722/1456
f 678/6944/1218 669/6945/1218 668/6545/1166 677/6544/1280
f 1242/6946/1053 1158/6947/1054 1234/6948/19
f 1234/6949/19 1158/6950/1054 1157/6951/1261
f 1234/6949/19 1157/6951/1261 1235/6952/1262
f 1235/6952/1262 1157/6951/1261 1156/6953/1270
f 1235/6952/1262 1156/6953/1270 1236/6954/1336
f 1236/6954/1336 1156/6953/1270 1155/6955/1272
f 1236/6954/1336 1155/6955/1272 1237/6956/1268
f 1237/6956/1268 1155/6955/1272 1154/6957/1267
f 1237/6956/1268 1154/6957/1267 1238/6958/1267
f 1238/6958/1267 1154/6957/1267 1153/6959/12
f 1238/6958/1267 1153/6959/12 1239/6960/1513
f 1239/6960/1513 1153/6959/12 1161/6961/1513
f 1239/6960/1513 1161/6961/1513 1240/6962/1514
f 1240/6962/1514 1161/6961/1513 1160/6963/1515
f 1240/6962/1514 1160/6963/1515 1241/6964/1512
f 1241/6964/1512 1160/6963/1515 1159/6965/1516
f 1241/6964/1512 1159/6965/1516 1242/6946/1053
f 1242/6946/1053 1159/6965/1516 1158/6947/1054
f 1862/6966/1521 1861/6723/1457 1680/6726/1460 1679/6967/1522
f 2200/6968/1523 2199/6969/1015 2001/6970/1015 2009/6971/1524
f 1260/6972/3 1261/6973/3 1265/6974/3 1266/6975/3 1267/6976/3 1127/6977/3 1015/6978/3 1013/6979/3 1012/6980/3 1246/6981/3 1244/6982/3 1243/6983/3 1129/6984/3 1283/6985/3 1284/6986/3 1250/6987/3 1251/6988/3 1252/6989/3 1253/6990/3 1254/6991/3 1255/6992/3 1247/6993/3 1248/6994/3 1308/6995/3 1309/6996/3 1301/6997/3 1302/6998/3 1297/6999/3 1298/7000/3 1299/7001/3 1300/7002/3 1292/7003/3 1293/7004/3 1294/7005/3 1295/7006/3 1303/7007/3 1304/7008/3 1305/7009/3 1262/7010/3 1263/7011/3 1264/7012/3 1280/7013/3 1281/7014/3 1282/7015/3 1274/7016/3 1275/7017/3 1276/7018/3 1277/7019/3 1278/7020/3 1279/7021/3 1256/7022/3 1257/7023/3 1258/7024/3 1259/7025/3
f 1061/6844/1504 1052/6843/1503 1051/7026/1525 1060/7027/1526
f 1468/7028/4 1469/7029/4 1470/7030/4 1460/7031/4 1459/7032/4 1467/7033/4
f 1872/7034/1527 1873/6496/1222 1810/6499/1222 1809/7035/1223
f 1296/7036/3 1297/6999/3 1302/6998/3 1303/7007/3 1295/7006/3
f 1264/7037/1112 1347/7038/1112 1346/7039/2 1256/7040/2
f 1371/7041/1528 1267/7042/1529 1266/7043/752 1372/7044/752
f 1858/7045/1530 1859/7046/1531 1796/7047/1532 1795/7048/1533
f 3537/7049/160 3510/7050/161 3509/6493/941 3536/6492/941
f 1599/7051/1534 1598/7052/1534 1902/7053/1534 1901/7054/1534
f 1937/7055/1535 1928/7056/1536 1927/7057/1537 1936/7058/1538
f 1338/7059/3 1339/7060/3 1336/7061/3 1328/7062/3 1329/7063/3 1330/7064/3 1331/7065/3 1332/7066/3 1333/7067/3 1334/7068/3 1340/7069/3 1341/7070/3 1342/7071/3 1343/7072/3 1344/7073/3 1345/7074/3 1337/7075/3
f 1939/7076/1539 1930/7077/1325 1929/7078/1540 1938/7079/1541
f 2196/7080/1542 2195/7081/1543 1996/7082/1544 1995/7083/1545
f 3540/6599/1407 3513/6598/1406 3512/7084/1393 3539/7085/1393
f 1935/7086/1546 1926/7087/1546 1925/7088/194 1934/7089/194
f 800/7090/989 799/7091/194 808/7092/194 809/7093/989
f 1387/7094/867 1324/7095/867 1323/7096/1011 1386/7097/1011
f 1372/7044/752 1266/7043/752 1265/7098/2 1364/7099/2
f 806/6501/1362 807/7100/1509 798/7101/1511 797/6502/1143
f 2190/7102/1547 2198/5828/1161 1993/5831/1164 1992/7103/1548
f 1807/7104/4 1808/7105/4 1809/7106/4 1810/7107/4 1802/7108/4 1803/7109/4 1804/7110/4 1805/7111/4 1806/7112/4
f 602/7113/17 1905/7114/17 1904/7115/17 1906/7116/17 603/7117/17
f 2098/6521/1374 2107/6520/1374 2108/7118/1171 2099/7119/1171
f 1887/7120/1549 1888/7121/1550 1825/7122/1550 1824/7123/1549
f 2053/7124/1551 2052/5559/999 2061/5562/1002 2062/7125/1552
f 2113/7126/3 2114/7127/3 2115/7128/3 2116/7129/3 2117/7130/3 2109/7131/3 2110/7132/3 2111/7133/3 2112/7134/3
f 1736/7135/137 1727/7136/1553 1726/7137/1554 1735/7138/1555
f 800/7139/1556 801/7140/1557 792/7141/1558 791/7142/1559
f 1443/7143/1058 1442/7144/1300 1451/7145/1560 1452/7146/1058
f 1393/7147/4 1384/7148/4 1383/7149/4 1382/7150/4 1390/7151/4 1389/7152/4 1388/7153/4 1387/7154/4 1386/7155/4 1394/7156/4 1395/7157/4 1396/7158/4 1397/7159/4 1398/7160/4 1399/7161/4 1391/7162/4 1392/7163/4
f 1237/7164/1131 1210/7165/1132 1209/7166/1134 1236/7167/1134
f 799/7168/1510 800/7139/1556 791/7142/1559 790/7169/1510
f 1534/7170/1561 1543/7171/1561 1544/7172/1562 1535/7173/1563
f 1750/7174/1564 1751/7175/1565 1742/7176/1566 1741/7177/1567
f 1443/7178/1488 1444/5962/1216 1435/5963/1217 1434/7179/1489
f 1000/7180/1203 1001/7181/1419 974/7182/1419 973/7183/1568
f 1417/7184/1515 1418/7185/1515 1409/7186/1517
f 1415/7187/1569 1418/7188/1427 1416/7189/1570
f 1413/7190/1571 1418/7191/1572 1414/7192/1426
f 1411/7193/1573 1418/7194/1052 1412/7195/1572
f 1409/7196/1517 1418/7197/1517 1410/7198/1512
f 1412/7195/1574 1418/7199/1572 1413/7190/1571
f 1410/7198/1573 1418/7200/1052 1411/7193/1573
f 1414/7192/1575 1418/7201/1427 1415/7187/1569
f 1416/7189/1576 1418/7202/1515 1417/7184/1515
f 1917/5703/1086 1908/5702/1049 1907/7203/2 1916/7204/2
f 2041/5743/1116 2040/6490/1359 2049/6491/229 2050/5744/1117
f 2180/7205/1577 2172/7206/12 2109/7207/12 2117/7208/1578
f 2075/6507/1367 2084/6506/1366 2085/7209/1240 2076/7210/1239
f 1910/7211/1579 1576/7212/1580 1575/6651/1432 1909/6650/1431
f 2038/5602/1021 2037/7213/57 2046/7214/57 2047/5603/1021
f 1004/7215/1281 1003/7216/1158 922/7217/1158 930/7218/1282
f 1454/7219/1515 1455/7220/1515 1446/7221/1517
f 1452/7222/1569 1455/7223/1427 1453/7224/1570
f 1450/7225/1571 1455/7226/1572 1451/7227/1426
f 1448/7228/1573 1455/7229/1052 1449/7230/1572
f 1446/7231/1517 1455/7232/1517 1447/7233/1512
f 1449/7230/1574 1455/7234/1572 1450/7225/1571
f 1447/7233/1573 1455/7235/1052 1448/7228/1573
f 1451/7227/1575 1455/7236/1427 1452/7222/1569
f 1453/7224/1576 1455/7237/1515 1454/7219/1515
f 997/6183/996 998/7238/998 971/7239/1581 970/6184/996
f 1847/7240/68 1848/7241/873 1785/7242/873 1784/7243/68
f 1467/7033/4 1459/7032/4 1458/7244/4 1457/7245/4 1456/7246/4 1464/7247/4 1463/7248/4 1462/7249/4 1461/7250/4 1460/7031/4 1470/7030/4 1471/7251/4 1472/7252/4 1473/7253/4 1465/7254/4 1466/7255/4
f 1652/7256/4 1653/7257/4 1654/7258/4 1716/7259/4 1717/7260/4 1718/7261/4 1719/7262/4 1720/7263/4 1626/7264/4 1625/7265/4 1624/7266/4 1636/7267/4 1650/7268/4 1651/7269/4
f 858/7270/1149 738/7271/1149 737/7272/1582 857/7273/1209
f 1017/7274/1268 1130/7275/1583 597/7276/1272 596/7277/1272
f 1125/7278/1318 1124/7279/1467 1040/7280/1468 1039/7281/1319
f 1860/6724/1458 1859/7282/1584 1682/7283/1585 1681/6725/1459
f 2212/5715/1094 2211/7284/1586 2016/7285/1587 2015/5716/1095
f 947/7286/1588 938/7287/1589 937/6244/1289 946/6243/1288
f 991/6393/1345 990/6170/1224 908/6173/1227 907/6394/1346
f 3533/7288/1590 3534/7289/1591 3525/7290/1591 3524/7291/1590
f 715/7292/1135 607/7293/1135 606/7294/223 716/7295/223
f 1491/7296/1515 1492/7297/1515 1483/7298/1517
f 1489/7299/1569 1492/7300/1427 1490/7301/1514
f 1487/7302/1592 1492/7303/1574 1488/7304/1426
f 1485/7305/1054 1492/7306/1516 1486/7307/1593
f 1483/7308/1517 1492/7309/1517 1484/7310/1516
f 1486/7307/1592 1492/7311/1574 1487/7302/1592
f 1484/7310/1512 1492/7312/1516 1485/7305/1054
f 1488/7304/1594 1492/7313/1427 1489/7299/1569
f 1490/7301/1576 1492/7314/1515 1491/7296/1515
f 1058/7315/1535 1067/7316/1595 1068/7317/1541 1059/7318/1541
f 763/6862/989 762/7319/194 771/7320/194 772/6863/989
f 1499/7321/4 1498/7322/4 1497/7323/4 1496/7324/4 1495/7325/4 1494/7326/4 1493/7327/4 1510/7328/4 1502/7329/4 1503/7330/4 1504/7331/4 1505/7332/4 1506/7333/4 1507/7334/4 1508/7335/4 1509/7336/4
f 1510/7328/4 1493/7327/4 1501/7337/4 1500/7338/4 1499/7321/4 1509/7336/4
f 3537/7339/2 3533/7340/2 3532/7341/2 3538/7342/2
f 1480/7343/1596 1481/7344/1597 1472/7345/1217 1471/7346/1598
f 1106/7347/1467 1105/7348/1144 1023/7349/1147 1022/7350/1468
f 765/7351/1599 766/5758/1120 757/5761/1123 756/7352/1585
f 1855/6744/1473 1854/7353/1600 1669/7354/1601 1668/6745/1474
f 2045/7355/1602 2044/7356/1603 2053/7357/859 2054/7358/1604
f 1528/7359/1515 1529/7360/1515 1520/7361/1517
f 1526/7362/1569 1529/7363/1427 1527/7364/1514
f 1524/7365/1592 1529/7366/1574 1525/7367/1426
f 1522/7368/1054 1529/7369/1516 1523/7370/1571
f 1520/7371/1517 1529/7372/1517 1521/7373/1516
f 1523/7370/1592 1529/7374/1574 1524/7365/1592
f 1521/7373/1573 1529/7375/1516 1522/7368/1054
f 1525/7367/1594 1529/7376/1427 1526/7362/1569
f 1527/7364/1576 1529/7377/1515 1528/7359/1515
f 1116/7378/1318 1115/6735/1467 1031/6738/1468 1030/7379/1319
f 1945/7380/1605 1944/7381/1606 1953/7382/1351 1954/7383/1607
f 802/7384/1599 803/7385/1120 794/7386/1123 793/7387/1585
f 764/7388/1557 765/7351/1599 756/7352/1585 755/7389/1558
f 1816/7390/4 1817/7391/4 1818/7392/4 1819/7393/4 1811/7394/4 1812/7395/4 1813/7396/4 1814/7397/4 1815/7398/4
f 899/7399/17 903/7400/17 1567/7401/17 1566/7402/17
f 1543/7403/3 1542/7404/3 1541/7405/3 1540/7406/3 1539/7407/3 1547/7408/3 1546/7409/3 1545/7410/3 1544/7411/3
f 1554/7412/3 1555/7413/3 1556/7414/3 1548/7415/3 1549/7416/3 1550/7417/3 1551/7418/3 1552/7419/3 1553/7420/3
f 861/7421/3 860/7422/3 869/7423/3 870/7424/3 871/7425/3 872/7426/3 864/7427/3 865/7428/3 866/7429/3 867/7430/3 858/7431/3 857/7432/3 856/7433/3 855/7434/3 863/7435/3 862/7436/3
f 1854/7437/1608 1855/7438/638 1792/7439/638 1791/7440/1182
f 1120/7441/1424 1119/6560/1387 1045/6563/1388 1044/7442/1425
f 2188/6301/1301 2189/7443/873 2126/7444/873 2125/6302/1077
f 1565/7445/1573 1288/7446/1052 1557/7447/1517
f 1557/7448/1517 1288/7449/1052 1287/7450/1514
f 1557/7448/1517 1287/7450/1514 1558/7451/1576
f 1558/7451/1576 1287/7450/1514 1286/7452/1513
f 1558/7451/1576 1286/7452/1513 1559/7453/1514
f 1559/7453/1514 1286/7452/1513 1285/7454/1575
f 1559/7453/1514 1285/7454/1575 1560/7455/1428
f 1560/7455/1428 1285/7454/1575 1284/7456/1427
f 1560/7455/1428 1284/7456/1427 1561/7457/1427
f 1561/7457/1427 1284/7456/1427 1283/7458/1609
f 1561/7457/1427 1283/7458/1609 1562/7459/1610
f 1562/7459/1610 1283/7458/1609 1291/7460/1610
f 1562/7459/1610 1291/7460/1610 1563/7461/1593
f 1563/7461/1593 1291/7460/1610 1290/7462/1592
f 1563/7461/1593 1290/7462/1592 1564/7463/1052
f 1564/7463/1052 1290/7462/1592 1289/7464/1512
f 1564/7463/1052 1289/7464/1512 1565/7445/1573
f 1565/7445/1573 1289/7464/1512 1288/7446/1052
f 1601/7465/194 657/7466/194 656/7467/194 1623/7468/194
f 1227/7469/1134 1200/7470/1134 1199/7471/1611 1226/7472/1611
f 1176/7473/1202 1175/5555/995 1184/5558/998 1185/7474/1612
f 1407/7475/1443 1406/7476/1058 1415/7477/1058 1416/7478/1444
f 1607/7479/3 1608/7480/3 1605/7481/3 1606/7482/3
f 859/7483/1148 739/7484/1148 738/7271/1149 858/7270/1149
f 1609/7485/1613 1603/7486/1614 656/7487/1615 1617/7488/1616
f 1609/7485/1613 1604/7489/1617 1603/7486/1614
f 632/7490/1618 1610/7491/1619 633/7492/16
f 633/7492/16 1610/7491/1619 1611/7493/16
f 633/7492/16 1611/7493/16 634/7494/17
f 634/7494/17 1611/7493/16 1612/7495/17
f 634/7494/17 1612/7495/17 635/7496/17
f 635/7496/17 1612/7495/17 1613/7497/1620
f 635/7496/17 1613/7497/1620 636/7498/1621
f 1623/7499/119 656/7487/1615 1602/7500/1622
f 1621/7501/1623 1613/7502/1620 1620/7503/1624
f 1619/7504/19 1614/5575/1006 1618/5574/1005
f 1607/7505/1625 1606/7506/1626 636/7507/1621 1613/7502/1620 1621/7508/1623
f 652/5576/1007 1614/5575/1006 653/7509/19
f 653/7509/19 1614/5575/1006 1615/7510/19
f 653/7509/19 1615/7510/19 654/7511/19
f 654/7511/19 1615/7510/19 1616/7512/1627
f 654/7511/19 1616/7512/1627 655/7513/12
f 655/7513/12 1616/7512/1627 1617/7488/1616
f 655/7513/12 1617/7488/1616 656/7487/1615
f 1604/7489/1617 632/7490/1618 1593/7514/1628 1592/7515/1629
f 1602/7500/1622 656/7487/1615 1603/7486/1614 1591/7516/1630
f 1936/7058/1538 1927/7057/1537 1926/7087/1546 1935/7086/1546
f 1593/7514/1628 632/7490/1618 1622/7517/1631
f 1617/7518/1268 1630/7519/1272 1609/7520/139
f 1609/7520/139 1630/7519/1272 1631/7521/1632
f 1609/7520/139 1631/7521/1632 1632/7522/1335
f 1616/7523/1277 1628/7524/1267 1617/7518/1268
f 1617/7518/1268 1628/7524/1267 1629/7525/1272
f 1617/7518/1268 1629/7525/1272 1630/7519/1272
f 1615/7526/1262 1626/7527/1262 1616/7523/1277
f 1616/7523/1277 1626/7527/1262 1627/7528/1633
f 1616/7523/1277 1627/7528/1633 1628/7524/1267
f 1626/7527/1262 1615/7526/1262 1625/7529/1263
f 1625/7529/1263 1615/7526/1262 1614/7530/1262
f 1625/7529/1263 1614/7530/1262 1624/7531/1634
f 1624/7532/1634 1614/7533/1262 1613/7534/1635
f 1624/7532/1634 1613/7534/1635 1636/7535/1337
f 1636/7535/1337 1613/7534/1635 1612/7536/1274
f 1636/7535/1337 1612/7536/1274 1635/7537/1275
f 1635/7537/1275 1612/7536/1274 1611/7538/1266
f 1635/7537/1275 1611/7538/1266 1634/7539/1278
f 1634/7539/1278 1611/7538/1266 1610/7540/1335
f 1634/7539/1278 1610/7540/1335 1633/7541/1632
f 1633/7541/1632 1610/7540/1335 1632/7522/1335
f 1632/7522/1335 1610/7540/1335 1609/7520/139
f 1882/5719/1098 1881/7542/1636 1696/7543/1637 1695/5720/1099
f 1638/7544/4 1639/7545/4 1640/7546/4 1621/7547/4 1620/7548/4 1619/7549/4 1618/7550/4 1637/7551/4
f 712/5971/1165 610/5970/1166 609/7552/1034 713/7553/858
f 1641/7554/68 1642/7555/68 1637/7556/68 1618/7557/68 1608/7558/68 1607/7559/68 1621/7560/68 1640/7561/68
f 2050/6869/1507 2049/7562/1638 2058/7563/1639 2059/6870/1508
f 2044/7356/1603 2043/7564/644 2052/7565/644 2053/7357/859
f 2222/7566/1640 2221/6654/1435 2024/6657/1438 2023/7567/1641
f 1647/7568/194 662/7569/194 661/7570/194 1571/7571/194 1570/7572/194
f 1476/7573/1642 1475/6042/1140 1484/6045/1140 1485/7574/1643
f 1246/7575/1571 1012/7576/1571 899/7577/1610 1566/7578/1593
f 863/7579/1068 743/7580/1068 742/7581/1069 862/7582/1069
f 1245/7583/19 1572/7584/19 1132/7585/19 1131/7586/19
f 2194/7587/1644 2195/7588/1372 2132/7589/1372 2131/7590/1644
f 1646/7591/194 1641/7592/194 1640/7593/194 1639/7594/194 1645/7595/194
f 1335/7596/3 1336/7061/3 1339/7060/3 1340/7069/3 1334/7068/3
f 1686/7597/4 1687/7598/4 1688/7599/4 1689/7600/4 1690/7601/4 1691/7602/4 1692/7603/4 1693/7604/4 1632/7605/4 1631/7606/4 1630/7607/4 1629/7608/4 1700/7609/4 1701/7610/4 1702/7611/4 1694/7612/4 1695/7613/4 1696/7614/4 1697/7615/4 1698/7616/4 1703/7617/4 1704/7618/4 1705/7619/4 1706/7620/4 1707/7621/4 1708/7622/4 1709/7623/4 1627/7624/4 1626/7264/4 1720/7263/4 1712/7625/4 1713/7626/4 1714/7627/4 1715/7628/4 1716/7259/4 1654/7258/4 1655/7629/4 1656/7630/4 1657/7631/4 1649/7632/4 1650/7268/4 1636/7267/4 1635/7633/4 1662/7634/4 1663/7635/4 1664/7636/4 1665/7637/4 1666/7638/4 1658/7639/4 1659/7640/4 1660/7641/4 1661/7642/4 1724/7643/4 1725/7644/4 1726/7645/4 1727/7646/4 1728/7647/4 1729/7648/4 1721/7649/4 1722/7650/4 1679/7651/4 1680/7652/4 1685/7653/4
f 1515/7654/1645 1516/7655/1646 1507/7656/1647 1506/7657/1648
f 1003/7658/68 1004/7659/1649 977/7660/1650 976/7661/68
f 1748/7662/512 1749/7663/1651 1740/7664/1652 1739/7665/512
f 1875/7666/1653 1874/7667/1097 1694/7668/1100 1702/7669/1654
f 1739/7670/4 1740/7671/4 1735/7672/4 1734/7673/4 1747/7674/4
f 1478/7675/1645 1479/7676/1646 1470/7677/1647 1469/7678/1648
f 1886/7679/1655 1885/7680/1656 1710/7681/1657 1709/7682/1658
f 1439/7683/1659 1440/7684/1660 1431/7685/1661 1430/7686/1662
f 1174/7687/1663 1165/7688/1664 1164/7689/1665 1173/7690/1666
f 1914/5640/1048 1580/5639/1047 1579/7691/1667 1913/7692/1668
f 1125/7693/1669 1126/6110/1235 1099/6113/1235 1098/7694/1447
f 943/6157/1246 934/6156/1245 933/5723/1102 942/5722/1101
f 1756/7695/12 628/7696/12 1748/7697/68
f 1748/7698/68 628/7699/12 627/7700/16
f 1748/7698/68 627/7700/16 1749/7701/16
f 1749/7701/16 627/7700/16 626/7702/16
f 1749/7701/16 626/7702/16 1750/7703/16
f 1750/7703/16 626/7702/16 625/7704/17
f 1750/7703/16 625/7704/17 1751/7705/17
f 1751/7705/17 625/7704/17 624/7706/17
f 1751/7705/17 624/7706/17 1752/7707/17
f 1752/7707/17 624/7706/17 623/7708/57
f 1752/7707/17 623/7708/57 1753/7709/19
f 1753/7709/19 623/7708/57 631/7710/19
f 1753/7709/19 631/7710/19 1754/7711/19
f 1754/7711/19 631/7710/19 630/7712/19
f 1754/7711/19 630/7712/19 1755/7713/12
f 1755/7713/12 630/7712/19 629/7714/12
f 1755/7713/12 629/7714/12 1756/7695/12
f 1756/7695/12 629/7714/12 628/7696/12
f 1121/6729/1463 1120/7441/1424 1044/7442/1425 1043/6730/1464
f 2211/7284/1586 2210/5856/1175 2017/5859/1178 2016/7285/1587
f 1850/7715/1670 1849/6739/1469 1674/6742/1472 1673/7716/1671
f 1871/7717/1672 1870/7718/1673 1689/7719/1674 1688/7720/1675
f 2224/7721/1676 2223/7722/1677 2022/7723/1678 2021/7724/1679
f 1517/7725/1596 1518/7726/1216 1509/7727/1217 1508/7728/1598
f 765/7729/1680 764/6861/1505 773/6864/1506 774/7730/1680
f 1438/5801/1140 1437/7731/2 1446/7732/2 1447/5802/1140
f 1011/7733/1681 1003/7734/68 976/7735/68 984/7736/1681
f 1787/7737/4 1788/7738/4 1789/7739/4 1790/7740/4 1791/7741/4 1792/7742/4 1784/7743/4 1785/7744/4 1786/7745/4
f 1933/5899/1194 1942/5898/1194 1934/7089/194 1925/7088/194
f 1353/7746/1528 1258/7747/1528 1257/7748/752 1354/7749/752
f 1900/6372/1339 1899/7750/1682 1714/7751/1683 1713/6373/1340
f 1104/7752/1212 1105/7753/1256 1078/7754/1256 1077/7755/1212
f 2065/7756/1684 2064/7757/2 2073/7758/2 2074/7759/1684
f 1309/7760/253 1308/5726/1105 1950/5729/1105 1951/7761/253
f 1479/7676/1646 1480/7343/1596 1471/7346/1598 1470/7677/1647
f 2175/7762/1685 2174/6630/1420 1981/6633/1423 1980/7763/1686
f 873/7764/194 881/7765/1068 890/7766/1193 882/7767/194
f 1563/7768/1687 1554/7769/522 1553/7770/1688 1562/7771/1689
f 877/5849/1129 876/7772/1680 885/7773/1680 886/5850/1130
f 2099/7774/1690 1973/7775/1691 1972/7776/1692 2098/7777/1693
f 1872/7778/1694 1871/7717/1672 1688/7720/1675 1687/7779/1695
f 842/5699/1083 843/7780/1696 834/7781/1143 833/5700/1084
f 2223/7722/1677 2222/7566/1640 2023/7567/1641 2022/7723/1678
f 2202/6580/1395 2201/7782/1697 2008/7783/1698 2007/6581/1396
f 1103/6764/1463 1102/6634/1424 1026/6637/1425 1025/6765/1464
f 1100/7784/429 1108/6328/1317 1020/6331/1320 1019/7785/429
f 1173/7786/1699 1172/7787/1649 1181/7788/1649 1182/7789/1264
f 1913/7790/1700 1922/7791/1701 1923/7792/1447 1914/7793/1447
f 767/5759/1121 768/7794/1361 759/7795/1363 758/5760/1122
f 2193/7796/1702 2192/5597/1017 1999/5600/1020 1998/7797/1298
f 1558/6591/1399 1549/6590/1399 1548/6378/2 1557/6377/2
f 986/7798/1281 985/7799/1158 904/7800/1158 912/7801/1282
f 2201/7782/1697 2200/6968/1523 2009/6971/1524 2008/7783/1698
f 2229/7802/1703 2228/7803/1704 2035/7804/1705 2034/7805/1706
f 1851/7806/1707 1850/7715/1670 1673/7716/1671 1672/7807/1708
f 1178/6317/1309 1169/6316/1308 1168/7808/1709 1177/7809/1710
f 1895/6713/1450 1894/7810/1711 1719/7811/1712 1718/6714/1451
f 1885/7680/1656 1884/7812/1713 1711/7813/1714 1710/7681/1657
f 1938/7814/1541 1929/7815/1540 1928/7056/1536 1937/7055/1535
f 1973/7775/1691 2099/7774/1690 2091/5592/1015 1965/5591/1015
f 1118/7816/429 1126/7817/1317 1038/7818/1320 1037/7819/429
f 2176/7820/1715 2175/7762/1685 1980/7763/1686 1979/7821/1716
f 1890/7822/1717 1889/7823/1718 1706/7824/1719 1705/7825/1720
f 1062/7826/1195 1071/7827/1195 1072/7828/1194 1063/7829/1194
f 1105/7348/1144 1104/6763/1145 1024/6766/1146 1023/7349/1147
f 709/7830/352 613/7831/352 612/7832/1413 710/7833/1721
f 1856/7834/12 1857/7835/1578 1794/7836/1722 1793/7837/12
f 1759/7838/1723 1651/7839/1724 1650/7840/1725 1758/7841/1726
f 1749/7663/1651 1750/7174/1564 1741/7177/1567 1740/7664/1652
f 1943/7842/1350 1951/7843/1727 1964/7844/1727 1952/7845/1350
f 1869/7846/1728 1868/7847/1729 1691/7848/1730 1690/7849/1731
f 2098/7777/1693 1972/7776/1692 1971/6593/1401 2097/6592/1400
f 1891/7850/1732 1890/7822/1717 1705/7825/1720 1704/7851/1733
f 1667/7852/4 1724/7643/4 1661/7642/4 1662/7634/4 1635/7633/4 1673/7853/4 1674/7854/4 1675/7855/4
f 732/7856/4 733/7857/4 734/6083/4 737/6082/4 738/7858/4 739/7859/4 740/7860/4 741/6088/4 729/6087/4 730/7861/4 731/7862/4
f 2217/7863/57 2218/7864/525 2155/7865/525 2154/7866/57
f 1863/6815/1494 1862/6966/1521 1679/6967/1522 1678/6816/1495
f 2228/5626/1037 2229/7867/121 2166/7868/121 2165/5627/1038
f 2194/7869/1734 2193/7796/1702 1998/7797/1298 1997/7870/1735
f 1760/6661/1442 1652/6660/1441 1651/7839/1724 1759/7838/1723
f 1876/7871/1736 1875/7666/1653 1702/7669/1654 1701/7872/1737
f 1498/7873/867 1378/7874/867 1377/7875/1012 1497/7876/1011
f 898/7877/2 1600/7878/2 1599/7879/2 1901/7880/2 600/7881/2 599/7882/2
f 1862/6319/1311 1863/5674/1064 1800/5677/1067 1799/6320/1312
f 1905/7883/4 1903/7884/4 1902/7885/4 1598/7886/4 1597/7887/4 1904/7888/4
f 2179/7889/1533 2180/7205/1577 2117/7208/1578 2116/7890/1530
f 894/7891/194 604/7892/194 603/7893/194 1906/7894/194 1596/7895/194 1595/7896/194
f 1351/7897/1127 1260/7898/1126 1259/7899/1233 1352/7900/1233
f 1889/7823/1718 1888/7901/1738 1707/7902/1739 1706/7824/1719
f 1306/6773/1491 1305/7903/1740 1947/7904/1740 1948/6774/1492
f 1887/7905/1741 1886/7679/1655 1709/7682/1658 1708/7906/1742
f 873/7907/1510 874/7908/1556 865/7909/1559 864/7910/1510
f 2232/7911/1743 2233/7912/1744 2170/7913/1745 2169/7914/1746
f 1857/7835/1578 1858/7045/1530 1795/7048/1533 1794/7836/1722
f 1255/5735/1112 1329/5734/1112 1328/7915/2 1247/7916/2
f 1922/7917/57 1921/7918/57 1920/7919/57 1919/7920/57 1918/7921/57 1917/7922/57 1916/7923/57 1924/7924/57 1923/7925/57
f 1000/7926/1345 999/7927/1224 917/7928/1227 916/7929/1346
f 1933/7930/57 1925/7931/57 1926/7932/57 1927/7933/57 1928/7934/57 1929/7935/57 1930/7936/57 1931/7937/57 1932/7938/57
f 1368/7939/1747 1270/7940/1125 1269/7941/1748 1369/7942/1127
f 1496/5588/904 1376/5587/904 1375/7943/1454 1495/7944/1316
f 1942/7945/1610 1587/7946/1572 1934/7947/17
f 1934/7948/17 1587/7949/1572 1586/7950/1275
f 1934/7948/17 1586/7950/1275 1935/7951/1337
f 1935/7951/1337 1586/7950/1275 1585/7952/1276
f 1935/7951/1337 1585/7952/1276 1936/7953/1275
f 1936/7953/1275 1585/7952/1276 1584/7954/1261
f 1936/7953/1275 1584/7954/1261 1937/7955/1262
f 1937/7955/1262 1584/7954/1261 1583/7956/1336
f 1937/7955/1262 1583/7956/1336 1938/7957/1336
f 1938/7957/1336 1583/7956/1336 1582/7958/19
f 1938/7957/1336 1582/7958/19 1939/7959/1512
f 1939/7959/1512 1582/7958/19 1590/7960/1512
f 1939/7959/1512 1590/7960/1512 1940/7961/1053
f 1940/7961/1053 1590/7960/1512 1589/7962/1054
f 1940/7961/1053 1589/7962/1054 1941/7963/1572
f 1941/7963/1572 1589/7962/1054 1588/7964/1574
f 1941/7963/1572 1588/7964/1574 1942/7945/1610
f 1942/7945/1610 1588/7964/1574 1587/7946/1572
f 915/7965/194 916/6474/194 893/6473/194 892/7966/194 895/7967/194 901/6468/194 931/6467/194 932/7968/194 933/7969/194 934/6461/194 906/6460/194 907/7970/194 908/6453/194 923/6452/194 924/7971/194 925/7972/194 926/6477/194 918/6476/194 919/7973/194 920/7974/194 921/7975/194 913/7976/194 914/7977/194
f 2187/7978/1749 2186/7979/1750 1987/7980/1751 1986/7981/1752
f 2095/7982/1753 1969/7983/1754 1968/7984/1755 2094/7985/1756
f 2054/6583/1397 2053/7124/1551 2062/7125/1552 2063/6584/1398
f 948/6748/1476 939/6747/1475 938/7287/1589 947/7286/1588
f 1962/7986/1757 1949/7987/1515 1961/7988/1758
f 1961/7988/1758 1949/7987/1515 1948/7989/1576
f 1961/7988/1758 1948/7989/1576 1960/7990/1570
f 1960/7990/1570 1948/7989/1576 1959/7991/1514
f 1959/7991/1514 1948/7989/1576 1947/7992/1594
f 1959/7991/1514 1947/7992/1594 1958/7993/1594
f 1958/7993/1594 1947/7992/1594 1957/7994/1575
f 1957/7994/1575 1947/7992/1594 1946/7995/1594
f 1957/7994/1575 1946/7995/1594 1956/7996/1426
f 1956/7996/1426 1946/7995/1594 1955/7997/1594
f 1955/7997/1594 1946/7995/1594 1945/7380/1605
f 1955/7997/1594 1945/7380/1605 1954/7383/1607
f 2048/7998/1759 2047/6398/1349 2056/6401/1351 2057/7999/1760
f 1961/8000/3 1999/8001/3 2000/8002/3 1992/8003/3 1993/8004/3 1987/8005/3 1988/8006/3 1962/8007/3
f 837/8008/989 836/8009/194 845/8010/194 846/8011/989
f 1408/6123/1237 1407/7475/1443 1416/7478/1444 1417/6124/1237
f 1223/8012/1761 1196/8013/1392 1195/8014/1390 1222/8015/1391
f 1203/8016/2 1204/8017/2 1205/8018/2 1206/8019/2 1198/8020/2 1199/8021/2 1200/8022/2 1201/8023/2 1202/8024/2
f 2034/8025/3 2035/8026/3 2036/6276/3 1954/6275/3 1953/8027/3 1952/8028/3 1964/8029/3 1966/8030/3 1967/8031/3 1968/8032/3 1969/8033/3 1970/8034/3 1971/8035/3 1972/8036/3 2037/8037/3 2038/8038/3 2039/8039/3 2040/8040/3 2041/8041/3 2012/8042/3 2013/8043/3 2014/6262/3 2020/6261/3 2021/8044/3 2022/8045/3 2023/6255/3 2029/6278/3 2030/8046/3 2031/8047/3 2032/8048/3 2033/8049/3
f 1966/8030/3 1964/8029/3 1980/8050/3 1981/8051/3 1982/8052/3 1974/8053/3 1975/8054/3 1976/8055/3 1977/8056/3 1978/8057/3 1979/8058/3 1963/8059/3 1962/8007/3 1988/8006/3 1989/8060/3 1990/8061/3 1991/8062/3 1983/8063/3 1984/8064/3 1985/8065/3 1986/8066/3 1987/8005/3 1993/8004/3 1994/8067/3 1995/8068/3 1996/8069/3 1997/8070/3 1998/8071/3 1999/8001/3 1961/8000/3 1960/8072/3 1959/8073/3 1958/6271/3 2005/6270/3 2006/8074/3 2007/8075/3 2008/8076/3 2009/8077/3 2001/8078/3 2002/8079/3 2003/8080/3 2004/6269/3 2011/6268/3 2012/8042/3 2041/8041/3 2042/8081/3 2043/8082/3 2044/8083/3 2045/8084/3 2037/8037/3 1972/8036/3 1973/8085/3 1965/8086/3
f 1040/8087/68 1041/8088/68 1042/8089/68 1023/8090/68 1024/8091/68 1025/8092/68 1026/8093/68 1027/8094/68 1018/8095/68 1017/8096/68 1016/8097/68 1014/8098/68 1028/8099/68 1029/8100/68 1030/8101/68 1031/8102/68 1032/8103/68 1033/8104/68 1034/8105/68 1035/8106/68 1036/8107/68 1052/8108/68 1053/8109/68 1054/8110/68 1045/8111/68 1037/8112/68 1038/8113/68 1039/8114/68
f 1061/6339/1326 1070/6338/1326 1071/7827/1195 1062/7826/1195
f 1420/6720/639 1338/6719/639 1337/8115/2 1419/8116/2
f 820/8117/1209 719/8118/1209 718/6107/1016 819/6106/1016
f 1763/8119/1762 1772/8120/1762 1773/5913/1200 1764/5912/1199
f 1778/8121/4 1779/8122/4 1780/8123/4 1781/8124/4 1782/8125/4 1783/8126/4 1775/8127/4 1776/8128/4 1777/8129/4
f 2205/8130/1763 2204/6344/1331 2005/6347/1334 2004/8131/1764
f 1058/8132/1765 1049/8133/1766 1048/5805/1143 1057/5804/1142
f 1825/8134/4 1826/8135/4 1827/8136/4 1828/8137/4 1820/8138/4 1821/8139/4 1822/8140/4 1823/8141/4 1824/8142/4
f 767/8143/1128 766/8144/1130 775/8145/1130 776/8146/1767
f 1951/7843/1727 1950/8147/1768 1963/8148/1769 1964/7844/1727
f 2069/6411/3 2058/6410/3 2057/8149/3 2056/6403/3 2067/6402/3 2068/8150/3
f 880/8151/1191 879/8152/1232 888/8153/1232 889/8154/1191
f 1511/8155/2 1519/8156/905 1528/8157/905 1520/8158/2
f 2222/8159/1549 2223/8160/1304 2160/8161/1304 2159/8162/1549
f 1915/8163/1235 1924/8164/1235 1916/7204/2 1907/7203/2
f 1008/8165/1202 1009/8166/1203 982/8167/1568 981/8168/1202
f 2223/8160/1304 2224/8169/1770 2161/8170/1302 2160/8161/1304
f 1516/7655/1646 1517/7725/1596 1508/7728/1598 1507/7656/1647
f 1402/8171/1659 1403/8172/1660 1394/8173/1661 1393/8174/1662
f 2195/7588/1372 2196/8175/1771 2133/8176/1371 2132/7589/1372
f 2078/8177/1772 2087/8178/1773 2088/5837/1168 2079/5836/1167
f 838/8179/1321 839/8180/1322 830/8181/1774 829/8182/1324
f 1124/7279/1467 1123/5806/1144 1041/5809/1147 1040/7280/1468
f 1369/8183/1127 1269/8184/1748 1268/8185/1233 1370/8186/1233
f 2225/8187/1775 2224/7721/1676 2021/7724/1679 2020/8188/1691
f 2188/6767/1485 2187/7978/1749 1986/7981/1752 1985/6768/1486
f 1751/7175/1565 1752/8189/1776 1743/8190/1777 1742/7176/1566
f 1763/8191/1778 1655/8192/1779 1654/8193/1780 1762/8194/1781
f 1859/7282/1584 1858/8195/1782 1683/8196/1783 1682/7283/1585
f 768/7794/1361 769/8197/1362 760/8198/1143 759/7795/1363
f 2192/8199/1260 2193/8200/1784 2130/8201/1784 2129/8202/1258
f 2092/8203/1785 2101/8204/1785 2102/8205/1786 2093/8206/1786
f 1567/8207/1337 903/8208/1337 640/8209/1273 639/8210/1273
f 2119/8211/3 2120/8212/3 2121/8213/3 2122/8214/3 2123/8215/3 2124/8216/3 2125/8217/3 2126/8218/3 2118/8219/3
f 2233/7912/1744 2234/6384/1342 2171/6387/1342 2170/7913/1745
f 2083/6505/1365 2074/6504/1364 2073/8220/1787 2082/8221/1787
f 714/5843/1035 608/5842/1035 607/7293/1135 715/7292/1135
f 1126/7817/1317 1125/7278/1318 1039/7281/1319 1038/7818/1320
f 2195/7081/1543 2194/7869/1734 1997/7870/1735 1996/7082/1544
f 762/8222/194 770/8223/1193 779/8224/1193 771/8225/194
f 2155/8226/3 2156/8227/3 2157/8228/3 2158/8229/3 2159/8230/3 2160/8231/3 2161/8232/3 2162/8233/3 2154/8234/3
f 1614/5575/1006 1619/7504/19 1620/7503/1624 1613/7502/1620
f 785/8235/1148 703/8236/1148 702/8237/1149 784/8238/1149
f 2227/8239/1788 2226/8240/1478 2028/8241/1481 2036/8242/1789
f 861/8243/1196 741/8244/1790 740/8245/1220 860/8246/1220
f 1474/8247/1030 1475/8248/1204 1466/8249/1205 1465/8250/1030
f 1848/6740/1470 1847/8251/512 1667/8252/512 1675/6741/1471
f 1514/6252/1297 1515/7654/1645 1506/7657/1648 1505/6253/1298
f 1854/7353/1600 1853/8253/1791 1670/8254/1792 1669/7354/1601
f 787/8255/1196 705/8256/1793 704/8257/1220 786/8258/1220
f 945/6246/1291 936/6245/1290 935/8259/1244 944/8260/1243
f 2200/5845/1171 2201/8261/1374 2138/8262/1794 2137/5846/1171
f 801/7140/1557 802/7384/1599 793/7387/1585 792/7141/1558
f 1868/7847/1729 1867/6715/1452 1692/6716/1453 1691/7848/1730
f 1001/8263/1344 1000/7926/1345 916/7929/1346 915/8264/1347
f 1010/8265/1344 1009/8266/1345 925/8267/1346 924/8268/1347
f 2206/6727/1461 2205/8130/1763 2004/8131/1764 2003/6728/1462
f 1112/6760/1463 1111/8269/1424 1035/8270/1425 1034/6761/1464
f 1011/8271/1159 1010/8265/1344 924/8268/1347 923/8272/1160
f 2191/5598/1018 2190/8273/1547 1992/8274/1548 2000/5599/1019
f 1303/5853/1173 1302/8275/339 1944/8276/339 1945/5854/1173
f 2174/8277/1067 2175/8278/1312 2112/8279/1311 2111/8280/1064
f 2215/8281/1795 2214/8282/1796 2013/8283/1489 2012/8284/1797
f 2230/8285/1798 2229/7802/1703 2034/7805/1706 2033/8286/1799
f 1764/8287/1800 1656/8288/1801 1655/8192/1779 1763/8191/1778
f 1950/8147/1768 1949/7987/1515 1962/7986/1757 1963/8148/1769
f 1772/8289/4 1771/8290/4 1770/8291/4 1769/8292/4 1768/8293/4 1767/8294/4 1766/8295/4 1774/8296/4 1773/8297/4
f 988/8298/996 989/8299/998 962/8300/998 961/8301/996
f 788/6049/1221 706/6048/1069 705/8256/1793 787/8255/1196
f 763/8302/1556 764/7388/1557 755/7389/1558 754/8303/1559
f 1765/8304/1802 1657/8305/1733 1656/8288/1801 1764/8287/1800
f 1841/6248/1293 1840/6620/1414 1665/6623/1417 1664/6249/1294
f 1944/7381/1606 1943/8306/1350 1952/8307/1350 1953/7382/1351
f 1853/8253/1791 1852/8308/1803 1671/8309/1804 1670/8254/1792
f 2184/6557/1384 2183/8310/1805 1990/8311/1806 1989/6558/1385
f 1107/6329/1318 1106/7347/1467 1022/7350/1468 1021/6330/1319
f 1457/6813/639 1356/6812/639 1355/6117/2 1456/6116/2
f 1423/8312/1011 1341/8313/1466 1340/8314/1315 1422/8315/1315
f 2178/8316/1531 2179/7889/1533 2116/7890/1530 2115/8317/1531
f 2225/8318/883 2217/8319/57 2154/8320/57 2162/8321/883
f 1477/6509/1369 1478/7675/1645 1469/7678/1648 1468/6510/1298
f 2220/6655/1436 2219/6162/1251 2026/6165/1254 2025/6656/1437
f 2196/8175/1771 2197/8322/1807 2134/8323/1808 2133/8176/1371
f 1441/8324/1809 1440/8325/1446 1449/8326/1810 1450/8327/1445
f 2183/8310/1805 2182/8328/1811 1991/8329/1812 1990/8311/1806
f 1006/8330/1376 1005/8331/1377 929/8332/1378 928/8333/1379
f 879/8334/1083 880/8335/1696 871/8336/1143 870/8337/1084
f 1406/6770/1488 1407/8338/1216 1398/8339/1217 1397/6771/1489
f 1877/6159/1248 1876/7871/1736 1701/7872/1737 1700/6160/1249
f 1873/8340/1813 1872/7778/1694 1687/7779/1695 1686/8341/1814
f 1874/8342/19 1875/8343/1342 1812/8344/1342 1811/8345/19
f 782/8346/3 781/8347/3 789/8348/3 788/8349/3 787/6230/3 796/6229/3 797/8350/3 798/8351/3 790/8352/3 791/8353/3 792/8354/3 793/8355/3 794/6233/3 785/6232/3 784/8356/3 783/8357/3
f 1426/8358/1023 1344/8359/1023 1343/8360/1815 1425/8361/931
f 2208/8362/1816 2216/8363/1817 2011/8364/1818 2010/8365/1819
f 1881/7542/1636 1880/8366/1820 1697/8367/1084 1696/7543/1637
f 804/8368/1121 805/6500/1361 796/6503/1363 795/8369/1122
f 2094/7985/1756 1968/7984/1755 1967/6712/1449 2093/6711/1448
f 1899/8370/1821 1900/6839/1501 1837/6842/1502 1836/8371/1822
f 1845/5667/1061 1844/8372/1823 1661/8373/1824 1660/5668/1062
f 836/8374/1510 837/8375/1556 828/8376/1825 827/8377/1510
f 1758/7841/1726 1650/7840/1725 1649/8378/1009 1757/8379/1009
f 995/8380/1649 996/6182/1264 969/6185/1265 968/8381/1650
f 1317/8382/1113 1299/8383/1113 1298/8384/1520 1316/8385/1183
f 1226/7472/1611 1199/7471/1611 1198/8386/57 1225/8387/57
f 1359/8388/3 1360/8389/3 1361/6217/3 1350/6216/3 1351/6208/3 1358/6207/3
f 729/6611/1218 620/6610/1218 619/5833/1166 730/5832/1165
f 1833/8390/4 1834/8391/4 1835/8392/4 1836/8393/4 1837/8394/4 1829/8395/4 1830/8396/4 1831/8397/4 1832/8398/4
f 2214/8399/1826 2215/8400/1827 2152/8401/1828 2151/8402/1826
f 1004/7659/1649 1005/8403/1264 978/8404/1264 977/7660/1650
f 1133/8405/1534 1132/8406/1534 659/8407/1534 658/8408/1534
f 1400/8409/1030 1401/8410/1204 1392/8411/1205 1391/8412/1030
f 2193/8200/1784 2194/7587/1644 2131/7590/1644 2130/8201/1784
f 1514/8413/1446 1513/8414/1642 1522/8415/1643 1523/8416/1810
f 1441/8417/1829 1442/8418/1487 1433/8419/1490 1432/8420/1830
f 1844/8421/1831 1845/6174/1258 1782/6177/1260 1781/8422/1784
f 1327/8423/125 1390/8424/125 1382/8425/2 1319/8426/2
f 1241/8427/1392 1214/8428/1392 1213/8429/1390 1240/8430/1391
f 1171/8431/68 1179/8432/1681 1188/8433/1681 1180/8434/68
f 3526/8435/1832 3527/8436/1833 3518/8437/1833 3517/8438/1834
f 3531/8439/1835 3532/8440/317 3523/8441/1836 3522/8442/1837
f 1843/8443/1644 1844/8421/1831 1781/8422/1784 1780/8444/1838
f 1009/8166/1203 1010/8445/1418 983/8446/1419 982/8167/1568
f 941/5725/1104 932/5724/1103 931/6750/1477 940/6749/1477
f 901/8447/68 1595/8448/68 1596/8449/68 1597/8450/68 1598/8451/68 1599/8452/68 1600/8453/68 1134/8454/68 1133/8455/68 658/8456/68 657/8457/68 1601/8458/68 1602/8459/68 1591/8460/68 1592/8461/68 1593/8462/68 1594/8463/68 642/8464/68 641/8465/68 902/8466/68
f 716/7295/223 606/7294/223 605/8467/194 708/8468/194
f 876/7772/1680 875/8469/1839 884/8470/1506 885/7773/1680
f 839/8471/1680 838/8472/1840 847/8473/1506 848/8474/1841
f 2234/6752/1479 2233/8475/1842 2030/8476/1843 2029/6753/1480
f 2066/6829/1499 2065/7756/1684 2074/7759/1684 2075/6830/1500
f 1868/8477/1844 1869/8478/1845 1806/8479/1846 1805/8480/1762
f 1056/5659/1055 1065/5658/1055 1066/8481/1538 1057/8482/1847
f 3516/8483/194 3508/8484/194 3509/8485/194 3517/8486/194 3518/8487/194 3519/8488/194 3520/8489/194 3521/8490/194 3522/8491/194 3523/8492/194 3524/8493/194 3525/8494/194 3510/8495/194 3511/8496/194 3512/8497/194 3513/8498/194 3514/8499/194 3515/8500/194
f 799/8501/194 807/8502/1193 816/8503/1193 808/8504/194
f 1538/8505/1848 1547/8506/1848 1539/8507/194 1530/8508/194
f 806/8509/1191 805/6693/1232 814/6694/1232 815/8510/1849
f 2043/7564/644 2042/5742/467 2051/5745/66 2052/7565/644
f 868/8511/3 869/7423/3 860/7422/3 859/8512/3 858/7431/3 867/7430/3
f 695/8513/4 696/8514/4 702/8515/4 703/8516/4 704/8517/4 705/8518/4 706/8519/4 707/8520/4 699/8521/4 700/8522/4 701/8523/4 697/8524/4 698/8525/4 690/8526/4 691/8527/4 692/8528/4 693/8529/4 694/8530/4
f 1856/8531/1026 1864/6814/1493 1677/6817/1496 1676/8532/1027
f 1311/8533/752 1293/8534/752 1292/8535/2 1310/8536/2
f 2173/8537/1066 2174/8277/1067 2111/8280/1064 2110/8538/1066
f 1197/8539/1850 1224/8540/1850 1216/6489/57 1189/6488/57
f 2215/8400/1827 2216/8541/1851 2153/8542/1852 2152/8401/1828
f 782/8543/1016 700/8544/1016 699/8545/194 781/8546/194
f 1438/8547/1204 1439/7683/1659 1430/7686/1662 1429/8548/1205
f 1540/8549/229 1531/8550/229 1530/8508/194 1539/8507/194
f 2216/8363/1817 2215/8281/1795 2012/8284/1797 2011/8364/1818
f 1060/7027/1526 1051/7026/1525 1050/8551/1853 1059/8552/1854
f 1101/6635/1387 1100/8553/429 1019/8554/429 1027/6636/1388
f 970/8555/194 971/8556/194 972/8557/194 973/8558/194 974/8559/194 975/8560/194 967/8561/194 968/8562/194 969/8563/194
f 1908/6653/1434 1574/6652/1433 1573/6323/1313 1907/6322/1313
f 2049/7562/1638 2048/7998/1759 2057/7999/1760 2058/7563/1639
f 2037/8564/57 2045/7355/1602 2054/7358/1604 2046/8565/57
f 1059/8566/1854 1050/8567/1853 1049/8133/1766 1058/8132/1765
f 862/7582/1069 742/7581/1069 741/8244/1790 861/8243/1196
f 1390/8424/125 1327/8423/125 1326/8568/1023 1389/8569/1023
f 696/8514/4 697/8524/4 701/8523/4 702/8515/4
f 1499/8570/931 1379/8571/1855 1378/7874/867 1498/7873/867
f 998/7238/998 999/8572/1856 972/8573/1202 971/7239/1581
f 999/8572/1856 1000/7180/1203 973/7183/1568 972/8573/1202
f 3529/5687/1075 3530/8574/1857 3521/8575/1858 3520/5688/1076
f 1403/8576/1446 1402/6642/1141 1411/6645/1141 1412/8577/1810
f 1440/8325/1446 1439/5800/1139 1448/5803/1141 1449/8326/1810
f 2182/8328/1811 2181/8578/364 1983/8579/364 1991/8329/1812
f 1007/6569/998 1008/8165/1202 981/8168/1202 980/6570/998
f 1762/8580/1845 1771/8581/1859 1772/8120/1762 1763/8119/1762
f 1699/8582/4 1700/7609/4 1629/7608/4 1628/8583/4 1627/7624/4 1709/7623/4 1710/8584/4 1711/8585/4 1703/7617/4 1698/7616/4
f 1870/8586/1208 1871/8587/1206 1808/8588/1206 1807/8589/1207
f 1063/7829/1194 1072/7828/1194 1064/5661/194 1055/5660/194
f 1335/8590/1528 1249/8591/1860 1248/8592/752 1336/8593/752
f 2204/8594/1073 2205/8595/1070 2142/8596/1070 2141/8597/1072
f 1404/8598/1445 1403/8576/1446 1412/8577/1810 1413/8599/1445
f 1536/8600/510 1545/8601/1861 1546/8602/1862 1537/8603/1863
f 2068/8604/290 2067/6828/1498 2076/6831/1498 2077/8605/1864
f 843/7780/1696 844/8606/1509 835/8607/1511 834/7781/1143
f 679/8608/1721 670/8609/1413 669/6945/1218 678/6944/1218
f 2211/8610/1865 2212/8611/1866 2149/8612/1381 2148/8613/1867
f 1765/5915/1201 1774/5914/1201 1766/8614/2 1757/8615/2
f 1170/6315/1307 1179/6314/1306 1171/6481/1354 1162/6480/1354
f 1175/8616/1868 1166/8617/1869 1165/7688/1664 1174/7687/1663
f 1242/8618/1850 1215/8619/1850 1214/8428/1392 1241/8427/1392
f 1912/8620/1256 1921/8621/1255 1922/7791/1701 1913/7790/1700
f 893/8622/1335 1016/8623/1335 595/8624/1266 594/8625/1266
f 947/6575/1392 956/6574/1392 957/5739/1115 948/5738/1115
f 1305/7009/3 1306/8626/3 1307/8627/3 1308/6995/3 1248/6994/3 1249/8628/3 1250/6987/3 1284/6986/3 1285/8629/3 1286/8630/3 1287/8631/3 1288/8632/3 1289/8633/3 1290/8634/3 1291/8635/3 1283/6985/3 1129/6984/3 1127/6977/3 1267/6976/3 1268/8636/3 1269/8637/3 1270/8638/3 1271/8639/3 1272/8640/3 1273/8641/3 1265/6974/3 1261/6973/3 1262/7010/3
f 2177/6646/1429 2176/7820/1715 1979/7821/1716 1978/6647/1430
f 1940/8642/1870 1931/8643/1326 1930/7077/1325 1939/7076/1539
f 2205/8595/1070 2206/8644/1786 2143/8645/1786 2142/8596/1070
f 1305/7903/1740 1304/5852/1172 1946/5855/1174 1947/7904/1740
f 1437/8646/1030 1438/8547/1204 1429/8548/1205 1428/8647/1030
f 803/7385/1120 804/8368/1121 795/8369/1122 794/7386/1123
f 942/8648/1871 951/8649/1134 952/8650/1872 943/8651/1132
f 762/8652/1510 763/8302/1556 754/8303/1559 753/8653/1510
f 2213/8654/1382 2214/8399/1826 2151/8402/1826 2150/8655/1382
f 840/8656/1455 841/5698/1082 832/5701/1085 831/8657/1456
f 1519/8156/905 1518/8658/1056 1527/8659/1056 1528/8157/905
f 613/7831/352 709/7830/352 708/8468/194 605/8467/194
f 660/8660/595 1572/8661/595 1571/8662/595 661/8663/595
f 2173/6631/1421 2172/8664/1873 1974/8665/1874 1982/6632/1422
f 2229/7867/121 2230/8666/1875 2167/8667/1875 2166/7868/121
f 1460/8668/1011 1359/8669/1497 1358/6325/1315 1459/6324/1314
f 1239/8670/1876 1212/8671/848 1211/8672/1877 1238/8673/329
f 1422/8315/1315 1340/8314/1315 1339/6718/1454 1421/6717/1316
f 1481/7344/1597 1482/6019/1029 1473/6022/1031 1472/7345/1217
f 1403/8172/1660 1404/8674/1829 1395/8675/1830 1394/8173/1661
f 1888/7121/1550 1889/5890/1188 1826/5893/1188 1825/7122/1550
f 1913/7692/1668 1579/7691/1667 1578/5887/1185 1912/5886/1184
f 1879/8676/1878 1878/6158/1247 1699/6161/1250 1698/8677/1879
f 821/5813/1150 720/5812/1149 719/8118/1209 820/8117/1209
f 1114/6167/1255 1115/8678/1701 1088/8679/1880 1087/6168/1256
f 1005/8331/1377 1004/7215/1281 930/7218/1282 929/8332/1378
f 874/8680/989 873/8681/194 882/8682/194 883/8683/989
f 3538/6579/1394 3511/6578/1394 3510/7050/161 3537/7049/160
f 1316/8385/1183 1298/8384/1520 1297/5763/1125 1315/5762/1124
f 1401/6643/1140 1400/8684/2 1409/8685/2 1410/6644/1140
f 985/8686/68 986/8687/1649 959/8688/1650 958/8689/68
f 1332/8690/1881 1252/8691/1125 1251/8692/1126 1333/8693/1127
f 987/8694/1264 988/8298/996 961/8301/996 960/8695/1699
f 1273/6101/1112 1365/6100/1112 1364/7099/2 1265/7098/2
f 1427/8696/125 1345/8697/125 1344/8359/1023 1426/8358/1023
f 1367/8698/1183 1271/8699/1882 1270/7940/1125 1368/7939/1747
f 2232/8700/1883 2231/8701/1884 2032/8702/1885 2031/8703/1886
f 987/6549/1377 986/7798/1281 912/7801/1282 911/6550/1378
f 1229/8704/329 1202/8705/329 1201/8706/1132 1228/8707/1131
f 1106/8708/1701 1107/6707/1447 1080/6710/1447 1079/8709/1880
f 1240/8430/1391 1213/8429/1390 1212/8671/848 1239/8670/1876
f 1347/7038/1112 1264/7037/1112 1263/8710/1113 1348/8711/1113
f 2186/7979/1750 2185/6556/1383 1988/6559/1386 1987/7980/1751
f 725/8712/1068 826/8713/1068 818/6109/194 717/6108/194
f 1518/7726/1216 1519/5613/1029 1510/5616/1031 1509/7727/1217
f 2101/8204/1785 2092/8203/1785 2091/8714/194 2100/8715/194
f 1752/8189/1776 1753/6340/1327 1744/6343/1330 1743/8190/1777
f 2201/8261/1374 2202/5868/1180 2139/5871/1180 2138/8262/1794
f 1404/8674/1829 1405/6769/1487 1396/6772/1490 1395/8675/1830
f 1334/6099/1234 1250/6098/1233 1249/8591/1860 1335/8590/1528
f 1877/8716/1746 1878/8717/1887 1815/8718/1887 1814/8719/1746
f 2084/8720/3 2083/8721/3 2082/8722/3 2090/8723/3 2089/8724/3 2088/8725/3 2087/8726/3 2086/8727/3 2085/8728/3
f 1888/7901/1738 1887/7905/1741 1708/7906/1742 1707/7902/1739
f 1860/8729/1888 1861/6318/1310 1798/6321/1310 1797/8730/1889
f 1880/8731/1890 1881/5878/1038 1818/5881/1037 1817/8732/121
f 1875/8343/1342 1876/8733/1745 1813/8734/1744 1812/8344/1342
f 1118/8735/2 1119/5650/1049 1092/5653/1049 1091/8736/2
f 2184/8737/1891 2185/8738/1032 2122/8739/1032 2121/8740/1033
f 1647/8741/57 1648/8742/57 637/8743/57 636/8744/57 1606/8745/57 1605/8746/57 652/8747/57 662/8748/57
f 1731/5911/1 1722/5910/1 1721/8749/57 1730/8750/57
f 1759/6053/1223 1768/6052/1223 1769/5947/1206 1760/5946/1206
f 2212/8611/1866 2213/8654/1382 2150/8655/1382 2149/8612/1381
f 786/8258/1220 704/8257/1220 703/8751/1148 785/8752/1148
f 2226/8753/19 2227/5625/1036 2164/5628/1039 2163/8754/19
f 1430/5934/4 1421/5933/4 1420/5925/4 1429/5924/4
f 1127/8755/1515 1129/8756/1515 1128/8757/1514 1018/8758/1570
f 768/8759/1232 767/8143/1128 776/8146/1767 777/8760/1232
f 894/8761/4 1595/8762/4 901/8763/4 895/8764/4
f 784/8238/1149 702/8237/1149 701/8765/1209 783/8766/1209
f 1890/5891/1189 1891/6865/525 1828/6868/525 1827/5892/1190
f 1532/6758/1484 1276/6757/1483 1275/8767/1892 1531/8768/1893
f 1005/8403/1264 1006/6568/1389 979/6571/996 978/8404/1264
f 994/8769/68 995/8380/1649 968/8381/1650 967/8770/68
f 1746/8771/4 1747/7674/4 1734/7673/4 1733/8772/4 1732/8773/4 1731/8774/4 1730/8775/4 1738/8776/4 1737/8777/4 1736/8778/4 1735/7672/4 1740/7671/4 1741/8779/4 1742/8780/4 1743/8781/4 1744/8782/4 1745/8783/4
f 875/8469/1839 874/8680/989 883/8683/989 884/8470/1506
f 1464/6115/125 1363/6114/125 1362/5630/1023 1463/5629/1040
f 1021/8784/68 1022/8785/68 1023/8090/68 1042/8089/68 1043/8786/68 1044/8787/68 1045/8111/68 1054/8110/68 1046/8788/68 1047/8789/68 1048/8790/68 1049/8791/68 1050/8792/68 1051/8793/68 1052/8108/68 1036/8107/68 1028/8099/68 1014/8098/68 1018/8095/68 1027/8094/68 1019/8794/68 1020/8795/68
f 2096/6595/1403 1970/6594/1402 1969/8796/1754 2095/8797/1753
f 823/6149/1238 722/6148/1220 721/8798/1148 822/8799/1148
f 1177/7809/1710 1168/7808/1709 1167/8800/1894 1176/8801/1895
f 3532/8440/317 3533/7288/1590 3524/7291/1590 3523/8441/1836
f 3530/8574/1857 3531/8439/1835 3522/8442/1837 3521/8575/1858
f 1444/6690/1443 1443/7143/1058 1452/7146/1058 1453/6691/1444
f 941/5823/1157 950/5822/1157 951/8649/1134 942/8648/1871
f 1117/8802/1317 1116/7378/1318 1030/7379/1319 1029/8803/1320
f 2231/8701/1884 2230/8285/1798 2033/8286/1799 2032/8702/1885
f 696/8804/1896 646/8805/1035 645/8806/1135 697/8807/1135
f 1846/6175/1259 1838/8808/16 1775/8809/16 1783/6176/1259
f 710/7833/1721 612/7832/1413 611/5969/1219 711/5968/1218
f 1302/8275/339 1301/8810/57 1943/8811/57 1944/8276/339
f 993/8812/1159 992/6392/1344 906/6395/1347 905/8813/1160
f 754/6131/3 755/6141/3 745/6140/3 744/6132/3
f 1878/8717/1887 1879/8814/1875 1816/8815/1897 1815/8718/1887
f 2224/8169/1770 2225/8318/883 2162/8321/883 2161/8170/1302
f 734/8816/223 615/8817/223 614/6615/194 726/6614/194
f 2070/5819/1154 2069/8818/1898 2078/8819/1899 2079/5820/1155
f 1318/8820/1112 1300/8821/1112 1299/8383/1113 1317/8382/1113
f 837/8375/1556 838/8179/1321 829/8182/1324 828/8376/1825
f 2081/8822/1900 2090/8823/1901 2082/8221/1787 2073/8220/1787
f 1366/6103/1114 1272/6102/1113 1271/8699/1882 1367/8698/1183
f 2216/8541/1851 2208/8824/17 2145/8825/17 2153/8542/1852
f 878/6942/1082 879/8334/1083 870/8337/1084 869/6943/1085
f 769/8826/1191 768/8759/1232 777/8760/1232 778/8827/1849
f 669/6025/4 670/8828/4 671/6037/4 660/6036/4 661/6026/4
f 1105/7753/1256 1106/8708/1701 1079/8709/1880 1078/7754/1256
f 1388/8829/931 1325/8830/931 1324/7095/867 1387/7094/867
f 1326/8831/3 1327/8832/3 1319/8833/3 1320/8834/3 1321/8835/3 1312/8836/3 1311/8837/3 1310/8838/3 1318/8839/3 1317/8840/3 1316/8841/3 1315/8842/3 1314/8843/3 1313/8844/3 1322/8845/3 1323/8846/3 1324/8847/3 1325/8848/3
f 881/8849/1509 873/8850/1510 864/8851/1510 872/8852/1511
f 2228/7803/1704 2227/8239/1788 2036/8242/1789 2035/7804/1705
f 1384/6823/1316 1321/6822/1454 1320/8853/639 1383/8854/639
f 1623/8855/4 1602/8856/4 1601/8857/4
f 1059/7318/1541 1068/7317/1541 1069/8858/1325 1060/8859/1325
f 675/8860/1896 666/8861/1035 665/5784/1135 674/5783/1135
f 1564/8862/1902 1555/8863/798 1554/7769/522 1563/7768/1687
f 651/8864/352 691/8865/352 690/8866/194 643/8867/194
f 697/8807/1135 645/8806/1135 644/8868/223 698/8869/223
f 2176/8870/1903 2177/8871/1889 2114/8872/1889 2113/8873/1310
f 1124/8874/1701 1125/7693/1669 1098/7694/1447 1097/8875/1880
f 1909/5705/1050 1918/5704/1050 1919/8876/1213 1910/8877/1213
f 747/5863/1149 684/5862/1149 683/5951/1210 746/5950/1209
f 750/5903/1196 687/5902/1196 686/6013/1220 749/6012/1220
f 1220/8878/329 1193/8879/1904 1192/5780/1132 1219/5779/1131
f 839/8180/1322 840/8656/1455 831/8657/1456 830/8181/1774
f 1684/8880/4 1676/8881/4 1677/8882/4 1678/8883/4 1679/7651/4 1722/7650/4 1723/8884/4 1724/7643/4 1667/7852/4 1668/8885/4 1669/8886/4 1670/8887/4 1671/8888/4 1672/8889/4 1673/7853/4 1635/7633/4 1634/8890/4 1633/8891/4 1632/7605/4 1693/7604/4 1685/7653/4 1680/7652/4 1681/8892/4 1682/8893/4 1683/8894/4
f 733/8895/1135 616/8896/1905 615/8817/223 734/8816/223
f 695/8897/858 647/8898/1034 646/8805/1035 696/8804/1896
f 1643/8899/595 1645/8900/595 1639/8901/595 1638/8902/595
f 1002/5825/1159 1001/8263/1344 915/8264/1347 914/5826/1160
f 1236/7167/1134 1209/7166/1134 1208/8903/1157 1235/8904/1611
f 1282/8905/1906 1538/8906/1907 1530/8907/1908 1274/8908/1908
f 1007/6060/1225 1006/8330/1376 928/8333/1379 927/6061/1226
f 1879/8814/1875 1880/8731/1890 1817/8732/121 1816/8815/1897
f 1538/8906/1907 1282/8905/1906 1281/6240/1285 1537/6239/1284
f 1572/8909/57 1588/8910/57 1589/8911/57 1590/8912/57 1578/8913/57 1579/8914/57 1580/8915/57 1567/8916/57 1568/8917/57 1569/8918/57 1570/8919/57 1571/8920/57
f 707/6047/1068 789/6046/1068 781/8546/194 699/8545/194
f 998/8921/1225 997/6849/1376 919/6852/1379 918/8922/1226
f 3516/8923/1909 3543/8924/1910 3535/6495/1360 3508/6494/1360
f 993/8925/1911 985/8926/68 958/8927/68 966/8928/1911
f 803/6119/1236 802/8929/1680 811/8930/1680 812/6120/1130
f 2077/6153/1242 2086/6152/1241 2087/8178/1773 2078/8177/1772
f 1512/8931/1140 1511/8932/2 1520/8933/2 1521/8934/1140
f 3542/8935/262 3515/8936/1912 3514/6597/1405 3541/6596/1404
f 807/8502/1193 806/8509/1191 815/8510/1849 816/8503/1193
f 691/8865/352 651/8864/352 650/8937/1413 692/8938/1412
f 1963/8059/3 1979/8058/3 1980/8050/3 1964/8029/3
f 1117/8939/1235 1109/8940/2 1082/8941/2 1090/8942/1913
f 1883/8943/1914 1891/7850/1732 1704/7851/1733 1703/8944/1914
f 649/8945/4 650/8946/4 651/6888/4 638/6887/4 639/8947/4 640/8948/4 641/8949/4 642/8950/4 632/8951/4 633/8952/4 634/8953/4 635/6890/4 643/6889/4 644/8954/4 645/8955/4 646/8956/4 647/8957/4 648/8958/4
f 1003/8959/1158 1011/8271/1159 923/8272/1160 922/8960/1158
f 1123/8961/1256 1124/8874/1701 1097/8875/1880 1096/8962/1256
f 1437/8963/2 1445/6689/1237 1454/6692/1237 1446/8964/2
f 1394/7156/4 1386/7155/4 1385/8965/4 1384/7148/4 1393/7147/4
f 1562/7771/1689 1553/7770/1688 1552/8966/1915 1561/8967/1915
f 671/8968/352 680/8969/352 672/8970/194 663/8971/194
f 1108/6708/1235 1100/8972/2 1073/8973/2 1081/6709/1235
f 1178/8974/1419 1177/8975/1916 1186/8976/1203 1187/8977/1419
f 2206/8644/1786 2207/8978/1785 2144/8979/1785 2143/8645/1786
f 1110/8980/1387 1109/8981/429 1028/8982/429 1036/8983/1388
f 1864/5675/1065 1856/8984/12 1793/8985/12 1801/5676/1066
f 1839/6621/1415 1838/8986/1917 1658/8987/1918 1666/6622/1416
f 1941/5901/1195 1932/5900/1195 1931/8643/1326 1940/8642/1870
f 1174/5556/996 1173/7786/1699 1182/7789/1264 1183/5557/997
f 2093/8206/1786 2102/8205/1786 2103/5683/1071 2094/5682/1070
f 1648/8988/2 1569/8989/2 1568/8990/2 638/8991/2 637/8992/2
f 951/8993/194 950/8994/194 949/8995/194 957/8996/194 956/8997/194 955/8998/194 954/8999/194 953/9000/194 952/9001/194
f 1348/8711/1113 1263/8710/1113 1262/6939/1520 1349/6938/1183
f 1001/7181/1419 1002/9002/1911 975/9003/1681 974/7182/1419
f 1495/7944/1316 1375/7943/1454 1374/5671/639 1494/5670/639
f 1737/6313/1305 1728/6312/1305 1727/7136/1553 1736/7135/137
f 1238/9004/329 1211/9005/1877 1210/7165/1132 1237/7164/1131
f 1894/9006/1828 1895/9007/1826 1832/9008/1919 1831/9009/1827
f 1350/6941/1124 1261/6940/1125 1260/9010/1126 1351/9011/1127
f 1561/9012/1915 1552/9013/1915 1551/5788/1137 1560/5787/1136
f 1531/8768/1893 1275/8767/1892 1274/8908/1908 1530/8907/1908
f 1518/8658/1056 1517/9014/1920 1526/9015/1058 1527/8659/1056
f 732/5624/1035 617/5623/1035 616/8896/1905 733/8895/1135
f 1401/8410/1204 1402/8171/1659 1393/8174/1662 1392/8411/1205
f 1910/8877/1213 1919/8876/1213 1920/9016/1212 1911/9017/1921
f 2186/9018/1348 2187/6300/1079 2124/6303/1079 2123/9019/1348
f 1657/8305/1733 1765/8304/1802 1757/8379/1009 1649/8378/1009
f 1196/9020/2 1197/9021/2 1189/9022/2 1190/9023/2 1191/9024/2 1192/9025/2 1193/9026/2 1194/9027/2 1195/9028/2
f 989/8299/998 990/5916/1202 963/5919/1202 962/8300/998
f 783/8766/1209 701/8765/1209 700/8544/1016 782/8543/1016
f 1516/9029/1300 1515/9030/1922 1524/9031/1445 1525/9032/1300
f 1911/9033/1187 1577/9034/1186 1576/7212/1580 1910/7211/1579
f 1839/6523/1343 1840/9035/1808 1777/9036/1807 1776/6524/1343
f 673/5786/223 664/5785/223 663/8971/194 672/8970/194
f 1880/8366/1820 1879/8676/1878 1698/8677/1879 1697/8367/1084
f 945/9037/848 954/9038/1118 955/6573/1391 946/6572/1390
f 2230/8666/1875 2231/9039/1887 2168/9040/1887 2167/8667/1875
f 1884/7812/1713 1883/9041/1914 1703/9042/1914 1711/7813/1714
f 1381/5606/125 1501/5605/125 1493/5673/2 1373/5672/2
f 1482/5883/905 1481/5662/1056 1490/5665/1059 1491/5884/905
f 1869/8478/1845 1870/8586/1208 1807/8589/1207 1806/8479/1846
f 1109/9043/429 1117/8802/1317 1029/8803/1320 1028/9044/429
f 1009/8266/1345 1008/6059/1224 926/6062/1227 925/8267/1346
f 1848/7241/873 1849/5690/1077 1786/5693/1077 1785/7242/873
f 1882/5879/1036 1874/9045/19 1811/9046/19 1819/5880/1036
f 1843/9047/1923 1842/6247/1292 1663/6250/1295 1662/9048/1924
f 943/8651/1132 952/8650/1872 953/5751/329 944/5750/330
f 999/7927/1224 998/8921/1225 918/8922/1226 917/7928/1227
f 1531/8550/229 1540/8549/229 1541/6069/1229 1532/6068/1228
f 1838/9049/1917 1846/5666/1060 1659/5669/1063 1658/9050/1918
f 880/8335/1696 881/8849/1509 872/8852/1511 871/8336/1143
f 2099/7119/1171 2108/7118/1171 2100/8715/194 2091/8714/194
f 1354/7749/752 1257/7748/752 1256/7040/2 1346/7039/2
f 2183/5873/1182 2184/8737/1891 2121/8740/1033 2120/5874/1182
f 1383/8854/639 1320/8853/639 1319/8426/2 1382/8425/2
f 826/8713/1068 725/8712/1068 724/5905/1069 825/5904/1197
f 3540/9051/2 3539/9052/2 3538/7342/2 3532/7341/2 3531/9053/2 3530/9054/2 3529/9055/2 3528/9056/2 3527/9057/2 3526/9058/2 3534/9059/2 3533/7340/2 3537/7339/2 3536/9060/2 3535/9061/2 3543/9062/2 3542/9063/2 3541/9064/2
f 2197/8322/1807 2198/6388/1343 2135/6391/1343 2134/8323/1808
f 1852/8308/1803 1851/7806/1707 1672/7807/1708 1671/8309/1804
f 1894/7810/1711 1893/9065/1925 1720/9066/1926 1719/7811/1712
f 1122/5953/1212 1123/8961/1256 1096/8962/1256 1095/5954/1212
f 770/8223/1193 769/8826/1191 778/8827/1849 779/8224/1193
f 1911/9017/1921 1920/9016/1212 1921/9067/1255 1912/9068/1256
f 2185/8738/1032 2186/9018/1348 2123/9019/1348 2122/8739/1032
f 1512/5943/1204 1513/6251/1296 1504/6254/1299 1503/5944/1205
f 1103/9069/1211 1104/7752/1212 1077/7755/1212 1076/9070/1213
f 1173/7690/1666 1164/7689/1665 1163/6479/1353 1172/6478/1352
f 1442/7144/1300 1441/8324/1809 1450/8327/1445 1451/7145/1560
f 1477/6696/1446 1476/7573/1642 1485/7574/1643 1486/6697/1446
f 1533/6071/1231 1542/6070/1230 1543/7171/1561 1534/7170/1561
f 1859/7046/1531 1860/8729/1888 1797/8730/1889 1796/7047/1532
f 1440/7684/1660 1441/8417/1829 1432/8420/1830 1431/7685/1661
f 3527/8436/1833 3528/5686/1074 3519/5689/1074 3518/8437/1833
f 743/7580/1068 863/7579/1068 855/5596/194 735/5595/194
f 1300/8821/1112 1318/8820/1112 1310/8536/2 1292/8535/2
f 1218/5782/1134 1191/5781/1133 1190/6487/1157 1217/6486/1157
f 1116/9071/1447 1117/8939/1235 1090/8942/1913 1089/9072/1447
f 692/8938/1412 650/8937/1413 649/6222/1279 693/6221/1218
f 1865/9073/1009 1873/8340/1813 1686/8341/1814 1685/9074/1009
f 1513/8414/1642 1512/8931/1140 1521/8934/1140 1522/8415/1643
f 1754/6341/1328 1755/6600/1408 1746/6603/1411 1745/6342/1329
f 2209/5857/1176 2208/9075/1816 2010/9076/1819 2018/5858/1177
f 2219/9077/1190 2220/9078/1927 2157/9079/1188 2156/9080/1190
f 1176/8801/1895 1167/8800/1894 1166/9081/1869 1175/9082/1868
f 1389/8569/1023 1326/8568/1023 1325/8830/931 1388/8829/931
f 1886/6307/1303 1887/7120/1549 1824/7123/1549 1823/6308/1304
f 1102/9083/1050 1103/9069/1211 1076/9070/1213 1075/9084/1051
f 1855/7438/638 1847/9085/68 1784/9086/68 1792/7439/638
f 1215/8619/1850 1242/8618/1850 1234/9087/57 1207/9088/57
f 840/5776/1129 839/8471/1680 848/8474/1841 849/5777/1130
f 601/9089/19 600/9090/19 1901/9091/19 1902/9092/19 1903/9093/19
f 2220/9078/1927 2221/9094/1550 2158/9095/1550 2157/9079/1188
f 628/9096/4 629/9097/4 630/9098/4 631/9099/4 623/9100/4 624/9101/4 625/9102/4 626/9103/4 627/9104/4
f 844/8606/1509 836/9105/1510 827/9106/1510 835/8607/1511
f 2203/5869/1181 2204/8594/1073 2141/8597/1072 2140/5870/1181
f 2209/9107/1502 2210/9108/1822 2147/9109/1821 2146/9110/1502
f 1370/9111/3 1371/9112/3 1372/9113/3 1373/9114/3 1374/9115/3 1375/9116/3 1376/9117/3 1377/9118/3 1378/9119/3 1379/9120/3 1380/9121/3 1381/9122/3 1364/9123/3 1365/9124/3 1366/9125/3 1367/9126/3 1368/9127/3 1369/9128/3
f 1756/6601/1409 1748/9129/512 1739/9130/512 1747/6602/1410
f 1101/6368/1049 1102/9083/1050 1075/9084/1051 1074/6369/1049
f 1222/8015/1391 1195/8014/1390 1194/9131/848 1221/9132/848
f 1010/8445/1418 1011/7733/1681 984/7736/1681 983/8446/1419
f 1228/8707/1131 1201/8706/1132 1200/7470/1134 1227/7469/1134
f 1221/9132/848 1194/9131/848 1193/9133/1904 1220/9134/329
f 1537/8603/1863 1546/8602/1862 1547/8506/1848 1538/8505/1848
f 2210/9108/1822 2211/8610/1865 2148/8613/1867 2147/9109/1821
f 1762/8194/1781 1654/8193/1780 1653/9135/1440 1761/9136/1439
f 801/9137/1840 800/7090/989 809/7093/989 810/9138/1506
f 1002/9002/1911 994/9139/68 967/9140/68 975/9003/1681
f 1224/8540/1850 1197/8539/1850 1196/8013/1392 1223/8012/1761
f 1206/9141/1850 1233/9142/1850 1225/8387/57 1198/8386/57
f 2172/9143/12 2173/8537/1066 2110/8538/1066 2109/9144/12
f 2129/9145/3 2130/9146/3 2131/9147/3 2132/9148/3 2133/9149/3 2134/9150/3 2135/9151/3 2127/9152/3 2128/9153/3
f 3543/8924/1910 3516/8923/1909 3515/8936/1912 3542/8935/262
f 1898/9154/1867 1899/8370/1821 1836/8371/1822 1835/9155/1865
f 597/9156/1534 1130/9157/1534 896/9158/1534 598/9159/1534
f 1850/5691/1078 1851/6396/1348 1788/6397/1348 1787/5692/1079
f 1244/9160/62 1246/9161/62 1566/9162/62 1245/9163/62
f 1111/8269/1424 1110/8980/1387 1036/8983/1388 1035/8270/1425
f 640/9164/1119 903/9165/1119 902/9166/1119 641/9167/1119
f 1643/9168/57 1644/9169/57 1646/9170/57 1645/9171/57
f 1734/9172/1928 1725/9173/1929 1724/9174/1930 1733/9175/1931
f 2069/8818/1898 2068/8604/290 2077/8605/1864 2078/8819/1899
f 1331/5877/1183 1253/5876/1183 1252/8691/1125 1332/8690/1881
f 992/6624/1418 993/8925/1911 966/8928/1911 965/6625/1419
f 1865/9176/2 1866/6235/1201 1803/6238/1201 1802/9177/2
f 985/9178/1158 993/8812/1159 905/8813/1160 904/9179/1158
f 1179/8432/1681 1178/8974/1419 1187/8977/1419 1188/8433/1681
f 860/8246/1220 740/8245/1220 739/9180/1148 859/9181/1148
f 698/8869/223 644/8868/223 643/8867/194 690/8866/194
f 881/7765/1068 880/8151/1191 889/8154/1191 890/7766/1193
f 802/8929/1680 801/9137/1840 810/9138/1506 811/8930/1680
f 2175/8278/1312 2176/8870/1903 2113/8873/1310 2112/8279/1311
f 1313/8844/3 1312/8836/3 1321/8835/3 1322/8845/3
f 1475/8248/1204 1476/6508/1368 1467/6511/1370 1466/8249/1205
f 1079/9182/68 1080/9183/68 1081/9184/68 1073/9185/68 1074/9186/68 1075/9187/68 1076/9188/68 1077/9189/68 1078/9190/68
f 2218/6163/1252 2217/9191/1932 2019/9192/1932 2027/6164/1253
f 639/9193/595 638/9194/595 1568/9195/595 1567/9196/595
f 2189/7443/873 2181/9197/68 2118/9198/68 2126/7444/873
f 1853/5618/1033 1854/7437/1608 1791/7440/1182 1790/5619/1033
f 1914/7793/1447 1923/7792/1447 1924/8164/1235 1915/8163/1235
f 676/9199/858 667/9200/1375 666/8861/1035 675/8860/1896
f 1797/9201/4 1798/9202/4 1799/9203/4 1800/9204/4 1801/9205/4 1793/9206/4 1794/9207/4 1795/9208/4 1796/9209/4
f 1735/7138/1555 1726/7137/1554 1725/9210/1929 1734/9211/1928
f 1405/9212/1300 1404/8598/1445 1413/8599/1445 1414/9213/1933
f 1876/8733/1745 1877/8716/1746 1814/8719/1746 1813/8734/1744
f 2207/8978/1785 2199/9214/194 2136/9215/194 2144/8979/1785
f 1314/9216/1127 1296/9217/1126 1295/9218/1233 1313/9219/1233
f 986/8687/1649 987/8694/1264 960/8695/1699 959/8688/1650
f 1761/5949/1208 1770/5948/1207 1771/9220/1859 1762/9221/1845
f 1858/8195/1782 1857/5609/1025 1684/5612/1028 1683/8196/1783
f 1057/8482/1847 1066/8481/1538 1067/7316/1595 1058/7315/1535
f 1479/6279/1300 1478/6695/1445 1487/6698/1445 1488/6280/1300
f 1177/8975/1916 1176/7473/1202 1185/7474/1612 1186/8976/1203
f 1767/6051/1222 1758/6050/1222 1757/8615/2 1766/8614/2
f 1583/9222/57 1584/9223/57 1585/9224/57 1586/9225/57 1587/9226/57 1588/8910/57 1572/8909/57 1245/9227/57 1566/9228/57 1567/8916/57 1580/8915/57 1581/9229/57 1573/9230/57 1574/9231/57 1575/9232/57 1576/9233/57 1577/9234/57 1578/8913/57 1590/8912/57 1582/9235/57
f 836/9236/194 844/5894/1068 853/5897/1193 845/9237/194
f 1442/8418/1487 1443/7178/1488 1434/7179/1489 1433/8419/1490
f 2191/9238/1259 2192/8199/1260 2129/8202/1258 2128/9239/1934
f 2221/9094/1550 2222/8159/1549 2159/8162/1549 2158/9095/1550
f 1500/5608/1024 1380/5607/1023 1379/8571/1855 1499/8570/931
f 1870/7718/1673 1869/7846/1728 1690/7849/1731 1689/7719/1674
f 2080/5839/1170 2089/5838/1169 2090/8823/1901 2081/8822/1900
f 632/7490/1618 1604/7489/1617 1609/7485/1613 1610/7491/1619
f 1534/9240/1358 1278/9241/1357 1277/6756/1438 1533/6755/1482
f 1871/8587/1206 1872/7034/1527 1809/7035/1223 1808/8588/1206
f 689/5679/1068 752/5678/1068 744/5923/194 681/5922/194
f 1565/6376/615 1556/6375/615 1555/8863/798 1564/8862/1902
f 1535/9242/1563 1544/9243/1562 1545/8601/1861 1536/8600/510
f 857/7273/1209 737/7272/1582 736/5594/1016 856/5593/1016
f 1230/9244/848 1203/9245/848 1202/9246/329 1229/9247/329
f 1897/6553/1381 1898/9154/1867 1835/9155/1865 1834/6554/1381
f 1120/5651/1050 1121/5952/1211 1094/5955/1213 1093/5652/1051
f 1893/9065/1925 1892/9248/1338 1712/9249/1341 1720/9066/1926
f 1884/9250/883 1885/6306/1302 1822/6309/1302 1821/9251/883
f 2231/9039/1887 2232/7911/1743 2169/7914/1746 2168/9040/1887
f 688/9252/4 689/9253/4 681/6058/4 673/6057/4 672/9254/4 680/9255/4 679/9256/4 678/9257/4 677/9258/4 676/9259/4 675/9260/4 674/6056/4 683/6055/4 684/9261/4 685/9262/4 686/9263/4 687/9264/4
f 1233/9142/1850 1206/9141/1850 1205/9265/1392 1232/9266/1935
f 2214/8282/1796 2213/5714/1093 2014/5717/1096 2013/8283/1489
f 727/6613/352 622/6612/352 621/6609/1413 728/6608/1412
f 1883/9267/57 1884/9250/883 1821/9251/883 1820/9268/57
f 1172/7787/1649 1171/9269/68 1180/9270/68 1181/7788/1649
f 1515/9030/1922 1514/8413/1446 1523/8416/1810 1524/9031/1445
f 1729/6311/927 1738/6310/927 1730/8750/57 1721/8749/57
f 1867/6236/1199 1868/8477/1844 1805/8480/1762 1804/6237/1283
f 1893/9271/1852 1894/9006/1828 1831/9009/1827 1830/9272/1936
f 1232/9266/1935 1205/9265/1392 1204/9273/1390 1231/9274/1391
f 2218/7864/525 2219/9077/1190 2156/9080/1190 2155/7865/525
f 766/8144/1130 765/7729/1680 774/7730/1680 775/8145/1130
f 807/7100/1509 799/9275/1510 790/9276/1510 798/7101/1511
f 680/8969/352 671/8968/352 670/8609/1413 679/8608/1721
f 1517/9014/1920 1516/9029/1300 1525/9032/1300 1526/9015/1058
f 2217/9277/1932 2225/8187/1775 2020/8188/1691 2019/9278/1932
f 1733/9175/1931 1724/9174/1930 1723/5909/1198 1732/5908/1198
f 3509/8485/194 3510/8495/194 3525/8494/194 3517/8486/194
f 1895/9007/1826 1896/6552/1380 1833/6555/1382 1832/9008/1919
f 1235/8904/1611 1208/8903/1157 1207/9088/57 1234/9087/57
f 989/6171/1225 988/6548/1376 910/6551/1379 909/6172/1226
f 1844/8372/1823 1843/9047/1923 1662/9048/1924 1661/8373/1824
f 1407/8338/1216 1408/6835/1029 1399/6838/1031 1398/8339/1217
f 1840/9035/1808 1841/6512/1371 1778/6515/1371 1777/9036/1807
f 874/7908/1556 875/6332/1321 866/6335/1324 865/7909/1559
f 1842/6513/1372 1843/8443/1644 1780/8444/1838 1779/6514/1372
f 879/8152/1232 878/5848/1128 887/5851/1128 888/8153/1232
f 1406/7476/1058 1405/9212/1300 1414/9213/1933 1415/7477/1058
f 769/8197/1362 770/6871/1509 761/6874/1511 760/8198/1143
f 1899/7750/1682 1898/5960/1214 1715/5961/1215 1714/7751/1683
f 1313/9219/1233 1295/9218/1233 1294/9279/1528 1312/9280/1528
f 1115/8678/1701 1116/9071/1447 1089/9072/1447 1088/8679/1880
f 1111/5965/1050 1112/6304/1211 1085/6305/1213 1084/5966/1051
f 1425/8361/931 1343/8360/1815 1342/6732/867 1424/6731/1465
f 2190/9281/16 2191/9238/1259 2128/9239/1934 2127/9282/16
f 2208/9283/17 2209/9107/1502 2146/9110/1502 2145/9284/17
f 838/8472/1840 837/8008/989 846/8011/989 847/8473/1506
f 1352/7900/1233 1259/7899/1233 1258/7747/1528 1353/7746/1528
f 1345/8697/125 1427/8696/125 1419/8116/2 1337/8115/2
f 718/9285/4 719/6063/4 715/6067/4 716/9286/4 708/9287/4 709/9288/4 710/9289/4 711/9290/4 712/9291/4 713/6065/4 720/6064/4 721/9292/4 722/9293/4 723/9294/4 724/9295/4 725/9296/4 717/9297/4
f 1114/6736/1144 1113/6759/1145 1033/6762/1146 1032/6737/1147
f 1462/5632/931 1361/5631/931 1360/6819/867 1461/6818/1465
f 2233/8475/1842 2232/8700/1883 2031/8703/1886 2030/8476/1843
f 1231/9274/1391 1204/9273/1390 1203/9245/848 1230/9244/848
f 1373/9114/3 1372/9113/3 1364/9123/3 1381/9122/3
f 1892/9298/17 1893/9271/1852 1830/9272/1936 1829/9299/17
f 2177/8871/1889 2178/8316/1531 2115/8317/1531 2114/8872/1889
f 2172/9300/1873 2180/6916/1518 1975/6917/1519 1974/9301/1874
f 1336/8593/752 1248/8592/752 1247/7916/2 1328/7915/2
f 2197/5829/1162 2196/7080/1542 1995/7083/1545 1994/5830/1163
f 996/6850/1377 995/6225/1281 921/6228/1282 920/6851/1378
f 1279/7021/3 1280/7013/3 1264/7012/3 1256/7022/3
f 1012/9302/1609 1013/9303/1609 900/9304/1609 899/9305/1609
f 3534/7289/1591 3526/9306/1832 3517/9307/1834 3525/7290/1591
f 1370/8186/1233 1268/8185/1233 1267/7042/1529 1371/7041/1528
f 1301/9308/57 1309/7760/253 1951/7761/253 1943/9309/57
f 1312/9280/1528 1294/9279/1528 1293/8534/752 1311/8533/752
usemtl 254,254,255
f 2250/9310/16 2251/9311/1740 2237/9312/1937 2238/9313/16
f 2268/9314/1938 2269/9315/1193 2255/9316/1939 2256/9317/1940
f 2267/9318/92 2268/9314/1938 2256/9317/1940 2257/9319/92
f 2244/9320/1126 2245/9321/259 2243/9322/259 2235/9323/1941
f 2245/9321/259 2246/9324/1942 2242/9325/36 2243/9322/259
f 2281/9326/1943 2282/9327/1944 2278/9328/1944 2279/9329/1943
f 2260/9330/4 2259/9331/4 2258/9332/4 2257/9333/4 2256/9334/4 2240/9335/4 2239/9336/4 2238/9337/4 2237/9338/4 2236/9339/4
f 2285/9340/1945 2286/9341/16 2274/9342/16 2275/9343/1946
f 2266/9344/1947 2267/9318/92 2257/9319/92 2258/9345/1180
f 2265/9346/19 2266/9344/1947 2258/9345/1180 2259/9347/19
f 2288/9348/797 2280/9349/1948 2271/9350/1948 2272/9351/884
f 2269/9315/1193 2270/9352/1949 2254/9353/1949 2255/9316/1939
f 2248/9354/1950 2249/9355/1951 2239/9356/1952 2240/9357/1953
f 2270/9352/1949 2262/9358/653 2253/9359/653 2254/9353/1949
f 2303/9360/3 2302/9361/3 2301/9362/3 2286/9363/3 2285/9364/3 2284/9365/3 2283/9366/3 2282/9367/3 2281/9368/3 2306/9369/3 2305/9370/3 2304/9371/3
f 2284/9372/1954 2285/9340/1945 2275/9343/1946 2276/9373/1954
f 2302/9374/1955 2303/9375/883 2293/9376/883 2294/9377/1955
f 2262/9378/653 2263/9379/1950 2261/9380/1950 2253/9381/653
f 2301/9382/19 2302/9374/1955 2294/9377/1955 2295/9383/597
f 2263/9384/3 2262/9385/3 2270/9386/3 2269/9387/3 2245/9388/3 2244/9389/3 2252/9390/3 2251/9391/3 2250/9392/3 2249/9393/3 2248/9394/3 2247/9395/3 2268/9396/3 2267/9397/3 2266/9398/3 2265/9399/3 2264/9400/3
f 2286/9363/3 2301/9362/3 2300/9401/3 2299/9402/3 2298/9403/3 2306/9369/3 2281/9368/3 2280/9404/3 2288/9405/3 2287/9406/3
f 2292/9407/4 2291/9408/4 2290/9409/4 2279/9410/4 2278/9411/4 2277/9412/4 2276/9413/4 2293/9414/4
f 2272/9415/4 2271/9416/4 2279/9410/4 2290/9409/4 2289/9417/4 2297/9418/4 2296/9419/4 2295/9420/4 2294/9421/4 2293/9414/4 2276/9413/4 2275/9422/4 2274/9423/4 2273/9424/4
f 2306/9425/182 2298/9426/1956 2289/9427/1957 2290/9428/182
f 2304/9429/1958 2305/9430/1959 2291/9431/1960 2292/9432/1961
f 2282/9327/1944 2283/9433/1113 2277/9434/1113 2278/9328/1944
f 2249/9355/1951 2250/9310/16 2238/9313/16 2239/9356/1952
f 2299/9435/1222 2300/9436/906 2296/9437/1962 2297/9438/1222
f 2300/9436/906 2301/9382/19 2295/9383/597 2296/9437/1962
f 2247/9395/3 2246/9439/3 2245/9388/3 2269/9387/3 2268/9396/3
f 2246/9324/1942 2247/9440/1963 2241/9441/1964 2242/9325/36
f 2283/9433/1113 2284/9372/1954 2276/9373/1954 2277/9434/1113
f 2303/9375/883 2304/9429/1958 2292/9432/1961 2293/9376/883
f 2298/9442/1956 2299/9435/1222 2297/9438/1222 2289/9443/1957
f 2280/9444/1948 2281/9326/1943 2279/9329/1943 2271/9445/1948
f 2252/9446/90 2244/9447/1126 2235/9448/1941 2236/9449/92
f 2287/9450/1965 2288/9348/797 2272/9351/884 2273/9451/1966
f 2256/9334/4 2255/9452/4 2254/9453/4 2253/9454/4 2261/9455/4 2260/9330/4 2236/9339/4 2235/9456/4 2243/9457/4 2242/9458/4 2241/9459/4 2240/9335/4
f 2247/9440/1963 2248/9354/1950 2240/9357/1953 2241/9441/1964
f 2263/9379/1950 2264/9460/1079 2260/9461/1967 2261/9380/1950
f 2251/9311/1740 2252/9446/90 2236/9449/92 2237/9312/1937
f 2264/9460/1079 2265/9346/19 2259/9347/19 2260/9461/1967
f 2305/9430/1959 2306/9425/182 2290/9428/182 2291/9431/1960
f 2286/9341/16 2287/9450/1965 2273/9451/1966 2274/9342/16
