# Blender v2.79 (sub 0) OBJ File: ''
# www.blender.org
mtllib elbow_l_rear.mtl
o elbow_l_rear
v 0.009544 0.019000 -0.001993
v 0.004860 0.019000 -0.029030
v 0.002041 0.019000 -0.056325
v 0.002041 0.021000 -0.056325
v 0.004860 0.021000 -0.029030
v 0.009544 0.021000 -0.001993
v 0.001100 0.019000 -0.165775
v 0.001100 0.021000 -0.165775
v -0.009750 0.021000 -0.193718
v -0.008931 0.021000 -0.196811
v -0.006690 0.021000 -0.199093
v -0.003613 0.021000 -0.199967
v -0.003613 0.019000 -0.199967
v -0.006690 0.019000 -0.199093
v -0.008931 0.019000 -0.196811
v -0.009750 0.019000 -0.193718
v 0.036250 0.019000 -0.193919
v 0.035414 0.019000 -0.193614
v 0.034970 0.019000 -0.192844
v 0.035124 0.019000 -0.191969
v 0.035805 0.019000 -0.191397
v 0.036695 0.019000 -0.191397
v 0.037376 0.019000 -0.191969
v 0.037530 0.019000 -0.192844
v 0.037086 0.019000 -0.193614
v -0.008000 0.019000 -0.001050
v -0.008675 0.019000 -0.000804
v -0.009034 0.019000 -0.000182
v -0.008909 0.019000 0.000525
v -0.008359 0.019000 0.000987
v -0.007641 0.019000 0.000987
v -0.007091 0.019000 0.000525
v -0.006966 0.019000 -0.000182
v -0.007325 0.019000 -0.000804
v -0.005657 0.019000 0.004607
v -0.006332 0.019000 0.004853
v -0.006691 0.019000 0.005475
v -0.006566 0.019000 0.006182
v -0.006016 0.019000 0.006644
v -0.005298 0.019000 0.006644
v -0.004748 0.019000 0.006182
v -0.004623 0.019000 0.005475
v -0.004982 0.019000 0.004853
v -0.000000 0.019000 0.006950
v -0.000675 0.019000 0.007196
v -0.001034 0.019000 0.007818
v -0.000909 0.019000 0.008525
v -0.000359 0.019000 0.008987
v 0.000359 0.019000 0.008987
v 0.000909 0.019000 0.008525
v 0.001034 0.019000 0.007818
v 0.000675 0.019000 0.007196
v 0.005657 0.019000 0.004607
v 0.004982 0.019000 0.004853
v 0.004623 0.019000 0.005475
v 0.004748 0.019000 0.006182
v 0.005298 0.019000 0.006644
v 0.006016 0.019000 0.006644
v 0.006566 0.019000 0.006182
v 0.006691 0.019000 0.005475
v 0.006332 0.019000 0.004853
v 0.008000 0.019000 -0.001050
v 0.007325 0.019000 -0.000804
v 0.006966 0.019000 -0.000182
v 0.007091 0.019000 0.000525
v 0.007641 0.019000 0.000987
v 0.008359 0.019000 0.000987
v 0.008909 0.019000 0.000525
v 0.009034 0.019000 -0.000182
v 0.008675 0.019000 -0.000804
v 0.005657 0.019000 -0.006707
v 0.004982 0.019000 -0.006461
v 0.004623 0.019000 -0.005839
v 0.004748 0.019000 -0.005132
v 0.005298 0.019000 -0.004670
v 0.006016 0.019000 -0.004670
v 0.006566 0.019000 -0.005132
v 0.006691 0.019000 -0.005839
v 0.006332 0.019000 -0.006461
v -0.000000 0.019000 -0.004050
v -0.002603 0.019000 -0.003102
v -0.003988 0.019000 -0.000703
v -0.003507 0.019000 0.002025
v -0.001385 0.019000 0.003806
v 0.001385 0.019000 0.003806
v 0.003507 0.019000 0.002025
v 0.003988 0.019000 -0.000703
v 0.002603 0.019000 -0.003102
v -0.005657 0.019000 -0.006707
v -0.006332 0.019000 -0.006461
v -0.006691 0.019000 -0.005839
v -0.006566 0.019000 -0.005132
v -0.006016 0.019000 -0.004670
v -0.005298 0.019000 -0.004670
v -0.004748 0.019000 -0.005132
v -0.004623 0.019000 -0.005839
v -0.004982 0.019000 -0.006461
v -0.000000 0.019000 -0.009050
v -0.000675 0.019000 -0.008804
v -0.001034 0.019000 -0.008182
v -0.000909 0.019000 -0.007475
v -0.000359 0.019000 -0.007013
v 0.000359 0.019000 -0.007013
v 0.000909 0.019000 -0.007475
v 0.001034 0.019000 -0.008182
v 0.000675 0.019000 -0.008804
v -0.004300 0.019000 -0.090627
v -0.005136 0.019000 -0.090323
v -0.005580 0.019000 -0.089553
v -0.005426 0.019000 -0.088677
v -0.004745 0.019000 -0.088105
v -0.003855 0.019000 -0.088105
v -0.003174 0.019000 -0.088677
v -0.003020 0.019000 -0.089553
v -0.003464 0.019000 -0.090323
v 0.009988 0.019000 -0.199750
v 0.036990 0.019000 -0.196550
v 0.039336 0.019000 -0.195163
v 0.040250 0.019000 -0.192596
v 0.039307 0.019000 -0.190039
v 0.036945 0.019000 -0.188679
v 0.017432 0.019000 -0.185239
v 0.009062 0.019000 -0.181628
v 0.003202 0.019000 -0.174645
v 0.008721 0.019000 0.004360
v 0.004132 0.019000 0.008831
v -0.002240 0.019000 0.009489
v -0.007645 0.019000 0.006051
v -0.009750 0.019000 0.000000
v 0.009988 0.021000 -0.199750
v 0.023544 0.021000 -0.198609
v 0.036990 0.021000 -0.196550
v 0.036250 0.021000 -0.193919
v 0.035414 0.021000 -0.193614
v 0.034970 0.021000 -0.192844
v 0.035124 0.021000 -0.191969
v 0.035805 0.021000 -0.191397
v 0.036695 0.021000 -0.191397
v 0.037376 0.021000 -0.191969
v 0.037530 0.021000 -0.192844
v 0.037086 0.021000 -0.193614
v -0.008000 0.021000 -0.001050
v -0.008675 0.021000 -0.000804
v -0.009034 0.021000 -0.000182
v -0.008909 0.021000 0.000525
v -0.008359 0.021000 0.000987
v -0.007641 0.021000 0.000987
v -0.007091 0.021000 0.000525
v -0.006966 0.021000 -0.000182
v -0.007325 0.021000 -0.000804
v -0.005657 0.021000 0.004607
v -0.006332 0.021000 0.004853
v -0.006691 0.021000 0.005475
v -0.006566 0.021000 0.006182
v -0.006016 0.021000 0.006644
v -0.005298 0.021000 0.006644
v -0.004748 0.021000 0.006182
v -0.004623 0.021000 0.005475
v -0.004982 0.021000 0.004853
v -0.000000 0.021000 0.006950
v -0.000675 0.021000 0.007196
v -0.001034 0.021000 0.007818
v -0.000909 0.021000 0.008525
v -0.000359 0.021000 0.008987
v 0.000359 0.021000 0.008987
v 0.000909 0.021000 0.008525
v 0.001034 0.021000 0.007818
v 0.000675 0.021000 0.007196
v 0.005657 0.021000 0.004607
v 0.004982 0.021000 0.004853
v 0.004623 0.021000 0.005475
v 0.004748 0.021000 0.006182
v 0.005298 0.021000 0.006644
v 0.006016 0.021000 0.006644
v 0.006566 0.021000 0.006182
v 0.006691 0.021000 0.005475
v 0.006332 0.021000 0.004853
v 0.008000 0.021000 -0.001050
v 0.007325 0.021000 -0.000804
v 0.006966 0.021000 -0.000182
v 0.007091 0.021000 0.000525
v 0.007641 0.021000 0.000987
v 0.008359 0.021000 0.000987
v 0.008909 0.021000 0.000525
v 0.009034 0.021000 -0.000182
v 0.008675 0.021000 -0.000804
v 0.005657 0.021000 -0.006707
v 0.004982 0.021000 -0.006461
v 0.004623 0.021000 -0.005839
v 0.004748 0.021000 -0.005132
v 0.005298 0.021000 -0.004670
v 0.006016 0.021000 -0.004670
v 0.006566 0.021000 -0.005132
v 0.006691 0.021000 -0.005839
v 0.006332 0.021000 -0.006461
v -0.000000 0.021000 -0.004050
v -0.002603 0.021000 -0.003102
v -0.003988 0.021000 -0.000703
v -0.003507 0.021000 0.002025
v -0.001385 0.021000 0.003806
v 0.001385 0.021000 0.003806
v 0.003507 0.021000 0.002025
v 0.003988 0.021000 -0.000703
v 0.002603 0.021000 -0.003102
v -0.005657 0.021000 -0.006707
v -0.006332 0.021000 -0.006461
v -0.006691 0.021000 -0.005839
v -0.006566 0.021000 -0.005132
v -0.006016 0.021000 -0.004670
v -0.005298 0.021000 -0.004670
v -0.004748 0.021000 -0.005132
v -0.004623 0.021000 -0.005839
v -0.004982 0.021000 -0.006461
v -0.000000 0.021000 -0.009050
v -0.000675 0.021000 -0.008804
v -0.001034 0.021000 -0.008182
v -0.000909 0.021000 -0.007475
v -0.000359 0.021000 -0.007013
v 0.000359 0.021000 -0.007013
v 0.000909 0.021000 -0.007475
v 0.001034 0.021000 -0.008182
v 0.000675 0.021000 -0.008804
v -0.004300 0.021000 -0.090627
v -0.005136 0.021000 -0.090323
v -0.005580 0.021000 -0.089553
v -0.005426 0.021000 -0.088677
v -0.004745 0.021000 -0.088105
v -0.003855 0.021000 -0.088105
v -0.003174 0.021000 -0.088677
v -0.003020 0.021000 -0.089553
v -0.003464 0.021000 -0.090323
v 0.036945 0.021000 -0.188679
v 0.017432 0.021000 -0.185239
v 0.009062 0.021000 -0.181628
v 0.003202 0.021000 -0.174645
v 0.008721 0.021000 0.004360
v 0.004132 0.021000 0.008831
v -0.002240 0.021000 0.009489
v -0.007645 0.021000 0.006051
v -0.009750 0.021000 0.000000
v 0.039336 0.021000 -0.195163
v 0.040250 0.021000 -0.192596
v 0.039307 0.021000 -0.190039
v 0.009544 -0.021000 -0.001993
v 0.004860 -0.021000 -0.029030
v 0.002041 -0.021000 -0.056325
v 0.002041 -0.019000 -0.056325
v 0.004860 -0.019000 -0.029030
v 0.009544 -0.019000 -0.001993
v 0.001100 -0.021000 -0.165775
v 0.001100 -0.019000 -0.165775
v 0.000000 -0.021000 0.005850
v -0.003760 -0.021000 0.004481
v -0.005761 -0.021000 0.001016
v -0.005066 -0.021000 -0.002925
v -0.002001 -0.021000 -0.005497
v 0.002001 -0.021000 -0.005497
v 0.005066 -0.021000 -0.002925
v 0.005761 -0.021000 0.001016
v 0.003760 -0.021000 0.004481
v 0.000000 -0.019000 -0.005850
v -0.003760 -0.019000 -0.004481
v -0.005761 -0.019000 -0.001016
v -0.005066 -0.019000 0.002925
v -0.002001 -0.019000 0.005497
v 0.002001 -0.019000 0.005497
v 0.005066 -0.019000 0.002925
v 0.005761 -0.019000 -0.001016
v 0.003760 -0.019000 -0.004481
v -0.009750 -0.019000 -0.193718
v -0.008931 -0.019000 -0.196811
v -0.006690 -0.019000 -0.199093
v -0.003613 -0.019000 -0.199967
v -0.003613 -0.021000 -0.199967
v -0.006690 -0.021000 -0.199093
v -0.008931 -0.021000 -0.196811
v -0.009750 -0.021000 -0.193718
v 0.036250 -0.021000 -0.193919
v 0.035414 -0.021000 -0.193614
v 0.034970 -0.021000 -0.192844
v 0.035124 -0.021000 -0.191969
v 0.035805 -0.021000 -0.191397
v 0.036695 -0.021000 -0.191397
v 0.037376 -0.021000 -0.191969
v 0.037530 -0.021000 -0.192844
v 0.037086 -0.021000 -0.193614
v -0.008000 -0.021000 -0.001050
v -0.008675 -0.021000 -0.000804
v -0.009034 -0.021000 -0.000182
v -0.008909 -0.021000 0.000525
v -0.008359 -0.021000 0.000987
v -0.007641 -0.021000 0.000987
v -0.007091 -0.021000 0.000525
v -0.006966 -0.021000 -0.000182
v -0.007325 -0.021000 -0.000804
v -0.005657 -0.021000 0.004607
v -0.006332 -0.021000 0.004853
v -0.006691 -0.021000 0.005475
v -0.006566 -0.021000 0.006182
v -0.006016 -0.021000 0.006644
v -0.005298 -0.021000 0.006644
v -0.004748 -0.021000 0.006182
v -0.004623 -0.021000 0.005475
v -0.004982 -0.021000 0.004853
v 0.000000 -0.021000 0.006950
v -0.000675 -0.021000 0.007196
v -0.001034 -0.021000 0.007818
v -0.000909 -0.021000 0.008525
v -0.000359 -0.021000 0.008987
v 0.000359 -0.021000 0.008987
v 0.000909 -0.021000 0.008525
v 0.001034 -0.021000 0.007818
v 0.000675 -0.021000 0.007196
v 0.005657 -0.021000 0.004607
v 0.004982 -0.021000 0.004853
v 0.004623 -0.021000 0.005475
v 0.004748 -0.021000 0.006182
v 0.005298 -0.021000 0.006644
v 0.006016 -0.021000 0.006644
v 0.006566 -0.021000 0.006182
v 0.006691 -0.021000 0.005475
v 0.006332 -0.021000 0.004853
v 0.008000 -0.021000 -0.001050
v 0.007325 -0.021000 -0.000804
v 0.006966 -0.021000 -0.000182
v 0.007091 -0.021000 0.000525
v 0.007641 -0.021000 0.000987
v 0.008359 -0.021000 0.000987
v 0.008909 -0.021000 0.000525
v 0.009034 -0.021000 -0.000182
v 0.008675 -0.021000 -0.000804
v 0.005657 -0.021000 -0.006707
v 0.004982 -0.021000 -0.006461
v 0.004623 -0.021000 -0.005839
v 0.004748 -0.021000 -0.005132
v 0.005298 -0.021000 -0.004670
v 0.006016 -0.021000 -0.004670
v 0.006566 -0.021000 -0.005132
v 0.006691 -0.021000 -0.005839
v 0.006332 -0.021000 -0.006461
v -0.005657 -0.021000 -0.006707
v -0.006332 -0.021000 -0.006461
v -0.006691 -0.021000 -0.005839
v -0.006566 -0.021000 -0.005132
v -0.006016 -0.021000 -0.004670
v -0.005298 -0.021000 -0.004670
v -0.004748 -0.021000 -0.005132
v -0.004623 -0.021000 -0.005839
v -0.004982 -0.021000 -0.006461
v 0.000000 -0.021000 -0.009050
v -0.000675 -0.021000 -0.008804
v -0.001034 -0.021000 -0.008182
v -0.000909 -0.021000 -0.007475
v -0.000359 -0.021000 -0.007013
v 0.000359 -0.021000 -0.007013
v 0.000909 -0.021000 -0.007475
v 0.001034 -0.021000 -0.008182
v 0.000675 -0.021000 -0.008804
v -0.004300 -0.021000 -0.090627
v -0.005136 -0.021000 -0.090323
v -0.005580 -0.021000 -0.089553
v -0.005426 -0.021000 -0.088677
v -0.004745 -0.021000 -0.088105
v -0.003855 -0.021000 -0.088105
v -0.003174 -0.021000 -0.088677
v -0.003020 -0.021000 -0.089553
v -0.003464 -0.021000 -0.090323
v 0.009988 -0.021000 -0.199750
v 0.023544 -0.021000 -0.198609
v 0.036990 -0.021000 -0.196550
v 0.039336 -0.021000 -0.195163
v 0.040250 -0.021000 -0.192596
v 0.039307 -0.021000 -0.190039
v 0.036945 -0.021000 -0.188679
v 0.017432 -0.021000 -0.185239
v 0.009062 -0.021000 -0.181628
v 0.003202 -0.021000 -0.174645
v 0.008721 -0.021000 0.004360
v 0.004132 -0.021000 0.008831
v -0.002240 -0.021000 0.009489
v -0.007645 -0.021000 0.006051
v -0.009750 -0.021000 0.000000
v 0.009988 -0.019000 -0.199750
v 0.036990 -0.019000 -0.196550
v 0.036250 -0.019000 -0.193919
v 0.035414 -0.019000 -0.193614
v 0.034970 -0.019000 -0.192844
v 0.035124 -0.019000 -0.191969
v 0.035805 -0.019000 -0.191397
v 0.036695 -0.019000 -0.191397
v 0.037376 -0.019000 -0.191969
v 0.037530 -0.019000 -0.192844
v 0.037086 -0.019000 -0.193614
v -0.008000 -0.019000 -0.001050
v -0.008675 -0.019000 -0.000804
v -0.009034 -0.019000 -0.000182
v -0.008909 -0.019000 0.000525
v -0.008359 -0.019000 0.000987
v -0.007641 -0.019000 0.000987
v -0.007091 -0.019000 0.000525
v -0.006966 -0.019000 -0.000182
v -0.007325 -0.019000 -0.000804
v -0.005657 -0.019000 0.004607
v -0.006332 -0.019000 0.004853
v -0.006691 -0.019000 0.005475
v -0.006566 -0.019000 0.006182
v -0.006016 -0.019000 0.006644
v -0.005298 -0.019000 0.006644
v -0.004748 -0.019000 0.006182
v -0.004623 -0.019000 0.005475
v -0.004982 -0.019000 0.004853
v 0.000000 -0.019000 0.006950
v -0.000675 -0.019000 0.007196
v -0.001034 -0.019000 0.007818
v -0.000909 -0.019000 0.008525
v -0.000359 -0.019000 0.008987
v 0.000359 -0.019000 0.008987
v 0.000909 -0.019000 0.008525
v 0.001034 -0.019000 0.007818
v 0.000675 -0.019000 0.007196
v 0.005657 -0.019000 0.004607
v 0.004982 -0.019000 0.004853
v 0.004623 -0.019000 0.005475
v 0.004748 -0.019000 0.006182
v 0.005298 -0.019000 0.006644
v 0.006016 -0.019000 0.006644
v 0.006566 -0.019000 0.006182
v 0.006691 -0.019000 0.005475
v 0.006332 -0.019000 0.004853
v 0.008000 -0.019000 -0.001050
v 0.007325 -0.019000 -0.000804
v 0.006966 -0.019000 -0.000182
v 0.007091 -0.019000 0.000525
v 0.007641 -0.019000 0.000987
v 0.008359 -0.019000 0.000987
v 0.008909 -0.019000 0.000525
v 0.009034 -0.019000 -0.000182
v 0.008675 -0.019000 -0.000804
v 0.005657 -0.019000 -0.006707
v 0.004982 -0.019000 -0.006461
v 0.004623 -0.019000 -0.005839
v 0.004748 -0.019000 -0.005132
v 0.005298 -0.019000 -0.004670
v 0.006016 -0.019000 -0.004670
v 0.006566 -0.019000 -0.005132
v 0.006691 -0.019000 -0.005839
v 0.006332 -0.019000 -0.006461
v -0.005657 -0.019000 -0.006707
v -0.006332 -0.019000 -0.006461
v -0.006691 -0.019000 -0.005839
v -0.006566 -0.019000 -0.005132
v -0.006016 -0.019000 -0.004670
v -0.005298 -0.019000 -0.004670
v -0.004748 -0.019000 -0.005132
v -0.004623 -0.019000 -0.005839
v -0.004982 -0.019000 -0.006461
v 0.000000 -0.019000 -0.009050
v -0.000675 -0.019000 -0.008804
v -0.001034 -0.019000 -0.008182
v -0.000909 -0.019000 -0.007475
v -0.000359 -0.019000 -0.007013
v 0.000359 -0.019000 -0.007013
v 0.000909 -0.019000 -0.007475
v 0.001034 -0.019000 -0.008182
v 0.000675 -0.019000 -0.008804
v -0.004300 -0.019000 -0.090627
v -0.005136 -0.019000 -0.090323
v -0.005580 -0.019000 -0.089553
v -0.005426 -0.019000 -0.088677
v -0.004745 -0.019000 -0.088105
v -0.003855 -0.019000 -0.088105
v -0.003174 -0.019000 -0.088677
v -0.003020 -0.019000 -0.089553
v -0.003464 -0.019000 -0.090323
v 0.039336 -0.019000 -0.195163
v 0.040250 -0.019000 -0.192596
v 0.039307 -0.019000 -0.190039
v 0.036945 -0.019000 -0.188679
v 0.017432 -0.019000 -0.185239
v 0.009062 -0.019000 -0.181628
v 0.003202 -0.019000 -0.174645
v 0.008721 -0.019000 0.004360
v 0.004132 -0.019000 0.008831
v -0.002240 -0.019000 0.009489
v -0.007645 -0.019000 0.006051
v -0.009750 -0.019000 0.000000
v -0.000884 -0.031200 0.000884
v -0.001245 -0.031200 0.000109
v -0.001024 -0.031200 -0.000717
v -0.000324 -0.031200 -0.001207
v 0.000528 -0.031200 -0.001133
v 0.001133 -0.031200 -0.000528
v 0.001207 -0.031200 0.000324
v 0.000717 -0.031200 0.001024
v -0.000109 -0.031200 0.001245
v 0.000884 -0.021000 -0.000884
v 0.000109 -0.021000 -0.001245
v -0.000717 -0.021000 -0.001024
v -0.001207 -0.021000 -0.000324
v -0.001133 -0.021000 0.000528
v -0.000528 -0.021000 0.001133
v 0.000324 -0.021000 0.001207
v 0.001024 -0.021000 0.000717
v 0.001245 -0.021000 -0.000109
v -0.008832 -0.023700 0.002250
v -0.009124 -0.023700 0.002344
v -0.009306 -0.023700 0.002592
v -0.009309 -0.023700 0.002899
v -0.009309 -0.022200 0.002899
v -0.009306 -0.022200 0.002592
v -0.009124 -0.022200 0.002344
v -0.008832 -0.022200 0.002250
v -0.009309 -0.022200 -0.002899
v -0.009701 -0.022200 -0.000979
v -0.009701 -0.022200 0.000979
v -0.009117 -0.023700 0.003457
v -0.008632 -0.023700 0.004533
v -0.008632 -0.022200 0.004533
v -0.007552 -0.022200 0.006167
v -0.006167 -0.022200 0.007552
v -0.004533 -0.022200 0.008632
v -0.004533 -0.023700 0.008632
v -0.003457 -0.023700 0.009117
v -0.002899 -0.023700 0.009309
v -0.002899 -0.022200 0.009309
v -0.000979 -0.022200 0.009701
v 0.000979 -0.022200 0.009701
v 0.002899 -0.022200 0.009309
v 0.002899 -0.023700 0.009309
v 0.003457 -0.023700 0.009117
v 0.004533 -0.023700 0.008632
v 0.004533 -0.022200 0.008632
v 0.006167 -0.022200 0.007552
v 0.007552 -0.022200 0.006167
v 0.008632 -0.022200 0.004533
v 0.008632 -0.023700 0.004533
v 0.009117 -0.023700 0.003457
v 0.009309 -0.023700 0.002899
v 0.009309 -0.022200 0.002899
v 0.009701 -0.022200 0.000979
v 0.009701 -0.022200 -0.000979
v 0.009309 -0.022200 -0.002899
v 0.009309 -0.023700 -0.002899
v 0.008891 -0.023700 -0.004002
v 0.008632 -0.023700 -0.004533
v 0.008632 -0.022200 -0.004533
v 0.007552 -0.022200 -0.006167
v 0.006167 -0.022200 -0.007552
v 0.004533 -0.022200 -0.008632
v 0.004533 -0.023700 -0.008632
v 0.004002 -0.023700 -0.008891
v 0.002899 -0.023700 -0.009309
v 0.002899 -0.022200 -0.009309
v 0.000979 -0.022200 -0.009701
v -0.000979 -0.022200 -0.009701
v -0.002899 -0.022200 -0.009309
v -0.002899 -0.023700 -0.009309
v -0.003457 -0.023700 -0.009117
v -0.004533 -0.023700 -0.008632
v -0.004533 -0.022200 -0.008632
v -0.006167 -0.022200 -0.007552
v -0.007552 -0.022200 -0.006167
v -0.008632 -0.022200 -0.004533
v -0.008632 -0.023700 -0.004533
v -0.009117 -0.023700 -0.003457
v -0.009309 -0.023700 -0.002899
v -0.006894 -0.021000 0.006894
v -0.009713 -0.021000 0.000850
v -0.007987 -0.021000 -0.005592
v -0.002523 -0.021000 -0.009418
v 0.004121 -0.021000 -0.008837
v 0.008837 -0.021000 -0.004121
v 0.009418 -0.021000 0.002523
v 0.005592 -0.021000 0.007987
v -0.000850 -0.021000 0.009713
v -0.008000 -0.023700 0.002250
v -0.006677 -0.023700 0.001820
v -0.005860 -0.023700 0.000695
v -0.005860 -0.023700 -0.000695
v -0.006677 -0.023700 -0.001820
v -0.008000 -0.023700 -0.002250
v -0.008832 -0.023700 -0.002250
v -0.009124 -0.023700 -0.002344
v -0.009306 -0.023700 -0.002592
v -0.008413 -0.023700 -0.004748
v -0.008109 -0.023700 -0.004794
v -0.007836 -0.023700 -0.004654
v -0.007248 -0.023700 -0.004066
v -0.006009 -0.023700 -0.003435
v -0.004635 -0.023700 -0.003652
v -0.003652 -0.023700 -0.004635
v -0.003435 -0.023700 -0.006009
v -0.004066 -0.023700 -0.007248
v -0.004654 -0.023700 -0.007836
v -0.004794 -0.023700 -0.008109
v -0.004748 -0.023700 -0.008413
v -0.002592 -0.023700 -0.009306
v -0.002344 -0.023700 -0.009124
v -0.002250 -0.023700 -0.008832
v -0.002250 -0.023700 -0.008000
v -0.001820 -0.023700 -0.006677
v -0.000695 -0.023700 -0.005860
v 0.000695 -0.023700 -0.005860
v 0.001820 -0.023700 -0.006677
v 0.002250 -0.023700 -0.008000
v 0.002250 -0.023700 -0.008832
v 0.002344 -0.023700 -0.009124
v 0.002592 -0.023700 -0.009306
v 0.004748 -0.023700 -0.008413
v 0.004794 -0.023700 -0.008109
v 0.004654 -0.023700 -0.007836
v 0.004066 -0.023700 -0.007248
v 0.003435 -0.023700 -0.006009
v 0.003652 -0.023700 -0.004635
v 0.004635 -0.023700 -0.003652
v 0.006009 -0.023700 -0.003435
v 0.007248 -0.023700 -0.004066
v 0.007836 -0.023700 -0.004654
v 0.008109 -0.023700 -0.004794
v 0.008413 -0.023700 -0.004748
v 0.009306 -0.023700 -0.002592
v 0.009124 -0.023700 -0.002344
v 0.008832 -0.023700 -0.002250
v 0.008000 -0.023700 -0.002250
v 0.006677 -0.023700 -0.001820
v 0.005860 -0.023700 -0.000695
v 0.005860 -0.023700 0.000695
v 0.006677 -0.023700 0.001820
v 0.008000 -0.023700 0.002250
v 0.008832 -0.023700 0.002250
v 0.009124 -0.023700 0.002344
v 0.009306 -0.023700 0.002592
v 0.008413 -0.023700 0.004748
v 0.008109 -0.023700 0.004794
v 0.007836 -0.023700 0.004654
v 0.007248 -0.023700 0.004066
v 0.006009 -0.023700 0.003435
v 0.004635 -0.023700 0.003652
v 0.003652 -0.023700 0.004635
v 0.003435 -0.023700 0.006009
v 0.004066 -0.023700 0.007248
v 0.004654 -0.023700 0.007836
v 0.004794 -0.023700 0.008109
v 0.004748 -0.023700 0.008413
v 0.002592 -0.023700 0.009306
v 0.002344 -0.023700 0.009124
v 0.002250 -0.023700 0.008832
v 0.002250 -0.023700 0.008000
v 0.001820 -0.023700 0.006677
v 0.000695 -0.023700 0.005860
v -0.000695 -0.023700 0.005860
v -0.001820 -0.023700 0.006677
v -0.002250 -0.023700 0.008000
v -0.002250 -0.023700 0.008832
v -0.002344 -0.023700 0.009124
v -0.002592 -0.023700 0.009306
v -0.004748 -0.023700 0.008413
v -0.004794 -0.023700 0.008109
v -0.004654 -0.023700 0.007836
v -0.004066 -0.023700 0.007248
v -0.003435 -0.023700 0.006009
v -0.003652 -0.023700 0.004635
v -0.004635 -0.023700 0.003652
v -0.006009 -0.023700 0.003435
v -0.007248 -0.023700 0.004066
v -0.007836 -0.023700 0.004654
v -0.008109 -0.023700 0.004794
v -0.008413 -0.023700 0.004748
v -0.003323 -0.023700 0.003323
v -0.000410 -0.023700 0.004682
v 0.002696 -0.023700 0.003850
v 0.004540 -0.023700 0.001216
v 0.004260 -0.023700 -0.001986
v 0.001986 -0.023700 -0.004260
v -0.001216 -0.023700 -0.004540
v -0.003850 -0.023700 -0.002696
v -0.004682 -0.023700 0.000410
v -0.007836 -0.022200 0.004654
v -0.008109 -0.022200 0.004794
v -0.008413 -0.022200 0.004748
v -0.004748 -0.022200 0.008413
v -0.004794 -0.022200 0.008109
v -0.004654 -0.022200 0.007836
v -0.002250 -0.022200 0.008832
v -0.002344 -0.022200 0.009124
v -0.002592 -0.022200 0.009306
v 0.002592 -0.022200 0.009306
v 0.002344 -0.022200 0.009124
v 0.002250 -0.022200 0.008832
v 0.004654 -0.022200 0.007836
v 0.004794 -0.022200 0.008109
v 0.004748 -0.022200 0.008413
v 0.008413 -0.022200 0.004748
v 0.008109 -0.022200 0.004794
v 0.007836 -0.022200 0.004654
v 0.008832 -0.022200 0.002250
v 0.009124 -0.022200 0.002344
v 0.009306 -0.022200 0.002592
v 0.009306 -0.022200 -0.002592
v 0.009124 -0.022200 -0.002344
v 0.008832 -0.022200 -0.002250
v 0.007836 -0.022200 -0.004654
v 0.008109 -0.022200 -0.004794
v 0.008413 -0.022200 -0.004748
v 0.004748 -0.022200 -0.008413
v 0.004794 -0.022200 -0.008109
v 0.004654 -0.022200 -0.007836
v 0.002250 -0.022200 -0.008832
v 0.002344 -0.022200 -0.009124
v 0.002592 -0.022200 -0.009306
v -0.002592 -0.022200 -0.009306
v -0.002344 -0.022200 -0.009124
v -0.002250 -0.022200 -0.008832
v -0.004654 -0.022200 -0.007836
v -0.004794 -0.022200 -0.008109
v -0.004748 -0.022200 -0.008413
v -0.008413 -0.022200 -0.004748
v -0.008109 -0.022200 -0.004794
v -0.007836 -0.022200 -0.004654
v -0.007248 -0.022200 -0.004066
v -0.008832 -0.022200 -0.002250
v -0.009124 -0.022200 -0.002344
v -0.009306 -0.022200 -0.002592
v -0.008000 -0.022200 0.002250
v -0.008000 -0.022200 -0.002250
v -0.006677 -0.022200 0.001820
v -0.005860 -0.022200 0.000695
v -0.005860 -0.022200 -0.000695
v -0.006677 -0.022200 -0.001820
v -0.008742 -0.022200 0.000742
v -0.008092 -0.022200 0.001046
v -0.007398 -0.022200 0.000860
v -0.006986 -0.022200 0.000272
v -0.007048 -0.022200 -0.000444
v -0.007556 -0.022200 -0.000952
v -0.008272 -0.022200 -0.001014
v -0.008860 -0.022200 -0.000602
v -0.009046 -0.022200 0.000092
v -0.004066 -0.022200 0.007248
v -0.007248 -0.022200 0.004066
v -0.003435 -0.022200 0.006009
v -0.003652 -0.022200 0.004635
v -0.004635 -0.022200 0.003652
v -0.006009 -0.022200 0.003435
v -0.006399 -0.022200 0.006399
v -0.005748 -0.022200 0.006703
v -0.005055 -0.022200 0.006517
v -0.004643 -0.022200 0.005929
v -0.004705 -0.022200 0.005213
v -0.005213 -0.022200 0.004705
v -0.005929 -0.022200 0.004643
v -0.006517 -0.022200 0.005055
v -0.006703 -0.022200 0.005748
v 0.002250 -0.022200 0.008000
v -0.002250 -0.022200 0.008000
v 0.001820 -0.022200 0.006677
v 0.000695 -0.022200 0.005860
v -0.000695 -0.022200 0.005860
v -0.001820 -0.022200 0.006677
v -0.000742 -0.022200 0.008742
v -0.000092 -0.022200 0.009046
v 0.000602 -0.022200 0.008860
v 0.001014 -0.022200 0.008272
v 0.000952 -0.022200 0.007556
v 0.000444 -0.022200 0.007048
v -0.000272 -0.022200 0.006986
v -0.000860 -0.022200 0.007398
v -0.001046 -0.022200 0.008092
v 0.007248 -0.022200 0.004066
v 0.004066 -0.022200 0.007248
v 0.006009 -0.022200 0.003435
v 0.004635 -0.022200 0.003652
v 0.003652 -0.022200 0.004635
v 0.003435 -0.022200 0.006009
v 0.004914 -0.022200 0.006399
v 0.005565 -0.022200 0.006703
v 0.006259 -0.022200 0.006517
v 0.006671 -0.022200 0.005929
v 0.006608 -0.022200 0.005213
v 0.006101 -0.022200 0.004705
v 0.005385 -0.022200 0.004643
v 0.004797 -0.022200 0.005055
v 0.004611 -0.022200 0.005748
v 0.008000 -0.022200 -0.002250
v 0.008000 -0.022200 0.002250
v 0.006677 -0.022200 -0.001820
v 0.005860 -0.022200 -0.000695
v 0.005860 -0.022200 0.000695
v 0.006677 -0.022200 0.001820
v 0.007258 -0.022200 0.000742
v 0.007908 -0.022200 0.001046
v 0.008602 -0.022200 0.000860
v 0.009014 -0.022200 0.000272
v 0.008952 -0.022200 -0.000444
v 0.008444 -0.022200 -0.000952
v 0.007728 -0.022200 -0.001014
v 0.007140 -0.022200 -0.000602
v 0.006954 -0.022200 0.000092
v 0.004066 -0.022200 -0.007248
v 0.007248 -0.022200 -0.004066
v 0.003435 -0.022200 -0.006009
v 0.003652 -0.022200 -0.004635
v 0.004635 -0.022200 -0.003652
v 0.006009 -0.022200 -0.003435
v 0.004914 -0.022200 -0.004914
v 0.005565 -0.022200 -0.004611
v 0.006259 -0.022200 -0.004797
v 0.006671 -0.022200 -0.005385
v 0.006608 -0.022200 -0.006101
v 0.006101 -0.022200 -0.006608
v 0.005385 -0.022200 -0.006671
v 0.004797 -0.022200 -0.006259
v 0.004611 -0.022200 -0.005565
v -0.002250 -0.022200 -0.008000
v 0.002250 -0.022200 -0.008000
v -0.001820 -0.022200 -0.006677
v -0.000695 -0.022200 -0.005860
v 0.000695 -0.022200 -0.005860
v 0.001820 -0.022200 -0.006677
v -0.000742 -0.022200 -0.007258
v -0.000092 -0.022200 -0.006954
v 0.000602 -0.022200 -0.007140
v 0.001014 -0.022200 -0.007728
v 0.000952 -0.022200 -0.008444
v 0.000444 -0.022200 -0.008952
v -0.000272 -0.022200 -0.009014
v -0.000860 -0.022200 -0.008602
v -0.001046 -0.022200 -0.007908
v -0.004066 -0.022200 -0.007248
v -0.006009 -0.022200 -0.003435
v -0.004635 -0.022200 -0.003652
v -0.003652 -0.022200 -0.004635
v -0.003435 -0.022200 -0.006009
v -0.006399 -0.022200 -0.004914
v -0.005748 -0.022200 -0.004611
v -0.005055 -0.022200 -0.004797
v -0.004643 -0.022200 -0.005385
v -0.004705 -0.022200 -0.006101
v -0.005213 -0.022200 -0.006608
v -0.005929 -0.022200 -0.006671
v -0.006517 -0.022200 -0.006259
v -0.006703 -0.022200 -0.005565
v -0.003323 -0.024200 0.003323
v -0.000410 -0.024200 0.004682
v 0.002696 -0.024200 0.003850
v 0.004540 -0.024200 0.001216
v 0.004260 -0.024200 -0.001986
v 0.001986 -0.024200 -0.004260
v -0.001216 -0.024200 -0.004540
v -0.003850 -0.024200 -0.002696
v -0.004682 -0.024200 0.000410
v -0.002793 -0.024200 0.002793
v -0.003935 -0.024200 0.000344
v -0.003236 -0.024200 -0.002266
v -0.001022 -0.024200 -0.003815
v 0.001669 -0.024200 -0.003580
v 0.003580 -0.024200 -0.001669
v 0.003815 -0.024200 0.001022
v 0.002266 -0.024200 0.003236
v -0.000344 -0.024200 0.003935
v -0.002793 -0.031200 0.002793
v -0.000344 -0.031200 0.003935
v 0.002266 -0.031200 0.003236
v 0.003815 -0.031200 0.001022
v 0.003580 -0.031200 -0.001669
v 0.001669 -0.031200 -0.003580
v -0.001022 -0.031200 -0.003815
v -0.003236 -0.031200 -0.002266
v -0.003935 -0.031200 0.000344
v -0.006399 -0.021000 0.006399
v -0.005748 -0.021000 0.006703
v -0.005055 -0.021000 0.006517
v -0.004643 -0.021000 0.005929
v -0.004705 -0.021000 0.005213
v -0.005213 -0.021000 0.004705
v -0.005929 -0.021000 0.004643
v -0.006517 -0.021000 0.005055
v -0.006703 -0.021000 0.005748
v -0.008742 -0.021000 0.000742
v -0.008092 -0.021000 0.001046
v -0.007398 -0.021000 0.000860
v -0.006986 -0.021000 0.000272
v -0.007048 -0.021000 -0.000444
v -0.007556 -0.021000 -0.000952
v -0.008272 -0.021000 -0.001014
v -0.008860 -0.021000 -0.000602
v -0.009046 -0.021000 0.000092
v -0.006399 -0.021000 -0.004914
v -0.005748 -0.021000 -0.004611
v -0.005055 -0.021000 -0.004797
v -0.004643 -0.021000 -0.005385
v -0.004705 -0.021000 -0.006101
v -0.005213 -0.021000 -0.006608
v -0.005929 -0.021000 -0.006671
v -0.006517 -0.021000 -0.006259
v -0.006703 -0.021000 -0.005565
v -0.000742 -0.021000 -0.007258
v -0.000092 -0.021000 -0.006954
v 0.000602 -0.021000 -0.007140
v 0.001014 -0.021000 -0.007728
v 0.000952 -0.021000 -0.008444
v 0.000444 -0.021000 -0.008952
v -0.000272 -0.021000 -0.009014
v -0.000860 -0.021000 -0.008602
v -0.001046 -0.021000 -0.007908
v 0.004914 -0.021000 -0.004914
v 0.005565 -0.021000 -0.004611
v 0.006259 -0.021000 -0.004797
v 0.006671 -0.021000 -0.005385
v 0.006608 -0.021000 -0.006101
v 0.006101 -0.021000 -0.006608
v 0.005385 -0.021000 -0.006671
v 0.004797 -0.021000 -0.006259
v 0.004611 -0.021000 -0.005565
v 0.007258 -0.021000 0.000742
v 0.007908 -0.021000 0.001046
v 0.008602 -0.021000 0.000860
v 0.009014 -0.021000 0.000272
v 0.008952 -0.021000 -0.000444
v 0.008444 -0.021000 -0.000952
v 0.007728 -0.021000 -0.001014
v 0.007140 -0.021000 -0.000602
v 0.006954 -0.021000 0.000092
v 0.004914 -0.021000 0.006399
v 0.005565 -0.021000 0.006703
v 0.006259 -0.021000 0.006517
v 0.006671 -0.021000 0.005929
v 0.006608 -0.021000 0.005213
v 0.006101 -0.021000 0.004705
v 0.005385 -0.021000 0.004643
v 0.004797 -0.021000 0.005055
v 0.004611 -0.021000 0.005748
v -0.000742 -0.021000 0.008742
v -0.000092 -0.021000 0.009046
v 0.000602 -0.021000 0.008860
v 0.001014 -0.021000 0.008272
v 0.000952 -0.021000 0.007556
v 0.000444 -0.021000 0.007048
v -0.000272 -0.021000 0.006986
v -0.000860 -0.021000 0.007398
v -0.001046 -0.021000 0.008092
v -0.004116 0.013000 -0.090816
v -0.003202 0.013000 -0.090349
v -0.002802 0.013000 -0.089404
v -0.003103 0.013000 -0.088423
v -0.003964 0.013000 -0.087865
v -0.004982 0.013000 -0.087991
v -0.005681 0.013000 -0.088742
v -0.005734 0.013000 -0.089767
v -0.005116 0.013000 -0.090586
v -0.004116 0.019000 -0.090816
v -0.005116 0.019000 -0.090586
v -0.005734 0.019000 -0.089767
v -0.005681 0.019000 -0.088742
v -0.004982 0.019000 -0.087991
v -0.003964 0.019000 -0.087865
v -0.003103 0.019000 -0.088423
v -0.002802 0.019000 -0.089404
v -0.003202 0.019000 -0.090349
v -0.004147 0.013000 -0.090568
v -0.003385 0.013000 -0.090179
v -0.003052 0.013000 -0.089391
v -0.003302 0.013000 -0.088574
v -0.004020 0.013000 -0.088109
v -0.004868 0.013000 -0.088214
v -0.005451 0.013000 -0.088840
v -0.005495 0.013000 -0.089694
v -0.004980 0.013000 -0.090376
v -0.004116 -0.013000 -0.090816
v -0.005116 -0.013000 -0.090586
v -0.005734 -0.013000 -0.089767
v -0.005681 -0.013000 -0.088742
v -0.004982 -0.013000 -0.087991
v -0.003964 -0.013000 -0.087865
v -0.003103 -0.013000 -0.088423
v -0.002802 -0.013000 -0.089404
v -0.003202 -0.013000 -0.090349
v -0.004116 -0.019000 -0.090816
v -0.003202 -0.019000 -0.090349
v -0.002802 -0.019000 -0.089404
v -0.003103 -0.019000 -0.088423
v -0.003964 -0.019000 -0.087865
v -0.004982 -0.019000 -0.087991
v -0.005681 -0.019000 -0.088742
v -0.005734 -0.019000 -0.089767
v -0.005116 -0.019000 -0.090586
v -0.004147 -0.013000 -0.090568
v -0.004980 -0.013000 -0.090376
v -0.005495 -0.013000 -0.089694
v -0.005451 -0.013000 -0.088840
v -0.004868 -0.013000 -0.088214
v -0.004020 -0.013000 -0.088109
v -0.003302 -0.013000 -0.088574
v -0.003052 -0.013000 -0.089391
v -0.003385 -0.013000 -0.090179
v -0.003993 0.019000 -0.091808
v -0.005660 0.019000 -0.091425
v -0.006690 0.019000 -0.090060
v -0.006602 0.019000 -0.088352
v -0.005437 0.019000 -0.087101
v -0.003740 0.019000 -0.086891
v -0.002305 0.019000 -0.087821
v -0.001803 0.019000 -0.089456
v -0.002470 0.019000 -0.091030
v -0.003993 -0.019000 -0.091808
v -0.005660 -0.019000 -0.091425
v -0.006690 -0.019000 -0.090060
v -0.006602 -0.019000 -0.088352
v -0.005437 -0.019000 -0.087101
v -0.003740 -0.019000 -0.086891
v -0.002305 -0.019000 -0.087821
v -0.001803 -0.019000 -0.089456
v -0.002470 -0.019000 -0.091030
v 0.035809 0.013000 -0.194052
v 0.036833 0.013000 -0.194001
v 0.037585 0.013000 -0.193302
v 0.037712 0.013000 -0.192284
v 0.037155 0.013000 -0.191422
v 0.036174 0.013000 -0.191121
v 0.035229 0.013000 -0.191520
v 0.034762 0.013000 -0.192433
v 0.034990 0.013000 -0.193433
v 0.035809 0.019000 -0.194052
v 0.034990 0.019000 -0.193433
v 0.034762 0.019000 -0.192433
v 0.035229 0.019000 -0.191520
v 0.036174 0.019000 -0.191121
v 0.037155 0.019000 -0.191422
v 0.037712 0.019000 -0.192284
v 0.037585 0.019000 -0.193302
v 0.036833 0.019000 -0.194001
v 0.035882 0.013000 -0.193813
v 0.036736 0.013000 -0.193770
v 0.037363 0.013000 -0.193188
v 0.037468 0.013000 -0.192340
v 0.037004 0.013000 -0.191622
v 0.036187 0.013000 -0.191370
v 0.035399 0.013000 -0.191703
v 0.035010 0.013000 -0.192464
v 0.035200 0.013000 -0.193297
v 0.035809 -0.013000 -0.194052
v 0.034990 -0.013000 -0.193433
v 0.034762 -0.013000 -0.192433
v 0.035229 -0.013000 -0.191520
v 0.036174 -0.013000 -0.191121
v 0.037155 -0.013000 -0.191422
v 0.037712 -0.013000 -0.192284
v 0.037585 -0.013000 -0.193302
v 0.036833 -0.013000 -0.194001
v 0.035809 -0.019000 -0.194052
v 0.036833 -0.019000 -0.194001
v 0.037585 -0.019000 -0.193302
v 0.037712 -0.019000 -0.192284
v 0.037155 -0.019000 -0.191422
v 0.036174 -0.019000 -0.191121
v 0.035229 -0.019000 -0.191520
v 0.034762 -0.019000 -0.192433
v 0.034990 -0.019000 -0.193433
v 0.035882 -0.013000 -0.193813
v 0.035200 -0.013000 -0.193297
v 0.035010 -0.013000 -0.192464
v 0.035399 -0.013000 -0.191703
v 0.036187 -0.013000 -0.191370
v 0.037004 -0.013000 -0.191622
v 0.037468 -0.013000 -0.192340
v 0.037363 -0.013000 -0.193188
v 0.036736 -0.013000 -0.193770
v 0.035514 0.019000 -0.195008
v 0.034151 0.019000 -0.193976
v 0.033769 0.019000 -0.192309
v 0.034549 0.019000 -0.190787
v 0.036124 0.019000 -0.190122
v 0.037758 0.019000 -0.190625
v 0.038687 0.019000 -0.192061
v 0.038475 0.019000 -0.193758
v 0.037222 0.019000 -0.194922
v 0.035514 -0.019000 -0.195008
v 0.034151 -0.019000 -0.193976
v 0.033769 -0.019000 -0.192309
v 0.034549 -0.019000 -0.190787
v 0.036124 -0.019000 -0.190122
v 0.037758 -0.019000 -0.190625
v 0.038687 -0.019000 -0.192061
v 0.038475 -0.019000 -0.193758
v 0.037222 -0.019000 -0.194922
vt 0.000000 -0.109956
vt -0.000000 -0.183260
vt 0.120000 -0.183260
vt 0.120000 -0.109956
vt -0.000000 0.256563
vt -0.000000 0.183260
vt 0.200000 0.183260
vt 0.200000 0.256563
vt 0.270000 -0.046816
vt 0.270000 -0.015605
vt 0.120000 -0.015605
vt 0.120000 -0.046816
vt 0.600000 0.104720
vt 0.000000 0.104720
vt 0.000000 0.000000
vt 0.600000 0.000000
vt 0.101422 -0.138811
vt 0.060226 -0.197646
vt -0.009151 -0.216235
vt -0.074246 -0.185881
vt -0.182029 -0.243886
vt -0.069529 -0.325622
vt 0.069529 -0.325622
vt 0.182029 -0.243886
vt 0.225000 -0.111635
vt 0.225000 -0.028459
vt 0.234429 0.000765
vt 0.259160 0.018966
vt 0.289865 0.019281
vt 0.097939 0.058434
vt -0.097939 0.058434
vt -0.289865 0.019281
vt -0.259160 0.018966
vt -0.234429 0.000765
vt -0.225000 -0.028459
vt -0.225000 -0.111635
vt -0.104600 -0.120786
vt -0.086011 -0.051409
vt -0.027176 -0.010213
vt 0.044375 -0.016472
vt 0.095162 -0.067260
vt 0.000000 0.109956
vt 0.000000 0.036652
vt 0.120000 0.036652
vt 0.120000 0.109956
vt 0.000000 0.329867
vt 0.000000 0.256563
vt 0.120000 0.256563
vt 0.120000 0.329867
vt -0.270000 -0.015605
vt -0.270000 -0.046816
vt -0.120000 -0.046816
vt -0.120000 -0.015605
vt 0.000000 -0.565487
vt 0.000000 -0.706858
vt 0.150000 -0.706858
vt 0.150000 -0.565487
vt -9.771937 -2.228025
vt -9.848949 -2.183562
vt -10.142462 -2.173980
vt -10.003829 -2.408621
vt -9.747066 -2.499993
vt -9.491369 -2.405678
vt -9.355440 -2.169459
vt -9.627203 -2.144463
vt -9.684363 -2.212583
vt -0.270000 0.015605
vt -0.270000 -0.015605
vt -0.120000 -0.015605
vt -0.120000 0.015605
vt 0.000000 0.183260
vt 0.000000 0.109956
vt 0.200000 0.109956
vt 0.200000 0.183260
vt 10.176853 2.126598
vt 10.176853 2.054773
vt 10.461418 1.749008
vt 10.117569 2.289537
vt 10.059952 2.194090
vt 10.130685 2.181618
vt -1.900000 0.523599
vt 1.900000 0.523599
vt 1.900000 0.698132
vt -1.900000 0.698132
vt 0.270000 -0.015605
vt 0.270000 0.015605
vt 0.120000 0.015605
vt 0.120000 -0.015605
vt -0.117462 0.042753
vt -0.062500 0.108253
vt 0.068591 0.388999
vt -0.197500 0.342080
vt -0.371179 0.135098
vt -0.371179 -0.135098
vt -0.197500 -0.342080
vt 0.068591 -0.388999
vt 0.021706 -0.123101
vt -0.062500 -0.108253
vt -0.117462 -0.042753
vt 1.981337 0.000000
vt 1.981337 0.200000
vt 0.000000 0.200000
vt 0.000000 0.000000
vt 0.069529 -0.325622
vt 0.182029 -0.243886
vt 0.225000 -0.111635
vt 0.225000 -0.028459
vt 0.104600 -0.102483
vt 0.086011 -0.171860
vt 0.027176 -0.213057
vt -0.044375 -0.206797
vt -0.095162 -0.156010
vt -0.101422 -0.084459
vt -0.060226 -0.025624
vt 0.009151 -0.007034
vt 0.074246 -0.037389
vt 0.097939 0.058434
vt -0.097939 0.058434
vt -0.289865 0.019281
vt -0.259160 0.018966
vt -0.234429 0.000765
vt -0.225000 -0.028459
vt -0.225000 -0.111635
vt -0.182029 -0.243886
vt -0.069529 -0.325622
vt -0.000000 0.136136
vt -0.000000 0.045379
vt 0.200000 0.045379
vt 0.200000 0.136136
vt 0.000000 -0.183260
vt 0.000000 -0.256563
vt 0.120000 -0.256563
vt 0.120000 -0.183260
vt -0.234429 0.000765
vt -0.225000 -0.028459
vt -0.225000 -0.111635
vt -0.182029 -0.243886
vt -0.035912 -0.210302
vt -0.090933 -0.164135
vt -0.103405 -0.093402
vt -0.067493 -0.031200
vt -0.000000 -0.006635
vt -0.097939 0.058434
vt -0.289865 0.019281
vt -0.259160 0.018966
vt -0.000000 -5.289254
vt 0.200000 -5.289254
vt 0.200000 -4.369384
vt 0.000000 -4.369384
vt 0.000000 0.045379
vt 0.000000 -0.045379
vt 0.200000 -0.045379
vt 0.200000 0.045379
vt -0.270000 0.046816
vt -0.270000 0.015605
vt -0.120000 0.015605
vt -0.120000 0.046816
vt 0.080435 -0.044142
vt 0.105000 -0.111635
vt 0.225000 -0.111635
vt 0.225000 -0.028459
vt 0.234429 0.000765
vt 0.259160 0.018966
vt 0.289865 0.019281
vt 0.097939 0.058434
vt -0.097939 0.058434
vt -0.289865 0.019281
vt -0.259160 0.018966
vt -0.234429 0.000765
vt -0.225000 -0.028459
vt -0.225000 -0.111635
vt -0.182029 -0.243886
vt -0.069529 -0.325622
vt 0.018233 -0.215040
vt -0.052500 -0.202567
vt -0.098668 -0.147547
vt -0.098668 -0.075723
vt -0.052500 -0.020702
vt 0.018233 -0.008230
vt -1.900000 -0.698132
vt 1.900000 -0.698132
vt 1.900000 -0.523599
vt -1.900000 -0.523599
vt 0.000000 0.317650
vt 0.000000 0.226893
vt 0.200000 0.226893
vt 0.200000 0.317650
vt -0.000000 -0.036652
vt 0.000000 -0.109956
vt 0.200000 -0.109956
vt 0.200000 -0.036652
vt 0.000000 -0.565487
vt 0.000000 -0.706858
vt 0.150000 -0.706858
vt 0.150000 -0.565487
vt 0.000000 -0.317650
vt 0.000000 -0.408407
vt 0.200000 -0.408407
vt 0.200000 -0.317650
vt -0.223269 0.150000
vt -0.223269 0.000000
vt -0.140093 0.000000
vt -0.140093 0.150000
vt -1.900000 -0.174533
vt 1.900000 -0.174533
vt 1.900000 0.000000
vt -1.900000 0.000000
vt 0.000000 0.256563
vt -0.000000 0.183260
vt 0.200000 0.183260
vt 0.200000 0.256563
vt -0.000000 0.183260
vt 0.000000 0.109956
vt 0.200000 0.109956
vt 0.200000 0.183260
vt -0.270000 -0.015605
vt -0.270000 -0.046816
vt -0.120000 -0.046816
vt -0.120000 -0.015605
vt -0.000000 -0.183260
vt 0.000000 -0.256563
vt 0.200000 -0.256563
vt 0.200000 -0.183260
vt 0.000000 -0.256563
vt 0.000000 -0.329867
vt 0.200000 -0.329867
vt 0.200000 -0.256563
vt -0.000000 0.256563
vt -0.000000 0.183260
vt 0.200000 0.183260
vt 0.200000 0.256563
vt -0.062500 -0.108253
vt -0.075000 -0.129904
vt 0.026047 -0.147721
vt 0.114907 -0.096418
vt 0.150000 0.000000
vt 0.114907 0.096418
vt 0.026047 0.147721
vt -0.075000 0.129904
vt -0.140954 0.051303
vt -0.140954 -0.051303
vt -0.117462 0.042753
vt -0.062500 0.108253
vt 0.021706 0.123101
vt 0.095756 0.080348
vt 0.125000 0.000000
vt 0.095756 -0.080348
vt 0.021706 -0.123101
vt 0.000000 -0.256563
vt 0.000000 -0.329867
vt 0.200000 -0.329867
vt 0.200000 -0.256563
vt 1.300000 0.043633
vt 1.300000 0.130900
vt -1.300000 0.130900
vt -1.300000 0.043633
vt -0.000000 0.317650
vt 0.000000 0.226893
vt 0.200000 0.226893
vt 0.200000 0.317650
vt -0.000000 0.137881
vt -0.000000 0.413643
vt -0.700000 0.413643
vt -0.700000 0.137881
vt 0.270000 -0.015605
vt 0.270000 0.015605
vt 0.120000 0.015605
vt 0.120000 -0.015605
vt -0.000000 0.317650
vt 0.000000 0.226893
vt 0.200000 0.226893
vt 0.200000 0.317650
vt 0.000000 0.329867
vt 0.000000 0.256563
vt 0.120000 0.256563
vt 0.120000 0.329867
vt 0.000000 0.706858
vt 0.000000 0.424115
vt 0.200000 0.424115
vt 0.200000 0.706858
vt -0.000000 1.148427
vt -0.000000 1.476549
vt -0.050000 1.476549
vt -0.050000 1.148427
vt 0.000000 -0.226893
vt -0.000000 -0.317650
vt 0.200000 -0.317650
vt 0.200000 -0.226893
vt -0.223269 0.150000
vt -0.223269 0.000000
vt -0.140093 0.000000
vt -0.140093 0.150000
vt 19.976219 0.000000
vt 19.976219 0.200000
vt 0.604382 0.200000
vt 0.604382 0.000000
vt -8.928582 1.062719
vt -8.866380 1.026807
vt -8.841815 0.959315
vt -8.866380 0.891822
vt -8.928582 0.855910
vt -9.407500 0.725000
vt -9.432065 0.657507
vt -9.494267 0.621595
vt -9.565000 0.634067
vt -9.611168 0.689088
vt -9.948532 0.652933
vt -9.313220 0.570583
vt -6.609490 1.038966
vt -8.632065 1.592493
vt -8.607500 1.525000
vt -8.632065 1.457507
vt -8.694267 1.421595
vt -9.202252 1.264671
vt -9.442172 1.126153
vt -8.999315 1.050247
vt -0.026047 0.147721
vt 0.075000 0.129904
vt 0.140954 0.051303
vt 0.140954 -0.051303
vt 0.075000 -0.129904
vt -0.026047 -0.147721
vt -0.043412 -0.246202
vt 0.125000 -0.216506
vt 0.234923 -0.085505
vt 0.234923 0.085505
vt 0.125000 0.216506
vt -0.043412 0.246202
vt -0.191511 0.160697
vt -0.250000 0.000000
vt -0.150000 0.000000
vt -0.114907 0.096418
vt -0.000000 -0.183260
vt -0.000000 -0.256563
vt 0.200000 -0.256563
vt 0.200000 -0.183260
vt 0.000000 -0.565487
vt 0.000000 -0.706858
vt 0.150000 -0.706858
vt 0.150000 -0.565487
vt 0.000000 0.109956
vt -0.000000 0.036652
vt 0.200000 0.036652
vt 0.200000 0.109956
vt 0.000000 -0.418879
vt 0.600000 -0.418879
vt 0.600000 -0.314159
vt 0.000000 -0.314159
vt 0.000000 -0.036652
vt 0.000000 -0.109956
vt 0.200000 -0.109956
vt 0.200000 -0.036652
vt -0.000000 0.000000
vt -0.000000 -0.141372
vt 0.150000 -0.141372
vt 0.150000 0.000000
vt 0.000000 -0.104720
vt 0.600000 -0.104720
vt 1.300000 -0.218166
vt 1.300000 -0.130900
vt -1.300000 -0.130900
vt -1.300000 -0.218166
vt -0.000000 0.000000
vt -0.000000 0.150000
vt -0.083176 0.150000
vt -0.083176 -0.000000
vt -0.000000 0.256563
vt -0.000000 0.183260
vt 0.120000 0.183260
vt 0.120000 0.256563
vt 0.000000 -0.036652
vt 0.000000 -0.109956
vt 0.120000 -0.109956
vt 0.120000 -0.036652
vt 0.000000 0.109956
vt -0.000000 0.036652
vt 0.200000 0.036652
vt 0.200000 0.109956
vt -8.811168 1.560912
vt -8.765000 1.615933
vt -8.694267 1.628405
vt -3.880011 1.320881
vt 7.064985 1.415000
vt -0.557226 1.826975
vt -0.644800 1.842417
vt -0.701960 1.910537
vt -0.701960 1.999463
vt -0.644800 2.067583
vt -8.928582 2.194090
vt -8.866380 2.158178
vt -8.841815 2.090685
vt -8.866380 2.023193
vt -8.928582 1.987281
vt -8.999315 1.999753
vt -9.045482 2.054773
vt -9.045482 2.126598
vt -9.494267 2.221595
vt -9.565000 2.234067
vt -9.611168 2.289088
vt -9.611168 2.360912
vt -9.565000 2.415933
vt -9.494267 2.428405
vt -9.512500 2.500000
vt -10.117569 2.289537
vt -10.176853 2.126598
vt -10.130685 2.181618
vt -10.059952 2.194090
vt -9.997751 2.158178
vt -9.973185 2.090685
vt -9.997751 2.023193
vt -10.059952 1.987281
vt -10.461418 1.749008
vt -10.395601 1.111771
vt -10.176853 0.995227
vt -10.130685 1.050247
vt -10.059952 1.062719
vt -9.997751 1.026807
vt -9.973185 0.959315
vt -9.997751 0.891822
vt -10.059952 0.855910
vt -10.130685 0.868382
vt -9.611168 0.760912
vt -9.565000 0.815933
vt -9.494267 0.828405
vt -9.432065 0.792493
vt -8.999315 0.868382
vt -9.045482 0.923402
vt -9.045482 0.995227
vt -9.715000 1.174260
vt -9.893076 1.386482
vt -10.232065 1.457507
vt -10.294267 1.421595
vt -10.365000 1.434067
vt -10.411168 1.489088
vt -10.411168 1.560912
vt -10.365000 1.615933
vt -10.294267 1.628405
vt -10.232065 1.592493
vt -10.207500 1.525000
vt -9.893076 1.663518
vt -9.715000 1.875740
vt -9.442172 1.923847
vt -9.202252 1.785329
vt -9.107500 1.525000
vt -8.765000 1.434067
vt -8.811168 1.489088
vt -0.000000 -0.965167
vt -0.000000 -0.689405
vt -0.700000 -0.689405
vt -0.700000 -0.965167
vt 0.000000 0.329867
vt 0.000000 0.256563
vt 0.200000 0.256563
vt 0.200000 0.329867
vt -8.999315 0.868382
vt -9.494267 0.828405
vt -9.432065 0.792493
vt -8.928582 0.855910
vt 0.000000 -0.109956
vt -0.000000 -0.183260
vt 0.120000 -0.183260
vt 0.120000 -0.109956
vt 0.000000 -0.036652
vt 0.000000 -0.109956
vt 0.200000 -0.109956
vt 0.200000 -0.036652
vt -0.000000 0.183260
vt 0.000000 0.109956
vt 0.120000 0.109956
vt 0.120000 0.183260
vt 0.000000 -0.109956
vt 0.000000 -0.183260
vt 0.120000 -0.183260
vt 0.120000 -0.109956
vt -0.000000 -0.036652
vt 0.000000 -0.109956
vt 0.120000 -0.109956
vt 0.120000 -0.036652
vt 0.000000 -0.141372
vt 0.000000 -0.282743
vt 0.150000 -0.282743
vt 0.150000 -0.141372
vt 0.000000 -0.036652
vt 0.000000 -0.109956
vt 0.200000 -0.109956
vt 0.200000 -0.036652
vt 0.000000 -0.104720
vt 0.600000 -0.104720
vt 0.600000 0.000000
vt 0.000000 0.000000
vt 1.300000 0.218166
vt 1.300000 0.305433
vt -1.300000 0.305433
vt -1.300000 0.218166
vt -0.000000 -0.036652
vt 0.000000 -0.109956
vt 0.120000 -0.109956
vt 0.120000 -0.036652
vt -0.200000 4.081709
vt -0.200000 2.721139
vt -0.000000 2.721139
vt -0.000000 4.081709
vt -0.000000 0.164061
vt -0.000000 0.492183
vt -0.050000 0.492183
vt -0.050000 0.164061
vt -0.000000 0.000000
vt -0.000000 0.278104
vt -0.200000 0.278104
vt -0.200000 0.000000
vt -0.200000 2.721139
vt -0.200000 0.000000
vt -0.000000 0.000000
vt -0.000000 1.360570
vt -0.000000 2.721139
vt 0.000000 -0.256563
vt 0.000000 -0.329867
vt 0.200000 -0.329867
vt 0.200000 -0.256563
vt 1.900000 0.872665
vt -1.900000 0.872665
vt 0.000000 -0.164061
vt -0.050000 -0.164061
vt 0.000000 -0.109956
vt 0.000000 -0.183260
vt 0.200000 -0.183260
vt 0.200000 -0.109956
vt -0.270000 0.015605
vt -0.270000 -0.015605
vt -0.120000 -0.015605
vt -0.120000 0.015605
vt 0.000000 -0.036652
vt 0.000000 -0.109956
vt 0.200000 -0.109956
vt 0.200000 -0.036652
vt 0.000000 -0.036652
vt 0.000000 -0.109956
vt 0.200000 -0.109956
vt 0.200000 -0.036652
vt 0.000000 0.418879
vt -0.600000 0.418879
vt -0.600000 0.314159
vt 0.000000 0.314159
vt 0.000000 0.418879
vt -0.600000 0.418879
vt -0.600000 0.314159
vt 0.000000 0.314159
vt 0.000000 0.256563
vt 0.120000 0.256563
vt 0.000000 -0.036652
vt 0.000000 -0.109956
vt 0.120000 -0.109956
vt 0.120000 -0.036652
vt 0.000000 0.109956
vt 0.000000 0.036652
vt 0.120000 0.036652
vt 0.120000 0.109956
vt -0.270000 0.046816
vt -0.270000 0.015605
vt -0.120000 0.015605
vt -0.120000 0.046816
vt 0.000000 -0.109956
vt 0.200000 -0.109956
vt 0.000000 -0.282743
vt 0.000000 -0.424115
vt 0.150000 -0.424115
vt 0.150000 -0.282743
vt 0.000000 -0.109956
vt -0.000000 -0.183260
vt 0.200000 -0.183260
vt 0.200000 -0.109956
vt -0.270000 -1.943930
vt -0.000000 -2.042035
vt -0.120000 -1.825841
vt -0.270000 -1.825841
vt 0.000000 -0.424115
vt 0.000000 -0.565487
vt 0.150000 -0.565487
vt 0.150000 -0.424115
vt -0.000000 0.036652
vt -0.000000 -0.036652
vt 0.200000 -0.036652
vt 0.200000 0.036652
vt -0.000000 -0.183260
vt 0.000000 -0.256563
vt 0.120000 -0.256563
vt 0.120000 -0.183260
vt 0.270000 -0.046816
vt 0.270000 -0.015605
vt 0.120000 -0.015605
vt 0.120000 -0.046816
vt -0.000000 -0.183260
vt 0.000000 -0.256563
vt 0.200000 -0.256563
vt 0.200000 -0.183260
vt 0.000000 -0.109956
vt 0.200000 -0.109956
vt 0.000000 -0.424115
vt 0.150000 -0.424115
vt 0.000000 0.256563
vt 0.000000 0.183260
vt 0.120000 0.183260
vt 0.120000 0.256563
vt 0.270000 0.046816
vt 0.120000 0.046816
vt 0.000000 -0.109956
vt 0.200000 -0.109956
vt -0.000000 0.183260
vt 0.000000 0.109956
vt 0.200000 0.109956
vt 0.200000 0.183260
vt 0.270000 0.015605
vt 0.270000 0.046816
vt 0.120000 0.046816
vt 0.120000 0.015605
vt 0.000000 -0.418879
vt -0.600000 -0.418879
vt -0.600000 -0.523599
vt 0.000000 -0.523599
vt -0.182029 -0.243886
vt -0.069529 -0.325622
vt -0.018233 -0.215040
vt -0.080435 -0.179127
vt -0.105000 -0.111635
vt -1.900000 -0.174533
vt 1.900000 -0.174533
vt 1.900000 0.000000
vt -1.900000 0.000000
vt -0.000000 0.689405
vt -0.700000 0.689405
vt -0.000000 -0.036652
vt 0.000000 -0.109956
vt 0.200000 -0.109956
vt 0.200000 -0.036652
vt 0.000000 0.209440
vt -0.600000 0.209440
vt -0.600000 0.104720
vt 0.000000 0.104720
vt -0.000000 0.556208
vt -0.000000 0.834312
vt -0.200000 0.834312
vt -0.200000 0.556208
vt -0.000000 -0.183260
vt 0.200000 -0.183260
vt -0.000000 -5.289254
vt 0.200000 -5.289254
vt 0.200000 -4.369384
vt 0.000000 -4.369384
vt 0.000000 0.141372
vt 0.000000 -0.141372
vt 0.200000 -0.141372
vt 0.200000 0.141372
vt -0.000000 0.418879
vt 0.600000 0.418879
vt 0.600000 0.523599
vt 0.000000 0.523599
vt 9.627203 -2.055537
vt 9.684363 -1.987417
vt 9.011385 -0.218223
vt 9.355440 -2.169459
vt 9.491369 -2.405678
vt 9.747066 -2.499993
vt 10.003829 -2.408621
vt 10.142462 -2.173980
vt 10.348442 -0.829358
vt 9.771937 -1.971975
vt 9.848949 -2.016438
vt 9.879363 -2.100000
vt 9.848949 -2.183562
vt 9.771937 -2.228025
vt 9.684363 -2.212583
vt 9.627203 -2.144463
vt -0.200000 0.485228
vt -0.200000 0.161743
vt -0.000000 0.161743
vt -0.000000 0.485228
vt 0.000000 0.036652
vt 0.000000 -0.036652
vt 0.200000 -0.036652
vt 0.200000 0.036652
vt 0.000000 0.109956
vt -0.000000 0.036652
vt 0.120000 0.036652
vt 0.120000 0.109956
vt 0.000000 -0.109956
vt -0.000000 -0.183260
vt 0.200000 -0.183260
vt 0.200000 -0.109956
vt 0.000000 0.329867
vt -0.000000 0.256563
vt 0.120000 0.256563
vt 0.120000 0.329867
vt -0.000000 0.036652
vt -0.000000 -0.036652
vt 0.120000 -0.036652
vt 0.120000 0.036652
vt 0.000000 0.329867
vt 0.000000 0.256563
vt 0.200000 0.256563
vt 0.200000 0.329867
vt 0.000000 -0.282743
vt 0.150000 -0.282743
vt 0.000000 -0.329867
vt 0.200000 -0.329867
vt -0.000000 -0.183260
vt 0.120000 -0.183260
vt -10.176853 2.054773
vt -10.130685 1.999753
vt 0.000000 -0.183260
vt 0.000000 -0.256563
vt 0.200000 -0.256563
vt 0.200000 -0.183260
vt 0.000000 0.209440
vt 0.600000 0.209440
vt 0.600000 0.314159
vt -0.000000 0.314159
vt 10.462542 0.526156
vt 10.484236 1.886290
vt 10.396802 2.193996
vt 10.168573 2.418138
vt 9.859338 2.500000
vt -9.432065 2.392493
vt -9.407500 2.325000
vt -9.432065 2.257507
vt -8.999315 2.181618
vt -0.557226 2.083025
vt -0.480214 2.038562
vt -0.449800 1.955000
vt -0.480214 1.871438
vt 7.952003 1.204773
vt 8.650322 0.618814
vt 0.000000 0.329867
vt 0.000000 0.256563
vt 0.200000 0.256563
vt 0.200000 0.329867
vt 0.200000 -1.429425
vt 0.000000 -1.633628
vt 0.200000 -1.837832
vt 0.200000 1.837832
vt 0.000000 2.042035
vt -0.000000 1.633628
vt 0.200000 1.429425
vt -0.000000 1.225221
vt 0.200000 1.021018
vt 0.000000 0.816814
vt 0.200000 0.612611
vt 0.000000 0.408407
vt 0.200000 0.204204
vt 0.000000 0.000000
vt 0.200000 -0.204204
vt 0.000000 -0.408407
vt 0.200000 -0.612611
vt 0.000000 -0.816814
vt 0.200000 -1.021018
vt 0.000000 -1.225221
vt -0.000000 0.965167
vt -0.000000 1.240929
vt -0.700000 1.240929
vt -0.700000 0.965167
vt 0.000000 -0.256563
vt 0.000000 -0.329867
vt 0.120000 -0.329867
vt 0.120000 -0.256563
vt 0.000000 -0.424115
vt 0.000000 -0.565487
vt 0.150000 -0.565487
vt 0.150000 -0.424115
vt -0.000000 0.036652
vt -0.000000 -0.036652
vt 0.200000 -0.036652
vt 0.200000 0.036652
vt 0.000000 -0.314159
vt 0.600000 -0.314159
vt 0.600000 -0.209440
vt 0.000000 -0.209440
vt -1.900000 0.349066
vt 1.900000 0.349066
vt -0.841288 0.474780
vt -0.863222 0.453291
vt -0.911666 0.345674
vt -0.930915 0.289865
vt -0.930601 0.259160
vt -0.912399 0.234429
vt -0.883176 0.225000
vt -0.800000 0.225000
vt -0.667748 0.182029
vt -0.586012 0.069529
vt -0.586012 -0.069529
vt -0.667748 -0.182029
vt -0.800000 -0.225000
vt -0.883176 -0.225000
vt -0.912399 -0.234429
vt -0.930601 -0.259160
vt -0.930915 -0.289865
vt -0.911666 -0.345674
vt -0.863222 -0.453291
vt -0.841288 -0.474780
vt -0.810930 -0.479397
vt -0.783599 -0.465401
vt -0.724784 -0.406586
vt -0.600883 -0.343456
vt -0.463538 -0.365209
vt -0.365209 -0.463538
vt -0.343456 -0.600883
vt -0.406586 -0.724784
vt -0.465401 -0.783599
vt -0.479397 -0.810930
vt -0.474780 -0.841288
vt -0.453291 -0.863222
vt -0.400216 -0.889074
vt -0.289865 -0.930915
vt -0.259160 -0.930601
vt -0.234429 -0.912399
vt -0.225000 -0.883176
vt -0.225000 -0.800000
vt -0.182029 -0.667748
vt -0.069529 -0.586012
vt 0.069529 -0.586012
vt 0.081615 -0.462860
vt -0.235000 -0.407032
vt -0.441656 -0.160749
vt -0.441656 0.160749
vt -0.235000 0.407032
vt 0.081615 0.462860
vt 0.365209 0.463538
vt 0.343456 0.600883
vt 0.406586 0.724784
vt 0.465401 0.783599
vt 0.479397 0.810930
vt 0.474780 0.841288
vt 0.453291 0.863222
vt 0.400216 0.889074
vt 0.289865 0.930915
vt 0.259160 0.930601
vt 0.234429 0.912399
vt 0.225000 0.883176
vt 0.225000 0.800000
vt 0.182029 0.667748
vt 0.069529 0.586012
vt -0.069529 0.586012
vt -0.182029 0.667748
vt -0.225000 0.800000
vt -0.225000 0.883176
vt -0.234429 0.912399
vt -0.259160 0.930601
vt -0.289865 0.930915
vt -0.400216 0.889074
vt -0.453291 0.863222
vt -0.474780 0.841288
vt -0.479397 0.810930
vt -0.465401 0.783599
vt -0.406586 0.724784
vt -0.343456 0.600883
vt -0.365209 0.463538
vt -0.463538 0.365209
vt -0.600883 0.343456
vt -0.724784 0.406586
vt -0.783599 0.465401
vt -0.810930 0.479397
vt -0.000000 -0.256563
vt 0.000000 -0.329867
vt 0.200000 -0.329867
vt 0.200000 -0.256563
vt 0.000000 -0.141372
vt 0.150000 -0.141372
vt 0.150000 0.000000
vt -0.223269 0.150000
vt -0.223269 0.000000
vt -0.140093 0.000000
vt -0.140093 0.150000
vt 0.000000 0.000000
vt 0.000000 -0.141372
vt 0.150000 -0.141372
vt 0.150000 0.000000
vt -0.200000 -4.167857
vt -0.200000 -4.820607
vt -0.000000 -4.820607
vt -0.000000 -4.167857
vt 8.866380 2.023193
vt 8.841815 2.090685
vt 8.866380 2.158178
vt 8.928582 2.194090
vt 9.432065 2.257507
vt 9.407500 2.325000
vt 9.432065 2.392493
vt 9.512500 2.500000
vt -9.859338 2.500000
vt 0.557226 2.083025
vt 0.644800 2.067583
vt 0.701960 1.999463
vt 0.701960 1.910537
vt 0.644800 1.842417
vt 3.880011 1.320881
vt 6.609490 1.038966
vt 8.928582 0.855910
vt 8.866380 0.891822
vt 8.841815 0.959315
vt 8.866380 1.026807
vt 8.928582 1.062719
vt 8.999315 1.050247
vt 9.045482 0.995227
vt 9.045482 0.923402
vt 9.614084 0.948887
vt 9.220000 1.018375
vt 8.962780 1.324918
vt 8.765000 1.434067
vt 8.694267 1.421595
vt 8.632065 1.457507
vt 8.607500 1.525000
vt 8.632065 1.592493
vt 8.694267 1.628405
vt 8.765000 1.615933
vt 8.962780 1.725082
vt 9.220000 2.031625
vt 9.614084 2.101113
vt 9.960636 1.901031
vt 10.097500 1.525000
vt 10.207500 1.525000
vt 10.232065 1.592493
vt 10.294267 1.628405
vt 10.365000 1.615933
vt 10.411168 1.560912
vt 10.411168 1.489088
vt 10.365000 1.434067
vt 10.294267 1.421595
vt 10.395601 1.111771
vt 10.461418 1.749008
vt 10.117569 2.289537
vt 10.176853 2.126598
vt 10.176853 2.054773
vt 10.130685 1.999753
vt 10.059952 1.987281
vt 9.997751 2.023193
vt 9.973185 2.090685
vt 9.997751 2.158178
vt 10.059952 2.194090
vt 9.565000 2.234067
vt 9.494267 2.221595
vt 8.999315 2.181618
vt 9.045482 2.126598
vt 9.045482 2.054773
vt 8.999315 1.999753
vt 8.928582 1.987281
vt 0.000000 0.109956
vt 0.200000 0.109956
vt 0.000000 -0.136136
vt 0.000000 -0.226893
vt 0.200000 -0.226893
vt 0.200000 -0.136136
vt -0.000000 0.000000
vt 0.000000 0.150000
vt -0.083176 0.150000
vt -0.083176 0.000000
vt 9.997751 1.026807
vt 10.059952 1.062719
vt 9.960636 1.148969
vt 9.997751 0.891822
vt 9.973185 0.959315
vt -0.000000 0.183260
vt 0.120000 0.183260
vt 0.000000 0.256563
vt 0.000000 0.183260
vt 0.200000 0.183260
vt 0.200000 0.256563
vt 9.313220 0.570583
vt 9.432065 0.657507
vt 9.407500 0.725000
vt 9.432065 0.792493
vt 9.494267 0.828405
vt 8.999315 0.868382
vt 0.000000 0.000000
vt 0.150000 0.000000
vt -0.000000 0.556208
vt -0.000000 0.834312
vt -0.200000 0.834312
vt -0.200000 0.556208
vt 0.000000 0.256563
vt -0.000000 0.183260
vt 0.200000 0.183260
vt 0.200000 0.256563
vt 8.811168 1.560912
vt 8.811168 1.489088
vt 0.000000 0.329867
vt 0.200000 0.329867
vt 0.000000 -0.136136
vt 0.200000 -0.136136
vt 0.000000 -0.329867
vt 0.200000 -0.329867
vt -0.000000 -0.183260
vt 0.200000 -0.183260
vt -1.900000 0.698132
vt 1.900000 0.698132
vt 1.900000 0.872665
vt -1.900000 0.872665
vt 0.000000 -0.256563
vt 0.120000 -0.256563
vt -0.223269 0.150000
vt -0.223269 0.000000
vt -0.140093 0.000000
vt -0.140093 0.150000
vt 1.300000 -0.043633
vt -1.300000 -0.043633
vt 0.270000 0.015605
vt 0.270000 0.046816
vt 0.120000 0.046816
vt 0.120000 0.015605
vt 0.000000 0.329867
vt 0.000000 0.256563
vt 0.120000 0.256563
vt 0.120000 0.329867
vt -0.223269 0.150000
vt -0.223269 0.000000
vt -0.140093 0.000000
vt -0.140093 0.150000
vt -0.000000 0.036652
vt -0.000000 -0.036652
vt 0.200000 -0.036652
vt 0.200000 0.036652
vt 0.095756 -0.080348
vt 0.021706 -0.123101
vt -0.062500 -0.108253
vt -0.117462 -0.042753
vt -0.075000 -0.129904
vt 0.026047 -0.147721
vt 0.114907 -0.096418
vt 0.150000 0.000000
vt 0.114907 0.096418
vt 0.026047 0.147721
vt -0.075000 0.129904
vt -0.117462 0.042753
vt -0.062500 0.108253
vt 0.021706 0.123101
vt 0.095756 0.080348
vt 0.125000 0.000000
vt -0.000000 -0.183260
vt -0.000000 -0.256563
vt 0.120000 -0.256563
vt 0.120000 -0.183260
vt -0.000000 0.314159
vt 0.600000 0.314159
vt 0.600000 0.418879
vt -0.000000 0.418879
vt 0.270000 0.015605
vt 0.270000 0.046816
vt 0.120000 0.046816
vt 0.120000 0.015605
vt 0.000000 -0.104720
vt -0.600000 -0.104720
vt -0.600000 -0.209440
vt 0.000000 -0.209440
vt 1.300000 -0.305433
vt -1.300000 -0.305433
vt 0.000000 0.183260
vt 0.200000 0.183260
vt -0.270000 -0.015605
vt -0.270000 -0.046816
vt -0.120000 -0.046816
vt -0.120000 -0.015605
vt 0.000000 0.256563
vt -0.000000 0.183260
vt 0.200000 0.183260
vt 0.200000 0.256563
vt -0.200000 -3.515108
vt -0.000000 -3.515108
vt -0.270000 -0.015605
vt -0.270000 -0.046816
vt -0.120000 -0.046816
vt -0.120000 -0.015605
vt 0.000000 0.036652
vt 0.120000 0.036652
vt 0.000000 0.109956
vt 0.000000 0.036652
vt 0.200000 0.036652
vt 0.200000 0.109956
vt 0.270000 -0.046816
vt 0.120000 -0.046816
vt -0.000000 0.036652
vt 0.200000 0.036652
vt 0.000000 0.329867
vt 0.200000 0.329867
vt 0.000000 -0.109956
vt 0.120000 -0.109956
vt 0.000000 -0.329867
vt 0.120000 -0.329867
vt -0.270000 -0.046816
vt -0.120000 -0.046816
vt 0.000000 0.109956
vt 0.200000 0.109956
vt 0.000000 -0.036652
vt 0.000000 -0.109956
vt 0.200000 -0.109956
vt 0.200000 -0.036652
vt 0.000000 -0.492183
vt -0.050000 -0.492183
vt 0.000000 -0.109956
vt 0.200000 -0.109956
vt -0.000000 0.183260
vt 0.000000 0.109956
vt 0.120000 0.109956
vt 0.120000 0.183260
vt 1.300000 -0.043633
vt 1.300000 0.043633
vt -1.300000 0.043633
vt -1.300000 -0.043633
vt -0.200000 4.081709
vt -0.000000 4.081709
vt 0.000000 -0.183260
vt 0.000000 -0.256563
vt 0.200000 -0.256563
vt 0.200000 -0.183260
vt -0.000000 0.036652
vt 0.200000 0.036652
vt 0.000000 0.109956
vt 0.120000 0.109956
vt 0.000000 0.036652
vt 0.200000 0.036652
vt 0.000000 0.036652
vt 0.200000 0.036652
vt 9.893076 1.663518
vt 9.893076 1.386482
vt 10.207500 1.525000
vt 10.232065 1.592493
vt -8.928582 2.194090
vt -8.866380 2.158178
vt -0.644800 2.067583
vt -0.557226 2.083025
vt -0.480214 2.038562
vt 9.859338 2.500000
vt -9.512500 2.500000
vt -9.432065 2.392493
vt -9.407500 2.325000
vt -9.432065 2.257507
vt -9.494267 2.221595
vt -8.999315 2.181618
vt -0.000000 0.820305
vt -0.050000 0.820305
vt -0.223269 0.150000
vt -0.223269 0.000000
vt -0.140093 0.000000
vt -0.140093 0.150000
vt 1.300000 0.305433
vt 1.300000 0.392699
vt -1.300000 0.392699
vt -1.300000 0.305433
vt 0.000000 -0.424115
vt 0.000000 -0.565487
vt 0.150000 -0.565487
vt 0.150000 -0.424115
vt 0.000000 0.109956
vt 0.000000 0.036652
vt 0.200000 0.036652
vt 0.200000 0.109956
vt 0.000000 -0.256563
vt 0.000000 -0.329867
vt 0.200000 -0.329867
vt 0.200000 -0.256563
vt -0.000000 -0.183260
vt -0.000000 -0.256563
vt 0.200000 -0.256563
vt 0.200000 -0.183260
vt 0.000000 0.109956
vt 0.200000 0.109956
vt 0.000000 -0.256563
vt 0.200000 -0.256563
vt 0.000000 -0.109956
vt 0.200000 -0.109956
vt 0.000000 -0.413643
vt 0.000000 -0.137881
vt -0.700000 -0.137881
vt -0.700000 -0.413643
vt -0.000000 -0.317650
vt 0.200000 -0.317650
vt 0.000000 -0.256563
vt 0.000000 -0.329867
vt 0.200000 -0.329867
vt 0.200000 -0.256563
vt -1.900000 -0.523599
vt 1.900000 -0.523599
vt 1.900000 -0.349066
vt -1.900000 -0.349066
vt 0.000000 0.183260
vt 0.000000 0.109956
vt 0.120000 0.109956
vt 0.120000 0.183260
vt -0.270000 0.046816
vt -0.120000 0.046816
vt 0.000000 -0.282743
vt 0.150000 -0.282743
vt 0.000000 0.329867
vt 0.120000 0.329867
vt -0.000000 0.183260
vt 0.200000 0.183260
vt 0.000000 -0.036652
vt 0.120000 -0.036652
vt 0.000000 -0.036652
vt 0.200000 -0.036652
vt -0.000000 -0.820305
vt -0.050000 -0.820305
vt -0.000000 -0.256563
vt 0.000000 -0.329867
vt 0.120000 -0.329867
vt 0.120000 -0.256563
vt 0.000000 -0.141372
vt 0.150000 -0.141372
vt 0.000000 0.109956
vt 0.200000 0.109956
vt 0.270000 -0.046816
vt 0.270000 -0.015605
vt 0.120000 -0.015605
vt 0.120000 -0.046816
vt 0.000000 -0.226893
vt 0.000000 -0.317650
vt 0.200000 -0.317650
vt 0.200000 -0.226893
vt 0.200000 117.430092
vt 0.200000 120.174629
vt 0.200000 122.919167
vt 0.000000 122.919167
vt 0.000000 120.174629
vt 0.000000 117.430092
vt -1.900000 0.349066
vt 1.900000 0.349066
vt 1.900000 0.523599
vt -1.900000 0.523599
vt 0.000000 0.109956
vt 0.200000 0.109956
vt -8.765000 1.434067
vt -8.811168 1.489088
vt -8.811168 1.560912
vt -8.765000 1.615933
vt -8.927500 1.525000
vt -9.064364 1.148969
vt -8.999315 1.050247
vt -8.928582 1.062719
vt -6.609490 1.038966
vt -8.607500 1.525000
vt -8.632065 1.457507
vt -8.694267 1.421595
vt 0.000000 -0.418879
vt 0.600000 -0.418879
vt 1.300000 -0.218166
vt 1.300000 -0.130900
vt -1.300000 -0.130900
vt -1.300000 -0.218166
vt 0.000000 0.036652
vt 0.120000 0.036652
vt -0.000000 -0.136136
vt 0.200000 -0.136136
vt 0.000000 0.329867
vt 0.200000 0.329867
vt 0.000000 -0.329867
vt 0.200000 -0.329867
vt -10.232065 1.457507
vt -10.294267 1.421595
vt -10.365000 1.434067
vt -10.411168 1.489088
vt -10.411168 1.560912
vt -10.365000 1.615933
vt -10.294267 1.628405
vt -10.232065 1.592493
vt -10.062220 1.725082
vt -10.059952 1.987281
vt -10.130685 1.999753
vt -10.176853 2.054773
vt -10.176853 2.126598
vt -10.130685 2.181618
vt -10.059952 2.194090
vt -9.997751 2.158178
vt -9.973185 2.090685
vt -9.997751 2.023193
vt -9.805000 2.031625
vt -9.410916 2.101113
vt -9.064364 1.901031
vt -8.694267 1.628405
vt -8.632065 1.592493
vt -3.880011 1.320881
vt 7.064985 1.415000
vt 7.952003 1.204773
vt 8.650322 0.618814
vt 9.011385 -0.218223
vt 9.355440 -2.169459
vt 9.627203 -2.144463
vt 9.627203 -2.055537
vt 9.684363 -1.987417
vt 9.771937 -1.971975
vt 9.848949 -2.016438
vt 10.142462 -2.173980
vt 10.462542 0.526156
vt 10.484236 1.886290
vt 10.396802 2.193996
vt 10.168573 2.418138
vt -0.449800 1.955000
vt -0.480214 1.871438
vt -0.557226 1.826975
vt -0.644800 1.842417
vt -0.701960 1.910537
vt -0.701960 1.999463
vt -8.841815 2.090685
vt -8.866380 2.023193
vt -8.928582 1.987281
vt -8.999315 1.999753
vt -9.045482 2.054773
vt -9.045482 2.126598
vt -9.565000 2.234067
vt -9.611168 2.289088
vt -9.611168 2.360912
vt -9.565000 2.415933
vt -9.494267 2.428405
vt -10.117569 2.289537
vt -10.461418 1.749008
vt -10.395601 1.111771
vt -10.176853 0.995227
vt -10.130685 1.050247
vt -10.059952 1.062719
vt -9.805000 1.018375
vt -10.062220 1.324918
vt -10.207500 1.525000
vt 0.000000 -0.183260
vt 0.200000 -0.183260
vt 0.000000 -0.256563
vt 0.000000 -0.329867
vt 0.200000 -0.329867
vt 0.200000 -0.256563
vt -9.045482 0.995227
vt -9.410916 0.948887
vt -9.997751 1.026807
vt -9.973185 0.959315
vt -9.997751 0.891822
vt -10.059952 0.855910
vt -10.130685 0.868382
vt -10.176853 0.923402
vt -9.948532 0.652933
vt -9.313220 0.570583
vt -8.866380 1.026807
vt -8.841815 0.959315
vt -8.866380 0.891822
vt -9.407500 0.725000
vt -9.432065 0.657507
vt -9.494267 0.621595
vt -9.565000 0.634067
vt -9.611168 0.689088
vt -9.611168 0.760912
vt -9.565000 0.815933
vt -9.045482 0.923402
vt -0.000000 -0.045379
vt 0.200000 -0.045379
vt 9.879363 -2.100000
vt 9.848949 -2.183562
vt 9.771937 -2.228025
vt 9.684363 -2.212583
vt 9.491369 -2.405678
vt 9.747066 -2.499993
vt 10.003829 -2.408621
vt 10.130685 2.181618
vt 9.494267 2.428405
vt 9.565000 2.415933
vt 9.611168 2.360912
vt 9.611168 2.289088
vt -0.270000 0.046816
vt -0.120000 0.046816
vt 0.000000 -0.282743
vt 0.000000 -0.424115
vt 0.150000 -0.424115
vt 0.150000 -0.282743
vt 1.900000 0.174533
vt -1.900000 0.174533
vt 8.841815 2.090685
vt 8.866380 2.158178
vt 8.928582 2.194090
vt 0.644800 2.067583
vt 0.701960 1.999463
vt 3.880011 1.320881
vt 8.632065 1.592493
vt 8.694267 1.628405
vt 8.765000 1.615933
vt 8.811168 1.560912
vt 9.107500 1.525000
vt 9.202252 1.785329
vt 8.928582 1.987281
vt 8.866380 2.023193
vt 0.912399 0.234429
vt 0.930601 0.259160
vt 0.930915 0.289865
vt 0.889074 0.400216
vt 0.863222 0.453291
vt 0.841288 0.474780
vt 0.810930 0.479397
vt 0.783599 0.465401
vt 0.724784 0.406586
vt 0.600883 0.343456
vt 0.463538 0.365209
vt 0.360041 0.302110
vt 0.470000 0.000000
vt 0.360041 -0.302110
vt 0.182029 -0.667748
vt 0.225000 -0.800000
vt 0.225000 -0.883176
vt 0.234429 -0.912399
vt 0.259160 -0.930601
vt 0.289865 -0.930915
vt 0.400216 -0.889074
vt 0.453291 -0.863222
vt 0.474780 -0.841288
vt 0.479397 -0.810930
vt 0.465401 -0.783599
vt 0.406586 -0.724784
vt 0.343456 -0.600883
vt 0.365209 -0.463538
vt 0.463538 -0.365209
vt 0.600883 -0.343456
vt 0.724784 -0.406586
vt 0.783599 -0.465401
vt 0.810930 -0.479397
vt 0.841288 -0.474780
vt 0.863222 -0.453291
vt 0.889074 -0.400216
vt 0.930915 -0.289865
vt 0.930601 -0.259160
vt 0.912399 -0.234429
vt 0.883176 -0.225000
vt 0.800000 -0.225000
vt 0.667748 -0.182029
vt 0.586012 -0.069529
vt 0.586012 0.069529
vt 0.667748 0.182029
vt 0.800000 0.225000
vt 0.883176 0.225000
vt -0.000000 0.000000
vt -0.000000 0.150000
vt -0.083176 0.150000
vt -0.083176 0.000000
vt 1.020000 -0.305433
vt 0.000000 -0.349066
vt 1.020000 -0.392699
vt 1.020000 0.392699
vt 0.000000 0.436332
vt 0.000000 0.349066
vt 1.020000 0.305433
vt 0.000000 0.261799
vt 1.020000 0.218166
vt 0.000000 0.174533
vt 1.020000 0.130900
vt 0.000000 0.087266
vt 1.020000 0.043633
vt 0.000000 0.000000
vt 1.020000 -0.043633
vt 0.000000 -0.087266
vt 1.020000 -0.130900
vt 0.000000 -0.174533
vt 1.020000 -0.218166
vt 0.000000 -0.261799
vt -0.097939 0.058434
vt -0.289865 0.019281
vt -0.259160 0.018966
vt -0.234429 0.000765
vt -0.225000 -0.028459
vt -0.225000 -0.111635
vt -0.182029 -0.243886
vt -0.103405 -0.129868
vt -0.090933 -0.059135
vt -0.035912 -0.012967
vt 0.035912 -0.012967
vt 0.090933 -0.059135
vt 0.103405 -0.129868
vt 0.067493 -0.192069
vt 0.182029 -0.243886
vt 0.225000 -0.111635
vt 0.225000 -0.028459
vt 0.234429 0.000765
vt 0.259160 0.018966
vt 0.289865 0.019281
vt 0.097939 0.058434
vt -0.000000 -0.408407
vt 0.200000 -0.408407
vt -0.120000 0.863868
vt -0.000000 0.680678
vt -0.120000 1.060077
vt -0.000000 1.361357
vt -0.120000 1.237212
vt -0.120000 1.433422
vt -0.120000 1.629631
vt 0.062500 0.108253
vt 0.117462 0.042753
vt 0.140954 0.051303
vt 0.075000 0.129904
vt -0.026047 0.147721
vt -0.095756 0.080348
vt -0.021706 0.123101
vt -0.270000 1.237212
vt -0.270000 1.119122
vt -0.270000 1.060077
vt -0.120000 0.667658
vt -0.120000 0.471449
vt -0.120000 0.294314
vt -0.000000 -0.408407
vt 0.200000 -0.408407
vt -0.270000 -1.119122
vt -0.270000 -1.237212
vt -0.120000 -1.237212
vt -0.120000 -1.060077
vt -0.270000 -1.060077
vt -0.000000 0.000000
vt -0.120000 0.098105
vt -0.120000 -0.098105
vt -0.120000 -0.294314
vt -0.000000 -0.680678
vt -0.120000 -0.471449
vt -0.120000 -0.667658
vt -0.270000 0.412404
vt -0.270000 0.294314
vt -0.270000 0.471449
vt -0.120000 -0.863868
vt -0.000000 -1.361357
vt -0.120000 -1.433422
vt -0.120000 -1.629631
vt -0.000000 0.000000
vt -0.000000 0.278104
vt -0.200000 0.278104
vt -0.200000 0.000000
vt -0.000000 2.042035
vt -0.120000 1.825841
vt -0.270000 -2.768739
vt -0.120000 -2.768739
vt -0.000000 -2.722714
vt -0.270000 -2.709694
vt -0.270000 1.943930
vt -0.270000 1.825841
vt -0.120000 2.002975
vt -0.270000 2.002975
vt -0.270000 -2.002975
vt -0.120000 -2.002975
vt -0.120000 -2.199185
vt -0.120000 -2.395394
vt -0.120000 -2.591604
vt 13.377485 0.000000
vt 13.377485 0.200000
vt 0.000000 122.919167
vt 0.200000 122.919167
vt -0.270000 2.768739
vt -0.270000 2.709694
vt -0.000000 2.722714
vt -0.120000 2.768739
vt -0.120000 -2.964948
vt -0.120000 2.964948
vt -0.270000 2.591604
vt -0.120000 2.591604
vt -0.120000 2.395394
vt -0.270000 -2.591604
vt -0.120000 2.199185
vt -0.200000 1.360570
vt -0.200000 0.000000
vt 0.000000 0.000000
vt -0.000000 -0.282743
vt 0.150000 -0.282743
vt -0.270000 -0.294314
vt -0.270000 -0.412404
vt -0.270000 -0.471449
vt 0.270000 0.015605
vt 0.270000 0.046816
vt 0.120000 0.046816
vt 0.120000 0.015605
vt 0.000000 -0.226893
vt 0.200000 -0.226893
vt 0.097939 0.058434
vt 0.067493 -0.031200
vt 0.103405 -0.093402
vt 0.090933 -0.164135
vt 0.035912 -0.210302
vt -0.069529 -0.325622
vt 0.069529 -0.325622
vt 0.182029 -0.243886
vt 0.225000 -0.111635
vt 0.225000 -0.028459
vt 0.234429 0.000765
vt 0.259160 0.018966
vt 0.289865 0.019281
vt 0.200000 -6.209124
vt 0.000000 -6.209124
vt 0.000000 -0.565487
vt 0.150000 -0.565487
vt -0.000000 0.183260
vt 0.000000 0.109956
vt 0.200000 0.109956
vt 0.200000 0.183260
vt -1.900000 -0.698132
vt 1.900000 -0.698132
vt 0.000000 0.109956
vt 0.120000 0.109956
vt -0.120000 -3.161158
vt 0.000000 -3.403392
vt 0.600000 0.523599
vt 0.000000 0.523599
vt -0.200000 0.161743
vt -0.200000 -0.161743
vt -0.000000 -0.161743
vt -0.000000 0.161743
vt 0.000000 0.329867
vt 0.000000 0.256563
vt 0.200000 0.256563
vt 0.200000 0.329867
vt -0.150000 0.000000
vt -0.114907 -0.096418
vt -0.026047 -0.147721
vt -0.021706 -0.123101
vt -0.095756 -0.080348
vt -0.125000 -0.000000
vt -0.095756 0.080348
vt -0.021706 0.123101
vt 0.062500 0.108253
vt 0.117462 0.042753
vt 0.117462 -0.042753
vt 0.075000 -0.129904
vt 0.140954 -0.051303
vt 0.140954 0.051303
vt 0.075000 0.129904
vt -0.026047 0.147721
vt -0.114907 0.096418
vt 0.270000 -0.046816
vt 0.270000 -0.015605
vt 0.120000 -0.015605
vt 0.120000 -0.046816
vt 0.000000 -0.329867
vt 0.120000 -0.329867
vt -0.000000 -0.256563
vt 0.000000 -0.329867
vt 0.200000 -0.329867
vt 0.200000 -0.256563
vt -0.270000 0.015605
vt -0.270000 -0.015605
vt -0.120000 -0.015605
vt -0.120000 0.015605
vt -0.223269 0.150000
vt -0.223269 0.000000
vt -0.140093 0.000000
vt -0.140093 0.150000
vt -1.900000 -0.349066
vt 1.900000 -0.349066
vt 0.000000 -0.424115
vt 0.150000 -0.424115
vt 0.000000 -0.256563
vt 0.000000 -0.329867
vt 0.120000 -0.329867
vt 0.120000 -0.256563
vt -0.140954 0.051303
vt -0.075000 0.129904
vt 0.043412 0.246202
vt -0.125000 0.216506
vt -0.234923 0.085505
vt -0.234923 -0.085505
vt -0.125000 -0.216506
vt 0.043412 -0.246202
vt 0.191511 -0.160697
vt 0.250000 0.000000
vt 0.191511 0.160697
vt 0.114907 0.096418
vt 0.150000 0.000000
vt 0.114907 -0.096418
vt 0.026047 -0.147721
vt -0.075000 -0.129904
vt -0.140954 -0.051303
vt 0.000000 -0.282743
vt 0.000000 -0.424115
vt 0.150000 -0.424115
vt 0.150000 -0.282743
vt 0.270000 -0.046816
vt 0.270000 -0.015605
vt 0.120000 -0.015605
vt 0.120000 -0.046816
vt 0.000000 -0.209440
vt 0.600000 -0.209440
vt 0.000000 0.136136
vt 0.200000 0.136136
vt 0.000000 -0.209440
vt -0.600000 -0.209440
vt -0.600000 -0.314159
vt 0.000000 -0.314159
vt 0.000000 -3.449513
vt 0.200000 -3.449513
vt -0.000000 -0.183260
vt 0.120000 -0.183260
vt -0.000000 0.183260
vt 0.120000 0.183260
vt -0.000000 0.183260
vt 0.200000 0.183260
vt -0.600000 -0.314159
vt 0.000000 -0.314159
vt 0.150000 -0.000000
vt -0.200000 -5.473356
vt -0.200000 -6.126106
vt -0.000000 -6.126106
vt -0.000000 -5.473356
vt 0.234429 0.000765
vt 0.259160 0.018966
vt 0.289865 0.019281
vt 0.000000 0.036652
vt 0.200000 0.036652
vt 0.000000 -0.706858
vt 0.150000 -0.706858
vt 1.900000 0.174533
vt -1.900000 0.174533
vt -0.000000 -0.036652
vt 0.120000 -0.036652
vt 0.000000 -0.989602
vt 0.000000 -1.272345
vt 0.200000 -1.272345
vt 0.200000 -0.989602
vt 0.270000 -0.046816
vt 0.120000 -0.046816
vt 0.000000 -0.408407
vt 0.200000 -0.408407
vt 1.300000 -0.392699
vt 1.300000 -0.305433
vt -1.300000 -0.305433
vt -1.300000 -0.392699
vt 10.130685 0.868382
vt 10.059952 0.855910
vt 9.565000 0.815933
vt 9.611168 0.760912
vt 9.611168 0.689088
vt 9.565000 0.634067
vt 9.494267 0.621595
vt 9.432065 0.657507
vt 9.407500 0.725000
vt 9.432065 0.792493
vt 9.494267 0.828405
vt 9.045482 0.923402
vt 8.999315 0.868382
vt 8.928582 0.855910
vt 8.866380 0.891822
vt 6.609490 1.038966
vt 9.313220 0.570583
vt 9.948532 0.652933
vt 10.395601 1.111771
vt 10.130685 1.050247
vt 10.176853 0.995227
vt 10.176853 0.923402
vt -0.000000 -0.045379
vt -0.000000 -0.136136
vt 0.200000 -0.136136
vt 0.200000 -0.045379
vt 0.000000 -3.449513
vt 0.200000 -3.449513
vt -0.000000 0.150000
vt -0.083176 0.150000
vt -0.083176 0.000000
vt 0.000000 -0.329867
vt 0.200000 -0.329867
vt -0.270000 -0.046816
vt -0.120000 -0.046816
vt 0.600000 0.104720
vt 0.000000 0.104720
vt -0.000000 -0.183260
vt 0.200000 -0.183260
vt 0.270000 0.015605
vt 0.270000 0.046816
vt 0.120000 0.046816
vt 0.120000 0.015605
vt -0.000000 0.183260
vt 0.200000 0.183260
vt 0.000000 -0.141372
vt 0.150000 -0.141372
vt -0.270000 0.015605
vt -0.270000 -0.015605
vt -0.120000 -0.015605
vt -0.120000 0.015605
vt -0.270000 0.015605
vt -0.120000 0.015605
vt 1.300000 -0.392699
vt -1.300000 -0.392699
vt 0.234429 0.000765
vt 0.259160 0.018966
vt 0.289865 0.019281
vt 0.097939 0.058434
vt -0.097939 0.058434
vt -0.289865 0.019281
vt -0.259160 0.018966
vt -0.234429 0.000765
vt -0.225000 -0.028459
vt -0.225000 -0.111635
vt -0.182029 -0.243886
vt -0.069529 -0.325622
vt -0.027176 -0.213057
vt -0.086011 -0.171860
vt -0.104600 -0.102483
vt -0.074246 -0.037389
vt -0.009151 -0.007034
vt 0.060226 -0.025624
vt 0.101422 -0.084459
vt 0.095162 -0.156010
vt 0.044375 -0.206797
vt 0.069529 -0.325622
vt 0.182029 -0.243886
vt 0.225000 -0.111635
vt 0.225000 -0.028459
vt 10.130685 1.050247
vt 10.176853 0.995227
vt 10.176853 0.923402
vt 10.130685 0.868382
vt 10.059952 0.855910
vt 9.565000 0.815933
vt 9.611168 0.760912
vt 9.611168 0.689088
vt 9.565000 0.634067
vt 9.494267 0.621595
vt 9.948532 0.652933
vt 10.232065 1.457507
vt -0.000000 0.045379
vt 0.200000 0.045379
vt -0.000000 -0.183260
vt 0.200000 -0.183260
vt 0.000000 -0.036652
vt 0.120000 -0.036652
vt 0.000000 -0.256563
vt 0.200000 -0.256563
vt 0.069529 -0.325622
vt 0.182029 -0.243886
vt 0.225000 -0.111635
vt 0.225000 -0.028459
vt 0.234429 0.000765
vt 0.259160 0.018966
vt 0.289865 0.019281
vt 0.097939 0.058434
vt -0.097939 0.058434
vt -0.289865 0.019281
vt -0.259160 0.018966
vt -0.234429 0.000765
vt -0.225000 -0.028459
vt -0.225000 -0.111635
vt -0.080435 -0.044142
vt -0.018233 -0.008230
vt 0.052500 -0.020702
vt 0.098668 -0.075723
vt 0.098668 -0.147547
vt 0.052500 -0.202567
vt -0.000000 1.112416
vt -0.200000 1.112416
vt 0.000000 -0.045379
vt 0.200000 -0.045379
vt 0.026047 0.147721
vt -0.000000 0.150000
vt -0.083176 0.150000
vt -0.083176 0.000000
vt -0.200000 -0.161743
vt -0.200000 -0.485228
vt -0.000000 -0.485228
vt -0.000000 -0.161743
vt -0.000000 0.036652
vt 0.120000 0.036652
vt -7.064985 1.415000
vt 0.701960 1.910537
vt 0.644800 1.842417
vt 0.557226 1.826975
vt 0.480214 1.871438
vt 0.449800 1.955000
vt 0.480214 2.038562
vt 0.557226 2.083025
vt 8.999315 2.181618
vt 9.494267 2.221595
vt 9.432065 2.257507
vt 9.407500 2.325000
vt 9.432065 2.392493
vt 9.512500 2.500000
vt -9.859338 2.500000
vt -10.168573 2.418138
vt -10.396802 2.193996
vt -10.484236 1.886290
vt -10.462542 0.526156
vt -9.879363 -2.100000
vt -9.848949 -2.016438
vt -9.771937 -1.971975
vt -9.684363 -1.987417
vt -9.627203 -2.055537
vt -9.011385 -0.218223
vt -8.650322 0.618814
vt -7.952003 1.204773
vt 1.981337 0.000000
vt 1.981337 0.200000
vt 0.000000 0.200000
vt 0.000000 0.000000
vt -0.200000 -5.473356
vt -0.200000 -6.126106
vt -0.000000 -6.126106
vt -0.000000 -5.473356
vt 0.000000 0.329867
vt -0.000000 0.256563
vt 0.200000 0.256563
vt 0.200000 0.329867
vt -0.000000 -0.183260
vt 0.200000 -0.183260
vt -0.026047 0.147721
vt 0.075000 0.129904
vt 0.125000 0.216506
vt -0.043412 0.246202
vt -0.191511 0.160697
vt -0.114907 0.096418
vt 0.000000 -0.418879
vt -0.600000 -0.418879
vt -0.600000 -0.523599
vt 0.000000 -0.523599
vt 0.200000 -6.209124
vt 0.000000 -6.209124
vt 0.000000 0.408407
vt 0.000000 0.317650
vt 0.200000 0.317650
vt 0.200000 0.408407
vt 0.000000 -0.141372
vt 0.000000 -0.282743
vt 0.150000 -0.282743
vt 0.150000 -0.141372
vt -0.270000 -0.046816
vt -0.120000 -0.046816
vt 0.000000 0.109956
vt 0.200000 0.109956
vt 0.000000 0.256563
vt -0.000000 0.183260
vt 0.120000 0.183260
vt 0.120000 0.256563
vt 0.000000 -0.329867
vt 0.200000 -0.329867
vt -0.067493 -0.192069
vt -0.069529 -0.325622
vt 0.069529 -0.325622
vt 0.000000 -0.216635
vt -0.200000 -4.167857
vt -0.200000 -4.820607
vt -0.000000 -4.820607
vt -0.000000 -4.167857
vt 0.114907 0.096418
vt 0.150000 0.000000
vt 0.191511 -0.160697
vt 0.250000 0.000000
vt 0.191511 0.160697
vt 0.043412 0.246202
vt -0.125000 0.216506
vt -0.234923 0.085505
vt -0.234923 -0.085505
vt -0.125000 -0.216506
vt 0.043412 -0.246202
vt 0.026047 -0.147721
vt -0.075000 -0.129904
vt -0.140954 -0.051303
vt -0.140954 0.051303
vt -0.075000 0.129904
vt 0.026047 0.147721
vt -0.200000 0.485228
vt -0.000000 0.485228
vt -0.000000 -0.036652
vt 0.200000 -0.036652
vt 0.182029 -0.243886
vt 0.080435 -0.179127
vt 0.069529 -0.325622
vt -0.000000 -0.183260
vt 0.200000 -0.183260
vt -0.200000 -3.515108
vt -0.000000 -3.515108
vt -0.000000 1.112416
vt -0.200000 1.112416
vt 1.300000 0.130900
vt -1.300000 0.130900
vt 0.000000 0.256563
vt 0.200000 0.256563
vt -0.270000 0.046816
vt -0.270000 0.015605
vt -0.120000 0.015605
vt -0.120000 0.046816
vt -0.200000 -2.862358
vt -0.000000 -2.862358
vt 0.000000 0.036652
vt 0.200000 0.036652
vt -10.176853 0.923402
vt 0.000000 0.329867
vt -0.000000 0.256563
vt 0.200000 0.256563
vt 0.200000 0.329867
vt 0.081615 0.462860
vt -0.235000 0.407032
vt -0.197500 0.342080
vt 0.068591 0.388999
vt 0.302588 0.253901
vt -0.371179 -0.135098
vt -0.371179 0.135098
vt -0.441656 0.160749
vt -0.441656 -0.160749
vt -0.235000 -0.407032
vt 0.081615 -0.462860
vt 0.360041 -0.302110
vt 0.470000 0.000000
vt 0.360041 0.302110
vt 0.395000 0.000000
vt 0.302588 -0.253901
vt 0.068591 -0.388999
vt -0.197500 -0.342080
vt 0.000000 -0.706858
vt 0.200000 -0.706858
vt 0.225000 -0.028459
vt 0.234429 0.000765
vt 0.259160 0.018966
vt 0.289865 0.019281
vt 0.097939 0.058434
vt -0.097939 0.058434
vt -0.289865 0.019281
vt -0.259160 0.018966
vt -0.234429 0.000765
vt -0.225000 -0.028459
vt -0.225000 -0.111635
vt -0.095162 -0.067260
vt -0.044375 -0.016472
vt 0.027176 -0.010213
vt 0.086011 -0.051409
vt 0.104600 -0.120786
vt 0.225000 -0.111635
vt 0.000000 0.408407
vt 0.200000 0.408407
vt -0.270000 0.046816
vt -0.120000 0.046816
vt -0.000000 0.000000
vt 0.000000 0.150000
vt -0.083176 0.150000
vt -0.083176 0.000000
vt 0.000000 0.209440
vt -0.600000 0.209440
vt -0.600000 0.104720
vt 0.000000 0.104720
vt -0.000000 0.036652
vt 0.200000 0.036652
vt 0.000000 0.329867
vt 0.000000 0.256563
vt 0.200000 0.256563
vt 0.200000 0.329867
vt 8.811168 1.489088
vt 8.765000 1.434067
vt 8.694267 1.421595
vt 8.632065 1.457507
vt 8.607500 1.525000
vt 8.841815 0.959315
vt 8.866380 1.026807
vt 8.928582 1.062719
vt 8.999315 1.050247
vt 9.045482 0.995227
vt 9.997751 0.891822
vt 9.973185 0.959315
vt 9.997751 1.026807
vt 10.059952 1.062719
vt 10.130685 1.999753
vt 10.059952 1.987281
vt 9.997751 2.023193
vt 9.973185 2.090685
vt 9.997751 2.158178
vt 9.494267 2.428405
vt 9.565000 2.415933
vt 9.611168 2.360912
vt 9.611168 2.289088
vt 9.565000 2.234067
vt 9.045482 2.126598
vt 9.045482 2.054773
vt 8.999315 1.999753
vt 9.442172 1.923847
vt 9.715000 1.875740
vt 10.294267 1.628405
vt 10.365000 1.615933
vt 10.411168 1.560912
vt 10.411168 1.489088
vt 10.365000 1.434067
vt 10.294267 1.421595
vt 10.232065 1.457507
vt 9.715000 1.174260
vt 9.442172 1.126153
vt 9.202252 1.264671
vt -0.600000 0.000000
vt 0.000000 0.000000
vt -0.747500 -0.090933
vt -0.646120 -0.498193
vt -0.583918 -0.462281
vt -0.513185 -0.474753
vt -0.467018 -0.529773
vt -0.062500 -0.108253
vt -0.117462 -0.042753
vt -0.117462 0.042753
vt -0.062500 0.108253
vt 0.021706 0.123101
vt 0.095756 0.080348
vt 0.547452 0.462281
vt 0.485251 0.498193
vt 0.460685 0.565685
vt 0.485251 0.633178
vt 0.547452 0.669090
vt 0.618185 0.656618
vt 0.664353 0.601598
vt 0.664353 0.529773
vt 0.618185 0.474753
vt 0.781767 0.103405
vt 0.852500 0.090933
vt 0.898668 0.035912
vt 0.916200 -0.333470
vt 0.916200 0.333470
vt 0.487500 0.844375
vt -0.169307 0.960188
vt -0.080435 0.867493
vt -0.018233 0.903405
vt 0.052500 0.890933
vt 0.098668 0.835912
vt 0.098668 0.764088
vt 0.052500 0.709067
vt -0.018233 0.696595
vt -0.080435 0.732507
vt -0.467018 0.529773
vt -0.513185 0.474753
vt -0.583918 0.462281
vt -0.747500 0.090933
vt -0.701332 0.035912
vt -0.701332 -0.035912
vt 0.000000 -0.000000
vt 0.150000 -0.000000
vt 0.270000 -0.046816
vt 0.270000 -0.015605
vt 0.120000 -0.015605
vt 0.120000 -0.046816
vt 0.000000 0.329867
vt 0.000000 0.256563
vt 0.200000 0.256563
vt 0.200000 0.329867
vt 1.300000 0.392699
vt -1.300000 0.392699
vt -0.270000 -0.046816
vt -0.120000 -0.046816
vt 0.000000 0.136136
vt 0.200000 0.136136
vt -0.000000 -1.476549
vt -0.000000 -1.148427
vt -0.050000 -1.148427
vt -0.050000 -1.476549
vt 19.976219 0.000000
vt 19.976219 0.200000
vt 0.604382 0.200000
vt 0.604382 0.000000
vt 0.302588 -0.253901
vt 0.395000 0.000000
vt 0.302588 0.253901
vt 0.021706 0.123101
vt 0.095756 0.080348
vt 0.125000 -0.000000
vt 0.095756 -0.080348
vt 0.000000 -0.329867
vt 0.120000 -0.329867
vt -0.000000 0.183260
vt 0.200000 0.183260
vt -0.000000 -0.036652
vt 0.200000 -0.036652
vt 0.000000 0.109956
vt 0.200000 0.109956
vt 0.150000 0.000000
vt 0.000000 -0.329867
vt 0.200000 -0.329867
vt 0.000000 0.183260
vt 0.200000 0.183260
vt 0.000000 -0.256563
vt 0.000000 -0.329867
vt 0.120000 -0.329867
vt 0.120000 -0.256563
vt -0.018233 -0.903405
vt -0.080435 -0.867493
vt -0.169307 -0.960188
vt 0.487500 -0.844375
vt 0.547452 -0.669090
vt 0.485251 -0.633178
vt 0.460685 -0.565685
vt 0.098668 -0.764088
vt 0.098668 -0.835912
vt 0.052500 -0.890933
vt 0.000000 0.329867
vt 0.200000 0.329867
vt -0.000000 0.408407
vt 0.200000 0.408407
vt 0.000000 0.329867
vt 0.000000 0.256563
vt 0.200000 0.256563
vt 0.200000 0.329867
vt -0.000000 -0.036652
vt 0.200000 -0.036652
vt -0.000000 0.150000
vt -0.083176 0.150000
vt -0.083176 0.000000
vt 0.000000 -0.104720
vt -0.600000 -0.104720
vt 0.000000 0.329867
vt 0.200000 0.329867
vt 0.000000 -0.329867
vt 0.200000 -0.329867
vt -0.000000 0.136136
vt 0.200000 0.136136
vt 0.000000 0.329867
vt 0.200000 0.329867
vt -0.200000 -0.485228
vt -0.000000 -0.485228
vt 13.377485 0.000000
vt 13.377485 0.200000
vt 0.000000 0.329867
vt 0.120000 0.329867
vt 0.062500 -0.108253
vt -0.000000 -1.240929
vt -0.700000 -1.240929
vt 0.618185 -0.474753
vt 0.664353 -0.529773
vt 0.664353 -0.601598
vt 0.618185 -0.656618
vt 0.898668 -0.035912
vt 0.852500 -0.090933
vt 0.781767 -0.103405
vt 0.719565 -0.067493
vt 0.695000 0.000000
vt 0.719565 0.067493
vt 0.125000 0.000000
vt 0.095756 -0.080348
vt 0.021706 -0.123101
vt -0.467018 -0.601598
vt -0.513185 -0.656618
vt -0.583918 -0.669090
vt -0.646120 -0.633178
vt -0.670685 -0.565685
vt -0.818233 -0.103405
vt -0.880435 -0.067493
vt -0.905000 0.000000
vt -0.880435 0.067493
vt -0.818233 0.103405
vt -0.646120 0.498193
vt -0.670685 0.565685
vt -0.646120 0.633178
vt -0.583918 0.669090
vt -0.513185 0.656618
vt -0.467018 0.601598
vt -0.105000 0.800000
vt -0.746893 0.626718
vt -0.975000 0.000000
vt -0.746893 -0.626718
vt -0.105000 -0.800000
vt -0.080435 -0.732507
vt -0.018233 -0.696595
vt 0.052500 -0.709067
vt 0.485251 -0.498193
vt 0.547452 -0.462281
vt 0.000000 -0.424115
vt 0.200000 -0.424115
vt -0.114907 -0.096418
vt -0.191511 -0.160697
vt 0.000000 0.045379
vt 0.200000 0.045379
vt -0.095756 -0.080348
vt -0.125000 -0.000000
vt -0.114907 0.096418
vt -0.150000 0.000000
vt -0.114907 -0.096418
vt -0.026047 -0.147721
vt 0.075000 -0.129904
vt 0.140954 -0.051303
vt 0.117462 -0.042753
vt 0.062500 -0.108253
vt -0.021706 -0.123101
vt 0.000000 -0.706858
vt 0.150000 -0.706858
vt -0.000000 -0.565487
vt 0.000000 -0.706858
vt 0.150000 -0.706858
vt 0.150000 -0.565487
vt -0.200000 -2.862358
vt -0.000000 -2.862358
vt 0.000000 -0.329867
vt 0.120000 -0.329867
vt 0.000000 0.000000
vt -0.600000 0.000000
vt 0.000000 0.109956
vt 0.000000 0.036652
vt 0.200000 0.036652
vt 0.200000 0.109956
vt -0.000000 0.036652
vt 0.120000 0.036652
vt -0.140954 0.051303
vt -0.140954 -0.051303
vt 0.000000 -0.141372
vt 0.150000 -0.141372
vt 0.000000 0.989602
vt 0.200000 0.989602
vt 0.000000 0.150000
vt -0.083176 0.150000
vt -0.083176 0.000000
vt 0.000000 0.329867
vt 0.200000 0.329867
vt 0.200000 120.174629
vt 0.000000 120.174629
vt 0.000000 117.430092
vt 0.200000 117.430092
vt 0.000000 1.272345
vt 0.200000 1.272345
vt 0.000000 0.226893
vt 0.200000 0.226893
vt 0.150000 -0.000000
vt 0.114907 -0.096418
vt -9.355440 -2.169459
vt -9.011385 -0.218223
vt -8.650322 0.618814
vt -7.952003 1.204773
vt -7.064985 1.415000
vt 0.557226 1.826975
vt 0.480214 1.871438
vt 0.449800 1.955000
vt 0.480214 2.038562
vt -10.168573 2.418138
vt -10.396802 2.193996
vt -10.484236 1.886290
vt -10.462542 0.526156
vt -10.348442 -0.829358
vt -9.848949 -2.016438
vt -9.771937 -1.971975
vt -9.684363 -1.987417
vt -9.627203 -2.055537
vt -9.627203 -2.144463
vt 0.000000 0.209440
vt 0.600000 0.209440
vt 1.300000 0.218166
vt -1.300000 0.218166
vt -0.270000 0.046816
vt -0.120000 0.046816
vt 0.009151 -0.216235
vt -0.060226 -0.197646
vt -0.101422 -0.138811
vt -0.182029 -0.243886
vt -0.069529 -0.325622
vt 0.069529 -0.325622
vt 0.182029 -0.243886
vt 0.074246 -0.185881
vt 0.270000 0.015605
vt 0.120000 0.015605
vt 0.000000 -0.706858
vt 0.150000 -0.706858
vt -0.000000 0.408407
vt 0.200000 0.408407
vt -0.270000 0.046816
vt -0.120000 0.046816
vt -0.223269 0.150000
vt -0.223269 -0.000000
vt -0.140093 -0.000000
vt -0.140093 0.150000
vt -9.771937 -2.228025
vt -9.848949 -2.183562
vt -9.879363 -2.100000
vt -10.142462 -2.173980
vt -10.003829 -2.408621
vt -9.747066 -2.499993
vt -9.491369 -2.405678
vt -9.684363 -2.212583
vt -0.117462 -0.042753
vt 0.000000 -0.329867
vt 0.200000 -0.329867
vt 0.234923 -0.085505
vt 0.234923 0.085505
vt 0.140954 0.051303
vt 0.140954 -0.051303
vt 0.075000 -0.129904
vt -0.026047 -0.147721
vt -0.114907 -0.096418
vt -0.150000 0.000000
vt -0.250000 0.000000
vt -0.191511 -0.160697
vt -0.043412 -0.246202
vt 0.125000 -0.216506
vt 0.000000 0.329867
vt 0.120000 0.329867
vt 0.000000 0.329867
vt 0.120000 0.329867
vt 0.270000 0.046816
vt 0.120000 0.046816
vt 0.000000 -0.706858
vt 0.150000 -0.706858
vt 0.270000 0.046816
vt 0.120000 0.046816
vn 0.7032 0.0002 0.7110
vn 0.7084 0.0000 0.7058
vn 0.7084 -0.0001 0.7058
vn 0.7033 0.0000 0.7109
vn -0.7058 0.0000 0.7084
vn -0.7163 0.0000 0.6978
vn -0.7163 -0.0002 0.6978
vn -0.7265 0.0063 0.6872
vn -0.7119 -0.0002 0.7023
vn -0.7119 0.0000 0.7023
vn -0.7108 -0.0001 0.7034
vn 0.7118 0.0000 0.7024
vn 0.7118 0.0001 0.7024
vn 0.6962 0.0000 0.7179
vn 0.0000 -1.0000 0.0000
vn -0.7109 -0.0000 -0.7033
vn -0.7097 0.0001 0.7045
vn -0.7097 -0.0000 0.7045
vn -0.7110 -0.0000 -0.7032
vn 0.7071 0.0000 -0.7071
vn 0.7020 0.0000 -0.7122
vn 0.7020 0.0002 -0.7122
vn 0.7070 0.0000 -0.7072
vn -0.7140 0.0002 0.7002
vn 0.7279 0.0055 0.6856
vn 0.7041 0.0015 0.7101
vn -0.7140 -0.0000 0.7002
vn -0.7071 -0.0000 0.7072
vn -1.0000 0.0001 -0.0000
vn -1.0000 -0.0000 0.0006
vn -0.7071 -0.0001 0.7072
vn -0.6978 0.0002 -0.7163
vn -0.7023 0.0000 0.7119
vn -0.6978 0.0000 -0.7163
vn -0.7111 -0.0000 -0.7031
vn -0.7163 0.0001 0.6978
vn 0.6947 -0.0002 0.7193
vn 0.6947 0.0000 0.7193
vn 0.7101 0.0000 0.7041
vn 0.7002 0.0000 -0.7140
vn 0.7095 0.0001 -0.7047
vn 0.7095 0.0000 -0.7047
vn 0.7002 -0.0002 -0.7140
vn 0.7042 0.0000 0.7100
vn 0.7071 0.0000 0.7071
vn 0.7106 0.0000 0.7036
vn -0.7103 0.0000 -0.7039
vn -0.7018 0.0000 -0.7124
vn -0.7018 -0.0003 -0.7124
vn 0.7122 -0.0002 -0.7020
vn 0.7122 0.0000 -0.7020
vn 0.7092 0.0000 0.7050
vn 0.7024 0.0000 0.7118
vn 0.7018 0.0000 -0.7124
vn 0.7058 0.0001 0.7084
vn 0.6978 0.0002 0.7163
vn 0.6978 0.0000 0.7163
vn -0.7139 -0.0000 0.7002
vn -0.6986 -0.0000 0.7155
vn -0.7060 -0.0000 0.7082
vn -0.7145 0.0000 0.6997
vn -0.7061 0.0000 0.7081
vn 0.7005 0.0000 -0.7137
vn 0.7111 0.0000 -0.7031
vn 0.7111 -0.0001 -0.7031
vn -0.7072 0.0000 -0.7071
vn 0.0000 0.0001 -1.0000
vn -0.0006 0.0000 -1.0000
vn 0.7060 0.0000 0.7082
vn 0.0000 0.0000 1.0000
vn -0.7067 0.0000 0.7075
vn -0.7071 -0.0000 0.7071
vn -0.7084 -0.0000 0.7058
vn -0.7024 -0.0000 -0.7118
vn -0.7025 -0.0000 -0.7117
vn -0.7177 0.0000 -0.6964
vn -0.7177 -0.0000 -0.6963
vn -0.7111 0.0002 -0.7031
vn 0.7023 0.0000 -0.7119
vn 0.7091 0.0001 -0.7051
vn 0.7056 -0.0004 -0.7086
vn 0.7163 0.0000 0.6978
vn 0.7058 0.0000 0.7084
vn 0.6861 0.0001 -0.7275
vn 0.7061 0.0000 -0.7081
vn 0.6861 0.0000 -0.7275
vn -0.7061 0.0000 0.7082
vn -0.7144 -0.0000 0.6997
vn 0.7109 -0.0001 -0.7033
vn -0.7128 -0.0000 -0.7014
vn 0.7109 0.0000 -0.7033
vn -0.7023 -0.0000 -0.7119
vn -0.6978 0.0000 0.7163
vn -0.7145 -0.0002 0.6997
vn 0.7019 0.0000 -0.7122
vn -0.7032 -0.0000 0.7110
vn -0.7054 0.0001 -0.7088
vn -0.7054 -0.0000 -0.7088
vn -0.7032 0.0002 0.7110
vn -0.7146 0.0000 0.6995
vn -0.7146 -0.0005 0.6995
vn 0.7145 -0.0000 0.6997
vn 0.7061 0.0000 0.7082
vn 0.7144 0.0000 0.6997
vn 1.0000 0.0000 -0.0006
vn 1.0000 -0.0001 0.0000
vn 1.0000 0.0000 0.0019
vn 1.0000 0.0000 0.0000
vn -1.0000 -0.0001 0.0021
vn -1.0000 -0.0000 0.0000
vn -1.0000 -0.0000 -0.0010
vn -0.0000 1.0000 0.0000
vn 0.7163 0.0002 0.6978
vn 0.7072 0.0000 0.7071
vn -0.0000 0.0001 1.0000
vn 0.0006 0.0000 1.0000
vn 0.7072 -0.0001 0.7071
vn -0.7005 -0.0000 -0.7137
vn -0.7040 0.0000 -0.7102
vn -0.7195 0.0000 -0.6945
vn -1.0000 -0.0000 -0.0006
vn -0.7071 0.0001 -0.7072
vn -0.7071 -0.0000 -0.7072
vn -0.6984 0.0003 0.7157
vn -0.6984 0.0000 0.7157
vn -0.7274 -0.0000 0.6862
vn -0.7274 0.0003 0.6862
vn -0.7067 0.0000 -0.7075
vn -0.7071 0.0000 -0.7071
vn -0.7084 0.0000 -0.7058
vn -0.7058 -0.0000 -0.7084
vn -0.7045 -0.0000 0.7097
vn 0.7032 0.0000 0.7109
vn -0.7045 0.0001 0.7097
vn -0.7005 -0.0001 -0.7137
vn -0.7147 -0.0000 0.6995
vn 0.7090 0.0000 0.7052
vn 0.7090 0.0002 0.7052
vn -0.7058 -0.0001 -0.7084
vn -0.7109 0.0002 -0.7032
vn 0.7084 -0.0002 0.7058
vn 0.7032 0.0000 0.7110
vn 0.7073 0.0000 0.7069
vn -0.7072 0.0001 0.7070
vn -0.7072 -0.0000 0.7070
vn 0.7073 0.0003 0.7069
vn -0.7079 -0.0000 0.7063
vn -0.6921 -0.0000 0.7218
vn 0.7254 0.0000 -0.6883
vn 0.7130 0.0000 0.7011
vn -0.7038 -0.0000 -0.7103
vn 0.7117 -0.0437 -0.7011
vn 0.7276 -0.0443 -0.6845
vn -0.7053 -0.0000 -0.7089
vn 0.7033 0.0001 -0.7109
vn -0.7014 0.0000 -0.7128
vn -0.7014 0.0002 -0.7128
vn 0.7033 0.0000 -0.7109
vn 0.7075 -0.0000 0.7067
vn 0.7035 0.0455 -0.7093
vn 0.6994 0.0583 -0.7124
vn 0.6883 0.0585 -0.7231
vn 0.7089 0.0923 -0.6992
vn 0.7117 0.0434 -0.7011
vn -0.7231 -0.0000 0.6908
vn -0.7231 -0.0005 0.6908
vn 0.7109 0.0001 -0.7033
vn 0.7163 -0.0002 0.6978
vn 0.7163 -0.0002 -0.6978
vn -0.7119 0.0000 -0.7023
vn 0.7163 0.0000 -0.6978
vn 0.7111 -0.0002 -0.7031
vn 0.6905 0.0000 -0.7233
vn 0.7063 -0.0000 -0.7079
vn 0.7001 0.0000 -0.7141
vn 0.7001 -0.0001 -0.7141
vn 0.7157 0.0000 -0.6984
vn -0.7097 0.0002 0.7045
vn -0.0019 -0.0000 1.0000
vn 0.7095 0.0000 0.7047
vn 0.7072 0.0000 0.7070
vn 0.7022 -0.0032 0.7120
vn 0.7057 0.0011 0.7085
vn 0.7047 0.0270 0.7090
vn 0.7261 0.0105 0.6875
vn -0.7072 -0.0000 -0.7070
vn 0.7073 -0.0000 -0.7069
vn 0.7122 -0.0004 -0.7020
vn 0.6872 0.0063 0.7265
vn 0.7023 -0.0000 0.7119
vn 0.7048 -0.0016 0.7094
vn -0.7070 -0.0000 0.7072
vn 0.7020 -0.0002 -0.7122
vn -0.7058 -0.0001 0.7084
vn -0.7111 0.0001 -0.7031
vn -0.6945 0.0002 -0.7195
vn -0.6945 -0.0000 -0.7195
vn -0.7117 -0.0000 -0.7025
vn 0.7215 0.0000 -0.6924
vn -0.7052 -0.0002 -0.7090
vn -0.7052 -0.0000 -0.7090
vn 0.7179 0.0000 0.6961
vn 0.7179 -0.0002 0.6961
vn 0.8688 0.0000 0.4952
vn 0.7075 0.0000 -0.7067
vn 0.7071 0.0002 0.7071
vn -0.7099 -0.0000 -0.7043
vn 0.7099 0.0000 -0.7043
vn 0.6905 -0.0003 -0.7233
vn -0.7083 0.0000 -0.7059
vn 0.7020 0.0003 -0.7122
vn -0.7045 -0.0001 0.7097
vn 0.7217 0.0000 -0.6922
vn 0.7217 0.0002 -0.6922
vn 0.7071 -0.0013 -0.7071
vn -0.0000 -0.0000 -1.0000
vn -0.7071 -0.0015 -0.7071
vn -0.7071 0.0015 0.7071
vn 0.7071 0.0013 0.7071
vn 0.7071 -0.0010 0.7071
vn 0.7071 0.0010 -0.7071
vn -0.6995 -0.0000 0.7147
vn 0.7072 0.0000 -0.7071
vn -0.7073 -0.0003 0.7069
vn -0.7073 -0.0000 0.7069
vn -0.7102 0.0001 -0.7040
vn -0.7102 0.0000 -0.7040
vn -0.7234 -0.0002 0.6905
vn -0.7234 -0.0000 0.6905
vn 0.7002 0.0000 -0.7139
vn -0.7073 -0.0000 -0.7069
vn -1.0000 -0.0000 -0.0019
vn -0.7075 -0.0000 0.7067
vn -0.7069 -0.0000 0.7073
vn 0.7038 -0.0000 0.7103
vn -0.7019 -0.0000 0.7123
vn 0.7103 0.0000 -0.7039
vn 0.7145 0.0002 0.6997
vn -0.0006 0.0000 1.0000
vn 0.0019 0.0000 1.0000
vn 0.7067 0.0000 0.7075
vn 0.8688 -0.0001 0.4952
vn 0.7193 0.0000 0.6947
vn 0.7122 0.0000 -0.7019
vn -0.7075 -0.0000 -0.7067
vn -0.7058 0.0001 -0.7084
vn -0.7032 -0.0000 -0.7109
vn -0.7032 0.0001 -0.7109
vn -0.7047 -0.0001 -0.7095
vn -1.0000 -0.0001 0.0019
vn -0.7047 -0.0000 -0.7095
vn 0.7020 0.0004 -0.7122
vn -0.7095 0.0001 0.7047
vn -0.7095 0.0000 0.7047
vn -0.7141 0.0000 0.7001
vn -0.7081 -0.0000 0.7061
vn -0.7163 0.0002 0.6978
vn -0.7002 0.0002 -0.7140
vn -0.6856 0.0055 0.7279
vn -0.7084 0.0002 0.7058
vn -0.7002 0.0000 -0.7140
vn 0.7101 0.0001 0.7041
vn 0.7002 0.0002 0.7140
vn 0.7539 0.0009 -0.6570
vn 0.7061 -0.0019 -0.7082
vn 0.7002 0.0000 0.7140
vn -0.6871 0.0098 -0.7265
vn -0.7073 0.0264 -0.7064
vn 0.7032 -0.0003 0.7109
vn -0.7278 0.0064 -0.6858
vn -0.7096 -0.0016 -0.7046
vn 0.7128 -0.0000 0.7014
vn 0.7111 0.0001 -0.7031
vn -0.7109 0.0004 -0.7032
vn -0.6912 -0.0000 -0.7227
vn 0.6982 -0.0001 -0.7159
vn 0.6982 0.0000 -0.7159
vn -0.6912 0.0000 -0.7226
vn -0.7109 -0.0000 -0.7032
vn -0.7090 -0.0000 -0.7052
vn 0.0019 -0.0000 -1.0000
vn 0.7012 0.0000 0.7130
vn -0.6882 0.0004 0.7255
vn -0.6882 -0.0000 0.7255
vn 0.7072 0.0000 -0.7070
vn 0.7071 0.0000 -0.7072
vn 0.7071 -0.0001 -0.7072
vn 0.7014 0.0002 0.7128
vn 0.7014 0.0000 0.7128
vn -0.6924 -0.0000 0.7215
vn -0.7109 -0.0002 -0.7032
vn 0.7084 -0.0000 -0.7058
vn 0.7070 0.0000 0.7072
vn 0.7052 0.0000 0.7090
vn 0.7052 0.0001 0.7090
vn 0.7071 0.0001 0.7072
vn 0.7071 0.0000 0.7072
vn 0.7043 -0.0005 -0.7099
vn 0.7119 -0.0002 -0.7023
vn 0.7119 0.0000 -0.7023
vn 0.7088 -0.0004 -0.7055
vn 0.7145 -0.0002 0.6997
vn 0.7231 0.0000 -0.6908
vn 0.7097 0.0000 -0.7046
vn 0.7059 0.0000 -0.7083
vn 0.7059 -0.0002 -0.7083
vn 0.7225 0.0000 -0.6913
vn 0.6908 0.0000 -0.7231
vn 0.7041 0.0000 0.7102
vn -0.7159 -0.0000 0.6982
vn -0.7226 0.0002 -0.6912
vn -0.7227 -0.0000 -0.6912
vn 0.7103 -0.0001 -0.7039
vn 0.7163 -0.0001 0.6978
vn 0.7018 0.0002 -0.7124
vn 0.7072 0.0001 -0.7070
vn 0.7155 0.0000 -0.6986
vn 0.7155 0.0001 -0.6986
vn 1.0000 0.0000 0.0006
vn 1.0000 -0.0001 -0.0019
vn 0.7071 0.0040 -0.7071
vn -0.7071 -0.0040 0.7071
vn 0.7071 0.0051 0.7071
vn 0.7071 -0.0051 0.7071
vn -0.7064 -0.0024 -0.7078
vn -0.7059 -0.0090 -0.7082
vn -0.6857 -0.0028 -0.7279
vn -0.6802 0.0055 -0.7331
vn -0.7071 0.0013 0.7071
vn 0.6947 -0.0029 0.7193
vn -0.7021 0.0014 0.7121
vn -0.7075 -0.0005 0.7068
vn -0.7071 0.0003 0.7071
vn -0.7193 -0.0030 0.6947
vn 0.7078 -0.0024 0.7064
vn 0.7082 -0.0090 0.7059
vn -0.7069 -0.0011 -0.7073
vn 0.7068 -0.0023 -0.7074
vn 0.7149 0.0005 -0.6992
vn -0.6947 0.0036 -0.7193
vn -0.6965 -0.0048 -0.7176
vn -0.7276 0.0086 -0.6859
vn 0.7018 -0.0000 0.7124
vn 1.0000 0.0000 -0.0053
vn 1.0000 0.0000 -0.0041
vn 0.9315 0.3575 -0.0680
vn 0.7201 -0.0096 -0.6938
vn 0.7078 -0.0010 -0.7064
vn 0.7072 -0.0010 -0.7070
vn 0.7265 0.0012 -0.6871
vn 0.7042 -0.0004 -0.7100
vn 0.7089 -0.0923 -0.6992
vn 0.6899 -0.0585 -0.7215
vn -0.2557 -0.0557 -0.9651
vn -0.7070 -0.0000 -0.7072
vn -0.3110 0.0115 0.9504
vn -0.7279 -0.0029 0.6857
vn -0.7331 0.0057 0.6801
vn 0.6978 0.0000 -0.7163
vn 0.7058 -0.0001 -0.7084
vn 0.7106 -0.0002 0.7036
vn 0.7069 0.0000 0.7073
vn -0.7059 0.0001 -0.7083
vn -0.7059 -0.0000 -0.7083
vn -0.7002 0.0000 0.7140
vn -0.7002 -0.0002 0.7140
vn 0.7047 0.0000 -0.7095
vn 0.7140 0.0002 -0.7002
vn 0.7140 0.0000 -0.7002
vn -0.6963 -0.0000 -0.7178
vn -0.6963 0.0000 -0.7177
vn 0.7140 0.0000 0.7002
vn -0.7103 0.0002 -0.7039
vn -0.7234 0.0002 0.6905
vn -0.7102 -0.0001 -0.7040
vn 0.9915 0.0662 0.1116
vn -0.7195 0.0002 -0.6945
vn -0.7082 0.0000 0.7060
vn 0.7077 0.0000 0.7065
vn 0.6933 0.0000 0.7206
vn -0.6962 -0.0000 0.7179
vn 0.6933 0.0002 0.7207
vn 0.7018 0.0001 -0.7124
vn 0.7047 -0.0001 0.7095
vn 0.7047 0.0000 0.7095
vn 0.7069 0.0000 -0.7073
vn 0.7119 0.0000 0.7023
vn -0.7095 0.0000 -0.7047
vn 0.7018 -0.0002 -0.7124
vn -0.7097 -0.0001 0.7045
vn 0.7072 0.0001 -0.7071
vn -0.7019 0.0002 0.7123
vn 0.7178 0.0000 -0.6962
vn 0.7179 0.0000 -0.6962
vn -0.7047 -0.0000 0.7095
vn 0.6962 -0.0001 0.7179
vn 0.0006 0.0000 -1.0000
vn -0.7140 -0.0000 -0.7002
vn -0.6995 0.0002 0.7146
vn -0.6995 0.0000 0.7146
vn -0.7103 0.0001 -0.7039
vn 0.7054 0.0000 -0.7088
vn -0.7018 0.0002 -0.7124
vn 0.7067 0.0000 -0.7075
vn -0.7069 -0.0000 -0.7073
vn -0.7111 -0.0001 -0.7031
vn -0.7072 -0.0000 0.7071
vn -0.7077 -0.0000 0.7065
vn -0.0019 0.0000 -1.0000
vn 0.7097 0.0003 -0.7046
vn 0.7179 0.0004 0.6961
vn 0.7207 0.0000 0.6933
vn -0.7163 0.0000 -0.6978
usemtl 64,64,64.006
s 1
f 894/1/1 895/2/2 841/3/3 840/4/4
f 61/5/5 60/6/6 176/7/7 177/8/5
f 517/9/8 668/10/9 680/11/10 518/12/11
f 1042/13/12 1058/14/13 1050/15/14 1041/16/14
f 796/17/15 797/18/15 798/19/15 790/20/15 789/21/15 788/22/15 787/23/15 786/24/15 784/25/15 701/26/15 700/27/15 699/28/15 542/29/15 541/30/15 540/31/15 539/32/15 698/33/15 697/34/15 696/35/15 785/36/15 791/37/15 792/38/15 793/39/15 794/40/15 795/41/15
f 927/42/16 928/43/17 779/44/18 778/45/19
f 924/46/20 925/47/21 776/48/22 775/49/23
f 645/50/24 529/51/25 528/52/26 687/53/27
f 649/54/28 648/55/29 754/56/30 756/57/31
f 24/58/15 25/59/15 117/60/15 118/61/15 119/62/15 120/63/15 121/64/15 22/65/15 23/66/15
f 658/67/32 657/68/33 681/69/33 682/70/34
f 51/71/6 50/72/35 166/73/35 167/74/36
f 39/75/15 40/76/15 127/77/15 128/78/15 37/79/15 38/80/15
f 1083/81/37 1074/82/38 1073/83/39 1082/84/39
f 632/85/40 631/86/41 697/87/42 698/88/43
f 491/89/15 490/90/15 868/91/15 867/92/15 866/93/15 865/94/15 864/95/15 863/96/15 494/97/15 493/98/15 492/99/15
f 374/100/44 478/101/45 479/102/46 375/103/45
f 727/104/15 726/105/15 724/106/15 512/107/15 731/108/15 732/109/15 733/110/15 734/111/15 735/112/15 736/113/15 737/114/15 738/115/15 730/116/15 515/117/15 514/118/15 513/119/15 723/120/15 722/121/15 721/122/15 725/123/15 729/124/15 728/125/15
f 23/126/47 22/127/48 138/128/49 139/129/47
f 913/130/2 914/131/50 813/132/51 812/133/3
f 679/134/15 678/135/15 740/136/15 744/137/15 750/138/15 751/139/15 752/140/15 753/141/15 745/142/15 519/143/15 518/144/15 680/145/15
f 123/146/52 234/147/45 235/148/53 124/149/45
f 364/150/48 363/151/54 470/152/54 471/153/48
f 611/154/55 610/155/56 706/156/57 707/157/45
f 842/158/15 834/159/15 720/160/15 719/161/15 718/162/15 717/163/15 563/164/15 562/165/15 561/166/15 560/167/15 716/168/15 715/169/15 714/170/15 829/171/15 833/172/15 832/173/15 836/174/15 837/175/15 838/176/15 839/177/15 840/178/15 841/179/15
f 1009/180/58 1000/181/58 999/182/59 1008/183/59
f 25/184/60 24/185/61 140/186/61 141/187/62
f 102/188/63 101/189/64 217/190/65 218/191/63
f 577/192/66 576/193/67 724/194/68 726/195/66
f 18/196/69 17/197/70 133/198/70 134/199/69
f 769/200/71 636/201/72 635/202/73 695/203/72
f 1078/204/74 1069/205/75 1068/206/76 1077/207/77
f 331/208/5 330/209/6 437/210/6 438/211/5
f 69/212/6 68/213/78 184/214/35 185/215/6
f 609/216/79 550/217/80 549/218/81 705/219/79
f 28/220/82 27/221/83 143/222/83 144/223/82
f 306/224/83 305/225/70 412/226/70 413/227/83
f 43/228/5 42/229/6 158/230/7 159/231/5
f 1062/232/15 1044/233/15 1043/234/15 1042/235/15 1041/236/15 1049/237/15 1048/238/15 1047/239/15 1046/240/15 1045/241/15 1064/242/15 1065/243/15 1066/244/15 1067/245/15 1059/246/15 1060/247/15 1061/248/15
f 342/249/83 341/250/70 448/251/70 449/252/83
f 1063/253/84 1062/254/85 1038/255/85 1037/256/86
f 115/257/87 114/258/88 230/259/61 231/260/87
f 866/261/89 867/262/90 855/263/90 856/264/91
f 596/265/92 595/266/93 715/267/93 716/268/92
f 367/269/87 366/270/88 473/271/94 474/272/87
f 870/273/20 871/274/95 746/275/21 745/276/20
f 87/277/96 86/278/97 202/279/98 203/280/99
f 851/281/100 843/282/72 669/283/72 677/284/101
f 361/285/102 360/286/103 467/287/103 468/288/104
f 814/289/105 600/290/106 599/291/107 713/292/108
f 382/293/109 486/294/110 270/295/111 277/296/110
f 189/297/112 188/298/112 187/299/112 195/300/112 194/301/112 178/302/112 186/303/112 185/304/112 184/305/112 183/306/112 236/307/112 6/308/112 5/309/112 215/310/112 214/311/112 222/312/112 221/313/112 204/314/112 203/315/112 190/316/112
f 958/317/112 957/318/112 956/319/112 955/320/112 954/321/112 953/322/112 998/323/112 999/324/112 1000/325/112 1001/326/112 1002/327/112 1003/328/112 1004/329/112 996/330/112 951/331/112 959/332/112
f 316/333/113 315/334/83 422/335/83 423/336/82
f 625/337/114 624/338/115 784/339/116 786/340/117
f 104/341/35 103/342/118 219/343/118 220/344/35
f 1054/345/119 1046/346/119 1047/347/120 1053/348/120
f 345/349/63 344/350/64 451/351/65 452/352/63
f 605/353/121 604/354/122 819/355/123 815/356/29
f 1051/357/124 1049/358/125 1041/16/14 1050/15/14
f 994/359/126 993/360/19 963/361/19 962/362/127
f 617/363/128 800/364/129 702/365/130 618/366/129
f 898/367/21 899/368/131 822/369/131 821/370/21
f 938/371/132 939/372/133 766/373/4 765/374/134
f 302/375/35 301/376/118 408/377/135 409/378/35
f 218/379/112 217/380/112 216/381/112 215/310/112 5/309/112 4/382/112 8/383/112 230/384/112 229/385/112 228/386/112 227/387/112 226/388/112 207/389/112 206/390/112 205/391/112 213/392/112 212/393/112 211/394/112 210/395/112 209/396/112 149/397/112 148/398/112 147/399/112 146/400/112 145/401/112 144/402/112 240/403/112 239/404/112 155/405/112 154/406/112 153/407/112 152/408/112 151/409/112 159/410/112 158/411/112 238/412/112 237/413/112 173/414/112 172/415/112 171/416/112 170/417/112 169/418/112 177/419/112 176/420/112 175/421/112 236/307/112 183/306/112 182/422/112 181/423/112 180/424/112 179/425/112 178/302/112 194/301/112 193/426/112 192/427/112 191/428/112 190/316/112 203/315/112 202/429/112 201/430/112 168/431/112 167/432/112 166/433/112 165/434/112 164/435/112 163/436/112 162/437/112 161/438/112 160/439/112 200/440/112 199/441/112 198/442/112 197/443/112 196/444/112 204/314/112 221/313/112 220/445/112 219/446/112
f 862/447/136 863/448/137 859/449/138 860/450/136
f 89/451/70 97/452/5 213/453/5 205/454/70
f 445/455/112 432/456/112 431/457/112 446/458/112
f 930/459/133 931/460/2 782/461/3 781/462/4
f 30/463/63 29/464/64 145/465/64 146/466/63
f 890/467/139 891/468/16 837/469/140 836/470/131
f 876/471/133 877/472/2 752/473/141 751/474/4
f 911/475/132 912/476/142 811/477/4 810/478/132
f 664/479/143 663/480/144 743/481/145 744/482/146
f 93/483/63 92/484/64 208/485/65 209/486/63
f 979/487/147 977/488/147 969/489/148 978/490/148
f 1061/491/149 1060/492/150 1040/493/150 1039/494/149
f 902/495/132 903/496/133 826/497/4 825/498/134
f 12/499/151 130/500/152 116/501/153 13/502/154
f 848/503/155 849/504/156 675/505/157 674/506/158
f 374/507/44 373/508/159 477/509/159 478/510/45
f 912/476/142 913/130/2 812/133/3 811/477/4
f 383/511/160 384/512/161 370/513/162 369/514/163 368/515/164
f 72/516/83 71/517/70 187/518/70 188/519/83
f 1082/84/39 1073/83/39 1072/520/165 1081/521/166
f 847/522/91 848/503/155 674/506/158 673/523/167
f 353/524/64 352/525/168 459/526/82 460/527/64
f 586/528/169 585/529/170 717/530/170 718/531/171
f 291/532/63 290/533/64 397/534/172 398/535/63
f 327/536/63 326/537/64 433/538/65 434/539/63
f 1027/540/173 1019/541/173 1020/542/174 1026/543/174
f 955/544/175 947/545/176 948/546/177 954/547/177
f 889/548/21 890/467/139 836/470/131 835/549/21
f 884/550/132 885/551/133 736/552/4 735/553/132
f 882/554/16 883/555/178 734/556/18 733/557/140
f 623/558/179 622/559/180 700/560/180 701/561/70
f 317/562/64 316/333/113 423/336/82 424/563/64
f 651/564/181 650/565/145 757/566/145 758/567/181
f 56/568/64 55/569/113 171/570/82 172/571/64
f 537/572/182 573/573/183 535/574/184 536/575/185
f 590/576/186 589/577/187 830/578/187 831/579/186
f 310/580/118 309/581/63 416/582/63 417/583/118
f 940/584/2 941/585/188 768/586/51 767/587/3
f 531/588/189 644/589/190 692/590/190 532/591/191
f 334/592/82 333/593/83 440/594/83 441/595/82
f 309/581/63 308/596/64 415/597/64 416/582/63
f 663/480/144 662/598/192 742/599/192 743/481/145
f 907/600/21 908/601/131 807/602/131 806/603/193
f 595/266/93 594/604/72 714/605/194 715/267/93
f 335/606/64 334/592/82 441/595/82 442/607/65
f 78/608/6 77/609/195 193/610/35 194/611/6
f 667/612/82 666/613/45 678/614/2 679/615/82
f 956/616/196 946/617/197 947/618/176 955/619/175
f 774/620/15 773/621/15 782/622/15 783/623/15 775/624/15
f 1006/625/198 997/626/198 996/627/199 1005/628/199
f 867/262/90 868/629/200 854/630/201 855/263/90
f 48/631/63 47/632/64 163/633/64 164/634/63
f 953/635/202 949/636/203 950/637/53 952/638/53
f 372/639/204 371/640/205 475/641/205 476/642/204
f 92/484/64 91/643/82 207/644/82 208/485/65
f 376/645/52 480/646/45 481/647/53 377/648/206
f 85/649/207 84/650/208 200/651/208 201/652/207
f 1055/653/209 1045/654/173 1046/655/119 1054/656/119
f 137/657/112 136/658/112 233/659/112 232/660/112 243/661/112 242/662/112 241/663/112 132/664/112 131/665/112 135/666/112 134/667/112 133/668/112 141/669/112 140/670/112 139/671/112 138/672/112
f 270/673/111 271/674/210 276/675/130 277/676/110
f 67/677/118 66/678/63 182/679/63 183/680/118
f 909/681/16 910/682/18 809/683/18 808/684/19
f 38/685/64 37/686/113 153/687/82 154/688/64
f 915/689/20 916/690/21 791/691/211 790/692/20
f 874/693/18 875/694/132 750/695/212 749/696/18
f 71/697/70 79/698/5 195/699/5 187/700/70
f 604/354/122 603/701/186 818/702/186 819/355/123
f 315/334/83 314/703/70 421/704/70 422/335/83
f 903/496/133 904/705/2 827/706/3 826/497/4
f 156/707/112 155/405/112 239/404/112 238/412/112 158/411/112 157/708/112
f 100/709/82 99/710/83 215/711/83 216/712/82
f 1057/713/213 1043/714/214 1044/715/174 1056/716/174
f 79/698/5 78/608/6 194/611/6 195/699/5
f 130/717/112 12/718/112 11/719/112 10/720/112 9/721/112 240/403/112 144/402/112 143/722/112 142/723/112 150/724/112 149/397/112 209/396/112 208/725/112 207/389/112 226/388/112 225/726/112 224/727/112 223/728/112 231/729/112 230/384/112 8/383/112 235/730/112 234/731/112 233/659/112 136/658/112 135/666/112 131/665/112
f 98/732/70 106/733/5 222/734/5 214/735/70
f 253/736/20 265/737/215 252/738/216
f 252/739/216 265/740/215 266/741/129
f 252/739/216 266/741/129 260/742/129
f 260/742/129 266/741/129 267/743/217
f 260/742/129 267/743/217 259/744/129
f 259/744/129 267/743/217 268/745/72
f 259/744/129 268/745/72 258/746/218
f 258/746/218 268/745/72 269/747/72
f 258/746/218 269/747/72 257/748/72
f 257/748/72 269/747/72 261/749/70
f 257/748/72 261/749/70 256/750/219
f 256/750/219 261/749/70 262/751/45
f 256/750/219 262/751/45 255/752/45
f 255/752/45 262/751/45 263/753/220
f 255/752/45 263/753/220 254/754/221
f 254/754/221 263/753/220 264/755/20
f 254/754/221 264/755/20 253/736/20
f 253/736/20 264/755/20 265/737/215
f 869/756/222 861/757/72 852/758/72 853/759/222
f 896/760/51 888/761/223 834/762/223 842/763/51
f 638/764/181 637/765/224 771/766/225 772/767/181
f 58/768/118 57/769/63 173/770/63 174/771/135
f 981/772/226 975/773/227 976/774/228 980/775/229
f 1084/776/230 1075/777/230 1074/82/38 1083/81/37
f 608/778/15 552/779/15 551/780/15 550/781/15 609/782/15 610/783/15 611/784/15 612/785/15 613/786/15 614/787/15 615/788/15 616/789/15 617/790/15 618/791/15 619/792/15 620/793/15 545/794/15 544/795/15 543/796/15 621/797/15 622/798/15 623/799/15 624/800/15 625/801/15 626/802/15 627/803/15 628/804/15 629/805/15 630/806/15 631/807/15 632/808/15 538/809/15 537/810/15 536/811/15 633/812/15 634/813/15 635/814/15 636/815/15 637/816/15 638/817/15 639/818/15 671/819/15 672/820/15 673/821/15 674/822/15 675/823/15 676/824/15 579/825/15 580/826/15 581/827/15 582/828/15 583/829/15 584/830/15 566/831/15 565/832/15 564/833/15 585/834/15 586/835/15 587/836/15 588/837/15 589/838/15 590/839/15 591/840/15 592/841/15 593/842/15 594/843/15 595/844/15 596/845/15 559/846/15 558/847/15 557/848/15 597/849/15 598/850/15 599/851/15 600/852/15 601/853/15 602/854/15 603/855/15 604/856/15 605/857/15 606/858/15 607/859/15
f 791/37/15 785/36/15 789/21/15 790/20/15
f 54/860/83 53/861/70 169/862/70 170/863/83
f 617/363/128 616/864/231 804/865/231 800/866/129
f 754/867/30 648/868/29 647/869/232 689/870/110
f 593/871/233 592/872/234 833/873/234 829/874/72
f 483/875/235 484/876/236 380/877/236 379/878/235
f 349/879/15 341/880/15 342/881/15 343/882/15 295/883/15 287/884/15 288/885/15 382/886/15 277/887/15 361/888/15 362/889/15 363/890/15 364/891/15 365/892/15 246/893/15 245/894/15 339/895/15 340/896/15 332/897/15 333/898/15 334/899/15 335/900/15 336/901/15 337/902/15 259/903/15 258/904/15 257/905/15 356/906/15 357/907/15 358/908/15 350/909/15 351/910/15 352/911/15 353/912/15 256/913/15 255/914/15 254/915/15 253/916/15 252/917/15 305/918/15 306/919/15 307/920/15 308/921/15 309/922/15 310/923/15 311/924/15 312/925/15 379/926/15 380/927/15 381/928/15 300/929/15 301/930/15 302/931/15 303/932/15 304/933/15 296/934/15 297/935/15 298/936/15 293/937/15 294/938/15 344/939/15 345/940/15 346/941/15 347/942/15 348/943/15
f 42/229/6 41/944/35 157/945/35 158/230/7
f 110/946/237 109/947/238 225/948/104 226/949/237
f 581/950/239 725/951/70 721/952/240 582/953/70
f 315/954/15 316/955/15 260/956/15 259/903/15 322/957/15 314/958/15
f 925/47/21 926/959/139 777/960/131 776/48/22
f 358/961/5 357/962/6 464/963/6 465/964/5
f 339/895/15 245/894/15 244/965/15 331/966/15 323/967/15 324/968/15 325/969/15 259/903/15 337/902/15 338/970/15
f 665/971/241 664/479/143 744/482/146 740/972/45
f 910/682/18 911/475/132 810/478/132 809/683/18
f 119/973/242 118/974/205 241/975/205 242/976/204
f 295/977/5 294/978/6 401/979/6 402/980/5
f 354/981/15 355/982/15 356/906/15 257/905/15 256/913/15 353/912/15
f 350/983/70 358/961/5 465/964/5 457/984/70
f 363/151/54 362/985/237 469/986/237 470/152/54
f 333/593/83 332/987/70 439/988/70 440/594/83
f 668/10/9 667/612/82 679/615/82 680/11/10
f 343/989/82 342/249/83 449/252/83 450/990/82
f 1010/991/243 1001/992/243 1000/993/58 1009/994/58
f 68/213/78 67/677/118 183/680/118 184/214/35
f 877/472/2 878/995/51 753/996/244 752/473/141
f 739/997/245 660/998/129 659/999/246 683/1000/129
f 1064/1001/247 1063/253/84 1037/256/86 1036/1002/248
f 607/1003/249 606/1004/110 708/1005/250 709/1006/251
f 879/1007/20 880/1008/21 731/1009/252 730/1010/20
f 799/1011/159 612/1012/45 611/1013/55 707/1014/45
f 40/1015/118 39/1016/63 155/1017/63 156/1018/135
f 988/1019/15 989/1020/15 990/1021/15 991/1022/15 972/1023/15 971/1024/15 970/1025/15 969/1026/15 977/1027/15 976/1028/15 975/1029/15 992/1030/15 993/1031/15 994/1032/15 995/1033/15 987/1034/15
f 922/1035/2 923/1036/50 798/1037/51 797/1038/2
f 984/1039/177 972/1040/177 973/1041/175 983/1042/175
f 583/1043/253 582/1044/70 721/1045/240 722/1046/254
f 1031/1047/125 1015/1048/125 1016/1049/255 1030/1050/255
f 995/1051/256 994/359/126 962/362/127 961/1052/256
f 105/1053/6 104/341/35 220/344/35 221/1054/257
f 507/1055/258 508/1056/259 509/1057/260 510/1058/261
f 349/1059/5 348/1060/6 455/1061/6 456/1062/5
f 482/1063/39 483/875/235 379/878/235 378/1064/262
f 621/1065/263 543/1066/264 542/1067/265 699/1068/266
f 937/1069/178 938/371/132 765/374/134 764/1070/18
f 883/555/178 884/550/132 735/553/132 734/556/18
f 338/1071/195 337/1072/118 444/1073/135 445/1074/35
f 559/1075/267 596/265/92 716/268/92 560/1076/268
f 50/72/35 49/1077/118 165/1078/118 166/73/35
f 35/1079/70 43/228/5 159/231/5 151/1080/70
f 921/1081/269 922/1035/2 797/1038/2 796/1082/4
f 923/1036/50 915/1083/20 790/1084/20 798/1037/51
f 585/529/170 564/1085/270 563/1086/271 717/530/170
f 39/1016/63 38/685/64 154/688/64 155/1017/63
f 357/962/6 356/1087/195 463/1088/35 464/963/6
f 75/1089/63 74/1090/64 190/1091/65 191/1092/63
f 846/1093/272 847/522/91 673/523/167 672/1094/272
f 66/678/63 65/1095/64 181/1096/273 182/679/63
f 917/1097/139 918/1098/16 793/1099/274 792/1100/131
f 992/1101/275 991/1102/276 965/1103/277 964/1104/278
f 875/694/132 876/471/133 751/474/4 750/695/212
f 273/1105/151 383/511/160 368/515/164 274/1106/154
f 46/1107/168 45/1108/83 161/1109/83 162/1110/82
f 356/1087/195 355/1111/118 462/1112/118 463/1088/35
f 936/1113/16 937/1069/178 764/1070/18 763/1114/279
f 94/1115/118 93/483/63 209/486/63 210/1116/135
f 77/609/195 76/1117/118 192/1118/135 193/610/35
f 84/1119/15 85/1120/15 44/1121/15 45/1122/15
f 41/944/35 40/1015/118 156/1018/135 157/945/35
f 908/601/131 909/681/16 808/684/19 807/602/131
f 450/1123/112 449/1124/112 469/1125/112 468/1126/112 467/1127/112 270/1128/112 486/1129/112 395/1130/112 394/1131/112 402/1132/112 401/1133/112 451/1134/112
f 849/504/156 850/1135/280 676/1136/280 675/505/157
f 724/1137/68 576/1138/67 505/1139/281 512/1140/216
f 988/1141/282 987/1142/283 960/1143/284 968/1144/282
f 602/1145/285 601/1146/286 816/1147/287 817/1148/285
f 329/1149/35 328/1150/118 435/1151/118 436/1152/35
f 351/1153/83 350/1154/70 457/1155/70 458/1156/83
f 298/1157/113 297/1158/83 404/1159/83 405/1160/82
f 60/6/6 59/1161/35 175/1162/35 176/7/7
f 91/643/82 90/1163/83 206/1164/83 207/644/82
f 299/1165/64 298/1157/113 405/1160/82 406/1166/64
f 328/1150/118 327/536/63 434/539/63 435/1151/118
f 864/1167/288 865/1168/158 857/1169/158 858/1170/289
f 109/947/238 108/1171/103 224/1172/103 225/948/104
f 63/1173/83 62/1174/70 178/1175/70 179/1176/83
f 1080/1177/147 1071/1178/147 1070/1179/290 1079/1180/290
f 872/1181/139 873/1182/16 748/1183/291 747/1184/131
f 587/1185/292 586/528/169 718/531/171 719/1186/20
f 639/1187/293 638/764/181 772/767/181 773/1188/293
f 888/1189/223 889/548/21 835/549/21 834/1190/223
f 97/452/5 96/1191/6 212/1192/6 213/453/5
f 929/1193/132 930/459/133 781/462/4 780/1194/212
f 337/1072/118 336/1195/63 443/1196/63 444/1073/135
f 845/1197/294 846/1093/272 672/1094/272 671/1198/295
f 905/1199/188 897/1200/20 820/1201/20 828/1202/51
f 652/1203/296 651/564/181 758/567/181 759/1204/297
f 348/1060/6 347/1205/195 454/1206/35 455/1061/6
f 545/1207/298 620/1208/299 704/1209/300 546/1210/301
f 280/1211/302 279/1212/69 386/1213/69 387/1214/102
f 1/1215/303 2/1216/304 3/1217/305 4/1218/306 5/1219/304 6/1220/307
f 1012/1221/308 1003/1222/308 1002/1223/309 1011/1224/309
f 311/1225/35 310/580/118 417/583/118 418/1226/35
f 463/1227/112 462/1228/112 461/1229/112 460/1230/112 261/1231/112 269/1232/112 442/1233/112 441/1234/112 248/1235/112 457/1236/112 465/1237/112 464/1238/112
f 982/1239/197 974/1240/197 975/773/227 981/772/226
f 1066/1241/310 1065/1242/311 1035/1243/312 1034/1244/310
f 362/985/237 361/285/102 468/288/104 469/986/237
f 891/468/16 892/1245/17 838/1246/18 837/469/140
f 281/1247/237 280/1211/302 387/1214/102 388/1248/313
f 287/1249/70 295/977/5 402/980/5 394/1250/70
f 103/342/118 102/188/63 218/191/63 219/343/118
f 27/221/83 26/1251/70 142/1252/70 143/222/83
f 420/1253/112 419/1254/112 418/1255/112 417/1256/112 416/1257/112 415/1258/112 414/1259/112 413/1260/112 265/1261/112 410/1262/112 409/1263/112 408/1264/112 407/1265/112 406/1266/112 405/1267/112 404/1268/112 403/1269/112 411/1270/112 264/1271/112 263/1272/112 262/1273/112 261/1231/112 460/1230/112 459/1274/112 458/1275/112 457/1236/112 248/1235/112 247/1276/112 251/1277/112 481/1278/112 480/1279/112 479/1280/112 478/1281/112 390/1282/112 389/1283/112 388/1284/112 387/1285/112 386/1286/112 384/1287/112 383/1288/112 273/1289/112 272/1290/112 271/1291/112 270/1128/112 467/1127/112 466/1292/112 474/1293/112 473/1294/112 472/1295/112 471/1296/112 470/1297/112 469/1125/112 449/1124/112 448/1298/112 456/1299/112 455/1300/112 454/1301/112 453/1302/112 452/1303/112 451/1134/112 401/1133/112 400/1304/112 399/1305/112 398/1306/112 397/1307/112 396/1308/112 395/1130/112 486/1129/112 485/1309/112 484/1310/112 483/1311/112 425/1312/112 424/1313/112 423/1314/112 267/1315/112 266/1316/112 412/1317/112
f 308/596/64 307/1318/314 414/1319/82 415/597/64
f 324/1320/83 323/1321/70 430/1322/70 431/1323/83
f 443/1324/112 442/1233/112 269/1232/112 268/1325/112 267/1315/112 423/1314/112 422/1326/112 421/1327/112 429/1328/112 428/1329/112 427/1330/112 426/1331/112 425/1312/112 483/1311/112 482/1332/112 249/1333/112 248/1235/112 441/1234/112 440/1334/112 439/1335/112 447/1336/112 446/458/112 431/457/112 430/1337/112 438/1338/112 437/1339/112 436/1340/112 435/1341/112 434/1342/112 433/1343/112 432/456/112 445/455/112 444/1344/112
f 282/1345/315 281/1247/237 388/1248/313 389/1346/54
f 384/1287/112 386/1286/112 385/1347/112 393/1348/112 392/1349/112 391/1350/112 390/1282/112 478/1281/112 477/1351/112 476/1352/112 475/1353/112
f 201/430/112 200/440/112 160/439/112 168/431/112
f 298/936/15 299/1354/15 300/929/15 381/928/15 382/886/15 288/885/15 289/1355/15 290/1356/15 291/1357/15 292/1358/15 293/937/15
f 659/1359/246 658/67/32 682/70/34 683/1360/129
f 615/1361/316 614/1362/23 802/1363/23 803/1364/285
f 1076/1365/317 1085/1366/318 1077/207/77 1068/206/76
f 89/1367/15 90/1368/15 91/1369/15 110/1370/15 111/1371/15 3/1372/15 99/1373/15 100/1374/15 101/1375/15 102/1376/15 80/1377/15 81/1378/15 96/1379/15 97/1380/15
f 667/1381/15 668/1382/15 517/1383/15 516/1384/15 508/1385/15 507/1386/15 506/1387/15 505/1388/15 576/1389/15 577/1390/15 578/1391/15 579/825/15 676/824/15 677/1392/15 669/1393/15 670/1394/15 671/819/15 639/818/15 640/1395/15 641/1396/15 642/1397/15 643/1398/15 644/1399/15 531/1400/15 530/1401/15 529/1402/15 645/1403/15 646/1404/15 647/1405/15 648/1406/15 649/1407/15 650/1408/15 651/1409/15 652/1410/15 653/1411/15 654/1412/15 655/1413/15 656/1414/15 524/1415/15 523/1416/15 522/1417/15 657/1418/15 658/1419/15 659/1420/15 660/1421/15 661/1422/15 662/1423/15 663/1424/15 664/1425/15 665/1426/15 666/1427/15
f 653/1428/319 755/1429/106 684/1430/320 654/1431/108
f 488/1432/321 500/1433/20 487/1434/20
f 487/1435/20 500/1436/20 501/1437/20
f 487/1435/20 501/1437/20 495/1438/20
f 495/1438/20 501/1437/20 502/1439/129
f 495/1438/20 502/1439/129 494/1440/129
f 494/1440/129 502/1439/129 503/1441/129
f 494/1440/129 503/1441/129 493/1442/129
f 493/1442/129 503/1441/129 504/1443/72
f 493/1442/129 504/1443/72 492/1444/72
f 492/1444/72 504/1443/72 496/1445/72
f 492/1444/72 496/1445/72 491/1446/72
f 491/1446/72 496/1445/72 497/1447/322
f 491/1446/72 497/1447/322 490/1448/323
f 490/1448/323 497/1447/322 498/1449/45
f 490/1448/323 498/1449/45 489/1450/45
f 489/1450/45 498/1449/45 499/1451/324
f 489/1450/45 499/1451/324 488/1432/321
f 488/1432/321 499/1451/324 500/1433/20
f 547/1452/15 546/1453/15 704/1454/15 703/1455/15 702/1456/15 800/1457/15 804/1458/15 807/1459/15 808/1460/15 809/1461/15 810/1462/15 811/1463/15 812/1464/15 813/1465/15 801/1466/15 799/1467/15 707/1468/15 706/1469/15 705/1470/15 549/1471/15 548/1472/15
f 108/1171/103 107/1473/70 223/1474/70 224/1172/103
f 514/1475/129 568/1476/72 513/1477/231
f 513/1477/231 568/1476/72 569/1478/325
f 513/1477/231 569/1478/325 563/1479/271
f 563/1479/271 569/1478/325 562/1480/129
f 562/1480/129 569/1478/325 561/1481/326
f 1035/1482/112 1036/1483/112 1018/1484/112 1017/1485/112 1016/1486/112 1033/1487/112 1034/1488/112
f 513/1477/231 563/1479/271 564/1489/270 565/1490/327 566/1491/328
f 514/1475/129 515/1492/329 568/1476/72
f 568/1476/72 515/1492/329 509/1493/260
f 568/1476/72 509/1493/260 518/1494/11
f 360/286/103 359/1495/70 466/1496/70 467/287/103
f 530/1497/330 531/1498/189 532/1499/191 528/1500/26 529/1501/25
f 568/1476/72 518/1494/11 567/1502/72
f 567/1502/72 518/1494/11 519/1503/72
f 567/1502/72 519/1503/72 520/1504/72
f 520/1504/72 521/1505/331 567/1502/72
f 567/1502/72 521/1505/331 575/1506/72
f 575/1506/72 521/1505/331 525/1507/332
f 575/1506/72 525/1507/332 526/1508/333
f 516/1509/334 517/1510/8 518/1494/11 509/1493/260 508/1511/259
f 526/1508/333 527/1512/45 575/1506/72
f 575/1506/72 527/1512/45 528/1500/26
f 575/1506/72 528/1500/26 574/1513/335
f 574/1513/335 528/1500/26 532/1499/191
f 574/1513/335 532/1499/191 533/1514/45
f 534/1515/336 535/574/184 573/573/183 574/1513/335
f 121/1516/44 120/1517/159 243/1518/159 232/1519/45
f 533/1514/45 534/1515/336 574/1513/335
f 570/1520/337 560/1521/268 561/1481/326 569/1478/325
f 545/1522/298 546/1523/301 572/1524/338 544/1525/339
f 558/1526/340 559/1527/267 560/1521/268 570/1520/337 556/1528/341 557/1529/342
f 538/1530/343 539/1531/45 537/572/182
f 537/572/182 539/1531/45 573/573/183
f 539/1531/45 540/1532/45 573/573/183
f 573/573/183 540/1532/45 541/1533/20
f 573/573/183 541/1533/20 572/1524/338
f 572/1524/338 541/1533/20 542/1534/265
f 250/1535/344 251/1536/345 247/1537/306 246/1538/346
f 550/1539/80 551/1540/347 571/1541/348 549/1542/81
f 546/1523/301 547/1543/20 572/1524/338
f 571/1541/348 548/1544/349 549/1542/81
f 551/1540/347 552/1545/350 553/1546/351 571/1541/348
f 571/1541/348 553/1546/351 554/1547/20
f 542/1534/265 543/1548/264 544/1525/339 572/1524/338
f 571/1541/348 554/1547/20 570/1520/337
f 570/1520/337 554/1547/20 555/1549/129
f 570/1520/337 555/1549/129 556/1528/341
f 130/500/152 131/1550/352 132/1551/353 117/1552/354 116/501/153
f 592/872/234 591/1553/355 832/1554/355 833/873/234
f 522/1555/356 523/1556/357 524/1557/358 525/1507/332 521/1505/331
f 643/1558/359 642/1559/20 690/1560/360 691/1561/359
f 19/1562/102 18/196/69 134/199/69 135/1563/102
f 520/1564/15 519/143/15 745/142/15 746/1565/15 747/1566/15 748/1567/15 749/1568/15 750/138/15 744/137/15 743/1569/15 742/1570/15 741/1571/15 739/1572/15 683/1573/15 682/1574/15 681/1575/15 521/1576/15
f 233/1577/361 234/147/45 123/146/52 122/1578/45
f 614/1362/23 613/1579/362 801/1580/362 802/1363/23
f 610/155/56 609/216/79 705/219/79 706/156/57
f 321/1581/6 320/1582/35 427/1583/35 428/1584/7
f 1081/1585/166 1072/1586/165 1071/1178/147 1080/1177/147
f 899/368/131 900/1587/16 823/1588/140 822/369/131
f 548/1589/349 571/1590/348 572/1524/338 547/1543/20
f 983/1042/175 973/1041/175 974/1591/197 982/1592/197
f 10/1593/210 11/1594/363 14/1595/364 15/1596/210
f 332/1597/70 340/1598/5 447/1599/5 439/1600/70
f 942/1601/112 950/1602/112 949/1603/112 967/1604/112 968/1605/112 960/1606/112 961/1607/112 962/1608/112 963/1609/112 964/1610/112 965/1611/112 948/1612/112 947/1613/112 946/1614/112 945/1615/112 944/1616/112 943/1617/112
f 954/547/177 948/546/177 949/636/203 953/635/202
f 566/1618/328 584/1619/365 723/1620/366 513/1621/231
f 878/995/51 870/1622/20 745/1623/20 753/996/244
f 36/1624/83 35/1625/70 151/1626/70 152/1627/83
f 598/1628/367 597/1629/368 711/1630/369 712/1631/367
f 784/1632/116 624/1633/115 623/1634/179 701/1635/70
f 1007/1636/370 998/1637/371 997/626/198 1006/625/198
f 1058/14/13 1042/13/12 1043/714/214 1057/713/213
f 626/1638/293 625/337/114 786/340/117 787/1639/293
f 887/1640/50 879/1641/20 730/1642/20 738/1643/51
f 330/209/6 329/1149/35 436/1152/35 437/210/6
f 1054/1644/15 1053/1645/15 1084/1646/15 1083/1647/15 1082/1648/15 1081/1649/15 1080/1650/15 1079/1651/15 1078/1652/15 1077/1653/15 1085/1654/15 1051/1655/15 1050/1656/15 1058/1657/15 1057/1658/15 1056/1659/15 1055/1660/15
f 579/1661/192 578/1662/355 727/1663/355 728/1664/192
f 895/2/2 896/760/51 842/763/51 841/3/3
f 524/1665/358 656/1666/372 686/1667/372 525/1668/332
f 1052/1669/255 1048/1670/255 1049/358/125 1051/357/124
f 114/258/88 113/1671/373 229/1672/47 230/259/61
f 958/1673/374 944/1674/229 945/1675/375 957/1676/227
f 603/701/186 602/1145/285 817/1148/285 818/702/186
f 928/43/17 929/1193/132 780/1194/212 779/44/18
f 7/1677/344 124/149/45 235/148/53 8/1678/376
f 264/1271/112 411/1270/112 410/1262/112 265/1261/112
f 886/1679/2 887/1640/50 738/1643/51 737/1680/2
f 880/1008/21 881/1681/131 732/1682/131 731/1009/252
f 339/1683/6 338/1071/195 445/1074/35 446/1684/6
f 1030/1050/255 1016/1049/255 1017/1685/377 1029/1686/120
f 653/1428/319 652/1203/296 759/1204/297 755/1687/106
f 239/1688/378 240/1689/110 129/1690/109 128/1691/378
f 512/107/15 511/1692/15 510/1693/15 509/1694/15 515/117/15 730/116/15 731/108/15
f 31/1695/118 30/463/63 146/466/63 147/1696/118
f 76/1117/118 75/1089/63 191/1092/63 192/1118/135
f 637/765/224 636/1697/72 769/1698/71 771/766/225
f 1004/1699/174 1013/1700/174 1005/628/199 996/627/199
f 920/1701/132 921/1081/269 796/1082/4 795/1702/134
f 81/1703/379 80/1704/70 196/1705/70 197/1706/379
f 578/1662/355 577/192/66 726/195/66 727/1663/355
f 538/1707/343 632/85/40 698/88/43 539/1708/45
f 279/1212/69 278/1709/70 385/1710/70 386/1213/69
f 1059/1711/380 1067/1712/381 1033/1713/381 1032/1714/382
f 59/1715/15 60/1716/15 65/1717/15 66/1718/15 67/1719/15 68/1720/15 69/1721/15 70/1722/15 62/1723/15 63/1724/15 64/1725/15 76/1726/15 77/1727/15 78/1728/15 79/1729/15 2/1730/15 1/1731/15 125/1732/15 126/1733/15 56/1734/15 57/1735/15 58/1736/15
f 21/1737/383 20/1738/237 136/1739/237 137/1740/54
f 250/1741/344 377/648/206 481/647/53 251/1742/345
f 605/353/121 815/1743/29 708/1744/250 606/1745/110
f 99/710/83 98/1746/70 214/1747/70 215/711/83
f 295/883/15 343/882/15 344/939/15 294/938/15
f 657/68/33 522/1748/356 521/1749/331 681/69/33
f 970/1750/53 986/1751/53 978/490/148 969/489/148
f 64/1752/82 63/1173/83 179/1176/83 180/1753/82
f 1065/1242/311 1064/1001/247 1036/1002/248 1035/1243/312
f 655/1754/384 654/1755/108 684/1756/320 685/1757/385
f 303/1758/6 302/375/35 409/378/35 410/1759/7
f 640/1760/386 639/1187/293 773/1188/293 774/1761/386
f 634/1762/7 633/1763/387 693/1764/387 694/1765/6
f 506/1766/388 507/1055/258 510/1058/261 511/1767/388
f 987/1768/283 995/1051/256 961/1052/256 960/1769/284
f 688/1770/15 687/1771/15 528/1772/15 527/1773/15 526/1774/15 525/1775/15 686/1776/15 685/1777/15 684/1778/15 755/1779/15 759/1780/15 758/1781/15 766/1782/15 767/1783/15 768/1784/15 760/1785/15 761/1786/15 762/1787/15 763/1788/15 764/1789/15 765/1790/15 757/1791/15 756/1792/15 754/1793/15 689/1794/15
f 317/1795/15 318/1796/15 319/1797/15 320/1798/15 321/1799/15 322/957/15 259/903/15 325/969/15 326/1800/15 327/1801/15 328/1802/15 329/1803/15 330/1804/15 331/966/15 244/965/15 378/1805/15 379/926/15 312/925/15 313/1806/15 305/918/15 252/917/15 260/956/15 316/955/15
f 283/1807/48 282/1345/315 389/1346/54 390/1808/48
f 290/533/64 289/1809/82 396/1810/82 397/534/172
f 893/1811/132 894/1/1 840/4/4 839/1812/134
f 871/274/95 872/1181/139 747/1184/131 746/275/21
f 344/350/64 343/989/82 450/990/82 451/351/65
f 289/1809/82 288/1813/83 395/1814/83 396/1810/82
f 622/559/180 621/1065/263 699/1068/266 700/560/180
f 1008/183/59 999/182/59 998/1637/371 1007/1636/370
f 782/622/15 773/621/15 772/1815/15 771/1816/15 769/1817/15 695/1818/15 694/1819/15 693/1820/15 535/1821/15 534/1822/15 533/1823/15 532/1824/15 692/1825/15 691/1826/15 690/1827/15 770/1828/15 774/620/15 775/624/15 776/1829/15 777/1830/15 778/1831/15 779/1832/15 780/1833/15 781/1834/15
f 916/690/21 917/1097/139 792/1100/131 791/691/211
f 265/1261/112 413/1260/112 412/1317/112 266/1316/112
f 885/551/133 886/1679/2 737/1680/2 736/552/4
f 371/640/205 370/1835/162 384/1836/161 475/641/205
f 111/1837/389 110/946/237 226/949/237 227/1838/54
f 1052/1839/15 1051/1655/15 1085/1654/15 1084/1646/15 1053/1645/15
f 650/565/145 649/54/28 756/57/31 757/566/145
f 939/372/133 940/584/2 767/587/3 766/373/4
f 757/1791/15 765/1790/15 766/1782/15 758/1781/15
f 665/971/241 740/1840/45 678/1841/2 666/1842/45
f 272/1843/364 273/1844/151 274/1845/154 275/1846/364
f 919/1847/390 920/1701/132 795/1702/134 794/1848/18
f 7/1849/15 3/1372/15 111/1371/15 112/1850/15 113/1851/15 114/1852/15 115/1853/15 107/1854/15 108/1855/15 109/1856/15 110/1370/15 91/1369/15 92/1857/15 33/1858/15 34/1859/15 26/1860/15 27/1861/15 129/1862/15 16/1863/15 15/1864/15 14/1865/15 13/1866/15 116/1867/15 117/60/15 25/59/15 17/1868/15 18/1869/15 19/1870/15 20/1871/15 21/1872/15 22/65/15 121/64/15 122/1873/15 123/1874/15 124/1875/15
f 121/1876/44 232/1877/45 233/1878/361 122/1879/45
f 485/1880/378 486/1881/110 382/1882/109 381/1883/378
f 1062/254/85 1061/491/149 1039/494/149 1038/255/85
f 314/1884/70 322/1885/5 429/1886/5 421/1887/70
f 325/1888/82 324/1320/83 431/1323/83 432/1889/82
f 1030/1890/112 1029/1891/112 1074/1892/112 1075/1893/112 1076/1894/112 1031/1895/112
f 29/464/64 28/220/82 144/223/82 145/465/64
f 892/1245/17 893/1811/132 839/1812/134 838/1246/18
f 1028/1896/119 1018/1897/119 1019/1898/173 1027/1899/173
f 479/1900/46 480/646/45 376/645/52 375/1901/45
f 278/1902/70 286/1903/60 393/1904/62 385/1905/70
f 628/1906/391 627/1907/23 788/1908/23 789/1909/223
f 597/1629/368 557/1910/342 556/1911/341 711/1630/369
f 96/1191/6 95/1912/195 211/1913/35 212/1192/6
f 1079/1180/290 1070/1179/290 1069/205/75 1078/204/74
f 934/1914/21 935/1915/131 762/1916/131 761/1917/21
f 297/1158/83 296/1918/70 403/1919/70 404/1159/83
f 806/1920/15 807/1459/15 804/1458/15 803/1921/15 802/1922/15 801/1466/15 813/1465/15 805/1923/15
f 237/1924/235 238/1925/236 127/1926/392 126/1927/235
f 484/876/236 485/1880/378 381/1883/378 380/877/236
f 979/1928/15 978/1929/15 1006/1930/15 1005/1931/15 1013/1932/15 1012/1933/15 1011/1934/15 1010/1935/15 1009/1936/15 1008/1937/15 1007/1938/15 985/1939/15 984/1940/15 983/1941/15 982/1942/15 981/1943/15 980/1944/15
f 9/1945/111 10/1593/210 15/1596/210 16/1946/110
f 355/1111/118 354/1947/63 461/1948/63 462/1112/118
f 106/733/5 105/1053/6 221/1054/257 222/734/5
f 830/1949/15 720/160/15 834/159/15 835/1950/15 836/174/15 832/173/15 831/1951/15
f 322/1885/5 321/1581/6 428/1584/7 429/1886/5
f 73/1952/82 72/516/83 188/519/83 189/1953/82
f 236/1954/39 237/1924/235 126/1927/235 125/1955/39
f 118/974/205 117/1956/354 132/1957/353 241/975/205
f 991/1102/276 990/1958/393 966/1959/394 965/1103/277
f 644/589/190 643/1558/359 691/1561/359 692/590/190
f 70/1960/5 69/212/6 185/215/6 186/1961/5
f 647/1962/232 646/1963/395 688/1964/395 689/1965/110
f 904/705/2 905/1199/188 828/1202/51 827/706/3
f 6/1966/307 236/1954/39 125/1955/39 1/1967/303
f 347/1205/195 346/1968/118 453/1969/135 454/1206/35
f 1013/1700/174 1004/1699/174 1003/1222/308 1012/1221/308
f 174/1970/112 173/414/112 237/413/112 236/307/112 175/421/112
f 296/1971/70 304/1972/5 411/1973/5 403/1974/70
f 850/1975/15 849/1976/15 855/1977/15 854/1978/15 853/1979/15
f 857/1980/15 856/1981/15 855/1977/15 849/1976/15 848/1982/15 847/1983/15 846/1984/15 845/1985/15 844/1986/15 843/1987/15 851/1988/15 850/1975/15 853/1979/15 852/1989/15 860/1990/15 859/1991/15 858/1992/15
f 82/1993/142 81/1703/379 197/1706/379 198/1994/142
f 713/1995/15 712/1996/15 711/1997/15 556/1998/15 555/1999/15 554/2000/15 553/2001/15 710/2002/15 709/2003/15 708/2004/15 815/2005/15 824/2006/15 825/2007/15 826/2008/15 827/2009/15 828/2010/15 814/2011/15
f 17/2012/70 25/184/60 141/187/62 133/2013/70
f 37/686/113 36/1624/83 152/1627/83 153/687/82
f 599/2014/107 598/1628/367 712/1631/367 713/2015/108
f 641/2016/205 770/2017/20 690/2018/360 642/2019/20
f 354/1947/63 353/524/64 460/527/64 461/1948/63
f 326/537/64 325/1888/82 432/1889/82 433/538/65
f 646/1963/395 645/50/24 687/53/27 688/1964/395
f 120/1517/159 119/973/242 242/976/204 243/1518/159
f 1025/2020/214 1021/2021/213 1022/2022/13 1024/2023/12
f 320/1582/35 319/2024/118 426/2025/135 427/1583/35
f 305/2026/70 313/2027/5 420/2028/5 412/2029/70
f 80/1377/15 102/1376/15 103/2030/15 104/2031/15 105/2032/15 106/2033/15 98/2034/15 99/1373/15 3/1372/15 2/1730/15 79/1729/15 71/2035/15 72/2036/15 73/2037/15 74/2038/15 75/2039/15 76/1726/15 64/1725/15 65/1717/15 60/1716/15 61/2040/15 53/2041/15 54/2042/15 55/2043/15 56/1734/15 126/1733/15 127/77/15 40/76/15 41/2044/15 42/2045/15 43/2046/15 35/2047/15 36/2048/15 37/79/15 128/78/15 129/1862/15 27/1861/15 28/2049/15 29/2050/15 30/2051/15 31/2052/15 32/2053/15 33/1858/15 92/1857/15 93/2054/15 94/2055/15 95/2056/15 96/1379/15 81/1378/15 82/2057/15 83/2058/15 84/1119/15 45/1122/15 46/2059/15 47/2060/15 48/2061/15 49/2062/15 50/2063/15 51/2064/15 52/2065/15 44/1121/15 85/1120/15 86/2066/15 87/2067/15 88/2068/15
f 1024/2023/12 1022/2022/13 1014/2069/14 1023/2070/396
f 873/2071/112 941/2072/112 940/2073/112 939/2074/112 938/2075/112 502/2076/112 501/2077/112 500/2078/112 499/2079/112 498/2080/112 497/2081/112 899/2082/112 898/2083/112 897/2084/112 905/2085/112 904/2086/112 903/2087/112 902/2088/112 901/2089/112 900/2090/112 913/2091/112 912/2092/112 911/2093/112 572/2094/112 571/2095/112 570/2096/112 569/2097/112 896/2098/112 895/2099/112 894/2100/112 893/2101/112 892/2102/112 891/2103/112 890/2104/112 889/2105/112 883/2106/112 882/2107/112 881/2108/112 876/2109/112 875/2110/112 874/2111/112
f 629/2112/397 628/1906/391 789/1909/223 785/2113/216
f 1026/543/174 1020/542/174 1021/2021/213 1025/2020/214
f 881/1681/131 882/554/16 733/557/140 732/1682/131
f 552/2114/350 608/2115/398 710/2116/398 553/2117/351
f 26/2118/70 34/2119/5 150/2120/5 142/2121/70
f 1060/492/150 1059/2122/380 1032/2123/382 1040/493/150
f 633/1763/387 536/2124/185 535/2125/184 693/1764/387
f 366/270/88 365/2126/373 472/2127/47 473/271/94
f 957/1676/227 945/1675/375 946/617/197 956/616/196
f 24/185/61 23/126/47 139/129/47 140/186/61
f 843/2128/72 844/2129/399 670/2130/400 669/2131/72
f 129/2132/109 240/2133/110 9/2134/111 16/2135/110
f 862/2136/15 861/2137/15 869/2138/15 868/91/15 490/90/15 489/2139/15 488/2140/15 487/2141/15 495/2142/15 494/97/15 863/96/15
f 914/131/50 906/2143/20 805/2144/20 813/132/51
f 34/2119/5 33/2145/6 149/2146/6 150/2120/5
f 300/2147/63 299/1165/64 406/1166/64 407/2148/63
f 591/1553/355 590/576/186 831/579/186 832/1554/355
f 32/2149/195 31/1695/118 147/1696/118 148/2150/35
f 641/2016/205 640/1760/386 774/1761/386 770/2151/20
f 346/1968/118 345/349/63 452/352/63 453/1969/135
f 45/1108/83 44/2152/70 160/2153/70 161/1109/83
f 312/2154/6 311/1225/35 418/1226/35 419/2155/257
f 932/2156/51 924/2157/20 775/2158/23 783/2159/51
f 993/360/19 992/1101/275 964/1104/278 963/361/19
f 926/2160/112 925/2161/112 574/2162/112 573/2163/112 917/2164/112 916/2165/112 915/2166/112 929/2167/112 928/2168/112 927/2169/112
f 616/864/231 615/1361/316 803/1364/285 804/865/231
f 62/2170/70 70/1960/5 186/1961/5 178/2171/70
f 95/1912/195 94/1115/118 210/1116/135 211/1913/35
f 359/2172/70 367/269/87 474/272/87 466/2173/70
f 44/2174/70 52/2175/5 168/2176/5 160/2177/70
f 319/2024/118 318/2178/63 425/2179/63 426/2025/135
f 593/871/233 829/2180/72 714/2181/194 594/2182/72
f 1067/1712/381 1066/1241/310 1034/1244/310 1033/1713/381
f 65/1095/64 64/1752/82 180/1753/82 181/1096/273
f 959/2183/147 943/2184/147 944/1674/229 958/1673/374
f 55/569/113 54/860/83 170/863/83 171/570/82
f 341/2185/70 349/1059/5 456/1062/5 448/2186/70
f 288/1813/83 287/2187/70 394/2188/70 395/1814/83
f 22/127/48 21/1737/383 137/1740/54 138/128/49
f 33/2145/6 32/2149/195 148/2150/35 149/2146/6
f 284/2189/401 283/1807/48 390/1808/48 391/2190/47
f 323/2191/70 331/208/5 438/211/5 430/2192/70
f 11/1594/363 12/2193/151 13/2194/154 14/1595/364
f 935/1915/131 936/1113/16 763/1114/279 762/1916/131
f 307/1318/314 306/224/83 413/227/83 414/1319/82
f 271/674/210 272/1843/364 275/1846/364 276/675/130
f 1011/1224/309 1002/1223/309 1001/992/243 1010/991/243
f 7/2195/344 8/2196/376 4/1218/306 3/1217/305
f 863/448/137 864/1167/288 858/1170/289 859/449/138
f 897/2197/20 898/367/21 821/370/21 820/2198/20
f 966/2199/112 967/1604/112 949/1603/112 948/1612/112 965/1611/112
f 861/2200/72 862/447/136 860/450/136 852/2201/72
f 921/2202/112 920/2203/112 919/2204/112 918/2205/112 917/2164/112 573/2163/112 572/2094/112 911/2093/112 910/2206/112 909/2207/112 908/2208/112 907/2209/112 906/2210/112 914/2211/112 913/2091/112 900/2090/112 899/2082/112 497/2081/112 496/2212/112 504/2213/112 503/2214/112 502/2076/112 938/2075/112 937/2215/112 936/2216/112 935/2217/112 934/2218/112 933/2219/112 941/2072/112 873/2071/112 872/2220/112 871/2221/112 870/2222/112 878/2223/112 877/2224/112 876/2109/112 881/2108/112 880/2225/112 879/2226/112 887/2227/112 886/2228/112 885/2229/112 884/2230/112 883/2106/112 889/2105/112 888/2231/112 896/2098/112 569/2097/112 568/2232/112 567/2233/112 575/2234/112 574/2162/112 925/2161/112 924/2235/112 932/2236/112 931/2237/112 930/2238/112 929/2167/112 915/2166/112 923/2239/112 922/2240/112
f 84/650/208 83/2241/402 199/2242/402 200/651/208
f 952/2243/112 951/331/112 996/330/112 997/2244/112 998/323/112 953/322/112
f 301/376/118 300/2147/63 407/2148/63 408/377/135
f 1056/716/174 1044/715/174 1045/654/173 1055/653/209
f 1053/348/120 1047/347/120 1048/1670/255 1052/1669/255
f 318/2178/63 317/562/64 424/563/64 425/2179/63
f 113/1671/373 112/2245/48 228/2246/403 229/1672/47
f 1040/2247/112 1032/2248/112 1033/1487/112 1016/1486/112 1015/2249/112 1014/2250/112 1022/2251/112 1021/2252/112 1020/2253/112 1019/2254/112 1018/1484/112 1036/1483/112 1037/2255/112 1038/2256/112 1039/2257/112
f 589/577/187 588/2258/20 720/2259/404 830/578/187
f 661/2260/405 660/2261/129 739/2262/245 741/2263/405
f 249/2264/307 482/1063/39 378/1064/262 244/2265/303
f 941/585/188 933/2266/20 760/2267/20 768/586/51
f 943/2184/147 959/2183/147 951/2268/148 942/2269/148
f 293/2270/406 292/2271/118 399/2272/118 400/2273/35
f 656/1666/372 655/1754/384 685/1757/385 686/1667/372
f 101/189/64 100/709/82 216/712/82 217/190/65
f 901/2274/178 902/495/132 825/498/134 824/2275/18
f 365/2126/373 364/150/48 471/153/48 472/2127/47
f 865/1168/158 866/261/89 856/264/91 857/1169/158
f 991/1022/15 992/1030/15 975/1029/15 974/2276/15 973/2277/15 972/1023/15
f 580/2278/407 579/1661/192 728/1664/192 729/2279/407
f 88/2280/408 87/277/96 203/280/99 204/2281/408
f 629/2112/397 785/2282/216 696/2283/409 630/2284/216
f 53/2285/70 61/5/5 177/8/5 169/2286/70
f 245/2287/304 246/1538/346 247/1537/306 248/2288/410 249/2289/307 244/2290/303
f 80/2291/70 88/2280/408 204/2281/408 196/2292/70
f 286/1903/60 285/2293/61 392/2294/61 393/1904/62
f 294/978/6 293/2270/406 400/2273/35 401/979/6
f 304/1972/5 303/1758/6 410/1759/7 411/1973/5
f 74/1090/64 73/1952/82 189/1953/82 190/1091/65
f 340/1598/5 339/1683/6 446/1684/6 447/1599/5
f 49/1077/118 48/631/63 164/634/63 165/1078/118
f 581/950/239 580/2278/407 729/2279/407 725/2295/70
f 1007/1938/15 1006/1930/15 978/1929/15 986/2296/15 985/1939/15
f 374/2297/15 375/2298/15 376/2299/15 377/2300/15 250/2301/15 246/893/15 365/892/15 366/2302/15 367/2303/15 359/2304/15 360/2305/15 361/888/15 277/887/15 276/2306/15 275/2307/15 274/2308/15 368/2309/15 369/2310/15 279/2311/15 280/2312/15 281/2313/15 282/2314/15 283/2315/15
f 985/2316/411 971/2317/202 972/1040/177 984/1039/177
f 990/1958/393 989/2318/412 967/2319/412 966/1959/394
f 850/1135/280 851/281/100 677/284/101 676/1136/280
f 292/2271/118 291/532/63 398/535/63 399/2272/118
f 336/1195/63 335/606/64 442/607/65 443/1196/63
f 900/1587/16 901/2274/178 824/2275/18 823/1588/140
f 873/1182/16 874/693/18 749/696/18 748/1183/291
f 926/959/139 927/42/16 778/45/19 777/960/131
f 918/1098/16 919/1847/390 794/1848/18 793/1099/274
f 844/2129/399 845/1197/294 671/1198/295 670/2130/400
f 952/638/53 950/637/53 942/2269/148 951/2268/148
f 868/629/200 869/756/222 853/759/222 854/630/201
f 505/2320/281 506/1766/388 511/1767/388 512/2321/216
f 821/2322/15 822/2323/15 823/2324/15 824/2006/15 815/2005/15 819/2325/15 818/2326/15 817/2327/15 816/2328/15 814/2011/15 828/2010/15 820/2329/15
f 620/1208/299 619/2330/413 703/2331/413 704/1209/300
f 112/2245/48 111/1837/389 227/1838/54 228/2246/403
f 613/1579/362 612/2332/45 799/2333/159 801/1580/362
f 1029/1686/120 1017/1685/377 1018/1897/119 1028/1896/119
f 584/1619/365 583/1043/253 722/1046/254 723/1620/366
f 107/2334/70 115/257/87 231/260/87 223/2335/70
f 1015/1048/125 1031/1047/125 1023/2070/396 1014/2069/14
f 285/2293/61 284/2189/401 391/2190/47 392/2294/61
f 635/2336/73 634/1762/7 694/1765/6 695/2337/72
f 627/1907/23 626/1638/293 787/1639/293 788/1908/23
f 59/1161/35 58/768/118 174/771/135 175/1162/35
f 57/769/63 56/568/64 172/571/64 173/770/63
f 720/2338/404 588/2339/20 587/2340/292 719/2341/20
f 52/2175/5 51/71/6 167/74/36 168/2176/5
f 285/2342/15 286/2343/15 278/2344/15 279/2311/15 369/2310/15 370/2345/15 371/2346/15 372/2347/15 373/2348/15 374/2297/15 283/2315/15 284/2349/15
f 1063/2350/15 1064/242/15 1045/241/15 1044/233/15 1062/232/15
f 373/508/159 372/639/204 476/642/204 477/509/159
f 608/2115/398 607/1003/249 709/1006/251 710/2116/398
f 90/1163/83 89/2351/70 205/2352/70 206/1164/83
f 986/1751/53 970/1750/53 971/2317/202 985/2316/411
f 1072/2353/112 1073/2354/112 1074/1892/112 1029/1891/112 1028/2355/112 1027/2356/112 1026/2357/112 1025/2358/112 1024/2359/112 1023/2360/112 1031/1895/112 1076/1894/112 1068/2361/112 1069/2362/112 1070/2363/112 1071/2364/112
f 47/632/64 46/1107/168 162/1110/82 163/633/64
f 238/1925/236 239/1688/378 128/1691/378 127/1926/392
f 906/2365/20 907/600/21 806/603/193 805/2366/20
f 20/1738/237 19/1562/102 135/1563/102 136/1739/237
f 352/525/168 351/1153/83 458/1156/83 459/526/82
f 933/2367/20 934/1914/21 761/1917/21 760/2368/20
f 1085/1366/318 1076/1365/317 1075/777/230 1084/776/230
f 619/2330/413 618/2369/129 702/2370/130 703/2331/413
f 83/2241/402 82/1993/142 198/1994/142 199/2242/402
f 989/2318/412 988/1141/282 968/1144/282 967/2319/412
f 980/775/229 976/774/228 977/488/147 979/487/147
f 601/1146/286 600/2371/106 814/2372/105 816/1147/287
f 631/86/41 630/2373/216 696/2374/409 697/87/42
f 313/2027/5 312/2154/6 419/2155/257 420/2028/5
f 662/598/192 661/2260/405 741/2263/405 742/599/192
f 931/460/2 932/2156/51 783/2159/51 782/461/3
f 86/278/97 85/649/207 201/652/207 202/279/98
