# Blender v2.79 (sub 0) OBJ File: ''
# www.blender.org
mtllib hip_r_roll.mtl
o hip_r_roll
v 0.039250 -0.012992 -0.020264
v 0.039250 -0.015053 -0.021353
v 0.039250 -0.017285 -0.022024
v 0.039250 -0.019605 -0.022250
v 0.037250 -0.019605 -0.022250
v 0.037250 -0.017285 -0.022024
v 0.037250 -0.015053 -0.021353
v 0.037250 -0.012992 -0.020264
v 0.037250 0.005373 -0.008136
v 0.039250 0.005373 -0.008136
v 0.037250 0.004050 0.000000
v 0.037250 0.003102 0.002603
v 0.037250 0.000703 0.003988
v 0.037250 -0.002025 0.003507
v 0.037250 -0.003806 0.001385
v 0.037250 -0.003806 -0.001385
v 0.037250 -0.002025 -0.003507
v 0.037250 0.000703 -0.003988
v 0.037250 0.003102 -0.002603
v 0.037250 0.009050 0.000000
v 0.037250 0.008804 0.000675
v 0.037250 0.008182 0.001034
v 0.037250 0.007475 0.000909
v 0.037250 0.007013 0.000359
v 0.037250 0.007013 -0.000359
v 0.037250 0.007475 -0.000909
v 0.037250 0.008182 -0.001034
v 0.037250 0.008804 -0.000675
v 0.037250 0.006707 0.005657
v 0.037250 0.006461 0.006332
v 0.037250 0.005839 0.006691
v 0.037250 0.005132 0.006566
v 0.037250 0.004670 0.006016
v 0.037250 0.004670 0.005298
v 0.037250 0.005132 0.004748
v 0.037250 0.005839 0.004623
v 0.037250 0.006461 0.004982
v 0.037250 0.001050 0.008000
v 0.037250 0.000804 0.008675
v 0.037250 0.000182 0.009034
v 0.037250 -0.000525 0.008909
v 0.037250 -0.000987 0.008359
v 0.037250 -0.000987 0.007641
v 0.037250 -0.000525 0.007091
v 0.037250 0.000182 0.006966
v 0.037250 0.000804 0.007325
v 0.037250 0.001050 -0.008000
v 0.037250 0.000804 -0.007325
v 0.037250 0.000182 -0.006966
v 0.037250 -0.000525 -0.007091
v 0.037250 -0.000987 -0.007641
v 0.037250 -0.000987 -0.008359
v 0.037250 -0.000525 -0.008909
v 0.037250 0.000182 -0.009034
v 0.037250 0.000804 -0.008675
v 0.037250 0.006707 -0.005657
v 0.037250 0.006461 -0.004982
v 0.037250 0.005839 -0.004623
v 0.037250 0.005132 -0.004748
v 0.037250 0.004670 -0.005298
v 0.037250 0.004670 -0.006016
v 0.037250 0.005132 -0.006566
v 0.037250 0.005839 -0.006691
v 0.037250 0.006461 -0.006332
v 0.037250 -0.018450 0.005750
v 0.037250 -0.018813 0.006746
v 0.037250 -0.019731 0.007276
v 0.037250 -0.020775 0.007092
v 0.037250 -0.021457 0.006280
v 0.037250 -0.021457 0.005220
v 0.037250 -0.020775 0.004408
v 0.037250 -0.019731 0.004224
v 0.037250 -0.018813 0.004754
v 0.037250 -0.018450 -0.018250
v 0.037250 -0.018813 -0.017254
v 0.037250 -0.019731 -0.016724
v 0.037250 -0.020775 -0.016908
v 0.037250 -0.021457 -0.017720
v 0.037250 -0.021457 -0.018780
v 0.037250 -0.020775 -0.019592
v 0.037250 -0.019731 -0.019776
v 0.037250 -0.018813 -0.019246
v 0.037250 -0.004607 -0.005657
v 0.037250 -0.004853 -0.004982
v 0.037250 -0.005475 -0.004623
v 0.037250 -0.006182 -0.004748
v 0.037250 -0.006644 -0.005298
v 0.037250 -0.006644 -0.006016
v 0.037250 -0.006182 -0.006566
v 0.037250 -0.005475 -0.006691
v 0.037250 -0.004853 -0.006332
v 0.037250 -0.006950 0.000000
v 0.037250 -0.007196 0.000675
v 0.037250 -0.007818 0.001034
v 0.037250 -0.008525 0.000909
v 0.037250 -0.008987 0.000359
v 0.037250 -0.008987 -0.000359
v 0.037250 -0.008525 -0.000909
v 0.037250 -0.007818 -0.001034
v 0.037250 -0.007196 -0.000675
v 0.037250 -0.004607 0.005657
v 0.037250 -0.004853 0.006332
v 0.037250 -0.005475 0.006691
v 0.037250 -0.006182 0.006566
v 0.037250 -0.006644 0.006016
v 0.037250 -0.006644 0.005298
v 0.037250 -0.006182 0.004748
v 0.037250 -0.005475 0.004623
v 0.037250 -0.004853 0.004982
v 0.037250 -0.021000 -0.022250
v 0.037250 -0.022500 -0.021848
v 0.037250 -0.023598 -0.020750
v 0.037250 -0.024000 -0.019250
v 0.037250 -0.024000 0.006750
v 0.037250 -0.023598 0.008250
v 0.037250 -0.022500 0.009348
v 0.037250 -0.021000 0.009750
v 0.037250 0.000000 0.009750
v 0.037250 0.005819 0.007823
v 0.037250 0.009338 0.002805
v 0.037250 0.009167 -0.003322
v 0.039250 -0.021000 -0.022250
v 0.039250 -0.022500 -0.021848
v 0.039250 -0.023598 -0.020750
v 0.039250 -0.024000 -0.019250
v 0.039250 -0.024000 0.006750
v 0.039250 -0.023598 0.008250
v 0.039250 -0.022500 0.009348
v 0.039250 -0.021000 0.009750
v 0.039250 0.004050 0.000000
v 0.039250 0.003102 0.002603
v 0.039250 0.000703 0.003988
v 0.039250 -0.002025 0.003507
v 0.039250 -0.003806 0.001385
v 0.039250 -0.003806 -0.001385
v 0.039250 -0.002025 -0.003507
v 0.039250 0.000703 -0.003988
v 0.039250 0.003102 -0.002603
v 0.039250 0.009050 0.000000
v 0.039250 0.008804 0.000675
v 0.039250 0.008182 0.001034
v 0.039250 0.007475 0.000909
v 0.039250 0.007013 0.000359
v 0.039250 0.007013 -0.000359
v 0.039250 0.007475 -0.000909
v 0.039250 0.008182 -0.001034
v 0.039250 0.008804 -0.000675
v 0.039250 0.006707 0.005657
v 0.039250 0.006461 0.006332
v 0.039250 0.005839 0.006691
v 0.039250 0.005132 0.006566
v 0.039250 0.004670 0.006016
v 0.039250 0.004670 0.005298
v 0.039250 0.005132 0.004748
v 0.039250 0.005839 0.004623
v 0.039250 0.006461 0.004982
v 0.039250 0.001050 0.008000
v 0.039250 0.000804 0.008675
v 0.039250 0.000182 0.009034
v 0.039250 -0.000525 0.008909
v 0.039250 -0.000987 0.008359
v 0.039250 -0.000987 0.007641
v 0.039250 -0.000525 0.007091
v 0.039250 0.000182 0.006966
v 0.039250 0.000804 0.007325
v 0.039250 0.001050 -0.008000
v 0.039250 0.000804 -0.007325
v 0.039250 0.000182 -0.006966
v 0.039250 -0.000525 -0.007091
v 0.039250 -0.000987 -0.007641
v 0.039250 -0.000987 -0.008359
v 0.039250 -0.000525 -0.008909
v 0.039250 0.000182 -0.009034
v 0.039250 0.000804 -0.008675
v 0.039250 0.006707 -0.005657
v 0.039250 0.006461 -0.004982
v 0.039250 0.005839 -0.004623
v 0.039250 0.005132 -0.004748
v 0.039250 0.004670 -0.005298
v 0.039250 0.004670 -0.006016
v 0.039250 0.005132 -0.006566
v 0.039250 0.005839 -0.006691
v 0.039250 0.006461 -0.006332
v 0.039250 -0.018450 0.005750
v 0.039250 -0.018813 0.006746
v 0.039250 -0.019731 0.007276
v 0.039250 -0.020775 0.007092
v 0.039250 -0.021457 0.006280
v 0.039250 -0.021457 0.005220
v 0.039250 -0.020775 0.004408
v 0.039250 -0.019731 0.004224
v 0.039250 -0.018813 0.004754
v 0.039250 -0.018450 -0.018250
v 0.039250 -0.018813 -0.017254
v 0.039250 -0.019731 -0.016724
v 0.039250 -0.020775 -0.016908
v 0.039250 -0.021457 -0.017720
v 0.039250 -0.021457 -0.018780
v 0.039250 -0.020775 -0.019592
v 0.039250 -0.019731 -0.019776
v 0.039250 -0.018813 -0.019246
v 0.039250 -0.004607 -0.005657
v 0.039250 -0.004853 -0.004982
v 0.039250 -0.005475 -0.004623
v 0.039250 -0.006182 -0.004748
v 0.039250 -0.006644 -0.005298
v 0.039250 -0.006644 -0.006016
v 0.039250 -0.006182 -0.006566
v 0.039250 -0.005475 -0.006691
v 0.039250 -0.004853 -0.006332
v 0.039250 -0.006950 0.000000
v 0.039250 -0.007196 0.000675
v 0.039250 -0.007818 0.001034
v 0.039250 -0.008525 0.000909
v 0.039250 -0.008987 0.000359
v 0.039250 -0.008987 -0.000359
v 0.039250 -0.008525 -0.000909
v 0.039250 -0.007818 -0.001034
v 0.039250 -0.007196 -0.000675
v 0.039250 -0.004607 0.005657
v 0.039250 -0.004853 0.006332
v 0.039250 -0.005475 0.006691
v 0.039250 -0.006182 0.006566
v 0.039250 -0.006644 0.006016
v 0.039250 -0.006644 0.005298
v 0.039250 -0.006182 0.004748
v 0.039250 -0.005475 0.004623
v 0.039250 -0.004853 0.004982
v 0.039250 0.000000 0.009750
v 0.039250 0.005819 0.007823
v 0.039250 0.009338 0.002805
v 0.039250 0.009167 -0.003322
v -0.042750 0.010516 -0.013357
v -0.042750 0.009951 -0.013708
v -0.042750 0.009322 -0.013926
v -0.042750 0.008660 -0.014000
v -0.044750 0.008660 -0.014000
v -0.044750 0.009322 -0.013926
v -0.044750 0.009951 -0.013708
v -0.044750 0.010516 -0.013357
v -0.044750 0.011537 -0.012486
v -0.044750 0.012486 -0.011537
v -0.044750 0.013357 -0.010516
v -0.042750 0.013357 -0.010516
v -0.042750 0.012486 -0.011537
v -0.042750 0.011537 -0.012486
v -0.044750 0.000098 -0.014000
v -0.044750 -0.002222 -0.014226
v -0.044750 -0.004454 -0.014897
v -0.044750 -0.006515 -0.015986
v -0.044750 -0.015248 -0.021753
v -0.044750 -0.015763 -0.022026
v -0.044750 -0.016321 -0.022193
v -0.044750 -0.016901 -0.022250
v -0.044750 -0.021000 -0.022250
v -0.044750 -0.022500 -0.021848
v -0.044750 -0.023598 -0.020750
v -0.044750 -0.024000 -0.019250
v -0.044750 -0.024000 0.006750
v -0.044750 -0.023598 0.008250
v -0.044750 -0.022500 0.009348
v -0.044750 -0.021000 0.009750
v -0.044750 -0.019182 0.009750
v -0.044750 -0.016319 0.010097
v -0.044750 -0.013621 0.011116
v -0.044750 -0.011244 0.012750
v -0.044750 -0.010516 0.013357
v -0.044750 -0.009951 0.013708
v -0.044750 -0.009322 0.013926
v -0.044750 -0.008660 0.014000
v -0.044750 0.008660 0.014000
v -0.044750 0.009322 0.013926
v -0.044750 0.009951 0.013708
v -0.044750 0.010516 0.013357
v -0.044750 0.012486 0.011537
v -0.044750 0.013357 0.010516
v -0.044750 0.013708 0.009951
v -0.044750 0.013926 0.009322
v -0.044750 0.014000 0.008660
v -0.044750 0.014000 -0.008660
v -0.044750 0.013926 -0.009322
v -0.044750 0.013708 -0.009951
v -0.044750 -0.018450 -0.018250
v -0.044750 -0.018813 -0.017254
v -0.044750 -0.019731 -0.016724
v -0.044750 -0.020775 -0.016908
v -0.044750 -0.021457 -0.017720
v -0.044750 -0.021457 -0.018780
v -0.044750 -0.020775 -0.019592
v -0.044750 -0.019731 -0.019776
v -0.044750 -0.018813 -0.019246
v -0.044750 -0.018450 0.005750
v -0.044750 -0.018813 0.006746
v -0.044750 -0.019731 0.007276
v -0.044750 -0.020775 0.007092
v -0.044750 -0.021457 0.006280
v -0.044750 -0.021457 0.005220
v -0.044750 -0.020775 0.004408
v -0.044750 -0.019731 0.004224
v -0.044750 -0.018813 0.004754
v -0.044750 0.011000 0.000000
v -0.044750 0.008426 0.007071
v -0.044750 0.001910 0.010833
v -0.044750 -0.005500 0.009526
v -0.044750 -0.010337 0.003762
v -0.044750 -0.010337 -0.003762
v -0.044750 -0.005500 -0.009526
v -0.044750 0.001910 -0.010833
v -0.044750 0.008426 -0.007071
v -0.044750 0.011553 -0.010253
v -0.044750 0.011249 -0.009417
v -0.044750 0.010479 -0.008973
v -0.044750 0.009603 -0.009127
v -0.044750 0.009031 -0.009808
v -0.044750 0.009031 -0.010698
v -0.044750 0.009603 -0.011379
v -0.044750 0.010479 -0.011533
v -0.044750 0.011249 -0.011089
v -0.044750 -0.008953 -0.010253
v -0.044750 -0.009257 -0.009417
v -0.044750 -0.010027 -0.008973
v -0.044750 -0.010903 -0.009127
v -0.044750 -0.011475 -0.009808
v -0.044750 -0.011475 -0.010698
v -0.044750 -0.010903 -0.011379
v -0.044750 -0.010027 -0.011533
v -0.044750 -0.009257 -0.011089
v -0.044750 -0.008953 0.010253
v -0.044750 -0.009257 0.011089
v -0.044750 -0.010027 0.011533
v -0.044750 -0.010903 0.011379
v -0.044750 -0.011475 0.010698
v -0.044750 -0.011475 0.009808
v -0.044750 -0.010903 0.009127
v -0.044750 -0.010027 0.008973
v -0.044750 -0.009257 0.009417
v -0.044750 0.011553 0.010253
v -0.044750 0.011249 0.011089
v -0.044750 0.010479 0.011533
v -0.044750 0.009603 0.011379
v -0.044750 0.009031 0.010698
v -0.044750 0.009031 0.009808
v -0.044750 0.009603 0.009127
v -0.044750 0.010479 0.008973
v -0.044750 0.011249 0.009417
v -0.042750 0.014000 -0.008660
v -0.042750 0.013926 -0.009322
v -0.042750 0.013708 -0.009951
v -0.042750 0.014000 0.008660
v -0.042750 0.013357 0.010516
v -0.042750 0.013708 0.009951
v -0.042750 0.013926 0.009322
v -0.042750 0.010516 0.013357
v -0.042750 0.012486 0.011537
v -0.042750 0.008660 0.014000
v -0.042750 0.009322 0.013926
v -0.042750 0.009951 0.013708
v -0.042750 -0.008660 0.014000
v -0.042750 -0.010516 0.013357
v -0.042750 -0.009951 0.013708
v -0.042750 -0.009322 0.013926
v -0.042750 -0.011244 0.012750
v -0.042750 0.000098 -0.014000
v -0.042750 -0.002222 -0.014226
v -0.042750 -0.004454 -0.014897
v -0.042750 -0.006515 -0.015986
v -0.042750 -0.019182 0.009750
v -0.042750 -0.016319 0.010097
v -0.042750 -0.013621 0.011116
v -0.042750 -0.021000 0.009750
v -0.042750 -0.015248 -0.021753
v -0.042750 -0.015763 -0.022026
v -0.042750 -0.016321 -0.022193
v -0.042750 -0.016901 -0.022250
v -0.042750 -0.021000 -0.022250
v -0.042750 -0.022500 -0.021848
v -0.042750 -0.023598 -0.020750
v -0.042750 -0.024000 -0.019250
v -0.042750 -0.024000 0.006750
v -0.042750 -0.023598 0.008250
v -0.042750 -0.022500 0.009348
v -0.042750 0.011553 0.010253
v -0.042750 0.011249 0.011089
v -0.042750 0.010479 0.011533
v -0.042750 0.009603 0.011379
v -0.042750 0.009031 0.010698
v -0.042750 0.009031 0.009808
v -0.042750 0.009603 0.009127
v -0.042750 0.010479 0.008973
v -0.042750 0.011249 0.009417
v -0.042750 -0.008953 0.010253
v -0.042750 -0.009257 0.011089
v -0.042750 -0.010027 0.011533
v -0.042750 -0.010903 0.011379
v -0.042750 -0.011475 0.010698
v -0.042750 -0.011475 0.009808
v -0.042750 -0.010903 0.009127
v -0.042750 -0.010027 0.008973
v -0.042750 -0.009257 0.009417
v -0.042750 -0.008953 -0.010253
v -0.042750 -0.009257 -0.009417
v -0.042750 -0.010027 -0.008973
v -0.042750 -0.010903 -0.009127
v -0.042750 -0.011475 -0.009808
v -0.042750 -0.011475 -0.010698
v -0.042750 -0.010903 -0.011379
v -0.042750 -0.010027 -0.011533
v -0.042750 -0.009257 -0.011089
v -0.042750 0.011553 -0.010253
v -0.042750 0.011249 -0.009417
v -0.042750 0.010479 -0.008973
v -0.042750 0.009603 -0.009127
v -0.042750 0.009031 -0.009808
v -0.042750 0.009031 -0.010698
v -0.042750 0.009603 -0.011379
v -0.042750 0.010479 -0.011533
v -0.042750 0.011249 -0.011089
v -0.042750 0.011000 0.000000
v -0.042750 0.008426 0.007071
v -0.042750 0.001910 0.010833
v -0.042750 -0.005500 0.009526
v -0.042750 -0.010337 0.003762
v -0.042750 -0.010337 -0.003762
v -0.042750 -0.005500 -0.009526
v -0.042750 0.001910 -0.010833
v -0.042750 0.008426 -0.007071
v -0.042750 -0.018450 0.005750
v -0.042750 -0.018813 0.006746
v -0.042750 -0.019731 0.007276
v -0.042750 -0.020775 0.007092
v -0.042750 -0.021457 0.006280
v -0.042750 -0.021457 0.005220
v -0.042750 -0.020775 0.004408
v -0.042750 -0.019731 0.004224
v -0.042750 -0.018813 0.004754
v -0.042750 -0.018450 -0.018250
v -0.042750 -0.018813 -0.017254
v -0.042750 -0.019731 -0.016724
v -0.042750 -0.020775 -0.016908
v -0.042750 -0.021457 -0.017720
v -0.042750 -0.021457 -0.018780
v -0.042750 -0.020775 -0.019592
v -0.042750 -0.019731 -0.019776
v -0.042750 -0.018813 -0.019246
v -0.037750 0.008660 0.014000
v -0.037750 0.009322 0.013926
v -0.037750 0.009951 0.013708
v -0.037750 0.010516 0.013357
v -0.042750 0.010516 0.013357
v -0.042750 0.009951 0.013708
v -0.042750 0.009322 0.013926
v -0.042750 0.008660 0.014000
v -0.042750 -0.012020 0.000000
v -0.042750 -0.009208 -0.007726
v -0.042750 -0.002087 -0.011837
v -0.042750 0.006010 -0.010410
v -0.042750 0.011295 -0.004111
v -0.042750 0.011295 0.004111
v -0.042750 0.006010 0.010410
v -0.042750 -0.002087 0.011837
v -0.042750 -0.009208 0.007726
v -0.042750 0.011537 0.012486
v -0.042750 0.013357 0.010516
v -0.042750 0.013708 0.009951
v -0.042750 0.013926 0.009322
v -0.042750 0.014000 0.008660
v -0.042750 0.014000 -0.008660
v -0.042750 0.013926 -0.009322
v -0.042750 0.013708 -0.009951
v -0.042750 0.013357 -0.010516
v -0.042750 0.012486 -0.011537
v -0.042750 0.010516 -0.013357
v -0.042750 0.009951 -0.013708
v -0.042750 0.009322 -0.013926
v -0.042750 0.008660 -0.014000
v -0.042750 -0.008660 -0.014000
v -0.042750 -0.009322 -0.013926
v -0.042750 -0.009951 -0.013708
v -0.042750 -0.010516 -0.013357
v -0.042750 -0.012486 -0.011537
v -0.042750 -0.013357 -0.010516
v -0.042750 -0.013708 -0.009951
v -0.042750 -0.013926 -0.009322
v -0.042750 -0.014000 -0.008660
v -0.042750 -0.014000 0.008660
v -0.042750 -0.013926 0.009322
v -0.042750 -0.013708 0.009951
v -0.042750 -0.013357 0.010516
v -0.042750 -0.012486 0.011537
v -0.042750 -0.010516 0.013357
v -0.042750 -0.009951 0.013708
v -0.042750 -0.009322 0.013926
v -0.042750 -0.008660 0.014000
v -0.042750 0.011603 -0.010253
v -0.042750 0.011287 -0.009385
v -0.042750 0.010487 -0.008924
v -0.042750 0.009578 -0.009084
v -0.042750 0.008984 -0.009791
v -0.042750 0.008984 -0.010715
v -0.042750 0.009578 -0.011422
v -0.042750 0.010487 -0.011583
v -0.042750 0.011287 -0.011121
v -0.042750 -0.008903 -0.010253
v -0.042750 -0.009219 -0.009385
v -0.042750 -0.010019 -0.008924
v -0.042750 -0.010928 -0.009084
v -0.042750 -0.011522 -0.009791
v -0.042750 -0.011522 -0.010715
v -0.042750 -0.010928 -0.011422
v -0.042750 -0.010019 -0.011583
v -0.042750 -0.009219 -0.011121
v -0.042750 -0.008903 0.010253
v -0.042750 -0.009219 0.011121
v -0.042750 -0.010019 0.011583
v -0.042750 -0.010928 0.011422
v -0.042750 -0.011522 0.010715
v -0.042750 -0.011522 0.009791
v -0.042750 -0.010928 0.009084
v -0.042750 -0.010019 0.008924
v -0.042750 -0.009219 0.009385
v -0.042750 0.011603 0.010253
v -0.042750 0.011287 0.011121
v -0.042750 0.010487 0.011583
v -0.042750 0.009578 0.011422
v -0.042750 0.008984 0.010715
v -0.042750 0.008984 0.009791
v -0.042750 0.009578 0.009084
v -0.042750 0.010487 0.008924
v -0.042750 0.011287 0.009385
v -0.037750 0.011537 0.012486
v -0.037750 0.012486 0.011537
v -0.037750 0.013357 0.010516
v -0.037750 0.013708 0.009951
v -0.037750 0.013926 0.009322
v -0.037750 0.014000 0.008660
v -0.037750 0.014000 -0.008660
v -0.037750 0.013926 -0.009322
v -0.037750 0.013708 -0.009951
v -0.037750 0.013357 -0.010516
v -0.037750 0.012486 -0.011537
v -0.037750 0.011537 -0.012486
v -0.037750 0.010516 -0.013357
v -0.037750 0.009951 -0.013708
v -0.037750 0.009322 -0.013926
v -0.037750 0.008660 -0.014000
v -0.037750 -0.008660 -0.014000
v -0.037750 -0.009322 -0.013926
v -0.037750 -0.009951 -0.013708
v -0.037750 -0.010516 -0.013357
v -0.037750 -0.012486 -0.011537
v -0.037750 -0.013357 -0.010516
v -0.037750 -0.013708 -0.009951
v -0.037750 -0.013926 -0.009322
v -0.037750 -0.014000 -0.008660
v -0.037750 -0.014000 0.008660
v -0.037750 -0.013926 0.009322
v -0.037750 -0.013708 0.009951
v -0.037750 -0.013357 0.010516
v -0.037750 -0.012486 0.011537
v -0.037750 -0.010516 0.013357
v -0.037750 -0.009951 0.013708
v -0.037750 -0.009322 0.013926
v -0.037750 -0.008660 0.014000
v -0.038750 -0.012020 0.000000
v -0.038750 -0.009208 -0.007726
v -0.038750 -0.002087 -0.011837
v -0.038750 0.006010 -0.010410
v -0.038750 0.011295 -0.004111
v -0.038750 0.011295 0.004111
v -0.038750 0.006010 0.010410
v -0.038750 -0.002087 0.011837
v -0.038750 -0.009208 0.007726
v -0.038750 -0.011000 0.000000
v -0.038750 -0.008426 -0.007071
v -0.038750 -0.001910 -0.010833
v -0.038750 0.005500 -0.009526
v -0.038750 0.010337 -0.003762
v -0.038750 0.010337 0.003762
v -0.038750 0.005500 0.009526
v -0.038750 -0.001910 0.010833
v -0.038750 -0.008426 0.007071
v -0.037750 0.011603 0.010253
v -0.037750 0.011287 0.011121
v -0.037750 0.010487 0.011583
v -0.037750 0.009578 0.011422
v -0.037750 0.008984 0.010715
v -0.037750 0.008984 0.009791
v -0.037750 0.009578 0.009084
v -0.037750 0.010487 0.008924
v -0.037750 0.011287 0.009385
v -0.037750 -0.008903 0.010253
v -0.037750 -0.009219 0.011121
v -0.037750 -0.010019 0.011583
v -0.037750 -0.010928 0.011422
v -0.037750 -0.011522 0.010715
v -0.037750 -0.011522 0.009791
v -0.037750 -0.010928 0.009084
v -0.037750 -0.010019 0.008924
v -0.037750 -0.009219 0.009385
v -0.037750 -0.008903 -0.010253
v -0.037750 -0.009219 -0.009385
v -0.037750 -0.010019 -0.008924
v -0.037750 -0.010928 -0.009084
v -0.037750 -0.011522 -0.009791
v -0.037750 -0.011522 -0.010715
v -0.037750 -0.010928 -0.011422
v -0.037750 -0.010019 -0.011583
v -0.037750 -0.009219 -0.011121
v -0.037750 0.011603 -0.010253
v -0.037750 0.011287 -0.009385
v -0.037750 0.010487 -0.008924
v -0.037750 0.009578 -0.009084
v -0.037750 0.008984 -0.009791
v -0.037750 0.008984 -0.010715
v -0.037750 0.009578 -0.011422
v -0.037750 0.010487 -0.011583
v -0.037750 0.011287 -0.011121
v -0.037750 0.011000 0.000000
v -0.037750 0.008426 0.007071
v -0.037750 0.001910 0.010833
v -0.037750 -0.005500 0.009526
v -0.037750 -0.010337 0.003762
v -0.037750 -0.010337 -0.003762
v -0.037750 -0.005500 -0.009526
v -0.037750 0.001910 -0.010833
v -0.037750 0.008426 -0.007071
v 0.046250 -0.025500 -0.014250
v 0.045548 -0.025500 -0.016178
v 0.043771 -0.025500 -0.017204
v 0.041750 -0.025500 -0.016848
v 0.040431 -0.025500 -0.015276
v 0.040431 -0.025500 -0.013224
v 0.041750 -0.025500 -0.011652
v 0.043771 -0.025500 -0.011296
v 0.045548 -0.025500 -0.012322
v 0.046250 -0.027000 -0.014250
v 0.045548 -0.027000 -0.012322
v 0.043771 -0.027000 -0.011296
v 0.041750 -0.027000 -0.011652
v 0.040431 -0.027000 -0.013224
v 0.040431 -0.027000 -0.015276
v 0.041750 -0.027000 -0.016848
v 0.043771 -0.027000 -0.017204
v 0.045548 -0.027000 -0.016178
v 0.044800 -0.025500 -0.014250
v 0.044437 -0.025500 -0.015246
v 0.043519 -0.025500 -0.015776
v 0.042475 -0.025500 -0.015592
v 0.041793 -0.025500 -0.014780
v 0.041793 -0.025500 -0.013720
v 0.042475 -0.025500 -0.012908
v 0.043519 -0.025500 -0.012724
v 0.044437 -0.025500 -0.013254
v -0.035750 -0.025500 -0.014250
v -0.036452 -0.025500 -0.016178
v -0.038229 -0.025500 -0.017204
v -0.040250 -0.025500 -0.016848
v -0.041569 -0.025500 -0.015276
v -0.041569 -0.025500 -0.013224
v -0.040250 -0.025500 -0.011652
v -0.038229 -0.025500 -0.011296
v -0.036452 -0.025500 -0.012322
v -0.035750 -0.027000 -0.014250
v -0.036452 -0.027000 -0.012322
v -0.038229 -0.027000 -0.011296
v -0.040250 -0.027000 -0.011652
v -0.041569 -0.027000 -0.013224
v -0.041569 -0.027000 -0.015276
v -0.040250 -0.027000 -0.016848
v -0.038229 -0.027000 -0.017204
v -0.036452 -0.027000 -0.016178
v -0.037200 -0.025500 -0.014250
v -0.037563 -0.025500 -0.015246
v -0.038481 -0.025500 -0.015776
v -0.039525 -0.025500 -0.015592
v -0.040207 -0.025500 -0.014780
v -0.040207 -0.025500 -0.013720
v -0.039525 -0.025500 -0.012908
v -0.038481 -0.025500 -0.012724
v -0.037563 -0.025500 -0.013254
v 0.046250 -0.025500 0.001750
v 0.045548 -0.025500 -0.000178
v 0.043771 -0.025500 -0.001204
v 0.041750 -0.025500 -0.000848
v 0.040431 -0.025500 0.000724
v 0.040431 -0.025500 0.002776
v 0.041750 -0.025500 0.004348
v 0.043771 -0.025500 0.004704
v 0.045548 -0.025500 0.003678
v 0.046250 -0.027000 0.001750
v 0.045548 -0.027000 0.003678
v 0.043771 -0.027000 0.004704
v 0.041750 -0.027000 0.004348
v 0.040431 -0.027000 0.002776
v 0.040431 -0.027000 0.000724
v 0.041750 -0.027000 -0.000848
v 0.043771 -0.027000 -0.001204
v 0.045548 -0.027000 -0.000178
v 0.044800 -0.025500 0.001750
v 0.044437 -0.025500 0.000754
v 0.043519 -0.025500 0.000224
v 0.042475 -0.025500 0.000408
v 0.041793 -0.025500 0.001220
v 0.041793 -0.025500 0.002280
v 0.042475 -0.025500 0.003092
v 0.043519 -0.025500 0.003276
v 0.044437 -0.025500 0.002746
v -0.035750 -0.025500 0.001750
v -0.036452 -0.025500 -0.000178
v -0.038229 -0.025500 -0.001204
v -0.040250 -0.025500 -0.000848
v -0.041569 -0.025500 0.000724
v -0.041569 -0.025500 0.002776
v -0.040250 -0.025500 0.004348
v -0.038229 -0.025500 0.004704
v -0.036452 -0.025500 0.003678
v -0.035750 -0.027000 0.001750
v -0.036452 -0.027000 0.003678
v -0.038229 -0.027000 0.004704
v -0.040250 -0.027000 0.004348
v -0.041569 -0.027000 0.002776
v -0.041569 -0.027000 0.000724
v -0.040250 -0.027000 -0.000848
v -0.038229 -0.027000 -0.001204
v -0.036452 -0.027000 -0.000178
v -0.037200 -0.025500 0.001750
v -0.037563 -0.025500 0.000754
v -0.038481 -0.025500 0.000224
v -0.039525 -0.025500 0.000408
v -0.040207 -0.025500 0.001220
v -0.040207 -0.025500 0.002280
v -0.039525 -0.025500 0.003092
v -0.038481 -0.025500 0.003276
v -0.037563 -0.025500 0.002746
v -0.001050 -0.024000 0.008000
v -0.000804 -0.024000 0.008675
v -0.000182 -0.024000 0.009034
v 0.000525 -0.024000 0.008909
v 0.000987 -0.024000 0.008359
v 0.000987 -0.024000 0.007641
v 0.000525 -0.024000 0.007091
v -0.000182 -0.024000 0.006966
v -0.000804 -0.024000 0.007325
v 0.001050 -0.027000 0.008000
v 0.000804 -0.027000 0.008675
v 0.000182 -0.027000 0.009034
v -0.000525 -0.027000 0.008909
v -0.000987 -0.027000 0.008359
v -0.000987 -0.027000 0.007641
v -0.000525 -0.027000 0.007091
v 0.000182 -0.027000 0.006966
v 0.000804 -0.027000 0.007325
v -0.001050 -0.024000 -0.008000
v -0.000804 -0.024000 -0.007325
v -0.000182 -0.024000 -0.006966
v 0.000525 -0.024000 -0.007091
v 0.000987 -0.024000 -0.007641
v 0.000987 -0.024000 -0.008359
v 0.000525 -0.024000 -0.008909
v -0.000182 -0.024000 -0.009034
v -0.000804 -0.024000 -0.008675
v 0.001050 -0.027000 -0.008000
v 0.000804 -0.027000 -0.007325
v 0.000182 -0.027000 -0.006966
v -0.000525 -0.027000 -0.007091
v -0.000987 -0.027000 -0.007641
v -0.000987 -0.027000 -0.008359
v -0.000525 -0.027000 -0.008909
v 0.000182 -0.027000 -0.009034
v 0.000804 -0.027000 -0.008675
v -0.006707 -0.024000 -0.005657
v -0.006461 -0.024000 -0.004982
v -0.005839 -0.024000 -0.004623
v -0.005132 -0.024000 -0.004748
v -0.004670 -0.024000 -0.005298
v -0.004670 -0.024000 -0.006016
v -0.005132 -0.024000 -0.006566
v -0.005839 -0.024000 -0.006691
v -0.006461 -0.024000 -0.006332
v -0.004607 -0.027000 -0.005657
v -0.004853 -0.027000 -0.004982
v -0.005475 -0.027000 -0.004623
v -0.006182 -0.027000 -0.004748
v -0.006644 -0.027000 -0.005298
v -0.006644 -0.027000 -0.006016
v -0.006182 -0.027000 -0.006566
v -0.005475 -0.027000 -0.006691
v -0.004853 -0.027000 -0.006332
v 0.004607 -0.024000 0.005657
v 0.004853 -0.024000 0.006332
v 0.005475 -0.024000 0.006691
v 0.006182 -0.024000 0.006566
v 0.006644 -0.024000 0.006016
v 0.006644 -0.024000 0.005298
v 0.006182 -0.024000 0.004748
v 0.005475 -0.024000 0.004623
v 0.004853 -0.024000 0.004982
v 0.006707 -0.027000 0.005657
v 0.006461 -0.027000 0.006332
v 0.005839 -0.027000 0.006691
v 0.005132 -0.027000 0.006566
v 0.004670 -0.027000 0.006016
v 0.004670 -0.027000 0.005298
v 0.005132 -0.027000 0.004748
v 0.005839 -0.027000 0.004623
v 0.006461 -0.027000 0.004982
v -0.006707 -0.024000 0.005657
v -0.006461 -0.024000 0.006332
v -0.005839 -0.024000 0.006691
v -0.005132 -0.024000 0.006566
v -0.004670 -0.024000 0.006016
v -0.004670 -0.024000 0.005298
v -0.005132 -0.024000 0.004748
v -0.005839 -0.024000 0.004623
v -0.006461 -0.024000 0.004982
v -0.004607 -0.027000 0.005657
v -0.004853 -0.027000 0.006332
v -0.005475 -0.027000 0.006691
v -0.006182 -0.027000 0.006566
v -0.006644 -0.027000 0.006016
v -0.006644 -0.027000 0.005298
v -0.006182 -0.027000 0.004748
v -0.005475 -0.027000 0.004623
v -0.004853 -0.027000 0.004982
v 0.004607 -0.024000 -0.005657
v 0.004853 -0.024000 -0.004982
v 0.005475 -0.024000 -0.004623
v 0.006182 -0.024000 -0.004748
v 0.006644 -0.024000 -0.005298
v 0.006644 -0.024000 -0.006016
v 0.006182 -0.024000 -0.006566
v 0.005475 -0.024000 -0.006691
v 0.004853 -0.024000 -0.006332
v 0.006707 -0.027000 -0.005657
v 0.006461 -0.027000 -0.004982
v 0.005839 -0.027000 -0.004623
v 0.005132 -0.027000 -0.004748
v 0.004670 -0.027000 -0.005298
v 0.004670 -0.027000 -0.006016
v 0.005132 -0.027000 -0.006566
v 0.005839 -0.027000 -0.006691
v 0.006461 -0.027000 -0.006332
v -0.009050 -0.024000 0.000000
v -0.008804 -0.024000 0.000675
v -0.008182 -0.024000 0.001034
v -0.007475 -0.024000 0.000909
v -0.007013 -0.024000 0.000359
v -0.007013 -0.024000 -0.000359
v -0.007475 -0.024000 -0.000909
v -0.008182 -0.024000 -0.001034
v -0.008804 -0.024000 -0.000675
v -0.006950 -0.027000 0.000000
v -0.007196 -0.027000 0.000675
v -0.007818 -0.027000 0.001034
v -0.008525 -0.027000 0.000909
v -0.008987 -0.027000 0.000359
v -0.008987 -0.027000 -0.000359
v -0.008525 -0.027000 -0.000909
v -0.007818 -0.027000 -0.001034
v -0.007196 -0.027000 -0.000675
v 0.006950 -0.024000 0.000000
v 0.007196 -0.024000 0.000675
v 0.007818 -0.024000 0.001034
v 0.008525 -0.024000 0.000909
v 0.008987 -0.024000 0.000359
v 0.008987 -0.024000 -0.000359
v 0.008525 -0.024000 -0.000909
v 0.007818 -0.024000 -0.001034
v 0.007196 -0.024000 -0.000675
v 0.009050 -0.027000 0.000000
v 0.008804 -0.027000 0.000675
v 0.008182 -0.027000 0.001034
v 0.007475 -0.027000 0.000909
v 0.007013 -0.027000 0.000359
v 0.007013 -0.027000 -0.000359
v 0.007475 -0.027000 -0.000909
v 0.008182 -0.027000 -0.001034
v 0.008804 -0.027000 -0.000675
v -0.004050 -0.024000 0.000000
v -0.003102 -0.024000 0.002603
v -0.000703 -0.024000 0.003988
v 0.002025 -0.024000 0.003507
v 0.003806 -0.024000 0.001385
v 0.003806 -0.024000 -0.001385
v 0.002025 -0.024000 -0.003507
v -0.000703 -0.024000 -0.003988
v -0.003102 -0.024000 -0.002603
v 0.004050 -0.027000 0.000000
v 0.003102 -0.027000 0.002603
v 0.000703 -0.027000 0.003988
v -0.002025 -0.027000 0.003507
v -0.003806 -0.027000 0.001385
v -0.003806 -0.027000 -0.001385
v -0.002025 -0.027000 -0.003507
v 0.000703 -0.027000 -0.003988
v 0.003102 -0.027000 -0.002603
v 0.044250 -0.027000 0.009750
v 0.045750 -0.027000 0.009348
v 0.046848 -0.027000 0.008250
v 0.047250 -0.027000 0.006750
v 0.047250 -0.024000 0.006750
v 0.046848 -0.024000 0.008250
v 0.045750 -0.024000 0.009348
v 0.044250 -0.024000 0.009750
v 0.047250 -0.024000 -0.019250
v 0.046848 -0.024000 -0.020750
v 0.045750 -0.024000 -0.021848
v 0.044250 -0.024000 -0.022250
v -0.041750 -0.024000 -0.022250
v -0.043250 -0.024000 -0.021848
v -0.044348 -0.024000 -0.020750
v -0.044750 -0.024000 -0.019250
v -0.044750 -0.024000 0.006750
v -0.044348 -0.024000 0.008250
v -0.043250 -0.024000 0.009348
v -0.041750 -0.024000 0.009750
v 0.044800 -0.024000 -0.014250
v 0.044437 -0.024000 -0.013254
v 0.043519 -0.024000 -0.012724
v 0.042475 -0.024000 -0.012908
v 0.041793 -0.024000 -0.013720
v 0.041793 -0.024000 -0.014780
v 0.042475 -0.024000 -0.015592
v 0.043519 -0.024000 -0.015776
v 0.044437 -0.024000 -0.015246
v -0.037200 -0.024000 -0.014250
v -0.037563 -0.024000 -0.013254
v -0.038481 -0.024000 -0.012724
v -0.039525 -0.024000 -0.012908
v -0.040207 -0.024000 -0.013720
v -0.040207 -0.024000 -0.014780
v -0.039525 -0.024000 -0.015592
v -0.038481 -0.024000 -0.015776
v -0.037563 -0.024000 -0.015246
v 0.044800 -0.024000 0.001750
v 0.044437 -0.024000 0.002746
v 0.043519 -0.024000 0.003276
v 0.042475 -0.024000 0.003092
v 0.041793 -0.024000 0.002280
v 0.041793 -0.024000 0.001220
v 0.042475 -0.024000 0.000408
v 0.043519 -0.024000 0.000224
v 0.044437 -0.024000 0.000754
v -0.037200 -0.024000 0.001750
v -0.037563 -0.024000 0.002746
v -0.038481 -0.024000 0.003276
v -0.039525 -0.024000 0.003092
v -0.040207 -0.024000 0.002280
v -0.040207 -0.024000 0.001220
v -0.039525 -0.024000 0.000408
v -0.038481 -0.024000 0.000224
v -0.037563 -0.024000 0.000754
v 0.047250 -0.027000 -0.019250
v 0.046848 -0.027000 -0.020750
v 0.045750 -0.027000 -0.021848
v 0.044250 -0.027000 -0.022250
v -0.041750 -0.027000 -0.022250
v -0.043250 -0.027000 -0.021848
v -0.044348 -0.027000 -0.020750
v -0.044750 -0.027000 -0.019250
v -0.044750 -0.027000 0.006750
v -0.041750 -0.027000 0.009750
v -0.043250 -0.027000 0.009348
v -0.044348 -0.027000 0.008250
v -0.042750 -0.020928 -0.022250
v -0.042750 -0.018500 -0.020848
v -0.035211 -0.018500 -0.020848
v -0.036300 -0.020281 -0.021876
v -0.037001 -0.020764 -0.022155
v -0.037750 -0.020928 -0.022250
v -0.042750 -0.017380 -0.019712
v -0.042750 -0.017001 -0.018162
v -0.042750 -0.017470 -0.016637
v -0.034750 -0.017470 -0.016637
v -0.034750 -0.017105 -0.017464
v -0.034750 -0.017002 -0.018362
v -0.034750 -0.017172 -0.019250
v -0.034897 -0.017701 -0.020177
v -0.037750 -0.020928 0.009750
v -0.037001 -0.020764 0.009655
v -0.036300 -0.020281 0.009376
v -0.035211 -0.018500 0.008348
v -0.042750 -0.018500 0.008348
v -0.042750 -0.020928 0.009750
v -0.034897 -0.017701 0.007677
v -0.034750 -0.017172 0.006750
v -0.034750 -0.017002 0.005862
v -0.034750 -0.017105 0.004964
v -0.034750 -0.017470 0.004137
v -0.042750 -0.017470 0.004137
v -0.042750 -0.017001 0.005662
v -0.042750 -0.017380 0.007212
v -0.037750 -0.024000 -0.022250
v -0.042750 -0.024000 -0.022250
v -0.034750 -0.019250 -0.019250
v -0.034760 -0.020000 -0.019500
v -0.034750 -0.020750 -0.019250
v -0.034750 -0.024000 -0.019250
v -0.035152 -0.024000 -0.020750
v -0.036250 -0.024000 -0.021848
v -0.042750 -0.024000 0.009750
v -0.037750 -0.024000 0.009750
v -0.042750 -0.020155 -0.002616
v -0.042750 -0.020155 -0.009884
v -0.042750 -0.018750 -0.018250
v -0.042750 -0.019042 -0.017447
v -0.042750 -0.019783 -0.017019
v -0.042750 -0.020625 -0.017167
v -0.042750 -0.021175 -0.017822
v -0.042750 -0.021175 -0.018678
v -0.042750 -0.020625 -0.019333
v -0.042750 -0.019783 -0.019481
v -0.042750 -0.019042 -0.019053
v -0.042750 -0.018750 0.005750
v -0.042750 -0.019042 0.006553
v -0.042750 -0.019783 0.006981
v -0.042750 -0.020625 0.006833
v -0.042750 -0.021175 0.006178
v -0.042750 -0.021175 0.005322
v -0.042750 -0.020625 0.004667
v -0.042750 -0.019783 0.004519
v -0.042750 -0.019042 0.004947
v -0.034750 -0.020155 -0.002616
v -0.034750 -0.020155 -0.009884
v -0.038750 -0.018142 0.003000
v -0.039246 -0.018197 0.002897
v -0.039648 -0.018344 0.002620
v -0.040000 -0.018760 0.001764
v -0.039916 -0.018964 0.001300
v -0.039656 -0.019133 0.000889
v -0.039249 -0.019243 0.000604
v -0.038750 -0.019283 0.000500
v -0.038251 -0.019243 0.000604
v -0.037844 -0.019133 0.000889
v -0.037584 -0.018964 0.001300
v -0.037500 -0.018760 0.001764
v -0.037852 -0.018344 0.002620
v -0.038254 -0.018197 0.002897
v -0.038750 -0.019283 -0.013000
v -0.039249 -0.019243 -0.013104
v -0.039656 -0.019133 -0.013389
v -0.039916 -0.018964 -0.013800
v -0.040000 -0.018760 -0.014264
v -0.039648 -0.018344 -0.015120
v -0.039246 -0.018197 -0.015397
v -0.038750 -0.018142 -0.015500
v -0.038254 -0.018197 -0.015397
v -0.037852 -0.018344 -0.015120
v -0.037500 -0.018760 -0.014264
v -0.037584 -0.018964 -0.013800
v -0.037844 -0.019133 -0.013389
v -0.038251 -0.019243 -0.013104
v -0.034750 -0.018778 -0.018515
v -0.034750 -0.018903 -0.017651
v -0.034750 -0.019563 -0.017079
v -0.034750 -0.020437 -0.017079
v -0.034750 -0.021097 -0.017651
v -0.034750 -0.021222 -0.018515
v -0.036250 -0.024000 0.009348
v -0.035152 -0.024000 0.008250
v -0.034750 -0.024000 0.006750
v -0.034750 -0.020750 0.006750
v -0.034760 -0.020000 0.007000
v -0.034750 -0.019250 0.006750
v -0.034750 -0.021222 0.006015
v -0.034750 -0.021097 0.005151
v -0.034750 -0.020437 0.004579
v -0.034750 -0.019563 0.004579
v -0.034750 -0.018903 0.005151
v -0.034750 -0.018778 0.006015
v -0.037500 -0.024000 -0.014250
v -0.037792 -0.024000 -0.015053
v -0.038533 -0.024000 -0.015481
v -0.039375 -0.024000 -0.015333
v -0.039925 -0.024000 -0.014678
v -0.039925 -0.024000 -0.013822
v -0.039375 -0.024000 -0.013167
v -0.038533 -0.024000 -0.013019
v -0.037792 -0.024000 -0.013447
v -0.037500 -0.024000 0.001750
v -0.037792 -0.024000 0.000947
v -0.038533 -0.024000 0.000519
v -0.039375 -0.024000 0.000667
v -0.039925 -0.024000 0.001322
v -0.039925 -0.024000 0.002178
v -0.039375 -0.024000 0.002833
v -0.038533 -0.024000 0.002981
v -0.037792 -0.024000 0.002553
v 0.039250 -0.020928 -0.022250
v 0.039250 -0.018500 -0.020848
v 0.046789 -0.018500 -0.020848
v 0.045700 -0.020281 -0.021876
v 0.044999 -0.020764 -0.022155
v 0.044250 -0.020928 -0.022250
v 0.039250 -0.017380 -0.019712
v 0.039250 -0.017001 -0.018162
v 0.039250 -0.017470 -0.016637
v 0.047250 -0.017470 -0.016637
v 0.047250 -0.017105 -0.017464
v 0.047250 -0.017002 -0.018362
v 0.047250 -0.017172 -0.019250
v 0.047103 -0.017701 -0.020177
v 0.044250 -0.020928 0.009750
v 0.044999 -0.020764 0.009655
v 0.045700 -0.020281 0.009376
v 0.046789 -0.018500 0.008348
v 0.039250 -0.018500 0.008348
v 0.039250 -0.020928 0.009750
v 0.047103 -0.017701 0.007677
v 0.047250 -0.017172 0.006750
v 0.047250 -0.017002 0.005862
v 0.047250 -0.017105 0.004964
v 0.047250 -0.017470 0.004137
v 0.039250 -0.017470 0.004137
v 0.039250 -0.017001 0.005662
v 0.039250 -0.017380 0.007212
v 0.044250 -0.024000 -0.022250
v 0.039250 -0.024000 -0.022250
v 0.047250 -0.019250 -0.019250
v 0.047240 -0.020000 -0.019500
v 0.047250 -0.020750 -0.019250
v 0.047250 -0.024000 -0.019250
v 0.046848 -0.024000 -0.020750
v 0.045750 -0.024000 -0.021848
v 0.039250 -0.024000 0.009750
v 0.044250 -0.024000 0.009750
v 0.039250 -0.020155 -0.002616
v 0.039250 -0.020155 -0.009884
v 0.039250 -0.018750 -0.018250
v 0.039250 -0.019042 -0.017447
v 0.039250 -0.019783 -0.017019
v 0.039250 -0.020625 -0.017167
v 0.039250 -0.021175 -0.017822
v 0.039250 -0.021175 -0.018678
v 0.039250 -0.020625 -0.019333
v 0.039250 -0.019783 -0.019481
v 0.039250 -0.019042 -0.019053
v 0.039250 -0.018750 0.005750
v 0.039250 -0.019042 0.006553
v 0.039250 -0.019783 0.006981
v 0.039250 -0.020625 0.006833
v 0.039250 -0.021175 0.006178
v 0.039250 -0.021175 0.005322
v 0.039250 -0.020625 0.004667
v 0.039250 -0.019783 0.004519
v 0.039250 -0.019042 0.004947
v 0.047250 -0.020155 -0.002616
v 0.047250 -0.020155 -0.009884
v 0.043250 -0.018142 0.003000
v 0.042754 -0.018197 0.002897
v 0.042352 -0.018344 0.002620
v 0.042000 -0.018760 0.001764
v 0.042084 -0.018964 0.001300
v 0.042344 -0.019133 0.000889
v 0.042751 -0.019243 0.000604
v 0.043250 -0.019283 0.000500
v 0.043749 -0.019243 0.000604
v 0.044156 -0.019133 0.000889
v 0.044416 -0.018964 0.001300
v 0.044500 -0.018760 0.001764
v 0.044148 -0.018344 0.002620
v 0.043746 -0.018197 0.002897
v 0.043250 -0.019283 -0.013000
v 0.042751 -0.019243 -0.013104
v 0.042344 -0.019133 -0.013389
v 0.042084 -0.018964 -0.013800
v 0.042000 -0.018760 -0.014264
v 0.042352 -0.018344 -0.015120
v 0.042754 -0.018197 -0.015397
v 0.043250 -0.018142 -0.015500
v 0.043746 -0.018197 -0.015397
v 0.044148 -0.018344 -0.015120
v 0.044500 -0.018760 -0.014264
v 0.044416 -0.018964 -0.013800
v 0.044156 -0.019133 -0.013389
v 0.043749 -0.019243 -0.013104
v 0.047250 -0.018778 -0.018515
v 0.047250 -0.018903 -0.017651
v 0.047250 -0.019563 -0.017079
v 0.047250 -0.020437 -0.017079
v 0.047250 -0.021097 -0.017651
v 0.047250 -0.021222 -0.018515
v 0.045750 -0.024000 0.009348
v 0.046848 -0.024000 0.008250
v 0.047250 -0.024000 0.006750
v 0.047250 -0.020750 0.006750
v 0.047240 -0.020000 0.007000
v 0.047250 -0.019250 0.006750
v 0.047250 -0.021222 0.006015
v 0.047250 -0.021097 0.005151
v 0.047250 -0.020437 0.004579
v 0.047250 -0.019563 0.004579
v 0.047250 -0.018903 0.005151
v 0.047250 -0.018778 0.006015
v 0.044500 -0.024000 -0.014250
v 0.044208 -0.024000 -0.015053
v 0.043467 -0.024000 -0.015481
v 0.042625 -0.024000 -0.015333
v 0.042075 -0.024000 -0.014678
v 0.042075 -0.024000 -0.013822
v 0.042625 -0.024000 -0.013167
v 0.043467 -0.024000 -0.013019
v 0.044208 -0.024000 -0.013447
v 0.044500 -0.024000 0.001750
v 0.044208 -0.024000 0.000947
v 0.043467 -0.024000 0.000519
v 0.042625 -0.024000 0.000667
v 0.042075 -0.024000 0.001322
v 0.042075 -0.024000 0.002178
v 0.042625 -0.024000 0.002833
v 0.043467 -0.024000 0.002981
v 0.044208 -0.024000 0.002553
vt 0.100000 0.109956
vt 0.100000 0.183260
vt -0.100000 0.183260
vt -0.100000 0.109956
vt 0.100000 0.036652
vt 0.100000 0.109956
vt -0.100000 0.109956
vt -0.100000 0.036652
vt 0.100000 0.183260
vt 0.100000 0.256563
vt -0.100000 0.256563
vt -0.100000 0.183260
vt 0.100000 -0.270526
vt 0.100000 -0.162316
vt -0.100000 -0.162316
vt -0.100000 -0.270526
vt 0.100000 0.045379
vt 0.100000 0.136136
vt -0.100000 0.136136
vt -0.100000 0.045379
vt -0.100000 -0.033347
vt -0.100000 -0.100042
vt 0.100000 -0.100042
vt 0.100000 -0.033347
vt -0.250000 -0.033347
vt -0.250000 -0.100042
vt 0.250000 -0.100042
vt 0.250000 -0.033347
vt 0.921889 -1.112081
vt 0.890305 -1.025305
vt 0.921889 -0.938529
vt 0.920785 -0.772631
vt 0.208725 -1.183739
vt -0.227249 1.123193
vt -0.251815 1.190685
vt -0.510000 0.975740
vt -0.331924 0.763518
vt -0.331924 0.486482
vt -0.510000 0.274260
vt -0.782828 0.226153
vt -0.730733 -0.071595
vt -0.660000 -0.084067
vt -0.613832 -0.139088
vt -0.251815 0.059315
vt -0.227249 0.126807
vt -0.165048 0.162719
vt -0.094315 0.150247
vt -0.048147 0.095227
vt -0.048147 0.023402
vt 0.186168 0.589088
vt 0.140000 0.534067
vt 0.069267 0.521595
vt 0.007065 0.557507
vt -0.017500 0.625000
vt 0.007065 0.692493
vt -0.165048 1.087281
vt -0.250000 -0.033347
vt -0.250000 -0.100042
vt 0.250000 -0.100042
vt 0.250000 -0.033347
vt -0.150000 0.235619
vt -0.150000 0.078540
vt 0.150000 0.078540
vt 0.150000 0.235619
vt -0.100000 0.144547
vt -0.100000 -0.144547
vt 0.100000 -0.144547
vt 0.100000 0.144547
vt 0.100000 0.150000
vt 0.100000 -0.150000
vt 8.700000 -0.150000
vt 8.700000 0.150000
vt 0.100000 0.183260
vt 0.100000 0.256563
vt -0.100000 0.256563
vt -0.100000 0.183260
vt 1.687500 1.300000
vt 1.647308 1.450000
vt 1.365000 1.334234
vt 1.433152 1.253013
vt 1.433152 1.146987
vt 1.365000 1.065766
vt -0.150000 0.054105
vt -0.150000 -0.054105
vt 0.000000 -0.054105
vt 0.000000 0.054105
vt 0.100000 -0.036652
vt 0.100000 0.036652
vt -0.100000 0.036652
vt -0.100000 -0.036652
vt -0.792935 -0.107507
vt -1.179518 0.095227
vt -1.179518 0.023402
vt -1.225685 -0.031618
vt -1.249780 -0.188606
vt 0.586701 -1.401361
vt 1.132500 -1.200000
vt 1.168763 -1.100368
vt 1.260585 -1.047355
vt -0.094315 -0.031618
vt -0.165048 -0.044090
vt -0.227249 -0.008178
vt -0.613832 -0.210912
vt -0.660000 -0.265933
vt -0.730733 -0.278405
vt -0.792935 -0.242493
vt -0.817500 -0.175000
vt -0.150000 -0.078540
vt -0.150000 -0.235619
vt 0.150000 -0.235619
vt 0.150000 -0.078540
vt 0.000000 -0.209440
vt 0.150000 -0.209440
vt 0.150000 0.000000
vt 0.000000 0.000000
vt 0.250000 -0.424115
vt 0.250000 -0.329867
vt -0.250000 -0.329867
vt -0.250000 -0.424115
vt 0.000000 2.517463
vt 0.400000 2.517463
vt 0.400000 3.356617
vt 0.000000 3.356617
vt 0.100000 0.054105
vt 0.100000 0.162316
vt -0.100000 0.162316
vt -0.100000 0.054105
vt 0.100000 -0.256563
vt 0.100000 -0.183260
vt -0.100000 -0.183260
vt -0.100000 -0.256563
vt 0.100000 -0.162316
vt 0.100000 -0.054105
vt -0.100000 -0.054105
vt -0.100000 -0.162316
vt -0.225000 -0.078540
vt -0.225000 -0.235619
vt 0.075000 -0.235619
vt 0.075000 -0.078540
vt 0.100000 0.036652
vt 0.100000 0.109956
vt -0.100000 0.109956
vt -0.100000 0.036652
vt -0.250000 0.376874
vt -0.250000 0.242629
vt -0.250000 0.108383
vt 0.250000 0.108383
vt 0.250000 0.376874
vt 0.100000 -0.424115
vt 0.100000 -0.141372
vt -0.100000 -0.141372
vt -0.100000 -0.424115
vt -0.100000 0.235619
vt -0.100000 0.078540
vt 0.100000 0.078540
vt 0.100000 0.235619
vt 0.100000 -0.329867
vt 0.100000 -0.256563
vt -0.100000 -0.256563
vt -0.100000 -0.329867
vt -0.100000 -0.033347
vt -0.100000 -0.100042
vt 0.100000 -0.100042
vt 0.100000 -0.033347
vt 0.100000 -1.151917
vt 0.100000 -0.383972
vt -0.100000 -0.383972
vt -0.100000 -1.151917
vt 0.100000 0.045379
vt 0.100000 0.136136
vt -0.100000 0.136136
vt -0.100000 0.045379
vt -0.250000 0.242629
vt -0.250000 0.108383
vt 0.250000 0.108383
vt 0.250000 0.242629
vt 0.100000 0.989602
vt 0.100000 1.272345
vt -0.100000 1.272345
vt -0.100000 0.989602
vt 0.100000 0.109956
vt -0.100000 0.109956
vt 0.100000 -0.706858
vt -0.100000 -0.706858
vt -0.100000 0.433641
vt 0.100000 0.433641
vt 0.100000 -0.408407
vt 0.100000 -0.317650
vt -0.100000 -0.317650
vt -0.100000 -0.408407
vt -0.225000 0.235619
vt -0.225000 0.078540
vt 0.075000 0.078540
vt 0.075000 0.235619
vt 0.100000 -0.256563
vt 0.100000 -0.183260
vt -0.100000 -0.183260
vt -0.100000 -0.256563
vt -0.150000 0.486947
vt -0.150000 0.378736
vt -0.000000 0.378736
vt -0.000000 0.486947
vt 0.100000 -0.226893
vt 0.100000 -0.136136
vt -0.100000 -0.136136
vt -0.100000 -0.226893
vt 0.000000 0.837758
vt 0.150000 0.837758
vt 0.150000 1.047198
vt 0.000000 1.047198
vt 0.100000 0.183260
vt 0.100000 0.256563
vt -0.100000 0.256563
vt -0.100000 0.183260
vt 0.250000 0.141372
vt 0.250000 0.235619
vt -0.250000 0.235619
vt -0.250000 0.141372
vt -0.100000 0.350178
vt -0.100000 0.116726
vt 0.100000 0.116726
vt 0.100000 0.350178
vt 0.100000 0.378736
vt 0.100000 0.486947
vt -0.100000 0.486947
vt -0.100000 0.378736
vt 0.100000 -0.109956
vt 0.100000 -0.036652
vt -0.100000 -0.036652
vt -0.100000 -0.109956
vt 0.100000 -0.378736
vt -0.100000 -0.378736
vt 0.250000 0.047124
vt 0.250000 0.141372
vt -0.250000 0.141372
vt -0.250000 0.047124
vt 0.000000 -0.837758
vt 0.150000 -0.837758
vt 0.150000 -0.628319
vt 0.000000 -0.628319
vt 0.100000 0.256563
vt 0.100000 0.329867
vt -0.100000 0.329867
vt -0.100000 0.256563
vt -0.150000 -0.378736
vt -0.150000 -0.486947
vt -0.000000 -0.486947
vt -0.000000 -0.378736
vt 0.100000 0.136136
vt 0.100000 0.226893
vt -0.100000 0.226893
vt -0.100000 0.136136
vt 0.100000 -0.256563
vt 0.100000 -0.183260
vt -0.100000 -0.183260
vt -0.100000 -0.256563
vt 0.100000 -0.109956
vt 0.100000 -0.036652
vt -0.100000 -0.036652
vt -0.100000 -0.109956
vt 0.300000 0.100000
vt 0.300000 -0.100000
vt 2.900000 -0.100000
vt 2.900000 0.100000
vt 0.100000 0.270526
vt -0.100000 0.270526
vt -0.150000 0.486947
vt -0.150000 0.378736
vt -0.000000 0.378736
vt -0.000000 0.486947
vt -0.150000 0.270526
vt 0.000000 0.270526
vt -0.100000 -0.033347
vt -0.100000 -0.100042
vt 0.100000 -0.100042
vt 0.100000 -0.033347
vt 0.100000 -0.317650
vt 0.100000 -0.226893
vt -0.100000 -0.226893
vt -0.100000 -0.317650
vt 0.100000 0.329867
vt -0.100000 0.329867
vt 0.100000 -0.256563
vt 0.100000 -0.183260
vt -0.100000 -0.183260
vt -0.100000 -0.256563
vt -0.100000 0.235619
vt -0.100000 0.078540
vt 0.100000 0.078540
vt 0.100000 0.235619
vt -0.250000 0.100042
vt -0.250000 0.033347
vt 0.250000 0.033347
vt 0.250000 0.100042
vt -0.100000 0.623503
vt -0.100000 -0.000000
vt 0.100000 -0.000000
vt 0.100000 0.623503
vt 0.250000 -0.329867
vt 0.250000 -0.235619
vt -0.250000 -0.235619
vt -0.250000 -0.329867
vt 0.100000 -0.226893
vt 0.100000 -0.136136
vt -0.100000 -0.136136
vt -0.100000 -0.226893
vt 0.250000 -0.047124
vt 0.250000 0.047124
vt -0.250000 0.047124
vt -0.250000 -0.047124
vt 0.400000 0.839154
vt 0.000000 0.839154
vt 0.000000 0.000000
vt 0.400000 0.000000
vt 0.100000 -0.109956
vt 0.100000 -0.036652
vt -0.100000 -0.036652
vt -0.100000 -0.109956
vt 0.100000 -0.408407
vt -0.100000 -0.408407
vt 0.100000 0.424115
vt 0.100000 0.706858
vt -0.100000 0.706858
vt -0.100000 0.424115
vt 0.100000 -0.486947
vt 0.100000 -0.378736
vt -0.100000 -0.378736
vt -0.100000 -0.486947
vt 0.100000 -0.486947
vt -0.100000 -0.486947
vt 1.202000 0.000000
vt 0.920785 0.772631
vt 0.842649 0.707066
vt 1.100000 0.000000
vt 0.842649 -0.707066
vt 0.191013 -1.083289
vt -0.550000 -0.952628
vt -1.033662 -0.376222
vt -1.033662 0.376222
vt -0.550000 0.952628
vt -0.601000 1.040963
vt -1.129511 0.411108
vt -1.129511 -0.411108
vt -0.601000 -1.040963
vt 0.208725 -1.183739
vt 0.920785 -0.772631
vt 0.229813 0.192836
vt 0.052094 0.295442
vt -0.077500 0.134234
vt 0.026915 0.152645
vt 0.118737 0.099632
vt 0.155000 0.000000
vt 0.118737 -0.099632
vt 0.026915 -0.152645
vt 0.052094 -0.295442
vt 0.229813 -0.192836
vt 0.300000 0.000000
vt 0.000000 1.678309
vt 0.400000 1.678309
vt -0.100000 -0.078540
vt -0.100000 -0.235619
vt 0.100000 -0.235619
vt 0.100000 -0.078540
vt 0.000000 0.837758
vt 0.150000 0.837758
vt 0.150000 1.047198
vt 0.000000 1.047198
vt 0.100000 0.183260
vt 0.100000 0.256563
vt -0.100000 0.256563
vt -0.100000 0.183260
vt -0.250000 0.033347
vt -0.250000 -0.033347
vt 0.250000 -0.033347
vt 0.250000 0.033347
vt -0.100000 -0.033347
vt -0.100000 -0.100042
vt 0.100000 -0.100042
vt 0.100000 -0.033347
vt 0.100000 -0.183260
vt -0.100000 -0.183260
vt -0.100000 0.350178
vt -0.100000 0.116726
vt 0.100000 0.116726
vt 0.100000 0.350178
vt -0.250000 0.511120
vt -0.250000 0.376874
vt 0.250000 0.376874
vt 0.250000 0.511120
vt 0.250000 0.141372
vt 0.250000 0.235619
vt -0.250000 0.235619
vt -0.250000 0.141372
vt 0.660000 -0.084067
vt 0.730733 -0.071595
vt 0.782828 0.226153
vt 0.510000 0.274260
vt 0.227249 0.126807
vt 0.251815 0.059315
vt -0.250000 0.100042
vt -0.250000 0.033347
vt 0.250000 0.033347
vt 0.250000 0.100042
vt 1.358620 1.123193
vt 1.296418 1.087281
vt 1.460000 0.715933
vt 1.530733 0.728405
vt 1.592935 0.692493
vt 1.617500 0.625000
vt 1.592935 0.557507
vt 1.629163 0.292804
vt 1.646280 0.905499
vt 1.294367 1.407340
vt 0.712500 1.600000
vt 0.792935 1.492493
vt 0.817500 1.425000
vt 1.225685 1.281618
vt 1.296418 1.294090
vt 1.358620 1.258178
vt 1.383185 1.190685
vt 0.100000 -0.054105
vt 0.100000 0.054105
vt -0.100000 0.054105
vt -0.100000 -0.054105
vt 2.900000 0.000000
vt 2.900000 0.300000
vt 0.300000 0.300000
vt 0.300000 0.000000
vt -0.100000 0.100042
vt -0.100000 0.033347
vt 0.100000 0.033347
vt 0.100000 0.100042
vt 0.250000 0.329867
vt 0.250000 0.424115
vt -0.250000 0.424115
vt -0.250000 0.329867
vt 1.249780 -0.188606
vt 0.792935 -0.242493
vt 0.730733 -0.278405
vt -0.586701 -1.401361
vt -0.000000 0.628319
vt 0.150000 0.628319
vt 0.150000 0.837758
vt -0.000000 0.837758
vt 0.100000 0.378736
vt 0.100000 0.486947
vt -0.100000 0.486947
vt -0.100000 0.378736
vt 0.100000 -0.329867
vt -0.100000 -0.329867
vt 0.100000 -0.045379
vt -0.100000 -0.045379
vt 0.660000 1.515933
vt 0.730733 1.528405
vt 0.165048 1.294090
vt 0.227249 1.258178
vt 0.251815 1.190685
vt 0.227249 1.123193
vt 0.165048 1.087281
vt 0.094315 1.099753
vt 0.048147 1.154773
vt 0.048147 1.226598
vt 0.094315 1.281618
vt -1.387500 1.600000
vt -1.168763 1.299632
vt -1.132500 1.200000
vt -1.168763 1.100368
vt -1.260585 1.047355
vt -1.365000 1.065766
vt -1.433152 1.146987
vt -1.433152 1.253013
vt -1.365000 1.334234
vt -1.647308 1.450000
vt -1.687500 1.300000
vt -1.687500 -1.300000
vt -1.433152 -1.146987
vt -1.365000 -1.065766
vt -1.260585 -1.047355
vt -1.168763 -1.100368
vt -1.132500 -1.200000
vt -0.792756 -1.510307
vt 0.660000 -0.265933
vt 0.613832 -0.210912
vt 0.613832 -0.139088
vt 0.227249 -0.008178
vt 0.165048 -0.044090
vt 0.094315 -0.031618
vt 0.048147 0.023402
vt 0.048147 0.095227
vt 0.094315 0.150247
vt 0.165048 0.162719
vt 0.331924 0.486482
vt -0.007065 0.557507
vt -0.069267 0.521595
vt -0.140000 0.534067
vt -0.186168 0.589088
vt -0.186168 0.660912
vt -0.140000 0.715933
vt -0.069267 0.728405
vt -0.007065 0.692493
vt 0.331924 0.763518
vt 0.510000 0.975740
vt 0.782828 1.023847
vt 1.022748 0.885329
vt 1.117500 0.625000
vt 1.022748 0.364671
vt 1.296418 0.162719
vt 1.358620 0.126807
vt 1.383185 0.059315
vt 1.358620 -0.008178
vt 1.296418 -0.044090
vt 1.225685 -0.031618
vt 1.179518 0.023402
vt 1.179518 0.095227
vt 0.792935 -0.107507
vt 0.817500 -0.175000
vt 1.530733 0.521595
vt 1.460000 0.534067
vt 1.413832 0.589088
vt 1.413832 0.660912
vt 1.225685 1.099753
vt 1.179518 1.154773
vt 1.179518 1.226598
vt 0.792935 1.357507
vt 0.730733 1.321595
vt 0.660000 1.334067
vt 0.613832 1.389088
vt 0.613832 1.460912
vt 0.017500 0.625000
vt 0.100000 0.256563
vt 0.100000 0.329867
vt -0.100000 0.329867
vt -0.100000 0.256563
vt 0.000000 -2.517463
vt 0.400000 -2.517463
vt 0.400000 -1.678309
vt 0.000000 -1.678309
vt 0.250000 0.329867
vt 0.250000 0.424115
vt -0.250000 0.424115
vt -0.250000 0.329867
vt 0.026915 0.152645
vt 0.118737 0.099632
vt 0.155000 0.000000
vt 0.118737 -0.099632
vt 0.026915 -0.152645
vt -0.077500 -0.134234
vt -0.145652 -0.053013
vt -0.150000 -0.259808
vt 0.052094 -0.295442
vt 0.229813 -0.192836
vt 0.300000 0.000000
vt 0.229813 0.192836
vt 0.052094 0.295442
vt -0.150000 0.259808
vt -0.077500 0.134234
vt -1.900000 -0.453525
vt -1.892617 -0.519672
vt -1.870831 -0.582563
vt -1.835714 -0.639102
vt -1.748595 -0.741194
vt -1.653694 -0.836095
vt -1.624891 -0.696367
vt -1.655305 -0.612805
vt -1.624891 -0.529242
vt -1.547879 -0.484780
vt -1.460305 -0.500222
vt -1.403145 -0.568342
vt -1.403145 -0.657267
vt -1.460305 -0.725388
vt -1.495063 -0.958331
vt -1.432172 -0.980117
vt -1.366025 -0.987500
vt -0.509770 -0.987500
vt -0.277788 -1.010137
vt -0.054558 -1.077193
vt 0.151498 -1.186139
vt 0.425719 -0.696367
vt 0.395305 -0.612805
vt 0.425719 -0.529242
vt 0.502731 -0.484780
vt 0.590305 -0.500222
vt 0.647465 -0.568342
vt 0.647465 -0.657267
vt 0.590305 -0.725388
vt 1.345000 -1.412500
vt 1.381263 -1.312868
vt 1.473085 -1.259855
vt 1.577500 -1.278266
vt 1.473085 0.834855
vt 1.381263 0.887868
vt 1.345000 0.987500
vt 1.381263 1.087132
vt 1.473085 1.140145
vt 1.577500 1.121734
vt 1.645652 1.040513
vt 1.900000 1.087500
vt 1.859808 1.237500
vt 1.750000 1.347308
vt 1.600000 1.387500
vt 1.418170 1.387500
vt 1.131864 1.422155
vt 0.862095 1.524118
vt 0.624444 1.687500
vt 0.551602 1.748214
vt 0.495063 1.783331
vt 0.432172 1.805117
vt 0.366025 1.812500
vt -1.366025 1.812500
vt -1.432172 1.805117
vt -1.495063 1.783331
vt -1.551602 1.748214
vt -1.748595 1.566194
vt -1.835714 1.464102
vt -1.870831 1.407563
vt -1.892617 1.344672
vt -1.900000 1.278525
vt -1.624891 1.354242
vt -1.655305 1.437805
vt -1.624891 1.521367
vt -1.547879 1.565830
vt -1.460305 1.550388
vt -1.403145 1.482267
vt -1.403145 1.393342
vt -1.342649 1.119566
vt -0.691013 1.495789
vt 0.050000 1.365128
vt 0.425719 1.521367
vt 0.502731 1.565830
vt 0.590305 1.550388
vt 0.647465 1.482267
vt 0.647465 1.393342
vt 0.590305 1.325222
vt 0.502731 1.309780
vt 0.425719 1.354242
vt 0.533662 0.788722
vt 0.533662 0.036278
vt 0.050000 -0.540128
vt -0.691013 -0.670789
vt -1.342649 -0.294566
vt 0.100000 0.183260
vt 0.100000 0.256563
vt -0.100000 0.256563
vt -0.100000 0.183260
vt 0.100000 0.376874
vt 0.100000 0.511120
vt -0.100000 0.511120
vt -0.100000 0.376874
vt -0.250000 -0.100042
vt 0.250000 -0.100042
vt 0.100000 0.108383
vt 0.100000 0.242629
vt -0.100000 0.242629
vt -0.100000 0.108383
vt -1.547879 -0.740830
vt -1.551602 -0.923214
vt 0.150000 -0.418879
vt 0.000000 -0.418879
vt -0.100000 0.078540
vt -0.100000 -0.078540
vt 0.100000 -0.078540
vt 0.100000 0.078540
vt 1.653694 -0.836095
vt 1.748595 -0.741194
vt 1.624891 -0.696367
vt 1.547879 -0.740830
vt -0.150000 0.054105
vt -0.150000 -0.054105
vt 0.000000 -0.054105
vt 0.000000 0.054105
vt 0.000000 0.418879
vt 0.150000 0.418879
vt 0.150000 0.628319
vt -0.000000 0.628319
vt 0.150000 1.047198
vt 0.000000 1.047198
vt 0.100000 -0.378736
vt 0.100000 -0.270526
vt -0.100000 -0.270526
vt -0.100000 -0.378736
vt -0.150000 0.054105
vt -0.150000 -0.054105
vt 0.000000 -0.054105
vt 0.000000 0.054105
vt -0.150000 0.162316
vt 0.000000 0.162316
vt -0.150000 -0.054105
vt -0.150000 -0.162316
vt 0.000000 -0.162316
vt 0.000000 -0.054105
vt -1.247969 -1.600000
vt -1.015986 -1.577363
vt -1.168763 -1.299632
vt -1.260585 -1.352645
vt -1.365000 -1.334234
vt -1.433152 -1.253013
vt -1.647308 -1.450000
vt -1.537500 -1.559808
vt -1.387500 -1.600000
vt 0.250000 0.329867
vt 0.250000 0.424115
vt -0.250000 0.424115
vt -0.250000 0.329867
vt -4.700000 -1.300000
vt -4.659808 -1.450000
vt -4.550000 -1.559808
vt -4.400000 -1.600000
vt 4.200000 -1.600000
vt -3.870187 -0.992836
vt -4.047906 -1.095442
vt -4.250000 -1.059808
vt 0.360469 0.100000
vt 0.360469 -0.100000
vt 1.216724 -0.100000
vt 1.216724 0.100000
vt -1.600000 0.412500
vt -1.460305 1.325222
vt -1.547879 1.309780
vt -0.250000 0.100042
vt -0.250000 0.033347
vt 0.250000 0.033347
vt 0.250000 0.100042
vt 1.051602 -1.335714
vt 1.153694 -1.248595
vt 1.048747 -1.158254
vt 0.957805 -1.142218
vt 0.898446 -1.071478
vt 0.898446 -0.979132
vt 0.957805 -0.908391
vt 1.048747 -0.892356
vt 1.128721 -0.938529
vt 1.160305 -1.025305
vt 1.128721 -1.112081
vt 1.248595 -1.153694
vt 1.335714 -1.051602
vt 1.370831 -0.995063
vt 1.392617 -0.932172
vt 1.400000 -0.866025
vt 1.100000 0.000000
vt 0.842649 -0.707066
vt 0.191013 -1.083289
vt -0.550000 -0.952628
vt -1.033662 -0.376222
vt -0.921889 -0.938529
vt -0.890305 -1.025305
vt -0.921889 -1.112081
vt -0.866025 -1.400000
vt 0.866025 -1.400000
vt 0.932172 -1.392617
vt 0.995063 -1.370831
vt 0.395305 1.437805
vt 0.100000 -0.109956
vt 0.100000 -0.036652
vt -0.100000 -0.036652
vt -0.100000 -0.109956
vt 0.250000 -0.141372
vt 0.250000 -0.047124
vt -0.250000 -0.047124
vt -0.250000 -0.141372
vt -0.100000 -0.078540
vt 0.100000 -0.078540
vt 0.100000 0.036652
vt 0.100000 0.109956
vt -0.100000 0.109956
vt -0.100000 0.036652
vt 0.000000 -0.209440
vt 0.150000 -0.209440
vt 0.150000 0.000000
vt 0.000000 0.000000
vt -0.250000 0.242629
vt -0.250000 0.108383
vt 0.250000 0.108383
vt -0.250000 0.376874
vt -0.250000 0.108383
vt 0.250000 0.108383
vt 0.250000 0.376874
vt 0.100000 -0.136136
vt -0.100000 -0.136136
vt 0.100000 -0.256563
vt 0.100000 -0.183260
vt -0.100000 -0.183260
vt -0.100000 -0.256563
vt 0.100000 -0.045379
vt -0.100000 -0.045379
vt 0.090117 0.100000
vt 0.090117 -0.100000
vt 1.136655 -0.100000
vt 1.136655 0.100000
vt -1.592935 0.692493
vt -1.530733 0.728405
vt -1.646280 0.905499
vt -1.629163 0.292804
vt -1.296418 -0.044090
vt -1.358620 -0.008178
vt -1.383185 0.059315
vt -1.358620 0.126807
vt -1.296418 0.162719
vt -1.225685 0.150247
vt -1.022748 0.364671
vt -1.117500 0.625000
vt -1.022748 0.885329
vt -0.782828 1.023847
vt -0.613832 1.389088
vt -0.660000 1.334067
vt -0.730733 1.321595
vt -0.792935 1.357507
vt -0.817500 1.425000
vt -0.792935 1.492493
vt -0.730733 1.528405
vt -0.660000 1.515933
vt -0.613832 1.460912
vt -0.165048 1.294090
vt -0.094315 1.281618
vt -0.048147 1.226598
vt -0.048147 1.154773
vt -0.094315 1.099753
vt 0.069267 0.728405
vt 0.140000 0.715933
vt 0.186168 0.660912
vt 1.365000 -1.065766
vt 1.433152 -1.146987
vt 1.433152 -1.253013
vt 1.365000 -1.334234
vt 1.260585 -1.352645
vt 1.168763 -1.299632
vt 0.792756 -1.510307
vt 1.015986 -1.577363
vt 1.247969 -1.600000
vt 1.387500 -1.600000
vt 1.537500 -1.559808
vt 1.647308 -1.450000
vt 1.687500 -1.300000
vt 1.260585 1.047355
vt 1.168763 1.100368
vt 1.132500 1.200000
vt 1.168763 1.299632
vt 1.260585 1.352645
vt 1.537500 1.559808
vt 1.387500 1.600000
vt -0.712500 1.600000
vt -1.294367 1.407340
vt -1.296418 1.294090
vt -1.225685 1.281618
vt -1.179518 1.226598
vt -1.179518 1.154773
vt -1.225685 1.099753
vt -1.296418 1.087281
vt -1.460000 0.715933
vt -1.413832 0.660912
vt -1.413832 0.589088
vt -1.460000 0.534067
vt -1.530733 0.521595
vt -1.592935 0.557507
vt -1.617500 0.625000
vt 0.100000 0.226893
vt 0.100000 0.317650
vt -0.100000 0.317650
vt -0.100000 0.226893
vt -0.250000 0.100042
vt -0.250000 0.033347
vt 0.250000 0.033347
vt 0.250000 0.100042
vt -0.150000 -0.162316
vt 0.000000 -0.162316
vt 0.100000 -0.270526
vt 0.100000 -0.162316
vt -0.100000 -0.162316
vt -0.100000 -0.270526
vt 0.707386 -0.100000
vt 0.707386 0.100000
vt 0.525555 0.100000
vt 0.525555 -0.100000
vt -0.250000 0.511120
vt 0.250000 0.511120
vt 1.645652 0.934487
vt 1.577500 0.853266
vt 1.645652 -1.359487
vt 1.645652 -1.465513
vt 1.577500 -1.546734
vt 1.473085 -1.565145
vt 1.381263 -1.512132
vt 0.502731 -0.740830
vt 1.024800 -1.762840
vt 1.076314 -1.790077
vt 1.132122 -1.806841
vt 1.190117 -1.812500
vt 1.600000 -1.812500
vt 1.750000 -1.772308
vt 1.859808 -1.662500
vt 1.900000 -1.512500
vt 0.100000 -0.270526
vt -0.100000 -0.270526
vt 0.100000 -0.486947
vt 0.100000 -0.378736
vt -0.100000 -0.378736
vt -0.100000 -0.486947
vt -0.100000 0.235619
vt -0.100000 0.078540
vt 0.100000 0.078540
vt 0.100000 0.235619
vt 0.100000 -0.109956
vt 0.100000 -0.036652
vt -0.100000 -0.036652
vt -0.100000 -0.109956
vt 0.000000 0.418879
vt 0.150000 0.418879
vt 0.150000 0.628319
vt 0.000000 0.628319
vt 0.100000 0.036652
vt -0.100000 0.036652
vt 0.100000 -0.317650
vt 0.100000 -0.226893
vt -0.100000 -0.226893
vt -0.100000 -0.317650
vt 0.250000 0.235619
vt -0.250000 0.235619
vt 0.100000 0.045379
vt 0.100000 0.136136
vt -0.100000 0.136136
vt -0.100000 0.045379
vt 1.547879 -0.484780
vt 1.624891 -0.529242
vt 1.655305 -0.612805
vt 1.835714 -0.639102
vt 1.870831 -0.582563
vt 1.892617 -0.519672
vt 1.900000 -0.453525
vt 1.900000 1.278525
vt 1.624891 1.354242
vt 1.547879 1.309780
vt 1.460305 1.325222
vt 1.342649 1.119566
vt 1.600000 0.412500
vt 1.342649 -0.294566
vt 0.691013 -0.670789
vt -0.050000 -0.540128
vt -0.533662 0.036278
vt -0.533662 0.788722
vt -0.050000 1.365128
vt -0.425719 1.354242
vt -0.502731 1.309780
vt -0.590305 1.325222
vt -0.647465 1.393342
vt -0.647465 1.482267
vt -0.590305 1.550388
vt -0.502731 1.565830
vt -0.551602 1.748214
vt -0.624444 1.687500
vt -0.862095 1.524118
vt -1.131864 1.422155
vt -1.418170 1.387500
vt -1.473085 1.140145
vt -1.381263 1.087132
vt -1.345000 0.987500
vt -1.381263 0.887868
vt -1.473085 0.834855
vt -1.577500 0.853266
vt -1.645652 0.934487
vt -1.645652 1.040513
vt -1.577500 1.121734
vt -1.750000 1.347308
vt -1.859808 1.237500
vt -1.900000 1.087500
vt -1.900000 -1.512500
vt -1.859808 -1.662500
vt -1.750000 -1.772308
vt -1.600000 -1.812500
vt -1.190117 -1.812500
vt -1.473085 -1.565145
vt -1.577500 -1.546734
vt -1.645652 -1.465513
vt -1.645652 -1.359487
vt -1.577500 -1.278266
vt -1.473085 -1.259855
vt -0.647465 -0.568342
vt -0.590305 -0.500222
vt -0.502731 -0.484780
vt -0.425719 -0.529242
vt -0.395305 -0.612805
vt -0.425719 -0.696367
vt -0.151498 -1.186139
vt 0.054558 -1.077193
vt 0.277788 -1.010137
vt 0.509770 -0.987500
vt 1.366025 -0.987500
vt 1.432172 -0.980117
vt 1.495063 -0.958331
vt 1.551602 -0.923214
vt 1.460305 -0.725388
vt 1.403145 -0.657267
vt 1.403145 -0.568342
vt 1.460305 -0.500222
vt -0.225000 0.078540
vt -0.225000 -0.078540
vt 0.075000 -0.078540
vt 0.075000 0.078540
vt -0.100000 1.870510
vt -0.100000 1.247007
vt 0.100000 1.247007
vt 0.100000 1.870510
vt -0.100000 -0.116726
vt -0.100000 -0.350178
vt 0.100000 -0.350178
vt 0.100000 -0.116726
vt -0.150000 -0.162316
vt -0.150000 -0.270526
vt 0.000000 -0.270526
vt 0.000000 -0.162316
vt -0.150000 0.378736
vt -0.150000 0.270526
vt 0.000000 0.270526
vt -0.000000 0.378736
vt -0.150000 -0.162316
vt -0.150000 -0.270526
vt 0.000000 -0.270526
vt 0.000000 -0.162316
vt 0.100000 0.162316
vt 0.100000 0.270526
vt -0.100000 0.270526
vt -0.100000 0.162316
vt -0.250000 0.511120
vt 0.250000 0.511120
vt -0.150000 0.270526
vt -0.150000 0.162316
vt 0.000000 0.162316
vt 0.000000 0.270526
vt -0.150000 -0.270526
vt -0.150000 -0.378736
vt -0.000000 -0.378736
vt 0.000000 -0.270526
vt 0.100000 0.109956
vt -0.100000 0.109956
vt 0.250000 -0.235619
vt 0.250000 -0.141372
vt -0.250000 -0.141372
vt -0.250000 -0.235619
vt 0.250000 -0.235619
vt -0.250000 -0.235619
vt -0.100000 0.087545
vt -0.100000 0.029182
vt 0.100000 0.029182
vt 0.100000 0.087545
vt 0.000000 -0.628319
vt 0.150000 -0.628319
vt 0.150000 -0.418879
vt 0.000000 -0.418879
vt -0.250000 0.511120
vt 0.250000 0.511120
vt 0.100000 0.317650
vt 0.100000 0.408407
vt -0.100000 0.408407
vt -0.100000 0.317650
vt 0.100000 -0.329867
vt -0.100000 -0.329867
vt -0.100000 0.100042
vt -0.100000 0.033347
vt 0.100000 0.033347
vt 0.100000 0.100042
vt 0.100000 -0.136136
vt -0.100000 -0.136136
vt -0.150000 -0.378736
vt -0.150000 -0.486947
vt -0.000000 -0.486947
vt -0.000000 -0.378736
vt 0.100000 0.329867
vt -0.100000 0.329867
vt 0.000000 0.418879
vt 0.150000 0.418879
vt 0.150000 0.628319
vt 0.000000 0.628319
vt 0.100000 -0.045379
vt -0.100000 -0.045379
vt 0.100000 0.226893
vt 0.100000 0.317650
vt -0.100000 0.317650
vt -0.100000 0.226893
vt 0.100000 -0.109956
vt 0.100000 -0.036652
vt -0.100000 -0.036652
vt -0.100000 -0.109956
vt 0.100000 -3.455752
vt 0.100000 -2.687807
vt -0.100000 -2.687807
vt -0.100000 -3.455752
vt 0.250000 -0.141372
vt -0.250000 -0.141372
vt 0.250000 -0.141372
vt 0.250000 -0.047124
vt -0.250000 -0.047124
vt -0.250000 -0.141372
vt -0.150000 0.162316
vt 0.000000 0.162316
vt -0.100000 -0.433641
vt 0.100000 -0.433641
vt 0.000000 0.209440
vt 0.150000 0.209440
vt 0.100000 -0.989602
vt -0.100000 -0.989602
vt 0.100000 0.036652
vt -0.100000 0.036652
vt 0.000000 0.000000
vt 0.150000 0.000000
vt 0.000000 -0.418879
vt 0.150000 -0.418879
vt 0.150000 -0.209440
vt 0.000000 -0.209440
vt -0.281908 0.102606
vt -0.281908 -0.102606
vt -0.145652 0.053013
vt 0.100000 -0.109956
vt -0.100000 -0.109956
vt 1.551602 1.748214
vt 1.495063 1.783331
vt 1.432172 1.805117
vt 1.366025 1.812500
vt -0.366025 1.812500
vt -0.432172 1.805117
vt -0.495063 1.783331
vt -0.425719 1.521367
vt -0.395305 1.437805
vt 0.691013 1.495789
vt 1.403145 1.393342
vt 1.403145 1.482267
vt 1.460305 1.550388
vt 1.547879 1.565830
vt 1.624891 1.521367
vt 1.655305 1.437805
vt 1.892617 1.344672
vt 1.870831 1.407563
vt 1.835714 1.464102
vt 1.748595 1.566194
vt -0.150000 0.162316
vt 0.000000 0.162316
vt 0.100000 0.378736
vt -0.100000 0.378736
vt 0.300000 0.150000
vt 0.300000 -0.150000
vt 2.900000 -0.150000
vt 2.900000 0.150000
vt 0.100000 -1.919862
vt -0.100000 -1.919862
vt -1.381263 -1.512132
vt -1.132122 -1.806841
vt -1.076314 -1.790077
vt -1.024800 -1.762840
vt -0.502731 -0.740830
vt -0.590305 -0.725388
vt -0.647465 -0.657267
vt -1.381263 -1.312868
vt -1.345000 -1.412500
vt 1.830390 -0.250000
vt 1.830390 0.250000
vt 0.098340 0.250000
vt 0.098340 -0.250000
vt 0.100000 -0.317650
vt -0.100000 -0.317650
vt 0.098340 0.250000
vt 0.098340 -0.250000
vt 1.830390 -0.250000
vt 1.830390 0.250000
vt -1.600000 1.387500
vt 0.300000 0.100000
vt 0.300000 -0.100000
vt 0.709883 -0.100000
vt 0.709883 0.100000
vt 0.100000 -0.183260
vt -0.100000 -0.183260
vt -0.100000 -0.116726
vt 0.100000 -0.116726
vt 0.000000 0.418879
vt 0.150000 0.418879
vt -0.150000 -0.378736
vt -0.000000 -0.378736
vt 0.100000 0.183260
vt -0.100000 0.183260
vt -1.051602 -1.335714
vt -0.995063 -1.370831
vt -0.932172 -1.392617
vt -0.957805 -1.142218
vt -1.048747 -1.158254
vt -1.128721 -1.112081
vt -1.160305 -1.025305
vt -1.128721 -0.938529
vt -1.048747 -0.892356
vt -0.957805 -0.908391
vt -1.129511 -0.411108
vt -1.129511 0.411108
vt -0.601000 1.040963
vt -0.898446 1.071478
vt -0.898446 0.979132
vt -0.957805 0.908391
vt -1.048747 0.892356
vt -1.128721 0.938529
vt -1.160305 1.025305
vt -1.128721 1.112081
vt -1.048747 1.158254
vt -0.957805 1.142218
vt -0.866025 1.400000
vt -0.932172 1.392617
vt -0.995063 1.370831
vt -1.051602 1.335714
vt -1.153694 1.248595
vt -1.335714 1.051602
vt -1.370831 0.995063
vt -1.392617 0.932172
vt -1.400000 0.866025
vt -1.400000 -0.866025
vt -1.392617 -0.932172
vt -1.370831 -0.995063
vt -1.335714 -1.051602
vt -1.248595 -1.153694
vt 0.871120 1.123193
vt 0.808918 1.087281
vt 0.535248 0.885329
vt 0.630000 0.625000
vt 0.926332 0.589088
vt 0.926332 0.660912
vt 0.972500 0.715933
vt 1.043233 0.728405
vt 3.981263 0.899632
vt 4.073085 0.952645
vt 4.400000 1.600000
vt -4.200000 1.600000
vt -4.350000 1.559808
vt -4.459808 1.450000
vt -4.500000 1.300000
vt -4.218737 0.899632
vt -4.126915 0.952645
vt -4.022500 0.934234
vt -0.439353 1.154773
vt -0.439353 1.226598
vt -0.393185 1.281618
vt -0.322452 1.294090
vt -0.260251 1.258178
vt -0.235685 1.190685
vt -0.260251 1.123193
vt -0.322452 1.087281
vt -0.393185 1.099753
vt -0.627500 0.715933
vt -0.556767 0.728405
vt -0.494565 0.692493
vt -0.470000 0.625000
vt -0.494565 0.557507
vt -0.556767 0.521595
vt -0.322452 0.162719
vt -0.260251 0.126807
vt 0.022500 0.274260
vt -0.155576 0.486482
vt -0.155576 0.763518
vt 0.022500 0.975740
vt 0.295328 1.023847
vt 0.738185 1.099753
vt 0.692018 1.154773
vt 0.692018 1.226598
vt 0.738185 1.281618
vt 0.243233 1.321595
vt 0.172500 1.334067
vt 0.126332 1.389088
vt 0.126332 1.460912
vt 0.172500 1.515933
vt 0.243233 1.528405
vt 0.305435 1.492493
vt 0.330000 1.425000
vt 0.808918 1.294090
vt 0.871120 1.258178
vt 0.895685 1.190685
vt 8.900000 -0.150000
vt 8.900000 0.150000
vt 0.300000 0.150000
vt 0.300000 -0.150000
vt 0.920785 0.772631
vt 0.921889 0.938529
vt 0.890305 1.025305
vt 0.921889 1.112081
vt 0.208725 1.183739
vt 1.152163 -0.979132
vt 1.152163 -1.071478
vt 1.092805 -1.142218
vt 1.001862 -1.158254
vt -0.601000 -1.040963
vt -0.898446 -0.979132
vt -0.898446 -1.071478
vt -0.866025 -1.400000
vt 0.866025 -1.400000
vt 0.932172 -1.392617
vt 0.995063 -1.370831
vt 1.051602 -1.335714
vt 1.248595 -1.153694
vt 1.335714 -1.051602
vt 1.370831 -0.995063
vt 1.392617 -0.932172
vt 1.400000 -0.866025
vt 1.400000 0.866025
vt 1.392617 0.932172
vt 1.370831 0.995063
vt 1.335714 1.051602
vt 1.248595 1.153694
vt 1.051602 1.335714
vt 0.995063 1.370831
vt 0.932172 1.392617
vt 0.866025 1.400000
vt 1.001862 1.158254
vt 1.092805 1.142218
vt 1.152163 1.071478
vt 1.152163 0.979132
vt 1.092805 0.908391
vt 1.001862 0.892356
vt 1.202000 0.000000
vt 1.001862 -0.892356
vt 1.092805 -0.908391
vt -0.150000 -0.486947
vt -0.000000 -0.486947
vt 0.100000 0.045379
vt -0.100000 0.045379
vt 0.100000 0.242629
vt -0.100000 0.242629
vt -0.100000 0.108383
vt 0.100000 0.108383
vt 0.100000 0.383972
vt 0.100000 1.151917
vt -0.100000 1.151917
vt -0.100000 0.383972
vt -0.100000 2.494014
vt 0.100000 2.494014
vt 0.000000 -3.356617
vt 0.400000 -3.356617
vt -0.150000 0.054105
vt 0.000000 0.054105
vt -0.000000 0.837758
vt 0.150000 0.837758
vt 0.150000 1.047198
vt 0.000000 1.047198
vt -0.100000 0.100042
vt -0.100000 0.033347
vt 0.100000 0.033347
vt 0.100000 0.100042
vt 0.100000 -0.329867
vt 0.100000 -0.256563
vt -0.100000 -0.256563
vt -0.100000 -0.329867
vt 0.100000 0.486947
vt -0.100000 0.486947
vt 0.100000 0.226893
vt 0.100000 0.317650
vt -0.100000 0.317650
vt -0.100000 0.226893
vt -0.250000 0.033347
vt -0.250000 -0.033347
vt 0.250000 -0.033347
vt 0.250000 0.033347
vt 0.250000 0.141372
vt 0.250000 0.235619
vt -0.250000 0.235619
vt -0.250000 0.141372
vt 0.100000 -0.045379
vt -0.100000 -0.045379
vt 0.000000 -0.839154
vt 0.400000 -0.839154
vt 0.000000 -0.837758
vt 0.150000 -0.837758
vt 0.100000 -0.162316
vt 0.100000 -0.054105
vt -0.100000 -0.054105
vt -0.100000 -0.162316
vt -1.358620 1.123193
vt -1.383185 1.190685
vt -1.358620 1.258178
vt 0.100000 0.109956
vt -0.100000 0.109956
vt 0.100000 0.183260
vt -0.100000 0.183260
vt 0.100000 -0.408407
vt -0.100000 -0.408407
vt 0.100000 -0.486947
vt -0.100000 -0.486947
vt 2.561250 -0.100000
vt 2.561250 0.100000
vt 0.360469 0.100000
vt 0.360469 -0.100000
vt 0.100000 0.408407
vt -0.100000 0.408407
vt -4.047906 1.095442
vt -4.400000 1.600000
vt -4.550000 1.559808
vt -4.659808 1.450000
vt -4.700000 1.300000
vt -4.250000 1.059808
vt -0.100000 0.100042
vt -0.100000 0.033347
vt 0.100000 0.033347
vt 0.100000 0.100042
vt -0.100000 -0.078540
vt 0.100000 -0.078540
vt -0.150000 0.078540
vt -0.150000 -0.078540
vt 0.150000 -0.078540
vt 0.150000 0.078540
vt 0.250000 0.047124
vt -0.250000 0.047124
vt 0.250000 0.047124
vt -0.250000 0.047124
vt 0.100000 2.687807
vt 0.100000 3.455752
vt -0.100000 3.455752
vt -0.100000 2.687807
vt -0.100000 -0.029182
vt 0.100000 -0.029182
vt -0.250000 0.033347
vt -0.250000 -0.033347
vt 0.250000 -0.033347
vt 0.250000 0.033347
vt 0.100000 -0.109956
vt 0.100000 -0.036652
vt -0.100000 -0.036652
vt -0.100000 -0.109956
vt 0.100000 0.036652
vt -0.100000 0.036652
vt -0.100000 -0.235619
vt 0.100000 -0.235619
vt -0.100000 0.235619
vt 0.100000 0.235619
vt 0.150000 0.209440
vt 0.000000 0.209440
vt 0.098340 0.250000
vt 0.098340 -0.250000
vt 1.830390 -0.250000
vt 1.830390 0.250000
vt -0.150000 0.486947
vt -0.150000 0.378736
vt -0.000000 0.378736
vt -0.000000 0.486947
vt -0.250000 -0.033347
vt 0.250000 -0.033347
vt 0.100000 0.054105
vt 0.100000 0.162316
vt -0.100000 0.162316
vt -0.100000 0.054105
vt 0.100000 0.109956
vt -0.100000 0.109956
vt -0.250000 -0.100042
vt 0.250000 -0.100042
vt 0.100000 -0.054105
vt -0.100000 -0.054105
vt 0.100000 0.408407
vt -0.100000 0.408407
vt 0.000000 -0.837758
vt 0.150000 -0.837758
vt 0.150000 -0.628319
vt 0.000000 -0.628319
vt 0.150000 -0.767945
vt 0.250000 -0.383972
vt 0.150000 -0.000000
vt 0.250000 0.383972
vt 0.150000 0.767945
vt 0.250000 1.151917
vt 0.150000 1.535890
vt 0.250000 1.919862
vt 0.150000 2.303835
vt 0.250000 2.687807
vt 0.150000 3.071779
vt 0.250000 3.455752
vt 0.150000 3.839724
vt 0.150000 -3.071779
vt 0.250000 -3.455752
vt 0.250000 -2.687807
vt 0.150000 -2.303835
vt 0.250000 -1.919862
vt 0.150000 -1.535890
vt 0.250000 -1.151917
vt -0.150000 -0.235619
vt 0.150000 -0.235619
vt 1.160305 1.025305
vt 1.128721 0.938529
vt 1.370831 0.995063
vt 1.335714 1.051602
vt 1.248595 1.153694
vt 1.128721 1.112081
vt -0.250000 -0.033347
vt -0.250000 -0.100042
vt 0.250000 -0.100042
vt 0.250000 -0.033347
vt 0.100000 1.919862
vt -0.100000 1.919862
vt -0.100000 0.033347
vt 0.100000 0.033347
vt 0.250000 0.329867
vt 0.250000 0.424115
vt -0.250000 0.424115
vt -0.250000 0.329867
vt 0.100000 0.270526
vt -0.100000 0.270526
vt -0.932172 1.392617
vt -1.001862 1.158254
vt -0.921889 1.112081
vt -0.866025 1.400000
vt 0.100000 0.256563
vt -0.100000 0.256563
vt -0.077500 0.134234
vt 0.026915 0.152645
vt 0.052094 0.295442
vt -0.150000 0.259808
vt -0.281908 0.102606
vt -0.281908 -0.102606
vt -0.150000 -0.259808
vt 0.052094 -0.295442
vt 0.229813 -0.192836
vt 0.300000 0.000000
vt 0.229813 0.192836
vt 0.155000 0.000000
vt 0.118737 -0.099632
vt 0.026915 -0.152645
vt -0.077500 -0.134234
vt -0.145652 -0.053013
vt -0.145652 0.053013
vt 0.100000 0.408407
vt -0.100000 0.408407
vt 0.100000 -0.408407
vt -0.100000 -0.408407
vt -0.145652 -0.053013
vt -0.145652 0.053013
vt -0.150000 0.259808
vt -0.281908 0.102606
vt -0.281908 -0.102606
vt -0.150000 -0.259808
vt -0.077500 -0.134234
vt 0.100000 -0.329867
vt 0.100000 -0.256563
vt -0.100000 -0.256563
vt -0.100000 -0.329867
vt 0.250000 -0.424115
vt 0.250000 -0.329867
vt -0.250000 -0.329867
vt -0.250000 -0.424115
vt 0.000000 0.209440
vt 0.150000 0.209440
vt -0.100000 -0.350178
vt 0.100000 -0.350178
vt 0.191013 1.083289
vt 0.208725 1.183739
vt 0.150000 -0.418879
vt 0.000000 -0.418879
vt 0.100000 0.329867
vt -0.100000 0.329867
vt -0.250000 -0.033347
vt -0.250000 -0.100042
vt 0.250000 -0.100042
vt 0.250000 -0.033347
vt -0.250000 0.100042
vt 0.250000 0.100042
vt 0.100000 0.141372
vt -0.100000 0.141372
vt -0.150000 -0.270526
vt 0.000000 -0.270526
vt 0.100000 -0.329867
vt -0.100000 -0.329867
vt 0.692018 0.095227
vt 0.295328 0.226153
vt -0.235685 0.059315
vt -0.260251 -0.008178
vt -0.322452 -0.044090
vt -0.393185 -0.031618
vt -0.439353 0.023402
vt -0.439353 0.095227
vt -0.393185 0.150247
vt -0.627500 0.534067
vt -0.673668 0.589088
vt -0.673668 0.660912
vt -3.954348 0.853013
vt -3.954348 0.746987
vt -4.022500 0.665766
vt -4.126915 0.647355
vt -4.218737 0.700368
vt -4.255000 0.800000
vt -4.500000 -1.300000
vt -4.255000 -0.800000
vt -4.218737 -0.700368
vt -4.126915 -0.647355
vt -4.022500 -0.665766
vt -3.954348 -0.746987
vt -3.954348 -0.853013
vt -4.022500 -0.934234
vt 0.172500 -0.265933
vt 0.126332 -0.210912
vt 0.126332 -0.139088
vt 0.172500 -0.084067
vt 0.243233 -0.071595
vt 0.738185 -0.031618
vt 0.692018 0.023402
vt 0.000000 0.209440
vt 0.150000 0.209440
vt -0.150000 0.235619
vt 0.150000 0.235619
vt -0.150000 0.259808
vt -0.281908 0.102606
vt -0.281908 -0.102606
vt -0.150000 -0.259808
vt -0.145652 -0.053013
vt -0.145652 0.053013
vt -0.077500 0.134234
vt 0.026915 0.152645
vt 0.118737 0.099632
vt 0.155000 0.000000
vt 0.300000 0.000000
vt 0.229813 0.192836
vt 0.052094 0.295442
vt 0.300000 -0.256563
vt 0.000000 -0.293215
vt 0.300000 -0.329867
vt 0.300000 0.329867
vt 0.000000 0.366519
vt -0.000000 0.293215
vt 0.300000 0.256563
vt -0.000000 0.219911
vt 0.300000 0.183260
vt 0.000000 0.146608
vt 0.300000 0.109956
vt 0.000000 0.073304
vt 0.300000 0.036652
vt 0.000000 0.000000
vt 0.300000 -0.036652
vt 0.000000 -0.073304
vt 0.300000 -0.109956
vt 0.000000 -0.146608
vt 0.300000 -0.183260
vt 0.000000 -0.219911
vt 0.300000 -0.256563
vt 0.000000 -0.293215
vt 0.300000 -0.329867
vt 0.300000 0.329867
vt 0.000000 0.366519
vt -0.000000 0.293215
vt 0.300000 0.256563
vt -0.000000 0.219911
vt 0.300000 0.183260
vt 0.000000 0.146608
vt 0.300000 0.109956
vt 0.000000 0.073304
vt 0.300000 0.036652
vt 0.000000 0.000000
vt 0.300000 -0.036652
vt 0.000000 -0.073304
vt 0.300000 -0.109956
vt 0.000000 -0.146608
vt 0.300000 -0.183260
vt 0.000000 -0.219911
vt 0.300000 -0.256563
vt 0.000000 -0.293215
vt 0.300000 -0.329867
vt 0.300000 0.329867
vt 0.000000 0.366519
vt 0.000000 0.293215
vt 0.300000 0.256563
vt -0.000000 0.219911
vt 0.300000 0.183260
vt 0.000000 0.146608
vt 0.300000 0.109956
vt 0.000000 0.073304
vt 0.300000 0.036652
vt 0.000000 0.000000
vt 0.300000 -0.036652
vt 0.000000 -0.073304
vt 0.300000 -0.109956
vt 0.000000 -0.146608
vt 0.300000 -0.183260
vt 0.000000 -0.219911
vt 0.300000 -0.256563
vt 0.000000 -0.293215
vt 0.300000 -0.329867
vt 0.300000 0.329867
vt 0.000000 0.366519
vt -0.000000 0.293215
vt 0.300000 0.256563
vt -0.000000 0.219911
vt 0.300000 0.183260
vt 0.000000 0.146608
vt 0.300000 0.109956
vt 0.000000 0.073304
vt 0.300000 0.036652
vt 0.000000 0.000000
vt 0.300000 -0.036652
vt 0.000000 -0.073304
vt 0.300000 -0.109956
vt 0.000000 -0.146608
vt 0.300000 -0.183260
vt 0.000000 -0.219911
vt 0.300000 -0.256563
vt 0.000000 -0.293215
vt 0.300000 -0.329867
vt 0.300000 0.329867
vt 0.000000 0.366519
vt 0.000000 0.293215
vt 0.300000 0.256563
vt -0.000000 0.219911
vt 0.300000 0.183260
vt 0.000000 0.146608
vt 0.300000 0.109956
vt 0.000000 0.073304
vt 0.300000 0.036652
vt 0.000000 0.000000
vt 0.300000 -0.036652
vt 0.000000 -0.073304
vt 0.300000 -0.109956
vt 0.000000 -0.146608
vt 0.300000 -0.183260
vt 0.000000 -0.219911
vt 0.300000 -0.256563
vt 0.000000 -0.293215
vt 0.300000 -0.329867
vt 0.300000 0.329867
vt 0.000000 0.366519
vt -0.000000 0.293215
vt 0.300000 0.256563
vt -0.000000 0.219911
vt 0.300000 0.183260
vt 0.000000 0.146608
vt 0.300000 0.109956
vt 0.000000 0.073304
vt 0.300000 0.036652
vt 0.000000 0.000000
vt 0.300000 -0.036652
vt 0.000000 -0.073304
vt 0.300000 -0.109956
vt 0.000000 -0.146608
vt 0.300000 -0.183260
vt 0.000000 -0.219911
vt 0.300000 -0.256563
vt 0.000000 -0.293215
vt 0.300000 -0.329867
vt 0.300000 0.329867
vt 0.000000 0.366519
vt -0.000000 0.293215
vt 0.300000 0.256563
vt -0.000000 0.219911
vt 0.300000 0.183260
vt 0.000000 0.146608
vt 0.300000 0.109956
vt 0.000000 0.073304
vt 0.300000 0.036652
vt 0.000000 0.000000
vt 0.300000 -0.036652
vt 0.000000 -0.073304
vt 0.300000 -0.109956
vt 0.000000 -0.146608
vt 0.300000 -0.183260
vt 0.000000 -0.219911
vt 0.300000 -0.256563
vt 0.000000 -0.293215
vt 0.300000 -0.329867
vt 0.300000 0.329867
vt 0.000000 0.366519
vt -0.000000 0.293215
vt 0.300000 0.256563
vt -0.000000 0.219911
vt 0.300000 0.183260
vt 0.000000 0.146608
vt 0.300000 0.109956
vt 0.000000 0.073304
vt 0.300000 0.036652
vt 0.000000 0.000000
vt 0.300000 -0.036652
vt 0.000000 -0.073304
vt 0.300000 -0.109956
vt 0.000000 -0.146608
vt 0.300000 -0.183260
vt 0.000000 -0.219911
vt 0.300000 -0.989602
vt 0.000000 -1.130973
vt 0.300000 -1.272345
vt 0.300000 1.272345
vt 0.000000 1.413717
vt -0.000000 1.130973
vt 0.300000 0.989602
vt -0.000000 0.848230
vt 0.300000 0.706858
vt 0.000000 0.565487
vt 0.300000 0.424115
vt 0.000000 0.282743
vt 0.300000 0.141372
vt 0.000000 0.000000
vt 0.300000 -0.141372
vt 0.000000 -0.282743
vt 0.300000 -0.424115
vt 0.000000 -0.565487
vt 0.300000 -0.706858
vt 0.000000 -0.848230
vt 0.100000 0.162316
vt 0.100000 0.270526
vt -0.100000 0.270526
vt -0.100000 0.162316
vt 0.305435 1.357507
vt 0.000000 0.100000
vt 0.000000 -0.100000
vt 2.100000 -0.100000
vt 2.100000 0.100000
vt 0.100000 -0.329867
vt -0.100000 -0.329867
vt 0.000000 0.000000
vt 0.150000 0.000000
vt 4.245652 -0.746987
vt 4.245652 0.746987
vt 4.177500 0.665766
vt 4.177500 -0.665766
vt -0.250000 0.100042
vt 0.250000 0.100042
vt -0.250000 -0.100042
vt 0.250000 -0.100042
vt -0.100000 0.100042
vt 0.100000 0.100042
vt -0.227249 1.258178
vt -1.537500 1.559808
vt -1.260585 1.352645
vt 1.830390 -0.100000
vt 1.830390 0.100000
vt 0.098340 0.100000
vt 0.098340 -0.100000
vt 0.100000 0.054105
vt -0.100000 0.054105
vt 0.100000 0.378736
vt 0.100000 0.486947
vt -0.100000 0.486947
vt -0.100000 0.378736
vt -0.685685 0.059315
vt -0.710251 -0.008178
vt -0.772452 -0.044090
vt -0.323668 -0.139088
vt -0.277500 -0.084067
vt -0.206767 -0.071595
vt 0.242018 0.023402
vt 0.242018 0.095227
vt 0.288185 0.150247
vt 0.085248 0.364671
vt -0.154672 0.226153
vt -0.710251 0.126807
vt -0.100000 -0.235619
vt 0.100000 -0.235619
vt 0.000000 -0.209440
vt 0.150000 -0.209440
vt -0.250000 0.100042
vt 0.250000 0.100042
vt 1.830390 -0.100000
vt 1.830390 0.100000
vt 0.098340 0.100000
vt 0.098340 -0.100000
vt -0.225000 -0.235619
vt 0.075000 -0.235619
vt 0.250000 -0.424115
vt 0.250000 -0.329867
vt -0.250000 -0.329867
vt -0.250000 -0.424115
vt 3.950000 -0.540192
vt 4.152094 -0.504558
vt 4.152094 0.504558
vt 3.950000 0.540192
vt 0.100000 -0.329867
vt -0.100000 -0.329867
vt 0.421120 1.123193
vt 0.358918 1.087281
vt 0.288185 1.099753
vt 0.242018 1.154773
vt 0.242018 1.226598
vt 0.288185 1.281618
vt -0.144565 1.357507
vt -0.206767 1.321595
vt -0.277500 1.334067
vt -0.323668 1.389088
vt -0.323668 1.460912
vt -0.772452 1.294090
vt -0.710251 1.258178
vt -0.685685 1.190685
vt -0.710251 1.123193
vt -0.772452 1.087281
vt -1.006767 0.728405
vt -0.944565 0.692493
vt -0.605576 0.763518
vt -0.427500 0.975740
vt -0.154672 1.023847
vt 0.085248 0.885329
vt 0.180000 0.625000
vt 0.522500 0.715933
vt 0.593233 0.728405
vt 0.655435 0.692493
vt 0.680000 0.625000
vt 0.655435 0.557507
vt 3.818092 0.697394
vt 3.818092 0.902606
vt 3.950000 1.059808
vt 0.421120 1.258178
vt 0.445685 1.190685
vt -0.100000 -0.033347
vt 0.100000 -0.033347
vt 0.118737 0.099632
vt 0.191013 1.083289
vt 0.842649 0.707066
vt 1.400000 0.866025
vt 1.392617 0.932172
vt 1.048747 0.892356
vt 0.957805 0.908391
vt 0.898446 0.979132
vt 0.898446 1.071478
vt 0.957805 1.142218
vt 1.048747 1.158254
vt 1.153694 1.248595
vt 1.051602 1.335714
vt 0.995063 1.370831
vt 0.932172 1.392617
vt 0.866025 1.400000
vt -0.890305 1.025305
vt -0.921889 0.938529
vt -1.001862 0.892356
vt -1.092805 0.908391
vt -1.152163 0.979132
vt -1.152163 1.071478
vt -1.092805 1.142218
vt -0.995063 1.370831
vt -1.051602 1.335714
vt -1.248595 1.153694
vt -1.335714 1.051602
vt -1.370831 0.995063
vt -1.392617 0.932172
vt -1.400000 0.866025
vt -1.400000 -0.866025
vt -1.392617 -0.932172
vt -1.370831 -0.995063
vt -1.335714 -1.051602
vt -1.248595 -1.153694
vt -1.051602 -1.335714
vt -0.995063 -1.370831
vt -0.932172 -1.392617
vt -1.001862 -1.158254
vt -1.092805 -1.142218
vt -1.152163 -1.071478
vt -1.152163 -0.979132
vt -1.092805 -0.908391
vt -1.001862 -0.892356
vt -1.033662 0.376222
vt -0.550000 0.952628
vt -0.323668 -0.210912
vt -0.843185 -0.031618
vt -0.889353 0.023402
vt -0.889353 0.095227
vt -0.843185 0.150247
vt -0.772452 0.162719
vt -0.427500 0.274260
vt -0.605576 0.486482
vt -0.920000 0.625000
vt -0.944565 0.557507
vt -1.006767 0.521595
vt -1.077500 0.534067
vt -1.123668 0.589088
vt -1.123668 0.660912
vt -1.077500 0.715933
vt -0.843185 1.099753
vt -0.889353 1.154773
vt -0.889353 1.226598
vt -0.843185 1.281618
vt -0.277500 1.515933
vt -0.206767 1.528405
vt -3.870187 0.992836
vt -3.800000 0.800000
vt -3.870187 0.607164
vt -4.047906 0.504558
vt -4.250000 0.540192
vt -4.381908 0.697394
vt -4.381908 0.902606
vt -4.381908 -0.902606
vt -4.381908 -0.697394
vt -4.250000 -0.540192
vt -4.047906 -0.504558
vt -3.870187 -0.607164
vt -3.800000 -0.800000
vt 4.350000 -1.559808
vt 4.459808 -1.450000
vt 4.500000 -1.300000
vt 4.500000 1.300000
vt 4.329813 0.992836
vt 4.400000 0.800000
vt 4.329813 0.607164
vt 4.329813 -0.607164
vt 4.400000 -0.800000
vt 4.329813 -0.992836
vt 4.152094 -1.095442
vt 3.950000 -1.059808
vt 3.818092 -0.902606
vt 3.818092 -0.697394
vt 0.593233 0.521595
vt 0.522500 0.534067
vt 0.476332 0.589088
vt 0.476332 0.660912
vt 0.358918 0.162719
vt 0.421120 0.126807
vt 0.445685 0.059315
vt 0.421120 -0.008178
vt 0.358918 -0.044090
vt 0.288185 -0.031618
vt -0.144565 -0.107507
vt -0.120000 -0.175000
vt -0.144565 -0.242493
vt -0.206767 -0.278405
vt -0.277500 -0.265933
vt 1.105435 0.692493
vt 1.130000 0.625000
vt 1.105435 0.557507
vt 1.043233 0.521595
vt 0.972500 0.534067
vt 0.535248 0.364671
vt 0.738185 0.150247
vt 0.808918 0.162719
vt 0.871120 0.126807
vt 0.895685 0.059315
vt 0.871120 -0.008178
vt 0.808918 -0.044090
vt 0.305435 -0.107507
vt 0.330000 -0.175000
vt 0.305435 -0.242493
vt 0.243233 -0.278405
vt -4.126915 -0.952645
vt -4.218737 -0.899632
vt -4.459808 -1.450000
vt -4.350000 -1.559808
vt -4.200000 -1.600000
vt 4.400000 -1.600000
vt 4.550000 -1.559808
vt 4.659808 -1.450000
vt 4.700000 -1.300000
vt 4.700000 1.300000
vt 4.659808 1.450000
vt 4.550000 1.559808
vt 4.177500 0.934234
vt 4.245652 0.853013
vt 4.245652 -0.853013
vt 4.177500 -0.934234
vt 4.073085 -0.952645
vt 3.981263 -0.899632
vt 3.945000 -0.800000
vt 3.981263 -0.700368
vt 4.073085 -0.647355
vt 4.073085 0.647355
vt 3.981263 0.700368
vt 3.945000 0.800000
vt -0.120000 1.425000
vt 0.358918 1.294090
vt 4.152094 1.095442
vt 4.459808 1.450000
vt 4.350000 1.559808
vt 4.200000 1.600000
vt -0.144565 1.492493
vt 0.100000 -0.183260
vt -0.100000 -0.183260
vt 0.250000 -0.235619
vt -0.250000 -0.235619
vt -0.150000 0.270526
vt 0.000000 0.270526
vt 0.100000 0.036652
vt -0.100000 0.036652
vt 0.250000 -0.047124
vt -0.250000 -0.047124
vt 0.100000 0.329867
vt -0.100000 0.329867
vt -0.100000 -0.100042
vt 0.100000 -0.100042
vt 0.000000 -0.837758
vt 0.150000 -0.837758
vt 0.150000 -0.628319
vt 0.000000 -0.628319
vt 0.100000 0.329867
vt -0.100000 0.329867
vt 0.100000 0.329867
vt -0.100000 0.329867
vt 0.100000 0.108383
vt 0.100000 0.203223
vt -0.100000 0.203223
vt -0.100000 0.108383
vt 0.400000 4.195772
vt 0.000000 4.195772
vt 0.100000 -1.272345
vt -0.100000 -1.272345
vt -0.100000 -0.235619
vt 0.100000 -0.235619
vt 0.118737 -0.099632
vt 0.026915 -0.152645
vt -0.077500 -0.134234
vt 0.052094 -0.295442
vt 0.229813 -0.192836
vt -0.250000 0.033347
vt 0.250000 0.033347
vt 0.100000 0.511120
vt -0.100000 0.511120
vt -0.225000 0.235619
vt 0.075000 0.235619
vt -0.250000 -0.100042
vt 0.250000 -0.100042
vt 0.250000 -0.424115
vt -0.250000 -0.424115
vt 0.098340 0.250000
vt 0.098340 -0.250000
vt 1.830390 -0.250000
vt 1.830390 0.250000
vt 0.300000 0.100000
vt 0.300000 -0.100000
vt 0.439531 -0.100000
vt 0.439531 0.100000
vt 0.300000 0.100000
vt 0.300000 -0.100000
vt 2.900000 -0.100000
vt 2.900000 0.100000
vt -0.250000 0.100042
vt 0.250000 0.100042
vt -0.100000 -0.087545
vt 0.100000 -0.087545
vt -0.150000 -0.486947
vt -0.000000 -0.486947
vt 1.225685 0.150247
vt -0.150000 0.486947
vt -0.000000 0.486947
vt -0.600000 -0.235619
vt -0.200000 -0.210590
vt 0.029900 -0.141345
vt -0.600000 -0.078540
vt 0.800000 -0.400000
vt 0.800000 0.100000
vt 0.492820 0.100000
vt 0.492820 -0.400000
vt -0.000000 0.800000
vt -0.280385 0.800000
vt -0.280385 0.300000
vt -0.261396 0.225124
vt -0.205632 0.154987
vt -0.000000 0.046107
vt 0.300000 0.400000
vt 0.719652 0.095756
vt 0.800000 0.125000
vt 2.400000 0.125000
vt 2.480348 0.095756
vt 2.900000 0.400000
vt 2.480348 0.095756
vt 2.523101 0.021706
vt 2.508253 -0.062500
vt 2.442753 -0.117462
vt 3.200000 -0.400000
vt 3.200000 0.100000
vt 3.159808 0.250000
vt 3.050000 0.359808
vt 2.900000 0.400000
vt 0.300000 0.400000
vt 0.719652 0.095756
vt 0.800000 0.125000
vt 2.400000 0.125000
vt 0.800000 -0.400000
vt 0.800000 0.100000
vt 0.492820 0.100000
vt 0.492820 -0.400000
vt 2.319652 0.095756
vt 0.880348 0.095756
vt 0.923101 0.021706
vt 0.908253 -0.062500
vt 0.842753 -0.117462
vt 0.757247 -0.117462
vt 0.691747 -0.062500
vt 0.676899 0.021706
vt 0.150000 0.359808
vt 0.040192 0.250000
vt -0.000000 0.100000
vt 0.000000 -0.400000
vt 3.200000 -0.400000
vt 3.200000 0.100000
vt 3.159808 0.250000
vt 3.050000 0.359808
vt 2.523101 0.021706
vt 2.508253 -0.062500
vt 2.442753 -0.117462
vt 2.357247 -0.117462
vt 2.291747 -0.062500
vt 2.276899 0.021706
vt -0.095756 -1.280348
vt -0.125000 -1.200000
vt -0.261979 -1.346174
vt -0.150000 -1.459808
vt -0.021706 -1.323101
vt 0.676899 0.021706
vt 0.150000 0.359808
vt 0.040192 0.250000
vt -0.000000 0.100000
vt 0.000000 -0.400000
vt 2.357247 -0.117462
vt 2.291747 -0.062500
vt 2.276899 0.021706
vt 2.319652 0.095756
vt 0.880348 0.095756
vt 0.923101 0.021706
vt 0.908253 -0.062500
vt 0.842753 -0.117462
vt 0.757247 -0.117462
vt 0.691747 -0.062500
vt 0.000000 0.100000
vt 0.000000 -0.400000
vt 0.307180 -0.400000
vt 0.307180 0.100000
vt -0.280385 0.800000
vt -0.280385 0.046107
vt -0.074753 0.154987
vt -0.018989 0.225124
vt -0.000000 0.300000
vt -0.000000 0.800000
vt 0.000000 0.100000
vt 0.000000 -0.400000
vt 0.307180 -0.400000
vt 0.307180 0.100000
vt -0.150000 1.459808
vt -0.261979 1.346174
vt -0.299871 1.191203
vt -0.252960 1.038720
vt -0.125000 1.200000
vt -0.095756 1.280348
vt -0.021706 1.323101
vt 0.062500 1.308253
vt 0.117462 1.242753
vt 0.117462 1.157247
vt 0.062500 1.091747
vt 0.015522 0.363377
vt 0.015522 -0.363377
vt 0.062500 -1.091747
vt 0.117462 -1.157247
vt 0.400000 -1.600000
vt 0.400000 1.600000
vt 0.092820 1.600000
vt 0.800000 -0.980166
vt 0.000000 -0.980166
vt -0.000000 -1.711274
vt 0.800000 -1.711274
vt 0.800000 0.130900
vt 0.800000 0.218166
vt 0.214192 0.196350
vt 0.219748 0.145346
vt 0.800000 -0.980166
vt 0.000000 -0.980166
vt -0.000000 -1.711274
vt 0.800000 -1.711274
vt -0.046107 0.942478
vt -0.800000 0.942478
vt -0.014693 0.837621
vt -0.800000 0.780999
vt 0.000000 0.730270
vt -0.800000 0.619521
vt 0.000000 0.639527
vt 0.000000 0.730270
vt -0.800000 0.780999
vt 0.000000 0.639527
vt -0.800000 0.619521
vt -0.000000 0.548785
vt -0.800000 0.458042
vt 0.000000 0.458042
vt -0.046107 0.458042
vt -0.014693 0.562899
vt -0.800000 0.458042
vt -0.800000 0.619521
vt -0.000000 0.670250
vt -0.800000 0.780999
vt -0.000000 0.760993
vt -0.000000 0.851735
vt 0.000000 0.942478
vt -0.800000 0.942478
vt -0.107180 0.235619
vt -0.123624 0.159943
vt 0.200000 0.235619
vt 0.200000 0.078540
vt -0.171918 0.084267
vt -0.350000 -0.067086
vt 0.200000 -0.078540
vt 0.200000 0.078540
vt -0.171918 0.084267
vt 0.200000 -0.078540
vt -0.350000 -0.067086
vt -0.429900 -0.141345
vt 0.490630 -0.614469
vt 0.449892 -0.645075
vt 0.800000 -0.249059
vt 0.524992 -0.519403
vt 0.516630 -0.570015
vt 0.252960 -1.038720
vt -0.015522 -0.363377
vt -0.015522 0.363377
vt 0.252960 1.038720
vt 0.289519 1.121394
vt 0.299791 1.211206
vt 0.282843 1.300000
vt 0.075000 1.300000
vt 0.122160 1.226492
vt 0.109687 1.140051
vt 0.043668 1.082876
vt -0.043668 1.082876
vt -0.109687 1.140051
vt -0.122160 1.226492
vt -0.275000 -0.235619
vt -0.200000 -0.210590
vt -0.400000 1.300000
vt 0.200000 -0.235619
vt -0.200000 -0.210590
vt -0.075000 -1.300000
vt -0.122160 -1.226492
vt -0.109687 -1.140051
vt -0.043668 -1.082876
vt 0.043668 -1.082876
vt 0.109687 -1.140051
vt 0.122160 -1.226492
vt 0.075000 -1.300000
vt 0.282843 -1.300000
vt 0.299791 -1.211206
vt 0.289519 -1.121394
vt -0.482843 -0.235619
vt -0.200000 -0.210590
vt -0.275000 -0.235619
vt 0.117462 -1.157247
vt 0.117462 -1.242753
vt 0.062500 -1.308253
vt 0.092820 -1.600000
vt 0.400000 -1.600000
vt 0.400000 1.600000
vt 0.092820 1.600000
vt -0.021706 1.323101
vt 0.062500 1.308253
vt 0.117462 1.242753
vt 0.117462 1.157247
vt 0.062500 1.091747
vt -0.021706 1.076899
vt -0.095756 1.119652
vt -0.125000 1.200000
vt -0.299871 1.191203
vt -0.252960 1.038720
vt 0.015522 0.363377
vt 0.015522 -0.363377
vt -0.252960 -1.038720
vt -0.299871 -1.191203
vt -0.095756 -1.119652
vt -0.021706 -1.076899
vt 0.062500 -1.091747
vt -0.261979 1.346174
vt -0.095756 1.280348
vt -0.150000 1.459808
vt 0.490630 -2.076971
vt 0.800000 -2.442382
vt 0.516630 -2.121426
vt 0.524992 -2.172038
vt 0.490630 -0.614469
vt 0.449892 -0.645075
vt 0.800000 -0.249059
vt 0.524992 -0.519403
vt 0.516630 -0.570015
vt 0.400000 -0.656176
vt 0.350108 -0.645075
vt -0.000000 -2.442382
vt 0.309370 -2.076971
vt 0.449599 -0.392821
vt 0.489781 -0.424212
vt 0.000000 -0.249059
vt 0.275008 -0.519403
vt 0.310219 -0.424212
vt 0.350401 -0.392821
vt 0.400000 -0.381151
vt 0.350108 -2.046366
vt 0.400000 -2.035265
vt 0.449892 -2.046366
vt 0.350401 -2.298619
vt 0.310219 -2.267229
vt 0.275008 -2.172038
vt 0.489781 -2.267229
vt 0.449599 -2.298619
vt 0.400000 -2.310289
vt 0.283370 -2.121426
vt 0.398957 0.196350
vt -0.400000 0.130900
vt 0.400000 0.115912
vt -0.400000 0.043633
vt 0.400000 0.026694
vt -0.400000 -0.043633
vt 0.400000 -0.062523
vt -0.400000 -0.130900
vt 0.400000 -0.151741
vt -0.400000 -0.218166
vt 0.400000 -0.240958
vt -0.400000 -0.305433
vt 0.400000 -0.330176
vt -0.400000 -0.392699
vt 0.400000 -0.419393
vt 0.400000 0.366005
vt -0.400000 0.392699
vt -0.400000 0.305433
vt 0.400000 0.276787
vt -0.400000 0.218166
vt 0.800000 -0.305433
vt 0.234383 -0.296513
vt 0.275982 -0.391341
vt 0.800000 -0.392699
vt -0.050000 -0.067086
vt -0.600000 -0.235619
vt 0.029900 -0.141345
vt -0.600000 -0.078540
vt -0.228082 0.084267
vt -0.276376 0.159943
vt -0.600000 0.078540
vt -0.600000 0.235619
vt -0.292820 0.235619
vt -0.125000 -0.235619
vt 0.082843 -0.235619
vt 0.398957 -0.196350
vt -0.400000 -0.218166
vt 0.400000 -0.276787
vt -0.400000 -0.305433
vt 0.400000 -0.366005
vt -0.400000 -0.392699
vt 0.400000 -0.455222
vt 0.400000 0.330176
vt -0.400000 0.392699
vt -0.400000 0.305433
vt 0.400000 0.240958
vt -0.400000 0.218166
vt 0.400000 0.151741
vt -0.400000 0.130900
vt 0.400000 0.062523
vt -0.400000 0.043633
vt 0.400000 -0.026694
vt -0.400000 -0.043633
vt 0.400000 -0.115912
vt -0.400000 -0.130900
vt 0.219748 -0.247353
vt 0.800000 -0.218166
vt 0.214192 -0.196350
vt 0.800000 -0.130900
vt 0.219748 -0.145346
vt 0.214192 -0.196350
vt 0.800000 -0.218166
vt 0.219748 -0.145346
vt 0.800000 -0.130900
vt 0.234383 -0.096186
vt 0.800000 -0.043633
vt 0.275982 -0.001358
vt 0.800000 0.043633
vt 0.296367 0.045997
vt 0.313267 0.094958
vt 0.800000 0.130900
vt 0.324350 0.145027
vt 0.800000 -0.130900
vt 0.324350 -0.145027
vt 0.328258 -0.196350
vt 0.800000 -0.218166
vt 0.328258 0.196350
vt 0.800000 0.218166
vt 0.324350 0.247672
vt 0.800000 0.305433
vt 0.313267 0.297741
vt 0.296367 0.346702
vt 0.800000 0.392699
vt 0.275982 0.394057
vt 0.800000 -0.305433
vt 0.234383 -0.296513
vt 0.275982 -0.391341
vt 0.800000 -0.392699
vt 0.800000 0.305433
vt 0.234383 0.296513
vt 0.219748 0.247353
vt 0.324350 -0.247672
vt 0.800000 -0.218166
vt 0.328258 -0.196350
vt 0.324350 -0.145027
vt 0.800000 -0.130900
vt 0.313267 -0.094958
vt 0.800000 -0.043633
vt 0.296367 -0.045997
vt 0.275982 0.001358
vt 0.800000 0.043633
vt 0.234383 0.096186
vt 0.800000 0.130900
vt 0.800000 0.218166
vt 0.214192 0.196350
vt 0.219748 0.145346
vt 0.275982 0.391341
vt 0.800000 0.392699
vt 0.296367 0.438696
vt 0.296367 -0.346702
vt 0.800000 -0.392699
vt 0.800000 -0.305433
vt 0.313267 -0.297741
vt -0.074753 0.154987
vt -0.018989 0.225124
vt -0.000000 0.300000
vt -0.000000 0.800000
vt -0.280385 0.800000
vt -0.280385 0.046107
vt -0.046107 0.942478
vt -0.800000 0.942478
vt -0.014693 0.837621
vt -0.000000 0.670250
vt -0.000000 0.760993
vt -0.800000 0.780999
vt -0.800000 0.619521
vt -0.000000 0.548785
vt -0.800000 0.458042
vt 0.000000 0.458042
vt -0.000000 0.800000
vt -0.280385 0.800000
vt -0.280385 0.300000
vt -0.261396 0.225124
vt -0.205632 0.154987
vt -0.000000 0.046107
vt -0.046107 0.458042
vt -0.014693 0.562899
vt -0.800000 0.458042
vt -0.000000 0.851735
vt 0.000000 0.942478
vt -0.800000 0.942478
vt -0.107180 0.235619
vt -0.123624 0.159943
vt 0.200000 0.235619
vt -0.600000 0.078540
vt -0.050000 -0.067086
vt -0.228082 0.084267
vt -0.429900 -0.141345
vt 0.200000 -0.235619
vt -0.482843 -0.235619
vt -0.275000 -0.235619
vt -0.125000 -1.200000
vt -0.095756 -1.119652
vt -0.021706 -1.076899
vt -0.252960 -1.038720
vt -0.299871 -1.191203
vt -0.261979 -1.346174
vt -0.150000 -1.459808
vt 0.092820 -1.600000
vt 0.117462 -1.242753
vt 0.062500 -1.308253
vt -0.021706 -1.323101
vt -0.095756 -1.280348
vt -0.021706 1.076899
vt -0.095756 1.119652
vt 0.490630 -2.076971
vt 0.800000 -2.442382
vt 0.516630 -2.121426
vt 0.524992 -2.172038
vt 0.309370 -0.614469
vt 0.283370 -0.570015
vt 0.800000 0.305433
vt 0.234383 0.296513
vt 0.219748 0.247353
vt 0.309370 -0.614469
vt 0.283370 -0.570015
vt 0.275008 -0.519403
vt 0.000000 -0.249059
vt 0.350108 -0.645075
vt 0.400000 -0.656176
vt -0.000000 -2.442382
vt 0.309370 -2.076971
vt 0.350401 -0.392821
vt 0.400000 -0.381151
vt 0.449599 -0.392821
vt 0.489781 -0.424212
vt 0.310219 -0.424212
vt 0.350108 -2.046366
vt 0.400000 -2.035265
vt 0.449892 -2.046366
vt 0.350401 -2.298619
vt 0.310219 -2.267229
vt 0.275008 -2.172038
vt 0.489781 -2.267229
vt 0.449599 -2.298619
vt 0.400000 -2.310289
vt 0.283370 -2.121426
vt 0.398957 0.196350
vt -0.400000 0.130900
vt 0.400000 0.115912
vt -0.400000 0.043633
vt 0.400000 0.026694
vt -0.400000 -0.043633
vt 0.400000 -0.062523
vt -0.400000 -0.130900
vt 0.400000 -0.151741
vt -0.400000 -0.218166
vt 0.400000 -0.240958
vt -0.400000 -0.305433
vt 0.400000 -0.330176
vt -0.400000 -0.392699
vt 0.400000 -0.419393
vt 0.400000 0.366005
vt -0.400000 0.392699
vt -0.400000 0.305433
vt 0.400000 0.276787
vt -0.400000 0.218166
vt 0.043668 -1.082876
vt 0.109687 -1.140051
vt 0.122160 -1.226492
vt 0.075000 -1.300000
vt 0.282843 -1.300000
vt 0.299791 -1.211206
vt 0.289519 -1.121394
vt 0.252960 -1.038720
vt -0.015522 -0.363377
vt -0.015522 0.363377
vt 0.252960 1.038720
vt 0.289519 1.121394
vt 0.299791 1.211206
vt 0.282843 1.300000
vt 0.075000 1.300000
vt 0.122160 1.226492
vt 0.109687 1.140051
vt 0.043668 1.082876
vt -0.043668 1.082876
vt -0.109687 1.140051
vt -0.122160 1.226492
vt -0.275000 -0.235619
vt -0.400000 1.300000
vt -0.075000 -1.300000
vt -0.122160 -1.226492
vt -0.109687 -1.140051
vt -0.043668 -1.082876
vt -0.276376 0.159943
vt -0.600000 0.235619
vt -0.292820 0.235619
vt -0.125000 -0.235619
vt 0.082843 -0.235619
vt 0.398957 -0.196350
vt -0.400000 -0.218166
vt 0.400000 -0.276787
vt -0.400000 -0.305433
vt 0.400000 -0.366005
vt -0.400000 -0.392699
vt 0.400000 -0.455222
vt 0.400000 0.330176
vt -0.400000 0.392699
vt -0.400000 0.305433
vt 0.400000 0.240958
vt -0.400000 0.218166
vt 0.400000 0.151741
vt -0.400000 0.130900
vt 0.400000 0.062523
vt -0.400000 0.043633
vt 0.400000 -0.026694
vt -0.400000 -0.043633
vt 0.400000 -0.115912
vt -0.400000 -0.130900
vt 0.219748 -0.247353
vt 0.234383 -0.096186
vt 0.800000 -0.043633
vt 0.275982 -0.001358
vt 0.800000 0.043633
vt 0.296367 0.045997
vt 0.313267 0.094958
vt 0.800000 0.130900
vt 0.324350 0.145027
vt 0.328258 0.196350
vt 0.800000 0.218166
vt 0.324350 0.247672
vt 0.800000 0.305433
vt 0.313267 0.297741
vt 0.296367 0.346702
vt 0.800000 0.392699
vt 0.275982 0.394057
vt 0.800000 0.392699
vt 0.275982 0.391341
vt 0.324350 -0.247672
vt 0.313267 -0.094958
vt 0.800000 -0.043633
vt 0.296367 -0.045997
vt 0.275982 0.001358
vt 0.800000 0.043633
vt 0.234383 0.096186
vt 0.296367 0.438696
vt 0.296367 -0.346702
vt 0.800000 -0.392699
vt 0.800000 -0.305433
vt 0.313267 -0.297741
vn 0.0000 0.7031 0.7111
vn -0.0001 -0.6978 0.7163
vn 0.0000 -0.6978 0.7163
vn 0.0002 0.7031 0.7111
vn -0.0000 0.7137 0.7005
vn 0.0001 0.7031 0.7111
vn -0.0002 -0.6978 0.7163
vn 0.0000 -0.7084 0.7058
vn 0.0000 -0.7014 -0.7128
vn 0.0000 0.7046 -0.7096
vn -0.0000 0.7124 0.7018
vn -0.0000 0.7039 0.7103
vn 0.0000 0.7085 0.7057
vn -0.0000 0.6809 0.7324
vn -0.0000 0.7223 0.6916
vn 0.0001 0.7085 0.7057
vn 0.0002 -0.7035 0.7107
vn 0.0000 -1.0000 0.0000
vn -0.0000 -1.0000 -0.0001
vn 0.0000 -0.7035 0.7107
vn -1.0000 -0.0000 0.0000
vn 0.0000 -0.7093 -0.7049
vn 0.0000 -0.6811 -0.7322
vn -0.0000 -0.7225 -0.6914
vn 1.0000 -0.0000 -0.0003
vn 0.7056 0.0000 -0.7086
vn 1.0000 0.0000 -0.0000
vn 0.0000 -0.7078 0.7064
vn 0.0000 -0.7083 0.7059
vn -0.0003 -0.0000 -1.0000
vn -0.0000 0.0000 -1.0000
vn 0.0003 0.0000 -1.0000
vn 0.7090 0.0000 0.7052
vn 0.7090 -0.0000 -0.7052
vn 0.7090 0.0002 0.7052
vn -0.0000 0.7137 -0.7005
vn 0.7086 0.0001 -0.7056
vn 0.7086 0.0000 -0.7056
vn -0.7065 0.0000 -0.7077
vn -0.0001 -0.7090 -0.7052
vn -0.0000 -0.7090 -0.7052
vn 0.0000 -0.7099 0.7043
vn -0.0001 -0.7099 0.7043
vn 0.0000 -0.7024 0.7118
vn -0.0002 -0.7024 0.7118
vn -0.0002 0.7112 0.7030
vn 0.0000 0.7046 0.7096
vn 0.0000 0.7112 0.7030
vn -0.0000 -0.7084 -0.7058
vn 0.0000 -0.6978 -0.7163
vn 0.0002 -0.6978 -0.7163
vn 0.0000 0.7112 -0.7030
vn 0.0002 0.7112 -0.7030
vn -0.7086 -0.0001 -0.7056
vn -0.7086 0.0000 -0.7056
vn -0.0001 0.7031 0.7111
vn -0.0027 0.7210 0.6929
vn -0.0053 0.7068 0.7074
vn -0.0026 0.6923 0.7216
vn -0.0027 0.7321 0.6812
vn -0.0027 0.7213 0.6926
vn -0.0000 0.7088 -0.7054
vn -0.0000 0.7043 -0.7099
vn 0.0002 0.7043 -0.7099
vn -0.0000 -0.0006 1.0000
vn 0.0000 -0.7075 0.7067
vn -0.0002 -0.7075 0.7067
vn -0.0000 -0.0000 1.0000
vn -0.0002 0.7047 0.7095
vn -0.0000 1.0000 0.0000
vn -0.0000 0.7047 0.7095
vn -0.0000 0.7108 -0.7034
vn -0.0000 0.7009 -0.7132
vn 0.0002 0.7009 -0.7132
vn 0.0000 -0.6927 -0.7213
vn 0.0000 -0.7064 -0.7078
vn 0.0000 -0.7066 -0.7076
vn 0.0400 -0.7204 -0.6924
vn 0.0000 -0.7065 0.7077
vn -0.0000 -0.7110 -0.7032
vn 0.0000 -0.7009 0.7132
vn 0.0000 -0.7004 0.7138
vn 0.0000 -0.7082 -0.7061
vn -1.0000 0.0000 -0.0003
vn -0.7056 0.0000 -0.7086
vn -0.7056 -0.0001 -0.7086
vn -0.0002 -0.6978 -0.7163
vn -0.7075 -0.0000 0.7067
vn 0.0000 -0.6997 -0.7144
vn -0.0000 0.7039 -0.7103
vn -0.0002 -0.6997 -0.7145
vn 0.7044 -0.0000 0.7098
vn 0.7044 0.0002 -0.7098
vn 0.7044 0.0000 -0.7098
vn 0.0002 -0.6978 0.7163
vn 0.0000 0.7014 0.7128
vn -0.0002 -0.6936 0.7204
vn 0.0000 -0.6936 0.7204
vn 0.0001 0.7014 0.7128
vn 0.0000 0.7067 -0.7076
vn 0.0000 0.7067 -0.7075
vn -0.0000 0.7071 -0.7071
vn 0.0000 -0.7079 0.7063
vn 0.0001 0.7031 -0.7111
vn -0.0000 0.7031 -0.7111
vn 0.0000 -0.7079 -0.7063
vn -0.0002 0.7166 0.6975
vn 0.0000 0.7166 0.6975
vn 0.7087 0.0000 -0.7055
vn 0.7087 0.0001 -0.7055
vn -0.7075 0.0000 -0.7067
vn -0.0003 -0.6997 0.7145
vn 0.0000 -0.6997 0.7144
vn 0.0000 -1.0000 0.0006
vn -0.0000 -1.0000 -0.0006
vn -0.0002 -0.7014 0.7128
vn 0.0000 -0.7014 0.7128
vn -0.7044 0.0000 0.7098
vn -0.0000 0.7057 -0.7085
vn -0.0000 0.7070 -0.7072
vn 0.0001 0.7067 -0.7075
vn 0.0002 -0.6997 -0.7145
vn 0.0000 0.0001 1.0000
vn -0.0001 -0.7075 0.7067
vn -0.0000 -0.0001 1.0000
vn 0.0000 0.7107 0.7035
vn 0.0002 0.7107 0.7035
vn -0.0000 0.7110 -0.7032
vn -0.0000 0.7068 -0.7075
vn -0.0002 0.7110 -0.7032
vn 0.0000 -0.6937 -0.7203
vn 0.0001 -0.6937 -0.7203
vn 0.0001 0.7039 -0.7103
vn 0.0000 -0.6997 -0.7145
vn 0.0000 0.7166 -0.6975
vn 0.0002 0.7166 -0.6975
vn -0.0000 0.7062 0.7080
vn 0.0002 0.7137 -0.7005
vn -0.0000 0.7088 0.7054
vn 0.0000 -0.7110 0.7032
vn -0.0000 0.7136 0.7005
vn 0.0001 -0.7067 0.7075
vn 0.0000 -0.7067 0.7075
vn 0.7044 0.0002 0.7098
vn 0.0000 -0.7093 0.7049
vn -0.0002 -0.7107 0.7035
vn 0.0000 -0.7107 0.7035
vn -0.0003 -0.7095 0.7047
vn 0.0000 -0.7095 0.7047
vn 0.0000 0.7075 -0.7067
vn 0.0002 0.7071 -0.7071
vn 0.0000 0.7066 -0.7076
vn -0.0027 0.6929 -0.7210
vn -0.0026 0.6926 -0.7213
vn -0.0000 0.7064 -0.7078
vn -0.0001 -0.6937 0.7203
vn 0.0000 -0.6937 0.7203
vn -0.0000 -0.7064 0.7078
vn -0.0001 -0.7049 0.7093
vn 0.0000 -0.7049 0.7093
vn 0.0000 -0.7066 0.7076
vn -1.0000 -0.0000 0.0003
vn 0.0001 -0.7147 0.6994
vn -0.0001 -0.7085 0.7057
vn 0.0000 -0.7085 0.7057
vn 0.0000 -0.6905 0.7233
vn -0.0000 -0.7090 0.7052
vn 0.7087 0.0000 0.7055
vn 0.7087 -0.0001 0.7055
vn -0.0000 0.7124 -0.7018
vn 0.0003 0.7124 -0.7018
vn -0.0001 -0.7099 -0.7043
vn 0.0000 -0.7099 -0.7043
vn 0.0000 0.7136 -0.7005
vn -0.0000 0.6930 -0.7210
vn -0.0000 0.7070 0.7072
vn -0.0000 0.6927 0.7212
vn -0.0000 0.7067 0.7075
vn -0.7109 0.0000 -0.7033
vn 0.0000 -0.7075 -0.7067
vn -0.0001 -0.7067 -0.7075
vn 0.0000 -0.7067 -0.7075
vn 0.0001 -0.7075 -0.7067
vn 0.7090 0.0001 0.7052
vn -0.7109 -0.0000 0.7033
vn 0.0002 -0.7014 -0.7128
vn 0.7059 0.0000 0.7083
vn 0.7090 -0.0002 -0.7052
vn 0.7059 0.0000 -0.7083
vn -0.0000 -0.0001 -1.0000
vn 0.0000 0.0001 -1.0000
vn 0.0000 -0.7107 -0.7035
vn 0.0002 -0.7107 -0.7035
vn -0.0000 0.7014 -0.7128
vn -0.0053 0.7074 -0.7068
vn -0.0026 0.7216 -0.6923
vn -0.0027 0.7224 -0.6915
vn -0.0400 -0.7204 0.6924
vn 0.0000 -0.7225 0.6914
vn 0.0000 -0.6811 0.7322
vn -0.0000 -0.6927 0.7213
vn 0.0001 0.7072 -0.7070
vn 0.0000 -0.6997 0.7145
vn 0.0000 -0.7082 0.7061
vn 0.0002 -0.7049 -0.7093
vn 0.0000 -0.7049 -0.7093
vn -0.0001 0.7046 -0.7096
vn -0.0000 0.7076 0.7066
vn -0.0000 0.7078 0.7064
vn 0.0003 -0.7014 -0.7128
vn 0.0000 0.0003 -1.0000
vn -0.0001 0.7137 -0.7005
vn 0.0001 0.7137 0.7005
vn -0.0001 0.7039 0.7103
vn -0.7086 0.0000 0.7056
vn -0.7056 0.0000 0.7086
vn -0.0000 0.7058 0.7084
vn -0.0001 0.7115 0.7027
vn -0.0000 0.7115 0.7027
vn 0.0000 0.7065 -0.7077
vn -0.7044 -0.0003 -0.7098
vn -0.7044 0.0000 -0.7098
vn -0.7044 0.0006 0.7098
vn -0.7044 0.0003 -0.7098
vn 0.7059 -0.0001 -0.7083
vn 0.7059 -0.0001 0.7083
vn -0.7044 -0.0002 0.7098
vn -0.7044 0.0002 -0.7098
vn 0.0000 -0.6936 -0.7204
vn 0.0002 -0.6937 -0.7203
vn 0.0000 0.7088 -0.7055
vn 0.0000 0.7095 0.7047
vn 0.0002 0.7095 0.7047
vn -0.0002 0.7031 -0.7111
vn -0.0000 -0.7059 -0.7083
vn -0.7065 0.0000 0.7077
vn -0.0000 -0.7065 -0.7077
vn 1.0000 -0.0000 0.0003
vn 0.0000 -0.7156 -0.6985
vn 0.0002 -0.7156 -0.6985
vn 0.0000 -1.0000 0.0001
vn -0.0000 -0.0004 -1.0000
vn -0.0000 0.7077 -0.7065
vn -0.0001 0.7077 -0.7065
vn -0.0003 0.0000 1.0000
vn 0.0003 -0.0000 1.0000
vn -0.0000 0.7074 -0.7069
vn -0.0000 0.7214 -0.6925
vn -0.0000 0.7211 -0.6929
vn -0.0000 0.7009 0.7132
vn -0.0000 0.7108 0.7034
vn 0.0000 0.0019 1.0000
vn 0.0000 -0.7024 -0.7118
vn 0.7090 0.0003 0.7052
vn -0.0000 0.7047 -0.7095
vn -0.0003 0.7047 -0.7095
vn -0.0001 -0.7082 0.7061
vn 0.0000 0.7035 -0.7107
vn 0.0000 0.7049 -0.7093
vn -0.0001 0.7049 -0.7093
vn 0.0002 0.7035 -0.7107
vn -0.0002 -0.6937 0.7203
vn -0.0000 0.7062 -0.7080
vn -0.0002 0.7085 -0.7057
vn 0.0000 0.7085 -0.7057
vn -0.0002 -0.7067 -0.7075
vn 0.7086 0.0000 0.7056
vn 0.7056 0.0001 0.7086
vn 0.7056 0.0000 0.7086
vn 0.7086 0.0001 0.7056
vn 0.0000 -0.7059 0.7083
vn 0.0000 0.7095 -0.7047
vn 0.0000 0.7093 -0.7049
vn -0.0002 0.7107 -0.7035
vn 0.0000 0.7107 -0.7035
vn -0.0000 1.0000 0.0001
vn 0.0000 1.0000 -0.0001
vn 0.0000 0.7093 0.7049
vn 0.0000 0.7071 0.7071
vn 0.0000 -0.7071 0.7071
vn -0.0000 -0.7071 -0.7071
vn -0.0001 0.7035 0.7107
vn 0.0000 0.7035 0.7107
vn -0.0002 -0.7156 0.6985
vn 0.0000 -0.7156 0.6985
vn -0.0000 0.7057 0.7085
vn -0.0001 -0.7035 -0.7107
vn 0.0000 -0.7035 -0.7107
vn -0.0000 0.7043 0.7099
vn 0.7071 -0.0000 -0.7071
vn 0.7071 -0.0000 0.7071
vn -0.7071 -0.0000 0.7071
vn -0.7071 0.0000 -0.7071
vn 0.0002 0.7112 0.7030
vn -0.0002 0.7095 -0.7047
vn 0.0002 -0.6936 -0.7204
vn -0.7044 -0.0001 0.7098
vn 0.0002 0.7049 0.7093
vn 0.0000 0.7049 0.7093
vn 1.0000 0.0003 -0.0039
vn 0.6995 -0.0016 0.7146
vn 0.7046 -0.0001 0.7096
vn 0.7038 0.0021 0.7104
vn 0.0002 -0.0000 1.0000
vn -0.0001 0.7071 0.7071
vn -0.0004 0.7074 0.7068
vn -0.0000 0.7066 0.7076
vn 0.0005 -0.0001 -1.0000
vn -0.0004 0.7073 -0.7069
vn -0.0004 0.7074 -0.7068
vn -0.0001 0.7071 -0.7071
vn 0.0005 0.7076 -0.7066
vn -0.0005 0.7079 -0.7063
vn 0.0011 0.7096 0.7046
vn -0.0011 0.7101 0.7041
vn 0.7067 -0.0003 0.7076
vn -0.7131 -0.0013 0.7011
vn -0.0082 0.0010 1.0000
vn 0.6994 0.0010 0.7147
vn 0.0013 0.7134 -0.7008
vn -0.0018 0.6930 -0.7209
vn 0.0012 0.6954 0.7186
vn -0.0026 0.6956 -0.7184
vn 0.0012 0.7134 -0.7008
vn 0.0011 0.6954 0.7186
vn 0.0001 0.7071 0.7071
vn -0.0031 0.7066 0.7076
vn 0.0030 0.7070 0.7072
vn 0.0012 0.7134 0.7008
vn -0.0016 0.6930 0.7209
vn 0.0011 0.6954 -0.7186
vn -0.0018 0.6956 0.7184
vn 0.0005 0.7071 -0.7071
vn 0.0051 0.7090 -0.7052
vn -0.0051 0.7087 -0.7055
vn 0.7059 0.0012 -0.7083
vn 0.7170 -0.0037 -0.6970
vn 0.7080 -0.0005 -0.7062
vn 0.7038 0.0021 -0.7104
vn 0.7046 -0.0001 -0.7096
vn 0.0435 0.6809 -0.7311
vn 0.0149 0.6990 -0.7149
vn -0.0195 0.7027 -0.7113
vn -0.0079 0.7129 -0.7012
vn 1.0000 -0.0000 -0.0001
vn 0.9996 0.0000 -0.0295
vn 1.0000 0.0003 0.0034
vn 0.6995 -0.0016 -0.7146
vn 0.9996 0.0000 0.0295
vn 1.0000 -0.0000 0.0001
vn -0.0153 0.7195 0.6944
vn -0.0100 0.6974 0.7167
vn -0.0196 0.7026 -0.7113
vn -0.0000 0.7141 -0.7001
vn -0.0149 0.6990 -0.7149
vn 0.0153 0.7195 0.6944
vn -0.0072 0.7110 -0.7032
vn -0.0203 0.6923 -0.7214
vn 0.0195 0.7027 -0.7113
vn 0.0203 0.6923 -0.7214
vn 0.0072 0.7110 -0.7032
vn 0.0000 0.7223 -0.6916
vn 0.0221 0.7230 0.6904
vn -0.0000 0.7098 0.7044
vn -0.0221 0.7230 0.6904
vn 0.0072 0.7110 0.7032
vn 0.0203 0.6923 0.7214
vn 0.0100 0.6974 0.7167
vn -0.0203 0.6923 0.7214
vn -0.0072 0.7110 0.7032
vn 0.0041 0.7071 0.7071
vn -0.0058 -0.7071 -0.7070
vn -0.0053 -0.7071 0.7071
vn 0.0047 -0.7071 0.7071
vn -0.7129 -0.0023 -0.7013
vn -0.6888 0.0043 -0.7249
vn -0.7242 0.0016 -0.6896
vn -0.9999 -0.0018 -0.0104
vn 0.7080 -0.0005 0.7062
vn 0.7170 -0.0037 0.6970
vn 0.7059 0.0012 0.7083
vn 0.0042 -0.7071 0.7071
vn -0.0055 0.7071 0.7071
vn 0.0045 0.7071 0.7071
vn -0.0040 0.7071 -0.7071
vn -0.6888 0.0015 -0.7250
vn -0.7132 0.0053 -0.7010
vn -0.0082 0.0010 -1.0000
vn 0.7067 -0.0003 -0.7076
vn 0.6994 0.0010 -0.7147
vn 0.7070 -0.0004 0.7072
vn 0.7006 0.0012 0.7135
vn 0.7070 -0.0004 -0.7072
vn 0.7006 0.0012 -0.7135
vn -0.0085 0.0012 -1.0000
vn -0.7032 0.0076 -0.7110
vn -0.0084 0.0012 1.0000
vn -0.7031 -0.0005 0.7111
vn -0.7129 -0.0023 0.7013
vn -0.6888 0.0043 0.7249
vn -0.6888 0.0015 0.7250
vn -0.0084 0.0012 -1.0000
vn -0.7242 0.0014 0.6896
vn -0.9999 -0.0018 0.0104
vn -0.0017 0.6930 0.7209
vn 0.0012 0.6954 -0.7186
vn -0.0030 0.7066 0.7076
vn -0.0004 0.7073 0.7069
vn -0.0435 0.6809 -0.7311
vn 0.0079 0.7129 -0.7012
vn 0.0099 0.6973 0.7167
usemtl 64,64,64.012
s 1
f 217/1/1 218/2/2 99/3/3 98/4/4
f 171/5/5 172/6/1 53/7/6 52/8/5
f 173/9/7 174/10/8 55/11/8 54/12/3
f 195/13/9 196/14/10 77/15/10 76/16/9
f 414/17/11 415/18/12 316/19/12 315/20/11
f 357/21/13 353/22/14 274/23/15 273/24/16
f 486/25/17 485/26/18 555/27/19 556/28/20
f 511/29/21 503/30/21 504/31/21 454/32/21 455/33/21
f 109/34/21 101/35/21 14/36/21 15/37/21 16/38/21 17/39/21 18/40/21 49/41/21 50/42/21 51/43/21 83/44/21 84/45/21 85/46/21 86/47/21 87/48/21 88/49/21 97/50/21 98/51/21 99/52/21 100/53/21 92/54/21 93/55/21 108/56/21
f 548/57/22 549/58/23 479/59/24 478/60/22
f 953/61/25 954/62/26 906/63/26 905/64/27
f 265/65/28 264/66/29 368/67/29 369/68/28
f 957/69/30 909/70/31 908/71/32 956/72/31
f 146/73/3 147/74/8 28/75/8 27/76/3
f 114/77/21 115/78/21 68/79/21 69/80/21 70/81/21 71/82/21
f 949/83/33 948/84/34 731/85/34 730/86/35
f 206/87/36 207/88/5 88/89/5 87/90/36
f 48/91/21 49/41/21 18/40/21 60/92/21 61/93/21 62/94/21 9/95/21 8/96/21 74/97/21 75/98/21 76/99/21 97/50/21 88/49/21 89/100/21 90/101/21 91/102/21 83/44/21 51/43/21 52/103/21 53/104/21 54/105/21 55/106/21 47/107/21
f 955/108/37 956/109/31 908/110/32 907/111/38
f 664/112/39 662/113/39 654/114/21 663/115/21
f 582/116/18 583/117/40 522/118/41 521/119/18
f 456/120/42 567/121/43 568/122/44 457/123/45
f 189/124/46 190/125/47 71/126/47 70/127/48
f 167/128/49 168/129/50 49/130/51 48/131/49
f 187/132/10 188/133/52 69/134/53 68/135/10
f 910/136/54 909/137/31 957/138/30 958/139/55
f 162/140/5 163/141/1 44/142/56 43/143/5
f 530/144/57 531/145/58 532/146/59 463/147/60 462/148/61
f 133/149/62 134/150/63 15/151/64 14/152/62
f 117/153/65 116/154/66 128/155/67 129/156/68
f 202/157/18 203/158/49 84/159/49 83/160/18
f 352/161/69 349/162/70 279/163/70 278/164/71
f 421/165/72 422/166/73 305/167/74 304/168/72
f 405/169/11 406/170/12 325/171/12 324/172/11
f 550/173/75 551/174/76 481/175/77 480/176/78
f 138/177/79 130/178/18 11/179/18 19/180/79
f 207/88/5 208/181/1 89/182/1 88/89/5
f 132/183/80 133/149/62 14/152/62 13/184/80
f 266/185/81 265/65/28 369/68/28 362/186/82
f 391/187/18 392/188/83 329/189/83 328/190/18
f 912/191/84 911/192/85 959/193/86 960/194/21
f 149/195/49 150/196/50 31/197/87 30/198/49
f 917/199/21 925/200/88 646/201/88 645/202/21
f 384/203/89 385/204/90 340/205/90 339/206/91
f 668/207/92 658/208/92 659/209/93 667/210/94
f 182/211/95 183/212/8 64/213/8 63/214/3
f 606/215/96 607/216/97 510/217/98 509/218/99
f 1/219/100 2/220/101 7/221/101 8/222/102
f 192/223/103 184/224/18 65/225/18 73/226/103
f 178/227/104 179/228/36 60/229/36 59/230/105
f 194/231/106 195/13/9 76/16/9 75/232/106
f 614/233/107 615/234/96 500/235/96 499/236/108
f 667/237/94 659/238/93 660/239/109 666/240/110
f 219/241/8 211/242/18 92/243/18 100/244/8
f 945/245/111 944/246/21 726/247/21 734/248/111
f 388/249/12 389/250/112 344/251/113 343/252/12
f 176/253/49 177/254/50 58/255/51 57/256/49
f 151/257/104 152/258/36 33/259/36 32/260/105
f 126/261/114 114/262/18 113/263/115 125/264/18
f 190/125/47 191/265/116 72/266/117 71/126/47
f 935/267/21 943/268/88 700/269/88 699/270/21
f 943/268/88 942/271/118 701/272/118 700/269/88
f 348/273/119 244/274/120 243/275/121 282/276/119
f 401/277/83 402/278/89 321/279/122 320/280/83
f 147/74/8 139/281/18 20/282/18 28/75/8
f 221/283/49 222/284/50 103/285/87 102/286/49
f 262/287/123 261/288/66 381/289/124 370/290/68
f 445/291/125 446/292/126 451/293/127 452/294/68
f 232/295/128 10/296/102 9/297/129 121/298/130
f 610/299/41 611/300/131 496/301/132 495/302/41
f 393/303/89 394/304/133 331/305/90 330/306/134
f 177/254/50 178/227/104 59/230/105 58/255/51
f 586/307/135 587/308/107 526/309/108 525/310/136
f 565/311/137 454/312/137 453/313/70 564/314/70
f 160/315/105 161/316/36 42/317/138 41/318/105
f 400/319/18 401/277/83 320/280/83 319/320/18
f 136/321/139 137/322/140 18/323/140 17/324/139
f 436/325/18 437/326/106 284/327/106 283/328/18
f 193/329/18 194/231/106 75/232/106 74/330/18
f 564/331/21 572/332/21 581/333/21 573/334/21 574/335/21 575/336/21 576/337/21 577/338/21 578/339/21 579/340/21 570/341/21 569/342/21 568/343/21 567/344/21 566/345/21 565/346/21
f 662/347/18 661/348/18 678/349/18 679/350/18 680/351/18 672/352/18 673/353/18 674/354/18 656/355/18 655/356/18 654/357/18
f 455/358/141 566/359/141 567/121/43 456/120/42
f 115/360/142 114/361/18 126/362/114 127/363/143
f 722/364/144 712/365/92 713/366/94 721/367/94
f 155/368/95 156/369/8 37/370/8 36/371/3
f 561/372/145 562/373/146 492/374/147 491/375/145
f 361/376/148 358/377/68 270/378/68 269/379/149
f 203/158/49 204/380/50 85/381/51 84/159/49
f 250/382/150 249/383/150 365/384/150 366/385/151
f 539/386/152 540/387/153 471/388/154 470/389/155
f 588/390/96 589/391/156 528/392/157 527/393/96
f 150/196/50 151/257/104 32/260/105 31/197/87
f 169/394/27 168/395/27 137/396/27 136/397/27 203/398/27 202/399/27
f 488/400/158 487/401/159 557/402/160 558/403/161
f 156/404/27 155/405/27 142/406/27 141/407/27 140/408/27 139/409/27 147/410/27 232/411/27 231/412/27 230/413/27 229/414/27 158/415/27 157/416/27 151/417/27 150/418/27 149/419/27 148/420/27
f 431/421/52 432/422/48 297/423/48 296/424/53
f 961/425/162 913/426/21 912/427/84 960/428/21
f 359/429/163 360/430/164 268/431/165 267/432/166
f 590/433/167 582/434/18 521/435/18 529/436/167
f 10/437/27 174/438/27 173/439/27 1/440/27
f 911/192/85 910/136/54 958/139/55 959/193/86
f 696/441/168 684/442/169 685/443/92 695/444/144
f 201/445/103 193/446/18 74/447/18 82/448/103
f 220/449/18 221/283/49 102/286/49 101/450/18
f 413/451/170 414/17/11 315/20/11 314/452/171
f 160/453/27 159/454/27 158/415/27 229/414/27 222/455/27 221/456/27 220/457/27 228/458/27 227/459/27 226/460/27 225/461/27 224/462/27 223/463/27 129/464/27 185/465/27 184/466/27 192/467/27 191/468/27 190/469/27 189/470/27 188/471/27 187/472/27 127/473/27 126/474/27 125/475/27 197/476/27 196/477/27 195/478/27 194/479/27 193/480/27 2/481/27 1/440/27 173/439/27 172/482/27 171/483/27 170/484/27 169/394/27 202/399/27 210/485/27 209/486/27 208/487/27 207/488/27 206/489/27 205/490/27 204/491/27 203/398/27 136/397/27 135/492/27 219/493/27 218/494/27 217/495/27 216/496/27 215/497/27 214/498/27 213/499/27 212/500/27 134/501/27 133/502/27 132/503/27 131/504/27 130/505/27 138/506/27 177/507/27 176/508/27 175/509/27 183/510/27 182/511/27 181/512/27 180/513/27 179/514/27 137/396/27 168/395/27 167/515/27 166/516/27 174/438/27 10/437/27 232/411/27 147/410/27 146/517/27 145/518/27 144/519/27 143/520/27 142/406/27 155/405/27 154/521/27 153/522/27 152/523/27 151/417/27 157/416/27 165/524/27 164/525/27 163/526/27 162/527/27 161/528/27
f 134/501/27 212/500/27 211/529/27 219/493/27 135/492/27
f 228/530/8 220/531/18 101/532/18 109/533/8
f 459/534/172 570/535/173 571/536/174 460/537/174
f 608/538/167 600/539/18 503/540/18 511/541/167
f 706/542/18 707/543/18 699/544/18 700/545/18 701/546/18 702/547/18 703/548/18 684/549/18 683/550/18 682/551/18 681/552/18 689/553/18 688/554/18 687/555/18 705/556/18
f 280/557/21 281/558/21 282/559/21 243/560/21 242/561/21 241/562/21 318/563/21 310/564/21 311/565/21 312/566/21 313/567/21 314/568/21 315/569/21 316/570/21 239/571/21 238/572/21 237/573/21 247/574/21 248/575/21 249/576/21 250/577/21 327/578/21 319/579/21 320/580/21 321/581/21 322/582/21 323/583/21 324/584/21 325/585/21 283/586/21 284/587/21 285/588/21 286/589/21 299/590/21 300/591/21 292/592/21 293/593/21 294/594/21 295/595/21 296/596/21 259/597/21 260/598/21 261/599/21 262/600/21 263/601/21 264/602/21 265/603/21 266/604/21 267/605/21 268/606/21 269/607/21 270/608/21 271/609/21 272/610/21 273/611/21 274/612/21 275/613/21 276/614/21 277/615/21 278/616/21 279/617/21 345/618/21 337/619/21 338/620/21 339/621/21 340/622/21 341/623/21 342/624/21 302/625/21 303/626/21 304/627/21 329/628/21 330/629/21 331/630/21 332/631/21 333/632/21 334/633/21 335/634/21 336/635/21 305/636/21 306/637/21 307/638/21 308/639/21 309/640/21
f 209/641/3 210/642/8 91/643/8 90/644/3
f 242/645/175 243/646/121 244/647/120 245/648/175
f 562/373/146 563/649/68 493/650/123 492/374/147
f 276/651/176 275/652/177 354/653/177 350/654/178
f 316/570/21 317/655/21 318/563/21 241/562/21 240/656/21 239/571/21
f 666/240/110 660/239/109 661/657/179 665/658/179
f 376/659/180 377/660/181 257/661/182 256/662/183
f 246/663/27 245/664/27 417/665/27 416/666/27
f 922/667/33 921/668/34 650/669/34 649/670/184
f 643/671/185 629/672/185 630/673/169 642/674/168
f 695/444/144 685/443/92 686/675/94 694/676/94
f 185/677/106 186/678/9 67/679/186 66/680/106
f 931/681/33 930/682/34 677/683/34 676/684/33
f 942/271/118 941/685/187 702/686/187 701/272/118
f 939/687/188 938/688/189 705/689/189 704/690/34
f 4/691/27 3/692/27 2/481/27 193/480/27 201/693/27 200/694/27 199/695/27 198/696/27 197/476/27 125/475/27 124/697/27 123/698/27 122/699/27
f 617/700/167 609/701/18 494/702/18 502/703/167
f 960/704/18 959/705/18 958/706/18 957/707/18 956/708/18 671/709/18 670/710/18 669/711/18
f 363/712/190 247/713/31 237/714/31 236/715/31
f 301/716/21 302/625/21 342/624/21 343/717/21 344/718/21 345/618/21 279/617/21 280/557/21 309/640/21
f 546/719/191 547/720/192 477/721/193 476/722/31
f 542/723/27 541/724/27 616/725/27 615/726/27 614/727/27 613/728/27 612/729/27 611/730/27 610/731/27 609/732/27 617/733/27 540/734/27 539/735/27 538/736/27 537/737/27 536/738/27 618/739/27 626/740/27 625/741/27 624/742/27 623/743/27 601/744/27 600/745/27 608/746/27 546/747/27 545/748/27 544/749/27 543/750/27
f 328/751/21 329/628/21 304/627/21 305/636/21 336/635/21
f 223/752/104 224/753/36 105/754/36 104/755/105
f 603/756/194 604/757/135 507/758/136 506/759/194
f 261/288/66 260/760/142 380/761/143 381/289/124
f 180/762/5 181/763/1 62/764/6 61/765/5
f 718/766/39 716/767/39 708/768/21 717/769/21
f 540/387/153 541/770/195 542/771/196 472/772/197 471/388/154
f 559/773/198 560/774/199 490/775/200 489/776/201
f 412/777/90 413/451/170 314/452/171 313/778/90
f 158/779/49 159/780/50 40/781/50 39/782/49
f 394/304/133 395/783/170 332/784/170 331/305/90
f 371/785/202 251/786/102 250/787/150 366/788/151
f 21/789/21 22/790/21 120/791/21 121/792/21 9/95/21 62/94/21 63/793/21 64/794/21 56/795/21 57/796/21 58/797/21 59/798/21 60/92/21 18/40/21 19/799/21 11/800/21 12/801/21 13/802/21 14/36/21 101/35/21 43/803/21 44/804/21 45/805/21 46/806/21 38/807/21 39/808/21 40/809/21 41/810/21 42/811/21 103/812/21 104/813/21 105/814/21 106/815/21 107/816/21 108/56/21 93/55/21 94/817/21 95/818/21 96/819/21 97/50/21 76/99/21 77/820/21 78/821/21 79/822/21 80/823/21 81/824/21 82/825/21 74/97/21 8/96/21 7/826/21 6/827/21 5/828/21 110/829/21 111/830/21 112/831/21 113/832/21 114/77/21 71/82/21 72/833/21 73/834/21 65/835/21 66/836/21 67/837/21 68/79/21 115/78/21 116/838/21 117/839/21 118/840/21 119/841/21 31/842/21 32/843/21 33/844/21 34/845/21 35/846/21 36/847/21 23/848/21 24/849/21 25/850/21 26/851/21 27/852/21 28/853/21 20/854/21
f 407/855/203 408/856/204 327/857/204 326/858/113
f 222/284/50 223/752/104 104/755/105 103/285/87
f 551/859/76 552/860/205 482/861/206 481/862/77
f 930/682/34 929/863/189 678/864/189 677/683/34
f 429/865/9 430/866/207 295/867/10 294/868/186
f 262/869/123 370/870/68 367/871/123 263/872/68
f 448/873/208 530/144/57 462/148/61 449/874/209
f 297/875/21 298/876/21 299/590/21 286/589/21 287/877/21 288/878/21 289/879/21 290/880/21 291/881/21 283/586/21 325/585/21 326/882/21 327/578/21 250/577/21 251/883/21 252/884/21 253/885/21 254/886/21 255/887/21 256/888/21 257/889/21 258/890/21 259/597/21 296/596/21
f 437/326/106 438/891/9 285/892/210 284/327/106
f 427/893/18 428/894/106 293/895/106 292/896/18
f 122/897/211 123/898/180 111/899/180 110/900/31
f 142/901/105 143/902/36 24/903/212 23/904/105
f 724/905/185 710/906/185 711/907/169 723/908/168
f 143/902/36 144/909/213 25/910/5 24/903/212
f 410/911/83 411/912/89 312/913/134 311/914/83
f 615/234/96 616/915/98 501/916/98 500/235/96
f 396/917/11 397/918/12 334/919/214 333/920/11
f 411/921/27 410/922/27 409/923/27 417/665/27 245/664/27 244/924/27 348/925/27 347/926/27 346/927/27 349/928/27 390/929/27 389/930/27 388/931/27 419/932/27 418/933/27 426/934/27 425/935/27 424/936/27 423/937/27 422/938/27 421/939/27 399/940/27 398/941/27 397/942/27 396/943/27 395/944/27 394/945/27 393/946/27 359/947/27 362/948/27 369/949/27 368/950/27 367/951/27 429/952/27 428/953/27 427/954/27 435/955/27 434/956/27 433/957/27 432/958/27 431/959/27 430/960/27 381/961/27 380/962/27 379/963/27 378/964/27 377/965/27 376/966/27 375/967/27 374/968/27 443/969/27 442/970/27 441/971/27 440/972/27 439/973/27 438/974/27 404/975/27 403/976/27 402/977/27 401/978/27 400/979/27 408/980/27 366/981/27 365/982/27 364/983/27 363/984/27 236/985/27 235/986/27 234/987/27 233/988/27 246/663/27 416/666/27 415/989/27 414/990/27 413/991/27 412/992/27
f 915/993/215 914/994/216 964/995/216 963/996/215
f 230/997/217 231/998/218 120/999/219 119/1000/217
f 3/1001/220 4/1002/31 5/1003/31 6/1004/220
f 920/1005/189 919/1006/221 652/1007/222 651/1008/189
f 934/1009/88 933/1010/118 674/1011/223 673/1012/88
f 947/1013/189 946/1014/224 733/1015/222 732/1016/225
f 433/1017/47 434/1018/116 299/1019/117 298/1020/47
f 558/1021/161 559/773/198 489/776/201 488/1022/158
f 951/1023/118 950/1024/226 729/1025/187 728/1026/227
f 928/1027/228 927/1028/111 680/1029/111 679/1030/222
f 154/1031/1 155/368/95 36/371/3 35/1032/6
f 584/1033/229 585/1034/194 524/1035/194 523/1036/229
f 602/1037/131 603/756/194 506/759/194 505/1038/230
f 371/1039/202 372/1040/231 252/1041/231 251/1042/102
f 541/724/27 540/734/27 617/733/27 616/725/27
f 720/1043/110 714/1044/109 715/1045/179 719/1046/179
f 549/1047/23 550/173/75 480/176/78 479/1048/24
f 390/1049/204 382/1050/18 337/1051/18 345/1052/204
f 166/1053/18 167/128/49 48/131/49 47/1054/18
f 355/1055/68 356/1056/232 272/1057/233 271/1058/68
f 402/278/89 403/1059/90 322/1060/90 321/279/122
f 936/1061/111 935/1062/21 699/1063/21 707/1064/111
f 183/212/8 175/1065/18 56/1066/18 64/213/8
f 670/1067/185 656/1068/185 657/1069/168 669/1070/168
f 385/204/90 386/1071/170 341/1072/171 340/205/90
f 137/322/140 138/177/79 19/180/79 18/323/140
f 398/1073/203 399/1074/204 336/1075/204 335/1076/113
f 616/915/98 617/700/167 502/703/167 501/916/98
f 214/1077/234 215/1078/36 96/1079/36 95/1080/105
f 389/250/112 390/1049/204 345/1052/204 344/251/113
f 418/1081/18 419/1082/235 302/1083/235 301/1084/18
f 611/300/131 612/1085/194 497/1086/194 496/301/132
f 594/1087/194 595/1088/135 516/1089/136 515/1090/194
f 933/1010/118 932/1091/187 675/1092/187 674/1011/223
f 264/66/29 263/1093/68 367/1094/123 368/67/29
f 644/1095/236 628/1096/236 629/672/185 643/671/185
f 395/783/170 396/917/11 333/920/11 332/784/170
f 131/1097/237 132/183/80 13/184/80 12/1098/237
f 224/753/36 225/1099/5 106/1100/5 105/754/36
f 628/1096/236 644/1095/236 636/1101/21 627/1102/21
f 638/1103/179 634/1104/179 635/1105/39 637/1106/39
f 687/555/18 686/1107/18 685/1108/18 684/549/18 703/548/18 704/1109/18 705/556/18
f 204/380/50 205/1110/104 86/1111/105 85/381/51
f 454/312/137 565/311/137 566/359/141 455/358/141
f 353/1112/27 357/1113/27 356/1114/27 355/1115/27 358/1116/27 361/1117/27 360/1118/27 359/947/27 393/946/27 392/1119/27 391/1120/27 399/940/27 421/939/27 420/1121/27 419/932/27 388/931/27 387/1122/27 386/1123/27 385/1124/27 384/1125/27 383/1126/27 382/1127/27 390/929/27 349/928/27 352/1128/27 351/1129/27 350/1130/27 354/1131/27
f 923/1132/226 922/667/33 649/670/184 648/1133/187
f 434/1018/116 435/1134/103 300/1135/103 299/1019/117
f 589/391/156 590/433/167 529/436/167 528/392/157
f 953/1136/25 905/1137/27 901/1138/238 900/1139/27
f 419/1082/235 420/1140/239 303/1141/240 302/1083/235
f 161/316/36 162/140/5 43/143/5 42/317/138
f 444/1142/27 443/969/27 374/968/27 373/1143/27 372/1144/27 371/1145/27 366/981/27 408/980/27 407/1146/27 406/1147/27 405/1148/27 404/975/27 438/974/27 437/1149/27 436/1150/27
f 493/1151/123 563/1152/68 445/1153/125 452/1154/68
f 383/1155/83 384/203/89 339/206/91 338/1156/83
f 555/1157/19 485/1158/18 484/1159/241 554/1160/18
f 370/1161/27 381/961/27 430/960/27 429/952/27 367/951/27
f 375/1162/242 255/1163/31 254/1164/190 374/1165/31
f 213/1166/50 214/1077/234 95/1080/105 94/1167/50
f 249/383/150 248/1168/243 364/1169/244 365/384/150
f 697/1170/185 683/1171/185 684/442/169 696/441/168
f 919/1006/221 918/1172/111 653/1173/111 652/1007/222
f 607/216/97 608/538/167 511/541/167 510/217/98
f 163/141/1 164/1174/3 45/1175/3 44/142/56
f 472/1176/21 473/1177/21 474/1178/21 500/1179/21 501/1180/21 502/1181/21 494/1182/21 495/1183/21 496/1184/21 497/1185/21 457/1186/21 458/1187/21 459/1188/21 525/1189/21 526/1190/21 527/1191/21 528/1192/21 529/1193/21 521/1194/21 522/1195/21 523/1196/21 524/1197/21 452/1198/21 451/1199/21 450/1200/21 449/1201/21 462/1202/21 463/1203/21 464/1204/21 465/1205/21 466/1206/21 467/1207/21 468/1208/21 469/1209/21 470/1210/21 471/1211/21
f 815/1212/70 814/1213/70 880/1214/70 879/1215/70 848/1216/70 847/1217/70 846/1218/70 845/1219/70 945/1220/70 946/1221/70 916/1222/70 904/1223/70 903/1224/70 902/1225/70 901/1226/70 936/1227/70 937/1228/70 938/1229/70 794/1230/70 793/1231/70 792/1232/70 791/1233/70 790/1234/70 789/1235/70 797/1236/70 796/1237/70 795/1238/70 864/1239/70 863/1240/70 862/1241/70 861/1242/70 869/1243/70 868/1244/70 827/1245/70 826/1246/70 885/1247/70 884/1248/70 883/1249/70 882/1250/70 881/1251/70 813/1252/70 812/1253/70 811/1254/70 810/1255/70 742/1256/70 741/1257/70 740/1258/70 739/1259/70 738/1260/70 737/1261/70 736/1262/70 735/1263/70 809/1264/70 808/1265/70 807/1266/70
f 916/1267/245 962/1268/68 897/1269/246 904/1270/68
f 208/181/1 209/641/3 90/644/3 89/182/1
f 461/1271/21 520/1272/21 512/1273/21 513/1274/21 460/1275/21
f 507/1276/21 508/1277/21 509/1278/21 510/1279/21 511/29/21 455/33/21 456/1280/21 457/1186/21 497/1185/21 498/1281/21 499/1282/21 500/1179/21 474/1178/21 475/1283/21 476/1284/21 477/1285/21 478/1286/21 479/1287/21 480/1288/21 481/1289/21 482/1290/21 483/1291/21 484/1292/21 485/1293/21 486/1294/21 487/1295/21 488/1296/21 489/1297/21 490/1298/21 491/1299/21 492/1300/21 493/1301/21 452/1198/21 524/1197/21 525/1189/21 459/1188/21 460/1275/21 513/1274/21 514/1302/21 515/1303/21 516/1304/21 517/1305/21 518/1306/21 519/1307/21 520/1272/21 461/1271/21 453/1308/21 454/32/21 504/31/21 505/1309/21 506/1310/21
f 918/1172/111 917/1311/21 645/1312/21 653/1173/111
f 386/1071/170 387/1313/11 342/1314/11 341/1072/171
f 241/1315/247 242/645/175 245/648/175 246/1316/247 233/1317/248 240/1318/249
f 423/1319/250 424/1320/251 307/1321/251 306/1322/250
f 229/1323/252 230/997/217 119/1000/217 118/1324/68
f 458/1325/253 569/1326/253 570/535/173 459/534/172
f 941/685/187 940/1327/33 703/1328/254 702/686/187
f 641/1329/92 631/1330/92 632/1331/93 640/1332/94
f 346/1333/70 347/1334/255 281/1335/256 280/1336/70
f 205/1110/104 206/87/36 87/90/36 86/1111/105
f 211/1337/18 212/1338/49 93/1339/49 92/1340/18
f 435/1134/103 427/1341/18 292/1342/18 300/1135/103
f 416/1343/203 417/1344/204 318/1345/257 317/1346/113
f 537/1347/258 538/1348/259 469/1349/260 468/1350/261
f 597/1351/96 598/1352/262 519/1353/157 518/1354/96
f 403/1059/90 404/1355/170 323/1356/170 322/1060/90
f 461/1357/263 572/1358/263 564/314/70 453/313/70
f 721/1359/94 713/1360/94 714/1044/109 720/1043/110
f 439/1361/10 440/1362/52 287/1363/53 286/1364/10
f 119/841/21 120/791/21 22/790/21 23/848/21 36/847/21 37/1365/21 29/1366/21 30/1367/21 31/842/21
f 144/909/213 145/1368/1 26/1369/4 25/910/5
f 227/1370/3 228/530/8 109/533/8 108/1371/3
f 409/1372/18 410/911/83 311/914/83 310/1373/18
f 184/1374/18 185/677/106 66/680/106 65/1375/18
f 9/1376/129 10/1377/102 1/1378/100 8/1379/102
f 408/856/204 400/1380/18 319/1381/18 327/857/204
f 719/1382/18 962/1383/18 963/1384/18 964/1385/18 961/1386/18 720/1387/18
f 233/1388/248 234/1389/264 239/1390/265 240/1391/249
f 123/898/180 124/1392/266 112/1393/182 111/899/180
f 460/537/174 571/536/174 572/1358/263 461/1357/263
f 898/1394/267 899/1395/268 902/1396/269 903/1397/270
f 547/720/192 548/57/22 478/60/22 477/721/193
f 604/757/135 605/1398/107 508/1399/108 507/758/136
f 595/1088/135 596/1400/107 517/1401/108 516/1089/136
f 426/1402/271 418/1403/18 301/1404/18 309/1405/271
f 406/170/12 407/855/203 326/858/113 325/171/12
f 372/1040/231 373/1406/272 253/1407/272 252/1041/231
f 543/1408/273 544/1409/274 474/1410/275 473/1411/273
f 169/1412/105 170/1413/36 51/1414/138 50/1415/105
f 152/258/36 153/1416/5 34/1417/5 33/259/36
f 124/1392/266 125/1418/18 113/1419/115 112/1393/182
f 375/1420/242 376/659/180 256/662/183 255/1421/31
f 172/6/1 173/9/7 54/12/3 53/7/6
f 655/1422/236 671/1423/236 663/115/21 654/114/21
f 536/1424/276 467/1425/70 466/1426/277 535/1427/70
f 944/1428/21 952/1429/88 727/1430/88 726/1431/21
f 446/292/126 447/1432/278 450/1433/278 451/293/127
f 198/1434/48 199/1435/47 80/1436/47 79/1437/48
f 225/1099/5 226/1438/1 107/1439/1 106/1100/5
f 447/1432/278 448/1440/208 449/1441/209 450/1433/278
f 583/117/40 584/1033/229 523/1036/229 522/118/41
f 186/678/9 187/132/10 68/135/10 67/679/186
f 642/674/168 630/673/169 631/1330/92 641/1329/92
f 196/14/10 197/1442/52 78/1443/52 77/15/10
f 417/1344/204 409/1444/18 310/1445/18 318/1345/257
f 694/1446/94 686/1447/94 687/1448/109 693/1449/110
f 581/1450/102 622/1451/102 573/1452/70
f 573/1452/70 622/1451/102 623/1453/279
f 573/1452/70 623/1453/279 574/1454/279
f 574/1454/279 623/1453/279 624/1455/279
f 574/1454/279 624/1455/279 575/1456/279
f 575/1456/279 624/1455/279 625/1457/280
f 575/1456/279 625/1457/280 576/1458/280
f 576/1458/280 625/1457/280 626/1459/280
f 576/1458/280 626/1459/280 577/1460/280
f 577/1460/280 626/1459/280 618/1461/18
f 577/1460/280 618/1461/18 578/1462/281
f 578/1463/281 618/1464/18 619/1465/281
f 578/1463/281 619/1465/281 579/1466/281
f 579/1466/281 619/1465/281 620/1467/281
f 579/1466/281 620/1467/281 580/1468/102
f 580/1468/102 620/1467/281 621/1469/102
f 580/1468/102 621/1469/102 581/1450/102
f 581/1450/102 621/1469/102 622/1451/102
f 899/1395/268 900/1470/27 901/1471/238 902/1396/269
f 582/1472/27 590/1473/27 533/1474/27 532/1475/27 531/1476/27 583/1477/27
f 534/1478/282 535/1479/70 466/1480/277 465/1481/283
f 424/1320/251 425/1482/284 308/1483/285 307/1321/251
f 181/763/1 182/211/95 63/214/3 62/764/6
f 946/1014/224 945/245/111 734/248/111 733/1015/222
f 351/1484/286 352/161/69 278/164/71 277/1485/286
f 940/1327/33 939/687/188 704/690/34 703/1328/254
f 599/1486/167 591/1487/18 512/1488/18 520/1489/167
f 199/1435/47 200/1490/117 81/1491/117 80/1436/47
f 562/1492/27 593/1493/27 592/1494/27 563/1495/27
f 487/401/159 486/25/17 556/28/20 557/402/160
f 360/430/164 361/376/148 269/379/149 268/431/165
f 605/1398/107 606/215/96 509/218/99 508/1399/108
f 159/780/50 160/315/105 41/318/105 40/781/50
f 669/1070/168 657/1069/168 658/208/92 668/207/92
f 164/1174/3 165/1496/8 46/1497/8 45/1175/3
f 651/1498/18 652/1499/18 634/1500/18 633/1501/18 632/1502/18 631/1503/18 630/1504/18 629/1505/18 628/1506/18 627/1507/18 635/1508/18 645/1509/18 646/1510/18 647/1511/18 648/1512/18 649/1513/18 650/1514/18
f 399/1074/204 391/1515/18 328/1516/18 336/1075/204
f 382/1517/18 383/1155/83 338/1156/83 337/1518/18
f 676/1519/18 677/1520/18 678/349/18 661/348/18 660/1521/18 659/1522/18 658/1523/18 657/1524/18 656/355/18 674/354/18 675/1525/18
f 952/1429/88 951/1023/118 728/1026/227 727/1430/88
f 356/1056/232 357/21/13 273/24/16 272/1057/233
f 168/129/50 169/1412/105 50/1415/105 49/130/51
f 665/658/179 661/657/179 662/113/39 664/112/39
f 139/1526/18 140/1527/49 21/1528/49 20/1529/18
f 921/668/34 920/1005/189 651/1008/189 650/669/34
f 600/1530/18 601/1531/41 504/1532/41 503/1533/18
f 725/1534/236 709/1535/236 710/906/185 724/905/185
f 248/1168/243 247/1536/31 363/1537/190 364/1169/244
f 415/18/12 416/1343/203 317/1346/113 316/19/12
f 579/340/21 580/1538/21 581/333/21 572/332/21 571/1539/21 570/341/21
f 693/1449/110 687/1448/109 688/1540/179 692/1541/179
f 197/1442/52 198/1434/48 79/1437/48 78/1443/52
f 174/10/8 166/1542/18 47/1543/18 55/11/8
f 553/1544/287 554/1545/18 484/1546/241 483/1547/288
f 223/463/27 222/455/27 229/414/27 129/464/27
f 392/188/83 393/303/89 330/306/134 329/189/83
f 560/1548/199 561/372/145 491/375/145 490/1549/200
f 135/1550/289 136/321/139 17/324/139 16/1551/289
f 2/220/101 3/1001/220 6/1004/220 7/221/101
f 585/1034/194 586/307/135 525/310/136 524/1035/194
f 601/1531/41 602/1037/131 505/1038/230 504/1532/41
f 938/688/189 937/1552/222 706/1553/222 705/689/189
f 157/1554/18 158/779/49 39/782/49 38/1555/18
f 775/1556/70 886/1557/70 885/1247/70 826/1246/70 825/1558/70 833/1559/70 832/1560/70 831/1561/70 830/1562/70 829/1563/70 828/1564/70 827/1245/70 868/1244/70 867/1565/70 866/1566/70 865/1567/70 864/1239/70 795/1238/70 794/1230/70 938/1229/70 939/1568/70 940/1569/70 941/1570/70 942/1571/70 943/1572/70 935/1573/70 936/1227/70 901/1226/70 905/1574/70 917/1575/70 918/1576/70 919/1577/70 920/1578/70 921/1579/70 922/1580/70 923/1581/70 759/1582/70 758/1583/70 757/1584/70 756/1585/70 755/1586/70 777/1587/70 776/1588/70
f 954/62/26 955/108/37 907/111/38 906/63/26
f 200/1490/117 201/445/103 82/448/103 81/1491/117
f 698/1589/236 682/1590/236 683/1171/185 697/1170/185
f 897/1591/246 898/1394/267 903/1397/270 904/1592/68
f 714/1593/18 713/1594/18 712/1595/18 711/1596/18 730/1597/18 731/1598/18 732/1599/18 733/1600/18 734/1601/18 726/1602/18 708/1603/18 716/1604/18 715/1605/18
f 736/1606/290 748/1607/290 735/1608/27
f 735/1609/27 748/1610/290 749/1611/291
f 735/1609/27 749/1611/291 743/1612/291
f 743/1612/291 749/1611/291 750/1613/291
f 743/1612/291 750/1613/291 742/1614/291
f 742/1614/291 750/1613/291 751/1615/292
f 742/1614/291 751/1615/292 741/1616/292
f 741/1616/292 751/1615/292 752/1617/292
f 741/1616/292 752/1617/292 740/1618/292
f 740/1618/292 752/1617/292 744/1619/21
f 740/1618/292 744/1619/21 739/1620/293
f 739/1620/293 744/1619/21 745/1621/293
f 739/1620/293 745/1621/293 738/1622/293
f 738/1622/293 745/1621/293 746/1623/293
f 738/1622/293 746/1623/293 737/1624/290
f 737/1624/290 746/1623/293 747/1625/290
f 737/1624/290 747/1625/290 736/1606/290
f 736/1606/290 747/1625/290 748/1607/290
f 754/1626/290 766/1627/290 753/1628/27
f 753/1629/27 766/1630/290 767/1631/291
f 753/1629/27 767/1631/291 761/1632/291
f 761/1632/291 767/1631/291 768/1633/291
f 761/1632/291 768/1633/291 760/1634/291
f 760/1634/291 768/1633/291 769/1635/292
f 760/1634/291 769/1635/292 759/1636/292
f 759/1636/292 769/1635/292 770/1637/292
f 759/1636/292 770/1637/292 758/1638/292
f 758/1638/292 770/1637/292 762/1639/21
f 758/1638/292 762/1639/21 757/1640/293
f 757/1640/293 762/1639/21 763/1641/293
f 757/1640/293 763/1641/293 756/1642/293
f 756/1642/293 763/1641/293 764/1643/293
f 756/1642/293 764/1643/293 755/1644/290
f 755/1644/290 764/1643/293 765/1645/290
f 755/1644/290 765/1645/290 754/1626/290
f 754/1626/290 765/1645/290 766/1627/290
f 772/1646/290 784/1647/290 771/1648/27
f 771/1649/27 784/1650/290 785/1651/291
f 771/1649/27 785/1651/291 779/1652/291
f 779/1652/291 785/1651/291 786/1653/291
f 779/1652/291 786/1653/291 778/1654/291
f 778/1654/291 786/1653/291 787/1655/292
f 778/1654/291 787/1655/292 777/1656/292
f 777/1656/292 787/1655/292 788/1657/292
f 777/1656/292 788/1657/292 776/1658/292
f 776/1658/292 788/1657/292 780/1659/21
f 776/1658/292 780/1659/21 775/1660/293
f 775/1660/293 780/1659/21 781/1661/293
f 775/1660/293 781/1661/293 774/1662/293
f 774/1662/293 781/1661/293 782/1663/293
f 774/1662/293 782/1663/293 773/1664/290
f 773/1664/290 782/1663/293 783/1665/290
f 773/1664/290 783/1665/290 772/1646/290
f 772/1646/290 783/1665/290 784/1647/290
f 790/1666/290 802/1667/290 789/1668/27
f 789/1669/27 802/1670/290 803/1671/291
f 789/1669/27 803/1671/291 797/1672/291
f 797/1672/291 803/1671/291 804/1673/291
f 797/1672/291 804/1673/291 796/1674/291
f 796/1674/291 804/1673/291 805/1675/292
f 796/1674/291 805/1675/292 795/1676/292
f 795/1676/292 805/1675/292 806/1677/292
f 795/1676/292 806/1677/292 794/1678/292
f 794/1678/292 806/1677/292 798/1679/21
f 794/1678/292 798/1679/21 793/1680/293
f 793/1680/293 798/1679/21 799/1681/293
f 793/1680/293 799/1681/293 792/1682/293
f 792/1682/293 799/1681/293 800/1683/293
f 792/1682/293 800/1683/293 791/1684/290
f 791/1684/290 800/1683/293 801/1685/290
f 791/1684/290 801/1685/290 790/1666/290
f 790/1666/290 801/1685/290 802/1667/290
f 808/1686/290 820/1687/290 807/1688/27
f 807/1689/27 820/1690/290 821/1691/291
f 807/1689/27 821/1691/291 815/1692/291
f 815/1692/291 821/1691/291 822/1693/291
f 815/1692/291 822/1693/291 814/1694/291
f 814/1694/291 822/1693/291 823/1695/292
f 814/1694/291 823/1695/292 813/1696/292
f 813/1696/292 823/1695/292 824/1697/292
f 813/1696/292 824/1697/292 812/1698/292
f 812/1698/292 824/1697/292 816/1699/21
f 812/1698/292 816/1699/21 811/1700/293
f 811/1700/293 816/1699/21 817/1701/293
f 811/1700/293 817/1701/293 810/1702/293
f 810/1702/293 817/1701/293 818/1703/293
f 810/1702/293 818/1703/293 809/1704/290
f 809/1704/290 818/1703/293 819/1705/290
f 809/1704/290 819/1705/290 808/1686/290
f 808/1686/290 819/1705/290 820/1687/290
f 826/1706/290 838/1707/290 825/1708/27
f 825/1709/27 838/1710/290 839/1711/291
f 825/1709/27 839/1711/291 833/1712/291
f 833/1712/291 839/1711/291 840/1713/291
f 833/1712/291 840/1713/291 832/1714/291
f 832/1714/291 840/1713/291 841/1715/292
f 832/1714/291 841/1715/292 831/1716/292
f 831/1716/292 841/1715/292 842/1717/292
f 831/1716/292 842/1717/292 830/1718/292
f 830/1718/292 842/1717/292 834/1719/21
f 830/1718/292 834/1719/21 829/1720/293
f 829/1720/293 834/1719/21 835/1721/293
f 829/1720/293 835/1721/293 828/1722/293
f 828/1722/293 835/1721/293 836/1723/293
f 828/1722/293 836/1723/293 827/1724/290
f 827/1724/290 836/1723/293 837/1725/290
f 827/1724/290 837/1725/290 826/1706/290
f 826/1706/290 837/1725/290 838/1707/290
f 844/1726/290 856/1727/290 843/1728/27
f 843/1729/27 856/1730/290 857/1731/291
f 843/1729/27 857/1731/291 851/1732/291
f 851/1732/291 857/1731/291 858/1733/291
f 851/1732/291 858/1733/291 850/1734/291
f 850/1734/291 858/1733/291 859/1735/292
f 850/1734/291 859/1735/292 849/1736/292
f 849/1736/292 859/1735/292 860/1737/292
f 849/1736/292 860/1737/292 848/1738/292
f 848/1738/292 860/1737/292 852/1739/21
f 848/1738/292 852/1739/21 847/1740/293
f 847/1740/293 852/1739/21 853/1741/293
f 847/1740/293 853/1741/293 846/1742/293
f 846/1742/293 853/1741/293 854/1743/293
f 846/1742/293 854/1743/293 845/1744/290
f 845/1744/290 854/1743/293 855/1745/290
f 845/1744/290 855/1745/290 844/1726/290
f 844/1726/290 855/1745/290 856/1727/290
f 862/1746/290 874/1747/290 861/1748/27
f 861/1749/27 874/1750/290 875/1751/291
f 861/1749/27 875/1751/291 869/1752/291
f 869/1752/291 875/1751/291 876/1753/291
f 869/1752/291 876/1753/291 868/1754/291
f 868/1754/291 876/1753/291 877/1755/292
f 868/1754/291 877/1755/292 867/1756/292
f 867/1756/292 877/1755/292 878/1757/292
f 867/1756/292 878/1757/292 866/1758/292
f 866/1758/292 878/1757/292 870/1759/21
f 866/1758/292 870/1759/21 865/1760/293
f 865/1760/293 870/1759/21 871/1761/293
f 865/1760/293 871/1761/293 864/1762/293
f 864/1762/293 871/1761/293 872/1763/293
f 864/1762/293 872/1763/293 863/1764/290
f 863/1764/290 872/1763/293 873/1765/290
f 863/1764/290 873/1765/290 862/1746/290
f 862/1746/290 873/1765/290 874/1747/290
f 880/1766/290 892/1767/290 879/1768/27
f 879/1769/27 892/1770/290 893/1771/291
f 879/1769/27 893/1771/291 887/1772/291
f 887/1772/291 893/1771/291 894/1773/291
f 887/1772/291 894/1773/291 886/1774/291
f 886/1774/291 894/1773/291 895/1775/292
f 886/1774/291 895/1775/292 885/1776/292
f 885/1776/292 895/1775/292 896/1777/292
f 885/1776/292 896/1777/292 884/1778/292
f 884/1778/292 896/1777/292 888/1779/21
f 884/1778/292 888/1779/21 883/1780/293
f 883/1780/293 888/1779/21 889/1781/293
f 883/1780/293 889/1781/293 882/1782/293
f 882/1782/293 889/1781/293 890/1783/293
f 882/1782/293 890/1783/293 881/1784/290
f 881/1784/290 890/1783/293 891/1785/290
f 881/1784/290 891/1785/290 880/1766/290
f 880/1766/290 891/1785/290 892/1767/290
f 442/1786/47 443/1787/117 290/1788/117 289/1789/47
f 810/1255/70 809/1264/70 735/1263/70 743/1790/70 742/1256/70
f 422/166/73 423/1319/250 306/1322/250 305/167/74
f 188/133/52 189/124/46 70/127/48 69/134/53
f 387/1313/11 388/249/12 343/252/12 342/1314/11
f 229/1791/252 118/1792/68 117/1793/65 129/1794/68
f 148/1795/18 149/195/49 30/198/49 29/1796/18
f 411/912/89 412/777/90 313/778/90 312/913/134
f 682/1590/236 698/1589/236 690/1797/21 681/1798/21
f 930/1799/70 949/1800/70 950/1801/70 929/1802/70
f 587/308/107 588/390/96 527/393/96 526/309/108
f 179/228/36 180/762/5 61/765/5 60/229/36
f 929/863/189 928/1027/228 679/1030/222 678/864/189
f 598/1352/262 599/1486/167 520/1489/167 519/1353/157
f 536/1803/276 537/1347/258 468/1350/261 467/1804/70
f 544/1409/274 545/1805/31 475/1806/190 474/1410/275
f 350/1807/178 351/1484/286 277/1485/286 276/1808/176
f 102/1809/21 103/812/21 42/811/21 43/803/21 101/35/21
f 128/1810/27 127/473/27 187/472/27 186/1811/27 185/465/27 129/464/27
f 937/1552/222 936/1061/111 707/1064/111 706/1553/222
f 279/1812/70 349/1813/70 346/1814/70 280/1815/70
f 432/422/48 433/1017/47 298/1020/47 297/423/48
f 440/1362/52 441/1816/294 288/1817/48 287/1363/53
f 444/1818/103 436/1819/18 283/1820/18 291/1821/103
f 780/1822/18 788/1823/18 787/1824/18 766/1825/18 765/1826/18 764/1827/18 839/1828/18 838/1829/18 837/1830/18 896/1831/18 895/1832/18 781/1833/18
f 428/894/106 429/865/9 294/868/186 293/895/106
f 377/660/181 378/1834/18 258/1835/115 257/661/182
f 691/1836/39 689/1837/39 681/1798/21 690/1797/21
f 542/1838/196 543/1408/273 473/1411/273 472/1839/197
f 948/84/34 947/1013/189 732/1016/225 731/85/34
f 270/1840/68 358/1841/68 355/1842/68 271/1843/68
f 914/994/216 913/1844/21 961/1845/162 964/995/216
f 347/1334/255 348/273/119 282/276/119 281/1335/256
f 191/265/116 192/223/103 73/226/103 72/266/117
f 591/1846/18 592/1847/41 513/1848/41 512/1849/18
f 397/918/12 398/1073/203 335/1076/113 334/919/214
f 404/1355/170 405/169/11 324/172/11 323/1356/170
f 639/1850/18 638/1851/18 697/1852/18 696/1853/18
f 932/1091/187 931/681/33 676/684/33 675/1092/187
f 175/1854/18 176/253/49 57/256/49 56/1855/18
f 880/1214/70 814/1213/70 813/1252/70 881/1251/70
f 806/1856/18 805/1857/18 804/1858/18 803/1859/18 802/1860/18 801/1861/18 752/1862/18 751/1863/18 750/1864/18 749/1865/18 748/1866/18 818/1867/18 817/1868/18 816/1869/18 824/1870/18 823/1871/18 854/1872/18 853/1873/18 892/1874/18 891/1875/18 890/1876/18 889/1877/18 888/1878/18 873/1879/18 872/1880/18 871/1881/18 870/1882/18 878/1883/18 695/1884/18 694/1885/18 693/1886/18 799/1887/18 798/1888/18
f 234/1389/264 235/1889/295 238/1890/272 239/1390/265
f 635/1508/18 634/1500/18 652/1499/18 653/1891/18 645/1509/18
f 620/1892/27 619/1893/27 618/739/27 536/738/27 535/1894/27 534/1895/27 533/1474/27 590/1473/27 589/1896/27 588/1897/27 587/1898/27 586/1899/27 585/1900/27 584/1901/27 583/1477/27 531/1476/27 530/1902/27 448/1903/27 447/1904/27 446/1905/27 445/1906/27 563/1495/27 592/1494/27 591/1907/27 599/1908/27 598/1909/27 597/1910/27 596/1911/27 595/1912/27 594/1913/27 593/1493/27 562/1492/27 561/1914/27 560/1915/27 559/1916/27 558/1917/27 557/1918/27 556/1919/27 555/1920/27 554/1921/27 553/1922/27 552/1923/27 551/1924/27 550/1925/27 549/1926/27 548/1927/27 547/1928/27 546/747/27 608/746/27 607/1929/27 606/1930/27 605/1931/27 604/1932/27 603/1933/27 602/1934/27 601/744/27 623/743/27 622/1935/27 621/1936/27
f 767/1937/18 766/1825/18 787/1824/18 786/1938/18 785/1939/18 784/1940/18 783/1941/18 782/1942/18 781/1833/18 895/1832/18 894/1943/18 893/1944/18 892/1874/18 853/1873/18 852/1945/18 860/1946/18 859/1947/18 858/1948/18 857/1949/18 856/1950/18 855/1951/18 854/1872/18 823/1871/18 822/1952/18 821/1953/18 820/1954/18 819/1955/18 818/1867/18 748/1866/18 747/1956/18 746/1957/18 962/1383/18 719/1382/18 718/1958/18 717/1959/18 725/1960/18 724/1961/18 723/1962/18 722/1963/18 721/1964/18 720/1387/18 961/1386/18 960/704/18 669/711/18 668/1965/18 667/1966/18 666/1967/18 665/1968/18 664/1969/18 663/1970/18 671/709/18 956/708/18 955/1971/18 954/1972/18 953/1973/18 900/1974/18 691/1975/18 690/1976/18 698/1977/18 697/1852/18 638/1851/18 637/1978/18 636/1979/18 644/1980/18 643/1981/18 642/1982/18 641/1983/18 640/1984/18 639/1850/18 696/1853/18 695/1884/18 878/1883/18 877/1985/18 876/1986/18 875/1987/18 874/1988/18 873/1879/18 888/1878/18 896/1831/18 837/1830/18 836/1989/18 835/1990/18 834/1991/18 842/1992/18 841/1993/18 840/1994/18 839/1828/18 764/1827/18 763/1995/18 762/1996/18 770/1997/18 769/1998/18 768/1999/18
f 945/1220/70 845/1219/70 844/2000/70 843/2001/70 851/2002/70 850/2003/70 849/2004/70 848/1216/70 879/1215/70 887/2005/70 886/1557/70 775/1556/70 774/2006/70 773/2007/70 772/2008/70 771/2009/70 779/2010/70 778/2011/70 777/1587/70 755/1586/70 754/2012/70 753/2013/70 761/2014/70 760/2015/70 759/1582/70 923/1581/70 924/2016/70 925/2017/70 917/1575/70 905/1574/70 906/2018/70 907/2019/70 908/2020/70 909/2021/70 910/2022/70 911/2023/70 912/2024/70 913/2025/70 914/2026/70 915/2027/70 916/1222/70 946/1221/70 947/2028/70 948/2029/70 949/1800/70 930/1799/70 931/2030/70 932/2031/70 933/2032/70 934/2033/70 926/2034/70 927/2035/70 928/2036/70 929/1802/70 950/1801/70 951/2037/70 952/2038/70 944/2039/70
f 744/2040/18 752/1862/18 801/1861/18 800/2041/18 799/1887/18 693/1886/18 692/2042/18 691/1975/18 900/1974/18 899/2043/18 898/2044/18 897/2045/18 962/1383/18 746/1957/18 745/2046/18
f 140/1527/49 141/2047/50 22/2048/50 21/1528/49
f 170/1413/36 171/5/5 52/8/5 51/1414/138
f 153/1416/5 154/1031/1 35/1032/6 34/1417/5
f 134/150/63 135/1550/289 16/1551/289 15/151/64
f 593/2049/229 594/1087/194 515/1090/194 514/2050/296
f 218/2/2 219/241/8 100/244/8 99/3/3
f 231/998/218 232/295/128 121/298/130 120/999/219
f 145/1368/1 146/73/3 27/76/3 26/1369/4
f 924/2051/118 923/1132/226 648/1133/187 647/2052/297
f 215/1078/36 216/2053/5 97/2054/5 96/1079/36
f 613/2055/135 614/233/107 499/236/108 498/2056/136
f 637/1106/39 635/1105/39 627/1102/21 636/1101/21
f 165/1496/8 157/2057/18 38/2058/18 46/1497/8
f 438/891/9 439/1361/10 286/1364/10 285/892/210
f 235/1889/295 236/2059/31 237/2060/31 238/1890/272
f 640/2061/94 632/2062/93 633/2063/109 639/2064/109
f 639/2064/109 633/2063/109 634/1104/179 638/1103/179
f 210/642/8 202/2065/18 83/2066/18 91/643/8
f 156/369/8 148/2067/18 29/2068/18 37/370/8
f 267/2069/166 266/2070/81 362/2071/82 359/2072/163
f 457/123/45 568/122/44 569/2073/253 458/2074/253
f 596/1400/107 597/1351/96 518/1354/96 517/1401/108
f 141/2047/50 142/901/105 23/904/105 22/2048/50
f 441/1816/294 442/1786/47 289/1789/47 288/1817/48
f 130/2075/18 131/1097/237 12/1098/237 11/2076/18
f 216/2053/5 217/1/1 98/4/4 97/2054/5
f 260/760/142 259/2077/18 379/2078/114 380/761/143
f 727/2079/18 728/2080/18 729/2081/18 730/1597/18 711/1596/18 710/2082/18 709/2083/18 708/1603/18 726/1602/18
f 552/860/205 553/1544/287 483/1547/288 482/861/206
f 443/1787/117 444/1818/103 291/1821/103 290/1788/117
f 533/2084/298 534/1478/282 465/1481/283 464/2085/299
f 719/1046/179 715/1045/179 716/767/39 718/766/39
f 430/866/207 431/421/52 296/424/53 295/867/10
f 723/908/168 711/907/169 712/365/92 722/364/144
f 275/652/177 274/2086/15 353/2087/14 354/653/177
f 212/1338/49 213/1166/50 94/1167/50 93/1339/49
f 420/1140/239 421/165/72 304/168/72 303/1141/240
f 116/154/66 115/360/142 127/363/143 128/155/67
f 425/1482/284 426/1402/271 309/1405/271 308/1483/285
f 592/1847/41 593/2049/229 514/2050/296 513/1848/41
f 671/1423/236 655/1422/236 656/1068/185 670/1067/185
f 226/1438/1 227/1370/3 108/1371/3 107/1439/1
f 916/2088/245 915/993/215 963/996/215 962/2089/68
f 950/1024/226 949/83/33 730/86/35 729/1025/187
f 538/1348/259 539/2090/152 470/2091/155 469/1349/260
f 612/1085/194 613/2055/135 498/2056/136 497/1086/194
f 609/2092/18 610/299/41 495/302/41 494/2093/18
f 546/2094/191 476/2095/31 475/2096/190 545/2097/31
f 925/200/88 924/2051/118 647/2052/297 646/201/88
f 692/1541/179 688/1540/179 689/1837/39 691/1836/39
f 122/2098/211 110/2099/31 5/2100/31 4/2101/31
f 379/2102/114 259/2103/18 258/2104/115 378/2105/18
f 532/2106/59 533/2084/298 464/2085/299 463/2107/60
f 373/1406/272 374/2108/31 254/2109/190 253/1407/272
f 927/1028/111 926/2110/21 672/2111/21 680/1029/111
f 178/2112/27 177/507/27 138/506/27 137/396/27 179/514/27
f 926/2113/21 934/1009/88 673/1012/88 672/2114/21
f 709/1535/236 725/1534/236 717/769/21 708/768/21
usemtl 254,254,255.006
f 1061/2115/300 1063/2116/301 985/2117/302 1060/2118/303
f 1001/2119/68 1002/2120/68 979/2121/304 984/2122/68
f 983/2123/279 984/2124/279 979/2125/305 980/2126/306 981/2127/306 982/2128/307
f 1185/2129/18 1212/2130/18 1204/2131/18 1195/2132/18 1196/2133/18 1122/2134/18
f 1072/2135/18 1073/2136/18 1074/2137/18 1075/2138/18 994/2139/18 993/2140/18 1000/2141/18 999/2142/18 998/2143/18 1061/2144/18 1088/2145/18 1080/2146/18 1071/2147/18
f 1125/2148/68 1126/2149/68 1103/2150/304 1108/2151/68
f 1203/2152/18 1195/2132/18 1204/2131/18 1205/2153/18 1206/2154/18 1207/2155/18 1208/2156/18 1209/2157/18 1210/2158/18 1211/2159/18 1212/2130/18 1185/2129/18 1184/2160/18 1183/2161/18 1126/2162/18 1125/2163/18 1118/2164/18 1117/2165/18 1124/2166/18 1123/2167/18 1122/2134/18 1196/2133/18 1197/2168/18 1198/2169/18 1199/2170/18 1200/2171/18 1201/2172/18 1202/2173/18
f 1013/2174/21 1005/2175/21 971/2176/21 966/2177/21 1012/2178/21
f 1087/2179/18 1088/2145/18 1061/2144/18 1060/2180/18 1059/2181/18 1002/2182/18 1001/2183/18 994/2139/18 1075/2138/18 1076/2184/18 1077/2185/18 1078/2186/18 1079/2187/18 1071/2147/18 1080/2146/18 1081/2188/18 1082/2189/18 1083/2190/18 1084/2191/18 1085/2192/18 1086/2193/18
f 1117/2194/308 1118/2195/31 1089/2196/31 1094/2197/31
f 966/2198/102 967/2199/152 968/2200/309 969/2201/310 970/2202/311 965/2203/102
f 993/2204/308 994/2205/31 965/2206/31 970/2207/31
f 1107/2208/21 1116/2209/21 1115/2210/21 1114/2211/21 1138/2212/21 1139/2213/21 1140/2214/21 1141/2215/21 1142/2216/21 1143/2217/21 1144/2218/21 1127/2219/21 1128/2220/21 1132/2221/21 1133/2222/21 1118/2223/21 1125/2224/21 1108/2225/21
f 1003/2226/312 1023/2227/313 1024/2228/314 1004/2229/315
f 1074/2230/316 1073/2231/317 1046/2232/318 1045/2233/319
f 1127/2234/312 1147/2235/313 1148/2236/314 1128/2237/315
f 967/2238/152 966/2239/102 978/2240/102
f 978/2240/102 966/2239/102 971/2241/320
f 978/2240/102 971/2241/320 977/2242/321
f 1096/2243/322 1100/2244/323 1101/2245/321 1095/2246/324
f 976/2247/323 972/2248/325 975/2249/326
f 975/2249/326 972/2248/325 973/2250/327
f 975/2249/326 973/2250/327 974/2251/328
f 982/2252/307 985/2253/279 983/2254/279
f 983/2254/279 985/2253/279 992/2255/329
f 992/2255/329 985/2253/279 986/2256/330
f 991/2257/331 987/2258/332 988/2259/333
f 989/2260/334 990/2261/335 988/2259/333
f 988/2259/333 990/2261/335 991/2257/331
f 970/2262/31 969/2263/290 993/2264/308
f 993/2264/308 969/2263/290 1000/2265/336
f 1000/2265/336 969/2263/290 968/2266/337
f 1091/2267/338 1123/2268/339 1124/2269/336 1092/2270/337
f 999/2271/339 967/2272/338 978/2273/340
f 1030/2274/341 1031/2275/342 1003/2226/312 990/2276/335 1028/2277/343 1029/2278/344
f 1098/2279/27 1148/2280/27 1147/2281/27 1113/2282/27 1112/2283/27 1111/2284/27 1110/2285/345 1188/2286/27 1194/2287/27 1193/2288/27 1192/2289/27 1191/2290/27 1190/2291/27 1189/2292/27 1186/2293/346 1187/2294/301 1185/2295/300 1122/2296/347 1120/2297/348 1121/2298/349 1182/2299/27 1181/2300/27 1180/2301/27 1179/2302/27 1178/2303/27 1177/2304/27 1119/2305/27 1101/2306/350 1100/2307/27 1099/2308/27
f 978/2273/340 977/2309/350 996/2310/348
f 996/2310/348 977/2309/350 995/2311/27
f 1009/2312/21 1010/2313/21 1011/2314/21 1012/2178/21 966/2177/21 965/2315/21 994/2316/21 1001/2317/21 984/2318/21 1016/2319/21 1017/2320/21 1018/2321/21 1019/2322/21 1020/2323/21 1021/2324/21 1022/2325/21 1014/2326/21 991/2327/21 990/2328/21 1003/2329/21 1004/2330/21 973/2331/21 972/2332/21 971/2176/21 1005/2175/21 1006/2333/21 1007/2334/21 1008/2335/21
f 992/2336/21 991/2327/21 1014/2326/21 1015/2337/21 1016/2319/21 984/2318/21 983/2338/21
f 1004/2229/315 1041/2339/351 973/2340/327
f 973/2340/327 1041/2339/351 1042/2341/279
f 973/2340/327 1042/2341/279 1043/2342/352
f 1154/2343/341 1155/2344/342 1127/2234/312 1114/2345/335 1152/2346/353 1153/2347/344
f 1003/2226/312 1031/2275/342 1032/2348/354 1033/2349/355 1023/2227/313
f 974/2350/328 1051/2351/356 1024/2228/314
f 1026/2352/357 1027/2353/358 1028/2277/343 990/2276/335 989/2354/334 1036/2355/359 1037/2356/360 1038/2357/361 1025/2358/362
f 972/2248/325 976/2247/323 977/2242/321 971/2241/320
f 1052/2359/363 1039/2360/364 1040/2361/365 1041/2339/351 1004/2229/315 1024/2228/314 1051/2351/356
f 1047/2362/366 1048/2363/367 1049/2364/368 974/2350/328 973/2340/327 1043/2342/352 1044/2365/369 1045/2366/370 1046/2367/15
f 974/2350/328 1049/2364/368 1050/2368/279
f 974/2350/328 1050/2368/279 1051/2351/356
f 996/2369/68 1011/2370/279 997/2371/279
f 997/2371/279 1011/2370/279 1010/2372/371
f 997/2371/279 1010/2372/371 1058/2373/279
f 1058/2373/279 1010/2372/371 1009/2374/102
f 1058/2373/279 1009/2374/102 1057/2375/102
f 1057/2375/102 1009/2374/102 1008/2376/102
f 1057/2375/102 1008/2376/102 1056/2377/102
f 1056/2377/102 1008/2376/102 1007/2378/281
f 1056/2377/102 1007/2378/281 1055/2379/372
f 1055/2379/372 1007/2378/281 1006/2380/281
f 1055/2379/372 1006/2380/281 1054/2381/281
f 1054/2381/281 1006/2380/281 1005/2382/18
f 1054/2381/281 1005/2382/18 1053/2383/373
f 1053/2384/373 1005/2385/18 1013/2386/280
f 1053/2384/373 1013/2386/280 995/2387/280
f 995/2387/280 1013/2386/280 1012/2388/374
f 995/2387/280 1012/2388/374 996/2369/68
f 996/2369/68 1012/2388/374 1011/2370/279
f 1088/2389/375 1037/2390/376 1036/2391/377 1080/2392/378
f 982/2393/379 1060/2118/303 985/2117/302
f 1185/2394/300 1187/2294/301 1109/2395/302 1184/2396/303
f 981/2397/380 980/2398/291 1059/2399/381
f 1059/2399/381 980/2398/291 1002/2400/68
f 1002/2400/68 980/2398/291 979/2401/304
f 1064/2402/27 986/2403/345 1063/2116/301
f 1063/2116/301 986/2403/345 985/2117/302
f 1063/2404/31 1016/2405/281 1064/2406/281
f 1064/2406/281 1016/2405/281 1015/2407/281
f 1064/2406/281 1015/2407/281 1070/2408/281
f 1070/2408/281 1015/2407/281 1014/2409/18
f 1070/2408/281 1014/2409/18 1069/2410/280
f 1069/2411/280 1014/2412/18 1022/2413/280
f 1069/2411/280 1022/2413/280 1068/2414/280
f 1068/2414/280 1022/2413/280 1021/2415/382
f 1068/2414/280 1021/2415/382 1067/2416/383
f 1067/2416/383 1021/2415/382 1020/2417/279
f 1067/2416/383 1020/2417/279 1066/2418/279
f 1066/2418/279 1020/2417/279 1019/2419/384
f 1066/2418/279 1019/2419/384 1065/2420/385
f 1065/2420/385 1019/2419/384 1018/2421/102
f 1065/2420/385 1018/2421/102 1062/2422/102
f 1062/2422/102 1018/2421/102 1017/2423/102
f 1062/2422/102 1017/2423/102 1063/2404/31
f 1063/2404/31 1017/2423/102 1016/2405/281
f 1038/2424/386 1087/2425/387 1025/2426/388
f 1210/2427/389 1150/2428/390 1149/2429/388 1211/2430/387
f 1026/2431/390 1086/2432/389 1027/2433/290
f 1027/2433/290 1086/2432/389 1085/2434/290
f 1027/2433/290 1085/2434/290 1028/2435/290
f 1028/2435/290 1085/2434/290 1084/2436/291
f 1028/2435/290 1084/2436/291 1029/2437/291
f 1029/2437/291 1084/2436/291 1030/2438/291
f 1030/2438/291 1084/2436/291 1083/2439/391
f 1030/2438/291 1083/2439/391 1031/2440/392
f 1201/2441/393 1164/2442/394 1163/2443/395 1202/2444/396
f 1032/2445/397 1082/2446/398 1033/2447/292
f 1033/2447/292 1082/2446/398 1081/2448/292
f 1033/2447/292 1081/2448/292 1034/2449/292
f 1034/2449/292 1081/2448/292 1035/2450/292
f 1035/2450/292 1081/2448/292 1080/2451/378
f 1035/2450/292 1080/2451/378 1036/2452/377
f 1212/2453/375 1161/2454/376 1160/2455/377 1204/2456/378
f 1072/2457/399 1048/2458/400 1047/2459/401 1073/2231/317
f 1052/2460/293 1078/2461/396 1039/2462/402
f 1083/2439/391 1082/2446/398 1032/2445/397 1031/2440/392
f 1040/2463/394 1077/2464/393 1041/2465/290
f 1041/2465/290 1077/2464/393 1076/2466/290
f 1041/2465/290 1076/2466/290 1042/2467/290
f 1042/2467/290 1076/2466/290 1043/2468/291
f 1043/2468/291 1076/2466/290 1075/2469/291
f 1043/2468/291 1075/2469/291 1044/2470/291
f 1044/2470/291 1075/2469/291 1074/2230/316
f 1044/2470/291 1074/2230/316 1045/2233/319
f 1198/2471/316 1197/2472/317 1170/2473/318 1169/2474/319
f 1046/2232/318 1073/2231/317 1047/2459/401
f 1049/2475/403 1071/2476/404 1050/2477/293
f 1050/2478/293 1071/2479/404 1079/2480/293
f 1050/2478/293 1079/2480/293 1051/2481/293
f 1051/2481/293 1079/2480/293 1052/2460/293
f 1052/2460/293 1079/2480/293 1078/2461/396
f 1092/2482/310 1093/2483/309 1094/2484/311 1089/2485/102 1090/2486/102 1091/2487/152
f 1091/2488/152 1090/2489/102 1102/2490/102
f 1102/2490/102 1090/2489/102 1095/2246/324
f 1102/2490/102 1095/2246/324 1101/2245/321
f 1110/2491/405 1111/2492/332 1115/2493/406 1116/2494/329
f 1100/2244/323 1096/2243/322 1099/2495/279
f 1099/2495/279 1096/2243/322 1097/2496/407
f 1099/2495/279 1097/2496/407 1098/2497/328
f 1107/2498/279 1108/2499/279 1103/2500/305 1104/2501/408 1105/2502/306 1106/2503/307
f 1106/2504/307 1109/2505/279 1107/2506/279
f 1107/2506/279 1109/2505/279 1116/2494/329
f 1116/2494/329 1109/2505/279 1110/2491/405
f 986/2256/330 987/2258/332 991/2257/331 992/2255/329
f 1115/2493/406 1111/2492/332 1112/2507/333
f 1113/2508/334 1114/2509/335 1112/2507/333
f 1112/2507/333 1114/2509/335 1115/2493/406
f 1094/2510/31 1093/2511/290 1117/2512/308
f 1117/2512/308 1093/2511/290 1124/2269/336
f 1124/2269/336 1093/2511/290 1092/2270/337
f 1183/2513/381 1184/2396/303 1106/2514/379 1105/2515/380
f 1123/2268/339 1091/2267/338 1102/2516/340
f 978/2273/340 996/2310/348 998/2517/347 999/2271/339
f 1102/2516/340 1101/2518/350 1120/2297/348
f 1120/2297/348 1101/2518/350 1119/2519/27
f 1129/2520/21 1130/2521/21 1131/2522/21 1132/2221/21 1128/2220/21 1097/2523/21 1096/2524/21 1095/2525/21 1090/2526/21 1089/2527/21 1118/2223/21 1133/2222/21 1134/2528/21 1135/2529/21 1136/2530/21 1137/2531/21
f 1114/2211/21 1127/2219/21 1144/2218/21 1145/2532/21 1146/2533/21 1138/2212/21
f 1128/2237/315 1165/2534/351 1097/2535/407
f 1097/2535/407 1165/2534/351 1166/2536/279
f 1097/2535/407 1166/2536/279 1167/2537/352
f 1034/2538/409 1035/2539/410 1036/2355/359 989/2354/334 1023/2227/313 1033/2349/355
f 1196/2540/399 1172/2541/400 1171/2542/401 1197/2472/317
f 1158/2543/409 1159/2544/410 1160/2545/359 1113/2546/334 1147/2235/313 1157/2547/355
f 1156/2548/354 1157/2547/355 1147/2235/313 1127/2234/312 1155/2344/342
f 1098/2549/328 1175/2550/356 1148/2236/314
f 1162/2551/361 1149/2552/362 1150/2553/357 1151/2554/358 1152/2346/353 1114/2345/335 1113/2546/334 1160/2545/359 1161/2555/360
f 1176/2556/363 1163/2557/364 1164/2558/365 1165/2534/351 1128/2237/315 1148/2236/314 1175/2550/356
f 1171/2559/366 1172/2560/367 1173/2561/411 1098/2549/328 1097/2535/407 1167/2537/352 1168/2562/369 1169/2563/370 1170/2564/15
f 1098/2549/328 1173/2561/411 1174/2565/279
f 1098/2549/328 1174/2565/279 1175/2550/356
f 1120/2566/68 1135/2567/279 1121/2568/279
f 1121/2568/279 1135/2567/279 1134/2569/371
f 1121/2568/279 1134/2569/371 1182/2570/279
f 1182/2570/279 1134/2569/371 1133/2571/102
f 1182/2570/279 1133/2571/102 1181/2572/102
f 1181/2572/102 1133/2571/102 1132/2573/102
f 1181/2572/102 1132/2573/102 1180/2574/102
f 1180/2574/102 1132/2573/102 1131/2575/281
f 1180/2574/102 1131/2575/281 1179/2576/372
f 1179/2576/372 1131/2575/281 1130/2577/281
f 1179/2576/372 1130/2577/281 1178/2578/281
f 1178/2578/281 1130/2577/281 1129/2579/18
f 1178/2578/281 1129/2579/18 1177/2580/373
f 1177/2581/373 1129/2582/18 1137/2583/280
f 1177/2581/373 1137/2583/280 1119/2584/280
f 1119/2584/280 1137/2583/280 1136/2585/374
f 1119/2584/280 1136/2585/374 1120/2566/68
f 1120/2566/68 1136/2585/374 1135/2567/279
f 1059/2399/381 1060/2118/303 982/2393/379 981/2397/380
f 1106/2514/379 1184/2396/303 1109/2395/302
f 1102/2516/340 1120/2297/348 1122/2296/347 1123/2268/339
f 1055/2586/27 1054/2587/27 1053/2588/27 995/2589/27 977/2590/350 976/2591/27 975/2592/27 974/2593/27 1024/2594/27 1023/2595/27 989/2596/27 988/2597/27 987/2598/27 986/2599/345 1064/2600/27 1070/2601/27 1069/2602/27 1068/2603/27 1067/2604/27 1066/2605/27 1065/2606/27 1062/2607/346 1063/2116/301 1061/2608/300 998/2517/347 996/2310/348 997/2609/349 1058/2610/27 1057/2611/27 1056/2612/27
f 1105/2515/380 1104/2613/291 1183/2513/381
f 1183/2513/381 1104/2613/291 1126/2614/68
f 1126/2614/68 1104/2613/291 1103/2615/304
f 1188/2616/27 1110/2617/345 1187/2294/301
f 1187/2294/301 1110/2617/345 1109/2395/302
f 1187/2618/31 1140/2619/281 1188/2620/281
f 1188/2620/281 1140/2619/281 1139/2621/281
f 1188/2620/281 1139/2621/281 1194/2622/281
f 1194/2622/281 1139/2621/281 1138/2623/18
f 1194/2622/281 1138/2623/18 1193/2624/280
f 1193/2625/280 1138/2626/18 1146/2627/280
f 1193/2625/280 1146/2627/280 1192/2628/280
f 1192/2628/280 1146/2627/280 1145/2629/382
f 1192/2628/280 1145/2629/382 1191/2630/383
f 1191/2630/383 1145/2629/382 1144/2631/279
f 1191/2630/383 1144/2631/279 1190/2632/279
f 1190/2632/279 1144/2631/279 1143/2633/384
f 1190/2632/279 1143/2633/384 1189/2634/385
f 1189/2634/385 1143/2633/384 1142/2635/102
f 1189/2634/385 1142/2635/102 1186/2636/102
f 1186/2636/102 1142/2635/102 1141/2637/102
f 1186/2636/102 1141/2637/102 1187/2618/31
f 1187/2618/31 1141/2637/102 1140/2619/281
f 1162/2638/386 1211/2430/387 1149/2429/388
f 1077/2464/393 1040/2463/394 1039/2462/402 1078/2461/396
f 1150/2428/390 1210/2427/389 1151/2639/290
f 1151/2639/290 1210/2427/389 1209/2640/290
f 1151/2639/290 1209/2640/290 1152/2641/290
f 1152/2641/290 1209/2640/290 1208/2642/291
f 1152/2641/290 1208/2642/291 1153/2643/291
f 1153/2643/291 1208/2642/291 1154/2644/291
f 1154/2644/291 1208/2642/291 1207/2645/391
f 1154/2644/291 1207/2645/391 1155/2646/392
f 967/2272/338 999/2271/339 1000/2265/336 968/2266/337
f 1156/2647/397 1206/2648/398 1157/2649/292
f 1157/2649/292 1206/2648/398 1205/2650/292
f 1157/2649/292 1205/2650/292 1158/2651/292
f 1158/2651/292 1205/2650/292 1159/2652/292
f 1159/2652/292 1205/2650/292 1204/2653/378
f 1159/2652/292 1204/2653/378 1160/2654/377
f 1196/2540/399 1195/2655/404 1173/2656/403 1172/2541/400
f 1088/2389/375 1087/2425/387 1038/2424/386 1037/2390/376
f 1176/2657/293 1202/2444/396 1163/2443/395
f 1207/2645/391 1206/2648/398 1156/2647/397 1155/2646/392
f 1164/2442/394 1201/2441/393 1165/2658/290
f 1165/2658/290 1201/2441/393 1200/2659/290
f 1165/2658/290 1200/2659/290 1166/2660/290
f 1166/2660/290 1200/2659/290 1167/2661/291
f 1167/2661/291 1200/2659/290 1199/2662/291
f 1167/2661/291 1199/2662/291 1168/2663/291
f 1168/2663/291 1199/2662/291 1198/2471/316
f 1168/2663/291 1198/2471/316 1169/2474/319
f 1086/2432/389 1026/2431/390 1025/2426/388 1087/2425/387
f 1170/2473/318 1197/2472/317 1171/2542/401
f 1212/2453/375 1211/2430/387 1162/2638/386 1161/2454/376
f 1072/2457/399 1071/2476/404 1049/2475/403 1048/2458/400
f 1173/2656/403 1195/2655/404 1174/2664/293
f 1174/2665/293 1195/2666/404 1203/2667/293
f 1174/2665/293 1203/2667/293 1175/2668/293
f 1175/2668/293 1203/2667/293 1176/2657/293
f 1176/2657/293 1203/2667/293 1202/2444/396
