# Blender v2.79 (sub 0) OBJ File: ''
# www.blender.org
mtllib shoulder_l_pitch.mtl
o ソリッド1:2.009
v -0.008000 0.005500 0.014650
v -0.008000 0.001000 0.014650
v -0.008750 0.005500 0.014449
v -0.008750 0.001000 0.014449
v -0.009299 0.005500 0.013900
v -0.009299 0.001000 0.013900
v -0.009500 0.005500 0.013150
v -0.009500 0.001000 0.013150
v -0.006730 0.001000 0.010643
v -0.009500 0.001000 0.011827
v -0.007467 0.001000 0.010425
v -0.009199 0.001000 0.010926
v -0.008417 0.001000 0.010386
v -0.006552 0.001000 0.014884
v -0.005969 0.001000 0.010747
v -0.005200 0.001000 0.010736
v -0.003915 0.001000 0.011269
v -0.004277 0.001000 0.010954
v -0.003441 0.001000 0.011764
v -0.005251 0.001000 0.015562
v -0.002906 0.001000 0.012191
v -0.002318 0.001000 0.012543
v -0.001500 0.001000 0.013879
v -0.001600 0.001000 0.013342
v -0.004230 0.001000 0.016615
v -0.001500 0.001000 0.015756
v -0.001791 0.001000 0.016643
v -0.003483 0.001000 0.017176
v -0.002550 0.001000 0.017186
v -0.001885 0.001000 0.012876
v -0.004721 0.001000 0.010771
v -0.006552 0.005500 0.014884
v -0.005251 0.005500 0.015562
v -0.004230 0.005500 0.016615
v -0.009500 0.005500 0.011827
v -0.009199 0.005500 0.010926
v -0.008417 0.005500 0.010386
v -0.007467 0.005500 0.010425
v -0.006730 0.005500 0.010643
v -0.005969 0.005500 0.010747
v -0.005200 0.005500 0.010736
v -0.004721 0.005500 0.010771
v -0.003915 0.005500 0.011269
v -0.004277 0.005500 0.010954
v -0.003441 0.005500 0.011764
v -0.002906 0.005500 0.012191
v -0.002318 0.005500 0.012543
v -0.001885 0.005500 0.012876
v -0.001500 0.005500 0.013879
v -0.001600 0.005500 0.013342
v -0.001500 0.005500 0.015756
v -0.001791 0.005500 0.016643
v -0.002550 0.005500 0.017186
v -0.003483 0.005500 0.017176
v 0.003915 0.005500 0.011269
v 0.003915 0.001000 0.011269
v 0.004277 0.005500 0.010954
v 0.004277 0.001000 0.010954
v 0.004721 0.001000 0.010771
v 0.005200 0.001000 0.010736
v 0.005200 0.005500 0.010736
v 0.004721 0.005500 0.010771
v 0.005969 0.005500 0.010747
v 0.005969 0.001000 0.010747
v 0.006730 0.005500 0.010643
v 0.006730 0.001000 0.010643
v 0.007467 0.005500 0.010425
v 0.007467 0.001000 0.010425
v 0.001500 0.005500 0.013879
v 0.001500 0.001000 0.013879
v 0.001600 0.005500 0.013342
v 0.001600 0.001000 0.013342
v 0.001885 0.001000 0.012876
v 0.002318 0.001000 0.012543
v 0.002318 0.005500 0.012543
v 0.001885 0.005500 0.012876
v 0.006552 0.001000 0.014884
v 0.003441 0.001000 0.011764
v 0.005251 0.001000 0.015562
v 0.002906 0.001000 0.012191
v 0.004230 0.001000 0.016615
v 0.001500 0.001000 0.015756
v 0.001791 0.001000 0.016643
v 0.002550 0.001000 0.017186
v 0.003483 0.001000 0.017176
v 0.008000 0.001000 0.014650
v 0.008750 0.001000 0.014449
v 0.009299 0.001000 0.013900
v 0.009500 0.001000 0.013150
v 0.009500 0.001000 0.011827
v 0.009199 0.001000 0.010926
v 0.008417 0.001000 0.010386
v 0.001500 0.005500 0.015756
v 0.001791 0.005500 0.016643
v 0.002550 0.005500 0.017186
v 0.003483 0.005500 0.017176
v 0.004230 0.005500 0.016615
v 0.009500 0.005500 0.013150
v 0.009299 0.005500 0.013900
v 0.008750 0.005500 0.014449
v 0.008000 0.005500 0.014650
v 0.009500 0.005500 0.011827
v 0.008417 0.005500 0.010386
v 0.009199 0.005500 0.010926
v -0.009500 0.005500 -0.013150
v -0.009500 0.001000 -0.013150
v -0.009299 0.005500 -0.013900
v -0.009299 0.001000 -0.013900
v -0.008750 0.005500 -0.014449
v -0.008750 0.001000 -0.014449
v -0.008000 0.005500 -0.014650
v -0.008000 0.001000 -0.014650
v -0.006552 0.005500 -0.014884
v -0.006552 0.001000 -0.014884
v -0.005251 0.001000 -0.015562
v -0.004230 0.001000 -0.016615
v -0.004230 0.005500 -0.016615
v -0.005251 0.005500 -0.015562
v -0.007467 0.005500 -0.010425
v -0.007467 0.001000 -0.010425
v -0.008417 0.005500 -0.010386
v -0.008417 0.001000 -0.010386
v -0.009199 0.005500 -0.010926
v -0.009199 0.001000 -0.010926
v -0.009500 0.005500 -0.011827
v -0.009500 0.001000 -0.011827
v -0.006730 0.001000 -0.010643
v -0.005969 0.001000 -0.010747
v -0.005200 0.001000 -0.010736
v -0.004721 0.001000 -0.010771
v -0.004277 0.001000 -0.010954
v -0.003915 0.001000 -0.011269
v -0.003441 0.001000 -0.011764
v -0.002906 0.001000 -0.012191
v -0.002318 0.001000 -0.012543
v -0.001885 0.001000 -0.012876
v -0.001600 0.001000 -0.013342
v -0.001500 0.001000 -0.013879
v -0.001500 0.001000 -0.015756
v -0.001791 0.001000 -0.016643
v -0.002550 0.001000 -0.017186
v -0.003483 0.001000 -0.017176
v -0.006730 0.005500 -0.010643
v -0.005969 0.005500 -0.010747
v -0.005200 0.005500 -0.010736
v -0.003915 0.005500 -0.011269
v -0.004277 0.005500 -0.010954
v -0.004721 0.005500 -0.010771
v -0.001500 0.005500 -0.013879
v -0.001600 0.005500 -0.013342
v -0.002318 0.005500 -0.012543
v -0.001885 0.005500 -0.012876
v -0.001500 0.005500 -0.015756
v -0.001791 0.005500 -0.016643
v -0.002550 0.005500 -0.017186
v -0.003483 0.005500 -0.017176
v 0.001500 0.005500 -0.015756
v 0.001500 0.001000 -0.015756
v 0.001791 0.005500 -0.016643
v 0.001791 0.001000 -0.016643
v 0.002550 0.005500 -0.017186
v 0.002550 0.001000 -0.017186
v 0.003483 0.005500 -0.017176
v 0.003483 0.001000 -0.017176
v 0.004230 0.005500 -0.016615
v 0.004230 0.001000 -0.016615
v 0.002318 0.005500 -0.012543
v 0.002318 0.001000 -0.012543
v 0.001885 0.005500 -0.012876
v 0.001885 0.001000 -0.012876
v 0.001600 0.001000 -0.013342
v 0.001500 0.001000 -0.013879
v 0.001500 0.005500 -0.013879
v 0.001600 0.005500 -0.013342
v 0.005200 0.005500 -0.010736
v 0.005200 0.001000 -0.010736
v 0.004721 0.005500 -0.010771
v 0.004721 0.001000 -0.010771
v 0.004277 0.001000 -0.010954
v 0.003915 0.001000 -0.011269
v 0.003915 0.005500 -0.011269
v 0.004277 0.005500 -0.010954
v 0.005251 0.001000 -0.015562
v 0.002906 0.001000 -0.012191
v 0.003441 0.001000 -0.011764
v 0.006552 0.001000 -0.014884
v 0.005969 0.001000 -0.010747
v 0.006730 0.001000 -0.010643
v 0.008000 0.001000 -0.014650
v 0.009500 0.001000 -0.013150
v 0.009299 0.001000 -0.013900
v 0.009500 0.001000 -0.011827
v 0.007467 0.001000 -0.010425
v 0.009199 0.001000 -0.010926
v 0.008417 0.001000 -0.010386
v 0.008750 0.001000 -0.014449
v 0.005969 0.005500 -0.010747
v 0.006730 0.005500 -0.010643
v 0.007467 0.005500 -0.010425
v 0.009500 0.005500 -0.011827
v 0.009199 0.005500 -0.010926
v 0.008417 0.005500 -0.010386
v 0.008000 0.005500 -0.014650
v 0.008750 0.005500 -0.014449
v 0.009299 0.005500 -0.013900
v 0.009500 0.005500 -0.013150
v 0.005251 0.005500 -0.015562
v 0.006552 0.005500 -0.014884
v 0.003441 0.005500 0.011764
v 0.002906 0.005500 0.012191
v -0.003441 0.005500 -0.011764
v -0.002906 0.005500 -0.012191
v 0.000365 0.005500 0.010068
v -0.002047 0.005500 0.021970
v 0.002047 0.005500 0.021970
v 0.005936 0.005500 0.023249
v 0.006496 0.005500 0.019797
v 0.007200 0.005500 0.020636
v 0.008920 0.005500 0.023655
v 0.008278 0.005500 0.020826
v 0.009226 0.005500 0.020278
v 0.011492 0.005500 0.022088
v 0.009600 0.005500 0.019250
v 0.012500 0.005500 0.019250
v 0.009226 0.005500 0.018222
v -0.005936 0.005500 0.023249
v -0.006400 0.005500 0.019250
v -0.006774 0.005500 0.020278
v -0.006774 0.005500 0.018222
v -0.007722 0.005500 0.017674
v -0.008800 0.005500 0.017864
v -0.012500 0.005500 0.019250
v -0.009504 0.005500 0.018703
v -0.009973 0.005500 0.000718
v -0.009973 0.005500 -0.000718
v -0.009050 0.005500 0.001819
v -0.007630 0.005500 0.006375
v -0.007630 0.005500 0.004939
v -0.006707 0.005500 0.007476
v -0.005292 0.005500 0.007725
v -0.004048 0.005500 0.007007
v -0.001973 0.005500 0.008718
v -0.001050 0.005500 0.009819
v -0.001973 0.005500 -0.008718
v -0.001050 0.005500 -0.009819
v 0.000365 0.005500 -0.010068
v -0.002047 0.005500 -0.021970
v 0.002047 0.005500 -0.021970
v -0.004048 0.005500 -0.007007
v -0.005292 0.005500 -0.007725
v -0.006707 0.005500 -0.007476
v -0.007630 0.005500 -0.006375
v -0.009050 0.005500 -0.001819
v -0.007630 0.005500 -0.004939
v -0.007635 0.005500 -0.002068
v -0.006707 0.005500 -0.003838
v -0.006391 0.005500 -0.001350
v -0.005292 0.005500 -0.003589
v -0.005900 0.005500 0.000000
v -0.003806 0.005500 -0.001385
v -0.003806 0.005500 0.001385
v -0.005292 0.005500 0.003589
v -0.004048 0.005500 0.004307
v -0.012500 0.005500 -0.019250
v -0.008800 0.005500 -0.017864
v -0.009504 0.005500 -0.018703
v -0.009504 0.005500 -0.019797
v -0.011492 0.005500 -0.022088
v -0.008920 0.005500 -0.023655
v -0.008800 0.005500 -0.020636
v -0.007722 0.005500 -0.020826
v -0.007722 0.005500 -0.017674
v -0.006774 0.005500 -0.018222
v -0.006400 0.005500 -0.019250
v -0.005936 0.005500 -0.023249
v -0.006774 0.005500 -0.020278
v 0.009226 0.005500 -0.018222
v 0.012500 0.005500 -0.019250
v 0.009600 0.005500 -0.019250
v 0.011492 0.005500 -0.022088
v 0.009226 0.005500 -0.020278
v 0.008920 0.005500 -0.023655
v 0.008278 0.005500 -0.020826
v 0.007200 0.005500 -0.020636
v 0.005936 0.005500 -0.023249
v 0.006496 0.005500 -0.019797
v 0.008278 0.005500 -0.017674
v 0.007200 0.005500 -0.017864
v 0.006496 0.005500 -0.018703
v -0.007722 0.005500 0.020826
v -0.008920 0.005500 0.023655
v -0.008800 0.005500 0.020636
v -0.009504 0.005500 0.019797
v -0.011492 0.005500 0.022088
v 0.006496 0.005500 0.018703
v 0.005251 0.005500 0.015562
v 0.006552 0.005500 0.014884
v 0.007200 0.005500 0.017864
v 0.008278 0.005500 0.017674
v 0.003102 0.005500 0.002603
v 0.004607 0.005500 0.003838
v 0.004050 0.005500 0.000000
v 0.006027 0.005500 0.000718
v 0.006027 0.005500 -0.000718
v 0.000703 0.005500 0.003988
v 0.001609 0.005500 0.006650
v 0.003683 0.005500 0.004939
v -0.002025 0.005500 0.003507
v -0.001050 0.005500 0.006181
v 0.000365 0.005500 0.005932
v -0.003557 0.005500 0.005657
v -0.001973 0.005500 0.007282
v -0.004048 0.005500 -0.004307
v -0.002025 0.005500 -0.003507
v -0.003557 0.005500 -0.005657
v -0.001973 0.005500 -0.007282
v -0.001050 0.005500 -0.006181
v 0.000703 0.005500 -0.003988
v 0.000365 0.005500 -0.005932
v 0.001609 0.005500 -0.006650
v 0.003102 0.005500 -0.002603
v 0.003683 0.005500 -0.004939
v 0.004607 0.005500 -0.003838
v 0.003683 0.005500 -0.006375
v 0.002100 0.005500 -0.008000
v 0.003441 0.005500 -0.011764
v 0.001609 0.005500 -0.009350
v 0.002906 0.005500 -0.012191
v 0.001609 0.005500 0.009350
v 0.002100 0.005500 0.008000
v 0.003683 0.005500 0.006375
v 0.004607 0.005500 0.007476
v 0.007266 0.005500 -0.004307
v 0.008365 0.005500 -0.002068
v 0.007757 0.005500 -0.005657
v 0.009609 0.005500 -0.001350
v 0.010100 0.005500 0.000000
v 0.006950 0.005500 -0.001819
v 0.006022 0.005500 -0.003589
v 0.004607 0.005500 -0.007476
v 0.006022 0.005500 -0.007725
v 0.007266 0.005500 -0.007007
v -0.007635 0.005500 0.002068
v -0.006707 0.005500 0.003838
v -0.006391 0.005500 0.001350
v 0.007266 0.005500 0.007007
v 0.007757 0.005500 0.005657
v 0.009609 0.005500 0.001350
v 0.006022 0.005500 0.007725
v 0.006022 0.005500 0.003589
v 0.006950 0.005500 0.001819
v 0.007266 0.005500 0.004307
v 0.008365 0.005500 0.002068
v -0.005936 -0.000000 0.023249
v -0.002047 -0.000000 0.021970
v 0.002047 0.000000 0.021970
v 0.005936 0.000000 0.023249
v 0.005936 0.000000 -0.023249
v 0.002047 0.000000 -0.021970
v -0.002047 -0.000000 -0.021970
v -0.005936 -0.000000 -0.023249
v -0.006774 -0.000000 -0.020278
v -0.006400 -0.000000 -0.019250
v -0.000987 -0.000000 -0.008359
v -0.000525 -0.000000 -0.008909
v 0.000182 0.000000 -0.009034
v 0.000804 0.000000 -0.008675
v 0.006496 0.000000 -0.018703
v 0.005132 0.000000 -0.006566
v 0.007200 0.000000 -0.017864
v 0.005839 0.000000 -0.006691
v 0.006461 0.000000 -0.006332
v 0.008278 0.000000 -0.017674
v 0.009226 0.000000 -0.018222
v -0.007722 -0.000000 -0.020826
v -0.008920 -0.000000 -0.023655
v -0.008800 -0.000000 -0.020636
v -0.009504 -0.000000 -0.019797
v -0.009504 -0.000000 -0.018703
v -0.012500 -0.000000 -0.019250
v -0.011492 -0.000000 -0.022088
v -0.008800 -0.000000 -0.017864
v -0.006644 -0.000000 -0.006016
v -0.008987 -0.000000 -0.000359
v -0.008525 -0.000000 -0.000909
v -0.006644 -0.000000 -0.005298
v -0.007818 -0.000000 -0.001034
v -0.007196 -0.000000 -0.000675
v -0.006182 -0.000000 -0.004748
v -0.005475 -0.000000 -0.004623
v -0.007722 -0.000000 -0.017674
v -0.006182 -0.000000 -0.006566
v -0.006774 -0.000000 -0.018222
v -0.005475 -0.000000 -0.006691
v -0.004853 -0.000000 -0.006332
v -0.004607 -0.000000 -0.005657
v -0.000987 -0.000000 -0.007641
v -0.002025 -0.000000 -0.003507
v -0.000525 -0.000000 -0.007091
v 0.000703 0.000000 -0.003988
v 0.000182 0.000000 -0.006966
v 0.000804 0.000000 -0.007325
v 0.009226 0.000000 -0.020278
v 0.011492 0.000000 -0.022088
v 0.009600 0.000000 -0.019250
v 0.012500 0.000000 -0.019250
v 0.008804 0.000000 -0.000675
v 0.006707 0.000000 -0.005657
v 0.008182 0.000000 -0.001034
v 0.006461 0.000000 -0.004982
v 0.007475 0.000000 -0.000909
v 0.007013 0.000000 -0.000359
v 0.008920 0.000000 -0.023655
v 0.008278 0.000000 -0.020826
v 0.007200 0.000000 -0.020636
v 0.006496 0.000000 -0.019797
v -0.006774 -0.000000 0.018222
v -0.000987 -0.000000 0.008359
v -0.006400 -0.000000 0.019250
v -0.007722 -0.000000 0.017674
v -0.006182 -0.000000 0.006566
v -0.005475 -0.000000 0.006691
v -0.004853 -0.000000 0.006332
v -0.006644 -0.000000 0.006016
v -0.008800 -0.000000 0.017864
v -0.012500 -0.000000 0.019250
v -0.009504 -0.000000 0.018703
v -0.009504 -0.000000 0.019797
v -0.008800 -0.000000 0.020636
v -0.008920 -0.000000 0.023655
v -0.011492 -0.000000 0.022088
v -0.007722 -0.000000 0.020826
v -0.006774 -0.000000 0.020278
v 0.009226 0.000000 0.018222
v 0.012500 0.000000 0.019250
v 0.009600 0.000000 0.019250
v 0.011492 0.000000 0.022088
v 0.009226 0.000000 0.020278
v 0.008920 0.000000 0.023655
v 0.008278 0.000000 0.020826
v 0.007200 0.000000 0.020636
v 0.006496 0.000000 0.019797
v 0.006496 0.000000 0.018703
v 0.000804 0.000000 0.008675
v 0.005132 0.000000 0.006566
v 0.001050 0.000000 0.008000
v 0.004670 0.000000 0.006016
v 0.003102 0.000000 0.002603
v 0.004670 0.000000 0.005298
v 0.005132 0.000000 0.004748
v 0.004050 0.000000 0.000000
v 0.005839 0.000000 0.004623
v 0.007013 0.000000 0.000359
v 0.006461 0.000000 0.004982
v 0.007475 0.000000 0.000909
v 0.008182 0.000000 0.001034
v 0.008278 0.000000 0.017674
v 0.006461 0.000000 0.006332
v 0.006707 0.000000 0.005657
v 0.008804 0.000000 0.000675
v 0.007200 0.000000 0.017864
v 0.005839 0.000000 0.006691
v 0.000804 0.000000 0.007325
v 0.000703 0.000000 0.003988
v 0.000182 0.000000 0.006966
v -0.000525 -0.000000 0.007091
v -0.002025 -0.000000 0.003507
v -0.000987 -0.000000 0.007641
v -0.004607 -0.000000 0.005657
v -0.000525 -0.000000 0.008909
v 0.000182 0.000000 0.009034
v -0.003806 -0.000000 0.001385
v -0.004853 -0.000000 0.004982
v -0.005475 -0.000000 0.004623
v -0.006182 -0.000000 0.004748
v -0.007196 -0.000000 0.000675
v -0.006950 -0.000000 0.000000
v -0.003806 -0.000000 -0.001385
v -0.004853 -0.000000 -0.004982
v -0.006644 -0.000000 0.005298
v -0.007818 -0.000000 0.001034
v -0.008525 -0.000000 0.000909
v -0.008987 -0.000000 0.000359
v 0.001050 0.000000 -0.008000
v 0.004670 0.000000 -0.006016
v 0.003102 0.000000 -0.002603
v 0.004670 0.000000 -0.005298
v 0.005132 0.000000 -0.004748
v 0.005839 0.000000 -0.004623
v 0.009050 0.000000 0.000000
v -0.004048 0.003400 -0.004307
v -0.003557 0.003400 -0.005657
v -0.004048 0.003400 -0.007007
v -0.005292 0.003400 -0.007725
v -0.006707 0.003400 -0.007476
v -0.007630 0.003400 -0.006375
v -0.007630 0.003400 -0.004939
v -0.006707 0.003400 -0.003838
v -0.005292 0.003400 -0.003589
v -0.004853 0.003400 -0.004982
v -0.004607 0.003400 -0.005657
v -0.005475 0.003400 -0.004623
v -0.006182 0.003400 -0.004748
v -0.006644 0.003400 -0.005298
v -0.006644 0.003400 -0.006016
v -0.006182 0.003400 -0.006566
v -0.005475 0.003400 -0.006691
v -0.004853 0.003400 -0.006332
v 0.009609 0.003400 0.001350
v 0.010100 0.003400 0.000000
v 0.009609 0.003400 -0.001350
v 0.008365 0.003400 -0.002068
v 0.006950 0.003400 -0.001819
v 0.006027 0.003400 -0.000718
v 0.006027 0.003400 0.000718
v 0.006950 0.003400 0.001819
v 0.008365 0.003400 0.002068
v 0.008804 0.003400 0.000675
v 0.009050 0.003400 0.000000
v 0.008182 0.003400 0.001034
v 0.007475 0.003400 0.000909
v 0.007013 0.003400 0.000359
v 0.007013 0.003400 -0.000359
v 0.007475 0.003400 -0.000909
v 0.008182 0.003400 -0.001034
v 0.008804 0.003400 -0.000675
v 0.007266 0.003400 0.007007
v 0.007757 0.003400 0.005657
v 0.007266 0.003400 0.004307
v 0.006022 0.003400 0.003589
v 0.004607 0.003400 0.003838
v 0.003683 0.003400 0.004939
v 0.003683 0.003400 0.006375
v 0.004607 0.003400 0.007476
v 0.006022 0.003400 0.007725
v 0.006461 0.003400 0.006332
v 0.006707 0.003400 0.005657
v 0.005839 0.003400 0.006691
v 0.005132 0.003400 0.006566
v 0.004670 0.003400 0.006016
v 0.004670 0.003400 0.005298
v 0.005132 0.003400 0.004748
v 0.005839 0.003400 0.004623
v 0.006461 0.003400 0.004982
v -0.006391 0.003400 0.001350
v -0.005900 0.003400 0.000000
v -0.006391 0.003400 -0.001350
v -0.007635 0.003400 -0.002068
v -0.009050 0.003400 -0.001819
v -0.009973 0.003400 -0.000718
v -0.009973 0.003400 0.000718
v -0.009050 0.003400 0.001819
v -0.007635 0.003400 0.002068
v -0.007196 0.003400 0.000675
v -0.006950 0.003400 0.000000
v -0.007818 0.003400 0.001034
v -0.008525 0.003400 0.000909
v -0.008987 0.003400 0.000359
v -0.008987 0.003400 -0.000359
v -0.008525 0.003400 -0.000909
v -0.007818 0.003400 -0.001034
v -0.007196 0.003400 -0.000675
v -0.004048 0.003400 0.007007
v -0.003557 0.003400 0.005657
v -0.004048 0.003400 0.004307
v -0.005292 0.003400 0.003589
v -0.006707 0.003400 0.003838
v -0.007630 0.003400 0.004939
v -0.007630 0.003400 0.006375
v -0.006707 0.003400 0.007476
v -0.005292 0.003400 0.007725
v -0.004853 0.003400 0.006332
v -0.004607 0.003400 0.005657
v -0.005475 0.003400 0.006691
v -0.006182 0.003400 0.006566
v -0.006644 0.003400 0.006016
v -0.006644 0.003400 0.005298
v -0.006182 0.003400 0.004748
v -0.005475 0.003400 0.004623
v -0.004853 0.003400 0.004982
v 0.007266 0.003400 -0.004307
v 0.007757 0.003400 -0.005657
v 0.007266 0.003400 -0.007007
v 0.006022 0.003400 -0.007725
v 0.004607 0.003400 -0.007476
v 0.003683 0.003400 -0.006375
v 0.003683 0.003400 -0.004939
v 0.004607 0.003400 -0.003838
v 0.006022 0.003400 -0.003589
v 0.006461 0.003400 -0.004982
v 0.006707 0.003400 -0.005657
v 0.005839 0.003400 -0.004623
v 0.005132 0.003400 -0.004748
v 0.004670 0.003400 -0.005298
v 0.004670 0.003400 -0.006016
v 0.005132 0.003400 -0.006566
v 0.005839 0.003400 -0.006691
v 0.006461 0.003400 -0.006332
v 0.001609 0.003400 0.009350
v 0.002100 0.003400 0.008000
v 0.001609 0.003400 0.006650
v 0.000365 0.003400 0.005932
v -0.001050 0.003400 0.006181
v -0.001973 0.003400 0.007282
v -0.001973 0.003400 0.008718
v -0.001050 0.003400 0.009819
v 0.000365 0.003400 0.010068
v 0.000804 0.003400 0.008675
v 0.001050 0.003400 0.008000
v 0.000182 0.003400 0.009034
v -0.000525 0.003400 0.008909
v -0.000987 0.003400 0.008359
v -0.000987 0.003400 0.007641
v -0.000525 0.003400 0.007091
v 0.000182 0.003400 0.006966
v 0.000804 0.003400 0.007325
v 0.001609 0.003400 -0.006650
v 0.002100 0.003400 -0.008000
v 0.001609 0.003400 -0.009350
v 0.000365 0.003400 -0.010068
v -0.001050 0.003400 -0.009819
v -0.001973 0.003400 -0.008718
v -0.001973 0.003400 -0.007282
v -0.001050 0.003400 -0.006181
v 0.000365 0.003400 -0.005932
v 0.000804 0.003400 -0.007325
v 0.001050 0.003400 -0.008000
v 0.000182 0.003400 -0.006966
v -0.000525 0.003400 -0.007091
v -0.000987 0.003400 -0.007641
v -0.000987 0.003400 -0.008359
v -0.000525 0.003400 -0.008909
v 0.000182 0.003400 -0.009034
v 0.000804 0.003400 -0.008675
vt -0.275000 -0.117810
vt 0.175000 -0.117810
vt -0.275000 -0.039270
vt 0.175000 -0.039270
vt -0.275000 0.039270
vt 0.175000 0.039270
vt -0.275000 0.117810
vt 0.175000 0.117810
vt -0.379904 0.019182
vt -0.250000 -0.055818
vt -0.400000 0.094182
vt -0.123035 0.344923
vt -0.400000 0.226490
vt -0.196747 0.366719
vt -0.369903 0.316619
vt -0.291690 0.370580
vt -0.325000 -0.035722
vt -0.105177 -0.079210
vt -0.046885 0.334452
vt 0.029973 0.335544
vt 0.158538 0.282291
vt 0.122250 0.313752
vt 0.205868 0.232787
vt 0.024916 -0.147008
vt 0.259405 0.190071
vt 0.318182 0.154913
vt 0.400000 0.021304
vt 0.390048 0.075030
vt 0.127049 -0.252315
vt 0.400000 -0.166390
vt 0.370947 -0.255114
vt 0.201687 -0.308397
vt 0.295041 -0.309468
vt 0.361513 0.121628
vt 0.077879 0.332131
vt 0.175000 -0.722566
vt -0.275000 -0.722566
vt 0.175000 -0.869895
vt -0.275000 -0.869895
vt -0.275000 -1.017223
vt -0.275000 -1.164552
vt 0.175000 -1.164552
vt 0.175000 -1.017223
vt 0.000000 -0.145030
vt 0.450000 -0.145030
vt -0.000000 -0.048343
vt 0.450000 -0.048343
vt 0.000000 0.048343
vt 0.450000 0.048343
vt -0.000000 0.145030
vt 0.450000 0.145030
vt 0.000000 0.986204
vt -0.450000 0.986204
vt 0.000000 0.909265
vt -0.450000 0.909265
vt -0.000000 0.832326
vt -0.450000 0.832326
vt -0.000000 0.755386
vt -0.450000 0.755386
vt -0.000000 -0.072352
vt 0.450000 -0.072352
vt -0.000000 -0.024117
vt 0.450000 -0.024117
vt 0.450000 0.024117
vt 0.450000 0.072352
vt 0.000000 0.072352
vt -0.000000 0.024117
vt 0.000000 1.247379
vt -0.450000 1.247379
vt 0.000000 1.178838
vt -0.450000 1.178838
vt 0.000000 1.110297
vt -0.450000 1.110297
vt -0.000000 1.041756
vt -0.450000 1.041756
vt -0.000000 0.082420
vt -0.450000 0.082420
vt 0.000000 0.027473
vt -0.450000 0.027473
vt -0.450000 -0.027473
vt -0.450000 -0.082420
vt 0.000000 -0.082420
vt 0.000000 -0.027473
vt 0.499918 0.450000
vt 0.312224 0.450000
vt 0.499918 0.000000
vt 0.312224 0.000000
vt -0.275000 -0.471239
vt 0.175000 -0.471239
vt -0.275000 -0.376303
vt 0.175000 -0.376303
vt -0.275000 -0.281366
vt 0.175000 -0.281366
vt -0.275000 -0.186430
vt 0.175000 -0.186430
vt -0.275000 -0.091494
vt 0.175000 -0.091494
vt 0.000000 -0.072352
vt 0.450000 -0.072352
vt 0.000000 -0.024117
vt 0.450000 -0.024117
vt 0.450000 0.024117
vt 0.450000 0.072352
vt 0.000000 0.072352
vt -0.000000 0.024117
vt 0.000000 0.846826
vt -0.450000 0.846826
vt -0.000000 0.769887
vt -0.450000 0.769887
vt -0.000000 0.692947
vt -0.450000 0.692947
vt -0.000000 0.616008
vt -0.450000 0.616008
vt -0.000000 -0.082420
vt 0.450000 -0.082420
vt -0.000000 -0.027473
vt 0.450000 -0.027473
vt 0.450000 0.027473
vt 0.450000 0.082420
vt -0.000000 0.082420
vt 0.000000 0.027473
vt -0.077879 0.332131
vt -0.122250 0.313752
vt -0.029973 0.335544
vt -0.158538 0.282291
vt 0.105177 -0.079210
vt -0.205868 0.232787
vt -0.024916 -0.147008
vt -0.259405 0.190071
vt -0.318182 0.154913
vt -0.361513 0.121628
vt -0.390048 0.075030
vt -0.400000 0.021304
vt -0.127049 -0.252315
vt -0.400000 -0.166390
vt -0.370947 -0.255114
vt -0.295041 -0.309468
vt -0.201687 -0.308397
vt 0.250000 -0.055818
vt 0.123035 0.344923
vt 0.046885 0.334452
vt 0.325000 -0.035722
vt 0.379904 0.019182
vt 0.400000 0.094182
vt 0.400000 0.226490
vt 0.196747 0.366719
vt 0.369903 0.316619
vt 0.291690 0.370580
vt 0.100435 0.000000
vt 0.288130 0.000000
vt 0.100435 0.450000
vt 0.288130 0.450000
vt -0.175000 -0.471239
vt 0.275000 -0.471239
vt -0.175000 -0.376303
vt 0.275000 -0.376303
vt -0.175000 -0.281366
vt 0.275000 -0.281366
vt -0.175000 -0.186430
vt 0.275000 -0.186430
vt -0.175000 -0.091494
vt 0.275000 -0.091494
vt 0.275000 0.117810
vt -0.175000 0.117810
vt 0.275000 0.039270
vt -0.175000 0.039270
vt 0.275000 -0.039270
vt -0.175000 -0.039270
vt 0.275000 -0.117810
vt -0.175000 -0.117810
vt -0.610000 0.275000
vt -0.742308 0.275000
vt -0.610000 -0.175000
vt -0.742308 -0.175000
vt 0.000000 -0.145030
vt 0.450000 -0.145030
vt -0.000000 -0.048343
vt 0.450000 -0.048343
vt -0.000000 0.048343
vt 0.450000 0.048343
vt 0.000000 0.145030
vt 0.450000 0.145030
vt 0.275000 0.117810
vt -0.175000 0.117810
vt 0.275000 0.039270
vt -0.175000 0.039270
vt 0.275000 -0.039270
vt -0.175000 -0.039270
vt 0.275000 -0.117810
vt -0.175000 -0.117810
vt -0.275000 0.722566
vt 0.175000 0.722566
vt -0.275000 0.869895
vt 0.175000 0.869895
vt 0.175000 1.017223
vt 0.175000 1.164552
vt -0.275000 1.164552
vt -0.275000 1.017223
vt 0.000000 -0.145030
vt 0.450000 -0.145030
vt -0.000000 -0.048343
vt 0.450000 -0.048343
vt -0.000000 0.048343
vt 0.450000 0.048343
vt 0.000000 0.145030
vt 0.450000 0.145030
vt -0.325000 0.035722
vt -0.379904 -0.019182
vt -0.250000 0.055818
vt -0.400000 -0.094182
vt -0.123035 -0.344923
vt -0.400000 -0.226490
vt -0.196747 -0.366719
vt -0.369903 -0.316619
vt -0.291690 -0.370580
vt -0.105177 0.079210
vt -0.046885 -0.334452
vt 0.029973 -0.335544
vt 0.077879 -0.332131
vt 0.122250 -0.313752
vt 0.158538 -0.282291
vt 0.205868 -0.232787
vt 0.024916 0.147008
vt 0.259405 -0.190071
vt 0.318182 -0.154913
vt 0.361513 -0.121628
vt 0.390048 -0.075030
vt 0.400000 -0.021304
vt 0.127049 0.252315
vt 0.400000 0.166390
vt 0.370947 0.255114
vt 0.295041 0.309468
vt 0.201687 0.308397
vt -0.450000 -0.986204
vt -0.000000 -0.986204
vt -0.450000 -0.909265
vt -0.000000 -0.909265
vt -0.450000 -0.832326
vt -0.000000 -0.832326
vt -0.450000 -0.755386
vt -0.000000 -0.755386
vt 0.000000 0.072352
vt -0.450000 0.072352
vt -0.000000 0.024117
vt -0.450000 0.024117
vt -0.450000 -0.024117
vt -0.450000 -0.072352
vt 0.000000 -0.072352
vt 0.000000 -0.024117
vt -0.000000 -0.082420
vt 0.450000 -0.082420
vt 0.000000 -0.027473
vt 0.450000 -0.027473
vt 0.450000 0.027473
vt 0.450000 0.082420
vt 0.000000 0.082420
vt -0.000000 0.027473
vt 0.100435 0.000000
vt 0.288130 0.000000
vt 0.100435 0.450000
vt 0.288130 0.450000
vt -0.175000 -0.471239
vt 0.275000 -0.471239
vt -0.175000 -0.376303
vt 0.275000 -0.376303
vt -0.175000 -0.281366
vt 0.275000 -0.281366
vt -0.175000 -0.186430
vt 0.275000 -0.186430
vt -0.175000 -0.091494
vt 0.275000 -0.091494
vt -0.275000 -0.471239
vt 0.175000 -0.471239
vt -0.275000 -0.376303
vt 0.175000 -0.376303
vt -0.275000 -0.281366
vt 0.175000 -0.281366
vt -0.275000 -0.186430
vt 0.175000 -0.186430
vt -0.275000 -0.091494
vt 0.175000 -0.091494
vt 0.000000 0.082420
vt -0.450000 0.082420
vt -0.000000 0.027473
vt -0.450000 0.027473
vt -0.450000 -0.027473
vt -0.450000 -0.082420
vt 0.000000 -0.082420
vt -0.000000 -0.027473
vt 0.312224 -0.000000
vt 0.499918 -0.000000
vt 0.312224 0.450000
vt 0.499918 0.450000
vt -0.000000 -0.072352
vt 0.450000 -0.072352
vt -0.000000 -0.024117
vt 0.450000 -0.024117
vt 0.450000 0.024117
vt 0.450000 0.072352
vt -0.000000 0.072352
vt -0.000000 0.024117
vt -0.201687 0.308397
vt -0.370947 0.255114
vt -0.127049 0.252315
vt -0.400000 0.166390
vt -0.400000 -0.021304
vt -0.295041 0.309468
vt -0.024916 0.147008
vt -0.390048 -0.075030
vt -0.361513 -0.121628
vt -0.318182 -0.154913
vt -0.259405 -0.190071
vt -0.205868 -0.232787
vt 0.105177 0.079210
vt -0.158538 -0.282291
vt -0.029973 -0.335544
vt -0.122250 -0.313752
vt -0.077879 -0.332131
vt 0.046885 -0.334452
vt 0.123035 -0.344923
vt 0.250000 0.055818
vt 0.400000 -0.094182
vt 0.379904 -0.019182
vt 0.400000 -0.226490
vt 0.196747 -0.366719
vt 0.369903 -0.316619
vt 0.291690 -0.370580
vt 0.325000 0.035722
vt -0.450000 -0.846826
vt -0.000000 -0.846826
vt -0.450000 -0.769887
vt -0.000000 -0.769887
vt -0.450000 -0.692947
vt -0.000000 -0.692947
vt -0.450000 -0.616008
vt -0.000000 -0.616008
vt -0.000000 -0.145030
vt 0.450000 -0.145030
vt -0.000000 -0.048343
vt 0.450000 -0.048343
vt -0.000000 0.048343
vt 0.450000 0.048343
vt -0.000000 0.145030
vt 0.450000 0.145030
vt -0.275000 -0.117810
vt 0.175000 -0.117810
vt -0.275000 -0.039270
vt 0.175000 -0.039270
vt -0.275000 0.039270
vt 0.175000 0.039270
vt -0.275000 0.117810
vt 0.175000 0.117810
vt -0.275000 0.280581
vt 0.175000 0.280581
vt -0.275000 0.427909
vt 0.175000 0.427909
vt 0.175000 0.575238
vt 0.175000 0.722566
vt -0.275000 0.722566
vt -0.275000 0.575238
vt -0.450000 0.354833
vt -0.000000 0.354833
vt -0.450000 0.423374
vt -0.000000 0.423374
vt -0.450000 0.491915
vt -0.000000 0.491915
vt -0.450000 0.560457
vt -0.000000 0.560457
vt -0.450000 -1.247379
vt -0.000000 -1.247379
vt -0.450000 -1.178838
vt -0.000000 -1.178838
vt -0.450000 -1.110297
vt -0.000000 -1.110297
vt -0.450000 -1.041756
vt -0.000000 -1.041756
vt -0.179053 -1.664296
vt 0.179053 -1.664296
vt -0.150000 -1.575572
vt 0.150000 -1.575572
vt -0.150000 -1.387878
vt 0.150000 -1.387878
vt 0.036466 -1.006810
vt 0.159952 -1.334151
vt 0.188487 -1.287554
vt -0.254959 -1.718650
vt -0.204697 -2.197013
vt 0.204697 -2.197013
vt 0.254959 -1.718650
vt 0.348313 -1.717579
vt 0.593611 -2.324879
vt 0.649649 -1.979723
vt 0.720000 -2.063564
vt 0.892025 -2.365490
vt 0.827784 -2.082569
vt 0.922567 -2.027846
vt 1.149222 -2.208803
vt 0.960000 -1.925000
vt 1.250000 -1.925000
vt 0.922567 -1.822154
vt 0.929904 -1.390000
vt 0.875000 -1.444904
vt -0.348313 -1.717579
vt -0.593611 -2.324879
vt -0.640000 -1.925000
vt -0.677433 -2.027846
vt -0.422951 -1.661497
vt -0.525084 -1.556190
vt -0.677433 -1.822154
vt -0.655177 -1.488392
vt -0.772216 -1.767431
vt -0.800000 -1.465000
vt -0.880000 -1.786436
vt -0.875000 -1.444904
vt -0.929904 -1.390000
vt -0.950000 -1.315000
vt -1.250000 -1.925000
vt -0.950351 -1.870277
vt -0.950000 -1.182692
vt -0.997335 -0.071824
vt -0.997335 0.071824
vt -0.919903 -1.092562
vt -0.905000 -0.181865
vt -0.763021 -0.637510
vt -0.763021 -0.493861
vt -0.841690 -1.038602
vt -0.746747 -1.042463
vt -0.670685 -0.747551
vt -0.673035 -1.064259
vt -0.596885 -1.074730
vt -0.529219 -0.772495
vt -0.520027 -1.073637
vt -0.472121 -1.077051
vt -0.404816 -0.700671
vt -0.427750 -1.095430
vt -0.391462 -1.126891
vt -0.197335 -0.871824
vt -0.344132 -1.176395
vt -0.290595 -1.219111
vt -0.231818 -1.254269
vt -0.105000 -0.981865
vt -0.188487 -1.287554
vt -0.159952 -1.334151
vt -0.290595 1.219111
vt -0.197335 0.871824
vt -0.231818 1.254269
vt -0.105000 0.981865
vt -0.188487 1.287554
vt -0.159952 1.334151
vt 0.036466 1.006810
vt -0.150000 1.387878
vt 0.150000 1.387878
vt -0.150000 1.575572
vt 0.150000 1.575572
vt -0.179053 1.664296
vt 0.179053 1.664296
vt -0.204697 2.197013
vt 0.204697 2.197013
vt 0.254959 1.718650
vt 0.348313 1.717579
vt -0.344132 1.176395
vt -0.391462 1.126891
vt -0.404816 0.700671
vt -0.427750 1.095430
vt -0.472121 1.077051
vt -0.529219 0.772495
vt -0.520027 1.073637
vt -0.596885 1.074730
vt -0.670685 0.747551
vt -0.673035 1.064259
vt -0.746747 1.042463
vt -0.763021 0.637510
vt -0.841690 1.038602
vt -0.919903 1.092562
vt -0.950000 1.182692
vt -0.905000 0.181865
vt -0.763021 0.493861
vt -0.763534 0.206810
vt -0.670685 0.383820
vt -0.639131 0.134985
vt -0.529219 0.358876
vt -0.590000 -0.000000
vt -0.380576 0.138518
vt -0.380576 -0.138518
vt -0.529219 -0.358876
vt -0.404816 -0.430700
vt -1.250000 1.925000
vt -0.950000 1.315000
vt -0.929904 1.390000
vt -0.875000 1.444904
vt -0.880000 1.786436
vt -0.950351 1.870277
vt -0.950351 1.979723
vt -1.149222 2.208803
vt -0.892025 2.365490
vt -0.880000 2.063564
vt -0.772216 2.082569
vt -0.800000 1.465000
vt -0.772216 1.767431
vt -0.655177 1.488392
vt -0.677433 1.822154
vt -0.525084 1.556190
vt -0.640000 1.925000
vt -0.422951 1.661497
vt -0.348313 1.717579
vt -0.254959 1.718650
vt -0.593611 2.324879
vt -0.677433 2.027846
vt 0.922567 1.822154
vt 1.250000 1.925000
vt 0.960000 1.925000
vt 1.149222 2.208803
vt 0.922567 2.027846
vt 0.892025 2.365490
vt 0.827784 2.082569
vt 0.720000 2.063564
vt 0.593611 2.324879
vt 0.649649 1.979723
vt 0.422951 1.661497
vt 0.827784 1.767431
vt 0.875000 1.444904
vt 0.929904 1.390000
vt 0.950000 1.315000
vt 0.950000 1.182692
vt 0.800000 1.465000
vt 0.720000 1.786436
vt 0.655177 1.488392
vt 0.649649 1.870277
vt 0.525084 1.556190
vt -0.772216 -2.082569
vt -0.892025 -2.365490
vt -0.880000 -2.063564
vt -0.950351 -1.979723
vt -1.149222 -2.208803
vt 0.422951 -1.661497
vt 0.649649 -1.870277
vt 0.525084 -1.556190
vt 0.655177 -1.488392
vt 0.720000 -1.786436
vt 0.800000 -1.465000
vt 0.827784 -1.767431
vt 0.310248 -0.260329
vt 0.460685 -0.383820
vt 0.405000 0.000000
vt 0.602665 -0.071824
vt 0.602665 0.071824
vt 0.070328 -0.398847
vt 0.160869 -0.665015
vt 0.368350 -0.493861
vt -0.202500 -0.350740
vt -0.105000 -0.618135
vt 0.036466 -0.593190
vt -0.355685 -0.565685
vt -0.197335 -0.728176
vt -0.404816 0.430700
vt -0.202500 0.350740
vt -0.355685 0.565685
vt -0.197335 0.728176
vt -0.105000 0.618135
vt 0.070328 0.398847
vt 0.036466 0.593190
vt 0.160869 0.665015
vt 0.310248 0.260329
vt 0.368350 0.493861
vt 0.460685 0.383820
vt 0.368350 0.637510
vt 0.210000 0.800000
vt 0.391462 1.126891
vt 0.344132 1.176395
vt 0.160869 0.934985
vt 0.188487 1.287554
vt 0.159952 1.334151
vt 0.290595 1.219111
vt 0.231818 1.254269
vt 0.160869 -0.934985
vt 0.344132 -1.176395
vt 0.210000 -0.800000
vt 0.391462 -1.126891
vt 0.368350 -0.637510
vt 0.460685 -0.747551
vt 0.427750 -1.095430
vt 0.472121 -1.077051
vt 0.231818 -1.254269
vt 0.290595 -1.219111
vt 0.726555 0.430700
vt 0.836466 0.206810
vt 0.775685 0.565685
vt 0.960869 0.134985
vt 0.919903 1.092562
vt 1.010000 0.000000
vt 0.950000 -1.182692
vt 0.950000 -1.315000
vt 0.695000 0.181865
vt 0.602152 0.358876
vt 0.460685 0.747551
vt 0.427750 1.095430
vt 0.472121 1.077051
vt 0.520027 1.073637
vt 0.602152 0.772495
vt 0.596885 1.074730
vt 0.673035 1.064259
vt 0.726555 0.700671
vt 0.746747 1.042463
vt 0.841690 1.038602
vt -0.763534 -0.206810
vt -0.670685 -0.383820
vt -0.639131 -0.134985
vt 0.726555 -0.700671
vt 0.841690 -1.038602
vt 0.775685 -0.565685
vt 0.919903 -1.092562
vt 0.960869 -0.134985
vt 0.602152 -0.772495
vt 0.673035 -1.064259
vt 0.746747 -1.042463
vt 0.520027 -1.073637
vt 0.596885 -1.074730
vt 0.602152 -0.358876
vt 0.695000 -0.181865
vt 0.726555 -0.430700
vt 0.836466 -0.206810
vt -3.107692 0.275000
vt -3.240000 0.275000
vt -3.107692 -0.175000
vt -3.240000 -0.175000
vt -0.610000 0.275000
vt -0.742308 0.275000
vt -0.610000 -0.175000
vt -0.742308 -0.175000
vt -0.450000 -0.560457
vt -0.000000 -0.560457
vt -0.450000 -0.491915
vt -0.000000 -0.491915
vt -0.450000 -0.423374
vt -0.000000 -0.423374
vt -0.450000 -0.354833
vt -0.000000 -0.354833
vt -3.240000 -0.175000
vt -3.107692 -0.175000
vt -3.240000 0.275000
vt -3.107692 0.275000
vt 0.175000 -0.280581
vt -0.275000 -0.280581
vt 0.175000 -0.427909
vt -0.275000 -0.427909
vt -0.275000 -0.575238
vt -0.275000 -0.722566
vt 0.175000 -0.722566
vt 0.175000 -0.575238
vt 0.000000 -1.233361
vt 0.550000 -1.233361
vt 0.000000 -0.822241
vt 0.550000 -0.822241
vt 0.550000 -0.411120
vt 0.550000 -0.000000
vt 0.000000 -0.000000
vt 0.000000 -0.411120
vt 0.000000 -1.233361
vt 0.550000 -1.233361
vt 0.000000 -0.822241
vt 0.550000 -0.822241
vt 0.550000 -0.411120
vt 0.550000 -0.000000
vt -0.000000 -0.000000
vt -0.000000 -0.411120
vt 0.677433 2.027846
vt 0.593611 2.324879
vt 0.640000 1.925000
vt 0.204697 2.197013
vt 0.098668 0.835912
vt 0.052500 0.890933
vt -0.018233 0.903405
vt -0.204697 2.197013
vt -0.080435 0.867493
vt -0.649649 1.870277
vt -0.513185 0.656618
vt -0.720000 1.786436
vt -0.583918 0.669090
vt -0.646120 0.633178
vt -0.827784 1.767431
vt -0.922567 1.822154
vt 0.772216 2.082569
vt 0.892025 2.365490
vt 0.880000 2.063564
vt 0.950351 1.979723
vt 0.950351 1.870277
vt 1.250000 1.925000
vt 1.149222 2.208803
vt 0.880000 1.786436
vt 0.664353 0.601598
vt 0.898668 0.035912
vt 0.852500 0.090933
vt 0.664353 0.529773
vt 0.781767 0.103405
vt 0.719565 0.067493
vt 0.618185 0.474753
vt 0.547452 0.462281
vt 0.772216 1.767431
vt 0.618185 0.656618
vt 0.677433 1.822154
vt 0.547452 0.669090
vt 0.485251 0.633178
vt 0.460685 0.565685
vt 0.098668 0.764088
vt 0.202500 0.350740
vt 0.052500 0.709067
vt -0.070328 0.398847
vt -0.018233 0.696595
vt -0.080435 0.732507
vt -0.922567 2.027846
vt -1.149222 2.208803
vt -0.960000 1.925000
vt -1.250000 1.925000
vt -0.880435 0.067493
vt -0.670685 0.565685
vt -0.818233 0.103405
vt -0.646120 0.498193
vt -0.747500 0.090933
vt -0.701332 0.035912
vt -0.892025 2.365490
vt -0.827784 2.082569
vt -0.720000 2.063564
vt -0.593611 2.324879
vt -0.649649 1.979723
vt 0.677433 -1.822154
vt 0.098668 -0.835912
vt 0.640000 -1.925000
vt 0.204697 -2.197013
vt 0.593611 -2.324879
vt 0.772216 -1.767431
vt 0.618185 -0.656618
vt 0.547452 -0.669090
vt 0.485251 -0.633178
vt 0.664353 -0.601598
vt 0.880000 -1.786436
vt 1.250000 -1.925000
vt 0.950351 -1.870277
vt 0.950351 -1.979723
vt 0.880000 -2.063564
vt 0.892025 -2.365490
vt 1.149222 -2.208803
vt 0.772216 -2.082569
vt 0.677433 -2.027846
vt -0.922567 -1.822154
vt -1.250000 -1.925000
vt -0.960000 -1.925000
vt -1.149222 -2.208803
vt -0.922567 -2.027846
vt -0.892025 -2.365490
vt -0.827784 -2.082569
vt -0.720000 -2.063564
vt -0.593611 -2.324879
vt -0.649649 -1.979723
vt -0.204697 -2.197013
vt -0.649649 -1.870277
vt -0.080435 -0.867493
vt -0.513185 -0.656618
vt -0.105000 -0.800000
vt -0.467018 -0.601598
vt -0.310248 -0.260329
vt -0.467018 -0.529773
vt -0.513185 -0.474753
vt -0.405000 0.000000
vt -0.583918 -0.462281
vt -0.701332 -0.035912
vt -0.646120 -0.498193
vt -0.747500 -0.090933
vt -0.818233 -0.103405
vt -0.827784 -1.767431
vt -0.646120 -0.633178
vt -0.670685 -0.565685
vt -0.880435 -0.067493
vt -0.720000 -1.786436
vt -0.583918 -0.669090
vt -0.080435 -0.732507
vt -0.070328 -0.398847
vt -0.018233 -0.696595
vt 0.052500 -0.709067
vt 0.202500 -0.350740
vt 0.098668 -0.764088
vt 0.460685 -0.565685
vt 0.052500 -0.890933
vt -0.018233 -0.903405
vt 0.380576 -0.138518
vt 0.485251 -0.498193
vt 0.547452 -0.462281
vt 0.618185 -0.474753
vt 0.719565 -0.067493
vt 0.695000 0.000000
vt 0.380576 0.138518
vt 0.485251 0.498193
vt 0.664353 -0.529773
vt 0.781767 -0.103405
vt 0.852500 -0.090933
vt 0.898668 -0.035912
vt -0.105000 0.800000
vt -0.467018 0.601598
vt -0.310248 0.260329
vt -0.467018 0.529773
vt -0.513185 0.474753
vt -0.583918 0.462281
vt -0.905000 0.000000
vt 0.210000 0.146608
vt 0.000000 0.000000
vt 0.210000 0.000000
vt 0.000000 -0.146608
vt 0.210000 -0.146608
vt 0.000000 -0.293215
vt 0.210000 -0.293215
vt 0.000000 -0.439823
vt 0.210000 -0.439823
vt 0.000000 -0.586431
vt 0.210000 -0.586431
vt 0.210000 0.733038
vt 0.000000 0.733038
vt -0.000000 0.586431
vt 0.210000 0.586431
vt -0.000000 0.439823
vt 0.210000 0.439823
vt 0.000000 0.293215
vt 0.210000 0.293215
vt 0.000000 0.146608
vt 0.080435 -0.067493
vt 0.160869 -0.134985
vt 0.105000 0.000000
vt 0.160869 0.134985
vt 0.036466 -0.206810
vt 0.018233 -0.103405
vt -0.052500 -0.090933
vt -0.105000 -0.181865
vt -0.098668 -0.035912
vt -0.197335 -0.071824
vt -0.098668 0.035912
vt -0.197335 0.071824
vt -0.105000 0.181865
vt -0.052500 0.090933
vt 0.036466 0.206810
vt 0.018233 0.103405
vt 0.080435 0.067493
vt 0.210000 0.146608
vt 0.000000 0.000000
vt 0.210000 0.000000
vt 0.000000 -0.146608
vt 0.210000 -0.146608
vt 0.000000 -0.293215
vt 0.210000 -0.293215
vt 0.000000 -0.439823
vt 0.210000 -0.439823
vt 0.000000 -0.586431
vt 0.210000 -0.586431
vt 0.210000 0.733038
vt 0.000000 0.733038
vt -0.000000 0.586431
vt 0.210000 0.586431
vt -0.000000 0.439823
vt 0.210000 0.439823
vt 0.000000 0.293215
vt 0.210000 0.293215
vt 0.000000 0.146608
vt 0.080435 -0.067493
vt 0.160869 -0.134985
vt 0.105000 0.000000
vt 0.160869 0.134985
vt 0.036466 -0.206810
vt 0.018233 -0.103405
vt -0.052500 -0.090933
vt -0.105000 -0.181865
vt -0.098668 -0.035912
vt -0.197335 -0.071824
vt -0.098668 0.035912
vt -0.197335 0.071824
vt -0.105000 0.181865
vt -0.052500 0.090933
vt 0.036466 0.206810
vt 0.018233 0.103405
vt 0.080435 0.067493
vt 0.210000 0.146608
vt 0.000000 0.000000
vt 0.210000 0.000000
vt 0.000000 -0.146608
vt 0.210000 -0.146608
vt 0.000000 -0.293215
vt 0.210000 -0.293215
vt 0.000000 -0.439823
vt 0.210000 -0.439823
vt 0.000000 -0.586431
vt 0.210000 -0.586431
vt 0.210000 0.733038
vt 0.000000 0.733038
vt -0.000000 0.586431
vt 0.210000 0.586431
vt 0.000000 0.439823
vt 0.210000 0.439823
vt 0.000000 0.293215
vt 0.210000 0.293215
vt 0.000000 0.146608
vt 0.080435 -0.067493
vt 0.160869 -0.134985
vt 0.105000 -0.000000
vt 0.160869 0.134985
vt 0.036466 -0.206810
vt 0.018233 -0.103405
vt -0.052500 -0.090933
vt -0.105000 -0.181865
vt -0.098668 -0.035912
vt -0.197335 -0.071824
vt -0.098668 0.035912
vt -0.197335 0.071824
vt -0.105000 0.181865
vt -0.052500 0.090933
vt 0.036466 0.206810
vt 0.018233 0.103405
vt 0.080435 0.067493
vt 0.210000 0.146608
vt 0.000000 0.000000
vt 0.210000 0.000000
vt 0.000000 -0.146608
vt 0.210000 -0.146608
vt 0.000000 -0.293215
vt 0.210000 -0.293215
vt 0.000000 -0.439823
vt 0.210000 -0.439823
vt 0.000000 -0.586431
vt 0.210000 -0.586431
vt 0.210000 0.733038
vt 0.000000 0.733038
vt -0.000000 0.586431
vt 0.210000 0.586431
vt -0.000000 0.439823
vt 0.210000 0.439823
vt 0.000000 0.293215
vt 0.210000 0.293215
vt 0.000000 0.146608
vt 0.080435 -0.067493
vt 0.160869 -0.134985
vt 0.105000 0.000000
vt 0.160869 0.134985
vt 0.036466 -0.206810
vt 0.018233 -0.103405
vt -0.052500 -0.090933
vt -0.105000 -0.181865
vt -0.098668 -0.035912
vt -0.197335 -0.071824
vt -0.098668 0.035912
vt -0.197335 0.071824
vt -0.105000 0.181865
vt -0.052500 0.090933
vt 0.036466 0.206810
vt 0.018233 0.103405
vt 0.080435 0.067493
vt 0.210000 0.146608
vt 0.000000 0.000000
vt 0.210000 0.000000
vt 0.000000 -0.146608
vt 0.210000 -0.146608
vt 0.000000 -0.293215
vt 0.210000 -0.293215
vt 0.000000 -0.439823
vt 0.210000 -0.439823
vt 0.000000 -0.586431
vt 0.210000 -0.586431
vt 0.210000 0.733038
vt 0.000000 0.733038
vt -0.000000 0.586431
vt 0.210000 0.586431
vt 0.000000 0.439823
vt 0.210000 0.439823
vt 0.000000 0.293215
vt 0.210000 0.293215
vt 0.000000 0.146608
vt 0.080435 -0.067493
vt 0.160869 -0.134985
vt 0.105000 -0.000000
vt 0.160869 0.134985
vt 0.036466 -0.206810
vt 0.018233 -0.103405
vt -0.052500 -0.090933
vt -0.105000 -0.181865
vt -0.098668 -0.035912
vt -0.197335 -0.071824
vt -0.098668 0.035912
vt -0.197335 0.071824
vt -0.105000 0.181865
vt -0.052500 0.090933
vt 0.036466 0.206810
vt 0.018233 0.103405
vt 0.080435 0.067493
vt 0.210000 0.146608
vt 0.000000 0.000000
vt 0.210000 0.000000
vt 0.000000 -0.146608
vt 0.210000 -0.146608
vt 0.000000 -0.293215
vt 0.210000 -0.293215
vt 0.000000 -0.439823
vt 0.210000 -0.439823
vt 0.000000 -0.586431
vt 0.210000 -0.586431
vt 0.210000 0.733038
vt 0.000000 0.733038
vt -0.000000 0.586431
vt 0.210000 0.586431
vt -0.000000 0.439823
vt 0.210000 0.439823
vt 0.000000 0.293215
vt 0.210000 0.293215
vt 0.000000 0.146608
vt 0.080435 -0.067493
vt 0.160869 -0.134985
vt 0.105000 0.000000
vt 0.160869 0.134985
vt 0.036466 -0.206810
vt 0.018233 -0.103405
vt -0.052500 -0.090933
vt -0.105000 -0.181865
vt -0.098668 -0.035912
vt -0.197335 -0.071824
vt -0.098668 0.035912
vt -0.197335 0.071824
vt -0.105000 0.181865
vt -0.052500 0.090933
vt 0.036466 0.206810
vt 0.018233 0.103405
vt 0.080435 0.067493
vt 0.210000 0.146608
vt 0.000000 0.000000
vt 0.210000 0.000000
vt 0.000000 -0.146608
vt 0.210000 -0.146608
vt 0.000000 -0.293215
vt 0.210000 -0.293215
vt 0.000000 -0.439823
vt 0.210000 -0.439823
vt 0.000000 -0.586431
vt 0.210000 -0.586431
vt 0.210000 0.733038
vt 0.000000 0.733038
vt -0.000000 0.586431
vt 0.210000 0.586431
vt -0.000000 0.439823
vt 0.210000 0.439823
vt 0.000000 0.293215
vt 0.210000 0.293215
vt 0.000000 0.146608
vt 0.080435 -0.067493
vt 0.160869 -0.134985
vt 0.105000 0.000000
vt 0.160869 0.134985
vt 0.036466 -0.206810
vt 0.018233 -0.103405
vt -0.052500 -0.090933
vt -0.105000 -0.181865
vt -0.098668 -0.035912
vt -0.197335 -0.071824
vt -0.098668 0.035912
vt -0.197335 0.071824
vt -0.105000 0.181865
vt -0.052500 0.090933
vt 0.036466 0.206810
vt 0.018233 0.103405
vt 0.080435 0.067493
vt 0.210000 0.146608
vt 0.000000 0.000000
vt 0.210000 0.000000
vt 0.000000 -0.146608
vt 0.210000 -0.146608
vt 0.000000 -0.293215
vt 0.210000 -0.293215
vt 0.000000 -0.439823
vt 0.210000 -0.439823
vt 0.000000 -0.586431
vt 0.210000 -0.586431
vt 0.210000 0.733038
vt 0.000000 0.733038
vt -0.000000 0.586431
vt 0.210000 0.586431
vt -0.000000 0.439823
vt 0.210000 0.439823
vt 0.000000 0.293215
vt 0.210000 0.293215
vt 0.000000 0.146608
vt 0.080435 -0.067493
vt 0.160869 -0.134985
vt 0.105000 0.000000
vt 0.160869 0.134985
vt 0.036466 -0.206810
vt 0.018233 -0.103405
vt -0.052500 -0.090933
vt -0.105000 -0.181865
vt -0.098668 -0.035912
vt -0.197335 -0.071824
vt -0.098668 0.035912
vt -0.197335 0.071824
vt -0.105000 0.181865
vt -0.052500 0.090933
vt 0.036466 0.206810
vt 0.018233 0.103405
vt 0.080435 0.067493
vt -0.275000 0.390954
vt 0.275000 0.390954
vt -0.275000 0.502655
vt 0.275000 0.502655
vt -0.275000 -0.502655
vt 0.275000 -0.502655
vt -0.275000 -0.390954
vt 0.275000 -0.390954
vt -0.275000 -0.279253
vt 0.275000 -0.279253
vt -0.275000 -0.167552
vt 0.275000 -0.167552
vt -0.275000 -0.055851
vt 0.275000 -0.055851
vt -0.275000 0.055851
vt 0.275000 0.055851
vt -0.275000 0.167552
vt 0.275000 0.167552
vt -0.275000 0.279253
vt 0.275000 0.279253
vt -0.275000 0.390954
vt 0.275000 0.390954
vt -0.275000 0.502655
vt 0.275000 0.502655
vt -0.275000 -0.502655
vt 0.275000 -0.502655
vt -0.275000 -0.390954
vt 0.275000 -0.390954
vt -0.275000 -0.279253
vt 0.275000 -0.279253
vt -0.275000 -0.167552
vt 0.275000 -0.167552
vt -0.275000 -0.055851
vt 0.275000 -0.055851
vt -0.275000 0.055851
vt 0.275000 0.055851
vt -0.275000 0.167552
vt 0.275000 0.167552
vt -0.275000 0.279253
vt 0.275000 0.279253
vt -0.275000 0.390954
vt 0.275000 0.390954
vt -0.275000 0.502655
vt 0.275000 0.502655
vt -0.275000 -0.502655
vt 0.275000 -0.502655
vt -0.275000 -0.390954
vt 0.275000 -0.390954
vt -0.275000 -0.279253
vt 0.275000 -0.279253
vt -0.275000 -0.167552
vt 0.275000 -0.167552
vt -0.275000 -0.055851
vt 0.275000 -0.055851
vt -0.275000 0.055851
vt 0.275000 0.055851
vt -0.275000 0.167552
vt 0.275000 0.167552
vt -0.275000 0.279253
vt 0.275000 0.279253
vt -0.275000 0.390954
vt 0.275000 0.390954
vt -0.275000 0.502655
vt 0.275000 0.502655
vt -0.275000 -0.502655
vt 0.275000 -0.502655
vt -0.275000 -0.390954
vt 0.275000 -0.390954
vt -0.275000 -0.279253
vt 0.275000 -0.279253
vt -0.275000 -0.167552
vt 0.275000 -0.167552
vt -0.275000 -0.055851
vt 0.275000 -0.055851
vt -0.275000 0.055851
vt 0.275000 0.055851
vt -0.275000 0.167552
vt 0.275000 0.167552
vt -0.275000 0.279253
vt 0.275000 0.279253
vt 0.065000 -0.256563
vt -0.275000 -0.256563
vt 0.065000 -0.329867
vt -0.275000 -0.329867
vt 0.065000 0.329867
vt -0.275000 0.329867
vt 0.065000 0.256563
vt -0.275000 0.256563
vt 0.065000 0.183260
vt -0.275000 0.183260
vt 0.065000 0.109956
vt -0.275000 0.109956
vt 0.065000 0.036652
vt -0.275000 0.036652
vt 0.065000 -0.036652
vt -0.275000 -0.036652
vt 0.065000 -0.109956
vt -0.275000 -0.109956
vt 0.065000 -0.183260
vt -0.275000 -0.183260
vt 0.065000 -0.256563
vt -0.275000 -0.256563
vt 0.065000 -0.329867
vt -0.275000 -0.329867
vt 0.065000 0.329867
vt -0.275000 0.329867
vt 0.065000 0.256563
vt -0.275000 0.256563
vt 0.065000 0.183260
vt -0.275000 0.183260
vt 0.065000 0.109956
vt -0.275000 0.109956
vt 0.065000 0.036652
vt -0.275000 0.036652
vt 0.065000 -0.036652
vt -0.275000 -0.036652
vt 0.065000 -0.109956
vt -0.275000 -0.109956
vt 0.065000 -0.183260
vt -0.275000 -0.183260
vt 0.065000 -0.256563
vt -0.275000 -0.256563
vt 0.065000 -0.329867
vt -0.275000 -0.329867
vt 0.065000 0.329867
vt -0.275000 0.329867
vt 0.065000 0.256563
vt -0.275000 0.256563
vt 0.065000 0.183260
vt -0.275000 0.183260
vt 0.065000 0.109956
vt -0.275000 0.109956
vt 0.065000 0.036652
vt -0.275000 0.036652
vt 0.065000 -0.036652
vt -0.275000 -0.036652
vt 0.065000 -0.109956
vt -0.275000 -0.109956
vt 0.065000 -0.183260
vt -0.275000 -0.183260
vt 0.065000 -0.256563
vt -0.275000 -0.256563
vt 0.065000 -0.329867
vt -0.275000 -0.329867
vt 0.065000 0.329867
vt -0.275000 0.329867
vt 0.065000 0.256563
vt -0.275000 0.256563
vt 0.065000 0.183260
vt -0.275000 0.183260
vt 0.065000 0.109956
vt -0.275000 0.109956
vt 0.065000 0.036652
vt -0.275000 0.036652
vt 0.065000 -0.036652
vt -0.275000 -0.036652
vt 0.065000 -0.109956
vt -0.275000 -0.109956
vt 0.065000 -0.183260
vt -0.275000 -0.183260
vt 0.065000 -0.256563
vt -0.275000 -0.256563
vt 0.065000 -0.329867
vt -0.275000 -0.329867
vt 0.065000 0.329867
vt -0.275000 0.329867
vt 0.065000 0.256563
vt -0.275000 0.256563
vt 0.065000 0.183260
vt -0.275000 0.183260
vt 0.065000 0.109956
vt -0.275000 0.109956
vt 0.065000 0.036652
vt -0.275000 0.036652
vt 0.065000 -0.036652
vt -0.275000 -0.036652
vt 0.065000 -0.109956
vt -0.275000 -0.109956
vt 0.065000 -0.183260
vt -0.275000 -0.183260
vt 0.065000 -0.256563
vt -0.275000 -0.256563
vt 0.065000 -0.329867
vt -0.275000 -0.329867
vt 0.065000 0.329867
vt -0.275000 0.329867
vt 0.065000 0.256563
vt -0.275000 0.256563
vt 0.065000 0.183260
vt -0.275000 0.183260
vt 0.065000 0.109956
vt -0.275000 0.109956
vt 0.065000 0.036652
vt -0.275000 0.036652
vt 0.065000 -0.036652
vt -0.275000 -0.036652
vt 0.065000 -0.109956
vt -0.275000 -0.109956
vt 0.065000 -0.183260
vt -0.275000 -0.183260
vt 0.065000 -0.256563
vt -0.275000 -0.256563
vt 0.065000 -0.329867
vt -0.275000 -0.329867
vt 0.065000 0.329867
vt -0.275000 0.329867
vt 0.065000 0.256563
vt -0.275000 0.256563
vt 0.065000 0.183260
vt -0.275000 0.183260
vt 0.065000 0.109956
vt -0.275000 0.109956
vt 0.065000 0.036652
vt -0.275000 0.036652
vt 0.065000 -0.036652
vt -0.275000 -0.036652
vt 0.065000 -0.109956
vt -0.275000 -0.109956
vt 0.065000 -0.183260
vt -0.275000 -0.183260
vt 0.065000 -0.256563
vt -0.275000 -0.256563
vt 0.065000 -0.329867
vt -0.275000 -0.329867
vt 0.065000 0.329867
vt -0.275000 0.329867
vt 0.065000 0.256563
vt -0.275000 0.256563
vt 0.065000 0.183260
vt -0.275000 0.183260
vt 0.065000 0.109956
vt -0.275000 0.109956
vt 0.065000 0.036652
vt -0.275000 0.036652
vt 0.065000 -0.036652
vt -0.275000 -0.036652
vt 0.065000 -0.109956
vt -0.275000 -0.109956
vt 0.065000 -0.183260
vt -0.275000 -0.183260
vt -0.275000 0.989602
vt 0.275000 0.989602
vt -0.275000 1.272345
vt 0.275000 1.272345
vt -0.275000 -1.272345
vt 0.275000 -1.272345
vt -0.275000 -0.989602
vt 0.275000 -0.989602
vt -0.275000 -0.706858
vt 0.275000 -0.706858
vt -0.275000 -0.424115
vt 0.275000 -0.424115
vt -0.275000 -0.141372
vt 0.275000 -0.141372
vt -0.275000 0.141372
vt 0.275000 0.141372
vt -0.275000 0.424115
vt 0.275000 0.424115
vt -0.275000 0.706858
vt 0.275000 0.706858
vt 0.275000 0.706858
vt -0.275000 0.706858
vt 0.275000 0.399769
vt -0.275000 0.399769
vt 0.275000 0.092679
vt -0.275000 0.092679
vt 0.275000 -0.214410
vt -0.275000 -0.214410
vt 0.275000 0.921269
vt -0.275000 0.921269
vt 0.275000 0.614179
vt -0.275000 0.614179
vt 0.275000 0.307090
vt -0.275000 0.307090
vt 0.275000 0.000000
vt -0.275000 0.000000
vt 3.850000 0.275000
vt 0.000000 0.275000
vt 3.850000 -0.275000
vt 0.000000 -0.275000
vt 0.275000 0.706858
vt -0.275000 0.706858
vt 0.275000 0.399769
vt -0.275000 0.399769
vt 0.275000 0.092679
vt -0.275000 0.092679
vt 0.275000 -0.214410
vt -0.275000 -0.214410
vt 0.275000 0.921269
vt -0.275000 0.921269
vt 0.275000 0.614179
vt -0.275000 0.614179
vt 0.275000 0.307090
vt -0.275000 0.307090
vt 0.275000 -0.000000
vt -0.275000 0.000000
vt 3.850000 0.275000
vt 0.000000 0.275000
vt 3.850000 -0.275000
vt 0.000000 -0.275000
vn -0.0000 0.0002 -1.0000
vn -0.0000 -0.0000 -1.0000
vn 0.7071 0.0000 -0.7071
vn 0.7071 -0.0001 -0.7071
vn 1.0000 0.0000 -0.0000
vn 1.0000 0.0001 0.0000
vn -0.0000 1.0000 0.0000
vn 0.7071 0.0000 0.7071
vn 0.7071 -0.0001 0.7071
vn 0.7071 0.0002 0.7071
vn -0.7071 0.0000 0.7071
vn -0.7071 -0.0002 0.7071
vn -0.7071 0.0002 0.7071
vn -0.7071 0.0001 0.7071
vn -0.7071 -0.0001 0.7071
vn -1.0000 -0.0000 0.0000
vn -1.0000 0.0001 0.0000
vn -0.7071 -0.0000 -0.7071
vn 0.7071 -0.0002 -0.7071
vn 0.7071 0.0001 0.7071
vn 0.7071 -0.0002 0.7071
vn 0.7071 -0.0003 0.7071
vn 0.7071 0.0003 0.7071
vn -1.0000 -0.0001 0.0000
vn 0.0000 -0.0001 -1.0000
vn -0.0000 0.0000 1.0000
vn -0.7071 -0.0003 -0.7071
vn -0.7071 -0.0001 -0.7071
vn -0.7071 -0.0002 -0.7071
vn 1.0000 -0.0001 -0.0000
vn 0.7071 0.0001 -0.7071
vn 0.7071 0.0002 -0.7071
vn 0.7071 0.0003 -0.7071
vn -0.7071 0.0004 -0.7071
vn -0.7071 0.0002 -0.7071
vn 0.7071 0.0004 0.7071
vn 0.0000 -1.0000 -0.0000
vn -0.7071 0.0004 0.7071
usemtl 64,64,64.009
s 1
f 1/1/1 2/2/2 3/3/3
f 3/3/3 2/2/2 4/4/4
f 3/3/3 4/4/4 5/5/3
f 5/5/3 4/4/4 6/6/3
f 5/5/3 6/6/3 7/7/5
f 7/7/5 6/6/3 8/8/6
f 6/9/7 2/10/7 8/11/7
f 8/11/7 2/10/7 9/12/7
f 8/11/7 9/12/7 10/13/7
f 10/13/7 9/12/7 11/14/7
f 10/13/7 11/14/7 12/15/7
f 12/15/7 11/14/7 13/16/7
f 6/9/7 4/17/7 2/10/7
f 2/10/7 14/18/7 9/12/7
f 9/12/7 14/18/7 15/19/7
f 15/19/7 14/18/7 16/20/7
f 16/20/7 14/18/7 17/21/7
f 16/20/7 17/21/7 18/22/7
f 17/21/7 14/18/7 19/23/7
f 19/23/7 14/18/7 20/24/7
f 19/23/7 20/24/7 21/25/7
f 21/25/7 20/24/7 22/26/7
f 22/26/7 20/24/7 23/27/7
f 22/26/7 23/27/7 24/28/7
f 20/24/7 25/29/7 23/27/7
f 23/27/7 25/29/7 26/30/7
f 26/30/7 25/29/7 27/31/7
f 27/31/7 25/29/7 28/32/7
f 27/31/7 28/32/7 29/33/7
f 24/28/7 30/34/7 22/26/7
f 18/22/7 31/35/7 16/20/7
f 2/36/2 1/37/1 14/38/3
f 14/38/3 1/37/1 32/39/3
f 14/38/3 32/39/3 33/40/3
f 34/41/3 25/42/3 33/40/3
f 33/40/3 25/42/3 20/43/4
f 33/40/3 20/43/4 14/38/3
f 35/44/5 10/45/5 36/46/8
f 36/46/8 10/45/5 12/47/9
f 36/46/8 12/47/9 37/48/10
f 37/48/10 12/47/9 13/49/8
f 37/48/10 13/49/8 38/50/11
f 38/50/11 13/49/8 11/51/11
f 38/52/11 11/53/11 39/54/11
f 39/54/11 11/53/11 9/55/12
f 39/54/11 9/55/12 40/56/11
f 40/56/11 9/55/12 15/57/13
f 40/56/11 15/57/13 41/58/8
f 41/58/8 15/57/13 16/59/8
f 41/60/8 16/61/8 42/62/11
f 42/62/11 16/61/8 31/63/13
f 42/62/11 31/63/13 18/64/14
f 17/65/11 43/66/11 18/64/14
f 18/64/14 43/66/11 44/67/11
f 18/64/14 44/67/11 42/62/11
f 43/68/11 17/69/11 45/70/11
f 45/70/11 17/69/11 19/71/11
f 45/70/11 19/71/11 46/72/11
f 46/72/11 19/71/11 21/73/11
f 46/72/11 21/73/11 47/74/11
f 47/74/11 21/73/11 22/75/15
f 47/76/11 22/77/15 48/78/11
f 48/78/11 22/77/15 30/79/11
f 48/78/11 30/79/11 24/80/11
f 23/81/16 49/82/16 24/80/11
f 24/80/11 49/82/16 50/83/11
f 24/80/11 50/83/11 48/78/11
f 23/84/16 26/85/16 49/86/16
f 49/86/16 26/85/16 51/87/17
f 51/88/17 26/89/16 52/90/18
f 52/90/18 26/89/16 27/91/18
f 52/90/18 27/91/18 53/92/18
f 53/92/18 27/91/18 29/93/18
f 53/92/18 29/93/18 54/94/3
f 54/94/3 29/93/18 28/95/19
f 54/94/3 28/95/19 34/96/3
f 34/96/3 28/95/19 25/97/3
f 55/98/8 56/99/8 57/100/20
f 57/100/20 56/99/8 58/101/8
f 57/100/20 58/101/8 59/102/8
f 60/103/11 61/104/11 59/102/8
f 59/102/8 61/104/11 62/105/21
f 59/102/8 62/105/21 57/100/20
f 61/106/11 60/107/11 63/108/22
f 63/108/22 60/107/11 64/109/8
f 63/108/22 64/109/8 65/110/23
f 65/110/23 64/109/8 66/111/8
f 65/110/23 66/111/8 67/112/22
f 67/112/22 66/111/8 68/113/8
f 69/114/5 70/115/5 71/116/8
f 71/116/8 70/115/5 72/117/8
f 71/116/8 72/117/8 73/118/8
f 74/119/8 75/120/8 73/118/8
f 73/118/8 75/120/8 76/121/8
f 73/118/8 76/121/8 71/116/8
f 59/122/7 58/123/7 60/124/7
f 60/124/7 58/123/7 56/125/7
f 60/124/7 56/125/7 77/126/7
f 77/126/7 56/125/7 78/127/7
f 77/126/7 78/127/7 79/128/7
f 79/128/7 78/127/7 80/129/7
f 79/128/7 80/129/7 74/130/7
f 73/131/7 72/132/7 74/130/7
f 74/130/7 72/132/7 70/133/7
f 74/130/7 70/133/7 79/128/7
f 79/128/7 70/133/7 81/134/7
f 81/134/7 70/133/7 82/135/7
f 81/134/7 82/135/7 83/136/7
f 84/137/7 85/138/7 83/136/7
f 83/136/7 85/138/7 81/134/7
f 86/139/7 66/140/7 77/126/7
f 77/126/7 66/140/7 64/141/7
f 77/126/7 64/141/7 60/124/7
f 87/142/7 88/143/7 86/139/7
f 86/139/7 88/143/7 89/144/7
f 86/139/7 89/144/7 66/140/7
f 66/140/7 89/144/7 90/145/7
f 66/140/7 90/145/7 68/146/7
f 68/146/7 90/145/7 91/147/7
f 68/146/7 91/147/7 92/148/7
f 69/149/5 93/150/5 70/151/5
f 70/151/5 93/150/5 82/152/5
f 82/153/5 93/154/5 83/155/3
f 83/155/3 93/154/5 94/156/3
f 83/155/3 94/156/3 84/157/3
f 84/157/3 94/156/3 95/158/3
f 84/157/3 95/158/3 85/159/18
f 85/159/18 95/158/3 96/160/18
f 85/159/18 96/160/18 81/161/18
f 81/161/18 96/160/18 97/162/18
f 98/163/24 89/164/16 99/165/18
f 99/165/18 89/164/16 88/166/18
f 99/165/18 88/166/18 100/167/18
f 100/167/18 88/166/18 87/168/18
f 100/167/18 87/168/18 101/169/2
f 101/169/2 87/168/18 86/170/25
f 98/171/24 102/172/16 89/173/16
f 89/173/16 102/172/16 90/174/16
f 67/175/22 68/176/8 103/177/11
f 103/177/11 68/176/8 92/178/12
f 103/177/11 92/178/12 104/179/11
f 104/179/11 92/178/12 91/180/11
f 104/179/11 91/180/11 102/181/16
f 102/181/16 91/180/11 90/182/16
f 105/183/5 106/184/5 107/185/8
f 107/185/8 106/184/5 108/186/8
f 107/185/8 108/186/8 109/187/8
f 109/187/8 108/186/8 110/188/8
f 109/187/8 110/188/8 111/189/26
f 111/189/26 110/188/8 112/190/26
f 111/191/26 112/192/26 113/193/8
f 113/193/8 112/192/26 114/194/8
f 113/193/8 114/194/8 115/195/8
f 116/196/8 117/197/8 115/195/8
f 115/195/8 117/197/8 118/198/8
f 115/195/8 118/198/8 113/193/8
f 119/199/18 120/200/18 121/201/3
f 121/201/3 120/200/18 122/202/19
f 121/201/3 122/202/19 123/203/3
f 123/203/3 122/202/19 124/204/3
f 123/203/3 124/204/3 125/205/5
f 125/205/5 124/204/3 126/206/5
f 110/207/7 108/208/7 112/209/7
f 112/209/7 108/208/7 106/210/7
f 112/209/7 106/210/7 127/211/7
f 127/211/7 106/210/7 126/212/7
f 127/211/7 126/212/7 120/213/7
f 120/213/7 126/212/7 124/214/7
f 120/213/7 124/214/7 122/215/7
f 112/209/7 127/211/7 114/216/7
f 114/216/7 127/211/7 128/217/7
f 114/216/7 128/217/7 129/218/7
f 130/219/7 131/220/7 129/218/7
f 129/218/7 131/220/7 132/221/7
f 129/218/7 132/221/7 114/216/7
f 114/216/7 132/221/7 133/222/7
f 114/216/7 133/222/7 115/223/7
f 115/223/7 133/222/7 134/224/7
f 115/223/7 134/224/7 135/225/7
f 135/225/7 136/226/7 115/223/7
f 115/223/7 136/226/7 137/227/7
f 115/223/7 137/227/7 138/228/7
f 115/223/7 138/228/7 116/229/7
f 116/229/7 138/228/7 139/230/7
f 116/229/7 139/230/7 140/231/7
f 141/232/7 142/233/7 140/231/7
f 140/231/7 142/233/7 116/229/7
f 120/234/18 119/235/18 127/236/18
f 127/236/18 119/235/18 143/237/18
f 127/236/18 143/237/18 128/238/18
f 128/238/18 143/237/18 144/239/27
f 128/238/18 144/239/27 129/240/3
f 129/240/3 144/239/27 145/241/3
f 146/242/18 132/243/18 147/244/28
f 147/244/28 132/243/18 131/245/18
f 147/244/28 131/245/18 130/246/18
f 129/247/3 145/248/3 130/246/18
f 130/246/18 145/248/3 148/249/29
f 130/246/18 148/249/29 147/244/28
f 149/250/16 138/251/16 150/252/18
f 150/252/18 138/251/16 137/253/18
f 150/252/18 137/253/18 136/254/18
f 135/255/18 151/256/18 136/254/18
f 136/254/18 151/256/18 152/257/18
f 136/254/18 152/257/18 150/252/18
f 149/258/16 153/259/16 138/260/16
f 138/260/16 153/259/16 139/261/24
f 139/262/24 153/263/16 140/264/11
f 140/264/11 153/263/16 154/265/11
f 140/264/11 154/265/11 141/266/11
f 141/266/11 154/265/11 155/267/11
f 141/266/11 155/267/11 142/268/8
f 142/268/8 155/267/11 156/269/21
f 142/268/8 156/269/21 116/270/8
f 116/270/8 156/269/21 117/271/8
f 157/272/30 158/273/5 159/274/8
f 159/274/8 158/273/5 160/275/8
f 159/274/8 160/275/8 161/276/8
f 161/276/8 160/275/8 162/277/8
f 161/276/8 162/277/8 163/278/11
f 163/278/11 162/277/8 164/279/12
f 163/278/11 164/279/12 165/280/11
f 165/280/11 164/279/12 166/281/11
f 167/282/3 168/283/31 169/284/3
f 169/284/3 168/283/31 170/285/3
f 169/284/3 170/285/3 171/286/3
f 172/287/5 173/288/5 171/286/3
f 171/286/3 173/288/5 174/289/3
f 171/286/3 174/289/3 169/284/3
f 157/290/30 173/291/5 158/292/5
f 158/292/5 173/291/5 172/293/5
f 175/294/18 176/295/18 177/296/3
f 177/296/3 176/295/18 178/297/32
f 177/296/3 178/297/32 179/298/4
f 180/299/3 181/300/3 179/298/4
f 179/298/4 181/300/3 182/301/3
f 179/298/4 182/301/3 177/296/3
f 164/302/7 160/303/7 166/304/7
f 166/304/7 160/303/7 158/305/7
f 166/304/7 158/305/7 172/306/7
f 164/302/7 162/307/7 160/303/7
f 166/304/7 172/306/7 183/308/7
f 183/308/7 172/306/7 171/309/7
f 183/308/7 171/309/7 170/310/7
f 170/310/7 168/311/7 183/308/7
f 183/308/7 168/311/7 184/312/7
f 183/308/7 184/312/7 185/313/7
f 183/308/7 185/313/7 186/314/7
f 186/314/7 185/313/7 180/315/7
f 186/314/7 180/315/7 176/316/7
f 176/316/7 180/315/7 179/317/7
f 176/316/7 179/317/7 178/318/7
f 176/316/7 187/319/7 186/314/7
f 186/314/7 187/319/7 188/320/7
f 186/314/7 188/320/7 189/321/7
f 189/321/7 188/320/7 190/322/7
f 189/321/7 190/322/7 191/323/7
f 190/322/7 188/320/7 192/324/7
f 192/324/7 188/320/7 193/325/7
f 192/324/7 193/325/7 194/326/7
f 194/326/7 193/325/7 195/327/7
f 191/323/7 196/328/7 189/321/7
f 176/329/18 175/330/18 187/331/33
f 187/331/33 175/330/18 197/332/3
f 187/331/33 197/332/3 188/333/3
f 188/333/3 197/332/3 198/334/3
f 188/333/3 198/334/3 193/335/3
f 193/335/3 198/334/3 199/336/3
f 200/337/16 192/338/16 201/339/18
f 201/339/18 192/338/16 194/340/28
f 201/339/18 194/340/28 202/341/34
f 202/341/34 194/340/28 195/342/18
f 202/341/34 195/342/18 199/343/3
f 199/343/3 195/342/18 193/344/3
f 203/345/26 189/346/26 204/347/11
f 204/347/11 189/346/26 196/348/11
f 204/347/11 196/348/11 205/349/11
f 205/349/11 196/348/11 191/350/11
f 205/349/11 191/350/11 206/351/16
f 206/351/16 191/350/11 190/352/16
f 165/353/11 166/354/11 207/355/11
f 207/355/11 166/354/11 183/356/11
f 207/355/11 183/356/11 186/357/12
f 189/358/26 203/359/26 186/357/12
f 186/357/12 203/359/26 208/360/11
f 186/357/12 208/360/11 207/355/11
f 56/361/8 55/362/8 78/363/8
f 78/363/8 55/362/8 209/364/8
f 78/363/8 209/364/8 80/365/8
f 80/365/8 209/364/8 210/366/8
f 80/365/8 210/366/8 74/367/8
f 74/367/8 210/366/8 75/368/8
f 132/369/18 146/370/18 133/371/18
f 133/371/18 146/370/18 211/372/18
f 133/371/18 211/372/18 134/373/18
f 134/373/18 211/372/18 212/374/18
f 134/373/18 212/374/18 135/375/18
f 135/375/18 212/374/18 151/376/18
f 52/377/7 94/378/7 51/379/7
f 51/379/7 94/378/7 93/380/7
f 51/379/7 93/380/7 49/381/7
f 49/381/7 93/380/7 69/382/7
f 49/381/7 69/382/7 213/383/7
f 213/383/7 69/382/7 71/384/7
f 213/383/7 71/384/7 76/385/7
f 53/386/7 214/387/7 52/377/7
f 52/377/7 214/387/7 215/388/7
f 52/377/7 215/388/7 94/378/7
f 94/378/7 215/388/7 95/389/7
f 95/389/7 215/388/7 96/390/7
f 96/390/7 215/388/7 216/391/7
f 96/390/7 216/391/7 217/392/7
f 217/392/7 216/391/7 218/393/7
f 218/393/7 216/391/7 219/394/7
f 218/393/7 219/394/7 220/395/7
f 220/395/7 219/394/7 221/396/7
f 221/396/7 219/394/7 222/397/7
f 221/396/7 222/397/7 223/398/7
f 223/398/7 222/397/7 224/399/7
f 223/398/7 224/399/7 225/400/7
f 225/400/7 224/399/7 99/401/7
f 225/400/7 99/401/7 100/402/7
f 53/386/7 54/403/7 214/387/7
f 214/387/7 54/403/7 226/404/7
f 226/404/7 54/403/7 227/405/7
f 226/404/7 227/405/7 228/406/7
f 54/403/7 34/407/7 227/405/7
f 227/405/7 34/407/7 33/408/7
f 227/405/7 33/408/7 229/409/7
f 229/409/7 33/408/7 32/410/7
f 229/409/7 32/410/7 230/411/7
f 230/411/7 32/410/7 1/412/7
f 230/411/7 1/412/7 231/413/7
f 231/413/7 1/412/7 3/414/7
f 231/413/7 3/414/7 5/415/7
f 7/416/7 232/417/7 5/415/7
f 5/415/7 232/417/7 233/418/7
f 5/415/7 233/418/7 231/413/7
f 7/416/7 35/419/7 232/417/7
f 232/417/7 35/419/7 234/420/7
f 232/417/7 234/420/7 235/421/7
f 35/419/7 36/422/7 234/420/7
f 234/420/7 36/422/7 236/423/7
f 236/423/7 36/422/7 237/424/7
f 236/423/7 237/424/7 238/425/7
f 36/422/7 37/426/7 237/424/7
f 237/424/7 37/426/7 38/427/7
f 237/424/7 38/427/7 239/428/7
f 239/428/7 38/427/7 39/429/7
f 239/428/7 39/429/7 40/430/7
f 239/428/7 40/430/7 240/431/7
f 240/431/7 40/430/7 41/432/7
f 240/431/7 41/432/7 42/433/7
f 240/431/7 42/433/7 241/434/7
f 241/434/7 42/433/7 44/435/7
f 241/434/7 44/435/7 43/436/7
f 241/434/7 43/436/7 242/437/7
f 242/437/7 43/436/7 45/438/7
f 242/437/7 45/438/7 46/439/7
f 46/439/7 47/440/7 242/437/7
f 242/437/7 47/440/7 243/441/7
f 243/441/7 47/440/7 48/442/7
f 243/441/7 48/442/7 50/443/7
f 243/441/7 50/443/7 213/383/7
f 213/383/7 50/443/7 49/381/7
f 212/444/7 244/445/7 151/446/7
f 151/446/7 244/445/7 245/447/7
f 151/446/7 245/447/7 152/448/7
f 152/448/7 245/447/7 150/449/7
f 150/449/7 245/447/7 246/450/7
f 150/449/7 246/450/7 149/451/7
f 149/451/7 246/450/7 173/452/7
f 149/451/7 173/452/7 153/453/7
f 153/453/7 173/452/7 157/454/7
f 153/453/7 157/454/7 154/455/7
f 154/455/7 157/454/7 159/456/7
f 154/455/7 159/456/7 247/457/7
f 247/457/7 159/456/7 248/458/7
f 248/458/7 159/456/7 161/459/7
f 248/458/7 161/459/7 163/460/7
f 212/444/7 211/461/7 244/445/7
f 244/445/7 211/461/7 146/462/7
f 244/445/7 146/462/7 249/463/7
f 249/463/7 146/462/7 147/464/7
f 249/463/7 147/464/7 148/465/7
f 249/463/7 148/465/7 250/466/7
f 250/466/7 148/465/7 145/467/7
f 250/466/7 145/467/7 144/468/7
f 250/466/7 144/468/7 251/469/7
f 251/469/7 144/468/7 143/470/7
f 251/469/7 143/470/7 119/471/7
f 251/469/7 119/471/7 252/472/7
f 252/472/7 119/471/7 121/473/7
f 252/472/7 121/473/7 123/474/7
f 125/475/7 235/421/7 123/474/7
f 123/474/7 235/421/7 253/476/7
f 123/474/7 253/476/7 252/472/7
f 252/472/7 253/476/7 254/477/7
f 254/477/7 253/476/7 255/478/7
f 254/477/7 255/478/7 256/479/7
f 256/479/7 255/478/7 257/480/7
f 256/479/7 257/480/7 258/481/7
f 258/481/7 257/480/7 259/482/7
f 258/481/7 259/482/7 260/483/7
f 260/483/7 259/482/7 261/484/7
f 261/484/7 259/482/7 262/485/7
f 261/484/7 262/485/7 263/486/7
f 235/421/7 125/475/7 264/487/7
f 264/487/7 125/475/7 105/488/7
f 264/487/7 105/488/7 107/489/7
f 109/490/7 265/491/7 107/489/7
f 107/489/7 265/491/7 266/492/7
f 107/489/7 266/492/7 264/487/7
f 264/487/7 266/492/7 267/493/7
f 264/487/7 267/493/7 268/494/7
f 268/494/7 267/493/7 269/495/7
f 269/495/7 267/493/7 270/496/7
f 269/495/7 270/496/7 271/497/7
f 109/490/7 111/498/7 265/491/7
f 265/491/7 111/498/7 272/499/7
f 272/499/7 111/498/7 113/500/7
f 272/499/7 113/500/7 273/501/7
f 273/501/7 113/500/7 118/502/7
f 273/501/7 118/502/7 274/503/7
f 274/503/7 118/502/7 117/504/7
f 274/503/7 117/504/7 156/505/7
f 155/506/7 247/457/7 156/505/7
f 156/505/7 247/457/7 275/507/7
f 156/505/7 275/507/7 274/503/7
f 274/503/7 275/507/7 276/508/7
f 276/508/7 275/507/7 271/497/7
f 271/497/7 275/507/7 269/495/7
f 155/506/7 154/455/7 247/457/7
f 277/509/7 278/510/7 279/511/7
f 279/511/7 278/510/7 280/512/7
f 279/511/7 280/512/7 281/513/7
f 281/513/7 280/512/7 282/514/7
f 281/513/7 282/514/7 283/515/7
f 283/515/7 282/514/7 284/516/7
f 284/516/7 282/514/7 285/517/7
f 284/516/7 285/517/7 286/518/7
f 286/518/7 285/517/7 163/460/7
f 286/518/7 163/460/7 165/519/7
f 287/520/7 204/521/7 277/509/7
f 277/509/7 204/521/7 205/522/7
f 277/509/7 205/522/7 278/510/7
f 278/510/7 205/522/7 206/523/7
f 278/510/7 206/523/7 200/524/7
f 204/521/7 287/520/7 203/525/7
f 203/525/7 287/520/7 288/526/7
f 203/525/7 288/526/7 208/527/7
f 208/527/7 288/526/7 289/528/7
f 208/527/7 289/528/7 207/529/7
f 207/529/7 289/528/7 165/519/7
f 165/519/7 289/528/7 286/518/7
f 228/406/7 290/530/7 226/404/7
f 226/404/7 290/530/7 291/531/7
f 291/531/7 290/530/7 292/532/7
f 291/531/7 292/532/7 293/533/7
f 233/418/7 232/417/7 293/533/7
f 293/533/7 232/417/7 294/534/7
f 293/533/7 294/534/7 291/531/7
f 96/390/7 217/392/7 97/535/7
f 97/535/7 217/392/7 295/536/7
f 97/535/7 295/536/7 296/537/7
f 296/537/7 295/536/7 297/538/7
f 297/538/7 295/536/7 298/539/7
f 297/538/7 298/539/7 101/540/7
f 101/540/7 298/539/7 299/541/7
f 101/540/7 299/541/7 100/402/7
f 100/402/7 299/541/7 225/400/7
f 300/542/7 301/543/7 302/544/7
f 302/544/7 301/543/7 303/545/7
f 302/544/7 303/545/7 304/546/7
f 305/547/7 306/548/7 300/542/7
f 300/542/7 306/548/7 307/549/7
f 300/542/7 307/549/7 301/543/7
f 308/550/7 309/551/7 305/547/7
f 305/547/7 309/551/7 310/552/7
f 305/547/7 310/552/7 306/548/7
f 261/484/7 263/486/7 308/550/7
f 308/550/7 263/486/7 311/553/7
f 308/550/7 311/553/7 312/554/7
f 312/554/7 311/553/7 241/434/7
f 312/554/7 241/434/7 242/437/7
f 258/481/7 260/483/7 313/555/7
f 313/555/7 260/483/7 314/556/7
f 313/555/7 314/556/7 315/557/7
f 315/557/7 314/556/7 316/558/7
f 315/557/7 316/558/7 249/463/7
f 249/463/7 316/558/7 244/445/7
f 316/558/7 314/556/7 317/559/7
f 317/559/7 314/556/7 318/560/7
f 317/559/7 318/560/7 319/561/7
f 319/561/7 318/560/7 320/562/7
f 320/562/7 318/560/7 321/563/7
f 320/562/7 321/563/7 322/564/7
f 322/564/7 321/563/7 323/565/7
f 323/565/7 321/563/7 302/544/7
f 323/565/7 302/544/7 304/546/7
f 320/562/7 324/566/7 325/567/7
f 325/567/7 324/566/7 181/568/7
f 325/567/7 181/568/7 326/569/7
f 327/570/7 169/571/7 246/450/7
f 246/450/7 169/571/7 174/572/7
f 246/450/7 174/572/7 173/452/7
f 325/567/7 326/569/7 327/570/7
f 327/570/7 326/569/7 328/573/7
f 327/570/7 328/573/7 167/574/7
f 329/575/7 209/576/7 330/577/7
f 330/577/7 209/576/7 55/578/7
f 330/577/7 55/578/7 331/579/7
f 331/579/7 55/578/7 332/580/7
f 332/580/7 55/578/7 57/581/7
f 332/580/7 57/581/7 62/582/7
f 213/383/7 76/385/7 329/575/7
f 329/575/7 76/385/7 75/583/7
f 329/575/7 75/583/7 210/584/7
f 312/554/7 309/551/7 308/550/7
f 307/549/7 306/548/7 331/579/7
f 331/579/7 306/548/7 330/577/7
f 333/585/7 334/586/7 335/587/7
f 335/587/7 334/586/7 336/588/7
f 335/587/7 336/588/7 201/589/7
f 201/589/7 336/588/7 200/524/7
f 200/524/7 336/588/7 337/590/7
f 200/524/7 337/590/7 278/510/7
f 278/510/7 337/590/7 224/399/7
f 224/399/7 337/590/7 102/591/7
f 224/399/7 102/591/7 98/592/7
f 334/586/7 333/585/7 338/593/7
f 338/593/7 333/585/7 339/594/7
f 338/593/7 339/594/7 304/546/7
f 304/546/7 339/594/7 323/565/7
f 322/564/7 324/566/7 320/562/7
f 324/566/7 340/595/7 181/568/7
f 181/568/7 340/595/7 182/596/7
f 182/596/7 340/595/7 177/597/7
f 177/597/7 340/595/7 175/598/7
f 175/598/7 340/595/7 341/599/7
f 175/598/7 341/599/7 197/600/7
f 197/600/7 341/599/7 198/601/7
f 198/601/7 341/599/7 342/602/7
f 198/601/7 342/602/7 199/603/7
f 199/603/7 342/602/7 202/604/7
f 202/604/7 342/602/7 335/587/7
f 202/604/7 335/587/7 201/589/7
f 236/423/7 238/425/7 343/605/7
f 343/605/7 238/425/7 344/606/7
f 343/605/7 344/606/7 345/607/7
f 345/607/7 344/606/7 262/485/7
f 345/607/7 262/485/7 259/482/7
f 346/608/7 103/609/7 347/610/7
f 347/610/7 103/609/7 104/611/7
f 347/610/7 104/611/7 348/612/7
f 348/612/7 104/611/7 102/591/7
f 348/612/7 102/591/7 337/590/7
f 349/613/7 65/614/7 346/608/7
f 346/608/7 65/614/7 67/615/7
f 346/608/7 67/615/7 103/609/7
f 332/580/7 61/616/7 349/613/7
f 349/613/7 61/616/7 63/617/7
f 349/613/7 63/617/7 65/614/7
f 301/543/7 350/618/7 303/545/7
f 303/545/7 350/618/7 351/619/7
f 351/619/7 350/618/7 352/620/7
f 351/619/7 352/620/7 353/621/7
f 353/621/7 352/620/7 347/610/7
f 353/621/7 347/610/7 348/612/7
f 285/517/7 248/458/7 163/460/7
f 264/487/7 232/417/7 235/421/7
f 167/574/7 169/571/7 327/570/7
f 210/584/7 209/576/7 329/575/7
f 62/582/7 61/616/7 332/580/7
f 98/592/7 99/401/7 224/399/7
f 200/622/16 206/623/16 192/624/16
f 192/624/16 206/623/16 190/625/16
f 105/626/5 125/627/5 106/628/5
f 106/628/5 125/627/5 126/629/5
f 168/630/31 167/631/3 184/632/3
f 184/632/3 167/631/3 328/633/3
f 184/632/3 328/633/3 185/634/3
f 185/634/3 328/633/3 326/635/3
f 185/634/3 326/635/3 180/636/3
f 180/636/3 326/635/3 181/637/3
f 8/638/6 10/639/5 7/640/5
f 7/640/5 10/639/5 35/641/5
f 81/642/18 97/643/18 79/644/18
f 79/644/18 97/643/18 296/645/18
f 79/644/18 296/645/18 297/646/35
f 101/647/2 86/648/25 297/646/35
f 297/646/35 86/648/25 77/649/18
f 297/646/35 77/649/18 79/644/18
f 226/650/8 354/651/8 214/652/36
f 214/652/36 354/651/8 355/653/8
f 214/652/36 355/653/8 356/654/11
f 357/655/11 216/656/11 356/654/11
f 356/654/11 216/656/11 215/657/11
f 356/654/11 215/657/11 214/652/36
f 285/658/35 358/659/18 248/660/35
f 248/660/35 358/659/18 359/661/18
f 248/660/35 359/661/18 360/662/19
f 361/663/3 275/664/3 360/662/19
f 360/662/19 275/664/3 247/665/3
f 360/662/19 247/665/3 248/660/35
f 362/666/37 361/667/37 363/668/37
f 363/668/37 361/667/37 360/669/37
f 363/668/37 360/669/37 364/670/37
f 364/670/37 360/669/37 365/671/37
f 365/671/37 360/669/37 366/672/37
f 366/672/37 360/669/37 359/673/37
f 366/672/37 359/673/37 367/674/37
f 367/674/37 359/673/37 368/675/37
f 367/674/37 368/675/37 369/676/37
f 369/676/37 368/675/37 370/677/37
f 369/676/37 370/677/37 371/678/37
f 371/678/37 370/677/37 372/679/37
f 372/679/37 370/677/37 373/680/37
f 372/679/37 373/680/37 374/681/37
f 362/666/37 375/682/37 361/667/37
f 361/667/37 375/682/37 376/683/37
f 376/683/37 375/682/37 377/684/37
f 376/683/37 377/684/37 378/685/37
f 379/686/37 380/687/37 378/685/37
f 378/685/37 380/687/37 381/688/37
f 378/685/37 381/688/37 376/683/37
f 379/686/37 382/689/37 380/687/37
f 380/687/37 382/689/37 383/690/37
f 380/687/37 383/690/37 384/691/37
f 384/691/37 383/690/37 385/692/37
f 385/692/37 383/690/37 386/693/37
f 385/692/37 386/693/37 387/694/37
f 387/694/37 386/693/37 388/695/37
f 388/695/37 386/693/37 389/696/37
f 388/695/37 389/696/37 390/697/37
f 382/689/37 391/698/37 383/690/37
f 383/690/37 391/698/37 392/699/37
f 392/699/37 391/698/37 393/700/37
f 392/699/37 393/700/37 394/701/37
f 394/701/37 393/700/37 395/702/37
f 395/702/37 393/700/37 364/670/37
f 395/702/37 364/670/37 396/703/37
f 396/703/37 364/670/37 397/704/37
f 396/703/37 397/704/37 398/705/37
f 398/705/37 397/704/37 399/706/37
f 398/705/37 399/706/37 400/707/37
f 400/707/37 399/706/37 401/708/37
f 400/707/37 401/708/37 402/709/37
f 393/700/37 363/668/37 364/670/37
f 403/710/37 404/711/37 405/712/37
f 405/712/37 404/711/37 406/713/37
f 405/712/37 406/713/37 374/681/37
f 374/681/37 406/713/37 407/714/37
f 374/681/37 407/714/37 408/715/37
f 408/715/37 407/714/37 409/716/37
f 408/715/37 409/716/37 410/717/37
f 410/717/37 409/716/37 411/718/37
f 410/717/37 411/718/37 412/719/37
f 404/711/37 403/710/37 413/720/37
f 413/720/37 403/710/37 414/721/37
f 413/720/37 414/721/37 415/722/37
f 413/720/37 415/722/37 358/723/37
f 358/723/37 415/722/37 416/724/37
f 358/723/37 416/724/37 359/673/37
f 359/673/37 416/724/37 368/675/37
f 417/725/37 418/726/37 419/727/37
f 419/727/37 418/726/37 355/728/37
f 419/727/37 355/728/37 354/729/37
f 420/730/37 421/731/37 417/725/37
f 417/725/37 421/731/37 422/732/37
f 417/725/37 422/732/37 423/733/37
f 421/731/37 420/730/37 424/734/37
f 424/734/37 420/730/37 425/735/37
f 424/734/37 425/735/37 426/736/37
f 426/736/37 425/735/37 427/737/37
f 426/736/37 427/737/37 428/738/37
f 429/739/37 430/740/37 428/738/37
f 428/738/37 430/740/37 431/741/37
f 428/738/37 431/741/37 426/736/37
f 429/739/37 432/742/37 430/740/37
f 430/740/37 432/742/37 354/729/37
f 354/729/37 432/742/37 433/743/37
f 354/729/37 433/743/37 419/727/37
f 434/744/37 435/745/37 436/746/37
f 436/746/37 435/745/37 437/747/37
f 436/746/37 437/747/37 438/748/37
f 438/748/37 437/747/37 439/749/37
f 438/748/37 439/749/37 440/750/37
f 440/750/37 439/749/37 441/751/37
f 441/751/37 439/749/37 357/752/37
f 441/751/37 357/752/37 442/753/37
f 442/753/37 357/752/37 356/754/37
f 442/753/37 356/754/37 443/755/37
f 443/755/37 356/754/37 444/756/37
f 443/755/37 444/756/37 445/757/37
f 445/757/37 444/756/37 446/758/37
f 445/757/37 446/758/37 447/759/37
f 447/759/37 446/758/37 448/760/37
f 447/759/37 448/760/37 449/761/37
f 449/761/37 448/760/37 450/762/37
f 450/762/37 448/760/37 451/763/37
f 450/762/37 451/763/37 452/764/37
f 452/764/37 451/763/37 453/765/37
f 452/764/37 453/765/37 454/766/37
f 454/766/37 453/765/37 455/767/37
f 454/766/37 455/767/37 456/768/37
f 457/769/37 458/770/37 434/744/37
f 434/744/37 458/770/37 459/771/37
f 434/744/37 459/771/37 460/772/37
f 460/772/37 459/771/37 456/768/37
f 456/768/37 459/771/37 454/766/37
f 457/769/37 461/773/37 458/770/37
f 458/770/37 461/773/37 462/774/37
f 462/774/37 461/773/37 445/757/37
f 445/757/37 461/773/37 443/755/37
f 446/758/37 463/775/37 448/760/37
f 448/760/37 463/775/37 464/776/37
f 464/776/37 463/775/37 465/777/37
f 464/776/37 465/777/37 466/778/37
f 464/776/37 466/778/37 467/779/37
f 467/779/37 466/778/37 468/780/37
f 467/779/37 468/780/37 469/781/37
f 469/781/37 468/780/37 418/726/37
f 469/781/37 418/726/37 423/733/37
f 423/733/37 418/726/37 417/725/37
f 418/726/37 470/782/37 355/728/37
f 355/728/37 470/782/37 471/783/37
f 355/728/37 471/783/37 356/754/37
f 356/754/37 471/783/37 444/756/37
f 467/779/37 469/781/37 472/784/37
f 472/784/37 469/781/37 473/785/37
f 472/784/37 473/785/37 474/786/37
f 475/787/37 476/788/37 474/786/37
f 474/786/37 476/788/37 477/789/37
f 474/786/37 477/789/37 472/784/37
f 472/784/37 477/789/37 478/790/37
f 478/790/37 477/789/37 390/697/37
f 478/790/37 390/697/37 479/791/37
f 475/787/37 480/792/37 476/788/37
f 476/788/37 480/792/37 481/793/37
f 481/793/37 480/792/37 482/794/37
f 482/794/37 480/792/37 424/734/37
f 482/794/37 424/734/37 483/795/37
f 483/795/37 424/734/37 426/736/37
f 483/795/37 426/736/37 384/691/37
f 384/691/37 426/736/37 380/687/37
f 477/789/37 388/695/37 390/697/37
f 479/791/37 396/703/37 478/790/37
f 478/790/37 396/703/37 398/705/37
f 367/674/37 369/676/37 484/796/37
f 484/796/37 369/676/37 485/797/37
f 484/796/37 485/797/37 486/798/37
f 486/798/37 485/797/37 487/799/37
f 486/798/37 487/799/37 488/800/37
f 400/707/37 402/709/37 486/798/37
f 486/798/37 402/709/37 484/796/37
f 408/715/37 372/679/37 374/681/37
f 486/798/37 488/800/37 451/763/37
f 451/763/37 488/800/37 489/801/37
f 451/763/37 489/801/37 412/719/37
f 412/719/37 489/801/37 410/717/37
f 407/714/37 406/713/37 490/802/37
f 490/802/37 406/713/37 435/745/37
f 490/802/37 435/745/37 460/772/37
f 460/772/37 435/745/37 434/744/37
f 412/719/37 453/765/37 451/763/37
f 491/803/18 315/804/16 492/805/16
f 492/805/16 315/804/16 249/806/11
f 492/805/16 249/806/11 493/807/11
f 493/807/11 249/806/11 250/808/11
f 493/807/11 250/808/11 494/809/11
f 494/809/11 250/808/11 251/810/8
f 494/809/11 251/810/8 495/811/8
f 495/811/8 251/810/8 252/812/8
f 495/811/8 252/812/8 496/813/8
f 496/814/8 252/815/8 254/816/3
f 496/814/8 254/816/3 497/817/3
f 497/817/3 254/816/3 256/818/3
f 497/817/3 256/818/3 498/819/31
f 498/819/31 256/818/3 258/820/18
f 498/819/31 258/820/18 499/821/18
f 499/821/18 258/820/18 313/822/18
f 499/821/18 313/822/18 491/803/18
f 491/803/18 313/822/18 315/804/16
f 500/823/7 491/824/7 501/825/7
f 501/825/7 491/824/7 492/805/7
f 501/825/7 492/805/7 493/826/7
f 491/824/7 500/823/7 499/827/7
f 499/827/7 500/823/7 502/828/7
f 499/827/7 502/828/7 503/829/7
f 499/827/7 503/829/7 498/830/7
f 498/830/7 503/829/7 504/831/7
f 498/830/7 504/831/7 497/832/7
f 497/832/7 504/831/7 505/833/7
f 497/832/7 505/833/7 496/834/7
f 496/834/7 505/833/7 495/835/7
f 495/835/7 505/833/7 506/836/7
f 495/835/7 506/836/7 494/837/7
f 494/837/7 506/836/7 507/838/7
f 494/837/7 507/838/7 508/839/7
f 494/837/7 508/839/7 493/826/7
f 493/826/7 508/839/7 501/825/7
f 509/840/18 337/841/16 510/842/16
f 510/842/16 337/841/16 336/843/11
f 510/842/16 336/843/11 511/844/11
f 511/844/11 336/843/11 334/845/11
f 511/844/11 334/845/11 512/846/11
f 512/846/11 334/845/11 338/847/8
f 512/846/11 338/847/8 513/848/8
f 513/848/8 338/847/8 304/849/8
f 513/848/8 304/849/8 514/850/8
f 514/851/8 304/852/8 303/853/3
f 514/851/8 303/853/3 515/854/3
f 515/854/3 303/853/3 351/855/3
f 515/854/3 351/855/3 516/856/3
f 516/856/3 351/855/3 353/857/29
f 516/856/3 353/857/29 517/858/18
f 517/858/18 353/857/29 348/859/18
f 517/858/18 348/859/18 509/840/18
f 509/840/18 348/859/18 337/841/16
f 518/860/7 509/861/7 519/862/7
f 519/862/7 509/861/7 510/842/7
f 519/862/7 510/842/7 511/863/7
f 509/861/7 518/860/7 517/864/7
f 517/864/7 518/860/7 520/865/7
f 517/864/7 520/865/7 521/866/7
f 517/864/7 521/866/7 516/867/7
f 516/867/7 521/866/7 522/868/7
f 516/867/7 522/868/7 515/869/7
f 515/869/7 522/868/7 523/870/7
f 515/869/7 523/870/7 514/871/7
f 514/871/7 523/870/7 513/872/7
f 513/872/7 523/870/7 524/873/7
f 513/872/7 524/873/7 512/874/7
f 512/874/7 524/873/7 525/875/7
f 512/874/7 525/875/7 526/876/7
f 512/874/7 526/876/7 511/863/7
f 511/863/7 526/876/7 519/862/7
f 527/877/28 347/878/16 528/879/16
f 528/879/16 347/878/16 352/880/11
f 528/879/16 352/880/11 529/881/11
f 529/881/11 352/880/11 350/882/11
f 529/881/11 350/882/11 530/883/11
f 530/883/11 350/882/11 301/884/9
f 530/883/11 301/884/9 531/885/8
f 531/885/8 301/884/9 307/886/8
f 531/885/8 307/886/8 532/887/8
f 532/888/8 307/889/8 331/890/3
f 532/888/8 331/890/3 533/891/3
f 533/891/3 331/890/3 332/892/3
f 533/891/3 332/892/3 534/893/3
f 534/893/3 332/892/3 349/894/18
f 534/893/3 349/894/18 535/895/18
f 535/895/18 349/894/18 346/896/18
f 535/895/18 346/896/18 527/877/28
f 527/877/28 346/896/18 347/878/16
f 536/897/7 527/898/7 537/899/7
f 537/899/7 527/898/7 528/879/7
f 537/899/7 528/879/7 529/900/7
f 527/898/7 536/897/7 535/901/7
f 535/901/7 536/897/7 538/902/7
f 535/901/7 538/902/7 539/903/7
f 535/901/7 539/903/7 534/904/7
f 534/904/7 539/903/7 540/905/7
f 534/904/7 540/905/7 533/906/7
f 533/906/7 540/905/7 541/907/7
f 533/906/7 541/907/7 532/908/7
f 532/908/7 541/907/7 531/909/7
f 531/909/7 541/907/7 542/910/7
f 531/909/7 542/910/7 530/911/7
f 530/911/7 542/910/7 543/912/7
f 530/911/7 543/912/7 544/913/7
f 530/911/7 544/913/7 529/900/7
f 529/900/7 544/913/7 537/899/7
f 545/914/18 259/915/16 546/916/16
f 546/916/16 259/915/16 257/917/11
f 546/916/16 257/917/11 547/918/11
f 547/918/11 257/917/11 255/919/11
f 547/918/11 255/919/11 548/920/11
f 548/920/11 255/919/11 253/921/8
f 548/920/11 253/921/8 549/922/8
f 549/922/8 253/921/8 235/923/8
f 549/922/8 235/923/8 550/924/8
f 550/925/8 235/926/8 234/927/3
f 550/925/8 234/927/3 551/928/3
f 551/928/3 234/927/3 236/929/3
f 551/928/3 236/929/3 552/930/3
f 552/930/3 236/929/3 343/931/18
f 552/930/3 343/931/18 553/932/18
f 553/932/18 343/931/18 345/933/18
f 553/932/18 345/933/18 545/914/18
f 545/914/18 345/933/18 259/915/16
f 554/934/7 545/935/7 555/936/7
f 555/936/7 545/935/7 546/916/7
f 555/936/7 546/916/7 547/937/7
f 545/935/7 554/934/7 553/938/7
f 553/938/7 554/934/7 556/939/7
f 553/938/7 556/939/7 557/940/7
f 553/938/7 557/940/7 552/941/7
f 552/941/7 557/940/7 558/942/7
f 552/941/7 558/942/7 551/943/7
f 551/943/7 558/942/7 559/944/7
f 551/943/7 559/944/7 550/945/7
f 550/945/7 559/944/7 549/946/7
f 549/946/7 559/944/7 560/947/7
f 549/946/7 560/947/7 548/948/7
f 548/948/7 560/947/7 561/949/7
f 548/948/7 561/949/7 562/950/7
f 548/948/7 562/950/7 547/937/7
f 547/937/7 562/950/7 555/936/7
f 563/951/18 311/952/16 564/953/16
f 564/953/16 311/952/16 263/954/11
f 564/953/16 263/954/11 565/955/11
f 565/955/11 263/954/11 262/956/11
f 565/955/11 262/956/11 566/957/11
f 566/957/11 262/956/11 344/958/9
f 566/957/11 344/958/9 567/959/8
f 567/959/8 344/958/9 238/960/8
f 567/959/8 238/960/8 568/961/8
f 568/962/8 238/963/8 237/964/3
f 568/962/8 237/964/3 569/965/3
f 569/965/3 237/964/3 239/966/3
f 569/965/3 239/966/3 570/967/3
f 570/967/3 239/966/3 240/968/18
f 570/967/3 240/968/18 571/969/18
f 571/969/18 240/968/18 241/970/18
f 571/969/18 241/970/18 563/951/18
f 563/951/18 241/970/18 311/952/16
f 572/971/7 563/972/7 573/973/7
f 573/973/7 563/972/7 564/953/7
f 573/973/7 564/953/7 565/974/7
f 563/972/7 572/971/7 571/975/7
f 571/975/7 572/971/7 574/976/7
f 571/975/7 574/976/7 575/977/7
f 571/975/7 575/977/7 570/978/7
f 570/978/7 575/977/7 576/979/7
f 570/978/7 576/979/7 569/980/7
f 569/980/7 576/979/7 577/981/7
f 569/980/7 577/981/7 568/982/7
f 568/982/7 577/981/7 567/983/7
f 567/983/7 577/981/7 578/984/7
f 567/983/7 578/984/7 566/985/7
f 566/985/7 578/984/7 579/986/7
f 566/985/7 579/986/7 580/987/7
f 566/985/7 580/987/7 565/974/7
f 565/974/7 580/987/7 573/973/7
f 581/988/28 335/989/16 582/990/16
f 582/990/16 335/989/16 342/991/11
f 582/990/16 342/991/11 583/992/11
f 583/992/11 342/991/11 341/993/11
f 583/992/11 341/993/11 584/994/11
f 584/994/11 341/993/11 340/995/8
f 584/994/11 340/995/8 585/996/8
f 585/996/8 340/995/8 324/997/8
f 585/996/8 324/997/8 586/998/8
f 586/999/8 324/1000/8 322/1001/3
f 586/999/8 322/1001/3 587/1002/3
f 587/1002/3 322/1001/3 323/1003/3
f 587/1002/3 323/1003/3 588/1004/32
f 588/1004/32 323/1003/3 339/1005/18
f 588/1004/32 339/1005/18 589/1006/18
f 589/1006/18 339/1005/18 333/1007/18
f 589/1006/18 333/1007/18 581/988/28
f 581/988/28 333/1007/18 335/989/16
f 590/1008/7 581/1009/7 591/1010/7
f 591/1010/7 581/1009/7 582/990/7
f 591/1010/7 582/990/7 583/1011/7
f 581/1009/7 590/1008/7 589/1012/7
f 589/1012/7 590/1008/7 592/1013/7
f 589/1012/7 592/1013/7 593/1014/7
f 589/1012/7 593/1014/7 588/1015/7
f 588/1015/7 593/1014/7 594/1016/7
f 588/1015/7 594/1016/7 587/1017/7
f 587/1017/7 594/1016/7 595/1018/7
f 587/1017/7 595/1018/7 586/1019/7
f 586/1019/7 595/1018/7 585/1020/7
f 585/1020/7 595/1018/7 596/1021/7
f 585/1020/7 596/1021/7 584/1022/7
f 584/1022/7 596/1021/7 597/1023/7
f 584/1022/7 597/1023/7 598/1024/7
f 584/1022/7 598/1024/7 583/1011/7
f 583/1011/7 598/1024/7 591/1010/7
f 599/1025/18 330/1026/16 600/1027/16
f 600/1027/16 330/1026/16 306/1028/11
f 600/1027/16 306/1028/11 601/1029/11
f 601/1029/11 306/1028/11 310/1030/11
f 601/1029/11 310/1030/11 602/1031/11
f 602/1031/11 310/1030/11 309/1032/8
f 602/1031/11 309/1032/8 603/1033/8
f 603/1033/8 309/1032/8 312/1034/8
f 603/1033/8 312/1034/8 604/1035/8
f 604/1036/8 312/1037/8 242/1038/19
f 604/1036/8 242/1038/19 605/1039/3
f 605/1039/3 242/1038/19 243/1040/3
f 605/1039/3 243/1040/3 606/1041/33
f 606/1041/33 243/1040/3 213/1042/18
f 606/1041/33 213/1042/18 607/1043/18
f 607/1043/18 213/1042/18 329/1044/18
f 607/1043/18 329/1044/18 599/1025/18
f 599/1025/18 329/1044/18 330/1026/16
f 608/1045/7 599/1046/7 609/1047/7
f 609/1047/7 599/1046/7 600/1027/7
f 609/1047/7 600/1027/7 601/1048/7
f 599/1046/7 608/1045/7 607/1049/7
f 607/1049/7 608/1045/7 610/1050/7
f 607/1049/7 610/1050/7 611/1051/7
f 607/1049/7 611/1051/7 606/1052/7
f 606/1052/7 611/1051/7 612/1053/7
f 606/1052/7 612/1053/7 605/1054/7
f 605/1054/7 612/1053/7 613/1055/7
f 605/1054/7 613/1055/7 604/1056/7
f 604/1056/7 613/1055/7 603/1057/7
f 603/1057/7 613/1055/7 614/1058/7
f 603/1057/7 614/1058/7 602/1059/7
f 602/1059/7 614/1058/7 615/1060/7
f 602/1059/7 615/1060/7 616/1061/7
f 602/1059/7 616/1061/7 601/1048/7
f 601/1048/7 616/1061/7 609/1047/7
f 617/1062/18 325/1063/16 618/1064/16
f 618/1064/16 325/1063/16 327/1065/11
f 618/1064/16 327/1065/11 619/1066/11
f 619/1066/11 327/1065/11 246/1067/11
f 619/1066/11 246/1067/11 620/1068/11
f 620/1068/11 246/1067/11 245/1069/8
f 620/1068/11 245/1069/8 621/1070/8
f 621/1070/8 245/1069/8 244/1071/8
f 621/1070/8 244/1071/8 622/1072/8
f 622/1073/8 244/1074/8 316/1075/3
f 622/1073/8 316/1075/3 623/1076/3
f 623/1076/3 316/1075/3 317/1077/3
f 623/1076/3 317/1077/3 624/1078/3
f 624/1078/3 317/1077/3 319/1079/18
f 624/1078/3 319/1079/18 625/1080/18
f 625/1080/18 319/1079/18 320/1081/18
f 625/1080/18 320/1081/18 617/1062/18
f 617/1062/18 320/1081/18 325/1063/16
f 626/1082/7 617/1083/7 627/1084/7
f 627/1084/7 617/1083/7 618/1064/7
f 627/1084/7 618/1064/7 619/1085/7
f 617/1083/7 626/1082/7 625/1086/7
f 625/1086/7 626/1082/7 628/1087/7
f 625/1086/7 628/1087/7 629/1088/7
f 625/1086/7 629/1088/7 624/1089/7
f 624/1089/7 629/1088/7 630/1090/7
f 624/1089/7 630/1090/7 623/1091/7
f 623/1091/7 630/1090/7 631/1092/7
f 623/1091/7 631/1092/7 622/1093/7
f 622/1093/7 631/1092/7 621/1094/7
f 621/1094/7 631/1092/7 632/1095/7
f 621/1094/7 632/1095/7 620/1096/7
f 620/1096/7 632/1095/7 633/1097/7
f 620/1096/7 633/1097/7 634/1098/7
f 620/1096/7 634/1098/7 619/1085/7
f 619/1085/7 634/1098/7 627/1084/7
f 393/1099/18 273/1100/18 363/1101/16
f 363/1101/16 273/1100/18 274/1102/16
f 363/1103/16 274/1104/16 362/1105/11
f 362/1105/11 274/1104/16 276/1106/11
f 362/1105/11 276/1106/11 375/1107/12
f 375/1107/12 276/1106/11 271/1108/11
f 375/1107/12 271/1108/11 377/1109/8
f 377/1109/8 271/1108/11 270/1110/8
f 377/1109/8 270/1110/8 378/1111/8
f 378/1111/8 270/1110/8 267/1112/8
f 378/1111/8 267/1112/8 379/1113/3
f 379/1113/3 267/1112/8 266/1114/3
f 379/1113/3 266/1114/3 382/1115/3
f 382/1115/3 266/1114/3 265/1116/3
f 382/1115/3 265/1116/3 391/1117/18
f 391/1117/18 265/1116/3 272/1118/18
f 391/1117/18 272/1118/18 393/1099/18
f 393/1099/18 272/1118/18 273/1100/18
f 374/1119/18 277/1120/18 405/1121/16
f 405/1121/16 277/1120/18 279/1122/16
f 405/1123/16 279/1124/16 403/1125/11
f 403/1125/11 279/1124/16 281/1126/11
f 403/1125/11 281/1126/11 414/1127/11
f 414/1127/11 281/1126/11 283/1128/11
f 414/1127/11 283/1128/11 415/1129/8
f 415/1129/8 283/1128/11 284/1130/8
f 415/1129/8 284/1130/8 416/1131/8
f 416/1131/8 284/1130/8 286/1132/8
f 416/1131/8 286/1132/8 368/1133/3
f 368/1133/3 286/1132/8 289/1134/31
f 368/1133/3 289/1134/31 370/1135/3
f 370/1135/3 289/1134/31 288/1136/3
f 370/1135/3 288/1136/3 373/1137/18
f 373/1137/18 288/1136/3 287/1138/18
f 373/1137/18 287/1138/18 374/1119/18
f 374/1119/18 287/1138/18 277/1120/18
f 433/1139/18 228/1140/18 419/1141/16
f 419/1141/16 228/1140/18 227/1142/16
f 419/1143/16 227/1144/16 417/1145/11
f 417/1145/11 227/1144/16 229/1146/11
f 417/1145/11 229/1146/11 420/1147/12
f 420/1147/12 229/1146/11 230/1148/11
f 420/1147/12 230/1148/11 425/1149/8
f 425/1149/8 230/1148/11 231/1150/8
f 425/1149/8 231/1150/8 427/1151/8
f 427/1151/8 231/1150/8 233/1152/8
f 427/1151/8 233/1152/8 428/1153/3
f 428/1153/3 233/1152/8 293/1154/3
f 428/1153/3 293/1154/3 429/1155/3
f 429/1155/3 293/1154/3 292/1156/3
f 429/1155/3 292/1156/3 432/1157/18
f 432/1157/18 292/1156/3 290/1158/34
f 432/1157/18 290/1158/34 433/1139/18
f 433/1139/18 290/1158/34 228/1140/18
f 438/1159/18 221/1160/18 436/1161/16
f 436/1161/16 221/1160/18 223/1162/16
f 436/1163/16 223/1164/16 434/1165/11
f 434/1165/11 223/1164/16 225/1166/11
f 434/1165/11 225/1166/11 457/1167/11
f 457/1167/11 225/1166/11 299/1168/11
f 457/1167/11 299/1168/11 461/1169/8
f 461/1169/8 299/1168/11 298/1170/8
f 461/1169/8 298/1170/8 443/1171/9
f 443/1171/9 298/1170/8 295/1172/8
f 443/1171/9 295/1172/8 442/1173/3
f 442/1173/3 295/1172/8 217/1174/3
f 442/1173/3 217/1174/3 441/1175/3
f 441/1175/3 217/1174/3 218/1176/3
f 441/1175/3 218/1176/3 440/1177/18
f 440/1177/18 218/1176/3 220/1178/29
f 440/1177/18 220/1178/29 438/1159/18
f 438/1159/18 220/1178/29 221/1160/18
f 544/1179/11 454/1180/11 537/1181/16
f 537/1181/16 454/1180/11 459/1182/16
f 537/1183/16 459/1184/16 536/1185/18
f 536/1185/18 459/1184/16 458/1186/18
f 536/1185/18 458/1186/18 538/1187/18
f 538/1187/18 458/1186/18 462/1188/18
f 538/1187/18 462/1188/18 539/1189/3
f 539/1189/3 462/1188/18 445/1190/4
f 539/1189/3 445/1190/4 540/1191/31
f 540/1191/31 445/1190/4 447/1192/3
f 540/1191/31 447/1192/3 541/1193/8
f 541/1193/8 447/1192/3 449/1194/8
f 541/1193/8 449/1194/8 542/1195/9
f 542/1195/9 449/1194/8 450/1196/8
f 542/1195/9 450/1196/8 543/1197/11
f 543/1197/11 450/1196/8 452/1198/12
f 543/1197/11 452/1198/12 544/1179/11
f 544/1179/11 452/1198/12 454/1180/11
f 616/1199/11 463/1200/11 609/1201/16
f 609/1201/16 463/1200/11 446/1202/16
f 609/1203/16 446/1204/16 608/1205/18
f 608/1205/18 446/1204/16 444/1206/18
f 608/1205/18 444/1206/18 610/1207/29
f 610/1207/29 444/1206/18 471/1208/18
f 610/1207/29 471/1208/18 611/1209/3
f 611/1209/3 471/1208/18 470/1210/19
f 611/1209/3 470/1210/19 612/1211/3
f 612/1211/3 470/1210/19 418/1212/3
f 612/1211/3 418/1212/3 613/1213/8
f 613/1213/8 418/1212/3 468/1214/9
f 613/1213/8 468/1214/9 614/1215/20
f 614/1215/20 468/1214/9 466/1216/8
f 614/1215/20 466/1216/8 615/1217/11
f 615/1217/11 466/1216/8 465/1218/38
f 615/1217/11 465/1218/38 616/1199/11
f 616/1199/11 465/1218/38 463/1200/11
f 580/1219/11 473/1220/11 573/1221/16
f 573/1221/16 473/1220/11 469/1222/16
f 573/1223/16 469/1224/16 572/1225/18
f 572/1225/18 469/1224/16 423/1226/18
f 572/1225/18 423/1226/18 574/1227/18
f 574/1227/18 423/1226/18 422/1228/18
f 574/1227/18 422/1228/18 575/1229/3
f 575/1229/3 422/1228/18 421/1230/3
f 575/1229/3 421/1230/3 576/1231/31
f 576/1231/31 421/1230/3 424/1232/3
f 576/1231/31 424/1232/3 577/1233/8
f 577/1233/8 424/1232/3 480/1234/8
f 577/1233/8 480/1234/8 578/1235/8
f 578/1235/8 480/1234/8 475/1236/8
f 578/1235/8 475/1236/8 579/1237/11
f 579/1237/11 475/1236/8 474/1238/12
f 579/1237/11 474/1238/12 580/1219/11
f 580/1219/11 474/1238/12 473/1220/11
f 562/1239/14 388/1240/11 555/1241/16
f 555/1241/16 388/1240/11 477/1242/16
f 555/1243/16 477/1244/16 554/1245/18
f 554/1245/18 477/1244/16 476/1246/28
f 554/1245/18 476/1246/28 556/1247/18
f 556/1247/18 476/1246/28 481/1248/18
f 556/1247/18 481/1248/18 557/1249/3
f 557/1249/3 481/1248/18 482/1250/32
f 557/1249/3 482/1250/32 558/1251/3
f 558/1251/3 482/1250/32 483/1252/3
f 558/1251/3 483/1252/3 559/1253/8
f 559/1253/8 483/1252/3 384/1254/8
f 559/1253/8 384/1254/8 560/1255/9
f 560/1255/9 384/1254/8 385/1256/8
f 560/1255/9 385/1256/8 561/1257/11
f 561/1257/11 385/1256/8 387/1258/12
f 561/1257/11 387/1258/12 562/1239/14
f 562/1239/14 387/1258/12 388/1240/11
f 508/1259/15 395/1260/11 501/1261/16
f 501/1261/16 395/1260/11 396/1262/16
f 501/1263/16 396/1264/16 500/1265/18
f 500/1265/18 396/1264/16 479/1266/18
f 500/1265/18 479/1266/18 502/1267/18
f 502/1267/18 479/1266/18 390/1268/18
f 502/1267/18 390/1268/18 503/1269/3
f 503/1269/3 390/1268/18 389/1270/3
f 503/1269/3 389/1270/3 504/1271/3
f 504/1271/3 389/1270/3 386/1272/3
f 504/1271/3 386/1272/3 505/1273/8
f 505/1273/8 386/1272/3 383/1274/20
f 505/1273/8 383/1274/20 506/1275/8
f 506/1275/8 383/1274/20 392/1276/8
f 506/1275/8 392/1276/8 507/1277/11
f 507/1277/11 392/1276/8 394/1278/11
f 507/1277/11 394/1278/11 508/1259/15
f 508/1259/15 394/1278/11 395/1260/11
f 634/1279/11 367/1280/11 627/1281/16
f 627/1281/16 367/1280/11 484/1282/16
f 627/1283/16 484/1284/16 626/1285/18
f 626/1285/18 484/1284/16 402/1286/18
f 626/1285/18 402/1286/18 628/1287/29
f 628/1287/29 402/1286/18 401/1288/18
f 628/1287/29 401/1288/18 629/1289/3
f 629/1289/3 401/1288/18 399/1290/19
f 629/1289/3 399/1290/19 630/1291/3
f 630/1291/3 399/1290/19 397/1292/3
f 630/1291/3 397/1292/3 631/1293/8
f 631/1293/8 397/1292/3 364/1294/8
f 631/1293/8 364/1294/8 632/1295/8
f 632/1295/8 364/1294/8 365/1296/8
f 632/1295/8 365/1296/8 633/1297/11
f 633/1297/11 365/1296/8 366/1298/13
f 633/1297/11 366/1298/13 634/1279/11
f 634/1279/11 366/1298/13 367/1280/11
f 598/1299/15 372/1300/11 591/1301/16
f 591/1301/16 372/1300/11 408/1302/16
f 591/1303/16 408/1304/16 590/1305/18
f 590/1305/18 408/1304/16 410/1306/18
f 590/1305/18 410/1306/18 592/1307/18
f 592/1307/18 410/1306/18 489/1308/18
f 592/1307/18 489/1308/18 593/1309/3
f 593/1309/3 489/1308/18 488/1310/3
f 593/1309/3 488/1310/3 594/1311/3
f 594/1311/3 488/1310/3 487/1312/3
f 594/1311/3 487/1312/3 595/1313/8
f 595/1313/8 487/1312/3 485/1314/9
f 595/1313/8 485/1314/9 596/1315/8
f 596/1315/8 485/1314/9 369/1316/8
f 596/1315/8 369/1316/8 597/1317/11
f 597/1317/11 369/1316/8 371/1318/11
f 597/1317/11 371/1318/11 598/1299/15
f 598/1299/15 371/1318/11 372/1300/11
f 526/1319/11 407/1320/11 519/1321/16
f 519/1321/16 407/1320/11 490/1322/16
f 519/1323/16 490/1324/16 518/1325/18
f 518/1325/18 490/1324/16 460/1326/18
f 518/1325/18 460/1326/18 520/1327/18
f 520/1327/18 460/1326/18 456/1328/18
f 520/1327/18 456/1328/18 521/1329/3
f 521/1329/3 456/1328/18 455/1330/31
f 521/1329/3 455/1330/31 522/1331/3
f 522/1331/3 455/1330/31 453/1332/3
f 522/1331/3 453/1332/3 523/1333/8
f 523/1333/8 453/1332/3 412/1334/8
f 523/1333/8 412/1334/8 524/1335/9
f 524/1335/9 412/1334/8 411/1336/8
f 524/1335/9 411/1336/8 525/1337/11
f 525/1337/11 411/1336/8 409/1338/13
f 525/1337/11 409/1338/13 526/1319/11
f 526/1319/11 409/1338/13 407/1320/11
f 448/1339/18 300/1340/18 451/1341/16
f 451/1341/16 300/1340/18 302/1342/16
f 451/1343/16 302/1344/16 486/1345/11
f 486/1345/11 302/1344/16 321/1346/11
f 486/1345/11 321/1346/11 400/1347/11
f 400/1347/11 321/1346/11 318/1348/11
f 400/1347/11 318/1348/11 398/1349/8
f 398/1349/8 318/1348/11 314/1350/20
f 398/1349/8 314/1350/20 478/1351/8
f 478/1351/8 314/1350/20 260/1352/8
f 478/1351/8 260/1352/8 472/1353/3
f 472/1353/3 260/1352/8 261/1354/3
f 472/1353/3 261/1354/3 467/1355/3
f 467/1355/3 261/1354/3 308/1356/3
f 467/1355/3 308/1356/3 464/1357/18
f 464/1357/18 308/1356/3 305/1358/18
f 464/1357/18 305/1358/18 448/1339/18
f 448/1339/18 305/1358/18 300/1340/18
f 380/1359/16 264/1360/16 381/1361/18
f 381/1361/18 264/1360/16 268/1362/18
f 381/1361/18 268/1362/18 376/1363/18
f 376/1363/18 268/1362/18 269/1364/18
f 376/1363/18 269/1364/18 361/1365/3
f 361/1365/3 269/1364/18 275/1366/3
f 358/1367/18 285/1368/35 413/1369/3
f 413/1369/3 285/1368/35 282/1370/3
f 413/1369/3 282/1370/3 404/1371/3
f 404/1371/3 282/1370/3 280/1372/4
f 404/1371/3 280/1372/4 406/1373/5
f 406/1373/5 280/1372/4 278/1374/5
f 278/1375/5 224/1376/5 406/1377/5
f 406/1377/5 224/1376/5 435/1378/5
f 435/1379/5 224/1380/5 437/1381/8
f 437/1381/8 224/1380/5 222/1382/8
f 437/1381/8 222/1382/8 439/1383/8
f 439/1383/8 222/1382/8 219/1384/8
f 439/1383/8 219/1384/8 357/1385/11
f 357/1385/11 219/1384/8 216/1386/11
f 354/1387/8 226/1388/8 430/1389/11
f 430/1389/11 226/1388/8 291/1390/11
f 430/1389/11 291/1390/11 431/1391/11
f 431/1391/11 291/1390/11 294/1392/11
f 431/1391/11 294/1392/11 426/1393/16
f 426/1393/16 294/1392/11 232/1394/16
f 232/1395/16 264/1396/16 426/1397/16
f 426/1397/16 264/1396/16 380/1398/16
o ソリッド1.009
v 0.006050 0.053286 -0.001149
v 0.016050 0.054250 -0.001500
v 0.006050 0.054250 -0.001500
v 0.016050 0.055214 -0.001149
v 0.006050 0.055214 -0.001149
v 0.016050 0.055727 -0.000260
v 0.006050 0.055727 -0.000260
v 0.016050 0.055549 0.000750
v 0.006050 0.055549 0.000750
v 0.016050 0.054763 0.001410
v 0.006050 0.054763 0.001410
v 0.016050 0.053737 0.001410
v 0.006050 0.053737 0.001410
v 0.016050 0.052951 0.000750
v 0.006050 0.052951 0.000750
v 0.016050 0.052773 -0.000260
v 0.006050 0.052773 -0.000260
v 0.016050 0.053286 -0.001149
v -0.032750 0.059250 0.000000
v -0.032750 0.058080 -0.003214
v -0.032750 0.058080 0.003214
v -0.032750 0.055118 0.004924
v -0.032750 0.055118 -0.004924
v -0.032750 0.051750 0.004330
v -0.032750 0.051750 -0.004330
v -0.032750 0.049552 0.001710
v -0.032750 0.049552 -0.001710
v -0.032750 0.030617 -0.011450
v -0.032750 0.030550 -0.011700
v -0.032750 0.015114 -0.013083
v -0.032750 0.030550 -0.016350
v -0.032750 0.014828 -0.014700
v -0.032750 0.013571 -0.015755
v -0.032750 0.011666 -0.016350
v -0.032750 0.011929 -0.015755
v -0.032750 0.010672 -0.014700
v -0.032750 0.009900 -0.014584
v -0.032750 0.010386 -0.013083
v -0.032750 0.009900 0.014584
v -0.032750 0.010672 0.012300
v -0.032750 0.010386 0.013917
v -0.032750 0.011207 0.015339
v -0.032750 0.011666 0.016350
v -0.032750 0.012750 0.015900
v -0.032750 0.030550 0.016350
v -0.032750 0.014293 0.015339
v -0.032750 0.015114 0.013917
v -0.032750 0.030550 0.011700
v -0.032750 0.014828 0.012300
v -0.032750 0.030617 0.011450
v -0.032750 0.014293 -0.011661
v -0.032750 0.030800 -0.011267
v -0.032750 0.030800 0.011267
v -0.032750 0.031050 -0.011200
v -0.032750 0.031050 0.011200
v -0.032750 0.035550 -0.007976
v -0.032750 0.035550 0.007976
v -0.032750 0.035521 0.008046
v -0.032750 0.035537 0.008026
v -0.032750 0.032396 0.011171
v -0.032750 0.032326 0.011200
v -0.032750 0.032352 0.011197
v -0.032750 0.032376 0.011187
v -0.032750 0.035547 0.008002
v -0.032750 0.035547 -0.008002
v -0.032750 0.035537 -0.008026
v -0.032750 0.035521 -0.008046
v -0.032750 0.032396 -0.011171
v -0.032750 0.032326 -0.011200
v -0.032750 0.032352 -0.011197
v -0.032750 0.032376 -0.011187
v -0.032750 0.011207 -0.011661
v -0.032750 0.011929 0.011245
v -0.032750 0.012750 -0.011100
v -0.032750 0.013571 0.011245
v -0.032750 0.043950 0.007932
v -0.032750 0.043950 0.016350
v -0.032750 0.049532 0.012114
v -0.032750 0.056471 0.012809
v -0.032750 0.063207 0.015339
v -0.032750 0.062386 0.013917
v -0.032750 0.064750 0.015900
v -0.032750 0.065834 0.016350
v -0.032750 0.066293 0.015339
v -0.032750 0.067600 0.014584
v -0.032750 0.067114 0.013917
v -0.032750 0.066828 0.012300
v -0.032750 0.067600 0.004000
v -0.032750 0.065571 0.011245
v -0.032750 0.062772 0.009817
v -0.032750 0.063929 0.011245
v -0.032750 0.062672 0.012300
v -0.032750 0.066619 0.004000
v -0.032750 0.043950 -0.007932
v -0.032750 0.049532 -0.012114
v -0.032750 0.043950 -0.016350
v -0.032750 0.056471 -0.012809
v -0.032750 0.063929 -0.015755
v -0.032750 0.062672 -0.014700
v -0.032750 0.062386 -0.013083
v -0.032750 0.063207 -0.011661
v -0.032750 0.062772 -0.009817
v -0.032750 0.064750 -0.011100
v -0.032750 0.067600 -0.004000
v -0.032750 0.066293 -0.011661
v -0.032750 0.067114 -0.013083
v -0.032750 0.067600 -0.014584
v -0.032750 0.066828 -0.014700
v -0.032750 0.065834 -0.016350
v -0.032750 0.065571 -0.015755
v -0.032750 0.066619 -0.004000
v -0.029950 0.012750 0.015900
v -0.029950 0.011207 0.015339
v -0.029950 0.010386 0.013917
v -0.029950 0.010672 0.012300
v -0.029950 0.011929 0.011245
v -0.029950 0.013571 0.011245
v -0.029950 0.014828 0.012300
v -0.029950 0.015114 0.013917
v -0.029950 0.014293 0.015339
v -0.029950 0.066293 0.015339
v -0.029950 0.065586 0.014496
v -0.029950 0.064750 0.015900
v -0.029950 0.064750 0.014800
v -0.029950 0.063207 0.015339
v -0.029950 0.063914 0.014496
v -0.029950 0.063470 0.013726
v -0.029950 0.066030 0.013726
v -0.029950 0.067114 0.013917
v -0.029950 0.066828 0.012300
v -0.029950 0.065876 0.012850
v -0.029950 0.065571 0.011245
v -0.029950 0.065195 0.012278
v -0.029950 0.063929 0.011245
v -0.029950 0.064305 0.012278
v -0.029950 0.063624 0.012850
v -0.029950 0.062672 0.012300
v -0.029950 0.062386 0.013917
v -0.029950 0.066293 -0.011661
v -0.029950 0.065586 -0.012504
v -0.029950 0.064750 -0.011100
v -0.029950 0.064750 -0.012200
v -0.029950 0.063207 -0.011661
v -0.029950 0.063914 -0.012504
v -0.029950 0.063470 -0.013274
v -0.029950 0.066030 -0.013274
v -0.029950 0.067114 -0.013083
v -0.029950 0.066828 -0.014700
v -0.029950 0.065876 -0.014150
v -0.029950 0.065571 -0.015755
v -0.029950 0.065195 -0.014722
v -0.029950 0.063929 -0.015755
v -0.029950 0.064305 -0.014722
v -0.029950 0.063624 -0.014150
v -0.029950 0.062672 -0.014700
v -0.029950 0.062386 -0.013083
v -0.029950 0.013586 0.014496
v -0.029950 0.012750 0.014800
v -0.029950 0.011914 0.014496
v -0.029950 0.011470 0.013726
v -0.029950 0.014030 0.013726
v -0.029950 0.013876 0.012850
v -0.029950 0.013195 0.012278
v -0.029950 0.012305 0.012278
v -0.029950 0.011624 0.012850
v -0.029950 0.014293 -0.011661
v -0.029950 0.013586 -0.012504
v -0.029950 0.012750 -0.011100
v -0.029950 0.012750 -0.012200
v -0.029950 0.011207 -0.011661
v -0.029950 0.011914 -0.012504
v -0.029950 0.011470 -0.013274
v -0.029950 0.014030 -0.013274
v -0.029950 0.015114 -0.013083
v -0.029950 0.014828 -0.014700
v -0.029950 0.013876 -0.014150
v -0.029950 0.013571 -0.015755
v -0.029950 0.013195 -0.014722
v -0.029950 0.011929 -0.015755
v -0.029950 0.012305 -0.014722
v -0.029950 0.011624 -0.014150
v -0.029950 0.010672 -0.014700
v -0.029950 0.010386 -0.013083
v -0.023750 0.064750 0.014800
v -0.023750 0.063914 0.014496
v -0.023750 0.063470 0.013726
v -0.023750 0.063624 0.012850
v -0.023750 0.064305 0.012278
v -0.023750 0.065195 0.012278
v -0.023750 0.065876 0.012850
v -0.023750 0.066030 0.013726
v -0.023750 0.065586 0.014496
v -0.023750 0.065618 0.014534
v -0.023750 0.064750 0.014850
v -0.023750 0.063882 0.014534
v -0.023750 0.063421 0.013734
v -0.023750 0.063581 0.012825
v -0.023750 0.064288 0.012231
v -0.023750 0.065212 0.012231
v -0.023750 0.065919 0.012825
v -0.023750 0.066079 0.013734
v -0.023425 0.065409 0.014285
v -0.023425 0.064750 0.014525
v -0.023425 0.064091 0.014285
v -0.023425 0.063741 0.013678
v -0.023425 0.063862 0.012987
v -0.023425 0.064399 0.012537
v -0.023425 0.065101 0.012537
v -0.023425 0.065638 0.012987
v -0.023425 0.065759 0.013678
v -0.017250 0.064091 0.014285
v -0.017250 0.064750 0.014525
v -0.017250 0.065409 0.014285
v -0.017250 0.065759 0.013678
v -0.017250 0.065638 0.012987
v -0.017250 0.065101 0.012537
v -0.017250 0.064399 0.012537
v -0.017250 0.063862 0.012987
v -0.017250 0.063741 0.013678
v -0.016634 0.064750 0.013500
v -0.023750 0.064750 -0.012200
v -0.023750 0.063914 -0.012504
v -0.023750 0.063470 -0.013274
v -0.023750 0.063624 -0.014150
v -0.023750 0.064305 -0.014722
v -0.023750 0.065195 -0.014722
v -0.023750 0.065876 -0.014150
v -0.023750 0.066030 -0.013274
v -0.023750 0.065586 -0.012504
v -0.023750 0.065618 -0.012466
v -0.023750 0.064750 -0.012150
v -0.023750 0.063882 -0.012466
v -0.023750 0.063421 -0.013266
v -0.023750 0.063581 -0.014175
v -0.023750 0.064288 -0.014769
v -0.023750 0.065212 -0.014769
v -0.023750 0.065919 -0.014175
v -0.023750 0.066079 -0.013266
v -0.023425 0.065409 -0.012715
v -0.023425 0.064750 -0.012475
v -0.023425 0.064091 -0.012715
v -0.023425 0.063741 -0.013322
v -0.023425 0.063862 -0.014013
v -0.023425 0.064399 -0.014463
v -0.023425 0.065101 -0.014463
v -0.023425 0.065638 -0.014013
v -0.023425 0.065759 -0.013322
v -0.017250 0.064091 -0.012715
v -0.017250 0.064750 -0.012475
v -0.017250 0.065409 -0.012715
v -0.017250 0.065759 -0.013322
v -0.017250 0.065638 -0.014013
v -0.017250 0.065101 -0.014463
v -0.017250 0.064399 -0.014463
v -0.017250 0.063862 -0.014013
v -0.017250 0.063741 -0.013322
v -0.016634 0.064750 -0.013500
v -0.023750 0.012750 0.014800
v -0.023750 0.011914 0.014496
v -0.023750 0.011470 0.013726
v -0.023750 0.011624 0.012850
v -0.023750 0.012305 0.012278
v -0.023750 0.013195 0.012278
v -0.023750 0.013876 0.012850
v -0.023750 0.014030 0.013726
v -0.023750 0.013586 0.014496
v -0.023750 0.013618 0.014534
v -0.023750 0.012750 0.014850
v -0.023750 0.011882 0.014534
v -0.023750 0.011421 0.013734
v -0.023750 0.011581 0.012825
v -0.023750 0.012288 0.012231
v -0.023750 0.013212 0.012231
v -0.023750 0.013919 0.012825
v -0.023750 0.014079 0.013734
v -0.023425 0.013409 0.014285
v -0.023425 0.012750 0.014525
v -0.023425 0.012091 0.014285
v -0.023425 0.011741 0.013678
v -0.023425 0.011862 0.012987
v -0.023425 0.012399 0.012537
v -0.023425 0.013101 0.012537
v -0.023425 0.013638 0.012987
v -0.023425 0.013759 0.013678
v -0.017250 0.012091 0.014285
v -0.017250 0.012750 0.014525
v -0.017250 0.013409 0.014285
v -0.017250 0.013759 0.013678
v -0.017250 0.013638 0.012987
v -0.017250 0.013101 0.012537
v -0.017250 0.012399 0.012537
v -0.017250 0.011862 0.012987
v -0.017250 0.011741 0.013678
v -0.016634 0.012750 0.013500
v -0.023750 0.012750 -0.012200
v -0.023750 0.011914 -0.012504
v -0.023750 0.011470 -0.013274
v -0.023750 0.011624 -0.014150
v -0.023750 0.012305 -0.014722
v -0.023750 0.013195 -0.014722
v -0.023750 0.013876 -0.014150
v -0.023750 0.014030 -0.013274
v -0.023750 0.013586 -0.012504
v -0.023750 0.013618 -0.012466
v -0.023750 0.012750 -0.012150
v -0.023750 0.011882 -0.012466
v -0.023750 0.011421 -0.013266
v -0.023750 0.011581 -0.014175
v -0.023750 0.012288 -0.014769
v -0.023750 0.013212 -0.014769
v -0.023750 0.013919 -0.014175
v -0.023750 0.014079 -0.013266
v -0.023425 0.013409 -0.012715
v -0.023425 0.012750 -0.012475
v -0.023425 0.012091 -0.012715
v -0.023425 0.011741 -0.013322
v -0.023425 0.011862 -0.014013
v -0.023425 0.012399 -0.014463
v -0.023425 0.013101 -0.014463
v -0.023425 0.013638 -0.014013
v -0.023425 0.013759 -0.013322
v -0.017250 0.012091 -0.012715
v -0.017250 0.012750 -0.012475
v -0.017250 0.013409 -0.012715
v -0.017250 0.013759 -0.013322
v -0.017250 0.013638 -0.014013
v -0.017250 0.013101 -0.014463
v -0.017250 0.012399 -0.014463
v -0.017250 0.011862 -0.014013
v -0.017250 0.011741 -0.013322
v -0.016634 0.012750 -0.013500
v -0.033950 0.058080 -0.003214
v -0.033950 0.059250 0.000000
v -0.033950 0.058080 0.003214
v -0.033950 0.055118 0.004924
v -0.033950 0.051750 0.004330
v -0.033950 0.049552 0.001710
v -0.033950 0.049552 -0.001710
v -0.033950 0.051750 -0.004330
v -0.033950 0.055118 -0.004924
v -0.034250 0.058310 -0.003407
v -0.034250 0.059550 0.000000
v -0.034250 0.058310 0.003407
v -0.034250 0.055170 0.005219
v -0.034250 0.051600 0.004590
v -0.034250 0.049270 0.001813
v -0.034250 0.049270 -0.001813
v -0.034250 0.051600 -0.004590
v -0.034250 0.055170 -0.005219
v -0.034250 0.047279 0.005849
v -0.034250 0.045150 0.000000
v -0.034250 0.047279 -0.005849
v -0.034250 0.052670 -0.008962
v -0.034250 0.058800 -0.007881
v -0.034250 0.062801 -0.003112
v -0.034250 0.062801 0.003112
v -0.034250 0.058800 0.007881
v -0.034250 0.052670 0.008962
v -0.035250 0.045150 0.000000
v -0.035250 0.047279 0.005849
v -0.035250 0.052670 0.008962
v -0.035250 0.058800 0.007881
v -0.035250 0.062801 0.003112
v -0.035250 0.062801 -0.003112
v -0.035250 0.058800 -0.007881
v -0.035250 0.052670 -0.008962
v -0.035250 0.047279 -0.005849
v -0.035250 0.064055 -0.008228
v -0.035250 0.066118 -0.001034
v -0.035250 0.067050 0.000000
v -0.035250 0.066579 -0.000234
v -0.035250 0.066419 0.000675
v -0.035250 0.056473 -0.012606
v -0.035250 0.062378 -0.009082
v -0.035250 0.063134 -0.008553
v -0.035250 0.063373 -0.007661
v -0.035250 0.054493 -0.012798
v -0.035250 0.055284 -0.011868
v -0.035250 0.055600 -0.011000
v -0.035250 0.055284 -0.010132
v -0.035250 0.054484 -0.009671
v -0.035250 0.047850 -0.011085
v -0.035250 0.053575 -0.012169
v -0.035250 0.054484 -0.012329
v -0.035250 0.045373 -0.009221
v -0.035250 0.046589 -0.009123
v -0.035250 0.047426 -0.008733
v -0.035250 0.047817 -0.007896
v -0.035250 0.047578 -0.007004
v -0.035250 0.042222 -0.004378
v -0.035250 0.045168 -0.008128
v -0.035250 0.045697 -0.008884
v -0.035250 0.041452 -0.000243
v -0.035250 0.042382 -0.001034
v -0.035250 0.043250 -0.001350
v -0.035250 0.044118 -0.001034
v -0.035250 0.042222 0.004378
v -0.035250 0.042081 0.000675
v -0.035250 0.041921 -0.000234
v -0.035250 0.045029 0.008877
v -0.035250 0.045127 0.007661
v -0.035250 0.045517 0.006824
v -0.035250 0.046354 0.006433
v -0.035250 0.047850 0.011085
v -0.035250 0.046122 0.009082
v -0.035250 0.045366 0.008553
v -0.035250 0.054007 0.012798
v -0.035250 0.053216 0.011868
v -0.035250 0.052900 0.011000
v -0.035250 0.053216 0.010132
v -0.035250 0.054016 0.009671
v -0.035250 0.056473 0.012606
v -0.035250 0.054925 0.012169
v -0.035250 0.054016 0.012329
v -0.035250 0.064055 0.008228
v -0.035250 0.062803 0.008884
v -0.035250 0.061911 0.009123
v -0.035250 0.061074 0.008733
v -0.035250 0.065712 0.001269
v -0.035250 0.063252 0.007208
v -0.035250 0.062599 0.006555
v -0.035250 0.061679 0.006474
v -0.035250 0.060922 0.007004
v -0.035250 0.060683 0.007896
v -0.035250 0.065250 -0.001350
v -0.035250 0.062983 -0.006824
v -0.035250 0.062146 -0.006433
v -0.035250 0.061254 -0.006672
v -0.035250 0.064788 0.001269
v -0.035250 0.064081 0.000675
v -0.035250 0.063921 -0.000234
v -0.035250 0.064382 -0.001034
v -0.035250 0.060724 -0.007429
v -0.035250 0.060805 -0.008349
v -0.035250 0.061458 -0.009002
v -0.035250 0.053575 -0.009831
v -0.035250 0.052981 -0.010538
v -0.035250 0.052981 -0.011462
v -0.035250 0.046821 -0.006474
v -0.035250 0.045901 -0.006555
v -0.035250 0.045248 -0.007208
v -0.035250 0.044579 -0.000234
v -0.035250 0.044419 0.000675
v -0.035250 0.043712 0.001269
v -0.035250 0.042788 0.001269
v -0.035250 0.047246 0.006672
v -0.035250 0.047776 0.007429
v -0.035250 0.047695 0.008349
v -0.035250 0.047042 0.009002
v -0.035250 0.054925 0.009831
v -0.035250 0.055519 0.010538
v -0.035250 0.055519 0.011462
v -0.035250 0.063332 0.008128
v -0.034925 0.065250 -0.001025
v -0.034925 0.065909 -0.000785
v -0.034925 0.066259 -0.000178
v -0.034925 0.066138 0.000512
v -0.034925 0.065601 0.000963
v -0.034925 0.064899 0.000963
v -0.034925 0.064362 0.000512
v -0.034925 0.064241 -0.000178
v -0.034925 0.064591 -0.000785
v -0.032750 0.065909 -0.000785
v -0.032750 0.065250 -0.001025
v -0.032750 0.064591 -0.000785
v -0.032750 0.064241 -0.000178
v -0.032750 0.064362 0.000512
v -0.032750 0.064899 0.000963
v -0.032750 0.065601 0.000963
v -0.032750 0.066138 0.000512
v -0.032750 0.066259 -0.000178
v -0.032750 0.063049 -0.007689
v -0.032750 0.062868 -0.008366
v -0.032750 0.062753 -0.007053
v -0.032750 0.062293 -0.008768
v -0.032750 0.062118 -0.006757
v -0.032750 0.061595 -0.008707
v -0.032750 0.061440 -0.006939
v -0.032750 0.061099 -0.008211
v -0.032750 0.061038 -0.007513
v -0.032750 0.055275 -0.011000
v -0.032750 0.055035 -0.011659
v -0.032750 0.055035 -0.010341
v -0.032750 0.054428 -0.009991
v -0.032750 0.054428 -0.012009
v -0.032750 0.053737 -0.010112
v -0.032750 0.053737 -0.011888
v -0.032750 0.053287 -0.010649
v -0.032750 0.053287 -0.011351
v -0.032750 0.046561 -0.008799
v -0.032750 0.046737 -0.006788
v -0.032750 0.047197 -0.008503
v -0.032750 0.047311 -0.007190
v -0.032750 0.047493 -0.007868
v -0.032750 0.046039 -0.006849
v -0.032750 0.045884 -0.008618
v -0.032750 0.045543 -0.007345
v -0.032750 0.045482 -0.008043
v -0.032750 0.042591 -0.000785
v -0.032750 0.042899 0.000963
v -0.032750 0.043250 -0.001025
v -0.032750 0.043601 0.000963
v -0.032750 0.043909 -0.000785
v -0.032750 0.044138 0.000512
v -0.032750 0.044259 -0.000178
v -0.032750 0.042241 -0.000178
v -0.032750 0.042362 0.000512
v -0.032750 0.045451 0.007689
v -0.032750 0.045632 0.008366
v -0.032750 0.045747 0.007053
v -0.032750 0.046207 0.008768
v -0.032750 0.046382 0.006757
v -0.032750 0.046905 0.008707
v -0.032750 0.047060 0.006939
v -0.032750 0.047401 0.008211
v -0.032750 0.047462 0.007513
v -0.032750 0.053225 0.011000
v -0.032750 0.053465 0.011659
v -0.032750 0.053465 0.010341
v -0.032750 0.054072 0.009991
v -0.032750 0.054072 0.012009
v -0.032750 0.054762 0.010112
v -0.032750 0.054762 0.011888
v -0.032750 0.055213 0.010649
v -0.032750 0.055213 0.011351
v -0.032750 0.061939 0.008799
v -0.032750 0.061763 0.006788
v -0.032750 0.061303 0.008503
v -0.032750 0.061189 0.007190
v -0.032750 0.061007 0.007868
v -0.032750 0.062461 0.006849
v -0.032750 0.062616 0.008618
v -0.032750 0.062957 0.007345
v -0.032750 0.063018 0.008043
v -0.034925 0.062118 -0.006757
v -0.034925 0.062753 -0.007053
v -0.034925 0.063049 -0.007689
v -0.034925 0.062868 -0.008366
v -0.034925 0.062293 -0.008768
v -0.034925 0.061595 -0.008707
v -0.034925 0.061099 -0.008211
v -0.034925 0.061038 -0.007513
v -0.034925 0.061440 -0.006939
v -0.034925 0.055035 -0.010341
v -0.034925 0.055275 -0.011000
v -0.034925 0.055035 -0.011659
v -0.034925 0.054428 -0.012009
v -0.034925 0.053737 -0.011888
v -0.034925 0.053287 -0.011351
v -0.034925 0.053287 -0.010649
v -0.034925 0.053737 -0.010112
v -0.034925 0.054428 -0.009991
v -0.034925 0.047493 -0.007868
v -0.034925 0.047197 -0.008503
v -0.034925 0.046561 -0.008799
v -0.034925 0.045884 -0.008618
v -0.034925 0.045482 -0.008043
v -0.034925 0.045543 -0.007345
v -0.034925 0.046039 -0.006849
v -0.034925 0.046737 -0.006788
v -0.034925 0.047311 -0.007190
v -0.034925 0.043909 -0.000785
v -0.034925 0.043250 -0.001025
v -0.034925 0.042591 -0.000785
v -0.034925 0.042241 -0.000178
v -0.034925 0.042362 0.000512
v -0.034925 0.042899 0.000963
v -0.034925 0.043601 0.000963
v -0.034925 0.044138 0.000512
v -0.034925 0.044259 -0.000178
v -0.034925 0.046382 0.006757
v -0.034925 0.045747 0.007053
v -0.034925 0.045451 0.007689
v -0.034925 0.045632 0.008366
v -0.034925 0.046207 0.008768
v -0.034925 0.046905 0.008707
v -0.034925 0.047401 0.008211
v -0.034925 0.047462 0.007513
v -0.034925 0.047060 0.006939
v -0.034925 0.053465 0.010341
v -0.034925 0.053225 0.011000
v -0.034925 0.053465 0.011659
v -0.034925 0.054072 0.012009
v -0.034925 0.054762 0.011888
v -0.034925 0.055213 0.011351
v -0.034925 0.055213 0.010649
v -0.034925 0.054762 0.010112
v -0.034925 0.054072 0.009991
v -0.034925 0.061007 0.007868
v -0.034925 0.061303 0.008503
v -0.034925 0.061939 0.008799
v -0.034925 0.062616 0.008618
v -0.034925 0.063018 0.008043
v -0.034925 0.062957 0.007345
v -0.034925 0.062461 0.006849
v -0.034925 0.061763 0.006788
v -0.034925 0.061189 0.007190
v -0.035050 0.064209 -0.008356
v -0.035050 0.067250 0.000000
v -0.035050 0.064209 0.008356
v -0.035050 0.056507 0.012803
v -0.035050 0.056507 -0.012803
v -0.035050 0.047750 -0.011258
v -0.035050 0.042034 -0.004446
v -0.035050 0.042034 0.004446
v -0.035050 0.047750 0.011258
v -0.032750 0.067183 0.001318
v -0.032750 0.066651 0.003900
v -0.030750 0.066641 0.003933
v -0.030750 0.066630 0.003967
v -0.030750 0.066619 0.004000
v -0.032750 0.067183 -0.001318
v -0.032750 0.066651 -0.003900
v -0.030750 0.066630 -0.003967
v -0.030750 0.066619 -0.004000
v -0.030750 0.066651 -0.003900
v -0.030750 0.066641 -0.003933
v -0.032705 0.043824 -0.007765
v -0.032644 0.043774 -0.007697
v -0.032600 0.043756 -0.007674
v -0.032550 0.043750 -0.007665
v -0.030750 0.043750 -0.007665
v -0.030750 0.041536 -0.002712
v -0.030750 0.041536 0.002712
v -0.030750 0.043750 0.007665
v -0.032550 0.043750 0.007665
v -0.032600 0.043756 0.007674
v -0.032644 0.043774 0.007697
v -0.032705 0.043824 0.007765
v -0.030750 0.066651 0.003900
v -0.032550 0.043750 0.016267
v -0.032267 0.043750 0.016550
v -0.029050 0.043750 0.011124
v -0.029050 0.043750 -0.011124
v -0.032267 0.043750 -0.016550
v -0.028474 0.043750 -0.011700
v -0.019150 0.043750 -0.016550
v -0.019150 0.043750 -0.011700
v -0.032550 0.043750 -0.016267
v -0.028474 0.043750 0.011700
v -0.019150 0.043750 0.016550
v -0.019150 0.043750 0.011700
v -0.032723 0.043850 0.016339
v -0.032650 0.043777 0.016309
v -0.032350 0.043950 0.016750
v -0.032339 0.043850 0.016723
v -0.032309 0.043777 0.016650
v -0.032350 0.066000 0.016750
v -0.032350 0.068000 0.014750
v 0.010850 0.066000 0.016750
v 0.010850 0.068000 0.014750
v 0.011250 0.067600 0.014584
v 0.011250 0.065834 0.016350
v 0.011250 0.067250 0.000000
v 0.011250 0.067600 -0.014584
v 0.011250 0.066828 -0.012300
v 0.011250 0.067114 -0.013917
v 0.011250 0.066828 0.014700
v 0.011250 0.067114 0.013083
v 0.011250 0.066293 0.011661
v 0.011250 0.064209 0.008356
v 0.011250 0.064750 0.011100
v 0.011250 0.063207 0.011661
v 0.011250 0.011666 0.016350
v 0.011250 0.043750 0.014850
v 0.011250 0.063929 0.015755
v 0.011250 0.065571 0.015755
v 0.011250 0.009900 0.014584
v 0.011250 0.010672 0.014700
v 0.011250 0.011929 0.015755
v 0.011250 0.013571 0.015755
v 0.011250 0.010386 0.013083
v 0.011250 0.009900 -0.014584
v 0.011250 0.010672 -0.012300
v 0.011250 0.010386 -0.013917
v 0.011250 0.011207 -0.015339
v 0.011250 0.011666 -0.016350
v 0.011250 0.012750 -0.015900
v 0.011250 0.043288 -0.014769
v 0.011250 0.014293 -0.015339
v 0.011250 0.042581 -0.014175
v 0.011250 0.015114 -0.013917
v 0.011250 0.042421 -0.013266
v 0.011250 0.014828 -0.012300
v 0.011250 0.042882 -0.012466
v 0.011250 0.042034 -0.004446
v 0.011250 0.043750 -0.012150
v 0.011250 0.047750 -0.011258
v 0.011250 0.044618 -0.012466
v 0.011250 0.045079 -0.013266
v 0.011250 0.065834 -0.016350
v 0.011250 0.044212 -0.014769
v 0.011250 0.064750 -0.015900
v 0.011250 0.063207 -0.015339
v 0.011250 0.066293 -0.015339
v 0.011250 0.056507 0.012803
v 0.011250 0.062386 0.013083
v 0.011250 0.062672 0.014700
v 0.011250 0.044618 0.014534
v 0.011250 0.045079 0.013734
v 0.011250 0.011207 0.011661
v 0.011250 0.011929 -0.011245
v 0.011250 0.012750 0.011100
v 0.011250 0.013571 -0.011245
v 0.011250 0.014828 0.014700
v 0.011250 0.042882 0.014534
v 0.011250 0.042421 0.013734
v 0.011250 0.015114 0.013083
v 0.011250 0.042581 0.012825
v 0.011250 0.014293 0.011661
v 0.011250 0.042034 0.004446
v 0.011250 0.056507 -0.012803
v 0.011250 0.044919 -0.014175
v 0.011250 0.047750 0.011258
v 0.011250 0.044919 0.012825
v 0.011250 0.044212 0.012231
v 0.011250 0.043288 0.012231
v 0.011250 0.062386 -0.013917
v 0.011250 0.062672 -0.012300
v 0.011250 0.063929 -0.011245
v 0.011250 0.064209 -0.008356
v 0.011250 0.065571 -0.011245
v 0.008450 0.064750 -0.015900
v 0.008450 0.063207 -0.015339
v 0.008450 0.062386 -0.013917
v 0.008450 0.062672 -0.012300
v 0.008450 0.063929 -0.011245
v 0.008450 0.065571 -0.011245
v 0.008450 0.066828 -0.012300
v 0.008450 0.067114 -0.013917
v 0.008450 0.066293 -0.015339
v 0.008450 0.065586 -0.014496
v 0.008450 0.064750 -0.014800
v 0.008450 0.063914 -0.014496
v 0.008450 0.063470 -0.013726
v 0.008450 0.066030 -0.013726
v 0.008450 0.065876 -0.012850
v 0.008450 0.065195 -0.012278
v 0.008450 0.064305 -0.012278
v 0.008450 0.063624 -0.012850
v 0.008450 0.066293 0.011661
v 0.008450 0.065586 0.012504
v 0.008450 0.064750 0.011100
v 0.008450 0.064750 0.012200
v 0.008450 0.063207 0.011661
v 0.008450 0.063914 0.012504
v 0.008450 0.063470 0.013274
v 0.008450 0.066030 0.013274
v 0.008450 0.067114 0.013083
v 0.008450 0.066828 0.014700
v 0.008450 0.065876 0.014150
v 0.008450 0.065571 0.015755
v 0.008450 0.065195 0.014722
v 0.008450 0.063929 0.015755
v 0.008450 0.064305 0.014722
v 0.008450 0.063624 0.014150
v 0.008450 0.062672 0.014700
v 0.008450 0.062386 0.013083
v 0.008450 0.014293 -0.015339
v 0.008450 0.013586 -0.014496
v 0.008450 0.012750 -0.015900
v 0.008450 0.012750 -0.014800
v 0.008450 0.011207 -0.015339
v 0.008450 0.011914 -0.014496
v 0.008450 0.011470 -0.013726
v 0.008450 0.014030 -0.013726
v 0.008450 0.015114 -0.013917
v 0.008450 0.014828 -0.012300
v 0.008450 0.013876 -0.012850
v 0.008450 0.013571 -0.011245
v 0.008450 0.013195 -0.012278
v 0.008450 0.011929 -0.011245
v 0.008450 0.012305 -0.012278
v 0.008450 0.011624 -0.012850
v 0.008450 0.010672 -0.012300
v 0.008450 0.010386 -0.013917
v 0.008450 0.014293 0.011661
v 0.008450 0.013586 0.012504
v 0.008450 0.012750 0.011100
v 0.008450 0.012750 0.012200
v 0.008450 0.011207 0.011661
v 0.008450 0.011914 0.012504
v 0.008450 0.011470 0.013274
v 0.008450 0.014030 0.013274
v 0.008450 0.015114 0.013083
v 0.008450 0.014828 0.014700
v 0.008450 0.013876 0.014150
v 0.008450 0.013571 0.015755
v 0.008450 0.013195 0.014722
v 0.008450 0.011929 0.015755
v 0.008450 0.012305 0.014722
v 0.008450 0.011624 0.014150
v 0.008450 0.010672 0.014700
v 0.008450 0.010386 0.013083
v 0.004250 0.064750 -0.014800
v 0.004250 0.063914 -0.014496
v 0.004250 0.063470 -0.013726
v 0.004250 0.063624 -0.012850
v 0.004250 0.064305 -0.012278
v 0.004250 0.065195 -0.012278
v 0.004250 0.065876 -0.012850
v 0.004250 0.066030 -0.013726
v 0.004250 0.065586 -0.014496
v 0.004250 0.065618 -0.014534
v 0.004250 0.064750 -0.014850
v 0.004250 0.063882 -0.014534
v 0.004250 0.063421 -0.013734
v 0.004250 0.063581 -0.012825
v 0.004250 0.064288 -0.012231
v 0.004250 0.065212 -0.012231
v 0.004250 0.065919 -0.012825
v 0.004250 0.066079 -0.013734
v 0.003925 0.065409 -0.014285
v 0.003925 0.064750 -0.014525
v 0.003925 0.064091 -0.014285
v 0.003925 0.063741 -0.013678
v 0.003925 0.063862 -0.012988
v 0.003925 0.064399 -0.012537
v 0.003925 0.065101 -0.012537
v 0.003925 0.065638 -0.012988
v 0.003925 0.065759 -0.013678
v -0.004250 0.064091 -0.014285
v -0.004250 0.064750 -0.014525
v -0.004250 0.065409 -0.014285
v -0.004250 0.065759 -0.013678
v -0.004250 0.065638 -0.012988
v -0.004250 0.065101 -0.012537
v -0.004250 0.064399 -0.012537
v -0.004250 0.063862 -0.012988
v -0.004250 0.063741 -0.013678
v -0.004866 0.064750 -0.013500
v 0.004250 0.064750 0.012200
v 0.004250 0.063914 0.012504
v 0.004250 0.063470 0.013274
v 0.004250 0.063624 0.014150
v 0.004250 0.064305 0.014722
v 0.004250 0.065195 0.014722
v 0.004250 0.065876 0.014150
v 0.004250 0.066030 0.013274
v 0.004250 0.065586 0.012504
v 0.004250 0.065618 0.012466
v 0.004250 0.064750 0.012150
v 0.004250 0.063882 0.012466
v 0.004250 0.063421 0.013266
v 0.004250 0.063581 0.014175
v 0.004250 0.064288 0.014769
v 0.004250 0.065212 0.014769
v 0.004250 0.065919 0.014175
v 0.004250 0.066079 0.013266
v 0.003925 0.065409 0.012715
v 0.003925 0.064750 0.012475
v 0.003925 0.064091 0.012715
v 0.003925 0.063741 0.013322
v 0.003925 0.063862 0.014012
v 0.003925 0.064399 0.014463
v 0.003925 0.065101 0.014463
v 0.003925 0.065638 0.014012
v 0.003925 0.065759 0.013322
v -0.004250 0.064091 0.012715
v -0.004250 0.064750 0.012475
v -0.004250 0.065409 0.012715
v -0.004250 0.065759 0.013322
v -0.004250 0.065638 0.014012
v -0.004250 0.065101 0.014463
v -0.004250 0.064399 0.014463
v -0.004250 0.063862 0.014012
v -0.004250 0.063741 0.013322
v -0.004866 0.064750 0.013500
v 0.004250 0.012750 -0.014800
v 0.004250 0.011914 -0.014496
v 0.004250 0.011470 -0.013726
v 0.004250 0.011624 -0.012850
v 0.004250 0.012305 -0.012278
v 0.004250 0.013195 -0.012278
v 0.004250 0.013876 -0.012850
v 0.004250 0.014030 -0.013726
v 0.004250 0.013586 -0.014496
v 0.004250 0.013618 -0.014534
v 0.004250 0.012750 -0.014850
v 0.004250 0.011882 -0.014534
v 0.004250 0.011421 -0.013734
v 0.004250 0.011581 -0.012825
v 0.004250 0.012288 -0.012231
v 0.004250 0.013212 -0.012231
v 0.004250 0.013919 -0.012825
v 0.004250 0.014079 -0.013734
v 0.003925 0.013409 -0.014285
v 0.003925 0.012750 -0.014525
v 0.003925 0.012091 -0.014285
v 0.003925 0.011741 -0.013678
v 0.003925 0.011862 -0.012988
v 0.003925 0.012399 -0.012537
v 0.003925 0.013101 -0.012537
v 0.003925 0.013638 -0.012988
v 0.003925 0.013759 -0.013678
v -0.004250 0.012091 -0.014285
v -0.004250 0.012750 -0.014525
v -0.004250 0.013409 -0.014285
v -0.004250 0.013759 -0.013678
v -0.004250 0.013638 -0.012988
v -0.004250 0.013101 -0.012537
v -0.004250 0.012399 -0.012537
v -0.004250 0.011862 -0.012988
v -0.004250 0.011741 -0.013678
v -0.004866 0.012750 -0.013500
v 0.004250 0.012750 0.012200
v 0.004250 0.011914 0.012504
v 0.004250 0.011470 0.013274
v 0.004250 0.011624 0.014150
v 0.004250 0.012305 0.014722
v 0.004250 0.013195 0.014722
v 0.004250 0.013876 0.014150
v 0.004250 0.014030 0.013274
v 0.004250 0.013586 0.012504
v 0.004250 0.013618 0.012466
v 0.004250 0.012750 0.012150
v 0.004250 0.011882 0.012466
v 0.004250 0.011421 0.013266
v 0.004250 0.011581 0.014175
v 0.004250 0.012288 0.014769
v 0.004250 0.013212 0.014769
v 0.004250 0.013919 0.014175
v 0.004250 0.014079 0.013266
v 0.003925 0.013409 0.012715
v 0.003925 0.012750 0.012475
v 0.003925 0.012091 0.012715
v 0.003925 0.011741 0.013322
v 0.003925 0.011862 0.014012
v 0.003925 0.012399 0.014463
v 0.003925 0.013101 0.014463
v 0.003925 0.013638 0.014012
v 0.003925 0.013759 0.013322
v -0.004250 0.012091 0.012715
v -0.004250 0.012750 0.012475
v -0.004250 0.013409 0.012715
v -0.004250 0.013759 0.013322
v -0.004250 0.013638 0.014012
v -0.004250 0.013101 0.014463
v -0.004250 0.012399 0.014463
v -0.004250 0.011862 0.014012
v -0.004250 0.011741 0.013322
v -0.004866 0.012750 0.013500
v 0.010925 0.043750 -0.012475
v 0.010925 0.044409 -0.012715
v 0.010925 0.044759 -0.013322
v 0.010925 0.044638 -0.014013
v 0.010925 0.044101 -0.014463
v 0.010925 0.043399 -0.014463
v 0.010925 0.042862 -0.014013
v 0.010925 0.042741 -0.013322
v 0.010925 0.043091 -0.012715
v 0.008250 0.044409 -0.012715
v 0.008250 0.043750 -0.012475
v 0.008250 0.043091 -0.012715
v 0.008250 0.042741 -0.013322
v 0.008250 0.042862 -0.014013
v 0.008250 0.043399 -0.014463
v 0.008250 0.044101 -0.014463
v 0.008250 0.044638 -0.014013
v 0.008250 0.044759 -0.013322
v 0.008250 0.044409 0.012715
v 0.008250 0.044101 0.014463
v 0.008250 0.043750 0.012475
v 0.008250 0.043399 0.014463
v 0.008250 0.043091 0.012715
v 0.008250 0.042862 0.014012
v 0.008250 0.042741 0.013322
v 0.008250 0.044759 0.013322
v 0.008250 0.044638 0.014012
v 0.010925 0.043750 0.012475
v 0.010925 0.044409 0.012715
v 0.010925 0.044759 0.013322
v 0.010925 0.044638 0.014012
v 0.010925 0.044101 0.014463
v 0.010925 0.043399 0.014463
v 0.010925 0.042862 0.014012
v 0.010925 0.042741 0.013322
v 0.010925 0.043091 0.012715
v 0.010850 0.068000 -0.014750
v -0.001581 0.068000 -0.009325
v -0.001882 0.068000 0.008966
v -0.001421 0.068000 0.009766
v -0.032350 0.068000 -0.014750
v -0.002750 0.068000 -0.011350
v -0.001882 0.068000 -0.011034
v -0.001421 0.068000 -0.010234
v -0.032350 0.068000 -0.004000
v -0.029250 0.068000 -0.004000
v -0.004079 0.068000 -0.010234
v -0.003618 0.068000 -0.011034
v -0.029250 0.068000 0.004000
v -0.003212 0.068000 -0.008731
v -0.003919 0.068000 -0.009325
v -0.032350 0.068000 0.004000
v -0.004079 0.068000 0.009766
v -0.003618 0.068000 0.008966
v -0.003212 0.068000 0.011269
v -0.003919 0.068000 0.010675
v -0.002288 0.068000 -0.008731
v -0.002750 0.068000 0.008650
v -0.001581 0.068000 0.010675
v -0.002288 0.068000 0.011269
v -0.030750 0.066200 0.004000
v -0.029250 0.066200 0.004000
v -0.030750 0.066300 0.003900
v -0.030750 0.066200 -0.004000
v -0.030750 0.066300 -0.003900
v -0.029250 0.066200 -0.004000
v -0.032350 0.066000 -0.016750
v -0.032350 0.043950 -0.016750
v -0.032309 0.043777 -0.016650
v -0.032650 0.043777 -0.016309
v -0.032339 0.043850 -0.016723
v -0.032723 0.043850 -0.016339
v -0.019150 0.043950 -0.016750
v -0.019150 0.043850 -0.016723
v -0.019150 0.043777 -0.016650
v -0.020079 0.048016 -0.016750
v -0.019618 0.047216 -0.016750
v -0.018750 0.046900 -0.016750
v -0.019919 0.048925 -0.016750
v -0.019212 0.049519 -0.016750
v -0.018288 0.049519 -0.016750
v 0.010850 0.066000 -0.016750
v -0.003618 0.049284 -0.016750
v -0.002750 0.049600 -0.016750
v -0.001882 0.049284 -0.016750
v -0.001421 0.048484 -0.016750
v -0.001581 0.047575 -0.016750
v 0.010850 0.011500 -0.016750
v -0.001882 0.017284 -0.016750
v -0.001421 0.016484 -0.016750
v -0.001581 0.015575 -0.016750
v -0.002288 0.014981 -0.016750
v -0.003212 0.014981 -0.016750
v -0.032350 0.011500 -0.016750
v -0.018288 0.014981 -0.016750
v -0.019212 0.014981 -0.016750
v -0.019919 0.015575 -0.016750
v -0.020079 0.016484 -0.016750
v -0.032350 0.030750 -0.016750
v -0.019618 0.017284 -0.016750
v -0.019150 0.030750 -0.016750
v -0.018750 0.017600 -0.016750
v -0.017882 0.017284 -0.016750
v -0.003618 0.017284 -0.016750
v -0.004079 0.016484 -0.016750
v -0.003919 0.047575 -0.016750
v -0.003212 0.046981 -0.016750
v -0.002750 0.017600 -0.016750
v -0.002288 0.046981 -0.016750
v -0.017581 0.048925 -0.016750
v -0.004079 0.048484 -0.016750
v -0.017421 0.048016 -0.016750
v -0.017882 0.047216 -0.016750
v -0.003919 0.015575 -0.016750
v -0.017581 0.015575 -0.016750
v -0.017421 0.016484 -0.016750
v -0.018750 0.047225 -0.016425
v -0.018091 0.047465 -0.016425
v -0.017741 0.048072 -0.016425
v -0.017862 0.048763 -0.016425
v -0.018399 0.049213 -0.016425
v -0.019101 0.049213 -0.016425
v -0.019638 0.048763 -0.016425
v -0.019759 0.048072 -0.016425
v -0.019409 0.047465 -0.016425
v -0.018091 0.047465 -0.013750
v -0.018750 0.047225 -0.013750
v -0.019409 0.047465 -0.013750
v -0.019759 0.048072 -0.013750
v -0.019638 0.048763 -0.013750
v -0.019101 0.049213 -0.013750
v -0.018399 0.049213 -0.013750
v -0.017862 0.048763 -0.013750
v -0.017741 0.048072 -0.013750
v -0.002750 0.049275 -0.013750
v -0.002091 0.049035 -0.013750
v -0.003409 0.049035 -0.013750
v -0.003759 0.048428 -0.013750
v -0.001741 0.048428 -0.013750
v -0.003638 0.047738 -0.013750
v -0.001862 0.047738 -0.013750
v -0.003101 0.047287 -0.013750
v -0.002399 0.047287 -0.013750
v -0.018750 0.017275 -0.013750
v -0.018091 0.017035 -0.013750
v -0.019409 0.017035 -0.013750
v -0.019759 0.016428 -0.013750
v -0.017741 0.016428 -0.013750
v -0.019638 0.015738 -0.013750
v -0.017862 0.015738 -0.013750
v -0.019101 0.015287 -0.013750
v -0.018399 0.015287 -0.013750
v -0.002750 0.017275 -0.013750
v -0.002091 0.017035 -0.013750
v -0.003409 0.017035 -0.013750
v -0.003759 0.016428 -0.013750
v -0.001741 0.016428 -0.013750
v -0.003638 0.015738 -0.013750
v -0.001862 0.015738 -0.013750
v -0.003101 0.015287 -0.013750
v -0.002399 0.015287 -0.013750
v -0.003409 0.049035 -0.016425
v -0.002750 0.049275 -0.016425
v -0.002091 0.049035 -0.016425
v -0.001741 0.048428 -0.016425
v -0.001862 0.047738 -0.016425
v -0.002399 0.047287 -0.016425
v -0.003101 0.047287 -0.016425
v -0.003638 0.047738 -0.016425
v -0.003759 0.048428 -0.016425
v -0.019409 0.017035 -0.016425
v -0.018750 0.017275 -0.016425
v -0.018091 0.017035 -0.016425
v -0.017741 0.016428 -0.016425
v -0.017862 0.015738 -0.016425
v -0.018399 0.015287 -0.016425
v -0.019101 0.015287 -0.016425
v -0.019638 0.015738 -0.016425
v -0.019759 0.016428 -0.016425
v -0.003409 0.017035 -0.016425
v -0.002750 0.017275 -0.016425
v -0.002091 0.017035 -0.016425
v -0.001741 0.016428 -0.016425
v -0.001862 0.015738 -0.016425
v -0.002399 0.015287 -0.016425
v -0.003101 0.015287 -0.016425
v -0.003638 0.015738 -0.016425
v -0.003759 0.016428 -0.016425
v -0.019150 0.030750 0.011700
v -0.019150 0.030750 0.016750
v -0.019150 0.043777 0.016650
v -0.019150 0.043850 0.016723
v -0.019150 0.043950 0.016750
v -0.019150 0.043710 0.011550
v -0.019150 0.043450 0.011400
v -0.019150 0.031050 0.011400
v -0.019150 0.030790 0.011550
v -0.019150 0.030900 0.011440
v -0.019150 0.043600 0.011440
v -0.019150 0.030750 -0.011700
v -0.019150 0.043450 -0.011400
v -0.019150 0.043710 -0.011550
v -0.019150 0.043600 -0.011440
v -0.019150 0.031050 -0.011400
v -0.019150 0.030790 -0.011550
v -0.019150 0.030900 -0.011440
v -0.019919 0.047575 0.016750
v -0.020079 0.048484 0.016750
v -0.019618 0.049284 0.016750
v -0.018750 0.049600 0.016750
v -0.003919 0.047575 0.016750
v -0.017581 0.047575 0.016750
v -0.018288 0.046981 0.016750
v -0.032350 0.030750 0.016750
v -0.019618 0.017284 0.016750
v -0.018750 0.017600 0.016750
v -0.017882 0.017284 0.016750
v -0.020079 0.016484 0.016750
v -0.032350 0.011500 0.016750
v -0.019919 0.015575 0.016750
v -0.019212 0.014981 0.016750
v -0.018288 0.014981 0.016750
v -0.003212 0.014981 0.016750
v -0.003919 0.015575 0.016750
v 0.010850 0.011500 0.016750
v -0.002288 0.014981 0.016750
v -0.001581 0.015575 0.016750
v -0.001421 0.016484 0.016750
v -0.001882 0.017284 0.016750
v -0.001581 0.047575 0.016750
v -0.002288 0.046981 0.016750
v -0.001421 0.048484 0.016750
v -0.001882 0.049284 0.016750
v -0.002750 0.049600 0.016750
v -0.003618 0.049284 0.016750
v -0.017882 0.049284 0.016750
v -0.002750 0.017600 0.016750
v -0.003212 0.046981 0.016750
v -0.003618 0.017284 0.016750
v -0.004079 0.048484 0.016750
v -0.017421 0.048484 0.016750
v -0.004079 0.016484 0.016750
v -0.017421 0.016484 0.016750
v -0.017581 0.015575 0.016750
v -0.019212 0.046981 0.016750
v -0.018750 0.049275 0.016425
v -0.018091 0.049035 0.016425
v -0.017741 0.048428 0.016425
v -0.017862 0.047738 0.016425
v -0.018399 0.047287 0.016425
v -0.019101 0.047287 0.016425
v -0.019638 0.047738 0.016425
v -0.019759 0.048428 0.016425
v -0.019409 0.049035 0.016425
v -0.018091 0.049035 0.013750
v -0.018750 0.049275 0.013750
v -0.019409 0.049035 0.013750
v -0.019759 0.048428 0.013750
v -0.019638 0.047738 0.013750
v -0.019101 0.047287 0.013750
v -0.018399 0.047287 0.013750
v -0.017862 0.047738 0.013750
v -0.017741 0.048428 0.013750
v -0.002750 0.047225 0.013750
v -0.002091 0.047465 0.013750
v -0.003409 0.047465 0.013750
v -0.003759 0.048072 0.013750
v -0.001741 0.048072 0.013750
v -0.003638 0.048763 0.013750
v -0.001862 0.048763 0.013750
v -0.003101 0.049213 0.013750
v -0.002399 0.049213 0.013750
v -0.018750 0.015225 0.013750
v -0.018091 0.015465 0.013750
v -0.019409 0.015465 0.013750
v -0.019759 0.016072 0.013750
v -0.017741 0.016072 0.013750
v -0.019638 0.016762 0.013750
v -0.017862 0.016762 0.013750
v -0.019101 0.017213 0.013750
v -0.018399 0.017213 0.013750
v -0.002750 0.015225 0.013750
v -0.002091 0.015465 0.013750
v -0.003409 0.015465 0.013750
v -0.003759 0.016072 0.013750
v -0.001741 0.016072 0.013750
v -0.003638 0.016763 0.013750
v -0.001862 0.016763 0.013750
v -0.003101 0.017213 0.013750
v -0.002399 0.017213 0.013750
v -0.002750 0.047225 0.016425
v -0.002091 0.047465 0.016425
v -0.001741 0.048072 0.016425
v -0.001862 0.048763 0.016425
v -0.002399 0.049213 0.016425
v -0.003101 0.049213 0.016425
v -0.003638 0.048763 0.016425
v -0.003759 0.048072 0.016425
v -0.003409 0.047465 0.016425
v -0.018750 0.015225 0.016425
v -0.018091 0.015465 0.016425
v -0.017741 0.016072 0.016425
v -0.017862 0.016762 0.016425
v -0.018399 0.017213 0.016425
v -0.019101 0.017213 0.016425
v -0.019638 0.016762 0.016425
v -0.019759 0.016072 0.016425
v -0.019409 0.015465 0.016425
v -0.002750 0.015225 0.016425
v -0.002091 0.015465 0.016425
v -0.001741 0.016072 0.016425
v -0.001862 0.016763 0.016425
v -0.002399 0.017213 0.016425
v -0.003101 0.017213 0.016425
v -0.003638 0.016763 0.016425
v -0.003759 0.016072 0.016425
v -0.003409 0.015465 0.016425
v 0.010850 0.009500 0.014750
v -0.032350 0.009500 0.014750
v -0.001882 0.009500 -0.008966
v 0.010850 0.009500 -0.014750
v -0.001421 0.009500 -0.009766
v -0.001581 0.009500 -0.010675
v -0.003212 0.009500 0.011269
v -0.002288 0.009500 0.011269
v -0.001581 0.009500 0.010675
v -0.032350 0.009500 -0.014750
v -0.019919 0.009500 -0.009325
v -0.019618 0.009500 0.008966
v -0.020079 0.009500 0.009766
v -0.018750 0.009500 -0.011350
v -0.019618 0.009500 -0.011034
v -0.020079 0.009500 -0.010234
v -0.003618 0.009500 0.008966
v -0.003618 0.009500 -0.008966
v -0.002750 0.009500 0.008650
v -0.002750 0.009500 -0.008650
v -0.001882 0.009500 0.008966
v -0.004079 0.009500 0.009766
v -0.017882 0.009500 0.008966
v -0.018288 0.009500 -0.008731
v -0.017581 0.009500 -0.009325
v -0.004079 0.009500 -0.009766
v -0.017421 0.009500 -0.010234
v -0.003919 0.009500 -0.010675
v -0.017882 0.009500 -0.011034
v -0.003212 0.009500 -0.011269
v -0.003919 0.009500 0.010675
v -0.017581 0.009500 0.010675
v -0.017421 0.009500 0.009766
v -0.018288 0.009500 0.011269
v -0.001421 0.009500 0.009766
v -0.019212 0.009500 -0.008731
v -0.018750 0.009500 0.008650
v -0.019919 0.009500 0.010675
v -0.019212 0.009500 0.011269
v -0.002288 0.009500 -0.011269
v -0.002750 0.009825 -0.008975
v -0.002091 0.009825 -0.009215
v -0.001741 0.009825 -0.009822
v -0.001862 0.009825 -0.010513
v -0.002399 0.009825 -0.010963
v -0.003101 0.009825 -0.010963
v -0.003638 0.009825 -0.010513
v -0.003759 0.009825 -0.009822
v -0.003409 0.009825 -0.009215
v -0.002091 0.012500 -0.009215
v -0.002750 0.012500 -0.008975
v -0.003409 0.012500 -0.009215
v -0.003759 0.012500 -0.009822
v -0.003638 0.012500 -0.010513
v -0.003101 0.012500 -0.010963
v -0.002399 0.012500 -0.010963
v -0.001862 0.012500 -0.010513
v -0.001741 0.012500 -0.009822
v -0.002091 0.012500 0.009215
v -0.002399 0.012500 0.010963
v -0.002750 0.012500 0.008975
v -0.003101 0.012500 0.010963
v -0.003409 0.012500 0.009215
v -0.003638 0.012500 0.010512
v -0.003759 0.012500 0.009822
v -0.001741 0.012500 0.009822
v -0.001862 0.012500 0.010512
v -0.018091 0.012500 -0.010785
v -0.018399 0.012500 -0.009037
v -0.018750 0.012500 -0.011025
v -0.019101 0.012500 -0.009037
v -0.019409 0.012500 -0.010785
v -0.019638 0.012500 -0.009488
v -0.019759 0.012500 -0.010178
v -0.017741 0.012500 -0.010178
v -0.017862 0.012500 -0.009488
v -0.018091 0.012500 0.009215
v -0.018399 0.012500 0.010963
v -0.018750 0.012500 0.008975
v -0.019101 0.012500 0.010963
v -0.019409 0.012500 0.009215
v -0.019638 0.012500 0.010512
v -0.019759 0.012500 0.009822
v -0.017741 0.012500 0.009822
v -0.017862 0.012500 0.010512
v -0.003409 0.009825 0.009215
v -0.002750 0.009825 0.008975
v -0.002091 0.009825 0.009215
v -0.001741 0.009825 0.009822
v -0.001862 0.009825 0.010512
v -0.002399 0.009825 0.010963
v -0.003101 0.009825 0.010963
v -0.003638 0.009825 0.010512
v -0.003759 0.009825 0.009822
v -0.019409 0.009825 -0.010785
v -0.018750 0.009825 -0.011025
v -0.018091 0.009825 -0.010785
v -0.017741 0.009825 -0.010178
v -0.017862 0.009825 -0.009488
v -0.018399 0.009825 -0.009037
v -0.019101 0.009825 -0.009037
v -0.019638 0.009825 -0.009488
v -0.019759 0.009825 -0.010178
v -0.019409 0.009825 0.009215
v -0.018750 0.009825 0.008975
v -0.018091 0.009825 0.009215
v -0.017741 0.009825 0.009822
v -0.017862 0.009825 0.010512
v -0.018399 0.009825 0.010963
v -0.019101 0.009825 0.010963
v -0.019638 0.009825 0.010512
v -0.019759 0.009825 0.009822
v -0.032691 0.030691 0.016409
v -0.032550 0.030750 0.016550
v -0.032735 0.030627 0.016365
v -0.032723 0.030650 0.011700
v -0.032650 0.030723 0.011700
v -0.032550 0.030750 0.011700
v -0.032723 0.031050 0.011300
v -0.032723 0.030850 0.011354
v -0.032723 0.030704 0.011500
v -0.032650 0.030767 0.011537
v -0.032650 0.030887 0.011417
v -0.032650 0.031050 0.011373
v -0.032550 0.030900 0.011440
v -0.032550 0.031050 0.011400
v -0.032550 0.030790 0.011550
v -0.032550 0.032326 0.011400
v -0.032650 0.032326 0.011373
v -0.032723 0.032326 0.011300
v -0.028350 0.032326 0.011400
v -0.028350 0.043450 0.011400
v -0.032550 0.032538 0.011312
v -0.032550 0.032476 0.011360
v -0.028438 0.032538 0.011312
v -0.028373 0.032441 0.011377
v -0.032550 0.032403 0.011390
v -0.032723 0.032467 0.011241
v -0.032650 0.032519 0.011293
v -0.032723 0.035591 0.008117
v -0.032650 0.035643 0.008169
v -0.032550 0.035662 0.008188
v -0.032723 0.035650 0.007976
v -0.032550 0.035710 0.008126
v -0.032550 0.035740 0.008053
v -0.032650 0.035723 0.007976
v -0.032550 0.035750 0.007976
v -0.032723 0.035650 -0.007976
v -0.032650 0.035723 -0.007976
v -0.032550 0.035750 -0.007976
v -0.032723 0.035591 -0.008117
v -0.032650 0.035643 -0.008169
v -0.032550 0.035740 -0.008053
v -0.032550 0.035710 -0.008126
v -0.032550 0.035662 -0.008188
v -0.032550 0.032538 -0.011312
v -0.032650 0.032519 -0.011293
v -0.032723 0.032467 -0.011241
v -0.028438 0.032538 -0.011312
v -0.028750 0.032850 -0.011000
v -0.028750 0.035662 -0.008188
v -0.032550 0.032326 -0.011400
v -0.032550 0.032403 -0.011390
v -0.028350 0.032326 -0.011400
v -0.028373 0.032441 -0.011377
v -0.032550 0.032476 -0.011360
v -0.032723 0.032326 -0.011300
v -0.032650 0.032326 -0.011373
v -0.032723 0.031050 -0.011300
v -0.032650 0.031050 -0.011373
v -0.032550 0.031050 -0.011400
v -0.032723 0.030650 -0.011700
v -0.032723 0.030704 -0.011500
v -0.032723 0.030850 -0.011354
v -0.032650 0.030887 -0.011417
v -0.032650 0.030767 -0.011537
v -0.032650 0.030723 -0.011700
v -0.032550 0.030750 -0.011700
v -0.032550 0.030790 -0.011550
v -0.032550 0.030900 -0.011440
v -0.032550 0.030750 -0.016550
v -0.032691 0.030691 -0.016409
v -0.032735 0.030627 -0.016365
v -0.028350 0.043450 -0.011400
v -0.028412 0.043710 -0.011550
v -0.028367 0.043600 -0.011440
v -0.028750 0.043450 -0.011000
v -0.028790 0.043600 -0.011017
v -0.028900 0.043710 -0.011062
v -0.028750 0.035750 0.007976
v -0.028750 0.043450 0.011000
v -0.028750 0.035750 -0.007976
v -0.028750 0.035740 -0.008053
v -0.028750 0.035710 -0.008126
v -0.028750 0.035740 0.008053
v -0.028750 0.035710 0.008126
v -0.028750 0.035662 0.008188
v -0.028750 0.032850 0.011000
v -0.028790 0.043600 0.011017
v -0.028367 0.043600 0.011440
v -0.028900 0.043710 0.011062
v -0.028412 0.043710 0.011550
v -0.032750 0.067600 -0.003900
v -0.032750 0.067600 0.003900
v -0.029350 0.066300 -0.003900
v -0.029350 0.068000 -0.003900
v -0.032350 0.068000 -0.003900
v -0.029350 0.066300 0.003900
v -0.029350 0.068000 0.003900
v -0.032350 0.068000 0.003900
v -0.002750 0.067675 -0.011025
v -0.002091 0.067675 -0.010785
v -0.001741 0.067675 -0.010178
v -0.001862 0.067675 -0.009488
v -0.002399 0.067675 -0.009037
v -0.003101 0.067675 -0.009037
v -0.003638 0.067675 -0.009488
v -0.003759 0.067675 -0.010178
v -0.003409 0.067675 -0.010785
v -0.002091 0.065000 -0.010785
v -0.002750 0.065000 -0.011025
v -0.003409 0.065000 -0.010785
v -0.003759 0.065000 -0.010178
v -0.003638 0.065000 -0.009488
v -0.003101 0.065000 -0.009037
v -0.002399 0.065000 -0.009037
v -0.001862 0.065000 -0.009488
v -0.001741 0.065000 -0.010178
v -0.002091 0.065000 0.010785
v -0.002399 0.065000 0.009037
v -0.002750 0.065000 0.011025
v -0.003101 0.065000 0.009037
v -0.003409 0.065000 0.010785
v -0.003638 0.065000 0.009487
v -0.003759 0.065000 0.010178
v -0.001741 0.065000 0.010178
v -0.001862 0.065000 0.009487
v -0.002750 0.067675 0.011025
v -0.002091 0.067675 0.010785
v -0.001741 0.067675 0.010178
v -0.001862 0.067675 0.009487
v -0.002399 0.067675 0.009037
v -0.003101 0.067675 0.009037
v -0.003638 0.067675 0.009487
v -0.003759 0.067675 0.010178
v -0.003409 0.067675 0.010785
v 0.013550 0.064209 -0.008356
v 0.013550 0.067250 0.000000
v 0.013550 0.064209 0.008356
v 0.013550 0.056507 0.012803
v 0.013550 0.047750 0.011258
v 0.013550 0.042034 0.004446
v 0.013550 0.042034 -0.004446
v 0.013550 0.047750 -0.011258
v 0.013550 0.056507 -0.012803
v 0.013750 0.064055 -0.008228
v 0.013750 0.067050 0.000000
v 0.013750 0.064055 0.008228
v 0.013750 0.056473 0.012606
v 0.013750 0.054493 0.012798
v 0.013750 0.047850 0.011085
v 0.013750 0.045373 0.009221
v 0.013750 0.042222 0.004378
v 0.013750 0.041452 0.000243
v 0.013750 0.042222 -0.004378
v 0.013750 0.045029 -0.008877
v 0.013750 0.047850 -0.011085
v 0.013750 0.054007 -0.012798
v 0.013750 0.056473 -0.012606
v 0.013750 0.066118 0.001034
v 0.013750 0.066579 0.000234
v 0.013750 0.066419 -0.000675
v 0.013750 0.062378 0.009082
v 0.013750 0.063134 0.008553
v 0.013750 0.063373 0.007661
v 0.013750 0.055284 0.011868
v 0.013750 0.055600 0.011000
v 0.013750 0.060805 0.008349
v 0.013750 0.055284 0.010132
v 0.013750 0.055116 0.008500
v 0.013750 0.054592 0.008940
v 0.013750 0.054484 0.009671
v 0.013750 0.053908 0.008940
v 0.013750 0.053575 0.009831
v 0.013750 0.053384 0.008500
v 0.013750 0.052981 0.010538
v 0.013750 0.047817 0.007896
v 0.013750 0.047426 0.008733
v 0.013750 0.046589 0.009123
v 0.013750 0.045697 0.008884
v 0.013750 0.045168 0.008128
v 0.013750 0.045248 0.007208
v 0.013750 0.045901 0.006555
v 0.013750 0.044118 0.001034
v 0.013750 0.045908 0.000940
v 0.013750 0.045384 0.000500
v 0.013750 0.044579 0.000234
v 0.013750 0.045265 -0.000174
v 0.013750 0.044419 -0.000675
v 0.013750 0.045607 -0.000766
v 0.013750 0.043712 -0.001269
v 0.013750 0.046250 -0.001000
v 0.013750 0.046354 -0.006433
v 0.013750 0.049552 -0.001710
v 0.013750 0.047246 -0.006672
v 0.013750 0.051750 -0.004330
v 0.013750 0.047776 -0.007429
v 0.013750 0.053384 -0.007500
v 0.013750 0.053265 -0.008174
v 0.013750 0.047695 -0.008349
v 0.013750 0.053216 -0.010132
v 0.013750 0.052900 -0.011000
v 0.013750 0.053216 -0.011868
v 0.013750 0.054016 -0.012329
v 0.013750 0.054925 -0.012169
v 0.013750 0.055519 -0.011462
v 0.013750 0.055519 -0.010538
v 0.013750 0.061074 -0.008733
v 0.013750 0.060683 -0.007896
v 0.013750 0.053575 0.012169
v 0.013750 0.054484 0.012329
v 0.013750 0.042382 0.001034
v 0.013750 0.043250 0.001350
v 0.013750 0.042081 -0.000675
v 0.013750 0.041921 0.000234
v 0.013750 0.045127 -0.007661
v 0.013750 0.045517 -0.006824
v 0.013750 0.046122 -0.009082
v 0.013750 0.045366 -0.008553
v 0.013750 0.062803 -0.008884
v 0.013750 0.061911 -0.009123
v 0.013750 0.065712 -0.001269
v 0.013750 0.063252 -0.007208
v 0.013750 0.062599 -0.006555
v 0.013750 0.064788 -0.001269
v 0.013750 0.062250 -0.001000
v 0.013750 0.062893 -0.000766
v 0.013750 0.064081 -0.000675
v 0.013750 0.063235 -0.000174
v 0.013750 0.063921 0.000234
v 0.013750 0.063116 0.000500
v 0.013750 0.064382 0.001034
v 0.013750 0.062592 0.000940
v 0.013750 0.062146 0.006433
v 0.013750 0.061908 0.000940
v 0.013750 0.058080 0.003214
v 0.013750 0.061384 0.000500
v 0.013750 0.059250 0.000000
v 0.013750 0.061265 -0.000174
v 0.013750 0.061607 -0.000766
v 0.013750 0.058080 -0.003214
v 0.013750 0.061679 -0.006474
v 0.013750 0.065250 0.001350
v 0.013750 0.062983 0.006824
v 0.013750 0.061254 0.006672
v 0.013750 0.060724 0.007429
v 0.013750 0.055118 0.004924
v 0.013750 0.055235 0.007826
v 0.013750 0.054893 0.007234
v 0.013750 0.061458 0.009002
v 0.013750 0.052981 0.011462
v 0.013750 0.047578 0.007004
v 0.013750 0.051750 0.004330
v 0.013750 0.053265 0.007826
v 0.013750 0.049552 0.001710
v 0.013750 0.046821 0.006474
v 0.013750 0.046592 0.000940
v 0.013750 0.042788 -0.001269
v 0.013750 0.047042 -0.009002
v 0.013750 0.053607 -0.008766
v 0.013750 0.054016 -0.009671
v 0.013750 0.054250 -0.009000
v 0.013750 0.054925 -0.009831
v 0.013750 0.054893 -0.008766
v 0.013750 0.055235 -0.008174
v 0.013750 0.055116 -0.007500
v 0.013750 0.060922 -0.007004
v 0.013750 0.055118 -0.004924
v 0.013750 0.063332 -0.008128
v 0.013750 0.053908 -0.007060
v 0.013750 0.054592 -0.007060
v 0.013750 0.047235 -0.000174
v 0.013750 0.046893 -0.000766
v 0.013750 0.054250 0.007000
v 0.013750 0.053607 0.007234
v 0.013750 0.047116 0.000500
v 0.015850 0.058080 -0.003214
v 0.015850 0.059250 0.000000
v 0.015850 0.058080 0.003214
v 0.015850 0.055118 0.004924
v 0.015850 0.051750 0.004330
v 0.015850 0.049552 0.001710
v 0.015850 0.049552 -0.001710
v 0.015850 0.051750 -0.004330
v 0.015850 0.055118 -0.004924
v 0.016050 0.057927 -0.003085
v 0.016050 0.059050 0.000000
v 0.016050 0.057927 0.003085
v 0.016050 0.055084 0.004727
v 0.016050 0.051850 0.004157
v 0.016050 0.049739 0.001642
v 0.016050 0.049739 -0.001642
v 0.016050 0.051850 -0.004157
v 0.016050 0.055084 -0.004727
v 0.013425 0.065250 0.001025
v 0.013425 0.065909 0.000785
v 0.013425 0.066259 0.000178
v 0.013425 0.066138 -0.000513
v 0.013425 0.065601 -0.000963
v 0.013425 0.064899 -0.000963
v 0.013425 0.064362 -0.000513
v 0.013425 0.064241 0.000178
v 0.013425 0.064591 0.000785
v 0.011250 0.065909 0.000785
v 0.011250 0.065250 0.001025
v 0.011250 0.064591 0.000785
v 0.011250 0.064241 0.000178
v 0.011250 0.064362 -0.000513
v 0.011250 0.064899 -0.000963
v 0.011250 0.065601 -0.000963
v 0.011250 0.066138 -0.000513
v 0.011250 0.066259 0.000178
v 0.011250 0.063049 0.007689
v 0.011250 0.062868 0.008366
v 0.011250 0.062753 0.007053
v 0.011250 0.062293 0.008768
v 0.011250 0.062118 0.006757
v 0.011250 0.061595 0.008707
v 0.011250 0.061440 0.006939
v 0.011250 0.061099 0.008211
v 0.011250 0.061038 0.007513
v 0.011250 0.055275 0.011000
v 0.011250 0.055035 0.011659
v 0.011250 0.055035 0.010341
v 0.011250 0.054428 0.009991
v 0.011250 0.054428 0.012009
v 0.011250 0.053738 0.010112
v 0.011250 0.053738 0.011888
v 0.011250 0.053287 0.010649
v 0.011250 0.053287 0.011351
v 0.011250 0.046561 0.008799
v 0.011250 0.046737 0.006788
v 0.011250 0.047197 0.008503
v 0.011250 0.047311 0.007190
v 0.011250 0.047493 0.007868
v 0.011250 0.046039 0.006849
v 0.011250 0.045884 0.008618
v 0.011250 0.045543 0.007345
v 0.011250 0.045482 0.008043
v 0.011250 0.042591 0.000785
v 0.011250 0.042899 -0.000963
v 0.011250 0.043250 0.001025
v 0.011250 0.043601 -0.000963
v 0.011250 0.043909 0.000785
v 0.011250 0.044138 -0.000513
v 0.011250 0.044259 0.000178
v 0.011250 0.042241 0.000178
v 0.011250 0.042362 -0.000513
v 0.011250 0.045451 -0.007689
v 0.011250 0.045632 -0.008366
v 0.011250 0.045747 -0.007053
v 0.011250 0.046207 -0.008768
v 0.011250 0.046382 -0.006757
v 0.011250 0.046905 -0.008707
v 0.011250 0.047060 -0.006939
v 0.011250 0.047401 -0.008211
v 0.011250 0.047462 -0.007513
v 0.011250 0.053225 -0.011000
v 0.011250 0.053465 -0.011659
v 0.011250 0.053465 -0.010341
v 0.011250 0.054072 -0.009991
v 0.011250 0.054072 -0.012009
v 0.011250 0.054763 -0.010112
v 0.011250 0.054763 -0.011888
v 0.011250 0.055213 -0.010649
v 0.011250 0.055213 -0.011351
v 0.011250 0.061939 -0.008799
v 0.011250 0.061763 -0.006788
v 0.011250 0.061303 -0.008503
v 0.011250 0.061189 -0.007190
v 0.011250 0.061007 -0.007868
v 0.011250 0.062461 -0.006849
v 0.011250 0.062616 -0.008618
v 0.011250 0.062957 -0.007345
v 0.011250 0.063018 -0.008043
v 0.013425 0.062118 0.006757
v 0.013425 0.062753 0.007053
v 0.013425 0.063049 0.007689
v 0.013425 0.062868 0.008366
v 0.013425 0.062293 0.008768
v 0.013425 0.061595 0.008707
v 0.013425 0.061099 0.008211
v 0.013425 0.061038 0.007513
v 0.013425 0.061440 0.006939
v 0.013425 0.055035 0.010341
v 0.013425 0.055275 0.011000
v 0.013425 0.055035 0.011659
v 0.013425 0.054428 0.012009
v 0.013425 0.053738 0.011888
v 0.013425 0.053287 0.011351
v 0.013425 0.053287 0.010649
v 0.013425 0.053738 0.010112
v 0.013425 0.054428 0.009991
v 0.013425 0.047493 0.007868
v 0.013425 0.047197 0.008503
v 0.013425 0.046561 0.008799
v 0.013425 0.045884 0.008618
v 0.013425 0.045482 0.008043
v 0.013425 0.045543 0.007345
v 0.013425 0.046039 0.006849
v 0.013425 0.046737 0.006788
v 0.013425 0.047311 0.007190
v 0.013425 0.043909 0.000785
v 0.013425 0.043250 0.001025
v 0.013425 0.042591 0.000785
v 0.013425 0.042241 0.000178
v 0.013425 0.042362 -0.000513
v 0.013425 0.042899 -0.000963
v 0.013425 0.043601 -0.000963
v 0.013425 0.044138 -0.000513
v 0.013425 0.044259 0.000178
v 0.013425 0.046382 -0.006757
v 0.013425 0.045747 -0.007053
v 0.013425 0.045451 -0.007689
v 0.013425 0.045632 -0.008366
v 0.013425 0.046207 -0.008768
v 0.013425 0.046905 -0.008707
v 0.013425 0.047401 -0.008211
v 0.013425 0.047462 -0.007513
v 0.013425 0.047060 -0.006939
v 0.013425 0.053465 -0.010341
v 0.013425 0.053225 -0.011000
v 0.013425 0.053465 -0.011659
v 0.013425 0.054072 -0.012009
v 0.013425 0.054763 -0.011888
v 0.013425 0.055213 -0.011351
v 0.013425 0.055213 -0.010649
v 0.013425 0.054763 -0.010112
v 0.013425 0.054072 -0.009991
v 0.013425 0.061007 -0.007868
v 0.013425 0.061303 -0.008503
v 0.013425 0.061939 -0.008799
v 0.013425 0.062616 -0.008618
v 0.013425 0.063018 -0.008043
v 0.013425 0.062957 -0.007345
v 0.013425 0.062461 -0.006849
v 0.013425 0.061763 -0.006788
v 0.013425 0.061189 -0.007190
v 0.011250 0.062250 -0.001000
v 0.011250 0.061607 -0.000766
v 0.011250 0.061265 -0.000174
v 0.011250 0.061384 0.000500
v 0.011250 0.061908 0.000940
v 0.011250 0.062592 0.000940
v 0.011250 0.063116 0.000500
v 0.011250 0.063235 -0.000174
v 0.011250 0.062893 -0.000766
v 0.011250 0.054893 -0.008766
v 0.011250 0.054592 -0.007060
v 0.011250 0.054250 -0.009000
v 0.011250 0.053908 -0.007060
v 0.011250 0.053607 -0.008766
v 0.011250 0.053384 -0.007500
v 0.011250 0.053265 -0.008174
v 0.011250 0.055235 -0.008174
v 0.011250 0.055116 -0.007500
v 0.011250 0.054893 0.007234
v 0.011250 0.054592 0.008940
v 0.011250 0.054250 0.007000
v 0.011250 0.053908 0.008940
v 0.011250 0.053607 0.007234
v 0.011250 0.053384 0.008500
v 0.011250 0.053265 0.007826
v 0.011250 0.055235 0.007826
v 0.011250 0.055116 0.008500
v 0.011250 0.046893 -0.000766
v 0.011250 0.046592 0.000940
v 0.011250 0.046250 -0.001000
v 0.011250 0.045908 0.000940
v 0.011250 0.045607 -0.000766
v 0.011250 0.045384 0.000500
v 0.011250 0.045265 -0.000174
v 0.011250 0.047235 -0.000174
v 0.011250 0.047116 0.000500
vt 1.000000 0.104720
vt 0.000000 0.000000
vt 1.000000 0.000000
vt 0.000000 -0.104720
vt 1.000000 -0.104720
vt 0.000000 -0.209440
vt 1.000000 -0.209440
vt 0.000000 -0.314159
vt 1.000000 -0.314159
vt 0.000000 -0.418879
vt 1.000000 -0.418879
vt 1.000000 0.523599
vt 0.000000 0.523599
vt -0.000000 0.418879
vt 1.000000 0.418879
vt -0.000000 0.314159
vt 1.000000 0.314159
vt 0.000000 0.209440
vt 1.000000 0.209440
vt 0.000000 0.104720
vt 0.150000 0.000000
vt 0.114907 0.096418
vt 0.114907 -0.096418
vt 0.026047 -0.147721
vt 0.026047 0.147721
vt -0.075000 -0.129904
vt -0.075000 0.129904
vt -0.140954 -0.051303
vt -0.140954 0.051303
vt -0.000000 0.500000
vt -0.321394 0.383022
vt 0.321394 0.383022
vt 0.492404 0.086824
vt -0.492404 0.086824
vt 0.433013 -0.250000
vt -0.433013 -0.250000
vt 0.171010 -0.469846
vt -0.171010 -0.469846
vt -1.145000 -2.363301
vt -1.170000 -2.370000
vt -1.308324 -3.913646
vt -1.635000 -2.370000
vt -1.470000 -3.942154
vt -1.575526 -4.067915
vt -1.635000 -4.258431
vt -1.575526 -4.232085
vt -1.470000 -4.357846
vt -1.458431 -4.435000
vt -1.308324 -4.386354
vt 1.458431 -4.435000
vt 1.230000 -4.357846
vt 1.391676 -4.386354
vt 1.533851 -4.304269
vt 1.635000 -4.258431
vt 1.590000 -4.150000
vt 1.635000 -2.370000
vt 1.533851 -3.995731
vt 1.391676 -3.913646
vt 1.170000 -2.370000
vt 1.230000 -3.942154
vt 1.145000 -2.363301
vt -1.166149 -3.995731
vt -1.126699 -2.345000
vt 1.126699 -2.345000
vt -1.120000 -2.320000
vt 1.120000 -2.320000
vt -0.797574 -1.870000
vt 0.797574 -1.870000
vt 0.804645 -1.872929
vt 0.802574 -1.871340
vt 1.117071 -2.185355
vt 1.120000 -2.192426
vt 1.119659 -2.189838
vt 1.118660 -2.187426
vt 0.800162 -1.870341
vt -0.800162 -1.870341
vt -0.802574 -1.871340
vt -0.804645 -1.872929
vt -1.117071 -2.185355
vt -1.120000 -2.192426
vt -1.119659 -2.189838
vt -1.118660 -2.187426
vt -1.166149 -4.304269
vt 1.124474 -4.232085
vt -1.110000 -4.150000
vt 1.124474 -4.067915
vt 0.793158 -1.030000
vt 1.635000 -1.030000
vt 1.211352 -0.471832
vt 1.280879 0.222145
vt 1.533851 0.895731
vt 1.391676 0.813646
vt 1.590000 1.050000
vt 1.635000 1.158431
vt 1.533851 1.204269
vt 1.458431 1.335000
vt 1.391676 1.286354
vt 1.230000 1.257846
vt 0.400000 1.335000
vt 1.124474 1.132085
vt 0.981726 0.852182
vt 1.124474 0.967915
vt 1.230000 0.842154
vt 0.400000 1.236932
vt -0.793158 -1.030000
vt -1.211352 -0.471832
vt -1.635000 -1.030000
vt -1.280879 0.222145
vt -1.575526 0.967915
vt -1.470000 0.842154
vt -1.308324 0.813646
vt -1.166149 0.895731
vt -0.981726 0.852182
vt -1.110000 1.050000
vt -0.400000 1.335000
vt -1.166149 1.204269
vt -1.308324 1.286354
vt -1.458431 1.335000
vt -1.470000 1.257846
vt -1.635000 1.158431
vt -1.575526 1.132085
vt -0.400000 1.236932
vt 0.000000 0.167552
vt -0.280000 0.000000
vt 0.000000 0.000000
vt -0.280000 -0.167552
vt -0.000000 -0.167552
vt -0.280000 -0.335103
vt -0.000000 -0.335103
vt -0.280000 -0.502655
vt 0.000000 -0.502655
vt -0.280000 -0.670206
vt 0.000000 -0.670206
vt 0.000000 0.837758
vt -0.280000 0.837758
vt -0.280000 0.670206
vt 0.000000 0.670206
vt -0.280000 0.502655
vt 0.000000 0.502655
vt -0.280000 0.335103
vt 0.000000 0.335103
vt -0.280000 0.167552
vt 1.533851 1.204269
vt 1.449586 1.133562
vt 1.590000 1.050000
vt 1.480000 1.050000
vt 1.533851 0.895731
vt 1.449586 0.966438
vt 1.372574 0.921975
vt 1.372574 1.178025
vt 1.391676 1.286354
vt 1.230000 1.257846
vt 1.285000 1.162583
vt 1.124474 1.132085
vt 1.227840 1.094463
vt 1.124474 0.967915
vt 1.227840 1.005537
vt 1.285000 0.937417
vt 1.230000 0.842154
vt 1.391676 0.813646
vt -1.166149 1.204269
vt -1.250414 1.133562
vt -1.110000 1.050000
vt -1.220000 1.050000
vt -1.166149 0.895731
vt -1.250414 0.966438
vt -1.327426 0.921975
vt -1.327426 1.178025
vt -1.308324 1.286354
vt -1.470000 1.257846
vt -1.415000 1.162583
vt -1.575526 1.132085
vt -1.472160 1.094463
vt -1.575526 0.967915
vt -1.472160 1.005537
vt -1.415000 0.937417
vt -1.470000 0.842154
vt -1.308324 0.813646
vt 1.533851 -3.995731
vt 1.449586 -4.066438
vt 1.590000 -4.150000
vt 1.480000 -4.150000
vt 1.533851 -4.304269
vt 1.449586 -4.233562
vt 1.372574 -4.278025
vt 1.372574 -4.021975
vt 1.391676 -3.913646
vt 1.230000 -3.942154
vt 1.285000 -4.037417
vt 1.124474 -4.067915
vt 1.227840 -4.105537
vt 1.124474 -4.232085
vt 1.227840 -4.194463
vt 1.285000 -4.262583
vt 1.230000 -4.357846
vt 1.391676 -4.386354
vt -1.166149 -3.995731
vt -1.250414 -4.066438
vt -1.110000 -4.150000
vt -1.220000 -4.150000
vt -1.166149 -4.304269
vt -1.250414 -4.233562
vt -1.327426 -4.278025
vt -1.327426 -4.021975
vt -1.308324 -3.913646
vt -1.470000 -3.942154
vt -1.415000 -4.037417
vt -1.575526 -4.067915
vt -1.472160 -4.105537
vt -1.575526 -4.232085
vt -1.472160 -4.194463
vt -1.415000 -4.262583
vt -1.470000 -4.357846
vt -1.308324 -4.386354
vt 0.000000 0.167552
vt -0.280000 0.000000
vt 0.000000 0.000000
vt -0.280000 -0.167552
vt -0.000000 -0.167552
vt -0.280000 -0.335103
vt -0.000000 -0.335103
vt -0.280000 -0.502655
vt 0.000000 -0.502655
vt -0.280000 -0.670206
vt 0.000000 -0.670206
vt 0.000000 0.837758
vt -0.280000 0.837758
vt -0.280000 0.670206
vt 0.000000 0.670206
vt -0.280000 0.502655
vt 0.000000 0.502655
vt -0.280000 0.335103
vt 0.000000 0.335103
vt -0.280000 0.167552
vt 0.000000 0.167552
vt -0.280000 0.000000
vt 0.000000 0.000000
vt -0.280000 -0.167552
vt -0.000000 -0.167552
vt -0.280000 -0.335103
vt -0.000000 -0.335103
vt -0.280000 -0.502655
vt 0.000000 -0.502655
vt -0.280000 -0.670206
vt 0.000000 -0.670206
vt 0.000000 0.837758
vt -0.280000 0.837758
vt -0.280000 0.670206
vt 0.000000 0.670206
vt -0.280000 0.502655
vt 0.000000 0.502655
vt -0.280000 0.335103
vt 0.000000 0.335103
vt -0.280000 0.167552
vt 0.000000 0.167552
vt -0.280000 0.000000
vt 0.000000 0.000000
vt -0.280000 -0.167552
vt -0.000000 -0.167552
vt -0.280000 -0.335103
vt -0.000000 -0.335103
vt -0.280000 -0.502655
vt 0.000000 -0.502655
vt -0.280000 -0.670206
vt 0.000000 -0.670206
vt 0.000000 0.837758
vt -0.280000 0.837758
vt -0.280000 0.670206
vt 0.000000 0.670206
vt -0.280000 0.502655
vt 0.000000 0.502655
vt -0.280000 0.335103
vt 0.000000 0.335103
vt -0.280000 0.167552
vt -0.280000 0.090757
vt -0.900000 0.000000
vt -0.280000 0.000000
vt -0.900000 -0.090757
vt -0.280000 -0.090757
vt -0.900000 -0.181514
vt -0.280000 -0.181514
vt -0.900000 -0.272271
vt -0.280000 -0.272271
vt -0.900000 -0.363028
vt -0.280000 -0.363028
vt -0.280000 0.453786
vt -0.900000 0.453786
vt -0.900000 0.363028
vt -0.280000 0.363028
vt -0.900000 0.272271
vt -0.280000 0.272271
vt -0.900000 0.181514
vt -0.280000 0.181514
vt -0.900000 0.090757
vt 0.103416 -0.086776
vt 0.135000 0.000000
vt 0.130000 0.000000
vt 0.103416 0.086776
vt 0.099586 0.083562
vt 0.023443 0.132949
vt 0.022574 0.128025
vt -0.065000 0.112583
vt -0.067500 0.116913
vt -0.122160 0.044463
vt -0.126859 0.046173
vt -0.126859 -0.046173
vt -0.122160 -0.044463
vt -0.067500 -0.116913
vt -0.065000 -0.112583
vt 0.023443 -0.132949
vt 0.022574 -0.128025
vt 0.099586 -0.083562
vt 0.022981 -0.290161
vt -0.022981 -0.290161
vt 0.022981 -0.373064
vt -0.022981 -0.373064
vt 0.022981 0.373064
vt -0.022981 0.373064
vt 0.022981 0.290161
vt -0.022981 0.290161
vt 0.022981 0.207258
vt -0.022981 0.207258
vt 0.022981 0.124355
vt -0.022981 0.124355
vt 0.022981 0.041452
vt -0.022981 0.041452
vt 0.022981 -0.041452
vt -0.022981 -0.041452
vt 0.022981 -0.124355
vt -0.022981 -0.124355
vt 0.022981 -0.207258
vt -0.022981 -0.207258
vt 0.097168 0.250455
vt 0.714668 0.250455
vt 0.097168 0.322013
vt 0.714668 0.322013
vt 0.097168 -0.322013
vt 0.714668 -0.322013
vt 0.097168 -0.250455
vt 0.714668 -0.250455
vt 0.097168 -0.178896
vt 0.714668 -0.178896
vt 0.097168 -0.107338
vt 0.714668 -0.107338
vt 0.097168 -0.035779
vt 0.714668 -0.035779
vt 0.097168 0.035779
vt 0.714668 0.035779
vt 0.097168 0.107338
vt 0.714668 0.107338
vt 0.097168 0.178896
vt 0.714668 0.178896
vt 0.054596 -0.125227
vt -0.064984 -0.125227
vt 0.054596 -0.161007
vt 0.054596 -0.053669
vt -0.064984 -0.053669
vt 0.054596 -0.089448
vt 0.054596 0.017890
vt -0.064984 0.017890
vt 0.054596 -0.017890
vt 0.054596 0.089448
vt -0.064984 0.089448
vt 0.054596 0.053669
vt 0.054596 0.161007
vt -0.064984 0.161007
vt 0.054596 0.125227
vt -0.064984 0.053669
vt -0.064984 0.125227
vt -0.064984 -0.017890
vt -0.064984 -0.089448
vt -0.280000 0.090757
vt -0.900000 0.000000
vt -0.280000 0.000000
vt -0.900000 -0.090757
vt -0.280000 -0.090757
vt -0.900000 -0.181514
vt -0.280000 -0.181514
vt -0.900000 -0.272271
vt -0.280000 -0.272271
vt -0.900000 -0.363028
vt -0.280000 -0.363028
vt -0.280000 0.453786
vt -0.900000 0.453786
vt -0.900000 0.363028
vt -0.280000 0.363028
vt -0.900000 0.272271
vt -0.280000 0.272271
vt -0.900000 0.181514
vt -0.280000 0.181514
vt -0.900000 0.090757
vt 0.103416 -0.086776
vt 0.135000 0.000000
vt 0.130000 0.000000
vt 0.103416 0.086776
vt 0.099586 0.083562
vt 0.023443 0.132949
vt 0.022574 0.128025
vt -0.065000 0.112583
vt -0.067500 0.116913
vt -0.122160 0.044463
vt -0.126859 0.046173
vt -0.126859 -0.046173
vt -0.122160 -0.044463
vt -0.067500 -0.116913
vt -0.065000 -0.112583
vt 0.023443 -0.132949
vt 0.022574 -0.128025
vt 0.099586 -0.083562
vt 0.022981 -0.290161
vt -0.022981 -0.290161
vt 0.022981 -0.373064
vt -0.022981 -0.373064
vt 0.022981 0.373064
vt -0.022981 0.373064
vt 0.022981 0.290161
vt -0.022981 0.290161
vt 0.022981 0.207258
vt -0.022981 0.207258
vt 0.022981 0.124355
vt -0.022981 0.124355
vt 0.022981 0.041452
vt -0.022981 0.041452
vt 0.022981 -0.041452
vt -0.022981 -0.041452
vt 0.022981 -0.124355
vt -0.022981 -0.124355
vt 0.022981 -0.207258
vt -0.022981 -0.207258
vt 0.097168 0.250455
vt 0.714668 0.250455
vt 0.097168 0.322013
vt 0.714668 0.322013
vt 0.097168 -0.322013
vt 0.714668 -0.322013
vt 0.097168 -0.250455
vt 0.714668 -0.250455
vt 0.097168 -0.178896
vt 0.714668 -0.178896
vt 0.097168 -0.107338
vt 0.714668 -0.107338
vt 0.097168 -0.035779
vt 0.714668 -0.035779
vt 0.097168 0.035779
vt 0.714668 0.035779
vt 0.097168 0.107338
vt 0.714668 0.107338
vt 0.097168 0.178896
vt 0.714668 0.178896
vt 0.054596 -0.125227
vt -0.064984 -0.125227
vt 0.054596 -0.161007
vt 0.054596 -0.053669
vt -0.064984 -0.053669
vt 0.054596 -0.089448
vt 0.054596 0.017890
vt -0.064984 0.017890
vt 0.054596 -0.017890
vt 0.054596 0.089448
vt -0.064984 0.089448
vt 0.054596 0.053669
vt 0.054596 0.161007
vt -0.064984 0.161007
vt 0.054596 0.125227
vt -0.064984 0.053669
vt -0.064984 0.125227
vt -0.064984 -0.017890
vt -0.064984 -0.089448
vt -0.280000 0.090757
vt -0.900000 0.000000
vt -0.280000 0.000000
vt -0.900000 -0.090757
vt -0.280000 -0.090757
vt -0.900000 -0.181514
vt -0.280000 -0.181514
vt -0.900000 -0.272271
vt -0.280000 -0.272271
vt -0.900000 -0.363028
vt -0.280000 -0.363028
vt -0.280000 0.453786
vt -0.900000 0.453786
vt -0.900000 0.363028
vt -0.280000 0.363028
vt -0.900000 0.272271
vt -0.280000 0.272271
vt -0.900000 0.181514
vt -0.280000 0.181514
vt -0.900000 0.090757
vt 0.103416 -0.086776
vt 0.135000 0.000000
vt 0.130000 0.000000
vt 0.103416 0.086776
vt 0.099586 0.083562
vt 0.023443 0.132949
vt 0.022574 0.128025
vt -0.065000 0.112583
vt -0.067500 0.116913
vt -0.122160 0.044463
vt -0.126859 0.046173
vt -0.126859 -0.046173
vt -0.122160 -0.044463
vt -0.067500 -0.116913
vt -0.065000 -0.112583
vt 0.023443 -0.132949
vt 0.022574 -0.128025
vt 0.099586 -0.083562
vt 0.022981 -0.290161
vt -0.022981 -0.290161
vt 0.022981 -0.373064
vt -0.022981 -0.373064
vt 0.022981 0.373064
vt -0.022981 0.373064
vt 0.022981 0.290161
vt -0.022981 0.290161
vt 0.022981 0.207258
vt -0.022981 0.207258
vt 0.022981 0.124355
vt -0.022981 0.124355
vt 0.022981 0.041452
vt -0.022981 0.041452
vt 0.022981 -0.041452
vt -0.022981 -0.041452
vt 0.022981 -0.124355
vt -0.022981 -0.124355
vt 0.022981 -0.207258
vt -0.022981 -0.207258
vt 0.097168 0.250455
vt 0.714668 0.250455
vt 0.097168 0.322013
vt 0.714668 0.322013
vt 0.097168 -0.322013
vt 0.714668 -0.322013
vt 0.097168 -0.250455
vt 0.714668 -0.250455
vt 0.097168 -0.178896
vt 0.714668 -0.178896
vt 0.097168 -0.107338
vt 0.714668 -0.107338
vt 0.097168 -0.035779
vt 0.714668 -0.035779
vt 0.097168 0.035779
vt 0.714668 0.035779
vt 0.097168 0.107338
vt 0.714668 0.107338
vt 0.097168 0.178896
vt 0.714668 0.178896
vt 0.054596 -0.125227
vt -0.064984 -0.125227
vt 0.054596 -0.161007
vt 0.054596 -0.053669
vt -0.064984 -0.053669
vt 0.054596 -0.089448
vt 0.054596 0.017890
vt -0.064984 0.017890
vt 0.054596 -0.017890
vt 0.054596 0.089448
vt -0.064984 0.089448
vt 0.054596 0.053669
vt 0.054596 0.161007
vt -0.064984 0.161007
vt 0.054596 0.125227
vt -0.064984 0.053669
vt -0.064984 0.125227
vt -0.064984 -0.017890
vt -0.064984 -0.089448
vt -0.280000 0.090757
vt -0.900000 0.000000
vt -0.280000 0.000000
vt -0.900000 -0.090757
vt -0.280000 -0.090757
vt -0.900000 -0.181514
vt -0.280000 -0.181514
vt -0.900000 -0.272271
vt -0.280000 -0.272271
vt -0.900000 -0.363028
vt -0.280000 -0.363028
vt -0.280000 0.453786
vt -0.900000 0.453786
vt -0.900000 0.363028
vt -0.280000 0.363028
vt -0.900000 0.272271
vt -0.280000 0.272271
vt -0.900000 0.181514
vt -0.280000 0.181514
vt -0.900000 0.090757
vt 0.103416 -0.086776
vt 0.135000 0.000000
vt 0.130000 0.000000
vt 0.103416 0.086776
vt 0.099586 0.083562
vt 0.023443 0.132949
vt 0.022574 0.128025
vt -0.065000 0.112583
vt -0.067500 0.116913
vt -0.122160 0.044463
vt -0.126859 0.046173
vt -0.126859 -0.046173
vt -0.122160 -0.044463
vt -0.067500 -0.116913
vt -0.065000 -0.112583
vt 0.023443 -0.132949
vt 0.022574 -0.128025
vt 0.099586 -0.083562
vt 0.022981 -0.290161
vt -0.022981 -0.290161
vt 0.022981 -0.373064
vt -0.022981 -0.373064
vt 0.022981 0.373064
vt -0.022981 0.373064
vt 0.022981 0.290161
vt -0.022981 0.290161
vt 0.022981 0.207258
vt -0.022981 0.207258
vt 0.022981 0.124355
vt -0.022981 0.124355
vt 0.022981 0.041452
vt -0.022981 0.041452
vt 0.022981 -0.041452
vt -0.022981 -0.041452
vt 0.022981 -0.124355
vt -0.022981 -0.124355
vt 0.022981 -0.207258
vt -0.022981 -0.207258
vt 0.097168 0.250455
vt 0.714668 0.250455
vt 0.097168 0.322013
vt 0.714668 0.322013
vt 0.097168 -0.322013
vt 0.714668 -0.322013
vt 0.097168 -0.250455
vt 0.714668 -0.250455
vt 0.097168 -0.178896
vt 0.714668 -0.178896
vt 0.097168 -0.107338
vt 0.714668 -0.107338
vt 0.097168 -0.035779
vt 0.714668 -0.035779
vt 0.097168 0.035779
vt 0.714668 0.035779
vt 0.097168 0.107338
vt 0.714668 0.107338
vt 0.097168 0.178896
vt 0.714668 0.178896
vt 0.054596 -0.125227
vt -0.064984 -0.125227
vt 0.054596 -0.161007
vt 0.054596 -0.053669
vt -0.064984 -0.053669
vt 0.054596 -0.089448
vt 0.054596 0.017890
vt -0.064984 0.017890
vt 0.054596 -0.017890
vt 0.054596 0.089448
vt -0.064984 0.089448
vt 0.054596 0.053669
vt 0.054596 0.161007
vt -0.064984 0.161007
vt 0.054596 0.125227
vt -0.064984 0.053669
vt -0.064984 0.125227
vt -0.064984 -0.017890
vt -0.064984 -0.089448
vt 0.132500 -1.221730
vt 0.012500 -1.221730
vt 0.132500 -1.570796
vt 0.012500 -1.570796
vt 0.132500 1.570796
vt 0.012500 1.570796
vt 0.132500 1.221730
vt 0.012500 1.221730
vt 0.132500 0.872665
vt 0.012500 0.872665
vt 0.132500 0.523599
vt 0.012500 0.523599
vt 0.132500 0.174533
vt 0.012500 0.174533
vt 0.132500 -0.174533
vt 0.012500 -0.174533
vt 0.132500 -0.523599
vt 0.012500 -0.523599
vt 0.132500 -0.872665
vt 0.012500 -0.872665
vt 0.021213 -1.258382
vt -0.021213 -1.258382
vt 0.021213 -1.617920
vt -0.021213 -1.617920
vt 0.021213 1.617920
vt -0.021213 1.617920
vt 0.021213 1.258382
vt -0.021213 1.258382
vt 0.021213 0.898845
vt -0.021213 0.898845
vt 0.021213 0.539307
vt -0.021213 0.539307
vt 0.021213 0.179769
vt -0.021213 0.179769
vt 0.021213 -0.179769
vt -0.021213 -0.179769
vt 0.021213 -0.539307
vt -0.021213 -0.539307
vt 0.021213 -0.898845
vt -0.021213 -0.898845
vt 0.697100 0.584937
vt 0.498037 0.181271
vt 0.910000 0.000000
vt 0.498037 -0.181271
vt 0.697100 -0.584937
vt 0.265000 -0.458993
vt 0.158020 -0.896175
vt -0.092034 -0.521948
vt -0.455000 -0.788083
vt -0.406004 -0.340677
vt -0.855120 -0.311238
vt -0.530000 -0.000000
vt -0.855120 0.311238
vt -0.406004 0.340677
vt -0.455000 0.788083
vt -0.092034 0.521948
vt 0.158020 0.896175
vt 0.265000 0.458993
vt 0.162500 -0.635300
vt 0.262500 0.000000
vt 0.162500 0.000000
vt 0.262500 0.635300
vt 0.162500 0.635300
vt 0.262500 1.270600
vt 0.162500 1.270600
vt 0.262500 1.905900
vt 0.162500 1.905900
vt 0.262500 2.541199
vt 0.162500 2.541199
vt 0.162500 -3.176499
vt 0.262500 -3.176499
vt 0.262500 -2.541199
vt 0.162500 -2.541199
vt 0.262500 -1.905900
vt 0.162500 -1.905900
vt 0.262500 -1.270600
vt 0.162500 -1.270600
vt 0.262500 -0.635300
vt -0.980537 -0.822768
vt -1.186776 -0.103416
vt -1.280000 -0.000000
vt -1.232949 -0.023443
vt -1.216913 0.067500
vt -0.222270 -1.260554
vt -0.812758 -0.908217
vt -0.888403 -0.855250
vt -0.912304 -0.766051
vt -0.024333 -1.279769
vt -0.103416 -1.186776
vt -0.135000 -1.100000
vt -0.455000 -0.788083
vt -0.103416 -1.013224
vt -0.023443 -0.967051
vt 0.640000 -1.108513
vt 0.067500 -1.216913
vt -0.023443 -1.232949
vt 0.887727 -0.922139
vt 0.766051 -0.912304
vt 0.682358 -0.873277
vt 0.158020 -0.896175
vt 0.643331 -0.789583
vt 0.667232 -0.700385
vt 1.202807 -0.437786
vt 0.908217 -0.812758
vt 0.855250 -0.888403
vt 1.279769 -0.024333
vt 1.186776 -0.103416
vt 1.100000 -0.135000
vt 1.013224 -0.103416
vt 1.202807 0.437786
vt 1.216913 0.067500
vt 1.232949 -0.023443
vt 0.922139 0.887727
vt 0.912304 0.766051
vt 0.873277 0.682358
vt 0.789583 0.643331
vt 0.640000 1.108513
vt 0.812758 0.908217
vt 0.888403 0.855250
vt 0.024333 1.279769
vt 0.103416 1.186776
vt 0.135000 1.100000
vt 0.158020 0.896175
vt 0.103416 1.013224
vt 0.023443 0.967051
vt -0.222270 1.260554
vt -0.067500 1.216913
vt 0.023443 1.232949
vt -0.980537 0.822768
vt -0.855250 0.888403
vt -0.766051 0.912304
vt -0.682358 0.873277
vt -1.146173 0.126859
vt -0.900169 0.720764
vt -0.855120 0.311238
vt -0.834871 0.655466
vt -0.742877 0.647417
vt -0.667232 0.700385
vt -0.455000 0.788083
vt -0.643331 0.789583
vt -1.100000 -0.135000
vt -0.873277 -0.682358
vt -0.855120 -0.311238
vt -0.789583 -0.643331
vt -0.700385 -0.667232
vt -1.053827 0.126859
vt -0.983087 0.067500
vt -0.967051 -0.023443
vt -1.013224 -0.103416
vt -0.647417 -0.742877
vt -0.655466 -0.834871
vt -0.720764 -0.900169
vt 0.067500 -0.983087
vt 0.126859 -1.053827
vt 0.126859 -1.146173
vt 0.697100 -0.584937
vt 0.742877 -0.647417
vt 0.834871 -0.655466
vt 0.900169 -0.720764
vt 0.910000 0.000000
vt 0.967051 -0.023443
vt 0.983087 0.067500
vt 0.697100 0.584937
vt 1.053827 0.126859
vt 1.146173 0.126859
vt 0.700385 0.667232
vt 0.647417 0.742877
vt 0.655466 0.834871
vt 0.720764 0.900169
vt -0.067500 0.983087
vt -0.126859 1.053827
vt -0.126859 1.146173
vt -0.908217 0.812758
vt 0.022981 0.082903
vt -0.022981 0.000000
vt 0.022981 0.000000
vt -0.022981 -0.082903
vt 0.022981 -0.082903
vt -0.022981 -0.165806
vt 0.022981 -0.165806
vt -0.022981 -0.248709
vt 0.022981 -0.248709
vt -0.022981 -0.331613
vt 0.022981 -0.331613
vt 0.022981 0.414516
vt -0.022981 0.414516
vt -0.022981 0.331613
vt 0.022981 0.331613
vt -0.022981 0.248709
vt 0.022981 0.248709
vt -0.022981 0.165806
vt 0.022981 0.165806
vt -0.022981 0.082903
vt 0.077168 -0.071558
vt 0.294668 0.000000
vt 0.077168 0.000000
vt 0.294668 0.071558
vt 0.077168 0.071558
vt 0.294668 0.143117
vt 0.077168 0.143117
vt 0.294668 0.214675
vt 0.077168 0.214675
vt 0.294668 0.286234
vt 0.077168 0.286234
vt 0.077168 -0.357792
vt 0.294668 -0.357792
vt 0.294668 -0.286234
vt 0.077168 -0.286234
vt 0.294668 -0.214675
vt 0.077168 -0.214675
vt 0.294668 -0.143117
vt 0.077168 -0.143117
vt 0.294668 -0.071558
vt -0.078520 1.034114
vt 0.096318 1.064943
vt -0.102500 1.100000
vt 0.096318 1.135057
vt -0.078520 1.165886
vt 0.051250 1.188768
vt -0.017799 1.200943
vt -0.017799 0.999057
vt 0.051250 1.011232
vt -0.768884 0.879927
vt -0.836609 0.861781
vt -0.705339 0.850296
vt -0.876825 0.804346
vt -0.675708 0.786751
vt -0.870714 0.734499
vt -0.693854 0.719026
vt -0.821136 0.684921
vt -0.751289 0.678810
vt -1.100000 0.102500
vt -1.165886 0.078520
vt -1.034114 0.078520
vt -0.999057 0.017799
vt -1.200943 0.017799
vt -1.011232 -0.051250
vt -1.188768 -0.051250
vt -1.064943 -0.096318
vt -1.135057 -0.096318
vt -0.879927 -0.768884
vt -0.678810 -0.751289
vt -0.850296 -0.705339
vt -0.719026 -0.693854
vt -0.786751 -0.675708
vt -0.684921 -0.821136
vt -0.861781 -0.836609
vt -0.734499 -0.870714
vt -0.804346 -0.876825
vt -0.078520 -1.165886
vt 0.096318 -1.135057
vt -0.102500 -1.100000
vt 0.096318 -1.064943
vt -0.078520 -1.034114
vt 0.051250 -1.011232
vt -0.017799 -0.999057
vt -0.017799 -1.200943
vt 0.051250 -1.188768
vt 0.768884 -0.879927
vt 0.836609 -0.861781
vt 0.705339 -0.850296
vt 0.876825 -0.804346
vt 0.675708 -0.786751
vt 0.870714 -0.734499
vt 0.693854 -0.719026
vt 0.821136 -0.684921
vt 0.751289 -0.678810
vt 1.100000 -0.102500
vt 1.165886 -0.078520
vt 1.034114 -0.078520
vt 0.999057 -0.017799
vt 1.200943 -0.017799
vt 1.011232 0.051250
vt 1.188768 0.051250
vt 1.064943 0.096318
vt 1.135057 0.096318
vt 0.879927 0.768884
vt 0.678810 0.751289
vt 0.850296 0.705339
vt 0.719026 0.693854
vt 0.786751 0.675708
vt 0.684921 0.821136
vt 0.861781 0.836609
vt 0.734499 0.870714
vt 0.804346 0.876825
vt 0.077168 0.250455
vt 0.294668 0.250455
vt 0.077168 0.322013
vt 0.294668 0.322013
vt 0.077168 -0.322013
vt 0.294668 -0.322013
vt 0.077168 -0.250455
vt 0.294668 -0.250455
vt 0.077168 -0.178896
vt 0.294668 -0.178896
vt 0.077168 -0.107338
vt 0.294668 -0.107338
vt 0.077168 -0.035779
vt 0.294668 -0.035779
vt 0.077168 0.035779
vt 0.294668 0.035779
vt 0.077168 0.107338
vt 0.294668 0.107338
vt 0.077168 0.178896
vt 0.294668 0.178896
vt 0.022981 -0.290161
vt -0.022981 -0.290161
vt 0.022981 -0.373064
vt -0.022981 -0.373064
vt 0.022981 0.373064
vt -0.022981 0.373064
vt 0.022981 0.290161
vt -0.022981 0.290161
vt 0.022981 0.207258
vt -0.022981 0.207258
vt 0.022981 0.124355
vt -0.022981 0.124355
vt 0.022981 0.041452
vt -0.022981 0.041452
vt 0.022981 -0.041452
vt -0.022981 -0.041452
vt 0.022981 -0.124355
vt -0.022981 -0.124355
vt 0.022981 -0.207258
vt -0.022981 -0.207258
vt 0.077168 0.250455
vt 0.294668 0.250455
vt 0.077168 0.322013
vt 0.294668 0.322013
vt 0.077168 -0.322013
vt 0.294668 -0.322013
vt 0.077168 -0.250455
vt 0.294668 -0.250455
vt 0.077168 -0.178896
vt 0.294668 -0.178896
vt 0.077168 -0.107338
vt 0.294668 -0.107338
vt 0.077168 -0.035779
vt 0.294668 -0.035779
vt 0.077168 0.035779
vt 0.294668 0.035779
vt 0.077168 0.107338
vt 0.294668 0.107338
vt 0.077168 0.178896
vt 0.294668 0.178896
vt 0.022981 -0.290161
vt -0.022981 -0.290161
vt 0.022981 -0.373064
vt -0.022981 -0.373064
vt 0.022981 0.373064
vt -0.022981 0.373064
vt 0.022981 0.290161
vt -0.022981 0.290161
vt 0.022981 0.207258
vt -0.022981 0.207258
vt 0.022981 0.124355
vt -0.022981 0.124355
vt 0.022981 0.041452
vt -0.022981 0.041452
vt 0.022981 -0.041452
vt -0.022981 -0.041452
vt 0.022981 -0.124355
vt -0.022981 -0.124355
vt 0.022981 -0.207258
vt -0.022981 -0.207258
vt 0.077168 0.250455
vt 0.294668 0.250455
vt 0.077168 0.322013
vt 0.294668 0.322013
vt 0.077168 -0.322013
vt 0.294668 -0.322013
vt 0.077168 -0.250455
vt 0.294668 -0.250455
vt 0.077168 -0.178896
vt 0.294668 -0.178896
vt 0.077168 -0.107338
vt 0.294668 -0.107338
vt 0.077168 -0.035779
vt 0.294668 -0.035779
vt 0.077168 0.035779
vt 0.294668 0.035779
vt 0.077168 0.107338
vt 0.294668 0.107338
vt 0.077168 0.178896
vt 0.294668 0.178896
vt 0.022981 -0.290161
vt -0.022981 -0.290161
vt 0.022981 -0.373064
vt -0.022981 -0.373064
vt 0.022981 0.373064
vt -0.022981 0.373064
vt 0.022981 0.290161
vt -0.022981 0.290161
vt 0.022981 0.207258
vt -0.022981 0.207258
vt 0.022981 0.124355
vt -0.022981 0.124355
vt 0.022981 0.041452
vt -0.022981 0.041452
vt 0.022981 -0.041452
vt -0.022981 -0.041452
vt 0.022981 -0.124355
vt -0.022981 -0.124355
vt 0.022981 -0.207258
vt -0.022981 -0.207258
vt 0.077168 0.250455
vt 0.294668 0.250455
vt 0.077168 0.322013
vt 0.294668 0.322013
vt 0.077168 -0.322013
vt 0.294668 -0.322013
vt 0.077168 -0.250455
vt 0.294668 -0.250455
vt 0.077168 -0.178896
vt 0.294668 -0.178896
vt 0.077168 -0.107338
vt 0.294668 -0.107338
vt 0.077168 -0.035779
vt 0.294668 -0.035779
vt 0.077168 0.035779
vt 0.294668 0.035779
vt 0.077168 0.107338
vt 0.294668 0.107338
vt 0.077168 0.178896
vt 0.294668 0.178896
vt 0.022981 -0.290161
vt -0.022981 -0.290161
vt 0.022981 -0.373064
vt -0.022981 -0.373064
vt 0.022981 0.373064
vt -0.022981 0.373064
vt 0.022981 0.290161
vt -0.022981 0.290161
vt 0.022981 0.207258
vt -0.022981 0.207258
vt 0.022981 0.124355
vt -0.022981 0.124355
vt 0.022981 0.041452
vt -0.022981 0.041452
vt 0.022981 -0.041452
vt -0.022981 -0.041452
vt 0.022981 -0.124355
vt -0.022981 -0.124355
vt 0.022981 -0.207258
vt -0.022981 -0.207258
vt 0.077168 0.250455
vt 0.294668 0.250455
vt 0.077168 0.322013
vt 0.294668 0.322013
vt 0.077168 -0.322013
vt 0.294668 -0.322013
vt 0.077168 -0.250455
vt 0.294668 -0.250455
vt 0.077168 -0.178896
vt 0.294668 -0.178896
vt 0.077168 -0.107338
vt 0.294668 -0.107338
vt 0.077168 -0.035779
vt 0.294668 -0.035779
vt 0.077168 0.035779
vt 0.294668 0.035779
vt 0.077168 0.107338
vt 0.294668 0.107338
vt 0.077168 0.178896
vt 0.294668 0.178896
vt 0.022981 -0.290161
vt -0.022981 -0.290161
vt 0.022981 -0.373064
vt -0.022981 -0.373064
vt 0.022981 0.373064
vt -0.022981 0.373064
vt 0.022981 0.290161
vt -0.022981 0.290161
vt 0.022981 0.207258
vt -0.022981 0.207258
vt 0.022981 0.124355
vt -0.022981 0.124355
vt 0.022981 0.041452
vt -0.022981 0.041452
vt 0.022981 -0.041452
vt -0.022981 -0.041452
vt 0.022981 -0.124355
vt -0.022981 -0.124355
vt 0.022981 -0.207258
vt -0.022981 -0.207258
vt 0.077168 0.250455
vt 0.294668 0.250455
vt 0.077168 0.322013
vt 0.294668 0.322013
vt 0.077168 -0.322013
vt 0.294668 -0.322013
vt 0.077168 -0.250455
vt 0.294668 -0.250455
vt 0.077168 -0.178896
vt 0.294668 -0.178896
vt 0.077168 -0.107338
vt 0.294668 -0.107338
vt 0.077168 -0.035779
vt 0.294668 -0.035779
vt 0.077168 0.035779
vt 0.294668 0.035779
vt 0.077168 0.107338
vt 0.294668 0.107338
vt 0.077168 0.178896
vt 0.294668 0.178896
vt 0.022981 -0.290161
vt -0.022981 -0.290161
vt 0.022981 -0.373064
vt -0.022981 -0.373064
vt 0.022981 0.373064
vt -0.022981 0.373064
vt 0.022981 0.290161
vt -0.022981 0.290161
vt 0.022981 0.207258
vt -0.022981 0.207258
vt 0.022981 0.124355
vt -0.022981 0.124355
vt 0.022981 0.041452
vt -0.022981 0.041452
vt 0.022981 -0.041452
vt -0.022981 -0.041452
vt 0.022981 -0.124355
vt -0.022981 -0.124355
vt 0.022981 -0.207258
vt -0.022981 -0.207258
vt 0.077168 0.250455
vt 0.294668 0.250455
vt 0.077168 0.322013
vt 0.294668 0.322013
vt 0.077168 -0.322013
vt 0.294668 -0.322013
vt 0.077168 -0.250455
vt 0.294668 -0.250455
vt 0.077168 -0.178896
vt 0.294668 -0.178896
vt 0.077168 -0.107338
vt 0.294668 -0.107338
vt 0.077168 -0.035779
vt 0.294668 -0.035779
vt 0.077168 0.035779
vt 0.294668 0.035779
vt 0.077168 0.107338
vt 0.294668 0.107338
vt 0.077168 0.178896
vt 0.294668 0.178896
vt 0.022981 -0.290161
vt -0.022981 -0.290161
vt 0.022981 -0.373064
vt -0.022981 -0.373064
vt 0.022981 0.373064
vt -0.022981 0.373064
vt 0.022981 0.290161
vt -0.022981 0.290161
vt 0.022981 0.207258
vt -0.022981 0.207258
vt 0.022981 0.124355
vt -0.022981 0.124355
vt 0.022981 0.041452
vt -0.022981 0.041452
vt 0.022981 -0.041452
vt -0.022981 -0.041452
vt 0.022981 -0.124355
vt -0.022981 -0.124355
vt 0.022981 -0.207258
vt -0.022981 -0.207258
vt -0.014142 3.152065
vt 0.014142 3.152065
vt -0.014142 4.052655
vt 0.014142 4.052655
vt -0.014142 -4.052655
vt 0.014142 -4.052655
vt -0.014142 -3.152065
vt 0.014142 -3.152065
vt -0.014142 -2.251475
vt 0.014142 -2.251475
vt 0.014142 -2.001803
vt 0.014142 2.251475
vt -0.014142 2.251475
vt 0.014142 2.050852
vt -0.014142 1.350885
vt 0.014142 1.350885
vt 0.014142 1.037688
vt -0.014142 0.450295
vt 0.014142 0.450295
vt 0.014142 0.024524
vt -0.014142 -0.450295
vt 0.014142 -0.450295
vt 0.014142 -0.988639
vt -0.014142 -1.350885
vt 0.014142 -1.350885
vt -0.012500 3.952037
vt -0.242500 4.084070
vt -0.012500 3.687970
vt -0.012500 3.677474
vt 0.187500 3.684471
vt 0.187500 3.680972
vt 0.187500 3.677474
vt -0.012500 -4.216104
vt -0.012500 -3.952037
vt -0.242500 -4.084070
vt -0.012500 -3.687970
vt -0.012500 -3.677474
vt 0.187500 -3.680972
vt 0.187500 -3.677474
vt 0.187500 -3.687970
vt 0.187500 -3.684471
vt -0.242500 -3.176499
vt -0.012500 -2.971375
vt -0.242500 -2.268928
vt -0.012500 -2.265276
vt -0.012500 -1.559177
vt -0.242500 -1.361357
vt -0.012500 -0.853078
vt -0.242500 -0.453786
vt -0.008016 -0.832173
vt -0.001912 -0.823724
vt 0.002504 -0.820815
vt 0.007500 -0.819739
vt 0.187500 -0.819739
vt 0.187500 -0.273246
vt 0.187500 0.273246
vt -0.242500 0.453786
vt 0.187500 0.819739
vt 0.007500 0.819739
vt 0.002504 0.820815
vt -0.001912 0.823724
vt -0.008016 0.832173
vt -0.012500 0.853078
vt -0.242500 1.361357
vt -0.012500 1.559177
vt -0.242500 2.268928
vt -0.012500 2.265276
vt -0.012500 2.971375
vt -0.242500 3.176499
vt 0.187500 3.687970
vt -0.020000 0.383284
vt -0.020000 1.243515
vt -0.048284 0.355000
vt -0.200000 1.243515
vt -0.370000 0.897574
vt -0.200000 2.776485
vt -0.370000 3.122426
vt -0.048284 3.665000
vt -0.427574 3.180000
vt -1.360000 3.665000
vt -1.360000 3.180000
vt -0.020000 2.776485
vt -0.020000 3.636716
vt -0.427574 0.840000
vt -1.360000 0.355000
vt -1.360000 0.840000
vt -7.677060 0.000000
vt -6.835218 0.000000
vt -7.675950 0.010472
vt -6.818553 0.013657
vt -7.672918 0.020944
vt -6.811760 0.021616
vt -6.809414 0.026366
vt -6.808545 0.031416
vt -7.668776 0.031416
vt -6.195955 0.031416
vt -6.252524 0.031416
vt -6.197065 0.020944
vt -6.251414 0.020944
vt -6.200098 0.010472
vt -6.248382 0.010472
vt -6.204240 0.000000
vt -6.244240 0.000000
vt -0.028284 -1.092500
vt 0.028284 -1.092500
vt -0.028284 1.095931
vt 0.028284 1.112500
vt 0.028284 0.141421
vt -0.028284 0.124853
vt 0.028284 -0.141421
vt -0.028284 -0.124853
vt -0.141421 -2.160000
vt 0.141421 -2.160000
vt -0.141421 2.160000
vt 0.141421 2.160000
vt -0.028284 -0.124853
vt 0.028284 -0.141421
vt -0.028284 0.124853
vt 0.028284 0.141421
vt -1.458431 1.335000
vt 0.000000 1.300000
vt 1.458431 1.335000
vt 1.230000 1.257846
vt 1.391676 1.286354
vt -1.635000 1.158431
vt -1.470000 1.257846
vt -1.308324 1.286354
vt -1.166149 1.204269
vt -0.835624 0.995858
vt -1.110000 1.050000
vt -1.166149 0.895731
vt -1.635000 -4.258431
vt -1.485000 -1.050000
vt -1.575526 0.967915
vt -1.575526 1.132085
vt -1.458431 -4.435000
vt -1.470000 -4.357846
vt -1.575526 -4.232085
vt -1.575526 -4.067915
vt -1.308324 -4.386354
vt 1.458431 -4.435000
vt 1.230000 -4.357846
vt 1.391676 -4.386354
vt 1.533851 -4.304269
vt 1.635000 -4.258431
vt 1.590000 -4.150000
vt 1.476859 -1.096173
vt 1.533851 -3.995731
vt 1.417500 -1.166913
vt 1.391676 -3.913646
vt 1.326557 -1.182949
vt 1.230000 -3.942154
vt 1.246584 -1.136776
vt 0.444626 -1.221600
vt 1.215000 -1.050000
vt 1.125833 -0.650000
vt 1.246584 -0.963224
vt 1.326557 -0.917051
vt 1.635000 1.158431
vt 1.476859 -1.003827
vt 1.590000 1.050000
vt 1.533851 0.895731
vt 1.533851 1.204269
vt -1.280250 0.225743
vt -1.308324 0.813646
vt -1.470000 0.842154
vt -1.453416 -0.963224
vt -1.373443 -0.917051
vt -1.166149 -4.304269
vt 1.124474 -4.232085
vt -1.110000 -4.150000
vt 1.124474 -4.067915
vt -1.470000 -3.942154
vt -1.453416 -1.136776
vt -1.373443 -1.182949
vt -1.308324 -3.913646
vt -1.282500 -1.166913
vt -1.166149 -3.995731
vt -0.444626 -1.221600
vt 1.280250 0.225743
vt 1.417500 -0.933087
vt -1.125833 -0.650000
vt -1.282500 -0.933087
vt -1.223141 -1.003827
vt -1.223141 -1.096173
vt 1.391676 0.813646
vt 1.230000 0.842154
vt 1.124474 0.967915
vt 0.835624 0.995858
vt 1.124474 1.132085
vt 0.000000 0.167552
vt -0.280000 0.000000
vt 0.000000 0.000000
vt -0.280000 -0.167552
vt 0.000000 -0.167552
vt -0.280000 -0.335103
vt 0.000000 -0.335103
vt -0.280000 -0.502655
vt 0.000000 -0.502655
vt -0.280000 -0.670206
vt 0.000000 -0.670206
vt 0.000000 0.837758
vt -0.280000 0.837758
vt -0.280000 0.670206
vt 0.000000 0.670206
vt -0.280000 0.502655
vt 0.000000 0.502655
vt -0.280000 0.335103
vt 0.000000 0.335103
vt -0.280000 0.167552
vt 1.533851 1.204269
vt 1.449586 1.133562
vt 1.590000 1.050000
vt 1.480000 1.050000
vt 1.533851 0.895731
vt 1.449586 0.966438
vt 1.372574 0.921975
vt 1.372574 1.178025
vt 1.391676 1.286354
vt 1.230000 1.257846
vt 1.285000 1.162583
vt 1.124474 1.132085
vt 1.227840 1.094463
vt 1.124474 0.967915
vt 1.227840 1.005537
vt 1.285000 0.937417
vt 1.230000 0.842154
vt 1.391676 0.813646
vt -1.166149 1.204269
vt -1.250414 1.133562
vt -1.110000 1.050000
vt -1.220000 1.050000
vt -1.166149 0.895731
vt -1.250414 0.966438
vt -1.327426 0.921975
vt -1.327426 1.178025
vt -1.308324 1.286354
vt -1.470000 1.257846
vt -1.415000 1.162583
vt -1.575526 1.132085
vt -1.472160 1.094463
vt -1.575526 0.967915
vt -1.472160 1.005537
vt -1.415000 0.937417
vt -1.470000 0.842154
vt -1.308324 0.813646
vt 1.533851 -3.995731
vt 1.449586 -4.066438
vt 1.590000 -4.150000
vt 1.480000 -4.150000
vt 1.533851 -4.304269
vt 1.449586 -4.233562
vt 1.372574 -4.278025
vt 1.372574 -4.021975
vt 1.391676 -3.913646
vt 1.230000 -3.942154
vt 1.285000 -4.037417
vt 1.124474 -4.067915
vt 1.227840 -4.105537
vt 1.124474 -4.232085
vt 1.227840 -4.194463
vt 1.285000 -4.262583
vt 1.230000 -4.357846
vt 1.391676 -4.386354
vt -1.166149 -3.995731
vt -1.250414 -4.066438
vt -1.110000 -4.150000
vt -1.220000 -4.150000
vt -1.166149 -4.304269
vt -1.250414 -4.233562
vt -1.327426 -4.278025
vt -1.327426 -4.021975
vt -1.308324 -3.913646
vt -1.470000 -3.942154
vt -1.415000 -4.037417
vt -1.575526 -4.067915
vt -1.472160 -4.105537
vt -1.575526 -4.232085
vt -1.472160 -4.194463
vt -1.415000 -4.262583
vt -1.470000 -4.357846
vt -1.308324 -4.386354
vt 0.000000 0.167552
vt -0.280000 0.000000
vt 0.000000 0.000000
vt -0.280000 -0.167552
vt 0.000000 -0.167552
vt -0.280000 -0.335103
vt 0.000000 -0.335103
vt -0.280000 -0.502655
vt 0.000000 -0.502655
vt -0.280000 -0.670206
vt 0.000000 -0.670206
vt 0.000000 0.837758
vt -0.280000 0.837758
vt -0.280000 0.670206
vt 0.000000 0.670206
vt -0.280000 0.502655
vt 0.000000 0.502655
vt -0.280000 0.335103
vt 0.000000 0.335103
vt -0.280000 0.167552
vt 0.000000 0.167552
vt -0.280000 0.000000
vt 0.000000 0.000000
vt -0.280000 -0.167552
vt 0.000000 -0.167552
vt -0.280000 -0.335103
vt 0.000000 -0.335103
vt -0.280000 -0.502655
vt 0.000000 -0.502655
vt -0.280000 -0.670206
vt 0.000000 -0.670206
vt 0.000000 0.837758
vt -0.280000 0.837758
vt -0.280000 0.670206
vt 0.000000 0.670206
vt -0.280000 0.502655
vt 0.000000 0.502655
vt -0.280000 0.335103
vt 0.000000 0.335103
vt -0.280000 0.167552
vt 0.000000 0.167552
vt -0.280000 0.000000
vt 0.000000 0.000000
vt -0.280000 -0.167552
vt 0.000000 -0.167552
vt -0.280000 -0.335103
vt 0.000000 -0.335103
vt -0.280000 -0.502655
vt 0.000000 -0.502655
vt -0.280000 -0.670206
vt 0.000000 -0.670206
vt 0.000000 0.837758
vt -0.280000 0.837758
vt -0.280000 0.670206
vt 0.000000 0.670206
vt -0.280000 0.502655
vt 0.000000 0.502655
vt -0.280000 0.335103
vt 0.000000 0.335103
vt -0.280000 0.167552
vt -0.280000 0.090757
vt -0.700000 0.000000
vt -0.280000 0.000000
vt -0.700000 -0.090757
vt -0.280000 -0.090757
vt -0.700000 -0.181514
vt -0.280000 -0.181514
vt -0.700000 -0.272271
vt -0.280000 -0.272271
vt -0.700000 -0.363028
vt -0.280000 -0.363028
vt -0.280000 0.453786
vt -0.700000 0.453786
vt -0.700000 0.363028
vt -0.280000 0.363028
vt -0.700000 0.272271
vt -0.280000 0.272271
vt -0.700000 0.181514
vt -0.280000 0.181514
vt -0.700000 0.090757
vt 0.103416 -0.086776
vt 0.135000 0.000000
vt 0.130000 0.000000
vt 0.103416 0.086776
vt 0.099586 0.083562
vt 0.023443 0.132949
vt 0.022574 0.128025
vt -0.065000 0.112583
vt -0.067500 0.116913
vt -0.122160 0.044463
vt -0.126859 0.046173
vt -0.126859 -0.046173
vt -0.122160 -0.044463
vt -0.067500 -0.116913
vt -0.065000 -0.112583
vt 0.023443 -0.132949
vt 0.022574 -0.128025
vt 0.099586 -0.083562
vt 0.022981 -0.290161
vt -0.022981 -0.290161
vt 0.022981 -0.373064
vt -0.022981 -0.373064
vt 0.022981 0.373064
vt -0.022981 0.373064
vt 0.022981 0.290161
vt -0.022981 0.290161
vt 0.022981 0.207258
vt -0.022981 0.207258
vt 0.022981 0.124355
vt -0.022981 0.124355
vt 0.022981 0.041452
vt -0.022981 0.041452
vt 0.022981 -0.041452
vt -0.022981 -0.041452
vt 0.022981 -0.124355
vt -0.022981 -0.124355
vt 0.022981 -0.207258
vt -0.022981 -0.207258
vt 0.107168 0.250455
vt 0.924668 0.250455
vt 0.107168 0.322013
vt 0.924668 0.322013
vt 0.107168 -0.322013
vt 0.924668 -0.322013
vt 0.107168 -0.250455
vt 0.924668 -0.250455
vt 0.107168 -0.178896
vt 0.924668 -0.178896
vt 0.107168 -0.107338
vt 0.924668 -0.107338
vt 0.107168 -0.035779
vt 0.924668 -0.035779
vt 0.107168 0.035779
vt 0.924668 0.035779
vt 0.107168 0.107338
vt 0.924668 0.107338
vt 0.107168 0.178896
vt 0.924668 0.178896
vt 0.054596 -0.125227
vt -0.064984 -0.125227
vt 0.054596 -0.161007
vt 0.054596 -0.053669
vt -0.064984 -0.053669
vt 0.054596 -0.089448
vt 0.054596 0.017890
vt -0.064984 0.017890
vt 0.054596 -0.017890
vt 0.054596 0.089448
vt -0.064984 0.089448
vt 0.054596 0.053669
vt 0.054596 0.161007
vt -0.064984 0.161007
vt 0.054596 0.125227
vt -0.064984 0.053669
vt -0.064984 0.125227
vt -0.064984 -0.017890
vt -0.064984 -0.089448
vt -0.280000 0.090757
vt -0.700000 0.000000
vt -0.280000 0.000000
vt -0.700000 -0.090757
vt -0.280000 -0.090757
vt -0.700000 -0.181514
vt -0.280000 -0.181514
vt -0.700000 -0.272271
vt -0.280000 -0.272271
vt -0.700000 -0.363028
vt -0.280000 -0.363028
vt -0.280000 0.453786
vt -0.700000 0.453786
vt -0.700000 0.363028
vt -0.280000 0.363028
vt -0.700000 0.272271
vt -0.280000 0.272271
vt -0.700000 0.181514
vt -0.280000 0.181514
vt -0.700000 0.090757
vt 0.103416 -0.086776
vt 0.135000 0.000000
vt 0.130000 0.000000
vt 0.103416 0.086776
vt 0.099586 0.083562
vt 0.023443 0.132949
vt 0.022574 0.128025
vt -0.065000 0.112583
vt -0.067500 0.116913
vt -0.122160 0.044463
vt -0.126859 0.046173
vt -0.126859 -0.046173
vt -0.122160 -0.044463
vt -0.067500 -0.116913
vt -0.065000 -0.112583
vt 0.023443 -0.132949
vt 0.022574 -0.128025
vt 0.099586 -0.083562
vt 0.022981 -0.290161
vt -0.022981 -0.290161
vt 0.022981 -0.373064
vt -0.022981 -0.373064
vt 0.022981 0.373064
vt -0.022981 0.373064
vt 0.022981 0.290161
vt -0.022981 0.290161
vt 0.022981 0.207258
vt -0.022981 0.207258
vt 0.022981 0.124355
vt -0.022981 0.124355
vt 0.022981 0.041452
vt -0.022981 0.041452
vt 0.022981 -0.041452
vt -0.022981 -0.041452
vt 0.022981 -0.124355
vt -0.022981 -0.124355
vt 0.022981 -0.207258
vt -0.022981 -0.207258
vt 0.107168 0.250455
vt 0.924668 0.250455
vt 0.107168 0.322013
vt 0.924668 0.322013
vt 0.107168 -0.322013
vt 0.924668 -0.322013
vt 0.107168 -0.250455
vt 0.924668 -0.250455
vt 0.107168 -0.178896
vt 0.924668 -0.178896
vt 0.107168 -0.107338
vt 0.924668 -0.107338
vt 0.107168 -0.035779
vt 0.924668 -0.035779
vt 0.107168 0.035779
vt 0.924668 0.035779
vt 0.107168 0.107338
vt 0.924668 0.107338
vt 0.107168 0.178896
vt 0.924668 0.178896
vt 0.054596 -0.125227
vt -0.064984 -0.125227
vt 0.054596 -0.161007
vt 0.054596 -0.053669
vt -0.064984 -0.053669
vt 0.054596 -0.089448
vt 0.054596 0.017890
vt -0.064984 0.017890
vt 0.054596 -0.017890
vt 0.054596 0.089448
vt -0.064984 0.089448
vt 0.054596 0.053669
vt 0.054596 0.161007
vt -0.064984 0.161007
vt 0.054596 0.125227
vt -0.064984 0.053669
vt -0.064984 0.125227
vt -0.064984 -0.017890
vt -0.064984 -0.089448
vt -0.280000 0.090757
vt -0.700000 0.000000
vt -0.280000 0.000000
vt -0.700000 -0.090757
vt -0.280000 -0.090757
vt -0.700000 -0.181514
vt -0.280000 -0.181514
vt -0.700000 -0.272271
vt -0.280000 -0.272271
vt -0.700000 -0.363028
vt -0.280000 -0.363028
vt -0.280000 0.453786
vt -0.700000 0.453786
vt -0.700000 0.363028
vt -0.280000 0.363028
vt -0.700000 0.272271
vt -0.280000 0.272271
vt -0.700000 0.181514
vt -0.280000 0.181514
vt -0.700000 0.090757
vt 0.103416 -0.086776
vt 0.135000 0.000000
vt 0.130000 0.000000
vt 0.103416 0.086776
vt 0.099586 0.083562
vt 0.023443 0.132949
vt 0.022574 0.128025
vt -0.065000 0.112583
vt -0.067500 0.116913
vt -0.122160 0.044463
vt -0.126859 0.046173
vt -0.126859 -0.046173
vt -0.122160 -0.044463
vt -0.067500 -0.116913
vt -0.065000 -0.112583
vt 0.023443 -0.132949
vt 0.022574 -0.128025
vt 0.099586 -0.083562
vt 0.022981 -0.290161
vt -0.022981 -0.290161
vt 0.022981 -0.373064
vt -0.022981 -0.373064
vt 0.022981 0.373064
vt -0.022981 0.373064
vt 0.022981 0.290161
vt -0.022981 0.290161
vt 0.022981 0.207258
vt -0.022981 0.207258
vt 0.022981 0.124355
vt -0.022981 0.124355
vt 0.022981 0.041452
vt -0.022981 0.041452
vt 0.022981 -0.041452
vt -0.022981 -0.041452
vt 0.022981 -0.124355
vt -0.022981 -0.124355
vt 0.022981 -0.207258
vt -0.022981 -0.207258
vt 0.107168 0.250455
vt 0.924668 0.250455
vt 0.107168 0.322013
vt 0.924668 0.322013
vt 0.107168 -0.322013
vt 0.924668 -0.322013
vt 0.107168 -0.250455
vt 0.924668 -0.250455
vt 0.107168 -0.178896
vt 0.924668 -0.178896
vt 0.107168 -0.107338
vt 0.924668 -0.107338
vt 0.107168 -0.035779
vt 0.924668 -0.035779
vt 0.107168 0.035779
vt 0.924668 0.035779
vt 0.107168 0.107338
vt 0.924668 0.107338
vt 0.107168 0.178896
vt 0.924668 0.178896
vt 0.054596 -0.125227
vt -0.064984 -0.125227
vt 0.054596 -0.161007
vt 0.054596 -0.053669
vt -0.064984 -0.053669
vt 0.054596 -0.089448
vt 0.054596 0.017890
vt -0.064984 0.017890
vt 0.054596 -0.017890
vt 0.054596 0.089448
vt -0.064984 0.089448
vt 0.054596 0.053669
vt 0.054596 0.161007
vt -0.064984 0.161007
vt 0.054596 0.125227
vt -0.064984 0.053669
vt -0.064984 0.125227
vt -0.064984 -0.017890
vt -0.064984 -0.089448
vt -0.280000 0.090757
vt -0.700000 0.000000
vt -0.280000 0.000000
vt -0.700000 -0.090757
vt -0.280000 -0.090757
vt -0.700000 -0.181514
vt -0.280000 -0.181514
vt -0.700000 -0.272271
vt -0.280000 -0.272271
vt -0.700000 -0.363028
vt -0.280000 -0.363028
vt -0.280000 0.453786
vt -0.700000 0.453786
vt -0.700000 0.363028
vt -0.280000 0.363028
vt -0.700000 0.272271
vt -0.280000 0.272271
vt -0.700000 0.181514
vt -0.280000 0.181514
vt -0.700000 0.090757
vt 0.103416 -0.086776
vt 0.135000 0.000000
vt 0.130000 0.000000
vt 0.103416 0.086776
vt 0.099586 0.083562
vt 0.023443 0.132949
vt 0.022574 0.128025
vt -0.065000 0.112583
vt -0.067500 0.116913
vt -0.122160 0.044463
vt -0.126859 0.046173
vt -0.126859 -0.046173
vt -0.122160 -0.044463
vt -0.067500 -0.116913
vt -0.065000 -0.112583
vt 0.023443 -0.132949
vt 0.022574 -0.128025
vt 0.099586 -0.083562
vt 0.022981 -0.290161
vt -0.022981 -0.290161
vt 0.022981 -0.373064
vt -0.022981 -0.373064
vt 0.022981 0.373064
vt -0.022981 0.373064
vt 0.022981 0.290161
vt -0.022981 0.290161
vt 0.022981 0.207258
vt -0.022981 0.207258
vt 0.022981 0.124355
vt -0.022981 0.124355
vt 0.022981 0.041452
vt -0.022981 0.041452
vt 0.022981 -0.041452
vt -0.022981 -0.041452
vt 0.022981 -0.124355
vt -0.022981 -0.124355
vt 0.022981 -0.207258
vt -0.022981 -0.207258
vt 0.107168 0.250455
vt 0.924668 0.250455
vt 0.107168 0.322013
vt 0.924668 0.322013
vt 0.107168 -0.322013
vt 0.924668 -0.322013
vt 0.107168 -0.250455
vt 0.924668 -0.250455
vt 0.107168 -0.178896
vt 0.924668 -0.178896
vt 0.107168 -0.107338
vt 0.924668 -0.107338
vt 0.107168 -0.035779
vt 0.924668 -0.035779
vt 0.107168 0.035779
vt 0.924668 0.035779
vt 0.107168 0.107338
vt 0.924668 0.107338
vt 0.107168 0.178896
vt 0.924668 0.178896
vt 0.054596 -0.125227
vt -0.064984 -0.125227
vt 0.054596 -0.161007
vt 0.054596 -0.053669
vt -0.064984 -0.053669
vt 0.054596 -0.089448
vt 0.054596 0.017890
vt -0.064984 0.017890
vt 0.054596 -0.017890
vt 0.054596 0.089448
vt -0.064984 0.089448
vt 0.054596 0.053669
vt 0.054596 0.161007
vt -0.064984 0.161007
vt 0.054596 0.125227
vt -0.064984 0.053669
vt -0.064984 0.125227
vt -0.064984 -0.017890
vt -0.064984 -0.089448
vt 0.022981 0.082903
vt -0.022981 -0.000000
vt 0.022981 0.000000
vt -0.022981 -0.082903
vt 0.022981 -0.082903
vt -0.022981 -0.165806
vt 0.022981 -0.165806
vt -0.022981 -0.248709
vt 0.022981 -0.248709
vt -0.022981 -0.331613
vt 0.022981 -0.331613
vt 0.022981 0.414516
vt -0.022981 0.414516
vt -0.022981 0.331613
vt 0.022981 0.331613
vt -0.022981 0.248709
vt 0.022981 0.248709
vt -0.022981 0.165806
vt 0.022981 0.165806
vt -0.022981 0.082903
vt 0.132168 -0.071558
vt 0.399668 0.000000
vt 0.132168 0.000000
vt 0.399668 0.071558
vt 0.132168 0.071558
vt 0.399668 0.143117
vt 0.132168 0.143117
vt 0.399668 0.214675
vt 0.132168 0.214675
vt 0.399668 0.286234
vt 0.132168 0.286234
vt 0.132168 -0.357792
vt 0.399668 -0.357792
vt 0.399668 -0.286234
vt 0.132168 -0.286234
vt 0.399668 -0.214675
vt 0.132168 -0.214675
vt 0.399668 -0.143117
vt 0.132168 -0.143117
vt 0.399668 -0.071558
vt 1.271480 -1.115886
vt 1.446318 -1.085057
vt 1.247500 -1.050000
vt 1.446318 -1.014943
vt 1.271480 -0.984114
vt 1.401250 -0.961232
vt 1.332201 -0.949057
vt 1.332201 -1.150943
vt 1.401250 -1.138768
vt -1.271480 -0.984114
vt -1.446318 -1.014943
vt -1.247500 -1.050000
vt -1.446318 -1.085057
vt -1.271480 -1.115886
vt -1.401250 -1.138768
vt -1.332201 -1.150943
vt -1.332201 -0.949057
vt -1.401250 -0.961232
vt -0.132168 0.071558
vt -0.399668 0.000000
vt -0.132168 0.000000
vt -0.399668 -0.071558
vt -0.132168 -0.071558
vt -0.399668 -0.143117
vt -0.132168 -0.143117
vt -0.399668 -0.214675
vt -0.132168 -0.214675
vt -0.399668 -0.286234
vt -0.132168 -0.286234
vt -0.132168 0.357792
vt -0.399668 0.357792
vt -0.399668 0.286234
vt -0.132168 0.286234
vt -0.399668 0.214675
vt -0.132168 0.214675
vt -0.399668 0.143117
vt -0.132168 0.143117
vt -0.399668 0.071558
vt -0.022981 0.290161
vt 0.022981 0.331613
vt -0.022981 0.373064
vt -0.022981 -0.373064
vt 0.022981 -0.414516
vt 0.022981 -0.331613
vt -0.022981 -0.290161
vt 0.022981 -0.248709
vt -0.022981 -0.207258
vt 0.022981 -0.165806
vt -0.022981 -0.124355
vt 0.022981 -0.082903
vt -0.022981 -0.041452
vt 0.022981 0.000000
vt -0.022981 0.041452
vt 0.022981 0.082903
vt -0.022981 0.124355
vt 0.022981 0.165806
vt -0.022981 0.207258
vt 0.022981 0.248709
vt 0.028284 1.475000
vt -0.028284 1.458431
vt 0.028284 -1.475000
vt -0.028284 -1.458431
vt 0.200000 4.360000
vt 0.742500 3.116913
vt 3.150000 4.360000
vt 2.571584 3.086776
vt 2.651557 3.132949
vt 0.200000 0.040000
vt 0.540000 3.000000
vt 0.571584 3.086776
vt 0.651557 3.132949
vt 1.275000 0.040000
vt 1.275000 0.350000
vt 0.651557 2.867051
vt 0.571584 2.913224
vt 2.075000 0.350000
vt 0.801859 2.953827
vt 0.742500 2.883087
vt 2.075000 0.040000
vt 3.150000 0.040000
vt 2.651557 2.867051
vt 2.571584 2.913224
vt 2.801859 2.953827
vt 2.742500 2.883087
vt 0.801859 3.046173
vt 2.540000 3.000000
vt 2.742500 3.116913
vt 2.801859 3.046173
vt -0.028284 0.537500
vt -0.028284 -0.520931
vt 0.028284 0.537500
vt 0.028284 -0.537500
vt -0.000000 -0.200000
vt -0.041932 -0.200000
vt -0.000000 -0.350000
vt -0.180000 -0.350000
vt -0.140000 0.000000
vt -0.180000 -0.040000
vt -0.041932 0.000000
vt 0.766485 -1.050000
vt -0.766485 -1.050000
vt 0.271239 -1.271389
vt -0.271239 -1.271389
vt -0.400000 1.236932
vt -0.400000 1.195000
vt -0.390000 1.205000
vt 0.400000 1.195000
vt 0.390000 1.205000
vt 0.400000 1.236932
vt 0.396670 1.238004
vt 0.393336 1.239067
vt 0.390000 1.240121
vt -0.390000 1.240121
vt -0.393336 1.239067
vt -0.396670 1.238004
vt -0.000000 -0.200000
vt -0.800000 -0.200000
vt -0.000000 -0.350000
vt -0.800000 -0.350000
vt -0.180000 -0.200000
vt -0.180000 -0.350000
vt -0.138068 -0.200000
vt -0.000000 -0.350000
vt -0.040000 0.000000
vt -0.000000 -0.040000
vt -0.138068 0.000000
vt 0.028284 0.537500
vt -0.028284 0.520931
vt 0.028284 -0.537500
vt -0.028284 -0.537500
vt -0.028284 -0.124853
vt 0.028284 -0.141421
vt -0.028284 0.124853
vt 0.028284 0.141421
vt -0.028284 1.092500
vt -0.028284 -1.095931
vt 0.028284 1.092500
vt 0.028284 -1.112500
vt -10.432416 0.000000
vt -10.392416 0.000000
vt -10.436558 0.010472
vt -10.388274 0.010472
vt -10.439591 0.020944
vt -10.385242 0.020944
vt -10.440701 0.031416
vt -10.384132 0.031416
vt -7.368548 0.031416
vt -8.688548 0.031416
vt -7.369658 0.020944
vt -8.688548 0.020944
vt -7.372690 0.010472
vt -8.688548 0.010472
vt -7.376832 0.000000
vt -8.688548 0.000000
vt 3.445000 0.040000
vt 3.851557 1.267051
vt 3.445000 1.360000
vt 3.771584 1.313224
vt 3.740000 1.400000
vt 3.942500 1.283087
vt 5.650000 0.040000
vt 4.001859 1.353827
vt 4.001859 1.446173
vt 5.650000 4.360000
vt 3.978416 2.913224
vt 4.010000 3.000000
vt 3.978416 3.086776
vt 3.898443 3.132949
vt 3.807500 3.116913
vt 0.200000 4.360000
vt 0.778416 3.086776
vt 0.698443 3.132949
vt 0.607500 3.116913
vt 0.548141 3.046173
vt 0.548141 2.953827
vt 0.200000 0.040000
vt 0.548141 1.446173
vt 0.548141 1.353827
vt 0.607500 1.283087
vt 0.698443 1.267051
vt 2.125000 0.040000
vt 0.778416 1.313224
vt 2.125000 1.360000
vt 0.810000 1.400000
vt 0.778416 1.486776
vt 0.778416 2.913224
vt 0.698443 2.867051
vt 3.807500 2.883087
vt 3.748141 2.953827
vt 0.810000 3.000000
vt 3.748141 3.046173
vt 3.942500 1.516913
vt 3.898443 2.867051
vt 3.851557 1.532949
vt 3.771584 1.486776
vt 0.607500 2.883087
vt 0.607500 1.516913
vt 0.698443 1.532949
vt 0.022981 0.082903
vt -0.022981 -0.000000
vt 0.022981 0.000000
vt -0.022981 -0.082903
vt 0.022981 -0.082903
vt -0.022981 -0.165806
vt 0.022981 -0.165806
vt -0.022981 -0.248709
vt 0.022981 -0.248709
vt -0.022981 -0.331613
vt 0.022981 -0.331613
vt 0.022981 0.414516
vt -0.022981 0.414516
vt -0.022981 0.331613
vt 0.022981 0.331613
vt -0.022981 0.248709
vt 0.022981 0.248709
vt -0.022981 0.165806
vt 0.022981 0.165806
vt -0.022981 0.082903
vt 0.079668 -0.071558
vt 0.347168 0.000000
vt 0.079668 0.000000
vt 0.347168 0.071558
vt 0.079668 0.071558
vt 0.347168 0.143117
vt 0.079668 0.143117
vt 0.347168 0.214675
vt 0.079668 0.214675
vt 0.347168 0.286234
vt 0.079668 0.286234
vt 0.079668 -0.357792
vt 0.347168 -0.357792
vt 0.347168 -0.286234
vt 0.079668 -0.286234
vt 0.347168 -0.214675
vt 0.079668 -0.214675
vt 0.347168 -0.143117
vt 0.079668 -0.143117
vt 0.347168 -0.071558
vt 0.800000 -0.702500
vt 0.865886 -0.678520
vt 0.734114 -0.678520
vt 0.699057 -0.617799
vt 0.900943 -0.617799
vt 0.711232 -0.548750
vt 0.888768 -0.548750
vt 0.764943 -0.503682
vt 0.835057 -0.503682
vt -0.800000 -0.497500
vt -0.865886 -0.521480
vt -0.734114 -0.521480
vt -0.699057 -0.582201
vt -0.900943 -0.582201
vt -0.711232 -0.651250
vt -0.888768 -0.651250
vt -0.764943 -0.696318
vt -0.835057 -0.696318
vt 0.800000 -3.697500
vt 0.734114 -3.721480
vt 0.865886 -3.721480
vt 0.900943 -3.782201
vt 0.699057 -3.782201
vt 0.888768 -3.851250
vt 0.711232 -3.851250
vt 0.835057 -3.896318
vt 0.764943 -3.896318
vt -0.800000 -3.697500
vt -0.865886 -3.721480
vt -0.734114 -3.721480
vt -0.699057 -3.782201
vt -0.900943 -3.782201
vt -0.711232 -3.851250
vt -0.888768 -3.851250
vt -0.764943 -3.896318
vt -0.835057 -3.896318
vt 0.079668 0.250455
vt 0.347168 0.250455
vt 0.079668 0.322013
vt 0.347168 0.322013
vt 0.079668 -0.322013
vt 0.347168 -0.322013
vt 0.079668 -0.250455
vt 0.347168 -0.250455
vt 0.079668 -0.178896
vt 0.347168 -0.178896
vt 0.079668 -0.107338
vt 0.347168 -0.107338
vt 0.079668 -0.035779
vt 0.347168 -0.035779
vt 0.079668 0.035779
vt 0.347168 0.035779
vt 0.079668 0.107338
vt 0.347168 0.107338
vt 0.079668 0.178896
vt 0.347168 0.178896
vt 0.022981 -0.290161
vt -0.022981 -0.290161
vt 0.022981 -0.373064
vt -0.022981 -0.373064
vt 0.022981 0.373064
vt -0.022981 0.373064
vt 0.022981 0.290161
vt -0.022981 0.290161
vt 0.022981 0.207258
vt -0.022981 0.207258
vt 0.022981 0.124355
vt -0.022981 0.124355
vt 0.022981 0.041452
vt -0.022981 0.041452
vt 0.022981 -0.041452
vt -0.022981 -0.041452
vt 0.022981 -0.124355
vt -0.022981 -0.124355
vt 0.022981 -0.207258
vt -0.022981 -0.207258
vt 0.079668 0.250455
vt 0.347168 0.250455
vt 0.079668 0.322013
vt 0.347168 0.322013
vt 0.079668 -0.322013
vt 0.347168 -0.322013
vt 0.079668 -0.250455
vt 0.347168 -0.250455
vt 0.079668 -0.178896
vt 0.347168 -0.178896
vt 0.079668 -0.107338
vt 0.347168 -0.107338
vt 0.079668 -0.035779
vt 0.347168 -0.035779
vt 0.079668 0.035779
vt 0.347168 0.035779
vt 0.079668 0.107338
vt 0.347168 0.107338
vt 0.079668 0.178896
vt 0.347168 0.178896
vt 0.022981 -0.290161
vt -0.022981 -0.290161
vt 0.022981 -0.373064
vt -0.022981 -0.373064
vt 0.022981 0.373064
vt -0.022981 0.373064
vt 0.022981 0.290161
vt -0.022981 0.290161
vt 0.022981 0.207258
vt -0.022981 0.207258
vt 0.022981 0.124355
vt -0.022981 0.124355
vt 0.022981 0.041452
vt -0.022981 0.041452
vt 0.022981 -0.041452
vt -0.022981 -0.041452
vt 0.022981 -0.124355
vt -0.022981 -0.124355
vt 0.022981 -0.207258
vt -0.022981 -0.207258
vt 0.079668 0.250455
vt 0.347168 0.250455
vt 0.079668 0.322013
vt 0.347168 0.322013
vt 0.079668 -0.322013
vt 0.347168 -0.322013
vt 0.079668 -0.250455
vt 0.347168 -0.250455
vt 0.079668 -0.178896
vt 0.347168 -0.178896
vt 0.079668 -0.107338
vt 0.347168 -0.107338
vt 0.079668 -0.035779
vt 0.347168 -0.035779
vt 0.079668 0.035779
vt 0.347168 0.035779
vt 0.079668 0.107338
vt 0.347168 0.107338
vt 0.079668 0.178896
vt 0.347168 0.178896
vt 0.022981 -0.290161
vt -0.022981 -0.290161
vt 0.022981 -0.373064
vt -0.022981 -0.373064
vt 0.022981 0.373064
vt -0.022981 0.373064
vt 0.022981 0.290161
vt -0.022981 0.290161
vt 0.022981 0.207258
vt -0.022981 0.207258
vt 0.022981 0.124355
vt -0.022981 0.124355
vt 0.022981 0.041452
vt -0.022981 0.041452
vt 0.022981 -0.041452
vt -0.022981 -0.041452
vt 0.022981 -0.124355
vt -0.022981 -0.124355
vt 0.022981 -0.207258
vt -0.022981 -0.207258
vt 1.170000 -1.050000
vt 1.170000 -2.350000
vt 1.655000 -1.050000
vt 1.675000 -2.350000
vt 1.665000 -1.047321
vt 1.672321 -1.040000
vt 1.675000 -1.030000
vt 1.155000 -1.054019
vt 1.140000 -1.080000
vt 1.140000 -2.320000
vt 1.155000 -2.345981
vt 1.144019 -2.335000
vt 1.144019 -1.065000
vt -1.675000 -1.030000
vt -1.675000 -2.350000
vt -1.672321 -1.040000
vt -1.665000 -1.047321
vt -1.655000 -1.050000
vt -1.170000 -2.350000
vt -1.170000 -1.050000
vt -1.140000 -1.080000
vt -1.155000 -1.054019
vt -1.144019 -1.065000
vt -1.140000 -2.320000
vt -1.155000 -2.345981
vt -1.144019 -2.335000
vt -10.898548 0.000000
vt -10.898548 0.010472
vt -12.210264 0.000000
vt -12.214406 0.010472
vt -10.898548 0.020944
vt -12.217438 0.020944
vt -10.898548 0.031416
vt -12.218548 0.031416
vt 2.405000 1.360000
vt 2.042500 1.283087
vt 2.405000 0.040000
vt 1.951557 1.267051
vt 0.200000 0.040000
vt 1.871584 1.313224
vt 1.840000 1.400000
vt 3.725000 1.360000
vt 2.042500 2.883087
vt 2.042500 1.516913
vt 2.101859 1.446173
vt 3.725000 0.040000
vt 5.071584 1.313224
vt 5.040000 1.400000
vt 5.071584 1.486776
vt 5.151557 1.267051
vt 5.650000 0.040000
vt 5.242500 1.283087
vt 5.301859 1.353827
vt 5.301859 1.446173
vt 5.301859 2.953827
vt 5.242500 2.883087
vt 5.650000 4.360000
vt 5.301859 3.046173
vt 5.242500 3.116913
vt 5.151557 3.132949
vt 5.071584 3.086776
vt 2.042500 3.116913
vt 2.101859 3.046173
vt 0.200000 4.360000
vt 1.951557 3.132949
vt 1.871584 3.086776
vt 1.840000 3.000000
vt 1.871584 2.913224
vt 1.871584 1.486776
vt 5.040000 3.000000
vt 2.101859 2.953827
vt 5.071584 2.913224
vt 1.951557 2.867051
vt 1.951557 1.532949
vt 5.151557 2.867051
vt 5.151557 1.532949
vt 5.242500 1.516913
vt 2.101859 1.353827
vt 0.022981 0.082903
vt -0.022981 0.000000
vt 0.022981 0.000000
vt -0.022981 -0.082903
vt 0.022981 -0.082903
vt -0.022981 -0.165806
vt 0.022981 -0.165806
vt -0.022981 -0.248709
vt 0.022981 -0.248709
vt -0.022981 -0.331613
vt 0.022981 -0.331613
vt 0.022981 0.414516
vt -0.022981 0.414516
vt -0.022981 0.331613
vt 0.022981 0.331613
vt -0.022981 0.248709
vt 0.022981 0.248709
vt -0.022981 0.165806
vt 0.022981 0.165806
vt -0.022981 0.082903
vt -0.079668 -0.250455
vt -0.347168 -0.250455
vt -0.079668 -0.322013
vt -0.347168 -0.322013
vt -0.079668 0.322013
vt -0.347168 0.322013
vt -0.079668 0.250455
vt -0.347168 0.250455
vt -0.079668 0.178896
vt -0.347168 0.178896
vt -0.079668 0.107338
vt -0.347168 0.107338
vt -0.079668 0.035779
vt -0.347168 0.035779
vt -0.079668 -0.035779
vt -0.347168 -0.035779
vt -0.079668 -0.107338
vt -0.347168 -0.107338
vt -0.079668 -0.178896
vt -0.347168 -0.178896
vt -0.800000 -0.497500
vt -0.865886 -0.521480
vt -0.734114 -0.521480
vt -0.699057 -0.582201
vt -0.900943 -0.582201
vt -0.711232 -0.651250
vt -0.888768 -0.651250
vt -0.764943 -0.696318
vt -0.835057 -0.696318
vt 0.800000 -0.702500
vt 0.865886 -0.678520
vt 0.734114 -0.678520
vt 0.699057 -0.617799
vt 0.900943 -0.617799
vt 0.711232 -0.548750
vt 0.888768 -0.548750
vt 0.764943 -0.503682
vt 0.835057 -0.503682
vt -0.800000 -3.902500
vt -0.734114 -3.878520
vt -0.865886 -3.878520
vt -0.900943 -3.817799
vt -0.699057 -3.817799
vt -0.888768 -3.748750
vt -0.711232 -3.748750
vt -0.835057 -3.703682
vt -0.764943 -3.703682
vt 0.800000 -3.902500
vt 0.865886 -3.878520
vt 0.734114 -3.878520
vt 0.699057 -3.817799
vt 0.900943 -3.817799
vt 0.711232 -3.748750
vt 0.888768 -3.748750
vt 0.764943 -3.703682
vt 0.835057 -3.703682
vt -0.079668 0.071558
vt -0.347168 -0.000000
vt -0.079668 -0.000000
vt -0.347168 -0.071558
vt -0.079668 -0.071558
vt -0.347168 -0.143117
vt -0.079668 -0.143117
vt -0.347168 -0.214675
vt -0.079668 -0.214675
vt -0.347168 -0.286234
vt -0.079668 -0.286234
vt -0.079668 0.357792
vt -0.347168 0.357792
vt -0.347168 0.286234
vt -0.079668 0.286234
vt -0.347168 0.214675
vt -0.079668 0.214675
vt -0.347168 0.143117
vt -0.079668 0.143117
vt -0.347168 0.071558
vt -0.022981 0.290161
vt 0.022981 0.331613
vt -0.022981 0.373064
vt -0.022981 -0.373064
vt 0.022981 -0.414516
vt 0.022981 -0.331613
vt -0.022981 -0.290161
vt 0.022981 -0.248709
vt -0.022981 -0.207258
vt 0.022981 -0.165806
vt -0.022981 -0.124355
vt 0.022981 -0.082903
vt -0.022981 -0.041452
vt 0.022981 0.000000
vt -0.022981 0.041452
vt 0.022981 0.082903
vt -0.022981 0.124355
vt 0.022981 0.165806
vt -0.022981 0.207258
vt 0.022981 0.248709
vt -0.079668 0.071558
vt -0.347168 -0.000000
vt -0.079668 -0.000000
vt -0.347168 -0.071558
vt -0.079668 -0.071558
vt -0.347168 -0.143117
vt -0.079668 -0.143117
vt -0.347168 -0.214675
vt -0.079668 -0.214675
vt -0.347168 -0.286234
vt -0.079668 -0.286234
vt -0.079668 0.357792
vt -0.347168 0.357792
vt -0.347168 0.286234
vt -0.079668 0.286234
vt -0.347168 0.214675
vt -0.079668 0.214675
vt -0.347168 0.143117
vt -0.079668 0.143117
vt -0.347168 0.071558
vt -0.022981 0.290161
vt 0.022981 0.331613
vt -0.022981 0.373064
vt -0.022981 -0.373064
vt 0.022981 -0.414516
vt 0.022981 -0.331613
vt -0.022981 -0.290161
vt 0.022981 -0.248709
vt -0.022981 -0.207258
vt 0.022981 -0.165806
vt -0.022981 -0.124355
vt 0.022981 -0.082903
vt -0.022981 -0.041452
vt 0.022981 0.000000
vt -0.022981 0.041452
vt 0.022981 0.082903
vt -0.022981 0.124355
vt 0.022981 0.165806
vt -0.022981 0.207258
vt 0.022981 0.248709
vt -0.079668 0.071558
vt -0.347168 -0.000000
vt -0.079668 -0.000000
vt -0.347168 -0.071558
vt -0.079668 -0.071558
vt -0.347168 -0.143117
vt -0.079668 -0.143117
vt -0.347168 -0.214675
vt -0.079668 -0.214675
vt -0.347168 -0.286234
vt -0.079668 -0.286234
vt -0.079668 0.357792
vt -0.347168 0.357792
vt -0.347168 0.286234
vt -0.079668 0.286234
vt -0.347168 0.214675
vt -0.079668 0.214675
vt -0.347168 0.143117
vt -0.079668 0.143117
vt -0.347168 0.071558
vt -0.022981 0.290161
vt 0.022981 0.331613
vt -0.022981 0.373064
vt -0.022981 -0.373064
vt 0.022981 -0.414516
vt 0.022981 -0.331613
vt -0.022981 -0.290161
vt 0.022981 -0.248709
vt -0.022981 -0.207258
vt 0.022981 -0.165806
vt -0.022981 -0.124355
vt 0.022981 -0.082903
vt -0.022981 -0.041452
vt 0.022981 0.000000
vt -0.022981 0.041452
vt 0.022981 0.082903
vt -0.022981 0.124355
vt 0.022981 0.165806
vt -0.022981 0.207258
vt 0.022981 0.248709
vt 0.028284 2.725000
vt -0.028284 2.708431
vt 0.028284 -2.725000
vt -0.028284 -2.708431
vt 0.028284 0.141421
vt -0.028284 0.124853
vt 0.028284 -0.141421
vt -0.028284 -0.124853
vt -0.141421 -2.160000
vt 0.141421 -2.160000
vt -0.141421 2.160000
vt 0.141421 2.160000
vt 0.200000 4.360000
vt 2.571584 3.086776
vt 3.150000 4.360000
vt 2.651557 3.132949
vt 2.742500 3.116913
vt 0.200000 0.040000
vt 0.548141 2.953827
vt 0.548141 3.046173
vt 0.607500 3.116913
vt 3.150000 0.040000
vt 2.607500 1.283087
vt 0.778416 1.313224
vt 0.698443 1.267051
vt 2.810000 1.400000
vt 2.778416 1.313224
vt 2.698443 1.267051
vt 0.778416 2.913224
vt 2.571584 2.913224
vt 0.810000 3.000000
vt 2.540000 3.000000
vt 0.778416 3.086776
vt 0.698443 2.867051
vt 0.778416 1.486776
vt 2.548141 1.446173
vt 2.607500 1.516913
vt 2.651557 2.867051
vt 2.698443 1.532949
vt 2.742500 2.883087
vt 2.778416 1.486776
vt 2.801859 2.953827
vt 0.607500 2.883087
vt 0.607500 1.516913
vt 0.698443 1.532949
vt 0.548141 1.446173
vt 0.698443 3.132949
vt 2.548141 1.353827
vt 0.810000 1.400000
vt 0.607500 1.283087
vt 0.548141 1.353827
vt 2.801859 3.046173
vt 0.022981 0.082903
vt -0.022981 0.000000
vt 0.022981 0.000000
vt -0.022981 -0.082903
vt 0.022981 -0.082903
vt -0.022981 -0.165806
vt 0.022981 -0.165806
vt -0.022981 -0.248709
vt 0.022981 -0.248709
vt -0.022981 -0.331613
vt 0.022981 -0.331613
vt 0.022981 0.414516
vt -0.022981 0.414516
vt -0.022981 0.331613
vt 0.022981 0.331613
vt -0.022981 0.248709
vt 0.022981 0.248709
vt -0.022981 0.165806
vt 0.022981 0.165806
vt -0.022981 0.082903
vt 0.079668 -0.071558
vt 0.347168 0.000000
vt 0.079668 0.000000
vt 0.347168 0.071558
vt 0.079668 0.071558
vt 0.347168 0.143117
vt 0.079668 0.143117
vt 0.347168 0.214675
vt 0.079668 0.214675
vt 0.347168 0.286234
vt 0.079668 0.286234
vt 0.079668 -0.357792
vt 0.347168 -0.357792
vt 0.347168 -0.286234
vt 0.079668 -0.286234
vt 0.347168 -0.214675
vt 0.079668 -0.214675
vt 0.347168 -0.143117
vt 0.079668 -0.143117
vt 0.347168 -0.071558
vt 0.921480 0.734114
vt 1.096318 0.764943
vt 0.897500 0.800000
vt 1.096318 0.835057
vt 0.921480 0.865886
vt 1.051250 0.888768
vt 0.982201 0.900943
vt 0.982201 0.699057
vt 1.051250 0.711232
vt -0.921480 0.865886
vt -1.096318 0.835057
vt -0.897500 0.800000
vt -1.096318 0.764943
vt -0.921480 0.734114
vt -1.051250 0.711232
vt -0.982201 0.699057
vt -0.982201 0.900943
vt -1.051250 0.888768
vt 1.078520 -0.734114
vt 0.903682 -0.764943
vt 1.102500 -0.800000
vt 0.903682 -0.835057
vt 1.078520 -0.865886
vt 0.948750 -0.888768
vt 1.017799 -0.900943
vt 1.017799 -0.699057
vt 0.948750 -0.711232
vt -0.921480 -0.734114
vt -1.096318 -0.764943
vt -0.897500 -0.800000
vt -1.096318 -0.835057
vt -0.921480 -0.865886
vt -1.051250 -0.888768
vt -0.982201 -0.900943
vt -0.982201 -0.699057
vt -1.051250 -0.711232
vt 0.079668 0.250455
vt 0.347168 0.250455
vt 0.079668 0.322013
vt 0.347168 0.322013
vt 0.079668 -0.322013
vt 0.347168 -0.322013
vt 0.079668 -0.250455
vt 0.347168 -0.250455
vt 0.079668 -0.178896
vt 0.347168 -0.178896
vt 0.079668 -0.107338
vt 0.347168 -0.107338
vt 0.079668 -0.035779
vt 0.347168 -0.035779
vt 0.079668 0.035779
vt 0.347168 0.035779
vt 0.079668 0.107338
vt 0.347168 0.107338
vt 0.079668 0.178896
vt 0.347168 0.178896
vt 0.022981 -0.290161
vt -0.022981 -0.290161
vt 0.022981 -0.373064
vt -0.022981 -0.373064
vt 0.022981 0.373064
vt -0.022981 0.373064
vt 0.022981 0.290161
vt -0.022981 0.290161
vt 0.022981 0.207258
vt -0.022981 0.207258
vt 0.022981 0.124355
vt -0.022981 0.124355
vt 0.022981 0.041452
vt -0.022981 0.041452
vt 0.022981 -0.041452
vt -0.022981 -0.041452
vt 0.022981 -0.124355
vt -0.022981 -0.124355
vt 0.022981 -0.207258
vt -0.022981 -0.207258
vt 0.079668 0.250455
vt 0.347168 0.250455
vt 0.079668 0.322013
vt 0.347168 0.322013
vt 0.079668 -0.322013
vt 0.347168 -0.322013
vt 0.079668 -0.250455
vt 0.347168 -0.250455
vt 0.079668 -0.178896
vt 0.347168 -0.178896
vt 0.079668 -0.107338
vt 0.347168 -0.107338
vt 0.079668 -0.035779
vt 0.347168 -0.035779
vt 0.079668 0.035779
vt 0.347168 0.035779
vt 0.079668 0.107338
vt 0.347168 0.107338
vt 0.079668 0.178896
vt 0.347168 0.178896
vt 0.022981 -0.290161
vt -0.022981 -0.290161
vt 0.022981 -0.373064
vt -0.022981 -0.373064
vt 0.022981 0.373064
vt -0.022981 0.373064
vt 0.022981 0.290161
vt -0.022981 0.290161
vt 0.022981 0.207258
vt -0.022981 0.207258
vt 0.022981 0.124355
vt -0.022981 0.124355
vt 0.022981 0.041452
vt -0.022981 0.041452
vt 0.022981 -0.041452
vt -0.022981 -0.041452
vt 0.022981 -0.124355
vt -0.022981 -0.124355
vt 0.022981 -0.207258
vt -0.022981 -0.207258
vt 0.079668 0.250455
vt 0.347168 0.250455
vt 0.079668 0.322013
vt 0.347168 0.322013
vt 0.079668 -0.322013
vt 0.347168 -0.322013
vt 0.079668 -0.250455
vt 0.347168 -0.250455
vt 0.079668 -0.178896
vt 0.347168 -0.178896
vt 0.079668 -0.107338
vt 0.347168 -0.107338
vt 0.079668 -0.035779
vt 0.347168 -0.035779
vt 0.079668 0.035779
vt 0.347168 0.035779
vt 0.079668 0.107338
vt 0.347168 0.107338
vt 0.079668 0.178896
vt 0.347168 0.178896
vt 0.022981 -0.290161
vt -0.022981 -0.290161
vt 0.022981 -0.373064
vt -0.022981 -0.373064
vt 0.022981 0.373064
vt -0.022981 0.373064
vt 0.022981 0.290161
vt -0.022981 0.290161
vt 0.022981 0.207258
vt -0.022981 0.207258
vt 0.022981 0.124355
vt -0.022981 0.124355
vt 0.022981 0.041452
vt -0.022981 0.041452
vt 0.022981 -0.041452
vt -0.022981 -0.041452
vt 0.022981 -0.124355
vt -0.022981 -0.124355
vt 0.022981 -0.207258
vt -0.022981 -0.207258
vt 0.028284 1.475000
vt -0.028284 1.458431
vt 0.028284 -1.475000
vt -0.028284 -1.458431
vt 0.028284 0.141421
vt -0.028284 0.124853
vt 0.028284 -0.141421
vt -0.028284 -0.124853
vt -0.141421 -2.160000
vt 0.141421 -2.160000
vt -0.141421 2.160000
vt 0.141421 2.160000
vt -0.028284 -0.124853
vt 0.028284 -0.141421
vt -0.028284 0.124853
vt 0.028284 0.141421
vt 0.028284 1.475000
vt -0.028284 1.458431
vt 0.028284 -1.475000
vt -0.028284 -1.458431
vt -0.028284 -0.124853
vt 0.028284 -0.141421
vt -0.028284 0.124853
vt 0.028284 0.141421
vt -0.020000 0.956642
vt -0.028284 -0.945931
vt 0.000000 0.962500
vt 0.028284 -0.962500
vt 0.028284 0.962500
vt -0.026131 0.950154
vt -0.028284 0.942500
vt -4.407060 0.000000
vt -4.405538 0.007854
vt -4.872060 0.000000
vt -4.872060 0.010472
vt -4.401202 0.015708
vt -4.872060 0.020944
vt -4.387060 0.031416
vt -4.872060 0.031416
vt -0.041888 -0.078925
vt -0.031416 -0.078925
vt -0.041888 -0.060150
vt -0.031416 -0.060150
vt -0.041888 -0.041375
vt -0.031416 -0.041375
vt -0.031416 -0.022599
vt -0.041888 -0.022599
vt -0.052360 -0.041375
vt -0.052360 -0.060150
vt -0.052360 -0.078925
vt -0.062832 -0.060150
vt -0.062832 -0.078925
vt -0.052360 -0.022599
vt -0.062832 -0.022599
vt -0.062832 -0.041375
vt -0.018908 0.031416
vt -0.146481 0.031416
vt -0.018908 0.020944
vt -0.146481 0.020944
vt -0.018908 0.010472
vt -0.146481 0.010472
vt -0.018908 0.000000
vt -0.146481 0.000000
vt -1.142426 -0.020000
vt -1.270000 -0.020000
vt -1.142426 -0.440000
vt -1.270000 -1.360000
vt -0.030000 -1.360000
vt -0.030000 -0.440000
vt -7.348548 0.000000
vt -7.348548 0.007854
vt -7.759761 0.000000
vt -7.766264 0.011781
vt -7.348548 0.015708
vt -7.768548 0.023562
vt -7.348548 0.023562
vt -0.031416 0.018961
vt -0.031416 0.012641
vt -0.020944 0.018961
vt -0.020944 0.000000
vt -0.010472 0.000000
vt -0.031416 0.006320
vt -0.031416 0.000000
vt -0.000000 0.000000
vt -0.000000 0.006320
vt -0.000000 0.012641
vt -0.010472 0.018961
vt -0.000000 0.018961
vt -0.460745 -0.000000
vt -0.018908 0.000000
vt -0.460745 0.010472
vt -0.018908 0.010472
vt -0.460745 0.020944
vt -0.018908 0.020944
vt -0.460745 0.031416
vt -0.018908 0.031416
vt -0.031416 0.037922
vt -0.031416 0.031602
vt -0.020944 0.037922
vt -0.020944 0.018961
vt -0.010472 0.018961
vt -0.031416 0.025282
vt -0.031416 0.018961
vt -0.000000 0.018961
vt -0.000000 0.025282
vt -0.000000 0.031602
vt -0.010472 0.037922
vt -0.000000 0.037922
vt -1.608457 0.000000
vt -0.013310 0.000000
vt -1.608457 0.010472
vt -0.013310 0.010472
vt -1.608457 0.020944
vt -0.013310 0.020944
vt -1.608457 0.031416
vt -0.013310 0.031416
vt 0.031416 0.018961
vt 0.031416 0.025282
vt 0.020944 0.018961
vt 0.031416 0.031602
vt 0.020944 0.037922
vt 0.031416 0.037922
vt 0.010472 0.037922
vt 0.010472 0.018961
vt 0.000000 0.031602
vt 0.000000 0.025282
vt 0.000000 0.037922
vt 0.000000 0.018961
vt -0.018908 0.031416
vt -0.460745 0.031416
vt -0.018908 0.020944
vt -0.460745 0.020944
vt -0.018908 0.010472
vt -0.460745 0.010472
vt -0.018908 0.000000
vt -0.460745 0.000000
vt -0.220919 0.231213
vt -0.220919 -0.180000
vt -0.176777 0.200000
vt 0.220919 -0.180000
vt 0.220919 0.200000
vt -12.238548 0.023562
vt -12.238548 0.015708
vt -11.818548 0.023562
vt -11.820832 0.011781
vt -12.238548 0.007854
vt -11.827335 0.000000
vt -12.238548 0.000000
vt 0.031416 0.000000
vt 0.031416 0.006320
vt 0.020944 0.000000
vt 0.031416 0.012641
vt 0.020944 0.018961
vt 0.031416 0.018961
vt 0.010472 0.018961
vt 0.010472 0.000000
vt 0.000000 0.012641
vt 0.000000 0.006320
vt 0.000000 0.018961
vt 0.000000 0.000000
vt -1.258908 0.000000
vt -1.131334 0.000000
vt -1.258908 0.010472
vt -1.131334 0.010472
vt -1.258908 0.020944
vt -1.131334 0.020944
vt -1.258908 0.031416
vt -1.131334 0.031416
vt 0.041888 0.072234
vt 0.031416 0.072234
vt 0.041888 0.053459
vt 0.031416 0.053459
vt 0.041888 0.034684
vt 0.031416 0.034684
vt 0.041888 0.015909
vt 0.031416 0.015909
vt 0.052360 0.015909
vt 0.052360 0.034684
vt 0.052360 0.053459
vt 0.052360 0.072234
vt 0.062832 0.072234
vt 0.062832 0.053459
vt 0.062832 0.034684
vt 0.062832 0.015909
vt -2.818952 0.031416
vt -3.303952 0.031416
vt -2.818952 0.020944
vt -3.289810 0.015708
vt -2.818952 0.010472
vt -3.285474 0.007854
vt -2.818952 0.000000
vt -3.283952 0.000000
vt -0.026131 -0.950154
vt -0.020000 -0.956642
vt -0.028284 -0.942500
vt -0.028284 0.945931
vt 0.000000 -0.962500
vt 0.028284 0.962500
vt 0.028284 -0.962500
vt -0.380000 3.180000
vt 0.960000 3.180000
vt -0.380000 3.665000
vt 0.960000 3.685000
vt -0.360000 3.685000
vt -0.380000 0.840000
vt -0.380000 0.355000
vt 0.960000 0.840000
vt 0.960000 0.335000
vt -0.360000 0.335000
vt 8.688548 0.047124
vt 7.348548 0.047124
vt 8.688548 0.031416
vt 7.348548 0.031416
vt 8.688548 0.015708
vt 7.348548 0.015708
vt 8.688548 0.000000
vt 7.348548 0.000000
vt -0.157574 -0.020000
vt -0.157574 -0.440000
vt -0.030000 -0.020000
vt -0.030000 -1.360000
vt -1.270000 -1.360000
vt -1.270000 -0.440000
vt 7.756122 0.000000
vt 8.688548 0.000000
vt 7.762335 0.015708
vt 8.688548 0.015708
vt 7.766883 0.031416
vt 8.688548 0.031416
vt 7.768548 0.047124
vt 8.688548 0.047124
vt 6.902560 0.000000
vt 6.959128 0.000000
vt 6.900895 0.015708
vt 6.960793 0.015708
vt 6.896347 0.031416
vt 6.965341 0.031416
vt 6.890133 0.047124
vt 6.971555 0.047124
vt -0.028284 0.545000
vt -0.028284 -0.515000
vt 0.015858 0.576213
vt 0.028284 -0.515000
vt 0.025055 0.585946
vt 0.028284 0.597426
vt -0.800000 1.212426
vt -0.030000 0.910000
vt -0.800000 2.807574
vt -0.030000 3.110000
vt -0.801022 2.815338
vt -0.804019 2.822574
vt -0.808787 2.828787
vt -1.090000 3.110000
vt -0.801022 1.204662
vt -0.804019 1.197426
vt -0.808787 1.191213
vt -1.090000 0.910000
vt 1.937574 -0.020000
vt 0.342426 -0.020000
vt 1.937574 -0.400000
vt 0.342426 -0.400000
vt -11.858548 0.023562
vt -12.238548 0.023562
vt -11.858548 0.015708
vt -12.238548 0.015708
vt -11.858548 0.007854
vt -12.238548 0.007854
vt -11.858548 0.000000
vt -12.238548 0.000000
vt -7.728548 0.000000
vt -7.348548 0.000000
vt -7.728548 0.007854
vt -7.348548 0.007854
vt -7.728548 0.015708
vt -7.348548 0.015708
vt -7.728548 0.023562
vt -7.348548 0.023562
vt -0.220919 0.200000
vt -0.220919 -0.180000
vt 0.176777 0.200000
vt 0.220919 -0.180000
vt 0.220919 0.231213
vt 0.028284 -0.597426
vt 0.028284 0.515000
vt 0.025055 -0.585946
vt 0.015858 -0.576213
vt -0.028284 0.515000
vt -0.028284 -0.545000
vt 10.130398 0.000000
vt 10.186967 0.000000
vt 10.128733 0.015708
vt 10.188631 0.015708
vt 10.124185 0.031416
vt 10.193180 0.031416
vt 10.117972 0.047124
vt 10.199393 0.047124
vt 4.942060 0.000000
vt 7.142060 0.000000
vt 4.940395 0.015708
vt 7.143725 0.015708
vt 4.935847 0.031416
vt 7.148273 0.031416
vt 4.929634 0.047124
vt 7.154486 0.047124
vt 8.688548 0.000000
vt 8.688548 0.015708
vt 7.768548 0.000000
vt 7.766883 0.015708
vt 8.688548 0.031416
vt 7.762335 0.031416
vt 8.688548 0.047124
vt 7.756122 0.047124
vt 12.238548 0.000000
vt 12.238548 0.015708
vt 10.898548 0.000000
vt 10.898548 0.015708
vt 12.238548 0.031416
vt 10.898548 0.031416
vt 12.238548 0.047124
vt 10.898548 0.047124
vt 0.028284 2.725000
vt -0.028284 2.708431
vt 0.028284 -2.725000
vt -0.028284 -2.708431
vt 0.028284 0.141421
vt -0.028284 0.124853
vt 0.028284 -0.141421
vt -0.028284 -0.124853
vt -0.141421 -2.160000
vt 0.141421 -2.160000
vt -0.141421 2.160000
vt 0.141421 2.160000
vt -5.275575 0.031416
vt -5.274706 0.026366
vt -4.415344 0.031416
vt -4.411202 0.020944
vt -5.272360 0.021616
vt -5.265567 0.013657
vt -4.408170 0.010472
vt -5.248902 0.000000
vt -4.407060 0.000000
vt -0.400000 -1.375000
vt 0.400000 -1.375000
vt -0.400000 -1.195000
vt 0.400000 -1.195000
vt 0.000000 0.035121
vt 0.258193 0.088301
vt 0.000000 0.130000
vt 0.521807 0.088301
vt 0.780000 0.130000
vt 0.780000 0.035121
vt 0.140000 0.000000
vt 0.140000 0.035121
vt 0.000000 0.000000
vt 0.000000 0.170000
vt 0.300000 0.170000
vt 0.340000 0.130000
vt 0.340000 0.035121
vt 0.390000 0.150000
vt -0.390000 0.150000
vt 0.390000 0.010000
vt -0.390000 0.010000
vt 0.200000 0.000000
vt 0.340000 0.000000
vt 0.200000 0.035121
vt 0.340000 0.170000
vt 0.040000 0.170000
vt 0.000000 0.130000
vt 0.000000 0.035121
vt 0.028284 0.390000
vt -0.028284 0.390000
vt 0.028284 -0.390000
vt -0.028284 -0.390000
vt 1.285000 0.040000
vt 2.065000 0.040000
vt 1.285000 0.340000
vt 2.065000 0.340000
vt 0.000000 0.000000
vt 0.780000 0.000000
vt 0.000000 0.170000
vt 0.780000 0.170000
vt 0.022981 0.082903
vt -0.022981 0.000000
vt 0.022981 0.000000
vt -0.022981 -0.082903
vt 0.022981 -0.082903
vt -0.022981 -0.165806
vt 0.022981 -0.165806
vt -0.022981 -0.248709
vt 0.022981 -0.248709
vt -0.022981 -0.331613
vt 0.022981 -0.331613
vt 0.022981 0.414516
vt -0.022981 0.414516
vt -0.022981 0.331613
vt 0.022981 0.331613
vt -0.022981 0.248709
vt 0.022981 0.248709
vt -0.022981 0.165806
vt 0.022981 0.165806
vt -0.022981 0.082903
vt 0.079668 -0.071558
vt 0.347168 0.000000
vt 0.079668 0.000000
vt 0.347168 0.071558
vt 0.079668 0.071558
vt 0.347168 0.143117
vt 0.079668 0.143117
vt 0.347168 0.214675
vt 0.079668 0.214675
vt 0.347168 0.286234
vt 0.079668 0.286234
vt 0.079668 -0.357792
vt 0.347168 -0.357792
vt 0.347168 -0.286234
vt 0.079668 -0.286234
vt 0.347168 -0.214675
vt 0.079668 -0.214675
vt 0.347168 -0.143117
vt 0.079668 -0.143117
vt 0.347168 -0.071558
vt -0.078520 -0.065886
vt 0.096318 -0.035057
vt -0.102500 0.000000
vt 0.096318 0.035057
vt -0.078520 0.065886
vt 0.051250 0.088768
vt -0.017799 0.100943
vt -0.017799 -0.100943
vt 0.051250 -0.088768
vt 2.078520 0.065886
vt 1.903682 0.035057
vt 2.102500 0.000000
vt 1.903682 -0.035057
vt 2.078520 -0.065886
vt 1.948750 -0.088768
vt 2.017799 -0.100943
vt 2.017799 0.100943
vt 1.948750 0.088768
vt -0.079668 0.071558
vt -0.347168 0.000000
vt -0.079668 0.000000
vt -0.347168 -0.071558
vt -0.079668 -0.071558
vt -0.347168 -0.143117
vt -0.079668 -0.143117
vt -0.347168 -0.214675
vt -0.079668 -0.214675
vt -0.347168 -0.286234
vt -0.079668 -0.286234
vt -0.079668 0.357792
vt -0.347168 0.357792
vt -0.347168 0.286234
vt -0.079668 0.286234
vt -0.347168 0.214675
vt -0.079668 0.214675
vt -0.347168 0.143117
vt -0.079668 0.143117
vt -0.347168 0.071558
vt -0.022981 0.290161
vt 0.022981 0.331613
vt -0.022981 0.373064
vt -0.022981 -0.373064
vt 0.022981 -0.414516
vt 0.022981 -0.331613
vt -0.022981 -0.290161
vt 0.022981 -0.248709
vt -0.022981 -0.207258
vt 0.022981 -0.165806
vt -0.022981 -0.124355
vt 0.022981 -0.082903
vt -0.022981 -0.041452
vt 0.022981 0.000000
vt -0.022981 0.041452
vt 0.022981 0.082903
vt -0.022981 0.124355
vt 0.022981 0.165806
vt -0.022981 0.207258
vt 0.022981 0.248709
vt -0.295000 -3.176499
vt -0.525000 -3.176499
vt -0.295000 -4.084070
vt -0.525000 -4.084070
vt -0.295000 4.084070
vt -0.525000 4.084070
vt -0.295000 3.176499
vt -0.525000 3.176499
vt -0.295000 2.268928
vt -0.525000 2.268928
vt -0.295000 1.361357
vt -0.525000 1.361357
vt -0.295000 0.453786
vt -0.525000 0.453786
vt -0.295000 -0.453786
vt -0.525000 -0.453786
vt -0.295000 -1.361357
vt -0.525000 -1.361357
vt -0.295000 -2.268928
vt -0.525000 -2.268928
vt 0.014142 -3.152065
vt -0.014142 -3.152065
vt 0.014142 -4.052655
vt -0.014142 -4.052655
vt 0.014142 4.052655
vt -0.014142 4.052655
vt 0.014142 3.152065
vt -0.014142 3.152065
vt 0.014142 2.251475
vt -0.014142 2.251475
vt 0.014142 2.050852
vt -0.014142 1.350885
vt 0.014142 1.350885
vt 0.014142 1.037688
vt -0.014142 0.450295
vt 0.014142 0.450295
vt 0.014142 0.024524
vt -0.014142 -0.450295
vt 0.014142 -0.450295
vt 0.014142 -0.988639
vt -0.014142 -1.350885
vt 0.014142 -1.350885
vt 0.014142 -2.001803
vt -0.014142 -2.251475
vt 0.014142 -2.251475
vt 0.980537 0.822768
vt 1.186776 0.103416
vt 1.280000 -0.000000
vt 1.232949 0.023443
vt 1.216913 -0.067500
vt 0.222270 1.260554
vt 0.812758 0.908217
vt 0.888403 0.855250
vt 0.912304 0.766051
vt 0.024333 1.279769
vt 0.103416 1.186776
vt 0.135000 1.100000
vt 0.655466 0.834871
vt 0.103416 1.013224
vt 0.086603 0.850000
vt 0.034202 0.893969
vt 0.023443 0.967051
vt -0.034202 0.893969
vt -0.067500 0.983087
vt -0.086603 0.850000
vt -0.126859 1.053827
vt -0.643331 0.789583
vt -0.682358 0.873277
vt -0.640000 1.108513
vt -0.766051 0.912304
vt -0.887727 0.922139
vt -0.855250 0.888403
vt -0.908217 0.812758
vt -1.202807 0.437786
vt -0.900169 0.720764
vt -0.834871 0.655466
vt -1.013224 0.103416
vt -0.834202 0.093969
vt -0.886603 0.050000
vt -0.967051 0.023443
vt -0.898481 -0.017365
vt -0.983087 -0.067500
vt -0.864279 -0.076604
vt -1.053827 -0.126859
vt -0.800000 -0.100000
vt -0.789583 -0.643331
vt -0.469846 -0.171010
vt -0.700385 -0.667232
vt -0.250000 -0.433013
vt -0.647417 -0.742877
vt -0.086603 -0.750000
vt -0.098481 -0.817365
vt -0.655466 -0.834871
vt -0.103416 -1.013224
vt -0.135000 -1.100000
vt -0.640000 -1.108513
vt -0.103416 -1.186776
vt -0.024333 -1.279769
vt -0.023443 -1.232949
vt 0.067500 -1.216913
vt 0.222270 -1.260554
vt 0.126859 -1.146173
vt 0.126859 -1.053827
vt 0.682358 -0.873277
vt 0.643331 -0.789583
vt -0.067500 1.216913
vt 0.023443 1.232949
vt -1.279769 0.024333
vt -1.186776 0.103416
vt -1.100000 0.135000
vt -1.202807 -0.437786
vt -1.216913 -0.067500
vt -1.232949 0.023443
vt -0.922139 -0.887727
vt -0.912304 -0.766051
vt -0.873277 -0.682358
vt -0.812758 -0.908217
vt -0.888403 -0.855250
vt 0.980537 -0.822768
vt 0.855250 -0.888403
vt 0.766051 -0.912304
vt 1.146173 -0.126859
vt 0.900169 -0.720764
vt 0.834871 -0.655466
vt 1.053827 -0.126859
vt 0.800000 -0.100000
vt 0.864279 -0.076604
vt 0.983087 -0.067500
vt 0.898481 -0.017365
vt 0.967051 0.023443
vt 0.886603 0.050000
vt 1.013224 0.103416
vt 0.834202 0.093969
vt 0.789583 0.643331
vt 0.765798 0.093969
vt 0.383022 0.321394
vt 0.713397 0.050000
vt 0.500000 -0.000000
vt 0.701519 -0.017365
vt 0.735721 -0.076604
vt 0.383022 -0.321394
vt 0.742877 -0.647417
vt 1.100000 0.135000
vt 0.873277 0.682358
vt 0.700385 0.667232
vt 0.647417 0.742877
vt 0.086824 0.492404
vt 0.098481 0.782635
vt 0.064279 0.723396
vt 0.720764 0.900169
vt -0.126859 1.146173
vt -0.667232 0.700385
vt -0.250000 0.433013
vt -0.098481 0.782635
vt -0.469846 0.171010
vt -0.742877 0.647417
vt -0.765798 0.093969
vt -1.146173 -0.126859
vt -0.720764 -0.900169
vt -0.064279 -0.876604
vt -0.023443 -0.967051
vt -0.000000 -0.900000
vt 0.067500 -0.983087
vt 0.064279 -0.876604
vt 0.098481 -0.817365
vt 0.086603 -0.750000
vt 0.667232 -0.700385
vt 0.086824 -0.492404
vt 0.908217 -0.812758
vt -0.034202 -0.706031
vt 0.034202 -0.706031
vt -0.701519 -0.017365
vt -0.735721 -0.076604
vt -0.000000 0.700000
vt -0.064279 0.723396
vt -0.713397 0.050000
vt -0.065000 -1.221730
vt -0.275000 -1.221730
vt -0.065000 -1.570796
vt -0.275000 -1.570796
vt -0.065000 1.570796
vt -0.275000 1.570796
vt -0.065000 1.221730
vt -0.275000 1.221730
vt -0.065000 0.872665
vt -0.275000 0.872665
vt -0.065000 0.523599
vt -0.275000 0.523599
vt -0.065000 0.174533
vt -0.275000 0.174533
vt -0.065000 -0.174533
vt -0.275000 -0.174533
vt -0.065000 -0.523599
vt -0.275000 -0.523599
vt -0.065000 -0.872665
vt -0.275000 -0.872665
vt 0.014142 -1.197296
vt -0.014142 -1.197296
vt 0.014142 -1.539380
vt -0.014142 -1.539380
vt 0.014142 1.539380
vt -0.014142 1.539380
vt 0.014142 1.197296
vt -0.014142 1.197296
vt 0.014142 0.855211
vt -0.014142 0.855211
vt 0.014142 0.513127
vt -0.014142 0.513127
vt 0.014142 0.171042
vt -0.014142 0.171042
vt 0.014142 -0.171042
vt -0.014142 -0.171042
vt 0.014142 -0.513127
vt -0.014142 -0.513127
vt 0.014142 -0.855211
vt -0.014142 -0.855211
vt -0.096418 -0.114907
vt -0.240000 -0.415692
vt -0.000000 -0.150000
vt 0.083351 -0.472708
vt 0.096418 -0.114907
vt 0.367701 -0.308538
vt 0.147721 -0.026047
vt 0.480000 -0.000000
vt 0.129904 0.075000
vt 0.367701 0.308538
vt 0.051303 0.140954
vt 0.083351 0.472708
vt -0.051303 0.140954
vt -0.240000 0.415692
vt -0.129904 0.075000
vt -0.451052 0.164170
vt -0.147721 -0.026047
vt -0.451052 -0.164170
vt 0.022981 0.082903
vt -0.022981 -0.000000
vt 0.022981 0.000000
vt -0.022981 -0.082903
vt 0.022981 -0.082903
vt -0.022981 -0.165806
vt 0.022981 -0.165806
vt -0.022981 -0.248709
vt 0.022981 -0.248709
vt -0.022981 -0.331613
vt 0.022981 -0.331613
vt 0.022981 0.414516
vt -0.022981 0.414516
vt -0.022981 0.331613
vt 0.022981 0.331613
vt -0.022981 0.248709
vt 0.022981 0.248709
vt -0.022981 0.165806
vt 0.022981 0.165806
vt -0.022981 0.082903
vt 0.077168 -0.071558
vt 0.294668 0.000000
vt 0.077168 0.000000
vt 0.294668 0.071558
vt 0.077168 0.071558
vt 0.294668 0.143117
vt 0.077168 0.143117
vt 0.294668 0.214675
vt 0.077168 0.214675
vt 0.294668 0.286234
vt 0.077168 0.286234
vt 0.077168 -0.357792
vt 0.294668 -0.357792
vt 0.294668 -0.286234
vt 0.077168 -0.286234
vt 0.294668 -0.214675
vt 0.077168 -0.214675
vt 0.294668 -0.143117
vt 0.077168 -0.143117
vt 0.294668 -0.071558
vt -0.078520 1.034114
vt 0.096318 1.064943
vt -0.102500 1.100000
vt 0.096318 1.135057
vt -0.078520 1.165886
vt 0.051250 1.188768
vt -0.017799 1.200943
vt -0.017799 0.999057
vt 0.051250 1.011232
vt -0.768884 0.879927
vt -0.836609 0.861781
vt -0.705339 0.850296
vt -0.876825 0.804346
vt -0.675708 0.786751
vt -0.870714 0.734499
vt -0.693854 0.719026
vt -0.821136 0.684921
vt -0.751289 0.678810
vt -1.100000 0.102500
vt -1.165886 0.078520
vt -1.034114 0.078520
vt -0.999057 0.017799
vt -1.200943 0.017799
vt -1.011232 -0.051250
vt -1.188768 -0.051250
vt -1.064943 -0.096318
vt -1.135057 -0.096318
vt -0.879927 -0.768884
vt -0.678810 -0.751289
vt -0.850296 -0.705339
vt -0.719026 -0.693854
vt -0.786751 -0.675708
vt -0.684921 -0.821136
vt -0.861781 -0.836609
vt -0.734499 -0.870714
vt -0.804346 -0.876825
vt -0.078520 -1.165886
vt 0.096318 -1.135057
vt -0.102500 -1.100000
vt 0.096318 -1.064943
vt -0.078520 -1.034114
vt 0.051250 -1.011232
vt -0.017799 -0.999057
vt -0.017799 -1.200943
vt 0.051250 -1.188768
vt 0.768884 -0.879927
vt 0.836609 -0.861781
vt 0.705339 -0.850296
vt 0.876825 -0.804346
vt 0.675708 -0.786751
vt 0.870714 -0.734499
vt 0.693854 -0.719026
vt 0.821136 -0.684921
vt 0.751289 -0.678810
vt 1.100000 -0.102500
vt 1.165886 -0.078520
vt 1.034114 -0.078520
vt 0.999057 -0.017799
vt 1.200943 -0.017799
vt 1.011232 0.051250
vt 1.188768 0.051250
vt 1.064943 0.096318
vt 1.135057 0.096318
vt 0.879927 0.768884
vt 0.678810 0.751289
vt 0.850296 0.705339
vt 0.719026 0.693854
vt 0.786751 0.675708
vt 0.684921 0.821136
vt 0.861781 0.836609
vt 0.734499 0.870714
vt 0.804346 0.876825
vt 0.077168 0.250455
vt 0.294668 0.250455
vt 0.077168 0.322013
vt 0.294668 0.322013
vt 0.077168 -0.322013
vt 0.294668 -0.322013
vt 0.077168 -0.250455
vt 0.294668 -0.250455
vt 0.077168 -0.178896
vt 0.294668 -0.178896
vt 0.077168 -0.107338
vt 0.294668 -0.107338
vt 0.077168 -0.035779
vt 0.294668 -0.035779
vt 0.077168 0.035779
vt 0.294668 0.035779
vt 0.077168 0.107338
vt 0.294668 0.107338
vt 0.077168 0.178896
vt 0.294668 0.178896
vt 0.022981 -0.290161
vt -0.022981 -0.290161
vt 0.022981 -0.373064
vt -0.022981 -0.373064
vt 0.022981 0.373064
vt -0.022981 0.373064
vt 0.022981 0.290161
vt -0.022981 0.290161
vt 0.022981 0.207258
vt -0.022981 0.207258
vt 0.022981 0.124355
vt -0.022981 0.124355
vt 0.022981 0.041452
vt -0.022981 0.041452
vt 0.022981 -0.041452
vt -0.022981 -0.041452
vt 0.022981 -0.124355
vt -0.022981 -0.124355
vt 0.022981 -0.207258
vt -0.022981 -0.207258
vt 0.077168 0.250455
vt 0.294668 0.250455
vt 0.077168 0.322013
vt 0.294668 0.322013
vt 0.077168 -0.322013
vt 0.294668 -0.322013
vt 0.077168 -0.250455
vt 0.294668 -0.250455
vt 0.077168 -0.178896
vt 0.294668 -0.178896
vt 0.077168 -0.107338
vt 0.294668 -0.107338
vt 0.077168 -0.035779
vt 0.294668 -0.035779
vt 0.077168 0.035779
vt 0.294668 0.035779
vt 0.077168 0.107338
vt 0.294668 0.107338
vt 0.077168 0.178896
vt 0.294668 0.178896
vt 0.022981 -0.290161
vt -0.022981 -0.290161
vt 0.022981 -0.373064
vt -0.022981 -0.373064
vt 0.022981 0.373064
vt -0.022981 0.373064
vt 0.022981 0.290161
vt -0.022981 0.290161
vt 0.022981 0.207258
vt -0.022981 0.207258
vt 0.022981 0.124355
vt -0.022981 0.124355
vt 0.022981 0.041452
vt -0.022981 0.041452
vt 0.022981 -0.041452
vt -0.022981 -0.041452
vt 0.022981 -0.124355
vt -0.022981 -0.124355
vt 0.022981 -0.207258
vt -0.022981 -0.207258
vt 0.077168 0.250455
vt 0.294668 0.250455
vt 0.077168 0.322013
vt 0.294668 0.322013
vt 0.077168 -0.322013
vt 0.294668 -0.322013
vt 0.077168 -0.250455
vt 0.294668 -0.250455
vt 0.077168 -0.178896
vt 0.294668 -0.178896
vt 0.077168 -0.107338
vt 0.294668 -0.107338
vt 0.077168 -0.035779
vt 0.294668 -0.035779
vt 0.077168 0.035779
vt 0.294668 0.035779
vt 0.077168 0.107338
vt 0.294668 0.107338
vt 0.077168 0.178896
vt 0.294668 0.178896
vt 0.022981 -0.290161
vt -0.022981 -0.290161
vt 0.022981 -0.373064
vt -0.022981 -0.373064
vt 0.022981 0.373064
vt -0.022981 0.373064
vt 0.022981 0.290161
vt -0.022981 0.290161
vt 0.022981 0.207258
vt -0.022981 0.207258
vt 0.022981 0.124355
vt -0.022981 0.124355
vt 0.022981 0.041452
vt -0.022981 0.041452
vt 0.022981 -0.041452
vt -0.022981 -0.041452
vt 0.022981 -0.124355
vt -0.022981 -0.124355
vt 0.022981 -0.207258
vt -0.022981 -0.207258
vt 0.077168 0.250455
vt 0.294668 0.250455
vt 0.077168 0.322013
vt 0.294668 0.322013
vt 0.077168 -0.322013
vt 0.294668 -0.322013
vt 0.077168 -0.250455
vt 0.294668 -0.250455
vt 0.077168 -0.178896
vt 0.294668 -0.178896
vt 0.077168 -0.107338
vt 0.294668 -0.107338
vt 0.077168 -0.035779
vt 0.294668 -0.035779
vt 0.077168 0.035779
vt 0.294668 0.035779
vt 0.077168 0.107338
vt 0.294668 0.107338
vt 0.077168 0.178896
vt 0.294668 0.178896
vt 0.022981 -0.290161
vt -0.022981 -0.290161
vt 0.022981 -0.373064
vt -0.022981 -0.373064
vt 0.022981 0.373064
vt -0.022981 0.373064
vt 0.022981 0.290161
vt -0.022981 0.290161
vt 0.022981 0.207258
vt -0.022981 0.207258
vt 0.022981 0.124355
vt -0.022981 0.124355
vt 0.022981 0.041452
vt -0.022981 0.041452
vt 0.022981 -0.041452
vt -0.022981 -0.041452
vt 0.022981 -0.124355
vt -0.022981 -0.124355
vt 0.022981 -0.207258
vt -0.022981 -0.207258
vt 0.077168 0.250455
vt 0.294668 0.250455
vt 0.077168 0.322013
vt 0.294668 0.322013
vt 0.077168 -0.322013
vt 0.294668 -0.322013
vt 0.077168 -0.250455
vt 0.294668 -0.250455
vt 0.077168 -0.178896
vt 0.294668 -0.178896
vt 0.077168 -0.107338
vt 0.294668 -0.107338
vt 0.077168 -0.035779
vt 0.294668 -0.035779
vt 0.077168 0.035779
vt 0.294668 0.035779
vt 0.077168 0.107338
vt 0.294668 0.107338
vt 0.077168 0.178896
vt 0.294668 0.178896
vt 0.022981 -0.290161
vt -0.022981 -0.290161
vt 0.022981 -0.373064
vt -0.022981 -0.373064
vt 0.022981 0.373064
vt -0.022981 0.373064
vt 0.022981 0.290161
vt -0.022981 0.290161
vt 0.022981 0.207258
vt -0.022981 0.207258
vt 0.022981 0.124355
vt -0.022981 0.124355
vt 0.022981 0.041452
vt -0.022981 0.041452
vt 0.022981 -0.041452
vt -0.022981 -0.041452
vt 0.022981 -0.124355
vt -0.022981 -0.124355
vt 0.022981 -0.207258
vt -0.022981 -0.207258
vt 0.077168 0.250455
vt 0.294668 0.250455
vt 0.077168 0.322013
vt 0.294668 0.322013
vt 0.077168 -0.322013
vt 0.294668 -0.322013
vt 0.077168 -0.250455
vt 0.294668 -0.250455
vt 0.077168 -0.178896
vt 0.294668 -0.178896
vt 0.077168 -0.107338
vt 0.294668 -0.107338
vt 0.077168 -0.035779
vt 0.294668 -0.035779
vt 0.077168 0.035779
vt 0.294668 0.035779
vt 0.077168 0.107338
vt 0.294668 0.107338
vt 0.077168 0.178896
vt 0.294668 0.178896
vt 0.022981 -0.290161
vt -0.022981 -0.290161
vt 0.022981 -0.373064
vt -0.022981 -0.373064
vt 0.022981 0.373064
vt -0.022981 0.373064
vt 0.022981 0.290161
vt -0.022981 0.290161
vt 0.022981 0.207258
vt -0.022981 0.207258
vt 0.022981 0.124355
vt -0.022981 0.124355
vt 0.022981 0.041452
vt -0.022981 0.041452
vt 0.022981 -0.041452
vt -0.022981 -0.041452
vt 0.022981 -0.124355
vt -0.022981 -0.124355
vt 0.022981 -0.207258
vt -0.022981 -0.207258
vt 0.077168 0.250455
vt 0.294668 0.250455
vt 0.077168 0.322013
vt 0.294668 0.322013
vt 0.077168 -0.322013
vt 0.294668 -0.322013
vt 0.077168 -0.250455
vt 0.294668 -0.250455
vt 0.077168 -0.178896
vt 0.294668 -0.178896
vt 0.077168 -0.107338
vt 0.294668 -0.107338
vt 0.077168 -0.035779
vt 0.294668 -0.035779
vt 0.077168 0.035779
vt 0.294668 0.035779
vt 0.077168 0.107338
vt 0.294668 0.107338
vt 0.077168 0.178896
vt 0.294668 0.178896
vt 0.022981 -0.290161
vt -0.022981 -0.290161
vt 0.022981 -0.373064
vt -0.022981 -0.373064
vt 0.022981 0.373064
vt -0.022981 0.373064
vt 0.022981 0.290161
vt -0.022981 0.290161
vt 0.022981 0.207258
vt -0.022981 0.207258
vt 0.022981 0.124355
vt -0.022981 0.124355
vt 0.022981 0.041452
vt -0.022981 0.041452
vt 0.022981 -0.041452
vt -0.022981 -0.041452
vt 0.022981 -0.124355
vt -0.022981 -0.124355
vt 0.022981 -0.207258
vt -0.022981 -0.207258
vt 0.000000 0.069813
vt -0.250000 0.000000
vt 0.000000 0.000000
vt -0.250000 -0.069813
vt 0.000000 -0.069813
vt -0.250000 -0.139626
vt 0.000000 -0.139626
vt -0.250000 -0.209440
vt 0.000000 -0.209440
vt -0.250000 -0.279253
vt 0.000000 -0.279253
vt 0.000000 0.349066
vt -0.250000 0.349066
vt -0.250000 0.279253
vt 0.000000 0.279253
vt -0.250000 0.209440
vt 0.000000 0.209440
vt -0.250000 0.139626
vt 0.000000 0.139626
vt -0.250000 0.069813
vt 0.076604 0.864279
vt -0.093969 0.834202
vt 0.100000 0.800000
vt -0.093969 0.765798
vt 0.076604 0.735721
vt -0.050000 0.713397
vt 0.017365 0.701519
vt 0.017365 0.898481
vt -0.050000 0.886603
vt 0.876604 0.064279
vt 0.706031 0.034202
vt 0.900000 0.000000
vt 0.706031 -0.034202
vt 0.876604 -0.064279
vt 0.750000 -0.086603
vt 0.817365 -0.098481
vt 0.817365 0.098481
vt 0.750000 0.086603
vt -0.723396 0.064279
vt -0.893969 0.034202
vt -0.700000 0.000000
vt -0.893969 -0.034202
vt -0.723396 -0.064279
vt -0.850000 -0.086603
vt -0.782635 -0.098481
vt -0.782635 0.098481
vt -0.850000 0.086603
vt 0.076604 -0.735721
vt -0.093969 -0.765798
vt 0.100000 -0.800000
vt -0.093969 -0.834202
vt 0.076604 -0.864279
vt -0.050000 -0.886603
vt 0.017365 -0.898481
vt 0.017365 -0.701519
vt -0.050000 -0.713397
vt 0.000000 0.069813
vt -0.250000 0.000000
vt 0.000000 0.000000
vt -0.250000 -0.069813
vt 0.000000 -0.069813
vt -0.250000 -0.139626
vt 0.000000 -0.139626
vt -0.250000 -0.209440
vt 0.000000 -0.209440
vt -0.250000 -0.279253
vt 0.000000 -0.279253
vt 0.000000 0.349066
vt -0.250000 0.349066
vt -0.250000 0.279253
vt 0.000000 0.279253
vt -0.250000 0.209440
vt 0.000000 0.209440
vt -0.250000 0.139626
vt 0.000000 0.139626
vt -0.250000 0.069813
vt 0.000000 0.069813
vt -0.250000 0.000000
vt 0.000000 0.000000
vt -0.250000 -0.069813
vt 0.000000 -0.069813
vt -0.250000 -0.139626
vt 0.000000 -0.139626
vt -0.250000 -0.209440
vt 0.000000 -0.209440
vt -0.250000 -0.279253
vt 0.000000 -0.279253
vt 0.000000 0.349066
vt -0.250000 0.349066
vt -0.250000 0.279253
vt 0.000000 0.279253
vt -0.250000 0.209440
vt 0.000000 0.209440
vt -0.250000 0.139626
vt 0.000000 0.139626
vt -0.250000 0.069813
vt 0.000000 0.069813
vt -0.250000 0.000000
vt 0.000000 0.000000
vt -0.250000 -0.069813
vt 0.000000 -0.069813
vt -0.250000 -0.139626
vt 0.000000 -0.139626
vt -0.250000 -0.209440
vt 0.000000 -0.209440
vt -0.250000 -0.279253
vt 0.000000 -0.279253
vt 0.000000 0.349066
vt -0.250000 0.349066
vt -0.250000 0.279253
vt 0.000000 0.279253
vt -0.250000 0.209440
vt 0.000000 0.209440
vt -0.250000 0.139626
vt 0.000000 0.139626
vt -0.250000 0.069813
vn -0.0000 0.7071 0.7071
vn -0.0000 -0.0000 1.0000
vn 0.0000 -0.7071 0.7071
vn 0.0000 -0.7071 -0.7071
vn 0.0002 -0.7071 -0.7071
vn -0.0001 0.7071 -0.7071
vn -0.0000 0.7071 -0.7071
vn 1.0000 0.0000 0.0000
vn -1.0000 0.0000 0.0000
vn -1.0000 -0.0001 -0.0000
vn -1.0000 -0.0003 0.0000
vn -1.0000 0.0006 0.0000
vn -1.0000 -0.0006 -0.0000
vn 0.0000 0.0000 -1.0000
vn 0.0002 -0.7071 0.7071
vn -0.0001 -0.7071 -0.7071
vn -0.0002 0.7071 0.7071
vn -0.0003 -0.7071 0.7071
vn -0.0002 -0.7071 -0.7071
vn 0.0004 0.7071 -0.7071
vn 0.0001 0.7071 0.7071
vn 1.0000 -0.0001 0.0000
vn -0.5774 -0.5773 -0.5773
vn -0.7071 -0.0000 -0.7071
vn -0.5774 0.5773 -0.5774
vn -0.5774 0.5773 -0.5773
vn -0.5773 0.5774 -0.5773
vn -0.5773 0.5774 -0.5774
vn -0.5774 0.5773 0.5773
vn -0.5774 0.5774 0.5773
vn -0.5774 0.5773 0.5774
vn -0.5773 -0.5773 0.5774
vn -0.5774 -0.5773 0.5774
vn -0.5774 -0.5774 0.5773
vn -0.5773 -0.5774 0.5773
vn -0.5773 -0.5773 -0.5774
vn -0.5774 -0.5773 -0.5774
vn -0.5773 -0.5774 0.5774
vn -0.5773 0.5774 0.5773
vn -0.5773 0.5773 0.5774
vn -0.5774 -0.5774 -0.5773
vn 0.0002 0.7071 -0.7071
vn -0.5773 0.5773 -0.5774
vn -0.0001 -0.7071 0.7071
vn -0.5774 -0.5773 0.5773
vn -0.5773 -0.5774 -0.5773
vn -0.5773 -0.5774 -0.5774
vn 0.0000 -1.0000 -0.0000
vn 0.0001 -0.7071 -0.7071
vn 0.0001 0.7071 -0.7071
vn -0.0004 0.7071 0.7071
vn -0.7071 -0.7071 0.0000
vn -0.5774 0.5774 -0.5773
vn -0.5773 0.5774 0.5774
vn -0.0000 1.0000 -0.0000
vn -0.0004 0.7071 -0.7071
vn -0.7071 -0.0000 0.7071
vn 0.0000 -0.7070 -0.7073
vn 0.0002 0.7071 0.7071
vn -0.0002 -0.7071 0.7071
vn 0.0004 0.7071 0.7071
vn -0.0000 0.7070 0.7073
vn -0.0000 0.7070 0.7072
vn 0.0001 -0.7071 0.7071
vn -0.0004 -0.7071 0.7071
vn -0.7071 0.7071 -0.0000
vn -0.0000 0.7069 -0.7073
vn -0.0001 0.7073 0.7070
vn -0.0000 0.7074 0.7068
vn -0.0001 0.7074 -0.7068
vn -0.0000 0.7074 -0.7068
vn -0.0001 0.7073 -0.7070
vn -0.0002 0.7071 -0.7071
vn 0.0000 -1.0000 0.0001
vn 0.0000 -1.0000 -0.0001
vn -0.0001 -1.0000 -0.0000
vn 0.5774 0.5773 0.5773
vn 0.5774 0.5774 0.5773
vn -0.0006 0.7071 0.7071
vn 0.0003 -0.7071 0.7071
vn 0.0004 -0.7071 -0.7071
vn 0.5774 -0.5773 0.5774
vn 0.5774 -0.5773 0.5773
vn 0.7071 -0.0000 0.7071
vn 0.5773 0.5774 0.5773
vn 0.5773 0.5774 0.5774
vn 0.5773 0.5773 -0.5774
vn 0.5774 0.5774 -0.5773
vn 0.5774 0.5773 -0.5773
vn 0.5773 0.5774 -0.5773
vn 0.5773 -0.5773 -0.5774
vn 0.5774 -0.5774 -0.5773
vn 0.5773 -0.5773 0.5774
vn 0.5773 -0.5774 0.5774
vn 0.5773 -0.5774 -0.5774
vn 0.5774 -0.5773 -0.5774
vn 0.5773 0.5774 -0.5774
vn 0.5774 0.5773 0.5774
vn 0.5774 0.5773 -0.5774
vn 0.5773 -0.5774 -0.5773
vn 0.5774 -0.5774 0.5773
vn 0.5773 0.5773 0.5774
vn 0.5774 -0.5773 -0.5773
vn 0.5773 -0.5774 0.5773
vn 0.0003 0.7071 0.7071
vn 0.7071 -0.0000 -0.7071
vn 0.7071 0.7071 0.0000
vn 0.7071 0.7071 -0.0002
vn 0.7071 -0.7071 -0.0000
vn -0.7071 -0.7071 -0.0001
vn 0.7071 0.7071 -0.0001
vn -0.7071 0.7071 0.0001
vn 0.7071 0.7071 0.0002
vn 0.7071 -0.7071 0.0003
vn -0.7071 0.7071 -0.0001
vn 0.7071 -0.7071 0.0002
vn 0.7071 -0.7071 -0.0001
vn -0.7071 -0.7071 -0.0002
vn 0.7071 -0.7071 -0.0002
vn -0.7071 0.7071 0.0002
vn 0.7071 -0.7071 0.0001
vn -0.7071 0.7071 -0.0002
vn 0.7071 -0.0001 -0.7071
vn 0.7071 0.0001 0.7071
vn -0.7071 0.0002 -0.7071
vn -0.7071 0.0001 -0.7071
vn -0.7071 -0.0002 -0.7071
vn 0.7071 0.0002 -0.7071
vn -0.7071 -0.0002 0.7071
vn -0.7071 -0.0001 -0.7071
vn 0.7071 0.0001 -0.7071
vn -0.7072 0.0003 0.7071
vn -0.0000 1.0000 -0.0001
vn 0.0000 0.7071 -0.7072
vn -0.7071 0.7072 -0.0000
vn -0.7072 0.0003 -0.7071
vn -0.0000 1.0000 0.0001
vn 0.0000 0.7072 -0.7070
vn -0.0002 0.7070 0.7072
vn 0.0000 0.7071 0.7072
vn -0.7071 0.0001 0.7071
vn -0.7071 0.0002 0.7071
vn 0.7071 -0.0001 0.7071
vn -0.0001 0.7071 0.7071
vn 0.0000 -0.7070 0.7072
vn 0.0000 -0.7073 0.7069
vn 0.0000 -0.7072 -0.7070
vn -0.0000 0.7069 0.7073
vn -0.0000 0.7073 0.7069
usemtl 5,5,5.009
s 1
f 635/1399/39 636/1400/40 637/1401/40
f 637/1401/40 636/1400/40 638/1402/41
f 637/1401/40 638/1402/41 639/1403/41
f 639/1403/41 638/1402/41 640/1404/41
f 639/1403/41 640/1404/41 641/1405/41
f 641/1405/41 640/1404/41 642/1406/42
f 641/1405/41 642/1406/42 643/1407/42
f 643/1407/42 642/1406/42 644/1408/42
f 643/1407/42 644/1408/42 645/1409/43
f 645/1410/43 644/1411/42 646/1412/44
f 645/1410/43 646/1412/44 647/1413/45
f 647/1413/45 646/1412/44 648/1414/45
f 647/1413/45 648/1414/45 649/1415/45
f 649/1415/45 648/1414/45 650/1416/39
f 649/1415/45 650/1416/39 651/1417/39
f 651/1417/39 650/1416/39 652/1418/39
f 651/1417/39 652/1418/39 635/1399/39
f 635/1399/39 652/1418/39 636/1400/40
f 637/1419/46 639/1420/46 635/1421/46
f 635/1421/46 639/1420/46 651/1422/46
f 651/1422/46 639/1420/46 641/1423/46
f 651/1422/46 641/1423/46 649/1424/46
f 649/1424/46 641/1423/46 643/1425/46
f 649/1424/46 643/1425/46 647/1426/46
f 647/1426/46 643/1425/46 645/1427/46
f 653/1428/47 654/1429/47 655/1430/47
f 655/1430/47 654/1429/47 656/1431/47
f 656/1431/47 654/1429/47 657/1432/47
f 656/1431/47 657/1432/47 658/1433/47
f 658/1433/47 657/1432/47 659/1434/47
f 658/1433/47 659/1434/47 660/1435/47
f 660/1435/47 659/1434/47 661/1436/47
f 662/1437/47 663/1438/47 664/1439/47
f 664/1439/47 663/1438/47 665/1440/47
f 664/1439/47 665/1440/47 666/1441/47
f 666/1441/47 665/1440/47 667/1442/47
f 667/1442/47 665/1440/47 668/1443/47
f 667/1442/47 668/1443/47 669/1444/47
f 669/1444/47 668/1443/47 670/1445/47
f 670/1445/47 668/1443/47 671/1446/47
f 670/1445/47 671/1446/47 672/1447/47
f 672/1447/47 671/1446/47 673/1448/47
f 672/1447/47 673/1448/47 674/1449/47
f 674/1449/47 673/1448/47 675/1450/47
f 675/1450/47 673/1448/47 676/1451/47
f 676/1451/47 673/1448/47 677/1452/47
f 676/1451/47 677/1452/47 678/1453/47
f 678/1453/47 677/1452/47 679/1454/47
f 678/1453/47 679/1454/47 680/1455/47
f 680/1455/47 679/1454/47 681/1456/47
f 681/1456/47 679/1454/47 682/1457/47
f 681/1456/47 682/1457/47 683/1458/47
f 683/1458/47 682/1457/47 684/1459/47
f 683/1458/47 684/1459/47 685/1460/47
f 685/1460/47 684/1459/47 662/1437/47
f 685/1460/47 662/1437/47 664/1439/47
f 662/1437/47 684/1459/47 686/1461/47
f 686/1461/47 684/1459/47 687/1462/47
f 686/1461/47 687/1462/47 688/1463/47
f 688/1463/47 687/1462/47 689/1464/47
f 688/1463/47 689/1464/47 690/1465/47
f 690/1465/47 689/1464/47 691/1466/47
f 691/1466/47 689/1464/47 692/1467/47
f 691/1466/47 692/1467/47 693/1468/47
f 692/1467/47 689/1464/47 694/1469/47
f 694/1469/47 689/1464/47 695/1470/47
f 694/1469/47 695/1470/47 696/1471/48
f 696/1471/48 697/1472/49 694/1469/47
f 693/1468/47 698/1473/47 691/1466/47
f 699/1474/50 700/1475/47 690/1465/47
f 690/1465/47 700/1475/47 701/1476/47
f 690/1465/47 701/1476/47 688/1463/47
f 688/1463/47 701/1476/47 702/1477/47
f 688/1463/47 702/1477/47 703/1478/47
f 703/1478/47 702/1477/47 704/1479/47
f 704/1479/47 702/1477/47 705/1480/49
f 672/1447/47 674/1449/47 706/1481/47
f 706/1481/47 674/1449/47 707/1482/47
f 706/1481/47 707/1482/47 708/1483/47
f 708/1483/47 707/1482/47 709/1484/47
f 708/1483/47 709/1484/47 685/1460/47
f 685/1460/47 709/1484/47 683/1458/47
f 710/1485/51 711/1486/47 712/1487/47
f 712/1487/47 711/1486/47 713/1488/47
f 713/1488/47 711/1486/47 714/1489/47
f 713/1488/47 714/1489/47 715/1490/47
f 714/1489/47 711/1486/47 716/1491/47
f 716/1491/47 711/1486/47 717/1492/47
f 716/1491/47 717/1492/47 718/1493/47
f 718/1493/47 717/1492/47 719/1494/47
f 718/1493/47 719/1494/47 720/1495/47
f 720/1495/47 719/1494/47 721/1496/47
f 721/1496/47 719/1494/47 722/1497/47
f 721/1496/47 722/1497/47 723/1498/47
f 723/1498/47 722/1497/47 724/1499/47
f 723/1498/47 724/1499/47 725/1500/47
f 725/1500/47 724/1499/47 726/1501/47
f 726/1501/47 724/1499/47 713/1488/47
f 726/1501/47 713/1488/47 715/1490/47
f 722/1497/47 727/1502/47 724/1499/47
f 728/1503/47 729/1504/47 730/1505/47
f 730/1505/47 729/1504/47 731/1506/47
f 730/1505/47 731/1506/47 732/1507/47
f 732/1507/47 731/1506/47 733/1508/47
f 733/1508/47 731/1506/47 734/1509/47
f 734/1509/47 731/1506/47 735/1510/47
f 735/1510/47 731/1506/47 736/1511/47
f 735/1510/47 736/1511/47 737/1512/47
f 737/1512/47 736/1511/47 738/1513/47
f 737/1512/47 738/1513/47 739/1514/47
f 739/1514/47 738/1513/47 740/1515/47
f 740/1515/47 738/1513/47 741/1516/47
f 740/1515/47 741/1516/47 742/1517/47
f 742/1517/47 741/1516/47 743/1518/47
f 742/1517/47 743/1518/47 744/1519/47
f 744/1519/47 743/1518/47 732/1507/47
f 732/1507/47 743/1518/47 730/1505/47
f 736/1511/47 745/1520/47 738/1513/47
f 680/1521/42 746/1522/52 678/1523/52
f 678/1523/52 746/1522/52 747/1524/45
f 678/1523/52 747/1524/45 676/1525/45
f 676/1525/45 747/1524/45 748/1526/45
f 676/1525/45 748/1526/45 675/1527/45
f 675/1527/45 748/1526/45 749/1528/39
f 675/1527/45 749/1528/39 674/1529/39
f 674/1529/39 749/1528/39 750/1530/39
f 674/1529/39 750/1530/39 707/1531/39
f 707/1532/39 750/1533/39 751/1534/53
f 707/1532/39 751/1534/53 709/1535/41
f 709/1535/41 751/1534/53 752/1536/41
f 709/1535/41 752/1536/41 683/1537/41
f 683/1537/41 752/1536/41 753/1538/54
f 683/1537/41 753/1538/54 681/1539/42
f 681/1539/42 753/1538/54 754/1540/42
f 681/1539/42 754/1540/42 680/1521/42
f 680/1521/42 754/1540/42 746/1522/52
f 755/1541/47 756/1542/47 757/1543/47
f 757/1543/47 756/1542/47 758/1544/47
f 757/1543/47 758/1544/47 759/1545/47
f 759/1545/47 758/1544/47 760/1546/47
f 759/1545/47 760/1546/47 761/1547/47
f 756/1542/47 755/1541/47 762/1548/47
f 762/1548/47 755/1541/47 763/1549/47
f 762/1548/47 763/1549/47 764/1550/47
f 762/1548/47 764/1550/47 765/1551/47
f 765/1551/47 764/1550/47 766/1552/47
f 765/1551/47 766/1552/47 767/1553/47
f 767/1553/47 766/1552/47 768/1554/47
f 767/1553/47 768/1554/47 769/1555/47
f 769/1555/47 768/1554/47 770/1556/47
f 770/1556/47 768/1554/47 771/1557/47
f 770/1556/47 771/1557/47 761/1547/47
f 761/1547/47 771/1557/47 772/1558/47
f 761/1547/47 772/1558/47 759/1545/47
f 773/1559/47 774/1560/47 775/1561/47
f 775/1561/47 774/1560/47 776/1562/47
f 775/1561/47 776/1562/47 777/1563/47
f 777/1563/47 776/1562/47 778/1564/47
f 777/1563/47 778/1564/47 779/1565/47
f 774/1560/47 773/1559/47 780/1566/47
f 780/1566/47 773/1559/47 781/1567/47
f 780/1566/47 781/1567/47 782/1568/47
f 780/1566/47 782/1568/47 783/1569/47
f 783/1569/47 782/1568/47 784/1570/47
f 783/1569/47 784/1570/47 785/1571/47
f 785/1571/47 784/1570/47 786/1572/47
f 785/1571/47 786/1572/47 787/1573/47
f 787/1573/47 786/1572/47 788/1574/47
f 788/1574/47 786/1572/47 789/1575/47
f 788/1574/47 789/1575/47 779/1565/47
f 779/1565/47 789/1575/47 790/1576/47
f 779/1565/47 790/1576/47 777/1563/47
f 754/1577/47 791/1578/47 746/1579/47
f 746/1579/47 791/1578/47 792/1580/47
f 746/1579/47 792/1580/47 747/1581/47
f 747/1581/47 792/1580/47 793/1582/47
f 747/1581/47 793/1582/47 794/1583/47
f 791/1578/47 754/1577/47 795/1584/47
f 795/1584/47 754/1577/47 753/1585/47
f 795/1584/47 753/1585/47 752/1586/47
f 795/1584/47 752/1586/47 796/1587/47
f 796/1587/47 752/1586/47 751/1588/47
f 796/1587/47 751/1588/47 797/1589/47
f 797/1589/47 751/1588/47 750/1590/47
f 797/1589/47 750/1590/47 798/1591/47
f 798/1591/47 750/1590/47 799/1592/47
f 799/1592/47 750/1590/47 749/1593/47
f 799/1592/47 749/1593/47 794/1583/47
f 794/1583/47 749/1593/47 748/1594/47
f 794/1583/47 748/1594/47 747/1581/47
f 800/1595/47 801/1596/47 802/1597/47
f 802/1597/47 801/1596/47 803/1598/47
f 802/1597/47 803/1598/47 804/1599/47
f 804/1599/47 803/1598/47 805/1600/47
f 804/1599/47 805/1600/47 806/1601/47
f 801/1596/47 800/1595/47 807/1602/47
f 807/1602/47 800/1595/47 808/1603/47
f 807/1602/47 808/1603/47 809/1604/47
f 807/1602/47 809/1604/47 810/1605/47
f 810/1605/47 809/1604/47 811/1606/47
f 810/1605/47 811/1606/47 812/1607/47
f 812/1607/47 811/1606/47 813/1608/47
f 812/1607/47 813/1608/47 814/1609/47
f 814/1609/47 813/1608/47 815/1610/47
f 815/1610/47 813/1608/47 816/1611/47
f 815/1610/47 816/1611/47 806/1601/47
f 806/1601/47 816/1611/47 817/1612/47
f 806/1601/47 817/1612/47 804/1599/47
f 718/1613/42 757/1614/52 716/1615/52
f 716/1615/52 757/1614/52 759/1616/45
f 716/1615/52 759/1616/45 714/1617/45
f 714/1617/45 759/1616/45 772/1618/45
f 714/1617/45 772/1618/45 715/1619/45
f 715/1619/45 772/1618/45 771/1620/39
f 715/1619/45 771/1620/39 726/1621/39
f 726/1621/39 771/1620/39 768/1622/39
f 726/1621/39 768/1622/39 725/1623/55
f 725/1624/55 768/1625/39 766/1626/56
f 725/1624/55 766/1626/56 723/1627/41
f 723/1627/41 766/1626/56 764/1628/41
f 723/1627/41 764/1628/41 721/1629/41
f 721/1629/41 764/1628/41 763/1630/57
f 721/1629/41 763/1630/57 720/1631/42
f 720/1631/42 763/1630/57 755/1632/42
f 720/1631/42 755/1632/42 718/1613/42
f 718/1613/42 755/1632/42 757/1614/52
f 739/1633/42 775/1634/52 737/1635/52
f 737/1635/52 775/1634/52 777/1636/45
f 737/1635/52 777/1636/45 735/1637/45
f 735/1637/45 777/1636/45 790/1638/45
f 735/1637/45 790/1638/45 734/1639/45
f 734/1639/45 790/1638/45 789/1640/39
f 734/1639/45 789/1640/39 733/1641/39
f 733/1641/39 789/1640/39 786/1642/39
f 733/1641/39 786/1642/39 732/1643/55
f 732/1644/55 786/1645/39 784/1646/56
f 732/1644/55 784/1646/56 744/1647/41
f 744/1647/41 784/1646/56 782/1648/41
f 744/1647/41 782/1648/41 742/1649/41
f 742/1649/41 782/1648/41 781/1650/57
f 742/1649/41 781/1650/57 740/1651/42
f 740/1651/42 781/1650/57 773/1652/42
f 740/1651/42 773/1652/42 739/1633/42
f 739/1633/42 773/1652/42 775/1634/52
f 685/1653/42 802/1654/52 708/1655/52
f 708/1655/52 802/1654/52 804/1656/45
f 708/1655/52 804/1656/45 706/1657/45
f 706/1657/45 804/1656/45 817/1658/45
f 706/1657/45 817/1658/45 672/1659/45
f 672/1659/45 817/1658/45 816/1660/39
f 672/1659/45 816/1660/39 670/1661/39
f 670/1661/39 816/1660/39 813/1662/39
f 670/1661/39 813/1662/39 669/1663/39
f 669/1664/39 813/1665/39 811/1666/53
f 669/1664/39 811/1666/53 667/1667/41
f 667/1667/41 811/1666/53 809/1668/41
f 667/1667/41 809/1668/41 666/1669/41
f 666/1669/41 809/1668/41 808/1670/54
f 666/1669/41 808/1670/54 664/1671/42
f 664/1671/42 808/1670/54 800/1672/42
f 664/1671/42 800/1672/42 685/1653/42
f 685/1653/42 800/1672/42 802/1654/52
f 756/1673/42 818/1674/52 758/1675/52
f 758/1675/52 818/1674/52 819/1676/45
f 758/1675/52 819/1676/45 760/1677/45
f 760/1677/45 819/1676/45 820/1678/45
f 760/1677/45 820/1678/45 761/1679/58
f 761/1679/58 820/1678/45 821/1680/59
f 761/1679/58 821/1680/59 770/1681/39
f 770/1681/39 821/1680/59 822/1682/39
f 770/1681/39 822/1682/39 769/1683/39
f 769/1684/39 822/1685/39 823/1686/53
f 769/1684/39 823/1686/53 767/1687/41
f 767/1687/41 823/1686/53 824/1688/41
f 767/1687/41 824/1688/41 765/1689/41
f 765/1689/41 824/1688/41 825/1690/42
f 765/1689/41 825/1690/42 762/1691/42
f 762/1691/42 825/1690/42 826/1692/42
f 762/1691/42 826/1692/42 756/1673/42
f 756/1673/42 826/1692/42 818/1674/52
f 827/1693/46 828/1694/46 818/1695/46
f 818/1695/46 828/1694/46 829/1696/46
f 818/1695/46 829/1696/46 819/1697/46
f 819/1697/46 829/1696/46 830/1698/46
f 819/1697/46 830/1698/46 820/1699/46
f 820/1699/46 830/1698/46 821/1700/46
f 821/1700/46 830/1698/46 831/1701/46
f 821/1700/46 831/1701/46 822/1702/46
f 822/1702/46 831/1701/46 832/1703/46
f 822/1702/46 832/1703/46 833/1704/46
f 822/1702/46 833/1704/46 823/1705/46
f 823/1705/46 833/1704/46 834/1706/46
f 823/1705/46 834/1706/46 824/1707/46
f 824/1707/46 834/1706/46 835/1708/60
f 824/1707/46 835/1708/60 825/1709/60
f 825/1709/60 835/1708/60 826/1710/46
f 826/1710/46 835/1708/60 827/1693/46
f 826/1710/46 827/1693/46 818/1695/46
f 827/1711/61 836/1712/61 828/1713/62
f 828/1713/62 836/1712/61 837/1714/62
f 828/1715/62 837/1716/62 829/1717/63
f 829/1717/63 837/1716/62 838/1718/64
f 829/1717/63 838/1718/64 830/1719/65
f 830/1719/65 838/1718/64 839/1720/66
f 830/1719/65 839/1720/66 831/1721/67
f 831/1721/67 839/1720/66 840/1722/68
f 831/1721/67 840/1722/68 832/1723/69
f 832/1723/69 840/1722/68 841/1724/67
f 832/1723/69 841/1724/67 833/1725/70
f 833/1725/70 841/1724/67 842/1726/71
f 833/1725/70 842/1726/71 834/1727/72
f 834/1727/72 842/1726/71 843/1728/73
f 834/1727/72 843/1728/73 835/1729/74
f 835/1729/74 843/1728/73 844/1730/75
f 835/1729/74 844/1730/75 827/1711/61
f 827/1711/61 844/1730/75 836/1712/61
f 845/1731/45 838/1732/45 846/1733/52
f 846/1733/52 838/1732/45 837/1734/52
f 846/1735/52 837/1736/52 847/1737/42
f 847/1737/42 837/1736/52 836/1738/42
f 847/1737/42 836/1738/42 848/1739/57
f 848/1739/57 836/1738/42 844/1740/42
f 848/1739/57 844/1740/42 849/1741/41
f 849/1741/41 844/1740/42 843/1742/41
f 849/1741/41 843/1742/41 850/1743/53
f 850/1743/53 843/1742/41 842/1744/41
f 850/1743/53 842/1744/41 851/1745/39
f 851/1745/39 842/1744/41 841/1746/59
f 851/1745/39 841/1746/59 852/1747/59
f 852/1747/59 841/1746/59 840/1748/39
f 852/1747/59 840/1748/39 853/1749/45
f 853/1749/45 840/1748/39 839/1750/45
f 853/1749/45 839/1750/45 845/1731/45
f 845/1731/45 839/1750/45 838/1732/45
f 847/1751/61 854/1752/61 846/1753/62
f 849/1754/76 854/1755/71 848/1756/75
f 851/1757/77 854/1758/78 850/1759/71
f 853/1760/64 854/1761/65 852/1762/67
f 846/1763/62 854/1764/62 845/1765/66
f 852/1762/78 854/1766/78 851/1757/77
f 845/1765/66 854/1767/65 853/1760/64
f 850/1759/70 854/1768/71 849/1754/76
f 848/1756/79 854/1769/61 847/1751/61
f 774/1770/42 855/1771/52 776/1772/52
f 776/1772/52 855/1771/52 856/1773/45
f 776/1772/52 856/1773/45 778/1774/45
f 778/1774/45 856/1773/45 857/1775/45
f 778/1774/45 857/1775/45 779/1776/58
f 779/1776/58 857/1775/45 858/1777/59
f 779/1776/58 858/1777/59 788/1778/39
f 788/1778/39 858/1777/59 859/1779/39
f 788/1778/39 859/1779/39 787/1780/39
f 787/1781/39 859/1782/39 860/1783/53
f 787/1781/39 860/1783/53 785/1784/41
f 785/1784/41 860/1783/53 861/1785/41
f 785/1784/41 861/1785/41 783/1786/41
f 783/1786/41 861/1785/41 862/1787/42
f 783/1786/41 862/1787/42 780/1788/42
f 780/1788/42 862/1787/42 863/1789/42
f 780/1788/42 863/1789/42 774/1770/42
f 774/1770/42 863/1789/42 855/1771/52
f 864/1790/46 865/1791/46 855/1792/46
f 855/1792/46 865/1791/46 866/1793/46
f 855/1792/46 866/1793/46 856/1794/46
f 856/1794/46 866/1793/46 867/1795/46
f 856/1794/46 867/1795/46 857/1796/46
f 857/1796/46 867/1795/46 858/1797/46
f 858/1797/46 867/1795/46 868/1798/46
f 858/1797/46 868/1798/46 859/1799/46
f 859/1799/46 868/1798/46 869/1800/46
f 859/1799/46 869/1800/46 870/1801/46
f 859/1799/46 870/1801/46 860/1802/46
f 860/1802/46 870/1801/46 871/1803/46
f 860/1802/46 871/1803/46 861/1804/46
f 861/1804/46 871/1803/46 872/1805/60
f 861/1804/46 872/1805/60 862/1806/60
f 862/1806/60 872/1805/60 863/1807/46
f 863/1807/46 872/1805/60 864/1790/46
f 863/1807/46 864/1790/46 855/1792/46
f 864/1808/61 873/1809/61 865/1810/62
f 865/1810/62 873/1809/61 874/1811/62
f 865/1812/62 874/1813/62 866/1814/63
f 866/1814/63 874/1813/62 875/1815/64
f 866/1814/63 875/1815/64 867/1816/65
f 867/1816/65 875/1815/64 876/1817/66
f 867/1816/65 876/1817/66 868/1818/67
f 868/1818/67 876/1817/66 877/1819/78
f 868/1818/67 877/1819/78 869/1820/69
f 869/1820/69 877/1819/78 878/1821/67
f 869/1820/69 878/1821/67 870/1822/70
f 870/1822/70 878/1821/67 879/1823/71
f 870/1822/70 879/1823/71 871/1824/72
f 871/1824/72 879/1823/71 880/1825/76
f 871/1824/72 880/1825/76 872/1826/74
f 872/1826/74 880/1825/76 881/1827/75
f 872/1826/74 881/1827/75 864/1808/61
f 864/1808/61 881/1827/75 873/1809/61
f 882/1828/45 875/1829/45 883/1830/52
f 883/1830/52 875/1829/45 874/1831/52
f 883/1832/52 874/1833/52 884/1834/42
f 884/1834/42 874/1833/52 873/1835/42
f 884/1834/42 873/1835/42 885/1836/42
f 885/1836/42 873/1835/42 881/1837/42
f 885/1836/42 881/1837/42 886/1838/41
f 886/1838/41 881/1837/42 880/1839/41
f 886/1838/41 880/1839/41 887/1840/53
f 887/1840/53 880/1839/41 879/1841/41
f 887/1840/53 879/1841/41 888/1842/39
f 888/1842/39 879/1841/41 878/1843/59
f 888/1842/39 878/1843/59 889/1844/39
f 889/1844/39 878/1843/59 877/1845/39
f 889/1844/39 877/1845/39 890/1846/45
f 890/1846/45 877/1845/39 876/1847/80
f 890/1846/45 876/1847/80 882/1828/45
f 882/1828/45 876/1847/80 875/1829/45
f 884/1848/61 891/1849/61 883/1850/62
f 886/1851/76 891/1852/71 885/1853/75
f 888/1854/77 891/1855/78 887/1856/71
f 890/1857/64 891/1858/65 889/1859/67
f 883/1860/62 891/1861/62 882/1862/66
f 889/1859/78 891/1863/78 888/1854/77
f 882/1862/81 891/1864/65 890/1857/64
f 887/1856/70 891/1865/71 886/1851/76
f 885/1853/79 891/1866/61 884/1848/61
f 791/1867/42 892/1868/52 792/1869/52
f 792/1869/52 892/1868/52 893/1870/45
f 792/1869/52 893/1870/45 793/1871/45
f 793/1871/45 893/1870/45 894/1872/45
f 793/1871/45 894/1872/45 794/1873/45
f 794/1873/45 894/1872/45 895/1874/59
f 794/1873/45 895/1874/59 799/1875/39
f 799/1875/39 895/1874/59 896/1876/39
f 799/1875/39 896/1876/39 798/1877/59
f 798/1878/59 896/1879/39 897/1880/41
f 798/1878/59 897/1880/41 797/1881/41
f 797/1881/41 897/1880/41 898/1882/41
f 797/1881/41 898/1882/41 796/1883/41
f 796/1883/41 898/1882/41 899/1884/42
f 796/1883/41 899/1884/42 795/1885/42
f 795/1885/42 899/1884/42 900/1886/42
f 795/1885/42 900/1886/42 791/1867/42
f 791/1867/42 900/1886/42 892/1868/52
f 901/1887/46 902/1888/46 892/1889/46
f 892/1889/46 902/1888/46 903/1890/46
f 892/1889/46 903/1890/46 893/1891/46
f 893/1891/46 903/1890/46 904/1892/46
f 893/1891/46 904/1892/46 894/1893/46
f 894/1893/46 904/1892/46 895/1894/46
f 895/1894/46 904/1892/46 905/1895/46
f 895/1894/46 905/1895/46 896/1896/46
f 896/1896/46 905/1895/46 906/1897/46
f 896/1896/46 906/1897/46 907/1898/46
f 896/1896/46 907/1898/46 897/1899/46
f 897/1899/46 907/1898/46 908/1900/46
f 897/1899/46 908/1900/46 898/1901/46
f 898/1901/46 908/1900/46 909/1902/46
f 898/1901/46 909/1902/46 899/1903/46
f 899/1903/46 909/1902/46 900/1904/46
f 900/1904/46 909/1902/46 901/1887/46
f 900/1904/46 901/1887/46 892/1889/46
f 901/1905/75 910/1906/75 902/1907/62
f 902/1907/62 910/1906/75 911/1908/62
f 902/1909/62 911/1910/62 903/1911/64
f 903/1911/64 911/1910/62 912/1912/63
f 903/1911/64 912/1912/63 904/1913/65
f 904/1913/65 912/1912/63 913/1914/66
f 904/1913/65 913/1914/66 905/1915/69
f 905/1915/69 913/1914/66 914/1916/67
f 905/1915/69 914/1916/67 906/1917/69
f 906/1917/69 914/1916/67 915/1918/67
f 906/1917/69 915/1918/67 907/1919/70
f 907/1919/70 915/1918/67 916/1920/71
f 907/1919/70 916/1920/71 908/1921/72
f 908/1921/72 916/1920/71 917/1922/73
f 908/1921/72 917/1922/73 909/1923/61
f 909/1923/61 917/1922/73 918/1924/75
f 909/1923/61 918/1924/75 901/1905/75
f 901/1905/75 918/1924/75 910/1906/75
f 919/1925/45 912/1926/45 920/1927/52
f 920/1927/52 912/1926/45 911/1928/52
f 920/1929/52 911/1930/52 921/1931/42
f 921/1931/42 911/1930/52 910/1932/42
f 921/1931/42 910/1932/42 922/1933/42
f 922/1933/42 910/1932/42 918/1934/42
f 922/1933/42 918/1934/42 923/1935/41
f 923/1935/41 918/1934/42 917/1936/82
f 923/1935/41 917/1936/82 924/1937/41
f 924/1937/41 917/1936/82 916/1938/41
f 924/1937/41 916/1938/41 925/1939/39
f 925/1939/39 916/1938/41 915/1940/59
f 925/1939/39 915/1940/59 926/1941/39
f 926/1941/39 915/1940/59 914/1942/39
f 926/1941/39 914/1942/39 927/1943/45
f 927/1943/45 914/1942/39 913/1944/45
f 927/1943/45 913/1944/45 919/1925/45
f 919/1925/45 913/1944/45 912/1926/45
f 921/1945/61 928/1946/61 920/1947/62
f 923/1948/76 928/1949/71 922/1950/75
f 925/1951/77 928/1952/78 924/1953/83
f 927/1954/64 928/1955/65 926/1956/68
f 920/1957/62 928/1958/62 919/1959/66
f 926/1956/78 928/1960/78 925/1951/77
f 919/1959/81 928/1961/65 927/1954/64
f 924/1953/70 928/1962/71 923/1948/76
f 922/1950/84 928/1963/61 921/1945/61
f 801/1964/42 929/1965/52 803/1966/52
f 803/1966/52 929/1965/52 930/1967/45
f 803/1966/52 930/1967/45 805/1968/45
f 805/1968/45 930/1967/45 931/1969/45
f 805/1968/45 931/1969/45 806/1970/45
f 806/1970/45 931/1969/45 932/1971/59
f 806/1970/45 932/1971/59 815/1972/39
f 815/1972/39 932/1971/59 933/1973/39
f 815/1972/39 933/1973/39 814/1974/59
f 814/1975/59 933/1976/39 934/1977/41
f 814/1975/59 934/1977/41 812/1978/41
f 812/1978/41 934/1977/41 935/1979/41
f 812/1978/41 935/1979/41 810/1980/41
f 810/1980/41 935/1979/41 936/1981/42
f 810/1980/41 936/1981/42 807/1982/42
f 807/1982/42 936/1981/42 937/1983/42
f 807/1982/42 937/1983/42 801/1964/42
f 801/1964/42 937/1983/42 929/1965/52
f 938/1984/46 939/1985/46 929/1986/46
f 929/1986/46 939/1985/46 940/1987/46
f 929/1986/46 940/1987/46 930/1988/46
f 930/1988/46 940/1987/46 941/1989/46
f 930/1988/46 941/1989/46 931/1990/46
f 931/1990/46 941/1989/46 932/1991/46
f 932/1991/46 941/1989/46 942/1992/46
f 932/1991/46 942/1992/46 933/1993/46
f 933/1993/46 942/1992/46 943/1994/46
f 933/1993/46 943/1994/46 944/1995/46
f 933/1993/46 944/1995/46 934/1996/46
f 934/1996/46 944/1995/46 945/1997/46
f 934/1996/46 945/1997/46 935/1998/46
f 935/1998/46 945/1997/46 946/1999/46
f 935/1998/46 946/1999/46 936/2000/46
f 936/2000/46 946/1999/46 937/2001/46
f 937/2001/46 946/1999/46 938/1984/46
f 937/2001/46 938/1984/46 929/1986/46
f 938/2002/61 947/2003/75 939/2004/62
f 939/2004/62 947/2003/75 948/2005/62
f 939/2006/62 948/2007/62 940/2008/64
f 940/2008/64 948/2007/62 949/2009/63
f 940/2008/64 949/2009/63 941/2010/65
f 941/2010/65 949/2009/63 950/2011/66
f 941/2010/65 950/2011/66 942/2012/69
f 942/2012/69 950/2011/66 951/2013/78
f 942/2012/69 951/2013/78 943/2014/69
f 943/2014/69 951/2013/78 952/2015/67
f 943/2014/69 952/2015/67 944/2016/70
f 944/2016/70 952/2015/67 953/2017/71
f 944/2016/70 953/2017/71 945/2018/76
f 945/2018/76 953/2017/71 954/2019/73
f 945/2018/76 954/2019/73 946/2020/61
f 946/2020/61 954/2019/73 955/2021/75
f 946/2020/61 955/2021/75 938/2002/61
f 938/2002/61 955/2021/75 947/2003/75
f 956/2022/45 949/2023/45 957/2024/52
f 957/2024/52 949/2023/45 948/2025/52
f 957/2026/52 948/2027/52 958/2028/42
f 958/2028/42 948/2027/52 947/2029/42
f 958/2028/42 947/2029/42 959/2030/57
f 959/2030/57 947/2029/42 955/2031/42
f 959/2030/57 955/2031/42 960/2032/41
f 960/2032/41 955/2031/42 954/2033/41
f 960/2032/41 954/2033/41 961/2034/41
f 961/2034/41 954/2033/41 953/2035/41
f 961/2034/41 953/2035/41 962/2036/39
f 962/2036/39 953/2035/41 952/2037/59
f 962/2036/39 952/2037/59 963/2038/59
f 963/2038/59 952/2037/59 951/2039/39
f 963/2038/59 951/2039/39 964/2040/45
f 964/2040/45 951/2039/39 950/2041/80
f 964/2040/45 950/2041/80 956/2022/45
f 956/2022/45 950/2041/80 949/2023/45
f 958/2042/85 965/2043/61 957/2044/62
f 960/2045/76 965/2046/71 959/2047/75
f 962/2048/77 965/2049/78 961/2050/83
f 964/2051/64 965/2052/65 963/2053/68
f 957/2054/62 965/2055/62 956/2056/66
f 963/2053/78 965/2057/78 962/2048/77
f 956/2056/81 965/2058/65 964/2051/64
f 961/2050/70 965/2059/71 960/2045/76
f 959/2047/84 965/2060/61 958/2042/85
f 966/2061/41 654/2062/41 967/2063/86
f 967/2063/86 654/2062/41 653/2064/86
f 967/2065/86 653/2066/86 968/2067/42
f 968/2067/42 653/2066/86 655/2068/87
f 968/2067/42 655/2068/87 969/2069/54
f 969/2069/54 655/2068/87 656/2070/42
f 969/2069/54 656/2070/42 970/2071/45
f 970/2071/45 656/2070/42 658/2072/88
f 970/2071/45 658/2072/88 971/2073/45
f 971/2073/45 658/2072/88 660/2074/45
f 971/2073/45 660/2074/45 972/2075/39
f 972/2075/39 660/2074/45 661/2076/89
f 972/2075/39 661/2076/89 973/2077/39
f 973/2077/39 661/2076/89 659/2078/39
f 973/2077/39 659/2078/39 974/2079/41
f 974/2079/41 659/2078/39 657/2080/53
f 974/2079/41 657/2080/53 966/2061/41
f 966/2061/41 657/2080/53 654/2062/41
f 975/2081/72 966/2082/83 976/2083/90
f 976/2083/90 966/2082/83 967/2084/90
f 976/2085/90 967/2086/90 977/2087/61
f 977/2087/61 967/2086/90 968/2088/74
f 977/2087/61 968/2088/74 978/2089/84
f 978/2089/84 968/2088/74 969/2090/84
f 978/2089/84 969/2090/84 979/2091/66
f 979/2091/66 969/2090/84 970/2092/65
f 979/2091/66 970/2092/65 980/2093/91
f 980/2093/91 970/2092/65 971/2094/65
f 980/2093/91 971/2094/65 981/2095/67
f 981/2095/67 971/2094/65 972/2096/92
f 981/2095/67 972/2096/92 982/2097/69
f 982/2097/69 972/2096/92 973/2098/78
f 982/2097/69 973/2098/78 983/2099/73
f 983/2099/73 973/2098/78 974/2100/76
f 983/2099/73 974/2100/76 975/2081/72
f 975/2081/72 974/2100/76 966/2082/83
f 984/2101/47 980/2102/47 985/2103/47
f 985/2103/47 980/2102/47 981/2104/47
f 985/2103/47 981/2104/47 986/2105/47
f 986/2105/47 981/2104/47 982/2106/47
f 986/2105/47 982/2106/47 987/2107/47
f 987/2107/47 982/2106/47 983/2108/47
f 987/2107/47 983/2108/47 988/2109/47
f 988/2109/47 983/2108/47 975/2110/47
f 988/2109/47 975/2110/47 989/2111/47
f 989/2111/47 975/2110/47 976/2112/47
f 989/2111/47 976/2112/47 990/2113/47
f 990/2113/47 976/2112/47 977/2114/47
f 990/2113/47 977/2114/47 991/2115/47
f 991/2115/47 977/2114/47 978/2116/47
f 991/2115/47 978/2116/47 992/2117/47
f 992/2117/47 978/2116/47 979/2118/47
f 992/2117/47 979/2118/47 984/2101/47
f 984/2101/47 979/2118/47 980/2102/47
f 986/2119/39 993/2120/93 985/2121/93
f 985/2121/93 993/2120/93 994/2122/45
f 985/2121/93 994/2122/45 984/2123/45
f 984/2123/45 994/2122/45 995/2124/45
f 984/2123/45 995/2124/45 992/2125/94
f 992/2125/94 995/2124/45 996/2126/42
f 992/2125/94 996/2126/42 991/2127/42
f 991/2127/42 996/2126/42 997/2128/42
f 991/2127/42 997/2128/42 990/2129/42
f 990/2130/42 997/2131/42 998/2132/41
f 990/2130/42 998/2132/41 989/2133/41
f 989/2133/41 998/2132/41 999/2134/41
f 989/2133/41 999/2134/41 988/2135/41
f 988/2135/41 999/2134/41 1000/2136/39
f 988/2135/41 1000/2136/39 987/2137/39
f 987/2137/39 1000/2136/39 1001/2138/39
f 987/2137/39 1001/2138/39 986/2119/39
f 986/2119/39 1001/2138/39 993/2120/93
f 1002/2139/47 1003/2140/47 1004/2141/47
f 1004/2141/47 1003/2140/47 1005/2142/47
f 1004/2141/47 1005/2142/47 1006/2143/47
f 1007/2144/47 1008/2145/47 1002/2139/47
f 1002/2139/47 1008/2145/47 1009/2146/47
f 1002/2139/47 1009/2146/47 1010/2147/47
f 1011/2148/47 1012/2149/47 1007/2144/47
f 1007/2144/47 1012/2149/47 1013/2150/47
f 1007/2144/47 1013/2150/47 999/2151/47
f 999/2151/47 1013/2150/47 1014/2152/47
f 999/2151/47 1014/2152/47 1015/2153/47
f 1016/2154/47 1017/2155/47 1011/2148/47
f 1011/2148/47 1017/2155/47 1018/2156/47
f 1011/2148/47 1018/2156/47 1012/2149/47
f 1019/2157/47 1020/2158/47 1016/2154/47
f 1016/2154/47 1020/2158/47 1021/2159/47
f 1016/2154/47 1021/2159/47 1000/2160/47
f 1000/2160/47 1021/2159/47 1022/2161/47
f 1000/2160/47 1022/2161/47 1023/2162/47
f 1024/2163/47 1025/2164/47 1019/2157/47
f 1019/2157/47 1025/2164/47 1026/2165/47
f 1019/2157/47 1026/2165/47 1020/2158/47
f 1027/2166/47 1028/2167/47 1024/2163/47
f 1024/2163/47 1028/2167/47 1029/2168/47
f 1024/2163/47 1029/2168/47 1030/2169/47
f 1031/2170/47 1032/2171/47 1027/2166/47
f 1027/2166/47 1032/2171/47 1033/2172/47
f 1027/2166/47 1033/2172/47 1028/2167/47
f 1034/2173/47 1035/2174/47 1031/2170/47
f 1031/2170/47 1035/2174/47 1036/2175/47
f 1031/2170/47 1036/2175/47 1037/2176/47
f 1038/2177/47 1039/2178/47 1034/2173/47
f 1034/2173/47 1039/2178/47 1040/2179/47
f 1034/2173/47 1040/2179/47 1035/2174/47
f 1041/2180/47 1042/2181/47 1038/2177/47
f 1038/2177/47 1042/2181/47 1043/2182/47
f 1038/2177/47 1043/2182/47 995/2183/47
f 995/2183/47 1043/2182/47 1044/2184/47
f 995/2183/47 1044/2184/47 1045/2185/47
f 1046/2186/47 1047/2187/47 1041/2180/47
f 1041/2180/47 1047/2187/47 1048/2188/47
f 1041/2180/47 1048/2188/47 1042/2181/47
f 1049/2189/47 1050/2190/47 1046/2186/47
f 1046/2186/47 1050/2190/47 1051/2191/47
f 1046/2186/47 1051/2191/47 1052/2192/47
f 1004/2141/47 1006/2143/47 1049/2189/47
f 1049/2189/47 1006/2143/47 1053/2193/47
f 1049/2189/47 1053/2193/47 1054/2194/47
f 1054/2194/47 1053/2193/47 997/2195/47
f 1054/2194/47 997/2195/47 1055/2196/47
f 1055/2196/47 997/2195/47 1056/2197/47
f 1056/2197/47 997/2195/47 1057/2198/47
f 1057/2198/47 997/2195/47 996/2199/47
f 1057/2198/47 996/2199/47 1058/2200/47
f 1058/2200/47 996/2199/47 1052/2192/47
f 1052/2192/47 996/2199/47 1046/2186/47
f 1003/2140/47 1002/2139/47 1059/2201/47
f 1059/2201/47 1002/2139/47 1060/2202/47
f 1059/2201/47 1060/2202/47 998/2203/47
f 998/2203/47 1060/2202/47 1061/2204/47
f 998/2203/47 1061/2204/47 1062/2205/47
f 1053/2193/47 1063/2206/47 997/2195/47
f 997/2195/47 1063/2206/47 1064/2207/47
f 997/2195/47 1064/2207/47 1065/2208/47
f 997/2195/47 1065/2208/47 998/2203/47
f 998/2203/47 1065/2208/47 1066/2209/47
f 998/2203/47 1066/2209/47 1059/2201/47
f 998/2203/47 1062/2205/47 999/2151/47
f 999/2151/47 1062/2205/47 1067/2210/47
f 999/2151/47 1067/2210/47 1068/2211/47
f 1068/2211/47 1069/2212/47 999/2151/47
f 999/2151/47 1069/2212/47 1007/2144/47
f 1069/2212/47 1008/2145/47 1007/2144/47
f 1010/2147/47 1060/2202/47 1002/2139/47
f 999/2151/47 1015/2153/47 1000/2160/47
f 1000/2160/47 1015/2153/47 1070/2213/47
f 1000/2160/47 1070/2213/47 1071/2214/47
f 1000/2160/47 1071/2214/47 1016/2154/47
f 1016/2154/47 1071/2214/47 1072/2215/47
f 1016/2154/47 1072/2215/47 1017/2155/47
f 1000/2160/47 1023/2162/47 1001/2216/47
f 1001/2216/47 1023/2162/47 1073/2217/47
f 1001/2216/47 1073/2217/47 1074/2218/47
f 1075/2219/47 1024/2163/47 1074/2218/47
f 1074/2218/47 1024/2163/47 1030/2169/47
f 1074/2218/47 1030/2169/47 1001/2216/47
f 1001/2216/47 1030/2169/47 993/2220/47
f 993/2220/47 1030/2169/47 1076/2221/47
f 993/2220/47 1076/2221/47 1077/2222/47
f 1075/2219/47 1025/2164/47 1024/2163/47
f 993/2220/47 1077/2222/47 994/2223/47
f 994/2223/47 1077/2222/47 1078/2224/47
f 994/2223/47 1078/2224/47 1037/2176/47
f 1037/2176/47 1078/2224/47 1031/2170/47
f 1078/2224/47 1079/2225/47 1031/2170/47
f 1031/2170/47 1079/2225/47 1032/2171/47
f 1037/2176/47 1080/2226/47 994/2223/47
f 994/2223/47 1080/2226/47 1081/2227/47
f 994/2223/47 1081/2227/47 995/2183/47
f 995/2183/47 1081/2227/47 1082/2228/47
f 995/2183/47 1082/2228/47 1038/2177/47
f 1038/2177/47 1082/2228/47 1083/2229/47
f 1038/2177/47 1083/2229/47 1039/2178/47
f 995/2183/47 1045/2185/47 996/2199/47
f 996/2199/47 1045/2185/47 1084/2230/47
f 996/2199/47 1084/2230/47 1085/2231/47
f 996/2199/47 1085/2231/47 1046/2186/47
f 1046/2186/47 1085/2231/47 1086/2232/47
f 1046/2186/47 1086/2232/47 1047/2187/47
f 1054/2194/47 1087/2233/47 1049/2189/47
f 1049/2189/47 1087/2233/47 1050/2190/47
f 1066/2234/69 1088/2235/95 1059/2236/95
f 1059/2236/95 1088/2235/95 1089/2237/71
f 1059/2236/95 1089/2237/71 1003/2238/71
f 1003/2238/71 1089/2237/71 1090/2239/76
f 1003/2238/71 1090/2239/76 1005/2240/72
f 1005/2240/72 1090/2239/76 1091/2241/79
f 1005/2240/72 1091/2241/79 1006/2242/79
f 1006/2242/79 1091/2241/79 1092/2243/79
f 1006/2242/79 1092/2243/79 1053/2244/74
f 1053/2245/74 1092/2246/79 1093/2247/66
f 1053/2245/74 1093/2247/66 1063/2248/65
f 1063/2248/65 1093/2247/66 1094/2249/81
f 1063/2248/65 1094/2249/81 1064/2250/81
f 1064/2250/81 1094/2249/81 1095/2251/92
f 1064/2250/81 1095/2251/92 1065/2252/77
f 1065/2252/77 1095/2251/92 1096/2253/69
f 1065/2252/77 1096/2253/69 1066/2234/69
f 1066/2234/69 1096/2253/69 1088/2235/95
f 1097/2254/41 1088/2255/40 1098/2256/40
f 1098/2256/40 1088/2255/40 1096/2257/39
f 1098/2256/40 1096/2257/39 1099/2258/39
f 1099/2258/39 1096/2257/39 1095/2259/39
f 1099/2258/39 1095/2259/39 1100/2260/39
f 1100/2260/39 1095/2259/39 1094/2261/88
f 1100/2260/39 1094/2261/88 1101/2262/45
f 1101/2262/45 1094/2261/88 1093/2263/45
f 1101/2262/45 1093/2263/45 1102/2264/45
f 1102/2265/45 1093/2266/45 1092/2267/42
f 1102/2265/45 1092/2267/42 1103/2268/42
f 1103/2268/42 1092/2267/42 1091/2269/42
f 1103/2268/42 1091/2269/42 1104/2270/57
f 1104/2270/57 1091/2269/42 1090/2271/41
f 1104/2270/57 1090/2271/41 1105/2272/41
f 1105/2272/41 1090/2271/41 1089/2273/41
f 1105/2272/41 1089/2273/41 1097/2254/41
f 1097/2254/41 1089/2273/41 1088/2255/40
f 1099/2274/47 1102/2275/47 1098/2276/47
f 1098/2276/47 1102/2275/47 1103/2277/47
f 1098/2276/47 1103/2277/47 1097/2278/47
f 1097/2278/47 1103/2277/47 1104/2279/47
f 1097/2278/47 1104/2279/47 1105/2280/47
f 1100/2281/47 1101/2282/47 1099/2274/47
f 1099/2274/47 1101/2282/47 1102/2275/47
f 1106/2283/47 1107/2284/47 1108/2285/47
f 1108/2285/47 1107/2284/47 1109/2286/47
f 1108/2285/47 1109/2286/47 1110/2287/47
f 1110/2287/47 1109/2286/47 1111/2288/47
f 1110/2287/47 1111/2288/47 1112/2289/47
f 1112/2289/47 1111/2288/47 1113/2290/47
f 1112/2289/47 1113/2290/47 1114/2291/47
f 1115/2292/47 1116/2293/47 1117/2294/47
f 1117/2294/47 1116/2293/47 1118/2295/47
f 1118/2295/47 1116/2293/47 1119/2296/47
f 1118/2295/47 1119/2296/47 1120/2297/47
f 1120/2297/47 1119/2296/47 1121/2298/47
f 1120/2297/47 1121/2298/47 1122/2299/47
f 1122/2299/47 1121/2298/47 1123/2300/47
f 1124/2301/47 1125/2302/47 1126/2303/47
f 1126/2303/47 1125/2302/47 1127/2304/47
f 1126/2303/47 1127/2304/47 1128/2305/47
f 1125/2302/47 1124/2301/47 1129/2306/47
f 1129/2306/47 1124/2301/47 1130/2307/47
f 1129/2306/47 1130/2307/47 1131/2308/47
f 1131/2308/47 1130/2307/47 1132/2309/47
f 1133/2310/47 1134/2311/47 1135/2312/47
f 1135/2312/47 1134/2311/47 1136/2313/47
f 1135/2312/47 1136/2313/47 1137/2314/47
f 1137/2314/47 1136/2313/47 1138/2315/47
f 1137/2314/47 1138/2315/47 1139/2316/47
f 1140/2317/47 1141/2318/47 1133/2310/47
f 1133/2310/47 1141/2318/47 1134/2311/47
f 1142/2319/47 1143/2320/47 1144/2321/47
f 1144/2321/47 1143/2320/47 1145/2322/47
f 1144/2321/47 1145/2322/47 1146/2323/47
f 1146/2323/47 1145/2322/47 1147/2324/47
f 1146/2323/47 1147/2324/47 1148/2325/47
f 1148/2325/47 1147/2324/47 1149/2326/47
f 1148/2325/47 1149/2326/47 1150/2327/47
f 1151/2328/47 1152/2329/47 1153/2330/47
f 1153/2330/47 1152/2329/47 1154/2331/47
f 1154/2331/47 1152/2329/47 1155/2332/47
f 1154/2331/47 1155/2332/47 1156/2333/47
f 1156/2333/47 1155/2332/47 1157/2334/47
f 1156/2333/47 1157/2334/47 1158/2335/47
f 1158/2335/47 1157/2334/47 1159/2336/47
f 1160/2337/47 1161/2338/47 1162/2339/47
f 1162/2339/47 1161/2338/47 1163/2340/47
f 1162/2339/47 1163/2340/47 1164/2341/47
f 1161/2338/47 1160/2337/47 1165/2342/47
f 1165/2342/47 1160/2337/47 1166/2343/47
f 1165/2342/47 1166/2343/47 1167/2344/47
f 1167/2344/47 1166/2343/47 1168/2345/47
f 1110/2346/42 1169/2347/42 1108/2348/42
f 1108/2348/42 1169/2347/42 1170/2349/96
f 1108/2350/42 1170/2351/96 1106/2352/42
f 1106/2352/42 1170/2351/96 1171/2353/42
f 1106/2352/42 1171/2353/42 1107/2354/41
f 1107/2354/41 1171/2353/42 1172/2355/41
f 1107/2354/41 1172/2355/41 1109/2356/41
f 1109/2356/41 1172/2355/41 1173/2357/41
f 1109/2356/41 1173/2357/41 1111/2358/39
f 1111/2358/39 1173/2357/41 1174/2359/59
f 1111/2358/39 1174/2359/59 1113/2360/97
f 1113/2360/97 1174/2359/59 1175/2361/39
f 1113/2360/97 1175/2361/39 1114/2362/45
f 1114/2362/45 1175/2361/39 1176/2363/45
f 1114/2362/45 1176/2363/45 1112/2364/44
f 1112/2364/44 1176/2363/45 1177/2365/45
f 1112/2364/44 1177/2365/45 1110/2346/42
f 1110/2346/42 1177/2365/45 1169/2347/42
f 1010/2366/74 1171/2367/85 1060/2368/84
f 1060/2368/84 1171/2367/85 1170/2369/85
f 1060/2370/84 1170/2371/85 1061/2372/74
f 1061/2372/74 1170/2371/85 1169/2373/75
f 1061/2372/74 1169/2373/75 1062/2374/64
f 1062/2374/64 1169/2373/75 1177/2375/65
f 1062/2374/64 1177/2375/65 1067/2376/81
f 1067/2376/81 1177/2375/65 1176/2377/81
f 1067/2376/81 1176/2377/81 1068/2378/68
f 1068/2378/68 1176/2377/81 1175/2379/67
f 1068/2378/68 1175/2379/67 1069/2380/77
f 1069/2380/77 1175/2379/67 1174/2381/68
f 1069/2380/77 1174/2381/68 1008/2382/76
f 1008/2382/76 1174/2381/68 1173/2383/73
f 1008/2382/76 1173/2383/73 1009/2384/72
f 1009/2384/72 1173/2383/73 1172/2385/76
f 1009/2384/72 1172/2385/76 1010/2366/74
f 1010/2366/74 1172/2385/76 1171/2367/85
f 1117/2386/42 1178/2387/42 1115/2388/86
f 1115/2388/86 1178/2387/42 1179/2389/86
f 1115/2390/86 1179/2391/86 1116/2392/41
f 1116/2392/41 1179/2391/86 1180/2393/41
f 1116/2392/41 1180/2393/41 1119/2394/41
f 1119/2394/41 1180/2393/41 1181/2395/41
f 1119/2394/41 1181/2395/41 1121/2396/39
f 1121/2396/39 1181/2395/41 1182/2397/39
f 1121/2396/39 1182/2397/39 1123/2398/39
f 1123/2398/39 1182/2397/39 1183/2399/39
f 1123/2398/39 1183/2399/39 1122/2400/45
f 1122/2400/45 1183/2399/39 1184/2401/45
f 1122/2400/45 1184/2401/45 1120/2402/45
f 1120/2402/45 1184/2401/45 1185/2403/45
f 1120/2402/45 1185/2403/45 1118/2404/42
f 1118/2404/42 1185/2403/45 1186/2405/54
f 1118/2404/42 1186/2405/54 1117/2386/42
f 1117/2386/42 1186/2405/54 1178/2387/42
f 1012/2406/83 1180/2407/72 1013/2408/90
f 1013/2408/90 1180/2407/72 1179/2409/90
f 1013/2410/90 1179/2411/90 1014/2412/79
f 1014/2412/79 1179/2411/90 1178/2413/79
f 1014/2412/79 1178/2413/79 1015/2414/74
f 1015/2414/74 1178/2413/79 1186/2415/85
f 1015/2414/74 1186/2415/85 1070/2416/91
f 1070/2416/91 1186/2415/85 1185/2417/64
f 1070/2416/91 1185/2417/64 1071/2418/91
f 1071/2418/91 1185/2417/64 1184/2419/64
f 1071/2418/91 1184/2419/64 1072/2420/77
f 1072/2420/77 1184/2419/64 1183/2421/68
f 1072/2420/77 1183/2421/68 1017/2422/69
f 1017/2422/69 1183/2421/68 1182/2423/92
f 1017/2422/69 1182/2423/92 1018/2424/83
f 1018/2424/83 1182/2423/92 1181/2425/72
f 1018/2424/83 1181/2425/72 1012/2406/83
f 1012/2406/83 1181/2425/72 1180/2407/72
f 1128/2426/41 1187/2427/98 1126/2428/41
f 1126/2428/41 1187/2427/98 1188/2429/41
f 1126/2430/41 1188/2431/41 1124/2432/41
f 1124/2432/41 1188/2431/41 1189/2433/41
f 1124/2432/41 1189/2433/41 1130/2434/39
f 1130/2434/39 1189/2433/41 1190/2435/59
f 1130/2434/39 1190/2435/59 1132/2436/99
f 1132/2436/99 1190/2435/59 1191/2437/39
f 1132/2436/99 1191/2437/39 1131/2438/45
f 1131/2438/45 1191/2437/39 1192/2439/45
f 1131/2438/45 1192/2439/45 1129/2440/88
f 1129/2440/88 1192/2439/45 1193/2441/45
f 1129/2440/88 1193/2441/45 1125/2442/42
f 1125/2442/42 1193/2441/45 1194/2443/42
f 1125/2442/42 1194/2443/42 1127/2444/42
f 1127/2444/42 1194/2443/42 1195/2445/42
f 1127/2444/42 1195/2445/42 1128/2426/41
f 1128/2426/41 1195/2445/42 1187/2427/98
f 1020/2446/72 1189/2447/73 1021/2448/71
f 1021/2448/71 1189/2447/73 1188/2449/70
f 1021/2450/71 1188/2451/70 1022/2452/73
f 1022/2452/73 1188/2451/70 1187/2453/72
f 1022/2452/73 1187/2453/72 1023/2454/61
f 1023/2454/61 1187/2453/72 1195/2455/61
f 1023/2454/61 1195/2455/61 1073/2456/84
f 1073/2456/84 1195/2455/61 1194/2457/84
f 1073/2456/84 1194/2457/84 1074/2458/63
f 1074/2458/63 1194/2457/84 1193/2459/81
f 1074/2458/63 1193/2459/81 1075/2460/91
f 1075/2460/91 1193/2459/81 1192/2461/63
f 1075/2460/91 1192/2461/63 1025/2462/77
f 1025/2462/77 1192/2461/63 1191/2463/78
f 1025/2462/77 1191/2463/78 1026/2464/69
f 1026/2464/69 1191/2463/78 1190/2465/78
f 1026/2464/69 1190/2465/78 1020/2446/72
f 1020/2446/72 1190/2465/78 1189/2447/73
f 1137/2466/41 1196/2467/41 1135/2468/40
f 1135/2468/40 1196/2467/41 1197/2469/40
f 1135/2470/40 1197/2471/40 1133/2472/39
f 1133/2472/39 1197/2471/40 1198/2473/39
f 1133/2472/39 1198/2473/39 1140/2474/97
f 1140/2474/97 1198/2473/39 1199/2475/39
f 1140/2474/97 1199/2475/39 1141/2476/45
f 1141/2476/45 1199/2475/39 1200/2477/88
f 1141/2476/45 1200/2477/88 1134/2478/45
f 1134/2478/45 1200/2477/88 1201/2479/45
f 1134/2478/45 1201/2479/45 1136/2480/42
f 1136/2480/42 1201/2479/45 1202/2481/54
f 1136/2480/42 1202/2481/54 1138/2482/42
f 1138/2482/42 1202/2481/54 1203/2483/42
f 1138/2482/42 1203/2483/42 1139/2484/41
f 1139/2484/41 1203/2483/42 1204/2485/41
f 1139/2484/41 1204/2485/41 1137/2466/41
f 1137/2466/41 1204/2485/41 1196/2467/41
f 1028/2486/69 1198/2487/68 1029/2488/95
f 1029/2488/95 1198/2487/68 1197/2489/95
f 1029/2490/95 1197/2491/95 1030/2492/83
f 1030/2492/83 1197/2491/95 1196/2493/83
f 1030/2492/83 1196/2493/83 1076/2494/73
f 1076/2494/73 1196/2493/83 1204/2495/76
f 1076/2494/73 1204/2495/76 1077/2496/74
f 1077/2496/74 1204/2495/76 1203/2497/85
f 1077/2496/74 1203/2497/85 1078/2498/84
f 1078/2498/84 1203/2497/85 1202/2499/85
f 1078/2498/84 1202/2499/85 1079/2500/81
f 1079/2500/81 1202/2499/85 1201/2501/91
f 1079/2500/81 1201/2501/91 1032/2502/91
f 1032/2502/91 1201/2501/91 1200/2503/91
f 1032/2502/91 1200/2503/91 1033/2504/68
f 1033/2504/68 1200/2503/91 1199/2505/92
f 1033/2504/68 1199/2505/92 1028/2486/69
f 1028/2486/69 1199/2505/92 1198/2487/68
f 1146/2506/39 1205/2507/39 1144/2508/100
f 1144/2508/100 1205/2507/39 1206/2509/101
f 1144/2510/100 1206/2511/101 1142/2512/59
f 1142/2512/59 1206/2511/101 1207/2513/39
f 1142/2512/59 1207/2513/39 1143/2514/45
f 1143/2514/45 1207/2513/39 1208/2515/45
f 1143/2514/45 1208/2515/45 1145/2516/45
f 1145/2516/45 1208/2515/45 1209/2517/45
f 1145/2516/45 1209/2517/45 1147/2518/42
f 1147/2518/42 1209/2517/45 1210/2519/42
f 1147/2518/42 1210/2519/42 1149/2520/42
f 1149/2520/42 1210/2519/42 1211/2521/42
f 1149/2520/42 1211/2521/42 1150/2522/41
f 1150/2522/41 1211/2521/42 1212/2523/98
f 1150/2522/41 1212/2523/98 1148/2524/102
f 1148/2524/102 1212/2523/98 1213/2525/41
f 1148/2524/102 1213/2525/41 1146/2506/39
f 1146/2506/39 1213/2525/41 1205/2507/39
f 1035/2526/69 1207/2527/78 1036/2528/77
f 1036/2528/77 1207/2527/78 1206/2529/77
f 1036/2530/77 1206/2531/77 1037/2532/78
f 1037/2532/78 1206/2531/77 1205/2533/69
f 1037/2532/78 1205/2533/69 1080/2534/83
f 1080/2534/83 1205/2533/69 1213/2535/73
f 1080/2534/83 1213/2535/73 1081/2536/70
f 1081/2536/70 1213/2535/73 1212/2537/70
f 1081/2536/70 1212/2537/70 1082/2538/79
f 1082/2538/79 1212/2537/70 1211/2539/61
f 1082/2538/79 1211/2539/61 1083/2540/84
f 1083/2540/84 1211/2539/61 1210/2541/79
f 1083/2540/84 1210/2541/79 1039/2542/66
f 1039/2542/66 1210/2541/79 1209/2543/65
f 1039/2542/66 1209/2543/65 1040/2544/91
f 1040/2544/91 1209/2543/65 1208/2545/91
f 1040/2544/91 1208/2545/91 1035/2526/69
f 1035/2526/69 1208/2545/91 1207/2527/78
f 1153/2546/39 1214/2547/39 1151/2548/93
f 1151/2548/93 1214/2547/39 1215/2549/93
f 1151/2550/93 1215/2551/93 1152/2552/45
f 1152/2552/45 1215/2551/93 1216/2553/45
f 1152/2552/45 1216/2553/45 1155/2554/45
f 1155/2554/45 1216/2553/45 1217/2555/45
f 1155/2554/45 1217/2555/45 1157/2556/42
f 1157/2556/42 1217/2555/45 1218/2557/42
f 1157/2556/42 1218/2557/42 1159/2558/57
f 1159/2558/57 1218/2557/42 1219/2559/42
f 1159/2558/57 1219/2559/42 1158/2560/41
f 1158/2560/41 1219/2559/42 1220/2561/103
f 1158/2560/41 1220/2561/103 1156/2562/41
f 1156/2562/41 1220/2561/103 1221/2563/41
f 1156/2562/41 1221/2563/41 1154/2564/39
f 1154/2564/39 1221/2563/41 1222/2565/97
f 1154/2564/39 1222/2565/97 1153/2546/39
f 1153/2546/39 1222/2565/97 1214/2547/39
f 1042/2566/64 1216/2567/65 1043/2568/104
f 1043/2568/104 1216/2567/65 1215/2569/104
f 1043/2570/104 1215/2571/104 1044/2572/67
f 1044/2572/67 1215/2571/104 1214/2573/68
f 1044/2572/67 1214/2573/68 1045/2574/78
f 1045/2574/78 1214/2573/68 1222/2575/92
f 1045/2574/78 1222/2575/92 1084/2576/73
f 1084/2576/73 1222/2575/92 1221/2577/83
f 1084/2576/73 1221/2577/83 1085/2578/70
f 1085/2578/70 1221/2577/83 1220/2579/70
f 1085/2578/70 1220/2579/70 1086/2580/84
f 1086/2580/84 1220/2579/70 1219/2581/75
f 1086/2580/84 1219/2581/75 1047/2582/75
f 1047/2582/75 1219/2581/75 1218/2583/74
f 1047/2582/75 1218/2583/74 1048/2584/63
f 1048/2584/63 1218/2583/74 1217/2585/66
f 1048/2584/63 1217/2585/66 1042/2566/64
f 1042/2566/64 1217/2585/66 1216/2567/65
f 1164/2586/45 1223/2587/45 1162/2588/105
f 1162/2588/105 1223/2587/45 1224/2589/45
f 1162/2590/105 1224/2591/45 1160/2592/45
f 1160/2592/45 1224/2591/45 1225/2593/45
f 1160/2592/45 1225/2593/45 1166/2594/42
f 1166/2594/42 1225/2593/45 1226/2595/42
f 1166/2594/42 1226/2595/42 1168/2596/57
f 1168/2596/57 1226/2595/42 1227/2597/42
f 1168/2596/57 1227/2597/42 1167/2598/41
f 1167/2598/41 1227/2597/42 1228/2599/98
f 1167/2598/41 1228/2599/98 1165/2600/82
f 1165/2600/82 1228/2599/98 1229/2601/41
f 1165/2600/82 1229/2601/41 1161/2602/39
f 1161/2602/39 1229/2601/41 1230/2603/97
f 1161/2602/39 1230/2603/97 1163/2604/39
f 1163/2604/39 1230/2603/97 1231/2605/39
f 1163/2604/39 1231/2605/39 1164/2586/45
f 1164/2586/45 1231/2605/39 1223/2587/45
f 1051/2606/91 1225/2607/65 1052/2608/65
f 1052/2608/65 1225/2607/65 1224/2609/66
f 1052/2610/65 1224/2611/66 1058/2612/65
f 1058/2612/65 1224/2611/66 1223/2613/91
f 1058/2612/65 1223/2613/91 1057/2614/67
f 1057/2614/67 1223/2613/91 1231/2615/78
f 1057/2614/67 1231/2615/78 1056/2616/77
f 1056/2616/77 1231/2615/78 1230/2617/77
f 1056/2616/77 1230/2617/77 1055/2618/71
f 1055/2618/71 1230/2617/77 1229/2619/70
f 1055/2618/71 1229/2619/70 1054/2620/72
f 1054/2620/72 1229/2619/70 1228/2621/71
f 1054/2620/72 1228/2621/71 1087/2622/84
f 1087/2622/84 1228/2621/71 1227/2623/79
f 1087/2622/84 1227/2623/79 1050/2624/75
f 1050/2624/75 1227/2623/79 1226/2625/61
f 1050/2624/75 1226/2625/61 1051/2606/91
f 1051/2606/91 1226/2625/61 1225/2607/65
f 1232/2626/64 1002/2627/91 1233/2628/104
f 1233/2628/104 1002/2627/91 1004/2629/104
f 1233/2630/104 1004/2631/104 1234/2632/69
f 1234/2632/69 1004/2631/104 1049/2633/78
f 1234/2632/69 1049/2633/78 1235/2634/67
f 1235/2634/67 1049/2633/78 1046/2635/67
f 1235/2634/67 1046/2635/67 1041/2636/70
f 1002/2627/91 1232/2626/64 1007/2637/65
f 1007/2637/65 1232/2626/64 1236/2638/63
f 1007/2637/65 1236/2638/63 1011/2639/63
f 1011/2639/63 1236/2638/63 1237/2640/84
f 1011/2639/63 1237/2640/84 1016/2641/85
f 1016/2641/85 1237/2640/84 1019/2642/75
f 1019/2642/75 1237/2640/84 1238/2643/75
f 1019/2642/75 1238/2643/75 1024/2644/75
f 1024/2644/75 1238/2643/75 1027/2645/85
f 1027/2645/85 1238/2643/75 1239/2646/72
f 1027/2645/85 1239/2646/72 1031/2647/72
f 1031/2647/72 1239/2646/72 1034/2648/83
f 1034/2648/83 1239/2646/72 1240/2649/71
f 1034/2648/83 1240/2649/71 1038/2650/71
f 1038/2650/71 1240/2649/71 1041/2636/70
f 1041/2636/70 1240/2649/71 1235/2634/67
f 1241/2651/39 1233/2652/93 1242/2653/39
f 1242/2653/39 1233/2652/93 727/2654/39
f 1242/2653/39 727/2654/39 1243/2655/59
f 1243/2655/59 727/2654/39 1244/2656/106
f 1244/2656/106 727/2654/39 1245/2657/107
f 1241/2658/39 1246/2659/45 1233/2660/93
f 1233/2660/93 1246/2659/45 1247/2661/45
f 1233/2660/93 1247/2661/45 745/2662/45
f 745/2662/45 1247/2661/45 1248/2663/108
f 745/2662/45 1248/2663/108 1249/2664/109
f 1250/2665/45 1251/2666/110 1247/2661/45
f 1247/2661/45 1251/2666/110 1248/2663/108
f 1233/2660/93 745/2662/45 1232/2667/45
f 1232/2667/45 745/2662/45 736/2668/45
f 1232/2667/45 736/2668/45 1236/2669/45
f 1236/2669/45 736/2668/45 731/2670/111
f 1236/2669/45 731/2670/111 729/2671/42
f 1236/2669/45 729/2671/42 1237/2672/42
f 1237/2672/42 729/2671/42 728/2673/42
f 1237/2672/42 728/2673/42 1238/2674/42
f 1238/2674/42 728/2673/42 1252/2675/42
f 1238/2674/42 1252/2675/42 1253/2676/42
f 1253/2676/42 1254/2677/42 1238/2674/42
f 1238/2674/42 1254/2677/42 1255/2678/42
f 1238/2674/42 1255/2678/42 1256/2679/42
f 1256/2679/42 1257/2680/42 1238/2674/42
f 1238/2674/42 1257/2680/42 1258/2681/41
f 1238/2674/42 1258/2681/41 1239/2682/41
f 1239/2682/41 1258/2681/41 1259/2683/41
f 1239/2682/41 1259/2683/41 1260/2684/41
f 1260/2684/41 1261/2685/41 1239/2682/41
f 1239/2682/41 1261/2685/41 1262/2686/41
f 1239/2682/41 1262/2686/41 1263/2687/41
f 1263/2687/41 710/2688/41 1239/2682/41
f 1239/2682/41 710/2688/41 1240/2689/41
f 1240/2689/41 710/2688/41 712/2690/41
f 1240/2689/41 712/2690/41 1235/2691/39
f 1235/2691/39 712/2690/41 713/2692/59
f 1235/2691/39 713/2692/59 724/2693/39
f 1235/2691/39 724/2693/39 1234/2694/39
f 1234/2694/39 724/2693/39 727/2654/39
f 1234/2694/39 727/2654/39 1233/2652/93
f 1243/2655/59 1264/2695/39 1242/2653/39
f 1265/2696/86 1260/2697/86 1266/2698/86
f 1266/2698/86 1260/2697/86 1259/2699/86
f 1266/2698/86 1259/2699/86 1267/2700/112
f 1267/2700/112 1259/2699/86 1256/2701/86
f 1267/2700/112 1256/2701/86 1268/2702/113
f 1268/2702/113 1256/2701/86 1269/2703/86
f 1268/2702/113 1269/2703/86 1270/2704/86
f 1270/2704/86 1269/2703/86 1271/2705/86
f 1270/2704/86 1271/2705/86 1272/2706/86
f 1256/2701/86 1255/2707/86 1269/2703/86
f 1269/2703/86 1255/2707/86 1273/2708/86
f 1267/2700/112 1274/2709/114 1266/2698/86
f 1266/2698/86 1274/2709/114 1275/2710/86
f 1275/2710/86 1274/2709/114 1276/2711/86
f 711/2712/47 710/2713/51 1277/2714/90
f 1277/2714/90 710/2713/51 1263/2715/90
f 1277/2714/90 1263/2715/90 1278/2716/90
f 1278/2716/90 1263/2715/90 1262/2717/90
f 1278/2716/90 1262/2717/90 1261/2718/90
f 1260/2719/86 1265/2720/86 1261/2718/90
f 1261/2718/90 1265/2720/86 1278/2716/90
f 1279/2721/95 711/2722/95 1280/2723/72
f 1280/2723/72 711/2722/95 1277/2724/76
f 1280/2723/72 1277/2724/76 1281/2725/73
f 1281/2725/73 1277/2724/76 1278/2726/70
f 1281/2725/73 1278/2726/70 1266/2727/86
f 1266/2727/86 1278/2726/70 1265/2728/86
f 711/2729/95 1279/2730/95 717/2731/95
f 717/2731/95 1279/2730/95 1282/2732/95
f 1283/2733/69 719/2734/67 1282/2735/67
f 1282/2735/67 719/2734/67 717/2736/67
f 1284/2737/39 1285/2738/39 1282/2739/39
f 1282/2739/39 1285/2738/39 1283/2740/39
f 1286/2741/115 1285/2742/115 1287/2743/115
f 1287/2743/115 1285/2742/115 1284/2744/116
f 1286/2745/46 1288/2746/46 1289/2747/46
f 1289/2747/46 1288/2746/46 1290/2748/46
f 1289/2747/46 1290/2748/46 1291/2749/46
f 1287/2750/46 1292/2751/46 1286/2745/46
f 1286/2745/46 1292/2751/46 1293/2752/46
f 1286/2745/46 1293/2752/46 1288/2746/46
f 1288/2746/46 1293/2752/46 1294/2753/46
f 1288/2746/46 1294/2753/46 1295/2754/46
f 1295/2754/46 1294/2753/46 1296/2755/46
f 1295/2754/46 1296/2755/46 1297/2756/46
f 1298/2757/46 1299/2758/46 1287/2750/46
f 1287/2750/46 1299/2758/46 1300/2759/46
f 1287/2750/46 1300/2759/46 1301/2760/46
f 1302/2761/46 1303/2762/46 1298/2757/46
f 1298/2757/46 1303/2762/46 1304/2763/46
f 1298/2757/46 1304/2763/46 1305/2764/46
f 1303/2762/46 1302/2761/46 1306/2765/46
f 1306/2765/46 1302/2761/46 1307/2766/46
f 1306/2765/46 1307/2766/46 1308/2767/46
f 1308/2767/46 1307/2766/46 1309/2768/46
f 1309/2768/46 1307/2766/46 1310/2769/46
f 1310/2769/46 1307/2766/46 1311/2770/46
f 1310/2769/46 1311/2770/46 1312/2771/46
f 1312/2771/46 1311/2770/46 1313/2772/46
f 1312/2771/46 1313/2772/46 1314/2773/46
f 1314/2773/46 1313/2772/46 1315/2774/46
f 1314/2773/46 1315/2774/46 1316/2775/46
f 1316/2775/46 1315/2774/46 1317/2776/46
f 1316/2775/46 1317/2776/46 1318/2777/46
f 1318/2777/46 1317/2776/46 1319/2778/46
f 1318/2777/46 1319/2778/46 1320/2779/46
f 1320/2779/46 1319/2778/46 1321/2780/46
f 1320/2779/46 1321/2780/46 1322/2781/46
f 1322/2781/46 1321/2780/46 1323/2782/46
f 1322/2781/46 1323/2782/46 1324/2783/46
f 1311/2770/46 1325/2784/46 1313/2772/46
f 1313/2772/46 1325/2784/46 1326/2785/46
f 1326/2785/46 1325/2784/46 1327/2786/46
f 1326/2785/46 1327/2786/46 1328/2787/46
f 1327/2786/46 1325/2784/46 1329/2788/46
f 1329/2788/46 1325/2784/46 1289/2747/46
f 1329/2788/46 1289/2747/46 1291/2749/46
f 1295/2754/46 1297/2756/46 1330/2789/46
f 1330/2789/46 1297/2756/46 1331/2790/46
f 1330/2789/46 1331/2790/46 1332/2791/46
f 1332/2791/46 1300/2759/46 1330/2789/46
f 1330/2789/46 1300/2759/46 1333/2792/46
f 1330/2789/46 1333/2792/46 1334/2793/46
f 1301/2760/46 1292/2751/46 1287/2750/46
f 1306/2765/46 1308/2767/46 1335/2794/46
f 1335/2794/46 1308/2767/46 1336/2795/46
f 1335/2794/46 1336/2795/46 1337/2796/46
f 1337/2796/46 1336/2795/46 1338/2797/46
f 1337/2796/46 1338/2797/46 1320/2779/46
f 1320/2779/46 1338/2797/46 1318/2777/46
f 1339/2798/46 1340/2799/46 1305/2764/46
f 1305/2764/46 1340/2799/46 1299/2758/46
f 1305/2764/46 1299/2758/46 1298/2757/46
f 1340/2799/46 1339/2798/46 1341/2800/46
f 1341/2800/46 1339/2798/46 1342/2801/46
f 1341/2800/46 1342/2801/46 1343/2802/46
f 1343/2802/46 1342/2801/46 1344/2803/46
f 1343/2802/46 1344/2803/46 1345/2804/46
f 1345/2804/46 1344/2803/46 1337/2796/46
f 1345/2804/46 1337/2796/46 1320/2779/46
f 1322/2781/46 1324/2783/46 1346/2805/46
f 1346/2805/46 1324/2783/46 1347/2806/46
f 1346/2805/46 1347/2806/46 1326/2785/46
f 1299/2758/46 1333/2792/46 1300/2759/46
f 1330/2789/46 1334/2793/46 1348/2807/46
f 1348/2807/46 1334/2793/46 1349/2808/46
f 1348/2807/46 1349/2808/46 1350/2809/46
f 1350/2809/46 1351/2810/46 1348/2807/46
f 1348/2807/46 1351/2810/46 1345/2804/46
f 1345/2804/46 1351/2810/46 1343/2802/46
f 1326/2785/46 1328/2787/46 1346/2805/46
f 1346/2805/46 1328/2787/46 1352/2811/46
f 1346/2805/46 1352/2811/46 1353/2812/46
f 1353/2812/46 1354/2813/46 1346/2805/46
f 1346/2805/46 1354/2813/46 1355/2814/46
f 1355/2814/46 1354/2813/46 1356/2815/46
f 1355/2814/46 1356/2815/46 1290/2748/46
f 1288/2746/46 1355/2814/46 1290/2748/46
f 1329/2816/102 1357/2817/40 1327/2818/40
f 1327/2818/40 1357/2817/40 1358/2819/39
f 1327/2818/40 1358/2819/39 1328/2820/39
f 1328/2820/39 1358/2819/39 1359/2821/39
f 1328/2820/39 1359/2821/39 1352/2822/117
f 1352/2822/117 1359/2821/39 1360/2823/45
f 1352/2822/117 1360/2823/45 1353/2824/45
f 1353/2824/45 1360/2823/45 1361/2825/45
f 1353/2824/45 1361/2825/45 1354/2826/45
f 1354/2827/45 1361/2828/45 1362/2829/42
f 1354/2827/45 1362/2829/42 1356/2830/42
f 1356/2830/42 1362/2829/42 1363/2831/42
f 1356/2830/42 1363/2831/42 1290/2832/87
f 1290/2832/87 1363/2831/42 1364/2833/118
f 1290/2832/87 1364/2833/118 1291/2834/41
f 1291/2834/41 1364/2833/118 1365/2835/41
f 1291/2834/41 1365/2835/41 1329/2816/102
f 1329/2816/102 1365/2835/41 1357/2817/40
f 1365/2836/46 1366/2837/46 1357/2838/46
f 1357/2838/46 1366/2837/46 1367/2839/46
f 1357/2838/46 1367/2839/46 1358/2840/46
f 1358/2840/46 1367/2839/46 1368/2841/46
f 1358/2840/46 1368/2841/46 1369/2842/46
f 1366/2837/46 1365/2836/46 1370/2843/46
f 1370/2843/46 1365/2836/46 1364/2844/46
f 1370/2843/46 1364/2844/46 1363/2845/46
f 1370/2843/46 1363/2845/46 1371/2846/46
f 1371/2846/46 1363/2845/46 1362/2847/46
f 1371/2846/46 1362/2847/46 1372/2848/46
f 1372/2848/46 1362/2847/46 1361/2849/46
f 1372/2848/46 1361/2849/46 1373/2850/46
f 1373/2850/46 1361/2849/46 1374/2851/46
f 1374/2851/46 1361/2849/46 1360/2852/46
f 1374/2851/46 1360/2852/46 1369/2842/46
f 1369/2842/46 1360/2852/46 1359/2853/46
f 1369/2842/46 1359/2853/46 1358/2840/46
f 1375/2854/46 1376/2855/46 1377/2856/46
f 1377/2856/46 1376/2855/46 1378/2857/46
f 1377/2856/46 1378/2857/46 1379/2858/46
f 1379/2858/46 1378/2857/46 1380/2859/46
f 1379/2858/46 1380/2859/46 1381/2860/46
f 1376/2855/46 1375/2854/46 1382/2861/46
f 1382/2861/46 1375/2854/46 1383/2862/46
f 1382/2861/46 1383/2862/46 1384/2863/46
f 1382/2861/46 1384/2863/46 1385/2864/46
f 1385/2864/46 1384/2863/46 1386/2865/46
f 1385/2864/46 1386/2865/46 1387/2866/46
f 1387/2866/46 1386/2865/46 1388/2867/46
f 1387/2866/46 1388/2867/46 1389/2868/46
f 1389/2868/46 1388/2867/46 1390/2869/46
f 1390/2869/46 1388/2867/46 1391/2870/46
f 1390/2869/46 1391/2870/46 1381/2860/46
f 1381/2860/46 1391/2870/46 1392/2871/46
f 1381/2860/46 1392/2871/46 1379/2858/46
f 1393/2872/46 1394/2873/46 1395/2874/46
f 1395/2874/46 1394/2873/46 1396/2875/46
f 1395/2874/46 1396/2875/46 1397/2876/46
f 1397/2876/46 1396/2875/46 1398/2877/46
f 1397/2876/46 1398/2877/46 1399/2878/46
f 1394/2873/46 1393/2872/46 1400/2879/46
f 1400/2879/46 1393/2872/46 1401/2880/46
f 1400/2879/46 1401/2880/46 1402/2881/46
f 1400/2879/46 1402/2881/46 1403/2882/46
f 1403/2882/46 1402/2881/46 1404/2883/46
f 1403/2882/46 1404/2883/46 1405/2884/46
f 1405/2884/46 1404/2883/46 1406/2885/46
f 1405/2884/46 1406/2885/46 1407/2886/46
f 1407/2886/46 1406/2885/46 1408/2887/46
f 1408/2887/46 1406/2885/46 1409/2888/46
f 1408/2887/46 1409/2888/46 1399/2878/46
f 1399/2878/46 1409/2888/46 1410/2889/46
f 1399/2878/46 1410/2889/46 1397/2876/46
f 1411/2890/46 1412/2891/46 1413/2892/46
f 1413/2892/46 1412/2891/46 1414/2893/46
f 1413/2892/46 1414/2893/46 1415/2894/46
f 1415/2894/46 1414/2893/46 1416/2895/46
f 1415/2894/46 1416/2895/46 1417/2896/46
f 1412/2891/46 1411/2890/46 1418/2897/46
f 1418/2897/46 1411/2890/46 1419/2898/46
f 1418/2897/46 1419/2898/46 1420/2899/46
f 1418/2897/46 1420/2899/46 1421/2900/46
f 1421/2900/46 1420/2899/46 1422/2901/46
f 1421/2900/46 1422/2901/46 1423/2902/46
f 1423/2902/46 1422/2901/46 1424/2903/46
f 1423/2902/46 1424/2903/46 1425/2904/46
f 1425/2904/46 1424/2903/46 1426/2905/46
f 1426/2905/46 1424/2903/46 1427/2906/46
f 1426/2905/46 1427/2906/46 1417/2896/46
f 1417/2896/46 1427/2906/46 1428/2907/46
f 1417/2896/46 1428/2907/46 1415/2894/46
f 1294/2908/41 1377/2909/40 1296/2910/40
f 1296/2910/40 1377/2909/40 1379/2911/39
f 1296/2910/40 1379/2911/39 1297/2912/39
f 1297/2912/39 1379/2911/39 1392/2913/39
f 1297/2912/39 1392/2913/39 1331/2914/117
f 1331/2914/117 1392/2913/39 1391/2915/45
f 1331/2914/117 1391/2915/45 1332/2916/45
f 1332/2916/45 1391/2915/45 1388/2917/45
f 1332/2916/45 1388/2917/45 1300/2918/45
f 1300/2919/45 1388/2920/45 1386/2921/42
f 1300/2919/45 1386/2921/42 1301/2922/42
f 1301/2922/42 1386/2921/42 1384/2923/42
f 1301/2922/42 1384/2923/42 1292/2924/87
f 1292/2924/87 1384/2923/42 1383/2925/118
f 1292/2924/87 1383/2925/118 1293/2926/41
f 1293/2926/41 1383/2925/118 1375/2927/41
f 1293/2926/41 1375/2927/41 1294/2908/41
f 1294/2908/41 1375/2927/41 1377/2909/40
f 1314/2928/41 1395/2929/40 1312/2930/40
f 1312/2930/40 1395/2929/40 1397/2931/39
f 1312/2930/40 1397/2931/39 1310/2932/39
f 1310/2932/39 1397/2931/39 1410/2933/39
f 1310/2932/39 1410/2933/39 1309/2934/39
f 1309/2934/39 1410/2933/39 1409/2935/45
f 1309/2934/39 1409/2935/45 1308/2936/45
f 1308/2936/45 1409/2935/45 1406/2937/45
f 1308/2936/45 1406/2937/45 1336/2938/111
f 1336/2939/111 1406/2940/45 1404/2941/87
f 1336/2939/111 1404/2941/87 1338/2942/42
f 1338/2942/42 1404/2941/87 1402/2943/42
f 1338/2942/42 1402/2943/42 1318/2944/42
f 1318/2944/42 1402/2943/42 1401/2945/41
f 1318/2944/42 1401/2945/41 1316/2946/41
f 1316/2946/41 1401/2945/41 1393/2947/41
f 1316/2946/41 1393/2947/41 1314/2928/41
f 1314/2928/41 1393/2947/41 1395/2929/40
f 1344/2948/41 1413/2949/40 1337/2950/40
f 1337/2950/40 1413/2949/40 1415/2951/39
f 1337/2950/40 1415/2951/39 1335/2952/39
f 1335/2952/39 1415/2951/39 1428/2953/39
f 1335/2952/39 1428/2953/39 1306/2954/39
f 1306/2954/39 1428/2953/39 1427/2955/45
f 1306/2954/39 1427/2955/45 1303/2956/45
f 1303/2956/45 1427/2955/45 1424/2957/45
f 1303/2956/45 1424/2957/45 1304/2958/111
f 1304/2959/111 1424/2960/45 1422/2961/87
f 1304/2959/111 1422/2961/87 1305/2962/42
f 1305/2962/42 1422/2961/87 1420/2963/42
f 1305/2962/42 1420/2963/42 1339/2964/42
f 1339/2964/42 1420/2963/42 1419/2965/41
f 1339/2964/42 1419/2965/41 1342/2966/41
f 1342/2966/41 1419/2965/41 1411/2967/41
f 1342/2966/41 1411/2967/41 1344/2948/41
f 1344/2948/41 1411/2967/41 1413/2949/40
f 1366/2968/41 1429/2969/40 1367/2970/40
f 1367/2970/40 1429/2969/40 1430/2971/39
f 1367/2970/40 1430/2971/39 1368/2972/39
f 1368/2972/39 1430/2971/39 1431/2973/39
f 1368/2972/39 1431/2973/39 1369/2974/55
f 1369/2974/55 1431/2973/39 1432/2975/45
f 1369/2974/55 1432/2975/45 1374/2976/45
f 1374/2976/45 1432/2975/45 1433/2977/45
f 1374/2976/45 1433/2977/45 1373/2978/45
f 1373/2979/45 1433/2980/45 1434/2981/119
f 1373/2979/45 1434/2981/119 1372/2982/42
f 1372/2982/42 1434/2981/119 1435/2983/42
f 1372/2982/42 1435/2983/42 1371/2984/54
f 1371/2984/54 1435/2983/42 1436/2985/41
f 1371/2984/54 1436/2985/41 1370/2986/41
f 1370/2986/41 1436/2985/41 1437/2987/41
f 1370/2986/41 1437/2987/41 1366/2968/41
f 1366/2968/41 1437/2987/41 1429/2969/40
f 1438/2988/47 1439/2989/47 1429/2990/47
f 1429/2990/47 1439/2989/47 1440/2991/47
f 1429/2990/47 1440/2991/47 1430/2992/47
f 1430/2992/47 1440/2991/47 1441/2993/47
f 1430/2992/47 1441/2993/47 1431/2994/47
f 1431/2994/47 1441/2993/47 1432/2995/47
f 1432/2995/47 1441/2993/47 1442/2996/47
f 1432/2995/47 1442/2996/47 1433/2997/47
f 1433/2997/47 1442/2996/47 1443/2998/47
f 1433/2997/47 1443/2998/47 1444/2999/47
f 1433/2997/47 1444/2999/47 1434/3000/47
f 1434/3000/47 1444/2999/47 1445/3001/47
f 1434/3000/47 1445/3001/47 1435/3002/47
f 1435/3002/47 1445/3001/47 1446/3003/47
f 1435/3002/47 1446/3003/47 1436/3004/47
f 1436/3004/47 1446/3003/47 1437/3005/47
f 1437/3005/47 1446/3003/47 1438/2988/47
f 1437/3005/47 1438/2988/47 1429/2990/47
f 1438/3006/120 1447/3007/121 1439/3008/122
f 1439/3008/122 1447/3007/121 1448/3009/122
f 1439/3010/122 1448/3011/122 1440/3012/115
f 1440/3012/115 1448/3011/122 1449/3013/116
f 1440/3012/115 1449/3013/116 1441/3014/123
f 1441/3014/123 1449/3013/116 1450/3015/124
f 1441/3014/123 1450/3015/124 1442/3016/125
f 1442/3016/125 1450/3015/124 1451/3017/126
f 1442/3016/125 1451/3017/126 1443/3018/127
f 1443/3018/127 1451/3017/126 1452/3019/128
f 1443/3018/127 1452/3019/128 1444/3020/129
f 1444/3020/129 1452/3019/128 1453/3021/130
f 1444/3020/129 1453/3021/130 1445/3022/130
f 1445/3022/130 1453/3021/130 1454/3023/130
f 1445/3022/130 1454/3023/130 1446/3024/131
f 1446/3024/131 1454/3023/130 1455/3025/132
f 1446/3024/131 1455/3025/132 1438/3006/120
f 1438/3006/120 1455/3025/132 1447/3007/121
f 1456/3026/39 1449/3027/39 1457/3028/40
f 1457/3028/40 1449/3027/39 1448/3029/40
f 1457/3030/40 1448/3031/40 1458/3032/41
f 1458/3032/41 1448/3031/40 1447/3033/41
f 1458/3032/41 1447/3033/41 1459/3034/41
f 1459/3034/41 1447/3033/41 1455/3035/41
f 1459/3034/41 1455/3035/41 1460/3036/42
f 1460/3036/42 1455/3035/41 1454/3037/54
f 1460/3036/42 1454/3037/54 1461/3038/42
f 1461/3038/42 1454/3037/54 1453/3039/42
f 1461/3038/42 1453/3039/42 1462/3040/45
f 1462/3040/45 1453/3039/42 1452/3041/45
f 1462/3040/45 1452/3041/45 1463/3042/45
f 1463/3042/45 1452/3041/45 1451/3043/45
f 1463/3042/45 1451/3043/45 1464/3044/39
f 1464/3044/39 1451/3043/45 1450/3045/55
f 1464/3044/39 1450/3045/55 1456/3026/39
f 1456/3026/39 1450/3045/55 1449/3027/39
f 1458/3046/121 1465/3047/121 1457/3048/122
f 1460/3049/133 1465/3050/134 1459/3051/132
f 1462/3052/127 1465/3053/135 1461/3054/134
f 1464/3055/136 1465/3056/136 1463/3057/127
f 1457/3058/122 1465/3059/122 1456/3060/124
f 1463/3057/137 1465/3061/135 1462/3052/127
f 1456/3060/124 1465/3062/136 1464/3055/136
f 1461/3054/138 1465/3063/134 1460/3049/133
f 1459/3051/139 1465/3064/121 1458/3046/121
f 1376/3065/41 1466/3066/40 1378/3067/40
f 1378/3067/40 1466/3066/40 1467/3068/39
f 1378/3067/40 1467/3068/39 1380/3069/39
f 1380/3069/39 1467/3068/39 1468/3070/39
f 1380/3069/39 1468/3070/39 1381/3071/55
f 1381/3071/55 1468/3070/39 1469/3072/45
f 1381/3071/55 1469/3072/45 1390/3073/45
f 1390/3073/45 1469/3072/45 1470/3074/45
f 1390/3073/45 1470/3074/45 1389/3075/45
f 1389/3076/45 1470/3077/45 1471/3078/119
f 1389/3076/45 1471/3078/119 1387/3079/42
f 1387/3079/42 1471/3078/119 1472/3080/42
f 1387/3079/42 1472/3080/42 1385/3081/54
f 1385/3081/54 1472/3080/42 1473/3082/41
f 1385/3081/54 1473/3082/41 1382/3083/41
f 1382/3083/41 1473/3082/41 1474/3084/41
f 1382/3083/41 1474/3084/41 1376/3065/41
f 1376/3065/41 1474/3084/41 1466/3066/40
f 1475/3085/47 1476/3086/47 1466/3087/47
f 1466/3087/47 1476/3086/47 1477/3088/47
f 1466/3087/47 1477/3088/47 1467/3089/47
f 1467/3089/47 1477/3088/47 1478/3090/47
f 1467/3089/47 1478/3090/47 1468/3091/47
f 1468/3091/47 1478/3090/47 1469/3092/47
f 1469/3092/47 1478/3090/47 1479/3093/47
f 1469/3092/47 1479/3093/47 1470/3094/47
f 1470/3094/47 1479/3093/47 1480/3095/47
f 1470/3094/47 1480/3095/47 1481/3096/47
f 1470/3094/47 1481/3096/47 1471/3097/47
f 1471/3097/47 1481/3096/47 1482/3098/47
f 1471/3097/47 1482/3098/47 1472/3099/47
f 1472/3099/47 1482/3098/47 1483/3100/47
f 1472/3099/47 1483/3100/47 1473/3101/47
f 1473/3101/47 1483/3100/47 1474/3102/47
f 1474/3102/47 1483/3100/47 1475/3085/47
f 1474/3102/47 1475/3085/47 1466/3087/47
f 1475/3103/121 1484/3104/121 1476/3105/122
f 1476/3105/122 1484/3104/121 1485/3106/122
f 1476/3107/122 1485/3108/122 1477/3109/115
f 1477/3109/115 1485/3108/122 1486/3110/116
f 1477/3109/115 1486/3110/116 1478/3111/123
f 1478/3111/123 1486/3110/116 1487/3112/124
f 1478/3111/123 1487/3112/124 1479/3113/125
f 1479/3113/125 1487/3112/124 1488/3114/126
f 1479/3113/125 1488/3114/126 1480/3115/135
f 1480/3115/135 1488/3114/126 1489/3116/128
f 1480/3115/135 1489/3116/128 1481/3117/129
f 1481/3117/129 1489/3116/128 1490/3118/130
f 1481/3117/129 1490/3118/130 1482/3119/130
f 1482/3119/130 1490/3118/130 1491/3120/130
f 1482/3119/130 1491/3120/130 1483/3121/131
f 1483/3121/131 1491/3120/130 1492/3122/132
f 1483/3121/131 1492/3122/132 1475/3103/121
f 1475/3103/121 1492/3122/132 1484/3104/121
f 1493/3123/39 1486/3124/39 1494/3125/40
f 1494/3125/40 1486/3124/39 1485/3126/40
f 1494/3127/40 1485/3128/40 1495/3129/41
f 1495/3129/41 1485/3128/40 1484/3130/41
f 1495/3129/41 1484/3130/41 1496/3131/41
f 1496/3131/41 1484/3130/41 1492/3132/41
f 1496/3131/41 1492/3132/41 1497/3133/42
f 1497/3133/42 1492/3132/41 1491/3134/42
f 1497/3133/42 1491/3134/42 1498/3135/42
f 1498/3135/42 1491/3134/42 1490/3136/42
f 1498/3135/42 1490/3136/42 1499/3137/45
f 1499/3137/45 1490/3136/42 1489/3138/45
f 1499/3137/45 1489/3138/45 1500/3139/44
f 1500/3139/44 1489/3138/45 1488/3140/45
f 1500/3139/44 1488/3140/45 1501/3141/39
f 1501/3141/39 1488/3140/45 1487/3142/39
f 1501/3141/39 1487/3142/39 1493/3123/39
f 1493/3123/39 1487/3142/39 1486/3124/39
f 1495/3143/121 1502/3144/121 1494/3145/122
f 1497/3146/133 1502/3147/134 1496/3148/131
f 1499/3149/127 1502/3150/135 1498/3151/134
f 1501/3152/136 1502/3153/136 1500/3154/127
f 1494/3155/122 1502/3156/122 1493/3157/124
f 1500/3154/137 1502/3158/135 1499/3149/127
f 1493/3157/140 1502/3159/136 1501/3152/136
f 1498/3151/138 1502/3160/134 1497/3146/133
f 1496/3148/139 1502/3161/121 1495/3143/121
f 1394/3162/41 1503/3163/40 1396/3164/40
f 1396/3164/40 1503/3163/40 1504/3165/39
f 1396/3164/40 1504/3165/39 1398/3166/39
f 1398/3166/39 1504/3165/39 1505/3167/39
f 1398/3166/39 1505/3167/39 1399/3168/55
f 1399/3168/55 1505/3167/39 1506/3169/45
f 1399/3168/55 1506/3169/45 1408/3170/45
f 1408/3170/45 1506/3169/45 1507/3171/45
f 1408/3170/45 1507/3171/45 1407/3172/45
f 1407/3173/45 1507/3174/45 1508/3175/42
f 1407/3173/45 1508/3175/42 1405/3176/42
f 1405/3176/42 1508/3175/42 1509/3177/42
f 1405/3176/42 1509/3177/42 1403/3178/42
f 1403/3178/42 1509/3177/42 1510/3179/41
f 1403/3178/42 1510/3179/41 1400/3180/41
f 1400/3180/41 1510/3179/41 1511/3181/41
f 1400/3180/41 1511/3181/41 1394/3162/41
f 1394/3162/41 1511/3181/41 1503/3163/40
f 1512/3182/47 1513/3183/47 1503/3184/47
f 1503/3184/47 1513/3183/47 1514/3185/47
f 1503/3184/47 1514/3185/47 1504/3186/47
f 1504/3186/47 1514/3185/47 1515/3187/47
f 1504/3186/47 1515/3187/47 1505/3188/47
f 1505/3188/47 1515/3187/47 1506/3189/47
f 1506/3189/47 1515/3187/47 1516/3190/47
f 1506/3189/47 1516/3190/47 1507/3191/47
f 1507/3191/47 1516/3190/47 1517/3192/47
f 1507/3191/47 1517/3192/47 1518/3193/47
f 1507/3191/47 1518/3193/47 1508/3194/47
f 1508/3194/47 1518/3193/47 1519/3195/47
f 1508/3194/47 1519/3195/47 1509/3196/47
f 1509/3196/47 1519/3195/47 1520/3197/47
f 1509/3196/47 1520/3197/47 1510/3198/47
f 1510/3198/47 1520/3197/47 1511/3199/47
f 1511/3199/47 1520/3197/47 1512/3182/47
f 1511/3199/47 1512/3182/47 1503/3184/47
f 1512/3200/120 1521/3201/120 1513/3202/122
f 1513/3202/122 1521/3201/120 1522/3203/122
f 1513/3204/122 1522/3205/122 1514/3206/115
f 1514/3206/115 1522/3205/122 1523/3207/136
f 1514/3206/115 1523/3207/136 1515/3208/123
f 1515/3208/123 1523/3207/136 1524/3209/124
f 1515/3208/123 1524/3209/124 1516/3210/125
f 1516/3210/125 1524/3209/124 1525/3211/125
f 1516/3210/125 1525/3211/125 1517/3212/128
f 1517/3212/128 1525/3211/125 1526/3213/128
f 1517/3212/128 1526/3213/128 1518/3214/129
f 1518/3214/129 1526/3213/128 1527/3215/130
f 1518/3214/129 1527/3215/130 1519/3216/130
f 1519/3216/130 1527/3215/130 1528/3217/130
f 1519/3216/130 1528/3217/130 1520/3218/139
f 1520/3218/139 1528/3217/130 1529/3219/132
f 1520/3218/139 1529/3219/132 1512/3200/120
f 1512/3200/120 1529/3219/132 1521/3201/120
f 1530/3220/39 1523/3221/39 1531/3222/40
f 1531/3222/40 1523/3221/39 1522/3223/40
f 1531/3224/40 1522/3225/40 1532/3226/41
f 1532/3226/41 1522/3225/40 1521/3227/41
f 1532/3226/41 1521/3227/41 1533/3228/53
f 1533/3228/53 1521/3227/41 1529/3229/41
f 1533/3228/53 1529/3229/41 1534/3230/42
f 1534/3230/42 1529/3229/41 1528/3231/42
f 1534/3230/42 1528/3231/42 1535/3232/42
f 1535/3232/42 1528/3231/42 1527/3233/42
f 1535/3232/42 1527/3233/42 1536/3234/45
f 1536/3234/45 1527/3233/42 1526/3235/45
f 1536/3234/45 1526/3235/45 1537/3236/45
f 1537/3236/45 1526/3235/45 1525/3237/45
f 1537/3236/45 1525/3237/45 1538/3238/39
f 1538/3238/39 1525/3237/45 1524/3239/97
f 1538/3238/39 1524/3239/97 1530/3220/39
f 1530/3220/39 1524/3239/97 1523/3221/39
f 1532/3240/121 1539/3241/121 1531/3242/122
f 1534/3243/138 1539/3244/134 1533/3245/139
f 1536/3246/127 1539/3247/135 1535/3248/141
f 1538/3249/140 1539/3250/136 1537/3251/135
f 1531/3252/122 1539/3253/122 1530/3254/124
f 1537/3251/125 1539/3255/135 1536/3246/127
f 1530/3254/140 1539/3256/136 1538/3249/140
f 1535/3248/138 1539/3257/134 1534/3243/138
f 1533/3245/142 1539/3258/121 1532/3240/121
f 1412/3259/41 1540/3260/40 1414/3261/40
f 1414/3261/40 1540/3260/40 1541/3262/39
f 1414/3261/40 1541/3262/39 1416/3263/39
f 1416/3263/39 1541/3262/39 1542/3264/39
f 1416/3263/39 1542/3264/39 1417/3265/55
f 1417/3265/55 1542/3264/39 1543/3266/45
f 1417/3265/55 1543/3266/45 1426/3267/45
f 1426/3267/45 1543/3266/45 1544/3268/45
f 1426/3267/45 1544/3268/45 1425/3269/45
f 1425/3270/45 1544/3271/45 1545/3272/42
f 1425/3270/45 1545/3272/42 1423/3273/42
f 1423/3273/42 1545/3272/42 1546/3274/42
f 1423/3273/42 1546/3274/42 1421/3275/42
f 1421/3275/42 1546/3274/42 1547/3276/41
f 1421/3275/42 1547/3276/41 1418/3277/41
f 1418/3277/41 1547/3276/41 1548/3278/41
f 1418/3277/41 1548/3278/41 1412/3259/41
f 1412/3259/41 1548/3278/41 1540/3260/40
f 1549/3279/47 1550/3280/47 1540/3281/47
f 1540/3281/47 1550/3280/47 1551/3282/47
f 1540/3281/47 1551/3282/47 1541/3283/47
f 1541/3283/47 1551/3282/47 1552/3284/47
f 1541/3283/47 1552/3284/47 1542/3285/47
f 1542/3285/47 1552/3284/47 1543/3286/47
f 1543/3286/47 1552/3284/47 1553/3287/47
f 1543/3286/47 1553/3287/47 1544/3288/47
f 1544/3288/47 1553/3287/47 1554/3289/47
f 1544/3288/47 1554/3289/47 1555/3290/47
f 1544/3288/47 1555/3290/47 1545/3291/47
f 1545/3291/47 1555/3290/47 1556/3292/47
f 1545/3291/47 1556/3292/47 1546/3293/47
f 1546/3293/47 1556/3292/47 1557/3294/47
f 1546/3293/47 1557/3294/47 1547/3295/47
f 1547/3295/47 1557/3294/47 1548/3296/47
f 1548/3296/47 1557/3294/47 1549/3279/47
f 1548/3296/47 1549/3279/47 1540/3281/47
f 1549/3297/121 1558/3298/120 1550/3299/122
f 1550/3299/122 1558/3298/120 1559/3300/122
f 1550/3301/122 1559/3302/122 1551/3303/115
f 1551/3303/115 1559/3302/122 1560/3304/115
f 1551/3303/115 1560/3304/115 1552/3305/123
f 1552/3305/123 1560/3304/115 1561/3306/124
f 1552/3305/123 1561/3306/124 1553/3307/125
f 1553/3307/125 1561/3306/124 1562/3308/125
f 1553/3307/125 1562/3308/125 1554/3309/128
f 1554/3309/128 1562/3308/125 1563/3310/128
f 1554/3309/128 1563/3310/128 1555/3311/129
f 1555/3311/129 1563/3310/128 1564/3312/130
f 1555/3311/129 1564/3312/130 1556/3313/130
f 1556/3313/130 1564/3312/130 1565/3314/130
f 1556/3313/130 1565/3314/130 1557/3315/139
f 1557/3315/139 1565/3314/130 1566/3316/132
f 1557/3315/139 1566/3316/132 1549/3297/121
f 1549/3297/121 1566/3316/132 1558/3298/120
f 1567/3317/39 1560/3318/39 1568/3319/40
f 1568/3319/40 1560/3318/39 1559/3320/40
f 1568/3321/40 1559/3322/40 1569/3323/41
f 1569/3323/41 1559/3322/40 1558/3324/41
f 1569/3323/41 1558/3324/41 1570/3325/98
f 1570/3325/98 1558/3324/41 1566/3326/41
f 1570/3325/98 1566/3326/41 1571/3327/42
f 1571/3327/42 1566/3326/41 1565/3328/42
f 1571/3327/42 1565/3328/42 1572/3329/42
f 1572/3329/42 1565/3328/42 1564/3330/42
f 1572/3329/42 1564/3330/42 1573/3331/45
f 1573/3331/45 1564/3330/42 1563/3332/45
f 1573/3331/45 1563/3332/45 1574/3333/45
f 1574/3333/45 1563/3332/45 1562/3334/45
f 1574/3333/45 1562/3334/45 1575/3335/39
f 1575/3335/39 1562/3334/45 1561/3336/143
f 1575/3335/39 1561/3336/143 1567/3317/39
f 1567/3317/39 1561/3336/143 1560/3318/39
f 1569/3337/132 1576/3338/121 1568/3339/122
f 1571/3340/138 1576/3341/134 1570/3342/139
f 1573/3343/127 1576/3344/135 1572/3345/141
f 1575/3346/140 1576/3347/136 1574/3348/135
f 1568/3349/122 1576/3350/122 1567/3351/124
f 1574/3348/125 1576/3352/135 1573/3343/127
f 1567/3351/140 1576/3353/136 1575/3346/140
f 1572/3345/138 1576/3354/134 1571/3340/138
f 1570/3342/142 1576/3355/121 1569/3337/132
f 1319/3356/127 1577/3357/144 1321/3358/144
f 1321/3358/144 1577/3357/144 1578/3359/134
f 1321/3358/144 1578/3359/134 1323/3360/141
f 1323/3360/141 1578/3359/134 1579/3361/134
f 1323/3360/141 1579/3361/134 1324/3362/141
f 1324/3362/141 1579/3361/134 1580/3363/120
f 1324/3362/141 1580/3363/120 1347/3364/139
f 1347/3364/139 1580/3363/120 1581/3365/120
f 1347/3364/139 1581/3365/120 1326/3366/131
f 1326/3367/131 1581/3368/120 1582/3369/115
f 1326/3367/131 1582/3369/115 1313/3370/136
f 1313/3370/136 1582/3369/115 1583/3371/116
f 1313/3370/136 1583/3371/116 1315/3372/123
f 1315/3372/123 1583/3371/116 1584/3373/135
f 1315/3372/123 1584/3373/135 1317/3374/128
f 1317/3374/128 1584/3373/135 1585/3375/127
f 1317/3374/128 1585/3375/127 1319/3356/127
f 1319/3356/127 1585/3375/127 1577/3357/144
f 1586/3376/42 1577/3377/52 1587/3378/52
f 1587/3378/52 1577/3377/52 1585/3379/45
f 1587/3378/52 1585/3379/45 1588/3380/45
f 1588/3380/45 1585/3379/45 1584/3381/45
f 1588/3380/45 1584/3381/45 1589/3382/45
f 1589/3382/45 1584/3381/45 1583/3383/39
f 1589/3382/45 1583/3383/39 1590/3384/39
f 1590/3384/39 1583/3383/39 1582/3385/39
f 1590/3384/39 1582/3385/39 1591/3386/39
f 1591/3387/39 1582/3388/39 1581/3389/41
f 1591/3387/39 1581/3389/41 1592/3390/41
f 1592/3390/41 1581/3389/41 1580/3391/41
f 1592/3390/41 1580/3391/41 1593/3392/102
f 1593/3392/102 1580/3391/41 1579/3393/42
f 1593/3392/102 1579/3393/42 1594/3394/42
f 1594/3394/42 1579/3393/42 1578/3395/42
f 1594/3394/42 1578/3395/42 1586/3376/42
f 1586/3376/42 1578/3395/42 1577/3377/52
f 1588/3396/46 1591/3397/46 1587/3398/46
f 1587/3398/46 1591/3397/46 1592/3399/46
f 1587/3398/46 1592/3399/46 1586/3400/46
f 1586/3400/46 1592/3399/46 1593/3401/46
f 1586/3400/46 1593/3401/46 1594/3402/46
f 1589/3403/46 1590/3404/46 1588/3396/46
f 1588/3396/46 1590/3404/46 1591/3397/46
f 1595/3405/46 1596/3406/46 1597/3407/46
f 1597/3407/46 1596/3406/46 1598/3408/46
f 1597/3407/46 1598/3408/46 1599/3409/46
f 1599/3409/46 1598/3408/46 1600/3410/46
f 1599/3409/46 1600/3410/46 1601/3411/46
f 1602/3412/46 1603/3413/46 1595/3405/46
f 1595/3405/46 1603/3413/46 1596/3406/46
f 1599/3414/39 1604/3415/40 1597/3416/40
f 1597/3416/40 1604/3415/40 1605/3417/41
f 1597/3416/40 1605/3417/41 1595/3418/41
f 1595/3418/41 1605/3417/41 1606/3419/41
f 1595/3418/41 1606/3419/41 1602/3420/41
f 1602/3420/41 1606/3419/41 1607/3421/42
f 1602/3420/41 1607/3421/42 1603/3422/42
f 1603/3422/42 1607/3421/42 1608/3423/42
f 1603/3422/42 1608/3423/42 1596/3424/42
f 1596/3425/42 1608/3426/42 1609/3427/111
f 1596/3425/42 1609/3427/111 1598/3428/45
f 1598/3428/45 1609/3427/111 1610/3429/45
f 1598/3428/45 1610/3429/45 1600/3430/45
f 1600/3430/45 1610/3429/45 1611/3431/39
f 1600/3430/45 1611/3431/39 1601/3432/39
f 1601/3432/39 1611/3431/39 1612/3433/39
f 1601/3432/39 1612/3433/39 1599/3414/39
f 1599/3414/39 1612/3433/39 1604/3415/40
f 1612/3434/124 1351/3435/136 1604/3436/122
f 1604/3437/122 1351/3438/136 1350/3439/120
f 1604/3437/122 1350/3439/120 1605/3440/132
f 1605/3440/132 1350/3439/120 1349/3441/131
f 1605/3440/132 1349/3441/131 1606/3442/131
f 1606/3442/131 1349/3441/131 1334/3443/129
f 1606/3442/131 1334/3443/129 1607/3444/133
f 1607/3444/133 1334/3443/129 1333/3445/138
f 1607/3444/133 1333/3445/138 1608/3446/138
f 1608/3446/138 1333/3445/138 1299/3447/144
f 1608/3446/138 1299/3447/144 1609/3448/126
f 1609/3448/126 1299/3447/144 1340/3449/126
f 1609/3448/126 1340/3449/126 1610/3450/125
f 1610/3450/125 1340/3449/126 1341/3451/125
f 1610/3450/125 1341/3451/125 1611/3452/136
f 1611/3452/136 1341/3451/125 1343/3453/140
f 1611/3452/136 1343/3453/140 1612/3434/124
f 1612/3434/124 1343/3453/140 1351/3435/136
f 1285/3454/145 1286/3455/145 1613/3456/145
f 1613/3456/145 1286/3455/145 1289/3457/145
f 1613/3458/93 1614/3459/93 1285/3460/93
f 1285/3460/93 1614/3459/93 1615/3461/93
f 1285/3460/93 1615/3461/93 1616/3462/93
f 1617/3463/93 1618/3464/93 1613/3458/93
f 1613/3458/93 1618/3464/93 1619/3465/93
f 1613/3458/93 1619/3465/93 1620/3466/93
f 1621/3467/93 1622/3468/93 1617/3463/93
f 1617/3463/93 1622/3468/93 1623/3469/93
f 1617/3463/93 1623/3469/93 1624/3470/93
f 1625/3471/93 1626/3472/93 1622/3468/93
f 1622/3468/93 1626/3472/93 1627/3473/93
f 1622/3468/93 1627/3473/93 1623/3469/93
f 1628/3474/93 1283/3475/93 1625/3471/93
f 1625/3471/93 1283/3475/93 1629/3476/93
f 1625/3471/93 1629/3476/93 1630/3477/93
f 1285/3460/93 1631/3478/93 1283/3475/93
f 1283/3475/93 1631/3478/93 1632/3479/93
f 1283/3475/93 1632/3479/93 1629/3476/93
f 1620/3466/93 1614/3459/93 1613/3458/93
f 1614/3459/93 1633/3480/93 1615/3461/93
f 1615/3461/93 1633/3480/93 1634/3481/93
f 1634/3481/93 1633/3480/93 1626/3472/93
f 1634/3481/93 1626/3472/93 1630/3477/93
f 1630/3477/93 1626/3472/93 1625/3471/93
f 1624/3470/93 1618/3464/93 1617/3463/93
f 1616/3462/93 1635/3482/93 1285/3460/93
f 1285/3460/93 1635/3482/93 1636/3483/93
f 1285/3460/93 1636/3483/93 1631/3478/93
f 722/3484/104 719/3485/104 1628/3486/104
f 1628/3486/104 719/3485/104 1283/3487/104
f 1637/3488/52 1245/3489/52 1638/3490/52
f 1638/3490/52 1245/3489/52 1625/3491/52
f 1625/3491/52 1245/3489/52 722/3492/52
f 1625/3491/52 722/3492/52 1628/3493/52
f 1245/3489/52 727/3494/52 722/3492/52
f 1256/3495/46 1259/3496/46 1257/3497/46
f 1257/3497/46 1259/3496/46 1258/3498/46
f 1245/3499/46 1637/3500/46 1639/3501/46
f 1639/3501/46 1637/3500/46 1640/3502/46
f 1639/3501/46 1640/3502/46 1641/3503/46
f 1641/3503/46 1640/3502/46 1249/3504/46
f 1641/3503/46 1249/3504/46 1248/3505/46
f 1248/3505/46 1251/3506/46 1641/3503/46
f 1641/3503/46 1251/3506/46 1250/3507/46
f 1264/3508/46 1243/3509/46 1639/3501/46
f 1639/3501/46 1243/3509/46 1244/3510/46
f 1639/3501/46 1244/3510/46 1245/3499/46
f 1640/3511/93 1637/3512/93 1642/3513/93
f 1642/3513/93 1637/3512/93 1638/3514/93
f 1640/3515/40 1642/3516/40 1249/3517/40
f 1249/3517/40 1642/3516/40 1622/3518/40
f 1249/3517/40 1622/3518/40 738/3519/40
f 738/3519/40 1622/3518/40 1621/3520/40
f 738/3519/40 745/3521/40 1249/3517/40
f 1617/3522/104 741/3523/104 1621/3524/104
f 1621/3524/104 741/3523/104 738/3525/104
f 741/3526/66 1617/3527/66 743/3528/64
f 743/3528/64 1617/3527/66 1643/3529/63
f 730/3530/62 743/3531/62 1644/3532/62
f 1644/3532/62 743/3531/62 1643/3533/62
f 1269/3534/86 1273/3535/86 1645/3536/85
f 1645/3536/85 1273/3535/86 1646/3537/79
f 1645/3536/85 1646/3537/79 1647/3538/85
f 1647/3538/85 1646/3537/79 1648/3539/61
f 1647/3538/85 1648/3539/61 1644/3540/62
f 1644/3540/62 1648/3539/61 730/3541/62
f 1644/3542/52 1649/3543/52 1647/3544/42
f 1647/3544/42 1649/3543/52 1650/3545/42
f 1647/3544/42 1650/3545/42 1645/3546/42
f 1645/3546/42 1650/3545/42 1651/3547/42
f 1645/3546/42 1651/3547/42 1269/3548/86
f 1269/3548/86 1651/3547/42 1271/3549/86
f 1644/3550/52 1652/3551/52 1649/3552/52
f 1649/3552/52 1652/3551/52 1653/3553/52
f 1649/3552/52 1653/3553/52 1654/3554/52
f 1652/3551/52 1644/3550/52 1655/3555/52
f 1655/3555/52 1644/3550/52 1643/3556/52
f 1655/3555/52 1643/3556/52 1656/3557/52
f 1656/3557/52 1643/3556/52 1657/3558/52
f 1657/3558/52 1643/3556/52 1658/3559/52
f 1657/3558/52 1658/3559/52 1659/3560/52
f 1659/3560/52 1658/3559/52 1660/3561/52
f 1660/3561/52 1658/3559/52 1661/3562/52
f 1661/3562/52 1658/3559/52 1662/3563/52
f 1662/3563/52 1658/3559/52 1663/3564/52
f 1663/3564/52 1658/3559/52 1664/3565/52
f 1663/3564/52 1664/3565/52 1665/3566/52
f 1665/3566/52 1664/3565/52 1666/3567/52
f 1666/3567/52 1664/3565/52 1667/3568/52
f 1667/3568/52 1664/3565/52 1668/3569/52
f 1668/3569/52 1664/3565/52 1669/3570/52
f 1669/3570/52 1664/3565/52 1670/3571/52
f 1669/3570/52 1670/3571/52 1671/3572/52
f 1671/3572/52 1670/3571/52 1672/3573/52
f 1672/3573/52 1670/3571/52 1673/3574/52
f 1673/3574/52 1670/3571/52 1674/3575/52
f 1674/3575/52 1670/3571/52 1675/3576/52
f 1674/3575/52 1675/3576/52 1676/3577/52
f 1676/3577/52 1675/3576/52 1677/3578/52
f 1676/3577/52 1677/3578/52 1678/3579/52
f 1678/3579/52 1677/3578/52 1679/3580/52
f 1679/3580/52 1677/3578/52 1680/3581/52
f 1679/3580/52 1680/3581/52 1681/3582/52
f 1649/3552/52 1682/3583/52 1677/3578/52
f 1677/3578/52 1682/3583/52 1683/3584/52
f 1677/3578/52 1683/3584/52 1680/3581/52
f 1680/3581/52 1683/3584/52 1684/3585/52
f 1684/3585/52 1683/3584/52 1685/3586/52
f 1684/3585/52 1685/3586/52 1665/3566/52
f 1665/3566/52 1685/3586/52 1663/3564/52
f 1657/3558/52 1659/3560/52 1686/3587/52
f 1686/3587/52 1659/3560/52 1687/3588/52
f 1686/3587/52 1687/3588/52 1688/3589/52
f 1688/3589/52 1687/3588/52 1682/3583/52
f 1688/3589/52 1682/3583/52 1689/3590/52
f 1689/3590/52 1682/3583/52 1649/3552/52
f 1689/3590/52 1649/3552/52 1654/3554/52
f 1669/3570/52 1671/3572/52 1690/3591/52
f 1690/3591/52 1671/3572/52 1691/3592/52
f 1690/3591/52 1691/3592/52 1681/3582/52
f 1681/3582/52 1691/3592/52 1692/3593/52
f 1681/3582/52 1692/3593/52 1679/3580/52
f 1653/3594/125 1693/3595/45 1654/3596/45
f 1654/3596/45 1693/3595/45 1694/3597/66
f 1654/3596/45 1694/3597/66 1689/3598/81
f 1689/3598/81 1694/3597/66 1695/3599/91
f 1689/3598/81 1695/3599/91 1688/3600/63
f 1688/3600/63 1695/3599/91 1696/3601/61
f 1688/3600/63 1696/3601/61 1686/3602/84
f 1686/3602/84 1696/3601/61 1697/3603/85
f 1686/3602/84 1697/3603/85 1657/3604/84
f 1657/3605/84 1697/3606/85 1698/3607/129
f 1657/3605/84 1698/3607/129 1656/3608/133
f 1656/3608/133 1698/3607/129 1699/3609/130
f 1656/3608/133 1699/3609/130 1655/3610/133
f 1655/3610/133 1699/3609/130 1700/3611/126
f 1655/3610/133 1700/3611/126 1652/3612/127
f 1652/3612/127 1700/3611/126 1701/3613/125
f 1652/3612/127 1701/3613/125 1653/3594/125
f 1653/3594/125 1701/3613/125 1693/3595/45
f 1702/3614/104 1693/3615/93 1703/3616/93
f 1703/3616/93 1693/3615/93 1701/3617/145
f 1703/3616/93 1701/3617/145 1704/3618/145
f 1704/3618/145 1701/3617/145 1700/3619/145
f 1704/3618/145 1700/3619/145 1705/3620/146
f 1705/3620/146 1700/3619/145 1699/3621/147
f 1705/3620/146 1699/3621/147 1706/3622/147
f 1706/3622/147 1699/3621/147 1698/3623/147
f 1706/3622/147 1698/3623/147 1707/3624/147
f 1707/3625/147 1698/3626/147 1697/3627/90
f 1707/3625/147 1697/3627/90 1708/3628/90
f 1708/3628/90 1697/3627/90 1696/3629/90
f 1708/3628/90 1696/3629/90 1709/3630/148
f 1709/3630/148 1696/3629/90 1695/3631/104
f 1709/3630/148 1695/3631/104 1710/3632/104
f 1710/3632/104 1695/3631/104 1694/3633/104
f 1710/3632/104 1694/3633/104 1702/3614/104
f 1702/3614/104 1694/3633/104 1693/3615/93
f 1703/3634/52 1704/3635/52 1702/3636/52
f 1702/3636/52 1704/3635/52 1710/3637/52
f 1710/3637/52 1704/3635/52 1705/3638/52
f 1710/3637/52 1705/3638/52 1709/3639/52
f 1709/3639/52 1705/3638/52 1706/3640/52
f 1709/3639/52 1706/3640/52 1708/3641/52
f 1708/3641/52 1706/3640/52 1707/3642/52
f 1711/3643/52 1712/3644/52 1713/3645/52
f 1713/3645/52 1712/3644/52 1714/3646/52
f 1714/3646/52 1712/3644/52 1715/3647/52
f 1714/3646/52 1715/3647/52 1716/3648/52
f 1716/3648/52 1715/3647/52 1717/3649/52
f 1716/3648/52 1717/3649/52 1718/3650/52
f 1718/3650/52 1717/3649/52 1719/3651/52
f 1720/3652/52 1721/3653/52 1722/3654/52
f 1722/3654/52 1721/3653/52 1723/3655/52
f 1723/3655/52 1721/3653/52 1724/3656/52
f 1723/3655/52 1724/3656/52 1725/3657/52
f 1725/3657/52 1724/3656/52 1726/3658/52
f 1725/3657/52 1726/3658/52 1727/3659/52
f 1727/3659/52 1726/3658/52 1728/3660/52
f 1729/3661/52 1730/3662/52 1731/3663/52
f 1731/3663/52 1730/3662/52 1732/3664/52
f 1732/3664/52 1730/3662/52 1733/3665/52
f 1732/3664/52 1733/3665/52 1734/3666/52
f 1734/3666/52 1733/3665/52 1735/3667/52
f 1734/3666/52 1735/3667/52 1736/3668/52
f 1736/3668/52 1735/3667/52 1737/3669/52
f 1713/3670/147 1738/3671/147 1711/3672/86
f 1711/3672/86 1738/3671/147 1739/3673/86
f 1711/3674/86 1739/3675/86 1712/3676/90
f 1712/3676/90 1739/3675/86 1740/3677/90
f 1712/3676/90 1740/3677/90 1715/3678/90
f 1715/3678/90 1740/3677/90 1741/3679/90
f 1715/3678/90 1741/3679/90 1717/3680/104
f 1717/3680/104 1741/3679/90 1742/3681/104
f 1717/3680/104 1742/3681/104 1719/3682/104
f 1719/3682/104 1742/3681/104 1743/3683/104
f 1719/3682/104 1743/3683/104 1718/3684/145
f 1718/3684/145 1743/3683/104 1744/3685/145
f 1718/3684/145 1744/3685/145 1716/3686/149
f 1716/3686/149 1744/3685/145 1745/3687/145
f 1716/3686/149 1745/3687/145 1714/3688/147
f 1714/3688/147 1745/3687/145 1746/3689/147
f 1714/3688/147 1746/3689/147 1713/3670/147
f 1713/3670/147 1746/3689/147 1738/3671/147
f 1661/3690/74 1740/3691/85 1660/3692/42
f 1660/3692/42 1740/3691/85 1739/3693/42
f 1660/3694/42 1739/3695/42 1659/3696/129
f 1659/3696/129 1739/3695/42 1738/3697/129
f 1659/3696/129 1738/3697/129 1687/3698/141
f 1687/3698/141 1738/3697/129 1746/3699/130
f 1687/3698/141 1746/3699/130 1682/3700/128
f 1682/3700/128 1746/3699/130 1745/3701/125
f 1682/3700/128 1745/3701/125 1683/3702/127
f 1683/3702/127 1745/3701/125 1744/3703/127
f 1683/3702/127 1744/3703/127 1685/3704/65
f 1685/3704/65 1744/3703/127 1743/3705/63
f 1685/3704/65 1743/3705/63 1663/3706/91
f 1663/3706/91 1743/3705/63 1742/3707/64
f 1663/3706/91 1742/3707/64 1662/3708/75
f 1662/3708/75 1742/3707/64 1741/3709/79
f 1662/3708/75 1741/3709/79 1661/3690/74
f 1661/3690/74 1741/3709/79 1740/3691/85
f 1722/3710/147 1747/3711/147 1720/3712/86
f 1720/3712/86 1747/3711/147 1748/3713/86
f 1720/3714/86 1748/3715/86 1721/3716/90
f 1721/3716/90 1748/3715/86 1749/3717/90
f 1721/3716/90 1749/3717/90 1724/3718/90
f 1724/3718/90 1749/3717/90 1750/3719/90
f 1724/3718/90 1750/3719/90 1726/3720/104
f 1726/3720/104 1750/3719/90 1751/3721/150
f 1726/3720/104 1751/3721/150 1728/3722/104
f 1728/3722/104 1751/3721/150 1752/3723/104
f 1728/3722/104 1752/3723/104 1727/3724/145
f 1727/3724/145 1752/3723/104 1753/3725/151
f 1727/3724/145 1753/3725/151 1725/3726/149
f 1725/3726/149 1753/3725/151 1754/3727/145
f 1725/3726/149 1754/3727/145 1723/3728/147
f 1723/3728/147 1754/3727/145 1755/3729/152
f 1723/3728/147 1755/3729/152 1722/3710/147
f 1722/3710/147 1755/3729/152 1747/3711/147
f 1679/3730/85 1749/3731/85 1678/3732/42
f 1678/3732/42 1749/3731/85 1748/3733/42
f 1678/3734/42 1748/3735/42 1676/3736/129
f 1676/3736/129 1748/3735/42 1747/3737/133
f 1676/3736/129 1747/3737/133 1674/3738/141
f 1674/3738/141 1747/3737/133 1755/3739/130
f 1674/3738/141 1755/3739/130 1673/3740/128
f 1673/3740/128 1755/3739/130 1754/3741/126
f 1673/3740/128 1754/3741/126 1672/3742/127
f 1672/3742/127 1754/3741/126 1753/3743/127
f 1672/3742/127 1753/3743/127 1671/3744/65
f 1671/3744/65 1753/3743/127 1752/3745/63
f 1671/3744/65 1752/3745/63 1691/3746/63
f 1691/3746/63 1752/3745/63 1751/3747/64
f 1691/3746/63 1751/3747/64 1692/3748/75
f 1692/3748/75 1751/3747/64 1750/3749/79
f 1692/3748/75 1750/3749/79 1679/3730/85
f 1679/3730/85 1750/3749/79 1749/3731/85
f 1731/3750/147 1756/3751/147 1729/3752/86
f 1729/3752/86 1756/3751/147 1757/3753/86
f 1729/3754/86 1757/3755/86 1730/3756/90
f 1730/3756/90 1757/3755/86 1758/3757/90
f 1730/3756/90 1758/3757/90 1733/3758/90
f 1733/3758/90 1758/3757/90 1759/3759/90
f 1733/3758/90 1759/3759/90 1735/3760/104
f 1735/3760/104 1759/3759/90 1760/3761/153
f 1735/3760/104 1760/3761/153 1737/3762/104
f 1737/3762/104 1760/3761/153 1761/3763/104
f 1737/3762/104 1761/3763/104 1736/3764/145
f 1736/3764/145 1761/3763/104 1762/3765/145
f 1736/3764/145 1762/3765/145 1734/3766/149
f 1734/3766/149 1762/3765/145 1763/3767/145
f 1734/3766/149 1763/3767/145 1732/3768/147
f 1732/3768/147 1763/3767/145 1764/3769/154
f 1732/3768/147 1764/3769/154 1731/3750/147
f 1731/3750/147 1764/3769/154 1756/3751/147
f 1665/3770/74 1758/3771/85 1684/3772/42
f 1684/3772/42 1758/3771/85 1757/3773/42
f 1684/3774/42 1757/3775/42 1680/3776/129
f 1680/3776/129 1757/3775/42 1756/3777/133
f 1680/3776/129 1756/3777/133 1681/3778/141
f 1681/3778/141 1756/3777/133 1764/3779/130
f 1681/3778/141 1764/3779/130 1690/3780/128
f 1690/3780/128 1764/3779/130 1763/3781/126
f 1690/3780/128 1763/3781/126 1669/3782/127
f 1669/3782/127 1763/3781/126 1762/3783/127
f 1669/3782/127 1762/3783/127 1668/3784/65
f 1668/3784/65 1762/3783/127 1761/3785/63
f 1668/3784/65 1761/3785/63 1667/3786/63
f 1667/3786/63 1761/3785/63 1760/3787/63
f 1667/3786/63 1760/3787/63 1666/3788/75
f 1666/3788/75 1760/3787/63 1759/3789/79
f 1666/3788/75 1759/3789/79 1665/3770/74
f 1665/3770/74 1759/3789/79 1758/3771/85
f 1276/3790/47 1765/3791/47 1275/3792/47
f 1275/3792/47 1765/3791/47 1766/3793/47
f 1275/3792/47 1766/3793/47 1767/3794/47
f 1767/3794/47 1766/3793/47 1768/3795/47
f 1768/3795/47 1766/3793/47 1769/3796/47
f 1770/3797/47 1771/3798/47 1276/3790/47
f 1276/3790/47 1771/3798/47 1772/3799/47
f 1276/3790/47 1772/3799/47 1765/3791/47
f 1765/3791/47 1772/3799/47 1773/3800/47
f 1773/3800/47 1772/3799/47 1774/3801/47
f 1770/3797/47 1775/3802/47 1771/3798/47
f 1649/3803/47 1677/3804/47 1650/3805/47
f 1650/3805/47 1677/3804/47 1651/3806/47
f 1651/3806/47 1677/3804/47 1271/3807/47
f 1271/3807/47 1677/3804/47 1776/3808/47
f 1271/3807/47 1776/3808/47 1272/3809/47
f 1272/3809/47 1776/3808/47 1777/3810/47
f 1272/3809/47 1777/3810/47 1778/3811/47
f 1778/3811/47 1777/3810/47 1779/3812/47
f 1777/3810/47 1776/3808/47 1780/3813/47
f 1780/3813/47 1776/3808/47 1781/3814/47
f 1780/3813/47 1781/3814/47 1782/3815/47
f 1275/3816/86 1767/3817/41 1266/3818/86
f 1266/3818/86 1767/3817/41 1281/3819/41
f 1281/3819/41 1767/3817/41 1768/3820/41
f 1281/3819/41 1768/3820/41 1280/3821/41
f 1280/3821/41 1768/3820/41 1769/3822/40
f 1280/3821/41 1769/3822/40 1279/3823/40
f 1769/3824/40 1783/3825/40 1279/3826/40
f 1279/3826/40 1783/3825/40 1784/3827/40
f 1279/3826/40 1784/3827/40 1282/3828/40
f 1282/3828/40 1784/3827/40 1785/3829/40
f 1282/3828/40 1785/3829/40 1786/3830/40
f 1766/3831/40 1787/3832/40 1769/3824/40
f 1769/3824/40 1787/3832/40 1788/3833/40
f 1769/3824/40 1788/3833/40 1789/3834/40
f 1790/3835/40 1791/3836/40 1766/3831/40
f 1766/3831/40 1791/3836/40 1792/3837/40
f 1766/3831/40 1792/3837/40 1793/3838/40
f 1791/3836/40 1790/3835/40 1794/3839/40
f 1794/3839/40 1790/3835/40 1795/3840/40
f 1794/3839/40 1795/3840/40 1796/3841/40
f 1796/3841/40 1795/3840/40 1797/3842/40
f 1797/3842/40 1795/3840/40 1798/3843/40
f 1798/3843/40 1795/3840/40 1799/3844/40
f 1798/3843/40 1799/3844/40 1800/3845/40
f 1795/3840/40 1801/3846/40 1799/3844/40
f 1799/3844/40 1801/3846/40 1802/3847/40
f 1802/3847/40 1801/3846/40 1803/3848/40
f 1803/3848/40 1801/3846/40 1804/3849/40
f 1804/3849/40 1801/3846/40 1805/3850/40
f 1805/3850/40 1801/3846/40 1806/3851/40
f 1805/3850/40 1806/3851/40 1807/3852/40
f 1801/3846/40 1284/3853/40 1806/3851/40
f 1806/3851/40 1284/3853/40 1808/3854/40
f 1808/3854/40 1284/3853/40 1809/3855/40
f 1809/3855/40 1284/3853/40 1810/3856/40
f 1810/3856/40 1284/3853/40 1811/3857/40
f 1811/3857/40 1284/3853/40 1282/3828/40
f 1811/3857/40 1282/3828/40 1812/3858/40
f 1812/3858/40 1282/3828/40 1786/3830/40
f 1805/3850/40 1807/3852/40 1813/3859/40
f 1813/3859/40 1807/3852/40 1814/3860/40
f 1813/3859/40 1814/3860/40 1815/3861/40
f 1815/3861/40 1814/3860/40 1766/3831/40
f 1815/3861/40 1766/3831/40 1793/3838/40
f 1814/3860/40 1787/3832/40 1766/3831/40
f 1787/3832/40 1816/3862/40 1788/3833/40
f 1788/3833/40 1816/3862/40 1817/3863/40
f 1817/3863/40 1816/3862/40 1812/3858/40
f 1812/3858/40 1816/3862/40 1811/3857/40
f 1815/3861/40 1793/3838/40 1818/3864/40
f 1818/3864/40 1793/3838/40 1819/3865/40
f 1818/3864/40 1819/3865/40 1820/3866/40
f 1818/3864/40 1820/3866/40 1800/3845/40
f 1800/3845/40 1820/3866/40 1798/3843/40
f 1789/3834/40 1821/3867/40 1769/3824/40
f 1769/3824/40 1821/3867/40 1783/3825/40
f 1785/3868/131 1822/3869/41 1786/3870/41
f 1786/3870/41 1822/3869/41 1823/3871/73
f 1786/3870/41 1823/3871/73 1812/3872/71
f 1812/3872/71 1823/3871/73 1824/3873/72
f 1812/3872/71 1824/3873/72 1817/3874/71
f 1817/3874/71 1824/3873/72 1825/3875/67
f 1817/3874/71 1825/3875/67 1788/3876/69
f 1788/3876/69 1825/3875/67 1826/3877/67
f 1788/3876/69 1826/3877/67 1789/3878/78
f 1789/3879/78 1826/3880/67 1827/3881/115
f 1789/3879/78 1827/3881/115 1821/3882/115
f 1821/3882/115 1827/3881/115 1828/3883/123
f 1821/3882/115 1828/3883/123 1783/3884/123
f 1783/3884/123 1828/3883/123 1829/3885/139
f 1783/3884/123 1829/3885/139 1784/3886/121
f 1784/3886/121 1829/3885/139 1830/3887/131
f 1784/3886/121 1830/3887/131 1785/3868/131
f 1785/3868/131 1830/3887/131 1822/3869/41
f 1831/3888/90 1823/3889/90 1832/3890/86
f 1832/3890/86 1823/3889/90 1822/3891/86
f 1832/3892/86 1822/3893/86 1833/3894/147
f 1833/3894/147 1822/3893/86 1830/3895/147
f 1833/3894/147 1830/3895/147 1834/3896/155
f 1834/3896/155 1830/3895/147 1829/3897/147
f 1834/3896/155 1829/3897/147 1835/3898/145
f 1835/3898/145 1829/3897/147 1828/3899/145
f 1835/3898/145 1828/3899/145 1836/3900/145
f 1836/3900/145 1828/3899/145 1827/3901/145
f 1836/3900/145 1827/3901/145 1837/3902/104
f 1837/3902/104 1827/3901/145 1826/3903/153
f 1837/3902/104 1826/3903/153 1838/3904/104
f 1838/3904/104 1826/3903/153 1825/3905/104
f 1838/3904/104 1825/3905/104 1839/3906/90
f 1839/3906/90 1825/3905/104 1824/3907/156
f 1839/3906/90 1824/3907/156 1831/3888/90
f 1831/3888/90 1824/3907/156 1823/3889/90
f 1832/3908/40 1833/3909/40 1831/3910/40
f 1831/3910/40 1833/3909/40 1839/3911/40
f 1839/3911/40 1833/3909/40 1834/3912/40
f 1839/3911/40 1834/3912/40 1838/3913/40
f 1838/3913/40 1834/3912/40 1835/3914/40
f 1838/3913/40 1835/3914/40 1837/3915/40
f 1837/3915/40 1835/3914/40 1836/3916/40
f 1840/3917/40 1841/3918/40 1842/3919/40
f 1842/3919/40 1841/3918/40 1843/3920/40
f 1843/3920/40 1841/3918/40 1844/3921/40
f 1843/3920/40 1844/3921/40 1845/3922/40
f 1845/3922/40 1844/3921/40 1846/3923/40
f 1845/3922/40 1846/3923/40 1847/3924/40
f 1847/3924/40 1846/3923/40 1848/3925/40
f 1849/3926/40 1850/3927/40 1851/3928/40
f 1851/3928/40 1850/3927/40 1852/3929/40
f 1852/3929/40 1850/3927/40 1853/3930/40
f 1852/3929/40 1853/3930/40 1854/3931/40
f 1854/3931/40 1853/3930/40 1855/3932/40
f 1854/3931/40 1855/3932/40 1856/3933/40
f 1856/3933/40 1855/3932/40 1857/3934/40
f 1858/3935/40 1859/3936/40 1860/3937/40
f 1860/3937/40 1859/3936/40 1861/3938/40
f 1861/3938/40 1859/3936/40 1862/3939/40
f 1861/3938/40 1862/3939/40 1863/3940/40
f 1863/3940/40 1862/3939/40 1864/3941/40
f 1863/3940/40 1864/3941/40 1865/3942/40
f 1865/3942/40 1864/3941/40 1866/3943/40
f 1842/3944/145 1867/3945/93 1840/3946/93
f 1840/3946/93 1867/3945/93 1868/3947/104
f 1840/3946/93 1868/3947/104 1841/3948/104
f 1841/3948/104 1868/3947/104 1869/3949/104
f 1841/3948/104 1869/3949/104 1844/3950/104
f 1844/3950/104 1869/3949/104 1870/3951/148
f 1844/3950/104 1870/3951/148 1846/3952/90
f 1846/3952/90 1870/3951/148 1871/3953/90
f 1846/3952/90 1871/3953/90 1848/3954/90
f 1848/3955/90 1871/3956/90 1872/3957/157
f 1848/3955/90 1872/3957/157 1847/3958/147
f 1847/3958/147 1872/3957/157 1873/3959/147
f 1847/3958/147 1873/3959/147 1845/3960/147
f 1845/3960/147 1873/3959/147 1874/3961/149
f 1845/3960/147 1874/3961/149 1843/3962/145
f 1843/3962/145 1874/3961/149 1875/3963/145
f 1843/3962/145 1875/3963/145 1842/3944/145
f 1842/3944/145 1875/3963/145 1867/3945/93
f 1875/3964/116 1814/3965/124 1867/3966/39
f 1867/3967/39 1814/3968/124 1807/3969/92
f 1867/3967/39 1807/3969/92 1868/3970/68
f 1868/3970/68 1807/3969/92 1806/3971/77
f 1868/3970/68 1806/3971/77 1869/3972/92
f 1869/3972/92 1806/3971/77 1808/3973/83
f 1869/3972/92 1808/3973/83 1870/3974/70
f 1870/3974/70 1808/3973/83 1809/3975/76
f 1870/3974/70 1809/3975/76 1871/3976/73
f 1871/3976/73 1809/3975/76 1810/3977/41
f 1871/3976/73 1810/3977/41 1872/3978/132
f 1872/3978/132 1810/3977/41 1811/3979/132
f 1872/3978/132 1811/3979/132 1873/3980/131
f 1873/3980/131 1811/3979/132 1816/3981/121
f 1873/3980/131 1816/3981/121 1874/3982/124
f 1874/3982/124 1816/3981/121 1787/3983/123
f 1874/3982/124 1787/3983/123 1875/3964/116
f 1875/3964/116 1787/3983/123 1814/3965/124
f 1851/3984/145 1876/3985/93 1849/3986/93
f 1849/3986/93 1876/3985/93 1877/3987/104
f 1849/3986/93 1877/3987/104 1850/3988/104
f 1850/3988/104 1877/3987/104 1878/3989/104
f 1850/3988/104 1878/3989/104 1853/3990/158
f 1853/3990/158 1878/3989/104 1879/3991/148
f 1853/3990/158 1879/3991/148 1855/3992/90
f 1855/3992/90 1879/3991/148 1880/3993/90
f 1855/3992/90 1880/3993/90 1857/3994/90
f 1857/3995/90 1880/3996/90 1881/3997/147
f 1857/3995/90 1881/3997/147 1856/3998/147
f 1856/3998/147 1881/3997/147 1882/3999/147
f 1856/3998/147 1882/3999/147 1854/4000/159
f 1854/4000/159 1882/3999/147 1883/4001/146
f 1854/4000/159 1883/4001/146 1852/4002/145
f 1852/4002/145 1883/4001/146 1884/4003/145
f 1852/4002/145 1884/4003/145 1851/3984/145
f 1851/3984/145 1884/4003/145 1876/3985/93
f 1884/4004/116 1797/4005/124 1876/4006/39
f 1876/4007/39 1797/4008/124 1798/4009/92
f 1876/4007/39 1798/4009/92 1877/4010/68
f 1877/4010/68 1798/4009/92 1820/4011/68
f 1877/4010/68 1820/4011/68 1878/4012/77
f 1878/4012/77 1820/4011/68 1819/4013/73
f 1878/4012/77 1819/4013/73 1879/4014/73
f 1879/4014/73 1819/4013/73 1793/4015/83
f 1879/4014/73 1793/4015/83 1880/4016/83
f 1880/4016/83 1793/4015/83 1792/4017/41
f 1880/4016/83 1792/4017/41 1881/4018/120
f 1881/4018/120 1792/4017/41 1791/4019/120
f 1881/4018/120 1791/4019/120 1882/4020/142
f 1882/4020/142 1791/4019/120 1794/4021/142
f 1882/4020/142 1794/4021/142 1883/4022/124
f 1883/4022/124 1794/4021/142 1796/4023/123
f 1883/4022/124 1796/4023/123 1884/4004/116
f 1884/4004/116 1796/4023/123 1797/4005/124
f 1860/4024/145 1885/4025/93 1858/4026/93
f 1858/4026/93 1885/4025/93 1886/4027/104
f 1858/4026/93 1886/4027/104 1859/4028/104
f 1859/4028/104 1886/4027/104 1887/4029/104
f 1859/4028/104 1887/4029/104 1862/4030/160
f 1862/4030/160 1887/4029/104 1888/4031/90
f 1862/4030/160 1888/4031/90 1864/4032/90
f 1864/4032/90 1888/4031/90 1889/4033/90
f 1864/4032/90 1889/4033/90 1866/4034/90
f 1866/4035/90 1889/4036/90 1890/4037/157
f 1866/4035/90 1890/4037/157 1865/4038/147
f 1865/4038/147 1890/4037/157 1891/4039/147
f 1865/4038/147 1891/4039/147 1863/4040/159
f 1863/4040/159 1891/4039/147 1892/4041/145
f 1863/4040/159 1892/4041/145 1861/4042/145
f 1861/4042/145 1892/4041/145 1893/4043/145
f 1861/4042/145 1893/4043/145 1860/4024/145
f 1860/4024/145 1893/4043/145 1885/4025/93
f 1893/4044/116 1799/4045/124 1885/4046/39
f 1885/4047/39 1799/4048/124 1802/4049/92
f 1885/4047/39 1802/4049/92 1886/4050/68
f 1886/4050/68 1802/4049/92 1803/4051/68
f 1886/4050/68 1803/4051/68 1887/4052/92
f 1887/4052/92 1803/4051/68 1804/4053/83
f 1887/4052/92 1804/4053/83 1888/4054/71
f 1888/4054/71 1804/4053/83 1805/4055/70
f 1888/4054/71 1805/4055/70 1889/4056/76
f 1889/4056/76 1805/4055/70 1813/4057/41
f 1889/4056/76 1813/4057/41 1890/4058/132
f 1890/4058/132 1813/4057/41 1815/4059/131
f 1890/4058/132 1815/4059/131 1891/4060/131
f 1891/4060/131 1815/4059/131 1818/4061/121
f 1891/4060/131 1818/4061/121 1892/4062/124
f 1892/4062/124 1818/4061/121 1800/4063/116
f 1892/4062/124 1800/4063/116 1893/4044/116
f 1893/4044/116 1800/4063/116 1799/4045/124
f 1801/4064/122 1298/4065/122 1284/4066/122
f 1284/4066/122 1298/4065/122 1287/4067/122
f 1894/4068/120 1302/4069/121 1801/4070/139
f 1801/4070/139 1302/4069/121 1298/4071/121
f 1894/4072/41 1801/4073/41 1895/4074/41
f 1895/4074/41 1801/4073/41 1795/4075/41
f 1894/4076/86 1896/4077/86 1897/4078/86
f 1897/4078/86 1896/4077/86 1898/4079/86
f 1897/4078/86 1898/4079/86 1899/4080/86
f 1895/4081/86 1900/4082/86 1894/4076/86
f 1894/4076/86 1900/4082/86 1901/4083/86
f 1894/4076/86 1901/4083/86 1902/4084/86
f 1903/4085/86 1904/4086/86 1895/4081/86
f 1895/4081/86 1904/4086/86 1905/4087/86
f 1895/4081/86 1905/4087/86 1906/4088/86
f 1897/4078/86 1907/4089/86 1903/4085/86
f 1903/4085/86 1907/4089/86 1908/4090/86
f 1903/4085/86 1908/4090/86 1909/4091/86
f 1910/4092/86 1911/4093/86 1912/4094/86
f 1912/4094/86 1911/4093/86 1913/4095/86
f 1912/4094/86 1913/4095/86 1914/4096/86
f 1914/4096/86 1913/4095/86 1896/4077/86
f 1914/4096/86 1896/4077/86 1894/4076/86
f 1915/4097/86 1916/4098/86 1910/4092/86
f 1910/4092/86 1916/4098/86 1917/4099/86
f 1910/4092/86 1917/4099/86 1911/4093/86
f 1911/4093/86 1917/4099/86 1918/4100/86
f 1911/4093/86 1918/4100/86 1919/4101/86
f 1919/4101/86 1918/4100/86 1920/4102/86
f 1919/4101/86 1920/4102/86 1921/4103/86
f 1921/4103/86 1920/4102/86 1922/4104/86
f 1921/4103/86 1922/4104/86 1923/4105/86
f 1923/4105/86 1922/4104/86 1907/4089/86
f 1923/4105/86 1907/4089/86 1897/4078/86
f 1924/4106/86 1925/4107/86 1915/4097/86
f 1915/4097/86 1925/4107/86 1926/4108/86
f 1915/4097/86 1926/4108/86 1916/4098/86
f 1925/4107/86 1924/4106/86 1927/4109/86
f 1927/4109/86 1924/4106/86 1900/4082/86
f 1927/4109/86 1900/4082/86 1895/4081/86
f 1902/4084/86 1928/4110/86 1894/4076/86
f 1894/4076/86 1928/4110/86 1914/4096/86
f 1909/4091/86 1904/4086/86 1903/4085/86
f 1904/4086/86 1929/4111/86 1905/4087/86
f 1905/4087/86 1929/4111/86 1930/4112/86
f 1930/4112/86 1929/4111/86 1917/4099/86
f 1930/4112/86 1917/4099/86 1916/4098/86
f 1906/4088/86 1931/4113/86 1895/4081/86
f 1895/4081/86 1931/4113/86 1932/4114/86
f 1895/4081/86 1932/4114/86 1927/4109/86
f 1899/4080/86 1933/4115/86 1897/4078/86
f 1897/4078/86 1933/4115/86 1923/4105/86
f 1911/4116/138 1934/4117/42 1913/4118/42
f 1913/4118/42 1934/4117/42 1935/4119/85
f 1913/4118/42 1935/4119/85 1896/4120/84
f 1896/4120/84 1935/4119/85 1936/4121/75
f 1896/4120/84 1936/4121/75 1898/4122/84
f 1898/4122/84 1936/4121/75 1937/4123/83
f 1898/4122/84 1937/4123/83 1899/4124/72
f 1899/4124/72 1937/4123/83 1938/4125/76
f 1899/4124/72 1938/4125/76 1933/4126/70
f 1933/4127/70 1938/4128/76 1939/4129/142
f 1933/4127/70 1939/4129/142 1923/4130/132
f 1923/4130/132 1939/4129/142 1940/4131/139
f 1923/4130/132 1940/4131/139 1921/4132/132
f 1921/4132/132 1940/4131/139 1941/4133/134
f 1921/4132/132 1941/4133/134 1919/4134/141
f 1919/4134/141 1941/4133/134 1942/4135/133
f 1919/4134/141 1942/4135/133 1911/4116/138
f 1911/4116/138 1942/4135/133 1934/4117/42
f 1943/4136/62 1934/4137/52 1944/4138/52
f 1944/4138/52 1934/4137/52 1942/4139/144
f 1944/4138/52 1942/4139/144 1945/4140/144
f 1945/4140/144 1942/4139/144 1941/4141/144
f 1945/4140/144 1941/4141/144 1946/4142/161
f 1946/4142/161 1941/4141/144 1940/4143/122
f 1946/4142/161 1940/4143/122 1947/4144/122
f 1947/4144/122 1940/4143/122 1939/4145/122
f 1947/4144/122 1939/4145/122 1948/4146/162
f 1948/4147/162 1939/4148/122 1938/4149/95
f 1948/4147/162 1938/4149/95 1949/4150/95
f 1949/4150/95 1938/4149/95 1937/4151/95
f 1949/4150/95 1937/4151/95 1950/4152/95
f 1950/4152/95 1937/4151/95 1936/4153/163
f 1950/4152/95 1936/4153/163 1951/4154/62
f 1951/4154/62 1936/4153/163 1935/4155/62
f 1951/4154/62 1935/4155/62 1943/4136/62
f 1943/4136/62 1935/4155/62 1934/4137/52
f 1945/4156/86 1948/4157/86 1944/4158/86
f 1944/4158/86 1948/4157/86 1949/4159/86
f 1944/4158/86 1949/4159/86 1943/4160/86
f 1943/4160/86 1949/4159/86 1950/4161/86
f 1943/4160/86 1950/4161/86 1951/4162/86
f 1946/4163/86 1947/4164/86 1945/4156/86
f 1945/4156/86 1947/4164/86 1948/4157/86
f 1952/4165/86 1953/4166/86 1954/4167/86
f 1954/4167/86 1953/4166/86 1955/4168/86
f 1954/4167/86 1955/4168/86 1956/4169/86
f 1956/4169/86 1955/4168/86 1957/4170/86
f 1956/4169/86 1957/4170/86 1958/4171/86
f 1959/4172/86 1960/4173/86 1952/4165/86
f 1952/4165/86 1960/4173/86 1953/4166/86
f 1961/4174/86 1962/4175/86 1963/4176/86
f 1963/4176/86 1962/4175/86 1964/4177/86
f 1963/4176/86 1964/4177/86 1965/4178/86
f 1965/4178/86 1964/4177/86 1966/4179/86
f 1965/4178/86 1966/4179/86 1967/4180/86
f 1968/4181/86 1969/4182/86 1961/4174/86
f 1961/4174/86 1969/4182/86 1962/4175/86
f 1970/4183/86 1971/4184/86 1972/4185/86
f 1972/4185/86 1971/4184/86 1973/4186/86
f 1972/4185/86 1973/4186/86 1974/4187/86
f 1974/4187/86 1973/4186/86 1975/4188/86
f 1974/4187/86 1975/4188/86 1976/4189/86
f 1977/4190/86 1978/4191/86 1970/4183/86
f 1970/4183/86 1978/4191/86 1971/4184/86
f 1956/4192/122 1979/4193/122 1954/4194/40
f 1954/4194/40 1979/4193/122 1980/4195/40
f 1954/4196/40 1980/4197/40 1952/4198/95
f 1952/4198/95 1980/4197/40 1981/4199/95
f 1952/4198/95 1981/4199/95 1959/4200/95
f 1959/4200/95 1981/4199/95 1982/4201/95
f 1959/4200/95 1982/4201/95 1960/4202/62
f 1960/4202/62 1982/4201/95 1983/4203/164
f 1960/4202/62 1983/4203/164 1953/4204/62
f 1953/4204/62 1983/4203/164 1984/4205/62
f 1953/4204/62 1984/4205/62 1955/4206/144
f 1955/4206/144 1984/4205/62 1985/4207/144
f 1955/4206/144 1985/4207/144 1957/4208/161
f 1957/4208/161 1985/4207/144 1986/4209/144
f 1957/4208/161 1986/4209/144 1958/4210/122
f 1958/4210/122 1986/4209/144 1987/4211/122
f 1958/4210/122 1987/4211/122 1956/4192/122
f 1956/4192/122 1987/4211/122 1979/4193/122
f 1914/4212/73 1981/4213/76 1912/4214/41
f 1912/4214/41 1981/4213/76 1980/4215/41
f 1912/4216/41 1980/4217/41 1910/4218/142
f 1910/4218/142 1980/4217/41 1979/4219/132
f 1910/4218/142 1979/4219/132 1915/4220/121
f 1915/4220/121 1979/4219/132 1987/4221/120
f 1915/4220/121 1987/4221/120 1924/4222/129
f 1924/4222/129 1987/4221/120 1986/4223/129
f 1924/4222/129 1986/4223/129 1900/4224/141
f 1900/4224/141 1986/4223/129 1985/4225/141
f 1900/4224/141 1985/4225/141 1901/4226/74
f 1901/4226/74 1985/4225/141 1984/4227/79
f 1901/4226/74 1984/4227/79 1902/4228/79
f 1902/4228/79 1984/4227/79 1983/4229/79
f 1902/4228/79 1983/4229/79 1928/4230/72
f 1928/4230/72 1983/4229/79 1982/4231/71
f 1928/4230/72 1982/4231/71 1914/4212/73
f 1914/4212/73 1982/4231/71 1981/4213/76
f 1965/4232/122 1988/4233/122 1963/4234/40
f 1963/4234/40 1988/4233/122 1989/4235/40
f 1963/4236/40 1989/4237/40 1961/4238/95
f 1961/4238/95 1989/4237/40 1990/4239/95
f 1961/4238/95 1990/4239/95 1968/4240/95
f 1968/4240/95 1990/4239/95 1991/4241/95
f 1968/4240/95 1991/4241/95 1969/4242/62
f 1969/4242/62 1991/4241/95 1992/4243/62
f 1969/4242/62 1992/4243/62 1962/4244/165
f 1962/4244/165 1992/4243/62 1993/4245/62
f 1962/4244/165 1993/4245/62 1964/4246/144
f 1964/4246/144 1993/4245/62 1994/4247/166
f 1964/4246/144 1994/4247/166 1966/4248/144
f 1966/4248/144 1994/4247/166 1995/4249/144
f 1966/4248/144 1995/4249/144 1967/4250/122
f 1967/4250/122 1995/4249/144 1996/4251/122
f 1967/4250/122 1996/4251/122 1965/4232/122
f 1965/4232/122 1996/4251/122 1988/4233/122
f 1922/4252/73 1990/4253/70 1907/4254/41
f 1907/4254/41 1990/4253/70 1989/4255/41
f 1907/4256/41 1989/4257/41 1908/4258/142
f 1908/4258/142 1989/4257/41 1988/4259/132
f 1908/4258/142 1988/4259/132 1909/4260/121
f 1909/4260/121 1988/4259/132 1996/4261/120
f 1909/4260/121 1996/4261/120 1904/4262/129
f 1904/4262/129 1996/4261/120 1995/4263/129
f 1904/4262/129 1995/4263/129 1929/4264/141
f 1929/4264/141 1995/4263/129 1994/4265/141
f 1929/4264/141 1994/4265/141 1917/4266/74
f 1917/4266/74 1994/4265/141 1993/4267/79
f 1917/4266/74 1993/4267/79 1918/4268/79
f 1918/4268/79 1993/4267/79 1992/4269/61
f 1918/4268/79 1992/4269/61 1920/4270/72
f 1920/4270/72 1992/4269/61 1991/4271/71
f 1920/4270/72 1991/4271/71 1922/4252/73
f 1922/4252/73 1991/4271/71 1990/4253/70
f 1974/4272/122 1997/4273/122 1972/4274/40
f 1972/4274/40 1997/4273/122 1998/4275/40
f 1972/4276/40 1998/4277/40 1970/4278/95
f 1970/4278/95 1998/4277/40 1999/4279/95
f 1970/4278/95 1999/4279/95 1977/4280/167
f 1977/4280/167 1999/4279/95 2000/4281/95
f 1977/4280/167 2000/4281/95 1978/4282/62
f 1978/4282/62 2000/4281/95 2001/4283/62
f 1978/4282/62 2001/4283/62 1971/4284/168
f 1971/4284/168 2001/4283/62 2002/4285/62
f 1971/4284/168 2002/4285/62 1973/4286/144
f 1973/4286/144 2002/4285/62 2003/4287/169
f 1973/4286/144 2003/4287/169 1975/4288/144
f 1975/4288/144 2003/4287/169 2004/4289/144
f 1975/4288/144 2004/4289/144 1976/4290/122
f 1976/4290/122 2004/4289/144 2005/4291/122
f 1976/4290/122 2005/4291/122 1974/4272/122
f 1974/4272/122 2005/4291/122 1997/4273/122
f 1916/4292/73 1999/4293/76 1930/4294/41
f 1930/4294/41 1999/4293/76 1998/4295/41
f 1930/4296/41 1998/4297/41 1905/4298/142
f 1905/4298/142 1998/4297/41 1997/4299/132
f 1905/4298/142 1997/4299/132 1906/4300/121
f 1906/4300/121 1997/4299/132 2005/4301/120
f 1906/4300/121 2005/4301/120 1931/4302/129
f 1931/4302/129 2005/4301/120 2004/4303/129
f 1931/4302/129 2004/4303/129 1932/4304/141
f 1932/4304/141 2004/4303/129 2003/4305/141
f 1932/4304/141 2003/4305/141 1927/4306/74
f 1927/4306/74 2003/4305/141 2002/4307/79
f 1927/4306/74 2002/4307/79 1925/4308/79
f 1925/4308/79 2002/4307/79 2001/4309/79
f 1925/4308/79 2001/4309/79 1926/4310/72
f 1926/4310/72 2001/4309/79 2000/4311/71
f 1926/4310/72 2000/4311/71 1916/4292/73
f 1916/4292/73 2000/4311/71 1999/4293/76
f 1897/4312/147 1307/4313/147 1894/4314/147
f 1894/4314/147 1307/4313/147 1302/4315/147
f 1664/4316/134 1311/4317/141 1897/4318/134
f 1897/4318/134 1311/4317/141 1307/4319/141
f 1664/4320/42 1897/4321/42 1670/4322/42
f 1670/4322/42 1897/4321/42 1903/4323/42
f 668/4324/79 1670/4325/79 671/4326/61
f 671/4326/61 1670/4325/79 1903/4327/75
f 1895/4328/90 673/4329/90 1903/4330/90
f 1903/4330/90 673/4329/90 671/4331/90
f 673/4332/72 1895/4333/72 677/4334/83
f 677/4334/83 1895/4333/72 1795/4335/71
f 2006/4336/95 677/4337/95 2007/4338/95
f 2007/4338/95 677/4337/95 1795/4339/95
f 2007/4338/95 1795/4339/95 1790/4340/95
f 2008/4341/170 679/4342/95 2006/4336/95
f 2006/4336/95 679/4342/95 677/4337/95
f 679/4343/47 2008/4344/104 682/4345/47
f 682/4345/47 2008/4344/104 2009/4346/104
f 2009/4346/104 2008/4344/104 2006/4347/104
f 2009/4346/104 2006/4347/104 2010/4348/104
f 2010/4348/104 2006/4347/104 2007/4349/93
f 2010/4348/104 2007/4349/93 2011/4350/93
f 2012/4351/95 689/4352/47 2013/4353/69
f 2013/4353/69 689/4352/47 687/4354/47
f 2013/4353/69 687/4354/47 2014/4355/92
f 2014/4355/92 687/4354/47 684/4356/47
f 2014/4355/92 684/4356/47 682/4357/47
f 682/4357/47 2009/4358/104 2014/4355/92
f 2014/4355/92 2009/4358/104 2015/4359/77
f 2014/4355/92 2015/4359/77 2013/4353/69
f 2013/4353/69 2015/4359/77 2016/4360/69
f 2013/4353/69 2016/4360/69 2012/4351/95
f 2012/4351/95 2016/4360/69 2017/4361/95
f 2017/4361/95 2016/4360/69 2018/4362/39
f 2017/4361/95 2018/4362/39 2019/4363/40
f 2009/4358/104 2010/4364/104 2015/4359/77
f 2015/4359/77 2010/4364/104 2011/4365/93
f 2015/4359/77 2011/4365/93 2020/4366/39
f 2015/4359/77 2020/4366/39 2016/4360/69
f 2016/4360/69 2020/4366/39 2018/4362/39
f 2019/4367/40 2021/4368/40 2017/4369/95
f 2017/4369/95 2021/4368/40 2022/4370/95
f 2017/4369/95 2022/4370/95 2012/4371/95
f 2012/4371/95 2022/4370/95 2023/4372/95
f 2012/4371/95 2023/4372/95 689/4373/47
f 689/4373/47 2023/4372/95 695/4374/47
f 2021/4375/40 2019/4376/40 2024/4377/40
f 2024/4377/40 2019/4376/40 1772/4378/40
f 2024/4377/40 1772/4378/40 1771/4379/40
f 1771/4379/40 2025/4380/40 2024/4377/40
f 2026/4381/39 2027/4382/39 2028/4383/39
f 2028/4383/39 2027/4382/39 2029/4384/39
f 2029/4384/39 2027/4382/39 2030/4385/39
f 2029/4384/39 2030/4385/39 2024/4386/40
f 2024/4386/40 2030/4385/39 2021/4387/40
f 694/4388/47 697/4389/49 2031/4390/77
f 2031/4390/77 697/4389/49 2023/4391/95
f 2031/4390/77 2023/4391/95 2022/4392/95
f 697/4389/49 696/4393/48 2023/4391/95
f 2023/4391/95 696/4393/48 695/4394/47
f 2021/4395/40 2030/4396/39 2022/4392/95
f 2022/4392/95 2030/4396/39 2027/4397/39
f 2022/4392/95 2027/4397/39 2032/4398/69
f 2032/4398/69 2027/4397/39 2026/4399/39
f 2032/4398/69 2031/4390/77 2022/4392/95
f 692/4400/47 694/4401/47 2033/4402/69
f 2033/4402/69 694/4401/47 2031/4403/77
f 2033/4402/69 2031/4403/77 2034/4404/78
f 2034/4404/78 2031/4403/77 2032/4405/69
f 2034/4404/78 2032/4405/69 2035/4406/39
f 2035/4406/39 2032/4405/69 2026/4407/39
f 691/4408/47 698/4409/47 2036/4410/104
f 2036/4410/104 698/4409/47 2033/4411/69
f 2036/4410/104 2033/4411/69 2034/4412/78
f 698/4409/47 693/4413/47 2033/4411/69
f 2033/4411/69 693/4413/47 692/4414/47
f 2035/4415/39 2037/4416/59 2034/4412/78
f 2034/4412/78 2037/4416/59 2038/4417/39
f 2034/4412/78 2038/4417/39 2039/4418/104
f 2039/4418/104 2038/4417/39 2040/4419/93
f 2039/4418/104 2036/4410/104 2034/4412/78
f 690/4420/47 691/4421/47 2041/4422/104
f 2041/4422/104 691/4421/47 2036/4423/104
f 2041/4422/104 2036/4423/104 2042/4424/104
f 2042/4424/104 2036/4423/104 2039/4425/104
f 2042/4424/104 2039/4425/104 2043/4426/171
f 2043/4426/171 2039/4425/104 2040/4427/93
f 701/4428/47 700/4429/47 2044/4430/81
f 2044/4430/81 700/4429/47 699/4431/50
f 2044/4430/81 699/4431/50 2041/4432/104
f 2041/4432/104 699/4431/50 690/4433/47
f 2041/4432/104 2042/4434/104 2044/4430/81
f 2044/4430/81 2042/4434/104 2045/4435/63
f 2045/4435/63 2042/4434/104 2046/4436/172
f 2045/4435/63 2046/4436/172 2047/4437/172
f 2042/4434/104 2043/4438/171 2046/4436/172
f 2047/4437/172 2048/4439/45 2045/4435/63
f 2048/4440/45 2049/4441/45 2045/4442/63
f 2045/4442/63 2049/4441/45 2050/4443/63
f 2045/4442/63 2050/4443/63 2044/4444/81
f 2044/4444/81 2050/4443/63 2051/4445/91
f 2044/4444/81 2051/4445/91 701/4446/47
f 701/4446/47 2051/4445/91 702/4447/47
f 2052/4448/45 2049/4449/45 2053/4450/45
f 2053/4450/45 2049/4449/45 2048/4451/45
f 2053/4450/45 2048/4451/45 2054/4452/45
f 2055/4453/52 2056/4454/45 2057/4455/52
f 2057/4455/52 2056/4454/45 2058/4456/45
f 2058/4456/45 2056/4454/45 2059/4457/45
f 2058/4456/45 2059/4457/45 2052/4458/45
f 2052/4458/45 2059/4457/45 2049/4459/45
f 703/4460/47 704/4461/47 2060/4462/62
f 2060/4462/62 704/4461/47 705/4463/49
f 2060/4462/62 705/4463/49 2051/4464/91
f 2051/4464/91 705/4463/49 702/4465/47
f 2051/4464/91 2050/4466/63 2060/4462/62
f 2060/4462/62 2050/4466/63 2061/4467/62
f 2061/4467/62 2050/4466/63 2059/4468/45
f 2061/4467/62 2059/4468/45 2056/4469/45
f 2050/4466/63 2049/4470/45 2059/4468/45
f 2056/4469/45 2055/4471/52 2061/4467/62
f 688/4472/47 703/4473/47 2062/4474/62
f 2062/4474/62 703/4473/47 2060/4475/62
f 2062/4474/62 2060/4475/62 2063/4476/62
f 2063/4476/62 2060/4475/62 2061/4477/62
f 2063/4476/62 2061/4477/62 2064/4478/52
f 2064/4478/52 2061/4477/62 2055/4479/52
f 2065/4480/104 663/4481/47 2066/4482/65
f 2066/4482/65 663/4481/47 662/4483/47
f 2066/4482/65 662/4483/47 2067/4484/91
f 2067/4484/91 662/4483/47 686/4485/47
f 2067/4484/91 686/4485/47 2062/4486/62
f 2062/4486/62 686/4485/47 688/4487/47
f 2062/4486/62 2063/4488/62 2067/4484/91
f 2067/4484/91 2063/4488/62 2068/4489/65
f 2067/4484/91 2068/4489/65 2066/4482/65
f 2066/4482/65 2068/4489/65 2069/4490/63
f 2066/4482/65 2069/4490/63 2065/4480/104
f 2065/4480/104 2069/4490/63 2070/4491/104
f 2070/4491/104 2069/4490/63 2071/4492/93
f 2071/4492/93 2069/4490/63 2072/4493/45
f 2072/4493/45 2069/4490/63 2073/4494/45
f 2073/4494/45 2069/4490/63 2068/4489/65
f 2073/4494/45 2068/4489/65 2064/4495/52
f 2064/4495/52 2068/4489/65 2063/4488/62
f 2071/4496/93 2074/4497/93 2070/4498/104
f 2070/4498/104 2074/4497/93 2075/4499/104
f 2070/4498/104 2075/4499/104 2065/4500/104
f 2065/4500/104 2075/4499/104 2076/4501/173
f 2065/4500/104 2076/4501/173 663/4502/47
f 663/4502/47 2076/4501/173 665/4503/47
f 2076/4504/174 2075/4505/62 665/4506/62
f 665/4506/62 2075/4505/62 668/4507/62
f 668/4507/62 2075/4505/62 2074/4508/62
f 668/4507/62 2074/4508/62 1670/4509/62
f 1670/4509/62 2074/4508/62 1675/4510/62
f 2071/4511/93 1776/4512/93 2074/4513/93
f 2074/4513/93 1776/4512/93 1677/4514/93
f 2074/4513/93 1677/4514/93 1675/4515/93
f 2011/4516/93 2007/4517/93 1765/4518/93
f 1765/4518/93 2007/4517/93 1766/4519/93
f 1766/4519/93 2007/4517/93 1790/4520/93
f 1776/4521/93 2071/4522/93 1781/4523/45
f 1781/4523/45 2071/4522/93 2072/4524/45
f 1781/4523/45 2072/4524/45 1782/4525/88
f 1782/4525/88 2072/4524/45 2073/4526/45
f 1782/4525/88 2073/4526/45 1780/4527/52
f 1780/4527/52 2073/4526/45 2064/4528/52
f 2055/4529/52 2057/4530/52 2064/4531/52
f 2064/4531/52 2057/4530/52 1780/4532/52
f 1780/4532/52 2057/4530/52 1777/4533/52
f 1777/4533/52 2057/4530/52 2077/4534/52
f 1270/4535/86 1272/4536/86 2078/4537/42
f 2078/4537/42 1272/4536/86 1778/4538/42
f 2078/4537/42 1778/4538/42 2079/4539/42
f 2079/4539/42 1778/4538/42 1779/4540/42
f 2079/4539/42 1779/4540/42 2077/4541/52
f 2077/4541/52 1779/4540/42 1777/4542/52
f 2077/4543/62 2080/4544/62 2079/4545/61
f 2079/4545/61 2080/4544/62 2081/4546/85
f 2079/4545/61 2081/4546/85 2078/4547/75
f 2078/4547/75 2081/4546/85 2082/4548/84
f 2078/4547/75 2082/4548/84 1270/4549/86
f 1270/4549/86 2082/4548/84 1268/4550/113
f 2053/4551/62 2080/4552/62 2052/4553/62
f 2052/4553/62 2080/4552/62 2077/4554/62
f 2052/4553/62 2077/4554/62 2058/4555/62
f 2058/4555/62 2077/4554/62 2057/4556/62
f 2083/4557/47 2084/4558/47 2085/4559/47
f 2085/4559/47 2084/4558/47 2080/4560/47
f 2085/4559/47 2080/4560/47 2086/4561/47
f 2086/4561/47 2080/4560/47 2087/4562/47
f 2087/4562/47 2080/4560/47 2054/4563/47
f 2054/4563/47 2080/4560/47 2053/4564/47
f 2083/4557/47 2088/4565/47 2084/4558/47
f 2084/4558/47 2088/4565/47 2089/4566/47
f 2084/4558/47 2089/4566/47 2090/4567/47
f 2090/4567/47 2091/4568/47 2084/4558/47
f 2043/4569/171 2040/4570/93 2085/4571/175
f 2085/4571/175 2040/4570/93 2083/4572/175
f 2054/4573/45 2048/4574/45 2087/4575/45
f 2087/4575/45 2048/4574/45 2047/4576/172
f 2087/4575/45 2047/4576/172 2086/4577/176
f 2086/4577/176 2047/4576/172 2046/4578/172
f 2086/4577/176 2046/4578/172 2085/4579/175
f 2085/4579/175 2046/4578/172 2043/4580/171
f 2083/4581/175 2040/4582/93 2088/4583/177
f 2088/4583/177 2040/4582/93 2038/4584/39
f 2088/4583/177 2038/4584/39 2089/4585/101
f 2089/4585/101 2038/4584/39 2037/4586/59
f 2089/4585/101 2037/4586/59 2090/4587/178
f 2090/4587/178 2037/4586/59 2035/4588/39
f 2090/4589/178 2035/4590/39 2091/4591/39
f 2091/4591/39 2035/4590/39 2026/4592/39
f 2091/4591/39 2026/4592/39 2028/4593/39
f 2024/4594/95 2025/4595/95 2029/4596/95
f 2029/4596/95 2025/4595/95 2028/4597/95
f 2028/4597/95 2025/4595/95 2084/4598/95
f 2028/4597/95 2084/4598/95 2091/4599/95
f 2084/4600/95 2025/4601/95 2092/4602/83
f 2092/4602/83 2025/4601/95 2093/4603/76
f 2092/4602/83 2093/4603/76 2094/4604/76
f 2094/4604/76 2093/4603/76 2095/4605/73
f 2094/4604/76 2095/4605/73 1267/4606/112
f 1267/4606/112 2095/4605/73 1274/4607/114
f 2080/4608/47 2084/4609/47 2081/4610/90
f 2081/4610/90 2084/4609/47 2092/4611/90
f 2081/4610/90 2092/4611/90 2082/4612/90
f 2082/4612/90 2092/4611/90 2094/4613/90
f 2082/4612/90 2094/4613/90 1268/4614/113
f 1268/4614/113 2094/4613/90 1267/4615/112
f 1771/4616/40 1775/4617/41 2025/4618/40
f 2025/4618/40 1775/4617/41 2093/4619/41
f 2093/4619/41 1775/4617/41 1770/4620/41
f 2093/4619/41 1770/4620/41 2095/4621/41
f 2095/4621/41 1770/4620/41 1276/4622/86
f 2095/4621/41 1276/4622/86 1274/4623/114
f 2019/4624/40 2018/4625/39 1772/4626/40
f 1772/4626/40 2018/4625/39 1774/4627/39
f 1774/4627/39 2018/4625/39 2020/4628/39
f 1774/4627/39 2020/4628/39 1773/4629/39
f 1773/4629/39 2020/4628/39 2011/4630/93
f 1773/4629/39 2011/4630/93 1765/4631/93
f 1658/4632/144 1325/4633/144 1664/4634/144
f 1664/4634/144 1325/4633/144 1311/4635/144
f 1613/4636/137 1289/4637/127 1658/4638/126
f 1658/4638/126 1289/4637/127 1325/4639/127
f 1613/4640/45 1658/4641/45 1617/4642/45
f 1617/4642/45 1658/4641/45 1643/4643/45
f 1255/4644/86 1254/4645/90 1273/4646/86
f 1273/4646/86 1254/4645/90 1646/4647/90
f 1646/4647/90 1254/4645/90 1253/4648/90
f 1646/4647/90 1253/4648/90 1252/4649/90
f 1646/4647/90 1252/4649/90 1648/4650/90
f 1648/4650/90 1252/4649/90 728/4651/47
f 1648/4650/90 728/4651/47 730/4652/47
f 1625/4653/47 1622/4654/47 1638/4655/47
f 1638/4655/47 1622/4654/47 1642/4656/47
f 1247/4657/47 1246/4658/47 2096/4659/47
f 2096/4659/47 1246/4658/47 1241/4660/47
f 2096/4659/47 1241/4660/47 2097/4661/47
f 2097/4661/47 1241/4660/47 1242/4662/47
f 1641/4663/52 1250/4664/52 2098/4665/52
f 2098/4665/52 1250/4664/52 2099/4666/52
f 2099/4666/52 1250/4664/52 2100/4667/52
f 2100/4667/52 1250/4664/52 2096/4668/52
f 2096/4668/52 1250/4664/52 1247/4669/52
f 1639/4670/86 1641/4671/86 2101/4672/86
f 2101/4672/86 1641/4671/86 2098/4673/86
f 1639/4674/40 2101/4675/40 1264/4676/40
f 1264/4676/40 2101/4675/40 2102/4677/40
f 1264/4676/40 2102/4677/40 2103/4678/40
f 2103/4678/40 2097/4679/40 1264/4676/40
f 1264/4676/40 2097/4679/40 1242/4680/40
f 2097/4681/104 2103/4682/104 2096/4683/104
f 2096/4683/104 2103/4682/104 2100/4684/104
f 2100/4685/93 2103/4686/93 2099/4687/93
f 2099/4687/93 2103/4686/93 2102/4688/93
f 2101/4689/46 2098/4690/46 2102/4691/46
f 2102/4691/46 2098/4690/46 2099/4692/46
f 1624/4693/124 2104/4694/39 1618/4695/39
f 1618/4695/39 2104/4694/39 2105/4696/78
f 1618/4695/39 2105/4696/78 1619/4697/68
f 1619/4697/68 2105/4696/78 2106/4698/69
f 1619/4697/68 2106/4698/69 1620/4699/78
f 1620/4699/78 2106/4698/69 2107/4700/64
f 1620/4699/78 2107/4700/64 1614/4701/63
f 1614/4701/63 2107/4700/64 2108/4702/91
f 1614/4701/63 2108/4702/91 1633/4703/81
f 1633/4704/81 2108/4705/91 2109/4706/127
f 1633/4704/81 2109/4706/127 1626/4707/126
f 1626/4707/126 2109/4706/127 2110/4708/125
f 1626/4707/126 2110/4708/125 1627/4709/125
f 1627/4709/125 2110/4708/125 2111/4710/136
f 1627/4709/125 2111/4710/136 1623/4711/115
f 1623/4711/115 2111/4710/136 2112/4712/124
f 1623/4711/115 2112/4712/124 1624/4693/124
f 1624/4693/124 2112/4712/124 2104/4694/39
f 2113/4713/95 2104/4714/40 2114/4715/40
f 2114/4715/40 2104/4714/40 2112/4716/122
f 2114/4715/40 2112/4716/122 2115/4717/122
f 2115/4717/122 2112/4716/122 2111/4718/122
f 2115/4717/122 2111/4718/122 2116/4719/122
f 2116/4719/122 2111/4718/122 2110/4720/144
f 2116/4719/122 2110/4720/144 2117/4721/144
f 2117/4721/144 2110/4720/144 2109/4722/144
f 2117/4721/144 2109/4722/144 2118/4723/144
f 2118/4724/144 2109/4725/144 2108/4726/163
f 2118/4724/144 2108/4726/163 2119/4727/62
f 2119/4727/62 2108/4726/163 2107/4728/62
f 2119/4727/62 2107/4728/62 2120/4729/164
f 2120/4729/164 2107/4728/62 2106/4730/179
f 2120/4729/164 2106/4730/179 2121/4731/95
f 2121/4731/95 2106/4730/179 2105/4732/95
f 2121/4731/95 2105/4732/95 2113/4713/95
f 2113/4713/95 2105/4732/95 2104/4714/40
f 2115/4733/93 2118/4734/93 2114/4735/93
f 2114/4735/93 2118/4734/93 2119/4736/93
f 2114/4735/93 2119/4736/93 2113/4737/93
f 2113/4737/93 2119/4736/93 2120/4738/93
f 2113/4737/93 2120/4738/93 2121/4739/93
f 2116/4740/93 2117/4741/93 2115/4733/93
f 2115/4733/93 2117/4741/93 2118/4734/93
f 2122/4742/93 2123/4743/93 2124/4744/93
f 2124/4744/93 2123/4743/93 2125/4745/93
f 2124/4744/93 2125/4745/93 2126/4746/93
f 2126/4746/93 2125/4745/93 2127/4747/93
f 2126/4746/93 2127/4747/93 2128/4748/93
f 2129/4749/93 2130/4750/93 2122/4742/93
f 2122/4742/93 2130/4750/93 2123/4743/93
f 2126/4751/144 2131/4752/52 2124/4753/52
f 2124/4753/52 2131/4752/52 2132/4754/62
f 2124/4753/52 2132/4754/62 2122/4755/62
f 2122/4755/62 2132/4754/62 2133/4756/62
f 2122/4755/62 2133/4756/62 2129/4757/168
f 2129/4757/168 2133/4756/62 2134/4758/180
f 2129/4757/168 2134/4758/180 2130/4759/95
f 2130/4759/95 2134/4758/180 2135/4760/95
f 2130/4759/95 2135/4760/95 2123/4761/95
f 2123/4762/95 2135/4763/95 2136/4764/181
f 2123/4762/95 2136/4764/181 2125/4765/122
f 2125/4765/122 2136/4764/181 2137/4766/122
f 2125/4765/122 2137/4766/122 2127/4767/181
f 2127/4767/181 2137/4766/122 2138/4768/144
f 2127/4767/181 2138/4768/144 2128/4769/144
f 2128/4769/144 2138/4768/144 2139/4770/144
f 2128/4769/144 2139/4770/144 2126/4751/144
f 2126/4751/144 2139/4770/144 2131/4752/52
f 2139/4771/137 1631/4772/135 2131/4773/45
f 2131/4774/45 1631/4775/135 1636/4776/66
f 2131/4774/45 1636/4776/66 2132/4777/63
f 2132/4777/63 1636/4776/66 1635/4778/81
f 2132/4777/63 1635/4778/81 2133/4779/66
f 2133/4779/66 1635/4778/81 1616/4780/67
f 2133/4779/66 1616/4780/67 2134/4781/78
f 2134/4781/78 1616/4780/67 1615/4782/92
f 2134/4781/78 1615/4782/92 2135/4783/92
f 2135/4783/92 1615/4782/92 1634/4784/39
f 2135/4783/92 1634/4784/39 2136/4785/124
f 2136/4785/124 1634/4784/39 1630/4786/123
f 2136/4785/124 1630/4786/123 2137/4787/116
f 2137/4787/116 1630/4786/123 1629/4788/115
f 2137/4787/116 1629/4788/115 2138/4789/135
f 2138/4789/135 1629/4788/115 1632/4790/125
f 2138/4789/135 1632/4790/125 2139/4771/137
f 2139/4771/137 1632/4790/125 1631/4772/135
f 2140/4791/45 1355/4792/45 2141/4793/93
f 2141/4793/93 1355/4792/45 1288/4794/93
f 2141/4795/93 1288/4796/93 2142/4797/182
f 2142/4797/182 1288/4796/93 1295/4798/39
f 2142/4797/182 1295/4798/39 2143/4799/39
f 2143/4799/39 1295/4798/39 1330/4800/39
f 2143/4799/39 1330/4800/39 2144/4801/102
f 2144/4801/102 1330/4800/39 1348/4802/41
f 2144/4801/102 1348/4802/41 2145/4803/41
f 2145/4803/41 1348/4802/41 1345/4804/41
f 2145/4803/41 1345/4804/41 2146/4805/43
f 2146/4805/43 1345/4804/41 1320/4806/42
f 2146/4805/43 1320/4806/42 2147/4807/42
f 2147/4807/42 1320/4806/42 1322/4808/54
f 2147/4807/42 1322/4808/54 2148/4809/111
f 2148/4809/111 1322/4808/54 1346/4810/45
f 2148/4809/111 1346/4810/45 2140/4791/45
f 2140/4791/45 1346/4810/45 1355/4792/45
f 2149/4811/135 2140/4812/127 2150/4813/145
f 2150/4813/145 2140/4812/127 2141/4814/145
f 2150/4815/145 2141/4816/145 2151/4817/115
f 2151/4817/115 2141/4816/145 2142/4818/115
f 2151/4817/115 2142/4818/115 2152/4819/123
f 2152/4819/123 2142/4818/115 2143/4820/140
f 2152/4819/123 2143/4820/140 2153/4821/136
f 2153/4821/136 2143/4820/140 2144/4822/142
f 2153/4821/136 2144/4822/142 2154/4823/132
f 2154/4823/132 2144/4822/142 2155/4824/120
f 2155/4824/120 2144/4822/142 2145/4825/132
f 2155/4824/120 2145/4825/132 2156/4826/132
f 2156/4826/132 2145/4825/132 2157/4827/132
f 2157/4827/132 2145/4825/132 2146/4828/138
f 2157/4827/132 2146/4828/138 2158/4829/141
f 2158/4829/141 2146/4828/138 2159/4830/141
f 2159/4830/141 2146/4828/138 2147/4831/138
f 2159/4830/141 2147/4831/138 2160/4832/138
f 2160/4832/138 2147/4831/138 2161/4833/129
f 2161/4833/129 2147/4831/138 2148/4834/127
f 2161/4833/129 2148/4834/127 2162/4835/125
f 2162/4835/125 2148/4834/127 2149/4811/135
f 2149/4811/135 2148/4834/127 2140/4812/127
f 2151/4836/46 2163/4837/46 2150/4838/46
f 2150/4838/46 2163/4837/46 2164/4839/46
f 2150/4838/46 2164/4839/46 2165/4840/46
f 2152/4841/46 2166/4842/46 2151/4836/46
f 2151/4836/46 2166/4842/46 2167/4843/46
f 2151/4836/46 2167/4843/46 2168/4844/46
f 2153/4845/46 2169/4846/46 2152/4841/46
f 2152/4841/46 2169/4846/46 2170/4847/46
f 2152/4841/46 2170/4847/46 2171/4848/46
f 2171/4848/46 2170/4847/46 2172/4849/46
f 2171/4848/46 2172/4849/46 2173/4850/46
f 2173/4850/46 2172/4849/46 2174/4851/46
f 2174/4851/46 2172/4849/46 2175/4852/46
f 2174/4851/46 2175/4852/46 2176/4853/46
f 2176/4853/46 2175/4852/46 2177/4854/46
f 2176/4853/46 2177/4854/46 2178/4855/46
f 2178/4855/46 2177/4854/46 2179/4856/46
f 2178/4855/46 2179/4856/46 2180/4857/46
f 2180/4857/46 2179/4856/46 2181/4858/46
f 2181/4858/46 2179/4856/46 2154/4859/46
f 2181/4858/46 2154/4859/46 2182/4860/46
f 2182/4860/46 2154/4859/46 2155/4861/46
f 2182/4860/46 2155/4861/46 2183/4862/46
f 2183/4862/46 2155/4861/46 2184/4863/46
f 2184/4863/46 2155/4861/46 2156/4864/46
f 2184/4863/46 2156/4864/46 2185/4865/46
f 2185/4865/46 2156/4864/46 2186/4866/46
f 2186/4866/46 2156/4864/46 2187/4867/46
f 2186/4866/46 2187/4867/46 2188/4868/46
f 2188/4868/46 2187/4867/46 2189/4869/46
f 2189/4869/46 2187/4867/46 2190/4870/46
f 2189/4869/46 2190/4870/46 2191/4871/46
f 2191/4871/46 2190/4870/46 2192/4872/46
f 2191/4871/46 2192/4872/46 2193/4873/46
f 2193/4873/46 2192/4872/46 2194/4874/46
f 2193/4873/46 2194/4874/46 2195/4875/46
f 2195/4875/46 2194/4874/46 2196/4876/46
f 2195/4875/46 2196/4876/46 2197/4877/46
f 2197/4877/46 2196/4876/46 2198/4878/46
f 2197/4877/46 2198/4878/46 2199/4879/46
f 2199/4879/46 2198/4878/46 2200/4880/46
f 2199/4879/46 2200/4880/46 2201/4881/46
f 2201/4881/46 2200/4880/46 2202/4882/46
f 2202/4882/46 2200/4880/46 2203/4883/46
f 2202/4882/46 2203/4883/46 2204/4884/46
f 2204/4884/46 2203/4883/46 2205/4885/46
f 2205/4885/46 2203/4883/46 2160/4886/46
f 2205/4885/46 2160/4886/46 2206/4887/46
f 2206/4887/46 2160/4886/46 2161/4888/46
f 2206/4887/46 2161/4888/46 2207/4889/46
f 2207/4889/46 2161/4888/46 2208/4890/46
f 2208/4890/46 2161/4888/46 2162/4891/46
f 2208/4890/46 2162/4891/46 2209/4892/46
f 2209/4892/46 2162/4891/46 2210/4893/46
f 2210/4893/46 2162/4891/46 2211/4894/46
f 2210/4893/46 2211/4894/46 2212/4895/46
f 2154/4859/46 2213/4896/46 2153/4845/46
f 2153/4845/46 2213/4896/46 2214/4897/46
f 2153/4845/46 2214/4897/46 2169/4846/46
f 2157/4898/46 2215/4899/46 2156/4864/46
f 2156/4864/46 2215/4899/46 2216/4900/46
f 2156/4864/46 2216/4900/46 2187/4867/46
f 2158/4901/46 2217/4902/46 2157/4898/46
f 2157/4898/46 2217/4902/46 2218/4903/46
f 2157/4898/46 2218/4903/46 2215/4899/46
f 2159/4904/46 2219/4905/46 2158/4901/46
f 2158/4901/46 2219/4905/46 2220/4906/46
f 2158/4901/46 2220/4906/46 2196/4876/46
f 2160/4886/46 2221/4907/46 2159/4904/46
f 2159/4904/46 2221/4907/46 2222/4908/46
f 2159/4904/46 2222/4908/46 2219/4905/46
f 2149/4909/46 2223/4910/46 2162/4891/46
f 2162/4891/46 2223/4910/46 2224/4911/46
f 2162/4891/46 2224/4911/46 2211/4894/46
f 2150/4838/46 2165/4840/46 2149/4909/46
f 2149/4909/46 2165/4840/46 2225/4912/46
f 2149/4909/46 2225/4912/46 2226/4913/46
f 2226/4913/46 2225/4912/46 2227/4914/46
f 2227/4914/46 2225/4912/46 2228/4915/46
f 2227/4914/46 2228/4915/46 2229/4916/46
f 2229/4916/46 2228/4915/46 2230/4917/46
f 2230/4917/46 2228/4915/46 2231/4918/46
f 2230/4917/46 2231/4918/46 2232/4919/46
f 2232/4919/46 2231/4918/46 2233/4920/46
f 2232/4919/46 2233/4920/46 2234/4921/46
f 2234/4921/46 2233/4920/46 2235/4922/46
f 2234/4921/46 2235/4922/46 2236/4923/46
f 2236/4923/46 2235/4922/46 2237/4924/46
f 2236/4923/46 2237/4924/46 2238/4925/46
f 2238/4925/46 2237/4924/46 2239/4926/46
f 2238/4925/46 2239/4926/46 2240/4927/46
f 2240/4927/46 2239/4926/46 2241/4928/46
f 2240/4927/46 2241/4928/46 2242/4929/46
f 2242/4929/46 2241/4928/46 2243/4930/46
f 2243/4930/46 2241/4928/46 2244/4931/46
f 2243/4930/46 2244/4931/46 2229/4916/46
f 2229/4916/46 2244/4931/46 2245/4932/46
f 2229/4916/46 2245/4932/46 2227/4914/46
f 2163/4837/46 2151/4836/46 2246/4933/46
f 2246/4933/46 2151/4836/46 2247/4934/46
f 2246/4933/46 2247/4934/46 2237/4924/46
f 2235/4922/46 2246/4933/46 2237/4924/46
f 2237/4924/46 2248/4935/46 2239/4926/46
f 2239/4926/46 2248/4935/46 2249/4936/46
f 2239/4926/46 2249/4936/46 2250/4937/46
f 2250/4937/46 2249/4936/46 2251/4938/46
f 2250/4937/46 2251/4938/46 2252/4939/46
f 2249/4936/46 2171/4848/46 2251/4938/46
f 2251/4938/46 2171/4848/46 2173/4850/46
f 2171/4848/46 2253/4940/46 2152/4841/46
f 2152/4841/46 2253/4940/46 2166/4842/46
f 2168/4844/46 2247/4934/46 2151/4836/46
f 2179/4856/46 2254/4941/46 2154/4859/46
f 2154/4859/46 2254/4941/46 2213/4896/46
f 2255/4942/46 2256/4943/46 2180/4857/46
f 2180/4857/46 2256/4943/46 2257/4944/46
f 2180/4857/46 2257/4944/46 2178/4855/46
f 2256/4943/46 2255/4942/46 2258/4945/46
f 2258/4945/46 2255/4942/46 2259/4946/46
f 2258/4945/46 2259/4946/46 2260/4947/46
f 2260/4947/46 2259/4946/46 2188/4868/46
f 2188/4868/46 2259/4946/46 2186/4866/46
f 2196/4876/46 2194/4874/46 2158/4901/46
f 2158/4901/46 2194/4874/46 2261/4948/46
f 2158/4901/46 2261/4948/46 2217/4902/46
f 2203/4883/46 2262/4949/46 2160/4886/46
f 2160/4886/46 2262/4949/46 2221/4907/46
f 2202/4882/46 2204/4884/46 2263/4950/46
f 2263/4950/46 2204/4884/46 2264/4951/46
f 2263/4950/46 2264/4951/46 2265/4952/46
f 2265/4952/46 2264/4951/46 2266/4953/46
f 2265/4952/46 2266/4953/46 2267/4954/46
f 2267/4954/46 2266/4953/46 2210/4893/46
f 2267/4954/46 2210/4893/46 2268/4955/46
f 2268/4955/46 2210/4893/46 2212/4895/46
f 2268/4955/46 2212/4895/46 2269/4956/46
f 2269/4956/46 2212/4895/46 2270/4957/46
f 2269/4956/46 2270/4957/46 2271/4958/46
f 2271/4958/46 2270/4957/46 2244/4931/46
f 2244/4931/46 2270/4957/46 2245/4932/46
f 2226/4913/46 2272/4959/46 2149/4909/46
f 2149/4909/46 2272/4959/46 2223/4910/46
f 2199/4879/46 2273/4960/46 2271/4958/46
f 2271/4958/46 2273/4960/46 2274/4961/46
f 2271/4958/46 2274/4961/46 2269/4956/46
f 2258/4945/46 2275/4962/46 2197/4877/46
f 2197/4877/46 2275/4962/46 2276/4963/46
f 2197/4877/46 2276/4963/46 2195/4875/46
f 2250/4937/46 2277/4964/46 2256/4943/46
f 2256/4943/46 2277/4964/46 2278/4965/46
f 2256/4943/46 2278/4965/46 2257/4944/46
f 2201/4881/46 2273/4960/46 2199/4879/46
f 2252/4939/46 2277/4964/46 2250/4937/46
f 2260/4947/46 2279/4966/46 2258/4945/46
f 2258/4945/46 2279/4966/46 2275/4962/46
f 2280/4967/45 2244/4968/45 2281/4969/93
f 2281/4969/93 2244/4968/45 2241/4970/93
f 2281/4971/93 2241/4972/93 2282/4973/39
f 2282/4973/39 2241/4972/93 2239/4974/39
f 2282/4973/39 2239/4974/39 2283/4975/39
f 2283/4975/39 2239/4974/39 2250/4976/143
f 2283/4975/39 2250/4976/143 2284/4977/41
f 2284/4977/41 2250/4976/143 2256/4978/41
f 2284/4977/41 2256/4978/41 2285/4979/41
f 2285/4979/41 2256/4978/41 2258/4980/102
f 2285/4979/41 2258/4980/102 2286/4981/54
f 2286/4981/54 2258/4980/102 2197/4982/42
f 2286/4981/54 2197/4982/42 2287/4983/42
f 2287/4983/42 2197/4982/42 2199/4984/54
f 2287/4983/42 2199/4984/54 2288/4985/111
f 2288/4985/111 2199/4984/54 2271/4986/45
f 2288/4985/111 2271/4986/45 2280/4967/45
f 2280/4967/45 2271/4986/45 2244/4968/45
f 2289/4987/127 2280/4988/128 2290/4989/145
f 2290/4989/145 2280/4988/128 2281/4990/145
f 2290/4991/145 2281/4992/145 2291/4993/124
f 2291/4993/124 2281/4992/145 2282/4994/140
f 2291/4993/124 2282/4994/140 2292/4995/124
f 2292/4995/124 2282/4994/140 2283/4996/140
f 2292/4995/124 2283/4996/140 2293/4997/142
f 2293/4997/142 2283/4996/140 2284/4998/132
f 2293/4997/142 2284/4998/132 2294/4999/131
f 2294/4999/131 2284/4998/132 2285/5000/139
f 2294/4999/131 2285/5000/139 2295/5001/138
f 2295/5001/138 2285/5000/139 2286/5002/129
f 2295/5001/138 2286/5002/129 2296/5003/141
f 2296/5003/141 2286/5002/129 2287/5004/141
f 2296/5003/141 2287/5004/141 2297/5005/126
f 2297/5005/126 2287/5004/141 2288/5006/137
f 2297/5005/126 2288/5006/137 2289/4987/127
f 2289/4987/127 2288/5006/137 2280/4988/128
f 652/5007/46 2296/5008/46 636/5009/46
f 636/5009/46 2296/5008/46 2297/5010/46
f 636/5009/46 2297/5010/46 638/5011/46
f 638/5011/46 2297/5010/46 2289/5012/46
f 638/5011/46 2289/5012/46 640/5013/46
f 640/5013/46 2289/5012/46 2290/5014/46
f 640/5013/46 2290/5014/46 642/5015/46
f 642/5015/46 2290/5014/46 2291/5016/46
f 642/5015/46 2291/5016/46 644/5017/46
f 644/5017/46 2291/5016/46 2292/5018/46
f 644/5017/46 2292/5018/46 646/5019/46
f 646/5019/46 2292/5018/46 2293/5020/46
f 646/5019/46 2293/5020/46 648/5021/46
f 648/5021/46 2293/5020/46 2294/5022/46
f 648/5021/46 2294/5022/46 650/5023/46
f 650/5023/46 2294/5022/46 2295/5024/46
f 650/5023/46 2295/5024/46 652/5007/46
f 652/5007/46 2295/5024/46 2296/5008/46
f 2235/5025/137 2298/5026/144 2246/5027/144
f 2246/5027/144 2298/5026/144 2299/5028/134
f 2246/5027/144 2299/5028/134 2163/5029/141
f 2163/5029/141 2299/5028/134 2300/5030/133
f 2163/5029/141 2300/5030/133 2164/5031/141
f 2164/5031/141 2300/5030/133 2301/5032/142
f 2164/5031/141 2301/5032/142 2165/5033/132
f 2165/5033/132 2301/5032/142 2302/5034/120
f 2165/5033/132 2302/5034/120 2225/5035/131
f 2225/5036/131 2302/5037/120 2303/5038/115
f 2225/5036/131 2303/5038/115 2228/5039/136
f 2228/5039/136 2303/5038/115 2304/5040/115
f 2228/5039/136 2304/5040/115 2231/5041/136
f 2231/5041/136 2304/5040/115 2305/5042/135
f 2231/5041/136 2305/5042/135 2233/5043/128
f 2233/5043/128 2305/5042/135 2306/5044/137
f 2233/5043/128 2306/5044/137 2235/5025/137
f 2235/5025/137 2306/5044/137 2298/5026/144
f 2307/5045/42 2298/5046/52 2308/5047/52
f 2308/5047/52 2298/5046/52 2306/5048/45
f 2308/5047/52 2306/5048/45 2309/5049/45
f 2309/5049/45 2306/5048/45 2305/5050/45
f 2309/5049/45 2305/5050/45 2310/5051/80
f 2310/5051/80 2305/5050/45 2304/5052/39
f 2310/5051/80 2304/5052/39 2311/5053/39
f 2311/5053/39 2304/5052/39 2303/5054/39
f 2311/5053/39 2303/5054/39 2312/5055/39
f 2312/5056/39 2303/5057/39 2302/5058/82
f 2312/5056/39 2302/5058/82 2313/5059/41
f 2313/5059/41 2302/5058/82 2301/5060/41
f 2313/5059/41 2301/5060/41 2314/5061/82
f 2314/5061/82 2301/5060/41 2300/5062/42
f 2314/5061/82 2300/5062/42 2315/5063/42
f 2315/5063/42 2300/5062/42 2299/5064/42
f 2315/5063/42 2299/5064/42 2307/5045/42
f 2307/5045/42 2299/5064/42 2298/5046/52
f 2309/5065/46 2312/5066/46 2308/5067/46
f 2308/5067/46 2312/5066/46 2313/5068/46
f 2308/5067/46 2313/5068/46 2307/5069/46
f 2307/5069/46 2313/5068/46 2314/5070/46
f 2307/5069/46 2314/5070/46 2315/5071/46
f 2310/5072/46 2311/5073/46 2309/5065/46
f 2309/5065/46 2311/5073/46 2312/5066/46
f 2316/5074/46 2317/5075/46 2318/5076/46
f 2318/5076/46 2317/5075/46 2319/5077/46
f 2318/5076/46 2319/5077/46 2320/5078/46
f 2320/5078/46 2319/5077/46 2321/5079/46
f 2320/5078/46 2321/5079/46 2322/5080/46
f 2322/5080/46 2321/5079/46 2323/5081/46
f 2322/5080/46 2323/5081/46 2324/5082/46
f 2325/5083/46 2326/5084/46 2327/5085/46
f 2327/5085/46 2326/5084/46 2328/5086/46
f 2328/5086/46 2326/5084/46 2329/5087/46
f 2328/5086/46 2329/5087/46 2330/5088/46
f 2330/5088/46 2329/5087/46 2331/5089/46
f 2330/5088/46 2331/5089/46 2332/5090/46
f 2332/5090/46 2331/5089/46 2333/5091/46
f 2334/5092/46 2335/5093/46 2336/5094/46
f 2336/5094/46 2335/5093/46 2337/5095/46
f 2336/5094/46 2337/5095/46 2338/5096/46
f 2335/5093/46 2334/5092/46 2339/5097/46
f 2339/5097/46 2334/5092/46 2340/5098/46
f 2339/5097/46 2340/5098/46 2341/5099/46
f 2341/5099/46 2340/5098/46 2342/5100/46
f 2343/5101/46 2344/5102/46 2345/5103/46
f 2345/5103/46 2344/5102/46 2346/5104/46
f 2345/5103/46 2346/5104/46 2347/5105/46
f 2347/5105/46 2346/5104/46 2348/5106/46
f 2347/5105/46 2348/5106/46 2349/5107/46
f 2350/5108/46 2351/5109/46 2343/5101/46
f 2343/5101/46 2351/5109/46 2344/5102/46
f 2352/5110/46 2353/5111/46 2354/5112/46
f 2354/5112/46 2353/5111/46 2355/5113/46
f 2354/5112/46 2355/5113/46 2356/5114/46
f 2356/5114/46 2355/5113/46 2357/5115/46
f 2356/5114/46 2357/5115/46 2358/5116/46
f 2358/5116/46 2357/5115/46 2359/5117/46
f 2358/5116/46 2359/5117/46 2360/5118/46
f 2361/5119/46 2362/5120/46 2363/5121/46
f 2363/5121/46 2362/5120/46 2364/5122/46
f 2364/5122/46 2362/5120/46 2365/5123/46
f 2364/5122/46 2365/5123/46 2366/5124/46
f 2366/5124/46 2365/5123/46 2367/5125/46
f 2366/5124/46 2367/5125/46 2368/5126/46
f 2368/5126/46 2367/5125/46 2369/5127/46
f 2370/5128/46 2371/5129/46 2372/5130/46
f 2372/5130/46 2371/5129/46 2373/5131/46
f 2372/5130/46 2373/5131/46 2374/5132/46
f 2371/5129/46 2370/5128/46 2375/5133/46
f 2375/5133/46 2370/5128/46 2376/5134/46
f 2375/5133/46 2376/5134/46 2377/5135/46
f 2377/5135/46 2376/5134/46 2378/5136/46
f 2320/5137/41 2379/5138/41 2318/5139/183
f 2318/5139/183 2379/5138/41 2380/5140/184
f 2318/5141/183 2380/5142/184 2316/5143/41
f 2316/5143/41 2380/5142/184 2381/5144/41
f 2316/5143/41 2381/5144/41 2317/5145/42
f 2317/5145/42 2381/5144/41 2382/5146/42
f 2317/5145/42 2382/5146/42 2319/5147/57
f 2319/5147/57 2382/5146/42 2383/5148/42
f 2319/5147/57 2383/5148/42 2321/5149/45
f 2321/5149/45 2383/5148/42 2384/5150/88
f 2321/5149/45 2384/5150/88 2323/5151/45
f 2323/5151/45 2384/5150/88 2385/5152/45
f 2323/5151/45 2385/5152/45 2324/5153/39
f 2324/5153/39 2385/5152/45 2386/5154/97
f 2324/5153/39 2386/5154/97 2322/5155/59
f 2322/5155/59 2386/5154/97 2387/5156/39
f 2322/5155/59 2387/5156/39 2320/5137/41
f 2320/5137/41 2387/5156/39 2379/5138/41
f 2168/5157/131 2381/5158/131 2247/5159/120
f 2247/5159/120 2381/5158/131 2380/5160/131
f 2247/5161/120 2380/5162/131 2237/5163/131
f 2237/5163/131 2380/5162/131 2379/5164/120
f 2237/5163/131 2379/5164/120 2248/5165/115
f 2248/5165/115 2379/5164/120 2387/5166/123
f 2248/5165/115 2387/5166/123 2249/5167/140
f 2249/5167/140 2387/5166/123 2386/5168/140
f 2249/5167/140 2386/5168/140 2171/5169/126
f 2171/5169/126 2386/5168/140 2385/5170/128
f 2171/5169/126 2385/5170/128 2253/5171/128
f 2253/5171/128 2385/5170/128 2384/5172/126
f 2253/5171/128 2384/5172/126 2166/5173/129
f 2166/5173/129 2384/5172/126 2383/5174/138
f 2166/5173/129 2383/5174/138 2167/5175/130
f 2167/5175/130 2383/5174/138 2382/5176/141
f 2167/5175/130 2382/5176/141 2168/5157/131
f 2168/5157/131 2382/5176/141 2381/5158/131
f 2327/5177/41 2388/5178/41 2325/5179/86
f 2325/5179/86 2388/5178/41 2389/5180/86
f 2325/5181/86 2389/5182/86 2326/5183/42
f 2326/5183/42 2389/5182/86 2390/5184/42
f 2326/5183/42 2390/5184/42 2329/5185/43
f 2329/5185/43 2390/5184/42 2391/5186/42
f 2329/5185/43 2391/5186/42 2331/5187/45
f 2331/5187/45 2391/5186/42 2392/5188/45
f 2331/5187/45 2392/5188/45 2333/5189/80
f 2333/5189/80 2392/5188/45 2393/5190/45
f 2333/5189/80 2393/5190/45 2332/5191/39
f 2332/5191/39 2393/5190/45 2394/5192/55
f 2332/5191/39 2394/5192/55 2330/5193/39
f 2330/5193/39 2394/5192/55 2395/5194/39
f 2330/5193/39 2395/5194/39 2328/5195/41
f 2328/5195/41 2395/5194/39 2396/5196/41
f 2328/5195/41 2396/5196/41 2327/5177/41
f 2327/5177/41 2396/5196/41 2388/5178/41
f 2169/5197/141 2390/5198/138 2170/5199/147
f 2170/5199/147 2390/5198/138 2389/5200/147
f 2170/5201/147 2389/5202/147 2172/5203/121
f 2172/5203/121 2389/5202/147 2388/5204/139
f 2172/5203/121 2388/5204/139 2175/5205/131
f 2175/5205/131 2388/5204/139 2396/5206/132
f 2175/5205/131 2396/5206/132 2177/5207/123
f 2177/5207/123 2396/5206/132 2395/5208/136
f 2177/5207/123 2395/5208/136 2179/5209/140
f 2179/5209/140 2395/5208/136 2394/5210/140
f 2179/5209/140 2394/5210/140 2254/5211/128
f 2254/5211/128 2394/5210/140 2393/5212/137
f 2254/5211/128 2393/5212/137 2213/5213/137
f 2213/5213/137 2393/5212/137 2392/5214/137
f 2213/5213/137 2392/5214/137 2214/5215/134
f 2214/5215/134 2392/5214/137 2391/5216/133
f 2214/5215/134 2391/5216/133 2169/5197/141
f 2169/5197/141 2391/5216/133 2390/5198/138
f 2338/5217/42 2397/5218/42 2336/5219/185
f 2336/5219/185 2397/5218/42 2398/5220/185
f 2336/5221/185 2398/5222/185 2334/5223/57
f 2334/5223/57 2398/5222/185 2399/5224/42
f 2334/5223/57 2399/5224/42 2340/5225/45
f 2340/5225/45 2399/5224/42 2400/5226/45
f 2340/5225/45 2400/5226/45 2342/5227/80
f 2342/5227/80 2400/5226/45 2401/5228/45
f 2342/5227/80 2401/5228/45 2341/5229/39
f 2341/5229/39 2401/5228/45 2402/5230/39
f 2341/5229/39 2402/5230/39 2339/5231/39
f 2339/5231/39 2402/5230/39 2403/5232/39
f 2339/5231/39 2403/5232/39 2335/5233/41
f 2335/5233/41 2403/5232/39 2404/5234/98
f 2335/5233/41 2404/5234/98 2337/5235/41
f 2337/5235/41 2404/5234/98 2405/5236/41
f 2337/5235/41 2405/5236/41 2338/5217/42
f 2338/5217/42 2405/5236/41 2397/5218/42
f 2182/5237/130 2399/5238/138 2181/5239/130
f 2181/5239/130 2399/5238/138 2398/5240/138
f 2181/5241/130 2398/5242/138 2180/5243/138
f 2180/5243/138 2398/5242/138 2397/5244/130
f 2180/5243/138 2397/5244/130 2255/5245/121
f 2255/5245/121 2397/5244/130 2405/5246/131
f 2255/5245/121 2405/5246/131 2259/5247/142
f 2259/5247/142 2405/5246/131 2404/5248/142
f 2259/5247/142 2404/5248/142 2186/5249/115
f 2186/5249/115 2404/5248/142 2403/5250/140
f 2186/5249/115 2403/5250/140 2185/5251/140
f 2185/5251/140 2403/5250/140 2402/5252/136
f 2185/5251/140 2402/5252/136 2184/5253/128
f 2184/5253/128 2402/5252/136 2401/5254/135
f 2184/5253/128 2401/5254/135 2183/5255/137
f 2183/5255/137 2401/5254/135 2400/5256/126
f 2183/5255/137 2400/5256/126 2182/5237/130
f 2182/5237/130 2400/5256/126 2399/5238/138
f 2347/5257/42 2406/5258/42 2345/5259/52
f 2345/5259/52 2406/5258/42 2407/5260/52
f 2345/5261/52 2407/5262/52 2343/5263/45
f 2343/5263/45 2407/5262/52 2408/5264/45
f 2343/5263/45 2408/5264/45 2350/5265/45
f 2350/5265/45 2408/5264/45 2409/5266/45
f 2350/5265/45 2409/5266/45 2351/5267/39
f 2351/5267/39 2409/5266/45 2410/5268/55
f 2351/5267/39 2410/5268/55 2344/5269/39
f 2344/5269/39 2410/5268/55 2411/5270/39
f 2344/5269/39 2411/5270/39 2346/5271/41
f 2346/5271/41 2411/5270/39 2412/5272/102
f 2346/5271/41 2412/5272/102 2348/5273/41
f 2348/5273/41 2412/5272/102 2413/5274/41
f 2348/5273/41 2413/5274/41 2349/5275/42
f 2349/5275/42 2413/5274/41 2414/5276/42
f 2349/5275/42 2414/5276/42 2347/5257/42
f 2347/5257/42 2414/5276/42 2406/5258/42
f 2215/5277/127 2408/5278/137 2216/5279/144
f 2216/5279/144 2408/5278/137 2407/5280/144
f 2216/5281/144 2407/5282/144 2187/5283/141
f 2187/5283/141 2407/5282/144 2406/5284/134
f 2187/5283/141 2406/5284/134 2190/5285/138
f 2190/5285/138 2406/5284/134 2414/5286/133
f 2190/5285/138 2414/5286/133 2192/5287/120
f 2192/5287/120 2414/5286/133 2413/5288/131
f 2192/5287/120 2413/5288/131 2194/5289/120
f 2194/5289/120 2413/5288/131 2412/5290/121
f 2194/5289/120 2412/5290/121 2261/5291/140
f 2261/5291/140 2412/5290/121 2411/5292/136
f 2261/5291/140 2411/5292/136 2217/5293/124
f 2217/5293/124 2411/5292/136 2410/5294/123
f 2217/5293/124 2410/5294/123 2218/5295/127
f 2218/5295/127 2410/5294/123 2409/5296/137
f 2218/5295/127 2409/5296/137 2215/5277/127
f 2215/5277/127 2409/5296/137 2408/5278/137
f 2356/5297/45 2415/5298/80 2354/5299/45
f 2354/5299/45 2415/5298/80 2416/5300/45
f 2354/5301/45 2416/5302/45 2352/5303/88
f 2352/5303/88 2416/5302/45 2417/5304/45
f 2352/5303/88 2417/5304/45 2353/5305/39
f 2353/5305/39 2417/5304/45 2418/5306/39
f 2353/5305/39 2418/5306/39 2355/5307/97
f 2355/5307/97 2418/5306/39 2419/5308/39
f 2355/5307/97 2419/5308/39 2357/5309/41
f 2357/5309/41 2419/5308/39 2420/5310/41
f 2357/5309/41 2420/5310/41 2359/5311/98
f 2359/5311/98 2420/5310/41 2421/5312/41
f 2359/5311/98 2421/5312/41 2360/5313/42
f 2360/5313/42 2421/5312/41 2422/5314/42
f 2360/5313/42 2422/5314/42 2358/5315/42
f 2358/5315/42 2422/5314/42 2423/5316/42
f 2358/5315/42 2423/5316/42 2356/5297/45
f 2356/5297/45 2423/5316/42 2415/5298/80
f 2219/5317/137 2417/5318/125 2220/5319/137
f 2220/5319/137 2417/5318/125 2416/5320/135
f 2220/5321/137 2416/5322/135 2196/5323/137
f 2196/5323/137 2416/5322/135 2415/5324/137
f 2196/5323/137 2415/5324/137 2198/5325/134
f 2198/5325/134 2415/5324/137 2423/5326/138
f 2198/5325/134 2423/5326/138 2200/5327/129
f 2200/5327/129 2423/5326/138 2422/5328/129
f 2200/5327/129 2422/5328/129 2203/5329/139
f 2203/5329/139 2422/5328/129 2421/5330/142
f 2203/5329/139 2421/5330/142 2262/5331/142
f 2262/5331/142 2421/5330/142 2420/5332/139
f 2262/5331/142 2420/5332/139 2221/5333/140
f 2221/5333/140 2420/5332/139 2419/5334/123
f 2221/5333/140 2419/5334/123 2222/5335/116
f 2222/5335/116 2419/5334/123 2418/5336/116
f 2222/5335/116 2418/5336/116 2219/5317/137
f 2219/5317/137 2418/5336/116 2417/5318/125
f 2363/5337/45 2424/5338/45 2361/5339/93
f 2361/5339/93 2424/5338/45 2425/5340/93
f 2361/5341/93 2425/5342/93 2362/5343/39
f 2362/5343/39 2425/5342/93 2426/5344/39
f 2362/5343/39 2426/5344/39 2365/5345/39
f 2365/5345/39 2426/5344/39 2427/5346/39
f 2365/5345/39 2427/5346/39 2367/5347/41
f 2367/5347/41 2427/5346/39 2428/5348/102
f 2367/5347/41 2428/5348/102 2369/5349/41
f 2369/5349/41 2428/5348/102 2429/5350/41
f 2369/5349/41 2429/5350/41 2368/5351/42
f 2368/5351/42 2429/5350/41 2430/5352/42
f 2368/5351/42 2430/5352/42 2366/5353/42
f 2366/5353/42 2430/5352/42 2431/5354/42
f 2366/5353/42 2431/5354/42 2364/5355/45
f 2364/5355/45 2431/5354/42 2432/5356/94
f 2364/5355/45 2432/5356/94 2363/5337/45
f 2363/5337/45 2432/5356/94 2424/5338/45
f 2206/5357/116 2426/5358/116 2205/5359/145
f 2205/5359/145 2426/5358/116 2425/5360/145
f 2205/5361/145 2425/5362/145 2204/5363/127
f 2204/5363/127 2425/5362/145 2424/5364/126
f 2204/5363/127 2424/5364/126 2264/5365/125
f 2264/5365/125 2424/5364/126 2432/5366/135
f 2264/5365/125 2432/5366/135 2266/5367/130
f 2266/5367/130 2432/5366/135 2431/5368/141
f 2266/5367/130 2431/5368/141 2210/5369/130
f 2210/5369/130 2431/5368/141 2430/5370/141
f 2210/5369/130 2430/5370/141 2209/5371/142
f 2209/5371/142 2430/5370/141 2429/5372/139
f 2209/5371/142 2429/5372/139 2208/5373/142
f 2208/5373/142 2429/5372/139 2428/5374/131
f 2208/5373/142 2428/5374/131 2207/5375/115
f 2207/5375/115 2428/5374/131 2427/5376/124
f 2207/5375/115 2427/5376/124 2206/5357/116
f 2206/5357/116 2427/5376/124 2426/5358/116
f 2374/5377/39 2433/5378/39 2372/5379/186
f 2372/5379/186 2433/5378/39 2434/5380/187
f 2372/5381/186 2434/5382/187 2370/5383/39
f 2370/5383/39 2434/5382/187 2435/5384/39
f 2370/5383/39 2435/5384/39 2376/5385/41
f 2376/5385/41 2435/5384/39 2436/5386/41
f 2376/5385/41 2436/5386/41 2378/5387/41
f 2378/5387/41 2436/5386/41 2437/5388/41
f 2378/5387/41 2437/5388/41 2377/5389/42
f 2377/5389/42 2437/5388/41 2438/5390/42
f 2377/5389/42 2438/5390/42 2375/5391/42
f 2375/5391/42 2438/5390/42 2439/5392/42
f 2375/5391/42 2439/5392/42 2371/5393/45
f 2371/5393/45 2439/5392/42 2440/5394/80
f 2371/5393/45 2440/5394/80 2373/5395/45
f 2373/5395/45 2440/5394/80 2441/5396/45
f 2373/5395/45 2441/5396/45 2374/5377/39
f 2374/5377/39 2441/5396/45 2433/5378/39
f 2224/5397/116 2435/5398/123 2211/5399/116
f 2211/5399/116 2435/5398/123 2434/5400/123
f 2211/5401/116 2434/5402/123 2212/5403/123
f 2212/5403/123 2434/5402/123 2433/5404/116
f 2212/5403/123 2433/5404/116 2270/5405/127
f 2270/5405/127 2433/5404/116 2441/5406/125
f 2270/5405/127 2441/5406/125 2245/5407/128
f 2245/5407/128 2441/5406/125 2440/5408/128
f 2245/5407/128 2440/5408/128 2227/5409/138
f 2227/5409/138 2440/5408/128 2439/5410/129
f 2227/5409/138 2439/5410/129 2226/5411/129
f 2226/5411/129 2439/5410/129 2438/5412/134
f 2226/5411/129 2438/5412/134 2272/5413/132
f 2272/5413/132 2438/5412/134 2437/5414/131
f 2272/5413/132 2437/5414/131 2223/5415/121
f 2223/5415/121 2437/5414/131 2436/5416/121
f 2223/5415/121 2436/5416/121 2224/5397/116
f 2224/5397/116 2436/5416/121 2435/5398/123
f 2230/5417/41 2442/5418/40 2229/5419/40
f 2229/5419/40 2442/5418/40 2443/5420/39
f 2229/5419/40 2443/5420/39 2243/5421/39
f 2243/5421/39 2443/5420/39 2444/5422/39
f 2243/5421/39 2444/5422/39 2242/5423/39
f 2242/5423/39 2444/5422/39 2445/5424/88
f 2242/5423/39 2445/5424/88 2240/5425/45
f 2240/5425/45 2445/5424/88 2446/5426/45
f 2240/5425/45 2446/5426/45 2238/5427/80
f 2238/5428/80 2446/5429/45 2447/5430/42
f 2238/5428/80 2447/5430/42 2236/5431/42
f 2236/5431/42 2447/5430/42 2448/5432/42
f 2236/5431/42 2448/5432/42 2234/5433/42
f 2234/5433/42 2448/5432/42 2449/5434/98
f 2234/5433/42 2449/5434/98 2232/5435/41
f 2232/5435/41 2449/5434/98 2450/5436/41
f 2232/5435/41 2450/5436/41 2230/5417/41
f 2230/5417/41 2450/5436/41 2442/5418/40
f 2450/5437/46 2447/5438/46 2442/5439/46
f 2442/5439/46 2447/5438/46 2446/5440/46
f 2442/5439/46 2446/5440/46 2443/5441/46
f 2443/5441/46 2446/5440/46 2445/5442/46
f 2443/5441/46 2445/5442/46 2444/5443/46
f 2449/5444/46 2448/5445/46 2450/5437/46
f 2450/5437/46 2448/5445/46 2447/5438/46
f 2451/5446/46 2452/5447/46 2453/5448/46
f 2453/5448/46 2452/5447/46 2454/5449/46
f 2453/5448/46 2454/5449/46 2455/5450/46
f 2455/5450/46 2454/5449/46 2456/5451/46
f 2455/5450/46 2456/5451/46 2457/5452/46
f 2458/5453/46 2459/5454/46 2451/5446/46
f 2451/5446/46 2459/5454/46 2452/5447/46
f 2460/5455/46 2461/5456/46 2462/5457/46
f 2462/5457/46 2461/5456/46 2463/5458/46
f 2462/5457/46 2463/5458/46 2464/5459/46
f 2464/5459/46 2463/5458/46 2465/5460/46
f 2464/5459/46 2465/5460/46 2466/5461/46
f 2467/5462/46 2468/5463/46 2460/5455/46
f 2460/5455/46 2468/5463/46 2461/5456/46
f 2469/5464/46 2470/5465/46 2471/5466/46
f 2471/5466/46 2470/5465/46 2472/5467/46
f 2471/5466/46 2472/5467/46 2473/5468/46
f 2473/5468/46 2472/5467/46 2474/5469/46
f 2473/5468/46 2474/5469/46 2475/5470/46
f 2476/5471/46 2477/5472/46 2469/5464/46
f 2469/5464/46 2477/5472/46 2470/5465/46
f 2267/5473/41 2453/5474/40 2265/5475/40
f 2265/5475/40 2453/5474/40 2455/5476/39
f 2265/5475/40 2455/5476/39 2263/5477/39
f 2263/5477/39 2455/5476/39 2457/5478/39
f 2263/5477/39 2457/5478/39 2202/5479/97
f 2202/5479/97 2457/5478/39 2456/5480/88
f 2202/5479/97 2456/5480/88 2201/5481/45
f 2201/5481/45 2456/5480/88 2454/5482/45
f 2201/5481/45 2454/5482/45 2273/5483/44
f 2273/5484/44 2454/5485/45 2452/5486/42
f 2273/5484/44 2452/5486/42 2274/5487/42
f 2274/5487/42 2452/5486/42 2459/5488/42
f 2274/5487/42 2459/5488/42 2269/5489/54
f 2269/5489/54 2459/5488/42 2458/5490/103
f 2269/5489/54 2458/5490/103 2268/5491/41
f 2268/5491/41 2458/5490/103 2451/5492/41
f 2268/5491/41 2451/5492/41 2267/5473/41
f 2267/5473/41 2451/5492/41 2453/5474/40
f 2252/5493/41 2462/5494/40 2277/5495/40
f 2277/5495/40 2462/5494/40 2464/5496/39
f 2277/5495/40 2464/5496/39 2278/5497/39
f 2278/5497/39 2464/5496/39 2466/5498/39
f 2278/5497/39 2466/5498/39 2257/5499/97
f 2257/5499/97 2466/5498/39 2465/5500/88
f 2257/5499/97 2465/5500/88 2178/5501/45
f 2178/5501/45 2465/5500/88 2463/5502/45
f 2178/5501/45 2463/5502/45 2176/5503/44
f 2176/5504/44 2463/5505/45 2461/5506/42
f 2176/5504/44 2461/5506/42 2174/5507/42
f 2174/5507/42 2461/5506/42 2468/5508/42
f 2174/5507/42 2468/5508/42 2173/5509/87
f 2173/5509/87 2468/5508/42 2467/5510/98
f 2173/5509/87 2467/5510/98 2251/5511/41
f 2251/5511/41 2467/5510/98 2460/5512/41
f 2251/5511/41 2460/5512/41 2252/5493/41
f 2252/5493/41 2460/5512/41 2462/5494/40
f 2276/5513/41 2471/5514/40 2195/5515/40
f 2195/5515/40 2471/5514/40 2473/5516/39
f 2195/5515/40 2473/5516/39 2193/5517/39
f 2193/5517/39 2473/5516/39 2475/5518/39
f 2193/5517/39 2475/5518/39 2191/5519/39
f 2191/5519/39 2475/5518/39 2474/5520/44
f 2191/5519/39 2474/5520/44 2189/5521/45
f 2189/5521/45 2474/5520/44 2472/5522/45
f 2189/5521/45 2472/5522/45 2188/5523/45
f 2188/5524/45 2472/5525/45 2470/5526/42
f 2188/5524/45 2470/5526/42 2260/5527/42
f 2260/5527/42 2470/5526/42 2477/5528/42
f 2260/5527/42 2477/5528/42 2279/5529/42
f 2279/5529/42 2477/5528/42 2476/5530/41
f 2279/5529/42 2476/5530/41 2275/5531/41
f 2275/5531/41 2476/5530/41 2469/5532/41
f 2275/5531/41 2469/5532/41 2276/5513/41
f 2276/5513/41 2469/5532/41 2471/5514/40
o ソリッド1:1.009
v -0.013375 0.005500 0.016604
v -0.013375 0.008500 0.016604
v -0.012675 0.005500 0.016941
v -0.012675 0.008500 0.016941
v -0.011901 0.005500 0.016883
v -0.011901 0.008500 0.016883
v -0.011259 0.005500 0.016445
v -0.011259 0.008500 0.016445
v -0.010477 0.005500 0.015735
v -0.010477 0.008500 0.015735
v -0.009545 0.005500 0.015237
v -0.009545 0.008500 0.015237
v -0.008520 0.005500 0.014982
v -0.008520 0.008500 0.014982
v -0.014657 0.005500 0.013522
v -0.014657 0.008500 0.013522
v -0.014994 0.005500 0.014222
v -0.014994 0.008500 0.014222
v -0.014936 0.005500 0.014996
v -0.014936 0.008500 0.014996
v -0.014498 0.005500 0.015637
v -0.014498 0.008500 0.015637
v -0.014366 0.008500 0.013153
v -0.014109 0.008500 0.012761
v -0.012536 0.008500 0.011500
v -0.013887 0.008500 0.012348
v -0.013556 0.008500 0.011900
v -0.013084 0.008500 0.011604
v -0.008964 0.008500 0.011500
v -0.008416 0.008500 0.011604
v -0.007944 0.008500 0.011900
v -0.007613 0.008500 0.012348
v -0.007548 0.008500 0.012478
v -0.007479 0.008500 0.012607
v -0.007407 0.008500 0.012733
v -0.007213 0.008500 0.013686
v -0.007645 0.008500 0.014558
v -0.014366 0.005500 0.013153
v -0.014109 0.005500 0.012761
v -0.013887 0.005500 0.012348
v -0.012536 0.005500 0.011500
v -0.013084 0.005500 0.011604
v -0.013556 0.005500 0.011900
v -0.007613 0.005500 0.012348
v -0.007944 0.005500 0.011900
v -0.008964 0.005500 0.011500
v -0.008416 0.005500 0.011604
v -0.007548 0.005500 0.012478
v -0.007479 0.005500 0.012607
v -0.007407 0.005500 0.012733
v -0.007213 0.005500 0.013686
v -0.007645 0.005500 0.014558
v -0.003904 0.005500 0.017941
v -0.003904 0.008500 0.017941
v -0.003545 0.005500 0.018536
v -0.003545 0.008500 0.018536
v -0.002955 0.008500 0.018905
v -0.002263 0.008500 0.018969
v -0.002263 0.005500 0.018969
v -0.002955 0.005500 0.018905
v -0.003954 0.008500 0.017794
v -0.001986 0.008500 0.015346
v -0.004009 0.008500 0.017650
v -0.002709 0.008500 0.015400
v -0.004069 0.008500 0.017508
v -0.004153 0.008500 0.016539
v -0.003626 0.008500 0.015722
v -0.001150 0.008500 0.018849
v -0.001278 0.008500 0.015195
v -0.000031 0.008500 0.018807
v -0.000595 0.008500 0.014951
v 0.000982 0.008500 0.015190
v 0.000499 0.008500 0.014911
v -0.000052 0.008500 0.014828
v 0.002168 0.008500 0.016211
v 0.001088 0.008500 0.018844
v 0.002649 0.008500 0.016998
v 0.002578 0.008500 0.017917
v 0.001982 0.008500 0.018621
v -0.003954 0.005500 0.017794
v -0.004009 0.005500 0.017650
v -0.004069 0.005500 0.017508
v -0.004153 0.005500 0.016539
v -0.003626 0.005500 0.015722
v -0.002709 0.005500 0.015400
v 0.000982 0.005500 0.015190
v 0.000499 0.005500 0.014911
v -0.000595 0.005500 0.014951
v -0.000052 0.005500 0.014828
v 0.002168 0.005500 0.016211
v 0.002649 0.005500 0.016998
v 0.002578 0.005500 0.017917
v 0.001982 0.005500 0.018621
v 0.001088 0.005500 0.018844
v 0.009500 0.005500 0.005097
v 0.009500 0.008500 0.005097
v 0.009268 0.005500 0.004295
v 0.009268 0.008500 0.004295
v 0.008643 0.005500 0.003742
v 0.008643 0.008500 0.003742
v 0.007819 0.005500 0.003608
v 0.007819 0.008500 0.003608
v 0.007051 0.005500 0.003935
v 0.007051 0.008500 0.003935
v 0.003012 0.008500 0.007233
v 0.003012 0.005500 0.007233
v 0.008000 0.005500 0.014950
v 0.008000 0.008500 0.014950
v 0.008750 0.005500 0.014749
v 0.008750 0.008500 0.014749
v 0.009299 0.005500 0.014200
v 0.009299 0.008500 0.014200
v 0.009500 0.005500 0.013450
v 0.009500 0.008500 0.013450
v 0.002637 0.008500 0.009624
v 0.002502 0.008500 0.008744
v 0.007547 0.008500 0.014974
v 0.007099 0.008500 0.015045
v 0.005216 0.008500 0.014875
v 0.002938 0.008500 0.012916
v 0.006661 0.008500 0.015164
v 0.006155 0.008500 0.015238
v 0.005654 0.008500 0.015138
v 0.002591 0.008500 0.012480
v 0.002467 0.008500 0.011392
v 0.002625 0.008500 0.010515
v 0.002426 0.008500 0.011948
v 0.002475 0.008500 0.008187
v 0.002653 0.008500 0.007659
v 0.007547 0.005500 0.014974
v 0.007099 0.005500 0.015045
v 0.006661 0.005500 0.015164
v 0.005216 0.005500 0.014875
v 0.005654 0.005500 0.015138
v 0.006155 0.005500 0.015238
v 0.002467 0.005500 0.011392
v 0.002426 0.005500 0.011948
v 0.002938 0.005500 0.012916
v 0.002591 0.005500 0.012480
v 0.002625 0.005500 0.010515
v 0.002637 0.005500 0.009624
v 0.002502 0.005500 0.008744
v 0.002653 0.005500 0.007659
v 0.002475 0.005500 0.008187
v 0.001199 0.008500 0.004840
v 0.001199 0.005500 0.004840
v 0.000431 0.008500 0.005167
v 0.000431 0.005500 0.005167
v -0.000393 0.008500 0.005034
v -0.000393 0.005500 0.005034
v -0.001018 0.008500 0.004480
v -0.001018 0.005500 0.004480
v -0.001250 0.008500 0.003678
v -0.001250 0.005500 0.003678
v 0.005705 0.008500 0.001162
v 0.005705 0.005500 0.001162
v -0.001250 0.008500 -0.003678
v 0.005705 0.008500 -0.001162
v 0.006191 0.008500 -0.000437
v -0.001018 0.008500 -0.004480
v -0.000393 0.008500 -0.005034
v 0.000431 0.008500 -0.005167
v 0.001199 0.008500 -0.004840
v 0.006191 0.008500 0.000437
v -0.001250 0.005500 -0.003678
v 0.001199 0.005500 -0.004840
v 0.000431 0.005500 -0.005167
v -0.000393 0.005500 -0.005034
v -0.001018 0.005500 -0.004480
v 0.005705 0.005500 -0.001162
v 0.006191 0.005500 0.000437
v 0.006191 0.005500 -0.000437
v 0.007051 0.005500 -0.003935
v 0.007051 0.008500 -0.003935
v 0.007819 0.005500 -0.003608
v 0.007819 0.008500 -0.003608
v 0.008643 0.005500 -0.003742
v 0.008643 0.008500 -0.003742
v 0.009268 0.005500 -0.004295
v 0.009268 0.008500 -0.004295
v 0.009500 0.005500 -0.005097
v 0.009500 0.008500 -0.005097
v 0.009500 0.008500 -0.013450
v 0.009500 0.005500 -0.013450
v 0.002502 0.005500 -0.008744
v 0.002502 0.008500 -0.008744
v 0.002475 0.005500 -0.008187
v 0.002475 0.008500 -0.008187
v 0.002653 0.008500 -0.007659
v 0.003012 0.008500 -0.007233
v 0.003012 0.005500 -0.007233
v 0.002653 0.005500 -0.007659
v 0.002637 0.008500 -0.009624
v 0.002625 0.008500 -0.010515
v 0.007099 0.008500 -0.015045
v 0.007547 0.008500 -0.014974
v 0.002467 0.008500 -0.011392
v 0.002938 0.008500 -0.012916
v 0.005216 0.008500 -0.014875
v 0.006661 0.008500 -0.015164
v 0.006155 0.008500 -0.015238
v 0.005654 0.008500 -0.015138
v 0.002426 0.008500 -0.011948
v 0.002591 0.008500 -0.012480
v 0.008000 0.008500 -0.014950
v 0.008750 0.008500 -0.014749
v 0.009299 0.008500 -0.014200
v 0.002637 0.005500 -0.009624
v 0.002625 0.005500 -0.010515
v 0.002467 0.005500 -0.011392
v 0.009299 0.005500 -0.014200
v 0.008750 0.005500 -0.014749
v 0.008000 0.005500 -0.014950
v 0.007547 0.005500 -0.014974
v 0.007099 0.005500 -0.015045
v 0.006661 0.005500 -0.015164
v 0.006155 0.005500 -0.015238
v 0.005216 0.005500 -0.014875
v 0.005654 0.005500 -0.015138
v 0.002938 0.005500 -0.012916
v 0.002591 0.005500 -0.012480
v 0.002426 0.005500 -0.011948
v 0.002168 0.005500 -0.016211
v 0.002168 0.008500 -0.016211
v 0.002649 0.005500 -0.016998
v 0.002649 0.008500 -0.016998
v 0.002578 0.005500 -0.017917
v 0.002578 0.008500 -0.017917
v 0.001982 0.005500 -0.018621
v 0.001982 0.008500 -0.018621
v 0.001088 0.005500 -0.018844
v 0.001088 0.008500 -0.018844
v -0.000031 0.005500 -0.018807
v -0.000031 0.008500 -0.018807
v -0.001150 0.005500 -0.018849
v -0.001150 0.008500 -0.018849
v -0.002263 0.005500 -0.018969
v -0.002263 0.008500 -0.018969
v -0.000595 0.005500 -0.014951
v -0.000595 0.008500 -0.014951
v -0.000052 0.005500 -0.014828
v -0.000052 0.008500 -0.014828
v 0.000499 0.008500 -0.014911
v 0.000982 0.008500 -0.015190
v 0.000982 0.005500 -0.015190
v 0.000499 0.005500 -0.014911
v -0.001278 0.008500 -0.015195
v -0.001986 0.008500 -0.015346
v -0.003954 0.008500 -0.017794
v -0.003904 0.008500 -0.017941
v -0.004009 0.008500 -0.017650
v -0.002709 0.008500 -0.015400
v -0.004069 0.008500 -0.017508
v -0.004153 0.008500 -0.016539
v -0.003626 0.008500 -0.015722
v -0.003545 0.008500 -0.018536
v -0.002955 0.008500 -0.018905
v -0.001278 0.005500 -0.015195
v -0.001986 0.005500 -0.015346
v -0.002709 0.005500 -0.015400
v -0.002955 0.005500 -0.018905
v -0.003904 0.005500 -0.017941
v -0.003545 0.005500 -0.018536
v -0.003626 0.005500 -0.015722
v -0.004153 0.005500 -0.016539
v -0.004069 0.005500 -0.017508
v -0.003954 0.005500 -0.017794
v -0.004009 0.005500 -0.017650
v -0.008520 0.008500 -0.014982
v -0.008520 0.005500 -0.014982
v -0.007645 0.008500 -0.014558
v -0.007645 0.005500 -0.014558
v -0.007213 0.008500 -0.013686
v -0.007213 0.005500 -0.013686
v -0.007407 0.008500 -0.012733
v -0.007407 0.005500 -0.012733
v -0.009545 0.005500 -0.015237
v -0.009545 0.008500 -0.015237
v -0.010477 0.005500 -0.015735
v -0.010477 0.008500 -0.015735
v -0.011259 0.005500 -0.016445
v -0.011259 0.008500 -0.016445
v -0.008964 0.005500 -0.011500
v -0.008964 0.008500 -0.011500
v -0.008416 0.005500 -0.011604
v -0.008416 0.008500 -0.011604
v -0.007944 0.008500 -0.011900
v -0.007613 0.008500 -0.012348
v -0.007613 0.005500 -0.012348
v -0.007944 0.005500 -0.011900
v -0.007479 0.008500 -0.012607
v -0.007548 0.008500 -0.012478
v -0.012536 0.008500 -0.011500
v -0.014109 0.008500 -0.012761
v -0.014366 0.008500 -0.013153
v -0.013084 0.008500 -0.011604
v -0.013556 0.008500 -0.011900
v -0.013887 0.008500 -0.012348
v -0.014498 0.008500 -0.015637
v -0.014657 0.008500 -0.013522
v -0.014994 0.008500 -0.014222
v -0.014936 0.008500 -0.014996
v -0.013375 0.008500 -0.016604
v -0.011901 0.008500 -0.016883
v -0.012675 0.008500 -0.016941
v -0.012536 0.005500 -0.011500
v -0.011901 0.005500 -0.016883
v -0.012675 0.005500 -0.016941
v -0.013375 0.005500 -0.016604
v -0.014498 0.005500 -0.015637
v -0.014936 0.005500 -0.014996
v -0.014994 0.005500 -0.014222
v -0.014657 0.005500 -0.013522
v -0.014366 0.005500 -0.013153
v -0.014109 0.005500 -0.012761
v -0.013887 0.005500 -0.012348
v -0.013556 0.005500 -0.011900
v -0.013084 0.005500 -0.011604
v -0.018750 0.005500 -0.004600
v -0.018750 0.008500 -0.004600
v -0.019500 0.005500 -0.004399
v -0.019500 0.008500 -0.004399
v -0.020049 0.005500 -0.003850
v -0.020049 0.008500 -0.003850
v -0.020250 0.005500 -0.003100
v -0.020250 0.008500 -0.003100
v -0.016779 0.008500 0.004973
v -0.016779 0.008500 -0.004973
v -0.015080 0.008500 0.006039
v -0.015080 0.008500 -0.006039
v -0.006118 0.008500 0.005779
v -0.006118 0.008500 -0.005779
v -0.004250 0.008500 -0.003786
v -0.005098 0.008500 -0.005137
v -0.004650 0.008500 -0.004806
v -0.006971 0.008500 -0.006632
v -0.013887 0.008500 -0.007652
v -0.012536 0.008500 -0.008500
v -0.013084 0.008500 -0.008396
v -0.013556 0.008500 -0.008100
v -0.008964 0.008500 -0.008500
v -0.007613 0.008500 -0.007652
v -0.008416 0.008500 -0.008396
v -0.007944 0.008500 -0.008100
v -0.004354 0.008500 -0.004334
v -0.004250 0.008500 0.003786
v -0.005098 0.008500 0.005137
v -0.004650 0.008500 0.004806
v -0.004354 0.008500 0.004334
v -0.006971 0.008500 0.006632
v -0.013887 0.008500 0.007652
v -0.012536 0.008500 0.008500
v -0.013084 0.008500 0.008396
v -0.008964 0.008500 0.008500
v -0.007613 0.008500 0.007652
v -0.008416 0.008500 0.008396
v -0.007944 0.008500 0.008100
v -0.013556 0.008500 0.008100
v -0.020250 0.008500 0.003100
v -0.018750 0.008500 0.004600
v -0.019500 0.008500 0.004399
v -0.020049 0.008500 0.003850
v -0.016779 0.005500 -0.004973
v -0.015080 0.005500 -0.006039
v -0.013887 0.005500 -0.007652
v -0.012536 0.005500 -0.008500
v -0.013084 0.005500 -0.008396
v -0.013556 0.005500 -0.008100
v -0.007613 0.005500 -0.007652
v -0.007944 0.005500 -0.008100
v -0.008964 0.005500 -0.008500
v -0.008416 0.005500 -0.008396
v -0.006971 0.005500 -0.006632
v -0.006118 0.005500 -0.005779
v -0.005098 0.005500 -0.005137
v -0.004250 0.005500 -0.003786
v -0.004354 0.005500 -0.004334
v -0.004650 0.005500 -0.004806
v -0.005098 0.005500 0.005137
v -0.004650 0.005500 0.004806
v -0.004250 0.005500 0.003786
v -0.004354 0.005500 0.004334
v -0.006118 0.005500 0.005779
v -0.006971 0.005500 0.006632
v -0.007613 0.005500 0.007652
v -0.008964 0.005500 0.008500
v -0.008416 0.005500 0.008396
v -0.007944 0.005500 0.008100
v -0.013887 0.005500 0.007652
v -0.013556 0.005500 0.008100
v -0.012536 0.005500 0.008500
v -0.013084 0.005500 0.008396
v -0.015080 0.005500 0.006039
v -0.016779 0.005500 0.004973
v -0.018750 0.005500 0.004600
v -0.020250 0.005500 0.003100
v -0.020049 0.005500 0.003850
v -0.019500 0.005500 0.004399
v -0.007479 0.005500 -0.012607
v -0.007548 0.005500 -0.012478
v -0.000911 0.005500 -0.011543
v -0.000350 0.005500 -0.010000
v 0.006700 0.005500 -0.019250
v 0.002047 0.005500 -0.021970
v 0.005936 0.005500 -0.023249
v -0.002047 0.005500 -0.021970
v -0.005936 0.005500 -0.023249
v -0.006778 0.005500 -0.019695
v -0.006778 0.005500 -0.018805
v -0.007350 0.005500 -0.018124
v -0.008226 0.005500 -0.017970
v -0.003950 0.005500 -0.012078
v -0.002333 0.005500 -0.012364
v -0.016911 0.005500 -0.008457
v -0.016350 0.005500 -0.010000
v -0.018333 0.005500 -0.007636
v -0.019950 0.005500 -0.007922
v -0.023250 0.005500 -0.010000
v -0.021005 0.005500 -0.009179
v -0.023250 0.005500 0.010000
v -0.021005 0.005500 0.009179
v -0.019950 0.005500 0.007922
v -0.018333 0.005500 0.007636
v -0.016911 0.005500 0.008457
v -0.016350 0.005500 0.010000
v -0.005005 0.005500 0.010821
v -0.003950 0.005500 0.012078
v -0.002333 0.005500 0.012364
v -0.001986 0.005500 0.015346
v -0.001278 0.005500 0.015195
v -0.000911 0.005500 0.011543
v -0.005005 0.005500 0.009179
v -0.003950 0.005500 0.007922
v -0.002333 0.005500 0.007636
v -0.002333 0.005500 -0.007636
v -0.000911 0.005500 -0.008457
v -0.003950 0.005500 -0.007922
v -0.005005 0.005500 -0.009179
v -0.005005 0.005500 -0.010821
v -0.000911 0.005500 0.008457
v -0.008996 0.005500 -0.018414
v -0.009300 0.005500 -0.019250
v -0.010935 0.005500 -0.022661
v -0.021685 0.005500 -0.013411
v -0.018333 0.005500 -0.012364
v -0.016911 0.005500 -0.011543
v 0.007004 0.005500 0.020086
v 0.005936 0.005500 0.023249
v 0.006700 0.005500 0.019250
v 0.002047 0.005500 0.021970
v -0.000031 0.005500 0.018807
v -0.002047 0.005500 0.021970
v -0.001150 0.005500 0.018849
v -0.005936 0.005500 0.023249
v -0.006778 0.005500 0.019695
v -0.006778 0.005500 0.018805
v -0.007350 0.005500 0.018124
v -0.008226 0.005500 0.017970
v -0.008996 0.005500 0.018414
v -0.009300 0.005500 0.019250
v -0.010935 0.005500 0.022661
v -0.021685 0.005500 0.013411
v -0.018333 0.005500 0.012364
v -0.016911 0.005500 0.011543
v 0.007774 0.005500 0.020530
v 0.008920 0.005500 0.023655
v 0.008650 0.005500 0.020376
v 0.011492 0.005500 0.022088
v 0.009222 0.005500 0.019695
v 0.012500 0.005500 0.019250
v 0.009222 0.005500 0.018805
v 0.008650 0.005500 0.018124
v 0.007774 0.005500 0.017970
v 0.007004 0.005500 0.018414
v 0.007004 0.005500 -0.018414
v 0.007774 0.005500 -0.017970
v 0.008650 0.005500 -0.018124
v 0.009222 0.005500 -0.018805
v 0.012500 0.005500 -0.019250
v 0.009222 0.005500 -0.019695
v 0.011492 0.005500 -0.022088
v 0.008650 0.005500 -0.020376
v 0.008920 0.005500 -0.023655
v 0.007774 0.005500 -0.020530
v 0.007004 0.005500 -0.020086
v -0.007350 0.005500 -0.020376
v -0.007637 0.005500 -0.023735
v -0.008226 0.005500 -0.020530
v -0.009394 0.005500 -0.023529
v -0.008996 0.005500 -0.020086
v -0.008996 0.005500 0.020086
v -0.009394 0.005500 0.023529
v -0.008226 0.005500 0.020530
v -0.007637 0.005500 0.023735
v -0.007350 0.005500 0.020376
v -0.022530 0.005500 0.012442
v -0.021005 0.005500 0.010821
v -0.019950 0.005500 0.012078
v -0.023066 0.005500 0.011273
v -0.021005 0.005500 -0.010821
v -0.023066 0.005500 -0.011273
v -0.022530 0.005500 -0.012442
v -0.019950 0.005500 -0.012078
v -0.000350 0.005500 0.010000
v 0.005936 0.009500 -0.023249
v 0.002047 0.009500 -0.021970
v -0.005936 0.009500 -0.023249
v -0.002047 0.009500 -0.021970
v -0.005936 0.009500 0.023249
v -0.002047 0.009500 0.021970
v 0.005936 0.009500 0.023249
v 0.002047 0.009500 0.021970
v -0.000911 0.008100 -0.011543
v -0.000350 0.008100 -0.010000
v -0.000911 0.008100 -0.008457
v -0.002333 0.008100 -0.007636
v -0.003950 0.008100 -0.007922
v -0.005005 0.008100 -0.009179
v -0.005005 0.008100 -0.010821
v -0.003950 0.008100 -0.012078
v -0.002333 0.008100 -0.012364
v -0.003746 0.008100 -0.009164
v -0.004050 0.008100 -0.010000
v -0.003746 0.008100 -0.010836
v -0.002976 0.008100 -0.011280
v -0.002100 0.008100 -0.011126
v -0.001528 0.008100 -0.010445
v -0.001528 0.008100 -0.009555
v -0.002100 0.008100 -0.008874
v -0.002976 0.008100 -0.008720
v -0.016911 0.008100 0.008457
v -0.016350 0.008100 0.010000
v -0.016911 0.008100 0.011543
v -0.018333 0.008100 0.012364
v -0.019950 0.008100 0.012078
v -0.021005 0.008100 0.010821
v -0.021005 0.008100 0.009179
v -0.019950 0.008100 0.007922
v -0.018333 0.008100 0.007636
v -0.019746 0.008100 0.010836
v -0.020050 0.008100 0.010000
v -0.019746 0.008100 0.009164
v -0.018976 0.008100 0.008720
v -0.018100 0.008100 0.008874
v -0.017528 0.008100 0.009555
v -0.017528 0.008100 0.010445
v -0.018100 0.008100 0.011126
v -0.018976 0.008100 0.011280
v -0.016911 0.008100 -0.011543
v -0.016350 0.008100 -0.010000
v -0.016911 0.008100 -0.008457
v -0.018333 0.008100 -0.007636
v -0.019950 0.008100 -0.007922
v -0.021005 0.008100 -0.009179
v -0.021005 0.008100 -0.010821
v -0.019950 0.008100 -0.012078
v -0.018333 0.008100 -0.012364
v -0.019746 0.008100 -0.009164
v -0.020050 0.008100 -0.010000
v -0.019746 0.008100 -0.010836
v -0.018976 0.008100 -0.011280
v -0.018100 0.008100 -0.011126
v -0.017528 0.008100 -0.010445
v -0.017528 0.008100 -0.009555
v -0.018100 0.008100 -0.008874
v -0.018976 0.008100 -0.008720
v -0.000911 0.008100 0.008457
v -0.000350 0.008100 0.010000
v -0.000911 0.008100 0.011543
v -0.002333 0.008100 0.012364
v -0.003950 0.008100 0.012078
v -0.005005 0.008100 0.010821
v -0.005005 0.008100 0.009179
v -0.003950 0.008100 0.007922
v -0.002333 0.008100 0.007636
v -0.003746 0.008100 0.010836
v -0.004050 0.008100 0.010000
v -0.003746 0.008100 0.009164
v -0.002976 0.008100 0.008720
v -0.002100 0.008100 0.008874
v -0.001528 0.008100 0.009555
v -0.001528 0.008100 0.010445
v -0.002100 0.008100 0.011126
v -0.002976 0.008100 0.011280
v 0.007004 0.009500 0.018414
v 0.006700 0.009500 0.019250
v 0.007004 0.009500 0.020086
v 0.007774 0.009500 0.020530
v 0.008650 0.009500 0.020376
v 0.009222 0.009500 0.019695
v 0.009222 0.009500 0.018805
v 0.008650 0.009500 0.018124
v 0.007774 0.009500 0.017970
v 0.007004 0.009500 -0.020086
v 0.006700 0.009500 -0.019250
v 0.007004 0.009500 -0.018414
v 0.007774 0.009500 -0.017970
v 0.008650 0.009500 -0.018124
v 0.009222 0.009500 -0.018805
v 0.009222 0.009500 -0.019695
v 0.008650 0.009500 -0.020376
v 0.007774 0.009500 -0.020530
v -0.008996 0.009500 -0.020086
v -0.009300 0.009500 -0.019250
v -0.008996 0.009500 -0.018414
v -0.008226 0.009500 -0.017970
v -0.007350 0.009500 -0.018124
v -0.006778 0.009500 -0.018805
v -0.006778 0.009500 -0.019695
v -0.007350 0.009500 -0.020376
v -0.008226 0.009500 -0.020530
v -0.008996 0.009500 0.018414
v -0.009300 0.009500 0.019250
v -0.008996 0.009500 0.020086
v -0.008226 0.009500 0.020530
v -0.007350 0.009500 0.020376
v -0.006778 0.009500 0.019695
v -0.006778 0.009500 0.018805
v -0.007350 0.009500 0.018124
v -0.008226 0.009500 0.017970
v -0.003746 0.009500 -0.010836
v -0.004050 0.009500 -0.010000
v -0.003746 0.009500 -0.009164
v -0.002976 0.009500 -0.008720
v -0.002100 0.009500 -0.008874
v -0.001528 0.009500 -0.009555
v -0.001528 0.009500 -0.010445
v -0.002100 0.009500 -0.011126
v -0.002976 0.009500 -0.011280
v -0.019746 0.009500 -0.010836
v -0.020050 0.009500 -0.010000
v -0.019746 0.009500 -0.009164
v -0.018976 0.009500 -0.008720
v -0.018100 0.009500 -0.008874
v -0.017528 0.009500 -0.009555
v -0.017528 0.009500 -0.010445
v -0.018100 0.009500 -0.011126
v -0.018976 0.009500 -0.011280
v -0.019746 0.009500 0.009164
v -0.020050 0.009500 0.010000
v -0.019746 0.009500 0.010836
v -0.018976 0.009500 0.011280
v -0.018100 0.009500 0.011126
v -0.017528 0.009500 0.010445
v -0.017528 0.009500 0.009555
v -0.018100 0.009500 0.008874
v -0.018976 0.009500 0.008720
v -0.003746 0.009500 0.009164
v -0.004050 0.009500 0.010000
v -0.003746 0.009500 0.010836
v -0.002976 0.009500 0.011280
v -0.002100 0.009500 0.011126
v -0.001528 0.009500 0.010445
v -0.001528 0.009500 0.009555
v -0.002100 0.009500 0.008874
v -0.002976 0.009500 0.008720
v -0.007637 0.009500 0.023735
v -0.009394 0.009500 0.023529
v -0.010935 0.009500 0.022661
v -0.021685 0.009500 0.013411
v -0.022530 0.009500 0.012442
v -0.023066 0.009500 0.011273
v -0.023250 0.009500 0.010000
v -0.023250 0.009500 -0.010000
v -0.023066 0.009500 -0.011273
v -0.022530 0.009500 -0.012442
v -0.021685 0.009500 -0.013411
v -0.010935 0.009500 -0.022661
v -0.009394 0.009500 -0.023529
v -0.007637 0.009500 -0.023735
v 0.008920 0.009500 -0.023655
v 0.011492 0.009500 -0.022088
v 0.012500 0.009500 -0.019250
v 0.012500 0.009500 0.019250
v 0.011492 0.009500 0.022088
v 0.008920 0.009500 0.023655
vt 0.200000 0.117810
vt -0.100000 0.117810
vt 0.200000 0.039270
vt -0.100000 0.039270
vt 0.200000 -0.039270
vt -0.100000 -0.039270
vt 0.200000 -0.117810
vt -0.100000 -0.117810
vt 0.200000 1.045353
vt -0.100000 1.045353
vt 0.200000 0.939412
vt -0.100000 0.939412
vt 0.200000 0.833470
vt -0.100000 0.833470
vt 0.200000 0.727528
vt -0.100000 0.727528
vt 0.000000 -0.117810
vt 0.300000 -0.117810
vt -0.000000 -0.039270
vt 0.300000 -0.039270
vt 0.000000 0.039270
vt 0.300000 0.039270
vt -0.000000 0.117810
vt 0.300000 0.117810
vt -0.069531 0.225352
vt -0.216918 0.197474
vt -0.005380 0.181608
vt -0.316081 -0.147578
vt 0.072865 0.110583
vt -0.290362 -0.186819
vt -0.133066 -0.312928
vt -0.268146 -0.228145
vt -0.235019 -0.272953
vt -0.146960 0.231159
vt -0.329244 0.100821
vt -0.345109 -0.110717
vt -0.378794 -0.040759
vt -0.372987 0.036670
vt -0.187821 -0.302577
vt 0.166070 0.060785
vt 0.224195 -0.312928
vt 0.268606 0.035223
vt 0.278950 -0.302577
vt 0.326148 -0.272953
vt 0.359276 -0.228145
vt 0.365785 -0.215114
vt 0.372644 -0.202263
vt 0.379847 -0.189602
vt 0.399227 -0.094321
vt 0.356107 -0.007174
vt -0.300000 -0.383691
vt -0.000000 -0.383691
vt -0.300000 -0.336757
vt -0.000000 -0.336757
vt -0.300000 -0.289824
vt -0.000000 -0.289824
vt -0.300000 -0.242890
vt -0.000000 -0.242890
vt 0.000000 -0.084075
vt 0.300000 -0.084075
vt -0.000000 -0.028025
vt 0.300000 -0.028025
vt 0.300000 0.028025
vt 0.300000 0.084075
vt 0.000000 0.084075
vt -0.000000 0.028025
vt 0.000000 0.084075
vt -0.300000 0.084075
vt 0.000000 0.028025
vt -0.300000 0.028025
vt -0.300000 -0.028025
vt -0.300000 -0.084075
vt 0.000000 -0.084075
vt -0.000000 -0.028025
vt -0.300000 -1.453570
vt -0.000000 -1.453570
vt -0.300000 -1.439003
vt -0.000000 -1.439003
vt -0.300000 -1.424435
vt -0.000000 -1.424435
vt -0.300000 -1.409868
vt -0.000000 -1.409868
vt -0.300000 -0.471239
vt -0.000000 -0.471239
vt -0.300000 -0.372219
vt -0.000000 -0.372219
vt -0.300000 -0.273200
vt -0.000000 -0.273200
vt -0.300000 -0.174180
vt -0.000000 -0.174180
vt 0.200000 0.105282
vt -0.100000 0.105282
vt 0.200000 0.035094
vt -0.100000 0.035094
vt -0.100000 -0.035094
vt -0.100000 -0.105282
vt 0.200000 -0.105282
vt 0.200000 -0.035094
vt -0.258549 0.202349
vt -0.317494 0.165436
vt -0.189291 0.208709
vt -0.353454 0.105905
vt -0.358422 0.091279
vt -0.161667 -0.153579
vt -0.363911 0.076841
vt -0.233923 -0.148168
vt -0.369915 0.062609
vt -0.378377 -0.034253
vt -0.325664 -0.115955
vt -0.078002 0.196722
vt -0.090785 -0.168615
vt 0.033854 0.192575
vt -0.022555 -0.193006
vt 0.135136 -0.169167
vt 0.086881 -0.197035
vt 0.031782 -0.205364
vt 0.253794 -0.067067
vt 0.145725 0.196286
vt 0.301820 0.011646
vt 0.294728 0.103581
vt 0.235198 0.173996
vt -0.100000 0.133057
vt 0.200000 0.133057
vt -0.100000 0.148504
vt 0.200000 0.148504
vt -0.100000 0.163951
vt 0.200000 0.163951
vt -0.100000 0.179398
vt 0.200000 0.179398
vt -0.100000 -0.471239
vt 0.200000 -0.471239
vt -0.100000 -0.372219
vt 0.200000 -0.372219
vt -0.100000 -0.273200
vt 0.200000 -0.273200
vt -0.100000 -0.174180
vt 0.200000 -0.174180
vt -0.000000 -0.084075
vt 0.300000 -0.084075
vt 0.000000 -0.028025
vt 0.300000 -0.028025
vt 0.300000 0.028025
vt 0.300000 0.084075
vt -0.000000 0.084075
vt -0.000000 0.028025
vt 0.102621 0.000000
vt 0.259159 0.000000
vt 0.102621 0.300000
vt 0.259159 0.300000
vt 0.100000 -0.471239
vt 0.400000 -0.471239
vt 0.100000 -0.377514
vt 0.400000 -0.377514
vt 0.100000 -0.283790
vt 0.400000 -0.283790
vt 0.100000 -0.190065
vt 0.400000 -0.190065
vt 0.100000 -0.096340
vt 0.400000 -0.096340
vt -0.100000 -0.169156
vt 0.200000 -0.169156
vt -0.100000 -0.084578
vt 0.200000 -0.084578
vt -0.100000 -0.000000
vt 0.200000 -0.000000
vt -0.100000 0.084578
vt 0.200000 0.084578
vt -0.100000 0.169156
vt 0.200000 0.169156
vt 0.624057 0.300000
vt 0.102621 0.300000
vt 0.624057 0.000000
vt 0.102621 0.000000
vt -0.200000 -0.117810
vt 0.100000 -0.117810
vt -0.200000 -0.039270
vt 0.100000 -0.039270
vt -0.200000 0.039270
vt 0.100000 0.039270
vt -0.200000 0.117810
vt 0.100000 0.117810
vt -0.281819 -0.147783
vt 0.122117 -0.477527
vt 0.366973 -0.361328
vt 0.198903 -0.510235
vt 0.281283 -0.496842
vt 0.343754 -0.441495
vt 0.366973 0.473957
vt -0.319335 0.091386
vt -0.332846 0.003317
vt 0.346877 0.548957
vt 0.291973 0.603861
vt 0.216973 0.623957
vt 0.171673 0.626350
vt 0.126878 0.633502
vt -0.061457 0.616491
vt -0.289186 0.420539
vt 0.083085 0.645333
vt 0.032516 0.652740
vt -0.017604 0.642739
vt -0.323939 0.376980
vt -0.336279 0.268168
vt -0.320490 0.180478
vt -0.340394 0.323740
vt -0.335519 -0.052344
vt -0.317690 -0.105139
vt -0.100000 0.675442
vt 0.200000 0.675442
vt -0.100000 0.720827
vt 0.200000 0.720827
vt -0.100000 0.766211
vt 0.200000 0.766211
vt -0.100000 0.811595
vt 0.200000 0.811595
vt -0.200000 -0.077038
vt 0.100000 -0.077038
vt -0.200000 -0.025679
vt 0.100000 -0.025679
vt 0.100000 0.025679
vt 0.100000 0.077038
vt -0.200000 0.077038
vt -0.200000 0.025679
vt -0.000000 0.084075
vt -0.300000 0.084075
vt -0.000000 0.028025
vt -0.300000 0.028025
vt -0.300000 -0.028025
vt -0.300000 -0.084075
vt -0.000000 -0.084075
vt -0.000000 -0.028025
vt -0.300000 -0.140800
vt -0.000000 -0.140800
vt -0.300000 -0.051599
vt -0.000000 -0.051599
vt -0.300000 0.037602
vt -0.000000 0.037602
vt -0.300000 0.126803
vt -0.000000 0.126803
vt 0.000000 -0.084075
vt 0.300000 -0.084075
vt 0.000000 -0.028025
vt 0.300000 -0.028025
vt 0.300000 0.028025
vt 0.300000 0.084075
vt 0.000000 0.084075
vt 0.000000 0.028025
vt -0.300000 -0.000000
vt 0.000000 0.000000
vt -0.300000 0.084578
vt -0.000000 0.084578
vt -0.300000 0.169156
vt -0.000000 0.169156
vt -0.300000 0.253734
vt -0.000000 0.253734
vt -0.300000 0.338312
vt 0.000000 0.338312
vt 1.071621 0.300000
vt 0.489949 0.300000
vt 1.071621 0.000000
vt 0.489949 0.000000
vt 0.276556 0.116199
vt -0.174043 0.484035
vt -0.418900 0.367836
vt -0.250829 0.516744
vt -0.333210 0.503351
vt -0.395680 0.448003
vt -0.418900 -0.367836
vt 0.276556 -0.116199
vt 0.325202 -0.043667
vt -0.395680 -0.448003
vt -0.333210 -0.503351
vt -0.250829 -0.516744
vt -0.174043 -0.484035
vt 0.325202 0.043667
vt 0.113416 0.000000
vt 0.849087 0.000000
vt 0.113416 0.300000
vt 0.849087 0.300000
vt 0.000000 0.000000
vt 0.300000 -0.000000
vt -0.000000 0.084578
vt 0.300000 0.084578
vt -0.000000 0.169156
vt 0.300000 0.169156
vt 0.000000 0.253734
vt 0.300000 0.253734
vt 0.000000 0.338312
vt 0.300000 0.338312
vt -1.071621 0.000000
vt -0.489949 0.000000
vt -1.071621 0.300000
vt -0.489949 0.300000
vt -0.000000 0.132927
vt -0.300000 0.132927
vt -0.000000 0.044309
vt -0.300000 0.044309
vt -0.000000 -0.044309
vt -0.300000 -0.044309
vt 0.000000 -0.132927
vt -0.300000 -0.132927
vt -0.100000 -0.169156
vt 0.200000 -0.169156
vt -0.100000 -0.084578
vt 0.200000 -0.084578
vt -0.100000 -0.000000
vt 0.200000 -0.000000
vt -0.100000 0.084578
vt 0.200000 0.084578
vt -0.100000 0.169156
vt 0.200000 0.169156
vt -2.434715 0.100000
vt -3.270000 0.100000
vt -2.434715 -0.200000
vt -3.270000 -0.200000
vt -0.000000 0.084075
vt -0.300000 0.084075
vt -0.000000 0.028025
vt -0.300000 0.028025
vt -0.300000 -0.028025
vt -0.300000 -0.084075
vt -0.000000 -0.084075
vt -0.000000 -0.028025
vt 0.343754 0.441495
vt 0.281283 0.496842
vt 0.366973 0.361328
vt 0.198903 0.510235
vt 0.122117 0.477527
vt 0.366973 -0.473957
vt -0.281819 0.147783
vt -0.319335 -0.091386
vt -0.332846 -0.003317
vt -0.317690 0.105139
vt -0.335519 0.052344
vt -0.320490 -0.180478
vt 0.126878 -0.633502
vt 0.171673 -0.626350
vt -0.336279 -0.268168
vt -0.289186 -0.420539
vt -0.061457 -0.616491
vt 0.083085 -0.645333
vt 0.032516 -0.652740
vt -0.017604 -0.642739
vt -0.340394 -0.323740
vt -0.323939 -0.376980
vt 0.216973 -0.623957
vt 0.291973 -0.603861
vt 0.346877 -0.548957
vt -0.300000 -0.126803
vt -0.000000 -0.126803
vt -0.300000 -0.037602
vt -0.000000 -0.037602
vt -0.300000 0.051599
vt -0.000000 0.051599
vt -0.300000 0.140800
vt -0.000000 0.140800
vt 0.200000 0.117810
vt -0.100000 0.117810
vt 0.200000 0.039270
vt -0.100000 0.039270
vt 0.200000 -0.039270
vt -0.100000 -0.039270
vt 0.200000 -0.117810
vt -0.100000 -0.117810
vt 0.200000 -0.675442
vt -0.100000 -0.675442
vt 0.200000 -0.720827
vt -0.100000 -0.720827
vt 0.200000 -0.766211
vt -0.100000 -0.766211
vt 0.200000 -0.811595
vt -0.100000 -0.811595
vt -0.200000 -0.077038
vt 0.100000 -0.077038
vt -0.200000 -0.025679
vt 0.100000 -0.025679
vt 0.100000 0.025679
vt 0.100000 0.077038
vt -0.200000 0.077038
vt -0.200000 0.025679
vt -0.093398 0.300000
vt -0.393827 0.300000
vt -0.093398 0.000000
vt -0.393827 0.000000
vt 0.000000 -0.084075
vt 0.300000 -0.084075
vt -0.000000 -0.028025
vt 0.300000 -0.028025
vt 0.300000 0.028025
vt 0.300000 0.084075
vt 0.000000 0.084075
vt -0.000000 0.028025
vt -0.400000 -0.471239
vt -0.100000 -0.471239
vt -0.400000 -0.377514
vt -0.100000 -0.377514
vt -0.400000 -0.283790
vt -0.100000 -0.283790
vt -0.400000 -0.190065
vt -0.100000 -0.190065
vt -0.400000 -0.096340
vt -0.100000 -0.096340
vt -0.400000 -0.868462
vt -0.100000 -0.868462
vt -0.400000 -0.756507
vt -0.100000 -0.756507
vt -0.400000 -0.644551
vt -0.100000 -0.644551
vt -0.400000 -0.532596
vt -0.100000 -0.532596
vt -0.000000 0.084075
vt -0.300000 0.084075
vt -0.000000 0.028025
vt -0.300000 0.028025
vt -0.300000 -0.028025
vt -0.300000 -0.084075
vt -0.000000 -0.084075
vt 0.000000 -0.028025
vt 0.235198 -0.173996
vt 0.294728 -0.103581
vt 0.145725 -0.196286
vt 0.301820 -0.011646
vt 0.253794 0.067067
vt 0.033854 -0.192575
vt 0.135136 0.169167
vt -0.022555 0.193006
vt 0.086881 0.197035
vt 0.031782 0.205364
vt -0.090785 0.168615
vt -0.078002 -0.196722
vt -0.161667 0.153579
vt -0.189291 -0.208709
vt -0.358422 -0.091279
vt -0.353454 -0.105905
vt -0.363911 -0.076841
vt -0.233923 0.148168
vt -0.369915 -0.062609
vt -0.378377 0.034253
vt -0.325664 0.115955
vt -0.317494 -0.165436
vt -0.258549 -0.202349
vt -0.300000 0.626581
vt -0.000000 0.626581
vt -0.300000 0.699094
vt -0.000000 0.699094
vt -0.300000 0.771608
vt -0.000000 0.771608
vt -0.300000 0.844121
vt -0.000000 0.844121
vt -0.200000 -0.105282
vt 0.100000 -0.105282
vt -0.200000 -0.035094
vt 0.100000 -0.035094
vt 0.100000 0.035094
vt 0.100000 0.105282
vt -0.200000 0.105282
vt -0.200000 0.035094
vt -0.300000 -0.471239
vt -0.000000 -0.471239
vt -0.300000 -0.372219
vt -0.000000 -0.372219
vt -0.300000 -0.273200
vt -0.000000 -0.273200
vt -0.300000 -0.174180
vt -0.000000 -0.174180
vt 0.200000 -0.133057
vt -0.100000 -0.133057
vt 0.200000 -0.148504
vt -0.100000 -0.148504
vt 0.200000 -0.163951
vt -0.100000 -0.163951
vt 0.200000 -0.179398
vt -0.100000 -0.179398
vt -0.100000 -0.471239
vt 0.200000 -0.471239
vt -0.100000 -0.372219
vt 0.200000 -0.372219
vt -0.100000 -0.273200
vt 0.200000 -0.273200
vt -0.100000 -0.174180
vt 0.200000 -0.174180
vt 0.200000 -0.727528
vt -0.100000 -0.727528
vt 0.200000 -0.833470
vt -0.100000 -0.833470
vt 0.200000 -0.939412
vt -0.100000 -0.939412
vt 0.200000 -1.045353
vt -0.100000 -1.045353
vt 0.000000 -0.084075
vt 0.300000 -0.084075
vt -0.000000 -0.028025
vt 0.300000 -0.028025
vt 0.300000 0.028025
vt 0.300000 0.084075
vt -0.000000 0.084075
vt 0.000000 0.028025
vt 0.356107 0.007174
vt 0.399227 0.094321
vt 0.268606 -0.035223
vt 0.379847 0.189602
vt 0.372644 0.202263
vt 0.365785 0.215114
vt 0.224195 0.312928
vt 0.166070 -0.060785
vt -0.133066 0.312928
vt 0.072865 -0.110583
vt -0.290362 0.186819
vt -0.316081 0.147578
vt 0.359276 0.228145
vt 0.326148 0.272953
vt 0.278950 0.302577
vt -0.187821 0.302577
vt -0.235019 0.272953
vt -0.268146 0.228145
vt -0.329244 -0.100821
vt -0.345109 0.110717
vt -0.378794 0.040759
vt -0.372987 -0.036670
vt -0.005380 -0.181608
vt -0.216918 -0.197474
vt -0.069531 -0.225352
vt -0.146960 -0.231159
vt -0.459882 0.000000
vt -0.102621 0.000000
vt -0.459882 0.300000
vt -0.102621 0.300000
vt -0.200000 -0.117810
vt 0.100000 -0.117810
vt -0.200000 -0.039270
vt 0.100000 -0.039270
vt -0.200000 0.039270
vt 0.100000 0.039270
vt -0.200000 0.117810
vt 0.100000 0.117810
vt -0.580000 0.100000
vt -0.728185 0.100000
vt -0.580000 -0.200000
vt -0.728185 -0.200000
vt -0.000000 0.117810
vt -0.300000 0.117810
vt -0.000000 0.039270
vt -0.300000 0.039270
vt -0.000000 -0.039270
vt -0.300000 -0.039270
vt -0.000000 -0.117810
vt -0.300000 -0.117810
vt -0.000000 0.383691
vt -0.300000 0.383691
vt -0.000000 0.336757
vt -0.300000 0.336757
vt -0.000000 0.289824
vt -0.300000 0.289824
vt -0.000000 0.242890
vt -0.300000 0.242890
vt -0.000000 0.084075
vt -0.300000 0.084075
vt -0.000000 0.028025
vt -0.300000 0.028025
vt -0.300000 -0.028025
vt -0.300000 -0.084075
vt -0.000000 -0.084075
vt -0.000000 -0.028025
vt 0.000000 -0.117810
vt 0.300000 -0.117810
vt 0.000000 -0.039270
vt 0.300000 -0.039270
vt -0.000000 0.039270
vt 0.300000 0.039270
vt 0.000000 0.117810
vt 0.300000 0.117810
vt -0.779904 -0.385000
vt -0.725000 -0.439904
vt -0.800000 -0.310000
vt -0.650000 -0.460000
vt -0.452883 0.497263
vt -0.452883 -0.497263
vt -0.282970 0.603908
vt -0.282970 -0.603908
vt 0.613175 0.577923
vt 0.613175 -0.577923
vt 0.800000 -0.378631
vt 0.715217 -0.513711
vt 0.760026 -0.480583
vt 0.527923 -0.663175
vt -0.163711 -0.765217
vt -0.028631 -0.850000
vt -0.083385 -0.839649
vt -0.130583 -0.810026
vt 0.328631 -0.850000
vt 0.463711 -0.765217
vt 0.383385 -0.839649
vt 0.430583 -0.810026
vt 0.789649 -0.433385
vt 0.800000 0.378631
vt 0.715217 0.513711
vt 0.760026 0.480583
vt 0.789649 0.433385
vt 0.527923 0.663175
vt -0.163711 0.765217
vt -0.028631 0.850000
vt -0.083385 0.839649
vt 0.328631 0.850000
vt 0.463711 0.765217
vt 0.383385 0.839649
vt 0.430583 0.810026
vt -0.130583 0.810026
vt -0.800000 0.310000
vt -0.650000 0.460000
vt -0.725000 0.439904
vt -0.779904 0.385000
vt -0.300000 -0.848230
vt -0.000000 -0.848230
vt -0.300000 -0.646450
vt -0.000000 -0.646450
vt -0.000000 -0.444670
vt -0.000000 -0.242890
vt -0.300000 -0.242890
vt -0.300000 -0.444670
vt 0.000000 -0.084075
vt 0.300000 -0.084075
vt 0.000000 -0.028025
vt 0.300000 -0.028025
vt 0.300000 0.028025
vt 0.300000 0.084075
vt 0.000000 0.084075
vt -0.000000 0.028025
vt 0.000000 0.084075
vt -0.300000 0.084075
vt -0.000000 0.028025
vt -0.300000 0.028025
vt -0.300000 -0.028025
vt -0.300000 -0.084075
vt 0.000000 -0.084075
vt 0.000000 -0.028025
vt -0.300000 -1.453570
vt -0.000000 -1.453570
vt -0.300000 -1.332753
vt -0.000000 -1.332753
vt -0.300000 -1.211937
vt -0.000000 -1.211937
vt -0.300000 -1.091120
vt -0.000000 -1.091120
vt 0.000000 -0.084075
vt 0.300000 -0.084075
vt 0.000000 -0.028025
vt 0.300000 -0.028025
vt 0.300000 0.028025
vt 0.300000 0.084075
vt 0.000000 0.084075
vt 0.000000 0.028025
vt 0.000000 0.084075
vt -0.300000 0.084075
vt 0.000000 0.028025
vt -0.300000 0.028025
vt -0.300000 -0.028025
vt -0.300000 -0.084075
vt -0.000000 -0.084075
vt 0.000000 -0.028025
vt -0.300000 1.091120
vt -0.000000 1.091120
vt -0.300000 1.211937
vt -0.000000 1.211937
vt -0.300000 1.332753
vt -0.000000 1.332753
vt -0.300000 1.453570
vt -0.000000 1.453570
vt 0.000000 -0.084075
vt 0.300000 -0.084075
vt 0.000000 -0.028025
vt 0.300000 -0.028025
vt 0.300000 0.028025
vt 0.300000 0.084075
vt -0.000000 0.084075
vt -0.000000 0.028025
vt -0.000000 0.084075
vt -0.300000 0.084075
vt -0.000000 0.028025
vt -0.300000 0.028025
vt -0.300000 -0.028025
vt -0.300000 -0.084075
vt -0.000000 -0.084075
vt -0.000000 -0.028025
vt -0.300000 0.242890
vt -0.000000 0.242890
vt -0.300000 0.444670
vt -0.000000 0.444670
vt -0.000000 0.646450
vt -0.000000 0.848230
vt -0.300000 0.848230
vt -0.300000 0.646450
vt -0.000000 0.117810
vt -0.300000 0.117810
vt -0.000000 0.039270
vt -0.300000 0.039270
vt -0.000000 -0.039270
vt -0.300000 -0.039270
vt -0.000000 -0.117810
vt -0.300000 -0.117810
vt -0.259159 0.000000
vt -0.102621 0.000000
vt -0.259159 0.300000
vt -0.102621 0.300000
vt -0.459882 0.000000
vt -0.102621 0.000000
vt -0.459882 0.300000
vt -0.102621 0.300000
vt -0.624057 0.000000
vt -0.102621 0.000000
vt -0.624057 0.300000
vt -0.102621 0.300000
vt -0.300000 1.409868
vt -0.000000 1.409868
vt -0.300000 1.424435
vt -0.000000 1.424435
vt -0.300000 1.439003
vt -0.000000 1.439003
vt -0.300000 1.453570
vt -0.000000 1.453570
vt 0.802352 -1.699798
vt 1.059070 -1.487534
vt 0.754326 -1.621085
vt 0.831341 -1.291582
vt 0.635669 -1.518985
vt 0.796588 -1.248022
vt 0.587413 -1.491117
vt 0.780133 -1.194783
vt 0.446351 -1.154269
vt 0.502500 -1.000000
vt 0.784248 -1.139210
vt 0.800037 -1.051521
vt 1.102923 -1.513782
vt 0.795260 -1.791733
vt 1.207500 -1.925000
vt 0.742197 -2.197013
vt 1.131111 -2.324879
vt 0.735730 -1.862148
vt 0.646257 -1.884438
vt 0.534386 -1.880727
vt 0.332803 -2.197013
vt 0.422530 -1.884875
vt 0.311241 -1.896861
vt 0.241983 -1.890501
vt -0.056111 -2.324879
vt 0.183038 -1.853588
vt -0.140340 -1.969463
vt 0.147078 -1.794057
vt -0.140340 -1.880537
vt 0.142110 -1.779431
vt 0.136621 -1.764993
vt 0.130617 -1.750761
vt 0.122155 -1.653899
vt -0.197500 -1.812417
vt -0.226957 -1.455754
vt -0.285074 -1.796975
vt -0.314459 -1.498151
vt -0.416994 -1.523713
vt -0.183838 -1.368606
vt 0.174869 -1.572197
vt 0.142500 -1.207846
vt 0.266609 -1.539984
vt 0.304176 -1.236354
vt 0.338866 -1.534573
vt 0.409747 -1.519537
vt 0.477977 -1.495146
vt 0.532314 -1.482788
vt -0.970470 -0.603908
vt -1.153649 -0.845731
vt -0.851211 -0.765217
vt -1.097500 -1.000000
vt -0.818083 -0.810026
vt -0.818083 -1.189974
vt -0.770885 -1.160351
vt -1.140383 -0.497263
vt -1.295824 -0.763646
vt -1.337500 -0.460000
vt -1.457500 -0.792154
vt -1.412500 -0.439904
vt -1.467404 -0.385000
vt -1.487500 -0.310000
vt -1.787500 -1.000000
vt -1.563026 -0.917915
vt -1.487500 0.310000
vt -1.787500 1.000000
vt -1.467404 0.385000
vt -1.563026 0.917915
vt -1.457500 0.792154
vt -1.412500 0.439904
vt -1.337500 0.460000
vt -1.295824 0.763646
vt -1.140383 0.497263
vt -1.153649 0.845731
vt -0.970470 0.603908
vt -0.851211 0.765217
vt -1.097500 1.000000
vt -0.818083 0.810026
vt -0.818083 1.189974
vt -0.770885 0.839649
vt -0.770885 1.160351
vt -0.716131 0.850000
vt -0.716131 1.150000
vt -0.358869 0.850000
vt -0.358869 1.150000
vt -0.304115 0.839649
vt -0.304115 1.160351
vt -0.256917 0.810026
vt -0.256917 1.189974
vt 0.036974 1.082085
vt -0.223789 1.234783
vt -0.217279 1.247814
vt -0.210421 1.260665
vt -0.203218 1.273326
vt -0.183838 1.368606
vt 0.142500 1.207846
vt 0.174869 1.572197
vt 0.266609 1.539984
vt 0.304176 1.236354
vt 0.338866 1.534573
vt 0.409747 1.519537
vt 0.477977 1.495146
vt 0.446351 1.154269
vt 0.532314 1.482788
vt 0.587413 1.491117
vt 0.780133 1.194783
vt 0.796588 1.248022
vt 0.036974 0.917915
vt -0.223789 0.765217
vt -0.159577 0.663175
vt -0.074325 0.577923
vt 0.142500 0.792154
vt 0.027717 0.513711
vt 0.072526 0.480583
vt 0.304176 0.763646
vt 0.102149 0.433385
vt 0.435720 0.448003
vt 0.412500 0.367836
vt 0.112500 0.378631
vt 0.112500 -0.378631
vt 0.412500 -0.367836
vt 0.102149 -0.433385
vt 0.435720 -0.448003
vt 0.304176 -0.763646
vt 0.498190 -0.503351
vt 0.446351 -0.845731
vt 0.580571 -0.516744
vt 0.785007 -0.818699
vt 0.802836 -0.765904
vt 0.072526 -0.480583
vt 0.142500 -0.792154
vt 0.027717 -0.513711
vt -0.074325 -0.577923
vt 0.036974 -0.917915
vt -0.159577 -0.663175
vt -0.223789 -0.765217
vt -0.256917 -0.810026
vt -0.256917 -1.189974
vt 0.036974 -1.082085
vt -0.223789 -1.234783
vt -0.217279 -1.247814
vt -0.304115 -0.839649
vt -0.304115 -1.160351
vt -0.358869 -0.850000
vt -0.358869 -1.150000
vt -0.716131 -0.850000
vt -0.716131 -1.150000
vt -0.770885 -0.839649
vt 0.657356 -0.484035
vt 0.838707 -0.723260
vt 1.107956 -0.116199
vt 1.242644 -0.393516
vt 1.319429 -0.360808
vt 0.498190 0.503351
vt 0.446351 0.845731
vt 0.580571 0.516744
vt 0.785007 0.818699
vt 0.802836 0.765904
vt 0.657356 0.484035
vt 0.838707 0.723260
vt 1.107956 0.116199
vt 1.242644 0.393516
vt 1.319429 0.360808
vt 1.156602 0.043667
vt 1.401810 0.374200
vt 1.156602 -0.043667
vt 1.401810 -0.374200
vt -0.210421 -1.260665
vt -0.203218 -1.273326
vt -0.362086 -1.841438
vt -0.510199 -1.573510
vt -0.588445 -1.644536
vt -0.392500 -1.925000
vt -0.652596 -1.688279
vt -0.556009 -2.266105
vt -0.730024 -1.694086
vt -0.799983 -1.660401
vt -0.912309 -1.563749
vt -1.631009 -1.341105
vt -0.956052 -1.499597
vt -1.295824 -1.236354
vt -0.961859 -1.422169
vt -1.153649 -1.154269
vt -0.928174 -1.352211
vt -0.899146 -1.315350
vt -0.873427 -1.276108
vt -0.851211 -1.234783
vt 1.237914 2.008562
vt 1.131111 2.324879
vt 1.207500 1.925000
vt 0.742197 2.197013
vt 0.795260 1.791733
vt 0.735730 1.862148
vt 0.646257 1.884438
vt 0.534386 1.880727
vt 0.332803 2.197013
vt 0.422530 1.884875
vt 0.311241 1.896861
vt 0.241983 1.890501
vt -0.056111 2.324879
vt 0.183038 1.853588
vt -0.140340 1.969463
vt 0.147078 1.794057
vt -0.140340 1.880537
vt 0.142110 1.779431
vt 0.136621 1.764993
vt 0.130617 1.750761
vt 0.122155 1.653899
vt -0.197500 1.812417
vt -0.226957 1.455754
vt -0.285074 1.796975
vt -0.314459 1.498151
vt -0.416994 1.523713
vt -0.362086 1.841438
vt -0.510199 1.573510
vt -0.588445 1.644536
vt -0.392500 1.925000
vt -0.652596 1.688279
vt -0.556009 2.266105
vt -0.730024 1.694086
vt -0.799983 1.660401
vt -0.912309 1.563749
vt -1.631009 1.341105
vt -0.956052 1.499597
vt -1.295824 1.236354
vt -0.961859 1.422169
vt -1.153649 1.154269
vt -0.928174 1.352211
vt -0.899146 1.315350
vt -0.873427 1.276108
vt -0.851211 1.234783
vt 1.314926 2.053025
vt 1.429525 2.365490
vt 1.402500 2.037583
vt 1.686722 2.208803
vt 1.459660 1.969463
vt 1.787500 1.925000
vt 1.459660 1.880537
vt 1.467404 1.420000
vt 1.412500 1.474904
vt 1.402500 1.812417
vt 1.337500 1.495000
vt 1.314926 1.796975
vt 1.292200 1.497393
vt 1.247404 1.504545
vt 1.203611 1.516376
vt 1.237914 1.841438
vt 1.153043 1.523783
vt 1.102923 1.513782
vt 1.237914 -1.841438
vt 1.153043 -1.523783
vt 1.203611 -1.516376
vt 1.314926 -1.796975
vt 1.247404 -1.504545
vt 1.292200 -1.497393
vt 1.337500 -1.495000
vt 1.402500 -1.812417
vt 1.412500 -1.474904
vt 1.459660 -1.880537
vt 1.467404 -1.420000
vt 1.787500 -1.925000
vt 1.487500 -1.345000
vt 1.487500 -0.509715
vt 1.487500 0.509715
vt 1.464280 0.429548
vt 1.459660 -1.969463
vt 1.686722 -2.208803
vt 1.402500 -2.037583
vt 1.429525 -2.365490
vt 1.314926 -2.053025
vt 1.237914 -2.008562
vt -0.197500 -2.037583
vt -0.226180 -2.373532
vt -0.285074 -2.053025
vt -0.401862 -2.352877
vt -0.362086 -2.008562
vt -0.362086 2.008562
vt -0.401862 2.352877
vt -0.285074 2.053025
vt -0.226180 2.373532
vt -0.197500 2.037583
vt 1.487500 1.345000
vt -1.715502 1.244161
vt -1.563026 1.082085
vt -1.457500 1.207846
vt -1.769125 1.127278
vt -1.563026 -1.082085
vt -1.769125 -1.127278
vt -1.715502 -1.244161
vt -1.457500 -1.207846
vt 0.502500 1.000000
vt 0.787680 0.874359
vt 0.801191 0.962429
vt 0.784248 1.139210
vt 0.800037 1.051521
vt 0.802352 1.699798
vt 1.059070 1.487534
vt 0.754326 1.621085
vt 0.831341 1.291582
vt 0.635669 1.518985
vt 1.464280 -0.429548
vt 0.787680 -0.874359
vt 0.801191 -0.962429
vt 0.093398 0.000000
vt 0.393827 0.000000
vt 0.093398 0.300000
vt 0.393827 0.300000
vt 0.102621 0.000000
vt 0.459882 0.000000
vt 0.102621 0.300000
vt 0.459882 0.300000
vt 0.102621 0.000000
vt 0.459882 0.000000
vt 0.102621 0.300000
vt 0.459882 0.300000
vt -0.378631 0.000000
vt 0.378631 0.000000
vt -0.378631 0.300000
vt 0.378631 0.300000
vt -0.838185 -0.200000
vt -0.690000 -0.200000
vt -0.838185 0.100000
vt -0.690000 0.100000
vt -1.415285 -0.200000
vt -0.580000 -0.200000
vt -1.415285 0.100000
vt -0.580000 0.100000
vt -0.690000 0.100000
vt -1.310000 0.100000
vt -0.690000 -0.200000
vt -1.310000 -0.200000
vt -0.400000 -0.986646
vt -0.100000 -0.986646
vt -0.400000 -0.874690
vt -0.100000 -0.874690
vt -0.400000 -0.762735
vt -0.100000 -0.762735
vt -0.400000 -0.650779
vt -0.100000 -0.650779
vt -0.300000 -0.844121
vt -0.000000 -0.844121
vt -0.300000 -0.771608
vt -0.000000 -0.771608
vt -0.300000 -0.699094
vt -0.000000 -0.699094
vt -0.300000 -0.626581
vt -0.000000 -0.626581
vt 0.000000 -1.233361
vt 0.400000 -1.233361
vt 0.000000 -0.822241
vt 0.400000 -0.822241
vt 0.400000 -0.411120
vt 0.400000 0.000000
vt 0.000000 0.000000
vt 0.000000 -0.411120
vt 0.000000 -1.233361
vt 0.400000 -1.233361
vt 0.000000 -0.822241
vt 0.400000 -0.822241
vt 0.400000 -0.411120
vt 0.400000 0.000000
vt -0.000000 0.000000
vt -0.000000 -0.411120
vt 0.260000 0.167552
vt 0.000000 0.000000
vt 0.260000 0.000000
vt 0.000000 -0.167552
vt 0.260000 -0.167552
vt 0.000000 -0.335103
vt 0.260000 -0.335103
vt 0.000000 -0.502655
vt 0.260000 -0.502655
vt 0.000000 -0.670206
vt 0.260000 -0.670206
vt 0.260000 0.837758
vt 0.000000 0.837758
vt 0.000000 0.670206
vt 0.260000 0.670206
vt 0.000000 0.502655
vt 0.260000 0.502655
vt 0.000000 0.335103
vt 0.260000 0.335103
vt 0.000000 0.167552
vt -0.099586 0.083562
vt -0.225526 0.082085
vt -0.130000 0.000000
vt -0.225526 -0.082085
vt -0.099586 -0.083562
vt -0.120000 -0.207846
vt -0.022574 -0.128025
vt 0.041676 -0.236354
vt 0.065000 -0.112583
vt 0.183851 -0.154269
vt 0.122160 -0.044463
vt 0.240000 0.000000
vt 0.122160 0.044463
vt 0.183851 0.154269
vt 0.065000 0.112583
vt 0.041676 0.236354
vt -0.022574 0.128025
vt -0.120000 0.207846
vt 0.260000 0.167552
vt 0.000000 0.000000
vt 0.260000 0.000000
vt 0.000000 -0.167552
vt 0.260000 -0.167552
vt 0.000000 -0.335103
vt 0.260000 -0.335103
vt 0.000000 -0.502655
vt 0.260000 -0.502655
vt 0.000000 -0.670206
vt 0.260000 -0.670206
vt 0.260000 0.837758
vt 0.000000 0.837758
vt 0.000000 0.670206
vt 0.260000 0.670206
vt 0.000000 0.502655
vt 0.260000 0.502655
vt 0.000000 0.335103
vt 0.260000 0.335103
vt 0.000000 0.167552
vt -0.099586 0.083562
vt -0.225526 0.082085
vt -0.130000 0.000000
vt -0.225526 -0.082085
vt -0.099586 -0.083562
vt -0.120000 -0.207846
vt -0.022574 -0.128025
vt 0.041676 -0.236354
vt 0.065000 -0.112583
vt 0.183851 -0.154269
vt 0.122160 -0.044463
vt 0.240000 0.000000
vt 0.122160 0.044463
vt 0.183851 0.154269
vt 0.065000 0.112583
vt 0.041676 0.236354
vt -0.022574 0.128025
vt -0.120000 0.207846
vt 0.260000 0.167552
vt 0.000000 0.000000
vt 0.260000 0.000000
vt 0.000000 -0.167552
vt 0.260000 -0.167552
vt 0.000000 -0.335103
vt 0.260000 -0.335103
vt 0.000000 -0.502655
vt 0.260000 -0.502655
vt 0.000000 -0.670206
vt 0.260000 -0.670206
vt 0.260000 0.837758
vt 0.000000 0.837758
vt 0.000000 0.670206
vt 0.260000 0.670206
vt 0.000000 0.502655
vt 0.260000 0.502655
vt 0.000000 0.335103
vt 0.260000 0.335103
vt 0.000000 0.167552
vt -0.099586 0.083562
vt -0.225526 0.082085
vt -0.130000 0.000000
vt -0.225526 -0.082085
vt -0.099586 -0.083562
vt -0.120000 -0.207846
vt -0.022574 -0.128025
vt 0.041676 -0.236354
vt 0.065000 -0.112583
vt 0.183851 -0.154269
vt 0.122160 -0.044463
vt 0.240000 0.000000
vt 0.122160 0.044463
vt 0.183851 0.154269
vt 0.065000 0.112583
vt 0.041676 0.236354
vt -0.022574 0.128025
vt -0.120000 0.207846
vt 0.260000 0.167552
vt 0.000000 0.000000
vt 0.260000 0.000000
vt 0.000000 -0.167552
vt 0.260000 -0.167552
vt 0.000000 -0.335103
vt 0.260000 -0.335103
vt 0.000000 -0.502655
vt 0.260000 -0.502655
vt 0.000000 -0.670206
vt 0.260000 -0.670206
vt 0.260000 0.837758
vt 0.000000 0.837758
vt 0.000000 0.670206
vt 0.260000 0.670206
vt 0.000000 0.502655
vt 0.260000 0.502655
vt 0.000000 0.335103
vt 0.260000 0.335103
vt 0.000000 0.167552
vt -0.099586 0.083562
vt -0.225526 0.082085
vt -0.130000 0.000000
vt -0.225526 -0.082085
vt -0.099586 -0.083562
vt -0.120000 -0.207846
vt -0.022574 -0.128025
vt 0.041676 -0.236354
vt 0.065000 -0.112583
vt 0.183851 -0.154269
vt 0.122160 -0.044463
vt 0.240000 0.000000
vt 0.122160 0.044463
vt 0.183851 0.154269
vt 0.065000 0.112583
vt 0.041676 0.236354
vt -0.022574 0.128025
vt -0.120000 0.207846
vt -0.200000 0.317650
vt 0.200000 0.317650
vt -0.200000 0.408407
vt 0.200000 0.408407
vt -0.200000 -0.408407
vt 0.200000 -0.408407
vt -0.200000 -0.317650
vt 0.200000 -0.317650
vt -0.200000 -0.226893
vt 0.200000 -0.226893
vt -0.200000 -0.136136
vt 0.200000 -0.136136
vt -0.200000 -0.045379
vt 0.200000 -0.045379
vt -0.200000 0.045379
vt 0.200000 0.045379
vt -0.200000 0.136136
vt 0.200000 0.136136
vt -0.200000 0.226893
vt 0.200000 0.226893
vt -0.200000 0.317650
vt 0.200000 0.317650
vt -0.200000 0.408407
vt 0.200000 0.408407
vt -0.200000 -0.408407
vt 0.200000 -0.408407
vt -0.200000 -0.317650
vt 0.200000 -0.317650
vt -0.200000 -0.226893
vt 0.200000 -0.226893
vt -0.200000 -0.136136
vt 0.200000 -0.136136
vt -0.200000 -0.045379
vt 0.200000 -0.045379
vt -0.200000 0.045379
vt 0.200000 0.045379
vt -0.200000 0.136136
vt 0.200000 0.136136
vt -0.200000 0.226893
vt 0.200000 0.226893
vt -0.200000 0.317650
vt 0.200000 0.317650
vt -0.200000 0.408407
vt 0.200000 0.408407
vt -0.200000 -0.408407
vt 0.200000 -0.408407
vt -0.200000 -0.317650
vt 0.200000 -0.317650
vt -0.200000 -0.226893
vt 0.200000 -0.226893
vt -0.200000 -0.136136
vt 0.200000 -0.136136
vt -0.200000 -0.045379
vt 0.200000 -0.045379
vt -0.200000 0.045379
vt 0.200000 0.045379
vt -0.200000 0.136136
vt 0.200000 0.136136
vt -0.200000 0.226893
vt 0.200000 0.226893
vt -0.200000 0.317650
vt 0.200000 0.317650
vt -0.200000 0.408407
vt 0.200000 0.408407
vt -0.200000 -0.408407
vt 0.200000 -0.408407
vt -0.200000 -0.317650
vt 0.200000 -0.317650
vt -0.200000 -0.226893
vt 0.200000 -0.226893
vt -0.200000 -0.136136
vt 0.200000 -0.136136
vt -0.200000 -0.045379
vt 0.200000 -0.045379
vt -0.200000 0.045379
vt 0.200000 0.045379
vt -0.200000 0.136136
vt 0.200000 0.136136
vt -0.200000 0.226893
vt 0.200000 0.226893
vt 0.060000 0.317650
vt 0.200000 0.317650
vt 0.060000 0.408407
vt 0.200000 0.408407
vt 0.060000 -0.408407
vt 0.200000 -0.408407
vt 0.060000 -0.317650
vt 0.200000 -0.317650
vt 0.060000 -0.226893
vt 0.200000 -0.226893
vt 0.060000 -0.136136
vt 0.200000 -0.136136
vt 0.060000 -0.045379
vt 0.200000 -0.045379
vt 0.060000 0.045379
vt 0.200000 0.045379
vt 0.060000 0.136136
vt 0.200000 0.136136
vt 0.060000 0.226893
vt 0.200000 0.226893
vt 0.060000 0.317650
vt 0.200000 0.317650
vt 0.060000 0.408407
vt 0.200000 0.408407
vt 0.060000 -0.408407
vt 0.200000 -0.408407
vt 0.060000 -0.317650
vt 0.200000 -0.317650
vt 0.060000 -0.226893
vt 0.200000 -0.226893
vt 0.060000 -0.136136
vt 0.200000 -0.136136
vt 0.060000 -0.045379
vt 0.200000 -0.045379
vt 0.060000 0.045379
vt 0.200000 0.045379
vt 0.060000 0.136136
vt 0.200000 0.136136
vt 0.060000 0.226893
vt 0.200000 0.226893
vt 0.060000 0.317650
vt 0.200000 0.317650
vt 0.060000 0.408407
vt 0.200000 0.408407
vt 0.060000 -0.408407
vt 0.200000 -0.408407
vt 0.060000 -0.317650
vt 0.200000 -0.317650
vt 0.060000 -0.226893
vt 0.200000 -0.226893
vt 0.060000 -0.136136
vt 0.200000 -0.136136
vt 0.060000 -0.045379
vt 0.200000 -0.045379
vt 0.060000 0.045379
vt 0.200000 0.045379
vt 0.060000 0.136136
vt 0.200000 0.136136
vt 0.060000 0.226893
vt 0.200000 0.226893
vt 0.060000 0.317650
vt 0.200000 0.317650
vt 0.060000 0.408407
vt 0.200000 0.408407
vt 0.060000 -0.408407
vt 0.200000 -0.408407
vt 0.060000 -0.317650
vt 0.200000 -0.317650
vt 0.060000 -0.226893
vt 0.200000 -0.226893
vt 0.060000 -0.136136
vt 0.200000 -0.136136
vt 0.060000 -0.045379
vt 0.200000 -0.045379
vt 0.060000 0.045379
vt 0.200000 0.045379
vt 0.060000 0.136136
vt 0.200000 0.136136
vt 0.060000 0.226893
vt 0.200000 0.226893
vt 0.200000 0.534153
vt -0.200000 0.534153
vt 0.200000 0.356102
vt -0.200000 0.356102
vt -0.200000 0.178051
vt -0.200000 -0.000000
vt 0.200000 -0.000000
vt 0.200000 0.178051
vt 1.418185 0.200000
vt 0.000000 0.200000
vt 1.418185 -0.200000
vt 0.000000 -0.200000
vt 0.200000 0.387116
vt -0.200000 0.387116
vt 0.200000 0.258077
vt -0.200000 0.258077
vt -0.200000 0.129039
vt -0.200000 0.000000
vt 0.200000 0.000000
vt 0.200000 0.129039
vt 2.000000 0.200000
vt 0.000000 0.200000
vt 2.000000 -0.200000
vt 0.000000 -0.200000
vt 0.200000 0.387116
vt -0.200000 0.387116
vt 0.200000 0.258077
vt -0.200000 0.258077
vt -0.200000 0.129039
vt -0.200000 0.000000
vt 0.200000 0.000000
vt 0.200000 0.129039
vt 1.418185 0.200000
vt 0.000000 0.200000
vt 1.418185 -0.200000
vt 0.000000 -0.200000
vt 0.200000 0.319742
vt -0.200000 0.319742
vt 0.200000 0.141691
vt -0.200000 0.141691
vt -0.200000 -0.036359
vt -0.200000 -0.214410
vt 0.200000 -0.214410
vt 0.200000 -0.036359
vt 0.200000 0.921269
vt -0.200000 0.921269
vt 0.200000 0.614179
vt -0.200000 0.614179
vt 0.200000 0.307090
vt -0.200000 0.307090
vt 0.200000 -0.000000
vt -0.200000 -0.000000
vt 3.850000 0.200000
vt 0.000000 0.200000
vt 3.850000 -0.200000
vt 0.000000 -0.200000
vt 0.200000 0.706858
vt -0.200000 0.706858
vt 0.200000 0.399769
vt -0.200000 0.399769
vt 0.200000 0.092679
vt -0.200000 0.092679
vt 0.200000 -0.214410
vt -0.200000 -0.214410
vt 0.226180 -2.373532
vt 0.197500 -2.037583
vt 0.056111 -2.324879
vt 0.140340 -1.969463
vt -0.332803 -2.197013
vt 0.140340 -1.880537
vt -0.239926 -1.128025
vt -0.162914 -1.083562
vt 0.197500 -1.812417
vt 0.285074 -1.796975
vt 0.285074 -2.053025
vt 0.401862 -2.352877
vt 0.362086 -2.008562
vt 0.556009 -2.266105
vt 0.392500 -1.925000
vt 1.272500 -1.112583
vt 1.215340 -1.044463
vt 1.631009 -1.341105
vt 1.360074 -1.128025
vt 1.437086 -1.083562
vt 1.715502 -1.244161
vt 1.467500 -1.000000
vt 1.769125 -1.127278
vt 1.787500 -1.000000
vt 1.787500 1.000000
vt 1.437086 0.916438
vt 1.437086 -0.916438
vt 1.467500 1.000000
vt 1.769125 1.127278
vt 1.715502 1.244161
vt 1.437086 1.083562
vt 1.631009 1.341105
vt 1.360074 1.128025
vt 1.272500 1.112583
vt 0.556009 2.266105
vt 0.392500 1.925000
vt 0.362086 2.008562
vt 0.401862 2.352877
vt 0.285074 2.053025
vt 0.226180 2.373532
vt 0.197500 2.037583
vt 0.056111 2.324879
vt 0.140340 1.969463
vt -0.332803 2.197013
vt 0.140340 1.880537
vt -0.239926 1.128025
vt -0.162914 1.083562
vt -0.327500 1.112583
vt -0.742197 2.197013
vt -0.384660 1.044463
vt -1.237914 1.841438
vt -1.314926 1.796975
vt -1.207500 1.925000
vt -1.131111 2.324879
vt -1.237914 2.008562
vt -1.314926 2.053025
vt -1.429525 2.365490
vt -1.402500 2.037583
vt -1.686722 2.208803
vt -1.459660 1.969463
vt -1.787500 1.925000
vt -1.459660 1.880537
vt -1.402500 1.812417
vt -1.787500 -1.925000
vt -1.402500 -1.812417
vt -1.459660 -1.880537
vt -1.459660 -1.969463
vt -1.686722 -2.208803
vt -1.402500 -2.037583
vt -1.429525 -2.365490
vt -1.314926 -2.053025
vt -1.131111 -2.324879
vt -1.237914 -2.008562
vt -1.207500 -1.925000
vt -0.742197 -2.197013
vt -1.237914 -1.841438
vt -0.384660 -1.044463
vt -1.314926 -1.796975
vt -0.384660 -0.955537
vt -0.384660 0.955537
vt -0.327500 -1.112583
vt -0.162914 0.916438
vt 1.215340 0.955537
vt -0.132500 1.000000
vt 0.285074 1.796975
vt 0.197500 1.812417
vt -0.239926 0.871975
vt -0.162914 -0.916438
vt 1.215340 -0.955537
vt 1.272500 0.887417
vt 1.272500 -0.887417
vt 1.360074 0.871975
vt 1.360074 -0.871975
vt -0.327500 0.887417
vt -0.327500 -0.887417
vt -0.239926 -0.871975
vt 1.215340 1.044463
vt 0.362086 1.841438
vt 0.362086 -1.841438
vt -0.132500 -1.000000
vn 0.7071 0.0001 -0.7071
vn 0.7071 0.0000 -0.7071
vn -0.7071 0.0000 -0.7071
vn -0.7071 -0.0002 -0.7071
vn -0.7071 -0.0001 -0.7071
vn 0.7071 -0.0000 0.7071
vn 0.0000 -1.0000 -0.0000
vn 0.0000 -0.0000 1.0000
vn 0.7071 -0.0001 0.7071
vn -0.7071 0.0000 0.7071
vn -0.7071 -0.0001 0.7071
vn -0.7071 -0.0002 0.7071
vn 0.7071 -0.0001 -0.7071
vn -0.7071 0.0003 -0.7071
vn 0.7071 0.0002 -0.7071
vn 0.7071 -0.0003 -0.7071
vn 0.6056 -0.0001 0.7958
vn 0.6056 0.0000 0.7958
vn -0.7071 0.0001 0.7071
vn 0.7071 -0.0002 0.7071
vn -0.7071 0.0002 -0.7071
vn 0.7071 0.0007 -0.7071
vn -1.0000 -0.0000 -0.0000
vn 0.0000 -0.0000 -1.0000
vn -0.7071 0.0004 -0.7071
vn 0.7071 -0.0002 -0.7071
vn 0.7071 0.0001 0.7071
vn 1.0000 0.0000 -0.0000
vn -0.7071 0.0002 0.7071
vn 0.7071 -0.0004 -0.7071
vn 0.7071 -0.0005 0.7071
vn 0.7071 -0.0003 0.7071
vn -0.1917 -0.0002 0.9815
vn -0.1917 -0.0000 0.9815
vn -0.7071 -0.0003 0.7071
vn 0.6056 0.0000 -0.7958
vn 0.6056 -0.0001 -0.7958
vn -0.7071 0.0001 -0.7071
vn -1.0000 -0.0001 0.0000
vn -1.0000 0.0001 -0.0000
vn -0.1917 -0.0000 -0.9815
vn -0.1917 0.0002 -0.9815
vn 0.7071 0.0003 0.7071
vn -0.7071 -0.0004 0.7071
vn -0.7071 -0.0003 -0.7071
vn 0.7071 0.0003 -0.7071
vn 0.7071 0.0002 0.7071
vn 0.7071 0.0005 -0.7071
vn 1.0000 0.0001 0.0000
vn 1.0000 -0.0001 -0.0000
vn -0.0000 1.0000 0.0000
usemtl 64,64,64.009
s 1
f 2478/5533/188 2479/5534/189 2480/5535/189
f 2480/5535/189 2479/5534/189 2481/5536/189
f 2480/5535/189 2481/5536/189 2482/5537/190
f 2482/5537/190 2481/5536/189 2483/5538/191
f 2482/5537/190 2483/5538/191 2484/5539/190
f 2484/5539/190 2483/5538/191 2485/5540/190
f 2484/5541/190 2485/5542/190 2486/5543/190
f 2486/5543/190 2485/5542/190 2487/5544/192
f 2486/5543/190 2487/5544/192 2488/5545/190
f 2488/5545/190 2487/5544/192 2489/5546/190
f 2488/5545/190 2489/5546/190 2490/5547/190
f 2490/5547/190 2489/5546/190 2491/5548/190
f 2492/5549/193 2493/5550/193 2494/5551/193
f 2494/5551/193 2493/5550/193 2495/5552/193
f 2494/5551/193 2495/5552/193 2496/5553/189
f 2496/5553/189 2495/5552/193 2497/5554/189
f 2496/5553/189 2497/5554/189 2498/5555/189
f 2498/5555/189 2497/5554/189 2499/5556/189
f 2483/5557/194 2479/5558/194 2485/5559/194
f 2485/5559/194 2479/5558/194 2500/5560/194
f 2485/5559/194 2500/5560/194 2487/5561/194
f 2487/5561/194 2500/5560/194 2501/5562/194
f 2487/5561/194 2501/5562/194 2502/5563/194
f 2502/5563/194 2501/5562/194 2503/5564/194
f 2502/5563/194 2503/5564/194 2504/5565/194
f 2483/5557/194 2481/5566/194 2479/5558/194
f 2479/5558/194 2499/5567/194 2500/5560/194
f 2500/5560/194 2499/5567/194 2493/5568/194
f 2493/5568/194 2499/5567/194 2495/5569/194
f 2495/5569/194 2499/5567/194 2497/5570/194
f 2504/5565/194 2505/5571/194 2502/5563/194
f 2487/5561/194 2502/5563/194 2489/5572/194
f 2489/5572/194 2502/5563/194 2506/5573/194
f 2489/5572/194 2506/5573/194 2491/5574/194
f 2491/5574/194 2506/5573/194 2507/5575/194
f 2491/5574/194 2507/5575/194 2508/5576/194
f 2508/5576/194 2509/5577/194 2491/5574/194
f 2491/5574/194 2509/5577/194 2510/5578/194
f 2491/5574/194 2510/5578/194 2511/5579/194
f 2511/5579/194 2512/5580/194 2491/5574/194
f 2491/5574/194 2512/5580/194 2513/5581/194
f 2491/5574/194 2513/5581/194 2514/5582/194
f 2493/5583/193 2492/5584/193 2500/5585/193
f 2500/5585/193 2492/5584/193 2515/5586/193
f 2500/5585/193 2515/5586/193 2501/5587/193
f 2501/5587/193 2515/5586/193 2516/5588/193
f 2501/5587/193 2516/5588/193 2503/5589/193
f 2503/5589/193 2516/5588/193 2517/5590/193
f 2518/5591/195 2502/5592/195 2519/5593/193
f 2519/5593/193 2502/5592/195 2505/5594/196
f 2519/5593/193 2505/5594/196 2504/5595/193
f 2503/5596/193 2517/5597/193 2504/5595/193
f 2504/5595/193 2517/5597/193 2520/5598/193
f 2504/5595/193 2520/5598/193 2519/5593/193
f 2521/5599/197 2509/5600/198 2522/5601/197
f 2522/5601/197 2509/5600/198 2508/5602/197
f 2522/5601/197 2508/5602/197 2507/5603/197
f 2506/5604/195 2523/5605/195 2507/5603/197
f 2507/5603/197 2523/5605/195 2524/5606/197
f 2507/5603/197 2524/5606/197 2522/5601/197
f 2509/5607/198 2521/5608/197 2510/5609/197
f 2510/5609/197 2521/5608/197 2525/5610/197
f 2510/5609/197 2525/5610/197 2511/5611/197
f 2511/5611/197 2525/5610/197 2526/5612/197
f 2511/5611/197 2526/5612/197 2512/5613/199
f 2512/5613/199 2526/5612/197 2527/5614/197
f 2512/5615/199 2527/5616/197 2513/5617/190
f 2513/5617/190 2527/5616/197 2528/5618/190
f 2513/5617/190 2528/5618/190 2514/5619/190
f 2514/5619/190 2528/5618/190 2529/5620/190
f 2514/5619/190 2529/5620/190 2491/5621/190
f 2491/5621/190 2529/5620/190 2490/5622/190
f 2530/5623/189 2531/5624/200 2532/5625/189
f 2532/5625/189 2531/5624/200 2533/5626/189
f 2532/5625/189 2533/5626/189 2534/5627/189
f 2535/5628/201 2536/5629/190 2534/5627/189
f 2534/5627/189 2536/5629/190 2537/5630/202
f 2534/5627/189 2537/5630/202 2532/5625/189
f 2534/5631/194 2533/5632/194 2535/5633/194
f 2535/5633/194 2533/5632/194 2531/5634/194
f 2535/5633/194 2531/5634/194 2538/5635/194
f 2535/5633/194 2538/5635/194 2539/5636/194
f 2539/5636/194 2538/5635/194 2540/5637/194
f 2539/5636/194 2540/5637/194 2541/5638/194
f 2541/5638/194 2540/5637/194 2542/5639/194
f 2541/5638/194 2542/5639/194 2543/5640/194
f 2543/5640/194 2544/5641/194 2541/5638/194
f 2535/5633/194 2539/5636/194 2545/5642/194
f 2545/5642/194 2539/5636/194 2546/5643/194
f 2545/5642/194 2546/5643/194 2547/5644/194
f 2547/5644/194 2546/5643/194 2548/5645/194
f 2547/5644/194 2548/5645/194 2549/5646/194
f 2549/5646/194 2548/5645/194 2550/5647/194
f 2550/5647/194 2548/5645/194 2551/5648/194
f 2549/5646/194 2552/5649/194 2547/5644/194
f 2547/5644/194 2552/5649/194 2553/5650/194
f 2553/5650/194 2552/5649/194 2554/5651/194
f 2553/5650/194 2554/5651/194 2555/5652/194
f 2555/5652/194 2556/5653/194 2553/5650/194
f 2531/5654/200 2530/5655/189 2538/5656/188
f 2538/5656/188 2530/5655/189 2557/5657/189
f 2538/5656/188 2557/5657/189 2540/5658/189
f 2540/5658/189 2557/5657/189 2558/5659/189
f 2540/5658/189 2558/5659/189 2542/5660/203
f 2542/5660/203 2558/5659/189 2559/5661/189
f 2542/5662/203 2559/5663/189 2543/5664/193
f 2543/5664/193 2559/5663/189 2560/5665/193
f 2543/5664/193 2560/5665/193 2544/5666/193
f 2544/5666/193 2560/5665/193 2561/5667/193
f 2544/5666/193 2561/5667/193 2541/5668/204
f 2541/5668/204 2561/5667/193 2562/5669/205
f 2563/5670/206 2549/5671/197 2564/5672/199
f 2564/5672/199 2549/5671/197 2550/5673/197
f 2564/5672/199 2550/5673/197 2551/5674/193
f 2548/5675/207 2565/5676/193 2551/5674/193
f 2551/5674/193 2565/5676/193 2566/5677/193
f 2551/5674/193 2566/5677/193 2564/5672/199
f 2563/5678/206 2567/5679/197 2549/5680/197
f 2549/5680/197 2567/5679/197 2552/5681/197
f 2552/5682/197 2567/5683/197 2554/5684/197
f 2554/5684/197 2567/5683/197 2568/5685/197
f 2554/5684/197 2568/5685/197 2555/5686/190
f 2555/5686/190 2568/5685/197 2569/5687/208
f 2555/5686/190 2569/5687/208 2556/5688/190
f 2556/5688/190 2569/5687/208 2570/5689/190
f 2556/5688/190 2570/5689/190 2553/5690/189
f 2553/5690/189 2570/5689/190 2571/5691/209
f 2572/5692/210 2573/5693/210 2574/5694/197
f 2574/5694/197 2573/5693/210 2575/5695/197
f 2574/5694/197 2575/5695/197 2576/5696/198
f 2576/5696/198 2575/5695/197 2577/5697/197
f 2576/5696/198 2577/5697/197 2578/5698/193
f 2578/5698/193 2577/5697/197 2579/5699/193
f 2578/5698/193 2579/5699/193 2580/5700/193
f 2580/5700/193 2579/5699/193 2581/5701/193
f 2581/5702/193 2582/5703/193 2580/5704/193
f 2580/5704/193 2582/5703/193 2583/5705/193
f 2584/5706/211 2585/5707/211 2586/5708/190
f 2586/5708/190 2585/5707/211 2587/5709/192
f 2586/5708/190 2587/5709/192 2588/5710/190
f 2588/5710/190 2587/5709/192 2589/5711/190
f 2588/5710/190 2589/5711/190 2590/5712/210
f 2590/5712/210 2589/5711/190 2591/5713/210
f 2582/5714/194 2581/5715/194 2573/5716/194
f 2573/5716/194 2581/5715/194 2579/5717/194
f 2573/5716/194 2579/5717/194 2577/5718/194
f 2577/5718/194 2575/5719/194 2573/5716/194
f 2573/5716/194 2591/5720/194 2582/5714/194
f 2582/5714/194 2591/5720/194 2592/5721/194
f 2582/5714/194 2592/5721/194 2593/5722/194
f 2589/5723/194 2587/5724/194 2591/5720/194
f 2591/5720/194 2587/5724/194 2585/5725/194
f 2591/5720/194 2585/5725/194 2594/5726/194
f 2594/5726/194 2595/5727/194 2591/5720/194
f 2591/5720/194 2595/5727/194 2596/5728/194
f 2591/5720/194 2596/5728/194 2597/5729/194
f 2595/5727/194 2598/5730/194 2596/5728/194
f 2596/5728/194 2598/5730/194 2599/5731/194
f 2596/5728/194 2599/5731/194 2600/5732/194
f 2601/5733/194 2602/5734/194 2597/5729/194
f 2597/5729/194 2602/5734/194 2603/5735/194
f 2597/5729/194 2603/5735/194 2591/5720/194
f 2591/5720/194 2603/5735/194 2592/5721/194
f 2601/5733/194 2604/5736/194 2602/5734/194
f 2605/5737/194 2606/5738/194 2593/5722/194
f 2593/5722/194 2606/5738/194 2582/5714/194
f 2585/5739/211 2584/5740/211 2594/5741/190
f 2594/5741/190 2584/5740/211 2607/5742/190
f 2594/5741/190 2607/5742/190 2595/5743/191
f 2595/5743/191 2607/5742/190 2608/5744/190
f 2595/5743/191 2608/5744/190 2598/5745/212
f 2598/5745/212 2608/5744/190 2609/5746/190
f 2610/5747/189 2596/5748/189 2611/5749/188
f 2611/5749/188 2596/5748/189 2600/5750/189
f 2611/5749/188 2600/5750/189 2599/5751/189
f 2598/5752/212 2609/5753/190 2599/5751/189
f 2599/5751/189 2609/5753/190 2612/5754/189
f 2599/5751/189 2612/5754/189 2611/5749/188
f 2613/5755/193 2602/5756/193 2614/5757/189
f 2614/5757/189 2602/5756/193 2604/5758/213
f 2614/5757/189 2604/5758/213 2601/5759/189
f 2597/5760/189 2615/5761/189 2601/5759/189
f 2601/5759/189 2615/5761/189 2616/5762/189
f 2601/5759/189 2616/5762/189 2614/5757/189
f 2602/5763/193 2613/5764/193 2603/5765/193
f 2603/5765/193 2613/5764/193 2617/5766/193
f 2603/5765/193 2617/5766/193 2592/5767/189
f 2592/5767/189 2617/5766/193 2618/5768/189
f 2592/5767/189 2618/5768/189 2593/5769/189
f 2593/5769/189 2618/5768/189 2619/5770/189
f 2583/5771/193 2582/5772/193 2620/5773/193
f 2620/5773/193 2582/5772/193 2606/5774/193
f 2620/5773/193 2606/5774/193 2605/5775/193
f 2593/5776/189 2619/5777/189 2605/5775/193
f 2605/5775/193 2619/5777/189 2621/5778/214
f 2605/5775/193 2621/5778/214 2620/5773/193
f 2622/5779/190 2623/5780/190 2624/5781/212
f 2624/5781/212 2623/5780/190 2625/5782/190
f 2624/5781/212 2625/5782/190 2626/5783/189
f 2626/5783/189 2625/5782/190 2627/5784/189
f 2626/5783/189 2627/5784/189 2628/5785/200
f 2628/5785/200 2627/5784/189 2629/5786/189
f 2628/5785/200 2629/5786/189 2630/5787/215
f 2630/5787/215 2629/5786/189 2631/5788/215
f 2622/5789/190 2632/5790/190 2623/5791/190
f 2623/5791/190 2632/5790/190 2633/5792/190
f 2632/5793/194 2622/5794/194 2630/5795/194
f 2630/5795/194 2622/5794/194 2624/5796/194
f 2630/5795/194 2624/5796/194 2626/5797/194
f 2626/5797/194 2628/5798/194 2630/5795/194
f 2630/5795/194 2634/5799/194 2632/5793/194
f 2632/5793/194 2634/5799/194 2635/5800/194
f 2632/5793/194 2635/5800/194 2636/5801/194
f 2637/5802/194 2638/5803/194 2634/5799/194
f 2634/5799/194 2638/5803/194 2639/5804/194
f 2634/5799/194 2639/5804/194 2640/5805/194
f 2640/5805/194 2635/5800/194 2634/5799/194
f 2636/5801/194 2641/5806/194 2632/5793/194
f 2631/5807/215 2642/5808/215 2630/5809/215
f 2630/5809/215 2642/5808/215 2634/5810/215
f 2643/5811/197 2640/5812/197 2644/5813/216
f 2644/5813/216 2640/5812/197 2639/5814/197
f 2644/5813/216 2639/5814/197 2645/5815/193
f 2645/5815/193 2639/5814/197 2638/5816/193
f 2645/5815/193 2638/5816/193 2646/5817/196
f 2646/5817/196 2638/5816/193 2637/5818/193
f 2646/5817/196 2637/5818/193 2642/5819/215
f 2642/5819/215 2637/5818/193 2634/5820/215
f 2643/5821/197 2647/5822/197 2640/5823/197
f 2640/5823/197 2647/5822/197 2635/5824/197
f 2633/5825/190 2632/5826/190 2648/5827/190
f 2648/5827/190 2632/5826/190 2641/5828/190
f 2648/5827/190 2641/5828/190 2649/5829/197
f 2649/5829/197 2641/5828/190 2636/5830/199
f 2649/5829/197 2636/5830/199 2647/5831/197
f 2647/5831/197 2636/5830/199 2635/5832/197
f 2650/5833/189 2651/5834/189 2652/5835/217
f 2652/5835/217 2651/5834/189 2653/5836/189
f 2652/5835/217 2653/5836/189 2654/5837/190
f 2654/5837/190 2653/5836/189 2655/5838/190
f 2654/5837/190 2655/5838/190 2656/5839/190
f 2656/5839/190 2655/5838/190 2657/5840/190
f 2656/5839/190 2657/5840/190 2658/5841/210
f 2658/5841/210 2657/5840/190 2659/5842/210
f 2659/5843/210 2660/5844/210 2658/5845/210
f 2658/5845/210 2660/5844/210 2661/5846/210
f 2662/5847/218 2663/5848/193 2664/5849/189
f 2664/5849/189 2663/5848/193 2665/5850/213
f 2664/5849/189 2665/5850/213 2666/5851/189
f 2667/5852/189 2668/5853/189 2666/5851/189
f 2666/5851/189 2668/5853/189 2669/5854/189
f 2666/5851/189 2669/5854/189 2664/5849/189
f 2657/5855/194 2655/5856/194 2659/5857/194
f 2659/5857/194 2655/5856/194 2653/5858/194
f 2659/5857/194 2653/5858/194 2651/5859/194
f 2659/5857/194 2651/5859/194 2660/5860/194
f 2660/5860/194 2651/5859/194 2667/5861/194
f 2660/5860/194 2667/5861/194 2670/5862/194
f 2670/5862/194 2667/5861/194 2663/5863/194
f 2663/5863/194 2667/5861/194 2666/5864/194
f 2663/5863/194 2666/5864/194 2665/5865/194
f 2670/5862/194 2671/5866/194 2660/5860/194
f 2660/5860/194 2671/5866/194 2672/5867/194
f 2660/5860/194 2672/5867/194 2673/5868/194
f 2674/5869/194 2675/5870/194 2671/5866/194
f 2671/5866/194 2675/5870/194 2676/5871/194
f 2671/5866/194 2676/5871/194 2672/5867/194
f 2672/5867/194 2676/5871/194 2677/5872/194
f 2677/5872/194 2676/5871/194 2678/5873/194
f 2678/5873/194 2676/5871/194 2679/5874/194
f 2680/5875/194 2681/5876/194 2674/5869/194
f 2674/5869/194 2681/5876/194 2675/5870/194
f 2673/5868/194 2682/5877/194 2660/5860/194
f 2660/5860/194 2682/5877/194 2683/5878/194
f 2660/5860/194 2683/5878/194 2684/5879/194
f 2663/5880/193 2662/5881/218 2670/5882/193
f 2670/5882/193 2662/5881/218 2685/5883/193
f 2670/5882/193 2685/5883/193 2671/5884/202
f 2671/5884/202 2685/5883/193 2686/5885/189
f 2671/5884/202 2686/5885/189 2674/5886/189
f 2674/5886/189 2686/5885/189 2687/5887/189
f 2661/5888/210 2660/5889/210 2688/5890/197
f 2688/5890/197 2660/5889/210 2684/5891/197
f 2688/5890/197 2684/5891/197 2689/5892/197
f 2689/5892/197 2684/5891/197 2683/5893/197
f 2689/5892/197 2683/5893/197 2690/5894/195
f 2690/5894/195 2683/5893/197 2682/5895/195
f 2690/5896/195 2682/5897/195 2691/5898/197
f 2691/5898/197 2682/5897/195 2673/5899/197
f 2691/5898/197 2673/5899/197 2692/5900/216
f 2692/5900/216 2673/5899/197 2672/5901/197
f 2692/5900/216 2672/5901/197 2693/5902/199
f 2693/5902/199 2672/5901/197 2677/5903/197
f 2693/5904/199 2677/5905/197 2694/5906/193
f 2694/5906/193 2677/5905/197 2678/5907/193
f 2694/5906/193 2678/5907/193 2679/5908/196
f 2676/5909/193 2695/5910/193 2679/5908/196
f 2679/5908/196 2695/5910/193 2696/5911/193
f 2679/5908/196 2696/5911/193 2694/5906/193
f 2676/5912/193 2675/5913/193 2695/5914/193
f 2695/5914/193 2675/5913/193 2697/5915/193
f 2697/5916/193 2675/5917/193 2698/5918/193
f 2698/5918/193 2675/5917/193 2681/5919/193
f 2698/5918/193 2681/5919/193 2680/5920/193
f 2674/5921/189 2687/5922/189 2680/5920/193
f 2680/5920/193 2687/5922/189 2699/5923/207
f 2680/5920/193 2699/5923/207 2698/5918/193
f 2700/5924/190 2701/5925/190 2702/5926/190
f 2702/5926/190 2701/5925/190 2703/5927/190
f 2702/5926/190 2703/5927/190 2704/5928/197
f 2704/5928/197 2703/5927/190 2705/5929/206
f 2704/5928/197 2705/5929/206 2706/5930/197
f 2706/5930/197 2705/5929/206 2707/5931/197
f 2706/5930/197 2707/5931/197 2708/5932/193
f 2708/5932/193 2707/5931/197 2709/5933/219
f 2708/5934/193 2709/5935/219 2710/5936/220
f 2710/5936/220 2709/5935/219 2711/5937/221
f 2710/5936/220 2711/5937/221 2712/5938/197
f 2712/5938/197 2711/5937/221 2713/5939/197
f 2712/5938/197 2713/5939/197 2714/5940/222
f 2714/5940/222 2713/5939/197 2715/5941/197
f 2716/5942/189 2717/5943/189 2718/5944/189
f 2718/5944/189 2717/5943/189 2719/5945/189
f 2718/5944/189 2719/5945/189 2720/5946/208
f 2721/5947/192 2722/5948/190 2720/5946/208
f 2720/5946/208 2722/5948/190 2723/5949/190
f 2720/5946/208 2723/5949/190 2718/5944/189
f 2707/5950/194 2705/5951/194 2709/5952/194
f 2709/5952/194 2705/5951/194 2703/5953/194
f 2709/5952/194 2703/5953/194 2701/5954/194
f 2709/5952/194 2701/5954/194 2711/5955/194
f 2711/5955/194 2701/5954/194 2721/5956/194
f 2711/5955/194 2721/5956/194 2717/5957/194
f 2717/5957/194 2721/5956/194 2720/5958/194
f 2717/5957/194 2720/5958/194 2719/5959/194
f 2717/5957/194 2724/5960/194 2711/5955/194
f 2711/5955/194 2724/5960/194 2713/5961/194
f 2713/5961/194 2724/5960/194 2725/5962/194
f 2713/5961/194 2725/5962/194 2715/5963/194
f 2715/5963/194 2725/5962/194 2726/5964/194
f 2715/5963/194 2726/5964/194 2727/5965/194
f 2726/5964/194 2725/5962/194 2728/5966/194
f 2728/5966/194 2725/5962/194 2729/5967/194
f 2728/5966/194 2729/5967/194 2730/5968/194
f 2730/5968/194 2729/5967/194 2731/5969/194
f 2731/5969/194 2729/5967/194 2732/5970/194
f 2727/5965/194 2733/5971/194 2715/5963/194
f 2715/5963/194 2733/5971/194 2734/5972/194
f 2717/5973/189 2716/5974/189 2724/5975/189
f 2724/5975/189 2716/5974/189 2735/5976/189
f 2724/5975/189 2735/5976/189 2725/5977/189
f 2725/5977/189 2735/5976/189 2736/5978/189
f 2725/5977/189 2736/5978/189 2729/5979/223
f 2729/5979/223 2736/5978/189 2737/5980/224
f 2714/5981/222 2715/5982/197 2738/5983/193
f 2738/5983/193 2715/5982/197 2734/5984/193
f 2738/5983/193 2734/5984/193 2733/5985/193
f 2727/5986/193 2739/5987/214 2733/5985/193
f 2733/5985/193 2739/5987/214 2740/5988/193
f 2733/5985/193 2740/5988/193 2738/5983/193
f 2729/5989/223 2737/5990/224 2732/5991/189
f 2732/5991/189 2737/5990/224 2741/5992/189
f 2732/5991/189 2741/5992/189 2731/5993/189
f 2731/5993/189 2741/5992/189 2742/5994/189
f 2731/5993/189 2742/5994/189 2730/5995/193
f 2730/5995/193 2742/5994/189 2743/5996/207
f 2739/5997/214 2727/5998/193 2744/5999/214
f 2744/5999/214 2727/5998/193 2726/6000/193
f 2744/5999/214 2726/6000/193 2745/6001/193
f 2745/6001/193 2726/6000/193 2728/6002/193
f 2745/6001/193 2728/6002/193 2743/6003/207
f 2743/6003/207 2728/6002/193 2730/6004/193
f 2746/6005/197 2747/6006/197 2748/6007/197
f 2748/6007/197 2747/6006/197 2749/6008/197
f 2748/6007/197 2749/6008/197 2750/6009/197
f 2750/6009/197 2749/6008/197 2751/6010/197
f 2750/6009/197 2751/6010/197 2752/6011/190
f 2752/6011/190 2751/6010/197 2753/6012/208
f 2747/6013/197 2746/6014/197 2754/6015/197
f 2754/6015/197 2746/6014/197 2755/6016/197
f 2754/6015/197 2755/6016/197 2756/6017/197
f 2756/6017/197 2755/6016/197 2757/6018/197
f 2756/6017/197 2757/6018/197 2758/6019/197
f 2758/6019/197 2757/6018/197 2759/6020/197
f 2760/6021/211 2761/6022/211 2762/6023/190
f 2762/6023/190 2761/6022/211 2763/6024/190
f 2762/6023/190 2763/6024/190 2764/6025/190
f 2765/6026/190 2766/6027/225 2764/6025/190
f 2764/6025/190 2766/6027/225 2767/6028/190
f 2764/6025/190 2767/6028/190 2762/6023/190
f 2748/6029/194 2750/6030/194 2746/6031/194
f 2746/6031/194 2750/6030/194 2752/6032/194
f 2746/6031/194 2752/6032/194 2768/6033/194
f 2768/6033/194 2769/6034/194 2746/6031/194
f 2746/6031/194 2769/6034/194 2761/6035/194
f 2746/6031/194 2761/6035/194 2755/6036/194
f 2755/6036/194 2761/6035/194 2770/6037/194
f 2755/6036/194 2770/6037/194 2757/6038/194
f 2757/6038/194 2770/6037/194 2771/6039/194
f 2757/6038/194 2771/6039/194 2772/6040/194
f 2769/6034/194 2765/6041/194 2761/6035/194
f 2761/6035/194 2765/6041/194 2764/6042/194
f 2761/6035/194 2764/6042/194 2763/6043/194
f 2773/6044/194 2774/6045/194 2770/6037/194
f 2770/6037/194 2774/6045/194 2775/6046/194
f 2770/6037/194 2775/6046/194 2771/6039/194
f 2757/6038/194 2772/6040/194 2776/6047/194
f 2776/6047/194 2772/6040/194 2777/6048/194
f 2776/6047/194 2777/6048/194 2778/6049/194
f 2778/6049/194 2779/6050/194 2776/6047/194
f 2757/6038/194 2776/6047/194 2759/6051/194
f 2759/6051/194 2776/6047/194 2780/6052/194
f 2759/6051/194 2780/6052/194 2781/6053/194
f 2781/6053/194 2780/6052/194 2782/6054/194
f 2760/6055/211 2783/6056/211 2761/6057/211
f 2761/6057/211 2783/6056/211 2770/6058/211
f 2758/6059/197 2759/6060/197 2784/6061/197
f 2784/6061/197 2759/6060/197 2781/6062/197
f 2784/6061/197 2781/6062/197 2785/6063/193
f 2785/6063/193 2781/6062/197 2782/6064/193
f 2785/6063/193 2782/6064/193 2786/6065/193
f 2786/6065/193 2782/6064/193 2780/6066/193
f 2780/6067/193 2776/6068/193 2786/6069/193
f 2786/6069/193 2776/6068/193 2787/6070/193
f 2787/6071/193 2776/6072/193 2788/6073/193
f 2788/6073/193 2776/6072/193 2779/6074/193
f 2788/6073/193 2779/6074/193 2789/6075/189
f 2789/6075/189 2779/6074/193 2778/6076/189
f 2789/6075/189 2778/6076/189 2790/6077/189
f 2790/6077/189 2778/6076/189 2777/6078/189
f 2790/6079/189 2777/6080/189 2791/6081/189
f 2791/6081/189 2777/6080/189 2772/6082/189
f 2791/6081/189 2772/6082/189 2792/6083/189
f 2792/6083/189 2772/6082/189 2771/6084/189
f 2792/6083/189 2771/6084/189 2793/6085/189
f 2793/6085/189 2771/6084/189 2775/6086/189
f 2793/6087/189 2775/6088/189 2794/6089/189
f 2794/6089/189 2775/6088/189 2774/6090/189
f 2794/6089/189 2774/6090/189 2773/6091/189
f 2770/6092/211 2783/6093/211 2773/6091/189
f 2773/6091/189 2783/6093/211 2795/6094/188
f 2773/6091/189 2795/6094/188 2794/6089/189
f 2796/6095/195 2797/6096/195 2798/6097/193
f 2798/6097/193 2797/6096/195 2799/6098/193
f 2798/6097/193 2799/6098/193 2800/6099/207
f 2800/6099/207 2799/6098/193 2801/6100/193
f 2800/6099/207 2801/6100/193 2802/6101/215
f 2802/6101/215 2801/6100/193 2803/6102/215
f 2801/6103/194 2799/6104/194 2803/6105/194
f 2803/6105/194 2799/6104/194 2797/6106/194
f 2803/6105/194 2797/6106/194 2804/6107/194
f 2804/6107/194 2797/6106/194 2805/6108/194
f 2804/6107/194 2805/6108/194 2806/6109/194
f 2806/6109/194 2805/6108/194 2807/6110/194
f 2806/6109/194 2807/6110/194 2808/6111/194
f 2808/6111/194 2807/6110/194 2809/6112/194
f 2808/6111/194 2809/6112/194 2810/6113/194
f 2810/6113/194 2809/6112/194 2811/6114/194
f 2810/6113/194 2811/6114/194 2812/6115/194
f 2809/6112/194 2807/6110/194 2813/6116/194
f 2813/6116/194 2807/6110/194 2814/6117/194
f 2813/6116/194 2814/6117/194 2815/6118/194
f 2815/6118/194 2814/6117/194 2816/6119/194
f 2816/6119/194 2814/6117/194 2817/6120/194
f 2815/6118/194 2818/6121/194 2813/6116/194
f 2813/6116/194 2818/6121/194 2819/6122/194
f 2819/6122/194 2818/6121/194 2820/6123/194
f 2819/6122/194 2820/6123/194 2821/6124/194
f 2812/6115/194 2822/6125/194 2810/6113/194
f 2810/6113/194 2823/6126/194 2808/6111/194
f 2808/6111/194 2823/6126/194 2824/6127/194
f 2824/6127/194 2823/6126/194 2825/6128/194
f 2825/6128/194 2823/6126/194 2826/6129/194
f 2808/6111/194 2827/6130/194 2806/6109/194
f 2806/6109/194 2827/6130/194 2828/6131/194
f 2828/6131/194 2827/6130/194 2829/6132/194
f 2828/6131/194 2829/6132/194 2830/6133/194
f 2829/6132/194 2827/6130/194 2831/6134/194
f 2831/6134/194 2827/6130/194 2832/6135/194
f 2831/6134/194 2832/6135/194 2833/6136/194
f 2833/6136/194 2832/6135/194 2834/6137/194
f 2830/6133/194 2835/6138/194 2828/6131/194
f 2803/6105/194 2804/6107/194 2836/6139/194
f 2836/6139/194 2804/6107/194 2837/6140/194
f 2836/6139/194 2837/6140/194 2838/6141/194
f 2838/6141/194 2839/6142/194 2836/6139/194
f 2797/6143/195 2796/6144/195 2805/6145/193
f 2805/6145/193 2796/6144/195 2840/6146/193
f 2805/6145/193 2840/6146/193 2841/6147/193
f 2842/6148/193 2814/6149/193 2841/6147/193
f 2841/6147/193 2814/6149/193 2807/6150/193
f 2841/6147/193 2807/6150/193 2805/6145/193
f 2843/6151/195 2815/6152/195 2844/6153/193
f 2844/6153/193 2815/6152/195 2816/6154/193
f 2844/6153/193 2816/6154/193 2817/6155/193
f 2814/6156/193 2842/6157/193 2817/6155/193
f 2817/6155/193 2842/6157/193 2845/6158/193
f 2817/6155/193 2845/6158/193 2844/6153/193
f 2846/6159/197 2819/6160/206 2847/6161/197
f 2847/6161/197 2819/6160/206 2821/6162/197
f 2847/6161/197 2821/6162/197 2820/6163/197
f 2818/6164/195 2848/6165/195 2820/6163/197
f 2820/6163/197 2848/6165/195 2849/6166/197
f 2820/6163/197 2849/6166/197 2847/6161/197
f 2819/6167/206 2846/6168/197 2813/6169/197
f 2813/6169/197 2846/6168/197 2850/6170/197
f 2813/6169/197 2850/6170/197 2809/6171/197
f 2809/6171/197 2850/6170/197 2851/6172/197
f 2809/6171/197 2851/6172/197 2811/6173/197
f 2811/6173/197 2851/6172/197 2852/6174/206
f 2853/6175/226 2810/6176/210 2854/6177/197
f 2854/6177/197 2810/6176/210 2822/6178/197
f 2854/6177/197 2822/6178/197 2812/6179/197
f 2811/6180/197 2852/6181/206 2812/6179/197
f 2812/6179/197 2852/6181/206 2855/6182/197
f 2812/6179/197 2855/6182/197 2854/6177/197
f 2856/6183/190 2824/6184/225 2857/6185/190
f 2857/6185/190 2824/6184/225 2825/6186/190
f 2857/6185/190 2825/6186/190 2826/6187/190
f 2823/6188/227 2858/6189/210 2826/6187/190
f 2826/6187/190 2858/6189/210 2859/6190/225
f 2826/6187/190 2859/6190/225 2857/6185/190
f 2824/6191/225 2856/6192/190 2808/6193/190
f 2808/6193/190 2856/6192/190 2860/6194/190
f 2808/6193/190 2860/6194/190 2827/6195/190
f 2827/6195/190 2860/6194/190 2861/6196/190
f 2827/6195/190 2861/6196/190 2832/6197/190
f 2832/6197/190 2861/6196/190 2862/6198/192
f 2863/6199/211 2831/6200/211 2864/6201/190
f 2864/6201/190 2831/6200/211 2833/6202/191
f 2864/6201/190 2833/6202/191 2834/6203/190
f 2832/6204/190 2862/6205/192 2834/6203/190
f 2834/6203/190 2862/6205/192 2865/6206/190
f 2834/6203/190 2865/6206/190 2864/6201/190
f 2866/6207/189 2828/6208/189 2867/6209/189
f 2867/6209/189 2828/6208/189 2835/6210/189
f 2867/6209/189 2835/6210/189 2830/6211/189
f 2829/6212/211 2868/6213/211 2830/6211/189
f 2830/6211/189 2868/6213/211 2869/6214/202
f 2830/6211/189 2869/6214/202 2867/6209/189
f 2828/6215/189 2866/6216/189 2806/6217/189
f 2806/6217/189 2866/6216/189 2870/6218/189
f 2806/6217/189 2870/6218/189 2871/6219/188
f 2872/6220/211 2837/6221/211 2871/6219/188
f 2871/6219/188 2837/6221/211 2804/6222/189
f 2871/6219/188 2804/6222/189 2806/6217/189
f 2873/6223/215 2836/6224/215 2874/6225/189
f 2874/6225/189 2836/6224/215 2839/6226/188
f 2874/6225/189 2839/6226/188 2875/6227/189
f 2875/6227/189 2839/6226/188 2838/6228/189
f 2875/6227/189 2838/6228/189 2872/6229/211
f 2872/6229/211 2838/6228/189 2837/6230/211
f 2700/6231/190 2722/6232/190 2701/6233/190
f 2701/6233/190 2722/6232/190 2721/6234/192
f 2843/6235/195 2848/6236/195 2815/6237/195
f 2815/6237/195 2848/6236/195 2818/6238/195
f 2650/6239/189 2668/6240/189 2651/6241/189
f 2651/6241/189 2668/6240/189 2667/6242/189
f 2752/6243/190 2753/6244/208 2768/6245/190
f 2768/6245/190 2753/6244/208 2876/6246/190
f 2768/6245/190 2876/6246/190 2769/6247/190
f 2769/6247/190 2876/6246/190 2877/6248/190
f 2769/6247/190 2877/6248/190 2765/6249/190
f 2765/6249/190 2877/6248/190 2766/6250/225
f 2702/6251/194 2695/6252/194 2700/6253/194
f 2700/6253/194 2695/6252/194 2697/6254/194
f 2700/6253/194 2697/6254/194 2722/6255/194
f 2722/6255/194 2697/6254/194 2698/6256/194
f 2722/6255/194 2698/6256/194 2723/6257/194
f 2723/6257/194 2698/6256/194 2699/6258/194
f 2723/6257/194 2699/6258/194 2878/6259/194
f 2878/6259/194 2699/6258/194 2879/6260/194
f 2879/6260/194 2699/6258/194 2687/6261/194
f 2879/6260/194 2687/6261/194 2686/6262/194
f 2695/6252/194 2702/6251/194 2696/6263/194
f 2696/6263/194 2702/6251/194 2704/6264/194
f 2696/6263/194 2704/6264/194 2880/6265/194
f 2880/6265/194 2704/6264/194 2881/6266/194
f 2880/6265/194 2881/6266/194 2882/6267/194
f 2704/6264/194 2706/6268/194 2881/6266/194
f 2881/6266/194 2706/6268/194 2708/6269/194
f 2881/6266/194 2708/6269/194 2710/6270/194
f 2881/6266/194 2710/6270/194 2883/6271/194
f 2883/6271/194 2710/6270/194 2712/6272/194
f 2883/6271/194 2712/6272/194 2714/6273/194
f 2714/6273/194 2738/6274/194 2883/6271/194
f 2883/6271/194 2738/6274/194 2884/6275/194
f 2884/6275/194 2738/6274/194 2740/6276/194
f 2884/6275/194 2740/6276/194 2885/6277/194
f 2885/6277/194 2740/6276/194 2739/6278/194
f 2885/6277/194 2739/6278/194 2886/6279/194
f 2886/6279/194 2739/6278/194 2744/6280/194
f 2886/6279/194 2744/6280/194 2745/6281/194
f 2745/6281/194 2743/6282/194 2886/6279/194
f 2886/6279/194 2743/6282/194 2742/6283/194
f 2886/6279/194 2742/6283/194 2887/6284/194
f 2887/6284/194 2742/6283/194 2749/6285/194
f 2887/6284/194 2749/6285/194 2888/6286/194
f 2888/6286/194 2749/6285/194 2747/6287/194
f 2888/6286/194 2747/6287/194 2754/6288/194
f 2749/6285/194 2742/6283/194 2751/6289/194
f 2751/6289/194 2742/6283/194 2741/6290/194
f 2751/6289/194 2741/6290/194 2889/6291/194
f 2889/6291/194 2741/6290/194 2737/6292/194
f 2889/6291/194 2737/6292/194 2890/6293/194
f 2890/6293/194 2737/6292/194 2736/6294/194
f 2890/6293/194 2736/6294/194 2735/6295/194
f 2735/6295/194 2716/6296/194 2890/6293/194
f 2890/6293/194 2716/6296/194 2878/6259/194
f 2878/6259/194 2716/6296/194 2718/6297/194
f 2878/6259/194 2718/6297/194 2723/6257/194
f 2841/6298/194 2891/6299/194 2842/6300/194
f 2842/6300/194 2891/6299/194 2892/6301/194
f 2842/6300/194 2892/6301/194 2845/6302/194
f 2845/6302/194 2892/6301/194 2794/6303/194
f 2845/6302/194 2794/6303/194 2795/6304/194
f 2841/6298/194 2840/6305/194 2891/6299/194
f 2891/6299/194 2840/6305/194 2893/6306/194
f 2893/6306/194 2840/6305/194 2796/6307/194
f 2893/6306/194 2796/6307/194 2894/6308/194
f 2894/6308/194 2796/6307/194 2798/6309/194
f 2894/6308/194 2798/6309/194 2800/6310/194
f 2802/6311/194 2895/6312/194 2800/6310/194
f 2800/6310/194 2895/6312/194 2896/6313/194
f 2800/6310/194 2896/6313/194 2894/6308/194
f 2802/6311/194 2873/6314/194 2895/6312/194
f 2895/6312/194 2873/6314/194 2897/6315/194
f 2897/6315/194 2873/6314/194 2874/6316/194
f 2897/6315/194 2874/6316/194 2898/6317/194
f 2898/6317/194 2874/6316/194 2899/6318/194
f 2899/6318/194 2874/6316/194 2875/6319/194
f 2899/6318/194 2875/6319/194 2872/6320/194
f 2899/6318/194 2872/6320/194 2900/6321/194
f 2900/6321/194 2872/6320/194 2871/6322/194
f 2900/6321/194 2871/6322/194 2901/6323/194
f 2901/6323/194 2871/6322/194 2870/6324/194
f 2901/6323/194 2870/6324/194 2866/6325/194
f 2901/6323/194 2866/6325/194 2902/6326/194
f 2902/6326/194 2866/6325/194 2867/6327/194
f 2902/6326/194 2867/6327/194 2520/6328/194
f 2520/6328/194 2867/6327/194 2869/6329/194
f 2520/6328/194 2869/6329/194 2519/6330/194
f 2519/6330/194 2869/6329/194 2868/6331/194
f 2519/6330/194 2868/6331/194 2518/6332/194
f 2518/6332/194 2868/6331/194 2863/6333/194
f 2518/6332/194 2863/6333/194 2523/6334/194
f 2523/6334/194 2863/6333/194 2864/6335/194
f 2523/6334/194 2864/6335/194 2524/6336/194
f 2524/6336/194 2864/6335/194 2865/6337/194
f 2524/6336/194 2865/6337/194 2522/6338/194
f 2522/6338/194 2865/6337/194 2903/6339/194
f 2522/6338/194 2903/6339/194 2521/6340/194
f 2521/6340/194 2903/6339/194 2525/6341/194
f 2525/6341/194 2903/6339/194 2526/6342/194
f 2526/6342/194 2903/6339/194 2527/6343/194
f 2527/6343/194 2903/6339/194 2528/6344/194
f 2528/6344/194 2903/6339/194 2904/6345/194
f 2528/6344/194 2904/6345/194 2561/6346/194
f 2561/6346/194 2904/6345/194 2562/6347/194
f 2562/6347/194 2904/6345/194 2905/6348/194
f 2562/6347/194 2905/6348/194 2906/6349/194
f 2906/6349/194 2905/6348/194 2907/6350/194
f 2907/6350/194 2905/6348/194 2565/6351/194
f 2565/6351/194 2905/6348/194 2908/6352/194
f 2565/6351/194 2908/6352/194 2566/6353/194
f 2566/6353/194 2908/6352/194 2564/6354/194
f 2564/6354/194 2908/6352/194 2614/6355/194
f 2564/6354/194 2614/6355/194 2616/6356/194
f 2903/6339/194 2865/6337/194 2909/6357/194
f 2909/6357/194 2865/6337/194 2862/6358/194
f 2909/6357/194 2862/6358/194 2861/6359/194
f 2861/6359/194 2860/6360/194 2909/6357/194
f 2909/6357/194 2860/6360/194 2910/6361/194
f 2910/6361/194 2860/6360/194 2856/6362/194
f 2910/6361/194 2856/6362/194 2857/6363/194
f 2910/6361/194 2857/6363/194 2911/6364/194
f 2911/6364/194 2857/6363/194 2859/6365/194
f 2911/6364/194 2859/6365/194 2629/6366/194
f 2629/6366/194 2859/6365/194 2631/6367/194
f 2631/6367/194 2859/6365/194 2858/6368/194
f 2631/6367/194 2858/6368/194 2853/6369/194
f 2631/6367/194 2853/6369/194 2642/6370/194
f 2642/6370/194 2853/6369/194 2854/6371/194
f 2642/6370/194 2854/6371/194 2646/6372/194
f 2646/6372/194 2854/6371/194 2912/6373/194
f 2646/6372/194 2912/6373/194 2645/6374/194
f 2645/6374/194 2912/6373/194 2913/6375/194
f 2645/6374/194 2913/6375/194 2644/6376/194
f 2644/6376/194 2913/6375/194 2664/6377/194
f 2644/6376/194 2664/6377/194 2669/6378/194
f 2854/6371/194 2855/6379/194 2912/6373/194
f 2912/6373/194 2855/6379/194 2914/6380/194
f 2914/6380/194 2855/6379/194 2852/6381/194
f 2914/6380/194 2852/6381/194 2851/6382/194
f 2914/6380/194 2851/6382/194 2915/6383/194
f 2915/6383/194 2851/6382/194 2850/6384/194
f 2915/6383/194 2850/6384/194 2846/6385/194
f 2846/6385/194 2847/6386/194 2915/6383/194
f 2915/6383/194 2847/6386/194 2767/6387/194
f 2915/6383/194 2767/6387/194 2916/6388/194
f 2916/6388/194 2767/6387/194 2766/6389/194
f 2916/6388/194 2766/6389/194 2877/6390/194
f 2847/6386/194 2849/6391/194 2767/6387/194
f 2767/6387/194 2849/6391/194 2762/6392/194
f 2762/6392/194 2849/6391/194 2848/6393/194
f 2762/6392/194 2848/6393/194 2760/6394/194
f 2760/6394/194 2848/6393/194 2843/6395/194
f 2760/6394/194 2843/6395/194 2783/6396/194
f 2783/6396/194 2843/6395/194 2844/6397/194
f 2783/6396/194 2844/6397/194 2795/6304/194
f 2795/6304/194 2844/6397/194 2845/6302/194
f 2644/6376/194 2669/6378/194 2643/6398/194
f 2643/6398/194 2669/6378/194 2668/6399/194
f 2643/6398/194 2668/6399/194 2647/6400/194
f 2647/6400/194 2668/6399/194 2650/6401/194
f 2647/6400/194 2650/6401/194 2652/6402/194
f 2629/6366/194 2627/6403/194 2911/6364/194
f 2911/6364/194 2627/6403/194 2917/6404/194
f 2917/6404/194 2627/6403/194 2625/6405/194
f 2917/6404/194 2625/6405/194 2621/6406/194
f 2621/6406/194 2625/6405/194 2620/6407/194
f 2620/6407/194 2625/6405/194 2623/6408/194
f 2620/6407/194 2623/6408/194 2583/6409/194
f 2583/6409/194 2623/6408/194 2633/6410/194
f 2583/6409/194 2633/6410/194 2580/6411/194
f 2580/6411/194 2633/6410/194 2578/6412/194
f 2578/6412/194 2633/6410/194 2648/6413/194
f 2578/6412/194 2648/6413/194 2576/6414/194
f 2576/6414/194 2648/6413/194 2649/6415/194
f 2576/6414/194 2649/6415/194 2654/6416/194
f 2654/6416/194 2649/6415/194 2652/6402/194
f 2652/6402/194 2649/6415/194 2647/6400/194
f 2876/6417/194 2753/6418/194 2916/6388/194
f 2916/6388/194 2753/6418/194 2751/6289/194
f 2916/6388/194 2751/6289/194 2889/6291/194
f 2888/6286/194 2754/6288/194 2918/6419/194
f 2918/6419/194 2754/6288/194 2756/6420/194
f 2918/6419/194 2756/6420/194 2758/6421/194
f 2918/6419/194 2758/6421/194 2919/6422/194
f 2919/6422/194 2758/6421/194 2784/6423/194
f 2919/6422/194 2784/6423/194 2920/6424/194
f 2920/6424/194 2784/6423/194 2785/6425/194
f 2920/6424/194 2785/6425/194 2786/6426/194
f 2786/6426/194 2787/6427/194 2920/6424/194
f 2920/6424/194 2787/6427/194 2921/6428/194
f 2921/6428/194 2787/6427/194 2788/6429/194
f 2921/6428/194 2788/6429/194 2922/6430/194
f 2922/6430/194 2788/6429/194 2789/6431/194
f 2922/6430/194 2789/6431/194 2923/6432/194
f 2923/6432/194 2789/6431/194 2790/6433/194
f 2923/6432/194 2790/6433/194 2791/6434/194
f 2791/6434/194 2792/6435/194 2923/6432/194
f 2923/6432/194 2792/6435/194 2892/6301/194
f 2892/6301/194 2792/6435/194 2793/6436/194
f 2892/6301/194 2793/6436/194 2794/6303/194
f 2877/6390/194 2876/6417/194 2916/6388/194
f 2924/6437/194 2925/6438/194 2926/6439/194
f 2926/6439/194 2925/6438/194 2927/6440/194
f 2926/6439/194 2927/6440/194 2569/6441/194
f 2569/6441/194 2927/6440/194 2570/6442/194
f 2570/6442/194 2927/6440/194 2571/6443/194
f 2571/6443/194 2927/6440/194 2928/6444/194
f 2928/6444/194 2927/6440/194 2929/6445/194
f 2928/6444/194 2929/6445/194 2930/6446/194
f 2930/6446/194 2929/6445/194 2536/6447/194
f 2536/6447/194 2929/6445/194 2537/6448/194
f 2537/6448/194 2929/6445/194 2931/6449/194
f 2537/6448/194 2931/6449/194 2532/6450/194
f 2532/6450/194 2931/6449/194 2932/6451/194
f 2532/6450/194 2932/6451/194 2530/6452/194
f 2530/6452/194 2932/6451/194 2933/6453/194
f 2530/6452/194 2933/6453/194 2557/6454/194
f 2557/6454/194 2933/6453/194 2558/6455/194
f 2558/6455/194 2933/6453/194 2559/6456/194
f 2559/6456/194 2933/6453/194 2560/6457/194
f 2560/6457/194 2933/6453/194 2934/6458/194
f 2560/6457/194 2934/6458/194 2529/6459/194
f 2529/6459/194 2934/6458/194 2935/6460/194
f 2529/6459/194 2935/6460/194 2490/6461/194
f 2490/6461/194 2935/6460/194 2488/6462/194
f 2488/6462/194 2935/6460/194 2936/6463/194
f 2488/6462/194 2936/6463/194 2486/6464/194
f 2486/6464/194 2936/6463/194 2484/6465/194
f 2484/6465/194 2936/6463/194 2937/6466/194
f 2484/6465/194 2937/6466/194 2482/6467/194
f 2482/6467/194 2937/6466/194 2938/6468/194
f 2482/6467/194 2938/6468/194 2480/6469/194
f 2480/6469/194 2938/6468/194 2478/6470/194
f 2478/6470/194 2938/6468/194 2498/6471/194
f 2498/6471/194 2938/6468/194 2939/6472/194
f 2498/6471/194 2939/6472/194 2496/6473/194
f 2496/6473/194 2939/6472/194 2940/6474/194
f 2496/6473/194 2940/6474/194 2494/6475/194
f 2494/6475/194 2940/6474/194 2941/6476/194
f 2494/6475/194 2941/6476/194 2492/6477/194
f 2492/6477/194 2941/6476/194 2515/6478/194
f 2515/6478/194 2941/6476/194 2516/6479/194
f 2516/6479/194 2941/6476/194 2902/6326/194
f 2516/6479/194 2902/6326/194 2517/6480/194
f 2517/6480/194 2902/6326/194 2520/6328/194
f 2924/6437/194 2942/6481/194 2925/6438/194
f 2925/6438/194 2942/6481/194 2943/6482/194
f 2943/6482/194 2942/6481/194 2944/6483/194
f 2943/6482/194 2944/6483/194 2945/6484/194
f 2945/6484/194 2944/6483/194 2946/6485/194
f 2945/6484/194 2946/6485/194 2947/6486/194
f 2947/6486/194 2946/6485/194 2948/6487/194
f 2947/6486/194 2948/6487/194 2588/6488/194
f 2588/6488/194 2948/6487/194 2586/6489/194
f 2586/6489/194 2948/6487/194 2949/6490/194
f 2586/6489/194 2949/6490/194 2584/6491/194
f 2584/6491/194 2949/6490/194 2950/6492/194
f 2584/6491/194 2950/6492/194 2607/6493/194
f 2607/6493/194 2950/6492/194 2608/6494/194
f 2608/6494/194 2950/6492/194 2609/6495/194
f 2609/6495/194 2950/6492/194 2951/6496/194
f 2609/6495/194 2951/6496/194 2612/6497/194
f 2612/6497/194 2951/6496/194 2611/6498/194
f 2611/6498/194 2951/6496/194 2926/6439/194
f 2611/6498/194 2926/6439/194 2569/6441/194
f 2880/6265/194 2952/6499/194 2696/6263/194
f 2696/6263/194 2952/6499/194 2694/6500/194
f 2694/6500/194 2952/6499/194 2693/6501/194
f 2693/6501/194 2952/6499/194 2953/6502/194
f 2693/6501/194 2953/6502/194 2692/6503/194
f 2692/6503/194 2953/6502/194 2691/6504/194
f 2691/6504/194 2953/6502/194 2690/6505/194
f 2690/6505/194 2953/6502/194 2954/6506/194
f 2690/6505/194 2954/6506/194 2689/6507/194
f 2689/6507/194 2954/6506/194 2955/6508/194
f 2689/6507/194 2955/6508/194 2688/6509/194
f 2688/6509/194 2955/6508/194 2956/6510/194
f 2688/6509/194 2956/6510/194 2661/6511/194
f 2661/6511/194 2956/6510/194 2658/6512/194
f 2658/6512/194 2956/6510/194 2572/6513/194
f 2658/6512/194 2572/6513/194 2574/6514/194
f 2955/6508/194 2957/6515/194 2956/6510/194
f 2956/6510/194 2957/6515/194 2958/6516/194
f 2958/6516/194 2957/6515/194 2959/6517/194
f 2958/6516/194 2959/6517/194 2960/6518/194
f 2960/6518/194 2959/6517/194 2961/6519/194
f 2960/6518/194 2961/6519/194 2882/6267/194
f 2882/6267/194 2961/6519/194 2962/6520/194
f 2882/6267/194 2962/6520/194 2880/6265/194
f 2885/6277/194 2963/6521/194 2884/6275/194
f 2884/6275/194 2963/6521/194 2964/6522/194
f 2964/6522/194 2963/6521/194 2965/6523/194
f 2964/6522/194 2965/6523/194 2966/6524/194
f 2966/6524/194 2965/6523/194 2967/6525/194
f 2966/6524/194 2967/6525/194 2920/6424/194
f 2920/6424/194 2967/6525/194 2919/6422/194
f 2937/6466/194 2968/6526/194 2938/6468/194
f 2938/6468/194 2968/6526/194 2969/6527/194
f 2969/6527/194 2968/6526/194 2970/6528/194
f 2969/6527/194 2970/6528/194 2971/6529/194
f 2971/6529/194 2970/6528/194 2972/6530/194
f 2971/6529/194 2972/6530/194 2931/6449/194
f 2931/6449/194 2972/6530/194 2932/6451/194
f 2956/6510/194 2947/6486/194 2572/6513/194
f 2572/6513/194 2947/6486/194 2590/6531/194
f 2590/6531/194 2947/6486/194 2588/6488/194
f 2973/6532/194 2974/6533/194 2939/6472/194
f 2939/6472/194 2974/6533/194 2975/6534/194
f 2939/6472/194 2975/6534/194 2940/6474/194
f 2973/6532/194 2976/6535/194 2974/6533/194
f 2974/6533/194 2976/6535/194 2897/6315/194
f 2974/6533/194 2897/6315/194 2898/6317/194
f 2896/6313/194 2895/6312/194 2977/6536/194
f 2977/6536/194 2895/6312/194 2978/6537/194
f 2977/6536/194 2978/6537/194 2979/6538/194
f 2979/6538/194 2921/6428/194 2977/6536/194
f 2977/6536/194 2921/6428/194 2980/6539/194
f 2980/6539/194 2921/6428/194 2922/6430/194
f 2917/6404/194 2621/6406/194 2981/6540/194
f 2981/6540/194 2621/6406/194 2619/6541/194
f 2981/6540/194 2619/6541/194 2618/6542/194
f 2908/6352/194 2981/6540/194 2614/6355/194
f 2614/6355/194 2981/6540/194 2613/6543/194
f 2613/6543/194 2981/6540/194 2617/6544/194
f 2617/6544/194 2981/6540/194 2618/6542/194
f 2561/6346/194 2560/6457/194 2528/6344/194
f 2528/6344/194 2560/6457/194 2529/6459/194
f 2569/6441/194 2568/6545/194 2611/6498/194
f 2611/6498/194 2568/6545/194 2610/6546/194
f 2610/6546/194 2568/6545/194 2567/6547/194
f 2610/6546/194 2567/6547/194 2615/6548/194
f 2615/6548/194 2567/6547/194 2563/6549/194
f 2615/6548/194 2563/6549/194 2616/6356/194
f 2616/6356/194 2563/6549/194 2564/6354/194
f 2658/6512/194 2574/6514/194 2656/6550/194
f 2656/6550/194 2574/6514/194 2576/6414/194
f 2656/6550/194 2576/6414/194 2654/6416/194
f 2913/6375/194 2879/6260/194 2664/6377/194
f 2664/6377/194 2879/6260/194 2662/6551/194
f 2662/6551/194 2879/6260/194 2685/6552/194
f 2685/6552/194 2879/6260/194 2686/6262/194
f 2610/6553/189 2615/6554/189 2596/6555/189
f 2596/6555/189 2615/6554/189 2597/6556/189
f 2863/6557/211 2868/6558/211 2831/6559/211
f 2831/6559/211 2868/6558/211 2829/6560/211
f 2518/6561/195 2523/6562/195 2502/6563/195
f 2502/6563/195 2523/6562/195 2506/6564/195
f 2853/6565/226 2858/6566/210 2810/6567/210
f 2810/6567/210 2858/6566/210 2823/6568/227
f 2478/6569/188 2498/6570/189 2479/6571/189
f 2479/6571/189 2498/6570/189 2499/6572/189
f 2572/6573/210 2590/6574/210 2573/6575/210
f 2573/6575/210 2590/6574/210 2591/6576/210
f 2803/6577/215 2836/6578/215 2802/6579/215
f 2802/6579/215 2836/6578/215 2873/6580/215
f 2536/6581/190 2535/6582/201 2930/6583/190
f 2930/6583/190 2535/6582/201 2545/6584/190
f 2930/6583/190 2545/6584/190 2928/6585/228
f 2928/6585/228 2545/6584/190 2547/6586/229
f 2928/6585/228 2547/6586/229 2571/6587/209
f 2571/6587/209 2547/6586/229 2553/6588/189
f 2541/6589/204 2562/6590/205 2539/6591/193
f 2539/6591/193 2562/6590/205 2906/6592/193
f 2539/6591/193 2906/6592/193 2546/6593/230
f 2546/6593/230 2906/6592/193 2907/6594/193
f 2546/6593/230 2907/6594/193 2548/6595/207
f 2548/6595/207 2907/6594/193 2565/6596/193
f 2982/6597/208 2882/6598/190 2983/6599/208
f 2983/6599/208 2882/6598/190 2881/6600/190
f 2983/6599/208 2881/6600/190 2883/6601/189
f 2884/6602/202 2984/6603/189 2883/6601/189
f 2883/6601/189 2984/6603/189 2985/6604/189
f 2883/6601/189 2985/6604/189 2983/6599/208
f 2986/6605/193 2931/6606/193 2987/6607/196
f 2987/6607/196 2931/6606/193 2929/6608/193
f 2987/6607/196 2929/6608/193 2927/6609/231
f 2925/6610/197 2988/6611/197 2927/6609/231
f 2927/6609/231 2988/6611/197 2989/6612/197
f 2927/6609/231 2989/6612/197 2987/6607/196
f 2990/6613/197 2879/6614/210 2991/6615/210
f 2991/6615/210 2879/6614/210 2913/6616/190
f 2991/6615/210 2913/6616/190 2992/6617/190
f 2992/6617/190 2913/6616/190 2912/6618/190
f 2992/6617/190 2912/6618/190 2993/6619/232
f 2993/6619/232 2912/6618/190 2914/6620/200
f 2993/6619/232 2914/6620/200 2994/6621/189
f 2994/6621/189 2914/6620/200 2915/6622/189
f 2994/6621/189 2915/6622/189 2995/6623/202
f 2995/6624/202 2915/6625/189 2916/6626/230
f 2995/6624/202 2916/6626/230 2996/6627/193
f 2996/6627/193 2916/6626/230 2889/6628/193
f 2996/6627/193 2889/6628/193 2997/6629/214
f 2997/6629/214 2889/6628/193 2890/6630/199
f 2997/6629/214 2890/6630/199 2998/6631/197
f 2998/6631/197 2890/6630/199 2878/6632/197
f 2998/6631/197 2878/6632/197 2990/6613/197
f 2990/6613/197 2878/6632/197 2879/6614/210
f 2999/6633/194 2995/6634/194 3000/6635/194
f 3000/6635/194 2995/6634/194 2996/6636/194
f 3000/6635/194 2996/6636/194 3001/6637/194
f 3001/6637/194 2996/6636/194 2997/6638/194
f 3001/6637/194 2997/6638/194 3002/6639/194
f 3002/6639/194 2997/6638/194 2998/6640/194
f 3002/6639/194 2998/6640/194 3003/6641/194
f 3003/6641/194 2998/6640/194 2990/6642/194
f 3003/6641/194 2990/6642/194 3004/6643/194
f 3004/6643/194 2990/6642/194 2991/6644/194
f 3004/6643/194 2991/6644/194 3005/6645/194
f 3005/6645/194 2991/6644/194 2992/6646/194
f 3005/6645/194 2992/6646/194 3006/6647/194
f 3006/6647/194 2992/6646/194 2993/6648/194
f 3006/6647/194 2993/6648/194 3007/6649/194
f 3007/6649/194 2993/6648/194 2994/6650/194
f 3007/6649/194 2994/6650/194 2999/6633/194
f 2999/6633/194 2994/6650/194 2995/6634/194
f 3008/6651/197 2902/6652/210 3009/6653/210
f 3009/6653/210 2902/6652/210 2941/6654/190
f 3009/6653/210 2941/6654/190 3010/6655/190
f 3010/6655/190 2941/6654/190 2940/6656/190
f 3010/6655/190 2940/6656/190 3011/6657/191
f 3011/6657/191 2940/6656/190 2975/6658/200
f 3011/6657/191 2975/6658/200 3012/6659/189
f 3012/6659/189 2975/6658/200 2974/6660/189
f 3012/6659/189 2974/6660/189 3013/6661/200
f 3013/6662/200 2974/6663/189 2898/6664/193
f 3013/6662/200 2898/6664/193 3014/6665/193
f 3014/6665/193 2898/6664/193 2899/6666/193
f 3014/6665/193 2899/6666/193 3015/6667/196
f 3015/6667/196 2899/6666/193 2900/6668/216
f 3015/6667/196 2900/6668/216 3016/6669/197
f 3016/6669/197 2900/6668/216 2901/6670/197
f 3016/6669/197 2901/6670/197 3008/6651/197
f 3008/6651/197 2901/6670/197 2902/6652/210
f 3017/6671/194 3013/6672/194 3018/6673/194
f 3018/6673/194 3013/6672/194 3014/6674/194
f 3018/6673/194 3014/6674/194 3019/6675/194
f 3019/6675/194 3014/6674/194 3015/6676/194
f 3019/6675/194 3015/6676/194 3020/6677/194
f 3020/6677/194 3015/6676/194 3016/6678/194
f 3020/6677/194 3016/6678/194 3021/6679/194
f 3021/6679/194 3016/6678/194 3008/6680/194
f 3021/6679/194 3008/6680/194 3022/6681/194
f 3022/6681/194 3008/6680/194 3009/6682/194
f 3022/6681/194 3009/6682/194 3023/6683/194
f 3023/6683/194 3009/6682/194 3010/6684/194
f 3023/6683/194 3010/6684/194 3024/6685/194
f 3024/6685/194 3010/6684/194 3011/6686/194
f 3024/6685/194 3011/6686/194 3025/6687/194
f 3025/6687/194 3011/6686/194 3012/6688/194
f 3025/6687/194 3012/6688/194 3017/6671/194
f 3017/6671/194 3012/6688/194 3013/6672/194
f 3026/6689/197 2892/6690/210 3027/6691/210
f 3027/6691/210 2892/6690/210 2891/6692/190
f 3027/6691/210 2891/6692/190 3028/6693/190
f 3028/6693/190 2891/6692/190 2893/6694/190
f 3028/6693/190 2893/6694/190 3029/6695/190
f 3029/6695/190 2893/6694/190 2894/6696/213
f 3029/6695/190 2894/6696/213 3030/6697/189
f 3030/6697/189 2894/6696/213 2896/6698/189
f 3030/6697/189 2896/6698/189 3031/6699/189
f 3031/6700/189 2896/6701/189 2977/6702/193
f 3031/6700/189 2977/6702/193 3032/6703/193
f 3032/6703/193 2977/6702/193 2980/6704/193
f 3032/6703/193 2980/6704/193 3033/6705/207
f 3033/6705/207 2980/6704/193 2922/6706/199
f 3033/6705/207 2922/6706/199 3034/6707/197
f 3034/6707/197 2922/6706/199 2923/6708/197
f 3034/6707/197 2923/6708/197 3026/6689/197
f 3026/6689/197 2923/6708/197 2892/6690/210
f 3035/6709/194 3031/6710/194 3036/6711/194
f 3036/6711/194 3031/6710/194 3032/6712/194
f 3036/6711/194 3032/6712/194 3037/6713/194
f 3037/6713/194 3032/6712/194 3033/6714/194
f 3037/6713/194 3033/6714/194 3038/6715/194
f 3038/6715/194 3033/6714/194 3034/6716/194
f 3038/6715/194 3034/6716/194 3039/6717/194
f 3039/6717/194 3034/6716/194 3026/6718/194
f 3039/6717/194 3026/6718/194 3040/6719/194
f 3040/6719/194 3026/6718/194 3027/6720/194
f 3040/6719/194 3027/6720/194 3041/6721/194
f 3041/6721/194 3027/6720/194 3028/6722/194
f 3041/6721/194 3028/6722/194 3042/6723/194
f 3042/6723/194 3028/6722/194 3029/6724/194
f 3042/6723/194 3029/6724/194 3043/6725/194
f 3043/6725/194 3029/6724/194 3030/6726/194
f 3043/6725/194 3030/6726/194 3035/6709/194
f 3035/6709/194 3030/6726/194 3031/6710/194
f 3044/6727/197 2981/6728/210 3045/6729/210
f 3045/6729/210 2981/6728/210 2908/6730/190
f 3045/6729/210 2908/6730/190 3046/6731/190
f 3046/6731/190 2908/6730/190 2905/6732/190
f 3046/6731/190 2905/6732/190 3047/6733/191
f 3047/6733/191 2905/6732/190 2904/6734/200
f 3047/6733/191 2904/6734/200 3048/6735/189
f 3048/6735/189 2904/6734/200 2903/6736/189
f 3048/6735/189 2903/6736/189 3049/6737/189
f 3049/6738/189 2903/6739/189 2909/6740/214
f 3049/6738/189 2909/6740/214 3050/6741/193
f 3050/6741/193 2909/6740/214 2910/6742/193
f 3050/6741/193 2910/6742/193 3051/6743/214
f 3051/6743/214 2910/6742/193 2911/6744/197
f 3051/6743/214 2911/6744/197 3052/6745/197
f 3052/6745/197 2911/6744/197 2917/6746/197
f 3052/6745/197 2917/6746/197 3044/6727/197
f 3044/6727/197 2917/6746/197 2981/6728/210
f 3053/6747/194 3049/6748/194 3054/6749/194
f 3054/6749/194 3049/6748/194 3050/6750/194
f 3054/6749/194 3050/6750/194 3055/6751/194
f 3055/6751/194 3050/6750/194 3051/6752/194
f 3055/6751/194 3051/6752/194 3056/6753/194
f 3056/6753/194 3051/6752/194 3052/6754/194
f 3056/6753/194 3052/6754/194 3057/6755/194
f 3057/6755/194 3052/6754/194 3044/6756/194
f 3057/6755/194 3044/6756/194 3058/6757/194
f 3058/6757/194 3044/6756/194 3045/6758/194
f 3058/6757/194 3045/6758/194 3059/6759/194
f 3059/6759/194 3045/6758/194 3046/6760/194
f 3059/6759/194 3046/6760/194 3060/6761/194
f 3060/6761/194 3046/6760/194 3047/6762/194
f 3060/6761/194 3047/6762/194 3061/6763/194
f 3061/6763/194 3047/6762/194 3048/6764/194
f 3061/6763/194 3048/6764/194 3053/6747/194
f 3053/6747/194 3048/6764/194 3049/6748/194
f 2951/6765/214 3062/6766/193 2926/6767/215
f 2926/6767/215 3062/6766/193 3063/6768/215
f 2926/6769/215 3063/6770/215 2924/6771/189
f 2924/6771/189 3063/6770/215 3064/6772/189
f 2924/6771/189 3064/6772/189 2942/6773/189
f 2942/6773/189 3064/6772/189 3065/6774/189
f 2942/6773/189 3065/6774/189 2944/6775/190
f 2944/6775/190 3065/6774/189 3066/6776/190
f 2944/6775/190 3066/6776/190 2946/6777/208
f 2946/6777/208 3066/6776/190 3067/6778/190
f 2946/6777/208 3067/6778/190 2948/6779/197
f 2948/6779/197 3067/6778/190 3068/6780/197
f 2948/6779/197 3068/6780/197 2949/6781/198
f 2949/6781/198 3068/6780/197 3069/6782/197
f 2949/6781/198 3069/6782/197 2950/6783/193
f 2950/6783/193 3069/6782/197 3070/6784/193
f 2950/6783/193 3070/6784/193 2951/6765/214
f 2951/6765/214 3070/6784/193 3062/6766/193
f 2962/6785/193 3071/6786/193 2880/6787/215
f 2880/6787/215 3071/6786/193 3072/6788/215
f 2880/6789/215 3072/6790/215 2952/6791/189
f 2952/6791/189 3072/6790/215 3073/6792/189
f 2952/6791/189 3073/6792/189 2953/6793/189
f 2953/6793/189 3073/6792/189 3074/6794/189
f 2953/6793/189 3074/6794/189 2954/6795/190
f 2954/6795/190 3074/6794/189 3075/6796/190
f 2954/6795/190 3075/6796/190 2955/6797/190
f 2955/6797/190 3075/6796/190 3076/6798/190
f 2955/6797/190 3076/6798/190 2957/6799/197
f 2957/6799/197 3076/6798/190 3077/6800/206
f 2957/6799/197 3077/6800/206 2959/6801/198
f 2959/6801/198 3077/6800/206 3078/6802/197
f 2959/6801/198 3078/6802/197 2961/6803/193
f 2961/6803/193 3078/6802/197 3079/6804/230
f 2961/6803/193 3079/6804/230 2962/6785/193
f 2962/6785/193 3079/6804/230 3071/6786/193
f 2967/6805/196 3080/6806/193 2919/6807/215
f 2919/6807/215 3080/6806/193 3081/6808/215
f 2919/6809/215 3081/6810/215 2918/6811/189
f 2918/6811/189 3081/6810/215 3082/6812/189
f 2918/6811/189 3082/6812/189 2888/6813/189
f 2888/6813/189 3082/6812/189 3083/6814/189
f 2888/6813/189 3083/6814/189 2887/6815/190
f 2887/6815/190 3083/6814/189 3084/6816/190
f 2887/6815/190 3084/6816/190 2886/6817/190
f 2886/6817/190 3084/6816/190 3085/6818/190
f 2886/6817/190 3085/6818/190 2885/6819/197
f 2885/6819/197 3085/6818/190 3086/6820/197
f 2885/6819/197 3086/6820/197 2963/6821/197
f 2963/6821/197 3086/6820/197 3087/6822/197
f 2963/6821/197 3087/6822/197 2965/6823/193
f 2965/6823/193 3087/6822/197 3088/6824/193
f 2965/6823/193 3088/6824/193 2967/6805/196
f 2967/6805/196 3088/6824/193 3080/6806/193
f 2936/6825/193 3089/6826/193 2937/6827/215
f 2937/6827/215 3089/6826/193 3090/6828/215
f 2937/6829/215 3090/6830/215 2968/6831/189
f 2968/6831/189 3090/6830/215 3091/6832/189
f 2968/6831/189 3091/6832/189 2970/6833/202
f 2970/6833/202 3091/6832/189 3092/6834/189
f 2970/6833/202 3092/6834/189 2972/6835/190
f 2972/6835/190 3092/6834/189 3093/6836/190
f 2972/6835/190 3093/6836/190 2932/6837/192
f 2932/6837/192 3093/6836/190 3094/6838/190
f 2932/6837/192 3094/6838/190 2933/6839/197
f 2933/6839/197 3094/6838/190 3095/6840/197
f 2933/6839/197 3095/6840/197 2934/6841/197
f 2934/6841/197 3095/6840/197 3096/6842/197
f 2934/6841/197 3096/6842/197 2935/6843/193
f 2935/6843/193 3096/6842/197 3097/6844/193
f 2935/6843/193 3097/6844/193 2936/6825/193
f 2936/6825/193 3097/6844/193 3089/6826/193
f 3001/6845/196 3098/6846/193 3000/6847/215
f 3000/6847/215 3098/6846/193 3099/6848/215
f 3000/6849/215 3099/6850/215 2999/6851/189
f 2999/6851/189 3099/6850/215 3100/6852/189
f 2999/6851/189 3100/6852/189 3007/6853/188
f 3007/6853/188 3100/6852/189 3101/6854/189
f 3007/6853/188 3101/6854/189 3006/6855/190
f 3006/6855/190 3101/6854/189 3102/6856/190
f 3006/6855/190 3102/6856/190 3005/6857/190
f 3005/6857/190 3102/6856/190 3103/6858/190
f 3005/6857/190 3103/6858/190 3004/6859/197
f 3004/6859/197 3103/6858/190 3104/6860/216
f 3004/6859/197 3104/6860/216 3003/6861/197
f 3003/6861/197 3104/6860/216 3105/6862/197
f 3003/6861/197 3105/6862/197 3002/6863/193
f 3002/6863/193 3105/6862/197 3106/6864/193
f 3002/6863/193 3106/6864/193 3001/6845/196
f 3001/6845/196 3106/6864/193 3098/6846/193
f 3037/6865/193 3107/6866/193 3036/6867/215
f 3036/6867/215 3107/6866/193 3108/6868/215
f 3036/6869/215 3108/6870/215 3035/6871/189
f 3035/6871/189 3108/6870/215 3109/6872/189
f 3035/6871/189 3109/6872/189 3043/6873/202
f 3043/6873/202 3109/6872/189 3110/6874/189
f 3043/6873/202 3110/6874/189 3042/6875/190
f 3042/6875/190 3110/6874/189 3111/6876/192
f 3042/6875/190 3111/6876/192 3041/6877/208
f 3041/6877/208 3111/6876/192 3112/6878/190
f 3041/6877/208 3112/6878/190 3040/6879/197
f 3040/6879/197 3112/6878/190 3113/6880/197
f 3040/6879/197 3113/6880/197 3039/6881/206
f 3039/6881/206 3113/6880/197 3114/6882/197
f 3039/6881/206 3114/6882/197 3038/6883/193
f 3038/6883/193 3114/6882/197 3115/6884/193
f 3038/6883/193 3115/6884/193 3037/6865/193
f 3037/6865/193 3115/6884/193 3107/6866/193
f 3019/6885/193 3116/6886/193 3018/6887/215
f 3018/6887/215 3116/6886/193 3117/6888/215
f 3018/6889/215 3117/6890/215 3017/6891/189
f 3017/6891/189 3117/6890/215 3118/6892/189
f 3017/6891/189 3118/6892/189 3025/6893/189
f 3025/6893/189 3118/6892/189 3119/6894/189
f 3025/6893/189 3119/6894/189 3024/6895/190
f 3024/6895/190 3119/6894/189 3120/6896/190
f 3024/6895/190 3120/6896/190 3023/6897/190
f 3023/6897/190 3120/6896/190 3121/6898/190
f 3023/6897/190 3121/6898/190 3022/6899/197
f 3022/6899/197 3121/6898/190 3122/6900/199
f 3022/6899/197 3122/6900/199 3021/6901/206
f 3021/6901/206 3122/6900/199 3123/6902/197
f 3021/6901/206 3123/6902/197 3020/6903/193
f 3020/6903/193 3123/6902/197 3124/6904/193
f 3020/6903/193 3124/6904/193 3019/6885/193
f 3019/6885/193 3124/6904/193 3116/6886/193
f 3055/6905/193 3125/6906/193 3054/6907/215
f 3054/6907/215 3125/6906/193 3126/6908/215
f 3054/6909/215 3126/6910/215 3053/6911/189
f 3053/6911/189 3126/6910/215 3127/6912/189
f 3053/6911/189 3127/6912/189 3061/6913/233
f 3061/6913/233 3127/6912/189 3128/6914/189
f 3061/6913/233 3128/6914/189 3060/6915/190
f 3060/6915/190 3128/6914/189 3129/6916/190
f 3060/6915/190 3129/6916/190 3059/6917/190
f 3059/6917/190 3129/6916/190 3130/6918/190
f 3059/6917/190 3130/6918/190 3058/6919/197
f 3058/6919/197 3130/6918/190 3131/6920/197
f 3058/6919/197 3131/6920/197 3057/6921/197
f 3057/6921/197 3131/6920/197 3132/6922/197
f 3057/6921/197 3132/6922/197 3056/6923/193
f 3056/6923/193 3132/6922/197 3133/6924/234
f 3056/6923/193 3133/6924/234 3055/6905/193
f 3055/6905/193 3133/6924/234 3125/6906/193
f 2931/6925/193 2986/6926/193 2971/6927/193
f 2971/6927/193 2986/6926/193 3134/6928/230
f 2971/6927/193 3134/6928/230 3135/6929/197
f 3136/6930/197 2938/6931/197 3135/6929/197
f 3135/6929/197 2938/6931/197 2969/6932/216
f 3135/6929/197 2969/6932/216 2971/6927/193
f 3136/6933/197 3137/6934/197 2938/6935/197
f 2938/6935/197 3137/6934/197 2939/6936/197
f 2939/6937/197 3137/6938/197 2973/6939/197
f 2973/6939/197 3137/6938/197 3138/6940/198
f 2973/6939/197 3138/6940/198 3139/6941/199
f 3140/6942/210 2897/6943/226 3139/6941/199
f 3139/6941/199 2897/6943/226 2976/6944/197
f 3139/6941/199 2976/6944/197 2973/6939/197
f 3140/6945/210 3141/6946/210 2897/6947/226
f 2897/6947/226 3141/6946/210 2895/6948/210
f 2895/6949/210 3141/6950/210 2978/6951/232
f 2978/6951/232 3141/6950/210 3142/6952/190
f 2978/6951/232 3142/6952/190 3143/6953/190
f 3144/6954/190 2921/6955/190 3143/6953/190
f 3143/6953/190 2921/6955/190 2979/6956/192
f 3143/6953/190 2979/6956/192 2978/6951/232
f 3144/6957/190 3145/6958/192 2921/6959/190
f 2921/6959/190 3145/6958/192 2920/6960/190
f 2920/6961/190 3145/6962/192 2966/6963/190
f 2966/6963/190 3145/6962/192 3146/6964/191
f 2966/6963/190 3146/6964/191 3147/6965/189
f 2984/6966/189 2884/6967/202 3147/6965/189
f 3147/6965/189 2884/6967/202 2964/6968/235
f 3147/6965/189 2964/6968/235 2966/6963/190
f 2882/6969/190 2982/6970/208 2960/6971/213
f 2960/6971/213 2982/6970/208 3148/6972/189
f 2960/6971/213 3148/6972/189 2958/6973/189
f 2958/6973/189 3148/6972/189 3149/6974/189
f 2958/6973/189 3149/6974/189 2956/6975/236
f 2956/6975/236 3149/6974/189 3150/6976/215
f 3150/6977/215 3151/6978/237 2956/6979/236
f 2956/6979/236 3151/6978/237 2947/6980/215
f 2947/6981/215 3151/6982/237 2945/6983/193
f 2945/6983/193 3151/6982/237 3152/6984/193
f 2945/6983/193 3152/6984/193 2943/6985/193
f 2943/6985/193 3152/6984/193 3153/6986/193
f 2943/6985/193 3153/6986/193 2925/6987/197
f 2925/6987/197 3153/6986/193 2988/6988/197
f 3147/6989/238 3087/6990/238 2984/6991/238
f 2984/6991/238 3087/6990/238 3086/6992/238
f 2984/6991/238 3086/6992/238 2985/6993/238
f 2985/6993/238 3086/6992/238 3085/6994/238
f 2985/6993/238 3085/6994/238 3106/6995/238
f 3106/6995/238 3085/6994/238 3098/6996/238
f 3098/6996/238 3085/6994/238 3084/6997/238
f 3098/6996/238 3084/6997/238 3083/6998/238
f 3087/6990/238 3147/6989/238 3088/6999/238
f 3088/6999/238 3147/6989/238 3146/7000/238
f 3088/6999/238 3146/7000/238 3080/7001/238
f 3080/7001/238 3146/7000/238 3145/7002/238
f 3080/7001/238 3145/7002/238 3081/7003/238
f 3081/7003/238 3145/7002/238 3114/7004/238
f 3081/7003/238 3114/7004/238 3113/7005/238
f 3145/7002/238 3144/7006/238 3114/7004/238
f 3114/7004/238 3144/7006/238 3115/7007/238
f 3115/7007/238 3144/7006/238 3107/7008/238
f 3107/7008/238 3144/7006/238 3143/7009/238
f 3107/7008/238 3143/7009/238 3108/7010/238
f 3108/7010/238 3143/7009/238 3142/7011/238
f 3108/7010/238 3142/7011/238 3141/7012/238
f 3140/7013/238 3116/7014/238 3141/7012/238
f 3141/7012/238 3116/7014/238 3109/7015/238
f 3141/7012/238 3109/7015/238 3108/7010/238
f 3116/7014/238 3140/7013/238 3117/7016/238
f 3117/7016/238 3140/7013/238 3139/7017/238
f 3117/7016/238 3139/7017/238 3138/7018/238
f 3117/7016/238 3138/7018/238 3118/7019/238
f 3118/7019/238 3138/7018/238 3137/7020/238
f 3118/7019/238 3137/7020/238 3119/7021/238
f 3119/7021/238 3137/7020/238 3120/7022/238
f 3120/7022/238 3137/7020/238 3136/7023/238
f 3120/7022/238 3136/7023/238 3090/7024/238
f 3090/7024/238 3136/7023/238 3091/7025/238
f 3091/7025/238 3136/7023/238 3135/7026/238
f 3091/7025/238 3135/7026/238 3092/7027/238
f 3092/7027/238 3135/7026/238 3134/7028/238
f 3092/7027/238 3134/7028/238 3093/7029/238
f 3093/7029/238 3134/7028/238 2986/7030/238
f 3093/7029/238 2986/7030/238 3094/7031/238
f 3094/7031/238 2986/7030/238 2987/7032/238
f 3094/7031/238 2987/7032/238 3095/7033/238
f 3095/7033/238 2987/7032/238 3128/7034/238
f 3095/7033/238 3128/7034/238 3127/7035/238
f 3128/7034/238 2987/7032/238 3129/7036/238
f 3129/7036/238 2987/7032/238 2989/7037/238
f 3129/7036/238 2989/7037/238 3130/7038/238
f 3130/7038/238 2989/7037/238 3062/7039/238
f 3130/7038/238 3062/7039/238 3070/7040/238
f 3062/7039/238 2989/7037/238 3063/7041/238
f 3063/7041/238 2989/7037/238 2988/7042/238
f 3063/7041/238 2988/7042/238 3064/7043/238
f 3064/7043/238 2988/7042/238 3065/7044/238
f 3065/7044/238 2988/7042/238 3153/7045/238
f 3065/7044/238 3153/7045/238 3066/7046/238
f 3066/7046/238 3153/7045/238 3152/7047/238
f 3066/7046/238 3152/7047/238 3067/7048/238
f 3067/7048/238 3152/7047/238 3151/7049/238
f 3067/7048/238 3151/7049/238 3068/7050/238
f 3068/7050/238 3151/7049/238 3069/7051/238
f 3069/7051/238 3151/7049/238 3150/7052/238
f 3069/7051/238 3150/7052/238 3075/7053/238
f 3075/7053/238 3150/7052/238 3076/7054/238
f 3076/7054/238 3150/7052/238 3077/7055/238
f 3077/7055/238 3150/7052/238 3149/7056/238
f 3077/7055/238 3149/7056/238 3078/7057/238
f 3078/7057/238 3149/7056/238 3148/7058/238
f 3078/7057/238 3148/7058/238 3079/7059/238
f 3079/7059/238 3148/7058/238 2982/7060/238
f 3079/7059/238 2982/7060/238 3071/7061/238
f 3071/7061/238 2982/7060/238 3072/7062/238
f 3072/7062/238 2982/7060/238 2983/7063/238
f 3072/7062/238 2983/7063/238 3073/7064/238
f 3073/7064/238 2983/7063/238 3104/7065/238
f 3073/7064/238 3104/7065/238 3074/7066/238
f 3074/7066/238 3104/7065/238 3103/7067/238
f 3074/7066/238 3103/7067/238 3075/7053/238
f 3075/7053/238 3103/7067/238 3131/7068/238
f 3075/7053/238 3131/7068/238 3069/7051/238
f 3069/7051/238 3131/7068/238 3070/7040/238
f 3070/7040/238 3131/7068/238 3130/7038/238
f 3104/7065/238 2983/7063/238 3105/7069/238
f 3105/7069/238 2983/7063/238 2985/6993/238
f 3105/7069/238 2985/6993/238 3106/6995/238
f 3125/7070/238 3122/7071/238 3126/7072/238
f 3126/7072/238 3122/7071/238 3097/7073/238
f 3126/7072/238 3097/7073/238 3127/7035/238
f 3127/7035/238 3097/7073/238 3096/7074/238
f 3127/7035/238 3096/7074/238 3095/7033/238
f 3133/7075/238 3100/7076/238 3125/7070/238
f 3125/7070/238 3100/7076/238 3112/7077/238
f 3125/7070/238 3112/7077/238 3122/7071/238
f 3122/7071/238 3112/7077/238 3123/7078/238
f 3123/7078/238 3112/7077/238 3111/7079/238
f 3123/7078/238 3111/7079/238 3124/7080/238
f 3124/7080/238 3111/7079/238 3110/7081/238
f 3124/7080/238 3110/7081/238 3116/7014/238
f 3116/7014/238 3110/7081/238 3109/7015/238
f 3132/7082/238 3102/7083/238 3133/7075/238
f 3133/7075/238 3102/7083/238 3101/7084/238
f 3133/7075/238 3101/7084/238 3100/7076/238
f 3132/7082/238 3131/7068/238 3102/7083/238
f 3102/7083/238 3131/7068/238 3103/7067/238
f 3122/7071/238 3121/7085/238 3097/7073/238
f 3097/7073/238 3121/7085/238 3089/7086/238
f 3089/7086/238 3121/7085/238 3090/7024/238
f 3090/7024/238 3121/7085/238 3120/7022/238
f 3112/7077/238 3083/6998/238 3113/7005/238
f 3113/7005/238 3083/6998/238 3082/7087/238
f 3113/7005/238 3082/7087/238 3081/7003/238
f 3098/6996/238 3083/6998/238 3099/7088/238
f 3099/7088/238 3083/6998/238 3112/7077/238
f 3099/7088/238 3112/7077/238 3100/7076/238
