# Blender v2.79 (sub 0) OBJ File: ''
# www.blender.org
mtllib ankle_r_pitch_passive.mtl
o ankle_r_pitch_passive
v -0.071250 -0.013850 -0.006000
v -0.071250 -0.013850 0.006084
v -0.071250 -0.012084 0.007850
v -0.071250 0.012084 0.007850
v -0.071250 0.013850 0.006084
v -0.071250 0.013850 -0.006000
v -0.071250 0.009400 -0.006000
v -0.071250 0.009400 -0.008200
v -0.071250 0.006100 -0.011500
v -0.071250 -0.006100 -0.011500
v -0.071250 -0.009400 -0.008200
v -0.071250 -0.009400 -0.006000
v -0.071250 0.013400 0.005000
v -0.071250 0.012839 0.006543
v -0.071250 0.011417 0.007364
v -0.071250 0.009800 0.007078
v -0.071250 0.008745 0.005821
v -0.071250 0.008745 0.004179
v -0.071250 0.009800 0.002922
v -0.071250 0.011417 0.002636
v -0.071250 0.012839 0.003457
v -0.071250 -0.008600 0.005000
v -0.071250 -0.009161 0.006543
v -0.071250 -0.010583 0.007364
v -0.071250 -0.012200 0.007078
v -0.071250 -0.013255 0.005821
v -0.071250 -0.013255 0.004179
v -0.071250 -0.012200 0.002922
v -0.071250 -0.010583 0.002636
v -0.071250 -0.009161 0.003457
v -0.071250 -0.000000 -0.022250
v -0.071250 0.003053 -0.023361
v -0.071250 0.004678 -0.026175
v -0.071250 0.004114 -0.029375
v -0.071250 0.001625 -0.031464
v -0.071250 -0.001625 -0.031464
v -0.071250 -0.004114 -0.029375
v -0.071250 -0.004678 -0.026175
v -0.071250 -0.003053 -0.023361
v -0.071250 -0.005650 -0.019054
v -0.071250 -0.009040 -0.023347
v -0.071250 -0.009584 -0.028791
v -0.071250 -0.007111 -0.033670
v -0.071250 -0.002400 -0.036450
v -0.071250 -0.003500 -0.036450
v -0.071250 -0.003500 -0.037850
v -0.071250 -0.012084 -0.037850
v -0.071250 -0.013850 -0.036084
v -0.071250 -0.013850 -0.019000
v -0.071250 -0.005650 -0.019000
v -0.071250 -0.008600 -0.035000
v -0.071250 -0.009161 -0.033457
v -0.071250 -0.010583 -0.032636
v -0.071250 -0.012200 -0.032922
v -0.071250 -0.013255 -0.034179
v -0.071250 -0.013255 -0.035821
v -0.071250 -0.012200 -0.037078
v -0.071250 -0.010583 -0.037364
v -0.071250 -0.009161 -0.036543
v -0.071250 0.002400 -0.036450
v -0.071250 0.007111 -0.033670
v -0.071250 0.009584 -0.028791
v -0.071250 0.009040 -0.023347
v -0.071250 0.005650 -0.019054
v -0.071250 0.005650 -0.019000
v -0.071250 0.013850 -0.019000
v -0.071250 0.013850 -0.036084
v -0.071250 0.012084 -0.037850
v -0.071250 0.003500 -0.037850
v -0.071250 0.003500 -0.036450
v -0.071250 0.013400 -0.035000
v -0.071250 0.012839 -0.033457
v -0.071250 0.011417 -0.032636
v -0.071250 0.009800 -0.032922
v -0.071250 0.008745 -0.034179
v -0.071250 0.008745 -0.035821
v -0.071250 0.009800 -0.037078
v -0.071250 0.011417 -0.037364
v -0.071250 0.012839 -0.036543
v -0.068450 0.013400 -0.035000
v -0.068450 0.012839 -0.033457
v -0.068450 0.011417 -0.032636
v -0.068450 0.009800 -0.032922
v -0.068450 0.008745 -0.034179
v -0.068450 0.008745 -0.035821
v -0.068450 0.009800 -0.037078
v -0.068450 0.011417 -0.037364
v -0.068450 0.012839 -0.036543
v -0.068450 0.012300 -0.035000
v -0.068450 0.011996 -0.034164
v -0.068450 0.011226 -0.033720
v -0.068450 0.010350 -0.033874
v -0.068450 0.009778 -0.034555
v -0.068450 0.009778 -0.035445
v -0.068450 0.010350 -0.036126
v -0.068450 0.011226 -0.036280
v -0.068450 0.011996 -0.035836
v -0.068450 -0.008600 -0.035000
v -0.068450 -0.009161 -0.036543
v -0.068450 -0.010583 -0.037364
v -0.068450 -0.012200 -0.037078
v -0.068450 -0.013255 -0.035821
v -0.068450 -0.013255 -0.034179
v -0.068450 -0.012200 -0.032922
v -0.068450 -0.010583 -0.032636
v -0.068450 -0.009161 -0.033457
v -0.068450 -0.009700 -0.035000
v -0.068450 -0.010004 -0.034164
v -0.068450 -0.010774 -0.033720
v -0.068450 -0.011650 -0.033874
v -0.068450 -0.012222 -0.034555
v -0.068450 -0.012222 -0.035445
v -0.068450 -0.011650 -0.036126
v -0.068450 -0.010774 -0.036280
v -0.068450 -0.010004 -0.035836
v -0.068450 0.013400 0.005000
v -0.068450 0.012839 0.003457
v -0.068450 0.011417 0.002636
v -0.068450 0.009800 0.002922
v -0.068450 0.008745 0.004179
v -0.068450 0.008745 0.005821
v -0.068450 0.009800 0.007078
v -0.068450 0.011417 0.007364
v -0.068450 0.012839 0.006543
v -0.068450 0.012300 0.005000
v -0.068450 0.011996 0.005836
v -0.068450 0.011226 0.006280
v -0.068450 0.010350 0.006126
v -0.068450 0.009778 0.005445
v -0.068450 0.009778 0.004555
v -0.068450 0.010350 0.003874
v -0.068450 0.011226 0.003720
v -0.068450 0.011996 0.004164
v -0.068450 -0.008600 0.005000
v -0.068450 -0.009161 0.003457
v -0.068450 -0.010583 0.002636
v -0.068450 -0.012200 0.002922
v -0.068450 -0.013255 0.004179
v -0.068450 -0.013255 0.005821
v -0.068450 -0.012200 0.007078
v -0.068450 -0.010583 0.007364
v -0.068450 -0.009161 0.006543
v -0.068450 -0.009700 0.005000
v -0.068450 -0.010004 0.005836
v -0.068450 -0.010774 0.006280
v -0.068450 -0.011650 0.006126
v -0.068450 -0.012222 0.005445
v -0.068450 -0.012222 0.004555
v -0.068450 -0.011650 0.003874
v -0.068450 -0.010774 0.003720
v -0.068450 -0.010004 0.004164
v -0.062250 0.012300 -0.035000
v -0.062250 0.011996 -0.034164
v -0.062250 0.011226 -0.033720
v -0.062250 0.010350 -0.033874
v -0.062250 0.009778 -0.034555
v -0.062250 0.009778 -0.035445
v -0.062250 0.010350 -0.036126
v -0.062250 0.011226 -0.036280
v -0.062250 0.011996 -0.035836
v -0.062250 0.012350 -0.035000
v -0.062250 0.012034 -0.034132
v -0.062250 0.011234 -0.033671
v -0.062250 0.010325 -0.033831
v -0.062250 0.009731 -0.034538
v -0.062250 0.009731 -0.035462
v -0.062250 0.010325 -0.036169
v -0.062250 0.011234 -0.036329
v -0.062250 0.012034 -0.035868
v -0.061925 0.012025 -0.035000
v -0.061925 0.011785 -0.034341
v -0.061925 0.011178 -0.033991
v -0.061925 0.010487 -0.034112
v -0.061925 0.010037 -0.034649
v -0.061925 0.010037 -0.035351
v -0.061925 0.010487 -0.035888
v -0.061925 0.011178 -0.036009
v -0.061925 0.011785 -0.035659
v -0.055750 0.012025 -0.035000
v -0.055750 0.011785 -0.034341
v -0.055750 0.011178 -0.033991
v -0.055750 0.010487 -0.034112
v -0.055750 0.010037 -0.034649
v -0.055750 0.010037 -0.035351
v -0.055750 0.010487 -0.035888
v -0.055750 0.011178 -0.036009
v -0.055750 0.011785 -0.035659
v -0.055134 0.011000 -0.035000
v -0.062250 -0.009700 -0.035000
v -0.062250 -0.010004 -0.034164
v -0.062250 -0.010774 -0.033720
v -0.062250 -0.011650 -0.033874
v -0.062250 -0.012222 -0.034555
v -0.062250 -0.012222 -0.035445
v -0.062250 -0.011650 -0.036126
v -0.062250 -0.010774 -0.036280
v -0.062250 -0.010004 -0.035836
v -0.062250 -0.009650 -0.035000
v -0.062250 -0.009966 -0.034132
v -0.062250 -0.010766 -0.033671
v -0.062250 -0.011675 -0.033831
v -0.062250 -0.012269 -0.034538
v -0.062250 -0.012269 -0.035462
v -0.062250 -0.011675 -0.036169
v -0.062250 -0.010766 -0.036329
v -0.062250 -0.009966 -0.035868
v -0.061925 -0.009975 -0.035000
v -0.061925 -0.010215 -0.034341
v -0.061925 -0.010822 -0.033991
v -0.061925 -0.011513 -0.034112
v -0.061925 -0.011963 -0.034649
v -0.061925 -0.011963 -0.035351
v -0.061925 -0.011513 -0.035888
v -0.061925 -0.010822 -0.036009
v -0.061925 -0.010215 -0.035659
v -0.055750 -0.009975 -0.035000
v -0.055750 -0.010215 -0.034341
v -0.055750 -0.010822 -0.033991
v -0.055750 -0.011513 -0.034112
v -0.055750 -0.011963 -0.034649
v -0.055750 -0.011963 -0.035351
v -0.055750 -0.011513 -0.035888
v -0.055750 -0.010822 -0.036009
v -0.055750 -0.010215 -0.035659
v -0.055134 -0.011000 -0.035000
v -0.062250 0.012300 0.005000
v -0.062250 0.011996 0.005836
v -0.062250 0.011226 0.006280
v -0.062250 0.010350 0.006126
v -0.062250 0.009778 0.005445
v -0.062250 0.009778 0.004555
v -0.062250 0.010350 0.003874
v -0.062250 0.011226 0.003720
v -0.062250 0.011996 0.004164
v -0.062250 0.012350 0.005000
v -0.062250 0.012034 0.005868
v -0.062250 0.011234 0.006329
v -0.062250 0.010325 0.006169
v -0.062250 0.009731 0.005462
v -0.062250 0.009731 0.004538
v -0.062250 0.010325 0.003831
v -0.062250 0.011234 0.003671
v -0.062250 0.012034 0.004132
v -0.061925 0.012025 0.005000
v -0.061925 0.011785 0.005659
v -0.061925 0.011178 0.006009
v -0.061925 0.010487 0.005888
v -0.061925 0.010037 0.005351
v -0.061925 0.010037 0.004649
v -0.061925 0.010487 0.004112
v -0.061925 0.011178 0.003991
v -0.061925 0.011785 0.004341
v -0.055750 0.012025 0.005000
v -0.055750 0.011785 0.005659
v -0.055750 0.011178 0.006009
v -0.055750 0.010487 0.005888
v -0.055750 0.010037 0.005351
v -0.055750 0.010037 0.004649
v -0.055750 0.010487 0.004112
v -0.055750 0.011178 0.003991
v -0.055750 0.011785 0.004341
v -0.055134 0.011000 0.005000
v -0.062250 -0.009700 0.005000
v -0.062250 -0.010004 0.005836
v -0.062250 -0.010774 0.006280
v -0.062250 -0.011650 0.006126
v -0.062250 -0.012222 0.005445
v -0.062250 -0.012222 0.004555
v -0.062250 -0.011650 0.003874
v -0.062250 -0.010774 0.003720
v -0.062250 -0.010004 0.004164
v -0.062250 -0.009650 0.005000
v -0.062250 -0.009966 0.005868
v -0.062250 -0.010766 0.006329
v -0.062250 -0.011675 0.006169
v -0.062250 -0.012269 0.005462
v -0.062250 -0.012269 0.004538
v -0.062250 -0.011675 0.003831
v -0.062250 -0.010766 0.003671
v -0.062250 -0.009966 0.004132
v -0.061925 -0.009975 0.005000
v -0.061925 -0.010215 0.005659
v -0.061925 -0.010822 0.006009
v -0.061925 -0.011513 0.005888
v -0.061925 -0.011963 0.005351
v -0.061925 -0.011963 0.004649
v -0.061925 -0.011513 0.004112
v -0.061925 -0.010822 0.003991
v -0.061925 -0.010215 0.004341
v -0.055750 -0.009975 0.005000
v -0.055750 -0.010215 0.005659
v -0.055750 -0.010822 0.006009
v -0.055750 -0.011513 0.005888
v -0.055750 -0.011963 0.005351
v -0.055750 -0.011963 0.004649
v -0.055750 -0.011513 0.004112
v -0.055750 -0.010822 0.003991
v -0.055750 -0.010215 0.004341
v -0.055134 -0.011000 0.005000
v -0.070850 -0.014250 -0.006000
v -0.070850 -0.014250 0.006250
v -0.062750 -0.009400 -0.006000
v -0.062750 -0.014250 -0.006000
v -0.070850 0.014250 -0.006000
v -0.062750 0.014250 -0.006000
v -0.062750 0.009400 -0.006000
v -0.037650 -0.014250 -0.036250
v -0.037650 -0.014250 0.006250
v -0.062750 -0.014250 -0.019000
v -0.070850 -0.014250 -0.019000
v -0.070850 -0.014250 -0.036250
v -0.048250 -0.014250 -0.024350
v -0.049118 -0.014250 -0.024034
v -0.049579 -0.014250 -0.023234
v -0.049419 -0.014250 -0.022325
v -0.048712 -0.014250 -0.021731
v -0.047788 -0.014250 -0.021731
v -0.047081 -0.014250 -0.022325
v -0.046921 -0.014250 -0.023234
v -0.047382 -0.014250 -0.024034
v -0.060250 -0.014250 -0.000350
v -0.061118 -0.014250 -0.000034
v -0.061579 -0.014250 0.000766
v -0.061419 -0.014250 0.001675
v -0.060712 -0.014250 0.002269
v -0.059788 -0.014250 0.002269
v -0.059081 -0.014250 0.001675
v -0.058921 -0.014250 0.000766
v -0.059382 -0.014250 -0.000034
v -0.048250 -0.014250 -0.000350
v -0.049118 -0.014250 -0.000034
v -0.049579 -0.014250 0.000766
v -0.049419 -0.014250 0.001675
v -0.048712 -0.014250 0.002269
v -0.047788 -0.014250 0.002269
v -0.047081 -0.014250 0.001675
v -0.046921 -0.014250 0.000766
v -0.047382 -0.014250 -0.000034
v -0.060250 -0.014250 -0.021650
v -0.059382 -0.014250 -0.021966
v -0.058921 -0.014250 -0.022766
v -0.059081 -0.014250 -0.023675
v -0.059788 -0.014250 -0.024269
v -0.060712 -0.014250 -0.024269
v -0.061419 -0.014250 -0.023675
v -0.061579 -0.014250 -0.022766
v -0.061118 -0.014250 -0.021966
v -0.060250 -0.013925 -0.021975
v -0.059591 -0.013925 -0.022215
v -0.059241 -0.013925 -0.022822
v -0.059362 -0.013925 -0.023513
v -0.059899 -0.013925 -0.023963
v -0.060601 -0.013925 -0.023963
v -0.061138 -0.013925 -0.023513
v -0.061259 -0.013925 -0.022822
v -0.060909 -0.013925 -0.022215
v -0.060250 -0.011250 -0.021975
v -0.059591 -0.011250 -0.022215
v -0.059241 -0.011250 -0.022822
v -0.059362 -0.011250 -0.023513
v -0.059899 -0.011250 -0.023963
v -0.060601 -0.011250 -0.023963
v -0.061138 -0.011250 -0.023513
v -0.061259 -0.011250 -0.022822
v -0.060909 -0.011250 -0.022215
v -0.048250 -0.011250 -0.024025
v -0.047591 -0.011250 -0.023785
v -0.047241 -0.011250 -0.023178
v -0.047362 -0.011250 -0.022488
v -0.047899 -0.011250 -0.022037
v -0.048601 -0.011250 -0.022037
v -0.049138 -0.011250 -0.022488
v -0.049259 -0.011250 -0.023178
v -0.048909 -0.011250 -0.023785
v -0.060250 -0.011250 -0.000025
v -0.059591 -0.011250 0.000215
v -0.059241 -0.011250 0.000822
v -0.059362 -0.011250 0.001512
v -0.059899 -0.011250 0.001963
v -0.060601 -0.011250 0.001963
v -0.061138 -0.011250 0.001512
v -0.061259 -0.011250 0.000822
v -0.060909 -0.011250 0.000215
v -0.048250 -0.011250 -0.000025
v -0.047591 -0.011250 0.000215
v -0.047241 -0.011250 0.000822
v -0.047362 -0.011250 0.001512
v -0.047899 -0.011250 0.001963
v -0.048601 -0.011250 0.001963
v -0.049138 -0.011250 0.001512
v -0.049259 -0.011250 0.000822
v -0.048909 -0.011250 0.000215
v -0.048250 -0.013925 -0.024025
v -0.047591 -0.013925 -0.023785
v -0.047241 -0.013925 -0.023178
v -0.047362 -0.013925 -0.022488
v -0.047899 -0.013925 -0.022037
v -0.048601 -0.013925 -0.022037
v -0.049138 -0.013925 -0.022488
v -0.049259 -0.013925 -0.023178
v -0.048909 -0.013925 -0.023785
v -0.060250 -0.013925 -0.000025
v -0.059591 -0.013925 0.000215
v -0.059241 -0.013925 0.000822
v -0.059362 -0.013925 0.001512
v -0.059899 -0.013925 0.001963
v -0.060601 -0.013925 0.001963
v -0.061138 -0.013925 0.001512
v -0.061259 -0.013925 0.000822
v -0.060909 -0.013925 0.000215
v -0.048250 -0.013925 -0.000025
v -0.047591 -0.013925 0.000215
v -0.047241 -0.013925 0.000822
v -0.047362 -0.013925 0.001512
v -0.047899 -0.013925 0.001963
v -0.048601 -0.013925 0.001963
v -0.049138 -0.013925 0.001512
v -0.049259 -0.013925 0.000822
v -0.048909 -0.013925 0.000215
v -0.037250 -0.013850 -0.036084
v -0.037250 -0.013850 0.006084
v -0.037650 -0.012250 0.008250
v -0.037250 -0.012084 0.007850
v -0.070850 -0.012250 0.008250
v -0.070850 0.012250 0.008250
v -0.037650 0.012250 0.008250
v -0.048250 0.006650 0.008250
v -0.049118 0.006966 0.008250
v -0.049579 0.007766 0.008250
v -0.049419 0.008675 0.008250
v -0.048712 0.009269 0.008250
v -0.047788 0.009269 0.008250
v -0.047081 0.008675 0.008250
v -0.046921 0.007766 0.008250
v -0.047382 0.006966 0.008250
v -0.060250 -0.009350 0.008250
v -0.061118 -0.009034 0.008250
v -0.061579 -0.008234 0.008250
v -0.061419 -0.007325 0.008250
v -0.060712 -0.006731 0.008250
v -0.059788 -0.006731 0.008250
v -0.059081 -0.007325 0.008250
v -0.058921 -0.008234 0.008250
v -0.059382 -0.009034 0.008250
v -0.060250 0.006650 0.008250
v -0.061118 0.006966 0.008250
v -0.061579 0.007766 0.008250
v -0.061419 0.008675 0.008250
v -0.060712 0.009269 0.008250
v -0.059788 0.009269 0.008250
v -0.059081 0.008675 0.008250
v -0.058921 0.007766 0.008250
v -0.059382 0.006966 0.008250
v -0.048250 -0.006650 0.008250
v -0.047382 -0.006966 0.008250
v -0.046921 -0.007766 0.008250
v -0.047081 -0.008675 0.008250
v -0.047788 -0.009269 0.008250
v -0.048712 -0.009269 0.008250
v -0.049419 -0.008675 0.008250
v -0.049579 -0.007766 0.008250
v -0.049118 -0.006966 0.008250
v -0.048250 -0.006975 0.007925
v -0.047591 -0.007215 0.007925
v -0.047241 -0.007822 0.007925
v -0.047362 -0.008513 0.007925
v -0.047899 -0.008963 0.007925
v -0.048601 -0.008963 0.007925
v -0.049138 -0.008513 0.007925
v -0.049259 -0.007822 0.007925
v -0.048909 -0.007215 0.007925
v -0.048250 -0.006975 0.005250
v -0.047591 -0.007215 0.005250
v -0.047241 -0.007822 0.005250
v -0.047362 -0.008513 0.005250
v -0.047899 -0.008963 0.005250
v -0.048601 -0.008963 0.005250
v -0.049138 -0.008513 0.005250
v -0.049259 -0.007822 0.005250
v -0.048909 -0.007215 0.005250
v -0.048250 0.006975 0.005250
v -0.047591 0.007215 0.005250
v -0.047241 0.007822 0.005250
v -0.047362 0.008512 0.005250
v -0.047899 0.008963 0.005250
v -0.048601 0.008963 0.005250
v -0.049138 0.008512 0.005250
v -0.049259 0.007822 0.005250
v -0.048909 0.007215 0.005250
v -0.060250 -0.009025 0.005250
v -0.059591 -0.008785 0.005250
v -0.059241 -0.008178 0.005250
v -0.059362 -0.007488 0.005250
v -0.059899 -0.007037 0.005250
v -0.060601 -0.007037 0.005250
v -0.061138 -0.007488 0.005250
v -0.061259 -0.008178 0.005250
v -0.060909 -0.008785 0.005250
v -0.060250 0.006975 0.005250
v -0.059591 0.007215 0.005250
v -0.059241 0.007822 0.005250
v -0.059362 0.008512 0.005250
v -0.059899 0.008963 0.005250
v -0.060601 0.008963 0.005250
v -0.061138 0.008512 0.005250
v -0.061259 0.007822 0.005250
v -0.060909 0.007215 0.005250
v -0.048250 0.006975 0.007925
v -0.047591 0.007215 0.007925
v -0.047241 0.007822 0.007925
v -0.047362 0.008512 0.007925
v -0.047899 0.008963 0.007925
v -0.048601 0.008963 0.007925
v -0.049138 0.008512 0.007925
v -0.049259 0.007822 0.007925
v -0.048909 0.007215 0.007925
v -0.060250 -0.009025 0.007925
v -0.059591 -0.008785 0.007925
v -0.059241 -0.008178 0.007925
v -0.059362 -0.007488 0.007925
v -0.059899 -0.007037 0.007925
v -0.060601 -0.007037 0.007925
v -0.061138 -0.007488 0.007925
v -0.061259 -0.008178 0.007925
v -0.060909 -0.008785 0.007925
v -0.060250 0.006975 0.007925
v -0.059591 0.007215 0.007925
v -0.059241 0.007822 0.007925
v -0.059362 0.008512 0.007925
v -0.059899 0.008963 0.007925
v -0.060601 0.008963 0.007925
v -0.061138 0.008512 0.007925
v -0.061259 0.007822 0.007925
v -0.060909 0.007215 0.007925
v -0.037250 0.012084 0.007850
v -0.037650 0.014250 0.006250
v -0.037250 0.013850 0.006084
v -0.070850 0.014250 0.006250
v -0.037650 0.014250 -0.036250
v -0.070850 0.014250 -0.036250
v -0.070850 0.014250 -0.019000
v -0.062750 0.014250 -0.019000
v -0.048250 0.014250 -0.024350
v -0.047382 0.014250 -0.024034
v -0.046921 0.014250 -0.023234
v -0.047081 0.014250 -0.022325
v -0.047788 0.014250 -0.021731
v -0.048712 0.014250 -0.021731
v -0.049419 0.014250 -0.022325
v -0.049579 0.014250 -0.023234
v -0.049118 0.014250 -0.024034
v -0.060250 0.014250 -0.000350
v -0.059382 0.014250 -0.000034
v -0.058921 0.014250 0.000766
v -0.059081 0.014250 0.001675
v -0.059788 0.014250 0.002269
v -0.060712 0.014250 0.002269
v -0.061419 0.014250 0.001675
v -0.061579 0.014250 0.000766
v -0.061118 0.014250 -0.000034
v -0.048250 0.014250 -0.000350
v -0.047382 0.014250 -0.000034
v -0.046921 0.014250 0.000766
v -0.047081 0.014250 0.001675
v -0.047788 0.014250 0.002269
v -0.048712 0.014250 0.002269
v -0.049419 0.014250 0.001675
v -0.049579 0.014250 0.000766
v -0.049118 0.014250 -0.000034
v -0.060250 0.014250 -0.024350
v -0.059382 0.014250 -0.024034
v -0.058921 0.014250 -0.023234
v -0.059081 0.014250 -0.022325
v -0.059788 0.014250 -0.021731
v -0.060712 0.014250 -0.021731
v -0.061419 0.014250 -0.022325
v -0.061579 0.014250 -0.023234
v -0.061118 0.014250 -0.024034
v -0.060250 0.013925 -0.024025
v -0.059591 0.013925 -0.023785
v -0.059241 0.013925 -0.023178
v -0.059362 0.013925 -0.022488
v -0.059899 0.013925 -0.022037
v -0.060601 0.013925 -0.022037
v -0.061138 0.013925 -0.022488
v -0.061259 0.013925 -0.023178
v -0.060909 0.013925 -0.023785
v -0.060250 0.011250 -0.024025
v -0.059591 0.011250 -0.023785
v -0.059241 0.011250 -0.023178
v -0.059362 0.011250 -0.022488
v -0.059899 0.011250 -0.022037
v -0.060601 0.011250 -0.022037
v -0.061138 0.011250 -0.022488
v -0.061259 0.011250 -0.023178
v -0.060909 0.011250 -0.023785
v -0.048250 0.011250 -0.021975
v -0.047591 0.011250 -0.022215
v -0.047241 0.011250 -0.022822
v -0.047362 0.011250 -0.023513
v -0.047899 0.011250 -0.023963
v -0.048601 0.011250 -0.023963
v -0.049138 0.011250 -0.023513
v -0.049259 0.011250 -0.022822
v -0.048909 0.011250 -0.022215
v -0.060250 0.011250 0.002025
v -0.059591 0.011250 0.001785
v -0.059241 0.011250 0.001178
v -0.059362 0.011250 0.000487
v -0.059899 0.011250 0.000037
v -0.060601 0.011250 0.000037
v -0.061138 0.011250 0.000487
v -0.061259 0.011250 0.001178
v -0.060909 0.011250 0.001785
v -0.048250 0.011250 0.002025
v -0.047591 0.011250 0.001785
v -0.047241 0.011250 0.001178
v -0.047362 0.011250 0.000487
v -0.047899 0.011250 0.000037
v -0.048601 0.011250 0.000037
v -0.049138 0.011250 0.000487
v -0.049259 0.011250 0.001178
v -0.048909 0.011250 0.001785
v -0.048250 0.013925 -0.021975
v -0.047591 0.013925 -0.022215
v -0.047241 0.013925 -0.022822
v -0.047362 0.013925 -0.023513
v -0.047899 0.013925 -0.023963
v -0.048601 0.013925 -0.023963
v -0.049138 0.013925 -0.023513
v -0.049259 0.013925 -0.022822
v -0.048909 0.013925 -0.022215
v -0.060250 0.013925 0.002025
v -0.059591 0.013925 0.001785
v -0.059241 0.013925 0.001178
v -0.059362 0.013925 0.000487
v -0.059899 0.013925 0.000037
v -0.060601 0.013925 0.000037
v -0.061138 0.013925 0.000487
v -0.061259 0.013925 0.001178
v -0.060909 0.013925 0.001785
v -0.048250 0.013925 0.002025
v -0.047591 0.013925 0.001785
v -0.047241 0.013925 0.001178
v -0.047362 0.013925 0.000487
v -0.047899 0.013925 0.000037
v -0.048601 0.013925 0.000037
v -0.049138 0.013925 0.000487
v -0.049259 0.013925 0.001178
v -0.048909 0.013925 0.001785
v -0.037250 0.013850 -0.036084
v -0.037250 0.012084 -0.037850
v -0.037650 0.012250 -0.038250
v -0.037250 -0.012084 -0.037850
v -0.037250 0.008600 -0.035000
v -0.037250 0.009161 -0.033457
v -0.037250 0.010583 -0.032636
v -0.037250 0.012200 -0.032922
v -0.037250 0.013255 -0.034179
v -0.037250 0.013255 -0.035821
v -0.037250 0.012200 -0.037078
v -0.037250 0.010583 -0.037364
v -0.037250 0.009161 -0.036543
v -0.037250 -0.013400 0.005000
v -0.037250 -0.012839 0.006543
v -0.037250 -0.011417 0.007364
v -0.037250 -0.009800 0.007078
v -0.037250 -0.008745 0.005821
v -0.037250 -0.008745 0.004179
v -0.037250 -0.009800 0.002922
v -0.037250 -0.011417 0.002636
v -0.037250 -0.012839 0.003457
v -0.037250 0.008600 0.005000
v -0.037250 0.009161 0.006543
v -0.037250 0.010583 0.007364
v -0.037250 0.012200 0.007078
v -0.037250 0.013255 0.005821
v -0.037250 0.013255 0.004179
v -0.037250 0.012200 0.002922
v -0.037250 0.010583 0.002636
v -0.037250 0.009161 0.003457
v -0.037250 -0.009650 -0.019000
v -0.037250 -0.009966 -0.019868
v -0.037250 -0.010766 -0.020329
v -0.037250 -0.011675 -0.020169
v -0.037250 -0.012269 -0.019462
v -0.037250 -0.012269 -0.018538
v -0.037250 -0.011675 -0.017831
v -0.037250 -0.010766 -0.017671
v -0.037250 -0.009966 -0.018132
v -0.037250 0.012350 -0.019000
v -0.037250 0.012034 -0.019868
v -0.037250 0.011234 -0.020329
v -0.037250 0.010325 -0.020169
v -0.037250 0.009731 -0.019462
v -0.037250 0.009731 -0.018538
v -0.037250 0.010325 -0.017831
v -0.037250 0.011234 -0.017671
v -0.037250 0.012034 -0.018132
v -0.037250 -0.013400 -0.035000
v -0.037250 -0.012839 -0.033457
v -0.037250 -0.011417 -0.032636
v -0.037250 -0.009800 -0.032922
v -0.037250 -0.008745 -0.034179
v -0.037250 -0.008745 -0.035821
v -0.037250 -0.009800 -0.037078
v -0.037250 -0.011417 -0.037364
v -0.037250 -0.012839 -0.036543
v -0.037250 -0.000000 -0.036750
v -0.037250 -0.006267 -0.034469
v -0.037250 -0.009602 -0.028693
v -0.037250 -0.008444 -0.022125
v -0.037250 -0.003335 -0.017838
v -0.037250 0.003335 -0.017838
v -0.037250 0.008444 -0.022125
v -0.037250 0.009602 -0.028693
v -0.037250 0.006267 -0.034469
v -0.040050 -0.013400 -0.035000
v -0.040050 -0.012839 -0.033457
v -0.040050 -0.011417 -0.032636
v -0.040050 -0.009800 -0.032922
v -0.040050 -0.008745 -0.034179
v -0.040050 -0.008745 -0.035821
v -0.040050 -0.009800 -0.037078
v -0.040050 -0.011417 -0.037364
v -0.040050 -0.012839 -0.036543
v -0.040050 -0.012300 -0.035000
v -0.040050 -0.011996 -0.034164
v -0.040050 -0.011226 -0.033720
v -0.040050 -0.010350 -0.033874
v -0.040050 -0.009778 -0.034555
v -0.040050 -0.009778 -0.035445
v -0.040050 -0.010350 -0.036126
v -0.040050 -0.011226 -0.036280
v -0.040050 -0.011996 -0.035836
v -0.040050 0.008600 -0.035000
v -0.040050 0.009161 -0.036543
v -0.040050 0.010583 -0.037364
v -0.040050 0.012200 -0.037078
v -0.040050 0.013255 -0.035821
v -0.040050 0.013255 -0.034179
v -0.040050 0.012200 -0.032922
v -0.040050 0.010583 -0.032636
v -0.040050 0.009161 -0.033457
v -0.040050 0.009700 -0.035000
v -0.040050 0.010004 -0.034164
v -0.040050 0.010774 -0.033720
v -0.040050 0.011650 -0.033874
v -0.040050 0.012222 -0.034555
v -0.040050 0.012222 -0.035445
v -0.040050 0.011650 -0.036126
v -0.040050 0.010774 -0.036280
v -0.040050 0.010004 -0.035836
v -0.040050 -0.013400 0.005000
v -0.040050 -0.012839 0.003457
v -0.040050 -0.011417 0.002636
v -0.040050 -0.009800 0.002922
v -0.040050 -0.008745 0.004179
v -0.040050 -0.008745 0.005821
v -0.040050 -0.009800 0.007078
v -0.040050 -0.011417 0.007364
v -0.040050 -0.012839 0.006543
v -0.040050 -0.012300 0.005000
v -0.040050 -0.011996 0.005836
v -0.040050 -0.011226 0.006280
v -0.040050 -0.010350 0.006126
v -0.040050 -0.009778 0.005445
v -0.040050 -0.009778 0.004555
v -0.040050 -0.010350 0.003874
v -0.040050 -0.011226 0.003720
v -0.040050 -0.011996 0.004164
v -0.040050 0.008600 0.005000
v -0.040050 0.009161 0.003457
v -0.040050 0.010583 0.002636
v -0.040050 0.012200 0.002922
v -0.040050 0.013255 0.004179
v -0.040050 0.013255 0.005821
v -0.040050 0.012200 0.007078
v -0.040050 0.010583 0.007364
v -0.040050 0.009161 0.006543
v -0.040050 0.009700 0.005000
v -0.040050 0.010004 0.005836
v -0.040050 0.010774 0.006280
v -0.040050 0.011650 0.006126
v -0.040050 0.012222 0.005445
v -0.040050 0.012222 0.004555
v -0.040050 0.011650 0.003874
v -0.040050 0.010774 0.003720
v -0.040050 0.010004 0.004164
v -0.044250 -0.012300 -0.035000
v -0.044250 -0.011996 -0.034164
v -0.044250 -0.011226 -0.033720
v -0.044250 -0.010350 -0.033874
v -0.044250 -0.009778 -0.034555
v -0.044250 -0.009778 -0.035445
v -0.044250 -0.010350 -0.036126
v -0.044250 -0.011226 -0.036280
v -0.044250 -0.011996 -0.035836
v -0.044250 -0.012350 -0.035000
v -0.044250 -0.012034 -0.034132
v -0.044250 -0.011234 -0.033671
v -0.044250 -0.010325 -0.033831
v -0.044250 -0.009731 -0.034538
v -0.044250 -0.009731 -0.035462
v -0.044250 -0.010325 -0.036169
v -0.044250 -0.011234 -0.036329
v -0.044250 -0.012034 -0.035868
v -0.044575 -0.012025 -0.035000
v -0.044575 -0.011785 -0.034341
v -0.044575 -0.011178 -0.033991
v -0.044575 -0.010488 -0.034112
v -0.044575 -0.010037 -0.034649
v -0.044575 -0.010037 -0.035351
v -0.044575 -0.010488 -0.035888
v -0.044575 -0.011178 -0.036009
v -0.044575 -0.011785 -0.035659
v -0.052750 -0.012025 -0.035000
v -0.052750 -0.011785 -0.034341
v -0.052750 -0.011178 -0.033991
v -0.052750 -0.010488 -0.034112
v -0.052750 -0.010037 -0.034649
v -0.052750 -0.010037 -0.035351
v -0.052750 -0.010488 -0.035888
v -0.052750 -0.011178 -0.036009
v -0.052750 -0.011785 -0.035659
v -0.053366 -0.011000 -0.035000
v -0.044250 0.009700 -0.035000
v -0.044250 0.010004 -0.034164
v -0.044250 0.010774 -0.033720
v -0.044250 0.011650 -0.033874
v -0.044250 0.012222 -0.034555
v -0.044250 0.012222 -0.035445
v -0.044250 0.011650 -0.036126
v -0.044250 0.010774 -0.036280
v -0.044250 0.010004 -0.035836
v -0.044250 0.009650 -0.035000
v -0.044250 0.009966 -0.034132
v -0.044250 0.010766 -0.033671
v -0.044250 0.011675 -0.033831
v -0.044250 0.012269 -0.034538
v -0.044250 0.012269 -0.035462
v -0.044250 0.011675 -0.036169
v -0.044250 0.010766 -0.036329
v -0.044250 0.009966 -0.035868
v -0.044575 0.009975 -0.035000
v -0.044575 0.010215 -0.034341
v -0.044575 0.010822 -0.033991
v -0.044575 0.011512 -0.034112
v -0.044575 0.011963 -0.034649
v -0.044575 0.011963 -0.035351
v -0.044575 0.011512 -0.035888
v -0.044575 0.010822 -0.036009
v -0.044575 0.010215 -0.035659
v -0.052750 0.009975 -0.035000
v -0.052750 0.010215 -0.034341
v -0.052750 0.010822 -0.033991
v -0.052750 0.011512 -0.034112
v -0.052750 0.011963 -0.034649
v -0.052750 0.011963 -0.035351
v -0.052750 0.011512 -0.035888
v -0.052750 0.010822 -0.036009
v -0.052750 0.010215 -0.035659
v -0.053366 0.011000 -0.035000
v -0.044250 -0.012300 0.005000
v -0.044250 -0.011996 0.005836
v -0.044250 -0.011226 0.006280
v -0.044250 -0.010350 0.006126
v -0.044250 -0.009778 0.005445
v -0.044250 -0.009778 0.004555
v -0.044250 -0.010350 0.003874
v -0.044250 -0.011226 0.003720
v -0.044250 -0.011996 0.004164
v -0.044250 -0.012350 0.005000
v -0.044250 -0.012034 0.005868
v -0.044250 -0.011234 0.006329
v -0.044250 -0.010325 0.006169
v -0.044250 -0.009731 0.005462
v -0.044250 -0.009731 0.004538
v -0.044250 -0.010325 0.003831
v -0.044250 -0.011234 0.003671
v -0.044250 -0.012034 0.004132
v -0.044575 -0.012025 0.005000
v -0.044575 -0.011785 0.005659
v -0.044575 -0.011178 0.006009
v -0.044575 -0.010488 0.005888
v -0.044575 -0.010037 0.005351
v -0.044575 -0.010037 0.004649
v -0.044575 -0.010488 0.004112
v -0.044575 -0.011178 0.003991
v -0.044575 -0.011785 0.004341
v -0.052750 -0.012025 0.005000
v -0.052750 -0.011785 0.005659
v -0.052750 -0.011178 0.006009
v -0.052750 -0.010488 0.005888
v -0.052750 -0.010037 0.005351
v -0.052750 -0.010037 0.004649
v -0.052750 -0.010488 0.004112
v -0.052750 -0.011178 0.003991
v -0.052750 -0.011785 0.004341
v -0.053366 -0.011000 0.005000
v -0.044250 0.009700 0.005000
v -0.044250 0.010004 0.005836
v -0.044250 0.010774 0.006280
v -0.044250 0.011650 0.006126
v -0.044250 0.012222 0.005445
v -0.044250 0.012222 0.004555
v -0.044250 0.011650 0.003874
v -0.044250 0.010774 0.003720
v -0.044250 0.010004 0.004164
v -0.044250 0.009650 0.005000
v -0.044250 0.009966 0.005868
v -0.044250 0.010766 0.006329
v -0.044250 0.011675 0.006169
v -0.044250 0.012269 0.005462
v -0.044250 0.012269 0.004538
v -0.044250 0.011675 0.003831
v -0.044250 0.010766 0.003671
v -0.044250 0.009966 0.004132
v -0.044575 0.009975 0.005000
v -0.044575 0.010215 0.005659
v -0.044575 0.010822 0.006009
v -0.044575 0.011512 0.005888
v -0.044575 0.011963 0.005351
v -0.044575 0.011963 0.004649
v -0.044575 0.011512 0.004112
v -0.044575 0.010822 0.003991
v -0.044575 0.010215 0.004341
v -0.052750 0.009975 0.005000
v -0.052750 0.010215 0.005659
v -0.052750 0.010822 0.006009
v -0.052750 0.011512 0.005888
v -0.052750 0.011963 0.005351
v -0.052750 0.011963 0.004649
v -0.052750 0.011512 0.004112
v -0.052750 0.010822 0.003991
v -0.052750 0.010215 0.004341
v -0.053366 0.011000 0.005000
v -0.037575 -0.009975 -0.019000
v -0.037575 -0.010215 -0.019659
v -0.037575 -0.010822 -0.020009
v -0.037575 -0.011513 -0.019888
v -0.037575 -0.011963 -0.019351
v -0.037575 -0.011963 -0.018649
v -0.037575 -0.011513 -0.018112
v -0.037575 -0.010822 -0.017991
v -0.037575 -0.010215 -0.018341
v -0.040250 -0.009975 -0.019000
v -0.040250 -0.010215 -0.019659
v -0.040250 -0.010822 -0.020009
v -0.040250 -0.011513 -0.019888
v -0.040250 -0.011963 -0.019351
v -0.040250 -0.011963 -0.018649
v -0.040250 -0.011513 -0.018112
v -0.040250 -0.010822 -0.017991
v -0.040250 -0.010215 -0.018341
v -0.040250 0.009975 -0.019000
v -0.040250 0.010215 -0.019659
v -0.040250 0.010822 -0.020009
v -0.040250 0.011512 -0.019888
v -0.040250 0.011963 -0.019351
v -0.040250 0.011963 -0.018649
v -0.040250 0.011512 -0.018112
v -0.040250 0.010822 -0.017991
v -0.040250 0.010215 -0.018341
v -0.037575 0.009975 -0.019000
v -0.037575 0.010215 -0.019659
v -0.037575 0.010822 -0.020009
v -0.037575 0.011512 -0.019888
v -0.037575 0.011963 -0.019351
v -0.037575 0.011963 -0.018649
v -0.037575 0.011512 -0.018112
v -0.037575 0.010822 -0.017991
v -0.037575 0.010215 -0.018341
v -0.037650 -0.012250 -0.038250
v -0.070850 -0.012250 -0.038250
v -0.070850 -0.003500 -0.038250
v -0.067750 -0.003500 -0.038250
v -0.067750 0.003500 -0.038250
v -0.070850 0.003500 -0.038250
v -0.070850 0.012250 -0.038250
v -0.048250 -0.009350 -0.038250
v -0.047382 -0.009034 -0.038250
v -0.046921 -0.008234 -0.038250
v -0.047081 -0.007325 -0.038250
v -0.047788 -0.006731 -0.038250
v -0.048712 -0.006731 -0.038250
v -0.049419 -0.007325 -0.038250
v -0.049579 -0.008234 -0.038250
v -0.049118 -0.009034 -0.038250
v -0.048250 0.006650 -0.038250
v -0.047382 0.006966 -0.038250
v -0.046921 0.007766 -0.038250
v -0.047081 0.008675 -0.038250
v -0.047788 0.009269 -0.038250
v -0.048712 0.009269 -0.038250
v -0.049419 0.008675 -0.038250
v -0.049579 0.007766 -0.038250
v -0.049118 0.006966 -0.038250
v -0.069250 0.005573 -0.019000
v -0.069250 -0.005573 -0.019000
v -0.070250 -0.005573 -0.019000
v -0.070250 -0.005650 -0.019000
v -0.062750 -0.009400 -0.019000
v -0.067650 -0.009400 -0.019000
v -0.068050 -0.009000 -0.019000
v -0.068050 0.009000 -0.019000
v -0.067650 0.009400 -0.019000
v -0.062750 0.009400 -0.019000
v -0.070250 0.005650 -0.019000
v -0.070250 0.005573 -0.019000
v -0.069250 0.001964 -0.017450
v -0.069250 -0.001964 -0.017450
v -0.069250 0.002400 -0.036450
v -0.069250 -0.002400 -0.036450
v -0.069250 -0.001965 -0.036550
v -0.069250 0.001965 -0.036550
v -0.073050 -0.000000 -0.017250
v -0.073050 -0.006267 -0.019531
v -0.073050 -0.009602 -0.025307
v -0.073050 -0.008444 -0.031875
v -0.073050 -0.003335 -0.036162
v -0.073050 0.003335 -0.036162
v -0.073050 0.008444 -0.031875
v -0.073050 0.009602 -0.025307
v -0.073050 0.006267 -0.019531
v -0.071250 0.001965 -0.036550
v -0.071250 0.000659 -0.036728
v -0.071250 -0.000659 -0.036728
v -0.071250 -0.001965 -0.036550
v -0.070250 -0.005650 -0.019054
v -0.070250 0.005650 -0.019054
v -0.073250 -0.000000 -0.036550
v -0.073250 0.006139 -0.034316
v -0.073250 0.009405 -0.028658
v -0.073250 0.009548 -0.026799
v -0.073250 0.008271 -0.022225
v -0.073250 0.006609 -0.020107
v -0.073250 0.003266 -0.018026
v -0.073250 -0.000201 -0.017452
v -0.073250 -0.003266 -0.018026
v -0.073250 -0.006893 -0.020391
v -0.073250 -0.008271 -0.022225
v -0.073250 -0.009405 -0.028658
v -0.073250 -0.006139 -0.034316
v -0.071250 0.003400 -0.036550
v -0.071250 0.003400 -0.037850
v -0.071250 -0.003400 -0.037850
v -0.071250 -0.003400 -0.036550
v -0.067850 -0.003400 -0.036550
v -0.067850 0.003400 -0.036550
v -0.070850 0.003400 -0.038250
v -0.067850 0.003400 -0.038250
v -0.070850 -0.003400 -0.038250
v -0.067850 -0.003400 -0.038250
v -0.067750 0.003500 -0.036450
v -0.067750 -0.003500 -0.036450
v -0.073250 -0.001100 -0.035000
v -0.073250 -0.000843 -0.035707
v -0.073250 -0.000191 -0.036083
v -0.073250 0.000550 -0.035953
v -0.073250 0.001034 -0.035376
v -0.073250 0.001034 -0.034624
v -0.073250 0.000550 -0.034047
v -0.073250 -0.000191 -0.033917
v -0.073250 -0.000843 -0.034293
v -0.073250 -0.004879 -0.033435
v -0.073250 -0.004561 -0.032753
v -0.073250 -0.004756 -0.032026
v -0.073250 -0.005372 -0.031594
v -0.073250 -0.006122 -0.031660
v -0.073250 -0.006654 -0.032192
v -0.073250 -0.006719 -0.032942
v -0.073250 -0.006288 -0.033558
v -0.073250 -0.005561 -0.033753
v -0.073250 -0.008000 -0.028100
v -0.073250 -0.007293 -0.027843
v -0.073250 -0.006917 -0.027191
v -0.073250 -0.007047 -0.026450
v -0.073250 -0.007624 -0.025966
v -0.073250 -0.008376 -0.025966
v -0.073250 -0.008953 -0.026450
v -0.073250 -0.009083 -0.027191
v -0.073250 -0.008707 -0.027843
v -0.073250 -0.006435 -0.022121
v -0.073250 -0.005753 -0.022439
v -0.073250 -0.005026 -0.022244
v -0.073250 -0.004594 -0.021628
v -0.073250 -0.004660 -0.020878
v -0.073250 -0.005192 -0.020346
v -0.073250 -0.005942 -0.020281
v -0.073250 -0.006558 -0.020712
v -0.073250 -0.006753 -0.021439
v -0.073250 -0.001100 -0.019000
v -0.073250 -0.000843 -0.019707
v -0.073250 -0.000191 -0.020083
v -0.073250 0.000550 -0.019953
v -0.073250 0.001034 -0.019376
v -0.073250 0.001034 -0.018624
v -0.073250 0.000550 -0.018047
v -0.073250 -0.000191 -0.017917
v -0.073250 -0.000843 -0.018293
v -0.073250 0.004879 -0.020565
v -0.073250 0.004561 -0.021247
v -0.073250 0.004756 -0.021974
v -0.073250 0.005372 -0.022406
v -0.073250 0.006122 -0.022340
v -0.073250 0.006654 -0.021808
v -0.073250 0.006719 -0.021058
v -0.073250 0.006288 -0.020442
v -0.073250 0.005561 -0.020247
v -0.073250 0.008000 -0.025900
v -0.073250 0.007293 -0.026157
v -0.073250 0.006917 -0.026809
v -0.073250 0.007047 -0.027550
v -0.073250 0.007624 -0.028034
v -0.073250 0.008376 -0.028034
v -0.073250 0.008953 -0.027550
v -0.073250 0.009083 -0.026809
v -0.073250 0.008707 -0.026157
v -0.073250 0.006435 -0.031879
v -0.073250 0.005753 -0.031561
v -0.073250 0.005026 -0.031756
v -0.073250 0.004594 -0.032372
v -0.073250 0.004660 -0.033122
v -0.073250 0.005192 -0.033654
v -0.073250 0.005942 -0.033719
v -0.073250 0.006558 -0.033288
v -0.073250 0.006753 -0.032561
v -0.073250 -0.000000 -0.020900
v -0.073250 -0.003921 -0.022327
v -0.073250 -0.006007 -0.025941
v -0.073250 -0.005283 -0.030050
v -0.073250 -0.002086 -0.032732
v -0.073250 0.002086 -0.032732
v -0.073250 0.005283 -0.030050
v -0.073250 0.006007 -0.025941
v -0.073250 0.003921 -0.022327
v -0.072750 -0.000000 -0.020900
v -0.072750 -0.003921 -0.022327
v -0.072750 -0.006007 -0.025941
v -0.072750 -0.005283 -0.030050
v -0.072750 -0.002086 -0.032732
v -0.072750 0.002086 -0.032732
v -0.072750 0.005283 -0.030050
v -0.072750 0.006007 -0.025941
v -0.072750 0.003921 -0.022327
v -0.072750 -0.000000 -0.032050
v -0.072750 0.003246 -0.030869
v -0.072750 0.004973 -0.027877
v -0.072750 0.004373 -0.024475
v -0.072750 0.001727 -0.022255
v -0.072750 -0.001727 -0.022255
v -0.072750 -0.004373 -0.024475
v -0.072750 -0.004973 -0.027877
v -0.072750 -0.003246 -0.030869
v -0.072450 -0.000000 -0.031750
v -0.072450 0.003053 -0.030639
v -0.072450 0.004678 -0.027825
v -0.072450 0.004114 -0.024625
v -0.072450 0.001625 -0.022536
v -0.072450 -0.001625 -0.022536
v -0.072450 -0.004114 -0.024625
v -0.072450 -0.004678 -0.027825
v -0.072450 -0.003053 -0.030639
v -0.072950 -0.000800 -0.035000
v -0.072950 -0.000613 -0.035514
v -0.072950 -0.000139 -0.035788
v -0.072950 0.000400 -0.035693
v -0.072950 0.000752 -0.035274
v -0.072950 0.000752 -0.034726
v -0.072950 0.000400 -0.034307
v -0.072950 -0.000139 -0.034212
v -0.072950 -0.000613 -0.034486
v -0.071250 -0.000800 -0.035000
v -0.071250 -0.000613 -0.035514
v -0.071250 -0.000139 -0.035788
v -0.071250 0.000400 -0.035693
v -0.071250 0.000752 -0.035274
v -0.071250 0.000752 -0.034726
v -0.071250 0.000400 -0.034307
v -0.071250 -0.000139 -0.034212
v -0.071250 -0.000613 -0.034486
v -0.071250 -0.005091 -0.033223
v -0.071250 -0.005587 -0.033454
v -0.071250 -0.006116 -0.033312
v -0.071250 -0.006430 -0.032864
v -0.071250 -0.006382 -0.032319
v -0.071250 -0.005995 -0.031932
v -0.071250 -0.005450 -0.031884
v -0.071250 -0.005002 -0.032198
v -0.071250 -0.004860 -0.032727
v -0.071250 -0.008000 -0.027800
v -0.071250 -0.008514 -0.027613
v -0.071250 -0.008788 -0.027139
v -0.071250 -0.008693 -0.026600
v -0.071250 -0.008274 -0.026248
v -0.071250 -0.007726 -0.026248
v -0.071250 -0.007307 -0.026600
v -0.071250 -0.007212 -0.027139
v -0.071250 -0.007486 -0.027613
v -0.071250 -0.006223 -0.021909
v -0.071250 -0.006454 -0.021413
v -0.071250 -0.006312 -0.020884
v -0.071250 -0.005864 -0.020570
v -0.071250 -0.005319 -0.020618
v -0.071250 -0.004932 -0.021005
v -0.071250 -0.004884 -0.021550
v -0.071250 -0.005198 -0.021998
v -0.071250 -0.005727 -0.022140
v -0.071250 -0.000800 -0.019000
v -0.071250 -0.000613 -0.018486
v -0.071250 -0.000139 -0.018212
v -0.071250 0.000400 -0.018307
v -0.071250 0.000752 -0.018726
v -0.071250 0.000752 -0.019274
v -0.071250 0.000400 -0.019693
v -0.071250 -0.000139 -0.019788
v -0.071250 -0.000613 -0.019514
v -0.071250 0.005091 -0.020777
v -0.071250 0.005587 -0.020546
v -0.071250 0.006116 -0.020688
v -0.071250 0.006430 -0.021136
v -0.071250 0.006382 -0.021681
v -0.071250 0.005995 -0.022068
v -0.071250 0.005450 -0.022116
v -0.071250 0.005002 -0.021802
v -0.071250 0.004860 -0.021273
v -0.071250 0.008000 -0.026200
v -0.071250 0.008514 -0.026387
v -0.071250 0.008788 -0.026861
v -0.071250 0.008693 -0.027400
v -0.071250 0.008274 -0.027752
v -0.071250 0.007726 -0.027752
v -0.071250 0.007307 -0.027400
v -0.071250 0.007212 -0.026861
v -0.071250 0.007486 -0.026387
v -0.071250 0.006223 -0.032091
v -0.071250 0.006454 -0.032587
v -0.071250 0.006312 -0.033116
v -0.071250 0.005864 -0.033430
v -0.071250 0.005319 -0.033382
v -0.071250 0.004932 -0.032995
v -0.071250 0.004884 -0.032450
v -0.071250 0.005198 -0.032002
v -0.071250 0.005727 -0.031860
v -0.072950 -0.005091 -0.033223
v -0.072950 -0.005587 -0.033454
v -0.072950 -0.006116 -0.033312
v -0.072950 -0.006430 -0.032864
v -0.072950 -0.006382 -0.032319
v -0.072950 -0.005995 -0.031932
v -0.072950 -0.005450 -0.031884
v -0.072950 -0.005002 -0.032198
v -0.072950 -0.004860 -0.032727
v -0.072950 -0.008000 -0.027800
v -0.072950 -0.008514 -0.027613
v -0.072950 -0.008788 -0.027139
v -0.072950 -0.008693 -0.026600
v -0.072950 -0.008274 -0.026248
v -0.072950 -0.007726 -0.026248
v -0.072950 -0.007307 -0.026600
v -0.072950 -0.007212 -0.027139
v -0.072950 -0.007486 -0.027613
v -0.072950 -0.006223 -0.021909
v -0.072950 -0.006454 -0.021413
v -0.072950 -0.006312 -0.020884
v -0.072950 -0.005864 -0.020570
v -0.072950 -0.005319 -0.020618
v -0.072950 -0.004932 -0.021005
v -0.072950 -0.004884 -0.021550
v -0.072950 -0.005198 -0.021998
v -0.072950 -0.005727 -0.022140
v -0.072950 -0.000800 -0.019000
v -0.072950 -0.000613 -0.018486
v -0.072950 -0.000139 -0.018212
v -0.072950 0.000400 -0.018307
v -0.072950 0.000752 -0.018726
v -0.072950 0.000752 -0.019274
v -0.072950 0.000400 -0.019693
v -0.072950 -0.000139 -0.019788
v -0.072950 -0.000613 -0.019514
v -0.072950 0.005091 -0.020777
v -0.072950 0.005587 -0.020546
v -0.072950 0.006116 -0.020688
v -0.072950 0.006430 -0.021136
v -0.072950 0.006382 -0.021681
v -0.072950 0.005995 -0.022068
v -0.072950 0.005450 -0.022116
v -0.072950 0.005002 -0.021802
v -0.072950 0.004860 -0.021273
v -0.072950 0.008000 -0.026200
v -0.072950 0.008514 -0.026387
v -0.072950 0.008788 -0.026861
v -0.072950 0.008693 -0.027400
v -0.072950 0.008274 -0.027752
v -0.072950 0.007726 -0.027752
v -0.072950 0.007307 -0.027400
v -0.072950 0.007212 -0.026861
v -0.072950 0.007486 -0.026387
v -0.072950 0.006223 -0.032091
v -0.072950 0.006454 -0.032587
v -0.072950 0.006312 -0.033116
v -0.072950 0.005864 -0.033430
v -0.072950 0.005319 -0.033382
v -0.072950 0.004932 -0.032995
v -0.072950 0.004884 -0.032450
v -0.072950 0.005198 -0.032002
v -0.072950 0.005727 -0.031860
v -0.067650 0.009400 -0.008200
v -0.068050 0.009000 -0.008600
v -0.068050 0.006100 -0.011500
v -0.068050 -0.009000 -0.008600
v -0.068050 -0.006100 -0.011500
v -0.067650 -0.009400 -0.008200
v -0.048250 -0.009025 -0.037925
v -0.047591 -0.008785 -0.037925
v -0.047241 -0.008178 -0.037925
v -0.047362 -0.007488 -0.037925
v -0.047899 -0.007037 -0.037925
v -0.048601 -0.007037 -0.037925
v -0.049138 -0.007488 -0.037925
v -0.049259 -0.008178 -0.037925
v -0.048909 -0.008785 -0.037925
v -0.048250 -0.009025 -0.035250
v -0.047591 -0.008785 -0.035250
v -0.047241 -0.008178 -0.035250
v -0.047362 -0.007488 -0.035250
v -0.047899 -0.007037 -0.035250
v -0.048601 -0.007037 -0.035250
v -0.049138 -0.007488 -0.035250
v -0.049259 -0.008178 -0.035250
v -0.048909 -0.008785 -0.035250
v -0.048250 0.009025 -0.035250
v -0.047591 0.008785 -0.035250
v -0.047241 0.008178 -0.035250
v -0.047362 0.007487 -0.035250
v -0.047899 0.007037 -0.035250
v -0.048601 0.007037 -0.035250
v -0.049138 0.007487 -0.035250
v -0.049259 0.008178 -0.035250
v -0.048909 0.008785 -0.035250
v -0.048250 0.009025 -0.037925
v -0.047591 0.008785 -0.037925
v -0.047241 0.008178 -0.037925
v -0.047362 0.007487 -0.037925
v -0.047899 0.007037 -0.037925
v -0.048601 0.007037 -0.037925
v -0.049138 0.007487 -0.037925
v -0.049259 0.008178 -0.037925
v -0.048909 0.008785 -0.037925
v -0.035450 -0.000000 -0.036750
v -0.035450 -0.006267 -0.034469
v -0.035450 -0.009602 -0.028693
v -0.035450 -0.008444 -0.022125
v -0.035450 -0.003335 -0.017838
v -0.035450 0.003335 -0.017838
v -0.035450 0.008444 -0.022125
v -0.035450 0.009602 -0.028693
v -0.035450 0.006267 -0.034469
v -0.035250 -0.000000 -0.036550
v -0.035250 -0.006139 -0.034316
v -0.035250 -0.009405 -0.028658
v -0.035250 -0.009548 -0.026799
v -0.035250 -0.008271 -0.022225
v -0.035250 -0.006609 -0.020107
v -0.035250 -0.003266 -0.018026
v -0.035250 0.000201 -0.017452
v -0.035250 0.003266 -0.018026
v -0.035250 0.006893 -0.020391
v -0.035250 0.008271 -0.022225
v -0.035250 0.009405 -0.028658
v -0.035250 0.006139 -0.034316
v -0.035250 0.001100 -0.035000
v -0.035250 0.000843 -0.035707
v -0.035250 0.000191 -0.036083
v -0.035250 -0.000550 -0.035953
v -0.035250 -0.001034 -0.035376
v -0.035250 -0.001034 -0.034624
v -0.035250 -0.000550 -0.034047
v -0.035250 0.000191 -0.033917
v -0.035250 0.000843 -0.034293
v -0.035250 0.004879 -0.033435
v -0.035250 0.004561 -0.032753
v -0.035250 0.004756 -0.032026
v -0.035250 0.005372 -0.031594
v -0.035250 0.006122 -0.031660
v -0.035250 0.006654 -0.032192
v -0.035250 0.006719 -0.032942
v -0.035250 0.006288 -0.033558
v -0.035250 0.005561 -0.033753
v -0.035250 0.008000 -0.028100
v -0.035250 0.007293 -0.027843
v -0.035250 0.006917 -0.027191
v -0.035250 0.007047 -0.026450
v -0.035250 0.007624 -0.025966
v -0.035250 0.008376 -0.025966
v -0.035250 0.008953 -0.026450
v -0.035250 0.009083 -0.027191
v -0.035250 0.008707 -0.027843
v -0.035250 0.006435 -0.022121
v -0.035250 0.005753 -0.022439
v -0.035250 0.005026 -0.022244
v -0.035250 0.004594 -0.021628
v -0.035250 0.004660 -0.020878
v -0.035250 0.005192 -0.020346
v -0.035250 0.005942 -0.020281
v -0.035250 0.006558 -0.020712
v -0.035250 0.006753 -0.021439
v -0.035250 0.001100 -0.019000
v -0.035250 0.000843 -0.019707
v -0.035250 0.000191 -0.020083
v -0.035250 -0.000550 -0.019953
v -0.035250 -0.001034 -0.019376
v -0.035250 -0.001034 -0.018624
v -0.035250 -0.000550 -0.018047
v -0.035250 0.000191 -0.017917
v -0.035250 0.000843 -0.018293
v -0.035250 -0.004879 -0.020565
v -0.035250 -0.004561 -0.021247
v -0.035250 -0.004756 -0.021974
v -0.035250 -0.005372 -0.022406
v -0.035250 -0.006122 -0.022340
v -0.035250 -0.006654 -0.021808
v -0.035250 -0.006719 -0.021058
v -0.035250 -0.006288 -0.020442
v -0.035250 -0.005561 -0.020247
v -0.035250 -0.008000 -0.025900
v -0.035250 -0.007293 -0.026157
v -0.035250 -0.006917 -0.026809
v -0.035250 -0.007047 -0.027550
v -0.035250 -0.007624 -0.028034
v -0.035250 -0.008376 -0.028034
v -0.035250 -0.008953 -0.027550
v -0.035250 -0.009083 -0.026809
v -0.035250 -0.008707 -0.026157
v -0.035250 -0.006435 -0.031879
v -0.035250 -0.005753 -0.031561
v -0.035250 -0.005026 -0.031756
v -0.035250 -0.004594 -0.032372
v -0.035250 -0.004660 -0.033122
v -0.035250 -0.005192 -0.033654
v -0.035250 -0.005942 -0.033719
v -0.035250 -0.006558 -0.033288
v -0.035250 -0.006753 -0.032561
v -0.035250 -0.000000 -0.031000
v -0.035250 -0.002571 -0.030064
v -0.035250 -0.003939 -0.027695
v -0.035250 -0.003464 -0.025000
v -0.035250 -0.001368 -0.023241
v -0.035250 0.001368 -0.023241
v -0.035250 0.003464 -0.025000
v -0.035250 0.003939 -0.027695
v -0.035250 0.002571 -0.030064
v -0.033550 -0.000000 -0.031000
v -0.033550 -0.002571 -0.030064
v -0.033550 -0.003939 -0.027695
v -0.033550 -0.003464 -0.025000
v -0.033550 -0.001368 -0.023241
v -0.033550 0.001368 -0.023241
v -0.033550 0.003464 -0.025000
v -0.033550 0.003939 -0.027695
v -0.033550 0.002571 -0.030064
v -0.033350 -0.000000 -0.030800
v -0.033350 -0.002443 -0.029911
v -0.033350 -0.003742 -0.027660
v -0.033350 -0.003291 -0.025100
v -0.033350 -0.001300 -0.023429
v -0.033350 0.001300 -0.023429
v -0.033350 0.003291 -0.025100
v -0.033350 0.003742 -0.027660
v -0.033350 0.002443 -0.029911
v -0.033350 0.002250 -0.027000
v -0.033350 0.001724 -0.028446
v -0.033350 0.000391 -0.029216
v -0.033350 -0.001125 -0.028949
v -0.033350 -0.002114 -0.027770
v -0.033350 -0.002114 -0.026230
v -0.033350 -0.001125 -0.025051
v -0.033350 0.000391 -0.024784
v -0.033350 0.001724 -0.025554
v -0.031000 0.002250 -0.027000
v -0.031000 0.001724 -0.028446
v -0.031000 0.000391 -0.029216
v -0.031000 -0.001125 -0.028949
v -0.031000 -0.002114 -0.027770
v -0.031000 -0.002114 -0.026230
v -0.031000 -0.001125 -0.025051
v -0.031000 0.000391 -0.024784
v -0.031000 0.001724 -0.025554
v -0.030850 0.002100 -0.027000
v -0.030850 0.001609 -0.028350
v -0.030850 0.000365 -0.029068
v -0.030850 -0.001050 -0.028819
v -0.030850 -0.001973 -0.027718
v -0.030850 -0.001973 -0.026282
v -0.030850 -0.001050 -0.025181
v -0.030850 0.000365 -0.024932
v -0.030850 0.001609 -0.025650
v -0.035550 0.000800 -0.035000
v -0.035550 0.000613 -0.035514
v -0.035550 0.000139 -0.035788
v -0.035550 -0.000400 -0.035693
v -0.035550 -0.000752 -0.035274
v -0.035550 -0.000752 -0.034726
v -0.035550 -0.000400 -0.034307
v -0.035550 0.000139 -0.034212
v -0.035550 0.000613 -0.034486
v -0.037250 0.000800 -0.035000
v -0.037250 0.000613 -0.035514
v -0.037250 0.000139 -0.035788
v -0.037250 -0.000400 -0.035693
v -0.037250 -0.000752 -0.035274
v -0.037250 -0.000752 -0.034726
v -0.037250 -0.000400 -0.034307
v -0.037250 0.000139 -0.034212
v -0.037250 0.000613 -0.034486
v -0.037250 0.005091 -0.033223
v -0.037250 0.005587 -0.033454
v -0.037250 0.006116 -0.033312
v -0.037250 0.006430 -0.032864
v -0.037250 0.006382 -0.032319
v -0.037250 0.005995 -0.031932
v -0.037250 0.005450 -0.031884
v -0.037250 0.005002 -0.032198
v -0.037250 0.004860 -0.032727
v -0.037250 0.008000 -0.027800
v -0.037250 0.008514 -0.027613
v -0.037250 0.008788 -0.027139
v -0.037250 0.008693 -0.026600
v -0.037250 0.008274 -0.026248
v -0.037250 0.007726 -0.026248
v -0.037250 0.007307 -0.026600
v -0.037250 0.007212 -0.027139
v -0.037250 0.007486 -0.027613
v -0.037250 0.006223 -0.021909
v -0.037250 0.006454 -0.021413
v -0.037250 0.006312 -0.020884
v -0.037250 0.005864 -0.020570
v -0.037250 0.005319 -0.020618
v -0.037250 0.004932 -0.021005
v -0.037250 0.004884 -0.021550
v -0.037250 0.005198 -0.021998
v -0.037250 0.005727 -0.022140
v -0.037250 0.000800 -0.019000
v -0.037250 0.000613 -0.018486
v -0.037250 0.000139 -0.018212
v -0.037250 -0.000400 -0.018307
v -0.037250 -0.000752 -0.018726
v -0.037250 -0.000752 -0.019274
v -0.037250 -0.000400 -0.019693
v -0.037250 0.000139 -0.019788
v -0.037250 0.000613 -0.019514
v -0.037250 -0.005091 -0.020777
v -0.037250 -0.005587 -0.020546
v -0.037250 -0.006116 -0.020688
v -0.037250 -0.006430 -0.021136
v -0.037250 -0.006382 -0.021681
v -0.037250 -0.005995 -0.022068
v -0.037250 -0.005450 -0.022116
v -0.037250 -0.005002 -0.021802
v -0.037250 -0.004860 -0.021273
v -0.037250 -0.008000 -0.026200
v -0.037250 -0.008514 -0.026387
v -0.037250 -0.008788 -0.026861
v -0.037250 -0.008693 -0.027400
v -0.037250 -0.008274 -0.027752
v -0.037250 -0.007726 -0.027752
v -0.037250 -0.007307 -0.027400
v -0.037250 -0.007212 -0.026861
v -0.037250 -0.007486 -0.026387
v -0.037250 -0.006223 -0.032091
v -0.037250 -0.006454 -0.032587
v -0.037250 -0.006312 -0.033116
v -0.037250 -0.005864 -0.033430
v -0.037250 -0.005319 -0.033382
v -0.037250 -0.004932 -0.032995
v -0.037250 -0.004884 -0.032450
v -0.037250 -0.005198 -0.032002
v -0.037250 -0.005727 -0.031860
v -0.035550 0.005091 -0.033223
v -0.035550 0.005587 -0.033454
v -0.035550 0.006116 -0.033312
v -0.035550 0.006430 -0.032864
v -0.035550 0.006382 -0.032319
v -0.035550 0.005995 -0.031932
v -0.035550 0.005450 -0.031884
v -0.035550 0.005002 -0.032198
v -0.035550 0.004860 -0.032727
v -0.035550 0.008000 -0.027800
v -0.035550 0.008514 -0.027613
v -0.035550 0.008788 -0.027139
v -0.035550 0.008693 -0.026600
v -0.035550 0.008274 -0.026248
v -0.035550 0.007726 -0.026248
v -0.035550 0.007307 -0.026600
v -0.035550 0.007212 -0.027139
v -0.035550 0.007486 -0.027613
v -0.035550 0.006223 -0.021909
v -0.035550 0.006454 -0.021413
v -0.035550 0.006312 -0.020884
v -0.035550 0.005864 -0.020570
v -0.035550 0.005319 -0.020618
v -0.035550 0.004932 -0.021005
v -0.035550 0.004884 -0.021550
v -0.035550 0.005198 -0.021998
v -0.035550 0.005727 -0.022140
v -0.035550 0.000800 -0.019000
v -0.035550 0.000613 -0.018486
v -0.035550 0.000139 -0.018212
v -0.035550 -0.000400 -0.018307
v -0.035550 -0.000752 -0.018726
v -0.035550 -0.000752 -0.019274
v -0.035550 -0.000400 -0.019693
v -0.035550 0.000139 -0.019788
v -0.035550 0.000613 -0.019514
v -0.035550 -0.005091 -0.020777
v -0.035550 -0.005587 -0.020546
v -0.035550 -0.006116 -0.020688
v -0.035550 -0.006430 -0.021136
v -0.035550 -0.006382 -0.021681
v -0.035550 -0.005995 -0.022068
v -0.035550 -0.005450 -0.022116
v -0.035550 -0.005002 -0.021802
v -0.035550 -0.004860 -0.021273
v -0.035550 -0.008000 -0.026200
v -0.035550 -0.008514 -0.026387
v -0.035550 -0.008788 -0.026861
v -0.035550 -0.008693 -0.027400
v -0.035550 -0.008274 -0.027752
v -0.035550 -0.007726 -0.027752
v -0.035550 -0.007307 -0.027400
v -0.035550 -0.007212 -0.026861
v -0.035550 -0.007486 -0.026387
v -0.035550 -0.006223 -0.032091
v -0.035550 -0.006454 -0.032587
v -0.035550 -0.006312 -0.033116
v -0.035550 -0.005864 -0.033430
v -0.035550 -0.005319 -0.033382
v -0.035550 -0.004932 -0.032995
v -0.035550 -0.004884 -0.032450
v -0.035550 -0.005198 -0.032002
v -0.035550 -0.005727 -0.031860
v 0.003983 -0.016250 -0.009451
v 0.004117 -0.016250 -0.009536
v 0.004208 -0.016250 -0.009668
v 0.004240 -0.016250 -0.009824
v 0.004240 -0.014250 -0.009824
v 0.004208 -0.014250 -0.009668
v 0.004117 -0.014250 -0.009536
v 0.003983 -0.014250 -0.009451
v 0.003596 -0.014250 -0.009117
v 0.003512 -0.014250 -0.008614
v 0.003770 -0.014250 -0.008174
v 0.004250 -0.014250 -0.008000
v 0.004250 -0.016250 -0.008000
v 0.003770 -0.016250 -0.008174
v 0.003512 -0.016250 -0.008614
v 0.003596 -0.016250 -0.009117
v -0.003850 -0.014250 0.000000
v -0.002949 -0.014250 -0.002475
v -0.000669 -0.014250 -0.003792
v 0.001925 -0.014250 -0.003334
v 0.003618 -0.014250 -0.001317
v 0.003618 -0.014250 0.001317
v 0.001925 -0.014250 0.003334
v -0.000669 -0.014250 0.003792
v -0.002949 -0.014250 0.002475
v -0.037350 -0.014250 0.000000
v -0.036449 -0.014250 -0.002475
v -0.034169 -0.014250 -0.003792
v -0.031575 -0.014250 -0.003334
v -0.029882 -0.014250 -0.001317
v -0.029882 -0.014250 0.001317
v -0.031575 -0.014250 0.003334
v -0.034169 -0.014250 0.003792
v -0.036449 -0.014250 0.002475
v -0.049500 -0.014250 0.001000
v -0.049208 -0.014250 0.000197
v -0.048467 -0.014250 -0.000231
v -0.047625 -0.014250 -0.000083
v -0.047075 -0.014250 0.000572
v -0.047075 -0.014250 0.001428
v -0.047625 -0.014250 0.002083
v -0.048467 -0.014250 0.002231
v -0.049208 -0.014250 0.001803
v -0.049500 -0.014250 -0.023000
v -0.049208 -0.014250 -0.023803
v -0.048467 -0.014250 -0.024231
v -0.047625 -0.014250 -0.024083
v -0.047075 -0.014250 -0.023428
v -0.047075 -0.014250 -0.022572
v -0.047625 -0.014250 -0.021917
v -0.048467 -0.014250 -0.021769
v -0.049208 -0.014250 -0.022197
v 0.004240 -0.014250 -0.011689
v 0.004163 -0.014250 -0.011849
v 0.004024 -0.014250 -0.011960
v 0.003850 -0.014250 -0.012000
v 0.002833 -0.014250 -0.012000
v 0.002079 -0.014250 -0.011853
v 0.001436 -0.014250 -0.011432
v 0.000345 -0.014250 -0.009852
v -0.000619 -0.014250 -0.009221
v -0.001750 -0.014250 -0.009000
v -0.033500 -0.014250 -0.009000
v -0.034682 -0.014250 -0.009243
v -0.035673 -0.014250 -0.009932
v -0.036312 -0.014250 -0.010956
v -0.041688 -0.014250 -0.025436
v -0.044779 -0.014250 -0.029079
v -0.049488 -0.014250 -0.029890
v -0.053619 -0.014250 -0.027491
v -0.055250 -0.014250 -0.023000
v -0.055250 -0.014250 0.003000
v -0.054446 -0.014250 0.006000
v -0.052250 -0.014250 0.008196
v -0.049250 -0.014250 0.009000
v -0.008891 -0.014250 0.009000
v -0.006832 -0.014250 0.009214
v -0.004860 -0.014250 0.009848
v -0.001983 -0.014250 0.011491
v -0.000800 -0.014250 0.011871
v 0.000436 -0.014250 0.012000
v 0.003850 -0.014250 0.012000
v 0.004024 -0.014250 0.011960
v 0.004163 -0.014250 0.011849
v 0.004240 -0.014250 0.011689
v 0.004240 -0.014250 0.009824
v 0.004208 -0.014250 0.009668
v 0.004117 -0.014250 0.009536
v 0.003983 -0.014250 0.009451
v 0.003596 -0.014250 0.009117
v 0.003512 -0.014250 0.008614
v 0.003770 -0.014250 0.008174
v 0.004250 -0.014250 0.008000
v 0.006250 -0.014250 0.008000
v 0.006730 -0.014250 0.008174
v 0.006988 -0.014250 0.008614
v 0.006904 -0.014250 0.009117
v 0.006517 -0.014250 0.009451
v 0.006383 -0.014250 0.009536
v 0.006292 -0.014250 0.009668
v 0.006260 -0.014250 0.009824
v 0.006260 -0.014250 0.011689
v 0.006337 -0.014250 0.011849
v 0.006476 -0.014250 0.011960
v 0.006650 -0.014250 0.012000
v 0.010016 -0.014250 0.012000
v 0.010753 -0.014250 0.011859
v 0.011386 -0.014250 0.011458
v 0.011826 -0.014250 0.010851
v 0.013977 -0.014250 0.003723
v 0.013977 -0.014250 -0.003723
v 0.011826 -0.014250 -0.010851
v 0.011386 -0.014250 -0.011458
v 0.010753 -0.014250 -0.011859
v 0.010016 -0.014250 -0.012000
v 0.006650 -0.014250 -0.012000
v 0.006476 -0.014250 -0.011960
v 0.006337 -0.014250 -0.011849
v 0.006260 -0.014250 -0.011689
v 0.006260 -0.014250 -0.009824
v 0.006292 -0.014250 -0.009668
v 0.006383 -0.014250 -0.009536
v 0.006517 -0.014250 -0.009451
v 0.006904 -0.014250 -0.009117
v 0.006988 -0.014250 -0.008614
v 0.006730 -0.014250 -0.008174
v 0.006250 -0.014250 -0.008000
v 0.006260 -0.016250 -0.009824
v 0.006292 -0.016250 -0.009668
v 0.006383 -0.016250 -0.009536
v 0.006517 -0.016250 -0.009451
v 0.006260 -0.016250 -0.011689
v 0.004240 -0.016250 0.009824
v 0.004208 -0.016250 0.009668
v 0.004117 -0.016250 0.009536
v 0.003983 -0.016250 0.009451
v 0.004240 -0.016250 0.011689
v 0.006517 -0.016250 0.009451
v 0.006383 -0.016250 0.009536
v 0.006292 -0.016250 0.009668
v 0.006260 -0.016250 0.009824
v 0.006260 -0.016250 0.011689
v 0.006904 -0.016250 -0.009117
v 0.006988 -0.016250 -0.008614
v 0.006730 -0.016250 -0.008174
v 0.006250 -0.016250 -0.008000
v 0.003596 -0.016250 0.009117
v 0.003512 -0.016250 0.008614
v 0.003770 -0.016250 0.008174
v 0.004250 -0.016250 0.008000
v 0.004240 -0.016250 -0.011689
v 0.006250 -0.016250 0.008000
v 0.006730 -0.016250 0.008174
v 0.006988 -0.016250 0.008614
v 0.006904 -0.016250 0.009117
v 0.006650 -0.016250 -0.012000
v 0.006476 -0.016250 -0.011960
v 0.006337 -0.016250 -0.011849
v 0.003850 -0.016250 0.012000
v 0.004024 -0.016250 0.011960
v 0.004163 -0.016250 0.011849
v 0.004163 -0.016250 -0.011849
v 0.004024 -0.016250 -0.011960
v 0.003850 -0.016250 -0.012000
v 0.002833 -0.016250 -0.012000
v 0.010016 -0.016250 -0.012000
v 0.010753 -0.016250 -0.011859
v 0.011386 -0.016250 -0.011458
v 0.011826 -0.016250 -0.010851
v 0.013977 -0.016250 -0.003723
v 0.013977 -0.016250 0.003723
v 0.011826 -0.016250 0.010851
v 0.011386 -0.016250 0.011458
v 0.010753 -0.016250 0.011859
v 0.010016 -0.016250 0.012000
v 0.006650 -0.016250 0.012000
v 0.006476 -0.016250 0.011960
v 0.006337 -0.016250 0.011849
v 0.000436 -0.016250 0.012000
v -0.000800 -0.016250 0.011871
v -0.001983 -0.016250 0.011491
v -0.004860 -0.016250 0.009848
v -0.006832 -0.016250 0.009214
v -0.008891 -0.016250 0.009000
v -0.049250 -0.016250 0.009000
v -0.052250 -0.016250 0.008196
v -0.054446 -0.016250 0.006000
v -0.055250 -0.016250 0.003000
v -0.055250 -0.016250 -0.023000
v -0.053619 -0.016250 -0.027491
v -0.049488 -0.016250 -0.029890
v -0.044779 -0.016250 -0.029079
v -0.041688 -0.016250 -0.025436
v -0.036312 -0.016250 -0.010956
v -0.035673 -0.016250 -0.009932
v -0.034682 -0.016250 -0.009243
v -0.033500 -0.016250 -0.009000
v -0.001750 -0.016250 -0.009000
v -0.000619 -0.016250 -0.009221
v 0.000345 -0.016250 -0.009852
v 0.001436 -0.016250 -0.011432
v 0.002079 -0.016250 -0.011853
v -0.037350 -0.016250 0.000000
v -0.036449 -0.016250 0.002475
v -0.034169 -0.016250 0.003792
v -0.031575 -0.016250 0.003334
v -0.029882 -0.016250 0.001317
v -0.029882 -0.016250 -0.001317
v -0.031575 -0.016250 -0.003334
v -0.034169 -0.016250 -0.003792
v -0.036449 -0.016250 -0.002475
v -0.003850 -0.016250 0.000000
v -0.002949 -0.016250 0.002475
v -0.000669 -0.016250 0.003792
v 0.001925 -0.016250 0.003334
v 0.003618 -0.016250 0.001317
v 0.003618 -0.016250 -0.001317
v 0.001925 -0.016250 -0.003334
v -0.000669 -0.016250 -0.003792
v -0.002949 -0.016250 -0.002475
v -0.049500 -0.016250 -0.023000
v -0.049208 -0.016250 -0.022197
v -0.048467 -0.016250 -0.021769
v -0.047625 -0.016250 -0.021917
v -0.047075 -0.016250 -0.022572
v -0.047075 -0.016250 -0.023428
v -0.047625 -0.016250 -0.024083
v -0.048467 -0.016250 -0.024231
v -0.049208 -0.016250 -0.023803
v -0.049500 -0.016250 0.001000
v -0.049208 -0.016250 0.001803
v -0.048467 -0.016250 0.002231
v -0.047625 -0.016250 0.002083
v -0.047075 -0.016250 0.001428
v -0.047075 -0.016250 0.000572
v -0.047625 -0.016250 -0.000083
v -0.048467 -0.016250 -0.000231
v -0.049208 -0.016250 0.000197
v 0.003983 0.014250 -0.009451
v 0.004117 0.014250 -0.009536
v 0.004208 0.014250 -0.009668
v 0.004240 0.014250 -0.009824
v 0.004240 0.016250 -0.009824
v 0.004208 0.016250 -0.009668
v 0.004117 0.016250 -0.009536
v 0.003983 0.016250 -0.009451
v 0.003596 0.016250 -0.009117
v 0.003512 0.016250 -0.008614
v 0.003770 0.016250 -0.008174
v 0.004250 0.016250 -0.008000
v 0.004250 0.014250 -0.008000
v 0.003770 0.014250 -0.008174
v 0.003512 0.014250 -0.008614
v 0.003596 0.014250 -0.009117
v -0.003850 0.016250 0.000000
v -0.002949 0.016250 -0.002475
v -0.000669 0.016250 -0.003792
v 0.001925 0.016250 -0.003334
v 0.003618 0.016250 -0.001317
v 0.003618 0.016250 0.001317
v 0.001925 0.016250 0.003334
v -0.000669 0.016250 0.003792
v -0.002949 0.016250 0.002475
v -0.037350 0.016250 0.000000
v -0.036449 0.016250 -0.002475
v -0.034169 0.016250 -0.003792
v -0.031575 0.016250 -0.003334
v -0.029882 0.016250 -0.001317
v -0.029882 0.016250 0.001317
v -0.031575 0.016250 0.003334
v -0.034169 0.016250 0.003792
v -0.036449 0.016250 0.002475
v -0.049500 0.016250 0.001000
v -0.049208 0.016250 0.000197
v -0.048467 0.016250 -0.000231
v -0.047625 0.016250 -0.000083
v -0.047075 0.016250 0.000572
v -0.047075 0.016250 0.001428
v -0.047625 0.016250 0.002083
v -0.048467 0.016250 0.002231
v -0.049208 0.016250 0.001803
v -0.049500 0.016250 -0.023000
v -0.049208 0.016250 -0.023803
v -0.048467 0.016250 -0.024231
v -0.047625 0.016250 -0.024083
v -0.047075 0.016250 -0.023428
v -0.047075 0.016250 -0.022572
v -0.047625 0.016250 -0.021917
v -0.048467 0.016250 -0.021769
v -0.049208 0.016250 -0.022197
v 0.004240 0.016250 -0.011689
v 0.004163 0.016250 -0.011849
v 0.004024 0.016250 -0.011960
v 0.003850 0.016250 -0.012000
v 0.002833 0.016250 -0.012000
v 0.002079 0.016250 -0.011853
v 0.001436 0.016250 -0.011432
v 0.000345 0.016250 -0.009852
v -0.000619 0.016250 -0.009221
v -0.001750 0.016250 -0.009000
v -0.033500 0.016250 -0.009000
v -0.034682 0.016250 -0.009243
v -0.035673 0.016250 -0.009932
v -0.036312 0.016250 -0.010956
v -0.041688 0.016250 -0.025436
v -0.044779 0.016250 -0.029079
v -0.049488 0.016250 -0.029890
v -0.053619 0.016250 -0.027491
v -0.055250 0.016250 -0.023000
v -0.055250 0.016250 0.003000
v -0.054446 0.016250 0.006000
v -0.052250 0.016250 0.008196
v -0.049250 0.016250 0.009000
v -0.008891 0.016250 0.009000
v -0.006832 0.016250 0.009214
v -0.004860 0.016250 0.009848
v -0.001983 0.016250 0.011491
v -0.000800 0.016250 0.011871
v 0.000436 0.016250 0.012000
v 0.003850 0.016250 0.012000
v 0.004024 0.016250 0.011960
v 0.004163 0.016250 0.011849
v 0.004240 0.016250 0.011689
v 0.004240 0.016250 0.009824
v 0.004208 0.016250 0.009668
v 0.004117 0.016250 0.009536
v 0.003983 0.016250 0.009451
v 0.003596 0.016250 0.009117
v 0.003512 0.016250 0.008614
v 0.003770 0.016250 0.008174
v 0.004250 0.016250 0.008000
v 0.006250 0.016250 0.008000
v 0.006730 0.016250 0.008174
v 0.006988 0.016250 0.008614
v 0.006904 0.016250 0.009117
v 0.006517 0.016250 0.009451
v 0.006383 0.016250 0.009536
v 0.006292 0.016250 0.009668
v 0.006260 0.016250 0.009824
v 0.006260 0.016250 0.011689
v 0.006337 0.016250 0.011849
v 0.006476 0.016250 0.011960
v 0.006650 0.016250 0.012000
v 0.010016 0.016250 0.012000
v 0.010753 0.016250 0.011859
v 0.011386 0.016250 0.011458
v 0.011826 0.016250 0.010851
v 0.013977 0.016250 0.003723
v 0.013977 0.016250 -0.003723
v 0.011826 0.016250 -0.010851
v 0.011386 0.016250 -0.011458
v 0.010753 0.016250 -0.011859
v 0.010016 0.016250 -0.012000
v 0.006650 0.016250 -0.012000
v 0.006476 0.016250 -0.011960
v 0.006337 0.016250 -0.011849
v 0.006260 0.016250 -0.011689
v 0.006260 0.016250 -0.009824
v 0.006292 0.016250 -0.009668
v 0.006383 0.016250 -0.009536
v 0.006517 0.016250 -0.009451
v 0.006904 0.016250 -0.009117
v 0.006988 0.016250 -0.008614
v 0.006730 0.016250 -0.008174
v 0.006250 0.016250 -0.008000
v 0.006260 0.014250 -0.009824
v 0.006292 0.014250 -0.009668
v 0.006383 0.014250 -0.009536
v 0.006517 0.014250 -0.009451
v 0.006260 0.014250 -0.011689
v 0.004240 0.014250 0.009824
v 0.004208 0.014250 0.009668
v 0.004117 0.014250 0.009536
v 0.003983 0.014250 0.009451
v 0.004240 0.014250 0.011689
v 0.006517 0.014250 0.009451
v 0.006383 0.014250 0.009536
v 0.006292 0.014250 0.009668
v 0.006260 0.014250 0.009824
v 0.006260 0.014250 0.011689
v 0.006904 0.014250 -0.009117
v 0.006988 0.014250 -0.008614
v 0.006730 0.014250 -0.008174
v 0.006250 0.014250 -0.008000
v 0.003596 0.014250 0.009117
v 0.003512 0.014250 0.008614
v 0.003770 0.014250 0.008174
v 0.004250 0.014250 0.008000
v 0.004240 0.014250 -0.011689
v 0.006250 0.014250 0.008000
v 0.006730 0.014250 0.008174
v 0.006988 0.014250 0.008614
v 0.006904 0.014250 0.009117
v 0.006650 0.014250 -0.012000
v 0.006476 0.014250 -0.011960
v 0.006337 0.014250 -0.011849
v 0.003850 0.014250 0.012000
v 0.004024 0.014250 0.011960
v 0.004163 0.014250 0.011849
v 0.004163 0.014250 -0.011849
v 0.004024 0.014250 -0.011960
v 0.003850 0.014250 -0.012000
v 0.002833 0.014250 -0.012000
v 0.010016 0.014250 -0.012000
v 0.010753 0.014250 -0.011859
v 0.011386 0.014250 -0.011458
v 0.011826 0.014250 -0.010851
v 0.013977 0.014250 -0.003723
v 0.013977 0.014250 0.003723
v 0.011826 0.014250 0.010851
v 0.011386 0.014250 0.011458
v 0.010753 0.014250 0.011859
v 0.010016 0.014250 0.012000
v 0.006650 0.014250 0.012000
v 0.006476 0.014250 0.011960
v 0.006337 0.014250 0.011849
v 0.000436 0.014250 0.012000
v -0.000800 0.014250 0.011871
v -0.001983 0.014250 0.011491
v -0.004860 0.014250 0.009848
v -0.006832 0.014250 0.009214
v -0.008891 0.014250 0.009000
v -0.049250 0.014250 0.009000
v -0.052250 0.014250 0.008196
v -0.054446 0.014250 0.006000
v -0.055250 0.014250 0.003000
v -0.055250 0.014250 -0.023000
v -0.053619 0.014250 -0.027491
v -0.049488 0.014250 -0.029890
v -0.044779 0.014250 -0.029079
v -0.041688 0.014250 -0.025436
v -0.036312 0.014250 -0.010956
v -0.035673 0.014250 -0.009932
v -0.034682 0.014250 -0.009243
v -0.033500 0.014250 -0.009000
v -0.001750 0.014250 -0.009000
v -0.000619 0.014250 -0.009221
v 0.000345 0.014250 -0.009852
v 0.001436 0.014250 -0.011432
v 0.002079 0.014250 -0.011853
v -0.037350 0.014250 0.000000
v -0.036449 0.014250 0.002475
v -0.034169 0.014250 0.003792
v -0.031575 0.014250 0.003334
v -0.029882 0.014250 0.001317
v -0.029882 0.014250 -0.001317
v -0.031575 0.014250 -0.003334
v -0.034169 0.014250 -0.003792
v -0.036449 0.014250 -0.002475
v -0.003850 0.014250 0.000000
v -0.002949 0.014250 0.002475
v -0.000669 0.014250 0.003792
v 0.001925 0.014250 0.003334
v 0.003618 0.014250 0.001317
v 0.003618 0.014250 -0.001317
v 0.001925 0.014250 -0.003334
v -0.000669 0.014250 -0.003792
v -0.002949 0.014250 -0.002475
v -0.049500 0.014250 -0.023000
v -0.049208 0.014250 -0.022197
v -0.048467 0.014250 -0.021769
v -0.047625 0.014250 -0.021917
v -0.047075 0.014250 -0.022572
v -0.047075 0.014250 -0.023428
v -0.047625 0.014250 -0.024083
v -0.048467 0.014250 -0.024231
v -0.049208 0.014250 -0.023803
v -0.049500 0.014250 0.001000
v -0.049208 0.014250 0.001803
v -0.048467 0.014250 0.002231
v -0.047625 0.014250 0.002083
v -0.047075 0.014250 0.001428
v -0.047075 0.014250 0.000572
v -0.047625 0.014250 -0.000083
v -0.048467 0.014250 -0.000231
v -0.049208 0.014250 0.000197
v 0.004250 0.013989 -0.006547
v 0.004250 0.014126 -0.006462
v 0.004250 0.014218 -0.006329
v 0.004250 0.014250 -0.006172
v 0.006250 0.014250 -0.006172
v 0.006250 0.014218 -0.006329
v 0.006250 0.014126 -0.006462
v 0.006250 0.013989 -0.006547
v 0.006250 0.014250 0.006172
v 0.006250 0.014218 0.006329
v 0.006250 0.014126 0.006462
v 0.006250 0.013989 0.006547
v 0.006250 0.013599 0.006878
v 0.006250 0.013512 0.007383
v 0.006250 0.013769 0.007825
v 0.006250 0.014250 0.008000
v 0.006250 0.015850 0.008000
v 0.006250 0.016050 0.008054
v 0.006250 0.016196 0.008200
v 0.006250 0.016250 0.008400
v 0.006250 0.016250 0.011600
v 0.006250 0.016196 0.011800
v 0.006250 0.016050 0.011946
v 0.006250 0.015850 0.012000
v 0.006250 0.010428 0.012000
v 0.006250 0.009060 0.011759
v 0.006250 0.007857 0.011064
v 0.006250 0.006071 0.008936
v 0.006250 0.004868 0.008241
v 0.006250 0.003500 0.008000
v 0.006250 -0.003500 0.008000
v 0.006250 -0.004868 0.008241
v 0.006250 -0.006071 0.008936
v 0.006250 -0.007857 0.011064
v 0.006250 -0.009060 0.011759
v 0.006250 -0.010428 0.012000
v 0.006250 -0.015850 0.012000
v 0.006250 -0.016050 0.011946
v 0.006250 -0.016196 0.011800
v 0.006250 -0.016250 0.011600
v 0.006250 -0.016250 0.008400
v 0.006250 -0.016196 0.008200
v 0.006250 -0.016050 0.008054
v 0.006250 -0.015850 0.008000
v 0.006250 -0.014250 0.008000
v 0.006250 -0.013769 0.007825
v 0.006250 -0.013512 0.007383
v 0.006250 -0.013599 0.006878
v 0.006250 -0.013989 0.006547
v 0.006250 -0.014126 0.006462
v 0.006250 -0.014218 0.006329
v 0.006250 -0.014250 0.006172
v 0.006250 -0.014250 -0.006172
v 0.006250 -0.014218 -0.006329
v 0.006250 -0.014126 -0.006462
v 0.006250 -0.013989 -0.006547
v 0.006250 -0.013599 -0.006878
v 0.006250 -0.013512 -0.007383
v 0.006250 -0.013769 -0.007825
v 0.006250 -0.014250 -0.008000
v 0.006250 -0.015850 -0.008000
v 0.006250 -0.016050 -0.008054
v 0.006250 -0.016196 -0.008200
v 0.006250 -0.016250 -0.008400
v 0.006250 -0.016246 -0.011972
v 0.006250 -0.016235 -0.012025
v 0.006250 -0.016217 -0.012076
v 0.006250 -0.008268 -0.030556
v 0.006250 -0.004949 -0.034517
v 0.006250 0.000000 -0.036000
v 0.006250 0.004949 -0.034517
v 0.006250 0.008268 -0.030556
v 0.006250 0.016235 -0.012025
v 0.006250 0.016246 -0.011972
v 0.006250 0.016250 -0.008400
v 0.006250 0.016196 -0.008200
v 0.006250 0.016050 -0.008054
v 0.006250 0.015850 -0.008000
v 0.006250 0.014250 -0.008000
v 0.006250 0.013769 -0.007825
v 0.006250 0.013512 -0.007383
v 0.006250 0.013599 -0.006878
v 0.006250 -0.009750 0.005000
v 0.006250 -0.010042 0.004197
v 0.006250 -0.010783 0.003769
v 0.006250 -0.011625 0.003917
v 0.006250 -0.012175 0.004572
v 0.006250 -0.012175 0.005428
v 0.006250 -0.011625 0.006083
v 0.006250 -0.010783 0.006231
v 0.006250 -0.010042 0.005803
v 0.006250 0.012250 0.005000
v 0.006250 0.011958 0.004197
v 0.006250 0.011217 0.003769
v 0.006250 0.010375 0.003917
v 0.006250 0.009825 0.004572
v 0.006250 0.009825 0.005428
v 0.006250 0.010375 0.006083
v 0.006250 0.011217 0.006231
v 0.006250 0.011958 0.005803
v 0.006250 0.003900 -0.027000
v 0.006250 0.002988 -0.029507
v 0.006250 0.000677 -0.030841
v 0.006250 -0.001950 -0.030377
v 0.006250 -0.003665 -0.028334
v 0.006250 -0.003665 -0.025666
v 0.006250 -0.001950 -0.023623
v 0.006250 0.000677 -0.023159
v 0.006250 0.002988 -0.024493
v 0.004250 0.014250 0.006172
v 0.004250 0.014218 0.006329
v 0.004250 0.014126 0.006462
v 0.004250 0.013989 0.006547
v 0.004250 -0.014250 -0.006172
v 0.004250 -0.014218 -0.006329
v 0.004250 -0.014126 -0.006462
v 0.004250 -0.013989 -0.006547
v 0.004250 -0.014250 0.006172
v 0.004250 -0.013989 0.006547
v 0.004250 -0.014126 0.006462
v 0.004250 -0.014218 0.006329
v 0.004250 0.014250 -0.008000
v 0.004250 0.013769 -0.007825
v 0.004250 0.013512 -0.007383
v 0.004250 0.013599 -0.006878
v 0.004250 -0.013599 -0.006878
v 0.004250 -0.013512 -0.007383
v 0.004250 -0.013769 -0.007825
v 0.004250 -0.014250 -0.008000
v 0.004250 0.013599 0.006878
v 0.004250 0.013512 0.007383
v 0.004250 0.013769 0.007825
v 0.004250 0.014250 0.008000
v 0.004250 -0.014250 0.008000
v 0.004250 -0.013769 0.007825
v 0.004250 -0.013512 0.007383
v 0.004250 -0.013599 0.006878
v 0.004250 0.015850 -0.008000
v 0.004250 0.016050 -0.008054
v 0.004250 0.016196 -0.008200
v 0.004250 0.016250 -0.008400
v 0.004250 0.016246 -0.011972
v 0.004250 0.016235 -0.012025
v 0.004250 0.008268 -0.030556
v 0.004250 0.004949 -0.034517
v 0.004250 0.000000 -0.036000
v 0.004250 -0.004949 -0.034517
v 0.004250 -0.008268 -0.030556
v 0.004250 -0.016235 -0.012025
v 0.004250 -0.016246 -0.011972
v 0.004250 -0.016250 -0.008400
v 0.004250 -0.016196 -0.008200
v 0.004250 -0.016050 -0.008054
v 0.004250 -0.015850 -0.008000
v 0.004250 -0.015850 0.008000
v 0.004250 -0.016050 0.008054
v 0.004250 -0.016196 0.008200
v 0.004250 -0.016250 0.008400
v 0.004250 -0.016250 0.011600
v 0.004250 -0.016196 0.011800
v 0.004250 -0.016050 0.011946
v 0.004250 -0.015850 0.012000
v 0.004250 -0.010428 0.012000
v 0.004250 -0.009060 0.011759
v 0.004250 -0.007857 0.011064
v 0.004250 -0.006964 0.010000
v 0.004250 -0.006071 0.008936
v 0.004250 -0.004868 0.008241
v 0.004250 -0.003500 0.008000
v 0.004250 0.003500 0.008000
v 0.004250 0.004868 0.008241
v 0.004250 0.006071 0.008936
v 0.004250 0.007857 0.011064
v 0.004250 0.009060 0.011759
v 0.004250 0.010428 0.012000
v 0.004250 0.015850 0.012000
v 0.004250 0.016050 0.011946
v 0.004250 0.016196 0.011800
v 0.004250 0.016250 0.011600
v 0.004250 0.016250 0.008400
v 0.004250 0.016196 0.008200
v 0.004250 0.016050 0.008054
v 0.004250 0.015850 0.008000
v 0.004250 -0.009750 0.005000
v 0.004250 -0.010042 0.005803
v 0.004250 -0.010783 0.006231
v 0.004250 -0.011625 0.006083
v 0.004250 -0.012175 0.005428
v 0.004250 -0.012175 0.004572
v 0.004250 -0.011625 0.003917
v 0.004250 -0.010783 0.003769
v 0.004250 -0.010042 0.004197
v 0.004250 0.012250 0.005000
v 0.004250 0.011958 0.005803
v 0.004250 0.011217 0.006231
v 0.004250 0.010375 0.006083
v 0.004250 0.009825 0.005428
v 0.004250 0.009825 0.004572
v 0.004250 0.010375 0.003917
v 0.004250 0.011217 0.003769
v 0.004250 0.011958 0.004197
v 0.004250 0.003900 -0.027000
v 0.004250 0.002988 -0.024493
v 0.004250 0.000677 -0.023159
v 0.004250 -0.001950 -0.023623
v 0.004250 -0.003665 -0.025666
v 0.004250 -0.003665 -0.028334
v 0.004250 -0.001950 -0.030377
v 0.004250 0.000677 -0.030841
v 0.004250 0.002988 -0.029507
v 0.004250 0.011000 0.007350
v 0.004250 0.009489 0.006800
v 0.004250 0.008686 0.005408
v 0.004250 0.008965 0.003825
v 0.004250 0.010196 0.002792
v 0.004250 0.011804 0.002792
v 0.004250 0.013035 0.003825
v 0.004250 0.013314 0.005408
v 0.004250 0.012510 0.006800
v 0.004250 0.011000 0.006300
v 0.004250 0.011836 0.005996
v 0.004250 0.012280 0.005226
v 0.004250 0.012126 0.004350
v 0.004250 0.011445 0.003778
v 0.004250 0.010555 0.003778
v 0.004250 0.009874 0.004350
v 0.004250 0.009720 0.005226
v 0.004250 0.010164 0.005996
v -0.040050 0.011000 0.006300
v -0.040050 0.011836 0.005996
v -0.040050 0.012280 0.005226
v -0.040050 0.012126 0.004350
v -0.040050 0.011445 0.003778
v -0.040050 0.010555 0.003778
v -0.040050 0.009874 0.004350
v -0.040050 0.009720 0.005226
v -0.040050 0.010164 0.005996
v -0.040050 0.011000 0.007350
v -0.040050 0.009489 0.006800
v -0.040050 0.008686 0.005408
v -0.040050 0.008965 0.003825
v -0.040050 0.010196 0.002792
v -0.040050 0.011804 0.002792
v -0.040050 0.013035 0.003825
v -0.040050 0.013314 0.005408
v -0.040050 0.012510 0.006800
v 0.004250 -0.011916 0.007164
v 0.004250 -0.013093 0.006069
v 0.004250 -0.013290 0.004474
v 0.004250 -0.012416 0.003125
v 0.004250 -0.010879 0.002653
v 0.004250 -0.009399 0.003280
v 0.004250 -0.008668 0.004711
v 0.004250 -0.009028 0.006278
v 0.004250 -0.010311 0.007247
v 0.004250 -0.011507 0.006197
v 0.004250 -0.010619 0.006243
v 0.004250 -0.009909 0.005707
v 0.004250 -0.009710 0.004840
v 0.004250 -0.010114 0.004048
v 0.004250 -0.010933 0.003702
v 0.004250 -0.011783 0.003963
v 0.004250 -0.012267 0.004709
v 0.004250 -0.012158 0.005591
v -0.040050 -0.011507 0.006197
v -0.040050 -0.010619 0.006243
v -0.040050 -0.009909 0.005707
v -0.040050 -0.009710 0.004840
v -0.040050 -0.010114 0.004048
v -0.040050 -0.010933 0.003702
v -0.040050 -0.011783 0.003963
v -0.040050 -0.012267 0.004709
v -0.040050 -0.012158 0.005591
v -0.040050 -0.011916 0.007164
v -0.040050 -0.013093 0.006069
v -0.040050 -0.013290 0.004474
v -0.040050 -0.012416 0.003125
v -0.040050 -0.010879 0.002653
v -0.040050 -0.009399 0.003280
v -0.040050 -0.008668 0.004711
v -0.040050 -0.009028 0.006278
v -0.040050 -0.010311 0.007247
v 0.004250 0.000000 -0.031600
v 0.004250 -0.002957 -0.030524
v 0.004250 -0.004530 -0.027799
v 0.004250 -0.003984 -0.024700
v 0.004250 -0.001573 -0.022677
v 0.004250 0.001573 -0.022677
v 0.004250 0.003984 -0.024700
v 0.004250 0.004530 -0.027799
v 0.004250 0.002957 -0.030524
v 0.003650 0.000000 -0.031600
v 0.003650 0.002957 -0.030524
v 0.003650 0.004530 -0.027799
v 0.003650 0.003984 -0.024700
v 0.003650 0.001573 -0.022677
v 0.003650 -0.001573 -0.022677
v 0.003650 -0.003984 -0.024700
v 0.003650 -0.004530 -0.027799
v 0.003650 -0.002957 -0.030524
v 0.004250 0.000000 -0.031000
v 0.004250 -0.002571 -0.030064
v 0.004250 -0.003939 -0.027695
v 0.004250 -0.003464 -0.025000
v 0.004250 -0.001368 -0.023241
v 0.004250 0.001368 -0.023241
v 0.004250 0.003464 -0.025000
v 0.004250 0.003939 -0.027694
v 0.004250 0.002571 -0.030064
v 0.006150 0.000000 -0.023500
v 0.006150 -0.002250 -0.024319
v 0.006150 -0.003447 -0.026392
v 0.006150 -0.003031 -0.028750
v 0.006150 -0.001197 -0.030289
v 0.006150 0.001197 -0.030289
v 0.006150 0.003031 -0.028750
v 0.006150 0.003447 -0.026392
v 0.006150 0.002250 -0.024319
v 0.003650 0.000000 -0.023500
v 0.003650 0.002250 -0.024319
v 0.003650 0.003447 -0.026392
v 0.003650 0.003031 -0.028750
v 0.003650 0.001197 -0.030289
v 0.003650 -0.001197 -0.030289
v 0.003650 -0.003031 -0.028750
v 0.003650 -0.003447 -0.026392
v 0.003650 -0.002250 -0.024319
v 0.006150 0.000000 -0.023000
v 0.006150 0.002571 -0.023936
v 0.006150 0.003939 -0.026305
v 0.006150 0.003464 -0.029000
v 0.006150 0.001368 -0.030759
v 0.006150 -0.001368 -0.030759
v 0.006150 -0.003464 -0.029000
v 0.006150 -0.003939 -0.026306
v 0.006150 -0.002571 -0.023936
v 0.006150 0.000000 -0.024500
v 0.006150 -0.001607 -0.025085
v 0.006150 -0.002462 -0.026566
v 0.006150 -0.002165 -0.028250
v 0.006150 -0.000855 -0.029349
v 0.006150 0.000855 -0.029349
v 0.006150 0.002165 -0.028250
v 0.006150 0.002462 -0.026566
v 0.006150 0.001607 -0.025085
v 0.003650 0.000000 -0.024500
v 0.003650 0.001607 -0.025085
v 0.003650 0.002462 -0.026566
v 0.003650 0.002165 -0.028250
v 0.003650 0.000855 -0.029349
v 0.003650 -0.000855 -0.029349
v 0.003650 -0.002165 -0.028250
v 0.003650 -0.002462 -0.026566
v 0.003650 -0.001607 -0.025085
v 0.006150 0.000000 -0.024000
v 0.006150 0.001928 -0.024702
v 0.006150 0.002954 -0.026479
v 0.006150 0.002598 -0.028500
v 0.006150 0.001026 -0.029819
v 0.006150 -0.001026 -0.029819
v 0.006150 -0.002598 -0.028500
v 0.006150 -0.002954 -0.026479
v 0.006150 -0.001928 -0.024702
v 0.003650 0.000000 -0.024000
v 0.003650 -0.001928 -0.024702
v 0.003650 -0.002954 -0.026479
v 0.003650 -0.002598 -0.028500
v 0.003650 -0.001026 -0.029819
v 0.003650 0.001026 -0.029819
v 0.003650 0.002598 -0.028500
v 0.003650 0.002954 -0.026479
v 0.003650 0.001928 -0.024702
v -0.033967 -0.016250 -0.004576
v -0.030916 -0.016250 -0.003806
v -0.029074 -0.016250 -0.001254
v -0.029304 -0.016250 0.001884
v -0.031496 -0.016250 0.004141
v -0.034627 -0.016250 0.004460
v -0.037230 -0.016250 0.002692
v -0.038088 -0.016250 -0.000335
v -0.036799 -0.016250 -0.003206
v -0.033967 -0.016850 -0.004576
v -0.036799 -0.016850 -0.003206
v -0.038088 -0.016850 -0.000335
v -0.037230 -0.016850 0.002692
v -0.034627 -0.016850 0.004460
v -0.031496 -0.016850 0.004141
v -0.029304 -0.016850 0.001884
v -0.029074 -0.016850 -0.001254
v -0.030916 -0.016850 -0.003806
v -0.033906 -0.016250 -0.003979
v -0.031253 -0.016250 -0.003309
v -0.029652 -0.016250 -0.001091
v -0.029851 -0.016250 0.001638
v -0.031758 -0.016250 0.003601
v -0.034480 -0.016250 0.003878
v -0.036743 -0.016250 0.002341
v -0.037489 -0.016250 -0.000291
v -0.036369 -0.016250 -0.002788
v -0.033145 -0.014350 0.003482
v -0.030990 -0.014350 0.002439
v -0.030009 -0.014350 0.000255
v -0.030662 -0.014350 -0.002048
v -0.032643 -0.014350 -0.003393
v -0.035024 -0.014350 -0.003151
v -0.036693 -0.014350 -0.001434
v -0.036867 -0.014350 0.000954
v -0.035466 -0.014350 0.002896
v -0.033145 -0.016850 0.003482
v -0.035466 -0.016850 0.002896
v -0.036867 -0.016850 0.000954
v -0.036693 -0.016850 -0.001434
v -0.035024 -0.016850 -0.003151
v -0.032643 -0.016850 -0.003393
v -0.030662 -0.016850 -0.002048
v -0.030009 -0.016850 0.000255
v -0.030990 -0.016850 0.002439
v -0.033094 -0.014350 0.003979
v -0.035747 -0.014350 0.003309
v -0.037348 -0.014350 0.001091
v -0.037149 -0.014350 -0.001638
v -0.035242 -0.014350 -0.003601
v -0.032520 -0.014350 -0.003878
v -0.030257 -0.014350 -0.002341
v -0.029511 -0.014350 0.000291
v -0.030631 -0.014350 0.002788
v -0.033246 -0.014350 0.002487
v -0.031707 -0.014350 0.001742
v -0.031007 -0.014350 0.000182
v -0.031473 -0.014350 -0.001463
v -0.032888 -0.014350 -0.002424
v -0.034589 -0.014350 -0.002250
v -0.035781 -0.014350 -0.001024
v -0.035905 -0.014350 0.000682
v -0.034904 -0.014350 0.002068
v -0.033246 -0.016850 0.002487
v -0.034904 -0.016850 0.002068
v -0.035905 -0.016850 0.000682
v -0.035781 -0.016850 -0.001024
v -0.034589 -0.016850 -0.002250
v -0.032888 -0.016850 -0.002424
v -0.031473 -0.016850 -0.001463
v -0.031007 -0.016850 0.000182
v -0.031707 -0.016850 0.001742
v -0.033196 -0.014350 0.002985
v -0.035185 -0.014350 0.002482
v -0.036386 -0.014350 0.000818
v -0.036237 -0.014350 -0.001229
v -0.034807 -0.014350 -0.002700
v -0.032765 -0.014350 -0.002909
v -0.031067 -0.014350 -0.001756
v -0.030508 -0.014350 0.000219
v -0.031349 -0.014350 0.002091
v -0.033196 -0.016850 0.002985
v -0.031349 -0.016850 0.002091
v -0.030508 -0.016850 0.000219
v -0.031067 -0.016850 -0.001756
v -0.032765 -0.016850 -0.002909
v -0.034807 -0.016850 -0.002700
v -0.036237 -0.016850 -0.001229
v -0.036386 -0.016850 0.000818
v -0.035185 -0.016850 0.002482
v -0.035702 0.016250 0.004039
v -0.032591 0.016250 0.004509
v -0.029905 0.016250 0.002870
v -0.028901 0.016250 -0.000112
v -0.030050 0.016250 -0.003042
v -0.032812 0.016250 -0.004548
v -0.035897 0.016250 -0.003926
v -0.037860 0.016250 -0.001467
v -0.037783 0.016250 0.001678
v -0.035702 0.016850 0.004039
v -0.037783 0.016850 0.001678
v -0.037860 0.016850 -0.001467
v -0.035897 0.016850 -0.003926
v -0.032812 0.016850 -0.004548
v -0.030050 0.016850 -0.003042
v -0.028901 0.016850 -0.000112
v -0.029905 0.016850 0.002870
v -0.032591 0.016850 0.004509
v -0.035415 0.016250 0.003512
v -0.032709 0.016250 0.003921
v -0.030374 0.016250 0.002495
v -0.029501 0.016250 -0.000098
v -0.030500 0.016250 -0.002645
v -0.032902 0.016250 -0.003955
v -0.035584 0.016250 -0.003414
v -0.037291 0.016250 -0.001276
v -0.037224 0.016250 0.001460
v -0.031825 0.014350 -0.003073
v -0.030241 0.014350 -0.001277
v -0.030183 0.014350 0.001116
v -0.031676 0.014350 0.002987
v -0.034023 0.014350 0.003461
v -0.036125 0.014350 0.002315
v -0.036999 0.014350 0.000086
v -0.036235 0.014350 -0.002184
v -0.034192 0.014350 -0.003431
v -0.031825 0.016850 -0.003073
v -0.034192 0.016850 -0.003431
v -0.036235 0.016850 -0.002184
v -0.036999 0.016850 0.000086
v -0.036125 0.016850 0.002315
v -0.034023 0.016850 0.003461
v -0.031676 0.016850 0.002987
v -0.030183 0.016850 0.001116
v -0.030241 0.016850 -0.001277
v -0.031585 0.014350 -0.003512
v -0.034291 0.014350 -0.003921
v -0.036626 0.014350 -0.002495
v -0.037499 0.014350 0.000098
v -0.036500 0.014350 0.002645
v -0.034098 0.014350 0.003955
v -0.031416 0.014350 0.003414
v -0.029709 0.014350 0.001276
v -0.029776 0.014350 -0.001460
v -0.032303 0.014350 -0.002195
v -0.031172 0.014350 -0.000912
v -0.031131 0.014350 0.000797
v -0.032197 0.014350 0.002134
v -0.033874 0.014350 0.002472
v -0.035375 0.014350 0.001653
v -0.035999 0.014350 0.000061
v -0.035454 0.014350 -0.001560
v -0.033994 0.014350 -0.002451
v -0.032303 0.016850 -0.002195
v -0.033994 0.016850 -0.002451
v -0.035454 0.016850 -0.001560
v -0.035999 0.016850 0.000061
v -0.035375 0.016850 0.001653
v -0.033874 0.016850 0.002472
v -0.032197 0.016850 0.002134
v -0.031131 0.016850 0.000797
v -0.031172 0.016850 -0.000912
v -0.032064 0.014350 -0.002634
v -0.034093 0.014350 -0.002941
v -0.035845 0.014350 -0.001872
v -0.036499 0.014350 0.000073
v -0.035750 0.014350 0.001984
v -0.033949 0.014350 0.002966
v -0.031937 0.014350 0.002561
v -0.030657 0.014350 0.000957
v -0.030707 0.014350 -0.001095
v -0.032064 0.016850 -0.002634
v -0.030707 0.016850 -0.001095
v -0.030657 0.016850 0.000957
v -0.031937 0.016850 0.002561
v -0.033949 0.016850 0.002966
v -0.035750 0.016850 0.001984
v -0.036499 0.016850 0.000073
v -0.035845 0.016850 -0.001872
v -0.034093 0.016850 -0.002941
v -0.000112 -0.016250 -0.004599
v 0.002870 -0.016250 -0.003595
v 0.004509 -0.016250 -0.000909
v 0.004039 -0.016250 0.002202
v 0.001678 -0.016250 0.004283
v -0.001467 -0.016250 0.004360
v -0.003926 -0.016250 0.002397
v -0.004548 -0.016250 -0.000688
v -0.003042 -0.016250 -0.003451
v -0.000112 -0.016850 -0.004599
v -0.003042 -0.016850 -0.003451
v -0.004548 -0.016850 -0.000688
v -0.003926 -0.016850 0.002397
v -0.001467 -0.016850 0.004360
v 0.001678 -0.016850 0.004283
v 0.004039 -0.016850 0.002202
v 0.004509 -0.016850 -0.000909
v 0.002870 -0.016850 -0.003595
v -0.000098 -0.016250 -0.003999
v 0.002496 -0.016250 -0.003126
v 0.003921 -0.016250 -0.000791
v 0.003512 -0.016250 0.001915
v 0.001460 -0.016250 0.003724
v -0.001276 -0.016250 0.003791
v -0.003414 -0.016250 0.002084
v -0.003955 -0.016250 -0.000598
v -0.002645 -0.016250 -0.003000
v 0.000086 -0.014350 0.003499
v 0.002315 -0.014350 0.002625
v 0.003461 -0.014350 0.000523
v 0.002987 -0.014350 -0.001824
v 0.001116 -0.014350 -0.003317
v -0.001277 -0.014350 -0.003259
v -0.003073 -0.014350 -0.001675
v -0.003431 -0.014350 0.000692
v -0.002184 -0.014350 0.002735
v 0.000086 -0.016850 0.003499
v -0.002184 -0.016850 0.002735
v -0.003431 -0.016850 0.000692
v -0.003073 -0.016850 -0.001675
v -0.001277 -0.016850 -0.003259
v 0.001116 -0.016850 -0.003317
v 0.002987 -0.016850 -0.001824
v 0.003461 -0.016850 0.000523
v 0.002315 -0.016850 0.002625
v 0.000098 -0.014350 0.003999
v -0.002496 -0.014350 0.003126
v -0.003921 -0.014350 0.000791
v -0.003512 -0.014350 -0.001915
v -0.001460 -0.014350 -0.003724
v 0.001276 -0.014350 -0.003791
v 0.003414 -0.014350 -0.002084
v 0.003955 -0.014350 0.000598
v 0.002645 -0.014350 0.003000
v 0.000061 -0.014350 0.002499
v 0.001653 -0.014350 0.001875
v 0.002472 -0.014350 0.000374
v 0.002134 -0.014350 -0.001303
v 0.000797 -0.014350 -0.002369
v -0.000912 -0.014350 -0.002328
v -0.002195 -0.014350 -0.001197
v -0.002451 -0.014350 0.000494
v -0.001560 -0.014350 0.001954
v 0.000061 -0.016850 0.002499
v -0.001560 -0.016850 0.001954
v -0.002451 -0.016850 0.000494
v -0.002195 -0.016850 -0.001197
v -0.000912 -0.016850 -0.002328
v 0.000797 -0.016850 -0.002369
v 0.002134 -0.016850 -0.001303
v 0.002472 -0.016850 0.000374
v 0.001653 -0.016850 0.001875
v 0.000073 -0.014350 0.002999
v -0.001872 -0.014350 0.002345
v -0.002941 -0.014350 0.000593
v -0.002634 -0.014350 -0.001436
v -0.001095 -0.014350 -0.002793
v 0.000957 -0.014350 -0.002843
v 0.002561 -0.014350 -0.001563
v 0.002966 -0.014350 0.000449
v 0.001984 -0.014350 0.002250
v 0.000073 -0.016850 0.002999
v 0.001984 -0.016850 0.002250
v 0.002966 -0.016850 0.000449
v 0.002561 -0.016850 -0.001563
v 0.000957 -0.016850 -0.002843
v -0.001095 -0.016850 -0.002793
v -0.002634 -0.016850 -0.001436
v -0.002941 -0.016850 0.000593
v -0.001872 -0.016850 0.002345
v -0.000000 0.016250 0.004600
v 0.002957 0.016250 0.003524
v 0.004530 0.016250 0.000799
v 0.003984 0.016250 -0.002300
v 0.001573 0.016250 -0.004323
v -0.001573 0.016250 -0.004323
v -0.003984 0.016250 -0.002300
v -0.004530 0.016250 0.000799
v -0.002957 0.016250 0.003524
v -0.000000 0.016850 0.004600
v -0.002957 0.016850 0.003524
v -0.004530 0.016850 0.000799
v -0.003984 0.016850 -0.002300
v -0.001573 0.016850 -0.004323
v 0.001573 0.016850 -0.004323
v 0.003984 0.016850 -0.002300
v 0.004530 0.016850 0.000799
v 0.002957 0.016850 0.003524
v -0.000000 0.016250 0.004000
v 0.002571 0.016250 0.003064
v 0.003939 0.016250 0.000695
v 0.003464 0.016250 -0.002000
v 0.001368 0.016250 -0.003759
v -0.001368 0.016250 -0.003759
v -0.003464 0.016250 -0.002000
v -0.003939 0.016250 0.000695
v -0.002571 0.016250 0.003064
v -0.000000 0.014350 -0.003500
v 0.002250 0.014350 -0.002681
v 0.003447 0.014350 -0.000608
v 0.003031 0.014350 0.001750
v 0.001197 0.014350 0.003289
v -0.001197 0.014350 0.003289
v -0.003031 0.014350 0.001750
v -0.003447 0.014350 -0.000608
v -0.002250 0.014350 -0.002681
v -0.000000 0.016850 -0.003500
v -0.002250 0.016850 -0.002681
v -0.003447 0.016850 -0.000608
v -0.003031 0.016850 0.001750
v -0.001197 0.016850 0.003289
v 0.001197 0.016850 0.003289
v 0.003031 0.016850 0.001750
v 0.003447 0.016850 -0.000608
v 0.002250 0.016850 -0.002681
v -0.000000 0.014350 -0.004000
v -0.002571 0.014350 -0.003064
v -0.003939 0.014350 -0.000695
v -0.003464 0.014350 0.002000
v -0.001368 0.014350 0.003759
v 0.001368 0.014350 0.003759
v 0.003464 0.014350 0.002000
v 0.003939 0.014350 -0.000695
v 0.002571 0.014350 -0.003064
v -0.000000 0.014350 -0.002500
v 0.001607 0.014350 -0.001915
v 0.002462 0.014350 -0.000434
v 0.002165 0.014350 0.001250
v 0.000855 0.014350 0.002349
v -0.000855 0.014350 0.002349
v -0.002165 0.014350 0.001250
v -0.002462 0.014350 -0.000434
v -0.001607 0.014350 -0.001915
v -0.000000 0.016850 -0.002500
v -0.001607 0.016850 -0.001915
v -0.002462 0.016850 -0.000434
v -0.002165 0.016850 0.001250
v -0.000855 0.016850 0.002349
v 0.000855 0.016850 0.002349
v 0.002165 0.016850 0.001250
v 0.002462 0.016850 -0.000434
v 0.001607 0.016850 -0.001915
v -0.000000 0.014350 -0.003000
v -0.001928 0.014350 -0.002298
v -0.002954 0.014350 -0.000521
v -0.002598 0.014350 0.001500
v -0.001026 0.014350 0.002819
v 0.001026 0.014350 0.002819
v 0.002598 0.014350 0.001500
v 0.002954 0.014350 -0.000521
v 0.001928 0.014350 -0.002298
v -0.000000 0.016850 -0.003000
v 0.001928 0.016850 -0.002298
v 0.002954 0.016850 -0.000521
v 0.002598 0.016850 0.001500
v 0.001026 0.016850 0.002819
v -0.001026 0.016850 0.002819
v -0.002598 0.016850 0.001500
v -0.002954 0.016850 -0.000521
v -0.001928 0.016850 -0.002298
vt 0.000000 -0.013670
vt 0.000000 -0.065740
vt 0.200000 -0.065740
vt 0.200000 -0.013670
vt -0.000000 -0.022453
vt -0.000000 -0.004497
vt -0.200000 -0.004497
vt -0.200000 -0.022453
vt -0.000000 -0.301359
vt 0.000000 -0.353429
vt 0.200000 -0.353429
vt 0.200000 -0.301359
vt 0.200000 0.577871
vt 0.200000 0.699406
vt -0.000000 0.699406
vt 0.000000 0.577871
vt 0.200000 0.043633
vt 0.200000 0.130900
vt 0.000000 0.130900
vt 0.000000 0.043633
vt -0.218895 0.200000
vt -0.218895 0.000000
vt -0.032450 0.000000
vt -0.032450 0.200000
vt 0.200000 -0.043633
vt -0.000000 -0.043633
vt -0.200000 -0.037708
vt -0.000000 -0.037708
vt -0.000000 0.037708
vt -0.200000 0.037708
vt 0.000000 -0.117810
vt 0.200000 -0.117810
vt 0.200000 0.305433
vt 0.200000 0.392699
vt 0.000000 0.392699
vt -0.000000 0.305433
vt -0.000000 -0.024125
vt -0.000000 -0.008042
vt -0.200000 -0.008042
vt -0.200000 -0.024125
vt 0.200000 0.065740
vt 0.200000 0.117810
vt 0.000000 0.117810
vt 0.000000 0.065740
vt -0.200000 -0.128540
vt -0.200000 -0.875774
vt -0.000000 -0.875774
vt -0.000000 -0.128540
vt 0.100000 0.671952
vt 0.100000 0.940732
vt -0.100000 0.940732
vt -0.100000 0.671952
vt -0.150000 0.010472
vt -0.150000 -0.010472
vt 0.050000 -0.010472
vt 0.050000 0.010472
vt -2.215000 -0.656244
vt 2.215000 -0.656244
vt 2.215000 -0.492183
vt -2.215000 -0.492183
vt 0.000000 0.200000
vt 0.000000 0.000000
vt -0.000000 -0.008125
vt 0.000000 -0.002708
vt -0.200000 -0.002708
vt 0.200000 -0.038399
vt 0.200000 0.013670
vt 0.000000 0.013670
vt 0.000000 -0.038399
vt 0.200000 -0.130900
vt 0.200000 -0.043633
vt -0.000000 -0.043633
vt -0.000000 -0.130900
vt -2.215000 -0.328122
vt 2.215000 -0.328122
vt 2.215000 -0.164061
vt -2.215000 -0.164061
vt 0.200000 0.218166
vt 0.200000 0.305433
vt -0.000000 0.305433
vt -0.000000 0.218166
vt 0.100000 0.940732
vt 0.100000 1.209513
vt -0.100000 1.209513
vt -0.100000 0.940732
vt 0.100000 0.680678
vt 0.100000 0.952950
vt -0.100000 0.952950
vt -0.100000 0.680678
vt -0.200000 0.031416
vt -0.200000 0.010472
vt -0.000000 0.010472
vt -0.000000 0.031416
vt 0.582819 0.100000
vt 0.582819 -0.100000
vt 1.817181 -0.100000
vt 1.817181 0.100000
vt 0.200000 0.065740
vt 0.000000 0.065740
vt 0.100000 -0.680678
vt 0.100000 -0.408407
vt -0.100000 -0.408407
vt -0.100000 -0.680678
vt -0.200000 -1.623008
vt -0.000000 -1.623008
vt 0.100000 -1.209513
vt 0.100000 -0.940732
vt -0.100000 -0.940732
vt -0.100000 -1.209513
vt 0.100000 -0.403171
vt 0.100000 -0.134390
vt -0.100000 -0.134390
vt -0.100000 -0.403171
vt 0.100000 0.403171
vt -0.100000 0.403171
vt 0.000000 -0.065566
vt 0.000000 -0.117810
vt 0.200000 -0.117810
vt 0.200000 -0.065566
vt -0.150000 0.031416
vt 0.050000 0.031416
vt 0.000000 -0.249290
vt 0.200000 -0.249290
vt 0.100000 0.403171
vt 0.100000 0.671952
vt -0.100000 0.671952
vt -0.100000 0.403171
vt -0.200000 0.024125
vt -0.200000 0.008042
vt -0.000000 0.008042
vt -0.000000 0.024125
vt -0.150000 0.115928
vt -0.150000 0.038643
vt 0.050000 0.038643
vt 0.050000 0.115928
vt 0.123383 0.200000
vt 0.123383 0.000000
vt 0.460000 0.000000
vt 0.460000 0.200000
vt 0.200000 -0.043633
vt 0.200000 0.043633
vt 0.000000 0.043633
vt -0.000000 -0.043633
vt 0.200000 0.043633
vt 0.000000 0.043633
vt 0.200000 -0.038399
vt 0.200000 0.013670
vt 0.000000 0.013670
vt 0.000000 -0.038399
vt -0.000000 -0.024311
vt -0.000000 -0.008104
vt -0.200000 -0.008104
vt -0.200000 -0.024311
vt 0.200000 0.000000
vt 0.200000 0.314159
vt -0.000000 0.314159
vt -0.000000 0.000000
vt 0.000000 0.587943
vt 0.000000 0.795399
vt -0.200000 0.795399
vt -0.200000 0.587943
vt 0.200000 0.196697
vt 0.200000 0.248941
vt 0.000000 0.248941
vt 0.000000 0.196697
vt 0.360000 0.000000
vt 0.360000 0.200000
vt 0.040000 0.200000
vt 0.040000 0.000000
vt 0.100000 0.940732
vt 0.100000 1.209513
vt -0.100000 1.209513
vt -0.100000 0.940732
vt -1.100000 0.200000
vt -1.100000 -0.000000
vt -0.400000 -0.000000
vt -0.400000 0.200000
vt 0.100000 0.134390
vt -0.100000 0.134390
vt -0.200000 -1.462730
vt -0.200000 -1.950307
vt -0.000000 -1.950307
vt -0.000000 -1.462730
vt -0.218895 0.200000
vt -0.218895 0.000000
vt -0.032450 0.000000
vt -0.032450 0.200000
vt -0.000000 -0.024125
vt -0.000000 -0.008042
vt -0.200000 -0.008042
vt -0.200000 -0.024125
vt -0.000000 -0.248941
vt -0.000000 -0.301185
vt 0.200000 -0.301185
vt 0.200000 -0.248941
vt -0.200000 -0.008104
vt -0.000000 -0.008104
vt -0.000000 0.008104
vt -0.200000 0.008104
vt 3.171706 -2.423101
vt 3.087500 -2.408253
vt 3.032538 -2.342753
vt 3.032538 -2.257247
vt 3.087500 -2.191747
vt 2.493755 -2.543602
vt 2.802902 -2.907884
vt 3.273750 -2.988975
vt 3.686947 -2.749096
vt 0.100000 -0.392699
vt 0.100000 -0.305433
vt -0.100000 -0.305433
vt -0.100000 -0.392699
vt 0.100000 -0.136136
vt -0.100000 -0.136136
vt -0.200000 0.031416
vt -0.200000 0.013460
vt -0.000000 0.013460
vt -0.000000 0.031416
vt -0.200000 0.113125
vt -0.000000 0.113125
vt 0.200000 -0.130900
vt -0.000000 -0.130900
vt 2.215000 0.317650
vt 2.215000 0.408407
vt -2.215000 0.408407
vt -2.215000 0.317650
vt 0.100000 0.043633
vt 0.100000 0.130900
vt -0.100000 0.130900
vt -0.100000 0.043633
vt 0.000000 0.200000
vt 0.000000 0.000000
vt 0.160000 0.000000
vt 0.160000 0.200000
vt -0.000000 0.000000
vt -0.000000 0.200000
vt -0.186445 0.200000
vt -0.186445 0.000000
vt 0.000000 0.090469
vt 0.000000 0.038399
vt 0.200000 0.038399
vt 0.200000 0.090469
vt 0.158258 0.200000
vt 0.158258 0.000000
vt 0.260000 0.000000
vt 0.260000 0.200000
vt -0.000000 -0.113125
vt 0.000000 -0.037708
vt -0.200000 -0.037708
vt -0.200000 -0.113125
vt -0.000000 -0.024125
vt -0.000000 -0.008042
vt -0.200000 -0.008042
vt -0.200000 -0.024125
vt -0.000000 -0.024311
vt -0.200000 -0.024311
vt 0.150000 0.119692
vt -0.050000 0.119692
vt -0.050000 0.003764
vt 0.150000 0.003764
vt 3.350000 -0.100000
vt 3.350000 0.100000
vt 0.175000 0.100000
vt 0.175000 -0.100000
vt -0.000000 -0.031416
vt -0.000000 -0.013460
vt -0.200000 -0.013460
vt -0.200000 -0.031416
vt -0.000000 -0.024125
vt -0.000000 -0.008042
vt -0.200000 -0.008042
vt -0.200000 -0.024125
vt -0.200000 -0.013460
vt -0.000000 -0.013460
vt -0.000000 0.004497
vt -0.200000 0.004497
vt 0.000000 -0.353429
vt 0.200000 -0.353429
vt -0.180020 -0.151055
vt -0.040807 -0.231430
vt 0.065000 -0.112583
vt -0.022574 -0.128025
vt -0.099586 -0.083562
vt -0.130000 0.000000
vt -0.099586 0.083562
vt -0.022574 0.128025
vt -0.040807 0.231430
vt -0.180020 0.151055
vt -0.235000 0.000000
vt 0.200000 0.218166
vt -0.000000 0.218166
vt -0.150000 -0.031416
vt 0.050000 -0.031416
vt 0.200000 0.130900
vt 0.000000 0.130900
vt 0.000000 0.200000
vt 0.000000 0.000000
vt 1.544547 0.000000
vt 1.544547 0.200000
vt 0.100000 -0.403171
vt 0.100000 -0.134390
vt -0.100000 -0.134390
vt -0.100000 -0.403171
vt 0.100000 0.134390
vt -0.100000 0.134390
vt 0.200000 0.000000
vt 0.200000 0.200000
vt 0.040000 0.200000
vt 0.040000 0.000000
vt 0.100000 -0.403171
vt 0.100000 -0.134390
vt -0.100000 -0.134390
vt -0.100000 -0.403171
vt -2.304190 -0.966790
vt -2.313252 -0.953633
vt -2.326739 -0.945072
vt -2.365383 -0.911744
vt -2.373758 -0.861405
vt -2.347986 -0.817361
vt -2.300000 -0.800000
vt -2.100000 -0.800000
vt -2.052014 -0.817361
vt -2.026242 -0.861405
vt -2.034617 -0.911744
vt -2.073261 -0.945072
vt -2.086748 -0.953633
vt -2.095810 -0.966790
vt -2.099000 -0.982443
vt -2.099000 -1.168888
vt -2.091279 -1.184933
vt -2.077359 -1.196037
vt -2.060000 -1.200000
vt -1.958258 -1.200000
vt -1.882881 -1.185252
vt -1.818621 -1.143184
vt -1.709454 -0.985223
vt -1.613064 -0.922121
vt -1.500000 -0.900000
vt 1.675000 -0.900000
vt 1.793238 -0.924283
vt 1.741855 -0.379151
vt 1.482500 -0.333420
vt 1.313218 -0.131678
vt 1.313218 0.131678
vt 1.482500 0.333420
vt 1.741855 0.379151
vt 1.969927 0.247473
vt 3.032538 0.142753
vt 3.087500 0.208253
vt 3.171706 0.223101
vt 3.245756 0.180348
vt 3.275000 0.100000
vt 3.245756 0.019652
vt 3.850000 0.300000
vt 3.769615 0.600000
vt 3.550000 0.819615
vt 3.250000 0.900000
vt -0.785857 0.900000
vt -0.991828 0.921442
vt -1.188967 0.984848
vt -1.476729 1.149091
vt -1.595012 1.187135
vt -1.718595 1.200000
vt -2.060000 1.200000
vt -2.077359 1.196037
vt -2.091279 1.184933
vt -2.099000 1.168888
vt -2.099000 0.982443
vt -2.095810 0.966790
vt -2.086748 0.953633
vt -2.073261 0.945072
vt -2.034617 0.911744
vt -2.026242 0.861405
vt -2.052014 0.817361
vt -1.867500 0.333420
vt -1.608145 0.379151
vt -1.380073 0.247473
vt -1.290000 0.000000
vt -1.380073 -0.247473
vt -1.608145 -0.379151
vt -1.867500 -0.333420
vt -2.036782 -0.131678
vt -2.036782 0.131678
vt -3.072678 -0.372282
vt -2.857606 -1.085106
vt -2.813553 -1.145769
vt -2.750259 -1.185949
vt -2.676617 -1.200000
vt -2.340000 -1.200000
vt -2.322641 -1.196037
vt -2.308721 -1.184933
vt -2.301000 -1.168888
vt -2.301000 -0.982443
vt 0.200000 0.197220
vt 0.200000 0.249290
vt 0.000000 0.249290
vt 0.000000 0.197220
vt 0.200000 0.174533
vt -0.000000 0.174533
vt 0.000000 0.034907
vt 0.200000 0.034907
vt 0.040807 0.231430
vt -0.117500 0.203516
vt -0.220828 0.080375
vt -0.220828 -0.080375
vt -0.122160 0.044463
vt -0.065000 0.112583
vt 0.022574 0.128025
vt 0.099586 0.083562
vt 0.130000 0.000000
vt 0.099586 -0.083562
vt 0.022574 -0.128025
vt -0.065000 -0.112583
vt -0.122160 -0.044463
vt -0.117500 -0.203516
vt 0.040807 -0.231430
vt 0.180020 -0.151055
vt 0.235000 0.000000
vt 0.180020 0.151055
vt -0.040807 0.231430
vt -0.180020 0.151055
vt -0.130000 0.000000
vt -0.099586 0.083562
vt -0.022574 0.128025
vt 0.065000 0.112583
vt 0.122160 0.044463
vt 0.220828 0.080375
vt 0.117500 0.203516
vt -0.000000 0.008042
vt -0.200000 0.008042
vt 0.696410 2.200000
vt 0.607115 2.093582
vt 0.975000 1.700000
vt 1.004244 1.780348
vt 0.100000 -0.671952
vt -0.100000 -0.671952
vt 0.100000 0.134390
vt -0.100000 0.134390
vt -0.200000 0.024311
vt -0.200000 0.008104
vt -0.000000 0.008104
vt -0.000000 0.024311
vt -0.000000 -0.113125
vt 0.000000 -0.037708
vt -0.200000 -0.037708
vt -0.200000 -0.113125
vt 0.200000 0.249290
vt 0.200000 0.301359
vt 0.000000 0.301359
vt 0.000000 0.249290
vt -0.200000 0.010472
vt -0.200000 -0.010472
vt -0.000000 -0.010472
vt -0.000000 0.010472
vt 0.000000 0.942478
vt -0.000000 0.820942
vt 0.200000 0.820942
vt 0.200000 0.942478
vt 0.200000 0.628319
vt 0.200000 0.942478
vt -0.000000 0.942478
vt -0.000000 0.628319
vt 0.200000 0.353429
vt 0.000000 0.353429
vt -0.000000 -0.024125
vt -0.000000 -0.008042
vt -0.200000 -0.008042
vt -0.200000 -0.024125
vt 0.000000 -0.249290
vt -0.000000 -0.301359
vt 0.200000 -0.301359
vt 0.200000 -0.249290
vt -0.000000 -0.113125
vt -0.000000 -0.037708
vt -0.200000 -0.037708
vt -0.200000 -0.113125
vt 0.000000 0.090469
vt 0.000000 0.038399
vt 0.200000 0.038399
vt 0.200000 0.090469
vt 0.200000 -0.218166
vt 0.200000 -0.130900
vt -0.000000 -0.130900
vt -0.000000 -0.218166
vt 2.215000 0.045379
vt 2.215000 0.136136
vt -2.215000 0.136136
vt -2.215000 0.045379
vt 0.100000 -0.952950
vt -0.100000 -0.952950
vt 0.000000 -2.370243
vt -0.200000 -2.370243
vt 2.215000 0.045379
vt 2.215000 0.136136
vt -2.215000 0.136136
vt -2.215000 0.045379
vt 2.215000 -0.317650
vt 2.215000 -0.226893
vt -2.215000 -0.226893
vt -2.215000 -0.317650
vt -0.000000 -0.113125
vt -0.200000 -0.113125
vt 2.215000 -0.226893
vt 2.215000 -0.136136
vt -2.215000 -0.136136
vt -2.215000 -0.226893
vt 0.200000 -0.305433
vt 0.200000 -0.218166
vt -0.000000 -0.218166
vt -0.000000 -0.305433
vt 0.000000 0.200000
vt 0.000000 0.000000
vt 1.544547 0.000000
vt 1.544547 0.200000
vt -0.000000 -0.008104
vt 0.200000 -0.008104
vt 0.200000 0.008104
vt -0.000000 0.008104
vt 0.100000 -0.130900
vt 0.100000 -0.043633
vt -0.100000 -0.043633
vt -0.100000 -0.130900
vt -0.000000 0.000000
vt -0.000000 0.200000
vt -2.600000 0.200000
vt -2.600000 0.000000
vt 0.200000 0.301185
vt 0.200000 0.353429
vt 0.000000 0.353429
vt 0.000000 0.301185
vt -0.000000 -0.024125
vt -0.000000 -0.008042
vt -0.200000 -0.008042
vt -0.200000 -0.024125
vt 0.000000 -0.013322
vt 0.200000 -0.013322
vt 0.376617 0.000000
vt 0.376617 0.200000
vt 0.040000 0.200000
vt 0.040000 -0.000000
vt -0.150000 0.031416
vt -0.150000 0.010472
vt 0.050000 0.010472
vt 0.050000 0.031416
vt 1.359875 1.887802
vt 1.351180 1.938252
vt 1.195756 1.780348
vt 1.225000 1.700000
vt -0.000000 0.024311
vt 0.200000 0.024311
vt 2.020056 0.000000
vt 2.020056 0.200000
vt -0.200000 0.002708
vt 0.000000 0.002708
vt 0.200000 0.130900
vt 0.200000 0.218166
vt -0.000000 0.218166
vt 0.000000 0.130900
vt 0.200000 -0.305433
vt 0.200000 -0.218166
vt -0.000000 -0.218166
vt -0.000000 -0.305433
vt -0.200000 0.062237
vt -0.200000 -0.062237
vt -0.000000 -0.062237
vt -0.000000 0.062237
vt -0.150000 0.115928
vt -0.150000 0.038643
vt 0.050000 0.038643
vt 0.050000 0.115928
vt 0.200000 -0.314159
vt 0.200000 -0.174533
vt 0.000000 -0.174533
vt 0.000000 -0.314159
vt -0.200000 0.031416
vt -0.000000 0.031416
vt -0.200000 -0.975154
vt -0.200000 -1.462730
vt -0.000000 -1.462730
vt -0.000000 -0.975154
vt -2.215000 -0.328122
vt 2.215000 -0.328122
vt 2.215000 -0.164061
vt -2.215000 -0.164061
vt 0.000000 -0.065740
vt 0.000000 -0.117810
vt 0.200000 -0.117810
vt 0.200000 -0.065740
vt -0.200000 0.200000
vt -0.200000 0.000000
vt -0.000000 0.000000
vt -0.000000 0.200000
vt -0.150000 -0.038643
vt 0.050000 -0.038643
vt -0.200000 -0.975154
vt -0.000000 -0.975154
vt -0.000000 -0.022453
vt -0.000000 -0.004497
vt -0.200000 -0.004497
vt -0.200000 -0.022453
vt -2.215000 0.656244
vt 2.215000 0.656244
vt 2.215000 0.820305
vt -2.215000 0.820305
vt 0.200000 0.197220
vt 0.000000 0.197220
vt -0.050000 0.235619
vt 0.150000 0.235619
vt -0.100000 1.184358
vt -0.100000 0.660310
vt 0.100000 0.660310
vt 0.100000 1.184358
vt 0.200000 0.305433
vt 0.200000 0.392699
vt 0.000000 0.392699
vt -0.000000 0.305433
vt 3.087500 -0.008253
vt 3.032538 0.057247
vt 2.060000 0.000000
vt 1.969927 -0.247473
vt 0.200000 0.043633
vt 0.200000 0.130900
vt 0.000000 0.130900
vt 0.000000 0.043633
vt -2.215000 0.164061
vt 2.215000 0.164061
vt 2.215000 0.328122
vt -2.215000 0.328122
vt -0.000000 -0.031416
vt 0.000000 -0.013460
vt -0.200000 -0.013460
vt -0.200000 -0.031416
vt 0.100000 0.671952
vt 0.100000 0.940732
vt -0.100000 0.940732
vt -0.100000 0.671952
vt 2.215000 0.226893
vt -2.215000 0.226893
vt 0.100000 -0.218166
vt -0.100000 -0.218166
vt -0.200000 0.031416
vt -0.200000 0.010472
vt -0.000000 0.010472
vt -0.000000 0.031416
vt -0.200000 0.024125
vt -0.200000 0.008042
vt 0.000000 0.008042
vt -0.000000 0.024125
vt 2.215000 0.492183
vt -2.215000 0.492183
vt -0.150000 -0.038643
vt 0.050000 -0.038643
vt 0.000000 -0.145150
vt 0.000000 -0.197220
vt 0.200000 -0.197220
vt 0.200000 -0.145150
vt 2.215000 0.000000
vt -2.215000 0.000000
vt 0.200000 0.577871
vt 0.200000 0.699406
vt -0.000000 0.699406
vt 0.000000 0.577871
vt -0.200000 -0.487577
vt -0.000000 -0.487577
vt -0.000000 0.008042
vt -0.200000 0.008042
vt 0.100000 -0.305433
vt 0.100000 -0.218166
vt -0.100000 -0.218166
vt -0.100000 -0.305433
vt 0.200000 0.065566
vt 0.200000 0.117810
vt -0.000000 0.117810
vt 0.000000 0.065566
vt -2.215000 0.164061
vt 2.215000 0.164061
vt 2.215000 0.328122
vt -2.215000 0.328122
vt 0.040807 -0.231430
vt 0.022574 -0.128025
vt -0.065000 -0.112583
vt -0.117500 -0.203516
vt 0.100000 -0.392699
vt -0.100000 -0.392699
vt 0.200000 -0.305433
vt 0.200000 -0.218166
vt -0.000000 -0.218166
vt -0.000000 -0.305433
vt 2.215000 0.317650
vt -2.215000 0.317650
vt -0.160000 0.100000
vt -0.160000 -0.100000
vt 0.382180 -0.100000
vt 0.382180 0.100000
vt -0.000000 0.000000
vt -0.000000 0.200000
vt -0.186445 0.200000
vt -0.186445 0.000000
vt 2.308721 1.184933
vt 2.301000 1.168888
vt 2.301000 0.982443
vt 2.304190 0.966790
vt 2.313252 0.953633
vt 2.326739 0.945072
vt 2.365383 0.911744
vt 2.373758 0.861405
vt 2.347986 0.817361
vt 2.300000 0.800000
vt 2.100000 0.800000
vt 2.052014 0.817361
vt 2.026242 0.861405
vt 2.034617 0.911744
vt 2.073261 0.945072
vt 2.086748 0.953633
vt 2.095810 0.966790
vt 2.099000 0.982443
vt 2.099000 1.168888
vt 2.091279 1.184933
vt 2.077359 1.196037
vt 2.060000 1.200000
vt 1.718595 1.200000
vt 1.595012 1.187135
vt 1.476729 1.149091
vt 1.188967 0.984848
vt 0.991828 0.921442
vt 0.785857 0.900000
vt -3.250000 0.900000
vt -3.550000 0.819615
vt -3.769615 0.600000
vt -3.850000 0.300000
vt -3.850000 -2.300000
vt -3.686947 -2.749096
vt -3.273750 -2.988975
vt -2.802902 -2.907884
vt -3.171706 -2.423101
vt -3.245756 -2.380348
vt -3.275000 -2.300000
vt -3.245756 -2.219652
vt -3.171706 -2.176899
vt -3.171706 -0.023101
vt -3.245756 0.019652
vt -3.275000 0.100000
vt -3.245756 0.180348
vt -3.171706 0.223101
vt -3.087500 0.208253
vt -3.032538 0.142753
vt -3.032538 0.057247
vt -3.087500 -0.008253
vt -1.969927 -0.247473
vt -2.060000 0.000000
vt -1.969927 0.247473
vt -1.741855 0.379151
vt -1.482500 0.333420
vt -1.313218 0.131678
vt -1.313218 -0.131678
vt 1.290000 0.000000
vt 1.380073 0.247473
vt 1.608145 0.379151
vt 1.867500 0.333420
vt 2.036782 0.131678
vt 2.036782 -0.131678
vt 1.867500 -0.333420
vt 1.608145 -0.379151
vt 1.380073 -0.247473
vt 1.500000 -0.900000
vt 1.613064 -0.922121
vt 1.709454 -0.985223
vt 1.818621 -1.143184
vt 1.882881 -1.185252
vt 1.958258 -1.200000
vt 2.060000 -1.200000
vt 2.077359 -1.196037
vt 2.091279 -1.184933
vt 2.099000 -1.168888
vt 2.099000 -0.982443
vt 2.095810 -0.966790
vt 2.086748 -0.953633
vt 2.073261 -0.945072
vt 2.034617 -0.911744
vt 2.026242 -0.861405
vt 2.052014 -0.817361
vt 2.100000 -0.800000
vt 2.300000 -0.800000
vt 2.347986 -0.817361
vt 2.373758 -0.861405
vt 2.365383 -0.911744
vt 2.326739 -0.945072
vt 2.313252 -0.953633
vt 2.304190 -0.966790
vt 2.301000 -0.982443
vt 2.301000 -1.168888
vt 2.308721 -1.184933
vt 2.322641 -1.196037
vt 2.340000 -1.200000
vt 2.676617 -1.200000
vt 2.750259 -1.185949
vt 2.813553 -1.145769
vt 2.857606 -1.085106
vt 3.072678 -0.372282
vt 3.072678 0.372282
vt 2.857606 1.085106
vt 2.813553 1.145769
vt 2.750259 1.185949
vt 2.676617 1.200000
vt 2.340000 1.200000
vt 2.322641 1.196037
vt 0.000000 0.091166
vt 0.000000 0.038922
vt 0.200000 0.038922
vt 0.200000 0.091166
vt 0.376617 0.000000
vt 0.376617 0.200000
vt 0.040000 0.200000
vt 0.040000 -0.000000
vt -0.200000 0.024125
vt -0.200000 0.008042
vt -0.000000 0.008042
vt -0.000000 0.024125
vt 0.200000 -0.034907
vt 0.000000 -0.034907
vt 0.100000 -0.671952
vt -0.100000 -0.671952
vt -0.200000 0.010472
vt -0.200000 -0.010472
vt 0.000000 -0.010472
vt -0.000000 0.010472
vt -2.215000 -0.656244
vt 2.215000 -0.656244
vt 2.215000 -0.492183
vt -2.215000 -0.492183
vt -0.200000 0.200000
vt -0.200000 0.000000
vt -0.000000 0.000000
vt -0.000000 0.200000
vt 0.100000 -0.130900
vt -0.100000 -0.130900
vt 0.200000 0.000000
vt 0.200000 0.200000
vt 0.040000 0.200000
vt 0.040000 0.000000
vt -0.200000 -0.186711
vt -0.000000 -0.186711
vt -0.200000 -1.950307
vt -0.000000 -1.950307
vt -0.000000 0.037708
vt -0.200000 0.037708
vt 0.200000 0.301359
vt 0.000000 0.301359
vt 0.200000 -0.209440
vt 0.200000 -0.069813
vt -0.000000 -0.069813
vt -0.000000 -0.209440
vt -0.200000 0.024125
vt -0.000000 0.024125
vt -0.000000 -0.008104
vt 0.200000 -0.008104
vt 0.200000 0.008104
vt -0.000000 0.008104
vt 2.215000 0.656244
vt -2.215000 0.656244
vt 0.100000 -0.671952
vt 0.100000 -0.403171
vt -0.100000 -0.403171
vt -0.100000 -0.671952
vt -0.100000 1.708407
vt 0.100000 1.708407
vt -0.200000 0.200000
vt -0.200000 0.000000
vt -0.000000 0.000000
vt -0.000000 0.200000
vt 0.000000 -0.144454
vt 0.000000 -0.196697
vt 0.200000 -0.196697
vt 0.200000 -0.144454
vt 0.200000 0.013322
vt 0.000000 0.013322
vt 2.215000 0.226893
vt -2.215000 0.226893
vt -0.200000 0.024125
vt -0.200000 0.008042
vt -0.000000 0.008042
vt -0.000000 0.024125
vt 0.000000 0.037708
vt -0.200000 0.037708
vt -0.150000 -0.010472
vt -0.150000 -0.031416
vt 0.050000 -0.031416
vt 0.050000 -0.010472
vt -0.200000 0.000000
vt 0.200000 0.144454
vt -0.000000 0.144454
vt -0.200000 -0.487577
vt -0.000000 -0.487577
vt -0.218895 0.200000
vt -0.218895 0.000000
vt -0.032450 0.000000
vt -0.032450 0.200000
vt 0.000000 -0.145150
vt 0.000000 -0.197220
vt 0.200000 -0.197220
vt 0.200000 -0.145150
vt -0.200000 0.024311
vt -0.000000 0.024311
vt 2.060000 0.000000
vt 1.969927 -0.247473
vt 1.892335 -0.993202
vt 1.956248 -1.095599
vt 3.087500 -2.191747
vt 3.171706 -2.176899
vt 3.245756 -2.219652
vt 3.275000 -2.300000
vt 3.245756 -2.380348
vt 3.171706 -2.423101
vt 3.087500 -2.408253
vt 2.802902 -2.907884
vt 3.273750 -2.988975
vt 3.686947 -2.749096
vt 3.850000 -2.300000
vt 3.171706 -0.023101
vt 3.087500 -0.008253
vt 3.032538 0.057247
vt 0.000000 0.008042
vt -0.200000 0.008042
vt 2.493755 -2.543602
vt 3.032538 -2.342753
vt 3.032538 -2.257247
vt 0.123383 0.200000
vt 0.123383 0.000000
vt 0.460000 0.000000
vt 0.460000 0.200000
vt -2.676617 1.200000
vt -2.750259 1.185949
vt -2.813553 1.145769
vt -2.857606 1.085106
vt -3.072678 0.372282
vt -2.100000 0.800000
vt -2.300000 0.800000
vt -2.347986 0.817361
vt -2.373758 0.861405
vt -2.365383 0.911744
vt -2.326739 0.945072
vt -2.313252 0.953633
vt -2.304190 0.966790
vt -2.301000 0.982443
vt -2.301000 1.168888
vt -2.308721 1.184933
vt -2.322641 1.196037
vt -2.340000 1.200000
vt 0.360000 0.000000
vt 0.360000 0.200000
vt 0.040000 0.200000
vt 0.040000 0.000000
vt 0.200000 -0.392699
vt 0.000000 -0.392699
vt -0.200000 0.031416
vt -0.000000 0.031416
vt 0.100000 0.043633
vt 0.100000 0.130900
vt -0.100000 0.130900
vt -0.100000 0.043633
vt -0.000000 0.000000
vt -0.000000 0.200000
vt -0.186445 0.200000
vt -0.186445 0.000000
vt 0.100000 1.225221
vt -0.100000 1.225221
vt -0.200000 0.002708
vt 0.000000 0.002708
vt 0.100000 0.134390
vt 0.100000 0.403171
vt -0.100000 0.403171
vt -0.100000 0.134390
vt 0.100000 -1.209513
vt 0.100000 -0.940732
vt -0.100000 -0.940732
vt -0.100000 -1.209513
vt 0.100000 -0.134390
vt -0.100000 -0.134390
vt 0.100000 0.403171
vt -0.100000 0.403171
vt -0.200000 0.031416
vt -0.200000 0.013460
vt -0.000000 0.013460
vt -0.000000 0.031416
vt -4.944721 0.200000
vt -4.944721 0.000000
vt -0.908864 0.000000
vt -0.908864 0.200000
vt -0.200000 0.031416
vt -0.200000 0.013460
vt -0.000000 0.013460
vt -0.000000 0.031416
vt -0.200000 0.022453
vt -0.200000 0.004497
vt -0.000000 0.004497
vt 0.000000 0.022453
vt -0.000000 -0.022453
vt -0.000000 -0.004497
vt -0.200000 -0.004497
vt -0.200000 -0.022453
vt 2.215000 -0.136136
vt -2.215000 -0.136136
vt 2.052014 -0.817361
vt 1.608145 -0.379151
vt 1.380073 -0.247473
vt -1.313218 -0.131678
vt -1.482500 -0.333420
vt -1.741855 -0.379151
vt -1.969927 -0.247473
vt -3.087500 -0.008253
vt -3.171706 -0.023101
vt -3.245756 0.019652
vt -3.275000 0.100000
vt -3.245756 0.180348
vt -3.850000 0.300000
vt -3.850000 -2.300000
vt -3.245756 -2.219652
vt -3.171706 -2.176899
vt -1.956248 -1.095599
vt -1.892335 -0.993202
vt -1.793238 -0.924283
vt -1.675000 -0.900000
vt 1.500000 -0.900000
vt 1.613064 -0.922121
vt 1.709454 -0.985223
vt 1.818621 -1.143184
vt 1.882881 -1.185252
vt 1.958258 -1.200000
vt 2.060000 -1.200000
vt 2.077359 -1.196037
vt 2.091279 -1.184933
vt 2.099000 -1.168888
vt 2.099000 -0.982443
vt 2.095810 -0.966790
vt 2.086748 -0.953633
vt 2.073261 -0.945072
vt 2.034617 -0.911744
vt 2.026242 -0.861405
vt -0.200000 -0.031416
vt -0.000000 -0.031416
vt 2.026242 0.861405
vt 2.034617 0.911744
vt 2.073261 0.945072
vt 2.086748 0.953633
vt 2.095810 0.966790
vt 2.099000 0.982443
vt 2.099000 1.168888
vt 2.091279 1.184933
vt 2.077359 1.196037
vt 2.060000 1.200000
vt 1.718595 1.200000
vt 1.595012 1.187135
vt 1.476729 1.149091
vt 1.188967 0.984848
vt 0.991828 0.921442
vt 0.785857 0.900000
vt -3.250000 0.900000
vt -3.550000 0.819615
vt -3.769615 0.600000
vt -3.171706 0.223101
vt -3.087500 0.208253
vt -3.032538 0.142753
vt -3.032538 0.057247
vt -2.060000 0.000000
vt -1.969927 0.247473
vt -1.741855 0.379151
vt -1.482500 0.333420
vt -1.313218 0.131678
vt 1.290000 0.000000
vt 1.380073 0.247473
vt 1.608145 0.379151
vt 1.867500 0.333420
vt 2.036782 0.131678
vt 2.036782 -0.131678
vt 1.867500 -0.333420
vt 2.100000 -0.800000
vt 2.300000 -0.800000
vt 2.347986 -0.817361
vt 2.373758 -0.861405
vt 2.365383 -0.911744
vt 2.326739 -0.945072
vt 2.313252 -0.953633
vt 2.304190 -0.966790
vt 2.301000 -0.982443
vt 2.301000 -1.168888
vt 2.308721 -1.184933
vt 2.322641 -1.196037
vt 2.340000 -1.200000
vt 2.676617 -1.200000
vt 2.750259 -1.185949
vt 2.813553 -1.145769
vt 2.857606 -1.085106
vt 3.072678 -0.372282
vt 3.072678 0.372282
vt 2.857606 1.085106
vt 2.813553 1.145769
vt 2.750259 1.185949
vt 2.676617 1.200000
vt 2.340000 1.200000
vt 2.322641 1.196037
vt 2.308721 1.184933
vt 2.301000 1.168888
vt 2.301000 0.982443
vt 2.304190 0.966790
vt 2.313252 0.953633
vt 2.326739 0.945072
vt 2.365383 0.911744
vt 2.373758 0.861405
vt 2.347986 0.817361
vt 2.300000 0.800000
vt 2.100000 0.800000
vt 2.052014 0.817361
vt -2.493755 -2.543602
vt -3.087500 -2.191747
vt -3.032538 -2.257247
vt -3.032538 -2.342753
vt -3.087500 -2.408253
vt -3.171706 -2.423101
vt -3.245756 -2.380348
vt -3.275000 -2.300000
vt -3.686947 -2.749096
vt -3.273750 -2.988975
vt -2.802902 -2.907884
vt 1.417181 -0.100000
vt 1.417181 0.100000
vt 0.182819 0.100000
vt 0.182819 -0.100000
vt 2.215000 -0.317650
vt -2.215000 -0.317650
vt 0.100000 0.136136
vt -0.100000 0.136136
vt 0.200000 0.000000
vt 0.200000 0.314159
vt -0.000000 0.314159
vt -0.000000 0.000000
vt -0.200000 -0.069813
vt -0.000000 -0.069813
vt -0.000000 0.069813
vt -0.200000 0.069813
vt -0.200000 0.022453
vt -0.200000 0.004497
vt -0.000000 0.004497
vt 0.000000 0.022453
vt 2.215000 -0.045379
vt -2.215000 -0.045379
vt 0.000000 0.200000
vt -0.000000 0.000000
vt 0.160000 0.000000
vt 0.160000 0.200000
vt 2.215000 -0.045379
vt -2.215000 -0.045379
vt -0.200000 -0.004497
vt -0.000000 -0.004497
vt 0.200000 -0.024311
vt -0.000000 -0.024311
vt -0.200000 0.024125
vt -0.200000 0.008042
vt -0.000000 0.008042
vt -0.000000 0.024125
vt 2.215000 0.492183
vt -2.215000 0.492183
vt 1.313218 -0.131678
vt 1.313218 0.131678
vt -1.290000 0.000000
vt -1.380073 -0.247473
vt 1.482500 -0.333420
vt -1.412569 1.846162
vt -1.421761 1.832948
vt -1.425000 1.817181
vt -1.425000 0.582819
vt -1.421761 0.567052
vt -1.412569 0.553838
vt -1.398913 0.545317
vt -1.359875 0.512198
vt -1.351180 0.461748
vt -1.376880 0.417472
vt -1.425000 0.400000
vt -1.585000 0.400000
vt -1.605000 0.394641
vt -1.619641 0.380000
vt -1.625000 0.360000
vt -1.624634 0.002838
vt -1.623542 -0.002463
vt -0.826750 -1.855646
vt -0.494934 -2.251692
vt -0.298757 -1.750687
vt -0.390000 -1.500000
vt -0.298757 -1.249313
vt -0.067723 -1.115925
vt -0.982538 1.657247
vt -1.037500 1.591747
vt -1.121706 1.576899
vt -1.195756 1.619652
vt -1.225000 1.700000
vt -1.195756 1.780348
vt -1.121706 1.823101
vt -1.037500 1.808253
vt -0.982538 1.742753
vt -0.785705 2.306418
vt -0.906012 2.375877
vt -1.042820 2.400000
vt -1.585000 2.400000
vt -1.605000 2.394641
vt -1.619641 2.380000
vt -1.625000 2.360000
vt -1.625000 2.040000
vt -1.619641 2.020000
vt -1.605000 2.005359
vt -1.585000 2.000000
vt -1.425000 2.000000
vt -1.376880 1.982528
vt -1.351180 1.938252
vt -1.359875 1.887802
vt -1.398913 1.854683
vt -0.200000 0.113125
vt -0.000000 0.113125
vt 0.200000 -0.043633
vt -0.000000 -0.043633
vt 3.850000 0.300000
vt 3.769615 0.600000
vt 3.550000 0.819615
vt 3.250000 0.900000
vt 3.087500 0.208253
vt 3.171706 0.223101
vt 3.245756 0.180348
vt 3.275000 0.100000
vt -0.200000 0.062237
vt -0.200000 -0.062237
vt -0.000000 -0.062237
vt -0.000000 0.062237
vt 0.200000 0.353429
vt 0.000000 0.353429
vt -0.200000 0.113125
vt -0.000000 0.113125
vt 2.215000 0.820305
vt -2.215000 0.820305
vt -0.200000 -0.002708
vt -0.000000 -0.002708
vt 0.100000 -1.225221
vt -0.100000 -1.225221
vt 0.158258 0.200000
vt 0.158258 0.000000
vt 0.260000 0.000000
vt 0.260000 0.200000
vt -0.100000 2.232455
vt 0.100000 2.232455
vt 0.100000 1.209513
vt -0.100000 1.209513
vt 0.381405 0.000000
vt 0.381405 0.200000
vt 0.040000 0.200000
vt 0.040000 0.000000
vt 0.200000 0.628319
vt -0.000000 0.628319
vt 0.000000 0.587943
vt 0.000000 0.795399
vt -0.200000 0.795399
vt -0.200000 0.587943
vt 0.100000 0.218166
vt -0.100000 0.218166
vt -0.200000 0.113125
vt -0.200000 0.037708
vt 0.000000 0.037708
vt -0.000000 0.113125
vt -0.200000 -0.031416
vt -0.000000 -0.031416
vt -0.000000 -0.024125
vt -0.000000 -0.008042
vt -0.200000 -0.008042
vt -0.200000 -0.024125
vt -0.200000 0.200000
vt -0.200000 0.000000
vt -0.000000 0.000000
vt -0.000000 0.200000
vt 0.100000 0.671952
vt -0.100000 0.671952
vt -0.218895 0.200000
vt -0.218895 0.000000
vt -0.032450 0.000000
vt -0.032450 0.200000
vt -0.000000 -0.031416
vt 0.000000 -0.013460
vt -0.200000 -0.013460
vt -0.200000 -0.031416
vt -0.200000 -0.128540
vt -0.200000 -0.875774
vt -0.000000 -0.875774
vt -0.000000 -0.128540
vt 0.100000 0.305433
vt 0.100000 0.392699
vt -0.100000 0.392699
vt -0.100000 0.305433
vt -0.200000 0.024125
vt -0.000000 0.024125
vt 0.100000 0.218166
vt -0.100000 0.218166
vt -0.200000 -0.186711
vt -0.000000 -0.186711
vt 1.625000 2.360000
vt 1.619641 2.380000
vt 1.605000 2.394641
vt 1.585000 2.400000
vt 1.042820 2.400000
vt 0.906012 2.375877
vt 0.785705 2.306418
vt 0.607115 2.093582
vt 0.486808 2.024123
vt 0.350000 2.000000
vt -0.350000 2.000000
vt -0.486808 2.024123
vt -0.607115 2.093582
vt -0.785705 2.306418
vt -1.004244 1.780348
vt -0.975000 1.700000
vt -1.004244 1.619652
vt -0.195000 -1.162250
vt 0.067723 -1.115925
vt 0.298757 -1.249313
vt 0.390000 -1.500000
vt 0.298757 -1.750687
vt 0.067723 -1.884075
vt -0.195000 -1.837750
vt -0.366480 -1.633388
vt -0.366480 -1.366612
vt -1.621744 -0.007568
vt -0.826750 -1.855646
vt -0.494934 -2.251692
vt -0.000000 -2.400000
vt 0.494934 -2.251692
vt 0.826750 -1.855646
vt 1.623542 -0.002463
vt 1.624634 0.002838
vt 1.625000 0.360000
vt 1.619641 0.380000
vt 1.605000 0.394641
vt 1.585000 0.400000
vt 1.425000 0.400000
vt 1.376880 0.417472
vt 1.351180 0.461748
vt 1.359875 0.512198
vt 1.398913 0.545317
vt 1.412569 0.553838
vt 1.421761 0.567052
vt 1.425000 0.582819
vt 1.425000 1.817181
vt 1.421761 1.832948
vt 1.412569 1.846162
vt 1.398913 1.854683
vt 1.195756 1.619652
vt 1.121706 1.576899
vt 1.037500 1.591747
vt 0.982538 1.657247
vt 0.982538 1.742753
vt 1.037500 1.808253
vt 1.121706 1.823101
vt 1.376880 1.982528
vt 1.425000 2.000000
vt 1.585000 2.000000
vt 1.605000 2.005359
vt 1.619641 2.020000
vt 1.625000 2.040000
vt 0.100000 0.408407
vt -0.100000 0.408407
vt 0.000000 -0.013670
vt 0.200000 -0.013670
vt -1.585000 0.400000
vt -1.605000 0.394641
vt -1.619641 0.380000
vt -1.625000 0.360000
vt -1.624634 0.002838
vt -1.623542 -0.002463
vt -1.078294 1.576899
vt -1.162500 1.591747
vt -1.217462 1.657247
vt -1.217462 1.742753
vt -1.162500 1.808253
vt -1.078294 1.823101
vt -0.906012 2.375877
vt -1.042820 2.400000
vt -1.585000 2.400000
vt -1.605000 2.394641
vt -1.619641 2.380000
vt -1.625000 2.360000
vt -1.625000 2.040000
vt -1.619641 2.020000
vt -1.605000 2.005359
vt -1.585000 2.000000
vt -1.425000 2.000000
vt -1.376880 1.982528
vt -1.351180 1.938252
vt -1.359875 1.887802
vt -1.398913 1.854683
vt -1.412569 1.846162
vt -1.421761 1.832948
vt -1.425000 1.817181
vt -1.425000 0.582819
vt -1.421761 0.567052
vt -1.412569 0.553838
vt -1.398913 0.545317
vt -1.359875 0.512198
vt -1.351180 0.461748
vt -1.376880 0.417472
vt -1.425000 0.400000
vt -0.000000 -0.022453
vt -0.200000 -0.022453
vt -0.200000 0.000000
vt -0.000000 0.004497
vt -0.200000 0.004497
vt -0.200000 0.380487
vt 0.000000 0.380487
vt 1.625000 2.360000
vt 1.619641 2.380000
vt 1.605000 2.394641
vt 1.585000 2.400000
vt 1.042820 2.400000
vt 0.906012 2.375877
vt 0.785705 2.306418
vt 1.078294 1.823101
vt 1.162500 1.808253
vt 1.217462 1.742753
vt 1.217462 1.657247
vt 1.162500 1.591747
vt 1.078294 1.576899
vt 1.004244 1.619652
vt 0.486808 2.024123
vt 0.350000 2.000000
vt -0.350000 2.000000
vt -0.486808 2.024123
vt -0.607115 2.093582
vt 0.195000 -1.162250
vt 0.366480 -1.366612
vt 0.366480 -1.633388
vt 0.195000 -1.837750
vt -0.067723 -1.884075
vt 0.000000 -2.400000
vt 0.494934 -2.251692
vt 0.826750 -1.855646
vt 1.623542 -0.002463
vt 1.624634 0.002838
vt 1.625000 0.360000
vt 1.619641 0.380000
vt 1.605000 0.394641
vt 1.585000 0.400000
vt 1.425000 0.400000
vt 1.376880 0.417472
vt 1.351180 0.461748
vt 1.359875 0.512198
vt 1.398913 0.545317
vt 1.412569 0.553838
vt 1.421761 0.567052
vt 1.425000 0.582819
vt 1.425000 1.817181
vt 1.421761 1.832948
vt 1.412569 1.846162
vt 1.398913 1.854683
vt 1.359875 1.887802
vt 1.351180 1.938252
vt 1.376880 1.982528
vt 1.425000 2.000000
vt 1.585000 2.000000
vt 1.605000 2.005359
vt 1.619641 2.020000
vt 1.625000 2.040000
vt 0.200000 -0.130900
vt -0.000000 -0.130900
vt 3.350000 -0.100000
vt 3.350000 0.100000
vt 0.175000 0.100000
vt 0.175000 -0.100000
vt -0.200000 0.022453
vt -0.000000 0.022453
vt 2.215000 0.000000
vt -2.215000 0.000000
vt -4.944721 0.200000
vt -4.944721 0.000000
vt -0.908864 0.000000
vt -0.908864 0.200000
vt 0.200000 -0.392699
vt 0.000000 -0.392699
vt -0.000000 0.069813
vt 0.200000 0.069813
vt -0.200000 0.209440
vt 0.200000 -0.392699
vt 0.200000 -0.305433
vt -0.000000 -0.305433
vt 0.000000 -0.392699
vt -0.000000 -0.209440
vt -0.200000 -0.209440
vt 0.040000 0.200000
vt 0.040000 0.000000
vt -0.100000 0.136262
vt 0.100000 0.136262
vt -3.087500 -2.191747
vt -3.032538 -2.257247
vt -3.032538 -2.342753
vt -3.087500 -2.408253
vt -2.493755 -2.543602
vt -1.956248 -1.095599
vt -1.892335 -0.993202
vt -1.793238 -0.924283
vt -1.675000 -0.900000
vt -1.482500 -0.333420
vt -1.741855 -0.379151
vt 0.100000 1.209513
vt -0.100000 1.209513
vt 0.200000 0.218166
vt -0.000000 0.218166
vt 0.381405 0.000000
vt 0.381405 0.200000
vt 0.040000 0.200000
vt 0.040000 0.000000
vt -0.200000 -0.010472
vt -0.000000 -0.010472
vt -0.200000 -0.031416
vt -0.000000 -0.031416
vt 0.065000 -0.112583
vt -0.022574 -0.128025
vt -0.099586 -0.083562
vt -0.235000 0.000000
vt -0.180020 -0.151055
vt -0.040807 -0.231430
vt 0.117500 -0.203516
vt 0.220828 -0.080375
vt 0.122160 -0.044463
vt -0.200000 -1.623008
vt -0.000000 -1.623008
vt 0.200000 0.145150
vt -0.000000 0.145150
vt 0.100000 -0.043633
vt -0.100000 -0.043633
vt -0.000000 -0.024125
vt -0.000000 -0.008042
vt -0.200000 -0.008042
vt -0.200000 -0.024125
vt -0.122160 -0.044463
vt -0.122160 0.044463
vt -0.065000 0.112583
vt 0.022574 0.128025
vt 0.099586 0.083562
vt 0.130000 0.000000
vt 0.099586 -0.083562
vt 0.180020 -0.151055
vt 0.235000 0.000000
vt 0.180020 0.151055
vt 0.040807 0.231430
vt -0.117500 0.203516
vt -0.220828 0.080375
vt -0.220828 -0.080375
vt 0.065000 0.112583
vt 0.122160 0.044463
vt 0.122160 -0.044463
vt 0.117500 -0.203516
vt 0.220828 -0.080375
vt 0.220828 0.080375
vt 0.117500 0.203516
vt 0.000000 -2.370243
vt -0.200000 -2.370243
vt 0.200000 -0.024311
vt -0.000000 -0.024311
vt -0.200000 0.024125
vt -0.000000 0.024125
vt -2.060000 1.200000
vt -2.077359 1.196037
vt -2.091279 1.184933
vt -2.099000 1.168888
vt -2.099000 0.982443
vt -2.095810 0.966790
vt -2.086748 0.953633
vt -2.073261 0.945072
vt -2.034617 0.911744
vt -2.026242 0.861405
vt -2.052014 0.817361
vt -2.100000 0.800000
vt -2.300000 0.800000
vt -2.347986 0.817361
vt -2.373758 0.861405
vt -2.365383 0.911744
vt -2.326739 0.945072
vt -2.313252 0.953633
vt -2.304190 0.966790
vt -2.301000 0.982443
vt -2.301000 1.168888
vt -2.308721 1.184933
vt -2.322641 1.196037
vt -2.340000 1.200000
vt -2.676617 1.200000
vt -2.750259 1.185949
vt -2.813553 1.145769
vt -2.857606 1.085106
vt -3.072678 0.372282
vt -3.072678 -0.372282
vt -2.857606 -1.085106
vt -2.813553 -1.145769
vt -2.750259 -1.185949
vt -2.676617 -1.200000
vt -2.340000 -1.200000
vt -2.322641 -1.196037
vt -2.308721 -1.184933
vt -2.301000 -1.168888
vt -2.301000 -0.982443
vt -2.304190 -0.966790
vt -2.313252 -0.953633
vt -2.326739 -0.945072
vt -2.365383 -0.911744
vt -2.373758 -0.861405
vt -2.347986 -0.817361
vt -2.300000 -0.800000
vt -2.100000 -0.800000
vt -2.052014 -0.817361
vt -2.026242 -0.861405
vt -2.034617 -0.911744
vt -2.073261 -0.945072
vt -2.086748 -0.953633
vt -2.095810 -0.966790
vt -2.099000 -0.982443
vt -2.099000 -1.168888
vt -2.091279 -1.184933
vt -2.077359 -1.196037
vt -2.060000 -1.200000
vt -1.958258 -1.200000
vt -1.882881 -1.185252
vt -1.818621 -1.143184
vt -1.709454 -0.985223
vt -1.613064 -0.922121
vt -1.500000 -0.900000
vt 1.675000 -0.900000
vt 1.793238 -0.924283
vt 1.892335 -0.993202
vt 1.956248 -1.095599
vt 3.171706 -2.176899
vt 3.245756 -2.219652
vt 3.275000 -2.300000
vt 3.245756 -2.380348
vt 3.850000 -2.300000
vt 3.245756 0.019652
vt 3.171706 -0.023101
vt 1.741855 -0.379151
vt -1.608145 -0.379151
vt -1.867500 -0.333420
vt -2.036782 -0.131678
vt -2.036782 0.131678
vt -1.867500 0.333420
vt -1.608145 0.379151
vt -1.380073 0.247473
vt 1.482500 0.333420
vt 1.741855 0.379151
vt 1.969927 0.247473
vt 3.032538 0.142753
vt -0.785857 0.900000
vt -0.991828 0.921442
vt -1.188967 0.984848
vt -1.476729 1.149091
vt -1.595012 1.187135
vt -1.718595 1.200000
vt -0.200000 0.022453
vt -0.000000 0.022453
vt 0.200000 0.392699
vt 0.000000 0.392699
vt -0.000000 0.013460
vt -0.200000 0.013460
vt 0.200000 0.305433
vt -0.000000 0.305433
vt -0.000000 0.024311
vt 0.200000 0.024311
vt -0.200000 -0.010472
vt -0.000000 -0.010472
vt -0.050000 0.235619
vt -0.050000 0.119692
vt 0.150000 0.119692
vt 0.150000 0.235619
vt 0.360000 0.000000
vt 0.360000 0.200000
vt 0.200000 -0.090469
vt 0.000000 -0.090469
vt 0.200000 -0.090469
vt 0.000000 -0.090469
vt 0.100000 -0.671952
vt -0.100000 -0.671952
vt -0.200000 0.031416
vt -0.000000 0.031416
vt 0.200000 0.392699
vt 0.000000 0.392699
vt -0.000000 0.000000
vt -0.000000 0.200000
vt -2.600000 0.200000
vt -2.600000 0.000000
vt 0.000000 0.314159
vt 0.200000 0.314159
vt 0.200000 0.117810
vt 0.000000 0.117810
vt 2.215000 -0.408407
vt -2.215000 -0.408407
vt 0.200000 0.942478
vt -0.000000 0.942478
vt 0.200000 -0.392699
vt 0.000000 -0.392699
vt 0.200000 -0.091166
vt 0.200000 -0.038922
vt 0.000000 -0.038922
vt 0.000000 -0.091166
vt 0.200000 0.145150
vt -0.000000 0.145150
vt 0.100000 0.305433
vt 0.100000 0.392699
vt -0.100000 0.392699
vt -0.100000 0.305433
vt 0.100000 -0.940732
vt -0.100000 -0.940732
vt -0.000000 -0.031416
vt -0.200000 -0.031416
vt 2.215000 -0.408407
vt -2.215000 -0.408407
vt -0.000000 0.000000
vt -0.000000 0.200000
vt -0.186445 0.200000
vt -0.186445 0.000000
vt 0.150000 0.003764
vt -0.050000 0.003764
vt 0.100000 -1.209513
vt -0.100000 -1.209513
vt 0.100000 -1.209513
vt 0.100000 -0.940732
vt -0.100000 -0.940732
vt -0.100000 -1.209513
vt 3.010000 -0.100000
vt 3.010000 0.100000
vt 2.467820 0.100000
vt 2.467820 -0.100000
vt 2.215000 0.408407
vt -2.215000 0.408407
vt 0.200000 0.820942
vt -0.000000 0.820942
vt 0.000000 0.942478
vt 0.200000 0.942478
vt -0.200000 -0.031416
vt -0.000000 -0.031416
vt 0.000000 -0.353429
vt 0.200000 -0.353429
vt 0.000000 0.380487
vt -0.200000 0.380487
vt 0.230472 0.167552
vt 0.060472 0.167552
vt 0.060472 0.111701
vt 0.230472 0.111701
vt -1.208431 -3.485000
vt -1.058324 -3.436354
vt -1.220000 -3.407846
vt -1.325526 -3.282085
vt -1.325526 -3.117915
vt -1.220000 -2.992154
vt -1.058324 -2.963646
vt -0.916149 -3.045731
vt 0.980000 -2.992154
vt 1.141676 -2.963646
vt 1.283851 -3.045731
vt 1.340000 -3.200000
vt 1.283851 -3.354269
vt 1.141676 -3.436354
vt 1.208431 -3.485000
vt 1.385000 -3.308431
vt 1.385000 -2.100000
vt 0.940000 -2.100000
vt 0.940000 -1.880000
vt 0.610000 -1.550000
vt -0.610000 -1.550000
vt -0.940000 -1.880000
vt -0.940000 -2.100000
vt -1.385000 -2.100000
vt -1.385000 -3.308431
vt -0.350000 1.085000
vt -0.916149 0.954269
vt -0.860000 0.800000
vt -0.711139 0.667013
vt -0.240000 0.945000
vt -0.350000 0.945000
vt 0.714668 0.107338
vt 0.714668 0.178896
vt 0.097168 0.178896
vt 0.097168 0.107338
vt 0.903994 -0.365267
vt 0.565000 -0.794607
vt 0.565000 -0.800000
vt 1.385000 -0.800000
vt 1.385000 0.908431
vt 1.208431 1.085000
vt 0.350000 1.085000
vt 0.874474 0.882085
vt 0.980000 1.007846
vt 1.141676 1.036354
vt 1.283851 0.954269
vt 1.340000 0.800000
vt 1.283851 0.645731
vt 1.141676 0.563646
vt 0.980000 0.592154
vt 0.874474 0.717915
vt 0.711139 0.667013
vt 0.958418 0.179055
vt -0.028284 2.108431
vt -0.028284 -2.108431
vt 0.028284 -2.125000
vt 0.028284 2.125000
vt 0.230472 -0.195477
vt 0.230472 -0.139626
vt 0.060472 -0.139626
vt 0.060472 -0.195477
vt -0.021213 0.165806
vt -0.021213 0.099484
vt 0.021213 0.099484
vt 0.021213 0.165806
vt 0.060472 0.055851
vt 0.230472 0.055851
vt -0.022981 -0.290161
vt -0.022981 -0.373064
vt 0.022981 -0.373064
vt 0.022981 -0.290161
vt 1.550000 -0.320000
vt 1.550000 0.000000
vt 0.330000 0.000000
vt 0.330000 -0.320000
vt -0.235000 1.256637
vt -0.235000 0.977384
vt -0.065000 0.977384
vt -0.065000 1.256637
vt 0.980000 1.007846
vt 1.035000 0.912583
vt 1.122574 0.928025
vt 1.199586 0.883562
vt 1.230000 0.800000
vt 1.199586 0.716438
vt 1.122574 0.671975
vt 1.035000 0.687417
vt 0.980000 0.592154
vt 1.141676 0.563646
vt 1.283851 0.645731
vt 1.340000 0.800000
vt 1.283851 0.954269
vt 1.141676 1.036354
vt 0.347168 0.107338
vt 0.347168 0.178896
vt 0.079668 0.178896
vt 0.079668 0.107338
vt 0.977840 0.844463
vt 0.874474 0.882085
vt 0.874474 0.717915
vt 0.977840 0.755537
vt -0.021213 0.033161
vt -0.021213 -0.033161
vt 0.021213 -0.033161
vt 0.021213 0.033161
vt -0.022981 -0.290161
vt -0.022981 -0.373064
vt 0.022981 -0.373064
vt 0.022981 -0.290161
vt 0.230472 -0.083776
vt 0.230472 -0.027925
vt 0.060472 -0.027925
vt 0.060472 -0.083776
vt -0.940000 -2.100000
vt -0.940000 -0.800000
vt -1.425000 -0.800000
vt -1.425000 -2.100000
vt -0.916149 0.645731
vt -1.058324 0.563646
vt -1.220000 0.592154
vt -1.325526 0.717915
vt -1.325526 0.882085
vt -1.220000 1.007846
vt -1.058324 1.036354
vt -1.208431 1.085000
vt -1.385000 0.908431
vt -1.385000 -0.800000
vt -0.565000 -0.800000
vt -0.565000 -0.794607
vt -0.903994 -0.365267
vt -0.958418 0.179055
vt 0.924668 -0.035779
vt 0.924668 0.035779
vt 0.107168 0.035779
vt 0.107168 -0.035779
vt -0.900000 0.181514
vt -0.280000 0.181514
vt -0.280000 0.272271
vt -0.900000 0.272271
vt 0.924668 0.250455
vt 0.924668 0.322013
vt 0.107168 0.322013
vt 0.107168 0.250455
vt -0.022981 -0.082903
vt 0.022981 -0.082903
vt 0.022981 0.000000
vt -0.022981 -0.000000
vt -1.058324 -3.436354
vt -0.916149 -3.354269
vt -1.077426 -3.328025
vt -1.165000 -3.312583
vt -1.220000 -3.407846
vt -0.022981 0.041452
vt -0.022981 -0.041452
vt 0.022981 -0.041452
vt 0.022981 0.041452
vt 0.924668 -0.250455
vt 0.924668 -0.178896
vt 0.107168 -0.178896
vt 0.107168 -0.250455
vt 0.230472 -0.139626
vt 0.230472 -0.083776
vt 0.060472 -0.083776
vt 0.060472 -0.139626
vt -0.280000 -0.502655
vt 0.000000 -0.502655
vt -0.000000 -0.335103
vt -0.280000 -0.335103
vt 0.230472 0.027925
vt 0.230472 0.083776
vt 0.060472 0.083776
vt 0.060472 0.027925
vt -0.435000 2.382374
vt -0.435000 1.701696
vt -0.255000 1.701696
vt -0.255000 2.382374
vt 0.230472 -0.195477
vt 0.230472 -0.139626
vt 0.060472 -0.139626
vt 0.060472 -0.195477
vt 1.199586 -3.116438
vt 1.230000 -3.200000
vt 1.199586 -3.283562
vt 1.122574 -3.328025
vt 1.141676 -3.436354
vt 1.283851 -3.354269
vt 1.340000 -3.200000
vt 1.283851 -3.045731
vt 1.141676 -2.963646
vt 0.980000 -2.992154
vt 0.874474 -3.117915
vt 0.874474 -3.282085
vt 0.980000 -3.407846
vt 1.035000 -3.312583
vt 0.977840 -3.244463
vt 0.977840 -3.155537
vt 1.035000 -3.087417
vt 1.122574 -3.071975
vt 0.230472 -0.251327
vt 0.230472 -0.195477
vt 0.060472 -0.195477
vt 0.060472 -0.251327
vt 0.924668 -0.178896
vt 0.924668 -0.107338
vt 0.107168 -0.107338
vt 0.107168 -0.178896
vt -0.280000 -0.670206
vt 0.000000 -0.670206
vt 0.000000 -0.502655
vt -0.280000 -0.502655
vt 0.347168 0.035779
vt 0.079668 0.035779
vt 0.141421 -1.660000
vt 0.141421 1.660000
vt -0.141421 1.660000
vt -0.141421 -1.660000
vt -0.900000 -0.363028
vt -0.280000 -0.363028
vt -0.280000 -0.272271
vt -0.900000 -0.272271
vt -0.435000 1.021018
vt -0.255000 1.021018
vt -0.028284 -0.595931
vt 0.028284 -0.612500
vt 0.028284 0.612500
vt -0.028284 0.612500
vt 0.924668 0.035779
vt 0.924668 0.107338
vt 0.107168 0.107338
vt 0.107168 0.035779
vt 0.230472 -0.027925
vt 0.230472 0.027925
vt 0.060472 0.027925
vt 0.060472 -0.027925
vt 0.023443 -0.132949
vt 0.103416 -0.086776
vt 0.135000 0.000000
vt 0.130000 0.000000
vt 0.099586 -0.083562
vt 0.022574 -0.128025
vt -0.065000 -0.112583
vt -0.900000 -0.181514
vt -0.280000 -0.181514
vt -0.280000 -0.090757
vt -0.900000 -0.090757
vt -0.021213 -0.232129
vt -0.021213 -0.298451
vt 0.021213 -0.298451
vt 0.021213 -0.232129
vt -0.021213 -0.165806
vt -0.021213 -0.232129
vt 0.021213 -0.232129
vt 0.021213 -0.165806
vt -0.021213 -0.033161
vt -0.021213 -0.099484
vt 0.021213 -0.099484
vt 0.021213 -0.033161
vt -0.022981 -0.290161
vt -0.022981 -0.373064
vt 0.022981 -0.373064
vt 0.022981 -0.290161
vt -0.022981 0.248709
vt 0.022981 0.248709
vt 0.022981 0.331613
vt -0.022981 0.331613
vt -0.022981 -0.248709
vt 0.022981 -0.248709
vt 0.022981 -0.165806
vt -0.022981 -0.165806
vt 0.347168 0.250455
vt 0.347168 0.322013
vt 0.079668 0.322013
vt 0.079668 0.250455
vt 0.714668 0.035779
vt 0.714668 0.107338
vt 0.097168 0.107338
vt 0.097168 0.035779
vt -0.235000 -0.698132
vt -0.235000 -0.977384
vt -0.065000 -0.977384
vt -0.065000 -0.698132
vt 0.230472 0.111701
vt 0.060472 0.111701
vt 0.060472 0.055851
vt 0.230472 0.055851
vt 0.347168 -0.107338
vt 0.347168 -0.035779
vt 0.079668 -0.035779
vt 0.079668 -0.107338
vt -0.435000 3.063053
vt -0.255000 3.063053
vt 0.055645 -0.125227
vt -0.063935 -0.125227
vt 0.055645 -0.161007
vt 0.055645 -0.053669
vt -0.063935 -0.053669
vt 0.055645 -0.089448
vt 0.055645 0.017890
vt -0.063935 0.017890
vt 0.055645 -0.017890
vt 0.055645 0.089448
vt -0.063935 0.089448
vt 0.055645 0.053669
vt 0.055645 0.161007
vt -0.063935 0.161007
vt 0.055645 0.125227
vt -0.063935 0.053669
vt -0.063935 0.125227
vt -0.063935 -0.017890
vt -0.063935 -0.089448
vt 0.230472 0.083776
vt 0.060472 0.083776
vt -0.347168 -0.071558
vt -0.079668 -0.071558
vt -0.079668 -0.000000
vt -0.347168 -0.000000
vt 0.040000 0.730718
vt 0.075175 0.772638
vt 0.075175 0.827362
vt 0.040000 0.869282
vt -0.013892 0.878785
vt -0.061284 0.851423
vt -0.080000 0.800000
vt -0.061284 0.748577
vt -0.013892 0.721215
vt -0.021213 0.033161
vt 0.021213 0.033161
vt 3.992500 2.183087
vt 3.992500 1.216913
vt 4.051859 1.146173
vt 4.051859 2.253827
vt -0.022981 -0.165806
vt 0.022981 -0.165806
vt 0.022981 -0.082903
vt -0.022981 -0.082903
vt -0.021213 0.232129
vt -0.021213 0.165806
vt 0.021213 0.165806
vt 0.021213 0.232129
vt -0.022981 -0.041452
vt -0.022981 -0.124355
vt 0.022981 -0.124355
vt 0.022981 -0.041452
vt 0.347168 0.178896
vt 0.347168 0.250455
vt 0.079668 0.250455
vt 0.079668 0.178896
vt -0.022981 0.124355
vt -0.022981 0.041452
vt 0.022981 0.041452
vt 0.022981 0.124355
vt -0.021213 0.066323
vt 0.021213 0.066323
vt 0.021213 0.132645
vt -0.021213 0.132645
vt 0.347168 0.286234
vt 0.079668 0.286234
vt 0.079668 0.214675
vt 0.347168 0.214675
vt -0.280000 -0.670206
vt 0.000000 -0.670206
vt 0.000000 -0.502655
vt -0.280000 -0.502655
vt 0.055645 -0.125227
vt -0.063935 -0.125227
vt 0.055645 -0.161007
vt 0.055645 -0.053669
vt -0.063935 -0.053669
vt 0.055645 -0.089448
vt 0.055645 0.017890
vt -0.063935 0.017890
vt 0.055645 -0.017890
vt 0.055645 0.089448
vt -0.063935 0.089448
vt 0.055645 0.053669
vt 0.055645 0.161007
vt -0.063935 0.161007
vt 0.055645 0.125227
vt -0.063935 0.053669
vt -0.063935 0.125227
vt -0.063935 -0.017890
vt -0.063935 -0.089448
vt 0.347168 -0.178896
vt 0.347168 -0.107338
vt 0.079668 -0.107338
vt 0.079668 -0.178896
vt -0.021213 -0.232129
vt -0.021213 -0.298451
vt 0.021213 -0.298451
vt 0.021213 -0.232129
vt -0.900000 -0.090757
vt -0.280000 -0.090757
vt -0.280000 0.000000
vt -0.900000 0.000000
vt -0.022981 0.041452
vt -0.022981 -0.041452
vt 0.022981 -0.041452
vt 0.022981 0.041452
vt -0.028284 0.124853
vt -0.028284 -0.124853
vt 0.028284 -0.141421
vt 0.028284 0.141421
vt 0.023443 0.132949
vt 0.022574 0.128025
vt 0.099586 0.083562
vt 0.130000 0.000000
vt 0.099586 -0.083562
vt 0.103416 -0.086776
vt 0.135000 0.000000
vt 0.103416 0.086776
vt -0.067500 -0.116913
vt 0.023443 -0.132949
vt 0.022574 -0.128025
vt -0.065000 -0.112583
vt -0.122160 -0.044463
vt -0.122160 0.044463
vt -0.065000 0.112583
vt -0.067500 0.116913
vt -0.126859 0.046173
vt -0.126859 -0.046173
vt -0.347168 -0.107338
vt -0.347168 -0.178896
vt -0.079668 -0.178896
vt -0.079668 -0.107338
vt 0.230472 0.223402
vt 0.060472 0.223402
vt 0.060472 0.167552
vt 0.230472 0.167552
vt 0.230472 0.195477
vt 0.230472 0.251327
vt 0.060472 0.251327
vt 0.060472 0.195477
vt -0.022981 -0.124355
vt -0.022981 -0.207258
vt 0.022981 -0.207258
vt 0.022981 -0.124355
vt -0.021213 -0.033161
vt -0.021213 -0.099484
vt 0.021213 -0.099484
vt 0.021213 -0.033161
vt -0.022981 0.207258
vt -0.022981 0.124355
vt 0.022981 0.124355
vt 0.022981 0.207258
vt 0.230472 -0.251327
vt 0.230472 -0.195477
vt 0.060472 -0.195477
vt 0.060472 -0.251327
vt 0.230472 -0.083776
vt 0.230472 -0.027925
vt 0.060472 -0.027925
vt 0.060472 -0.083776
vt -0.280000 0.167552
vt 0.000000 0.167552
vt 0.000000 0.335103
vt -0.280000 0.335103
vt 0.230472 -0.111701
vt 0.060472 -0.111701
vt 0.060472 -0.167552
vt 0.230472 -0.167552
vt 2.098141 1.053827
vt 2.098141 1.146173
vt 2.121584 2.213224
vt 2.090000 2.300000
vt 2.121584 2.386776
vt 2.650000 3.360000
vt 0.200000 3.360000
vt 0.728416 2.386776
vt 0.760000 2.300000
vt 0.728416 2.213224
vt 0.648443 2.167051
vt 0.648443 1.232949
vt 0.728416 1.186776
vt 0.760000 1.100000
vt 0.728416 1.013224
vt 0.200000 0.040000
vt 2.157500 0.983087
vt 0.055645 -0.125227
vt -0.063935 -0.125227
vt 0.055645 -0.161007
vt 0.055645 -0.053669
vt -0.063935 -0.053669
vt 0.055645 -0.089448
vt 0.055645 0.017890
vt -0.063935 0.017890
vt 0.055645 -0.017890
vt 0.055645 0.089448
vt -0.063935 0.089448
vt 0.055645 0.053669
vt 0.055645 0.161007
vt -0.063935 0.161007
vt 0.055645 0.125227
vt -0.063935 0.053669
vt -0.063935 0.125227
vt -0.063935 -0.017890
vt -0.063935 -0.089448
vt -0.021213 0.099484
vt -0.021213 0.033161
vt 0.021213 0.033161
vt 0.021213 0.099484
vt 0.714668 -0.107338
vt 0.714668 -0.035779
vt 0.097168 -0.035779
vt 0.097168 -0.107338
vt -0.022981 0.082903
vt 0.022981 0.082903
vt 0.022981 0.165806
vt -0.022981 0.165806
vt -0.022981 -0.000000
vt 0.022981 0.000000
vt -0.122160 0.044463
vt -0.065000 0.112583
vt 0.023443 0.132949
vt -0.067500 0.116913
vt -0.126859 0.046173
vt -0.126859 -0.046173
vt -0.067500 -0.116913
vt -0.122160 -0.044463
vt 0.714668 -0.178896
vt 0.714668 -0.107338
vt 0.097168 -0.107338
vt 0.097168 -0.178896
vt 0.022574 0.128025
vt 0.099586 0.083562
vt 0.130000 0.000000
vt 0.099586 -0.083562
vt 0.022574 -0.128025
vt -0.065000 -0.112583
vt 0.023443 -0.132949
vt 0.103416 -0.086776
vt 0.135000 0.000000
vt 0.103416 0.086776
vt -0.022981 0.165806
vt 0.022981 0.165806
vt 0.022981 0.248709
vt -0.022981 0.248709
vt -0.022981 -0.331613
vt 0.022981 -0.331613
vt 0.022981 -0.248709
vt -0.022981 -0.248709
vt -0.022981 0.041452
vt 0.022981 0.041452
vt -0.280000 0.502655
vt 0.000000 0.502655
vt 0.000000 0.670206
vt -0.280000 0.670206
vt -0.280000 0.670206
vt 0.000000 0.670206
vt 0.000000 0.837758
vt -0.280000 0.837758
vt 0.230472 0.027925
vt 0.230472 0.083776
vt 0.060472 0.083776
vt 0.060472 0.027925
vt -0.700000 -0.363028
vt -0.280000 -0.363028
vt -0.280000 -0.272271
vt -0.700000 -0.272271
vt 0.000000 0.167552
vt -0.280000 0.167552
vt -0.280000 0.000000
vt 0.000000 0.000000
vt -0.022981 -0.290161
vt -0.022981 -0.373064
vt 0.022981 -0.373064
vt 0.022981 -0.290161
vt -0.028284 1.208431
vt -0.028284 -1.208431
vt 0.028284 -1.225000
vt 0.028284 1.225000
vt 0.055645 -0.125227
vt -0.063935 -0.125227
vt 0.055645 -0.161007
vt 0.055645 -0.053669
vt -0.063935 -0.053669
vt 0.055645 -0.089448
vt 0.055645 0.017890
vt -0.063935 0.017890
vt 0.055645 -0.017890
vt 0.055645 0.089448
vt -0.063935 0.089448
vt 0.055645 0.053669
vt 0.055645 0.161007
vt -0.063935 0.161007
vt 0.055645 0.125227
vt -0.063935 0.053669
vt -0.063935 0.125227
vt -0.063935 -0.017890
vt -0.063935 -0.089448
vt 0.347168 -0.035779
vt 0.347168 0.035779
vt 0.079668 0.035779
vt 0.079668 -0.035779
vt 0.000000 0.167552
vt -0.280000 0.167552
vt -0.280000 0.000000
vt 0.000000 0.000000
vt -0.022981 -0.041452
vt -0.022981 -0.124355
vt 0.022981 -0.124355
vt 0.022981 -0.041452
vt 2.725000 0.850000
vt 2.725000 0.040000
vt 3.101557 0.967051
vt 3.021584 1.013224
vt 2.990000 1.100000
vt 3.021584 1.186776
vt 3.101557 1.232949
vt 3.192500 1.216913
vt 3.228416 2.213224
vt 3.148443 2.167051
vt 3.057500 2.183087
vt 2.998141 2.253827
vt 2.998141 2.346173
vt 3.057500 2.416913
vt 0.828416 2.386776
vt 0.860000 2.300000
vt 0.828416 2.213224
vt 0.748443 2.167051
vt 0.657500 2.183087
vt 0.598141 2.253827
vt 0.598141 1.146173
vt 0.657500 1.216913
vt 0.748443 1.232949
vt 0.828416 1.186776
vt 0.860000 1.100000
vt 0.828416 1.013224
vt 1.425000 0.850000
vt -0.021213 1.539380
vt -0.021213 1.197296
vt 0.021213 1.197296
vt 0.021213 1.539380
vt 0.230472 0.083776
vt 0.230472 0.139626
vt 0.060472 0.139626
vt 0.060472 0.083776
vt -0.900000 0.363028
vt -0.280000 0.363028
vt -0.280000 0.453786
vt -0.900000 0.453786
vt -0.280000 0.090757
vt -0.700000 0.090757
vt -0.700000 0.000000
vt -0.280000 0.000000
vt -0.021213 -0.165806
vt -0.021213 -0.232129
vt 0.021213 -0.232129
vt 0.021213 -0.165806
vt -0.022981 -0.041452
vt -0.022981 -0.124355
vt 0.022981 -0.124355
vt 0.022981 -0.041452
vt -0.022981 -0.041452
vt -0.022981 -0.124355
vt 0.022981 -0.124355
vt 0.022981 -0.041452
vt -0.022981 -0.207258
vt 0.022981 -0.207258
vt -0.028284 1.208431
vt -0.028284 -1.208431
vt 0.028284 -1.225000
vt 0.028284 1.225000
vt -0.399668 -0.286234
vt -0.132168 -0.286234
vt -0.132168 -0.214675
vt -0.399668 -0.214675
vt 0.160000 0.851721
vt 0.210000 0.851721
vt 0.210000 1.277581
vt 0.160000 1.277581
vt 0.230472 0.027925
vt 0.230472 0.083776
vt 0.060472 0.083776
vt 0.060472 0.027925
vt -0.000000 -0.235619
vt -0.000000 -0.078540
vt -0.235000 -0.078540
vt -0.235000 -0.235619
vt 0.611572 -0.631218
vt 0.642959 -0.586391
vt 0.638190 -0.531876
vt 0.599495 -0.493181
vt 0.544980 -0.488411
vt 0.500153 -0.519799
vt 0.485990 -0.572658
vt 0.509117 -0.622254
vt 0.558713 -0.645381
vt 0.924668 -0.322013
vt 0.924668 -0.250455
vt 0.107168 -0.250455
vt 0.107168 -0.322013
vt 0.688768 -0.348750
vt 0.635057 -0.303682
vt 0.564943 -0.303682
vt 0.511232 -0.348750
vt 0.499057 -0.417799
vt 0.534114 -0.478520
vt 0.600000 -0.502500
vt 0.665886 -0.478520
vt 0.700943 -0.417799
vt -0.511232 -0.451250
vt -0.499057 -0.382201
vt -0.534114 -0.321480
vt -0.600000 -0.297500
vt -0.665886 -0.321480
vt -0.700943 -0.382201
vt -0.688768 -0.451250
vt -0.635057 -0.496318
vt -0.564943 -0.496318
vt -0.280000 0.502655
vt 0.000000 0.502655
vt 0.000000 0.670206
vt -0.280000 0.670206
vt -0.564943 -2.896318
vt -0.511232 -2.851250
vt -0.499057 -2.782201
vt -0.534114 -2.721480
vt -0.600000 -2.697500
vt -0.665886 -2.721480
vt -0.700943 -2.782201
vt -0.688768 -2.851250
vt -0.635057 -2.896318
vt 0.347168 -0.143117
vt 0.079668 -0.143117
vt 0.079668 -0.214675
vt 0.347168 -0.214675
vt 0.347168 -0.071558
vt 0.079668 -0.071558
vt 0.347168 -0.178896
vt 0.347168 -0.107338
vt 0.079668 -0.107338
vt 0.079668 -0.178896
vt 0.230472 -0.083776
vt 0.230472 -0.027925
vt 0.060472 -0.027925
vt 0.060472 -0.083776
vt -0.022981 -0.207258
vt 0.022981 -0.207258
vt -0.022981 -0.124355
vt -0.022981 -0.207258
vt 0.022981 -0.207258
vt 0.022981 -0.124355
vt -0.021213 0.232129
vt -0.021213 0.165806
vt 0.021213 0.165806
vt 0.021213 0.232129
vt 0.230472 0.027925
vt 0.230472 0.083776
vt 0.060472 0.083776
vt 0.060472 0.027925
vt -0.280000 -0.181514
vt -0.700000 -0.181514
vt 0.000000 0.167552
vt -0.280000 0.167552
vt -0.280000 0.000000
vt 0.000000 0.000000
vt 0.557500 0.983087
vt 0.498141 1.053827
vt 0.498141 1.146173
vt 0.557500 1.216913
vt 0.557500 2.183087
vt 0.498141 2.253827
vt 0.498141 2.346173
vt 0.557500 2.416913
vt 0.648443 2.432949
vt 0.648443 0.967051
vt -0.022981 0.207258
vt -0.022981 0.124355
vt 0.022981 0.124355
vt 0.022981 0.207258
vt -0.900000 0.090757
vt -0.280000 0.090757
vt -0.280000 0.181514
vt -0.900000 0.181514
vt 0.230472 0.139626
vt 0.230472 0.195477
vt 0.060472 0.195477
vt 0.060472 0.139626
vt -0.021213 -0.033161
vt -0.021213 -0.099484
vt 0.021213 -0.099484
vt 0.021213 -0.033161
vt 0.714668 0.250455
vt 0.714668 0.322013
vt 0.097168 0.322013
vt 0.097168 0.250455
vt 0.347168 0.071558
vt 0.079668 0.071558
vt 0.079668 0.000000
vt 0.347168 0.000000
vt -0.014142 1.684243
vt -0.014142 1.010546
vt 0.014142 1.010546
vt 0.014142 1.684243
vt -0.022981 0.373064
vt -0.022981 0.290161
vt 0.022981 0.290161
vt 0.022981 0.373064
vt 0.230472 0.083776
vt 0.230472 0.139626
vt 0.060472 0.139626
vt 0.060472 0.083776
vt -0.021213 0.298451
vt -0.021213 0.232129
vt 0.021213 0.232129
vt 0.021213 0.298451
vt -0.021213 -0.099484
vt 0.021213 -0.099484
vt 0.714668 -0.250455
vt 0.714668 -0.178896
vt 0.097168 -0.178896
vt 0.097168 -0.250455
vt -0.320000 3.095000
vt -0.320000 2.650000
vt 0.530000 2.650000
vt 0.530000 3.135000
vt -0.280000 3.135000
vt -0.022981 0.207258
vt -0.022981 0.124355
vt 0.022981 0.124355
vt 0.022981 0.207258
vt -0.022981 -0.331613
vt 0.022981 -0.331613
vt 0.022981 -0.248709
vt -0.022981 -0.248709
vt 0.924668 0.107338
vt 0.924668 0.178896
vt 0.107168 0.178896
vt 0.107168 0.107338
vt 0.347168 -0.322013
vt 0.347168 -0.250455
vt 0.079668 -0.250455
vt 0.079668 -0.322013
vt 0.347168 -0.107338
vt 0.347168 -0.035779
vt 0.079668 -0.035779
vt 0.079668 -0.107338
vt 0.714668 0.035779
vt 0.097168 0.035779
vt -0.022981 0.290161
vt -0.022981 0.207258
vt 0.022981 0.207258
vt 0.022981 0.290161
vt 0.230472 0.195477
vt 0.230472 0.251327
vt 0.060472 0.251327
vt 0.060472 0.195477
vt -0.021213 -0.165806
vt -0.021213 -0.232129
vt 0.021213 -0.232129
vt 0.021213 -0.165806
vt -0.014142 -1.684243
vt -0.014142 -2.357940
vt 0.014142 -2.357940
vt 0.014142 -1.684243
vt -0.700000 0.272271
vt -0.280000 0.272271
vt -0.280000 0.363028
vt -0.700000 0.363028
vt -0.021213 -0.033161
vt -0.021213 -0.099484
vt 0.021213 -0.099484
vt 0.021213 -0.033161
vt -0.022981 0.165806
vt 0.022981 0.165806
vt 0.022981 0.248709
vt -0.022981 0.248709
vt -0.022981 0.290161
vt -0.022981 0.207258
vt 0.022981 0.207258
vt 0.022981 0.290161
vt -0.280000 0.000000
vt -0.900000 0.000000
vt -0.900000 -0.363028
vt -0.280000 -0.363028
vt -0.280000 -0.272271
vt -0.900000 -0.272271
vt -0.021213 -0.165806
vt -0.021213 -0.232129
vt 0.021213 -0.232129
vt 0.021213 -0.165806
vt 0.230472 -0.083776
vt 0.230472 -0.027925
vt 0.060472 -0.027925
vt 0.060472 -0.083776
vt -0.280000 0.670206
vt 0.000000 0.670206
vt 0.000000 0.837758
vt -0.280000 0.837758
vt -0.280000 -0.167552
vt 0.000000 -0.167552
vt -0.851250 0.511232
vt -0.782201 0.499057
vt -0.721480 0.534114
vt -0.697500 0.600000
vt -0.721480 0.665886
vt -0.782201 0.700943
vt -0.851250 0.688768
vt -0.896318 0.635057
vt -0.896318 0.564943
vt 0.748750 -0.688768
vt 0.817799 -0.700943
vt 0.878520 -0.665886
vt 0.902500 -0.600000
vt 0.878520 -0.534114
vt 0.817799 -0.499057
vt 0.748750 -0.511232
vt 0.703682 -0.564943
vt 0.703682 -0.635057
vt -0.851250 -0.511232
vt -0.896318 -0.564943
vt -0.896318 -0.635057
vt -0.851250 -0.688768
vt -0.782201 -0.700943
vt -0.721480 -0.665886
vt -0.697500 -0.600000
vt -0.721480 -0.534114
vt -0.782201 -0.499057
vt -0.021213 0.298451
vt 0.021213 0.298451
vt 0.230472 0.223402
vt 0.060472 0.223402
vt -0.022981 0.207258
vt 0.022981 0.207258
vt -0.022981 0.373064
vt -0.022981 0.290161
vt 0.022981 0.290161
vt 0.022981 0.373064
vt -0.021213 0.855211
vt -0.021213 0.513127
vt 0.021213 0.513127
vt 0.021213 0.855211
vt -0.022981 0.290161
vt -0.022981 0.207258
vt 0.022981 0.207258
vt 0.022981 0.290161
vt -0.021213 0.198968
vt 0.021213 0.198968
vt 0.021213 0.265290
vt -0.021213 0.265290
vt 0.160000 -1.703441
vt 0.210000 -1.703441
vt 0.210000 -1.277581
vt 0.160000 -1.277581
vt -0.022981 -0.290161
vt -0.022981 -0.373064
vt 0.022981 -0.373064
vt 0.022981 -0.290161
vt 0.924668 -0.322013
vt 0.924668 -0.250455
vt 0.107168 -0.250455
vt 0.107168 -0.322013
vt 0.924668 0.250455
vt 0.924668 0.322013
vt 0.107168 0.322013
vt 0.107168 0.250455
vt -0.021213 0.165806
vt -0.021213 0.099484
vt 0.021213 0.099484
vt 0.021213 0.165806
vt -0.900000 0.363028
vt -0.280000 0.363028
vt -0.280000 0.453786
vt -0.900000 0.453786
vt -0.022981 -0.290161
vt -0.022981 -0.373064
vt 0.022981 -0.373064
vt 0.022981 -0.290161
vt -0.021213 0.171042
vt 0.021213 0.171042
vt -0.022981 0.207258
vt -0.022981 0.124355
vt 0.022981 0.124355
vt 0.022981 0.207258
vt -1.220000 -3.407846
vt -1.058324 -3.436354
vt -1.077426 -3.328025
vt -1.165000 -3.312583
vt 0.230472 -0.139626
vt 0.230472 -0.083776
vt 0.060472 -0.083776
vt 0.060472 -0.139626
vt -0.022981 -0.041452
vt -0.022981 -0.124355
vt 0.022981 -0.124355
vt 0.022981 -0.041452
vt 0.870707 0.084265
vt 0.675267 0.556098
vt 0.643467 0.487904
vt 0.575273 0.456104
vt 0.502592 0.475579
vt 0.459434 0.537215
vt 0.306418 0.257115
vt 0.400000 -0.000000
vt 0.306418 -0.257115
vt 0.069459 -0.393923
vt -0.200000 -0.346410
vt -0.084265 -0.729293
vt -0.019101 -0.691671
vt 0.055000 -0.704737
vt 0.456104 -0.575273
vt 0.475579 -0.502592
vt 0.537215 -0.459434
vt 0.612173 -0.465992
vt 0.762378 -0.103366
vt 0.704737 -0.055000
vt 0.691671 0.019101
vt 0.729293 0.084265
vt 0.800000 0.110000
vt -0.502592 -0.475579
vt -0.459434 -0.537215
vt -0.305000 -0.528275
vt -0.573212 -0.208632
vt -0.399668 0.143117
vt -0.132168 0.143117
vt -0.132168 0.214675
vt -0.399668 0.214675
vt -0.022981 -0.124355
vt -0.022981 -0.207258
vt 0.022981 -0.207258
vt 0.022981 -0.124355
vt -0.000000 0.078540
vt -0.000000 0.235619
vt -0.235000 0.235619
vt -0.235000 0.078540
vt 0.230472 0.083776
vt 0.230472 0.139626
vt 0.060472 0.139626
vt 0.060472 0.083776
vt -0.010607 0.645335
vt 0.010607 0.645335
vt 0.010607 0.797179
vt -0.010607 0.797179
vt 0.230472 0.139626
vt 0.230472 0.195477
vt 0.060472 0.195477
vt 0.060472 0.139626
vt -0.700000 0.363028
vt -0.280000 0.363028
vt -0.280000 0.453786
vt -0.700000 0.453786
vt 0.230472 0.139626
vt 0.230472 0.195477
vt 0.060472 0.195477
vt 0.060472 0.139626
vt -0.022981 -0.290161
vt -0.022981 -0.373064
vt 0.022981 -0.373064
vt 0.022981 -0.290161
vt -0.700000 0.181514
vt -0.280000 0.181514
vt -0.280000 0.272271
vt -0.700000 0.272271
vt -0.180000 -0.350000
vt -0.000000 -0.350000
vt -0.000000 -0.040000
vt -0.040000 0.000000
vt -0.180000 0.000000
vt 0.347168 -0.286234
vt 0.079668 -0.286234
vt 0.079668 -0.357792
vt 0.347168 -0.357792
vt 0.230472 0.139626
vt 0.060472 0.139626
vt 0.347168 0.107338
vt 0.347168 0.178896
vt 0.079668 0.178896
vt 0.079668 0.107338
vt -0.280000 -0.502655
vt 0.000000 -0.502655
vt 0.000000 -0.335103
vt -0.280000 -0.335103
vt -0.575273 -0.456104
vt -0.502592 -0.475579
vt -0.459434 -0.537215
vt -0.375877 -0.136808
vt -0.375877 0.136808
vt -0.200000 0.346410
vt 0.069459 0.393923
vt 0.465992 0.612173
vt 0.519197 0.665379
vt 0.594156 0.671937
vt 0.655792 0.628779
vt 0.731572 0.613862
vt 0.165834 0.940491
vt 0.019101 0.908329
vt 0.084265 0.870707
vt 0.110000 0.800000
vt 0.084265 0.729293
vt 0.019101 0.691671
vt -0.055000 0.704737
vt -0.103366 0.762378
vt -0.456104 0.575273
vt -0.475579 0.502592
vt -0.537215 0.459434
vt -0.612173 0.465992
vt -0.665379 0.519197
vt -0.671937 0.594156
vt -0.628779 0.655792
vt -0.556098 0.675267
vt -0.487904 0.643467
vt -0.477500 0.827054
vt -0.660940 0.689335
vt -0.897406 0.326629
vt -0.954789 0.020078
vt -0.895263 -0.055000
vt -0.908329 0.019101
vt -0.870707 0.084265
vt -0.800000 0.110000
vt -0.729293 0.084265
vt -0.691671 0.019101
vt -0.704737 -0.055000
vt 3.821584 2.213224
vt 3.790000 2.300000
vt 3.821584 2.386776
vt 3.901557 2.432949
vt 4.450000 3.360000
vt 0.200000 3.360000
vt 1.501557 2.432949
vt 1.592500 2.416913
vt 1.651859 2.346173
vt 1.651859 2.253827
vt 1.592500 2.183087
vt 1.501557 2.167051
vt 1.592500 1.216913
vt 1.651859 1.146173
vt 1.651859 1.053827
vt 1.592500 0.983087
vt 1.925000 0.850000
vt 3.225000 0.850000
vt 3.225000 0.040000
vt 4.450000 0.040000
vt 4.051859 1.053827
vt 3.992500 0.983087
vt 3.901557 0.967051
vt 3.821584 1.013224
vt 3.790000 1.100000
vt 3.821584 1.186776
vt 3.901557 1.232949
vt 3.901557 2.167051
vt 0.141421 -1.660000
vt 0.141421 1.660000
vt -0.141421 1.660000
vt -0.141421 -1.660000
vt 0.210000 0.425860
vt 0.160000 0.425860
vt 0.160000 0.000000
vt 0.210000 0.000000
vt 0.924668 0.250455
vt 0.924668 0.322013
vt 0.107168 0.322013
vt 0.107168 0.250455
vt 0.347168 0.286234
vt 0.079668 0.286234
vt 0.079668 0.214675
vt 0.347168 0.214675
vt -0.021213 0.099484
vt 0.021213 0.099484
vt -0.280000 0.502655
vt 0.000000 0.502655
vt 0.000000 0.670206
vt -0.280000 0.670206
vt -0.022981 0.124355
vt 0.022981 0.124355
vt 0.000000 0.167552
vt -0.280000 0.167552
vt -0.280000 0.000000
vt 0.000000 0.000000
vt 0.347168 0.178896
vt 0.347168 0.250455
vt 0.079668 0.250455
vt 0.079668 0.178896
vt -0.700943 -0.382201
vt -0.688768 -0.451250
vt -0.635057 -0.496318
vt -0.564943 -0.496318
vt -0.511232 -0.451250
vt -0.499057 -0.382201
vt -0.534114 -0.321480
vt -0.600000 -0.297500
vt -0.665886 -0.321480
vt -0.028284 0.420931
vt -0.028284 -0.437500
vt 0.028284 -0.437500
vt 0.028284 0.437500
vt 0.688768 -0.348750
vt 0.635057 -0.303682
vt 0.564943 -0.303682
vt 0.511232 -0.348750
vt 0.499057 -0.417799
vt 0.534114 -0.478520
vt 0.600000 -0.502500
vt 0.665886 -0.478520
vt 0.700943 -0.417799
vt 0.714668 -0.250455
vt 0.714668 -0.178896
vt 0.097168 -0.178896
vt 0.097168 -0.250455
vt 0.511232 -2.748750
vt 0.499057 -2.817799
vt 0.534114 -2.878520
vt 0.600000 -2.902500
vt 0.665886 -2.878520
vt 0.700943 -2.817799
vt 0.688768 -2.748750
vt 0.635057 -2.703682
vt 0.564943 -2.703682
vt -0.386852 0.324608
vt -0.087692 0.497328
vt 0.105925 0.600733
vt -0.305000 0.528275
vt -0.573212 0.208632
vt -0.573212 -0.208632
vt -0.305000 -0.528275
vt 0.105925 -0.600733
vt 0.467287 -0.392100
vt 0.610000 0.000000
vt 0.467287 0.392100
vt 0.474545 0.172720
vt 0.474545 -0.172720
vt 0.252500 -0.437343
vt -0.087692 -0.497328
vt -0.386852 -0.324608
vt -0.505000 -0.000000
vt -0.280000 -0.670206
vt 0.000000 -0.670206
vt 0.000000 -0.502655
vt -0.280000 -0.502655
vt 0.924668 -0.178896
vt 0.924668 -0.107338
vt 0.107168 -0.107338
vt 0.107168 -0.178896
vt -0.022981 0.290161
vt 0.022981 0.331613
vt -0.022981 0.373064
vt -0.022981 -0.373064
vt 0.022981 -0.414516
vt 0.022981 -0.331613
vt -0.022981 -0.290161
vt 0.022981 -0.248709
vt -0.022981 -0.207258
vt 0.022981 -0.165806
vt -0.022981 -0.124355
vt 0.022981 -0.082903
vt -0.022981 -0.041452
vt 0.022981 0.000000
vt -0.022981 0.041452
vt 0.022981 0.082903
vt -0.022981 0.124355
vt 0.022981 0.165806
vt -0.022981 0.207258
vt 0.022981 0.248709
vt -0.000000 -0.706858
vt -0.000000 -0.549779
vt -0.235000 -0.549779
vt -0.235000 -0.706858
vt 0.714668 -0.322013
vt 0.714668 -0.250455
vt 0.097168 -0.250455
vt 0.097168 -0.322013
vt -0.028284 -0.845931
vt 0.028284 -0.862500
vt 0.028284 0.862500
vt -0.028284 0.862500
vt -0.022981 0.290161
vt 0.022981 0.331613
vt -0.022981 0.373064
vt -0.022981 -0.373064
vt 0.022981 -0.414516
vt 0.022981 -0.331613
vt -0.022981 -0.290161
vt 0.022981 -0.248709
vt -0.022981 -0.207258
vt 0.022981 -0.165806
vt -0.022981 -0.124355
vt 0.022981 -0.082903
vt -0.022981 -0.041452
vt 0.022981 0.000000
vt -0.022981 0.041452
vt 0.022981 0.082903
vt -0.022981 0.124355
vt 0.022981 0.165806
vt -0.022981 0.207258
vt 0.022981 0.248709
vt -0.347168 -0.286234
vt -0.079668 -0.286234
vt -0.079668 -0.214675
vt -0.347168 -0.214675
vt -0.399668 -0.143117
vt -0.132168 -0.143117
vt -0.132168 -0.071558
vt -0.399668 -0.071558
vt -0.021213 0.232129
vt 0.021213 0.232129
vt 0.000000 -0.167552
vt -0.280000 -0.167552
vt -0.022981 0.290161
vt 0.022981 0.331613
vt -0.022981 0.373064
vt -0.022981 -0.373064
vt 0.022981 -0.414516
vt 0.022981 -0.331613
vt -0.022981 -0.290161
vt 0.022981 -0.248709
vt -0.022981 -0.207258
vt 0.022981 -0.165806
vt -0.022981 -0.124355
vt 0.022981 -0.082903
vt -0.022981 -0.041452
vt 0.022981 0.000000
vt -0.022981 0.041452
vt 0.022981 0.082903
vt -0.022981 0.124355
vt 0.022981 0.165806
vt -0.022981 0.207258
vt 0.022981 0.248709
vt -0.021213 0.232129
vt 0.021213 0.232129
vt -0.022981 0.082903
vt 0.022981 0.082903
vt 0.022981 0.165806
vt -0.022981 0.165806
vt 1.503682 0.035057
vt 1.503682 -0.035057
vt 1.548750 -0.088768
vt 1.617799 -0.100943
vt 1.678520 -0.065886
vt 1.702500 0.000000
vt 1.678520 0.065886
vt 1.617799 0.100943
vt 1.548750 0.088768
vt -0.022981 0.041452
vt 0.022981 0.041452
vt -0.280000 -0.167552
vt 0.000000 -0.167552
vt 0.000000 0.000000
vt -0.280000 0.000000
vt -0.916149 0.954269
vt -0.860000 0.800000
vt -0.916149 0.645731
vt -1.058324 0.563646
vt -1.220000 0.592154
vt -0.960188 0.169307
vt -0.626718 0.746893
vt 0.000000 0.975000
vt 0.714668 -0.035779
vt 0.714668 0.035779
vt 0.097168 0.035779
vt 0.097168 -0.035779
vt -0.280000 -0.335103
vt 0.000000 -0.335103
vt 0.980000 -2.992154
vt 1.141676 -2.963646
vt 1.283851 -3.045731
vt 1.167500 -0.916913
vt 1.076557 -0.932949
vt 0.996584 -0.886776
vt 0.965000 -0.800000
vt 0.996584 -0.713224
vt 1.076557 -0.667051
vt 1.167500 -0.683087
vt 1.226859 -0.753827
vt 1.340000 0.800000
vt 1.283851 0.645731
vt 1.141676 0.563646
vt 0.960188 0.169307
vt 0.844375 -0.487500
vt 0.333470 -0.916200
vt -0.333470 -0.916200
vt -1.032500 -0.916913
vt -1.058324 -2.963646
vt -0.916149 -3.045731
vt -0.860000 -3.200000
vt -0.916149 -3.354269
vt -1.058324 -3.436354
vt -1.220000 -3.407846
vt -1.325526 -3.282085
vt -1.325526 -3.117915
vt -1.220000 -2.992154
vt -1.123443 -0.932949
vt -1.203416 -0.886776
vt -1.235000 -0.800000
vt -1.385000 0.908431
vt -1.385000 -3.308431
vt -1.208431 -3.485000
vt 1.208431 -3.485000
vt 1.141676 -3.436354
vt 0.980000 -3.407846
vt 0.874474 -3.282085
vt 0.874474 -3.117915
vt -0.022981 -0.207258
vt 0.022981 -0.207258
vt -0.280000 0.167552
vt 0.000000 0.167552
vt 0.000000 0.335103
vt -0.280000 0.335103
vt 1.385000 0.908431
vt 1.208431 1.085000
vt -1.208431 1.085000
vt -1.203416 -0.713224
vt -1.123443 -0.667051
vt -1.032500 -0.683087
vt -0.973141 -0.753827
vt -0.973141 -0.846173
vt -0.844375 -0.487500
vt -1.325526 0.717915
vt -1.325526 0.882085
vt -1.220000 1.007846
vt -1.058324 1.036354
vt 0.626718 0.746893
vt 0.980000 0.592154
vt 0.874474 0.717915
vt 0.874474 0.882085
vt 0.980000 1.007846
vt 1.141676 1.036354
vt 1.283851 0.954269
vt 1.226859 -0.846173
vt 1.340000 -3.200000
vt 1.283851 -3.354269
vt 1.385000 -3.308431
vt 0.230472 -0.251327
vt 0.230472 -0.195477
vt 0.060472 -0.195477
vt 0.060472 -0.251327
vt 0.230472 -0.195477
vt 0.230472 -0.139626
vt 0.060472 -0.139626
vt 0.060472 -0.195477
vt 0.230472 0.027925
vt 0.060472 0.027925
vt 0.347168 -0.035779
vt 0.347168 0.035779
vt 0.079668 0.035779
vt 0.079668 -0.035779
vt 1.199586 0.883562
vt 1.230000 0.800000
vt 1.340000 0.800000
vt 1.283851 0.954269
vt 1.122574 0.928025
vt 0.714668 0.250455
vt 0.714668 0.322013
vt 0.097168 0.322013
vt 0.097168 0.250455
vt 0.000000 0.837758
vt -0.280000 0.837758
vt -0.280000 -0.335103
vt 0.000000 -0.335103
vt 0.000000 -0.167552
vt -0.280000 -0.167552
vt -1.165000 0.912583
vt -1.077426 0.928025
vt -1.058324 1.036354
vt -1.220000 1.007846
vt -1.325526 0.882085
vt -1.325526 0.717915
vt -1.220000 0.592154
vt -1.058324 0.563646
vt -1.077426 0.671975
vt -1.165000 0.687417
vt -1.222160 0.755537
vt -1.222160 0.844463
vt -1.000414 0.883562
vt -0.970000 0.800000
vt -1.000414 0.716438
vt -0.916149 0.645731
vt -0.860000 0.800000
vt -0.916149 0.954269
vt -0.280000 0.502655
vt 0.000000 0.502655
vt -1.000414 -3.116438
vt -0.970000 -3.200000
vt -1.000414 -3.283562
vt -0.860000 -3.200000
vt -0.916149 -3.045731
vt -1.058324 -2.963646
vt -1.220000 -2.992154
vt -1.325526 -3.117915
vt -1.325526 -3.282085
vt -1.222160 -3.244463
vt -1.222160 -3.155537
vt -1.165000 -3.087417
vt -1.077426 -3.071975
vt 0.230472 0.027925
vt 0.230472 0.083776
vt 0.060472 0.083776
vt 0.060472 0.027925
vt 1.765000 0.040000
vt 1.765000 0.340000
vt 1.085000 0.340000
vt 1.085000 0.040000
vt -0.347168 -0.143117
vt -0.079668 -0.143117
vt -0.022981 0.124355
vt -0.022981 0.041452
vt 0.022981 0.041452
vt 0.022981 0.124355
vt -0.022981 -0.290161
vt -0.022981 -0.373064
vt 0.022981 -0.373064
vt 0.022981 -0.290161
vt -0.022981 0.373064
vt -0.022981 0.290161
vt 0.022981 0.290161
vt 0.022981 0.373064
vt 0.347168 -0.214675
vt 0.079668 -0.214675
vt -0.700000 0.090757
vt -0.280000 0.090757
vt 0.347168 0.035779
vt 0.347168 0.107338
vt 0.079668 0.107338
vt 0.079668 0.035779
vt -0.067500 -0.116913
vt -0.065000 -0.112583
vt -0.122160 -0.044463
vt -0.122160 0.044463
vt -0.126859 0.046173
vt -0.126859 -0.046173
vt -0.280000 0.272271
vt -0.900000 0.272271
vt -0.022981 0.207258
vt -0.022981 0.124355
vt 0.022981 0.124355
vt 0.022981 0.207258
vt -0.021213 -0.198968
vt 0.021213 -0.198968
vt 0.021213 -0.132645
vt -0.021213 -0.132645
vt -0.021213 -0.165806
vt -0.021213 -0.232129
vt 0.021213 -0.232129
vt 0.021213 -0.165806
vt -0.280000 0.335103
vt 0.000000 0.335103
vt 0.000000 0.502655
vt -0.280000 0.502655
vt 0.055645 -0.125227
vt -0.063935 -0.125227
vt 0.055645 -0.161007
vt 0.055645 -0.053669
vt -0.063935 -0.053669
vt 0.055645 -0.089448
vt 0.055645 0.017890
vt -0.063935 0.017890
vt 0.055645 -0.017890
vt 0.055645 0.089448
vt -0.063935 0.089448
vt 0.055645 0.053669
vt 0.055645 0.161007
vt -0.063935 0.161007
vt 0.055645 0.125227
vt -0.063935 0.053669
vt -0.063935 0.125227
vt -0.063935 -0.017890
vt -0.063935 -0.089448
vt 0.230472 -0.027925
vt 0.230472 0.027925
vt 0.060472 0.027925
vt 0.060472 -0.027925
vt -0.010607 -0.417570
vt 0.010607 -0.417570
vt 0.010607 -0.265726
vt -0.010607 -0.265726
vt 0.230472 -0.139626
vt 0.060472 -0.139626
vt 0.023443 -0.132949
vt 0.099586 -0.083562
vt 0.022574 -0.128025
vt -0.065000 -0.112583
vt -0.122160 -0.044463
vt -0.122160 0.044463
vt -0.065000 0.112583
vt 0.023443 0.132949
vt -0.067500 0.116913
vt -0.126859 0.046173
vt -0.126859 -0.046173
vt -0.067500 -0.116913
vt -0.280000 0.167552
vt 0.000000 0.167552
vt 0.000000 0.335103
vt -0.280000 0.335103
vt -0.235000 0.698132
vt -0.065000 0.698132
vt -0.022981 0.331613
vt 0.022981 0.331613
vt 0.022981 0.414516
vt -0.022981 0.414516
vt -0.022981 -0.248709
vt 0.022981 -0.248709
vt 0.022981 -0.165806
vt -0.022981 -0.165806
vt -0.021213 0.298451
vt -0.021213 0.232129
vt 0.021213 0.232129
vt 0.021213 0.298451
vt -0.021213 -0.099484
vt -0.021213 -0.165806
vt 0.021213 -0.165806
vt 0.021213 -0.099484
vt -0.022981 -0.041452
vt -0.022981 -0.124355
vt 0.022981 -0.124355
vt 0.022981 -0.041452
vt 0.022981 0.082903
vt -0.022981 0.082903
vt -0.022981 0.000000
vt 0.022981 0.000000
vt 0.230472 -0.027925
vt 0.060472 -0.027925
vt -0.190000 2.722714
vt -0.010000 2.997112
vt -0.010000 3.128994
vt -0.190000 3.403392
vt -0.347168 -0.143117
vt -0.079668 -0.143117
vt -0.079668 -0.071558
vt -0.347168 -0.071558
vt 0.399668 -0.071558
vt 0.132168 -0.071558
vt 0.132168 -0.143117
vt 0.399668 -0.143117
vt 0.055645 -0.125227
vt -0.063935 -0.125227
vt 0.055645 -0.161007
vt 0.055645 -0.053669
vt -0.063935 -0.053669
vt 0.055645 -0.089448
vt 0.055645 0.017890
vt -0.063935 0.017890
vt 0.055645 -0.017890
vt 0.055645 0.089448
vt -0.063935 0.089448
vt 0.055645 0.053669
vt 0.055645 0.161007
vt -0.063935 0.161007
vt 0.055645 0.125227
vt -0.063935 0.053669
vt -0.063935 0.125227
vt -0.063935 -0.017890
vt -0.063935 -0.089448
vt -0.022981 -0.207258
vt 0.022981 -0.207258
vt -0.280000 0.502655
vt 0.000000 0.502655
vt 0.000000 0.670206
vt -0.280000 0.670206
vt -0.900000 -0.363028
vt -0.280000 -0.363028
vt -0.280000 -0.272271
vt -0.900000 -0.272271
vt -0.235000 -1.256637
vt -0.065000 -1.256637
vt 0.230472 -0.055851
vt 0.060472 -0.055851
vt -0.021213 -0.232129
vt -0.021213 -0.298451
vt 0.021213 -0.298451
vt 0.021213 -0.232129
vt -0.022981 -0.290161
vt -0.022981 -0.373064
vt 0.022981 -0.373064
vt 0.022981 -0.290161
vt -0.021213 0.033161
vt -0.021213 -0.033161
vt 0.021213 -0.033161
vt 0.021213 0.033161
vt -0.021213 -0.298451
vt 0.021213 -0.298451
vt 0.023443 -0.132949
vt 0.103416 -0.086776
vt 0.135000 0.000000
vt 0.103416 0.086776
vt 0.023443 0.132949
vt 0.022574 0.128025
vt 0.099586 0.083562
vt 0.130000 0.000000
vt 0.099586 -0.083562
vt 0.022574 -0.128025
vt 0.714668 -0.035779
vt 0.097168 -0.035779
vt -0.347168 -0.035779
vt -0.079668 -0.035779
vt -0.022981 0.207258
vt -0.022981 0.124355
vt 0.022981 0.124355
vt 0.022981 0.207258
vt -0.022981 -0.207258
vt -0.022981 -0.290161
vt 0.022981 -0.290161
vt 0.022981 -0.207258
vt 0.022981 -0.165806
vt -0.022981 -0.165806
vt 0.230472 0.195477
vt 0.230472 0.251327
vt 0.060472 0.251327
vt 0.060472 0.195477
vt 0.347168 -0.071558
vt 0.079668 -0.071558
vt 0.079668 -0.143117
vt 0.347168 -0.143117
vt 0.924668 -0.035779
vt 0.107168 -0.035779
vt -0.347168 0.214675
vt -0.079668 0.214675
vt -0.079668 0.286234
vt -0.347168 0.286234
vt -0.347168 -0.143117
vt -0.079668 -0.143117
vt -0.079668 -0.071558
vt -0.347168 -0.071558
vt 0.055645 -0.125227
vt -0.063935 -0.125227
vt 0.055645 -0.161007
vt 0.055645 -0.053669
vt -0.063935 -0.053669
vt 0.055645 -0.089448
vt 0.055645 0.017890
vt -0.063935 0.017890
vt 0.055645 -0.017890
vt 0.055645 0.089448
vt -0.063935 0.089448
vt 0.055645 0.053669
vt 0.055645 0.161007
vt -0.063935 0.161007
vt 0.055645 0.125227
vt -0.063935 0.053669
vt -0.063935 0.125227
vt -0.063935 -0.017890
vt -0.063935 -0.089448
vt -0.022981 0.290161
vt 0.022981 0.290161
vt -0.021213 0.033161
vt -0.021213 -0.033161
vt 0.021213 -0.033161
vt 0.021213 0.033161
vt -0.021213 0.298451
vt -0.021213 0.232129
vt 0.021213 0.232129
vt 0.021213 0.298451
vt 0.099586 -0.083562
vt 0.022574 -0.128025
vt -0.065000 -0.112583
vt -0.122160 -0.044463
vt -0.122160 0.044463
vt -0.065000 0.112583
vt 0.022574 0.128025
vt 0.023443 0.132949
vt -0.067500 0.116913
vt -0.126859 0.046173
vt -0.126859 -0.046173
vt -0.067500 -0.116913
vt 0.023443 -0.132949
vt 0.103416 -0.086776
vt 0.135000 0.000000
vt 0.130000 0.000000
vt 0.230472 -0.195477
vt 0.060472 -0.195477
vt -0.022981 -0.124355
vt -0.022981 -0.207258
vt 0.022981 -0.207258
vt 0.022981 -0.124355
vt -0.021213 -0.165806
vt -0.021213 -0.232129
vt 0.021213 -0.232129
vt 0.021213 -0.165806
vt 0.079668 -0.071558
vt 0.347168 -0.071558
vt 0.347168 0.000000
vt 0.079668 0.000000
vt -0.014142 -3.031637
vt 0.014142 -3.031637
vt 0.000000 0.502655
vt -0.280000 0.502655
vt 0.230472 -0.251327
vt 0.060472 -0.251327
vt -0.079668 0.071558
vt -0.347168 0.071558
vt -0.347168 -0.000000
vt -0.079668 -0.000000
vt -0.280000 0.000000
vt 0.000000 0.000000
vt 0.714668 -0.107338
vt 0.714668 -0.035779
vt 0.097168 -0.035779
vt 0.097168 -0.107338
vt -0.900000 -0.272271
vt -0.280000 -0.272271
vt -0.280000 -0.181514
vt -0.900000 -0.181514
vt 0.055645 -0.125227
vt -0.063935 -0.125227
vt 0.055645 -0.161007
vt 0.055645 -0.053669
vt -0.063935 -0.053669
vt 0.055645 -0.089448
vt 0.055645 0.017890
vt -0.063935 0.017890
vt 0.055645 -0.017890
vt 0.055645 0.089448
vt -0.063935 0.089448
vt 0.055645 0.053669
vt 0.055645 0.161007
vt -0.063935 0.161007
vt 0.055645 0.125227
vt -0.063935 0.053669
vt -0.063935 0.125227
vt -0.063935 -0.017890
vt -0.063935 -0.089448
vt -0.021213 -0.165806
vt 0.021213 -0.165806
vt -0.021213 -0.033161
vt -0.021213 -0.099484
vt 0.021213 -0.099484
vt 0.021213 -0.033161
vt -0.014142 2.357940
vt 0.014142 2.357940
vt 0.230472 -0.251327
vt 0.060472 -0.251327
vt -0.021213 0.298451
vt -0.021213 0.232129
vt 0.021213 0.232129
vt 0.021213 0.298451
vt 0.347168 0.143117
vt 0.079668 0.143117
vt -0.280000 -0.502655
vt 0.000000 -0.502655
vt -0.000000 -0.335103
vt -0.280000 -0.335103
vt -0.021213 0.099484
vt -0.021213 0.033161
vt 0.021213 0.033161
vt 0.021213 0.099484
vt -0.021213 -0.165806
vt 0.021213 -0.165806
vt 1.151250 -0.711232
vt 1.082201 -0.699057
vt 1.021480 -0.734114
vt 0.997500 -0.800000
vt 1.021480 -0.865886
vt 1.082201 -0.900943
vt 1.151250 -0.888768
vt 1.196318 -0.835057
vt 1.196318 -0.764943
vt 0.230472 0.027925
vt 0.230472 0.083776
vt 0.060472 0.083776
vt 0.060472 0.027925
vt -0.280000 0.181514
vt -0.700000 0.181514
vt -0.700000 0.363028
vt -0.280000 0.363028
vt -0.280000 0.453786
vt -0.700000 0.453786
vt 0.714668 0.107338
vt 0.097168 0.107338
vt -1.151250 -0.711232
vt -1.196318 -0.764943
vt -1.196318 -0.835057
vt -1.151250 -0.888768
vt -1.082201 -0.900943
vt -1.021480 -0.865886
vt -0.997500 -0.800000
vt -1.021480 -0.734114
vt -1.082201 -0.699057
vt -0.040000 3.135000
vt -0.850000 3.135000
vt -0.850000 2.650000
vt -0.360000 2.650000
vt -0.320000 2.610000
vt -0.320000 0.810000
vt -0.360000 0.770000
vt -0.850000 0.770000
vt -0.850000 0.285000
vt -0.040000 0.285000
vt -0.000000 0.325000
vt -0.000000 1.145000
vt -0.100000 1.145000
vt -0.100000 1.152663
vt -0.200000 1.152663
vt -0.200000 2.267337
vt -0.100000 2.267337
vt -0.100000 2.275000
vt -0.000000 2.275000
vt -0.000000 3.095000
vt -0.022981 0.290161
vt 0.022981 0.331613
vt -0.022981 0.373064
vt -0.022981 -0.373064
vt 0.022981 -0.414516
vt 0.022981 -0.331613
vt -0.022981 -0.290161
vt 0.022981 -0.248709
vt -0.022981 -0.207258
vt 0.022981 -0.165806
vt -0.022981 -0.124355
vt 0.022981 -0.082903
vt -0.022981 -0.041452
vt 0.022981 0.000000
vt -0.022981 0.041452
vt 0.022981 0.082903
vt -0.022981 0.124355
vt 0.022981 0.165806
vt -0.022981 0.207258
vt 0.022981 0.248709
vt 2.292500 2.183087
vt 2.201557 2.167051
vt 1.775000 0.350000
vt 1.775000 0.040000
vt 2.650000 0.040000
vt 2.650000 3.360000
vt 2.292500 2.416913
vt 2.351859 2.346173
vt 2.351859 2.253827
vt 0.230472 -0.083776
vt 0.230472 -0.027925
vt 0.060472 -0.027925
vt 0.060472 -0.083776
vt -0.022981 -0.373064
vt 0.022981 -0.373064
vt -0.022981 0.290161
vt 0.022981 0.290161
vt -0.280000 -0.502655
vt 0.000000 -0.502655
vt 0.000000 -0.335103
vt -0.280000 -0.335103
vt -0.399668 0.071558
vt -0.132168 0.071558
vt -0.435000 -1.021018
vt -0.435000 -1.701696
vt -0.255000 -1.701696
vt -0.255000 -1.021018
vt -0.280000 -0.335103
vt 0.000000 -0.335103
vt -0.021213 0.165806
vt -0.021213 0.099484
vt 0.021213 0.099484
vt 0.021213 0.165806
vt 0.240000 0.945000
vt 0.196469 0.955000
vt -0.196469 0.955000
vt -0.240000 0.945000
vt -0.900000 0.181514
vt -0.280000 0.181514
vt -0.280000 0.272271
vt -0.900000 0.272271
vt -0.190000 0.000000
vt 0.190000 0.197759
vt -0.010000 0.602647
vt -0.190000 0.680678
vt 0.190000 -0.197759
vt -0.010000 -0.602647
vt -0.190000 -0.680678
vt -0.010000 -1.157125
vt -0.190000 -1.361357
vt -0.010000 -1.711604
vt -0.190000 -2.042035
vt -0.010000 -2.266082
vt -0.190000 -2.722714
vt -0.010000 -2.820561
vt 0.090000 0.602647
vt 0.090000 0.593277
vt -0.010000 3.260876
vt -0.010000 2.865230
vt 0.190000 -2.865230
vt 0.190000 -2.820561
vt -0.010000 3.305545
vt -0.010000 -2.865230
vt -0.010000 2.820561
vt -0.010000 2.266082
vt -0.190000 2.042035
vt -0.010000 1.711604
vt -0.190000 1.361357
vt -0.010000 1.157125
vt 0.190000 2.820561
vt 0.190000 2.865230
vt 0.090000 -0.593277
vt 0.190000 -0.593277
vt 0.190000 0.593277
vt 0.230472 -0.251327
vt 0.230472 -0.195477
vt 0.060472 -0.195477
vt 0.060472 -0.251327
vt 0.090000 -0.602647
vt -0.014142 -0.673697
vt 0.014142 -0.336849
vt -0.014142 0.000000
vt 0.014142 0.020290
vt 0.014142 0.336849
vt -0.014142 -1.347394
vt 0.014142 -1.010546
vt 0.014142 -0.737619
vt -0.014142 -2.021091
vt 0.014142 -1.684243
vt 0.014142 -1.495528
vt 0.014142 -2.357940
vt -0.014142 -2.694788
vt 0.014142 -3.031637
vt 0.014142 3.031637
vt -0.014142 3.368485
vt -0.014142 2.694788
vt 0.014142 2.357940
vt -0.014142 2.021091
vt 0.014142 1.684243
vt -0.014142 1.347394
vt 0.014142 1.010546
vt -0.014142 0.673697
vt 0.014142 0.778199
vt -1.077426 0.928025
vt -1.000414 0.883562
vt -0.970000 0.800000
vt -0.860000 0.800000
vt -0.916149 0.954269
vt -1.058324 1.036354
vt -1.220000 1.007846
vt -1.325526 0.882085
vt -1.325526 0.717915
vt -1.220000 0.592154
vt -1.058324 0.563646
vt -0.916149 0.645731
vt -1.077426 0.671975
vt -1.165000 0.687417
vt -1.222160 0.755537
vt -1.222160 0.844463
vt -1.165000 0.912583
vt 0.405891 0.017771
vt 0.536469 0.000000
vt 0.680000 0.000000
vt 0.680000 0.130000
vt 0.000000 0.130000
vt 0.000000 0.000000
vt 0.143531 0.000000
vt 0.274109 0.017771
vt -0.021213 -0.171042
vt 0.021213 -0.171042
vt 0.924668 0.107338
vt 0.924668 0.178896
vt 0.107168 0.178896
vt 0.107168 0.107338
vt -0.067500 -0.116913
vt -0.122160 -0.044463
vt -0.122160 0.044463
vt -0.065000 0.112583
vt 0.022574 0.128025
vt 0.099586 0.083562
vt 0.103416 0.086776
vt 0.023443 0.132949
vt -0.067500 0.116913
vt -0.126859 0.046173
vt -0.126859 -0.046173
vt 0.000000 0.130000
vt 0.000000 0.000000
vt 0.340000 0.000000
vt 0.340000 0.170000
vt 0.040000 0.170000
vt 0.000000 0.170000
vt 0.000000 0.000000
vt 0.340000 0.000000
vt 0.340000 0.130000
vt 0.300000 0.170000
vt -0.000000 -0.000000
vt -0.110000 0.000000
vt -0.110000 -0.200000
vt -0.590000 -0.200000
vt -0.590000 0.000000
vt -0.700000 0.000000
vt -0.700000 -0.350000
vt -0.000000 -0.350000
vt -0.900000 0.090757
vt -0.280000 0.090757
vt -0.700000 -0.090757
vt -0.280000 -0.090757
vt -0.280000 0.000000
vt -0.700000 0.000000
vt 0.714668 -0.178896
vt 0.097168 -0.178896
vt 0.230472 0.195477
vt 0.230472 0.251327
vt 0.060472 0.251327
vt 0.060472 0.195477
vt 0.230472 -0.083776
vt 0.230472 -0.027925
vt 0.060472 -0.027925
vt 0.060472 -0.083776
vt 0.079668 0.143117
vt 0.347168 0.143117
vt -0.021213 0.165806
vt 0.021213 0.165806
vt -0.280000 0.335103
vt 0.000000 0.335103
vt -0.022981 0.331613
vt 0.022981 0.331613
vt 0.022981 0.414516
vt -0.022981 0.414516
vt 0.714668 0.178896
vt 0.097168 0.178896
vt -0.700000 -0.181514
vt -0.280000 -0.181514
vt -0.280000 -0.090757
vt -0.700000 -0.090757
vt -0.019101 -0.691671
vt 0.055000 -0.704737
vt 0.105925 -0.600733
vt -0.084265 -0.729293
vt -0.575273 -0.456104
vt -0.800000 -0.110000
vt -0.870707 -0.084265
vt -0.908329 -0.019101
vt -0.895263 0.055000
vt -0.837622 0.103366
vt -0.612173 0.465992
vt -0.665379 0.519197
vt -0.671937 0.594156
vt -0.628779 0.655792
vt -0.556098 0.675267
vt -0.487904 0.643467
vt -0.165834 0.940491
vt -0.731572 0.613862
vt -0.955000 -0.000000
vt -0.731572 -0.613862
vt -0.165834 -0.940491
vt 0.477500 -0.827054
vt 0.487904 -0.643467
vt 0.456104 -0.575273
vt 0.475579 -0.502592
vt 0.537215 -0.459434
vt 0.612173 -0.465992
vt 0.665379 -0.519197
vt 0.671937 -0.594156
vt 0.660940 -0.689335
vt 0.897406 -0.326629
vt 0.954789 -0.020078
vt 0.897406 0.326629
vt 0.837622 0.103366
vt 0.895263 0.055000
vt 0.908329 -0.019101
vt 0.870707 -0.084265
vt 0.800000 -0.110000
vt 0.729293 -0.084265
vt 0.691671 -0.019101
vt 0.704737 0.055000
vt 0.762378 0.103366
vt 0.467287 0.392100
vt 0.610000 0.000000
vt 0.467287 -0.392100
vt 0.103366 -0.762378
vt 0.103366 -0.837622
vt 0.055000 -0.895263
vt -0.019101 -0.908329
vt -0.084265 -0.870707
vt -0.110000 -0.800000
vt -0.465992 -0.612173
vt -0.519197 -0.665379
vt -0.594156 -0.671937
vt -0.655792 -0.628779
vt -0.675267 -0.556098
vt -0.643467 -0.487904
vt -0.021213 -0.165806
vt -0.021213 -0.232129
vt 0.021213 -0.232129
vt 0.021213 -0.165806
vt -0.022981 0.373064
vt 0.022981 0.373064
vt -0.022981 0.373064
vt -0.022981 0.290161
vt 0.022981 0.290161
vt 0.022981 0.373064
vt -0.021213 0.033161
vt -0.021213 -0.033161
vt 0.021213 -0.033161
vt 0.021213 0.033161
vt 1.199586 -3.283562
vt 1.122574 -3.328025
vt 1.283851 -3.354269
vt 1.340000 -3.200000
vt 1.230000 -3.200000
vt 0.230472 -0.139626
vt 0.230472 -0.083776
vt 0.060472 -0.083776
vt 0.060472 -0.139626
vt -0.021213 0.298451
vt -0.021213 0.232129
vt 0.021213 0.232129
vt 0.021213 0.298451
vt -0.021213 -0.066323
vt 0.021213 -0.066323
vt 0.021213 0.000000
vt -0.021213 -0.000000
vt 0.556098 -0.675267
vt 0.628779 -0.655792
vt -0.132168 0.286234
vt -0.399668 0.286234
vt -0.022981 0.290161
vt 0.022981 0.290161
vt -0.021213 -0.855211
vt -0.021213 -1.197296
vt 0.021213 -1.197296
vt 0.021213 -0.855211
vt -0.022981 -0.124355
vt -0.022981 -0.207258
vt 0.022981 -0.207258
vt 0.022981 -0.124355
vt -0.022981 0.124355
vt 0.022981 0.124355
vt 0.851250 0.688768
vt 0.782201 0.700943
vt 0.721480 0.665886
vt 0.697500 0.600000
vt 0.721480 0.534114
vt 0.782201 0.499057
vt 0.851250 0.511232
vt 0.896318 0.564943
vt 0.896318 0.635057
vt -0.021213 -0.265290
vt 0.021213 -0.265290
vt -0.022981 0.207258
vt 0.022981 0.207258
vt 0.130000 -1.160644
vt 0.010000 -1.326450
vt 0.130000 -1.492257
vt 0.130000 1.492257
vt 0.010000 1.658063
vt 0.010000 1.326450
vt 0.130000 1.160644
vt 0.010000 0.994838
vt 0.130000 0.829031
vt 0.010000 0.663225
vt 0.130000 0.497419
vt 0.010000 0.331613
vt 0.130000 0.165806
vt 0.010000 0.000000
vt 0.130000 -0.165806
vt 0.010000 -0.331613
vt 0.130000 -0.497419
vt 0.010000 -0.663225
vt 0.130000 -0.829031
vt 0.010000 -0.994838
vt -0.021213 -0.232129
vt -0.021213 -0.298451
vt 0.021213 -0.298451
vt 0.021213 -0.232129
vt -0.280000 -0.670206
vt 0.000000 -0.670206
vt -0.021213 0.232129
vt -0.021213 0.165806
vt 0.021213 0.165806
vt 0.021213 0.232129
vt -0.021213 -0.165806
vt 0.021213 -0.165806
vt -0.021213 0.165806
vt 0.021213 0.165806
vt -0.021213 0.099484
vt 0.021213 0.099484
vt -0.021213 -0.165806
vt -0.021213 -0.232129
vt 0.021213 -0.232129
vt 0.021213 -0.165806
vt 0.230472 0.139626
vt 0.060472 0.139626
vt 0.010607 0.493492
vt -0.010607 0.493492
vt -0.010607 0.341648
vt 0.010607 0.341648
vt -0.611572 0.631218
vt -0.642959 0.586391
vt -0.638190 0.531876
vt -0.599495 0.493181
vt -0.544980 0.488411
vt -0.500153 0.519799
vt -0.485990 0.572658
vt -0.509117 0.622254
vt -0.558713 0.645381
vt -0.721215 0.013892
vt -0.748577 0.061284
vt -0.800000 0.080000
vt -0.851423 0.061284
vt -0.878785 0.013892
vt -0.869282 -0.040000
vt -0.827362 -0.075175
vt -0.772638 -0.075175
vt -0.730718 -0.040000
vt 0.000000 0.335103
vt -0.280000 0.335103
vt -0.531876 -0.638190
vt -0.493181 -0.599495
vt -0.488411 -0.544980
vt -0.519799 -0.500153
vt -0.572658 -0.485990
vt -0.622254 -0.509117
vt -0.645381 -0.558713
vt -0.631218 -0.611572
vt -0.586391 -0.642959
vt 0.040000 -0.869282
vt 0.075175 -0.827362
vt 0.075175 -0.772638
vt 0.040000 -0.730718
vt -0.013892 -0.721215
vt -0.061284 -0.748577
vt -0.080000 -0.800000
vt -0.061284 -0.851423
vt -0.013892 -0.878785
vt 0.028284 -0.862500
vt 0.028284 0.862500
vt -0.028284 0.845931
vt -0.028284 -0.862500
vt -0.900000 0.363028
vt -0.280000 0.363028
vt -0.280000 0.453786
vt -0.900000 0.453786
vt 0.230472 0.027925
vt 0.060472 0.027925
vt -0.022981 0.373064
vt -0.022981 0.290161
vt 0.022981 0.290161
vt 0.022981 0.373064
vt 0.531876 0.638190
vt 0.493181 0.599495
vt 0.488411 0.544980
vt 0.519799 0.500153
vt 0.572658 0.485990
vt 0.622254 0.509117
vt 0.645381 0.558713
vt 0.631218 0.611572
vt 0.586391 0.642959
vt 0.022981 0.414516
vt -0.022981 0.414516
vt -0.022981 -0.041452
vt -0.022981 -0.124355
vt 0.022981 -0.124355
vt 0.022981 -0.041452
vt 0.347168 0.107338
vt 0.079668 0.107338
vt -0.022981 0.373064
vt 0.022981 0.373064
vt -0.280000 -0.167552
vt -0.000000 -0.167552
vt 0.230472 -0.195477
vt 0.230472 -0.139626
vt 0.060472 -0.139626
vt 0.060472 -0.195477
vt 0.347168 -0.178896
vt 0.347168 -0.107338
vt 0.079668 -0.107338
vt 0.079668 -0.178896
vt -0.022981 -0.041452
vt -0.022981 -0.124355
vt 0.022981 -0.124355
vt 0.022981 -0.041452
vt -0.022981 0.041452
vt 0.022981 0.041452
vt 0.210000 -0.851721
vt 0.160000 -0.851721
vt -0.022981 -0.331613
vt 0.022981 -0.331613
vt -0.021213 -0.513127
vt 0.021213 -0.513127
vt 0.230472 0.195477
vt 0.060472 0.195477
vt 0.714668 -0.250455
vt 0.097168 -0.250455
vt -0.022981 -0.248709
vt 0.022981 -0.248709
vt 0.022981 -0.165806
vt -0.022981 -0.165806
vt -0.021213 0.132645
vt 0.021213 0.132645
vt 0.021213 0.198968
vt -0.021213 0.198968
vt -0.021213 -0.099484
vt 0.021213 -0.099484
vt -0.021213 0.165806
vt 0.021213 0.165806
vt 0.230472 0.195477
vt 0.230472 0.251327
vt 0.060472 0.251327
vt 0.060472 0.195477
vt -0.280000 0.090757
vt -0.700000 0.090757
vt -0.700000 0.000000
vt -0.280000 0.000000
vt -0.190000 -0.329090
vt 0.065986 -0.374227
vt 0.291097 -0.244259
vt 0.076955 -0.211431
vt -0.076955 -0.211431
vt -0.194856 -0.112500
vt -0.357083 -0.129968
vt 0.230472 -0.195477
vt 0.230472 -0.139626
vt 0.060472 -0.139626
vt 0.060472 -0.195477
vt -0.022981 0.041452
vt 0.022981 0.041452
vt 0.028284 -0.141421
vt 0.028284 0.141421
vt -0.028284 0.124853
vt -0.028284 -0.124853
vt -0.347168 0.035779
vt -0.079668 0.035779
vt -0.010607 0.037961
vt 0.010607 0.037961
vt 0.010607 0.189805
vt -0.010607 0.189805
vt -0.021213 -0.198968
vt 0.021213 -0.198968
vt 0.021213 -0.132645
vt -0.021213 -0.132645
vt -0.022981 0.041452
vt -0.022981 -0.041452
vt 0.022981 -0.041452
vt 0.022981 0.041452
vt -0.022981 -0.207258
vt 0.022981 -0.207258
vt -0.021213 -0.099484
vt -0.021213 -0.165806
vt 0.021213 -0.165806
vt 0.021213 -0.099484
vt -0.022981 0.207258
vt -0.022981 0.124355
vt 0.022981 0.124355
vt 0.022981 0.207258
vt -0.021213 0.099484
vt 0.021213 0.099484
vt -0.021213 -0.099484
vt 0.021213 -0.099484
vt -0.022981 0.124355
vt 0.022981 0.124355
vt -0.645381 -0.558713
vt -0.631218 -0.611572
vt -0.586391 -0.642959
vt -0.531876 -0.638190
vt -0.493181 -0.599495
vt -0.488411 -0.544980
vt -0.519799 -0.500153
vt -0.572658 -0.485990
vt -0.622254 -0.509117
vt 0.230472 -0.083776
vt 0.230472 -0.027925
vt 0.060472 -0.027925
vt 0.060472 -0.083776
vt 0.230472 -0.251327
vt 0.230472 -0.195477
vt 0.060472 -0.195477
vt 0.060472 -0.251327
vt -0.435000 -2.382374
vt -0.255000 -2.382374
vt 0.021213 0.331613
vt -0.021213 0.331613
vt -0.021213 -0.033161
vt 0.021213 -0.033161
vt -0.022981 0.124355
vt 0.022981 0.124355
vt -0.022981 0.082903
vt 0.022981 0.082903
vt -0.900000 -0.181514
vt -0.280000 -0.181514
vt -0.280000 -0.090757
vt -0.900000 -0.090757
vt -0.021213 -0.298451
vt 0.021213 -0.298451
vt -0.021213 0.165806
vt 0.021213 0.165806
vt -0.021213 0.099484
vt 0.021213 0.099484
vt -0.021213 -0.033161
vt -0.021213 -0.099484
vt 0.021213 -0.099484
vt 0.021213 -0.033161
vt -0.021213 0.099484
vt -0.021213 0.033161
vt 0.021213 0.033161
vt 0.021213 0.099484
vt 0.977840 0.844463
vt 1.035000 0.912583
vt 1.141676 1.036354
vt 0.980000 1.007846
vt 0.874474 0.882085
vt 0.874474 0.717915
vt 0.980000 0.592154
vt 1.141676 0.563646
vt 1.283851 0.645731
vt 1.199586 0.716438
vt 1.122574 0.671975
vt 1.035000 0.687417
vt 0.977840 0.755537
vt -0.065000 -0.112583
vt -0.122160 -0.044463
vt -0.122160 0.044463
vt -0.067500 0.116913
vt -0.126859 0.046173
vt -0.126859 -0.046173
vt -0.067500 -0.116913
vt 0.023443 -0.132949
vt -0.021213 0.033161
vt -0.021213 -0.033161
vt 0.021213 -0.033161
vt 0.021213 0.033161
vt 0.714668 -0.107338
vt 0.097168 -0.107338
vt -0.750000 2.320000
vt -0.750000 1.100000
vt -1.040000 0.810000
vt -0.000000 0.810000
vt -0.000000 2.610000
vt -1.040000 2.610000
vt 0.252500 0.437343
vt -0.000000 0.000000
vt -0.220000 0.000000
vt -0.220000 -0.360000
vt -1.300000 -0.360000
vt -1.300000 -0.850000
vt -0.000000 -0.850000
vt 1.421584 2.386776
vt 0.200000 0.040000
vt 1.925000 0.040000
vt 1.501557 0.967051
vt 1.421584 1.013224
vt 1.390000 1.100000
vt 1.421584 1.186776
vt 1.501557 1.232949
vt 1.421584 2.213224
vt 1.390000 2.300000
vt 0.230472 -0.027925
vt 0.230472 0.027925
vt 0.060472 0.027925
vt 0.060472 -0.027925
vt -0.021213 0.033161
vt -0.021213 -0.033161
vt 0.021213 -0.033161
vt 0.021213 0.033161
vt 0.230472 0.139626
vt 0.060472 0.139626
vt -0.021213 0.099484
vt 0.021213 0.099484
vt 0.022981 0.248709
vt -0.022981 0.248709
vt -0.132168 0.000000
vt -0.399668 0.000000
vt -0.021213 -0.298451
vt 0.021213 -0.298451
vt -0.078520 0.065886
vt -0.102500 0.000000
vt -0.078520 -0.065886
vt -0.017799 -0.100943
vt 0.051250 -0.088768
vt 0.096318 -0.035057
vt 0.096318 0.035057
vt 0.051250 0.088768
vt -0.017799 0.100943
vt -0.021213 0.298451
vt -0.021213 0.232129
vt 0.021213 0.232129
vt 0.021213 0.298451
vt -0.000000 -0.167552
vt -0.280000 -0.167552
vt -0.022981 0.207258
vt 0.022981 0.207258
vt -0.021213 -0.033161
vt 0.021213 -0.033161
vt -0.022981 0.290161
vt 0.022981 0.331613
vt -0.022981 0.373064
vt -0.022981 -0.373064
vt 0.022981 -0.414516
vt 0.022981 -0.331613
vt -0.022981 -0.290161
vt 0.022981 -0.248709
vt -0.022981 -0.207258
vt 0.022981 -0.165806
vt -0.022981 -0.124355
vt 0.022981 -0.082903
vt -0.022981 -0.041452
vt 0.022981 0.000000
vt -0.022981 0.041452
vt 0.022981 0.082903
vt -0.022981 0.124355
vt 0.022981 0.165806
vt -0.022981 0.207258
vt 0.022981 0.248709
vt -0.079668 0.143117
vt -0.347168 0.143117
vt 0.230472 -0.223402
vt 0.060472 -0.223402
vt 0.060472 -0.279253
vt 0.230472 -0.279253
vt -0.021213 -0.099484
vt 0.021213 -0.099484
vt 0.347168 -0.035779
vt 0.079668 -0.035779
vt 0.014142 0.778199
vt -0.014142 0.336849
vt 0.014142 0.336849
vt 0.014142 0.020290
vt -0.014142 -0.336849
vt 0.014142 -0.336849
vt 0.014142 -0.737619
vt -0.014142 -1.010546
vt 0.014142 -1.010546
vt 0.014142 -1.495528
vt -0.014142 0.952950
vt -0.014142 0.680678
vt 0.014142 0.680678
vt 0.014142 0.952950
vt 0.000000 0.837758
vt -0.280000 0.837758
vt 0.000000 0.167552
vt -0.280000 0.167552
vt 0.924668 -0.178896
vt 0.924668 -0.107338
vt 0.107168 -0.107338
vt 0.107168 -0.178896
vt -0.103366 0.837622
vt -0.055000 0.895263
vt 0.022981 0.082903
vt -0.022981 0.082903
vt -0.022981 0.000000
vt 0.022981 0.000000
vt -1.325526 -3.282085
vt -1.222160 -3.244463
vt -1.222160 -3.155537
vt -1.165000 -3.087417
vt -1.077426 -3.071975
vt -1.000414 -3.116438
vt -0.970000 -3.200000
vt -1.000414 -3.283562
vt -0.916149 -3.354269
vt -0.860000 -3.200000
vt -0.916149 -3.045731
vt -1.058324 -2.963646
vt -1.220000 -2.992154
vt -1.325526 -3.117915
vt -0.465992 -0.612173
vt -0.519197 -0.665379
vt -0.594156 -0.671937
vt -0.655792 -0.628779
vt -0.675267 -0.556098
vt -0.643467 -0.487904
vt -0.762378 -0.103366
vt -0.837622 -0.103366
vt -0.897406 -0.326629
vt -0.689335 -0.660940
vt -0.477500 -0.827054
vt -0.020078 -0.954789
vt 0.165834 -0.940491
vt 0.731572 -0.613862
vt 0.955000 -0.000000
vt 0.908329 0.019101
vt 0.895263 -0.055000
vt 0.837622 -0.103366
vt 0.665379 -0.519197
vt 0.671937 -0.594156
vt 0.628779 -0.655792
vt 0.556098 -0.675267
vt 0.487904 -0.643467
vt 0.103366 -0.762378
vt 0.103366 -0.837622
vt 0.055000 -0.895263
vt -0.019101 -0.908329
vt -0.084265 -0.870707
vt -0.110000 -0.800000
vt 0.399668 0.214675
vt 0.132168 0.214675
vt 0.132168 0.143117
vt 0.399668 0.143117
vt 0.601557 2.432949
vt 0.692500 2.416913
vt 0.200000 3.360000
vt 0.230472 0.027925
vt 0.060472 0.027925
vt -0.021213 0.099484
vt 0.021213 0.099484
vt -0.022981 -0.290161
vt -0.022981 -0.373064
vt 0.022981 -0.373064
vt 0.022981 -0.290161
vt 0.230472 0.139626
vt 0.230472 0.195477
vt 0.060472 0.195477
vt 0.060472 0.139626
vt 0.028284 -0.612500
vt 0.028284 0.612500
vt -0.028284 0.595931
vt -0.028284 -0.612500
vt -0.280000 0.272271
vt -0.700000 0.272271
vt 0.000000 0.670206
vt -0.280000 0.670206
vt 0.530000 0.770000
vt -0.320000 0.770000
vt -0.320000 0.325000
vt -0.280000 0.285000
vt 0.530000 0.285000
vt -0.280000 0.335103
vt 0.000000 0.335103
vt -0.014142 3.031637
vt 0.014142 3.031637
vt -0.014142 -0.952950
vt -0.014142 -1.225221
vt 0.014142 -1.225221
vt 0.014142 -0.952950
vt 0.230472 -0.251327
vt 0.230472 -0.195477
vt 0.060472 -0.195477
vt 0.060472 -0.251327
vt -0.021213 0.033161
vt 0.021213 0.033161
vt -0.022981 -0.331613
vt 0.022981 -0.331613
vt -0.021213 0.033161
vt 0.021213 0.033161
vt -0.021213 0.232129
vt -0.021213 0.165806
vt 0.021213 0.165806
vt 0.021213 0.232129
vt 0.924668 0.035779
vt 0.924668 0.107338
vt 0.107168 0.107338
vt 0.107168 0.035779
vt 0.399668 0.286234
vt 0.132168 0.286234
vt -0.280000 -0.670206
vt 0.000000 -0.670206
vt 0.924668 0.178896
vt 0.107168 0.178896
vt -0.700000 -0.272271
vt -0.280000 -0.272271
vt -0.280000 -0.181514
vt -0.700000 -0.181514
vt 0.924668 0.035779
vt 0.107168 0.035779
vt -0.022981 0.290161
vt 0.022981 0.290161
vt -0.022981 0.124355
vt 0.022981 0.124355
vt 0.010607 -0.113883
vt -0.010607 -0.113883
vt -0.022981 0.165806
vt 0.022981 0.165806
vt 0.022981 0.248709
vt -0.022981 0.248709
vt -0.022981 0.041452
vt 0.022981 0.041452
vt -0.022981 -0.290161
vt 0.022981 -0.290161
vt -0.010607 -0.569414
vt 0.010607 -0.569414
vt -0.021213 -0.165806
vt 0.021213 -0.165806
vt -0.021213 -0.099484
vt 0.021213 -0.099484
vt -0.022981 0.207258
vt 0.022981 0.207258
vt -0.021213 0.232129
vt -0.021213 0.165806
vt 0.021213 0.165806
vt 0.021213 0.232129
vt 0.347168 0.000000
vt 0.079668 0.000000
vt -0.021213 0.165806
vt 0.021213 0.165806
vt -0.700000 0.000000
vt -0.280000 0.000000
vt -0.022981 -0.331613
vt 0.022981 -0.331613
vt 0.347168 -0.035779
vt 0.347168 0.035779
vt 0.079668 0.035779
vt 0.079668 -0.035779
vt 0.000000 0.837758
vt -0.280000 0.837758
vt -0.435000 0.340339
vt -0.435000 -0.340339
vt -0.255000 -0.340339
vt -0.255000 0.340339
vt 0.772638 0.075175
vt 0.730718 0.040000
vt 0.721215 -0.013892
vt 0.748577 -0.061284
vt 0.800000 -0.080000
vt 0.851423 -0.061284
vt 0.878785 -0.013892
vt 0.869282 0.040000
vt 0.827362 0.075175
vt 0.347168 -0.286234
vt 0.079668 -0.286234
vt 0.079668 -0.357792
vt 0.347168 -0.357792
vt 0.531876 0.638190
vt 0.493181 0.599495
vt 0.488411 0.544980
vt 0.519799 0.500153
vt 0.572658 0.485990
vt 0.622254 0.509117
vt 0.645381 0.558713
vt 0.631218 0.611572
vt 0.586391 0.642959
vt -0.347168 0.214675
vt -0.079668 0.214675
vt -0.079668 0.286234
vt -0.347168 0.286234
vt -0.028284 0.520000
vt -0.028284 -0.520000
vt 0.028284 -0.520000
vt 0.028284 0.560000
vt -0.280000 0.502655
vt 0.000000 0.502655
vt 0.028284 -0.141421
vt 0.028284 0.141421
vt -0.028284 0.124853
vt -0.028284 -0.124853
vt 0.230472 0.083776
vt 0.230472 0.139626
vt 0.060472 0.139626
vt 0.060472 0.083776
vt -0.079668 0.071558
vt -0.347168 0.071558
vt -0.014142 -0.680678
vt 0.014142 -0.680678
vt -0.021213 0.033161
vt 0.021213 0.033161
vt -1.080000 -0.360000
vt -1.080000 0.000000
vt -1.300000 0.000000
vt -1.300000 -0.850000
vt -0.000000 -0.850000
vt -0.000000 -0.360000
vt 0.000000 0.000000
vt -0.280000 0.000000
vt -0.022981 0.041452
vt 0.022981 0.041452
vt -0.347168 -0.286234
vt -0.079668 -0.286234
vt -0.079668 -0.214675
vt -0.347168 -0.214675
vt -0.021213 0.066323
vt 0.021213 0.066323
vt 0.021213 0.265290
vt -0.021213 0.265290
vt -0.021213 -0.265290
vt 0.021213 -0.265290
vt -0.021213 0.232129
vt 0.021213 0.232129
vt -0.700000 -0.363028
vt -0.280000 -0.363028
vt -0.280000 -0.167552
vt 0.000000 -0.167552
vt 0.000000 0.000000
vt -0.280000 0.000000
vt 0.230472 -0.251327
vt 0.060472 -0.251327
vt 0.230472 -0.027925
vt 0.060472 -0.027925
vt -0.022981 -0.041452
vt 0.022981 -0.041452
vt -0.021213 -0.099484
vt 0.021213 -0.099484
vt -0.022981 -0.207258
vt 0.022981 -0.207258
vt -0.280000 -0.502655
vt 0.000000 -0.502655
vt 0.347168 -0.107338
vt 0.079668 -0.107338
vt 0.230472 -0.139626
vt 0.060472 -0.139626
vt -0.021213 -0.232129
vt 0.021213 -0.232129
vt -0.022981 -0.124355
vt -0.022981 -0.207258
vt 0.022981 -0.207258
vt 0.022981 -0.124355
vt -0.022981 -0.207258
vt 0.022981 -0.207258
vt 0.021213 -0.066323
vt -0.021213 -0.066323
vt -0.028284 0.124853
vt -0.028284 -0.124853
vt 0.028284 -0.141421
vt 0.028284 0.141421
vt -0.079668 0.071558
vt -0.347168 0.071558
vt -0.347168 -0.000000
vt -0.079668 -0.000000
vt 0.000000 -0.167552
vt -0.280000 -0.167552
vt -0.022981 0.373064
vt -0.022981 0.290161
vt 0.022981 0.290161
vt 0.022981 0.373064
vt 0.230472 0.083776
vt 0.060472 0.083776
vt 0.021213 0.331613
vt -0.021213 0.331613
vt -0.022981 -0.290161
vt -0.022981 -0.373064
vt 0.022981 -0.373064
vt 0.022981 -0.290161
vt 0.347168 -0.322013
vt 0.347168 -0.250455
vt 0.079668 -0.250455
vt 0.079668 -0.322013
vt -0.347168 -0.214675
vt -0.079668 -0.214675
vt -0.700000 -0.090757
vt -0.280000 -0.090757
vt 0.022981 0.331613
vt -0.022981 0.331613
vt -0.014142 1.225221
vt 0.014142 1.225221
vt -0.347168 -0.286234
vt -0.079668 -0.286234
vt -0.079668 -0.214675
vt -0.347168 -0.214675
vt -0.021213 0.165806
vt 0.021213 0.165806
vt 0.079668 -0.214675
vt 0.347168 -0.214675
vt -0.079668 0.357792
vt -0.347168 0.357792
vt 0.230472 -0.083776
vt 0.060472 -0.083776
vt 0.230472 0.195477
vt 0.230472 0.251327
vt 0.060472 0.251327
vt 0.060472 0.195477
vt 0.347168 -0.322013
vt 0.347168 -0.250455
vt 0.079668 -0.250455
vt 0.079668 -0.322013
vt 0.347168 0.035779
vt 0.079668 0.035779
vt 0.347168 0.250455
vt 0.347168 0.322013
vt 0.079668 0.322013
vt 0.079668 0.250455
vt -0.280000 0.335103
vt 0.000000 0.335103
vt 0.347168 0.178896
vt 0.079668 0.178896
vt -0.700000 -0.272271
vt -0.280000 -0.272271
vt -0.280000 -0.181514
vt -0.700000 -0.181514
vt 0.714668 0.035779
vt 0.097168 0.035779
vt 0.347168 -0.178896
vt 0.079668 -0.178896
vt 0.230472 0.083776
vt 0.230472 0.139626
vt 0.060472 0.139626
vt 0.060472 0.083776
vt 0.714668 -0.322013
vt 0.097168 -0.322013
vt 0.230472 -0.139626
vt 0.060472 -0.139626
vt -0.162460 0.446354
vt -0.411362 0.237500
vt -0.467784 -0.082483
vt -0.305324 -0.363871
vt -0.000000 -0.475000
vt 0.305324 -0.363871
vt 0.467784 -0.082483
vt 0.411362 0.237500
vt 0.162460 0.446354
vt -0.511232 -2.748750
vt -0.564943 -2.703682
vt -0.635057 -2.703682
vt -0.688768 -2.748750
vt -0.700943 -2.817799
vt -0.665886 -2.878520
vt -0.600000 -2.902500
vt -0.534114 -2.878520
vt -0.499057 -2.817799
vt 0.230472 0.251327
vt 0.060472 0.251327
vt 0.347168 -0.286234
vt 0.079668 -0.286234
vt 0.079668 -0.357792
vt 0.347168 -0.357792
vt -0.900000 0.272271
vt -0.280000 0.272271
vt -0.280000 0.363028
vt -0.900000 0.363028
vt -0.021213 0.298451
vt 0.021213 0.298451
vt -0.022981 -0.041452
vt 0.022981 -0.041452
vt 0.230472 0.195477
vt 0.230472 0.251327
vt 0.060472 0.251327
vt 0.060472 0.195477
vt 0.347168 -0.178896
vt 0.079668 -0.178896
vt -0.280000 0.090757
vt -0.700000 0.090757
vt 0.924668 -0.322013
vt 0.924668 -0.250455
vt 0.107168 -0.250455
vt 0.107168 -0.322013
vt 0.714668 0.250455
vt 0.097168 0.250455
vt -0.021213 -0.298451
vt 0.021213 -0.298451
vt -0.347168 0.214675
vt -0.079668 0.214675
vt -0.079668 0.286234
vt -0.347168 0.286234
vt -0.900000 0.000000
vt -0.280000 0.000000
vt -0.126859 0.046173
vt -0.126859 -0.046173
vt -0.067500 -0.116913
vt -0.065000 -0.112583
vt -0.122160 -0.044463
vt -0.122160 0.044463
vt -0.065000 0.112583
vt -0.067500 0.116913
vt 0.079668 -0.143117
vt 0.347168 -0.143117
vt -0.000000 -0.100000
vt -0.000000 0.000000
vt -0.005393 0.000000
vt -0.005393 -0.100000
vt 0.347168 -0.250455
vt 0.079668 -0.250455
vt 0.230472 -0.251327
vt 0.060472 -0.251327
vt 0.075175 0.827362
vt 0.040000 0.869282
vt -0.013892 0.878785
vt -0.061284 0.851423
vt -0.080000 0.800000
vt -0.061284 0.748577
vt -0.013892 0.721215
vt 0.040000 0.730718
vt 0.075175 0.772638
vt -0.180000 -0.350000
vt -0.000000 -0.350000
vt -0.000000 0.000000
vt -0.140000 0.000000
vt -0.180000 -0.040000
vt -0.233345 -0.160000
vt 0.233345 -0.160000
vt 0.233345 0.160000
vt -0.176777 0.160000
vt -0.233345 0.200000
vt -0.028284 -0.420931
vt 0.028284 -0.437500
vt 0.028284 0.437500
vt -0.028284 0.437500
vt -0.022981 -0.290161
vt -0.022981 -0.373064
vt 0.022981 -0.373064
vt 0.022981 -0.290161
vt 0.099586 0.083562
vt 0.103416 0.086776
vt 0.230472 -0.055851
vt 0.060472 -0.055851
vt 0.060472 -0.111701
vt 0.230472 -0.111701
vt 0.347168 0.322013
vt 0.079668 0.322013
vt 0.347168 0.071558
vt 0.079668 0.071558
vt 1.425000 0.040000
vt 0.748443 0.967051
vt 0.657500 0.983087
vt 0.598141 1.053827
vt 0.598141 2.346173
vt 0.657500 2.416913
vt 0.748443 2.432949
vt 3.148443 2.432949
vt 3.228416 2.386776
vt 3.260000 2.300000
vt 3.251859 1.146173
vt 3.251859 1.053827
vt 3.192500 0.983087
vt 4.450000 0.040000
vt 4.450000 3.360000
vt 0.200000 3.360000
vt 0.200000 0.040000
vt 0.714668 0.107338
vt 0.714668 0.178896
vt 0.097168 0.178896
vt 0.097168 0.107338
vt 0.347168 -0.178896
vt 0.079668 -0.178896
vt -0.079668 0.000000
vt -0.347168 0.000000
vt 0.105000 -0.181865
vt 0.197335 -0.071824
vt 0.197335 0.071824
vt 0.105000 0.181865
vt -0.036466 0.206810
vt -0.160869 0.134985
vt -0.210000 0.000000
vt -0.160869 -0.134985
vt -0.036466 -0.206810
vt 0.521584 2.213224
vt 0.490000 2.300000
vt 0.521584 2.386776
vt 0.200000 0.040000
vt 1.075000 0.040000
vt 1.075000 0.350000
vt 2.121584 2.213224
vt 2.090000 2.300000
vt 2.121584 2.386776
vt 2.201557 2.432949
vt 0.751859 2.346173
vt 0.751859 2.253827
vt 0.692500 2.183087
vt 0.601557 2.167051
vt -0.347168 0.178896
vt -0.347168 0.107338
vt -0.079668 0.107338
vt -0.079668 0.178896
vt -0.280000 0.453786
vt -0.700000 0.453786
vt -0.347168 0.286234
vt -0.079668 0.286234
vt -0.079668 0.357792
vt -0.347168 0.357792
vt -0.028284 0.124853
vt -0.028284 -0.124853
vt 0.028284 -0.141421
vt 0.028284 0.141421
vt 0.230472 0.195477
vt 0.060472 0.195477
vt 0.347168 0.071558
vt 0.079668 0.071558
vt 0.230472 -0.251327
vt 0.060472 -0.251327
vt -0.014142 0.136136
vt -0.014142 -0.136136
vt 0.014142 -0.136136
vt 0.014142 0.136136
vt -0.235000 -0.139626
vt -0.235000 -0.418879
vt -0.065000 -0.418879
vt -0.065000 -0.139626
vt -0.900000 0.090757
vt -0.280000 0.090757
vt -0.021213 -0.298451
vt 0.021213 -0.298451
vt 0.399668 0.000000
vt 0.132168 0.000000
vt 0.714668 -0.322013
vt 0.097168 -0.322013
vt -0.347168 0.143117
vt -0.079668 0.143117
vt 0.141421 -1.660000
vt 0.141421 1.660000
vt -0.141421 1.660000
vt -0.141421 -1.660000
vt 0.347168 0.107338
vt 0.347168 0.178896
vt 0.079668 0.178896
vt 0.079668 0.107338
vt 0.160000 -0.425860
vt 0.210000 -0.425860
vt 0.347168 0.143117
vt 0.079668 0.143117
vt 0.230472 -0.139626
vt 0.060472 -0.139626
vt 0.060472 0.000000
vt 0.230472 0.000000
vt -0.099447 0.000000
vt -0.099447 -0.100000
vt -0.094053 -0.100000
vt -0.094053 0.000000
vt 0.230472 0.027925
vt 0.060472 0.027925
vt 0.230472 -0.027925
vt 0.060472 -0.027925
vt -0.916149 -3.354269
vt 0.980000 -3.407846
vt 0.874474 -3.282085
vt 0.874474 -3.117915
vt -0.860000 -3.200000
vt 0.230472 -0.251327
vt 0.060472 -0.251327
vt -0.022981 0.373064
vt 0.022981 0.373064
vt -0.347168 0.143117
vt -0.079668 0.143117
vt 0.347168 0.250455
vt 0.347168 0.322013
vt 0.079668 0.322013
vt 0.079668 0.250455
vt 0.924668 0.250455
vt 0.924668 0.322013
vt 0.107168 0.322013
vt 0.107168 0.250455
vt 0.099586 -0.083562
vt 0.022574 -0.128025
vt 0.023443 -0.132949
vt 0.103416 -0.086776
vt 0.135000 0.000000
vt 0.103416 0.086776
vt 0.023443 0.132949
vt -0.067500 0.116913
vt -0.065000 0.112583
vt 0.022574 0.128025
vt 0.099586 0.083562
vt 0.130000 0.000000
vt 0.210000 1.703441
vt 0.160000 1.703441
vt 0.022981 0.414516
vt -0.022981 0.414516
vt 0.350000 0.945000
vt 0.240000 0.945000
vt 0.000000 0.837758
vt -0.280000 0.837758
vt -0.014142 0.408407
vt 0.014142 0.408407
vt -0.021213 0.099484
vt 0.021213 0.099484
vt -0.280000 0.090757
vt -0.900000 0.090757
vt 0.230472 -0.083776
vt 0.060472 -0.083776
vt 0.924668 0.178896
vt 0.107168 0.178896
vt 0.230472 -0.027925
vt 0.060472 -0.027925
vt 0.347168 0.107338
vt 0.079668 0.107338
vt -0.557337 -0.800000
vt -0.196406 -0.955013
vt 0.196406 -0.955013
vt 0.557337 -0.800000
vt -0.021213 -0.298451
vt 0.021213 -0.298451
vt -0.021213 0.099484
vt 0.021213 0.099484
vt -0.347168 0.071558
vt -0.079668 0.071558
vt -0.079668 0.143117
vt -0.347168 0.143117
vt 0.347168 0.250455
vt 0.347168 0.322013
vt 0.079668 0.322013
vt 0.079668 0.250455
vt 0.230472 0.195477
vt 0.230472 0.251327
vt 0.060472 0.251327
vt 0.060472 0.195477
vt 0.230472 0.027925
vt 0.060472 0.027925
vt -0.022981 0.041452
vt 0.022981 0.041452
vt -0.347168 -0.286234
vt -0.079668 -0.286234
vt -0.900000 0.000000
vt -0.280000 0.000000
vt -0.900000 -0.090757
vt -0.280000 -0.090757
vt 0.347168 -0.250455
vt 0.079668 -0.250455
vt -0.022981 0.373064
vt 0.022981 0.373064
vt 4.051859 2.346173
vt 3.992500 2.416913
vt 0.040000 -0.869282
vt 0.075175 -0.827362
vt 0.075175 -0.772638
vt 0.040000 -0.730718
vt -0.013892 -0.721215
vt -0.061284 -0.748577
vt -0.080000 -0.800000
vt -0.061284 -0.851423
vt -0.013892 -0.878785
vt -0.235000 0.139626
vt -0.065000 0.139626
vt -0.022981 -0.082903
vt 0.022981 -0.082903
vt 0.230472 0.251327
vt 0.060472 0.251327
vt -0.280000 -0.181514
vt -0.900000 -0.181514
vt 0.021213 0.000000
vt -0.021213 0.000000
vt 0.230472 0.000000
vt 0.060472 0.000000
vt -0.000000 0.392699
vt -0.000000 0.549779
vt -0.235000 0.549779
vt -0.235000 0.392699
vt 0.924668 -0.107338
vt 0.924668 -0.035779
vt 0.107168 -0.035779
vt 0.107168 -0.107338
vt -0.022981 0.373064
vt 0.022981 0.373064
vt 0.230472 0.251327
vt 0.060472 0.251327
vt 0.233345 -0.160000
vt 0.233345 0.200000
vt 0.176777 0.160000
vt -0.233345 0.160000
vt -0.233345 -0.160000
vt -0.280000 0.181514
vt -0.700000 0.181514
vt -0.028284 0.124853
vt -0.028284 -0.124853
vt 0.028284 -0.141421
vt 0.028284 0.141421
vt 0.347168 0.214675
vt 0.079668 0.214675
vt -0.021213 0.298451
vt 0.021213 0.298451
vt 0.347168 -0.322013
vt 0.079668 -0.322013
vt -0.235000 0.418879
vt -0.065000 0.418879
vt -0.079668 -0.143117
vt -0.347168 -0.143117
vt -0.280000 -0.670206
vt 0.000000 -0.670206
vt -0.014142 -0.408407
vt 0.014142 -0.408407
vt 0.347168 -0.322013
vt 0.347168 -0.250455
vt 0.079668 -0.250455
vt 0.079668 -0.322013
vt -0.022981 0.373064
vt 0.022981 0.373064
vt -0.022981 -0.082903
vt 0.022981 -0.082903
vt 0.022981 0.000000
vt -0.022981 0.000000
vt -0.022981 -0.041452
vt 0.022981 -0.041452
vt 0.680000 0.000000
vt 0.680000 0.170000
vt 0.000000 0.170000
vt 0.000000 0.000000
vt -0.021213 0.033161
vt 0.021213 0.033161
vt 0.230472 0.251327
vt 0.060472 0.251327
vt 0.230472 -0.083776
vt 0.060472 -0.083776
vt 0.230472 0.083776
vt 0.060472 0.083776
vt 0.060472 -0.167552
vt 0.230472 -0.167552
vt -0.021213 0.298451
vt 0.021213 0.298451
vt 0.230472 -0.083776
vt 0.060472 -0.083776
vt 0.132168 -0.214675
vt 0.399668 -0.214675
vt -0.730718 -0.040000
vt -0.721215 0.013892
vt -0.748577 0.061284
vt -0.800000 0.080000
vt -0.851423 0.061284
vt -0.878785 0.013892
vt -0.869282 -0.040000
vt -0.827362 -0.075175
vt -0.772638 -0.075175
vt -0.079668 0.357792
vt -0.347168 0.357792
vt 0.350000 -1.125000
vt 0.350000 -0.945000
vt -0.350000 -0.945000
vt -0.350000 -1.125000
vt 0.635057 -2.896318
vt 0.688768 -2.851250
vt 0.700943 -2.782201
vt 0.665886 -2.721480
vt 0.600000 -2.697500
vt 0.534114 -2.721480
vt 0.499057 -2.782201
vt 0.511232 -2.851250
vt 0.564943 -2.896318
vt -0.599495 0.493181
vt -0.544980 0.488411
vt -0.500153 0.519799
vt -0.485990 0.572658
vt -0.509117 0.622254
vt -0.558713 0.645381
vt -0.611572 0.631218
vt -0.642959 0.586391
vt -0.638190 0.531876
vt 0.144627 0.172360
vt 0.221582 0.039071
vt 0.194856 -0.112500
vt 0.380000 -0.000000
vt 0.291097 0.244259
vt 0.065986 0.374227
vt -0.190000 0.329090
vt -0.357083 0.129968
vt -0.221582 0.039071
vt -0.144627 0.172360
vt -0.000000 0.225000
vt -0.700000 -0.272271
vt -0.280000 -0.272271
vt 0.519197 0.665379
vt 0.594156 0.671937
vt 0.689335 0.660940
vt 0.477500 0.827054
vt 0.084265 0.870707
vt 0.110000 0.800000
vt 0.465992 0.612173
vt -0.347168 -0.250455
vt -0.347168 -0.322013
vt -0.079668 -0.322013
vt -0.079668 -0.250455
vt 0.210000 2.129302
vt 0.160000 2.129302
vt -0.021213 -0.232129
vt -0.021213 -0.298451
vt 0.021213 -0.298451
vt 0.021213 -0.232129
vt 0.141421 -1.660000
vt 0.141421 1.660000
vt -0.141421 1.660000
vt -0.141421 -1.660000
vt -0.028284 1.208431
vt -0.028284 -1.208431
vt 0.028284 -1.225000
vt 0.028284 1.225000
vt 0.028284 0.520000
vt -0.028284 0.520000
vt -0.028284 -0.520000
vt 0.028284 -0.560000
vt -0.022981 -0.082903
vt 0.022981 -0.082903
vt -0.022981 -0.373064
vt 0.022981 -0.373064
vt -0.347168 0.250455
vt -0.079668 0.250455
vt -0.021213 0.298451
vt 0.021213 0.298451
vt -0.021213 -1.539380
vt 0.021213 -1.539380
vt -1.000414 0.716438
vt 0.714668 0.178896
vt 0.714668 0.250455
vt 0.097168 0.250455
vt 0.097168 0.178896
vt -0.280000 0.181514
vt -0.700000 0.181514
vt -0.021213 -0.298451
vt 0.021213 -0.298451
vt -0.280000 0.181514
vt -0.900000 0.181514
vt 0.028284 -0.141421
vt 0.028284 0.141421
vt -0.028284 0.124853
vt -0.028284 -0.124853
vt 0.230472 -0.195477
vt 0.230472 -0.139626
vt 0.060472 -0.139626
vt 0.060472 -0.195477
vt -0.000000 -0.392699
vt -0.235000 -0.392699
vt 0.230472 -0.251327
vt 0.230472 -0.195477
vt 0.060472 -0.195477
vt 0.060472 -0.251327
vt -0.347168 0.322013
vt -0.079668 0.322013
vt 0.000000 -0.335103
vt -0.280000 -0.335103
vt -0.022981 0.041452
vt 0.022981 0.041452
vt -0.021213 -0.298451
vt 0.021213 -0.298451
vt -0.280000 0.670206
vt 0.000000 0.670206
vt 0.000000 0.837758
vt -0.280000 0.837758
vt 0.060472 -0.223402
vt 0.230472 -0.223402
vt 0.230472 0.139626
vt 0.060472 0.139626
vt -0.347168 -0.071558
vt -0.079668 -0.071558
vt 0.230472 -0.251327
vt 0.060472 -0.251327
vt -0.022981 0.373064
vt 0.022981 0.373064
vt 0.230472 0.251327
vt 0.060472 0.251327
vt -0.280000 0.272271
vt -0.700000 0.272271
vt 0.347168 0.286234
vt 0.079668 0.286234
vt 0.347168 -0.322013
vt 0.079668 -0.322013
vt -0.079668 0.357792
vt -0.347168 0.357792
vt 0.103416 0.086776
vt 0.023443 0.132949
vt -0.065000 0.112583
vt 0.022574 0.128025
vt 0.099586 0.083562
vt 0.130000 0.000000
vt 0.099586 -0.083562
vt 0.022574 -0.128025
vt 0.103416 -0.086776
vt 0.135000 0.000000
vt -0.280000 0.453786
vt -0.900000 0.453786
vt -0.000000 0.706858
vt -0.235000 0.706858
vt -0.079668 0.214675
vt -0.347168 0.214675
vt -0.557337 -0.800000
vt -0.565000 -0.794607
vt -0.565000 -0.800000
vt 0.869282 0.040000
vt 0.827362 0.075175
vt 0.772638 0.075175
vt 0.730718 0.040000
vt 0.721215 -0.013892
vt 0.748577 -0.061284
vt 0.800000 -0.080000
vt 0.851423 -0.061284
vt 0.878785 -0.013892
vt 0.230472 0.139626
vt 0.060472 0.139626
vt 0.714668 0.322013
vt 0.097168 0.322013
vt 2.292500 2.416913
vt 2.351859 2.346173
vt 2.351859 2.253827
vt 2.292500 2.183087
vt 2.201557 2.167051
vt 2.157500 1.216913
vt 2.248443 1.232949
vt 2.328416 1.186776
vt 2.360000 1.100000
vt 2.328416 1.013224
vt 2.248443 0.967051
vt 2.650000 0.040000
vt 2.201557 2.432949
vt -0.021213 -0.298451
vt 0.021213 -0.298451
vt -0.021213 0.298451
vt 0.021213 0.298451
vt 0.924668 -0.035779
vt 0.107168 -0.035779
vt -0.700000 0.363028
vt -0.280000 0.363028
vt -0.280000 0.453786
vt -0.700000 0.453786
vt 0.399668 -0.286234
vt 0.132168 -0.286234
vt 0.132168 -0.357792
vt 0.399668 -0.357792
vt -0.022981 0.041452
vt 0.022981 0.041452
vt 0.565000 -0.794607
vt 0.557337 -0.800000
vt 0.565000 -0.800000
vt 0.714668 0.322013
vt 0.097168 0.322013
vt -0.028284 0.340000
vt -0.028284 -0.340000
vt 0.028284 -0.340000
vt 0.028284 0.340000
vt 0.022981 0.331613
vt -0.022981 0.331613
vt 0.022981 0.414516
vt -0.022981 0.414516
vt 0.230472 -0.139626
vt 0.060472 -0.139626
vt -0.022981 0.373064
vt -0.022981 0.290161
vt 0.022981 0.290161
vt 0.022981 0.373064
vt 0.028284 -0.141421
vt 0.028284 0.141421
vt -0.028284 0.124853
vt -0.028284 -0.124853
vt 0.924668 -0.322013
vt 0.107168 -0.322013
vt -0.021213 0.298451
vt 0.021213 0.298451
vt -0.021213 0.298451
vt 0.021213 0.298451
vt -0.435000 -3.063053
vt -0.255000 -3.063053
vt 1.035000 -3.087417
vt 1.122574 -3.071975
vt 1.199586 -3.116438
vt 1.283851 -3.045731
vt 1.141676 -2.963646
vt 0.980000 -2.992154
vt 0.874474 -3.117915
vt 0.874474 -3.282085
vt 0.980000 -3.407846
vt 1.141676 -3.436354
vt 1.035000 -3.312583
vt 0.977840 -3.244463
vt 0.977840 -3.155537
vt -0.280000 -0.090757
vt -0.700000 -0.090757
vt 0.399668 0.071558
vt 0.132168 0.071558
vt 0.485990 -0.572658
vt 0.509117 -0.622254
vt 0.558713 -0.645381
vt 0.611572 -0.631218
vt 0.642959 -0.586391
vt 0.638190 -0.531876
vt 0.599495 -0.493181
vt 0.544980 -0.488411
vt 0.500153 -0.519799
vt 0.940000 -0.800000
vt 0.940000 -2.100000
vt 1.425000 -2.100000
vt 1.425000 -0.800000
vt 0.714668 -0.322013
vt 0.097168 -0.322013
vt 0.230472 0.251327
vt 0.060472 0.251327
vt -0.132168 0.357792
vt -0.399668 0.357792
vt -0.028284 2.108431
vt -0.028284 -2.108431
vt 0.028284 -2.125000
vt 0.028284 2.125000
vt -0.700000 -0.363028
vt -0.280000 -0.363028
vt 0.105925 0.600733
vt 0.655792 0.628779
vt 0.675267 0.556098
vt 0.643467 0.487904
vt 0.575273 0.456104
vt 0.502592 0.475579
vt 0.459434 0.537215
vt 0.084265 0.729293
vt 0.019101 0.691671
vt -0.055000 0.704737
vt -0.103366 0.762378
vt -0.103366 0.837622
vt -0.055000 0.895263
vt 0.019101 0.908329
vt 0.020078 0.954789
vt -0.456104 0.575273
vt -0.475579 0.502592
vt -0.537215 0.459434
vt -0.762378 0.103366
vt -0.704737 0.055000
vt -0.691671 -0.019101
vt -0.729293 -0.084265
vt -0.573212 0.208632
vt -0.305000 0.528275
vt 0.000000 0.837758
vt -0.280000 0.837758
vt -0.900000 -0.363028
vt -0.280000 -0.363028
vt -0.340000 0.350000
vt -0.340000 0.010000
vt 0.340000 0.010000
vt 0.340000 0.350000
vt 0.196469 0.350000
vt 0.196469 0.150000
vt -0.196469 0.150000
vt -0.196469 0.350000
vt 0.347168 0.322013
vt 0.079668 0.322013
vt 0.060472 -0.279253
vt 0.230472 -0.279253
vt -0.280000 -0.670206
vt 0.000000 -0.670206
vt -0.700000 -0.363028
vt -0.280000 -0.363028
vt 0.022574 0.128025
vt 0.099586 0.083562
vt 0.130000 0.000000
vt 0.103416 -0.086776
vt 0.135000 0.000000
vt 0.103416 0.086776
vt -0.280000 -0.670206
vt 0.000000 -0.670206
vt -0.000000 -1.123992
vt -0.000000 -0.802851
vt -0.060000 -0.802851
vt -0.060000 -1.123992
vt -0.043412 -0.246202
vt -0.191511 -0.160697
vt -0.250000 0.000000
vt -0.229813 -0.192836
vt -0.052094 -0.295442
vt 0.150000 -0.259808
vt 0.281908 -0.102606
vt 0.281908 0.102606
vt 0.150000 0.259808
vt -0.052094 0.295442
vt 0.125000 0.216506
vt 0.234923 0.085505
vt 0.234923 -0.085505
vt 0.125000 -0.216506
vt -0.000000 0.314159
vt -0.000000 0.523599
vt -0.250000 0.523599
vt -0.250000 0.314159
vt 0.000000 -0.122173
vt 0.000000 -0.366519
vt 0.250000 -0.366519
vt 0.250000 -0.122173
vt -0.328892 0.119707
vt -0.375877 0.136808
vt -0.375877 -0.136808
vt -0.328892 -0.119707
vt 0.125000 0.216506
vt 0.234923 0.085505
vt 0.150000 0.259808
vt -0.052094 0.295442
vt -0.043412 0.246202
vt -0.000000 -0.481711
vt -0.000000 -0.160570
vt -0.060000 -0.160570
vt -0.060000 -0.481711
vt -0.000000 0.733038
vt -0.000000 0.942478
vt -0.250000 0.942478
vt -0.250000 0.733038
vt 0.000000 -0.122173
vt 0.000000 -0.366519
vt 0.250000 -0.366519
vt 0.250000 -0.122173
vt -0.000000 -0.802851
vt -0.060000 -0.802851
vt -0.000000 -0.160570
vt -0.000000 0.160570
vt -0.060000 0.160570
vt -0.060000 -0.160570
vt -0.000000 -0.160570
vt -0.000000 0.160570
vt -0.060000 0.160570
vt -0.060000 -0.160570
vt 0.000000 -0.261799
vt 0.000000 -0.436332
vt 0.250000 -0.436332
vt 0.250000 -0.261799
vt -0.000000 -0.802851
vt -0.000000 -0.481711
vt -0.060000 -0.481711
vt -0.060000 -0.802851
vt -0.000000 0.523599
vt -0.000000 0.733038
vt -0.250000 0.733038
vt -0.250000 0.523599
vt -0.125000 0.216506
vt 0.052094 0.295442
vt -0.150000 0.259808
vt -0.234923 0.085505
vt -0.000000 0.802851
vt -0.000000 1.123992
vt -0.060000 1.123992
vt -0.060000 0.802851
vt -0.079878 0.453012
vt -0.352380 0.295682
vt -0.460000 0.000000
vt -0.400000 0.000000
vt -0.306418 0.257115
vt -0.069459 0.393923
vt 0.200000 0.346410
vt 0.375877 0.136808
vt 0.432259 -0.157329
vt 0.432259 0.157329
vt 0.230000 0.398372
vt 0.000000 -0.122173
vt 0.000000 -0.366519
vt 0.250000 -0.366519
vt 0.250000 -0.122173
vt -0.000000 1.123992
vt -0.000000 1.445133
vt -0.060000 1.445133
vt -0.060000 1.123992
vt -0.000000 -0.523599
vt -0.000000 -0.314159
vt -0.250000 -0.314159
vt -0.250000 -0.523599
vt -0.000000 -0.481711
vt -0.060000 -0.481711
vt 0.000000 -0.261799
vt 0.000000 -0.436332
vt 0.250000 -0.436332
vt 0.250000 -0.261799
vt 0.000000 0.855211
vt 0.000000 0.610865
vt 0.250000 0.610865
vt 0.250000 0.855211
vt 0.000000 1.099557
vt 0.000000 0.855211
vt 0.250000 0.855211
vt 0.250000 1.099557
vt 0.000000 0.610865
vt 0.000000 0.366519
vt 0.250000 0.366519
vt 0.250000 0.610865
vt 0.000000 0.087266
vt 0.000000 -0.087266
vt 0.250000 -0.087266
vt 0.250000 0.087266
vt -0.000000 0.160570
vt -0.000000 0.481711
vt -0.060000 0.481711
vt -0.060000 0.160570
vt 0.000000 0.261799
vt 0.000000 0.087266
vt 0.250000 0.087266
vt 0.250000 0.261799
vt -0.175000 -0.303109
vt -0.200000 -0.346410
vt 0.069459 -0.393923
vt 0.060777 -0.344683
vt -0.000000 -0.942478
vt -0.000000 -0.733038
vt -0.250000 -0.733038
vt -0.250000 -0.942478
vt -0.000000 -0.481711
vt -0.060000 -0.481711
vt 0.000000 0.087266
vt 0.000000 -0.087266
vt 0.250000 -0.087266
vt 0.250000 0.087266
vt -0.000000 -1.445133
vt -0.000000 -1.123992
vt -0.060000 -1.123992
vt -0.060000 -1.445133
vt -0.000000 -0.733038
vt -0.000000 -0.523599
vt -0.250000 -0.523599
vt -0.250000 -0.733038
vt -0.000000 -1.445133
vt -0.060000 -1.445133
vt 0.000000 -0.610865
vt 0.000000 -0.785398
vt 0.250000 -0.785398
vt 0.250000 -0.610865
vt 0.000000 0.436332
vt 0.000000 0.261799
vt 0.250000 0.261799
vt 0.250000 0.436332
vt 0.191511 -0.160697
vt 0.043412 -0.246202
vt 0.052094 -0.295442
vt 0.229813 -0.192836
vt -0.000000 0.802851
vt -0.000000 1.123992
vt -0.060000 1.123992
vt -0.060000 0.802851
vt 0.000000 0.785398
vt 0.000000 0.610865
vt 0.250000 0.610865
vt 0.250000 0.785398
vt -0.000000 0.481711
vt -0.060000 0.481711
vt -0.000000 0.104720
vt -0.000000 0.314159
vt -0.250000 0.314159
vt -0.250000 0.104720
vt -0.000000 -0.160570
vt -0.000000 0.160570
vt -0.060000 0.160570
vt -0.060000 -0.160570
vt 0.000000 0.122173
vt 0.250000 0.122173
vt 0.000000 -0.610865
vt 0.250000 -0.610865
vt 0.200000 0.346410
vt 0.375877 0.136808
vt 0.432259 -0.157329
vt 0.432259 0.157329
vt 0.230000 0.398372
vt -0.079878 0.453012
vt -0.352380 0.295682
vt -0.306418 0.257115
vt -0.069459 0.393923
vt -0.000000 -0.314159
vt -0.000000 -0.104720
vt -0.250000 -0.104720
vt -0.250000 -0.314159
vt 0.000000 0.436332
vt 0.250000 0.436332
vt 0.000000 0.855211
vt 0.250000 0.855211
vt 0.000000 0.122173
vt 0.250000 0.122173
vt -0.200000 0.346410
vt -0.375877 0.136808
vt -0.375877 -0.136808
vt -0.200000 -0.346410
vt -0.175000 -0.303109
vt -0.328892 -0.119707
vt -0.328892 0.119707
vt -0.175000 0.303109
vt 0.060777 0.344683
vt 0.268116 0.224976
vt 0.350000 0.000000
vt 0.400000 0.000000
vt 0.306418 0.257115
vt 0.069459 0.393923
vt 0.000000 -0.855211
vt 0.000000 -1.099557
vt 0.250000 -1.099557
vt 0.250000 -0.855211
vt -0.000000 -0.802851
vt -0.000000 -0.481711
vt -0.060000 -0.481711
vt -0.060000 -0.802851
vt -0.000000 -1.445133
vt -0.000000 -1.123992
vt -0.060000 -1.123992
vt -0.060000 -1.445133
vt 0.000000 -0.785398
vt 0.250000 -0.785398
vt 0.000000 1.099557
vt 0.000000 0.855211
vt 0.250000 0.855211
vt 0.250000 1.099557
vt 0.000000 -0.122173
vt 0.000000 -0.366519
vt 0.250000 -0.366519
vt 0.250000 -0.122173
vt -0.125000 -0.216506
vt -0.150000 -0.259808
vt 0.052094 -0.295442
vt 0.043412 -0.246202
vt -0.000000 -1.445133
vt -0.000000 -1.123992
vt -0.060000 -1.123992
vt -0.060000 -1.445133
vt 0.000000 -0.610865
vt 0.250000 -0.610865
vt 0.000000 0.785398
vt 0.000000 0.610865
vt 0.250000 0.610865
vt 0.250000 0.785398
vt -0.000000 0.481711
vt -0.000000 0.802851
vt -0.060000 0.802851
vt -0.060000 0.481711
vt -0.000000 1.123992
vt -0.060000 1.123992
vt -0.000000 -0.104720
vt -0.250000 -0.104720
vt 0.000000 -0.855211
vt 0.000000 -1.099557
vt 0.250000 -1.099557
vt 0.250000 -0.855211
vt 0.375877 0.136808
vt 0.432259 -0.157329
vt 0.432259 0.157329
vt 0.200000 0.346410
vt 0.000000 0.087266
vt 0.000000 -0.087266
vt 0.250000 -0.087266
vt 0.250000 0.087266
vt -0.000000 -0.160570
vt -0.000000 0.160570
vt -0.060000 0.160570
vt -0.060000 -0.160570
vt 0.000000 0.785398
vt 0.000000 0.610865
vt 0.250000 0.610865
vt 0.250000 0.785398
vt -0.000000 0.481711
vt -0.060000 0.481711
vt -0.000000 0.314159
vt -0.250000 0.314159
vt -0.000000 -0.733038
vt -0.000000 -0.523599
vt -0.250000 -0.523599
vt -0.250000 -0.733038
vt -0.000000 -0.523599
vt -0.000000 -0.314159
vt -0.250000 -0.314159
vt -0.250000 -0.523599
vt 0.000000 -0.610865
vt 0.000000 -0.785398
vt 0.250000 -0.785398
vt 0.250000 -0.610865
vt -0.000000 0.523599
vt -0.000000 0.733038
vt -0.250000 0.733038
vt -0.250000 0.523599
vt 0.000000 0.261799
vt 0.250000 0.261799
vt 0.000000 0.366519
vt 0.000000 0.122173
vt 0.250000 0.122173
vt 0.250000 0.366519
vt 0.000000 -0.436332
vt 0.250000 -0.436332
vt 0.000000 0.436332
vt 0.250000 0.436332
vt -0.000000 1.445133
vt -0.060000 1.445133
vt -0.000000 0.733038
vt -0.000000 0.942478
vt -0.250000 0.942478
vt -0.250000 0.733038
vt 0.079878 0.453012
vt -0.230000 0.398372
vt -0.432259 0.157329
vt -0.268116 0.224976
vt -0.060777 0.344683
vt 0.175000 0.303109
vt 0.328892 0.119707
vt 0.328892 -0.119707
vt 0.175000 -0.303109
vt -0.060777 -0.344683
vt -0.268116 -0.224976
vt -0.350000 0.000000
vt -0.432259 -0.157329
vt -0.230000 -0.398372
vt 0.079878 -0.453012
vt 0.352380 -0.295682
vt 0.460000 0.000000
vt 0.352380 0.295682
vt -0.281908 0.102606
vt -0.281908 -0.102606
vt -0.150000 -0.259808
vt 0.052094 -0.295442
vt 0.229813 -0.192836
vt 0.300000 0.000000
vt 0.229813 0.192836
vt 0.043412 0.246202
vt 0.191511 0.160697
vt 0.250000 0.000000
vt 0.191511 -0.160697
vt 0.043412 -0.246202
vt -0.125000 -0.216506
vt -0.234923 -0.085505
vt -0.000000 -0.104720
vt -0.250000 -0.104720
vt 0.000000 -0.610865
vt 0.250000 -0.610865
vt -0.000000 0.481711
vt -0.060000 0.481711
vt 0.000000 0.610865
vt 0.250000 0.610865
vt 0.000000 -0.610865
vt 0.000000 -0.855211
vt 0.250000 -0.855211
vt 0.250000 -0.610865
vt -0.000000 0.523599
vt -0.250000 0.523599
vt 0.000000 0.087266
vt 0.000000 -0.087266
vt 0.250000 -0.087266
vt 0.250000 0.087266
vt -0.000000 0.314159
vt -0.250000 0.314159
vt 0.000000 0.366519
vt 0.250000 0.366519
vt 0.000000 0.785398
vt 0.000000 0.610865
vt 0.250000 0.610865
vt 0.250000 0.785398
vt 0.000000 -0.122173
vt 0.000000 -0.366519
vt 0.250000 -0.366519
vt 0.250000 -0.122173
vt -0.000000 0.104720
vt -0.000000 0.314159
vt -0.250000 0.314159
vt -0.250000 0.104720
vt -0.000000 1.445133
vt -0.060000 1.445133
vt -0.460000 0.000000
vt -0.352380 -0.295682
vt -0.079878 -0.453012
vt 0.230000 -0.398372
vt 0.375877 -0.136808
vt 0.200000 -0.346410
vt -0.069459 -0.393923
vt -0.306418 -0.257115
vt -0.400000 0.000000
vt 0.000000 0.366519
vt 0.250000 0.366519
vt 0.000000 -0.087266
vt 0.250000 -0.087266
vt 0.000000 0.785398
vt 0.000000 0.610865
vt 0.250000 0.610865
vt 0.250000 0.785398
vt -0.000000 -0.314159
vt -0.250000 -0.314159
vt -0.000000 0.104720
vt -0.250000 0.104720
vt -0.375877 0.136808
vt -0.375877 -0.136808
vt -0.328892 -0.119707
vt -0.328892 0.119707
vt -0.175000 0.303109
vt 0.060777 0.344683
vt 0.268116 0.224976
vt 0.350000 0.000000
vt 0.268116 -0.224976
vt 0.306418 -0.257115
vt 0.400000 0.000000
vt 0.306418 0.257115
vt 0.069459 0.393923
vt -0.200000 0.346410
vt 0.000000 0.436332
vt 0.000000 0.261799
vt 0.250000 0.261799
vt 0.250000 0.436332
vt 0.000000 -0.610865
vt 0.000000 -0.855211
vt 0.250000 -0.855211
vt 0.250000 -0.610865
vt 0.432259 0.157329
vt 0.230000 0.398372
vt -0.079878 0.453012
vt -0.069459 0.393923
vt 0.200000 0.346410
vt 0.375877 0.136808
vt 0.375877 -0.136808
vt 0.200000 -0.346410
vt -0.069459 -0.393923
vt -0.306418 -0.257115
vt -0.400000 0.000000
vt -0.306418 0.257115
vt -0.352380 0.295682
vt -0.460000 0.000000
vt -0.352380 -0.295682
vt -0.079878 -0.453012
vt 0.230000 -0.398372
vt 0.432259 -0.157329
vt 0.000000 -0.855211
vt 0.000000 -1.099557
vt 0.250000 -1.099557
vt 0.250000 -0.855211
vt -0.000000 -0.733038
vt -0.000000 -0.523599
vt -0.250000 -0.523599
vt -0.250000 -0.733038
vt 0.079878 0.453012
vt -0.230000 0.398372
vt -0.432259 0.157329
vt -0.432259 -0.157329
vt -0.230000 -0.398372
vt 0.079878 -0.453012
vt 0.352380 -0.295682
vt 0.460000 0.000000
vt 0.328892 -0.119707
vt 0.175000 -0.303109
vt -0.060777 -0.344683
vt -0.268116 -0.224976
vt -0.350000 0.000000
vt -0.268116 0.224976
vt -0.060777 0.344683
vt 0.175000 0.303109
vt -0.069459 -0.393923
vt -0.306418 -0.257115
vt -0.352380 -0.295682
vt -0.079878 -0.453012
vt 0.069459 0.393923
vt -0.200000 0.346410
vt -0.375877 0.136808
vt -0.375877 -0.136808
vt -0.200000 -0.346410
vt 0.069459 -0.393923
vt 0.060777 -0.344683
vt -0.175000 -0.303109
vt -0.328892 -0.119707
vt -0.328892 0.119707
vt -0.175000 0.303109
vt 0.060777 0.344683
vt 0.268116 0.224976
vt 0.350000 0.000000
vt 0.306418 -0.257115
vt 0.400000 0.000000
vt 0.306418 0.257115
vt 0.000000 -0.261799
vt 0.250000 -0.261799
vt -0.000000 -0.942478
vt -0.250000 -0.942478
vt 0.000000 -0.436332
vt 0.000000 -0.610865
vt 0.250000 -0.610865
vt 0.250000 -0.436332
vt 0.000000 -0.610865
vt 0.250000 -0.610865
vt 0.000000 -1.099557
vt 0.250000 -1.099557
vt -0.000000 0.942478
vt -0.250000 0.942478
vt 0.000000 0.122173
vt 0.250000 0.122173
vt 0.000000 0.436332
vt 0.250000 0.436332
vt -0.000000 0.104720
vt -0.250000 0.104720
vt -0.000000 -0.104720
vt -0.250000 -0.104720
vt -0.000000 0.942478
vt -0.250000 0.942478
vt 0.191511 -0.160697
vt 0.043412 -0.246202
vt 0.052094 -0.295442
vt 0.229813 -0.192836
vt 0.230000 -0.398372
vt 0.375877 -0.136808
vt 0.200000 -0.346410
vt -0.069459 -0.393923
vt -0.306418 -0.257115
vt -0.352380 -0.295682
vt -0.079878 -0.453012
vt 0.069459 -0.393923
vt 0.306418 -0.257115
vt 0.268116 -0.224976
vt 0.060777 -0.344683
vt -0.150000 -0.259808
vt -0.125000 -0.216506
vt -0.234923 -0.085505
vt -0.234923 0.085505
vt -0.125000 0.216506
vt 0.043412 0.246202
vt 0.191511 0.160697
vt 0.250000 0.000000
vt 0.300000 0.000000
vt 0.229813 0.192836
vt 0.052094 0.295442
vt -0.150000 0.259808
vt -0.281908 0.102606
vt -0.281908 -0.102606
vt 0.000000 0.122173
vt 0.250000 0.122173
vt 0.000000 -0.261799
vt 0.250000 -0.261799
vt 0.000000 0.261799
vt 0.250000 0.261799
vt -0.000000 -0.942478
vt -0.250000 -0.942478
vt -0.000000 -0.314159
vt -0.250000 -0.314159
vt -0.000000 0.733038
vt -0.000000 0.942478
vt -0.250000 0.942478
vt -0.250000 0.733038
vt -0.000000 0.523599
vt -0.250000 0.523599
vt -0.000000 -0.104720
vt -0.250000 -0.104720
vt 0.000000 0.366519
vt 0.250000 0.366519
vt 0.150000 -0.259808
vt 0.281908 -0.102606
vt 0.281908 0.102606
vt 0.150000 0.259808
vt 0.125000 0.216506
vt 0.234923 0.085505
vt 0.234923 -0.085505
vt 0.125000 -0.216506
vt -0.043412 -0.246202
vt -0.191511 -0.160697
vt -0.250000 0.000000
vt -0.191511 0.160697
vt -0.052094 0.295442
vt -0.229813 0.192836
vt -0.300000 0.000000
vt -0.229813 -0.192836
vt -0.052094 -0.295442
vt -0.000000 -0.802851
vt -0.060000 -0.802851
vt 0.000000 1.099557
vt 0.250000 1.099557
vt 0.000000 0.610865
vt 0.250000 0.610865
vt 0.000000 1.099557
vt 0.000000 0.855211
vt 0.250000 0.855211
vt 0.250000 1.099557
vt 0.000000 -0.261799
vt 0.250000 -0.261799
vt -0.000000 0.802851
vt -0.060000 0.802851
vt -0.000000 0.104720
vt -0.250000 0.104720
vt 0.000000 -0.785398
vt 0.250000 -0.785398
vt 0.268116 0.224976
vt 0.350000 0.000000
vt 0.268116 -0.224976
vt 0.060777 -0.344683
vt -0.175000 -0.303109
vt -0.200000 -0.346410
vt 0.069459 -0.393923
vt 0.306418 -0.257115
vt 0.400000 0.000000
vt 0.306418 0.257115
vt 0.069459 0.393923
vt -0.200000 0.346410
vt -0.175000 0.303109
vt 0.060777 0.344683
vt 0.000000 0.610865
vt 0.250000 0.610865
vt 0.000000 1.099557
vt 0.250000 1.099557
vt -0.000000 1.123992
vt -0.000000 1.445133
vt -0.060000 1.445133
vt -0.060000 1.123992
vt -0.000000 -0.942478
vt -0.000000 -0.733038
vt -0.250000 -0.733038
vt -0.250000 -0.942478
vt 0.000000 -0.610865
vt 0.000000 -0.785398
vt 0.250000 -0.785398
vt 0.250000 -0.610865
vt -0.060000 0.279253
vt -0.250000 0.139626
vt -0.060000 -0.000000
vt -0.250000 -0.139626
vt -0.060000 -0.279253
vt -0.250000 -0.418879
vt -0.060000 -0.558505
vt -0.250000 -0.698132
vt -0.060000 -0.837758
vt -0.250000 -0.977384
vt -0.060000 -1.117011
vt -0.250000 -1.256637
vt -0.060000 -1.396263
vt -0.060000 1.117011
vt -0.250000 1.256637
vt -0.250000 0.977384
vt -0.060000 0.837758
vt -0.250000 0.698132
vt -0.060000 0.558505
vt -0.250000 0.418879
vt -0.043412 0.246202
vt -0.229813 0.192836
vt -0.300000 0.000000
vt -0.191511 0.160697
vt -0.000000 -0.942478
vt -0.250000 -0.942478
vt 0.000000 -0.436332
vt 0.250000 -0.436332
vt -0.060000 0.279253
vt -0.250000 0.139626
vt -0.060000 -0.000000
vt -0.250000 -0.139626
vt -0.060000 -0.279253
vt -0.250000 -0.418879
vt -0.060000 -0.558505
vt -0.250000 -0.698132
vt -0.060000 -0.837758
vt -0.250000 -0.977384
vt -0.060000 -1.117011
vt -0.250000 -1.256637
vt -0.060000 -1.396263
vt -0.060000 1.117011
vt -0.250000 1.256637
vt -0.250000 0.977384
vt -0.060000 0.837758
vt -0.250000 0.698132
vt -0.060000 0.558505
vt -0.250000 0.418879
vt 0.175000 -0.303109
vt -0.060777 -0.344683
vt 0.079878 -0.453012
vt 0.352380 -0.295682
vt 0.460000 0.000000
vt 0.352380 0.295682
vt 0.175000 0.303109
vt 0.328892 0.119707
vt 0.328892 -0.119707
vt 0.079878 0.453012
vt -0.230000 0.398372
vt -0.432259 0.157329
vt -0.432259 -0.157329
vt -0.230000 -0.398372
vt -0.268116 -0.224976
vt -0.350000 0.000000
vt -0.268116 0.224976
vt -0.060777 0.344683
vt 0.268116 -0.224976
vt -0.229813 0.192836
vt -0.300000 0.000000
vt -0.250000 0.000000
vt -0.191511 0.160697
vt -0.052094 0.295442
vt 0.125000 -0.216506
vt -0.043412 -0.246202
vt -0.191511 -0.160697
vt -0.250000 0.000000
vt -0.191511 0.160697
vt -0.229813 0.192836
vt -0.300000 0.000000
vt -0.229813 -0.192836
vt -0.052094 -0.295442
vt 0.150000 -0.259808
vt 0.281908 -0.102606
vt 0.281908 0.102606
vt 0.234923 -0.085505
vt -0.352380 -0.295682
vt -0.079878 -0.453012
vt 0.230000 -0.398372
vt 0.375877 -0.136808
vt 0.200000 -0.346410
vt -0.069459 -0.393923
vt -0.306418 -0.257115
vt -0.400000 0.000000
vt -0.306418 0.257115
vt -0.069459 0.393923
vt 0.230000 0.398372
vt -0.079878 0.453012
vt -0.352380 0.295682
vt -0.460000 0.000000
vt -0.060000 0.279253
vt -0.250000 0.139626
vt -0.060000 -0.000000
vt -0.250000 -0.139626
vt -0.060000 -0.279253
vt -0.250000 -0.418879
vt -0.060000 -0.558505
vt -0.250000 -0.698132
vt -0.060000 -0.837758
vt -0.250000 -0.977384
vt -0.060000 -1.117011
vt -0.250000 -1.256637
vt -0.060000 -1.396263
vt -0.060000 1.117011
vt -0.250000 1.256637
vt -0.250000 0.977384
vt -0.060000 0.837758
vt -0.250000 0.698132
vt -0.060000 0.558505
vt -0.250000 0.418879
vt 0.175000 -0.303109
vt -0.060777 -0.344683
vt 0.079878 -0.453012
vt 0.352380 -0.295682
vt 0.328892 -0.119707
vt 0.460000 0.000000
vt 0.352380 0.295682
vt 0.079878 0.453012
vt -0.230000 0.398372
vt -0.432259 0.157329
vt -0.432259 -0.157329
vt -0.230000 -0.398372
vt -0.268116 -0.224976
vt -0.350000 0.000000
vt -0.268116 0.224976
vt -0.060777 0.344683
vt 0.175000 0.303109
vt 0.328892 0.119707
vt 0.052094 0.295442
vt -0.150000 0.259808
vt -0.281908 0.102606
vt -0.281908 -0.102606
vt -0.234923 -0.085505
vt -0.234923 0.085505
vt -0.125000 0.216506
vt 0.043412 0.246202
vt 0.191511 0.160697
vt 0.250000 0.000000
vt 0.191511 -0.160697
vt 0.229813 -0.192836
vt 0.300000 0.000000
vt 0.229813 0.192836
vt 0.000000 -1.099557
vt 0.250000 -1.099557
vt -0.000000 -1.123992
vt -0.060000 -1.123992
vt 0.234923 0.085505
vt 0.281908 -0.102606
vt 0.281908 0.102606
vt 0.150000 0.259808
vt 0.125000 0.216506
vt -0.300000 0.000000
vt -0.229813 -0.192836
vt -0.052094 -0.295442
vt 0.150000 -0.259808
vt 0.234923 -0.085505
vt 0.125000 -0.216506
vt -0.043412 -0.246202
vt -0.191511 -0.160697
vt -0.250000 0.000000
vt -0.191511 0.160697
vt -0.043412 0.246202
vt -0.052094 0.295442
vt -0.229813 0.192836
vt -0.060000 0.279253
vt -0.250000 0.139626
vt -0.060000 -0.000000
vt -0.250000 -0.139626
vt -0.060000 -0.279253
vt -0.250000 -0.418879
vt -0.060000 -0.558505
vt -0.250000 -0.698132
vt -0.060000 -0.837758
vt -0.250000 -0.977384
vt -0.060000 -1.117011
vt -0.250000 -1.256637
vt -0.060000 -1.396263
vt -0.060000 1.117011
vt -0.250000 1.256637
vt -0.250000 0.977384
vt -0.060000 0.837758
vt -0.250000 0.698132
vt -0.060000 0.558505
vt -0.250000 0.418879
vt 0.079878 0.453012
vt -0.230000 0.398372
vt -0.432259 0.157329
vt -0.268116 0.224976
vt -0.060777 0.344683
vt 0.175000 0.303109
vt 0.328892 0.119707
vt 0.328892 -0.119707
vt 0.175000 -0.303109
vt -0.060777 -0.344683
vt -0.268116 -0.224976
vt -0.432259 -0.157329
vt -0.230000 -0.398372
vt 0.079878 -0.453012
vt 0.352380 -0.295682
vt 0.460000 0.000000
vt 0.352380 0.295682
vt -0.000000 -1.445133
vt -0.060000 -1.445133
vt -0.175000 -0.303109
vt -0.328892 -0.119707
vt -0.328892 0.119707
vt -0.175000 0.303109
vt 0.069459 0.393923
vt -0.200000 0.346410
vt -0.375877 0.136808
vt -0.375877 -0.136808
vt -0.200000 -0.346410
vt 0.069459 -0.393923
vt 0.268116 -0.224976
vt 0.060777 -0.344683
vt 0.268116 0.224976
vt 0.350000 0.000000
vt 0.306418 -0.257115
vt 0.400000 0.000000
vt 0.306418 0.257115
vt 0.060777 0.344683
vt -0.000000 1.445133
vt -0.060000 1.445133
vt -0.000000 0.802851
vt -0.060000 0.802851
vt -0.043412 0.246202
vt 0.043412 0.246202
vt 0.191511 0.160697
vt 0.250000 0.000000
vt 0.300000 0.000000
vt 0.229813 0.192836
vt 0.052094 0.295442
vt -0.150000 0.259808
vt -0.281908 0.102606
vt -0.281908 -0.102606
vt -0.150000 -0.259808
vt -0.125000 -0.216506
vt -0.234923 -0.085505
vt -0.234923 0.085505
vt -0.125000 0.216506
vt 0.230000 -0.398372
vt 0.432259 -0.157329
vt 0.432259 0.157329
vt 0.230000 0.398372
vt -0.079878 0.453012
vt -0.352380 0.295682
vt -0.460000 0.000000
vt -0.400000 0.000000
vt -0.306418 0.257115
vt -0.069459 0.393923
vt 0.200000 0.346410
vt 0.375877 0.136808
vt 0.375877 -0.136808
vt 0.200000 -0.346410
vt -0.060000 0.279253
vt -0.250000 0.139626
vt -0.060000 -0.000000
vt -0.250000 -0.139626
vt -0.060000 -0.279253
vt -0.250000 -0.418879
vt -0.060000 -0.558505
vt -0.250000 -0.698132
vt -0.060000 -0.837758
vt -0.250000 -0.977384
vt -0.060000 -1.117011
vt -0.250000 -1.256637
vt -0.060000 -1.396263
vt -0.060000 1.117011
vt -0.250000 1.256637
vt -0.250000 0.977384
vt -0.060000 0.837758
vt -0.250000 0.698132
vt -0.060000 0.558505
vt -0.250000 0.418879
vt 0.328892 0.119707
vt 0.352380 0.295682
vt -0.350000 0.000000
vt 0.125000 -0.216506
vt -0.043412 -0.246202
vt -0.191511 -0.160697
vt -0.229813 -0.192836
vt -0.052094 -0.295442
vt 0.150000 -0.259808
vt 0.281908 -0.102606
vt 0.281908 0.102606
vt 0.150000 0.259808
vt -0.043412 0.246202
vt 0.125000 0.216506
vt 0.234923 0.085505
vt 0.234923 -0.085505
vt -0.125000 -0.216506
vt -0.234923 -0.085505
vt -0.234923 0.085505
vt -0.281908 -0.102606
vt -0.150000 -0.259808
vt 0.052094 -0.295442
vt 0.229813 -0.192836
vt 0.300000 0.000000
vt 0.229813 0.192836
vt 0.250000 0.000000
vt 0.191511 -0.160697
vt 0.043412 -0.246202
vt 0.191511 0.160697
vt 0.052094 0.295442
vt -0.150000 0.259808
vt -0.281908 0.102606
vt -0.125000 0.216506
vt 0.043412 0.246202
vn 0.7185 0.0000 -0.6956
vn 0.7054 0.0000 -0.7088
vn 0.7071 0.0000 0.7071
vn 0.7046 0.0001 0.7096
vn -0.7054 0.0000 0.7088
vn -0.0000 0.0000 1.0000
vn -0.0016 0.0000 1.0000
vn -0.0002 0.0000 -1.0000
vn 0.7071 -0.0001 -0.7071
vn 0.7048 0.0000 -0.7094
vn -0.0000 -0.0000 -1.0000
vn -0.7126 0.0004 -0.7016
vn -0.7038 0.0000 -0.7104
vn -0.7126 0.0000 -0.7016
vn 1.0000 0.0000 0.0000
vn 1.0000 0.0000 -0.0007
vn -0.7126 0.0000 0.7016
vn -0.7126 -0.0002 0.7016
vn 0.7074 0.0000 0.7068
vn 0.7112 0.0000 0.7030
vn 0.0000 -0.0001 -1.0000
vn 0.0016 0.0000 -1.0000
vn 0.7082 0.0000 -0.7060
vn -0.7064 0.0000 0.7078
vn -0.7071 0.0000 0.7071
vn -0.7075 -0.0000 0.7067
vn -0.7066 -0.0000 0.7076
vn 0.7054 0.0000 0.7088
vn 0.0016 0.0000 1.0000
vn 0.7088 0.0002 0.7054
vn 0.7118 0.0000 0.7024
vn 0.7053 0.0000 0.7089
vn 0.7106 0.0000 0.7036
vn 0.7066 0.0000 0.7076
vn 0.0000 -0.7111 0.7031
vn 0.0000 -0.7031 0.7111
vn -0.0002 -0.7168 -0.6973
vn 0.0000 -0.7168 -0.6973
vn -0.0001 -0.7013 -0.7129
vn 0.0000 -0.7013 -0.7129
vn -0.0005 -0.7088 -0.7054
vn -0.0004 -0.7072 -0.7070
vn -0.0008 -0.6806 -0.7326
vn -0.0005 -0.6806 -0.7326
vn -0.0004 -0.6754 -0.7375
vn 0.7123 0.0000 -0.7019
vn 0.7185 0.0000 0.6956
vn 0.7122 0.0000 -0.7019
vn -0.7038 -0.0000 0.7104
vn -0.0002 -0.6934 0.7206
vn 0.0000 -0.6934 0.7206
vn 0.0000 -0.7091 0.7052
vn 0.6993 -0.0002 -0.7148
vn 0.6993 0.0000 -0.7148
vn -0.0000 -0.7107 0.7035
vn 0.0000 -0.7066 0.7076
vn -0.0000 -0.0013 -1.0000
vn -0.0000 0.7111 -0.7031
vn -0.0001 0.7111 -0.7031
vn -0.0000 -1.0000 -0.0003
vn 0.0000 -1.0000 0.0000
vn 0.0001 -1.0000 0.0003
vn 0.0000 -0.7107 -0.7035
vn -0.0002 0.7087 -0.7055
vn 0.0000 0.7087 -0.7055
vn 0.7118 0.0000 -0.7024
vn 0.7071 0.0000 -0.7071
vn 0.7066 -0.0001 -0.7076
vn 0.7066 0.0000 -0.7076
vn -0.7086 -0.0000 -0.7056
vn -0.7046 0.0000 -0.7096
vn -0.7046 0.0001 -0.7096
vn -0.7086 -0.0000 0.7056
vn -0.7086 0.0002 0.7056
vn 0.0000 -0.7054 -0.7088
vn 0.0000 -0.0019 -1.0000
vn -0.0000 0.0006 1.0000
vn -0.7185 -0.0000 0.6956
vn -0.7064 0.0000 -0.7078
vn -0.7071 0.0000 -0.7071
vn -0.7075 0.0000 -0.7067
vn -0.7066 0.0000 -0.7076
vn 0.0006 -0.0000 -1.0000
vn -0.7111 -0.0002 -0.7030
vn -0.0001 0.0000 1.0000
vn 0.0006 -0.0000 1.0000
vn -0.0000 1.0000 0.0003
vn 0.0000 0.7071 -0.7071
vn -0.0000 0.6993 -0.7148
vn 0.0000 1.0000 -0.0000
vn -1.0000 -0.0000 0.0010
vn -0.7083 0.0000 0.7059
vn -0.7083 0.0001 0.7059
vn -1.0000 0.0000 0.0000
vn 0.0001 0.0000 1.0000
vn -0.7075 -0.0001 0.7067
vn 0.0000 0.7121 0.7020
vn -0.0002 0.7185 -0.6955
vn 0.0000 0.7185 -0.6955
vn -0.0001 0.7121 0.7020
vn -0.0000 1.0000 0.0008
vn -0.0000 1.0000 -0.0008
vn -0.0000 -0.0002 1.0000
vn -0.0000 0.0002 1.0000
vn -0.7046 -0.0001 0.7096
vn -0.7046 0.0000 0.7096
vn -0.7079 0.0000 -0.7063
vn -1.0000 -0.0000 -0.0021
vn -1.0000 0.0000 0.0007
vn 0.6994 0.0001 0.7148
vn 0.0002 0.7185 0.6955
vn 0.0000 0.7054 0.7088
vn 0.0000 0.7185 0.6955
vn -0.0000 -0.6993 0.7148
vn 0.0000 -0.7071 0.7071
vn 0.0000 -0.7076 0.7066
vn -0.0000 -0.7082 -0.7060
vn -0.0000 0.7045 -0.7097
vn -0.0001 0.7045 -0.7097
vn -0.0006 0.0000 1.0000
vn 0.7144 -0.0000 0.6997
vn -0.0000 0.7046 -0.7096
vn -0.0000 0.0045 -1.0000
vn 0.0000 0.7126 0.7016
vn 0.0000 0.7038 0.7104
vn 0.0001 0.7038 0.7104
vn -0.0000 0.0019 1.0000
vn -0.0000 -0.0013 1.0000
vn 1.0000 0.0000 0.0007
vn 0.7123 0.0000 0.7019
vn 0.7122 0.0000 0.7019
vn 0.7064 0.0000 0.7078
vn -0.0013 0.0000 -1.0000
vn -0.0001 0.0000 -1.0000
vn 0.7112 0.0000 -0.7030
vn 0.7064 0.0000 -0.7078
vn 0.7075 -0.0000 -0.7067
vn -0.7071 0.0002 -0.7071
vn -0.6955 -0.0892 -0.7130
vn -0.7072 -0.0000 -0.7070
vn 0.0002 -0.0000 -1.0000
vn -0.7144 0.0001 0.6997
vn -0.6994 -0.0000 -0.7148
vn -0.7144 -0.0002 0.6997
vn -0.7046 0.0001 0.7096
vn 0.6993 0.0002 -0.7148
vn 0.0000 -1.0000 -0.0008
vn 0.7092 0.0000 -0.7050
vn -0.7086 -0.0001 -0.7056
vn -0.7046 -0.0002 0.7096
vn -0.0000 0.0019 -1.0000
vn -0.7123 -0.0000 0.7019
vn -0.7185 0.0002 -0.6956
vn -0.7185 -0.0000 -0.6956
vn -0.7122 -0.0000 0.7019
vn 0.0000 -0.7057 0.7085
vn 0.0001 -0.7071 0.7071
vn -0.0836 -0.6406 0.7633
vn -0.6994 0.0000 0.7148
vn 0.7106 0.0000 -0.7036
vn -0.7046 0.0002 0.7096
vn 0.0000 0.7063 -0.7079
vn 0.0000 0.7076 -0.7066
vn -0.0001 0.7065 -0.7077
vn -0.7054 -0.0000 -0.7088
vn 0.0001 -0.7031 0.7111
vn 0.7072 0.0000 -0.7070
vn -0.7059 0.0000 0.7083
vn -0.0010 0.0000 1.0000
vn -0.0000 0.0001 -1.0000
vn -0.0016 0.0000 -1.0000
vn 0.6994 0.0000 0.7148
vn 0.7088 0.0000 0.7054
vn 0.7122 -0.0001 0.7019
vn 0.6993 0.0000 0.7148
vn 0.6993 0.0001 0.7148
vn -0.0001 0.6945 0.7195
vn -0.0000 0.7146 0.6996
vn -0.0000 0.6945 0.7195
vn 0.0000 -0.7066 -0.7076
vn 0.7088 0.0001 -0.7054
vn 0.7053 0.0000 -0.7089
vn 0.0000 -0.6858 0.7278
vn -0.0000 0.7031 0.7111
vn -0.0002 -0.6858 0.7278
vn 0.0000 -0.6930 -0.7209
vn 0.0000 -0.7131 -0.7011
vn 0.0000 -0.7243 -0.6894
vn 0.0000 -0.7146 0.6996
vn -0.0002 -0.7243 -0.6894
vn 0.7082 -0.0000 0.7060
vn 0.6993 -0.0003 0.7148
vn 0.0000 -0.6993 -0.7148
vn 0.0000 -0.7071 -0.7071
vn 0.0000 -0.7076 -0.7066
vn -0.0001 0.7038 -0.7104
vn 0.0000 0.7126 -0.7016
vn 0.0000 0.7038 -0.7104
vn 0.0000 0.7054 -0.7088
vn 0.0002 -0.7185 -0.6955
vn 0.0000 -0.7185 -0.6955
vn -0.0001 0.7031 0.7111
vn 0.0000 -0.7063 -0.7079
vn -0.0000 -0.7065 -0.7077
vn -0.0000 0.7088 -0.7054
vn -0.0001 0.7072 -0.7071
vn -0.0000 0.6753 -0.7375
vn -0.0000 0.7113 -0.7029
vn 0.6993 -0.0001 0.7148
vn -0.7077 -0.0000 0.7065
vn -0.7080 0.0002 0.7062
vn -0.7080 -0.0000 0.7062
vn -0.6741 -0.0000 0.7387
vn -0.7111 0.0000 -0.7030
vn -0.0001 0.7071 0.7071
vn -0.0000 0.7057 0.7085
vn 0.0000 0.0013 1.0000
vn -0.7019 0.0000 -0.7123
vn 0.0000 -0.6945 -0.7194
vn 0.0000 -0.7001 0.7141
vn -0.0000 -0.0001 1.0000
vn -0.7069 -0.0000 -0.7073
vn -0.7019 0.0003 -0.7123
vn -0.7046 -0.0001 -0.7096
vn -0.0000 0.7168 -0.6973
vn -0.0002 0.7168 -0.6973
vn 0.0000 -0.7056 -0.7087
vn 0.0001 -0.7056 -0.7087
vn -0.0000 0.7179 0.6962
vn 0.0001 0.7024 0.7118
vn -0.0000 0.7024 0.7118
vn 0.7144 0.0002 -0.6997
vn 0.7106 0.0002 0.7036
vn 0.7066 -0.0001 0.7076
vn -0.0000 0.7229 0.6909
vn 0.0004 0.7229 0.6909
vn -0.0002 -0.6993 -0.7148
vn -0.0000 1.0000 -0.0014
vn 0.0851 0.9878 0.1305
vn 0.6994 0.0000 -0.7148
vn -0.0000 0.6922 -0.7217
vn -0.7123 -0.0000 -0.7019
vn -0.7122 0.0001 -0.7019
vn 0.0000 -0.0048 1.0000
vn 0.7048 0.0001 -0.7094
vn 0.0000 -0.7054 0.7088
vn 0.0000 -0.0019 1.0000
vn -0.0000 0.7090 0.7052
vn 0.0003 0.6934 0.7206
vn -0.0000 0.6934 0.7206
vn 0.0000 0.7160 -0.6981
vn 0.0000 -0.0006 1.0000
vn -1.0000 -0.0001 -0.0007
vn -0.0001 -0.7065 0.7077
vn 0.0000 -0.7121 0.7020
vn 0.0001 -0.7121 0.7020
vn 0.0000 -0.7063 0.7079
vn 0.7075 0.0000 0.7067
vn -0.0000 0.7068 0.7074
vn -0.0000 0.7071 0.7071
vn 0.7106 -0.0002 -0.7036
vn 0.0000 -0.7031 -0.7111
vn 0.0001 -0.7111 -0.7031
vn 0.0000 -0.7111 -0.7031
vn -0.0000 0.7233 -0.6906
vn -0.0002 0.7233 -0.6906
vn 0.0000 -0.7102 -0.7040
vn -1.0000 -0.0001 -0.0021
vn 0.0000 -0.7084 0.7058
vn 0.0000 0.6993 0.7148
vn 0.0000 0.7076 0.7066
vn 0.0000 0.7079 -0.7063
vn 0.0001 0.7056 -0.7087
vn -0.0000 0.7056 -0.7087
vn 0.0000 0.0001 1.0000
vn 0.0000 0.7121 -0.7020
vn 0.0001 0.7121 -0.7020
vn -0.0002 -0.7185 0.6955
vn 0.0000 -0.7185 0.6955
vn -0.0000 0.7243 -0.6894
vn 0.7074 0.0000 -0.7068
vn -0.0000 0.7111 0.7031
vn -0.0000 0.7065 0.7077
vn 0.0000 0.7063 0.7079
vn 0.7048 -0.0001 -0.7094
vn 0.6994 0.0002 -0.7148
vn 0.0000 -1.0000 0.0008
vn 0.0000 -0.7228 -0.6911
vn -0.3420 -0.9347 -0.0965
vn 0.7144 0.0002 0.6997
vn -0.7144 -0.0002 -0.6997
vn 0.7046 0.0000 -0.7096
vn -0.0002 -0.7258 0.6879
vn 0.0000 -0.7258 0.6879
vn 0.0000 0.0013 -1.0000
vn 0.0001 1.0000 -0.0003
vn -0.0000 -0.7046 -0.7096
vn 0.0001 0.7045 0.7097
vn -0.0000 0.7045 0.7097
vn -0.0000 0.7084 0.7058
vn -0.0000 0.7073 0.7069
vn 0.0000 -0.7061 0.7081
vn 0.0000 -0.6945 0.7195
vn -0.0000 0.7013 -0.7129
vn -0.0001 0.7013 -0.7129
vn 0.7088 0.0000 -0.7054
vn -0.7077 -0.0003 0.7065
vn -0.0000 0.7228 -0.6911
vn -0.7059 0.0001 0.7083
vn -0.0002 -0.6993 0.7148
vn 0.0000 -1.0000 -0.0006
vn 0.0000 -1.0000 -0.0014
vn 0.0000 -0.7082 0.7060
vn -0.0000 0.7087 0.7055
vn 1.0000 -0.0003 0.0000
vn -0.6652 0.0000 0.7467
vn -0.7073 -0.0000 0.7069
vn 0.0001 -0.7156 0.6985
vn 0.0000 -0.7156 0.6985
vn 0.0904 -0.6402 0.7628
vn 0.0001 0.7031 -0.7111
vn -0.0000 0.7031 -0.7111
vn -0.7144 -0.0000 -0.6997
vn -0.0000 0.6960 -0.7180
vn 0.0000 -0.7121 -0.7020
vn -0.0001 -0.7121 -0.7020
vn -0.6955 0.0892 -0.7130
vn 0.0000 0.7028 -0.7114
vn 0.0000 -0.6970 -0.7171
vn -0.0000 0.7006 -0.7136
vn -0.0002 -0.6919 -0.7220
vn 0.0000 -0.6919 -0.7220
vn -0.0001 0.7006 -0.7136
vn 0.7071 0.7071 0.0000
vn 0.0000 -0.7171 0.6970
vn -0.5754 0.5795 -0.5772
vn -0.5747 0.5751 -0.5822
vn -0.5770 0.5771 -0.5780
vn -0.5771 0.5776 -0.5773
vn 0.0000 -0.7085 -0.7057
vn 0.5752 0.5777 0.5791
vn 0.7072 0.7070 -0.0000
vn 0.5768 0.5775 0.5778
vn 0.0000 0.7066 -0.7076
vn 0.0001 0.7066 -0.7076
vn 0.7120 0.0000 -0.7022
vn 0.7184 0.0000 0.6956
vn 0.7120 -0.0001 -0.7022
vn -0.5752 -0.5756 0.5813
vn -0.5750 -0.5755 -0.5815
vn -0.5772 -0.5770 -0.5779
vn -0.5771 -0.5771 0.5779
vn -0.5752 -0.5777 0.5791
vn -0.7072 -0.7070 -0.0000
vn -0.5768 -0.5775 0.5778
vn 0.0000 -0.6984 0.7157
vn 0.0001 0.7013 0.7128
vn 0.0000 0.7013 0.7128
vn 0.0001 -0.6984 0.7157
vn 0.0000 -0.7183 0.6957
vn -0.0001 -0.7183 -0.6957
vn 0.0000 -0.7183 -0.6957
vn -0.0001 -0.7183 0.6957
vn -0.0003 -0.6926 0.7213
vn 0.0000 -0.6926 0.7213
vn 0.0001 0.7009 0.7132
vn -0.0000 0.7009 0.7132
vn -0.0000 0.7094 -0.7049
vn 0.5752 -0.5777 0.5791
vn 0.5768 -0.5775 0.5778
vn 0.7072 -0.7070 0.0000
vn 0.5818 -0.5755 0.5747
vn -0.5817 -0.5755 0.5748
vn -0.5785 -0.5769 0.5767
vn 0.5785 -0.5769 0.5767
vn 0.0000 0.7094 0.7049
vn -0.0000 0.6911 0.7227
vn 0.0002 0.6911 0.7227
vn 0.0001 -0.7100 -0.7042
vn 0.0000 -0.6984 -0.7157
vn 0.0000 -0.7100 -0.7042
vn 0.0000 0.7051 -0.7091
vn 0.0001 -0.7024 -0.7118
vn 0.0000 -0.7024 -0.7118
vn 0.0001 0.6999 -0.7143
vn -0.0000 0.7114 -0.7028
vn -0.0000 0.6999 -0.7143
vn 0.0000 0.7062 -0.7080
vn 0.0002 0.7132 -0.7010
vn -0.0000 0.7132 -0.7010
vn 0.0001 -0.7100 0.7042
vn 0.0000 -0.7100 0.7042
vn 0.0000 -0.7003 0.7139
vn 0.0000 -0.7105 -0.7037
vn 0.0000 -0.7104 -0.7038
vn 0.0000 -0.7051 -0.7091
vn 0.6989 -0.0002 -0.7152
vn 0.6989 0.0000 -0.7152
vn -0.0000 0.7173 -0.6968
vn 0.0002 0.7173 -0.6968
vn -0.0000 0.7009 -0.7132
vn -0.0000 0.7097 0.7045
vn -0.0001 0.7097 0.7045
vn -0.7071 0.7071 0.0000
vn 0.0000 -0.7003 -0.7139
vn 0.0000 -0.6999 0.7143
vn 0.0000 0.6999 0.7143
vn 0.0000 -0.6926 -0.7213
vn -0.0002 -0.6926 -0.7213
vn 0.0000 -0.7092 -0.7050
vn 0.5742 -0.5742 0.5836
vn 0.5756 -0.5781 0.5783
vn 0.5772 -0.5774 0.5775
vn 0.5769 -0.5770 0.5781
vn -0.5746 -0.5744 -0.5830
vn -0.5751 -0.5793 -0.5776
vn -0.5770 -0.5777 -0.5774
vn -0.5771 -0.5767 -0.5782
vn 0.5750 0.5809 -0.5761
vn 0.5750 -0.5824 -0.5747
vn 0.5771 -0.5782 -0.5768
vn 0.5768 0.5779 -0.5773
vn 0.5762 -0.5755 0.5804
vn 0.5768 -0.5771 0.5782
vn 0.5786 -0.5766 0.5769
vn 0.5821 -0.5744 0.5755
vn 0.5756 0.5799 0.5765
vn 0.5771 0.5779 0.5770
vn 0.5766 -0.5788 0.5766
vn 0.5743 -0.5830 0.5748
vn 0.7055 0.0000 0.7087
vn -0.0002 0.7178 -0.6962
vn 0.0001 0.7006 -0.7136
vn -0.0000 0.7178 -0.6962
vn 0.0000 -0.7108 -0.7034
vn -0.0001 -0.7066 -0.7076
vn 0.0000 0.6970 -0.7171
vn -0.0003 0.6970 -0.7171
vn -0.0000 0.7085 -0.7057
vn -0.7120 -0.0000 -0.7022
vn -0.6989 -0.0000 -0.7152
vn -0.6989 -0.0001 -0.7152
vn -0.5774 -0.5774 0.5773
vn -0.7071 -0.7071 -0.0000
vn -0.5773 0.5774 0.5774
vn -0.5774 0.5774 0.5773
vn -0.5773 -0.5774 0.5774
vn -0.5773 0.5773 -0.5774
vn -0.5773 0.5774 -0.5773
vn -0.5774 0.5773 0.5773
vn -0.5774 -0.5773 -0.5773
vn -0.5773 -0.5773 -0.5774
vn -0.5774 0.5773 -0.5774
vn -0.5773 -0.5774 -0.5773
vn -0.5773 0.5774 0.5773
vn -0.0000 0.7114 0.7028
vn 0.0001 0.7114 0.7028
vn -0.7055 0.0000 -0.7087
vn -0.7055 0.0000 -0.7088
vn -0.5751 0.5761 0.5808
vn -0.5771 0.5772 0.5778
vn -0.5747 -0.5743 -0.5830
vn -0.5766 -0.5766 -0.5788
vn -0.5778 -0.5768 -0.5775
vn -0.5791 -0.5752 -0.5777
vn 0.5753 0.5789 0.5778
vn 0.5748 0.5747 0.5825
vn 0.5772 0.5769 0.5780
vn 0.5769 0.5776 0.5776
vn -0.5747 0.5756 0.5817
vn -0.5756 0.5799 0.5765
vn -0.5771 0.5779 0.5770
vn -0.5765 0.5771 0.5784
vn 0.7184 0.6956 0.0002
vn 0.7055 0.7087 0.0000
vn 0.7184 0.6956 0.0000
vn -0.5754 0.5804 -0.5762
vn -0.5744 0.5755 -0.5821
vn -0.5766 0.5769 -0.5786
vn -0.5771 0.5782 -0.5768
vn 0.5753 -0.5778 -0.5789
vn 0.5769 -0.5776 -0.5776
vn 0.5772 -0.5780 -0.5769
vn 0.5749 -0.5825 -0.5746
vn 0.6989 0.7152 0.0000
vn 0.7120 0.7021 0.0000
vn 0.7120 0.7022 0.0000
vn -0.5774 -0.5773 0.5773
vn -0.5773 -0.5773 0.5774
vn -0.7184 -0.0000 0.6956
vn 0.5752 0.5792 -0.5776
vn 0.5770 0.5777 -0.5774
vn 0.5774 -0.5773 -0.5773
vn 0.5774 -0.5773 -0.5774
vn 0.5774 -0.5774 -0.5773
vn -0.7120 0.0001 -0.7022
vn 0.0000 -0.7143 -0.6999
vn -0.0003 -0.7143 -0.6999
vn 0.0000 -0.7028 -0.7114
vn -0.0001 -0.7028 -0.7114
vn -0.5743 -0.5830 0.5748
vn -0.5766 -0.5788 0.5766
vn -0.5751 0.5809 0.5761
vn -0.5749 -0.5824 0.5747
vn -0.5771 -0.5782 0.5768
vn -0.5768 0.5780 0.5773
vn -0.5743 -0.5832 -0.5745
vn -0.5764 -0.5789 -0.5767
vn 0.0000 0.6955 -0.7185
vn -0.0001 0.6955 -0.7185
vn 0.0001 0.7114 -0.7028
vn 0.0000 -0.7078 0.7064
vn 0.0000 -0.7024 0.7118
vn -0.0001 -0.7024 0.7118
vn 0.0002 0.6970 0.7171
vn -0.0000 0.6970 0.7171
vn -0.0000 -0.7028 0.7114
vn 0.5747 0.5751 0.5822
vn 0.5751 0.5761 -0.5808
vn 0.5771 0.5772 -0.5778
vn 0.5770 0.5771 0.5780
vn -0.0000 0.7006 0.7136
vn -0.0000 0.7178 0.6962
vn 0.5790 -0.5753 -0.5778
vn 0.5778 -0.5768 -0.5775
vn 0.5767 -0.5764 -0.5789
vn 0.5745 -0.5743 -0.5832
vn -0.0000 -0.7072 -0.7071
vn 0.0000 -0.6919 0.7220
vn 0.5745 -0.5831 0.5743
vn 0.5767 -0.5789 0.5764
vn 0.5768 0.5782 0.5771
vn 0.5762 0.5804 0.5755
vn -0.5817 -0.5747 0.5756
vn -0.5784 -0.5765 0.5771
vn -0.5770 -0.5771 0.5779
vn -0.5765 -0.5756 0.5799
vn 0.0000 0.7051 0.7091
vn 0.0001 0.7051 0.7091
vn 0.0000 0.7105 0.7037
vn -0.0000 0.7104 0.7038
vn 0.0000 -0.7104 0.7038
vn 0.0000 -0.7105 0.7037
vn -0.0003 -0.6999 -0.7143
vn 0.0000 -0.7114 -0.7028
vn -0.0002 -0.7114 -0.7028
vn 0.0000 -0.6999 -0.7143
vn 0.0000 -0.7161 -0.6980
vn 0.0000 -0.7016 -0.7125
vn -0.0000 0.7078 0.7064
vn -0.5791 0.5777 0.5752
vn -0.0000 0.7071 0.7072
vn -0.5778 0.5775 0.5768
vn -0.5817 -0.5748 -0.5755
vn -0.5765 -0.5753 -0.5802
vn -0.5771 -0.5770 -0.5780
vn -0.5785 -0.5767 -0.5769
vn -0.7072 -0.0000 0.7070
vn -0.5748 -0.5793 0.5779
vn -0.5753 -0.5789 0.5778
vn -0.0000 0.7173 0.6968
vn -0.0001 0.7089 0.7053
vn -0.0000 0.7089 0.7053
vn 0.5746 -0.5744 0.5830
vn 0.5752 -0.5792 0.5776
vn 0.5770 -0.5777 0.5774
vn 0.5771 -0.5767 0.5782
vn 0.0000 -0.7152 0.6989
vn 0.0000 -0.7022 0.7120
vn -0.0002 -0.6977 -0.7164
vn 0.0000 -0.6977 -0.7164
vn 0.0000 -0.7114 0.7028
vn -0.0002 -0.7114 0.7028
vn 0.0002 -0.7052 0.7090
vn 0.0000 -0.7052 0.7090
vn 0.0001 -0.7082 0.7060
vn 0.0000 -0.7051 0.7091
vn -0.0002 -0.7104 0.7038
vn -0.7184 0.6956 -0.0000
vn -0.7120 -0.7022 -0.0001
vn -0.7120 -0.7022 0.0000
vn -0.7055 0.7088 0.0000
vn -0.7055 0.7087 0.0000
vn -0.7184 0.6956 0.0002
vn -0.0000 0.7157 -0.6984
vn -0.0000 0.7128 0.7013
vn -0.5747 -0.5743 0.5830
vn -0.5766 -0.5766 0.5788
vn 0.5753 -0.5802 0.5765
vn 0.5743 0.5830 0.5747
vn 0.5766 0.5788 0.5766
vn 0.5770 -0.5780 0.5771
vn -0.5741 -0.5743 0.5836
vn -0.5753 -0.5772 -0.5795
vn -0.5771 -0.5773 -0.5776
vn -0.5770 -0.5769 0.5782
vn 0.0000 -0.7013 0.7128
vn -0.0000 0.6984 0.7157
vn -0.0000 0.6943 -0.7197
vn 0.5744 0.5831 -0.5745
vn 0.5753 -0.5804 -0.5763
vn 0.5769 -0.5781 -0.5770
vn 0.5765 0.5789 -0.5767
vn 0.0000 -0.7092 0.7050
vn 0.0002 -0.6926 0.7213
vn -0.0000 -0.6970 0.7171
vn 0.0000 -0.7085 0.7057
vn 0.5750 -0.5815 -0.5755
vn 0.5750 -0.5766 -0.5804
vn 0.5769 -0.5773 -0.5779
vn 0.5771 -0.5779 -0.5770
vn 0.0000 -0.7093 -0.7049
vn 0.7055 0.0000 -0.7087
vn 0.7055 0.0000 -0.7088
vn 0.5791 0.5799 -0.5730
vn 0.5774 0.5773 0.5773
vn 0.5786 0.5781 0.5754
vn 0.5793 0.5801 -0.5726
vn 0.5790 0.5778 0.5753
vn 0.5778 0.5775 0.5768
vn 0.0002 0.7157 0.6984
vn -0.0000 0.7042 0.7100
vn -0.0000 0.7157 0.6984
vn -0.5756 0.5781 0.5783
vn -0.5741 0.5836 0.5743
vn -0.5770 0.5782 0.5769
vn -0.5772 0.5774 0.5775
vn -0.5750 -0.5804 -0.5766
vn -0.5769 -0.5779 -0.5773
vn 0.0000 -0.7093 0.7049
vn 0.0002 -0.6919 0.7220
vn 0.5745 -0.5744 0.5831
vn 0.5763 -0.5753 -0.5804
vn 0.5770 -0.5768 -0.5782
vn 0.5767 -0.5765 0.5789
vn -0.5817 0.5748 -0.5755
vn -0.5785 0.5767 -0.5769
vn -0.5771 0.5770 -0.5780
vn -0.5765 0.5753 -0.5802
vn -0.0000 0.6911 -0.7227
vn -0.0001 -0.7003 -0.7139
vn 0.5790 -0.5753 0.5778
vn 0.5778 -0.5768 0.5775
vn -0.5746 0.5830 -0.5744
vn -0.5751 0.5776 -0.5792
vn -0.5770 0.5774 -0.5777
vn -0.5771 0.5782 -0.5767
vn 0.5769 -0.5776 -0.5775
vn 0.5795 -0.5758 -0.5767
vn 0.5796 -0.5757 -0.5767
vn -0.0000 -0.7016 0.7125
vn 0.0000 -0.7161 0.6980
vn -0.0002 -0.7161 0.6980
vn 0.5750 0.5761 0.5809
vn 0.5749 0.5747 -0.5824
vn 0.5771 0.5768 -0.5782
vn 0.5768 0.5773 0.5780
vn 0.5743 -0.5831 -0.5745
vn 0.5764 -0.5789 -0.5767
vn 0.5771 0.5782 -0.5768
vn 0.5754 0.5804 -0.5762
vn -0.5753 -0.5778 -0.5790
vn -0.5768 -0.5775 -0.5778
vn -0.5751 -0.5771 0.5798
vn -0.5742 -0.5742 -0.5836
vn -0.5769 -0.5770 -0.5781
vn -0.5770 -0.5773 0.5777
vn 0.0001 0.7028 -0.7114
vn -0.0000 0.7143 -0.6999
vn 0.0002 0.7104 0.7038
vn 0.0002 0.7104 -0.7038
vn 0.0000 0.7105 -0.7037
vn -0.0000 0.7078 -0.7064
vn -0.5756 -0.5783 0.5781
vn -0.5772 -0.5775 0.5774
vn 0.0002 0.7143 -0.6999
vn 0.5745 0.5831 0.5744
vn 0.5767 0.5789 0.5765
vn -0.5742 -0.5743 0.5835
vn -0.5749 -0.5764 -0.5807
vn -0.5753 -0.5766 -0.5801
vn -0.5747 -0.5748 0.5825
vn 0.5753 0.5778 -0.5790
vn 0.5768 0.5775 -0.5778
vn -0.5751 -0.5801 -0.5769
vn -0.5769 -0.5777 -0.5775
vn -0.5771 -0.5771 -0.5779
vn -0.5752 -0.5756 -0.5813
vn -0.0000 0.7138 0.7004
vn 0.5754 0.5772 -0.5795
vn 0.5747 0.5822 -0.5751
vn 0.5770 0.5780 -0.5771
vn 0.5771 0.5773 -0.5776
vn -0.5791 -0.5752 0.5777
vn 0.0000 -0.7072 0.7071
vn -0.5778 -0.5768 0.5775
vn -0.5748 -0.5820 -0.5752
vn -0.5753 -0.5812 -0.5756
vn 0.5770 -0.5769 -0.5782
vn 0.5748 -0.5755 0.5817
vn 0.5767 -0.5769 0.5785
vn 0.0000 0.6956 -0.7184
vn -0.0000 -0.7022 -0.7120
vn -0.5765 -0.5802 0.5753
vn -0.5747 0.5830 0.5743
vn -0.5766 0.5788 0.5766
vn -0.5771 -0.5780 0.5770
vn -0.0000 -0.7052 -0.7090
vn -0.0001 -0.7082 -0.7060
vn -0.0003 -0.7052 -0.7090
vn 0.0000 -0.7157 -0.6984
vn 0.0000 -0.7042 -0.7100
vn 0.5789 0.5735 -0.5796
vn 0.5795 0.5723 -0.5802
vn 0.5797 -0.5745 -0.5778
vn 0.5794 -0.5750 -0.5777
vn 0.0000 -0.7042 0.7100
vn 0.0002 0.6955 0.7185
vn 0.0000 0.6955 0.7185
vn -0.0001 -0.7042 0.7100
vn 0.0001 0.6943 0.7197
vn -0.0000 0.6943 0.7197
vn 0.0002 -0.7016 0.7125
vn -0.6989 0.7152 -0.0001
vn -0.6989 0.7152 0.0000
vn -0.0000 0.7171 -0.6970
vn 0.7184 0.0002 0.6956
vn 0.0002 -0.7024 -0.7118
vn -0.0000 -0.7084 -0.7058
vn 0.6989 -0.7152 0.0000
vn 0.6989 -0.7152 -0.0003
vn 0.7120 -0.7022 0.0000
vn -0.5751 -0.5801 0.5769
vn -0.5769 -0.5777 0.5775
vn -0.0002 0.7104 0.7038
vn 0.5763 -0.5804 0.5753
vn 0.5770 -0.5782 0.5768
vn 0.7055 0.7088 0.0000
vn -0.0001 -0.6919 0.7220
vn -0.0002 0.7104 -0.7038
vn 0.5774 0.5773 -0.5774
vn 0.5773 0.5774 -0.5774
vn -0.5773 0.5774 -0.5774
vn -0.5773 0.5773 0.5774
vn 0.5773 0.5774 0.5774
vn 0.5774 0.5774 0.5773
vn 0.5773 0.5774 -0.5773
vn 0.0000 0.7067 0.7075
vn 0.5773 0.5774 0.5773
vn -0.6989 -0.0000 0.7152
vn -0.6989 -0.0001 0.7152
vn -0.7120 -0.0000 0.7021
vn -0.7120 0.0001 0.7022
vn -0.0000 0.6956 0.7184
vn -0.0002 0.6956 0.7184
vn 0.0000 0.7088 0.7055
vn -0.5741 -0.5836 -0.5743
vn -0.5770 -0.5782 -0.5769
vn 0.0000 -0.7078 -0.7064
vn 0.5773 0.5773 0.5774
vn 0.5773 0.5773 -0.5774
vn 0.5741 0.5743 0.5836
vn 0.5770 0.5769 0.5782
vn 0.5790 0.5753 0.5778
vn 0.5778 0.5768 0.5775
vn 0.5767 0.5765 0.5789
vn 0.5745 0.5744 0.5831
vn 0.5818 -0.5748 -0.5755
vn 0.5785 -0.5767 -0.5769
vn 0.0000 0.7024 -0.7118
vn 0.0002 0.7024 -0.7118
vn 0.0000 -0.6955 0.7185
vn -0.0003 -0.6955 0.7185
vn 0.0001 0.7100 -0.7042
vn -0.0000 0.7100 -0.7042
vn -0.0002 0.7185 0.6955
vn 0.0000 -0.7128 0.7013
vn -0.6989 -0.7153 0.0000
vn 0.6989 -0.7152 -0.0002
vn -0.6989 -0.7153 -0.0002
vn 0.0005 0.7024 -0.7118
vn -0.0000 0.7143 0.6999
vn -0.0000 0.7028 0.7114
vn 0.0002 0.7028 0.7114
vn -0.7184 0.0000 -0.6956
vn -0.7184 0.0001 -0.6956
vn 0.5770 -0.5769 -0.5781
vn -0.7120 0.7021 0.0000
vn -0.7120 0.7021 0.0001
vn 0.6989 -0.7152 0.0002
vn 0.5768 -0.5782 -0.5770
vn 0.5750 0.5804 0.5766
vn 0.5769 0.5779 0.5773
vn 0.5771 -0.5782 0.5767
vn 0.5746 -0.5830 0.5744
vn -0.5752 0.5771 -0.5798
vn -0.5742 0.5742 0.5836
vn -0.5769 0.5770 0.5781
vn -0.5770 0.5773 -0.5777
vn 0.0002 0.7024 0.7118
vn -0.0001 -0.7051 0.7091
vn 0.5773 -0.5773 0.5774
vn 0.5774 -0.5774 0.5773
vn 0.5773 -0.5774 -0.5774
vn 0.5774 -0.5773 0.5773
vn 0.5774 0.5774 -0.5773
vn 0.5773 -0.5774 -0.5773
vn 0.5773 -0.5774 0.5774
vn 0.0000 -0.7143 0.6999
vn 0.0002 -0.7143 -0.6999
vn 0.5788 -0.5788 -0.5745
vn 0.5793 -0.5791 -0.5736
vn 0.5791 -0.5791 0.5738
vn 0.5788 -0.5788 0.5745
vn -0.0000 0.7108 -0.7034
vn 0.5821 0.5755 0.5744
vn 0.5786 0.5769 0.5766
vn -0.5784 0.5771 0.5765
vn -0.5817 0.5756 0.5747
vn -0.5765 -0.5802 -0.5753
vn -0.5771 -0.5780 -0.5770
vn -0.5766 0.5788 -0.5766
vn -0.5747 0.5830 -0.5743
vn 0.5756 0.5781 -0.5783
vn 0.5741 0.5836 -0.5743
vn 0.5769 0.5782 -0.5770
vn 0.5772 0.5774 -0.5775
vn 0.5750 -0.5747 0.5824
vn 0.5751 -0.5798 0.5771
vn 0.5770 -0.5777 0.5773
vn 0.5771 -0.5768 0.5782
vn 0.5778 0.5775 -0.5768
vn 0.5790 0.5778 -0.5753
vn 0.0000 0.7071 -0.7072
vn 0.0014 0.7061 -0.7081
vn 0.0002 -0.7075 -0.7067
vn 0.0016 -0.7070 -0.7072
vn -0.7184 0.0002 -0.6956
vn 0.0000 -0.7088 0.7055
vn 0.0000 -0.7087 0.7055
vn 0.0000 -0.6956 0.7184
vn 0.0002 -0.6956 0.7184
vn 0.5774 -0.5773 0.5774
vn 0.0002 -0.7104 0.7038
vn 0.0000 0.7085 0.7057
vn 0.5742 0.5836 0.5742
vn 0.5756 0.5783 0.5781
vn 0.5772 0.5775 0.5774
vn 0.5769 0.5781 0.5770
vn -0.5751 -0.5761 -0.5808
vn -0.5751 -0.5809 -0.5761
vn -0.5768 -0.5779 -0.5773
vn -0.5771 -0.5772 -0.5778
vn -0.7072 0.7070 -0.0000
vn -0.6989 0.0002 -0.7152
vn -0.5766 0.5766 0.5788
vn -0.5747 0.5743 0.5830
vn -0.0000 0.7057 -0.7085
vn -0.7184 -0.0002 -0.6956
vn -0.0002 -0.7183 0.6957
vn 0.7120 0.0000 0.7021
vn 0.7120 -0.0001 0.7022
vn 0.6989 0.0000 0.7152
vn -0.7184 -0.6956 0.0000
vn -0.7055 -0.7088 0.0000
vn -0.7055 -0.7087 -0.0000
vn 0.5752 -0.5813 0.5756
vn 0.5750 0.5815 0.5755
vn 0.5771 -0.5779 0.5771
vn 0.5753 -0.5778 0.5789
vn 0.5769 -0.5776 0.5776
vn -0.5771 -0.5780 0.5769
vn 0.5752 0.5771 0.5798
vn 0.5742 0.5742 -0.5836
vn 0.5769 0.5770 -0.5781
vn 0.5770 0.5773 0.5777
vn 0.7067 -0.0000 -0.7075
vn -0.0001 0.7006 0.7136
vn -0.0002 0.7178 0.6962
vn -0.0001 0.7009 -0.7132
vn 0.0002 -0.6926 -0.7213
vn 0.5746 0.5744 -0.5830
vn 0.5771 0.5767 -0.5782
vn 0.5750 -0.5809 0.5761
vn 0.5749 0.5824 0.5747
vn 0.5771 0.5782 0.5768
vn 0.5768 -0.5780 0.5773
vn 0.5796 0.5757 -0.5768
vn -0.5756 0.5783 -0.5781
vn -0.5741 0.5743 -0.5836
vn -0.5770 0.5769 -0.5782
vn -0.5772 0.5775 -0.5774
vn 0.7184 0.0000 -0.6956
vn 0.7184 -0.0001 -0.6956
vn -0.0001 0.7051 -0.7091
vn -0.5747 -0.5822 -0.5751
vn -0.5751 0.5808 -0.5761
vn -0.5771 0.5778 -0.5772
vn -0.5770 -0.5780 -0.5771
vn 0.5752 -0.5771 -0.5798
vn 0.5770 -0.5773 -0.5777
vn -0.0000 0.7014 -0.7128
vn 0.0002 0.7014 -0.7128
vn 0.5773 -0.5774 0.5773
vn 0.7071 -0.7071 0.0000
vn 0.0000 0.7128 -0.7013
vn 0.0000 -0.7097 0.7045
vn 0.0000 -0.7132 -0.7010
vn -0.0002 0.7024 -0.7118
vn -0.5754 0.5772 0.5795
vn -0.5747 0.5822 0.5751
vn -0.5770 0.5780 0.5771
vn -0.5771 0.5773 0.5776
vn -0.0017 -0.0000 1.0000
vn -0.0011 0.7066 0.7076
vn 0.0036 0.7088 0.7054
vn 0.0013 0.7068 0.7074
vn -0.0011 -0.7066 0.7076
vn 0.0036 -0.7088 0.7054
vn 0.0013 -0.7068 0.7074
vn 0.0165 -0.7220 -0.6917
vn -0.0000 0.6983 0.7158
vn 0.0016 0.7103 0.7039
vn 0.0009 -0.7050 -0.7092
vn 0.0010 0.7058 -0.7084
vn -0.0105 -0.6990 -0.7150
vn -0.0106 -0.6932 -0.7207
vn 0.0164 0.7242 -0.6894
vn 0.0080 0.7070 0.7071
vn -0.5451 0.1887 -0.8169
vn -0.0103 0.7163 -0.6977
vn 0.0016 -0.7103 0.7039
vn -0.0092 -0.7043 0.7099
vn -0.0091 0.7043 0.7099
vn -0.1693 -0.5662 0.8067
vn -0.5774 -0.5773 0.5774
vn -0.7071 -0.0001 -0.7071
vn -0.5773 -0.5774 -0.5774
vn -0.5774 -0.5773 -0.5774
vn -0.5748 0.5820 -0.5752
vn -0.5753 0.5812 -0.5755
vn 0.0003 0.6911 -0.7227
vn 0.0000 0.7089 -0.7053
vn -0.0003 -0.6919 0.7220
vn -0.0003 -0.6955 -0.7185
vn 0.0000 -0.6955 -0.7185
vn 0.0000 -0.7157 0.6984
vn 0.0000 -0.7128 -0.7013
vn -0.0001 -0.7157 0.6984
vn -0.5754 -0.5795 0.5772
vn -0.5771 -0.5776 0.5773
vn 0.5744 0.5755 -0.5821
vn 0.5766 0.5769 -0.5786
vn 0.5765 0.5771 0.5784
vn 0.5747 0.5756 0.5817
vn 0.0002 0.6943 -0.7197
vn -0.5752 -0.5798 -0.5771
vn -0.5742 0.5836 -0.5742
vn -0.5769 0.5781 -0.5770
vn -0.5770 -0.5777 -0.5773
vn -0.5752 -0.5813 -0.5756
vn -0.5750 0.5815 -0.5755
vn -0.5771 0.5779 -0.5770
vn -0.5771 -0.5779 -0.5771
vn 0.0002 0.7171 -0.6970
vn -0.5769 -0.5776 0.5776
vn 0.5752 -0.5776 0.5792
vn 0.5770 -0.5774 0.5777
vn 0.0000 -0.7152 -0.6989
vn -0.5742 0.5743 0.5836
vn -0.5748 0.5794 0.5779
vn -0.5753 0.5790 0.5778
vn -0.5748 0.5748 0.5825
vn 0.5769 -0.5782 -0.5770
vn 0.5750 0.5755 0.5815
vn 0.5771 0.5770 0.5779
vn -0.5742 -0.5836 0.5742
vn -0.5769 -0.5781 0.5770
vn 0.5753 -0.5789 -0.5778
vn 0.5749 -0.5746 -0.5825
vn 0.5772 -0.5769 -0.5780
vn 0.5752 0.5798 -0.5771
vn 0.5770 0.5777 -0.5773
vn -0.5749 0.5825 0.5746
vn -0.5772 0.5780 0.5769
vn 0.5751 0.5769 -0.5801
vn 0.5769 0.5775 -0.5777
vn -0.5746 0.5744 0.5830
vn -0.5751 0.5793 0.5776
vn -0.5770 0.5777 0.5774
vn -0.5771 0.5767 0.5782
vn -0.0000 0.7100 0.7042
vn -0.0001 0.7100 0.7042
vn 0.5795 0.5769 -0.5756
vn 0.5791 0.5770 -0.5759
vn 0.7070 0.7072 -0.0000
vn 0.0000 -0.7013 -0.7128
vn -0.0000 0.7042 -0.7100
vn -0.7184 0.6956 0.0003
vn 0.5748 -0.5755 -0.5818
vn 0.5767 -0.5769 -0.5785
vn 0.0002 0.6977 -0.7164
vn -0.0000 0.6977 -0.7164
vn -0.5749 0.5764 -0.5807
vn -0.5754 0.5766 -0.5801
vn -0.5765 0.5799 0.5756
vn -0.5771 0.5779 0.5771
vn -0.5767 -0.5788 0.5766
vn -0.5748 -0.5830 0.5743
vn -0.5749 0.5825 -0.5746
vn -0.5772 0.5780 -0.5769
vn 0.5769 0.5777 -0.5775
vn 0.5751 0.5801 -0.5769
vn 0.5750 0.5766 0.5804
vn 0.5769 0.5773 0.5779
vn 0.5748 -0.5825 0.5747
vn 0.5772 -0.5780 0.5769
vn -0.0001 -0.7057 -0.7085
vn 0.0000 -0.7171 -0.6970
vn 0.0000 -0.7057 -0.7085
vn 0.5767 -0.5768 -0.5785
vn -0.5774 -0.5774 -0.5773
vn 0.6989 0.0001 -0.7152
vn 0.5789 0.5735 0.5796
vn 0.5794 0.5725 0.5801
vn 0.5795 0.5768 0.5758
vn 0.5792 0.5769 0.5760
vn -0.5750 -0.5804 0.5766
vn -0.5769 -0.5779 0.5773
vn -0.5771 0.5782 0.5767
vn -0.5746 0.5830 0.5744
vn -0.5749 0.5747 0.5824
vn -0.5752 0.5798 0.5771
vn -0.5770 0.5777 0.5773
vn -0.5771 0.5768 0.5782
vn -0.5751 -0.5769 -0.5801
vn -0.5769 -0.5775 -0.5777
vn -0.5750 0.5766 -0.5804
vn -0.5769 0.5773 -0.5779
vn -0.5755 0.5804 -0.5762
vn -0.0002 -0.7157 -0.6984
vn -0.0000 -0.7062 -0.7080
vn -0.5772 -0.5770 0.5779
vn -0.5750 -0.5756 0.5815
vn 0.5750 -0.5761 -0.5809
vn 0.5768 -0.5773 -0.5780
vn 0.5753 -0.5778 -0.5790
vn 0.5768 -0.5775 -0.5778
vn -0.5749 -0.5746 0.5825
vn -0.5772 -0.5769 0.5780
vn 0.5751 -0.5769 0.5801
vn 0.5769 -0.5775 0.5777
vn 0.5750 0.5755 -0.5815
vn 0.5750 0.5804 -0.5766
vn 0.5769 0.5779 -0.5773
vn 0.5771 0.5770 -0.5779
vn 0.5751 0.5801 0.5769
vn 0.5752 0.5756 0.5813
vn 0.5771 0.5771 0.5779
vn 0.5769 0.5777 0.5775
vn -0.5751 -0.5808 0.5761
vn -0.5751 -0.5761 0.5809
vn -0.5768 -0.5773 0.5780
vn -0.5771 -0.5778 0.5772
vn 0.0002 -0.7013 -0.7128
vn -0.0001 -0.7128 -0.7013
vn -0.5752 0.5813 0.5756
vn -0.5750 -0.5815 0.5755
vn -0.5772 -0.5779 0.5770
vn -0.5751 0.5769 0.5801
vn -0.5769 0.5775 0.5777
vn 0.5770 0.5769 -0.5782
vn 0.5763 0.5753 -0.5804
vn 0.5756 -0.5783 -0.5781
vn 0.5741 -0.5743 -0.5836
vn 0.5769 -0.5770 -0.5782
vn 0.5772 -0.5775 -0.5774
vn -0.5750 0.5761 -0.5809
vn -0.5768 0.5773 -0.5780
vn -0.5774 0.5773 -0.5773
vn 0.5774 0.5773 -0.5773
vn 0.0002 -0.7143 0.6999
vn -0.5749 -0.5747 -0.5824
vn -0.5771 -0.5768 -0.5782
vn -0.6989 -0.7152 0.0000
vn 0.5774 0.5773 0.5774
vn 0.5794 0.5758 -0.5768
vn 0.5790 0.5797 -0.5732
vn 0.5795 0.5801 -0.5724
vn 0.5797 0.5756 -0.5768
vn 0.5778 -0.5775 0.5768
vn 0.5790 -0.5778 0.5753
vn -0.0000 -0.7071 0.7072
vn -0.0001 0.7022 -0.7120
vn -0.0000 0.7021 -0.7120
vn -0.0000 -0.6956 -0.7184
vn 0.0002 0.7128 0.7013
vn -0.5747 -0.5751 0.5822
vn -0.5770 -0.5770 0.5780
vn -0.0002 -0.7171 -0.6970
vn -0.0001 0.7104 0.7038
vn 0.0003 0.7024 0.7118
vn 0.5794 -0.5759 -0.5767
vn 0.5751 -0.5761 0.5808
vn 0.5771 -0.5772 0.5778
vn 0.5751 -0.5808 -0.5761
vn 0.5771 -0.5778 -0.5772
vn 0.5741 -0.5836 0.5743
vn 0.5754 0.5795 0.5772
vn 0.5771 0.5776 0.5773
vn 0.5769 -0.5782 0.5770
vn 0.0000 0.7152 -0.6989
vn -0.0002 0.7152 -0.6989
vn -0.0000 0.7104 -0.7038
vn 0.5797 -0.5747 0.5777
vn 0.5793 -0.5751 0.5776
vn 0.5745 0.5831 -0.5744
vn 0.5767 0.5789 -0.5765
vn 0.5770 -0.5782 -0.5768
vn 0.5763 -0.5804 -0.5753
vn 0.5746 -0.5830 -0.5744
vn 0.5771 -0.5782 -0.5767
vn -0.5750 -0.5766 0.5804
vn -0.5769 -0.5773 0.5779
vn -0.5753 0.5789 -0.5779
vn -0.5749 0.5746 -0.5825
vn -0.5772 0.5769 -0.5780
vn -0.5769 0.5776 -0.5776
vn 0.5754 -0.5772 0.5795
vn 0.5771 -0.5773 0.5776
vn -0.5817 -0.5755 -0.5748
vn -0.5785 -0.5769 -0.5767
vn 0.0000 0.7027 0.7115
vn 0.0000 -0.7027 0.7115
vn 0.0002 -0.7027 0.7115
vn -0.6989 -0.7152 0.0001
vn 0.7120 0.0000 0.7022
vn 0.6989 0.0001 0.7152
vn -0.5774 0.5773 0.5774
vn -0.0001 -0.6984 0.7157
vn 0.5790 -0.5797 -0.5733
vn 0.5794 -0.5801 -0.5725
vn 0.5752 0.5813 -0.5756
vn 0.5771 0.5779 -0.5771
vn -0.7120 -0.0001 0.7022
vn -0.5753 0.5778 -0.5789
vn 0.5771 0.5771 -0.5779
vn 0.5752 0.5756 -0.5813
vn -0.5753 0.5778 0.5789
vn -0.5769 0.5776 0.5776
vn -0.0001 -0.7161 -0.6980
vn -0.0001 -0.7013 0.7128
vn -0.5749 0.5824 -0.5747
vn -0.7120 -0.7022 0.0001
vn -0.0000 0.7171 0.6970
vn 0.5752 -0.5776 -0.5792
vn 0.5770 -0.5774 -0.5777
vn -0.5770 0.5774 0.5777
vn -0.5751 0.5776 0.5793
vn -0.7120 0.0000 0.7022
vn 0.5785 0.5767 -0.5769
vn 0.5818 0.5747 -0.5755
vn -0.6989 0.7152 -0.0002
vn -0.7120 0.7022 0.0001
vn 0.5754 -0.5795 -0.5772
vn 0.5771 -0.5776 -0.5773
vn 0.0000 0.6984 -0.7157
vn -0.0002 0.6984 -0.7157
vn -0.0002 -0.6955 0.7185
vn 0.0002 0.7178 -0.6962
vn -0.7184 0.0002 0.6956
vn -0.5756 -0.5781 -0.5783
vn -0.5772 -0.5774 -0.5775
vn -0.7055 -0.0000 0.7087
vn -0.0005 -0.6970 0.7171
vn 0.7055 -0.7087 -0.0000
vn 0.0002 0.6955 -0.7185
vn 0.5792 0.5742 0.5787
vn 0.5792 -0.5741 0.5787
vn 0.5795 -0.5736 0.5789
vn 0.5795 0.5736 0.5789
vn 0.0000 -0.7045 0.7097
vn -0.0001 -0.7045 0.7097
vn 0.7184 -0.0002 -0.6956
vn 0.7184 -0.0003 0.6956
vn 0.0001 0.7084 -0.7058
vn -0.0000 0.7084 -0.7058
vn 0.7184 -0.6956 0.0000
vn 0.0001 -0.6970 -0.7171
vn 0.0000 0.7013 -0.7128
vn 0.7184 0.0002 -0.6956
vn 0.0000 -0.7138 0.7004
vn 0.5790 0.5779 0.5752
vn 0.5792 0.5780 0.5748
vn 0.5747 -0.5822 0.5751
vn 0.0001 -0.7114 -0.7028
vn 0.0004 -0.6999 -0.7143
vn 0.7120 -0.7022 -0.0001
vn 0.5747 -0.5751 -0.5822
vn 0.5770 -0.5771 -0.5780
vn -0.7055 -0.0000 0.7088
vn -0.5791 0.5777 -0.5752
vn -0.5778 0.5775 -0.5768
vn 0.0000 0.7098 -0.7044
vn -0.0000 0.7067 -0.7075
vn -0.0004 0.7098 -0.7044
vn 0.5790 -0.5779 0.5752
vn 0.5793 -0.5780 0.5748
vn -0.5791 0.5752 0.5777
vn -0.5778 0.5768 0.5774
vn -0.0000 0.7072 0.7071
vn 0.5751 0.5808 0.5761
vn 0.5771 0.5778 0.5772
vn 0.7072 -0.0000 0.7070
vn -0.0001 -0.7114 0.7028
vn -0.0000 0.7022 0.7120
vn -0.0000 0.7021 0.7120
vn -0.0001 -0.7016 -0.7125
vn 0.5742 -0.5836 -0.5742
vn -0.5791 -0.5777 0.5752
vn -0.5778 -0.5775 0.5768
vn 0.7055 0.0000 0.7088
vn -0.0002 0.6943 0.7197
vn 0.0001 0.6955 0.7185
vn -0.0000 0.7098 0.7044
vn 0.5818 -0.5755 0.5748
vn 0.5785 -0.5768 0.5767
vn 0.0002 0.7143 0.6999
vn 0.0001 -0.7016 0.7125
vn 0.0000 0.7152 0.6989
vn 0.5785 -0.5769 -0.5767
vn 0.5818 -0.5755 -0.5748
vn 0.0001 0.7100 0.7042
vn 0.0000 -0.7087 -0.7055
vn -0.7062 -0.0000 0.7080
vn -0.7136 -0.0002 0.7006
vn -0.7136 0.0000 0.7006
vn -0.7067 -0.0001 -0.7075
vn -0.7063 -0.0000 0.7079
vn -0.7063 0.0002 0.7079
vn -0.7067 -0.0000 -0.7075
vn -0.0003 0.7075 0.7067
vn 0.0000 0.7069 0.7073
vn -0.0001 0.7069 0.7073
vn 0.0000 0.7075 0.7067
vn -0.7096 0.0000 0.7046
vn -0.7022 0.0001 0.7120
vn -0.7022 0.0000 0.7120
vn -0.7079 -0.0002 -0.7063
vn -0.7070 0.0000 0.7072
vn -0.7070 -0.0001 0.7072
vn -0.7138 -0.0000 -0.7004
vn -0.7138 0.0000 -0.7003
vn 0.0000 0.7025 0.7117
vn 0.0000 -0.7025 0.7117
vn 0.7003 0.0000 -0.7138
vn 0.7078 -0.0000 -0.7064
vn -0.7103 -0.0000 -0.7039
vn -0.0002 0.7136 -0.7006
vn 0.0000 0.7099 0.7043
vn -0.0001 0.7099 0.7043
vn 0.0000 0.7136 -0.7006
vn 0.0000 0.7063 0.7080
vn -0.0000 0.7072 0.7070
vn -0.0002 0.7063 0.7080
vn 0.7133 0.0000 -0.7008
vn 0.7059 0.0001 -0.7083
vn 0.7059 0.0000 -0.7083
vn 0.7133 0.0002 -0.7008
vn -0.7069 -0.0000 0.7073
vn 0.7051 0.0001 -0.7091
vn -0.6998 0.0000 -0.7143
vn 0.7051 0.0000 -0.7091
vn 0.7062 0.0002 0.7080
vn 0.7068 0.0000 -0.7074
vn 0.7062 -0.0000 0.7080
vn -0.0000 0.7102 -0.7040
vn -0.0000 -0.7072 -0.7070
vn -0.0002 -0.7066 -0.7076
vn 0.7069 -0.0002 0.7073
vn 0.7069 0.0000 0.7073
vn 0.0000 -0.7049 0.7093
vn 0.0002 0.7049 0.7093
vn -0.0000 0.7049 0.7093
vn 0.7027 0.0000 0.7115
vn 0.7102 0.0000 0.7040
vn 0.7027 0.0002 0.7115
vn 0.7109 -0.0002 -0.7033
vn 0.7109 0.0000 -0.7033
vn 0.7081 -0.0000 0.7061
vn -0.7099 -0.0000 -0.7043
vn 0.7049 0.0000 -0.7093
vn -0.7049 -0.0000 -0.7093
vn 0.7061 -0.0000 0.7081
vn -0.0000 0.0042 -1.0000
vn 0.7097 0.0000 -0.7045
vn 0.7089 -0.0000 0.7053
vn 0.7136 0.0000 0.7006
vn 0.7136 0.0002 0.7006
vn 0.7067 0.0000 0.7075
vn 0.7099 0.0001 -0.7043
vn 0.7099 0.0000 -0.7043
vn -0.7067 -0.0001 0.7075
vn -0.7067 -0.0000 0.7075
vn -0.7077 0.0002 0.7065
vn -0.7025 -0.0001 -0.7117
vn 0.7025 0.0000 -0.7117
vn -0.7025 -0.0000 -0.7117
vn -0.7068 -0.0000 -0.7074
vn -0.0000 -0.7067 -0.7075
vn 0.0000 -0.7077 -0.7065
vn 0.7077 0.0000 0.7066
vn 0.7072 -0.0001 -0.7070
vn 0.0000 0.7072 -0.7070
vn -0.0000 0.0043 -1.0000
vn -0.7146 -0.0000 -0.6995
vn -0.7088 0.0000 0.7054
vn -0.7088 0.0001 0.7054
vn -0.7033 -0.0000 -0.7109
vn 0.7076 -0.0002 0.7066
vn 0.7076 0.0000 0.7066
vn -0.7073 -0.0001 0.7069
vn -0.7075 0.0002 -0.7067
vn -0.7069 0.0001 -0.7073
vn -0.6990 0.0000 -0.7151
vn -0.6990 0.0002 -0.7151
vn -0.7036 0.0000 -0.7106
vn 0.7061 -0.0001 -0.7081
vn 0.7061 0.0000 -0.7081
vn 0.7152 0.0000 -0.6990
vn 0.7083 0.0000 0.7059
vn 0.7008 -0.0002 0.7133
vn 0.7008 0.0000 0.7133
vn 0.7077 0.0002 -0.7065
vn 0.7077 0.0000 -0.7065
vn -0.7072 -0.0000 -0.7071
vn -0.7077 -0.0000 -0.7065
vn 0.7050 0.0000 0.7092
vn -0.7048 -0.0002 0.7094
vn -0.7048 -0.0000 0.7094
vn 0.7050 -0.0003 0.7092
vn -0.7014 -0.0000 0.7128
vn 0.7035 0.0000 0.7107
vn 0.0000 -0.7099 0.7043
vn 0.0000 -0.7072 0.7070
vn -0.0000 -0.7063 0.7080
vn 0.7065 0.0000 0.7077
vn 0.7074 -0.0001 0.7068
vn -0.7092 0.0000 0.7050
vn -0.7057 0.0000 0.7085
vn -0.7074 0.0001 0.7068
vn -0.7074 0.0000 0.7068
vn -0.0001 -0.7084 0.7058
vn 0.7069 0.0000 -0.7073
vn 0.7075 -0.0002 -0.7067
vn -0.7094 0.0000 -0.7048
vn -0.7040 0.0000 0.7102
vn -0.7040 0.0001 0.7102
vn -0.7073 -0.0001 0.7070
vn -0.7073 -0.0000 0.7070
vn 0.7110 -0.0000 0.7032
vn 0.7070 0.0000 0.7072
vn -0.7065 -0.0000 -0.7077
vn -0.7070 0.0000 -0.7073
vn -0.7044 -0.0000 0.7098
vn 0.7065 0.0000 -0.7077
vn 0.7041 0.0000 0.7101
vn 0.7076 0.0000 -0.7066
vn -0.7073 -0.0001 -0.7069
vn -0.7073 0.0000 -0.7069
vn -0.7061 0.0000 0.7081
vn 0.0001 -0.7069 0.7073
vn 0.0000 -0.7069 0.7073
vn 0.7039 0.0000 -0.7103
vn 0.7066 0.0000 -0.7077
vn 0.7069 -0.0001 -0.7073
vn -0.0000 0.7077 -0.7065
vn 0.7101 0.0000 -0.7041
vn 0.7085 0.0001 0.7057
vn 0.7085 0.0000 0.7057
vn -0.7068 -0.0002 0.7074
vn -0.7068 0.0000 0.7074
vn 0.7063 0.0000 -0.7080
vn -0.7059 0.0001 -0.7083
vn -0.7059 0.0000 -0.7083
vn 0.7081 0.0000 0.7062
vn -0.7102 -0.0001 0.7040
vn -0.7102 -0.0000 0.7040
vn 0.0002 0.7066 -0.7076
vn 0.7071 -0.0000 -0.7072
vn -0.0002 -0.7102 -0.7040
vn -0.7076 0.0000 -0.7067
vn -0.7076 -0.0002 -0.7067
vn 0.7077 0.0000 0.7065
vn 0.0000 -0.0043 1.0000
vn 0.0000 -0.7075 0.7067
vn 0.0002 -0.7075 0.7067
vn -0.7084 -0.0000 -0.7058
vn 0.7084 0.0000 -0.7058
vn 0.7067 0.0002 0.7075
vn -0.7063 -0.0000 -0.7080
vn 0.7078 0.0002 -0.7064
vn 0.7068 0.0001 0.7074
vn 0.7068 0.0000 0.7074
vn 0.7073 -0.0001 -0.7069
vn 0.7073 0.0000 -0.7069
vn -0.7077 0.0002 -0.7065
vn -0.7079 0.0000 0.7063
vn -0.7079 0.0001 0.7063
vn -0.0000 -0.7136 -0.7006
vn -0.7107 -0.0001 -0.7035
vn -0.7107 -0.0000 -0.7035
vn -0.7115 0.0000 0.7027
vn 0.7125 0.0000 -0.7017
usemtl 64,64,64.001
s 1
f 1652/1/1 1653/2/2 1656/3/2 1657/4/1
f 1727/5/3 1726/6/3 1803/7/4 1779/8/3
f 1737/9/5 1736/10/6 1794/11/7 1795/12/5
f 1839/13/8 1838/14/9 1706/15/10 1705/16/11
f 1876/17/12 1875/18/13 1683/19/13 1682/20/14
f 2031/21/15 1933/22/15 1885/23/16 1884/24/15
f 1877/25/17 1876/17/12 1682/20/14 1681/26/18
f 1815/27/19 1750/28/3 1749/29/20 1816/30/3
f 1653/2/2 1654/31/21 1655/32/22 1656/3/2
f 2102/33/23 2101/34/15 1924/35/15 1932/36/23
f 2003/37/24 2002/38/25 2010/39/26 2011/40/27
f 2029/41/28 2030/42/6 1973/43/29 1972/44/28
f 1814/45/30 1813/46/3 1752/47/31 1751/48/32
f 1899/49/33 1898/50/34 2100/51/34 2099/52/33
f 2279/53/35 2278/54/36 2157/55/36 2156/56/35
f 2360/57/37 2333/58/38 2332/59/39 2359/60/40
f 2266/61/41 2186/62/42 2185/63/43 2184/64/44 2267/65/45
f 1789/66/46 1790/67/47 1733/68/47 1732/69/48
f 1869/70/49 1868/71/17 1690/72/17 1689/73/49
f 2358/74/50 2331/75/51 2330/76/52 2357/77/52
f 2112/78/53 2111/79/23 1923/80/23 1922/81/54
f 1660/82/34 1659/83/15 1854/84/15 1862/85/34
f 2221/86/55 2220/87/56 2328/88/56 2327/89/55
f 2301/90/57 2300/91/58 2136/92/59 2135/93/11
f 2170/94/60 2236/95/61 2232/96/62 2171/97/61
f 1790/67/47 1791/98/28 1734/99/28 1733/68/47
f 2226/100/63 2225/101/64 2323/102/65 2322/103/63
f 1752/47/31 1813/46/3 1812/104/66 1753/105/67
f 1897/106/15 1905/107/68 2093/108/69 2092/109/15
f 1674/110/70 1673/111/71 1849/112/72 1848/113/70
f 1900/114/73 1899/49/33 2099/52/33 2098/115/74
f 2164/116/75 2163/117/11 2252/118/76 2253/119/75
f 2280/120/77 2279/53/35 2156/56/35 2155/121/6
f 1738/122/78 1737/9/5 1795/12/5 1796/123/78
f 1662/124/73 1661/125/33 1861/126/33 1860/127/73
f 2018/128/79 2019/129/80 1979/130/81 1978/131/82
f 2045/132/83 2082/133/80 1938/134/84 1937/135/11
f 1817/136/85 1748/137/6 1747/138/86 1818/139/6
f 2115/140/17 2114/141/12 1920/142/14 1919/143/18
f 1868/71/17 1867/144/14 1691/145/14 1690/72/17
f 2027/146/46 2028/147/47 1971/148/47 1970/149/48
f 2123/150/87 2124/151/88 2121/152/89 2122/153/90
f 1830/154/91 1829/155/92 1715/156/93 1714/157/94
f 1957/158/26 1956/159/6 2064/160/95 2063/161/96
f 2248/162/97 2249/163/98 2132/164/99 2131/165/100
f 2138/166/101 2298/167/90 2297/168/102 2139/169/90
f 1669/170/34 1668/171/15 1845/172/15 1853/173/34
f 2287/174/103 2149/175/6 2148/176/104 2288/177/6
f 1673/111/71 1672/178/105 1850/179/106 1849/112/72
f 1832/180/107 1831/181/94 1713/182/108 1712/183/107
f 2022/184/94 1982/185/94 1981/186/109 2021/187/94
f 1647/188/16 1648/189/3 1645/190/110 1646/191/15
f 2199/192/111 2198/193/112 2241/194/112 2242/195/113
f 2239/196/114 2169/197/115 2168/198/116 2238/199/115
f 1926/200/90 1927/201/90 1928/202/90 1929/203/90 1930/204/90 1947/205/90 1948/206/90 1949/207/90 1950/208/90
f 2201/209/61 2209/210/117 2303/211/117 2302/212/61
f 2225/101/64 2224/213/118 2324/214/119 2323/102/65
f 2039/215/120 2040/216/3 1963/217/121 1962/218/6
f 1817/219/85 1816/30/3 1749/29/20 1748/220/6
f 1878/221/49 1877/25/17 1681/26/18 1680/222/49
f 2355/223/122 2347/224/123 2338/225/123 2346/226/122
f 2205/227/124 2204/228/125 2308/229/126 2307/230/124
f 2240/231/127 2197/232/6 2196/233/128 2256/234/6
f 1965/235/15 2017/236/15 2013/237/129 1966/238/15
f 1650/239/34 1651/240/130 1658/241/131 1643/242/132
f 1807/243/83 1699/244/11 1698/245/133 1806/246/11
f 1995/247/134 1994/248/67 2047/249/135 2046/250/11
f 1969/251/136 1968/252/67 2015/253/137 2016/254/69
f 2170/255/60 2169/197/115 2239/196/114 2236/256/61
f 2079/257/71 1941/258/138 1940/259/139 2080/260/140
f 2077/261/8 1943/262/11 1942/263/141 2078/264/21
f 1747/265/86 1746/266/25 1819/267/142 1818/268/6
f 1743/269/109 1742/270/80 1782/271/143 1783/272/94
f 2057/273/144 1984/274/25 1983/275/145 2058/276/25
f 2198/193/112 2197/277/6 2240/278/127 2241/194/112
f 2366/279/15 2367/280/15 2380/281/15 2381/282/15 2382/283/15 2374/284/15 2375/285/15 2376/286/15 2372/287/15 2373/288/15 2365/289/15
f 2103/290/146 2102/33/23 1932/36/23 1931/291/54
f 2278/54/36 2277/292/61 2158/293/147 2157/55/36
f 2113/294/13 2112/78/53 1922/81/54 1921/295/13
f 1835/296/148 1709/297/67 1708/298/69 1836/299/67
f 1665/300/149 1664/301/71 1858/302/71 1857/303/70
f 1663/304/150 1662/124/73 1860/127/73 1859/305/106
f 2134/306/151 2251/307/11 2301/308/57 2135/309/11
f 1903/310/70 1902/311/71 2096/312/71 2095/313/70
f 1763/314/90 1764/315/90 1765/316/90 1766/317/90 1767/318/90 1768/319/90 1769/320/90 1654/321/90 1653/322/90 1652/323/90 1651/324/90 1650/325/90 1649/326/90 1648/327/90 1647/328/90 1695/329/90 1696/330/90 1697/331/90 1698/332/90 1699/333/90 1700/334/90 1701/335/90 1702/336/90 1703/337/90 1704/338/90 1705/339/90 1706/340/90 1670/341/90 1671/342/90 1672/343/90 1673/344/90 1674/345/90 1675/346/90 1676/347/90 1682/348/90 1683/349/90 1684/350/90 1685/351/90 1677/352/90 1678/353/90 1714/354/90 1715/355/90 1716/356/90 1717/357/90 1718/358/90 1719/359/90 1720/360/90 1721/361/90 1722/362/90 1723/363/90 1724/364/90 1725/365/90 1726/366/90 1727/367/90 1728/368/90 1729/369/90 1730/370/90 1731/371/90 1732/372/90 1733/373/90 1734/374/90 1665/375/90 1666/376/90 1667/377/90 1659/378/90 1660/379/90 1661/380/90 1662/381/90 1663/382/90 1664/383/90 1753/384/90 1754/385/90 1755/386/90 1756/387/90 1757/388/90 1758/389/90 1759/390/90 1760/391/90 1761/392/90 1762/393/90
f 1785/394/152 1786/395/153 1767/396/154 1766/397/155
f 2289/398/156 2147/399/157 2146/400/158 2290/401/115
f 2399/402/94 2398/403/94 2397/404/94 2396/405/94 2387/406/94 2386/407/94 2385/408/94 2384/409/94 2383/410/94 2391/411/94 2390/412/94 2389/413/94 2388/414/94 2395/415/94 2394/416/94 2393/417/94 2392/418/94 2400/419/94
f 2336/420/15 2337/421/15 2338/422/15 2339/423/15 2340/424/15 2341/425/15 2342/426/15 2334/427/15 2335/428/15
f 2010/39/26 2002/38/25 2001/429/159 2009/430/25
f 2284/431/94 2285/432/94 2302/433/94 2303/434/94
f 1905/107/68 1904/435/160 2094/436/160 2093/108/69
f 1901/437/161 1900/114/73 2098/115/74 2097/438/106
f 2119/439/162 2120/440/88 2125/441/163 2126/442/164
f 1757/443/134 1756/444/67 1809/445/135 1808/446/11
f 2024/447/153 2025/448/165 2006/449/165 2005/450/154
f 2271/451/35 2270/452/166 2181/453/36 2180/454/35
f 1946/455/69 1945/456/67 2075/457/167 2074/458/67
f 2066/459/168 2065/460/6 1955/461/169 1954/462/168
f 2025/448/165 2026/463/170 2007/464/171 2006/449/165
f 1885/465/16 1886/466/3 1883/467/172 1884/468/15
f 1976/469/78 1975/470/5 2033/471/5 2034/472/78
f 1989/473/32 1988/474/3 2053/475/19 2052/476/173
f 1888/477/34 1889/478/130 1896/479/174 1881/480/132
f 2117/481/175 2116/482/49 1918/483/49 1917/484/176
f 2352/485/177 2353/486/178 2344/487/178 2343/488/179
f 2227/489/180 2226/100/63 2322/103/63 2321/490/180
f 1754/491/181 1753/105/67 1812/104/66 1811/492/182
f 2388/493/183 2389/494/184 2380/495/184 2379/496/185
f 2384/497/186 2385/498/187 2376/499/187 2375/500/186
f 1751/501/32 1750/28/3 1815/27/19 1814/502/30
f 2349/503/188 2350/504/189 2341/505/189 2340/506/190
f 1871/507/191 1870/508/175 1688/509/192 1687/510/191
f 2073/511/148 1947/512/67 1946/513/69 2074/514/67
f 2172/515/193 2233/516/194 2234/517/195 2173/518/194
f 2207/519/196 2206/520/197 2306/521/197 2305/522/198
f 1713/523/108 1831/524/94 1830/525/91 1714/526/94
f 2250/527/199 2251/528/11 2134/529/151 2133/530/199
f 1731/531/136 1730/532/67 1777/533/137 1778/534/69
f 2165/535/200 2164/116/75 2253/119/75 2254/536/201
f 1995/537/134 2046/538/11 2036/539/83 1996/540/11
f 1664/301/71 1663/304/150 1859/305/106 1858/302/71
f 2297/541/102 2296/542/184 2140/543/202 2139/544/90
f 2131/545/15 2132/546/15 2218/547/15 2210/548/15
f 2174/549/203 2173/518/194 2234/517/195 2235/550/204
f 2190/551/205 2262/552/206 2261/553/207 2191/554/208
f 1866/555/13 1865/556/146 1693/557/54 1692/558/13
f 2109/559/191 2108/560/175 1926/561/209 1925/562/191
f 1823/563/210 1822/564/211 1722/565/212 1721/566/213
f 1807/567/83 1844/568/80 1700/569/214 1699/570/11
f 2287/571/103 2286/572/215 2150/573/216 2149/574/6
f 2272/575/217 2271/451/35 2180/454/35 2179/576/6
f 2071/577/218 2070/578/107 1950/579/107 1949/580/218
f 2394/581/219 2367/582/219 2366/583/220 2393/584/220
f 1891/585/2 1892/586/11 1893/587/22 1894/588/2
f 2032/589/7 1974/590/221 1973/591/29 2030/592/6
f 2081/593/80 1939/594/222 1938/134/84 2082/133/80
f 1833/595/218 1832/180/107 1712/183/107 1711/596/223
f 1761/597/80 1760/598/80 1800/599/224 1774/600/80
f 2361/601/225 2334/602/226 2333/603/38 2360/604/37
f 2023/605/152 2024/447/153 2005/450/154 2004/606/155
f 1942/607/141 1941/258/138 2079/257/71 2078/608/21
f 2188/609/11 2187/610/227 2265/611/228 2264/612/11
f 1873/613/23 1872/614/15 1677/615/15 1685/616/23
f 1918/617/90 1919/618/90 1906/619/90 1907/620/90
f 2105/621/14 2104/622/13 1930/623/13 1929/624/14
f 2400/625/229 2373/626/229 2372/627/230 2399/628/231
f 2359/60/40 2332/59/39 2331/75/51 2358/74/50
f 1698/629/133 1697/630/67 1805/631/232 1806/632/11
f 1908/633/233 1907/634/34 2091/635/234 2090/636/33
f 2389/494/184 2390/637/235 2381/638/236 2380/495/184
f 2209/210/117 2208/639/193 2304/640/237 2303/211/117
f 2116/482/49 2115/140/17 1919/143/18 1918/483/49
f 2259/641/238 2258/642/184 2194/643/184 2193/644/239
f 1775/645/129 1776/646/67 1729/647/240 1728/648/15
f 2399/628/231 2372/627/230 2371/649/241 2398/650/241
f 1843/651/80 1701/652/222 1700/569/214 1844/568/80
f 1740/653/82 1739/654/242 1797/655/243 1780/656/79
f 2357/77/52 2330/76/52 2329/657/244 2356/658/244
f 2077/659/8 2076/660/67 1944/661/10 1943/662/11
f 1834/663/245 1833/595/218 1711/596/223 1710/664/10
f 1782/271/143 1742/270/80 1741/665/81 1781/666/80
f 2218/667/117 2217/668/193 2313/669/237 2312/670/117
f 2104/622/13 2103/290/146 1931/291/54 1930/623/13
f 2246/671/246 2247/672/6 2178/673/247 2177/674/246
f 2364/675/248 2337/676/248 2336/677/249 2363/678/250
f 2358/679/94 2354/680/94 2353/681/94 2359/682/94
f 2210/683/61 2218/667/117 2312/670/117 2311/684/61
f 1880/685/191 1879/686/175 1679/687/175 1678/688/191
f 2390/637/235 2391/689/251 2382/690/251 2381/638/236
f 2142/691/252 2294/692/6 2293/693/221 2143/694/6
f 1651/240/130 1652/1/1 1657/4/1 1658/241/131
f 1761/695/94 1774/696/94 1770/697/253 1762/698/94
f 2058/699/61 2022/700/61 2021/701/61 2020/702/61 2019/703/61 2018/704/61 2035/705/61 2034/706/61 2033/707/61 2032/708/61 2030/709/61 2029/710/61 2028/711/61 2027/712/61 2016/713/61 2015/714/61 2014/715/61 2013/716/61 2017/717/61 2041/718/61 2040/719/61 2039/720/61 2059/721/61 2060/722/61 2061/723/61 2062/724/61 2063/725/61 2064/726/61 2065/727/61 2066/728/61 2067/729/61 2068/730/61 2069/731/61 2070/732/61 2071/733/61 2072/734/61 2108/735/61 2109/736/61 2101/737/61 2102/738/61 2103/739/61 2117/740/61 2118/741/61 2110/742/61 2111/743/61 2112/744/61 2113/745/61 2114/746/61 2115/747/61 2116/748/61 2091/749/61 2083/750/61 2084/751/61 2085/752/61 2086/753/61 2087/754/61 2088/755/61 2092/756/61 2093/757/61 2094/758/61 2095/759/61 2096/760/61 2097/761/61 2098/762/61 2099/763/61 2100/764/61 2078/765/61 2079/766/61 2080/767/61 2081/768/61 2082/769/61 2045/770/61 2044/771/61 2043/772/61 2042/773/61 2031/774/61 1884/775/61 1883/776/61 1882/777/61 1881/778/61 1896/779/61 1895/780/61 1894/781/61 1893/782/61 2026/783/61 2025/784/61 2024/785/61 2023/786/61 2011/787/61 2010/788/61 2009/789/61 2008/790/61 2012/791/61 2038/792/61 2037/793/61 2036/794/61 2046/795/61 2047/796/61 2048/797/61 2049/798/61 2050/799/61 2051/800/61 2052/801/61 2053/802/61 2054/803/61 2055/804/61 2056/805/61 2057/806/61
f 2167/807/254 2166/808/255 2255/809/256 2237/810/257
f 1757/811/134 1808/812/11 1798/813/83 1758/814/11
f 1643/815/132 1644/816/3 1649/817/258 1650/818/34
f 1870/508/175 1869/70/49 1689/73/49 1688/509/192
f 2150/573/216 2286/572/215 2285/819/259 2151/820/260
f 1675/821/160 1674/110/70 1848/113/70 1847/822/261
f 2275/823/262 2274/824/263 2161/825/264 2160/826/262
f 2396/827/265 2369/828/266 2368/829/267 2395/830/267
f 1655/831/22 1654/832/21 1769/833/171 1788/834/11
f 2217/668/193 2216/835/198 2314/836/198 2313/669/237
f 2178/837/247 2247/838/6 2272/839/217 2179/840/6
f 1822/564/211 1821/841/6 1723/842/6 1722/565/212
f 2070/578/107 2069/843/94 1951/844/268 1950/579/107
f 2053/475/19 1988/474/3 1987/845/20 2054/846/3
f 1786/395/153 1787/847/165 1768/848/165 1767/396/154
f 2293/849/221 2292/850/115 2144/851/269 2143/852/6
f 1780/853/79 1781/666/80 1741/665/81 1740/854/82
f 2128/855/270 2229/856/260 2230/857/271 2129/858/260
f 2398/650/241 2371/649/241 2370/859/272 2397/860/272
f 1913/861/160 1912/862/70 2086/863/70 2085/864/160
f 2189/865/273 2188/609/11 2264/612/11 2263/866/274
f 1794/867/7 1736/868/6 1735/869/29 1792/870/275
f 2126/871/164 2200/872/276 2243/873/277 2119/874/162
f 2245/875/278 2246/671/246 2177/674/246 2176/876/279
f 2353/486/178 2354/877/280 2345/878/280 2344/487/178
f 1881/879/132 1882/880/3 1887/881/258 1888/882/34
f 2047/249/135 1994/248/67 1993/883/281 2048/884/67
f 2295/885/282 2294/886/6 2142/887/252 2141/888/282
f 2208/639/193 2207/519/196 2305/522/198 2304/640/237
f 2395/830/267 2368/829/267 2367/582/219 2394/581/219
f 1835/889/148 1834/663/245 1710/664/10 1709/297/67
f 2231/890/283 2248/162/97 2131/165/100 2130/891/284
f 2072/892/285 2071/577/218 1949/580/218 1948/893/10
f 1784/894/94 1744/895/94 1743/896/109 1783/897/94
f 1978/898/82 1977/899/242 2035/900/243 2018/901/79
f 2237/902/257 2238/199/115 2168/198/116 2167/903/254
f 1682/348/90 1676/347/90 1668/904/90 1669/905/90 1670/341/90 1706/340/90 1707/906/90 1708/907/90 1692/908/90 1693/909/90 1694/910/90 1686/911/90 1687/912/90 1688/913/90 1689/914/90 1710/915/90 1711/916/90 1712/917/90 1713/918/90 1714/354/90 1678/353/90 1679/919/90 1680/920/90 1681/921/90
f 2015/253/137 1968/252/67 1967/922/286 2014/923/67
f 1709/924/90 1710/915/90 1689/914/90 1690/925/90 1691/926/90 1692/908/90 1708/907/90
f 2055/927/85 1986/928/6 1985/929/86 2056/930/6
f 1748/931/90 1749/932/90 1750/933/90 1751/934/90 1752/935/90 1753/384/90 1664/383/90 1665/375/90 1734/374/90 1735/936/90 1736/937/90 1737/938/90 1738/939/90 1739/940/90 1740/941/90 1741/942/90 1742/943/90 1743/944/90 1744/945/90 1745/946/90 1746/947/90 1747/948/90
f 2158/949/147 2277/950/61 2276/951/287 2159/952/61
f 1872/953/15 1880/685/191 1678/688/191 1677/954/15
f 2276/955/287 2275/823/262 2160/826/262 2159/956/61
f 2214/957/124 2213/958/125 2317/959/125 2316/960/124
f 1727/961/15 1779/962/15 1775/963/129 1728/964/15
f 2220/87/56 2219/965/61 2320/966/61 2328/88/56
f 2268/967/288 2267/65/45 2184/64/44 2183/968/289
f 1910/969/105 1909/970/73 2089/971/73 2088/972/106
f 1906/973/15 1914/974/68 2084/975/69 2083/976/15
f 1912/862/70 1911/977/71 2087/978/71 2086/863/70
f 1672/178/105 1671/979/73 1851/980/73 1850/179/106
f 1801/981/120 1802/982/3 1725/983/290 1724/984/6
f 1826/985/95 1718/986/6 1717/987/169 1827/988/6
f 2036/989/83 2037/990/80 1997/991/291 1996/992/11
f 2031/993/67 2042/994/67 1934/995/292 1933/996/67
f 1999/997/80 1998/998/80 2038/999/224 2012/1000/80
f 2385/498/187 2386/1001/293 2377/1002/294 2376/499/187
f 1656/1003/61 1861/1004/61 1862/1005/61 1850/1006/61 1851/1007/61 1852/1008/61 1853/1009/61 1878/1010/61 1879/1011/61 1880/1012/61 1872/1013/61 1873/1014/61 1830/1015/61 1831/1016/61 1864/1017/61 1865/1018/61 1836/1019/61 1837/1020/61 1838/1021/61 1839/1022/61 1840/1023/61 1841/1024/61 1842/1025/61 1843/1026/61 1844/1027/61 1807/1028/61 1806/1029/61 1805/1030/61 1804/1031/61 1793/1032/61 1646/1033/61 1645/1034/61 1644/1035/61 1643/1036/61 1658/1037/61 1657/1038/61
f 2274/824/263 2273/1039/11 2162/1040/295 2161/825/264
f 1790/1041/61 1789/1042/61 1778/1043/61 1777/1044/61 1776/1045/61 1775/1046/61 1779/1047/61 1803/1048/61 1802/1049/61 1801/1050/61 1821/1051/61 1822/1052/61 1823/1053/61 1824/1054/61 1825/1055/61 1826/1056/61 1827/1057/61 1828/1058/61 1829/1059/61 1830/1015/61 1873/1014/61 1874/1060/61 1875/1061/61 1876/1062/61 1877/1063/61 1878/1010/61 1853/1009/61 1845/1064/61 1846/1065/61 1847/1066/61 1848/1067/61 1849/1068/61 1850/1006/61 1862/1005/61 1854/1069/61 1855/1070/61 1856/1071/61 1857/1072/61 1858/1073/61 1859/1074/61 1860/1075/61 1861/1004/61 1656/1003/61 1655/1076/61 1788/1077/61 1787/1078/61 1786/1079/61 1785/1080/61 1773/1081/61 1772/1082/61 1771/1083/61 1770/1084/61 1774/1085/61 1800/1086/61 1799/1087/61 1798/1088/61 1808/1089/61 1809/1090/61 1810/1091/61 1811/1092/61 1812/1093/61 1813/1094/61 1814/1095/61 1815/1096/61 1816/1097/61 1817/1098/61 1818/1099/61 1819/1100/61 1820/1101/61 1784/1102/61 1783/1103/61 1782/1104/61 1781/1105/61 1780/1106/61 1797/1107/61 1796/1108/61 1795/1109/61 1794/1110/61 1792/1111/61 1791/1112/61
f 1777/533/137 1730/532/67 1729/647/240 1776/646/67
f 1883/467/172 1886/466/3 1887/881/258 1882/880/3
f 1835/1113/61 1836/1019/61 1865/1018/61 1866/1114/61 1867/1115/61 1868/1116/61 1869/1117/61 1870/1118/61 1871/1119/61 1863/1120/61 1864/1017/61 1831/1016/61 1832/1121/61 1833/1122/61 1834/1123/61
f 2228/1124/296 2127/1125/90 2123/1126/87 2122/1127/90
f 1997/991/291 2037/990/80 2038/999/224 1998/998/80
f 2348/1128/297 2349/503/188 2340/506/190 2339/1129/297
f 2224/213/118 2223/1130/298 2325/1131/299 2324/214/119
f 2068/1132/91 2067/1133/92 1953/1134/92 1952/1135/94
f 2282/1136/300 2153/1137/260 2152/1138/301 2283/1139/260
f 1793/1140/67 1804/1141/67 1696/1142/292 1695/1143/67
f 2354/877/280 2355/223/122 2346/226/122 2345/878/280
f 2386/1001/293 2387/1144/302 2378/1145/302 2377/1002/294
f 2252/1146/76 2163/1147/11 2162/1148/295 2273/1149/11
f 1914/974/68 1913/861/160 2085/864/160 2084/975/69
f 1909/970/73 1908/633/233 2090/636/33 2089/971/73
f 2351/1150/303 2352/485/177 2343/488/179 2342/1151/303
f 1963/217/121 2040/216/3 2041/1152/4 1964/1153/3
f 2232/1154/62 2233/516/194 2172/515/193 2171/1155/61
f 1770/1156/253 1771/1157/25 1763/1158/159 1762/1159/94
f 2363/678/250 2336/677/249 2335/1160/304 2362/1161/305
f 1910/1162/90 1911/1163/90 1897/1164/90 1898/1165/90 1909/1166/90
f 2230/1167/94 2229/1168/94 2228/1169/94 2122/1170/94 2121/1171/94 2120/1172/94 2119/1173/94 2243/1174/94 2242/1175/94 2241/1176/94 2240/1177/94 2256/1178/94 2257/1179/94 2258/1180/94 2259/1181/94 2260/1182/94 2261/1183/94 2262/1184/94 2263/1185/94 2328/1186/94 2320/1187/94 2321/1188/94 2322/1189/94 2316/1190/94 2317/1191/94 2318/1192/94 2319/1193/94 2311/1194/94 2312/1195/94 2313/1196/94 2314/1197/94 2315/1198/94 2291/1199/94 2292/1200/94 2293/1201/94 2294/1202/94 2295/1203/94 2296/1204/94 2297/1205/94 2298/1206/94 2299/1207/94 2300/1208/94 2301/1209/94 2251/1210/94 2250/1211/94 2249/1212/94 2248/1213/94 2231/1214/94
f 1739/654/242 1738/122/78 1796/123/78 1797/655/243
f 2049/1215/182 2048/884/67 1993/883/281 1992/1216/306
f 2106/1217/17 2105/621/14 1929/624/14 1928/1218/17
f 1952/1219/90 1953/1220/90 1954/1221/90 1955/1222/90 1921/1223/90 1922/1224/90 1923/1225/90 1915/1226/90
f 2061/1227/307 2060/1228/212 1960/1229/212 1959/1230/210
f 2075/457/167 1945/456/67 1944/661/10 2076/660/67
f 1787/847/165 1788/1231/11 1769/1232/171 1768/848/165
f 2055/1233/85 2054/846/3 1987/845/20 1986/1234/6
f 2397/860/272 2370/859/272 2369/1235/266 2396/1236/265
f 2261/553/207 2260/1237/308 2192/1238/308 2191/554/208
f 2219/1239/61 2227/489/180 2321/490/180 2320/1240/61
f 2045/1241/83 1937/1242/11 1936/1243/133 2044/1244/11
f 2190/1245/205 2189/865/273 2263/866/274 2262/1246/206
f 1907/634/34 1906/1247/15 2083/1248/15 2091/635/234
f 1961/1249/6 2059/1250/6 2039/1251/120 1962/1252/6
f 1829/155/92 1828/1253/309 1716/1254/168 1715/156/93
f 1719/1255/26 1718/1256/6 1826/1257/95 1825/1258/26
f 2204/228/125 2203/1259/310 2309/1260/114 2308/229/126
f 2387/1144/302 2388/493/183 2379/496/185 2378/1145/302
f 2028/147/47 2029/41/28 1972/44/28 1971/148/47
f 1811/1261/182 1810/1262/67 1755/1263/281 1754/1264/181
f 2270/452/166 2269/1265/311 2182/1266/312 2181/453/36
f 1904/435/160 1903/310/70 2095/313/70 2094/436/160
f 1981/1267/109 1980/1268/80 2020/1269/143 2021/1270/94
f 2114/141/12 2113/294/13 1921/295/13 1920/142/14
f 1893/1271/22 1892/1272/11 2007/1273/171 2026/1274/170
f 1671/979/73 1670/1275/33 1852/1276/33 1851/980/73
f 1793/1277/15 1695/1278/15 1647/1279/16 1646/1280/15
f 2067/1133/92 2066/459/168 1954/462/168 1953/1134/92
f 1936/1281/133 1935/1282/67 2043/1283/232 2044/1284/11
f 2052/1285/173 2051/1286/3 1990/1287/31 1989/1288/32
f 2211/1289/313 2210/1290/61 2311/1291/61 2319/1292/313
f 2008/1293/253 2009/430/25 2001/429/159 2000/1294/94
f 2212/1295/310 2211/1289/313 2319/1292/313 2318/1296/114
f 1661/125/33 1660/82/34 1862/85/34 1861/126/33
f 2060/1228/212 2059/1297/6 1961/1298/6 1960/1229/212
f 2121/152/89 2124/151/88 2125/441/163 2120/440/88
f 2139/1299/15 2140/1300/15 2141/1301/15 2142/1302/15 2143/1303/15 2144/1304/15 2145/1305/15 2146/1306/15 2147/1307/15 2148/1308/15 2149/1309/15 2150/1310/15 2151/1311/15 2152/1312/15 2209/1313/15 2201/1314/15 2202/1315/15 2225/1316/15 2226/1317/15 2227/1318/15 2219/1319/15 2220/1320/15 2221/1321/15 2222/1322/15 2223/1323/15 2224/1324/15 2185/1325/15 2186/1326/15 2187/1327/15 2188/1328/15 2189/1329/15 2190/1330/15 2191/1331/15 2192/1332/15 2193/1333/15 2194/1334/15 2195/1335/15 2196/1336/15 2197/1337/15 2198/1338/15 2199/1339/15 2200/1340/15 2126/1341/15 2125/1342/15 2124/1343/15 2123/1344/15 2127/1345/15 2128/1346/15 2129/1347/15 2130/1348/15 2131/545/15 2210/548/15 2211/1349/15 2212/1350/15 2213/1351/15 2214/1352/15 2215/1353/15 2216/1354/15 2217/1355/15 2218/547/15 2132/546/15 2133/1356/15 2134/1357/15 2135/1358/15 2136/1359/15 2137/1360/15 2138/1361/15
f 2223/1130/298 2222/1362/314 2326/1363/314 2325/1131/299
f 1890/1364/1 1891/585/2 1894/588/2 1895/1365/1
f 2179/1366/15 2180/1367/15 2181/1368/15 2182/1369/15 2183/1370/315 2184/1371/15 2185/1325/15 2224/1324/15 2225/1316/15 2202/1315/15 2203/1372/15 2204/1373/15 2205/1374/15 2206/1375/15 2207/1376/15 2208/1377/15 2209/1313/15 2152/1312/15 2153/1378/15 2154/1379/15 2155/1380/15 2156/1381/15 2157/1382/15 2158/1383/15 2159/1384/15 2160/1385/15 2161/1386/15 2162/1387/15 2163/1388/15 2164/1389/15 2165/1390/15 2166/1391/15 2167/1392/15 2168/1393/15 2169/1394/15 2170/1395/15 2171/1396/15 2172/1397/15 2173/1398/15 2174/1399/15 2175/1400/15 2176/1401/15 2177/1402/15 2178/1403/15
f 1965/1404/3 1964/1153/3 2041/1152/4 2017/1405/3
f 1809/445/135 1756/444/67 1755/1263/281 1810/1262/67
f 1911/977/71 1910/969/105 2088/972/106 2087/978/71
f 2073/1406/148 2072/892/285 1948/893/10 1947/512/67
f 1819/267/142 1746/266/25 1745/1407/145 1820/1408/25
f 2062/1409/316 2061/1227/307 1959/1230/210 1958/1410/317
f 1977/899/242 1976/469/78 2034/472/78 2035/900/243
f 2277/1411/94 2278/1412/94 2279/1413/94 2280/1414/94 2281/1415/94 2282/1416/94 2283/1417/94 2284/431/94 2303/434/94 2304/1418/94 2305/1419/94 2306/1420/94 2307/1421/94 2308/1422/94 2309/1423/94 2310/1424/94 2302/433/94 2285/432/94 2286/1425/94 2287/1426/94 2288/1427/94 2289/1428/94 2290/1429/94 2291/1199/94 2315/1198/94 2316/1190/94 2322/1189/94 2323/1430/94 2324/1431/94 2325/1432/94 2326/1433/94 2327/1434/94 2328/1186/94 2263/1185/94 2264/1435/94 2265/1436/94 2266/1437/94 2267/1438/94 2268/1439/94 2269/1440/94 2270/1441/94 2271/1442/94 2272/1443/94 2247/1444/94 2246/1445/94 2245/1446/94 2244/1447/94 2235/1448/94 2234/1449/94 2233/1450/94 2232/1451/94 2236/1452/94 2239/1453/94 2238/1454/94 2237/1455/94 2255/1456/94 2254/1457/94 2253/1458/94 2252/1459/94 2273/1460/94 2274/1461/94 2275/1462/94 2276/1463/94
f 2108/560/175 2107/1464/49 1927/1465/49 1926/561/209
f 1839/1466/8 1705/1467/11 1704/1468/141 1840/1469/21
f 2022/1470/25 2058/276/25 1983/275/145 1982/1471/25
f 2393/584/220 2366/583/220 2365/1472/318 2392/1473/319
f 2064/1474/95 1956/1475/6 1955/1476/169 2065/1477/6
f 1863/1478/15 1871/507/191 1687/510/191 1686/1479/15
f 2146/400/158 2145/1480/115 2291/1481/320 2290/401/115
f 2020/1269/143 1980/1268/80 1979/130/81 2019/129/80
f 2151/820/260 2285/819/259 2284/1482/260 2283/1139/260 2152/1138/301
f 2337/676/248 2364/675/248 2356/658/244 2329/657/244
f 2110/1483/15 2118/1484/191 1916/1485/191 1915/1486/15
f 2166/808/255 2165/535/200 2254/536/201 2255/809/256
f 2154/1487/275 2153/1137/260 2282/1136/300 2281/1488/6
f 2260/1237/308 2259/1489/238 2193/1490/239 2192/1238/308
f 1889/478/130 1890/1364/1 1895/1365/1 1896/479/174
f 2187/610/227 2186/1491/42 2266/1492/41 2265/611/228
f 2249/163/98 2250/527/199 2133/530/199 2132/164/99
f 2091/749/61 2116/748/61 2117/740/61 2103/739/61 2104/1493/61 2105/1494/61 2106/1495/61 2107/1496/61 2108/735/61 2072/734/61 2073/1497/61 2074/1498/61 2075/1499/61 2076/1500/61 2077/1501/61 2078/765/61 2100/764/61 2092/756/61 2088/755/61 2089/1502/61 2090/1503/61
f 1898/50/34 1897/1504/15 2092/1505/15 2100/51/34
f 1874/1506/54 1873/613/23 1685/616/23 1684/1507/54
f 1723/1508/6 1821/1509/6 1801/1510/120 1724/1511/6
f 2300/91/58 2299/1512/321 2137/1513/322 2136/92/59
f 2299/1512/321 2298/1514/90 2138/1515/101 2137/1513/322
f 2200/872/276 2199/192/111 2242/195/113 2243/873/277
f 2344/1516/15 2345/1517/15 2346/1518/15 2338/422/15 2337/421/15 2329/1519/15 2330/1520/15 2331/1521/15 2332/1522/15 2333/1523/15 2334/427/15 2342/426/15 2343/1524/15
f 1990/1287/31 2051/1286/3 2050/1525/66 1991/1526/67
f 2011/1527/27 2023/605/152 2004/606/155 2003/1528/24
f 2215/1529/197 2214/957/124 2316/960/124 2315/1530/197
f 1765/1531/24 1764/1532/25 1772/1533/26 1773/1534/27
f 1879/686/175 1878/221/49 1680/222/49 1679/687/175
f 2359/682/94 2353/681/94 2352/1535/94 2351/1536/94 2350/1537/94 2349/1538/94 2348/1539/94 2347/1540/94 2355/1541/94 2354/680/94 2358/679/94 2357/1542/94 2356/1543/94 2364/1544/94 2363/1545/94 2362/1546/94 2361/1547/94 2360/1548/94
f 2372/287/15 2376/286/15 2377/1549/15 2378/1550/15 2379/1551/15 2380/281/15 2367/280/15 2368/1552/15 2369/1553/15 2370/1554/15 2371/1555/15
f 1992/1556/306 1991/1526/67 2050/1525/66 2049/1557/182
f 2228/1558/296 2229/856/260 2128/855/270 2127/1559/90
f 2013/1560/129 2014/923/67 1967/922/286 1966/1561/15
f 1962/1562/90 1963/1563/90 1964/1564/90 1965/1565/90 1966/1566/90 1967/1567/90 1968/1568/90 1969/1569/90 1970/1570/90 1971/1571/90 1972/1572/90 1973/1573/90 1974/1574/90 1975/1575/90 1976/1576/90 1977/1577/90 1978/1578/90 1979/1579/90 1980/1580/90 1981/1581/90 1982/1582/90 1983/1583/90 1984/1584/90 1985/1585/90 1986/1586/90 1987/1587/90 1988/1588/90 1989/1589/90 1990/1590/90 1991/1591/90 1992/1592/90 1993/1593/90 1994/1594/90 1995/1595/90 1996/1596/90 1997/1597/90 1998/1598/90 1999/1599/90 2000/1600/90 2001/1601/90 2002/1602/90 2003/1603/90 2004/1604/90 2005/1605/90 2006/1606/90 2007/1607/90 1892/1608/90 1891/1609/90 1890/1610/90 1889/1611/90 1888/1612/90 1887/1613/90 1886/1614/90 1885/1615/90 1933/1616/90 1934/1617/90 1935/1618/90 1936/1619/90 1937/1620/90 1938/1621/90 1939/1622/90 1940/1623/90 1941/1624/90 1942/1625/90 1943/1626/90 1944/1627/90 1945/1628/90 1946/1629/90 1947/205/90 1930/204/90 1931/1630/90 1932/1631/90 1924/1632/90 1925/1633/90 1926/200/90 1950/208/90 1951/1634/90 1952/1219/90 1915/1226/90 1916/1635/90 1917/1636/90 1918/617/90 1907/620/90 1908/1637/90 1909/1166/90 1898/1165/90 1899/1638/90 1900/1639/90 1901/1640/90 1902/1641/90 1903/1642/90 1904/1643/90 1905/1644/90 1897/1164/90 1911/1163/90 1912/1645/90 1913/1646/90 1914/1647/90 1906/619/90 1919/618/90 1920/1648/90 1921/1223/90 1955/1222/90 1956/1649/90 1957/1650/90 1958/1651/90 1959/1652/90 1960/1653/90 1961/1654/90
f 1784/1655/25 1820/1408/25 1745/1407/145 1744/1656/25
f 2213/958/125 2212/1295/310 2318/1296/114 2317/959/125
f 2111/79/23 2110/1657/15 1915/1658/15 1923/80/23
f 1805/631/232 1697/630/67 1696/1142/292 1804/1141/67
f 1759/1659/323 1799/1660/80 1800/599/224 1760/598/80
f 1865/556/146 1864/1661/23 1694/1662/23 1693/557/54
f 2130/1663/284 2129/858/260 2230/857/271 2231/1664/283
f 2258/642/184 2257/1665/282 2195/1666/282 2194/643/184
f 1704/1667/141 1703/1668/80 1841/1669/71 1840/1670/21
f 2182/1671/312 2269/1672/311 2268/967/288 2183/968/289
f 1772/1533/26 1764/1532/25 1763/1158/159 1771/1157/25
f 2118/1484/191 2117/481/175 1917/484/176 1916/1485/191
f 2016/1673/69 2027/146/46 1970/149/48 1969/1674/136
f 1670/1275/33 1669/170/34 1853/173/34 1852/1276/33
f 2107/1464/49 2106/1217/17 1928/1218/17 1927/1465/49
f 1778/1675/69 1789/66/46 1732/69/48 1731/1676/136
f 2373/626/229 2400/625/229 2392/1473/319 2365/1472/318
f 1666/1677/160 1665/300/149 1857/303/70 1856/1678/160
f 1798/1679/83 1799/1660/80 1759/1659/323 1758/1680/11
f 2216/835/198 2215/1529/197 2315/1530/197 2314/836/198
f 2043/1283/232 1935/1282/67 1934/995/292 2042/994/67
f 1867/144/14 1866/555/13 1692/558/13 1691/145/14
f 2080/260/140 1940/259/139 1939/594/222 2081/593/80
f 1864/1661/23 1863/1681/15 1686/1682/15 1694/1662/23
f 1951/1683/268 2069/1684/94 2068/1685/91 1952/1686/94
f 2148/1687/104 2147/399/157 2289/398/156 2288/1688/6
f 1791/98/28 1792/1689/275 1735/1690/29 1734/99/28
f 2350/504/189 2351/1150/303 2342/1151/303 2341/505/189
f 2383/1691/324 2384/497/186 2375/500/186 2374/1692/324
f 1828/1253/309 1827/1693/6 1717/1694/169 1716/1254/168
f 2101/1695/15 2109/559/191 1925/562/191 1924/1696/15
f 1902/311/71 1901/437/161 2097/438/106 2096/312/71
f 1725/983/290 1802/982/3 1803/7/4 1726/6/3
f 2235/1697/204 2244/1698/325 2175/1699/326 2174/1700/203
f 2244/1698/325 2245/875/278 2176/876/279 2175/1699/326
f 2144/851/269 2292/850/115 2291/1481/320 2145/1480/115
f 1875/18/13 1874/1506/54 1684/1507/54 1683/19/13
f 1773/1701/27 1785/394/152 1766/397/155 1765/1702/24
f 2202/1703/313 2201/1704/61 2302/1705/61 2310/1706/313
f 1676/1707/69 1675/821/160 1847/822/261 1846/1708/69
f 1985/1709/86 1984/274/25 2057/273/144 2056/1710/6
f 2347/1711/123 2348/1128/297 2339/1129/297 2338/1712/123
f 1999/1713/94 2012/1714/94 2008/1715/253 2000/1716/94
f 1842/1717/140 1702/1718/327 1701/652/222 1843/651/80
f 2206/520/197 2205/227/124 2307/230/124 2306/521/197
f 2222/1362/314 2221/86/55 2327/89/55 2326/1363/314
f 2203/1259/310 2202/1703/313 2310/1706/313 2309/1260/114
f 1668/1719/15 1676/1707/69 1846/1708/69 1845/1720/15
f 2362/1161/305 2335/1160/304 2334/602/226 2361/601/225
f 1659/1721/15 1667/1722/69 1855/1723/69 1854/1724/15
f 1958/1410/317 1957/158/26 2063/161/96 2062/1409/316
f 2280/1725/77 2155/1726/6 2154/1727/275 2281/1728/6
f 2391/689/251 2383/1729/324 2374/1730/324 2382/690/251
f 1837/1731/167 1707/1732/67 1706/15/10 1838/14/9
f 1708/1733/69 1707/1732/67 1837/1731/167 1836/1734/67
f 1667/1722/69 1666/1677/160 1856/1678/160 1855/1723/69
f 1645/190/110 1648/189/3 1649/817/258 1644/816/3
f 2257/1665/282 2256/1735/6 2196/1736/128 2195/1666/282
f 2396/405/94 2395/415/94 2388/414/94 2387/406/94
f 1975/470/5 1974/1737/221 2032/1738/7 2033/471/5
f 1823/563/210 1721/566/213 1720/1739/317 1824/1740/317
f 2296/542/184 2295/885/282 2141/888/282 2140/543/202
f 1720/1739/317 1719/1255/26 1825/1258/26 1824/1740/317
f 1841/1669/71 1703/1668/80 1702/1718/327 1842/1717/140
usemtl 5,5,5.001
f 1505/1741/328 1514/1742/328 1515/1743/329 1506/1744/329
f 3/1745/94 24/1746/94 25/1747/94 26/1748/94 27/1749/94 28/1750/94 29/1751/94 30/1752/94 19/1753/94 20/1754/94 21/1755/94 13/1756/94 14/1757/94 15/1758/94 4/1759/94 5/1760/94 6/1761/94 7/1762/94 8/1763/94 9/1764/94 10/1765/94 11/1766/94 12/1767/94 1/1768/94 2/1769/94
f 46/1770/94 59/1771/94 51/1772/94 43/1773/94 44/1774/94 45/1775/94
f 247/1776/330 246/1777/331 255/1778/332 256/1779/333
f 63/1780/94 64/1781/94 65/1782/94 66/1783/94 67/1784/94 68/1785/94 69/1786/94 76/1787/94 77/1788/94 78/1789/94 79/1790/94 71/1791/94 72/1792/94 73/1793/94 74/1794/94 75/1795/94 61/1796/94 62/1797/94
f 537/1798/334 651/1799/334 539/1800/334 536/1801/334
f 1590/1802/156 1591/1803/335 1528/1804/335 1527/1805/156
f 1307/1806/336 1306/1807/337 1123/1808/338 1122/1809/339
f 1506/1744/329 1515/1743/329 1516/1810/340 1507/1811/340
f 853/1812/341 845/1813/342 836/1814/342 844/1815/343
f 1313/1816/11 10/1817/11 9/1818/11 1311/1819/11
f 1445/1820/11 1453/1821/344 1462/1822/345 1454/1823/11
f 86/1824/94 95/1825/94 96/1826/94 97/1827/94 89/1828/94 90/1829/94 91/1830/94 92/1831/94 83/1832/94 82/1833/94 81/1834/94 80/1835/94 88/1836/94 87/1837/94
f 399/1838/346 400/1839/347 373/1840/347 372/1841/348
f 94/1842/94 95/1825/94 86/1824/94 85/1843/94 84/1844/94 83/1832/94 92/1831/94 93/1845/94
f 1278/1846/349 1277/1847/350 1098/1848/351 1097/1849/352
f 178/1850/353 170/1851/354 161/1852/354 169/1853/355
f 1303/1854/356 1304/1855/357 1241/1856/358 1240/1857/359
f 302/1858/94 1003/1859/94 309/1860/94 303/1861/94
f 43/1773/94 51/1772/94 52/1862/94 53/1863/94 54/1864/94 55/1865/94 56/1866/94 57/1867/94 58/1868/94 59/1771/94 46/1770/94 47/1869/94 48/1870/94 49/1871/94 50/1872/94 40/1873/94 41/1874/94 42/1875/94
f 850/1876/360 849/1877/361 858/1878/362 859/1879/363
f 270/1880/364 150/1881/365 149/1882/366 269/1883/367
f 809/1884/368 808/1885/90 817/1886/90 818/1887/368
f 939/1888/369 683/1889/370 682/1890/371 938/1891/371
f 779/1892/15 780/1893/15 783/1894/15 784/1895/15 778/1896/15
f 522/1897/372 521/1898/373 441/1899/374 440/1900/375
f 890/1901/376 889/1902/377 898/1903/378 899/1904/376
f 1600/1905/379 1601/1906/380 1538/1907/380 1537/1908/381
f 83/1909/382 74/1910/382 73/1911/383 82/1912/384
f 1594/1913/385 1595/1914/386 1532/1915/386 1531/1916/387
f 717/1917/388 716/1918/389 1358/1919/390 1359/1920/388
f 1301/1921/201 1302/1922/391 1239/1923/392 1238/1924/201
f 133/1925/94 125/1926/94 126/1927/94 127/1928/94 123/1929/94 124/1930/94 116/1931/94 117/1932/94 118/1933/94 119/1934/94 120/1935/94 121/1936/94 122/1937/94 128/1938/94 129/1939/94 130/1940/94 131/1941/94 132/1942/94
f 1598/1943/115 1599/1944/279 1536/1945/279 1535/1946/115
f 852/1947/377 851/1948/393 860/1949/393 861/1950/378
f 759/1951/394 668/1952/395 667/1953/396 760/1954/396
f 398/1955/397 399/1838/346 372/1841/348 371/1956/398
f 536/1957/260 538/1958/260 425/1959/260 426/1960/260
f 156/1961/399 93/1962/400 92/1963/401 155/1964/401
f 716/1918/389 715/1965/402 1357/1966/403 1358/1919/390
f 5/1967/404 538/1968/404 304/1969/404 6/1970/404
f 812/1971/362 811/1972/405 820/1973/405 821/1974/362
f 1295/1975/406 1296/1976/407 1233/1977/407 1232/1978/406
f 168/1979/15 169/1980/15 161/1981/15 152/1982/15 160/1983/15 159/1984/15 158/1985/15
f 228/1986/408 127/1987/409 126/1988/410 227/1989/410
f 1599/1990/411 1598/1991/412 1400/1992/413 1408/1993/414
f 1293/1994/415 1292/1995/416 1119/1996/417 1118/1997/418
f 1602/1998/419 1601/1999/420 1406/2000/421 1405/2001/422
f 890/2002/341 882/2003/342 873/2004/342 881/2005/343
f 354/2006/423 345/2007/424 344/2008/425 353/2009/426
f 941/2010/427 685/2011/428 684/2012/429 940/2013/430
f 410/2014/431 402/2015/6 375/2016/6 383/2017/431
f 211/2018/432 210/2019/330 219/2020/433 220/2021/434
f 1447/2022/435 1446/2023/436 1455/2024/180 1456/2025/435
f 1172/2026/437 1181/2027/438 1182/2028/439 1173/2029/439
f 396/2030/440 397/2031/441 370/2032/442 369/2033/440
f 709/2034/11 717/1917/388 1359/1920/388 1351/2035/11
f 187/2036/443 188/2037/443 179/2038/444
f 185/2039/445 188/2040/446 186/2041/447
f 183/2042/448 188/2043/449 184/2044/450
f 181/2045/451 188/2046/452 182/2047/453
f 179/2048/444 188/2049/444 180/2050/452
f 182/2047/448 188/2051/449 183/2042/448
f 180/2050/454 188/2052/452 181/2045/451
f 184/2044/455 188/2053/446 185/2039/445
f 186/2041/447 188/2054/443 187/2036/443
f 1296/1976/407 1297/2055/456 1234/2056/457 1233/1977/407
f 940/2013/430 684/2012/429 683/1889/370 939/1888/369
f 625/2057/458 598/2058/459 597/2059/11 624/2060/11
f 1514/2061/15 1513/2062/15 1512/2063/15 1511/2064/15 1510/2065/15 1509/2066/15 1508/2067/15 1516/2068/15 1515/2069/15
f 1306/1807/337 1305/2070/460 1124/2071/461 1123/1808/338
f 567/2072/90 555/2073/90 556/2074/90 566/2075/90
f 350/2076/462 341/2077/463 340/2078/464 349/2079/465
f 1597/2080/466 1596/2081/467 1393/2082/468 1392/2083/469
f 212/2084/470 213/2085/471 204/2086/472 203/2087/473
f 515/2088/474 516/2089/475 489/2090/475 488/2091/476
f 284/2092/477 285/2093/478 276/2094/479 275/2095/480
f 1507/2096/481 1381/2097/482 1380/2098/483 1506/2099/484
f 468/2100/485 477/2101/485 478/2102/486 469/2103/487
f 777/2104/394 677/2105/395 676/2106/396 778/2107/396
f 224/2108/488 225/2109/488 216/2110/444
f 222/2111/445 225/2112/450 223/2113/447
f 220/2114/448 225/2115/449 221/2116/450
f 218/2117/451 225/2118/452 219/2119/453
f 216/2120/444 225/2121/444 217/2122/452
f 219/2119/448 225/2123/449 220/2114/448
f 217/2122/454 225/2124/452 218/2117/451
f 221/2116/455 225/2125/450 222/2111/445
f 223/2113/489 225/2126/488 224/2108/488
f 413/2127/490 414/2128/440 387/2129/440 386/2130/490
f 1626/2131/491 1625/2132/167 1427/2133/167 1435/2134/492
f 190/2135/410 108/2136/410 107/2137/61 189/2138/61
f 174/2139/478 175/2140/470 166/2141/473 165/2142/479
f 654/2143/493 420/2144/493 307/2145/494 974/2146/495
f 237/2147/15 228/2148/15 227/2149/15 226/2150/15 234/2151/15 243/2152/15 235/2153/15 236/2154/15
f 241/2155/15 242/2156/15 243/2152/15 234/2151/15 233/2157/15 232/2158/15 231/2159/15 230/2160/15 229/2161/15 228/2148/15 237/2147/15 238/2162/15 239/2163/15 240/2164/15
f 582/2165/440 581/2166/490 590/2167/490 591/2168/496
f 1170/2169/497 1179/2170/498 1180/2171/499 1171/2172/500
f 1254/2173/279 1246/2174/115 1183/2175/115 1191/2176/279
f 176/2177/471 177/2178/501 168/2179/502 167/2180/472
f 1304/2181/503 1303/2182/504 1126/2183/505 1125/2184/506
f 175/2140/470 176/2177/471 167/2180/472 166/2141/473
f 246/2185/507 247/2186/477 238/2187/480 237/2188/508
f 1282/2189/88 1283/2190/509 1220/2191/510 1219/2192/88
f 1258/2193/511 1259/2194/387 1196/2195/387 1195/2196/386
f 99/2197/512 59/2198/512 58/2199/513 100/2200/514
f 1167/2201/515 1176/2202/516 1177/2203/517 1168/2204/517
f 440/2205/6 441/2206/6 462/2207/6 454/2208/6 455/2209/6 422/2210/6 426/2211/6 435/2212/6 427/2213/6 428/2214/6 429/2215/6 452/2216/6 453/2217/6 445/2218/6 446/2219/6 425/2220/6 439/2221/6
f 261/2222/488 262/2223/443 253/2224/444
f 259/2225/450 262/2226/446 260/2227/443
f 257/2228/448 262/2229/449 258/2230/450
f 255/2231/451 262/2232/452 256/2233/453
f 253/2234/444 262/2235/444 254/2236/452
f 256/2233/449 262/2237/449 257/2228/448
f 254/2236/454 262/2238/452 255/2231/451
f 258/2230/455 262/2239/446 259/2225/450
f 260/2227/447 262/2240/443 261/2222/488
f 1604/2241/518 1603/2242/519 1404/2243/520 1403/2244/521
f 250/2245/522 249/2246/523 258/2247/523 259/2248/522
f 356/2249/524 347/2250/525 346/2251/526 355/2252/527
f 347/2250/525 356/2249/524 348/2253/528 339/2254/528
f 267/2255/15 266/2256/15 274/2257/15 275/2258/15 276/2259/15 277/2260/15 278/2261/15 268/2262/15
f 214/2263/529 213/2264/522 222/2265/522 223/2266/529
f 274/2257/15 266/2256/15 265/2267/15 264/2268/15 263/2269/15 271/2270/15 270/2271/15 269/2272/15 268/2262/15 278/2261/15 279/2273/15 280/2274/15 272/2275/15 273/2276/15
f 470/2277/530 461/2278/531 460/2279/532 469/2280/533
f 352/2281/534 343/2282/535 342/2283/536 351/2284/537
f 247/2186/477 248/2285/478 239/2286/479 238/2187/480
f 355/2252/527 346/2251/526 345/2007/424 354/2006/423
f 119/2287/538 19/2288/539 18/2289/540 120/2290/541
f 758/2291/542 669/2292/543 668/2293/395 759/2294/394
f 1260/2295/544 1261/2296/545 1198/2297/546 1197/2298/547
f 905/2299/548 785/2300/548 784/2301/549 904/2302/549
f 663/2303/550 737/2304/550 736/2305/90 655/2306/90
f 518/2307/551 517/2308/552 436/2309/552 444/2310/553
f 4/2311/25 3/2312/25 424/2313/25 425/2314/25
f 298/2315/488 299/2316/488 290/2317/444
f 296/2318/450 299/2319/446 297/2320/443
f 294/2321/448 299/2322/449 295/2323/450
f 292/2324/451 299/2325/452 293/2326/453
f 290/2327/444 299/2328/444 291/2329/452
f 293/2326/449 299/2330/449 294/2321/448
f 291/2329/454 299/2331/452 292/2324/451
f 295/2323/455 299/2332/446 296/2318/450
f 297/2320/489 299/2333/488 298/2315/488
f 415/2334/441 416/2335/398 389/2336/398 388/2337/441
f 681/2338/550 773/2339/550 772/2340/90 673/2341/90
f 397/2342/554 396/2343/555 318/2344/556 317/2345/557
f 309/2346/61 310/2347/61 346/2348/61 347/2349/61 339/2350/61 340/2351/61 341/2352/61 342/2353/61 313/2354/61 314/2355/61 315/2356/61 316/2357/61 317/2358/61 318/2359/61 338/2360/61 330/2361/61 331/2362/61 332/2363/61 333/2364/61 334/2365/61 326/2366/61 327/2367/61 328/2368/61 329/2369/61 321/2370/61 322/2371/61 303/2372/61
f 1156/2373/558 1157/2374/559 1148/2375/560 1147/2376/558
f 1279/2377/517 1280/2378/516 1217/2379/516 1216/2380/517
f 268/2381/561 148/2382/561 147/2383/399 267/2384/399
f 771/2385/562 872/2386/563 864/2387/90 763/2388/90
f 1591/2389/564 1590/2390/565 1399/2391/566 1398/2392/567
f 249/2393/470 250/2394/471 241/2395/472 240/2396/473
f 286/2397/470 287/2398/471 278/2399/472 277/2400/473
f 250/2394/471 251/2401/501 242/2402/502 241/2395/472
f 652/2403/67 654/2404/67 974/2405/67 653/2406/67
f 969/2407/568 960/2408/568 959/2409/569 968/2410/569
f 1145/2411/570 1136/2412/571 1135/2413/36 1144/2414/36
f 1630/2415/406 1631/2416/572 1568/2417/573 1567/2418/406
f 1478/2419/313 1477/2420/574 1486/2421/575 1487/2422/576
f 1221/2423/94 1222/2424/94 1223/2425/94 1224/2426/94 1225/2427/94 1226/2428/94 1227/2429/94 1219/2430/94 1220/2431/94
f 845/2432/90 853/2433/376 862/2434/376 854/2435/90
f 363/2436/61 362/2437/61 361/2438/61 360/2439/61 359/2440/61 358/2441/61 357/2442/61 365/2443/61 364/2444/61
f 372/2445/61 373/2446/61 374/2447/61 366/2448/61 367/2449/61 368/2450/61 369/2451/61 370/2452/61 371/2453/61
f 739/2454/577 661/2455/577 660/2456/543 740/2457/578
f 389/2458/61 390/2459/61 391/2460/61 392/2461/61 384/2462/61 385/2463/61 386/2464/61 387/2465/61 388/2466/61
f 1317/2467/579 1326/2468/579 1327/2469/580 1318/2470/581
f 1316/2471/582 1325/2472/583 1326/2468/579 1317/2467/579
f 528/2473/579 529/2474/581 502/2475/581 501/2476/584
f 1619/2477/585 1620/2478/586 1557/2479/586 1556/2480/585
f 396/2343/555 395/2481/587 319/2482/588 318/2344/556
f 925/2483/589 926/2484/590 917/2485/591 916/2486/592
f 1254/2487/593 1253/2488/594 1068/2489/595 1067/2490/596
f 1287/2491/597 1288/2492/598 1225/2493/598 1224/2494/597
f 904/2302/549 784/2301/549 783/2495/599 903/2496/599
f 79/2497/512 88/2498/512 80/2499/61 71/2500/61
f 448/2501/6 449/2502/6 450/2503/6 451/2504/6 452/2216/6 429/2215/6 430/2505/6 431/2506/6 432/2507/6 433/2508/6 434/2509/6 435/2212/6 426/2211/6 425/2220/6 446/2219/6 447/2510/6
f 884/2511/600 885/2512/601 876/2513/602 875/2514/603
f 197/2515/604 115/2516/604 114/2517/365 196/2518/605
f 1614/2519/606 1615/2520/607 1552/2521/607 1551/2522/606
f 1593/2523/608 1592/2524/609 1397/2525/610 1396/2526/611
f 245/2527/612 244/2528/61 253/2529/61 254/2530/612
f 356/2531/613 365/2532/614 357/2533/11 348/2534/11
f 1358/2535/615 1357/2536/616 1370/2537/617 1371/2538/618
f 508/2539/552 516/2540/619 428/2541/620 427/2542/552
f 1604/2543/621 1605/2544/622 1542/2545/622 1541/2546/623
f 1264/2547/624 1272/2548/625 1085/2549/626 1084/2550/627
f 1277/1847/350 1276/2551/628 1099/2552/629 1098/1848/351
f 289/2553/630 288/2554/529 297/2555/631 298/2556/630
f 1/2557/11 12/2558/11 302/2559/11 303/2560/11 300/2561/11
f 418/2562/632 417/2563/633 333/2564/634 332/2565/635
f 583/2566/636 574/2567/637 573/2568/638 582/2569/639
f 885/2570/405 884/2571/640 893/2572/640 894/2573/641
f 508/2574/90 509/2575/583 482/2576/582 481/2577/90
f 405/2578/440 406/2579/441 379/2580/441 378/2581/440
f 285/2093/478 286/2397/470 277/2400/473 276/2094/479
f 249/2246/523 248/2582/434 257/2583/434 258/2247/523
f 410/2584/642 409/2585/632 323/2586/635 322/2587/643
f 1624/2588/201 1616/2589/194 1553/2590/194 1561/2591/201
f 1275/2592/644 1274/2593/645 1101/2594/646 1100/2595/647
f 1353/2596/648 1352/2597/649 1361/2598/650 1362/2599/648
f 796/2600/651 733/2601/651 732/2602/652 795/2603/653
f 1620/2604/654 1619/2605/655 1424/2606/656 1423/2607/657
f 945/2608/658 689/2609/659 688/2610/660 944/2611/661
f 208/2612/662 209/2613/507 200/2614/508 199/2615/663
f 227/1989/410 126/1988/410 125/2616/61 226/2617/61
f 230/2618/399 129/2619/399 128/2620/401 229/2621/401
f 1302/2622/664 1301/2623/665 1128/2624/666 1127/2625/667
f 1610/2626/668 1611/2627/669 1548/2628/669 1547/2629/328
f 85/2630/670 76/2631/540 75/2632/671 84/2633/672
f 780/2634/673 674/2635/673 673/2341/90 772/2340/90
f 487/2636/6 488/2637/6 489/2638/6 481/2639/6 482/2640/6 483/2641/6 484/2642/6 485/2643/6 486/2644/6
f 496/2645/6 497/2646/6 498/2647/6 490/2648/6 491/2649/6 492/2650/6 493/2651/6 494/2652/6 495/2653/6
f 502/2654/6 503/2655/6 504/2656/6 505/2657/6 506/2658/6 507/2659/6 499/2660/6 500/2661/6 501/2662/6
f 1246/2663/674 1254/2487/593 1067/2490/596 1066/2664/675
f 1504/2665/669 1513/2666/676 1514/1742/328 1505/1741/328
f 516/2540/619 515/2667/677 429/2668/678 428/2541/620
f 244/2669/354 245/2670/662 236/2671/663 235/2672/354
f 1158/2673/679 1159/2674/680 1150/2675/681 1149/2676/682
f 809/2677/683 810/2678/600 801/2679/603 800/2680/684
f 1171/2681/685 1063/2682/686 1062/2683/687 1170/2684/688
f 1142/2685/689 1133/2686/689 1132/2687/184 1141/2688/184
f 289/2689/353 281/2690/354 272/2691/354 280/2692/355
f 808/2693/90 816/2694/376 825/2695/376 817/2696/90
f 883/2697/368 882/2698/90 891/2699/90 892/2700/368
f 1587/2701/690 1586/2702/691 1385/2703/692 1384/2704/693
f 157/2705/561 94/2706/561 93/2707/400 156/2708/399
f 394/2709/694 393/2710/695 312/2711/695 320/2712/696
f 1159/2674/680 1160/2713/697 1151/2714/698 1150/2675/681
f 400/2715/632 399/2716/633 315/2717/699 314/2718/635
f 140/2719/94 141/2720/94 145/2721/94 146/2722/94
f 1275/2723/437 1276/2724/499 1213/2725/499 1212/2726/437
f 813/2727/700 814/2728/589 805/2729/592 804/2730/701
f 1374/2731/15 1390/2732/15 1382/2733/15 1383/2734/15 1384/2735/15 1385/2736/15 1453/2737/15 1445/2738/15 1446/2739/15 1447/2740/15 1448/2741/15 1428/2742/15 1429/2743/15 1430/2744/15 1437/2745/15 1438/2746/15 1439/2747/15 1440/2748/15 1378/2749/15 1379/2750/15 1380/2751/15 1381/2752/15 1373/2753/15
f 1068/2754/94 1069/2755/94 1132/2756/94 1133/2757/94
f 972/2758/702 963/2759/702 962/2760/703 971/2761/703
f 511/2762/704 510/2763/705 434/2764/706 433/2765/707
f 1476/2766/708 1475/2767/709 1484/2768/117 1485/2769/710
f 1640/2770/711 1641/2771/712 1578/2772/712 1577/2773/711
f 1483/2774/713 1492/2775/714 1493/2776/715 1484/2777/716
f 1271/2778/717 1272/2779/718 1209/2780/719 1208/2781/720
f 869/2782/653 768/2783/652 767/2784/548 868/2785/548
f 1262/2786/335 1263/2787/156 1200/2788/156 1199/2789/335
f 509/2790/551 508/2791/552 427/2792/552 435/2793/553
f 834/2794/721 752/2795/722 751/2796/723 833/2797/651
f 1056/2798/90 977/2799/90 976/2800/90 46/2801/90 45/2802/90
f 467/2803/724 476/2804/725 477/2805/485 468/2806/485
f 1297/2055/456 1298/2807/726 1235/2808/726 1234/2056/457
f 417/2809/346 418/2810/727 391/2811/347 390/2812/346
f 140/2813/382 25/2814/382 24/2815/728 141/2816/384
f 1419/2817/15 1420/2818/15 1421/2819/15 1448/2741/15 1449/2820/15 1450/2821/15 1451/2822/15 1452/2823/15 1453/2737/15 1385/2736/15 1386/2824/15 1387/2825/15 1388/2826/15 1389/2827/15 1390/2732/15 1374/2731/15 1372/2828/15 1371/2829/15 1398/2830/15 1399/2831/15 1391/2832/15 1392/2833/15 1393/2834/15 1394/2835/15 1395/2836/15 1401/2837/15 1402/2838/15 1403/2839/15 1404/2840/15 1405/2841/15 1406/2842/15 1407/2843/15 1408/2844/15 1400/2845/15 1370/2846/15 1369/2847/15 1368/2848/15 1367/2849/15 1415/2850/15 1416/2851/15 1417/2852/15 1409/2853/15 1410/2854/15 1411/2855/15 1412/2856/15
f 569/2857/90 561/2858/90 562/2859/90 563/2860/90 536/2861/90 539/2862/90 545/2863/90 546/2864/90 547/2865/90 548/2866/90 549/2867/90 550/2868/90 573/2869/90 574/2870/90 575/2871/90 576/2872/90 542/2873/90 305/2874/90 304/2875/90 538/2876/90 566/2075/90 556/2074/90 557/2877/90 558/2878/90 559/2879/90 560/2880/90 552/2881/90 553/2882/90 554/2883/90 555/2073/90 567/2072/90 568/2884/90
f 307/2885/194 311/2886/194 975/2887/194 974/2888/194
f 1137/2889/729 1146/2890/729 1138/2891/11 1129/2892/11
f 920/2893/368 919/2894/90 928/2895/90 929/2896/368
f 1320/2897/730 1329/2898/731 1330/2899/732 1321/2900/732
f 1279/2901/733 1278/1846/349 1097/1849/352 1096/2902/734
f 137/2903/538 28/2904/538 27/2905/540 138/2906/735
f 515/2667/677 514/2907/736 430/2908/737 429/2668/678
f 708/2909/550 726/2910/550 718/2911/90 700/2912/90
f 524/2913/476 525/2914/475 498/2915/738 497/2916/476
f 595/2917/90 594/2918/90 593/2919/90 592/2920/90 591/2921/90 590/2922/90 589/2923/90 588/2924/90 596/2925/90
f 47/2926/80 46/2927/80 976/2928/80 975/2929/80
f 600/2930/90 601/2931/90 602/2932/90 603/2933/90 604/2934/90 605/2935/90 597/2936/90 598/2937/90 599/2938/90
f 178/2939/630 177/2940/529 186/2941/739 187/2942/630
f 621/2943/90 622/2944/90 623/2945/90 615/2946/90 616/2947/90 617/2948/90 618/2949/90 619/2950/90 620/2951/90
f 1148/2952/94 1149/2953/94 1145/2954/94 1144/2955/94 1143/2956/94 1142/2957/94 1141/2958/94 1140/2959/94 1139/2960/94 1138/2961/94 1146/2962/94 1151/2963/94 1152/2964/94 1153/2965/94 1154/2966/94 1155/2967/94 1147/2968/94
f 121/2969/672 17/2970/740 16/2971/382 122/2972/382
f 926/2973/377 925/2974/393 934/2975/393 935/2976/377
f 269/1883/367 149/1882/366 148/2382/561 268/2381/561
f 510/2763/705 509/2790/551 435/2793/553 434/2764/706
f 632/2977/741 548/2978/742 624/2979/88
f 624/2980/88 548/2981/742 547/2982/743
f 624/2980/88 547/2982/743 625/2983/453
f 625/2983/453 547/2982/743 546/2984/453
f 625/2983/453 546/2984/453 626/2985/743
f 626/2985/743 546/2984/453 545/2986/450
f 626/2985/743 545/2986/450 627/2987/446
f 627/2987/446 545/2986/450 544/2988/445
f 627/2987/446 544/2988/445 628/2989/744
f 628/2989/744 544/2988/445 543/2990/260
f 628/2989/744 543/2990/260 629/2991/745
f 629/2991/745 543/2990/260 551/2992/745
f 629/2991/745 551/2992/745 630/2993/746
f 630/2993/746 551/2992/745 550/2994/616
f 630/2993/746 550/2994/616 631/2995/747
f 631/2995/747 550/2994/616 549/2996/742
f 631/2995/747 549/2996/742 632/2977/741
f 632/2977/741 549/2996/742 548/2978/742
f 1472/2997/90 1480/2998/748 1489/2999/748 1481/3000/90
f 1146/2890/729 1137/2889/729 1136/2412/571 1145/2411/570
f 244/3001/61 252/3002/630 261/3003/630 253/3004/61
f 48/3005/444 311/3006/444 310/3007/444 49/3008/444
f 641/3009/741 557/3010/742 633/3011/88
f 633/3012/88 557/3013/742 556/3014/743
f 633/3012/88 556/3014/743 634/3015/453
f 634/3015/453 556/3014/743 555/3016/448
f 634/3015/453 555/3016/448 635/3017/743
f 635/3017/743 555/3016/448 554/3018/450
f 635/3017/743 554/3018/450 636/3019/446
f 636/3019/446 554/3018/450 553/3020/445
f 636/3019/446 553/3020/445 637/3021/445
f 637/3021/445 553/3020/445 552/3022/260
f 637/3021/445 552/3022/260 638/3023/745
f 638/3023/745 552/3022/260 560/3024/745
f 638/3023/745 560/3024/745 639/3025/749
f 639/3025/749 560/3024/745 559/3026/616
f 639/3025/749 559/3026/616 640/3027/742
f 640/3027/742 559/3026/616 558/3028/747
f 640/3027/742 558/3028/747 641/3009/741
f 641/3009/741 558/3028/747 557/3010/742
f 628/3029/750 601/3030/751 600/3031/752 627/3032/753
f 967/3033/754 958/3034/755 957/3035/756 966/3036/314
f 1308/3037/757 1307/1806/336 1122/1809/339 1121/3038/758
f 141/2816/384 24/2815/728 23/3039/759 142/3040/759
f 650/3041/741 566/3042/742 642/3043/88
f 642/3044/88 566/3045/742 565/3046/743
f 642/3044/88 565/3046/743 643/3047/453
f 643/3047/453 565/3046/743 564/3048/453
f 643/3047/453 564/3048/453 644/3049/743
f 644/3049/743 564/3048/453 563/3050/450
f 644/3049/743 563/3050/450 645/3051/446
f 645/3051/446 563/3050/450 562/3052/445
f 645/3051/446 562/3052/445 646/3053/744
f 646/3053/744 562/3052/445 561/3054/260
f 646/3053/744 561/3054/260 647/3055/745
f 647/3055/745 561/3054/260 569/3056/745
f 647/3055/745 569/3056/745 648/3057/760
f 648/3057/760 569/3056/745 568/3058/616
f 648/3057/760 568/3058/616 649/3059/747
f 649/3059/747 568/3058/616 567/3060/761
f 649/3059/747 567/3060/761 650/3041/741
f 650/3041/741 567/3060/761 566/3042/742
f 1588/3061/762 1587/2701/690 1384/2704/693 1383/3062/763
f 587/3063/764 578/3064/765 577/3065/766 586/3066/767
f 1337/3067/11 1338/3068/11 1339/3069/11 1340/3070/11 1341/3071/11 1333/3072/11 1334/3073/11 1335/3074/11 1336/3075/11
f 417/2563/633 416/3076/768 334/3077/769 333/2564/634
f 762/3078/673 665/3079/673 664/3080/90 754/3081/90
f 663/3082/15 655/3083/15 656/3084/15 657/3085/15 658/3086/15 716/3087/15 717/3088/15 709/3089/15
f 286/3090/523 285/3091/434 294/3092/434 295/3093/523
f 761/3094/770 666/3095/771 665/3079/673 762/3078/673
f 670/3096/15 671/3097/15 672/3098/15 688/3099/15 689/3100/15 690/3101/15 682/3102/15 683/3103/15 684/3104/15 685/3105/15 686/3106/15 700/3107/15 701/3108/15 702/3109/15 711/3110/15 712/3111/15 713/3112/15 714/3113/15 697/3114/15 680/3115/15 681/3116/15 673/3117/15 674/3118/15 675/3119/15 676/3120/15 677/3121/15 678/3122/15 679/3123/15 698/3124/15 699/3125/15 691/3126/15 651/3127/15 537/3128/15 535/3129/15 423/3130/15 666/3131/15 667/3132/15 668/3133/15 669/3134/15
f 889/3135/590 890/2002/341 881/2005/343 880/3136/591
f 135/3137/512 30/3138/512 29/3139/513 136/3140/513
f 420/3141/15 654/3142/15 652/3143/15 651/3127/15 691/3126/15 692/3144/15 693/3145/15 694/3146/15 695/3147/15 696/3148/15 697/3114/15 714/3113/15 715/3149/15 716/3087/15 658/3086/15 659/3150/15 660/3151/15 661/3152/15 662/3153/15 663/3082/15 709/3089/15 710/3154/15 711/3110/15 702/3109/15 703/3155/15 704/3156/15 705/3157/15 706/3158/15 707/3159/15 708/3160/15 700/3107/15 686/3106/15 687/3161/15 688/3099/15 672/3098/15 664/3162/15 665/3163/15 666/3131/15 423/3130/15 421/3164/15
f 1246/3165/115 1247/3166/772 1184/3167/773 1183/3168/115
f 1265/3169/113 1266/3170/774 1203/3171/775 1202/3172/776
f 1639/3173/777 1640/2770/711 1577/2773/711 1576/3174/777
f 512/3175/778 513/3176/779 486/3177/730 485/3178/780
f 735/3179/15 727/3180/15 718/3181/15 726/3182/15 734/3183/15
f 171/3184/612 170/3185/61 179/3186/61 180/3187/612
f 138/2906/735 27/2905/540 26/3188/671 139/3189/672
f 720/3190/770 702/3191/781 701/3192/673 719/3193/673
f 751/3194/15 752/3195/15 738/3196/15 739/3197/15 740/3198/15 741/3199/15 742/3200/15 743/3201/15 747/3202/15 748/3203/15 749/3204/15 750/3205/15
f 752/3195/15 753/3206/15 745/3207/15 746/3208/15 747/3202/15 743/3201/15 744/3209/15 736/3210/15 737/3211/15 738/3196/15
f 757/3212/577 670/3213/577 669/2292/543 758/2291/542
f 789/3214/15 781/3215/15 782/3216/15 783/1894/15 780/1893/15 772/3217/15 773/3218/15 774/3219/15 775/3220/15 776/3221/15 777/3222/15 778/1896/15 784/1895/15 785/3223/15 786/3224/15 787/3225/15 788/3226/15
f 1612/3227/782 1613/3228/783 1550/3229/784 1549/3230/782
f 1051/3231/11 1052/3232/11 1054/3233/11 1053/3234/11
f 626/3235/785 599/3236/786 598/2058/459 625/2057/458
f 408/3237/633 407/3238/768 325/3239/769 324/3240/787
f 252/3241/353 244/3242/354 235/3243/354 243/3244/355
f 517/3245/552 525/3246/619 437/3247/620 436/3248/552
f 466/3249/788 475/3250/789 476/2804/725 467/2803/724
f 835/3251/563 753/3252/563 752/2795/722 834/2794/721
f 531/3253/790 532/3254/732 505/3255/732 504/3256/730
f 229/2621/401 128/2620/401 127/1987/409 228/1986/408
f 805/3257/94 796/3258/94 795/3259/94 794/3260/94 803/3261/94 804/3262/94
f 196/2518/605 114/2517/365 113/3263/367 195/3264/367
f 847/3265/600 848/3266/601 839/3267/791 838/3268/603
f 1502/3269/792 1376/3270/793 1375/3271/794 1501/3272/795
f 1266/3273/796 1265/3274/797 1092/3275/798 1091/3276/799
f 774/3277/800 680/3278/231 679/3279/801 775/3280/577
f 825/3281/616 826/3282/616 817/3283/334
f 823/3284/802 826/3285/803 824/3286/616
f 821/3287/493 826/3288/804 822/3289/805
f 819/3290/747 826/3291/806 820/3292/804
f 817/3293/334 826/3294/334 818/3295/761
f 820/3292/807 826/3296/804 821/3287/493
f 818/3295/742 826/3297/806 819/3290/747
f 822/3289/808 826/3298/803 823/3284/802
f 824/3286/749 826/3299/616 825/3281/616
f 1277/3300/497 1278/3301/809 1215/3302/809 1214/3303/810
f 1485/3304/811 1494/3305/812 1495/3306/813 1486/3307/814
f 1283/2190/509 1284/3308/712 1221/3309/712 1220/2191/510
f 843/3310/94 835/3311/94 834/3312/94 833/3313/94 832/3314/94 831/3315/94 830/3316/94 838/3317/94 839/3318/94 840/3319/94 841/3320/94 842/3321/94
f 117/3322/512 21/3323/512 20/3324/513 118/3325/513
f 1453/1821/344 1452/3326/815 1461/3327/815 1462/1822/345
f 468/3328/816 459/3329/817 458/3330/818 467/3331/819
f 1318/3332/820 984/3333/821 983/3334/822 1317/3335/823
f 1634/3336/824 1642/3337/825 1437/3338/826 1436/3339/827
f 1583/3340/828 1582/3341/829 1389/3342/830 1388/3343/831
f 887/3344/700 888/3345/589 879/3346/592 878/3347/701
f 989/3348/832 1323/3349/833 1315/3350/834 981/3351/834
f 1629/3352/407 1630/2415/406 1567/2418/406 1566/3353/407
f 1022/3354/835 1027/3355/88 1028/3356/836 1021/3357/837
f 644/3358/785 617/3359/838 616/3360/459 643/3361/458
f 939/3362/839 948/3363/840 949/3364/841 940/3365/842
f 862/3366/616 863/3367/616 854/3368/334
f 860/3369/843 863/3370/805 861/3371/616
f 858/3372/493 863/3373/804 859/3374/805
f 856/3375/747 863/3376/806 857/3377/804
f 854/3378/334 863/3379/334 855/3380/761
f 857/3377/807 863/3381/804 858/3372/493
f 855/3380/742 863/3382/806 856/3375/747
f 859/3374/802 863/3383/805 860/3369/843
f 861/3371/749 863/3384/616 862/3366/616
f 288/3385/501 289/2689/353 280/2692/355 279/3386/502
f 724/3387/577 706/3388/801 705/3389/543 723/3390/844
f 267/3391/399 147/3392/399 146/3393/401 266/3394/401
f 1446/2023/436 1445/3395/11 1454/3396/11 1455/2024/180
f 1166/3397/845 1175/3398/845 1176/2202/516 1167/2201/515
f 1581/3399/846 1580/3400/847 1382/3401/848 1390/3402/849
f 927/3403/341 919/3404/342 910/3405/342 918/3406/343
f 1269/3407/850 1268/3408/851 1089/3409/852 1088/3410/853
f 1274/2593/645 1273/3411/854 1093/3412/854 1101/2594/646
f 880/3413/94 881/3414/94 873/3415/94 874/3416/94 875/3417/94 866/3418/94 865/3419/94 864/3420/94 872/3421/94 871/3422/94
f 212/3423/523 211/2018/432 220/2021/434 221/3424/523
f 583/3425/855 582/2165/440 591/2168/496 592/3426/441
f 921/3427/600 922/3428/601 913/3429/602 912/3430/603
f 815/3431/590 816/3432/341 807/3433/343 806/3434/591
f 582/2569/639 573/2568/638 572/3435/856 581/3436/857
f 1299/3437/858 1291/3438/11 1228/3439/11 1236/3440/858
f 349/3441/458 358/3442/458 359/3443/785 350/3444/859
f 925/2974/393 924/3445/360 933/3446/860 934/2975/393
f 648/3447/861 621/3448/862 620/3449/863 647/3450/863
f 1344/3451/864 1335/3452/864 1334/3453/865 1343/3454/866
f 899/3455/616 900/3456/616 891/3457/334
f 897/3458/808 900/3459/803 898/3460/749
f 895/3461/493 900/3462/804 896/3463/805
f 893/3464/806 900/3465/806 894/3466/494
f 891/3467/334 900/3468/334 892/3469/761
f 894/3466/807 900/3470/804 895/3461/493
f 892/3469/747 900/3471/806 893/3464/806
f 896/3463/802 900/3472/803 897/3458/808
f 898/3460/760 900/3473/616 899/3455/616
f 846/3474/683 847/3265/600 838/3268/603 837/3475/684
f 1630/3476/867 1629/3477/868 1432/3478/428 1431/3479/869
f 1607/3480/371 1615/3481/870 1410/3482/871 1409/3483/371
f 909/3484/94 908/3485/94 907/3486/94 906/3487/94 905/3488/94 904/3489/94 903/3490/94 912/3491/94 913/3492/94 914/3493/94 915/3494/94 916/3495/94 917/3496/94 918/3497/94 910/3498/94 901/3499/94
f 1274/3500/439 1275/2723/437 1212/2726/437 1211/3501/439
f 529/3502/704 528/3503/705 452/3504/706 451/3505/872
f 1636/3506/873 1635/3507/874 1444/3508/875 1443/3509/876
f 473/3510/865 464/3511/866 463/3512/61 472/3513/61
f 1352/2597/649 1351/3514/877 1360/3515/877 1361/2598/650
f 100/2200/514 58/2199/513 57/3516/538 101/3517/538
f 1589/3518/6 1590/1802/156 1527/1805/156 1526/3519/6
f 623/3520/613 650/3521/613 642/3522/11 615/3523/11
f 59/2198/512 99/2197/512 98/3524/61 51/3525/61
f 176/3526/878 175/3527/523 184/3528/879 185/3529/522
f 192/3530/880 110/3531/401 109/3532/881 191/3533/408
f 936/3534/616 937/3535/616 928/3536/334
f 934/3537/802 937/3538/803 935/3539/749
f 932/3540/493 937/3541/804 933/3542/805
f 930/3543/747 937/3544/806 931/3545/494
f 928/3546/334 937/3547/334 929/3548/761
f 931/3545/807 937/3549/804 932/3540/493
f 929/3548/747 937/3550/806 930/3543/747
f 933/3542/802 937/3551/803 934/3537/802
f 935/3539/760 937/3552/616 936/3534/616
f 1627/3553/882 1626/2131/491 1435/2134/492 1434/3554/883
f 1638/3555/884 1637/3556/885 1442/3557/886 1441/3558/887
f 1359/3559/888 1358/2535/615 1371/2538/618 1372/3560/888
f 287/2398/471 288/3385/501 279/3386/502 278/2399/472
f 1264/3561/260 1265/3169/113 1202/3172/776 1201/3562/260
f 1282/3563/889 1290/3564/890 1103/3565/891 1102/3566/892
f 355/3567/893 364/3568/894 365/2532/614 356/2531/613
f 104/3569/895 54/3570/382 53/3571/383 105/3572/384
f 1252/3573/896 1251/3574/897 1070/3575/898 1069/3576/899
f 1600/3577/900 1599/1990/411 1408/1993/414 1407/3578/901
f 950/3579/15 949/3580/15 948/3581/15 947/3582/15 955/3583/15 954/3584/15 953/3585/15 952/3586/15 951/3587/15
f 1251/3588/902 1252/3589/380 1189/3590/380 1188/3591/903
f 872/2386/563 771/2385/562 770/3592/722 871/3593/721
f 832/3594/652 750/3595/652 749/3596/548 831/3597/548
f 285/3091/434 284/3598/330 293/3599/330 294/3092/434
f 959/3600/15 960/3601/15 961/3602/15 962/3603/15 963/3604/15 964/3605/15 956/3606/15 957/3607/15 958/3608/15
f 310/3609/6 309/3610/6 1003/3611/6 1004/3612/6 1005/3613/6 1006/3614/6 1007/3615/6 1008/3616/6 542/3617/6 541/3618/6 66/3619/6 65/3620/6 1009/3621/6 1010/3622/6 999/3623/6 1000/3624/6 1001/3625/6 1002/3626/6 50/3627/6 49/3628/6
f 973/3629/747 696/3630/761 965/3631/334
f 965/3632/334 696/3633/761 695/3634/746
f 965/3632/334 695/3634/746 966/3635/749
f 966/3635/749 695/3634/746 694/3636/745
f 966/3635/749 694/3636/745 967/3637/749
f 967/3637/749 694/3636/745 693/3638/904
f 967/3637/749 693/3638/904 968/3639/904
f 968/3639/904 693/3638/904 692/3640/843
f 968/3639/904 692/3640/843 969/3641/808
f 969/3641/808 692/3640/843 691/3642/905
f 969/3641/808 691/3642/905 970/3643/804
f 970/3643/804 691/3642/905 699/3644/495
f 970/3643/804 699/3644/495 971/3645/807
f 971/3645/807 699/3644/495 698/3646/807
f 971/3645/807 698/3646/807 972/3647/806
f 972/3647/806 698/3646/807 697/3648/742
f 972/3647/806 697/3648/742 973/3629/747
f 973/3629/747 697/3648/742 696/3630/761
f 996/3649/11 997/3650/11 978/3651/11 979/3652/11 980/3653/11 653/3654/11 993/3655/11 994/3656/11 995/3657/11
f 1249/3658/623 1250/3659/906 1187/3660/906 1186/3661/623
f 1259/2194/387 1260/2295/544 1197/2298/547 1196/2195/387
f 816/3432/341 808/3662/342 799/3663/342 807/3433/343
f 883/3664/683 884/2511/600 875/2514/603 874/3665/684
f 742/3666/396 658/3667/396 657/3668/770 743/3669/770
f 973/3670/65 964/3671/65 963/2759/702 972/2758/702
f 712/3672/907 711/3673/908 1353/3674/908 1354/3675/907
f 779/3676/770 675/3677/909 674/2635/673 780/2634/673
f 773/2339/550 681/2338/550 680/3278/231 774/3277/800
f 1289/3678/910 1288/3679/911 1105/3680/912 1104/3681/913
f 1014/3682/15 1015/3683/15 1016/3684/15 1013/3685/15
f 159/3686/605 96/3687/365 95/3688/367 158/3689/367
f 1017/3690/914 1011/3691/915 64/3692/916 1025/3693/917
f 1017/3690/914 1012/3694/918 1011/3691/915
f 40/3695/919 1018/3696/920 41/3697/115
f 41/3697/115 1018/3696/920 1019/3698/115
f 41/3697/115 1019/3698/115 42/3699/194
f 42/3699/194 1019/3698/115 1020/3700/194
f 42/3699/194 1020/3700/194 43/3701/194
f 43/3701/194 1020/3700/194 1021/3702/837
f 43/3701/194 1021/3702/837 44/3703/921
f 40/3695/919 1012/3694/918 1017/3690/914 1018/3696/920
f 1031/3704/922 64/3692/916 1010/3705/923
f 1029/3706/924 1021/3357/837 1028/3356/836
f 1027/3355/88 1022/3354/835 1026/3707/925
f 1015/3708/926 1014/3709/927 44/3710/921 1021/3357/837 1029/3711/924
f 60/3712/928 1022/3354/835 61/3713/88
f 61/3713/88 1022/3354/835 1023/3714/88
f 61/3713/88 1023/3714/88 62/3715/88
f 62/3715/88 1023/3714/88 1024/3716/929
f 62/3715/88 1024/3716/929 63/3717/260
f 63/3717/260 1024/3716/929 1025/3693/917
f 63/3717/260 1025/3693/917 64/3692/916
f 1013/3718/930 1016/3719/931 1026/3707/925 1022/3354/835 60/3712/928
f 1012/3694/918 40/3695/919 1001/3720/932 1000/3721/933
f 1010/3705/923 64/3692/916 1011/3691/915 999/3722/934
f 1255/3723/6 1256/3724/216 1193/3725/216 1192/3726/6
f 1001/3720/932 40/3695/919 1030/3727/935
f 1025/3728/450 1038/3729/450 1017/3730/25
f 1017/3730/25 1038/3729/450 1039/3731/447
f 1017/3730/25 1039/3731/447 1040/3732/936
f 1024/3733/455 1036/3734/445 1025/3728/450
f 1025/3728/450 1036/3734/445 1037/3735/450
f 1025/3728/450 1037/3735/450 1038/3729/450
f 1023/3736/448 1034/3737/453 1024/3733/455
f 1024/3733/455 1034/3737/453 1035/3738/455
f 1024/3733/455 1035/3738/455 1036/3734/445
f 1034/3737/453 1023/3736/448 1033/3739/743
f 1033/3739/743 1023/3736/448 1022/3740/448
f 1033/3739/743 1022/3740/448 1032/3741/937
f 1032/3742/937 1022/3743/448 1021/3744/452
f 1032/3742/937 1021/3744/452 1044/3745/938
f 1044/3745/938 1021/3744/452 1020/3746/452
f 1044/3745/938 1020/3746/452 1043/3747/939
f 1043/3747/939 1020/3746/452 1019/3748/488
f 1043/3747/939 1019/3748/488 1042/3749/489
f 1042/3749/489 1019/3748/488 1018/3750/489
f 1042/3749/489 1018/3750/489 1041/3751/936
f 1041/3751/936 1018/3750/489 1040/3732/936
f 1040/3732/936 1018/3750/489 1017/3730/25
f 114/3752/94 115/3753/94 107/3754/94 98/3755/94 99/3756/94 100/3757/94 101/3758/94 102/3759/94 103/3760/94 104/3761/94 105/3762/94 106/3763/94 109/3764/94 110/3765/94 111/3766/94 112/3767/94 113/3768/94
f 1027/3769/94 1026/3770/94 1045/3771/94 1046/3772/94 1047/3773/94 1048/3774/94 1029/3775/94 1028/3776/94
f 1160/2713/697 1161/3777/940 1152/3778/941 1151/2714/698
f 848/3779/405 847/3780/942 856/3781/640 857/3782/405
f 167/3783/15 168/1979/15 158/1985/15 157/3784/15 156/3785/15 155/3786/15 154/3787/15 153/3788/15 152/1982/15 161/1981/15 162/3789/15 163/3790/15 164/3791/15 165/3792/15 166/3793/15
f 1046/3794/90 1045/3795/90 1050/3796/90 1052/3797/90 1051/3798/90
f 1054/3799/61 1049/3800/61 1048/3801/61 1047/3802/61 1053/3803/61
f 45/3804/11 44/3805/11 1014/3806/11 1013/3807/11 60/3808/11 70/3809/11 1055/3810/11 1056/3811/11
f 271/3812/604 151/3813/604 150/1881/365 270/1880/364
f 791/3814/943 728/3815/943 727/3816/90 790/3817/90
f 252/3002/630 251/3818/529 260/3819/944 261/3003/630
f 1308/3820/945 1300/3821/194 1237/3822/194 1245/3823/946
f 1583/3824/947 1584/3825/948 1521/3826/948 1520/3827/949
f 1321/2900/732 1330/2899/732 1331/3828/476 1322/3829/476
f 1272/2548/625 1271/3830/950 1086/3831/951 1085/2549/626
f 725/3832/231 707/3833/231 706/3388/801 724/3387/577
f 943/3834/952 687/3835/953 686/3836/954 942/3837/955
f 210/2019/330 209/3838/332 218/3839/332 219/2020/433
f 829/3840/599 747/3841/956 746/3842/943 828/3843/943
f 1077/3844/94 1078/3845/94 1131/3846/94 1132/2756/94 1076/3847/94
f 1067/3848/94 1068/2754/94 1133/2757/94 1057/3849/94 1058/3850/94 1059/3851/94 1060/3852/94 1061/3853/94 1124/3854/94 1125/3855/94 1126/3856/94 1127/3857/94 1128/3858/94 1120/3859/94 1034/3860/94 1033/3861/94 1032/3862/94 1044/3863/94 1043/3864/94 1042/3865/94 1084/3866/94 1085/3867/94 1086/3868/94 1087/3869/94 1088/3870/94 1089/3871/94 1090/3872/94 1041/3873/94 1040/3874/94 1039/3875/94 1038/3876/94 1098/3877/94 1099/3878/94 1100/3879/94 1101/3880/94 1093/3881/94 1094/3882/94 1095/3883/94 1096/3884/94 1097/3885/94 1137/3886/94 1129/3887/94 1130/3888/94 1131/3846/94 1078/3845/94 1079/3889/94 1080/3890/94 1081/3891/94 1082/3892/94 1083/3893/94 1075/3894/94 1076/3847/94 1132/2756/94 1069/2755/94 1070/3895/94 1071/3896/94 1072/3897/94 1073/3898/94 1074/3899/94 1066/3900/94
f 1284/3901/957 1283/3902/958 1110/3903/959 1109/3904/960
f 845/3905/342 846/3474/683 837/3475/684 836/3906/342
f 170/3907/354 171/3908/662 162/3909/663 161/3910/354
f 1260/3911/961 1259/3912/962 1080/3913/963 1079/3914/964
f 764/3915/15 765/3916/15 762/3917/15 754/3918/15 763/3919/15
f 1627/3920/726 1628/3921/456 1565/3922/456 1564/3923/965
f 1255/3924/558 1263/3925/560 1076/3926/966 1075/3927/558
f 1500/3928/967 1374/3929/968 1373/3930/371 1499/3931/371
f 1092/3932/94 1084/3866/94 1042/3865/94 1041/3873/94 1090/3872/94 1091/3933/94
f 971/2761/703 962/2760/703 961/3934/969 970/3935/969
f 401/3936/642 400/2715/632 314/2718/635 313/3937/643
f 1163/3938/970 1164/3939/971 1155/3940/972 1154/3941/973
f 520/3942/704 519/3943/705 443/3944/706 442/3945/872
f 810/2678/600 811/3946/601 802/3947/974 801/2679/603
f 475/3948/6 474/3949/6 473/3950/6 472/3951/6 480/3952/6 479/3953/6 478/3954/6 477/3955/6 476/3956/6
f 1503/3957/975 1377/3958/976 1376/3270/793 1502/3269/792
f 409/2585/632 408/3237/633 324/3240/787 323/2586/635
f 283/3959/507 284/2092/477 275/2095/480 274/3960/508
f 1164/3961/260 36/3962/260 1156/3963/6
f 1156/3964/6 36/3965/260 35/3966/115
f 1156/3964/6 35/3966/115 1157/3967/115
f 1157/3967/115 35/3966/115 34/3968/115
f 1157/3967/115 34/3968/115 1158/3969/115
f 1158/3969/115 34/3968/115 33/3970/194
f 1158/3969/115 33/3970/194 1159/3971/194
f 1159/3971/194 33/3970/194 32/3972/194
f 1159/3971/194 32/3972/194 1160/3973/194
f 1160/3973/194 32/3972/194 31/3974/11
f 1160/3973/194 31/3974/11 1161/3975/88
f 1161/3975/88 31/3974/11 39/3976/88
f 1161/3975/88 39/3976/88 1162/3977/88
f 1162/3977/88 39/3976/88 38/3978/88
f 1162/3977/88 38/3978/88 1163/3979/260
f 1163/3979/260 38/3978/88 37/3980/260
f 1163/3979/260 37/3980/260 1164/3961/260
f 1164/3961/260 37/3980/260 36/3962/260
f 1247/3981/977 1246/3982/674 1066/3983/675 1074/3984/978
f 84/3985/672 75/3986/671 74/1910/382 83/1909/382
f 1633/3987/979 1632/3988/980 1429/3989/981 1428/3990/482
f 1619/2605/655 1618/3991/982 1425/3992/983 1424/2606/656
f 1276/2551/628 1275/2592/644 1100/2595/647 1099/2552/629
f 1280/3993/984 1279/2901/733 1096/2902/734 1095/3994/985
f 1596/2081/467 1595/3995/986 1394/3996/987 1393/2082/468
f 1257/3997/988 1256/3998/989 1083/3999/990 1082/4000/991
f 1288/2492/598 1289/4001/992 1226/4002/993 1225/2493/598
f 1491/4003/994 1482/4004/995 1481/4005/996 1490/4006/996
f 1185/4007/94 1186/4008/94 1187/4009/94 1188/4010/94 1189/4011/94 1190/4012/94 1191/4013/94 1183/4014/94 1184/4015/94
f 1199/4016/94 1200/4017/94 1192/4018/94 1193/4019/94 1194/4020/94 1195/4021/94 1196/4022/94 1197/4023/94 1198/4024/94
f 737/2304/550 663/2303/550 662/4025/231 738/4026/230
f 1205/4027/94 1206/4028/94 1207/4029/94 1208/4030/94 1209/4031/94 1201/4032/94 1202/4033/94 1203/4034/94 1204/4035/94
f 1213/4036/94 1214/4037/94 1215/4038/94 1216/4039/94 1217/4040/94 1218/4041/94 1210/4042/94 1211/4043/94 1212/4044/94
f 541/4045/404 540/4046/404 67/4047/404 66/4048/404
f 194/4049/561 112/4050/561 111/4051/399 193/4052/399
f 251/3818/529 250/2245/522 259/2248/522 260/3819/944
f 1584/3825/948 1585/4053/997 1522/4054/997 1521/3826/948
f 281/4055/354 282/4056/662 273/4057/663 272/4058/354
f 1241/4059/94 1242/4060/94 1243/4061/94 1244/4062/94 1245/4063/94 1237/4064/94 1238/4065/94 1239/4066/94 1240/4067/94
f 353/2009/426 344/2008/425 343/4068/535 352/4069/534
f 406/4070/554 405/4071/555 327/4072/556 326/4073/557
f 514/4074/732 515/2088/474 488/2091/476 487/4075/732
f 808/4076/342 809/2677/683 800/2680/684 799/4077/342
f 81/4078/759 72/4079/759 71/2500/61 80/2499/61
f 719/3193/673 701/3192/673 700/2912/90 718/2911/90
f 1617/4080/946 1618/4081/998 1555/4082/998 1554/4083/946
f 510/4084/579 511/4085/581 484/4086/581 483/4087/999
f 850/4088/700 851/4089/589 842/4090/592 841/4091/701
f 886/4092/1000 887/3344/700 878/3347/701 877/4093/1001
f 1141/2688/184 1132/2687/184 1131/4094/1002 1140/4095/1003
f 942/4096/955 686/4097/954 685/2011/428 941/2010/427
f 1161/3777/940 1162/4098/1004 1153/4099/1005 1152/3778/941
f 1289/4001/992 1290/4100/99 1227/4101/99 1226/4002/993
f 191/3533/408 109/3532/881 108/2136/410 190/2135/410
f 215/4102/630 214/2263/529 223/2266/529 224/4103/630
f 466/4104/1006 457/4105/1007 456/4106/1008 465/4107/1009
f 1592/2524/609 1591/2389/564 1398/2392/567 1397/2525/610
f 1172/4108/1010 1064/4109/1011 1063/2682/686 1171/2681/685
f 1506/2099/484 1380/2098/483 1379/4110/1012 1505/4111/1013
f 1628/4112/1014 1627/3553/882 1434/3554/883 1433/4113/1015
f 1615/3481/870 1614/4114/1016 1411/4115/1017 1410/3482/871
f 1588/4116/111 1580/4117/260 1517/4118/260 1525/4119/113
f 789/4120/563 909/4121/563 901/4122/90 781/4123/90
f 1466/4124/15 1465/4125/15 1464/4126/15 1476/4127/15 1477/4128/15 1478/4129/15 1467/4130/15
f 1292/4131/1018 1293/4132/1019 1230/4133/1019 1229/4134/1020
f 848/3266/601 849/4135/1000 840/4136/1021 839/3267/791
f 975/4137/1022 311/4138/939 48/4139/939 47/4140/1022
f 584/4141/398 583/3425/855 592/3426/441 593/4142/1023
f 1488/4143/1024 1497/4144/1025 1498/4145/1026 1489/4146/1027
f 1168/4147/1028 1060/4148/1029 1059/4149/1030 1167/4150/1031
f 531/4151/372 530/4152/373 450/4153/374 449/4154/375
f 521/1898/373 520/3942/704 442/3945/872 441/1899/374
f 213/2085/471 214/4155/501 205/4156/502 204/2086/472
f 1249/4157/1032 1248/4158/1033 1073/4159/1034 1072/4160/1035
f 524/4161/677 523/4162/736 439/4163/737 438/4164/678
f 1261/4165/1036 1260/3911/961 1079/3914/964 1078/4166/1037
f 1258/4167/1038 1257/3997/988 1082/4000/991 1081/4168/1039
f 209/2613/507 210/4169/1040 201/4170/480 200/2614/508
f 1536/4171/15 1537/4172/15 1538/4173/15 1539/4174/15 1540/4175/15 1541/4176/15 1542/4177/15 1543/4178/15 1535/4179/15
f 1285/4180/711 1286/4181/777 1223/4182/777 1222/4183/1041
f 1625/4184/11 1626/4185/858 1563/4186/858 1562/4187/11
f 711/3673/908 710/4188/1042 1352/4189/1042 1353/3674/908
f 926/2484/590 927/3403/341 918/3406/343 917/2485/591
f 1170/2684/688 1062/2683/687 1061/4190/1043 1169/4191/1044
f 1584/4192/1045 1583/3340/828 1388/3343/831 1387/4193/1046
f 1637/3556/885 1636/3506/873 1443/3509/876 1442/3557/886
f 532/4194/736 531/4151/372 449/4154/375 448/4195/737
f 1618/4081/998 1619/2477/585 1556/2480/585 1555/4082/998
f 946/4196/1047 690/4197/1048 689/2609/659 945/2608/658
f 154/4198/408 91/4199/881 90/4200/410 153/4201/410
f 1256/3998/989 1255/4202/558 1075/4203/558 1083/3999/990
f 1263/3925/560 1262/4204/1049 1077/4205/1050 1076/3926/966
f 1631/4206/1051 1630/3476/867 1431/3479/869 1430/4207/1052
f 1259/3912/962 1258/4167/1038 1081/4168/1039 1080/3913/963
f 213/2264/522 212/3423/523 221/3424/523 222/2265/522
f 1611/4208/1053 1610/4209/1054 1415/4210/1055 1414/4211/1056
f 1613/4212/1057 1612/4213/1058 1413/4214/1059 1412/4215/1060
f 351/2284/537 342/2283/536 341/2077/463 350/2076/462
f 732/4216/15 733/4217/15 734/3183/15 726/3182/15 725/4218/15 724/4219/15 723/4220/15 722/4221/15 721/4222/15 720/4223/15 719/4224/15 718/3181/15 727/3180/15 728/4225/15 729/4226/15 730/4227/15 731/4228/15
f 513/3176/779 514/4074/732 487/4075/732 486/3177/730
f 195/4229/15 194/4230/15 193/4231/15 201/4232/15 202/4233/15 203/4234/15 204/4235/15 205/4236/15
f 944/2611/661 688/2610/660 687/3835/953 943/3834/952
f 1601/1999/420 1600/3577/900 1407/3578/901 1406/2000/421
f 1287/4237/1061 1286/4238/1062 1107/4239/1063 1106/4240/1064
f 287/4241/522 286/3090/523 295/3093/523 296/4242/522
f 358/3442/458 349/3441/458 348/2534/11 357/2533/11
f 1313/4243/94 1311/4244/94 1310/4245/94 1006/4246/94 1005/4247/94 1312/4248/94
f 1150/4249/94 1151/2963/94 1146/2962/94 1145/2954/94 1149/2953/94
f 12/4250/61 11/4251/61 1314/4252/61 1004/4253/61 1003/4254/61 302/4255/61
f 544/4256/90 545/2863/90 539/2862/90 540/4257/90 541/4258/90 542/2873/90 576/2872/90 577/4259/90 578/4260/90 570/4261/90 571/4262/90 572/4263/90 573/2869/90 550/2868/90 551/4264/90 543/4265/90
f 1268/4266/1065 1269/4267/948 1206/4268/1066 1205/4269/997
f 1296/4270/1067 1295/4271/1068 1116/4272/1069 1115/4273/1007
f 1253/4274/381 1254/2173/279 1191/2176/279 1190/4275/381
f 1297/4276/1070 1296/4270/1067 1115/4273/1007 1114/4277/1071
f 586/3066/767 577/3065/766 576/4278/1072 585/4279/1073
f 966/3036/314 957/3035/756 956/4280/90 965/4281/90
f 1381/2097/482 1507/2096/481 1499/3931/371 1373/3930/371
f 1265/3274/797 1264/4282/624 1084/4283/627 1092/3275/798
f 1325/4284/11 1324/4285/11 1332/4286/11 1331/4287/11 1330/4288/11 1329/4289/11 1328/4290/11 1327/4291/11 1326/4292/11
f 1616/4293/1074 1624/4294/1075 1419/4295/1076 1418/4296/1077
f 105/3572/384 53/3571/383 52/4297/759 106/4298/759
f 171/3908/662 172/4299/507 163/4300/508 162/3909/663
f 1251/3574/897 1250/4301/1078 1071/4302/1079 1070/3575/898
f 1350/4303/807 995/4304/493 1342/4305/194
f 1342/4306/194 995/4307/493 994/4308/938
f 1342/4306/194 994/4308/938 1343/4309/454
f 1343/4309/454 994/4308/938 993/4310/1022
f 1343/4309/454 993/4310/1022 1344/4311/938
f 1344/4311/938 993/4310/1022 992/4312/1080
f 1344/4311/938 992/4312/1080 1345/4313/453
f 1345/4313/453 992/4312/1080 991/4314/448
f 1345/4313/453 991/4314/448 1346/4315/743
f 1346/4315/743 991/4314/448 990/4316/88
f 1346/4315/743 990/4316/88 1347/4317/742
f 1347/4317/742 990/4316/88 998/4318/742
f 1347/4317/742 998/4318/742 1348/4319/761
f 1348/4319/761 998/4318/742 997/4320/1081
f 1348/4319/761 997/4320/1081 1349/4321/804
f 1349/4321/804 997/4320/1081 996/4322/495
f 1349/4321/804 996/4322/495 1350/4303/807
f 1350/4303/807 996/4322/495 995/4304/493
f 650/3521/613 623/3520/613 622/4323/893 649/4324/893
f 1169/4325/1082 1178/4326/809 1179/4327/498 1170/4328/497
f 888/3345/589 889/3135/590 880/3136/591 879/3346/592
f 1632/3988/980 1631/4206/1051 1430/4207/1052 1429/3989/981
f 1286/4238/1062 1285/4329/1083 1108/4330/1084 1107/4239/1063
f 529/2474/581 530/4331/1085 503/4332/1085 502/2475/581
f 1370/2537/617 1357/2536/616 1369/4333/749
f 1369/4333/749 1357/2536/616 1356/4334/745
f 1369/4333/749 1356/4334/745 1368/4335/1086
f 1368/4335/1086 1356/4334/745 1367/4336/746
f 1367/4336/746 1356/4334/745 1355/4337/843
f 1367/4336/746 1355/4337/843 1366/4338/904
f 1366/4338/904 1355/4337/843 1365/4339/802
f 1365/4339/802 1355/4337/843 1354/4340/803
f 1365/4339/802 1354/4340/803 1364/4341/803
f 1364/4341/803 1354/4340/803 1363/4342/904
f 1363/4342/904 1354/4340/803 1353/2596/648
f 1363/4342/904 1353/2596/648 1362/2599/648
f 1462/4343/1087 1461/4344/1088 1470/4345/1089 1471/4346/1090
f 120/2290/541 18/2289/540 17/4347/740 121/4348/672
f 672/4349/550 755/4350/550 754/3081/90 664/3080/90
f 815/4351/377 814/4352/393 823/4353/393 824/4354/377
f 1396/4355/15 1397/4356/15 1398/2830/15 1371/2829/15 1370/2846/15 1400/2845/15 1401/2837/15 1395/2836/15
f 462/4357/1091 471/4358/1092 463/4359/1093 454/4360/1093
f 139/4361/94 140/2719/94 146/2722/94 147/4362/94 148/4363/94 149/4364/94 150/4365/94 151/4366/94 143/4367/94 144/4368/94 145/2721/94 141/2720/94 142/4369/94 134/4370/94 135/4371/94 136/4372/94 137/4373/94 138/4374/94
f 1428/2742/15 1448/2741/15 1421/2819/15 1422/4375/15 1423/4376/15 1424/4377/15 1425/4378/15 1426/4379/15 1418/4380/15 1419/2817/15 1412/2856/15 1413/4381/15 1414/4382/15 1415/2850/15 1367/2849/15 1366/4383/15 1365/4384/15 1364/4385/15 1363/4386/15 1362/4387/15 1361/4388/15 1360/4389/15 1372/2828/15 1374/2731/15 1375/4390/15 1376/4391/15 1377/4392/15 1378/2749/15 1440/2748/15 1441/4393/15 1442/4394/15 1443/4395/15 1444/4396/15 1436/4397/15 1437/2745/15 1430/2744/15 1431/4398/15 1432/4399/15 1433/4400/15 1434/4401/15 1435/4402/15 1427/4403/15
f 944/4404/1094 953/4405/1095 954/4406/1096 945/4407/1096
f 983/4408/11 984/4409/11 653/3654/11 974/4410/11
f 1304/1855/357 1305/4411/586 1242/4412/1097 1241/1856/358
f 1270/4413/1098 1269/3407/850 1088/3410/853 1087/4414/1099
f 412/4415/694 411/4416/695 330/4417/695 338/4418/696
f 1632/4419/1100 1633/4420/1020 1570/4421/1020 1569/4422/1019
f 300/4423/444 301/4424/444 2/4425/444 1/4426/444
f 871/3593/721 770/3592/722 769/4427/651 870/4428/651
f 101/3517/538 57/3516/538 56/4429/540 102/4430/1101
f 306/4431/11 7/4432/11 6/4433/11 304/4434/11 305/4435/11
f 756/4436/1102 671/4437/231 670/3213/577 757/3212/577
f 1351/4438/877 1359/3559/888 1372/3560/888 1360/4439/877
f 1455/4440/1103 1454/4441/877 1463/4442/877 1464/4443/650
f 1607/4444/61 1608/4445/340 1545/4446/340 1544/4447/61
f 1639/4448/1104 1638/3555/884 1441/3558/887 1440/4449/1105
f 1162/4098/1004 1163/3938/970 1154/3941/973 1153/4099/1005
f 467/4450/819 458/4451/818 457/4105/1007 466/4104/1006
f 1585/4452/1106 1584/4192/1045 1387/4193/1046 1386/4453/1107
f 1606/4454/1108 1605/4455/1109 1402/4456/1110 1401/4457/1111
f 923/4458/362 922/4459/405 931/4460/405 932/4461/362
f 943/4462/1112 952/4463/1113 953/4405/1095 944/4404/1094
f 1489/4146/1027 1498/4145/1026 1490/4006/996 1481/4005/996
f 103/4464/672 55/4465/1114 54/3570/382 104/3569/895
f 810/4466/640 809/1884/368 818/1887/368 819/4467/640
f 793/4468/549 730/4469/549 729/4470/599 792/4471/599
f 886/4472/362 885/2570/405 894/2573/641 895/4473/362
f 1250/4301/1078 1249/4157/1032 1072/4160/1035 1071/4302/1079
f 419/4474/642 418/2562/632 332/2565/635 331/4475/643
f 173/4476/477 174/2139/478 165/2142/479 164/4477/480
f 1486/3307/814 1495/3306/813 1496/4478/1115 1487/4479/1116
f 1322/4480/1117 988/4481/1118 987/4482/1119 1321/4483/1120
f 210/4169/1040 211/4484/478 202/4485/479 201/4170/480
f 528/3503/705 527/4486/551 453/4487/553 452/3504/706
f 1484/4488/716 1493/4489/715 1494/3305/812 1485/3304/811
f 1610/4209/1054 1609/4490/1121 1416/4491/1122 1415/4210/1055
f 1295/4271/1068 1294/4492/1123 1117/4493/1124 1116/4272/1069
f 1262/4204/1049 1261/4165/1036 1078/4166/1037 1077/4205/1050
f 533/4494/677 532/4194/736 448/4195/737 447/4495/678
f 1299/4496/1125 1298/4497/1126 1113/4498/1127 1112/4499/1128
f 1325/2472/583 1316/2471/582 1315/4500/90 1324/4501/90
f 1624/4294/1075 1623/4502/1129 1420/4503/1130 1419/4295/1076
f 753/3252/563 835/3251/563 827/4504/90 745/4505/90
f 690/4197/1048 946/4196/1047 938/1891/371 682/1890/371
f 1319/4506/1131 985/4507/1132 984/3333/821 1318/3332/820
f 521/4508/1085 522/4509/730 495/4510/730 494/4511/1085
f 102/4430/1101 56/4429/540 55/4512/1114 103/4513/672
f 1298/2807/726 1299/3437/858 1236/3440/858 1235/2808/726
f 714/4514/1133 713/4515/1134 1355/4516/1135 1356/4517/1133
f 811/1972/405 810/4466/640 819/4467/640 820/1973/405
f 1567/4518/15 1568/4519/15 1569/4520/15 1570/4521/15 1562/4522/15 1563/4523/15 1564/4524/15 1565/4525/15 1566/4526/15
f 1319/4527/1136 1328/4528/1085 1329/4529/731 1320/4530/730
f 1575/4531/15 1576/4532/15 1577/4533/15 1578/4534/15 1579/4535/15 1571/4536/15 1572/4537/15 1573/4538/15 1574/4539/15
f 1250/3659/906 1251/3588/902 1188/3591/903 1187/3660/906
f 630/4540/861 603/4541/1137 602/4542/863 629/4543/1138
f 1312/4544/444 1005/4545/444 1004/4546/444 1314/4547/444
f 86/4548/538 77/4549/538 76/2631/540 85/2630/670
f 425/4550/450 538/4551/1139 5/4552/1139 4/4553/450
f 1622/4554/1140 1623/4555/392 1560/4556/391 1559/4557/356
f 605/4558/613 632/4559/613 624/2060/11 597/2059/11
f 1456/4560/1141 1455/4440/1103 1464/4443/650 1465/4561/1142
f 1595/3995/986 1594/4562/1143 1395/4563/1144 1394/3996/987
f 1284/3308/712 1285/4180/711 1222/4183/1041 1221/3309/712
f 1309/4564/90 8/4565/90 7/4566/90 306/4567/90 1008/4568/90 1007/4569/90
f 142/3040/759 23/3039/759 22/4570/61 134/4571/61
f 811/3946/601 812/4572/1000 803/4573/1021 802/3947/974
f 637/4574/750 610/4575/751 609/4576/752 636/4577/1145
f 416/2335/398 417/2809/346 390/2812/346 389/2336/398
f 1173/4578/1146 1065/4579/1128 1064/4109/1011 1172/4108/1010
f 1505/4111/1013 1379/4110/1012 1378/4580/1147 1504/4581/1148
f 1169/4582/1044 1061/4583/1043 1060/4148/1029 1168/4147/1028
f 1629/3477/868 1628/4112/1014 1433/4113/1015 1432/3478/428
f 1294/4492/1123 1293/1994/415 1118/1997/418 1117/4493/1124
f 1281/4584/1149 1280/3993/984 1095/3994/985 1094/4585/1150
f 794/4586/548 731/4587/1151 730/4469/549 793/4468/549
f 1253/2488/594 1252/3573/896 1069/3576/899 1068/2489/595
f 124/4588/759 14/4589/759 13/4590/61 116/4591/61
f 1290/3564/890 1289/3678/910 1104/3681/913 1103/3565/891
f 1616/4592/194 1617/4080/946 1554/4083/946 1553/4593/194
f 1638/4594/1152 1639/3173/777 1576/3174/777 1575/4595/597
f 924/4596/700 925/2483/589 916/2486/592 915/4597/701
f 1268/3408/851 1267/4598/1153 1090/4599/480 1089/3409/852
f 851/4089/589 852/4600/590 843/4601/591 842/4090/592
f 721/4602/396 703/4603/396 702/3191/781 720/3190/770
f 520/4604/1154 521/4508/1085 494/4511/1085 493/4605/581
f 1256/3724/216 1257/4606/1155 1194/4607/1155 1193/3725/216
f 1609/4490/1121 1608/4608/1156 1417/4609/1157 1416/4491/1122
f 414/4610/555 413/4611/587 337/4612/588 336/4613/556
f 814/2728/589 815/3431/590 806/3434/591 805/2729/592
f 1298/4497/1126 1297/4276/1070 1114/4277/1071 1113/4498/1127
f 405/4071/555 404/4614/587 328/4615/588 327/4072/556
f 1167/4150/1031 1059/4149/1030 1058/4616/1158 1166/4617/1159
f 68/4618/1080 67/4619/1080 540/4620/453 980/4621/453
f 614/4622/613 641/4623/614 633/4624/11 606/4625/11
f 743/3669/770 657/3668/770 656/4626/673 744/4627/673
f 526/4628/552 534/4629/619 446/4630/620 445/4631/552
f 1270/4632/947 1271/2778/717 1208/2781/720 1207/4633/947
f 1504/4581/1148 1378/4580/1147 1377/4634/976 1503/4635/975
f 1482/4004/995 1491/4003/994 1492/2775/714 1483/2774/713
f 1285/4329/1083 1284/3901/957 1109/3904/960 1108/4330/1084
f 246/1777/331 245/2527/612 254/2530/612 255/1778/332
f 215/4636/353 207/4637/354 198/4638/354 206/4639/355
f 517/4640/90 518/4641/583 491/4642/583 490/4643/90
f 645/4644/1160 618/4645/752 617/3359/838 644/3358/785
f 902/4646/943 782/4647/943 781/4123/90 901/4122/90
f 585/4279/1073 576/4278/1072 575/4648/1161 584/4649/1162
f 1501/3272/795 1375/3271/794 1374/3929/968 1500/3928/967
f 1614/4114/1016 1613/4212/1057 1412/4215/1060 1411/4115/1017
f 1454/4650/877 1462/4343/1087 1471/4346/1090 1463/4651/877
f 1303/2182/504 1302/2622/664 1127/2625/667 1126/2183/505
f 1267/4598/1153 1266/3273/796 1091/3276/799 1090/4599/480
f 172/4299/507 173/4476/477 164/4477/480 163/4300/508
f 1346/4652/725 1337/4653/1163 1336/4654/788 1345/4655/1164
f 1642/3337/825 1641/4656/1165 1438/4657/1166 1437/3338/826
f 350/3444/859 359/3443/785 360/4658/753 351/4659/752
f 629/4543/1138 602/4542/863 601/4660/751 628/4661/750
f 1267/4662/1167 1268/4266/1065 1205/4269/997 1204/4663/1168
f 1606/4664/1169 1598/4665/115 1535/4666/115 1543/4667/772
f 526/4668/90 527/4669/583 500/4670/583 499/4671/90
f 469/2280/533 460/2279/532 459/3329/817 468/3328/816
f 1157/2374/559 1158/2673/679 1149/2676/682 1148/2375/560
f 406/2579/441 407/4672/398 380/4673/398 379/2580/441
f 534/4674/475 526/4675/90 499/4676/90 507/4677/738
f 87/4678/514 78/4679/513 77/4549/538 86/4548/538
f 532/3254/732 533/4680/474 506/4681/476 505/3255/732
f 867/4682/549 766/4683/549 765/4684/956 866/4685/599
f 1318/2470/581 1327/2469/580 1328/4528/1085 1319/4527/1136
f 175/3527/523 174/4686/1170 183/4687/434 184/3528/879
f 395/4688/490 396/2030/440 369/2033/440 368/4689/1171
f 1306/4690/585 1307/4691/998 1244/4692/998 1243/4693/585
f 884/2571/640 883/2697/368 892/2700/368 893/2572/640
f 170/4694/61 178/2939/630 187/2942/630 179/4695/61
f 1248/4696/622 1249/3658/623 1186/3661/623 1185/4697/622
f 36/4698/94 37/4699/94 38/4700/94 39/4701/94 31/4702/94 32/4703/94 33/4704/94 34/4705/94 35/4706/94
f 609/4707/90 610/4708/90 611/4709/90 612/4710/90 613/4711/90 614/4712/90 606/4713/90 607/4714/90 608/4715/90
f 1290/4100/99 1282/4716/88 1219/4717/88 1227/4101/99
f 352/4718/750 361/4719/750 362/4720/1138 353/4721/863
f 195/3264/367 113/3263/367 112/4050/561 194/4049/561
f 232/4722/367 131/4723/367 130/4724/561 231/4725/561
f 1291/4726/140 1299/4496/1125 1112/4499/1128 1111/4727/140
f 525/3246/619 524/4161/677 438/4164/678 437/3247/620
f 416/3076/768 415/4728/554 335/4729/557 334/3077/769
f 1281/4730/845 1273/4731/90 1210/4732/90 1218/4733/845
f 404/4734/490 405/2578/440 378/2581/440 377/4735/490
f 735/4736/563 798/4737/563 790/3817/90 727/3816/90
f 713/4515/1134 712/3672/907 1354/3675/907 1355/4516/1135
f 919/4738/90 927/4739/376 936/4740/376 928/4741/90
f 627/3032/753 600/3031/752 599/3236/786 626/3235/785
f 1611/2627/669 1612/3227/782 1549/3230/782 1548/2628/669
f 209/3838/332 208/4742/612 217/4743/612 218/3839/332
f 211/4484/478 212/2084/470 203/2087/473 202/4485/479
f 1301/2623/665 1300/4744/1172 1120/4745/1173 1128/2624/666
f 639/4746/861 612/4747/861 611/4748/863 638/4749/863
f 151/3813/604 271/3812/604 263/4750/61 143/4751/61
f 877/4752/94 878/4753/94 879/4754/94 880/3413/94 871/3422/94 870/4755/94 869/4756/94 868/4757/94 867/4758/94 866/3418/94 875/3417/94 876/4759/94
f 464/3511/866 473/3510/865 474/4760/864 465/4761/864
f 1009/4762/61 65/4763/61 64/4764/61 1031/4765/61
f 927/4739/376 926/2973/377 935/2976/377 936/4740/376
f 403/4766/1174 404/4734/490 377/4735/490 376/4767/1174
f 1291/4768/11 1292/4131/1018 1229/4134/1020 1228/4769/11
f 924/3445/360 923/4458/362 932/4461/362 933/3446/860
f 88/2498/512 79/2497/512 78/4679/513 87/4678/514
f 1178/4770/94 1177/4771/94 1176/4772/94 1175/4773/94 1174/4774/94 1182/4775/94 1181/4776/94 1180/4777/94 1179/4778/94
f 978/4779/61 1055/4780/61 70/4781/61 69/4782/61 979/4783/61
f 11/4784/194 10/4785/194 1313/4786/194 1312/4787/194 1314/4788/194
f 118/3325/513 20/3324/513 19/2288/539 119/2287/538
f 68/4789/80 980/4790/80 979/4791/80 69/4792/80
f 115/2516/604 197/2515/604 189/2138/61 107/2137/61
f 403/4793/694 402/4794/695 321/4795/695 329/4796/696
f 912/3491/94 903/3490/94 902/4797/94 901/3499/94 910/3498/94 911/4798/94
f 1500/4799/607 1509/4800/607 1510/4801/606 1501/4802/1175
f 516/2089/475 508/4803/90 481/4804/90 489/2090/475
f 471/4805/1176 480/4806/1176 472/3513/61 463/3512/61
f 300/4807/61 303/2372/61 322/2371/61 323/4808/61 324/4809/61 325/4810/61 326/2366/61 334/2365/61 335/4811/61 336/4812/61 337/4813/61 338/2360/61 318/2359/61 319/4814/61 320/4815/61 312/4816/61 313/2354/61 342/2353/61 343/4817/61 344/4818/61 345/4819/61 346/2348/61 310/2347/61 311/4820/61 307/4821/61 308/4822/61 301/4823/61
f 1278/3301/809 1279/2377/517 1216/2380/517 1215/3302/809
f 173/4824/330 172/4825/332 181/4826/332 182/4827/330
f 852/4600/590 853/1812/341 844/1815/343 843/4601/591
f 415/4728/554 414/4610/555 336/4613/556 335/4729/557
f 518/4641/583 519/4828/579 492/4829/584 491/4642/583
f 1343/3454/866 1334/3453/865 1333/4830/61 1342/4831/61
f 82/1912/384 73/1911/383 72/4079/759 81/4078/759
f 1496/4832/15 1495/4833/15 1494/4834/15 1493/4835/15 1492/4836/15 1491/4837/15 1490/4838/15 1498/4839/15 1497/4840/15
f 989/4841/11 981/4842/11 982/4843/11 983/4408/11 974/4410/11 975/4844/11 976/4845/11 977/4846/11 978/3651/11 997/3650/11 998/4847/11 990/4848/11 991/4849/11 992/4850/11 993/3655/11 653/3654/11 984/4409/11 985/4851/11 986/4852/11 987/4853/11 988/4854/11
f 586/4855/347 585/4856/346 594/4857/346 595/4858/727
f 795/2603/653 732/2602/652 731/4859/1151 794/4860/548
f 1347/4861/485 1338/4862/485 1337/4863/1163 1346/4864/725
f 106/4298/759 52/4297/759 51/3525/61 98/3524/61
f 1582/3341/829 1581/3399/846 1390/3402/849 1389/3342/830
f 535/4865/616 537/4866/616 536/4867/746 426/4868/1086
f 1641/2771/712 1642/4869/1177 1579/4870/509 1578/2772/712
f 1323/4871/475 1332/4872/475 1324/4501/90 1315/4500/90
f 1300/4873/194 1301/1921/201 1238/1924/201 1237/4874/194
f 1459/4875/1178 1458/4876/1179 1467/4877/1180 1468/4878/1181
f 828/3843/943 746/3842/943 745/4505/90 827/4504/90
f 1449/4879/1182 1448/4880/840 1457/4881/840 1458/4882/1183
f 160/4883/604 97/4884/604 96/3687/365 159/3686/605
f 1283/3902/958 1282/4885/889 1102/4886/892 1110/3903/959
f 948/3363/840 939/3362/839 938/4887/61 947/4888/61
f 281/4889/61 289/2553/630 298/2556/630 290/4890/61
f 640/4891/1184 613/4892/893 612/4747/861 639/4746/861
f 1345/4655/1164 1336/4654/788 1335/3452/864 1344/3451/864
f 653/4893/88 980/4894/88 540/4895/88 539/4896/88
f 408/4897/346 409/4898/1185 382/4899/347 381/4900/346
f 1139/4901/1186 1130/4902/1187 1129/2892/11 1138/2891/11
f 968/2410/569 959/2409/569 958/3034/755 967/3033/754
f 470/4903/1188 479/4904/1188 480/4806/1176 471/4805/1176
f 214/4155/501 215/4636/353 206/4639/355 205/4156/502
f 1609/4905/329 1610/2626/668 1547/2629/328 1546/4906/1189
f 1173/2029/439 1182/2028/439 1174/4907/90 1165/4908/90
f 50/4909/90 1002/4910/90 1030/4911/90 40/4912/90
f 1603/4913/906 1604/2543/621 1541/2546/623 1540/4914/906
f 1168/2204/517 1177/2203/517 1178/4326/809 1169/4325/1082
f 1613/3228/783 1614/2519/606 1551/2522/606 1550/3229/784
f 1601/1906/380 1602/4915/1190 1539/4916/1190 1538/1907/380
f 23/4917/94 24/1746/94 3/1745/94 4/1759/94 15/1758/94 16/4918/94 17/4919/94 18/4920/94 19/1753/94 30/1752/94 22/4921/94
f 1594/4562/1143 1593/2523/608 1396/2526/611 1395/4563/1144
f 1273/4922/90 1274/3500/439 1211/3501/439 1210/4923/90
f 1269/4267/948 1270/4632/947 1207/4633/947 1206/4268/1066
f 882/4924/342 883/3664/683 874/3665/684 873/4925/342
f 631/4926/1191 604/4927/893 603/4541/1137 630/4540/861
f 401/4928/431 393/4929/6 366/4930/6 374/4931/431
f 1477/2420/574 1476/2766/708 1485/2769/710 1486/2421/575
f 407/3238/768 406/4070/554 326/4073/557 325/3239/769
f 846/4932/368 845/4933/90 854/4934/90 855/4935/368
f 798/4936/94 797/4937/94 796/3258/94 805/3257/94 806/4938/94 807/4939/94 799/4940/94 800/4941/94 801/4942/94 802/4943/94 803/3261/94 794/3260/94 793/4944/94 792/4945/94 791/4946/94 790/4947/94
f 1144/2414/36 1135/2413/36 1134/4948/1192 1143/4949/1192
f 282/4056/662 283/3959/507 274/3960/508 273/4057/663
f 584/4649/1162 575/4648/1161 574/4950/637 583/4951/636
f 61/1796/94 75/1795/94 76/1787/94 69/1786/94 70/4952/94 60/4953/94
f 723/3390/844 705/3389/543 704/4954/395 722/4955/394
f 1461/4344/1088 1460/4956/1193 1469/4957/1194 1470/4345/1089
f 1623/4502/1129 1622/4958/1195 1421/4959/592 1420/4503/1130
f 133/4960/604 234/4961/604 226/2617/61 125/2616/61
f 1591/1803/335 1592/4962/1196 1529/4963/545 1528/1804/335
f 680/3115/15 697/3114/15 698/3124/15 679/3123/15
f 921/4964/640 920/2893/368 929/2896/368 930/4965/640
f 1593/4966/547 1594/1913/385 1531/1916/387 1530/4967/1197
f 522/4509/730 523/4968/732 496/4969/1198 495/4510/730
f 999/4970/15 1011/4971/15 1012/4972/15 1000/4973/15
f 158/3689/367 95/3688/367 94/2706/561 157/2705/561
f 1608/4608/1156 1607/4974/371 1409/4975/371 1417/4609/1157
f 1640/4976/1199 1639/4448/1104 1440/4449/1105 1439/4977/1200
f 465/4761/864 474/4760/864 475/3250/789 466/3249/788
f 1350/4978/1176 1341/4979/1176 1340/4980/1188 1349/4981/1188
f 419/4982/431 411/4983/6 384/4984/6 392/4985/431
f 177/2178/501 178/1850/353 169/1853/355 168/2179/502
f 1597/4986/216 1589/4987/6 1526/4988/6 1534/4989/216
f 1621/4990/358 1622/4554/1140 1559/4557/356 1558/4991/358
f 511/4085/581 512/3175/778 485/3178/780 484/4086/581
f 399/2716/633 398/4992/768 316/4993/769 315/2717/699
f 1140/4095/1003 1131/4094/1002 1130/4902/1187 1139/4901/1186
f 646/4994/750 619/4995/750 618/4645/752 645/4644/1160
f 641/4623/614 614/4622/613 613/4892/893 640/4891/1184
f 97/4884/604 160/4883/604 152/4996/61 89/4997/61
f 264/4998/410 144/4999/410 143/4751/61 263/4750/61
f 412/5000/1201 413/2127/490 386/2130/490 385/5001/1174
f 414/2128/440 415/2334/441 388/2337/441 387/2129/440
f 922/4459/405 921/4964/640 930/4965/640 931/4460/405
f 411/5002/695 419/4474/642 331/4475/643 330/5003/695
f 527/4669/583 528/2473/579 501/2476/584 500/4670/583
f 632/4559/613 605/4558/613 604/4927/893 631/4926/1191
f 155/1964/401 92/1963/401 91/4199/881 154/4198/408
f 565/5004/90 566/2075/90 538/2876/90 536/2861/90 563/2860/90 564/5005/90
f 1547/5006/15 1548/5007/15 1549/5008/15 1550/5009/15 1551/5010/15 1552/5011/15 1544/5012/15 1545/5013/15 1546/5014/15
f 1450/5015/298 1449/4879/1182 1458/4882/1183 1459/5016/299
f 1316/5017/1202 982/5018/1203 981/3351/834 1315/3350/834
f 1642/4869/1177 1634/5019/88 1571/5020/88 1579/4870/509
f 1448/4880/840 1447/2022/435 1456/2025/435 1457/4881/840
f 266/3394/401 146/3393/401 145/5021/408 265/5022/408
f 1166/4617/1159 1058/4616/1158 1057/5023/854 1165/5024/854
f 1509/4800/607 1500/4799/607 1499/5025/61 1508/5026/61
f 1474/5027/1204 1473/5028/1205 1482/5029/1205 1483/5030/1206
f 1605/2544/622 1606/4664/1169 1543/4667/772 1542/2545/622
f 888/5031/393 887/5032/360 896/5033/860 897/5034/393
f 207/5035/354 208/2612/662 199/2615/663 198/5036/354
f 870/4428/651 769/4427/651 768/2783/652 869/2782/653
f 1633/4420/1020 1625/5037/11 1562/5038/11 1570/4421/1020
f 8/5039/88 1309/5040/88 1310/5041/88 1311/5042/88 9/5043/88
f 760/1954/396 667/1953/396 666/3095/771 761/3094/770
f 909/4121/563 789/4120/563 788/5044/722 908/5045/721
f 889/1902/377 888/5031/393 897/5034/393 898/1903/378
f 421/5046/805 423/5047/805 422/5048/803 308/5049/843
f 1487/4479/1116 1496/4478/1115 1497/4144/1025 1488/4143/1024
f 354/5050/1137 363/5051/861 364/3568/894 355/3567/893
f 964/3671/65 973/3670/65 965/4281/90 956/4280/90
f 1273/5052/854 1281/4584/1149 1094/4585/1150 1093/5053/854
f 411/5054/6 412/5000/1201 385/5001/1174 384/5055/6
f 1451/5056/314 1450/5015/298 1459/5016/299 1460/5057/314
f 636/4577/1145 609/4576/752 608/5058/785 635/5059/785
f 722/5060/394 704/5061/395 703/4603/396 721/4602/396
f 1458/4876/1179 1457/5062/1207 1466/5063/1208 1467/4877/1180
f 393/5064/6 394/5065/1201 367/5066/1174 366/5067/6
f 851/1948/393 850/1876/360 859/1879/363 860/1949/393
f 393/5068/695 401/3936/642 313/3937/643 312/5069/695
f 404/4614/587 403/4793/694 329/4796/696 328/4615/588
f 1252/3589/380 1253/4274/381 1190/4275/381 1189/3590/380
f 580/5070/1209 571/5071/1210 570/5072/1211 579/5073/1211
f 172/4825/332 171/3184/612 180/3187/612 181/4826/332
f 812/4572/1000 813/2727/700 804/2730/701 803/4573/1021
f 512/5074/373 511/2762/704 433/2765/707 432/5075/374
f 738/4026/230 662/4025/231 661/2455/577 739/2454/577
f 849/1877/361 848/3779/405 857/3782/405 858/1878/362
f 530/4331/1085 531/3253/790 504/3256/730 503/4332/1085
f 1049/5076/15 1054/5077/15 1052/5078/15 1050/5079/15
f 1622/4958/1195 1621/5080/1212 1422/5081/1213 1421/4959/592
f 1307/4691/998 1308/3820/945 1245/3823/946 1244/4692/998
f 1460/4956/1193 1459/4875/1178 1468/4878/1181 1469/4957/1194
f 1263/2787/156 1255/5082/6 1192/5083/6 1200/2788/156
f 1305/4411/586 1306/4690/585 1243/4693/585 1242/4412/1097
f 1637/5084/598 1638/4594/1152 1575/4595/597 1574/5085/598
f 1585/4053/997 1586/5086/1167 1523/5087/1167 1522/4054/997
f 1612/4213/1058 1611/4208/1053 1414/4211/1056 1413/4214/1059
f 1501/4802/1175 1510/4801/606 1511/5088/783 1502/5089/783
f 1589/5090/1214 1597/2080/466 1392/2083/469 1391/5091/1214
f 1293/4132/1019 1294/5092/1215 1231/5093/572 1230/4133/1019
f 940/3365/842 949/3364/841 950/5094/1216 941/5095/1217
f 1294/5092/1215 1295/1975/406 1232/1978/406 1231/5093/572
f 1532/5096/15 1533/5097/15 1534/5098/15 1526/5099/15 1527/5100/15 1528/5101/15 1529/5102/15 1530/5103/15 1531/5104/15
f 1288/3679/911 1287/4237/1061 1106/4240/1064 1105/3680/912
f 647/3450/863 620/3449/863 619/5105/750 646/5106/750
f 977/5107/94 1056/5108/94 1055/5109/94 978/5110/94
f 1175/3398/845 1166/3397/845 1165/4908/90 1174/4907/90
f 519/4828/579 520/4604/1154 493/4605/581 492/4829/584
f 380/5111/61 381/5112/61 382/5113/61 383/5114/61 375/5115/61 376/5116/61 377/5117/61 378/5118/61 379/5119/61
f 1522/5120/15 1523/5121/15 1524/5122/15 1525/5123/15 1517/5124/15 1518/5125/15 1519/5126/15 1520/5127/15 1521/5128/15
f 248/2285/478 249/2393/470 240/2396/473 239/2286/479
f 885/2512/601 886/4092/1000 877/4093/1001 876/2513/602
f 1473/5129/15 1474/5130/15 1475/5131/15 1476/4127/15 1464/4126/15 1463/5132/15 1471/5133/15 1470/5134/15 1469/5135/15 1468/5136/15 1467/4130/15 1478/4129/15 1479/5137/15 1480/5138/15 1472/5139/15
f 830/5140/1218 748/5141/549 747/3841/956 829/3840/599
f 397/2031/441 398/1955/397 371/1956/398 370/2032/442
f 394/5065/1201 395/4688/490 368/4689/1171 367/5066/1174
f 1107/5142/94 1108/5143/94 1037/5144/94 1036/5145/94 1119/5146/94 1111/5147/94 1106/5148/94
f 509/2575/583 510/4084/579 483/4087/999 482/2576/582
f 580/5149/1174 579/5150/6 588/5151/6 589/5152/1174
f 1143/4949/1192 1134/4948/1192 1133/5153/689 1142/5154/689
f 1617/5155/1219 1616/5156/1074 1418/5157/1077 1426/5158/602
f 649/4324/893 622/4323/893 621/3448/862 648/3447/861
f 1628/3921/456 1629/3352/407 1566/3353/407 1565/3922/456
f 136/3140/513 29/3139/513 28/2904/538 137/2903/538
f 792/4471/599 729/4470/599 728/3815/943 791/3814/943
f 422/5159/115 424/5160/115 301/5161/115 308/5162/115
f 423/5163/3 535/5164/3 426/5165/3 422/5166/3
f 1007/5167/404 1006/5168/404 1310/5169/404 1309/5170/404
f 1608/4445/340 1609/4905/329 1546/4906/1189 1545/4446/340
f 1507/1811/340 1516/1810/340 1508/5026/61 1499/5025/61
f 288/2554/529 287/4241/522 296/4242/522 297/2555/631
f 464/5171/1220 455/5172/1221 454/4360/1093 463/4359/1093
f 527/4486/551 526/5173/552 445/5174/552 453/4487/553
f 581/2166/490 580/5149/1174 589/5152/1174 590/2167/490
f 643/3361/458 616/3360/459 615/3523/11 642/3522/11
f 587/5175/1222 586/4855/347 595/4858/727 596/5176/431
f 1618/3991/982 1617/5155/1219 1426/5158/602 1425/3992/983
f 1580/5177/847 1588/3061/762 1383/3062/763 1382/5178/848
f 578/3064/765 587/3063/764 579/5073/1211 570/5072/1211
f 1164/3939/971 1156/5179/558 1147/5180/558 1155/3940/972
f 108/5181/94 109/3764/94 106/3763/94 98/3755/94 107/3754/94
f 245/2670/662 246/2185/507 237/2188/508 236/2671/663
f 283/5182/332 282/5183/612 291/5184/612 292/5185/332
f 798/4737/563 735/4736/563 734/5186/722 797/5187/1223
f 797/5187/1223 734/5186/722 733/2601/651 796/2600/651
f 1635/3507/874 1634/5188/824 1436/5189/827 1444/3508/875
f 1271/3830/950 1270/4413/1098 1087/4414/1099 1086/3831/951
f 234/4961/604 133/4960/604 132/5190/365 233/5191/364
f 653/5192/741 539/5193/806 651/5194/1081 652/5195/1081
f 523/4162/736 522/1897/372 440/1900/375 439/4163/737
f 1581/5196/719 1582/5197/717 1519/5198/717 1518/5199/1224
f 1479/5200/1225 1478/2419/313 1487/2422/576 1488/5201/1225
f 251/2401/501 252/3241/353 243/3244/355 242/2402/502
f 1634/5202/88 1635/5203/99 1572/5204/99 1571/5205/88
f 579/5206/6 587/5175/1222 596/5176/431 588/5207/6
f 122/2972/382 16/2971/382 15/5208/728 123/5209/384
f 513/5210/1226 512/5074/373 432/5075/374 431/5211/1227
f 1292/1995/416 1291/5212/140 1111/5213/140 1119/1996/417
f 1582/5197/717 1583/3824/947 1520/3827/949 1519/5198/717
f 776/5214/542 678/5215/543 677/5216/395 777/5217/394
f 778/2107/396 676/2106/396 675/3677/909 779/3676/770
f 755/4350/550 672/4349/550 671/4437/231 756/4436/1102
f 1280/2378/516 1281/4730/845 1218/4733/845 1217/2379/516
f 1502/5089/783 1511/5088/783 1512/5218/782 1503/5219/1228
f 1586/5086/1167 1587/5220/775 1524/5221/775 1523/5087/1167
f 634/5222/458 607/5223/458 606/4625/11 633/4624/11
f 1580/5224/260 1581/5196/719 1518/5199/1224 1517/5225/260
f 1605/4455/1109 1604/2241/518 1403/2244/521 1402/4456/1110
f 402/5226/695 410/2584/642 322/2587/643 321/5227/695
f 715/1965/402 714/4514/1133 1356/4517/1133 1357/1966/403
f 1615/2520/607 1607/5228/61 1544/5229/61 1552/2521/607
f 1626/4185/858 1627/3920/726 1564/3923/965 1563/4186/858
f 514/2907/736 513/5210/1226 431/5211/1227 430/2908/737
f 1341/4979/1176 1350/4978/1176 1342/4831/61 1333/4830/61
f 908/5045/721 788/5044/722 787/5230/1229 907/5231/651
f 353/5232/863 362/5233/1138 363/5051/861 354/5050/1137
f 1641/4656/1165 1640/4976/1199 1439/4977/1200 1438/4657/1166
f 1322/3829/476 1331/3828/476 1332/4872/475 1323/4871/475
f 402/5234/6 403/4766/1174 376/4767/1174 375/5235/6
f 400/1839/347 401/4928/431 374/4931/431 373/1840/347
f 638/4749/863 611/4748/863 610/5236/751 637/5237/750
f 465/4107/1009 456/4106/1008 455/5172/1221 464/5171/1220
f 1480/2998/748 1479/5200/1225 1488/5201/1225 1489/2999/748
f 199/5238/15 200/5239/15 201/4232/15 193/4231/15 192/5240/15 191/5241/15 190/5242/15 189/5243/15 197/5244/15 196/5245/15 195/4229/15 205/4236/15 206/5246/15 198/5247/15
f 231/4725/561 130/4724/561 129/5248/399 230/5249/399
f 744/4627/673 656/4626/673 655/2306/90 736/2305/90
f 469/2103/487 478/2102/486 479/4904/1188 470/4903/1188
f 1473/5028/1205 1472/5250/90 1481/5251/90 1482/5029/1205
f 903/2496/599 783/2495/599 782/4647/943 902/4646/943
f 1349/4981/1188 1340/4980/1188 1339/5252/487 1348/5253/486
f 177/2940/529 176/3526/878 185/3529/522 186/2941/739
f 1001/5254/94 1030/5255/94 1002/5256/94
f 533/4680/474 534/4674/475 507/4677/738 506/4681/476
f 1231/5257/94 1232/5258/94 1233/5259/94 1234/5260/94 1235/5261/94 1236/5262/94 1228/5263/94 1229/5264/94 1230/5265/94
f 1596/5266/1155 1597/4986/216 1534/4989/216 1533/5267/1155
f 1171/2172/500 1180/2171/499 1181/2027/438 1172/2026/437
f 282/5183/612 281/5268/61 290/5269/61 291/5184/612
f 1261/2296/545 1262/2786/335 1199/2789/335 1198/2297/546
f 1286/4181/777 1287/2491/597 1224/2494/597 1223/4182/777
f 457/5270/6 458/5271/6 459/5272/6 460/5273/6 461/5274/6 462/2207/6 441/2206/6 442/5275/6 443/5276/6 444/5277/6 436/5278/6 437/5279/6 438/5280/6 439/2221/6 425/2220/6 424/5281/6 422/2210/6 455/2209/6 456/5282/6
f 1590/2390/565 1589/5283/1214 1391/5284/1214 1399/2391/566
f 471/4358/1092 462/4357/1091 461/2278/531 470/2277/530
f 1625/5285/167 1633/3987/979 1428/3990/482 1427/5286/167
f 21/3323/512 117/3322/512 116/4591/61 13/4590/61
f 233/5191/364 132/5190/365 131/4723/367 232/4722/367
f 1452/3326/815 1451/5056/314 1460/5057/314 1461/3327/815
f 153/4201/410 90/4200/410 89/4997/61 152/4996/61
f 813/5287/360 812/1971/362 821/1974/362 822/5288/360
f 906/5289/652 786/5290/652 785/5291/548 905/5292/548
f 816/2694/376 815/4351/377 824/4354/377 825/2695/376
f 1317/3335/823 983/3334/822 982/5018/1203 1316/5017/1202
f 1475/2767/709 1474/5027/1204 1483/5030/1206 1484/2768/117
f 1266/3170/774 1267/4662/1167 1204/4663/1168 1203/3171/775
f 1592/4962/1196 1593/4966/547 1530/4967/1197 1529/4963/545
f 1302/1922/391 1303/1854/356 1240/1857/359 1239/1923/392
f 519/3943/705 518/2307/551 444/2310/553 443/3944/706
f 1257/4606/1155 1258/2193/511 1195/2196/386 1194/4607/1155
f 30/3138/512 135/3137/512 134/4571/61 22/4570/61
f 942/5293/1230 951/5294/1230 952/5295/1113 943/5296/1112
f 1323/3349/833 989/3348/832 988/4481/1118 1322/4480/1117
f 1603/2242/519 1602/1998/419 1405/2001/422 1404/2243/520
f 849/4135/1000 850/4088/700 841/4091/701 840/4136/1021
f 922/3428/601 923/5297/1000 914/5298/1021 913/3429/602
f 1031/5299/94 1010/5300/94 1009/5301/94
f 833/2797/651 751/2796/723 750/3595/652 832/3594/652
f 208/4742/612 207/5302/61 216/5303/61 217/4743/612
f 585/4856/346 584/4141/398 593/4142/1023 594/4857/346
f 1051/5304/80 1053/5305/80 1047/5306/80 1046/5307/80
f 123/5209/384 15/5208/728 14/4589/759 124/4588/759
f 1321/4483/1120 987/4482/1119 986/5308/1231 1320/5309/1232
f 534/4629/619 533/4494/677 447/4495/678 446/4630/620
f 523/4968/732 524/2913/476 497/2916/476 496/4969/1198
f 265/5022/408 145/5021/408 144/4999/410 264/4998/410
f 1631/2416/572 1632/4419/1100 1569/4422/1019 1568/2417/573
f 1320/5309/1232 986/5308/1231 985/5310/1132 1319/5311/1131
f 351/4659/752 360/4658/753 361/4719/750 352/4718/750
f 581/3436/857 572/3435/856 571/5071/1210 580/5070/1209
f 1636/5312/1233 1637/5084/598 1574/5085/598 1573/5313/992
f 919/5314/342 920/5315/683 911/5316/684 910/5317/342
f 1305/2070/460 1304/2181/503 1125/2184/506 1124/2071/461
f 726/2910/550 708/2909/550 707/3833/231 725/3832/231
f 887/5032/360 886/4472/362 895/4473/362 896/5033/860
f 635/5059/785 608/5058/785 607/5223/458 634/5222/458
f 301/5318/443 424/5319/936 3/5320/488 2/5321/447
f 398/4992/768 397/2342/554 317/2345/557 316/4993/769
f 1623/4555/392 1624/2588/201 1561/2591/201 1560/4556/391
f 882/5322/90 890/1901/376 899/1904/376 891/5323/90
f 174/4686/1170 173/4824/330 182/4827/330 183/4687/434
f 1300/5324/1172 1308/3037/757 1121/3038/758 1120/5325/1173
f 1457/5062/1207 1456/4560/1141 1465/4561/1142 1466/5063/1208
f 530/4152/373 529/3502/704 451/3505/872 450/4153/374
f 1598/5326/412 1606/4454/1108 1401/4457/1111 1400/5327/413
f 710/4188/1042 709/5328/11 1351/5329/11 1352/4189/1042
f 923/5297/1000 924/4596/700 915/4597/701 914/5298/1021
f 1599/1944/279 1600/1905/379 1537/1908/381 1536/1945/279
f 769/5330/15 770/5331/15 771/5332/15 763/3919/15 754/3918/15 755/5333/15 756/5334/15 757/5335/15 758/5336/15 759/5337/15 760/5338/15 761/5339/15 762/3917/15 765/3916/15 766/5340/15 767/5341/15 768/5342/15
f 775/3280/577 679/3279/801 678/5215/543 776/5214/542
f 853/2433/376 852/1947/377 861/1950/378 862/2434/376
f 1586/2702/691 1585/4452/1106 1386/4453/1107 1385/2703/692
f 866/4685/599 765/4684/956 764/5343/943 865/5344/943
f 847/3780/942 846/4932/368 855/4935/368 856/3781/640
f 1247/3166/772 1248/4696/622 1185/4697/622 1184/3167/773
f 946/5345/1234 955/5346/1234 947/4888/61 938/4887/61
f 1561/5347/15 1553/5348/15 1554/5349/15 1555/5350/15 1556/5351/15 1557/5352/15 1558/5353/15 1559/5354/15 1560/5355/15
f 1008/5356/94 306/5357/94 305/5358/94 542/5359/94
f 1621/5080/1212 1620/2604/654 1423/2607/657 1422/5081/1213
f 418/2810/727 419/4982/431 392/4985/431 391/2811/347
f 407/4672/398 408/4897/346 381/4900/346 380/4673/398
f 207/5360/61 215/4102/630 224/4103/630 216/5361/61
f 284/3598/330 283/5182/332 292/5185/332 293/3599/330
f 409/4898/1185 410/2014/431 383/2017/431 382/4899/347
f 941/5095/1217 950/5094/1216 951/5294/1230 942/5293/1230
f 1065/4579/1128 1173/4578/1146 1165/5024/854 1057/5023/854
f 1635/5203/99 1636/5312/1233 1573/5313/992 1572/5204/99
f 1272/2779/718 1264/5362/260 1201/5363/260 1209/2780/719
f 395/2481/587 394/2709/694 320/2712/696 319/2482/588
f 970/3935/969 961/3934/969 960/5364/568 969/5365/568
f 814/4352/393 813/5287/360 822/5288/360 823/4353/393
f 1276/2724/499 1277/3300/497 1214/3303/810 1213/2725/499
f 1595/1914/386 1596/5266/1155 1533/5267/1155 1532/1915/386
f 420/5366/905 421/5367/905 308/5368/905 307/5369/905
f 868/5370/548 767/5371/548 766/4683/549 867/4682/549
f 920/5315/683 921/3427/600 912/3430/603 911/5316/684
f 248/2582/434 247/1776/330 256/1779/333 257/2583/434
f 1136/5372/94 1137/3886/94 1097/3885/94 1098/3877/94 1038/3876/94 1037/5144/94 1108/5143/94 1109/5373/94 1110/5374/94 1102/5375/94 1103/5376/94 1104/5377/94 1105/5378/94 1106/5148/94 1111/5147/94 1112/5379/94 1113/5380/94 1114/5381/94 1115/5382/94 1116/5383/94 1117/5384/94 1118/5385/94 1119/5146/94 1036/5145/94 1035/5386/94 1034/3860/94 1120/3859/94 1121/5387/94 1122/5388/94 1123/5389/94 1124/3854/94 1061/3853/94 1062/5390/94 1063/5391/94 1064/5392/94 1065/5393/94 1057/3849/94 1133/2757/94 1134/5394/94 1135/5395/94
f 1348/5253/486 1339/5252/487 1338/4862/485 1347/4861/485
f 1587/5220/775 1588/4116/111 1525/4119/113 1524/5221/775
f 740/2457/578 660/2456/543 659/5396/395 741/5397/394
f 193/5398/399 111/5399/399 110/3531/401 192/3530/880
f 122/1937/94 123/1929/94 127/1928/94 128/1938/94
f 1048/5400/6 1049/5401/6 1050/5402/6 1045/5403/6 1026/5404/6 1016/5405/6 1015/5406/6 1029/5407/6
f 525/2914/475 517/5408/90 490/5409/90 498/2915/738
f 1503/5219/1228 1512/5218/782 1513/5410/676 1504/5411/669
f 945/4407/1096 954/4406/1096 955/5346/1234 946/5345/1234
f 139/5412/672 26/5413/671 25/2814/382 140/2813/382
f 1248/4158/1033 1247/3981/977 1074/3984/978 1073/4159/1034
f 413/4611/587 412/4415/694 338/4418/696 337/4612/588
f 349/2079/465 340/2078/464 339/2254/528 348/2253/528
f 831/5414/548 749/5415/548 748/5141/549 830/5140/1218
f 907/5231/651 787/5230/1229 786/5290/652 906/5289/652
f 1602/4915/1190 1603/4913/906 1540/4914/906 1539/4916/1190
f 865/5344/943 764/5343/943 763/2388/90 864/2387/90
f 829/5416/94 828/5417/94 827/5418/94 835/3311/94 843/3310/94 844/5419/94 836/5420/94 837/5421/94 838/3317/94 830/3316/94
f 1620/2478/586 1621/4990/358 1558/4991/358 1557/2479/586
f 741/5422/394 659/5423/395 658/3667/396 742/3666/396
usemtl 235,235,235
f 2771/5424/1235 2772/5425/1236 2768/5426/1237 2769/5427/1235
f 2466/5428/94 2465/5429/94 2464/5430/94 2490/5431/94 2489/5432/94 2488/5433/94 2487/5434/94 2486/5435/94 2485/5436/94 2484/5437/94 2470/5438/94 2469/5439/94 2468/5440/94 2467/5441/94
f 2758/5442/1238 2759/5443/1239 2745/5444/1240 2746/5445/1241
f 2442/5446/1242 2443/5447/1243 2431/5448/1244 2432/5449/1245
f 2432/5450/15 2451/5451/15 2450/5452/15 2433/5453/15
f 2560/5454/61 2559/5455/61 2575/5456/61 2574/5457/61 2561/5458/61
f 2683/5459/1246 2684/5460/1247 2676/5461/1248 2677/5462/1246
f 2670/5463/1249 2662/5464/137 2653/5465/137 2654/5466/107
f 2532/5467/26 2533/5468/1250 2521/5469/1251 2522/5470/26
f 2682/5471/1252 2683/5459/1246 2677/5462/1246 2678/5472/1253
f 2414/5473/1254 2415/5474/1255 2405/5475/1255 2406/5476/1254
f 2594/5477/1256 2595/5478/1257 2585/5479/1257 2586/5480/1256
f 2740/5481/92 2741/5482/1258 2727/5483/1258 2728/5484/93
f 2412/5485/1259 2413/5486/1260 2407/5487/1261 2408/5488/1262
f 2489/5489/1263 2490/5490/1264 2474/5491/1264 2475/5492/1265
f 2548/5493/90 2570/5494/90 2569/5495/90 2549/5496/90
f 2687/5497/1266 2688/5498/1267 2672/5499/1268 2673/5500/1269
f 2493/5501/90 2492/5502/90 2491/5503/90 2509/5504/90 2510/5505/90 2511/5506/90 2512/5507/90 2513/5508/90 2496/5509/90 2495/5510/90 2494/5511/90
f 2712/5512/26 2713/5513/1270 2701/5514/1270 2702/5515/26
f 2508/5516/1271 2500/5517/1272 2491/5518/1272 2492/5519/1273
f 2754/5520/1274 2755/5521/1275 2749/5522/1275 2750/5523/1276
f 2593/5524/71 2594/5477/1256 2586/5480/1256 2587/5525/71
f 2470/5526/300 2471/5527/1277 2457/5528/1277 2458/5529/300
f 2438/5530/1278 2439/5531/180 2435/5532/1279 2436/5533/1278
f 2797/5534/6 2798/5535/1214 2796/5536/1214 2788/5537/6
f 2709/5538/69 2710/5539/1280 2704/5540/1281 2705/5541/69
f 2468/5542/1282 2469/5543/1283 2459/5544/1284 2460/5545/1282
f 2685/5546/1285 2686/5547/1286 2674/5548/1286 2675/5549/1287
f 2647/5550/1288 2648/5551/281 2640/5552/281 2641/5553/1289
f 2794/5554/61 2809/5555/61 2808/5556/61 2795/5557/61
f 2752/5558/1290 2753/5559/1214 2751/5560/1214 2743/5561/1290
f 2772/5425/1236 2773/5562/1291 2767/5563/1291 2768/5426/1237
f 2828/5564/1292 2829/5565/1293 2819/5566/1293 2820/5567/1292
f 2500/5568/1272 2501/5569/140 2499/5570/140 2491/5571/1272
f 2573/5572/3 2574/5573/1294 2570/5574/1294 2571/5575/3
f 2770/5576/6 2771/5424/1235 2769/5427/1235 2761/5577/6
f 2472/5578/1205 2464/5579/1295 2455/5580/1295 2456/5581/1205
f 2556/5582/1296 2557/5583/1297 2551/5584/1297 2552/5585/1296
f 2643/5586/61 2642/5587/61 2655/5588/61 2654/5589/61
f 2777/5590/1298 2778/5591/1276 2762/5592/1276 2763/5593/1299
f 2824/5594/6 2825/5595/1300 2823/5596/1300 2815/5597/6
f 2776/5598/1301 2777/5590/1298 2763/5593/1299 2764/5599/1302
f 2847/5600/210 2848/5601/1303 2836/5602/1304 2837/5603/1305
f 2774/5604/1306 2775/5605/1307 2765/5606/1307 2766/5607/1308
f 2711/5608/19 2712/5512/26 2702/5515/26 2703/5609/19
f 2741/5482/1258 2742/5610/1309 2726/5611/1309 2727/5483/1258
f 2422/5612/15 2423/5613/15 2406/5614/15 2405/5615/15 2404/5616/15 2403/5617/15 2402/5618/15 2420/5619/15 2421/5620/15
f 2485/5621/1310 2486/5622/1311 2478/5623/1311 2479/5624/1310
f 2646/5625/1312 2647/5550/1288 2641/5553/1289 2642/5626/1312
f 2708/5627/1313 2709/5538/69 2705/5541/69 2706/5628/167
f 2531/5629/19 2532/5467/26 2522/5470/26 2523/5630/19
f 2632/5631/61 2631/5632/61 2630/5633/61 2629/5634/61 2614/5635/61 2613/5636/61 2612/5637/61 2611/5638/61 2610/5639/61 2609/5640/61 2608/5641/61 2626/5642/61 2634/5643/61 2633/5644/61
f 2445/5645/1314 2437/5646/1315 2428/5647/1315 2429/5648/1314
f 2502/5649/1316 2503/5650/1317 2497/5651/1318 2498/5652/1316
f 2410/5653/1295 2411/5654/388 2409/5655/388 2401/5656/1295
f 2742/5610/1309 2734/5657/1319 2725/5658/1319 2726/5611/1309
f 2617/5659/317 2618/5660/1320 2616/5661/1321 2608/5662/1322
f 2802/5663/1323 2803/5664/222 2791/5665/1324 2792/5666/81
f 2461/5667/15 2476/5668/15 2475/5669/15 2462/5670/15
f 2680/5671/1325 2681/5672/79 2679/5673/79 2671/5674/1326
f 2775/5605/1307 2776/5598/1301 2764/5599/1302 2765/5606/1307
f 2803/5664/222 2804/5675/27 2790/5676/27 2791/5665/1324
f 2554/5677/1327 2555/5678/1328 2553/5679/1329 2545/5680/1327
f 2596/5681/1330 2597/5682/1331 2583/5683/1331 2584/5684/1330
f 2597/5682/1331 2598/5685/1332 2582/5686/1333 2583/5683/1331
f 2755/5521/1275 2756/5687/1334 2748/5688/1335 2749/5522/1275
f 2681/5672/79 2682/5471/1252 2678/5472/1253 2679/5673/79
f 2715/5689/1336 2707/5690/1337 2698/5691/1337 2699/5692/1336
f 2603/5693/61 2586/5694/61 2585/5695/61 2602/5696/61
f 2738/5697/1338 2739/5698/1339 2729/5699/1340 2730/5700/1341
f 2504/5701/1342 2505/5702/1343 2495/5703/1343 2496/5704/1342
f 2464/5705/1295 2465/5706/1310 2463/5707/1310 2455/5708/1295
f 2415/5474/1255 2416/5709/1344 2404/5710/1344 2405/5475/1255
f 2488/5711/1205 2489/5489/1263 2475/5492/1265 2476/5712/1205
f 2483/5713/1345 2484/5714/1346 2480/5715/1346 2481/5716/1345
f 2664/5717/1347 2665/5718/1348 2659/5719/19 2660/5720/1347
f 2652/5721/1349 2644/5722/1350 2635/5723/1350 2636/5724/1349
f 2579/5725/24 2580/5726/1351 2564/5727/1352 2565/5728/24
f 2686/5547/1286 2687/5497/1266 2673/5500/1269 2674/5548/1286
f 2773/5562/1291 2774/5604/1306 2766/5607/1308 2767/5563/1291
f 2467/5729/1353 2468/5542/1282 2460/5545/1282 2461/5730/269
f 2800/5731/1354 2801/5732/137 2793/5733/1355 2794/5734/1354
f 2651/5735/1356 2652/5721/1349 2636/5724/1349 2637/5736/1356
f 2710/5539/1280 2711/5608/19 2703/5609/19 2704/5540/1281
f 2825/5595/1300 2826/5737/1286 2822/5738/1286 2823/5596/1300
f 2598/5685/1332 2590/5739/1357 2581/5740/1358 2582/5686/1333
f 2760/5741/1359 2752/5742/1290 2743/5743/1290 2744/5744/1360
f 2417/5745/94 2416/5746/94 2415/5747/94 2445/5748/94 2444/5749/94 2443/5750/94 2442/5751/94 2441/5752/94 2440/5753/94 2439/5754/94 2438/5755/94 2437/5756/94 2414/5757/94 2413/5758/94 2412/5759/94 2411/5760/94 2410/5761/94 2418/5762/94
f 2484/5714/1346 2485/5621/1310 2479/5624/1310 2480/5715/1346
f 2549/5496/90 2569/5495/90 2568/5763/90 2567/5764/90 2566/5765/90 2565/5766/90 2564/5767/90 2563/5768/90 2571/5769/90 2570/5494/90 2548/5493/90 2547/5770/90 2546/5771/90 2545/5772/90 2553/5773/90 2552/5774/90 2551/5775/90 2550/5776/90
f 2665/5718/1348 2666/5777/212 2658/5778/212 2659/5719/19
f 2714/5779/82 2715/5689/1336 2699/5692/1336 2700/5780/82
f 2505/5702/1343 2506/5781/1361 2494/5782/1361 2495/5703/1343
f 2618/5660/1320 2619/5783/1362 2615/5784/1362 2616/5661/1321
f 2534/5785/1363 2535/5786/80 2519/5787/80 2520/5788/1363
f 2669/5789/1364 2670/5463/1249 2654/5466/107 2655/5790/1364
f 2558/5791/28 2559/5792/1365 2549/5793/1365 2550/5794/28
f 2578/5795/82 2579/5725/24 2565/5728/24 2566/5796/82
f 2619/5783/1362 2620/5797/1366 2614/5798/1366 2615/5784/1362
f 2501/5569/140 2502/5649/1316 2498/5652/1316 2499/5570/140
f 2644/5799/1350 2645/5800/1367 2643/5801/1367 2635/5802/1350
f 2622/5803/1368 2623/5804/1369 2611/5805/1370 2612/5806/1368
f 2667/5807/1250 2668/5808/1371 2656/5809/1371 2657/5810/1250
f 2688/5498/1267 2680/5811/1325 2671/5812/1326 2672/5499/1268
f 2420/5619/15 2402/5618/15 2401/5813/15 2409/5814/15 2408/5815/15 2407/5816/15 2406/5614/15 2423/5613/15 2424/5817/15 2425/5818/15 2426/5819/15 2427/5820/15 2419/5821/15
f 2439/5531/180 2440/5822/1372 2434/5823/1373 2435/5532/1279
f 2437/5756/94 2445/5748/94 2415/5747/94 2414/5757/94
f 2648/5551/281 2649/5824/1374 2639/5825/1374 2640/5552/281
f 2734/5826/1319 2735/5827/1375 2733/5828/1375 2725/5829/1319
f 2574/5573/1294 2575/5830/1354 2569/5831/1376 2570/5574/1294
f 2739/5698/1339 2740/5481/92 2728/5484/93 2729/5699/1340
f 2487/5832/1377 2488/5711/1205 2476/5712/1205 2477/5833/1377
f 2811/5834/61 2810/5835/61 2809/5555/61 2794/5554/61 2793/5836/61 2792/5837/61 2791/5838/61 2790/5839/61 2789/5840/61 2788/5841/61 2796/5842/61 2795/5557/61 2808/5556/61 2807/5843/61 2806/5844/61 2814/5845/61 2813/5846/61 2812/5847/61
f 2736/5848/1378 2737/5849/1379 2731/5850/1380 2732/5851/1378
f 2624/5852/1241 2625/5853/1381 2609/5854/1382 2610/5855/1241
f 2675/5856/90 2674/5857/90 2673/5858/90 2691/5859/90 2692/5860/90 2693/5861/90 2694/5862/90 2695/5863/90 2696/5864/90 2697/5865/90 2689/5866/90 2690/5867/90 2672/5868/90 2671/5869/90 2679/5870/90 2678/5871/90 2677/5872/90 2676/5873/90
f 2805/5874/558 2797/5875/6 2788/5876/6 2789/5877/558
f 2735/5827/1375 2736/5848/1378 2732/5851/1378 2733/5828/1375
f 2843/5878/167 2844/5879/1383 2840/5880/1383 2841/5881/167
f 2687/5882/61 2686/5883/61 2685/5884/61 2684/5885/61 2683/5886/61 2682/5887/61 2681/5888/61 2680/5889/61 2711/5890/61 2710/5891/61 2709/5892/61 2708/5893/61 2707/5894/61 2715/5895/61 2714/5896/61 2713/5897/61
f 2786/5898/61 2787/5899/61 2769/5900/61 2768/5901/61
f 2691/5859/90 2673/5858/90 2672/5868/90 2690/5867/90
f 2543/5902/90 2542/5903/90 2541/5904/90 2540/5905/90 2539/5906/90 2538/5907/90 2525/5908/90 2524/5909/90 2523/5910/90 2522/5911/90 2521/5912/90 2520/5913/90 2519/5914/90 2518/5915/90 2537/5916/90 2536/5917/90 2544/5918/90
f 2411/5654/388 2412/5485/1259 2408/5488/1262 2409/5655/388
f 2649/5824/1374 2650/5919/1384 2638/5920/1385 2639/5825/1374
f 2572/5921/1386 2573/5572/3 2571/5575/3 2563/5922/1386
f 2831/5923/1387 2832/5924/1304 2816/5925/1304 2817/5926/1388
f 2444/5927/1389 2445/5645/1314 2429/5648/1314 2430/5928/344
f 2625/5853/1381 2617/5929/317 2608/5930/1322 2609/5854/1382
f 2580/5726/1351 2572/5931/1386 2563/5932/1386 2564/5727/1352
f 2620/5797/1366 2621/5933/1390 2613/5934/1390 2614/5798/1366
f 2465/5706/1310 2466/5935/267 2462/5936/1391 2463/5707/1310
f 2557/5583/1297 2558/5791/28 2550/5794/28 2551/5584/1297
f 2577/5937/1392 2578/5795/82 2566/5796/82 2567/5938/1393
f 2846/5939/1394 2847/5600/210 2837/5603/1305 2838/5940/1394
f 2490/5490/1264 2482/5941/1395 2473/5942/1395 2474/5491/1264
f 2733/5943/90 2732/5944/90 2745/5945/90 2744/5946/90
f 2497/5947/90 2496/5509/90 2513/5508/90 2514/5948/90 2515/5949/90 2516/5950/90 2517/5951/90 2509/5504/90 2491/5503/90 2499/5952/90 2498/5953/90
f 2645/5800/1367 2646/5625/1312 2642/5626/1312 2643/5801/1367
f 2628/5954/61 2627/5955/61 2626/5642/61 2608/5641/61 2616/5956/61 2615/5957/61 2614/5635/61 2629/5634/61
f 2656/5958/61 2655/5588/61 2642/5587/61 2641/5959/61 2640/5960/61 2639/5961/61 2638/5962/61 2637/5963/61 2636/5964/61 2635/5965/61 2643/5586/61 2654/5589/61 2653/5966/61 2661/5967/61 2660/5968/61 2659/5969/61 2658/5970/61 2657/5971/61
f 2621/5933/1390 2622/5803/1368 2612/5806/1368 2613/5934/1390
f 2441/5972/1396 2442/5446/1242 2432/5449/1245 2433/5973/1397
f 2829/5565/1293 2830/5974/1398 2818/5975/1398 2819/5566/1293
f 2650/5919/1384 2651/5735/1356 2637/5736/1356 2638/5920/1385
f 2826/5737/1286 2827/5976/1399 2821/5977/1399 2822/5738/1286
f 2482/5978/1395 2483/5713/1345 2481/5716/1345 2473/5979/1395
f 2845/5980/1300 2846/5939/1394 2838/5940/1394 2839/5981/1400
f 2850/5982/140 2842/5983/11 2833/5984/11 2834/5985/140
f 2849/5986/1401 2850/5982/140 2834/5985/140 2835/5987/1401
f 2576/5988/1402 2577/5937/1392 2567/5938/1393 2568/5989/1257
f 2533/5468/1250 2534/5785/1363 2520/5788/1363 2521/5469/1251
f 2530/5990/1403 2531/5629/19 2523/5630/19 2524/5991/1404
f 2440/5822/1372 2441/5972/1396 2433/5973/1397 2434/5823/1373
f 2758/5992/61 2757/5993/61 2756/5994/61 2755/5995/61 2740/5996/61 2739/5997/61 2738/5998/61 2737/5999/61 2736/6000/61 2735/6001/61 2734/6002/61 2742/6003/61 2754/6004/61 2753/6005/61 2752/6006/61 2760/6007/61 2759/6008/61
f 2592/6009/440 2593/5524/71 2587/5525/71 2588/6010/440
f 2759/5443/1239 2760/5741/1359 2744/5744/1360 2745/5444/1240
f 2437/6011/1315 2438/5530/1278 2436/5533/1278 2428/6012/1315
f 2753/5559/1214 2754/5520/1274 2750/5523/1276 2751/5560/1214
f 2799/6013/34 2800/5731/1354 2794/5734/1354 2795/6014/34
f 2413/5486/1260 2414/5473/1254 2406/5476/1254 2407/5487/1261
f 2527/6015/1337 2528/6016/1405 2526/6017/1406 2518/6018/1407
f 2559/5792/1365 2560/6019/1408 2548/6020/1409 2549/5793/1365
f 2595/5478/1257 2596/5681/1330 2584/5684/1330 2585/5479/1257
f 2416/5709/1344 2417/6021/1410 2403/6022/1410 2404/5710/1344
f 2756/5687/1334 2757/6023/1337 2747/6024/1337 2748/5688/1335
f 2668/5808/1371 2669/5789/1364 2655/5790/1364 2656/5809/1371
f 2832/5924/1304 2824/6025/6 2815/6026/6 2816/5925/1304
f 2429/6027/15 2428/6028/15 2436/6029/15 2435/6030/15 2434/6031/15 2433/5453/15 2450/5452/15 2449/6032/15 2448/6033/15 2447/6034/15 2446/6035/15 2454/6036/15 2453/6037/15 2452/6038/15 2451/5451/15 2432/5450/15 2431/6039/15 2430/6040/15
f 2844/5879/1383 2845/5980/1300 2839/5981/1400 2840/5880/1383
f 2528/6016/1405 2529/6041/877 2525/6042/877 2526/6017/1406
f 2486/5622/1311 2487/5832/1377 2477/5833/1377 2478/5623/1311
f 2830/5974/1398 2831/5923/1387 2817/5926/1388 2818/5975/1398
f 2707/6043/1337 2708/5627/1313 2706/5628/167 2698/6044/1337
f 2418/6045/1042 2410/6046/1295 2401/6047/1295 2402/6048/1042
f 2555/5678/1328 2556/5582/1296 2552/5585/1296 2553/5679/1329
f 2662/6049/137 2663/6050/1366 2661/6051/1366 2653/6052/137
f 2684/5460/1247 2685/5546/1285 2675/5549/1287 2676/5461/1248
f 2562/6053/140 2554/6054/1327 2545/6055/1327 2546/6056/140
f 2663/6050/1366 2664/5717/1347 2660/5720/1347 2661/6051/1366
f 2427/6057/88 2450/6058/88 2419/6059/1315
f 2419/6059/1315 2450/6058/88 2451/6060/194
f 2419/6059/1315 2451/6060/194 2420/6061/194
f 2420/6061/194 2451/6060/194 2452/6062/194
f 2420/6061/194 2452/6062/194 2421/6063/194
f 2421/6063/194 2452/6062/194 2453/6064/115
f 2421/6063/194 2453/6064/115 2422/6065/115
f 2422/6065/115 2453/6064/115 2454/6066/115
f 2422/6065/115 2454/6066/115 2423/6067/115
f 2423/6067/115 2454/6066/115 2446/6068/1395
f 2423/6067/115 2446/6068/1395 2424/6069/260
f 2424/6070/260 2446/6071/1395 2447/6072/260
f 2424/6070/260 2447/6072/260 2425/6073/260
f 2425/6073/260 2447/6072/260 2448/6074/260
f 2425/6073/260 2448/6074/260 2426/6075/88
f 2426/6075/88 2448/6074/260 2449/6076/88
f 2426/6075/88 2449/6076/88 2427/6057/88
f 2427/6057/88 2449/6076/88 2450/6058/88
f 2827/5976/1399 2828/5564/1292 2820/5567/1292 2821/5977/1399
f 2469/5543/1283 2470/5526/300 2458/5529/300 2459/5544/1284
f 2798/5535/1214 2799/6013/34 2795/6014/34 2796/5536/1214
f 2471/6077/94 2470/5438/94 2484/5437/94 2483/6078/94 2482/6079/94 2490/5431/94 2464/5430/94 2472/6080/94
f 2842/6081/11 2843/5878/167 2841/5881/167 2833/6082/11
f 2560/6019/1408 2561/6083/1411 2547/6084/1412 2548/6020/1409
f 2417/6021/1410 2418/6045/1042 2402/6048/1042 2403/6022/1410
f 2757/6023/1337 2758/5442/1238 2746/5445/1241 2747/6024/1337
f 2517/6085/80 2540/6086/80 2509/6087/80
f 2509/6087/80 2540/6086/80 2541/6088/67
f 2509/6087/80 2541/6088/67 2510/6089/67
f 2510/6089/67 2541/6088/67 2542/6090/67
f 2510/6089/67 2542/6090/67 2511/6091/67
f 2511/6091/67 2542/6090/67 2543/6092/3
f 2511/6091/67 2543/6092/3 2512/6093/3
f 2512/6093/3 2543/6092/3 2544/6094/3
f 2512/6093/3 2544/6094/3 2513/6095/3
f 2513/6095/3 2544/6094/3 2536/6096/3
f 2513/6095/3 2536/6096/3 2514/6097/25
f 2514/6098/25 2536/6099/3 2537/6100/25
f 2514/6098/25 2537/6100/25 2515/6101/25
f 2515/6101/25 2537/6100/25 2538/6102/25
f 2515/6101/25 2538/6102/25 2516/6103/80
f 2516/6103/80 2538/6102/25 2539/6104/80
f 2516/6103/80 2539/6104/80 2517/6085/80
f 2517/6085/80 2539/6104/80 2540/6086/80
f 2530/6105/61 2529/6106/61 2502/6107/61 2501/6108/61 2500/6109/61 2508/6110/61 2533/6111/61 2532/6112/61 2531/6113/61
f 2623/5804/1369 2624/5852/1241 2610/5855/1241 2611/5805/1370
f 2533/6111/61 2508/6110/61 2507/6114/61 2506/6115/61 2505/6116/61 2504/6117/61 2503/6118/61 2502/6107/61 2529/6106/61 2528/6119/61 2527/6120/61 2535/6121/61 2534/6122/61
f 2526/6123/90 2525/5908/90 2538/5907/90 2537/5916/90 2518/5915/90
f 2843/6124/90 2842/6125/90 2824/6126/90 2832/6127/90 2844/6128/90
f 2848/5601/1303 2849/5986/1401 2835/5987/1401 2836/5602/1304
f 2557/6129/61 2556/6130/61 2555/6131/61 2554/6132/61 2562/6133/61 2561/5458/61 2574/5457/61 2573/6134/61 2572/6135/61 2580/6136/61 2579/6137/61 2578/6138/61 2577/6139/61 2576/6140/61 2575/5456/61 2559/5455/61 2558/6141/61
f 2471/5527/1277 2472/5578/1205 2456/5581/1205 2457/5528/1277
f 2589/6142/61 2588/6143/61 2587/6144/61 2586/5694/61 2603/5693/61 2604/6145/61 2605/6146/61 2606/6147/61 2607/6148/61 2599/6149/61 2600/6150/61 2601/6151/61 2602/5696/61 2585/5695/61 2584/6152/61 2583/6153/61 2582/6154/61 2581/6155/61
f 2607/6156/25 2630/6157/25 2599/6158/25
f 2599/6158/25 2630/6157/25 2631/6159/25
f 2599/6158/25 2631/6159/25 2600/6160/3
f 2600/6160/3 2631/6159/25 2632/6161/3
f 2600/6160/3 2632/6161/3 2601/6162/3
f 2601/6162/3 2632/6161/3 2633/6163/3
f 2601/6162/3 2633/6163/3 2602/6164/67
f 2602/6164/67 2633/6163/3 2634/6165/67
f 2602/6164/67 2634/6165/67 2603/6166/67
f 2603/6166/67 2634/6165/67 2626/6167/67
f 2603/6166/67 2626/6167/67 2604/6168/67
f 2604/6169/67 2626/6170/67 2627/6171/80
f 2604/6169/67 2627/6171/80 2605/6172/80
f 2605/6172/80 2627/6171/80 2628/6173/80
f 2605/6172/80 2628/6173/80 2606/6174/80
f 2606/6174/80 2628/6173/80 2629/6175/25
f 2606/6174/80 2629/6175/25 2607/6156/25
f 2607/6156/25 2629/6175/25 2630/6157/25
f 2620/6176/90 2619/6177/90 2592/6178/90 2591/6179/90 2621/6180/90
f 2621/6180/90 2591/6179/90 2590/6181/90 2598/6182/90 2597/6183/90 2596/6184/90 2595/6185/90 2594/6186/90 2593/6187/90 2592/6178/90 2619/6177/90 2618/6188/90 2617/6189/90 2625/6190/90 2624/6191/90 2623/6192/90 2622/6193/90
f 2480/6194/15 2479/6195/15 2478/6196/15 2477/6197/15 2476/5668/15 2461/5667/15 2460/6198/15 2459/6199/15 2458/6200/15 2457/6201/15 2456/6202/15 2455/6203/15 2463/6204/15 2462/5670/15 2475/5669/15 2474/6205/15 2473/6206/15 2481/6207/15
f 2535/5786/80 2527/6208/1337 2518/6209/1407 2519/5787/80
f 2713/5513/1270 2714/5779/82 2700/5780/82 2701/5514/1270
f 2591/6210/1413 2592/6009/440 2588/6010/440 2589/6211/1413
f 2649/6212/90 2667/6213/90 2666/6214/90 2665/6215/90 2650/6216/90
f 2662/6217/90 2670/6218/90 2669/6219/90 2668/6220/90 2667/6213/90 2649/6212/90 2648/6221/90 2647/6222/90 2646/6223/90 2645/6224/90 2644/6225/90 2652/6226/90 2651/6227/90 2650/6216/90 2665/6215/90 2664/6228/90 2663/6229/90
f 2575/5830/1354 2576/5988/1402 2568/5989/1257 2569/5831/1376
f 2529/6041/877 2530/5990/1403 2524/5991/1404 2525/6042/877
f 2697/6230/80 2720/6231/80 2689/6232/80
f 2689/6232/80 2720/6231/80 2721/6233/67
f 2689/6232/80 2721/6233/67 2690/6234/67
f 2690/6234/67 2721/6233/67 2722/6235/67
f 2690/6234/67 2722/6235/67 2691/6236/67
f 2691/6236/67 2722/6235/67 2723/6237/3
f 2691/6236/67 2723/6237/3 2692/6238/3
f 2692/6238/3 2723/6237/3 2724/6239/3
f 2692/6238/3 2724/6239/3 2693/6240/3
f 2693/6240/3 2724/6239/3 2716/6241/3
f 2693/6240/3 2716/6241/3 2694/6242/25
f 2694/6243/25 2716/6244/3 2717/6245/25
f 2694/6243/25 2717/6245/25 2695/6246/25
f 2695/6246/25 2717/6245/25 2718/6247/25
f 2695/6246/25 2718/6247/25 2696/6248/80
f 2696/6248/80 2718/6247/25 2719/6249/80
f 2696/6248/80 2719/6249/80 2697/6230/80
f 2697/6230/80 2719/6249/80 2720/6231/80
f 2777/6250/90 2776/6251/90 2775/6252/90 2805/6253/90 2804/6254/90 2803/6255/90 2802/6256/90 2801/6257/90 2800/6258/90 2799/6259/90 2798/6260/90 2774/6261/90 2773/6262/90 2772/6263/90 2771/6264/90 2770/6265/90 2778/6266/90
f 2590/6267/1357 2591/6210/1413 2589/6211/1413 2581/6268/1358
f 2704/6269/90 2703/6270/90 2702/6271/90 2701/6272/90 2723/6273/90 2722/6274/90 2721/6275/90 2720/6276/90 2719/6277/90 2718/6278/90 2706/6279/90 2705/6280/90
f 2699/6281/90 2698/6282/90 2706/6279/90 2718/6278/90 2717/6283/90 2716/6284/90 2724/6285/90 2723/6273/90 2701/6272/90 2700/6286/90
f 2561/6083/1411 2562/6053/140 2546/6056/140 2547/6084/1412
f 2443/5447/1243 2444/5927/1389 2430/5928/344 2431/5448/1244
f 2778/5591/1276 2770/6287/6 2761/6288/6 2762/5592/1276
f 2506/5781/1361 2507/6289/1414 2493/6290/1414 2494/5782/1361
f 2666/5777/212 2667/5807/1250 2657/5810/1250 2658/5778/212
f 2741/6291/61 2740/5996/61 2755/5995/61 2754/6004/61 2742/6003/61
f 2503/5650/1317 2504/5701/1342 2496/5704/1342 2497/5651/1318
f 2737/5849/1379 2738/5697/1338 2730/5700/1341 2731/5850/1380
f 2727/6292/90 2726/6293/90 2725/6294/90 2733/5943/90 2744/5946/90 2743/6295/90 2751/6296/90 2750/6297/90 2749/6298/90 2748/6299/90 2747/6300/90 2746/6301/90 2745/5945/90 2732/5944/90 2731/6302/90 2730/6303/90 2729/6304/90 2728/6305/90
f 2801/5732/137 2802/5663/1323 2792/5666/81 2793/5733/1355
f 2786/5898/61 2768/5901/61 2767/6306/61 2766/6307/61 2765/6308/61 2764/6309/61 2763/6310/61 2762/6311/61 2761/6312/61 2769/5900/61 2787/5899/61 2779/6313/61 2780/6314/61 2781/6315/61 2782/6316/61 2783/6317/61 2784/6318/61 2785/6319/61
f 2466/5935/267 2467/5729/1353 2461/5730/269 2462/5936/1391
f 2804/5675/27 2805/5874/558 2789/5877/558 2790/5676/27
f 2507/6289/1414 2508/5516/1271 2492/5519/1273 2493/6290/1414
f 2787/6320/25 2810/6321/25 2779/6322/6
f 2779/6322/6 2810/6321/25 2811/6323/3
f 2779/6322/6 2811/6323/3 2780/6324/3
f 2780/6324/3 2811/6323/3 2812/6325/3
f 2780/6324/3 2812/6325/3 2781/6326/3
f 2781/6326/3 2812/6325/3 2813/6327/67
f 2781/6326/3 2813/6327/67 2782/6328/67
f 2782/6328/67 2813/6327/67 2814/6329/67
f 2782/6328/67 2814/6329/67 2783/6330/67
f 2783/6330/67 2814/6329/67 2806/6331/11
f 2783/6330/67 2806/6331/11 2784/6332/80
f 2784/6333/80 2806/6334/11 2807/6335/80
f 2784/6333/80 2807/6335/80 2785/6336/80
f 2785/6336/80 2807/6335/80 2808/6337/80
f 2785/6336/80 2808/6337/80 2786/6338/25
f 2786/6338/25 2808/6337/80 2809/6339/25
f 2786/6338/25 2809/6339/25 2787/6320/25
f 2787/6320/25 2809/6339/25 2810/6321/25
f 2713/5897/61 2712/6340/61 2711/5890/61 2680/5889/61 2688/6341/61 2687/5882/61
f 2797/6342/90 2805/6253/90 2775/6252/90 2774/6261/90 2798/6260/90
f 2827/6343/90 2826/6344/90 2825/6345/90 2824/6126/90 2842/6125/90 2850/6346/90 2849/6347/90 2848/6348/90 2847/6349/90 2846/6350/90 2845/6351/90 2844/6128/90 2832/6127/90 2831/6352/90 2830/6353/90 2829/6354/90 2828/6355/90
f 2821/6356/61 2820/6357/61 2819/6358/61 2837/6359/61 2836/6360/61 2835/6361/61 2834/6362/61 2833/6363/61 2841/6364/61 2815/6365/61 2823/6366/61 2822/6367/61
f 2816/6368/61 2815/6365/61 2841/6364/61 2840/6369/61 2839/6370/61 2838/6371/61 2837/6359/61 2819/6358/61 2818/6372/61 2817/6373/61
