# Blender v2.79 (sub 0) OBJ File: ''
# www.blender.org
mtllib ankle_r_roll.mtl
o ankle_r_roll
v 0.010565 0.005691 -0.025750
v 0.010565 0.005691 -0.026250
v 0.011838 0.001967 -0.026250
v 0.011838 -0.001967 -0.026250
v 0.010565 -0.005691 -0.026250
v 0.010565 -0.005691 -0.025750
v 0.011838 -0.001967 -0.025750
v 0.011838 0.001967 -0.025750
v -0.008669 -0.008298 -0.026250
v -0.008669 -0.008298 -0.025750
v -0.003190 -0.011568 -0.025750
v 0.003190 -0.011568 -0.025750
v 0.008669 -0.008298 -0.025750
v 0.008669 -0.008298 -0.026250
v 0.003190 -0.011568 -0.026250
v -0.003190 -0.011568 -0.026250
v -0.008669 0.008298 -0.025750
v -0.008669 0.008298 -0.026250
v -0.003190 0.011568 -0.026250
v 0.003190 0.011568 -0.026250
v 0.008669 0.008298 -0.026250
v 0.008669 0.008298 -0.025750
v 0.003190 0.011568 -0.025750
v -0.003190 0.011568 -0.025750
v -0.010000 -0.000000 -0.025750
v -0.007660 -0.006428 -0.025750
v -0.001736 -0.009848 -0.025750
v 0.005000 -0.008660 -0.025750
v 0.009397 -0.003420 -0.025750
v 0.009397 0.003420 -0.025750
v 0.005000 0.008660 -0.025750
v -0.001736 0.009848 -0.025750
v -0.007660 0.006428 -0.025750
v -0.008815 -0.007135 -0.025750
v -0.009504 -0.006188 -0.025750
v -0.010565 -0.005691 -0.025750
v -0.011838 -0.001967 -0.025750
v -0.011838 0.001967 -0.025750
v -0.010565 0.005691 -0.025750
v -0.009504 0.006188 -0.025750
v -0.008815 0.007135 -0.025750
v 0.008815 0.007135 -0.025750
v 0.009504 0.006188 -0.025750
v 0.009504 -0.006188 -0.025750
v 0.008815 -0.007135 -0.025750
v -0.010565 -0.005691 -0.026250
v -0.011838 -0.001967 -0.026250
v -0.011838 0.001967 -0.026250
v -0.010565 0.005691 -0.026250
v -0.008941 -0.009133 -0.026250
v -0.009502 -0.009810 -0.026250
v -0.010272 -0.010234 -0.026250
v -0.010272 -0.010234 -0.028250
v -0.010744 -0.010336 -0.028250
v -0.011226 -0.010339 -0.028250
v -0.011699 -0.010244 -0.028250
v -0.012565 -0.009753 -0.033250
v -0.013150 -0.008949 -0.033250
v -0.013350 -0.007974 -0.033250
v -0.013350 -0.007974 -0.028250
v -0.013295 -0.007494 -0.028250
v -0.013143 -0.007036 -0.028250
v -0.012901 -0.006619 -0.028250
v -0.012901 -0.006619 -0.026250
v -0.012261 -0.006017 -0.026250
v -0.011444 -0.005692 -0.026250
v -0.012901 -0.006619 -0.025450
v -0.013344 -0.008164 -0.025450
v -0.012690 -0.009633 -0.025450
v -0.011246 -0.010337 -0.025450
v -0.009686 -0.009948 -0.025450
v -0.008741 -0.008648 -0.025450
v -0.008853 -0.007044 -0.025450
v -0.009970 -0.005888 -0.025450
v -0.011569 -0.005720 -0.025450
v 0.011444 -0.005692 -0.026250
v 0.012261 -0.006017 -0.026250
v 0.012901 -0.006619 -0.026250
v 0.012901 -0.006619 -0.028250
v 0.013143 -0.007036 -0.028250
v 0.013295 -0.007494 -0.028250
v 0.013350 -0.007974 -0.028250
v 0.013350 -0.007974 -0.033250
v 0.013150 -0.008949 -0.033250
v 0.012565 -0.009753 -0.033250
v 0.011699 -0.010244 -0.033250
v 0.011699 -0.010244 -0.028250
v 0.011226 -0.010339 -0.028250
v 0.010744 -0.010336 -0.028250
v 0.010272 -0.010234 -0.028250
v 0.010272 -0.010234 -0.026250
v 0.009502 -0.009810 -0.026250
v 0.008941 -0.009133 -0.026250
v 0.010272 -0.010234 -0.025450
v 0.011878 -0.010180 -0.025450
v 0.013074 -0.009105 -0.025450
v 0.013299 -0.007514 -0.025450
v 0.012449 -0.006150 -0.025450
v 0.010920 -0.005651 -0.025450
v 0.009429 -0.006252 -0.025450
v 0.008673 -0.007671 -0.025450
v 0.009006 -0.009243 -0.025450
v 0.003761 -0.014004 -0.026250
v -0.003761 -0.014004 -0.026250
v 0.011444 0.005692 -0.026250
v 0.012261 0.006017 -0.026250
v 0.012901 0.006619 -0.026250
v 0.014319 0.002282 -0.026250
v 0.014319 -0.002282 -0.026250
v -0.008941 0.009133 -0.026250
v -0.009502 0.009810 -0.026250
v -0.010272 0.010234 -0.026250
v -0.003761 0.014004 -0.026250
v 0.003761 0.014004 -0.026250
v 0.010272 0.010234 -0.026250
v 0.009502 0.009810 -0.026250
v 0.008941 0.009133 -0.026250
v -0.014319 -0.002282 -0.026250
v -0.014319 0.002282 -0.026250
v -0.012901 0.006619 -0.026250
v -0.012261 0.006017 -0.026250
v -0.011444 0.005692 -0.026250
v 0.003761 -0.014004 -0.028250
v -0.003761 -0.014004 -0.028250
v 0.009750 -0.008000 -0.025450
v 0.010042 -0.008803 -0.025450
v 0.010783 -0.009231 -0.025450
v 0.011625 -0.009083 -0.025450
v 0.012175 -0.008428 -0.025450
v 0.012175 -0.007572 -0.025450
v 0.011625 -0.006917 -0.025450
v 0.010783 -0.006769 -0.025450
v 0.010042 -0.007197 -0.025450
v 0.009750 0.008000 -0.025450
v 0.010042 0.007197 -0.025450
v 0.010783 0.006769 -0.025450
v 0.011625 0.006917 -0.025450
v 0.012175 0.007572 -0.025450
v 0.012175 0.008428 -0.025450
v 0.011625 0.009083 -0.025450
v 0.010783 0.009231 -0.025450
v 0.010042 0.008803 -0.025450
v 0.010272 0.010234 -0.025450
v 0.011878 0.010180 -0.025450
v 0.013074 0.009105 -0.025450
v 0.013299 0.007514 -0.025450
v 0.012449 0.006150 -0.025450
v 0.010920 0.005651 -0.025450
v 0.009429 0.006252 -0.025450
v 0.008673 0.007671 -0.025450
v 0.009006 0.009243 -0.025450
v -0.012901 0.006619 -0.025450
v -0.013344 0.008164 -0.025450
v -0.012690 0.009633 -0.025450
v -0.011246 0.010337 -0.025450
v -0.009686 0.009948 -0.025450
v -0.008741 0.008648 -0.025450
v -0.008853 0.007044 -0.025450
v -0.009970 0.005888 -0.025450
v -0.011569 0.005720 -0.025450
v -0.012250 0.008000 -0.025450
v -0.011958 0.007197 -0.025450
v -0.011217 0.006769 -0.025450
v -0.010375 0.006917 -0.025450
v -0.009825 0.007572 -0.025450
v -0.009825 0.008428 -0.025450
v -0.010375 0.009083 -0.025450
v -0.011217 0.009231 -0.025450
v -0.011958 0.008803 -0.025450
v -0.012232 -0.007787 -0.025450
v -0.012081 -0.008628 -0.025450
v -0.011424 -0.009176 -0.025450
v -0.010569 -0.009173 -0.025450
v -0.009915 -0.008622 -0.025450
v -0.009770 -0.007779 -0.025450
v -0.010200 -0.007040 -0.025450
v -0.011004 -0.006750 -0.025450
v -0.011807 -0.007045 -0.025450
v 0.012901 0.006619 -0.028250
v 0.014319 0.002282 -0.028250
v 0.014319 -0.002282 -0.028250
v -0.017500 -0.030250 -0.033250
v -0.016696 -0.033250 -0.033250
v -0.014500 -0.035446 -0.033250
v -0.011500 -0.036250 -0.033250
v -0.011500 -0.036250 -0.024250
v -0.014500 -0.035446 -0.024250
v -0.016696 -0.033250 -0.024250
v -0.017500 -0.030250 -0.024250
v -0.017500 0.013332 -0.024250
v -0.017500 0.013332 -0.033250
v 0.011500 -0.036250 -0.024250
v 0.014500 -0.035446 -0.024250
v 0.016696 -0.033250 -0.024250
v 0.017500 -0.030250 -0.024250
v 0.017500 0.013332 -0.024250
v 0.016237 0.014844 -0.024250
v 0.014844 0.016237 -0.024250
v 0.013332 0.017500 -0.024250
v -0.013332 0.017500 -0.024250
v -0.014844 0.016237 -0.024250
v -0.016237 0.014844 -0.024250
v -0.012250 -0.032000 -0.024250
v -0.011958 -0.031197 -0.024250
v -0.011217 -0.030769 -0.024250
v -0.010375 -0.030917 -0.024250
v -0.009825 -0.031572 -0.024250
v -0.009825 -0.032428 -0.024250
v -0.010375 -0.033083 -0.024250
v -0.011217 -0.033231 -0.024250
v -0.011958 -0.032803 -0.024250
v 0.009750 -0.032000 -0.024250
v 0.010042 -0.031197 -0.024250
v 0.010783 -0.030769 -0.024250
v 0.011625 -0.030917 -0.024250
v 0.012175 -0.031572 -0.024250
v 0.012175 -0.032428 -0.024250
v 0.011625 -0.033083 -0.024250
v 0.010783 -0.033231 -0.024250
v 0.010042 -0.032803 -0.024250
v 0.011555 -0.012905 -0.024250
v 0.011871 -0.012037 -0.024250
v 0.012670 -0.011575 -0.024250
v 0.013580 -0.011736 -0.024250
v 0.014173 -0.012443 -0.024250
v 0.014173 -0.013366 -0.024250
v 0.013580 -0.014074 -0.024250
v 0.012670 -0.014234 -0.024250
v 0.011871 -0.013772 -0.024250
v -0.014255 -0.012905 -0.024250
v -0.013939 -0.012037 -0.024250
v -0.013139 -0.011575 -0.024250
v -0.012230 -0.011736 -0.024250
v -0.011636 -0.012443 -0.024250
v -0.011636 -0.013366 -0.024250
v -0.012230 -0.014074 -0.024250
v -0.013139 -0.014234 -0.024250
v -0.013939 -0.013772 -0.024250
v 0.011555 0.012905 -0.024250
v 0.011871 0.013772 -0.024250
v 0.012670 0.014234 -0.024250
v 0.013580 0.014074 -0.024250
v 0.014173 0.013366 -0.024250
v 0.014173 0.012443 -0.024250
v 0.013580 0.011736 -0.024250
v 0.012670 0.011575 -0.024250
v 0.011871 0.012037 -0.024250
v -0.014255 0.012905 -0.024250
v -0.013939 0.013772 -0.024250
v -0.013139 0.014234 -0.024250
v -0.012230 0.014074 -0.024250
v -0.011636 0.013366 -0.024250
v -0.011636 0.012443 -0.024250
v -0.012230 0.011736 -0.024250
v -0.013139 0.011575 -0.024250
v -0.013939 0.012037 -0.024250
v -0.012250 -0.008000 -0.024250
v -0.011958 -0.007197 -0.024250
v -0.011217 -0.006769 -0.024250
v -0.010375 -0.006917 -0.024250
v -0.009825 -0.007572 -0.024250
v -0.009825 -0.008428 -0.024250
v -0.010375 -0.009083 -0.024250
v -0.011217 -0.009231 -0.024250
v -0.011958 -0.008803 -0.024250
v 0.009750 -0.008000 -0.024250
v 0.010042 -0.007197 -0.024250
v 0.010783 -0.006769 -0.024250
v 0.011625 -0.006917 -0.024250
v 0.012175 -0.007572 -0.024250
v 0.012175 -0.008428 -0.024250
v 0.011625 -0.009083 -0.024250
v 0.010783 -0.009231 -0.024250
v 0.010042 -0.008803 -0.024250
v -0.012250 0.008000 -0.024250
v -0.011958 0.008803 -0.024250
v -0.011217 0.009231 -0.024250
v -0.010375 0.009083 -0.024250
v -0.009825 0.008428 -0.024250
v -0.009825 0.007572 -0.024250
v -0.010375 0.006917 -0.024250
v -0.011217 0.006769 -0.024250
v -0.011958 0.007197 -0.024250
v 0.009750 0.008000 -0.024250
v 0.010042 0.008803 -0.024250
v 0.010783 0.009231 -0.024250
v 0.011625 0.009083 -0.024250
v 0.012175 0.008428 -0.024250
v 0.012175 0.007572 -0.024250
v 0.011625 0.006917 -0.024250
v 0.010783 0.006769 -0.024250
v 0.010042 0.007197 -0.024250
v -0.010000 -0.000000 -0.024250
v -0.007660 0.006428 -0.024250
v -0.001736 0.009848 -0.024250
v 0.005000 0.008660 -0.024250
v 0.009397 0.003420 -0.024250
v 0.009397 -0.003420 -0.024250
v 0.005000 -0.008660 -0.024250
v -0.001736 -0.009848 -0.024250
v -0.007660 -0.006428 -0.024250
v 0.011500 -0.036250 -0.033250
v 0.014500 -0.035446 -0.033250
v 0.016696 -0.033250 -0.033250
v 0.017500 -0.030250 -0.033250
v 0.017500 0.013332 -0.033250
v -0.005747 -0.027947 -0.025250
v -0.006093 -0.028570 -0.025250
v -0.006198 -0.029274 -0.025250
v -0.006050 -0.029971 -0.025250
v -0.006050 -0.029971 -0.033250
v -0.006198 -0.029274 -0.033250
v -0.006093 -0.028570 -0.033250
v -0.005747 -0.027947 -0.033250
v -0.001548 -0.022812 -0.033250
v -0.001548 -0.022812 -0.025250
v -0.014500 -0.024650 -0.025250
v -0.014232 -0.025650 -0.025250
v -0.013500 -0.026382 -0.025250
v -0.012500 -0.026650 -0.025250
v -0.012500 -0.026650 -0.033250
v -0.013500 -0.026382 -0.033250
v -0.014232 -0.025650 -0.033250
v -0.014500 -0.024650 -0.033250
v -0.010008 -0.026743 -0.025250
v -0.009288 -0.026747 -0.025250
v -0.008614 -0.026497 -0.025250
v -0.008072 -0.026024 -0.025250
v -0.008072 -0.026024 -0.033250
v -0.008614 -0.026497 -0.033250
v -0.009288 -0.026747 -0.033250
v -0.010008 -0.026743 -0.033250
v -0.004075 -0.021007 -0.025250
v -0.004075 -0.021007 -0.033250
v -0.014500 -0.017888 -0.033250
v -0.014258 -0.016935 -0.033250
v -0.013592 -0.016213 -0.033250
v -0.012662 -0.015895 -0.033250
v -0.012662 -0.015895 -0.025250
v -0.013592 -0.016213 -0.025250
v -0.014258 -0.016935 -0.025250
v -0.014500 -0.017888 -0.025250
v -0.012321 -0.015847 -0.025250
v -0.011987 -0.015761 -0.025250
v -0.011666 -0.015637 -0.025250
v -0.011037 -0.015468 -0.025250
v -0.010387 -0.015510 -0.025250
v -0.009785 -0.015759 -0.025250
v -0.008287 -0.016596 -0.025250
v -0.006717 -0.017291 -0.025250
v -0.005091 -0.017838 -0.025250
v -0.004033 -0.018570 -0.025250
v -0.003640 -0.019796 -0.025250
v -0.010667 -0.026660 -0.025250
v -0.012321 -0.015847 -0.033250
v -0.011987 -0.015761 -0.033250
v -0.011666 -0.015637 -0.033250
v -0.011037 -0.015468 -0.033250
v -0.010387 -0.015510 -0.033250
v -0.009785 -0.015759 -0.033250
v -0.008287 -0.016596 -0.033250
v -0.006717 -0.017291 -0.033250
v -0.005091 -0.017838 -0.033250
v -0.004033 -0.018570 -0.033250
v -0.003640 -0.019796 -0.033250
v 0.001548 -0.022812 -0.025250
v 0.000582 -0.022165 -0.025250
v -0.000582 -0.022165 -0.025250
v -0.000582 -0.022165 -0.033250
v 0.000582 -0.022165 -0.033250
v 0.001548 -0.022812 -0.033250
v 0.005747 -0.027947 -0.033250
v 0.005747 -0.027947 -0.025250
v -0.003688 -0.033250 -0.033250
v -0.004629 -0.033015 -0.033250
v -0.005348 -0.032366 -0.033250
v -0.005678 -0.031454 -0.033250
v -0.005678 -0.031454 -0.025250
v -0.005348 -0.032366 -0.025250
v -0.004629 -0.033015 -0.025250
v -0.003688 -0.033250 -0.025250
v -0.005879 -0.030453 -0.025250
v -0.005754 -0.030949 -0.025250
v -0.005754 -0.030949 -0.033250
v -0.005879 -0.030453 -0.033250
v 0.003688 -0.033250 -0.025250
v 0.004629 -0.033015 -0.025250
v 0.005348 -0.032366 -0.025250
v 0.005678 -0.031454 -0.025250
v 0.005678 -0.031454 -0.033250
v 0.005348 -0.032366 -0.033250
v 0.004629 -0.033015 -0.033250
v 0.003688 -0.033250 -0.033250
v 0.006050 -0.029971 -0.025250
v 0.006198 -0.029274 -0.025250
v 0.006093 -0.028570 -0.025250
v 0.006093 -0.028570 -0.033250
v 0.006198 -0.029274 -0.033250
v 0.006050 -0.029971 -0.033250
v 0.005754 -0.030949 -0.025250
v 0.005879 -0.030453 -0.025250
v 0.005879 -0.030453 -0.033250
v 0.005754 -0.030949 -0.033250
v 0.012500 -0.026650 -0.025250
v 0.013500 -0.026382 -0.025250
v 0.014232 -0.025650 -0.025250
v 0.014500 -0.024650 -0.025250
v 0.014500 -0.024650 -0.033250
v 0.014232 -0.025650 -0.033250
v 0.013500 -0.026382 -0.033250
v 0.012500 -0.026650 -0.033250
v 0.008069 -0.026047 -0.025250
v 0.008612 -0.026510 -0.025250
v 0.009281 -0.026753 -0.025250
v 0.009994 -0.026745 -0.025250
v 0.009994 -0.026745 -0.033250
v 0.009281 -0.026753 -0.033250
v 0.008612 -0.026510 -0.033250
v 0.008069 -0.026047 -0.033250
v 0.003988 -0.021056 -0.033250
v 0.003988 -0.021056 -0.025250
v 0.004997 -0.017864 -0.025250
v 0.003928 -0.018601 -0.025250
v 0.003536 -0.019839 -0.025250
v 0.003536 -0.019839 -0.033250
v 0.003928 -0.018601 -0.033250
v 0.004997 -0.017864 -0.033250
v 0.006657 -0.017314 -0.033250
v 0.008258 -0.016611 -0.033250
v 0.009785 -0.015759 -0.033250
v 0.009785 -0.015759 -0.025250
v 0.008258 -0.016611 -0.025250
v 0.006657 -0.017314 -0.025250
v 0.011666 -0.015637 -0.025250
v 0.011037 -0.015468 -0.025250
v 0.010387 -0.015510 -0.025250
v 0.010387 -0.015510 -0.033250
v 0.011037 -0.015468 -0.033250
v 0.011666 -0.015637 -0.033250
v 0.011987 -0.015761 -0.033250
v 0.012321 -0.015847 -0.033250
v 0.012662 -0.015895 -0.033250
v 0.012662 -0.015895 -0.025250
v 0.012321 -0.015847 -0.025250
v 0.011987 -0.015761 -0.025250
v 0.014500 -0.017888 -0.025250
v 0.014258 -0.016935 -0.025250
v 0.013592 -0.016213 -0.025250
v 0.013592 -0.016213 -0.033250
v 0.014258 -0.016935 -0.033250
v 0.014500 -0.017888 -0.033250
v -0.010667 -0.026660 -0.033250
v 0.010663 -0.026661 -0.025250
v 0.010663 -0.026661 -0.033250
v -0.010272 0.010234 -0.028250
v -0.003761 0.014004 -0.028250
v 0.003761 0.014004 -0.028250
v 0.010272 0.010234 -0.028250
v -0.014319 -0.002282 -0.028250
v -0.014319 0.002282 -0.028250
v -0.012901 0.006619 -0.028250
v -0.013143 0.007036 -0.028250
v -0.013295 0.007494 -0.028250
v -0.013350 0.007974 -0.028250
v -0.013350 0.007974 -0.033250
v -0.013150 0.008949 -0.033250
v -0.012565 0.009753 -0.033250
v -0.011699 0.010244 -0.033250
v -0.011699 0.010244 -0.028250
v -0.011226 0.010339 -0.028250
v -0.010744 0.010336 -0.028250
v 0.010744 0.010336 -0.028250
v 0.011226 0.010339 -0.028250
v 0.011699 0.010244 -0.028250
v 0.011699 0.010244 -0.033250
v 0.012565 0.009753 -0.033250
v 0.013150 0.008949 -0.033250
v 0.013350 0.007974 -0.033250
v 0.013350 0.007974 -0.028250
v 0.013295 0.007494 -0.028250
v 0.013143 0.007036 -0.028250
v 0.004355 -0.014928 -0.028250
v -0.004355 -0.014928 -0.028250
v 0.015300 0.002776 -0.028250
v 0.015300 -0.002776 -0.028250
v -0.004355 0.014928 -0.028250
v 0.004355 0.014928 -0.028250
v 0.015300 0.002776 -0.033250
v 0.015300 -0.002776 -0.033250
v 0.004355 -0.014928 -0.033250
v -0.004355 -0.014928 -0.033250
v -0.004355 0.014928 -0.033250
v 0.004355 0.014928 -0.033250
v -0.015300 -0.002776 -0.028250
v -0.015300 0.002776 -0.028250
v -0.015300 -0.002776 -0.033250
v -0.015300 0.002776 -0.033250
v -0.013350 -0.032000 -0.025450
v -0.012800 -0.033511 -0.025450
v -0.011408 -0.034314 -0.025450
v -0.009825 -0.034035 -0.025450
v -0.008792 -0.032804 -0.025450
v -0.008792 -0.031196 -0.025450
v -0.009825 -0.029965 -0.025450
v -0.011408 -0.029686 -0.025450
v -0.012800 -0.030489 -0.025450
v -0.013350 -0.032000 -0.033250
v -0.012800 -0.030489 -0.033250
v -0.011408 -0.029686 -0.033250
v -0.009825 -0.029965 -0.033250
v -0.008792 -0.031196 -0.033250
v -0.008792 -0.032804 -0.033250
v -0.009825 -0.034035 -0.033250
v -0.011408 -0.034314 -0.033250
v -0.012800 -0.033511 -0.033250
v -0.012250 -0.032000 -0.025450
v -0.011958 -0.032803 -0.025450
v -0.011217 -0.033231 -0.025450
v -0.010375 -0.033083 -0.025450
v -0.009825 -0.032428 -0.025450
v -0.009825 -0.031572 -0.025450
v -0.010375 -0.030917 -0.025450
v -0.011217 -0.030769 -0.025450
v -0.011958 -0.031197 -0.025450
v 0.008650 -0.032000 -0.025450
v 0.009200 -0.033511 -0.025450
v 0.010592 -0.034314 -0.025450
v 0.012175 -0.034035 -0.025450
v 0.013208 -0.032804 -0.025450
v 0.013208 -0.031196 -0.025450
v 0.012175 -0.029965 -0.025450
v 0.010592 -0.029686 -0.025450
v 0.009200 -0.030489 -0.025450
v 0.008650 -0.032000 -0.033250
v 0.009200 -0.030489 -0.033250
v 0.010592 -0.029686 -0.033250
v 0.012175 -0.029965 -0.033250
v 0.013208 -0.031196 -0.033250
v 0.013208 -0.032804 -0.033250
v 0.012175 -0.034035 -0.033250
v 0.010592 -0.034314 -0.033250
v 0.009200 -0.033511 -0.033250
v 0.009750 -0.032000 -0.025450
v 0.010042 -0.032803 -0.025450
v 0.010783 -0.033231 -0.025450
v 0.011625 -0.033083 -0.025450
v 0.012175 -0.032428 -0.025450
v 0.012175 -0.031572 -0.025450
v 0.011625 -0.030917 -0.025450
v 0.010783 -0.030769 -0.025450
v 0.010042 -0.031197 -0.025450
v -0.014255 0.012905 -0.033250
v -0.013939 0.013772 -0.033250
v -0.013139 0.014234 -0.033250
v -0.012230 0.014074 -0.033250
v -0.011636 0.013366 -0.033250
v -0.011636 0.012443 -0.033250
v -0.012230 0.011736 -0.033250
v -0.013139 0.011575 -0.033250
v -0.013939 0.012037 -0.033250
v 0.011555 0.012905 -0.033250
v 0.011871 0.013772 -0.033250
v 0.012670 0.014234 -0.033250
v 0.013580 0.014074 -0.033250
v 0.014173 0.013366 -0.033250
v 0.014173 0.012443 -0.033250
v 0.013580 0.011736 -0.033250
v 0.012670 0.011575 -0.033250
v 0.011871 0.012037 -0.033250
v -0.014255 -0.012905 -0.033250
v -0.013939 -0.012037 -0.033250
v -0.013139 -0.011575 -0.033250
v -0.012230 -0.011736 -0.033250
v -0.011636 -0.012443 -0.033250
v -0.011636 -0.013366 -0.033250
v -0.012230 -0.014074 -0.033250
v -0.013139 -0.014234 -0.033250
v -0.013939 -0.013772 -0.033250
v 0.011555 -0.012905 -0.033250
v 0.011871 -0.012037 -0.033250
v 0.012670 -0.011575 -0.033250
v 0.013580 -0.011736 -0.033250
v 0.014173 -0.012443 -0.033250
v 0.014173 -0.013366 -0.033250
v 0.013580 -0.014074 -0.033250
v 0.012670 -0.014234 -0.033250
v 0.011871 -0.013772 -0.033250
v -0.013332 0.017500 -0.033250
v -0.014844 0.016237 -0.033250
v -0.016237 0.014844 -0.033250
v 0.016237 0.014844 -0.033250
v 0.014844 0.016237 -0.033250
v 0.013332 0.017500 -0.033250
v -0.013850 -0.021000 0.009750
v -0.013850 -0.033084 0.009750
v -0.012084 -0.034850 0.009750
v 0.012084 -0.034850 0.009750
v 0.013850 -0.033084 0.009750
v 0.013850 -0.021000 0.009750
v 0.009400 -0.021000 0.009750
v 0.009400 -0.018800 0.009750
v 0.006100 -0.015500 0.009750
v -0.006100 -0.015500 0.009750
v -0.009400 -0.018800 0.009750
v -0.009400 -0.021000 0.009750
v 0.013400 -0.032000 0.009750
v 0.012839 -0.033543 0.009750
v 0.011417 -0.034364 0.009750
v 0.009800 -0.034078 0.009750
v 0.008745 -0.032821 0.009750
v 0.008745 -0.031179 0.009750
v 0.009800 -0.029922 0.009750
v 0.011417 -0.029636 0.009750
v 0.012839 -0.030457 0.009750
v -0.008600 -0.032000 0.009750
v -0.009161 -0.033543 0.009750
v -0.010583 -0.034364 0.009750
v -0.012200 -0.034078 0.009750
v -0.013255 -0.032821 0.009750
v -0.013255 -0.031179 0.009750
v -0.012200 -0.029922 0.009750
v -0.010583 -0.029636 0.009750
v -0.009161 -0.030457 0.009750
v 0.000000 -0.004750 0.009750
v 0.003053 -0.003639 0.009750
v 0.004678 -0.000825 0.009750
v 0.004114 0.002375 0.009750
v 0.001625 0.004464 0.009750
v -0.001625 0.004464 0.009750
v -0.004114 0.002375 0.009750
v -0.004678 -0.000825 0.009750
v -0.003053 -0.003639 0.009750
v -0.005650 -0.007946 0.009750
v -0.009040 -0.003653 0.009750
v -0.009584 0.001791 0.009750
v -0.007111 0.006670 0.009750
v -0.002400 0.009450 0.009750
v -0.003500 0.009450 0.009750
v -0.003500 0.010850 0.009750
v -0.012084 0.010850 0.009750
v -0.013850 0.009084 0.009750
v -0.013850 -0.008000 0.009750
v -0.005650 -0.008000 0.009750
v -0.008600 0.008000 0.009750
v -0.009161 0.006457 0.009750
v -0.010583 0.005636 0.009750
v -0.012200 0.005922 0.009750
v -0.013255 0.007179 0.009750
v -0.013255 0.008821 0.009750
v -0.012200 0.010078 0.009750
v -0.010583 0.010364 0.009750
v -0.009161 0.009543 0.009750
v 0.002400 0.009450 0.009750
v 0.007111 0.006670 0.009750
v 0.009584 0.001791 0.009750
v 0.009040 -0.003653 0.009750
v 0.005650 -0.007946 0.009750
v 0.005650 -0.008000 0.009750
v 0.013850 -0.008000 0.009750
v 0.013850 0.009084 0.009750
v 0.012084 0.010850 0.009750
v 0.003500 0.010850 0.009750
v 0.003500 0.009450 0.009750
v 0.013400 0.008000 0.009750
v 0.012839 0.006457 0.009750
v 0.011417 0.005636 0.009750
v 0.009800 0.005922 0.009750
v 0.008745 0.007179 0.009750
v 0.008745 0.008821 0.009750
v 0.009800 0.010078 0.009750
v 0.011417 0.010364 0.009750
v 0.012839 0.009543 0.009750
v 0.013400 0.008000 0.006950
v 0.012839 0.006457 0.006950
v 0.011417 0.005636 0.006950
v 0.009800 0.005922 0.006950
v 0.008745 0.007179 0.006950
v 0.008745 0.008821 0.006950
v 0.009800 0.010078 0.006950
v 0.011417 0.010364 0.006950
v 0.012839 0.009543 0.006950
v 0.012300 0.008000 0.006950
v 0.011996 0.007164 0.006950
v 0.011226 0.006720 0.006950
v 0.010350 0.006874 0.006950
v 0.009778 0.007555 0.006950
v 0.009778 0.008445 0.006950
v 0.010350 0.009126 0.006950
v 0.011226 0.009280 0.006950
v 0.011996 0.008836 0.006950
v -0.008600 0.008000 0.006950
v -0.009161 0.009543 0.006950
v -0.010583 0.010364 0.006950
v -0.012200 0.010078 0.006950
v -0.013255 0.008821 0.006950
v -0.013255 0.007179 0.006950
v -0.012200 0.005922 0.006950
v -0.010583 0.005636 0.006950
v -0.009161 0.006457 0.006950
v -0.009700 0.008000 0.006950
v -0.010004 0.007164 0.006950
v -0.010774 0.006720 0.006950
v -0.011650 0.006874 0.006950
v -0.012222 0.007555 0.006950
v -0.012222 0.008445 0.006950
v -0.011650 0.009126 0.006950
v -0.010774 0.009280 0.006950
v -0.010004 0.008836 0.006950
v 0.013400 -0.032000 0.006950
v 0.012839 -0.030457 0.006950
v 0.011417 -0.029636 0.006950
v 0.009800 -0.029922 0.006950
v 0.008745 -0.031179 0.006950
v 0.008745 -0.032821 0.006950
v 0.009800 -0.034078 0.006950
v 0.011417 -0.034364 0.006950
v 0.012839 -0.033543 0.006950
v 0.012300 -0.032000 0.006950
v 0.011996 -0.032836 0.006950
v 0.011226 -0.033280 0.006950
v 0.010350 -0.033126 0.006950
v 0.009778 -0.032445 0.006950
v 0.009778 -0.031555 0.006950
v 0.010350 -0.030874 0.006950
v 0.011226 -0.030720 0.006950
v 0.011996 -0.031164 0.006950
v -0.008600 -0.032000 0.006950
v -0.009161 -0.030457 0.006950
v -0.010583 -0.029636 0.006950
v -0.012200 -0.029922 0.006950
v -0.013255 -0.031179 0.006950
v -0.013255 -0.032821 0.006950
v -0.012200 -0.034078 0.006950
v -0.010583 -0.034364 0.006950
v -0.009161 -0.033543 0.006950
v -0.009700 -0.032000 0.006950
v -0.010004 -0.032836 0.006950
v -0.010774 -0.033280 0.006950
v -0.011650 -0.033126 0.006950
v -0.012222 -0.032445 0.006950
v -0.012222 -0.031555 0.006950
v -0.011650 -0.030874 0.006950
v -0.010774 -0.030720 0.006950
v -0.010004 -0.031164 0.006950
v 0.012300 0.008000 0.000750
v 0.011996 0.007164 0.000750
v 0.011226 0.006720 0.000750
v 0.010350 0.006874 0.000750
v 0.009778 0.007555 0.000750
v 0.009778 0.008445 0.000750
v 0.010350 0.009126 0.000750
v 0.011226 0.009280 0.000750
v 0.011996 0.008836 0.000750
v 0.012350 0.008000 0.000750
v 0.012034 0.007132 0.000750
v 0.011234 0.006671 0.000750
v 0.010325 0.006831 0.000750
v 0.009731 0.007538 0.000750
v 0.009731 0.008462 0.000750
v 0.010325 0.009169 0.000750
v 0.011234 0.009329 0.000750
v 0.012034 0.008868 0.000750
v 0.012025 0.008000 0.000425
v 0.011785 0.007341 0.000425
v 0.011178 0.006991 0.000425
v 0.010487 0.007112 0.000425
v 0.010037 0.007649 0.000425
v 0.010037 0.008351 0.000425
v 0.010487 0.008888 0.000425
v 0.011178 0.009009 0.000425
v 0.011785 0.008659 0.000425
v 0.012025 0.008000 -0.005750
v 0.011785 0.007341 -0.005750
v 0.011178 0.006991 -0.005750
v 0.010487 0.007112 -0.005750
v 0.010037 0.007649 -0.005750
v 0.010037 0.008351 -0.005750
v 0.010487 0.008888 -0.005750
v 0.011178 0.009009 -0.005750
v 0.011785 0.008659 -0.005750
v 0.011000 0.008000 -0.006366
v -0.009700 0.008000 0.000750
v -0.010004 0.007164 0.000750
v -0.010774 0.006720 0.000750
v -0.011650 0.006874 0.000750
v -0.012222 0.007555 0.000750
v -0.012222 0.008445 0.000750
v -0.011650 0.009126 0.000750
v -0.010774 0.009280 0.000750
v -0.010004 0.008836 0.000750
v -0.009650 0.008000 0.000750
v -0.009966 0.007132 0.000750
v -0.010766 0.006671 0.000750
v -0.011675 0.006831 0.000750
v -0.012269 0.007538 0.000750
v -0.012269 0.008462 0.000750
v -0.011675 0.009169 0.000750
v -0.010766 0.009329 0.000750
v -0.009966 0.008868 0.000750
v -0.009975 0.008000 0.000425
v -0.010215 0.007341 0.000425
v -0.010822 0.006991 0.000425
v -0.011513 0.007112 0.000425
v -0.011963 0.007649 0.000425
v -0.011963 0.008351 0.000425
v -0.011513 0.008888 0.000425
v -0.010822 0.009009 0.000425
v -0.010215 0.008659 0.000425
v -0.009975 0.008000 -0.005750
v -0.010215 0.007341 -0.005750
v -0.010822 0.006991 -0.005750
v -0.011513 0.007112 -0.005750
v -0.011963 0.007649 -0.005750
v -0.011963 0.008351 -0.005750
v -0.011513 0.008888 -0.005750
v -0.010822 0.009009 -0.005750
v -0.010215 0.008659 -0.005750
v -0.011000 0.008000 -0.006366
v 0.012300 -0.032000 0.000750
v 0.011996 -0.032836 0.000750
v 0.011226 -0.033280 0.000750
v 0.010350 -0.033126 0.000750
v 0.009778 -0.032445 0.000750
v 0.009778 -0.031555 0.000750
v 0.010350 -0.030874 0.000750
v 0.011226 -0.030720 0.000750
v 0.011996 -0.031164 0.000750
v 0.012350 -0.032000 0.000750
v 0.012034 -0.032868 0.000750
v 0.011234 -0.033329 0.000750
v 0.010325 -0.033169 0.000750
v 0.009731 -0.032462 0.000750
v 0.009731 -0.031538 0.000750
v 0.010325 -0.030831 0.000750
v 0.011234 -0.030671 0.000750
v 0.012034 -0.031132 0.000750
v 0.012025 -0.032000 0.000425
v 0.011785 -0.032659 0.000425
v 0.011178 -0.033009 0.000425
v 0.010488 -0.032888 0.000425
v 0.010037 -0.032351 0.000425
v 0.010037 -0.031649 0.000425
v 0.010488 -0.031112 0.000425
v 0.011178 -0.030991 0.000425
v 0.011785 -0.031341 0.000425
v 0.012025 -0.032000 -0.005750
v 0.011785 -0.032659 -0.005750
v 0.011178 -0.033009 -0.005750
v 0.010488 -0.032888 -0.005750
v 0.010037 -0.032351 -0.005750
v 0.010037 -0.031649 -0.005750
v 0.010488 -0.031112 -0.005750
v 0.011178 -0.030991 -0.005750
v 0.011785 -0.031341 -0.005750
v 0.011000 -0.032000 -0.006366
v -0.009700 -0.032000 0.000750
v -0.010004 -0.032836 0.000750
v -0.010774 -0.033280 0.000750
v -0.011650 -0.033126 0.000750
v -0.012222 -0.032445 0.000750
v -0.012222 -0.031555 0.000750
v -0.011650 -0.030874 0.000750
v -0.010774 -0.030720 0.000750
v -0.010004 -0.031164 0.000750
v -0.009650 -0.032000 0.000750
v -0.009966 -0.032868 0.000750
v -0.010766 -0.033329 0.000750
v -0.011675 -0.033169 0.000750
v -0.012269 -0.032462 0.000750
v -0.012269 -0.031538 0.000750
v -0.011675 -0.030831 0.000750
v -0.010766 -0.030671 0.000750
v -0.009966 -0.031132 0.000750
v -0.009975 -0.032000 0.000425
v -0.010215 -0.032659 0.000425
v -0.010822 -0.033009 0.000425
v -0.011512 -0.032888 0.000425
v -0.011963 -0.032351 0.000425
v -0.011963 -0.031649 0.000425
v -0.011512 -0.031112 0.000425
v -0.010822 -0.030991 0.000425
v -0.010215 -0.031341 0.000425
v -0.009975 -0.032000 -0.005750
v -0.010215 -0.032659 -0.005750
v -0.010822 -0.033009 -0.005750
v -0.011512 -0.032888 -0.005750
v -0.011963 -0.032351 -0.005750
v -0.011963 -0.031649 -0.005750
v -0.011512 -0.031112 -0.005750
v -0.010822 -0.030991 -0.005750
v -0.010215 -0.031341 -0.005750
v -0.011000 -0.032000 -0.006366
v -0.014250 -0.021000 0.009350
v -0.014250 -0.033250 0.009350
v -0.009400 -0.021000 0.001250
v -0.014250 -0.021000 0.001250
v 0.014250 -0.021000 0.009350
v 0.014250 -0.021000 0.001250
v 0.009400 -0.021000 0.001250
v -0.014250 0.009250 -0.023850
v -0.014250 -0.033250 -0.023850
v -0.014250 -0.008000 0.001250
v -0.014250 -0.008000 0.009350
v -0.014250 0.009250 0.009350
v -0.014250 -0.002650 -0.013250
v -0.014250 -0.002966 -0.012382
v -0.014250 -0.003766 -0.011921
v -0.014250 -0.004675 -0.012081
v -0.014250 -0.005269 -0.012788
v -0.014250 -0.005269 -0.013712
v -0.014250 -0.004675 -0.014419
v -0.014250 -0.003766 -0.014579
v -0.014250 -0.002966 -0.014118
v -0.014250 -0.026650 -0.001250
v -0.014250 -0.026966 -0.000382
v -0.014250 -0.027766 0.000079
v -0.014250 -0.028675 -0.000081
v -0.014250 -0.029269 -0.000788
v -0.014250 -0.029269 -0.001712
v -0.014250 -0.028675 -0.002419
v -0.014250 -0.027766 -0.002579
v -0.014250 -0.026966 -0.002118
v -0.014250 -0.026650 -0.013250
v -0.014250 -0.026966 -0.012382
v -0.014250 -0.027766 -0.011921
v -0.014250 -0.028675 -0.012081
v -0.014250 -0.029269 -0.012788
v -0.014250 -0.029269 -0.013712
v -0.014250 -0.028675 -0.014419
v -0.014250 -0.027766 -0.014579
v -0.014250 -0.026966 -0.014118
v -0.014250 -0.005350 -0.001250
v -0.014250 -0.005034 -0.002118
v -0.014250 -0.004234 -0.002579
v -0.014250 -0.003325 -0.002419
v -0.014250 -0.002731 -0.001712
v -0.014250 -0.002731 -0.000788
v -0.014250 -0.003325 -0.000081
v -0.014250 -0.004234 0.000079
v -0.014250 -0.005034 -0.000382
v -0.013925 -0.005025 -0.001250
v -0.013925 -0.004785 -0.001909
v -0.013925 -0.004178 -0.002259
v -0.013925 -0.003488 -0.002138
v -0.013925 -0.003037 -0.001601
v -0.013925 -0.003037 -0.000899
v -0.013925 -0.003488 -0.000362
v -0.013925 -0.004178 -0.000241
v -0.013925 -0.004785 -0.000591
v -0.011250 -0.005025 -0.001250
v -0.011250 -0.004785 -0.001909
v -0.011250 -0.004178 -0.002259
v -0.011250 -0.003488 -0.002138
v -0.011250 -0.003037 -0.001601
v -0.011250 -0.003037 -0.000899
v -0.011250 -0.003488 -0.000362
v -0.011250 -0.004178 -0.000241
v -0.011250 -0.004785 -0.000591
v -0.011250 -0.002975 -0.013250
v -0.011250 -0.003215 -0.013909
v -0.011250 -0.003822 -0.014259
v -0.011250 -0.004513 -0.014138
v -0.011250 -0.004963 -0.013601
v -0.011250 -0.004963 -0.012899
v -0.011250 -0.004513 -0.012362
v -0.011250 -0.003822 -0.012241
v -0.011250 -0.003215 -0.012591
v -0.011250 -0.026975 -0.001250
v -0.011250 -0.027215 -0.001909
v -0.011250 -0.027822 -0.002259
v -0.011250 -0.028513 -0.002138
v -0.011250 -0.028963 -0.001601
v -0.011250 -0.028963 -0.000899
v -0.011250 -0.028513 -0.000362
v -0.011250 -0.027822 -0.000241
v -0.011250 -0.027215 -0.000591
v -0.011250 -0.026975 -0.013250
v -0.011250 -0.027215 -0.013909
v -0.011250 -0.027822 -0.014259
v -0.011250 -0.028513 -0.014138
v -0.011250 -0.028963 -0.013601
v -0.011250 -0.028963 -0.012899
v -0.011250 -0.028513 -0.012362
v -0.011250 -0.027822 -0.012241
v -0.011250 -0.027215 -0.012591
v -0.013925 -0.002975 -0.013250
v -0.013925 -0.003215 -0.013909
v -0.013925 -0.003822 -0.014259
v -0.013925 -0.004513 -0.014138
v -0.013925 -0.004963 -0.013601
v -0.013925 -0.004963 -0.012899
v -0.013925 -0.004513 -0.012362
v -0.013925 -0.003822 -0.012241
v -0.013925 -0.003215 -0.012591
v -0.013925 -0.026975 -0.001250
v -0.013925 -0.027215 -0.001909
v -0.013925 -0.027822 -0.002259
v -0.013925 -0.028513 -0.002138
v -0.013925 -0.028963 -0.001601
v -0.013925 -0.028963 -0.000899
v -0.013925 -0.028513 -0.000362
v -0.013925 -0.027822 -0.000241
v -0.013925 -0.027215 -0.000591
v -0.013925 -0.026975 -0.013250
v -0.013925 -0.027215 -0.013909
v -0.013925 -0.027822 -0.014259
v -0.013925 -0.028513 -0.014138
v -0.013925 -0.028963 -0.013601
v -0.013925 -0.028963 -0.012899
v -0.013925 -0.028513 -0.012362
v -0.013925 -0.027822 -0.012241
v -0.013925 -0.027215 -0.012591
v -0.013850 0.009084 -0.024250
v -0.013850 -0.033084 -0.024250
v -0.012250 -0.035250 -0.023850
v -0.012084 -0.034850 -0.024250
v -0.012250 -0.035250 0.009350
v 0.012250 -0.035250 0.009350
v 0.012250 -0.035250 -0.023850
v 0.006650 -0.035250 -0.013250
v 0.006966 -0.035250 -0.012382
v 0.007766 -0.035250 -0.011921
v 0.008675 -0.035250 -0.012081
v 0.009269 -0.035250 -0.012788
v 0.009269 -0.035250 -0.013712
v 0.008675 -0.035250 -0.014419
v 0.007766 -0.035250 -0.014579
v 0.006966 -0.035250 -0.014118
v -0.009350 -0.035250 -0.001250
v -0.009034 -0.035250 -0.000382
v -0.008234 -0.035250 0.000079
v -0.007325 -0.035250 -0.000081
v -0.006731 -0.035250 -0.000788
v -0.006731 -0.035250 -0.001712
v -0.007325 -0.035250 -0.002419
v -0.008234 -0.035250 -0.002579
v -0.009034 -0.035250 -0.002118
v 0.006650 -0.035250 -0.001250
v 0.006966 -0.035250 -0.000382
v 0.007766 -0.035250 0.000079
v 0.008675 -0.035250 -0.000081
v 0.009269 -0.035250 -0.000788
v 0.009269 -0.035250 -0.001712
v 0.008675 -0.035250 -0.002419
v 0.007766 -0.035250 -0.002579
v 0.006966 -0.035250 -0.002118
v -0.006650 -0.035250 -0.013250
v -0.006966 -0.035250 -0.014118
v -0.007766 -0.035250 -0.014579
v -0.008675 -0.035250 -0.014419
v -0.009269 -0.035250 -0.013712
v -0.009269 -0.035250 -0.012788
v -0.008675 -0.035250 -0.012081
v -0.007766 -0.035250 -0.011921
v -0.006966 -0.035250 -0.012382
v -0.006975 -0.034925 -0.013250
v -0.007215 -0.034925 -0.013909
v -0.007822 -0.034925 -0.014259
v -0.008512 -0.034925 -0.014138
v -0.008963 -0.034925 -0.013601
v -0.008963 -0.034925 -0.012899
v -0.008512 -0.034925 -0.012362
v -0.007822 -0.034925 -0.012241
v -0.007215 -0.034925 -0.012591
v -0.006975 -0.032250 -0.013250
v -0.007215 -0.032250 -0.013909
v -0.007822 -0.032250 -0.014259
v -0.008512 -0.032250 -0.014138
v -0.008963 -0.032250 -0.013601
v -0.008963 -0.032250 -0.012899
v -0.008512 -0.032250 -0.012362
v -0.007822 -0.032250 -0.012241
v -0.007215 -0.032250 -0.012591
v 0.006975 -0.032250 -0.013250
v 0.007215 -0.032250 -0.013909
v 0.007822 -0.032250 -0.014259
v 0.008513 -0.032250 -0.014138
v 0.008963 -0.032250 -0.013601
v 0.008963 -0.032250 -0.012899
v 0.008513 -0.032250 -0.012362
v 0.007822 -0.032250 -0.012241
v 0.007215 -0.032250 -0.012591
v -0.009025 -0.032250 -0.001250
v -0.008785 -0.032250 -0.001909
v -0.008178 -0.032250 -0.002259
v -0.007487 -0.032250 -0.002138
v -0.007037 -0.032250 -0.001601
v -0.007037 -0.032250 -0.000899
v -0.007487 -0.032250 -0.000362
v -0.008178 -0.032250 -0.000241
v -0.008785 -0.032250 -0.000591
v 0.006975 -0.032250 -0.001250
v 0.007215 -0.032250 -0.001909
v 0.007822 -0.032250 -0.002259
v 0.008513 -0.032250 -0.002138
v 0.008963 -0.032250 -0.001601
v 0.008963 -0.032250 -0.000899
v 0.008513 -0.032250 -0.000362
v 0.007822 -0.032250 -0.000241
v 0.007215 -0.032250 -0.000591
v 0.006975 -0.034925 -0.013250
v 0.007215 -0.034925 -0.013909
v 0.007822 -0.034925 -0.014259
v 0.008513 -0.034925 -0.014138
v 0.008963 -0.034925 -0.013601
v 0.008963 -0.034925 -0.012899
v 0.008513 -0.034925 -0.012362
v 0.007822 -0.034925 -0.012241
v 0.007215 -0.034925 -0.012591
v -0.009025 -0.034925 -0.001250
v -0.008785 -0.034925 -0.001909
v -0.008178 -0.034925 -0.002259
v -0.007487 -0.034925 -0.002138
v -0.007037 -0.034925 -0.001601
v -0.007037 -0.034925 -0.000899
v -0.007487 -0.034925 -0.000362
v -0.008178 -0.034925 -0.000241
v -0.008785 -0.034925 -0.000591
v 0.006975 -0.034925 -0.001250
v 0.007215 -0.034925 -0.001909
v 0.007822 -0.034925 -0.002259
v 0.008513 -0.034925 -0.002138
v 0.008963 -0.034925 -0.001601
v 0.008963 -0.034925 -0.000899
v 0.008513 -0.034925 -0.000362
v 0.007822 -0.034925 -0.000241
v 0.007215 -0.034925 -0.000591
v 0.012084 -0.034850 -0.024250
v 0.014250 -0.033250 -0.023850
v 0.013850 -0.033084 -0.024250
v 0.014250 -0.033250 0.009350
v 0.014250 0.009250 -0.023850
v 0.014250 0.009250 0.009350
v 0.014250 -0.008000 0.009350
v 0.014250 -0.008000 0.001250
v 0.014250 -0.002650 -0.013250
v 0.014250 -0.002966 -0.014118
v 0.014250 -0.003766 -0.014579
v 0.014250 -0.004675 -0.014419
v 0.014250 -0.005269 -0.013712
v 0.014250 -0.005269 -0.012788
v 0.014250 -0.004675 -0.012081
v 0.014250 -0.003766 -0.011921
v 0.014250 -0.002966 -0.012382
v 0.014250 -0.026650 -0.001250
v 0.014250 -0.026966 -0.002118
v 0.014250 -0.027766 -0.002579
v 0.014250 -0.028675 -0.002419
v 0.014250 -0.029269 -0.001712
v 0.014250 -0.029269 -0.000788
v 0.014250 -0.028675 -0.000081
v 0.014250 -0.027766 0.000079
v 0.014250 -0.026966 -0.000382
v 0.014250 -0.026650 -0.013250
v 0.014250 -0.026966 -0.014118
v 0.014250 -0.027766 -0.014579
v 0.014250 -0.028675 -0.014419
v 0.014250 -0.029269 -0.013712
v 0.014250 -0.029269 -0.012788
v 0.014250 -0.028675 -0.012081
v 0.014250 -0.027766 -0.011921
v 0.014250 -0.026966 -0.012382
v 0.014250 -0.002650 -0.001250
v 0.014250 -0.002966 -0.002118
v 0.014250 -0.003766 -0.002579
v 0.014250 -0.004675 -0.002419
v 0.014250 -0.005269 -0.001712
v 0.014250 -0.005269 -0.000788
v 0.014250 -0.004675 -0.000081
v 0.014250 -0.003766 0.000079
v 0.014250 -0.002966 -0.000382
v 0.013925 -0.002975 -0.001250
v 0.013925 -0.003215 -0.001909
v 0.013925 -0.003822 -0.002259
v 0.013925 -0.004513 -0.002138
v 0.013925 -0.004963 -0.001601
v 0.013925 -0.004963 -0.000899
v 0.013925 -0.004513 -0.000362
v 0.013925 -0.003822 -0.000241
v 0.013925 -0.003215 -0.000591
v 0.011250 -0.002975 -0.001250
v 0.011250 -0.003215 -0.001909
v 0.011250 -0.003822 -0.002259
v 0.011250 -0.004513 -0.002138
v 0.011250 -0.004963 -0.001601
v 0.011250 -0.004963 -0.000899
v 0.011250 -0.004513 -0.000362
v 0.011250 -0.003822 -0.000241
v 0.011250 -0.003215 -0.000591
v 0.011250 -0.005025 -0.013250
v 0.011250 -0.004785 -0.013909
v 0.011250 -0.004178 -0.014259
v 0.011250 -0.003488 -0.014138
v 0.011250 -0.003037 -0.013601
v 0.011250 -0.003037 -0.012899
v 0.011250 -0.003488 -0.012362
v 0.011250 -0.004178 -0.012241
v 0.011250 -0.004785 -0.012591
v 0.011250 -0.029025 -0.001250
v 0.011250 -0.028785 -0.001909
v 0.011250 -0.028178 -0.002259
v 0.011250 -0.027488 -0.002138
v 0.011250 -0.027037 -0.001601
v 0.011250 -0.027037 -0.000899
v 0.011250 -0.027488 -0.000362
v 0.011250 -0.028178 -0.000241
v 0.011250 -0.028785 -0.000591
v 0.011250 -0.029025 -0.013250
v 0.011250 -0.028785 -0.013909
v 0.011250 -0.028178 -0.014259
v 0.011250 -0.027488 -0.014138
v 0.011250 -0.027037 -0.013601
v 0.011250 -0.027037 -0.012899
v 0.011250 -0.027488 -0.012362
v 0.011250 -0.028178 -0.012241
v 0.011250 -0.028785 -0.012591
v 0.013925 -0.005025 -0.013250
v 0.013925 -0.004785 -0.013909
v 0.013925 -0.004178 -0.014259
v 0.013925 -0.003488 -0.014138
v 0.013925 -0.003037 -0.013601
v 0.013925 -0.003037 -0.012899
v 0.013925 -0.003488 -0.012362
v 0.013925 -0.004178 -0.012241
v 0.013925 -0.004785 -0.012591
v 0.013925 -0.029025 -0.001250
v 0.013925 -0.028785 -0.001909
v 0.013925 -0.028178 -0.002259
v 0.013925 -0.027488 -0.002138
v 0.013925 -0.027037 -0.001601
v 0.013925 -0.027037 -0.000899
v 0.013925 -0.027488 -0.000362
v 0.013925 -0.028178 -0.000241
v 0.013925 -0.028785 -0.000591
v 0.013925 -0.029025 -0.013250
v 0.013925 -0.028785 -0.013909
v 0.013925 -0.028178 -0.014259
v 0.013925 -0.027488 -0.014138
v 0.013925 -0.027037 -0.013601
v 0.013925 -0.027037 -0.012899
v 0.013925 -0.027488 -0.012362
v 0.013925 -0.028178 -0.012241
v 0.013925 -0.028785 -0.012591
v 0.013850 0.009084 -0.024250
v 0.012084 0.010850 -0.024250
v 0.012250 0.011250 -0.023850
v -0.012084 0.010850 -0.024250
v 0.008600 0.008000 -0.024250
v 0.009161 0.006457 -0.024250
v 0.010583 0.005636 -0.024250
v 0.012200 0.005922 -0.024250
v 0.013255 0.007179 -0.024250
v 0.013255 0.008821 -0.024250
v 0.012200 0.010078 -0.024250
v 0.010583 0.010364 -0.024250
v 0.009161 0.009543 -0.024250
v -0.013400 -0.032000 -0.024250
v -0.012839 -0.033543 -0.024250
v -0.011417 -0.034364 -0.024250
v -0.009800 -0.034078 -0.024250
v -0.008745 -0.032821 -0.024250
v -0.008745 -0.031179 -0.024250
v -0.009800 -0.029922 -0.024250
v -0.011417 -0.029636 -0.024250
v -0.012839 -0.030457 -0.024250
v 0.008600 -0.032000 -0.024250
v 0.009161 -0.033543 -0.024250
v 0.010583 -0.034364 -0.024250
v 0.012200 -0.034078 -0.024250
v 0.013255 -0.032821 -0.024250
v 0.013255 -0.031179 -0.024250
v 0.012200 -0.029922 -0.024250
v 0.010583 -0.029636 -0.024250
v 0.009161 -0.030457 -0.024250
v -0.009650 -0.008000 -0.024250
v -0.009966 -0.007132 -0.024250
v -0.010766 -0.006671 -0.024250
v -0.011675 -0.006831 -0.024250
v -0.012269 -0.007538 -0.024250
v -0.012269 -0.008462 -0.024250
v -0.011675 -0.009169 -0.024250
v -0.010766 -0.009329 -0.024250
v -0.009966 -0.008868 -0.024250
v 0.012350 -0.008000 -0.024250
v 0.012034 -0.007132 -0.024250
v 0.011234 -0.006671 -0.024250
v 0.010325 -0.006831 -0.024250
v 0.009731 -0.007538 -0.024250
v 0.009731 -0.008462 -0.024250
v 0.010325 -0.009169 -0.024250
v 0.011234 -0.009329 -0.024250
v 0.012034 -0.008868 -0.024250
v -0.013400 0.008000 -0.024250
v -0.012839 0.006457 -0.024250
v -0.011417 0.005636 -0.024250
v -0.009800 0.005922 -0.024250
v -0.008745 0.007179 -0.024250
v -0.008745 0.008821 -0.024250
v -0.009800 0.010078 -0.024250
v -0.011417 0.010364 -0.024250
v -0.012839 0.009543 -0.024250
v -0.000000 0.009750 -0.024250
v -0.006267 0.007469 -0.024250
v -0.009602 0.001693 -0.024250
v -0.008444 -0.004875 -0.024250
v -0.003335 -0.009162 -0.024250
v 0.003335 -0.009162 -0.024250
v 0.008444 -0.004875 -0.024250
v 0.009602 0.001693 -0.024250
v 0.006267 0.007469 -0.024250
v -0.013400 0.008000 -0.021450
v -0.012839 0.006457 -0.021450
v -0.011417 0.005636 -0.021450
v -0.009800 0.005922 -0.021450
v -0.008745 0.007179 -0.021450
v -0.008745 0.008821 -0.021450
v -0.009800 0.010078 -0.021450
v -0.011417 0.010364 -0.021450
v -0.012839 0.009543 -0.021450
v -0.012300 0.008000 -0.021450
v -0.011996 0.007164 -0.021450
v -0.011226 0.006720 -0.021450
v -0.010350 0.006874 -0.021450
v -0.009778 0.007555 -0.021450
v -0.009778 0.008445 -0.021450
v -0.010350 0.009126 -0.021450
v -0.011226 0.009280 -0.021450
v -0.011996 0.008836 -0.021450
v 0.008600 0.008000 -0.021450
v 0.009161 0.009543 -0.021450
v 0.010583 0.010364 -0.021450
v 0.012200 0.010078 -0.021450
v 0.013255 0.008821 -0.021450
v 0.013255 0.007179 -0.021450
v 0.012200 0.005922 -0.021450
v 0.010583 0.005636 -0.021450
v 0.009161 0.006457 -0.021450
v 0.009700 0.008000 -0.021450
v 0.010004 0.007164 -0.021450
v 0.010774 0.006720 -0.021450
v 0.011650 0.006874 -0.021450
v 0.012222 0.007555 -0.021450
v 0.012222 0.008445 -0.021450
v 0.011650 0.009126 -0.021450
v 0.010774 0.009280 -0.021450
v 0.010004 0.008836 -0.021450
v -0.013400 -0.032000 -0.021450
v -0.012839 -0.030457 -0.021450
v -0.011417 -0.029636 -0.021450
v -0.009800 -0.029922 -0.021450
v -0.008745 -0.031179 -0.021450
v -0.008745 -0.032821 -0.021450
v -0.009800 -0.034078 -0.021450
v -0.011417 -0.034364 -0.021450
v -0.012839 -0.033543 -0.021450
v -0.012300 -0.032000 -0.021450
v -0.011996 -0.032836 -0.021450
v -0.011226 -0.033280 -0.021450
v -0.010350 -0.033126 -0.021450
v -0.009778 -0.032445 -0.021450
v -0.009778 -0.031555 -0.021450
v -0.010350 -0.030874 -0.021450
v -0.011226 -0.030720 -0.021450
v -0.011996 -0.031164 -0.021450
v 0.008600 -0.032000 -0.021450
v 0.009161 -0.030457 -0.021450
v 0.010583 -0.029636 -0.021450
v 0.012200 -0.029922 -0.021450
v 0.013255 -0.031179 -0.021450
v 0.013255 -0.032821 -0.021450
v 0.012200 -0.034078 -0.021450
v 0.010583 -0.034364 -0.021450
v 0.009161 -0.033543 -0.021450
v 0.009700 -0.032000 -0.021450
v 0.010004 -0.032836 -0.021450
v 0.010774 -0.033280 -0.021450
v 0.011650 -0.033126 -0.021450
v 0.012222 -0.032445 -0.021450
v 0.012222 -0.031555 -0.021450
v 0.011650 -0.030874 -0.021450
v 0.010774 -0.030720 -0.021450
v 0.010004 -0.031164 -0.021450
v -0.012300 0.008000 -0.017250
v -0.011996 0.007164 -0.017250
v -0.011226 0.006720 -0.017250
v -0.010350 0.006874 -0.017250
v -0.009778 0.007555 -0.017250
v -0.009778 0.008445 -0.017250
v -0.010350 0.009126 -0.017250
v -0.011226 0.009280 -0.017250
v -0.011996 0.008836 -0.017250
v -0.012350 0.008000 -0.017250
v -0.012034 0.007132 -0.017250
v -0.011234 0.006671 -0.017250
v -0.010325 0.006831 -0.017250
v -0.009731 0.007538 -0.017250
v -0.009731 0.008462 -0.017250
v -0.010325 0.009169 -0.017250
v -0.011234 0.009329 -0.017250
v -0.012034 0.008868 -0.017250
v -0.012025 0.008000 -0.016925
v -0.011785 0.007341 -0.016925
v -0.011178 0.006991 -0.016925
v -0.010488 0.007112 -0.016925
v -0.010037 0.007649 -0.016925
v -0.010037 0.008351 -0.016925
v -0.010488 0.008888 -0.016925
v -0.011178 0.009009 -0.016925
v -0.011785 0.008659 -0.016925
v -0.012025 0.008000 -0.008750
v -0.011785 0.007341 -0.008750
v -0.011178 0.006991 -0.008750
v -0.010488 0.007112 -0.008750
v -0.010037 0.007649 -0.008750
v -0.010037 0.008351 -0.008750
v -0.010488 0.008888 -0.008750
v -0.011178 0.009009 -0.008750
v -0.011785 0.008659 -0.008750
v -0.011000 0.008000 -0.008134
v 0.009700 0.008000 -0.017250
v 0.010004 0.007164 -0.017250
v 0.010774 0.006720 -0.017250
v 0.011650 0.006874 -0.017250
v 0.012222 0.007555 -0.017250
v 0.012222 0.008445 -0.017250
v 0.011650 0.009126 -0.017250
v 0.010774 0.009280 -0.017250
v 0.010004 0.008836 -0.017250
v 0.009650 0.008000 -0.017250
v 0.009966 0.007132 -0.017250
v 0.010766 0.006671 -0.017250
v 0.011675 0.006831 -0.017250
v 0.012269 0.007538 -0.017250
v 0.012269 0.008462 -0.017250
v 0.011675 0.009169 -0.017250
v 0.010766 0.009329 -0.017250
v 0.009966 0.008868 -0.017250
v 0.009975 0.008000 -0.016925
v 0.010215 0.007341 -0.016925
v 0.010822 0.006991 -0.016925
v 0.011512 0.007112 -0.016925
v 0.011963 0.007649 -0.016925
v 0.011963 0.008351 -0.016925
v 0.011512 0.008888 -0.016925
v 0.010822 0.009009 -0.016925
v 0.010215 0.008659 -0.016925
v 0.009975 0.008000 -0.008750
v 0.010215 0.007341 -0.008750
v 0.010822 0.006991 -0.008750
v 0.011512 0.007112 -0.008750
v 0.011963 0.007649 -0.008750
v 0.011963 0.008351 -0.008750
v 0.011512 0.008888 -0.008750
v 0.010822 0.009009 -0.008750
v 0.010215 0.008659 -0.008750
v 0.011000 0.008000 -0.008134
v -0.012300 -0.032000 -0.017250
v -0.011996 -0.032836 -0.017250
v -0.011226 -0.033280 -0.017250
v -0.010350 -0.033126 -0.017250
v -0.009778 -0.032445 -0.017250
v -0.009778 -0.031555 -0.017250
v -0.010350 -0.030874 -0.017250
v -0.011226 -0.030720 -0.017250
v -0.011996 -0.031164 -0.017250
v -0.012350 -0.032000 -0.017250
v -0.012034 -0.032868 -0.017250
v -0.011234 -0.033329 -0.017250
v -0.010325 -0.033169 -0.017250
v -0.009731 -0.032462 -0.017250
v -0.009731 -0.031538 -0.017250
v -0.010325 -0.030831 -0.017250
v -0.011234 -0.030671 -0.017250
v -0.012034 -0.031132 -0.017250
v -0.012025 -0.032000 -0.016925
v -0.011785 -0.032659 -0.016925
v -0.011178 -0.033009 -0.016925
v -0.010487 -0.032888 -0.016925
v -0.010037 -0.032351 -0.016925
v -0.010037 -0.031649 -0.016925
v -0.010487 -0.031112 -0.016925
v -0.011178 -0.030991 -0.016925
v -0.011785 -0.031341 -0.016925
v -0.012025 -0.032000 -0.008750
v -0.011785 -0.032659 -0.008750
v -0.011178 -0.033009 -0.008750
v -0.010487 -0.032888 -0.008750
v -0.010037 -0.032351 -0.008750
v -0.010037 -0.031649 -0.008750
v -0.010487 -0.031112 -0.008750
v -0.011178 -0.030991 -0.008750
v -0.011785 -0.031341 -0.008750
v -0.011000 -0.032000 -0.008134
v 0.009700 -0.032000 -0.017250
v 0.010004 -0.032836 -0.017250
v 0.010774 -0.033280 -0.017250
v 0.011650 -0.033126 -0.017250
v 0.012222 -0.032445 -0.017250
v 0.012222 -0.031555 -0.017250
v 0.011650 -0.030874 -0.017250
v 0.010774 -0.030720 -0.017250
v 0.010004 -0.031164 -0.017250
v 0.009650 -0.032000 -0.017250
v 0.009966 -0.032868 -0.017250
v 0.010766 -0.033329 -0.017250
v 0.011675 -0.033169 -0.017250
v 0.012269 -0.032462 -0.017250
v 0.012269 -0.031538 -0.017250
v 0.011675 -0.030831 -0.017250
v 0.010766 -0.030671 -0.017250
v 0.009966 -0.031132 -0.017250
v 0.009975 -0.032000 -0.016925
v 0.010215 -0.032659 -0.016925
v 0.010822 -0.033009 -0.016925
v 0.011513 -0.032888 -0.016925
v 0.011963 -0.032351 -0.016925
v 0.011963 -0.031649 -0.016925
v 0.011513 -0.031112 -0.016925
v 0.010822 -0.030991 -0.016925
v 0.010215 -0.031341 -0.016925
v 0.009975 -0.032000 -0.008750
v 0.010215 -0.032659 -0.008750
v 0.010822 -0.033009 -0.008750
v 0.011513 -0.032888 -0.008750
v 0.011963 -0.032351 -0.008750
v 0.011963 -0.031649 -0.008750
v 0.011513 -0.031112 -0.008750
v 0.010822 -0.030991 -0.008750
v 0.010215 -0.031341 -0.008750
v 0.011000 -0.032000 -0.008134
v -0.009975 -0.008000 -0.023925
v -0.010215 -0.007341 -0.023925
v -0.010822 -0.006991 -0.023925
v -0.011512 -0.007112 -0.023925
v -0.011963 -0.007649 -0.023925
v -0.011963 -0.008351 -0.023925
v -0.011512 -0.008888 -0.023925
v -0.010822 -0.009009 -0.023925
v -0.010215 -0.008659 -0.023925
v -0.009975 -0.008000 -0.021250
v -0.010215 -0.007341 -0.021250
v -0.010822 -0.006991 -0.021250
v -0.011512 -0.007112 -0.021250
v -0.011963 -0.007649 -0.021250
v -0.011963 -0.008351 -0.021250
v -0.011512 -0.008888 -0.021250
v -0.010822 -0.009009 -0.021250
v -0.010215 -0.008659 -0.021250
v 0.009975 -0.008000 -0.021250
v 0.010215 -0.007341 -0.021250
v 0.010822 -0.006991 -0.021250
v 0.011513 -0.007112 -0.021250
v 0.011963 -0.007649 -0.021250
v 0.011963 -0.008351 -0.021250
v 0.011513 -0.008888 -0.021250
v 0.010822 -0.009009 -0.021250
v 0.010215 -0.008659 -0.021250
v 0.009975 -0.008000 -0.023925
v 0.010215 -0.007341 -0.023925
v 0.010822 -0.006991 -0.023925
v 0.011513 -0.007112 -0.023925
v 0.011963 -0.007649 -0.023925
v 0.011963 -0.008351 -0.023925
v 0.011513 -0.008888 -0.023925
v 0.010822 -0.009009 -0.023925
v 0.010215 -0.008659 -0.023925
v -0.012250 0.011250 -0.023850
v -0.012250 0.011250 0.009350
v -0.003500 0.011250 0.009350
v -0.003500 0.011250 0.006250
v 0.003500 0.011250 0.006250
v 0.003500 0.011250 0.009350
v 0.012250 0.011250 0.009350
v -0.009350 0.011250 -0.013250
v -0.009034 0.011250 -0.014118
v -0.008234 0.011250 -0.014579
v -0.007325 0.011250 -0.014419
v -0.006731 0.011250 -0.013712
v -0.006731 0.011250 -0.012788
v -0.007325 0.011250 -0.012081
v -0.008234 0.011250 -0.011921
v -0.009034 0.011250 -0.012382
v 0.006650 0.011250 -0.013250
v 0.006966 0.011250 -0.014118
v 0.007766 0.011250 -0.014579
v 0.008675 0.011250 -0.014419
v 0.009269 0.011250 -0.013712
v 0.009269 0.011250 -0.012788
v 0.008675 0.011250 -0.012081
v 0.007766 0.011250 -0.011921
v 0.006966 0.011250 -0.012382
v 0.005573 -0.008000 0.007750
v -0.005573 -0.008000 0.007750
v -0.005573 -0.008000 0.008750
v -0.005650 -0.008000 0.008750
v -0.009400 -0.008000 0.001250
v -0.009400 -0.008000 0.006150
v -0.009000 -0.008000 0.006550
v 0.009000 -0.008000 0.006550
v 0.009400 -0.008000 0.006150
v 0.009400 -0.008000 0.001250
v 0.005650 -0.008000 0.008750
v 0.005573 -0.008000 0.008750
v 0.001964 -0.009550 0.007750
v -0.001964 -0.009550 0.007750
v 0.002400 0.009450 0.007750
v -0.002400 0.009450 0.007750
v -0.001965 0.009550 0.007750
v 0.001965 0.009550 0.007750
v 0.000000 -0.009750 0.011550
v -0.006267 -0.007469 0.011550
v -0.009602 -0.001693 0.011550
v -0.008444 0.004875 0.011550
v -0.003335 0.009162 0.011550
v 0.003335 0.009162 0.011550
v 0.008444 0.004875 0.011550
v 0.009602 -0.001693 0.011550
v 0.006267 -0.007469 0.011550
v 0.001965 0.009550 0.009750
v 0.000659 0.009728 0.009750
v -0.000659 0.009728 0.009750
v -0.001965 0.009550 0.009750
v -0.005650 -0.007946 0.008750
v 0.005650 -0.007946 0.008750
v -0.000000 0.009550 0.011750
v 0.006139 0.007316 0.011750
v 0.009405 0.001658 0.011750
v 0.009548 -0.000201 0.011750
v 0.008271 -0.004775 0.011750
v 0.006609 -0.006893 0.011750
v 0.003266 -0.008974 0.011750
v -0.000201 -0.009548 0.011750
v -0.003266 -0.008974 0.011750
v -0.006893 -0.006609 0.011750
v -0.008271 -0.004775 0.011750
v -0.009405 0.001658 0.011750
v -0.006139 0.007316 0.011750
v 0.003400 0.009550 0.009750
v 0.003400 0.010850 0.009750
v -0.003400 0.010850 0.009750
v -0.003400 0.009550 0.009750
v -0.003400 0.009550 0.006350
v 0.003400 0.009550 0.006350
v 0.003400 0.011250 0.009350
v 0.003400 0.011250 0.006350
v -0.003400 0.011250 0.009350
v -0.003400 0.011250 0.006350
v 0.003500 0.009450 0.006250
v -0.003500 0.009450 0.006250
v -0.001100 0.008000 0.011750
v -0.000843 0.008707 0.011750
v -0.000191 0.009083 0.011750
v 0.000550 0.008953 0.011750
v 0.001034 0.008376 0.011750
v 0.001034 0.007624 0.011750
v 0.000550 0.007047 0.011750
v -0.000191 0.006917 0.011750
v -0.000843 0.007293 0.011750
v -0.004879 0.006435 0.011750
v -0.004561 0.005753 0.011750
v -0.004756 0.005026 0.011750
v -0.005372 0.004594 0.011750
v -0.006122 0.004660 0.011750
v -0.006654 0.005192 0.011750
v -0.006719 0.005942 0.011750
v -0.006288 0.006558 0.011750
v -0.005561 0.006753 0.011750
v -0.008000 0.001100 0.011750
v -0.007293 0.000843 0.011750
v -0.006917 0.000191 0.011750
v -0.007047 -0.000550 0.011750
v -0.007624 -0.001034 0.011750
v -0.008376 -0.001034 0.011750
v -0.008953 -0.000550 0.011750
v -0.009083 0.000191 0.011750
v -0.008707 0.000843 0.011750
v -0.006435 -0.004879 0.011750
v -0.005753 -0.004561 0.011750
v -0.005026 -0.004756 0.011750
v -0.004594 -0.005372 0.011750
v -0.004660 -0.006122 0.011750
v -0.005192 -0.006654 0.011750
v -0.005942 -0.006719 0.011750
v -0.006558 -0.006288 0.011750
v -0.006753 -0.005561 0.011750
v -0.001100 -0.008000 0.011750
v -0.000843 -0.007293 0.011750
v -0.000191 -0.006917 0.011750
v 0.000550 -0.007047 0.011750
v 0.001034 -0.007624 0.011750
v 0.001034 -0.008376 0.011750
v 0.000550 -0.008953 0.011750
v -0.000191 -0.009083 0.011750
v -0.000843 -0.008707 0.011750
v 0.004879 -0.006435 0.011750
v 0.004561 -0.005753 0.011750
v 0.004756 -0.005026 0.011750
v 0.005372 -0.004594 0.011750
v 0.006122 -0.004660 0.011750
v 0.006654 -0.005192 0.011750
v 0.006719 -0.005942 0.011750
v 0.006288 -0.006558 0.011750
v 0.005561 -0.006753 0.011750
v 0.008000 -0.001100 0.011750
v 0.007293 -0.000843 0.011750
v 0.006917 -0.000191 0.011750
v 0.007047 0.000550 0.011750
v 0.007624 0.001034 0.011750
v 0.008376 0.001034 0.011750
v 0.008953 0.000550 0.011750
v 0.009083 -0.000191 0.011750
v 0.008707 -0.000843 0.011750
v 0.006435 0.004879 0.011750
v 0.005753 0.004561 0.011750
v 0.005026 0.004756 0.011750
v 0.004594 0.005372 0.011750
v 0.004660 0.006122 0.011750
v 0.005192 0.006654 0.011750
v 0.005942 0.006719 0.011750
v 0.006558 0.006288 0.011750
v 0.006753 0.005561 0.011750
v 0.000000 -0.006100 0.011750
v -0.003921 -0.004673 0.011750
v -0.006007 -0.001059 0.011750
v -0.005283 0.003050 0.011750
v -0.002086 0.005732 0.011750
v 0.002086 0.005732 0.011750
v 0.005283 0.003050 0.011750
v 0.006007 -0.001059 0.011750
v 0.003921 -0.004673 0.011750
v 0.000000 -0.006100 0.011250
v -0.003921 -0.004673 0.011250
v -0.006007 -0.001059 0.011250
v -0.005283 0.003050 0.011250
v -0.002086 0.005732 0.011250
v 0.002086 0.005732 0.011250
v 0.005283 0.003050 0.011250
v 0.006007 -0.001059 0.011250
v 0.003921 -0.004673 0.011250
v -0.000000 0.005050 0.011250
v 0.003246 0.003869 0.011250
v 0.004973 0.000877 0.011250
v 0.004373 -0.002525 0.011250
v 0.001727 -0.004745 0.011250
v -0.001727 -0.004745 0.011250
v -0.004373 -0.002525 0.011250
v -0.004973 0.000877 0.011250
v -0.003246 0.003869 0.011250
v -0.000000 0.004750 0.010950
v 0.003053 0.003639 0.010950
v 0.004678 0.000825 0.010950
v 0.004114 -0.002375 0.010950
v 0.001625 -0.004464 0.010950
v -0.001625 -0.004464 0.010950
v -0.004114 -0.002375 0.010950
v -0.004678 0.000825 0.010950
v -0.003053 0.003639 0.010950
v -0.000800 0.008000 0.011450
v -0.000613 0.008514 0.011450
v -0.000139 0.008788 0.011450
v 0.000400 0.008693 0.011450
v 0.000752 0.008274 0.011450
v 0.000752 0.007726 0.011450
v 0.000400 0.007307 0.011450
v -0.000139 0.007212 0.011450
v -0.000613 0.007486 0.011450
v -0.000800 0.008000 0.009750
v -0.000613 0.008514 0.009750
v -0.000139 0.008788 0.009750
v 0.000400 0.008693 0.009750
v 0.000752 0.008274 0.009750
v 0.000752 0.007726 0.009750
v 0.000400 0.007307 0.009750
v -0.000139 0.007212 0.009750
v -0.000613 0.007486 0.009750
v -0.005091 0.006223 0.009750
v -0.005587 0.006454 0.009750
v -0.006116 0.006312 0.009750
v -0.006430 0.005864 0.009750
v -0.006382 0.005319 0.009750
v -0.005995 0.004932 0.009750
v -0.005450 0.004884 0.009750
v -0.005002 0.005198 0.009750
v -0.004860 0.005727 0.009750
v -0.008000 0.000800 0.009750
v -0.008514 0.000613 0.009750
v -0.008788 0.000139 0.009750
v -0.008693 -0.000400 0.009750
v -0.008274 -0.000752 0.009750
v -0.007726 -0.000752 0.009750
v -0.007307 -0.000400 0.009750
v -0.007212 0.000139 0.009750
v -0.007486 0.000613 0.009750
v -0.006223 -0.005091 0.009750
v -0.006454 -0.005587 0.009750
v -0.006312 -0.006116 0.009750
v -0.005864 -0.006430 0.009750
v -0.005319 -0.006382 0.009750
v -0.004932 -0.005995 0.009750
v -0.004884 -0.005450 0.009750
v -0.005198 -0.005002 0.009750
v -0.005727 -0.004860 0.009750
v -0.000800 -0.008000 0.009750
v -0.000613 -0.008514 0.009750
v -0.000139 -0.008788 0.009750
v 0.000400 -0.008693 0.009750
v 0.000752 -0.008274 0.009750
v 0.000752 -0.007726 0.009750
v 0.000400 -0.007307 0.009750
v -0.000139 -0.007212 0.009750
v -0.000613 -0.007486 0.009750
v 0.005091 -0.006223 0.009750
v 0.005587 -0.006454 0.009750
v 0.006116 -0.006312 0.009750
v 0.006430 -0.005864 0.009750
v 0.006382 -0.005319 0.009750
v 0.005995 -0.004932 0.009750
v 0.005450 -0.004884 0.009750
v 0.005002 -0.005198 0.009750
v 0.004860 -0.005727 0.009750
v 0.008000 -0.000800 0.009750
v 0.008514 -0.000613 0.009750
v 0.008788 -0.000139 0.009750
v 0.008693 0.000400 0.009750
v 0.008274 0.000752 0.009750
v 0.007726 0.000752 0.009750
v 0.007307 0.000400 0.009750
v 0.007212 -0.000139 0.009750
v 0.007486 -0.000613 0.009750
v 0.006223 0.005091 0.009750
v 0.006454 0.005587 0.009750
v 0.006312 0.006116 0.009750
v 0.005864 0.006430 0.009750
v 0.005319 0.006382 0.009750
v 0.004932 0.005995 0.009750
v 0.004884 0.005450 0.009750
v 0.005198 0.005002 0.009750
v 0.005727 0.004860 0.009750
v -0.005091 0.006223 0.011450
v -0.005587 0.006454 0.011450
v -0.006116 0.006312 0.011450
v -0.006430 0.005864 0.011450
v -0.006382 0.005319 0.011450
v -0.005995 0.004932 0.011450
v -0.005450 0.004884 0.011450
v -0.005002 0.005198 0.011450
v -0.004860 0.005727 0.011450
v -0.008000 0.000800 0.011450
v -0.008514 0.000613 0.011450
v -0.008788 0.000139 0.011450
v -0.008693 -0.000400 0.011450
v -0.008274 -0.000752 0.011450
v -0.007726 -0.000752 0.011450
v -0.007307 -0.000400 0.011450
v -0.007212 0.000139 0.011450
v -0.007486 0.000613 0.011450
v -0.006223 -0.005091 0.011450
v -0.006454 -0.005587 0.011450
v -0.006312 -0.006116 0.011450
v -0.005864 -0.006430 0.011450
v -0.005319 -0.006382 0.011450
v -0.004932 -0.005995 0.011450
v -0.004884 -0.005450 0.011450
v -0.005198 -0.005002 0.011450
v -0.005727 -0.004860 0.011450
v -0.000800 -0.008000 0.011450
v -0.000613 -0.008514 0.011450
v -0.000139 -0.008788 0.011450
v 0.000400 -0.008693 0.011450
v 0.000752 -0.008274 0.011450
v 0.000752 -0.007726 0.011450
v 0.000400 -0.007307 0.011450
v -0.000139 -0.007212 0.011450
v -0.000613 -0.007486 0.011450
v 0.005091 -0.006223 0.011450
v 0.005587 -0.006454 0.011450
v 0.006116 -0.006312 0.011450
v 0.006430 -0.005864 0.011450
v 0.006382 -0.005319 0.011450
v 0.005995 -0.004932 0.011450
v 0.005450 -0.004884 0.011450
v 0.005002 -0.005198 0.011450
v 0.004860 -0.005727 0.011450
v 0.008000 -0.000800 0.011450
v 0.008514 -0.000613 0.011450
v 0.008788 -0.000139 0.011450
v 0.008693 0.000400 0.011450
v 0.008274 0.000752 0.011450
v 0.007726 0.000752 0.011450
v 0.007307 0.000400 0.011450
v 0.007212 -0.000139 0.011450
v 0.007486 -0.000613 0.011450
v 0.006223 0.005091 0.011450
v 0.006454 0.005587 0.011450
v 0.006312 0.006116 0.011450
v 0.005864 0.006430 0.011450
v 0.005319 0.006382 0.011450
v 0.004932 0.005995 0.011450
v 0.004884 0.005450 0.011450
v 0.005198 0.005002 0.011450
v 0.005727 0.004860 0.011450
v 0.009400 -0.018800 0.006150
v 0.009000 -0.018400 0.006550
v 0.006100 -0.015500 0.006550
v -0.009000 -0.018400 0.006550
v -0.006100 -0.015500 0.006550
v -0.009400 -0.018800 0.006150
v -0.009025 0.010925 -0.013250
v -0.008785 0.010925 -0.013909
v -0.008178 0.010925 -0.014259
v -0.007488 0.010925 -0.014138
v -0.007037 0.010925 -0.013601
v -0.007037 0.010925 -0.012899
v -0.007488 0.010925 -0.012362
v -0.008178 0.010925 -0.012241
v -0.008785 0.010925 -0.012591
v -0.009025 0.008250 -0.013250
v -0.008785 0.008250 -0.013909
v -0.008178 0.008250 -0.014259
v -0.007488 0.008250 -0.014138
v -0.007037 0.008250 -0.013601
v -0.007037 0.008250 -0.012899
v -0.007488 0.008250 -0.012362
v -0.008178 0.008250 -0.012241
v -0.008785 0.008250 -0.012591
v 0.009025 0.008250 -0.013250
v 0.008785 0.008250 -0.013909
v 0.008178 0.008250 -0.014259
v 0.007487 0.008250 -0.014138
v 0.007037 0.008250 -0.013601
v 0.007037 0.008250 -0.012899
v 0.007487 0.008250 -0.012362
v 0.008178 0.008250 -0.012241
v 0.008785 0.008250 -0.012591
v 0.009025 0.010925 -0.013250
v 0.008785 0.010925 -0.013909
v 0.008178 0.010925 -0.014259
v 0.007487 0.010925 -0.014138
v 0.007037 0.010925 -0.013601
v 0.007037 0.010925 -0.012899
v 0.007487 0.010925 -0.012362
v 0.008178 0.010925 -0.012241
v 0.008785 0.010925 -0.012591
v -0.000000 0.009750 -0.026050
v -0.006267 0.007469 -0.026050
v -0.009602 0.001693 -0.026050
v -0.008444 -0.004875 -0.026050
v -0.003335 -0.009162 -0.026050
v 0.003335 -0.009162 -0.026050
v 0.008444 -0.004875 -0.026050
v 0.009602 0.001693 -0.026050
v 0.006267 0.007469 -0.026050
v -0.000000 0.009550 -0.026250
v -0.006139 0.007316 -0.026250
v -0.009405 0.001658 -0.026250
v -0.009548 -0.000201 -0.026250
v -0.008271 -0.004775 -0.026250
v -0.006609 -0.006893 -0.026250
v -0.003266 -0.008974 -0.026250
v 0.000201 -0.009548 -0.026250
v 0.003266 -0.008974 -0.026250
v 0.006893 -0.006609 -0.026250
v 0.008271 -0.004775 -0.026250
v 0.009405 0.001658 -0.026250
v 0.006139 0.007316 -0.026250
v 0.001100 0.008000 -0.026250
v 0.000843 0.008707 -0.026250
v 0.000191 0.009083 -0.026250
v -0.000550 0.008953 -0.026250
v -0.001034 0.008376 -0.026250
v -0.001034 0.007624 -0.026250
v -0.000550 0.007047 -0.026250
v 0.000191 0.006917 -0.026250
v 0.000843 0.007293 -0.026250
v 0.004879 0.006435 -0.026250
v 0.004561 0.005753 -0.026250
v 0.004756 0.005026 -0.026250
v 0.005372 0.004594 -0.026250
v 0.006122 0.004660 -0.026250
v 0.006654 0.005192 -0.026250
v 0.006719 0.005942 -0.026250
v 0.006288 0.006558 -0.026250
v 0.005561 0.006753 -0.026250
v 0.008000 0.001100 -0.026250
v 0.007293 0.000843 -0.026250
v 0.006917 0.000191 -0.026250
v 0.007047 -0.000550 -0.026250
v 0.007624 -0.001034 -0.026250
v 0.008376 -0.001034 -0.026250
v 0.008953 -0.000550 -0.026250
v 0.009083 0.000191 -0.026250
v 0.008707 0.000843 -0.026250
v 0.006435 -0.004879 -0.026250
v 0.005753 -0.004561 -0.026250
v 0.005026 -0.004756 -0.026250
v 0.004594 -0.005372 -0.026250
v 0.004660 -0.006122 -0.026250
v 0.005192 -0.006654 -0.026250
v 0.005942 -0.006719 -0.026250
v 0.006558 -0.006288 -0.026250
v 0.006753 -0.005561 -0.026250
v 0.001100 -0.008000 -0.026250
v 0.000843 -0.007293 -0.026250
v 0.000191 -0.006917 -0.026250
v -0.000550 -0.007047 -0.026250
v -0.001034 -0.007624 -0.026250
v -0.001034 -0.008376 -0.026250
v -0.000550 -0.008953 -0.026250
v 0.000191 -0.009083 -0.026250
v 0.000843 -0.008707 -0.026250
v -0.004879 -0.006435 -0.026250
v -0.004561 -0.005753 -0.026250
v -0.004756 -0.005026 -0.026250
v -0.005372 -0.004594 -0.026250
v -0.006122 -0.004660 -0.026250
v -0.006654 -0.005192 -0.026250
v -0.006719 -0.005942 -0.026250
v -0.006288 -0.006558 -0.026250
v -0.005561 -0.006753 -0.026250
v -0.008000 -0.001100 -0.026250
v -0.007293 -0.000843 -0.026250
v -0.006917 -0.000191 -0.026250
v -0.007047 0.000550 -0.026250
v -0.007624 0.001034 -0.026250
v -0.008376 0.001034 -0.026250
v -0.008953 0.000550 -0.026250
v -0.009083 -0.000191 -0.026250
v -0.008707 -0.000843 -0.026250
v -0.006435 0.004879 -0.026250
v -0.005753 0.004561 -0.026250
v -0.005026 0.004756 -0.026250
v -0.004594 0.005372 -0.026250
v -0.004660 0.006122 -0.026250
v -0.005192 0.006654 -0.026250
v -0.005942 0.006719 -0.026250
v -0.006558 0.006288 -0.026250
v -0.006753 0.005561 -0.026250
v -0.000000 0.004000 -0.026250
v -0.002571 0.003064 -0.026250
v -0.003939 0.000695 -0.026250
v -0.003464 -0.002000 -0.026250
v -0.001368 -0.003759 -0.026250
v 0.001368 -0.003759 -0.026250
v 0.003464 -0.002000 -0.026250
v 0.003939 0.000695 -0.026250
v 0.002571 0.003064 -0.026250
v -0.000000 0.004000 -0.027950
v -0.002571 0.003064 -0.027950
v -0.003939 0.000695 -0.027950
v -0.003464 -0.002000 -0.027950
v -0.001368 -0.003759 -0.027950
v 0.001368 -0.003759 -0.027950
v 0.003464 -0.002000 -0.027950
v 0.003939 0.000695 -0.027950
v 0.002571 0.003064 -0.027950
v -0.000000 0.003800 -0.028150
v -0.002443 0.002911 -0.028150
v -0.003742 0.000660 -0.028150
v -0.003291 -0.001900 -0.028150
v -0.001300 -0.003571 -0.028150
v 0.001300 -0.003571 -0.028150
v 0.003291 -0.001900 -0.028150
v 0.003742 0.000660 -0.028150
v 0.002443 0.002911 -0.028150
v 0.002250 0.000000 -0.028150
v 0.001724 0.001446 -0.028150
v 0.000391 0.002216 -0.028150
v -0.001125 0.001949 -0.028150
v -0.002114 0.000770 -0.028150
v -0.002114 -0.000770 -0.028150
v -0.001125 -0.001949 -0.028150
v 0.000391 -0.002216 -0.028150
v 0.001724 -0.001446 -0.028150
v 0.002250 0.000000 -0.030500
v 0.001724 0.001446 -0.030500
v 0.000391 0.002216 -0.030500
v -0.001125 0.001949 -0.030500
v -0.002114 0.000770 -0.030500
v -0.002114 -0.000770 -0.030500
v -0.001125 -0.001949 -0.030500
v 0.000391 -0.002216 -0.030500
v 0.001724 -0.001446 -0.030500
v 0.002100 0.000000 -0.030650
v 0.001609 0.001350 -0.030650
v 0.000365 0.002068 -0.030650
v -0.001050 0.001819 -0.030650
v -0.001973 0.000718 -0.030650
v -0.001973 -0.000718 -0.030650
v -0.001050 -0.001819 -0.030650
v 0.000365 -0.002068 -0.030650
v 0.001609 -0.001350 -0.030650
v 0.000800 0.008000 -0.025950
v 0.000613 0.008514 -0.025950
v 0.000139 0.008788 -0.025950
v -0.000400 0.008693 -0.025950
v -0.000752 0.008274 -0.025950
v -0.000752 0.007726 -0.025950
v -0.000400 0.007307 -0.025950
v 0.000139 0.007212 -0.025950
v 0.000613 0.007486 -0.025950
v 0.000800 0.008000 -0.024250
v 0.000613 0.008514 -0.024250
v 0.000139 0.008788 -0.024250
v -0.000400 0.008693 -0.024250
v -0.000752 0.008274 -0.024250
v -0.000752 0.007726 -0.024250
v -0.000400 0.007307 -0.024250
v 0.000139 0.007212 -0.024250
v 0.000613 0.007486 -0.024250
v 0.005091 0.006223 -0.024250
v 0.005587 0.006454 -0.024250
v 0.006116 0.006312 -0.024250
v 0.006430 0.005864 -0.024250
v 0.006382 0.005319 -0.024250
v 0.005995 0.004932 -0.024250
v 0.005450 0.004884 -0.024250
v 0.005002 0.005198 -0.024250
v 0.004860 0.005727 -0.024250
v 0.008000 0.000800 -0.024250
v 0.008514 0.000613 -0.024250
v 0.008788 0.000139 -0.024250
v 0.008693 -0.000400 -0.024250
v 0.008274 -0.000752 -0.024250
v 0.007726 -0.000752 -0.024250
v 0.007307 -0.000400 -0.024250
v 0.007212 0.000139 -0.024250
v 0.007486 0.000613 -0.024250
v 0.006223 -0.005091 -0.024250
v 0.006454 -0.005587 -0.024250
v 0.006312 -0.006116 -0.024250
v 0.005864 -0.006430 -0.024250
v 0.005319 -0.006382 -0.024250
v 0.004932 -0.005995 -0.024250
v 0.004884 -0.005450 -0.024250
v 0.005198 -0.005002 -0.024250
v 0.005727 -0.004860 -0.024250
v 0.000800 -0.008000 -0.024250
v 0.000613 -0.008514 -0.024250
v 0.000139 -0.008788 -0.024250
v -0.000400 -0.008693 -0.024250
v -0.000752 -0.008274 -0.024250
v -0.000752 -0.007726 -0.024250
v -0.000400 -0.007307 -0.024250
v 0.000139 -0.007212 -0.024250
v 0.000613 -0.007486 -0.024250
v -0.005091 -0.006223 -0.024250
v -0.005587 -0.006454 -0.024250
v -0.006116 -0.006312 -0.024250
v -0.006430 -0.005864 -0.024250
v -0.006382 -0.005319 -0.024250
v -0.005995 -0.004932 -0.024250
v -0.005450 -0.004884 -0.024250
v -0.005002 -0.005198 -0.024250
v -0.004860 -0.005727 -0.024250
v -0.008000 -0.000800 -0.024250
v -0.008514 -0.000613 -0.024250
v -0.008788 -0.000139 -0.024250
v -0.008693 0.000400 -0.024250
v -0.008274 0.000752 -0.024250
v -0.007726 0.000752 -0.024250
v -0.007307 0.000400 -0.024250
v -0.007212 -0.000139 -0.024250
v -0.007486 -0.000613 -0.024250
v -0.006223 0.005091 -0.024250
v -0.006454 0.005587 -0.024250
v -0.006312 0.006116 -0.024250
v -0.005864 0.006430 -0.024250
v -0.005319 0.006382 -0.024250
v -0.004932 0.005995 -0.024250
v -0.004884 0.005450 -0.024250
v -0.005198 0.005002 -0.024250
v -0.005727 0.004860 -0.024250
v 0.005091 0.006223 -0.025950
v 0.005587 0.006454 -0.025950
v 0.006116 0.006312 -0.025950
v 0.006430 0.005864 -0.025950
v 0.006382 0.005319 -0.025950
v 0.005995 0.004932 -0.025950
v 0.005450 0.004884 -0.025950
v 0.005002 0.005198 -0.025950
v 0.004860 0.005727 -0.025950
v 0.008000 0.000800 -0.025950
v 0.008514 0.000613 -0.025950
v 0.008788 0.000139 -0.025950
v 0.008693 -0.000400 -0.025950
v 0.008274 -0.000752 -0.025950
v 0.007726 -0.000752 -0.025950
v 0.007307 -0.000400 -0.025950
v 0.007212 0.000139 -0.025950
v 0.007486 0.000613 -0.025950
v 0.006223 -0.005091 -0.025950
v 0.006454 -0.005587 -0.025950
v 0.006312 -0.006116 -0.025950
v 0.005864 -0.006430 -0.025950
v 0.005319 -0.006382 -0.025950
v 0.004932 -0.005995 -0.025950
v 0.004884 -0.005450 -0.025950
v 0.005198 -0.005002 -0.025950
v 0.005727 -0.004860 -0.025950
v 0.000800 -0.008000 -0.025950
v 0.000613 -0.008514 -0.025950
v 0.000139 -0.008788 -0.025950
v -0.000400 -0.008693 -0.025950
v -0.000752 -0.008274 -0.025950
v -0.000752 -0.007726 -0.025950
v -0.000400 -0.007307 -0.025950
v 0.000139 -0.007212 -0.025950
v 0.000613 -0.007486 -0.025950
v -0.005091 -0.006223 -0.025950
v -0.005587 -0.006454 -0.025950
v -0.006116 -0.006312 -0.025950
v -0.006430 -0.005864 -0.025950
v -0.006382 -0.005319 -0.025950
v -0.005995 -0.004932 -0.025950
v -0.005450 -0.004884 -0.025950
v -0.005002 -0.005198 -0.025950
v -0.004860 -0.005727 -0.025950
v -0.008000 -0.000800 -0.025950
v -0.008514 -0.000613 -0.025950
v -0.008788 -0.000139 -0.025950
v -0.008693 0.000400 -0.025950
v -0.008274 0.000752 -0.025950
v -0.007726 0.000752 -0.025950
v -0.007307 0.000400 -0.025950
v -0.007212 -0.000139 -0.025950
v -0.007486 -0.000613 -0.025950
v -0.006223 0.005091 -0.025950
v -0.006454 0.005587 -0.025950
v -0.006312 0.006116 -0.025950
v -0.005864 0.006430 -0.025950
v -0.005319 0.006382 -0.025950
v -0.004932 0.005995 -0.025950
v -0.004884 0.005450 -0.025950
v -0.005198 0.005002 -0.025950
v -0.005727 0.004860 -0.025950
v 0.002602 -0.009656 -0.028250
v 0.008199 -0.005724 -0.028250
v 0.009961 0.000885 -0.028250
v 0.007061 0.007081 -0.028250
v 0.000858 0.009963 -0.028250
v -0.005747 0.008184 -0.028250
v -0.009663 0.002575 -0.028250
v -0.009057 -0.004239 -0.028250
v -0.004214 -0.009069 -0.028250
v 0.002602 -0.009656 -0.033250
v -0.004214 -0.009069 -0.033250
v -0.009057 -0.004239 -0.033250
v -0.009663 0.002575 -0.033250
v -0.005747 0.008184 -0.033250
v 0.000858 0.009963 -0.033250
v 0.007061 0.007081 -0.033250
v 0.009961 0.000885 -0.033250
v 0.008199 -0.005724 -0.033250
v 0.003122 -0.011587 -0.028250
v -0.005056 -0.010883 -0.028250
v -0.010869 -0.005086 -0.028250
v -0.011595 0.003090 -0.028250
v -0.006896 0.009820 -0.028250
v 0.001029 0.011956 -0.028250
v 0.008474 0.008497 -0.028250
v 0.011953 0.001062 -0.028250
v 0.009839 -0.006869 -0.028250
v 0.003122 -0.011587 -0.033250
v 0.009839 -0.006869 -0.033250
v 0.011953 0.001062 -0.033250
v 0.008474 0.008497 -0.033250
v 0.001029 0.011956 -0.033250
v -0.006896 0.009820 -0.033250
v -0.011595 0.003090 -0.033250
v -0.010869 -0.005086 -0.033250
v -0.005056 -0.010883 -0.033250
v 0.003252 -0.012070 -0.028250
v 0.010249 -0.007156 -0.028250
v 0.012451 0.001107 -0.028250
v 0.008827 0.008851 -0.028250
v 0.001072 0.012454 -0.028250
v -0.007184 0.010229 -0.028250
v -0.012079 0.003219 -0.028250
v -0.011322 -0.005298 -0.028250
v -0.005267 -0.011336 -0.028250
v 0.003252 -0.012070 -0.033250
v -0.005267 -0.011336 -0.033250
v -0.011322 -0.005298 -0.033250
v -0.012079 0.003219 -0.033250
v -0.007184 0.010229 -0.033250
v 0.001072 0.012454 -0.033250
v 0.008827 0.008851 -0.033250
v 0.012451 0.001107 -0.033250
v 0.010249 -0.007156 -0.033250
v 0.004032 -0.014966 -0.028250
v -0.006531 -0.014057 -0.028250
v -0.014039 -0.006570 -0.028250
v -0.014977 0.003991 -0.028250
v -0.008908 0.012685 -0.028250
v 0.001330 0.015443 -0.028250
v 0.010945 0.010975 -0.028250
v 0.015439 0.001372 -0.028250
v 0.012709 -0.008873 -0.028250
v 0.004032 -0.014966 -0.033250
v 0.012709 -0.008873 -0.033250
v 0.015439 0.001372 -0.033250
v 0.010945 0.010975 -0.033250
v 0.001330 0.015443 -0.033250
v -0.008908 0.012685 -0.033250
v -0.014977 0.003991 -0.033250
v -0.014039 -0.006570 -0.033250
v -0.006531 -0.014057 -0.033250
v -0.017750 -0.012101 -0.002750
v -0.017750 -0.011324 -0.002907
v -0.017750 -0.010669 -0.003353
v -0.017750 -0.010239 -0.004019
v -0.014250 -0.010239 -0.004019
v -0.014250 -0.010669 -0.003353
v -0.014250 -0.011324 -0.002907
v -0.014250 -0.012101 -0.002750
v -0.017750 -0.007415 -0.008125
v -0.017750 -0.006876 -0.008942
v -0.017750 -0.006789 -0.009918
v -0.017750 -0.007176 -0.010818
v -0.014250 -0.007176 -0.010818
v -0.014250 -0.006789 -0.009918
v -0.014250 -0.006876 -0.008942
v -0.014250 -0.007415 -0.008125
v -0.017750 -0.009511 -0.005526
v -0.017750 -0.008562 -0.006906
v -0.014250 -0.008562 -0.006906
v -0.014250 -0.009511 -0.005526
v -0.017750 -0.007771 -0.011917
v -0.017750 -0.008194 -0.012614
v -0.017750 -0.008859 -0.013084
v -0.017750 -0.009657 -0.013250
v -0.014250 -0.009657 -0.013250
v -0.014250 -0.008859 -0.013084
v -0.014250 -0.008194 -0.012614
v -0.014250 -0.007771 -0.011917
v -0.017750 -0.007412 -0.011163
v -0.017750 -0.007611 -0.011530
v -0.014250 -0.007611 -0.011530
v -0.014250 -0.007412 -0.011163
v -0.017750 -0.022343 -0.013250
v -0.017750 -0.023141 -0.013084
v -0.017750 -0.023806 -0.012614
v -0.014250 -0.023806 -0.012614
v -0.014250 -0.023141 -0.013084
v -0.014250 -0.022343 -0.013250
v -0.017750 -0.027364 -0.009056
v -0.017750 -0.027834 -0.008391
v -0.017750 -0.028000 -0.007593
v -0.014250 -0.028000 -0.007593
v -0.014250 -0.027834 -0.008391
v -0.014250 -0.027364 -0.009056
v -0.017750 -0.024784 -0.010871
v -0.017750 -0.025621 -0.010034
v -0.014250 -0.025621 -0.010034
v -0.014250 -0.024784 -0.010871
v -0.014250 -0.021376 -0.002744
v -0.014250 -0.021525 -0.002728
v -0.017750 -0.021525 -0.002728
v -0.017750 -0.021376 -0.002744
v -0.014250 -0.006856 0.008306
v -0.014250 -0.007191 0.008188
v -0.014250 -0.007499 0.008012
v -0.014250 -0.007772 0.007785
v -0.014250 -0.009026 0.006287
v -0.014250 -0.009996 0.004591
v -0.014250 -0.010651 0.002750
v -0.014250 -0.011047 0.001974
v -0.014250 -0.011736 0.001440
v -0.014250 -0.012587 0.001250
v -0.014250 -0.020924 0.001256
v -0.014250 -0.021073 0.001272
v -0.014250 -0.027107 0.002649
v -0.014250 -0.029459 0.002474
v -0.014250 -0.031304 0.001004
v -0.014250 -0.032000 -0.001250
v -0.014250 -0.032000 -0.013250
v -0.014250 -0.031464 -0.015250
v -0.014250 -0.030000 -0.016714
v -0.014250 -0.028000 -0.017250
v -0.014250 -0.004000 -0.017250
v -0.014250 -0.002883 -0.017091
v -0.014250 -0.001855 -0.016626
v -0.014250 -0.000997 -0.015892
v -0.014250 0.004965 -0.009117
v -0.014250 0.005190 -0.008674
v -0.014250 0.005174 -0.008177
v -0.014250 0.004921 -0.007749
v -0.014250 0.004243 -0.007071
v -0.014250 0.003681 -0.005970
v -0.014250 0.003875 -0.004749
v -0.014250 0.004749 -0.003875
v -0.014250 0.005970 -0.003681
v -0.014250 0.007071 -0.004243
v -0.014250 0.007226 -0.004398
v -0.014250 0.007789 -0.004680
v -0.014250 0.008409 -0.004571
v -0.014250 0.008840 -0.004113
v -0.014250 0.009159 -0.003343
v -0.014250 0.009178 -0.002714
v -0.014250 0.008817 -0.002198
v -0.014250 0.008220 -0.002000
v -0.014250 0.008000 -0.002000
v -0.014250 0.006824 -0.001618
v -0.014250 0.006098 -0.000618
v -0.014250 0.006098 0.000618
v -0.014250 0.006824 0.001618
v -0.014250 0.008000 0.002000
v -0.014250 0.008220 0.002000
v -0.014250 0.008817 0.002198
v -0.014250 0.009178 0.002714
v -0.014250 0.009159 0.003343
v -0.014250 0.008840 0.004113
v -0.014250 0.008409 0.004571
v -0.014250 0.007789 0.004680
v -0.014250 0.007226 0.004398
v -0.014250 0.007071 0.004243
v -0.014250 0.005970 0.003681
v -0.014250 0.004749 0.003875
v -0.014250 0.003875 0.004749
v -0.014250 0.003681 0.005970
v -0.014250 0.004243 0.007071
v -0.014250 0.004398 0.007226
v -0.014250 0.004680 0.007789
v -0.014250 0.004571 0.008409
v -0.014250 0.004113 0.008840
v -0.014250 0.003343 0.009159
v -0.014250 0.002714 0.009178
v -0.014250 0.002198 0.008817
v -0.014250 0.002000 0.008220
v -0.014250 0.002000 0.008000
v -0.014250 0.001618 0.006824
v -0.014250 0.000618 0.006098
v -0.014250 -0.000618 0.006098
v -0.014250 -0.001618 0.006824
v -0.014250 -0.002000 0.008000
v -0.014250 -0.002000 0.008264
v -0.014250 -0.002179 0.008834
v -0.014250 -0.002651 0.009201
v -0.014250 -0.003249 0.009232
v -0.014250 -0.006000 0.000000
v -0.014250 -0.006468 -0.001286
v -0.014250 -0.007653 -0.001970
v -0.014250 -0.009000 -0.001732
v -0.014250 -0.009879 -0.000684
v -0.014250 -0.009879 0.000684
v -0.014250 -0.009000 0.001732
v -0.014250 -0.007653 0.001970
v -0.014250 -0.006468 0.001286
v -0.014250 0.002000 -0.008000
v -0.014250 0.001532 -0.009286
v -0.014250 0.000347 -0.009970
v -0.014250 -0.001000 -0.009732
v -0.014250 -0.001879 -0.008684
v -0.014250 -0.001879 -0.007316
v -0.014250 -0.001000 -0.006268
v -0.014250 0.000347 -0.006030
v -0.014250 0.001532 -0.006714
v -0.014250 -0.003657 0.005657
v -0.014250 -0.004125 0.004371
v -0.014250 -0.005310 0.003687
v -0.014250 -0.006657 0.003925
v -0.014250 -0.007536 0.004973
v -0.014250 -0.007536 0.006341
v -0.014250 -0.006657 0.007389
v -0.014250 -0.005310 0.007626
v -0.014250 -0.004125 0.006942
v -0.014250 -0.003657 -0.005657
v -0.014250 -0.004125 -0.006942
v -0.014250 -0.005310 -0.007626
v -0.014250 -0.006657 -0.007389
v -0.014250 -0.007536 -0.006341
v -0.014250 -0.007536 -0.004973
v -0.014250 -0.006657 -0.003925
v -0.014250 -0.005310 -0.003687
v -0.014250 -0.004125 -0.004371
v -0.014250 -0.002700 -0.013250
v -0.014250 -0.003004 -0.014086
v -0.014250 -0.003774 -0.014530
v -0.014250 -0.004650 -0.014376
v -0.014250 -0.005222 -0.013695
v -0.014250 -0.005222 -0.012805
v -0.014250 -0.004650 -0.012124
v -0.014250 -0.003774 -0.011970
v -0.014250 -0.003004 -0.012414
v -0.014250 0.004050 0.000000
v -0.014250 0.003102 -0.002603
v -0.014250 0.000703 -0.003988
v -0.014250 -0.002025 -0.003507
v -0.014250 -0.003806 -0.001385
v -0.014250 -0.003806 0.001385
v -0.014250 -0.002025 0.003507
v -0.014250 0.000703 0.003988
v -0.014250 0.003102 0.002603
v -0.014250 -0.026700 -0.013250
v -0.014250 -0.027004 -0.014086
v -0.014250 -0.027774 -0.014530
v -0.014250 -0.028650 -0.014376
v -0.014250 -0.029222 -0.013695
v -0.014250 -0.029222 -0.012805
v -0.014250 -0.028650 -0.012124
v -0.014250 -0.027774 -0.011970
v -0.014250 -0.027004 -0.012414
v -0.014250 -0.026700 -0.001250
v -0.014250 -0.027004 -0.002086
v -0.014250 -0.027774 -0.002530
v -0.014250 -0.028650 -0.002376
v -0.014250 -0.029222 -0.001695
v -0.014250 -0.029222 -0.000805
v -0.014250 -0.028650 -0.000124
v -0.014250 -0.027774 0.000030
v -0.014250 -0.027004 -0.000414
v -0.014250 -0.028000 -0.006907
v -0.014250 -0.027834 -0.006109
v -0.014250 -0.027364 -0.005444
v -0.014250 -0.026667 -0.005021
v -0.014250 -0.025869 -0.004635
v -0.014250 -0.025176 -0.004083
v -0.014250 -0.024622 -0.003392
v -0.014250 -0.024054 -0.002807
v -0.014250 -0.023301 -0.002497
v -0.014250 -0.022486 -0.002513
v -0.017750 -0.024622 -0.003392
v -0.017750 -0.024054 -0.002807
v -0.017750 -0.023301 -0.002497
v -0.017750 -0.022486 -0.002513
v -0.017750 -0.026667 -0.005021
v -0.017750 -0.025869 -0.004635
v -0.017750 -0.025176 -0.004083
v -0.017750 -0.028000 -0.006907
v -0.017750 -0.027834 -0.006109
v -0.017750 -0.027364 -0.005444
v -0.018250 -0.006856 0.008306
v -0.018250 -0.007191 0.008188
v -0.018250 -0.007499 0.008012
v -0.018250 -0.007772 0.007785
v -0.018250 -0.009026 0.006287
v -0.018250 -0.009996 0.004591
v -0.018250 -0.010651 0.002750
v -0.018250 -0.011047 0.001974
v -0.018250 -0.011736 0.001440
v -0.018250 -0.012587 0.001250
v -0.018250 -0.020924 0.001256
v -0.018250 -0.021073 0.001272
v -0.018250 -0.027107 0.002649
v -0.018250 -0.002424 0.009444
v -0.018250 0.003659 0.009037
v -0.018250 0.008311 0.005098
v -0.018250 0.009714 -0.000835
v -0.018250 0.007320 -0.006441
v -0.018250 -0.000997 -0.015892
v -0.018250 -0.001855 -0.016626
v -0.018250 -0.002883 -0.017091
v -0.018250 -0.004000 -0.017250
v -0.018250 -0.028000 -0.017250
v -0.018250 -0.030000 -0.016714
v -0.018250 -0.031464 -0.015250
v -0.018250 -0.032000 -0.013250
v -0.018250 -0.032000 -0.001250
v -0.018250 -0.031304 0.001004
v -0.018250 -0.029459 0.002474
v -0.018250 -0.026700 -0.001250
v -0.018250 -0.027004 -0.000414
v -0.018250 -0.027774 0.000030
v -0.018250 -0.028650 -0.000124
v -0.018250 -0.029222 -0.000805
v -0.018250 -0.029222 -0.001695
v -0.018250 -0.028650 -0.002376
v -0.018250 -0.027774 -0.002530
v -0.018250 -0.027004 -0.002086
v -0.018250 -0.026700 -0.013250
v -0.018250 -0.027004 -0.012414
v -0.018250 -0.027774 -0.011970
v -0.018250 -0.028650 -0.012124
v -0.018250 -0.029222 -0.012805
v -0.018250 -0.029222 -0.013695
v -0.018250 -0.028650 -0.014376
v -0.018250 -0.027774 -0.014530
v -0.018250 -0.027004 -0.014086
v -0.018250 0.004050 0.000000
v -0.018250 0.003102 0.002603
v -0.018250 0.000703 0.003988
v -0.018250 -0.002025 0.003507
v -0.018250 -0.003806 0.001385
v -0.018250 -0.003806 -0.001385
v -0.018250 -0.002025 -0.003507
v -0.018250 0.000703 -0.003988
v -0.018250 0.003102 -0.002603
v -0.018250 0.009050 0.000000
v -0.018250 0.008804 0.000675
v -0.018250 0.008182 0.001034
v -0.018250 0.007475 0.000909
v -0.018250 0.007013 0.000359
v -0.018250 0.007013 -0.000359
v -0.018250 0.007475 -0.000909
v -0.018250 0.008182 -0.001034
v -0.018250 0.008804 -0.000675
v -0.018250 0.006707 0.005657
v -0.018250 0.006461 0.006332
v -0.018250 0.005839 0.006691
v -0.018250 0.005132 0.006566
v -0.018250 0.004670 0.006016
v -0.018250 0.004670 0.005298
v -0.018250 0.005132 0.004748
v -0.018250 0.005839 0.004623
v -0.018250 0.006461 0.004982
v -0.018250 0.001050 0.008000
v -0.018250 0.000804 0.008675
v -0.018250 0.000182 0.009034
v -0.018250 -0.000525 0.008909
v -0.018250 -0.000987 0.008359
v -0.018250 -0.000987 0.007641
v -0.018250 -0.000525 0.007091
v -0.018250 0.000182 0.006966
v -0.018250 0.000804 0.007325
v -0.018250 -0.004607 0.005657
v -0.018250 -0.004853 0.006332
v -0.018250 -0.005475 0.006691
v -0.018250 -0.006182 0.006566
v -0.018250 -0.006644 0.006016
v -0.018250 -0.006644 0.005298
v -0.018250 -0.006182 0.004748
v -0.018250 -0.005475 0.004623
v -0.018250 -0.004853 0.004982
v -0.018250 0.001050 -0.008000
v -0.018250 0.000804 -0.007325
v -0.018250 0.000182 -0.006966
v -0.018250 -0.000525 -0.007091
v -0.018250 -0.000987 -0.007641
v -0.018250 -0.000987 -0.008359
v -0.018250 -0.000525 -0.008909
v -0.018250 0.000182 -0.009034
v -0.018250 0.000804 -0.008675
v -0.018250 0.006707 -0.005657
v -0.018250 0.006461 -0.004982
v -0.018250 0.005839 -0.004623
v -0.018250 0.005132 -0.004748
v -0.018250 0.004670 -0.005298
v -0.018250 0.004670 -0.006016
v -0.018250 0.005132 -0.006566
v -0.018250 0.005839 -0.006691
v -0.018250 0.006461 -0.006332
v -0.018250 -0.004607 -0.005657
v -0.018250 -0.004853 -0.004982
v -0.018250 -0.005475 -0.004623
v -0.018250 -0.006182 -0.004748
v -0.018250 -0.006644 -0.005298
v -0.018250 -0.006644 -0.006016
v -0.018250 -0.006182 -0.006566
v -0.018250 -0.005475 -0.006691
v -0.018250 -0.004853 -0.006332
v -0.018250 -0.006950 0.000000
v -0.018250 -0.007196 0.000675
v -0.018250 -0.007818 0.001034
v -0.018250 -0.008525 0.000909
v -0.018250 -0.008987 0.000359
v -0.018250 -0.008987 -0.000359
v -0.018250 -0.008525 -0.000909
v -0.018250 -0.007818 -0.001034
v -0.018250 -0.007196 -0.000675
v -0.018250 -0.002700 -0.013250
v -0.018250 -0.003004 -0.012414
v -0.018250 -0.003774 -0.011970
v -0.018250 -0.004650 -0.012124
v -0.018250 -0.005222 -0.012805
v -0.018250 -0.005222 -0.013695
v -0.018250 -0.004650 -0.014376
v -0.018250 -0.003774 -0.014530
v -0.018250 -0.003004 -0.014086
v -0.016450 0.004965 -0.009117
v -0.016450 0.005190 -0.008674
v -0.016450 0.005174 -0.008177
v -0.016450 0.004921 -0.007749
v -0.016450 0.007226 -0.004398
v -0.016450 0.007789 -0.004680
v -0.016450 0.008409 -0.004571
v -0.016450 0.008840 -0.004113
v -0.016450 0.008408 -0.004936
v -0.016450 0.007900 -0.005714
v -0.016450 -0.002424 0.009444
v -0.016450 -0.000495 0.009737
v -0.016450 0.001453 0.009641
v -0.016450 0.003343 0.009159
v -0.016450 0.004113 0.008840
v -0.016450 0.006045 0.007650
v -0.016450 0.007650 0.006045
v -0.016450 0.008840 0.004113
v -0.016450 0.009159 0.003343
v -0.016450 0.009684 0.001135
v -0.016450 0.009684 -0.001135
v -0.016450 0.009159 -0.003343
v -0.016450 0.009178 -0.002714
v -0.016450 0.008817 -0.002198
v -0.016450 0.008220 -0.002000
v -0.016450 0.008220 0.002000
v -0.016450 0.008817 0.002198
v -0.016450 0.009178 0.002714
v -0.016450 0.008409 0.004571
v -0.016450 0.007789 0.004680
v -0.016450 0.007226 0.004398
v -0.016450 0.004398 0.007226
v -0.016450 0.004680 0.007789
v -0.016450 0.004571 0.008409
v -0.016450 0.002714 0.009178
v -0.016450 0.002198 0.008817
v -0.016450 0.002000 0.008220
v -0.016450 -0.002000 0.008264
v -0.016450 -0.002179 0.008834
v -0.016450 -0.002651 0.009201
v -0.016450 -0.003249 0.009232
v -0.016450 0.008000 -0.002000
v -0.016450 0.008000 0.002000
v -0.016450 -0.002000 0.008000
v -0.016450 0.002000 0.008000
v -0.016450 0.007071 -0.004243
v -0.016450 0.004243 -0.007071
v -0.016450 0.004243 0.007071
v -0.016450 0.007071 0.004243
v -0.016450 0.009050 0.000000
v -0.016450 0.008804 -0.000675
v -0.016450 0.008182 -0.001034
v -0.016450 0.007475 -0.000909
v -0.016450 0.007013 -0.000359
v -0.016450 0.007013 0.000359
v -0.016450 0.007475 0.000909
v -0.016450 0.008182 0.001034
v -0.016450 0.008804 0.000675
v -0.016450 0.006824 0.001618
v -0.016450 0.006098 0.000618
v -0.016450 0.006098 -0.000618
v -0.016450 0.006824 -0.001618
v -0.016450 0.001050 0.008000
v -0.016450 0.000804 0.007325
v -0.016450 0.000182 0.006966
v -0.016450 -0.000525 0.007091
v -0.016450 -0.000987 0.007641
v -0.016450 -0.000987 0.008359
v -0.016450 -0.000525 0.008909
v -0.016450 0.000182 0.009034
v -0.016450 0.000804 0.008675
v -0.016450 -0.001618 0.006824
v -0.016450 -0.000618 0.006098
v -0.016450 0.000618 0.006098
v -0.016450 0.001618 0.006824
v -0.016450 0.005970 -0.003681
v -0.016450 0.004749 -0.003875
v -0.016450 0.003875 -0.004749
v -0.016450 0.003681 -0.005970
v -0.016450 0.006399 -0.004914
v -0.016450 0.006703 -0.005565
v -0.016450 0.006517 -0.006259
v -0.016450 0.005929 -0.006671
v -0.016450 0.005213 -0.006608
v -0.016450 0.004705 -0.006101
v -0.016450 0.004643 -0.005385
v -0.016450 0.005055 -0.004797
v -0.016450 0.005748 -0.004611
v -0.016450 -0.006000 0.000000
v -0.016450 -0.006468 -0.001286
v -0.016450 -0.007653 -0.001970
v -0.016450 -0.009000 -0.001732
v -0.016450 -0.009879 -0.000684
v -0.016450 -0.009879 0.000684
v -0.016450 -0.009000 0.001732
v -0.016450 -0.007653 0.001970
v -0.016450 -0.006468 0.001286
v -0.016450 -0.006950 0.000000
v -0.016450 -0.007196 -0.000675
v -0.016450 -0.007818 -0.001034
v -0.016450 -0.008525 -0.000909
v -0.016450 -0.008987 -0.000359
v -0.016450 -0.008987 0.000359
v -0.016450 -0.008525 0.000909
v -0.016450 -0.007818 0.001034
v -0.016450 -0.007196 0.000675
v -0.016450 0.005970 0.003681
v -0.016450 0.004749 0.003875
v -0.016450 0.003875 0.004749
v -0.016450 0.003681 0.005970
v -0.016450 0.004914 0.006399
v -0.016450 0.005565 0.006703
v -0.016450 0.006259 0.006517
v -0.016450 0.006671 0.005929
v -0.016450 0.006608 0.005213
v -0.016450 0.006101 0.004705
v -0.016450 0.005385 0.004643
v -0.016450 0.004797 0.005055
v -0.016450 0.004611 0.005748
v -0.016450 0.002000 -0.008000
v -0.016450 0.001532 -0.009286
v -0.016450 0.000347 -0.009970
v -0.016450 -0.001000 -0.009732
v -0.016450 -0.001879 -0.008684
v -0.016450 -0.001879 -0.007316
v -0.016450 -0.001000 -0.006268
v -0.016450 0.000347 -0.006030
v -0.016450 0.001532 -0.006714
v -0.016450 0.001050 -0.008000
v -0.016450 0.000804 -0.008675
v -0.016450 0.000182 -0.009034
v -0.016450 -0.000525 -0.008909
v -0.016450 -0.000987 -0.008359
v -0.016450 -0.000987 -0.007641
v -0.016450 -0.000525 -0.007091
v -0.016450 0.000182 -0.006966
v -0.016450 0.000804 -0.007325
v -0.016450 -0.003657 0.005657
v -0.016450 -0.004125 0.004371
v -0.016450 -0.005310 0.003687
v -0.016450 -0.006657 0.003925
v -0.016450 -0.007536 0.004973
v -0.016450 -0.007536 0.006341
v -0.016450 -0.006657 0.007389
v -0.016450 -0.005310 0.007626
v -0.016450 -0.004125 0.006942
v -0.016450 -0.004607 0.005657
v -0.016450 -0.004853 0.004982
v -0.016450 -0.005475 0.004623
v -0.016450 -0.006182 0.004748
v -0.016450 -0.006644 0.005298
v -0.016450 -0.006644 0.006016
v -0.016450 -0.006182 0.006566
v -0.016450 -0.005475 0.006691
v -0.016450 -0.004853 0.006332
v -0.016450 -0.003657 -0.005657
v -0.016450 -0.004125 -0.006942
v -0.016450 -0.005310 -0.007626
v -0.016450 -0.006657 -0.007389
v -0.016450 -0.007536 -0.006341
v -0.016450 -0.007536 -0.004973
v -0.016450 -0.006657 -0.003925
v -0.016450 -0.005310 -0.003687
v -0.016450 -0.004125 -0.004371
v -0.016450 -0.004607 -0.005657
v -0.016450 -0.004853 -0.006332
v -0.016450 -0.005475 -0.006691
v -0.016450 -0.006182 -0.006566
v -0.016450 -0.006644 -0.006016
v -0.016450 -0.006644 -0.005298
v -0.016450 -0.006182 -0.004748
v -0.016450 -0.005475 -0.004623
v -0.016450 -0.004853 -0.004982
v 0.018250 0.000236 -0.010181
v 0.018250 0.000015 -0.010482
v 0.018250 -0.000300 -0.010680
v 0.018250 -0.000666 -0.010750
v 0.015750 -0.000666 -0.010750
v 0.015750 -0.000300 -0.010680
v 0.015750 0.000015 -0.010482
v 0.015750 0.000236 -0.010181
v 0.018250 -0.004000 -0.010750
v 0.015750 -0.004000 -0.010750
v 0.018250 -0.006115 -0.008173
v 0.018250 -0.007582 -0.009076
v 0.018250 -0.008697 -0.010388
v 0.018250 -0.009546 -0.012378
v 0.018250 -0.009893 -0.012652
v 0.018250 -0.010325 -0.012750
v 0.018250 -0.021675 -0.012750
v 0.018250 -0.022107 -0.012652
v 0.018250 -0.022454 -0.012378
v 0.018250 -0.023303 -0.010388
v 0.018250 -0.024418 -0.009076
v 0.018250 -0.025885 -0.008173
v 0.018250 -0.026332 -0.007805
v 0.018250 -0.026500 -0.007250
v 0.018250 -0.026332 -0.006695
v 0.018250 -0.025885 -0.006327
v 0.018250 -0.024418 -0.005424
v 0.018250 -0.023303 -0.004112
v 0.018250 -0.022454 -0.002122
v 0.018250 -0.022107 -0.001848
v 0.018250 -0.021675 -0.001750
v 0.018250 -0.010325 -0.001750
v 0.018250 -0.009893 -0.001848
v 0.018250 -0.009546 -0.002122
v 0.018250 -0.008697 -0.004112
v 0.018250 -0.007582 -0.005424
v 0.018250 -0.006115 -0.006327
v 0.018250 -0.005668 -0.006695
v 0.018250 -0.005500 -0.007250
v 0.018250 -0.005668 -0.007805
v 0.018250 0.001750 0.000000
v 0.018250 0.001341 -0.001125
v 0.018250 0.000304 -0.001723
v 0.018250 -0.000875 -0.001516
v 0.018250 -0.001644 -0.000599
v 0.018250 -0.001644 0.000599
v 0.018250 -0.000875 0.001516
v 0.018250 0.000304 0.001723
v 0.018250 0.001341 0.001125
v 0.018250 0.004151 -0.001982
v 0.018250 0.004505 0.000928
v 0.018250 0.003030 0.003461
v 0.018250 0.000323 0.004589
v 0.018250 -0.002515 0.003852
v 0.018250 -0.006002 0.001575
v 0.018250 -0.006343 0.001397
v 0.018250 -0.006712 0.001287
v 0.018250 -0.007095 0.001250
v 0.018250 -0.024500 0.001250
v 0.018250 -0.025000 0.001116
v 0.018250 -0.025366 0.000750
v 0.018250 -0.025500 0.000250
v 0.018250 -0.025500 -0.001250
v 0.018250 -0.025835 -0.002500
v 0.018250 -0.026750 -0.003415
v 0.018250 -0.028000 -0.003750
v 0.018250 -0.029500 -0.003750
v 0.018250 -0.030000 -0.003884
v 0.018250 -0.030366 -0.004250
v 0.018250 -0.030500 -0.004750
v 0.018250 -0.030500 -0.009750
v 0.018250 -0.030366 -0.010250
v 0.018250 -0.030000 -0.010616
v 0.018250 -0.029500 -0.010750
v 0.018250 -0.028000 -0.010750
v 0.018250 -0.026750 -0.011085
v 0.018250 -0.025835 -0.012000
v 0.018250 -0.025500 -0.013250
v 0.018250 -0.025500 -0.014750
v 0.018250 -0.025366 -0.015250
v 0.018250 -0.025000 -0.015616
v 0.018250 -0.024500 -0.015750
v 0.018250 -0.007500 -0.015750
v 0.018250 -0.007000 -0.015616
v 0.018250 -0.006634 -0.015250
v 0.018250 -0.006500 -0.014750
v 0.018250 -0.006500 -0.013250
v 0.018250 -0.006165 -0.012000
v 0.018250 -0.005250 -0.011085
v 0.015750 -0.007500 -0.015750
v 0.015750 -0.007000 -0.015616
v 0.015750 -0.006634 -0.015250
v 0.015750 -0.006500 -0.014750
v 0.015750 -0.004000 -0.015750
v 0.015750 -0.024500 -0.015750
v 0.015750 -0.028000 -0.015750
v 0.014250 -0.028000 -0.015750
v 0.014250 -0.004000 -0.015750
v 0.015750 -0.025500 -0.014750
v 0.015750 -0.025366 -0.015250
v 0.015750 -0.025000 -0.015616
v 0.015750 -0.025500 -0.013250
v 0.015750 -0.024500 0.001250
v 0.015750 -0.025000 0.001116
v 0.015750 -0.025366 0.000750
v 0.015750 -0.025500 0.000250
v 0.015750 -0.028000 0.001250
v 0.014250 -0.007095 0.001250
v 0.014250 -0.028000 0.001250
v 0.015750 -0.029500 -0.003750
v 0.015750 -0.030000 -0.003884
v 0.015750 -0.030366 -0.004250
v 0.015750 -0.030500 -0.004750
v 0.015750 -0.028000 -0.003750
v 0.015750 -0.030500 -0.009750
v 0.015750 -0.030366 -0.010250
v 0.015750 -0.030000 -0.010616
v 0.015750 -0.029500 -0.010750
v 0.015750 -0.028000 -0.010750
v 0.015250 -0.010325 -0.001750
v 0.015250 -0.009893 -0.001848
v 0.015250 -0.009546 -0.002122
v 0.015250 -0.021675 -0.001750
v 0.015250 -0.022107 -0.001848
v 0.015250 -0.022454 -0.002122
v 0.015250 -0.023303 -0.004112
v 0.015250 -0.024418 -0.005424
v 0.015250 -0.025885 -0.006327
v 0.015250 -0.026332 -0.006695
v 0.015250 -0.026500 -0.007250
v 0.015250 -0.026332 -0.007805
v 0.015250 -0.025885 -0.008173
v 0.015250 -0.024418 -0.009076
v 0.015250 -0.023303 -0.010388
v 0.015250 -0.022454 -0.012378
v 0.015250 -0.022107 -0.012652
v 0.015250 -0.021675 -0.012750
v 0.015250 -0.010325 -0.012750
v 0.015250 -0.009893 -0.012652
v 0.015250 -0.009546 -0.012378
v 0.015250 -0.008697 -0.010388
v 0.015250 -0.007582 -0.009076
v 0.015250 -0.006115 -0.008173
v 0.015250 -0.005668 -0.007805
v 0.015250 -0.005500 -0.007250
v 0.015250 -0.005668 -0.006695
v 0.015250 -0.006115 -0.006327
v 0.015250 -0.007582 -0.005424
v 0.015250 -0.008697 -0.004112
v 0.015750 -0.006500 -0.013250
v 0.015750 -0.006165 -0.012000
v 0.015750 -0.005250 -0.011085
v 0.015750 -0.003084 -0.015576
v 0.015750 -0.002296 -0.015079
v 0.015750 -0.001744 -0.014327
v 0.015750 -0.002700 -0.013250
v 0.015750 -0.003004 -0.014086
v 0.015750 -0.003774 -0.014530
v 0.015750 -0.004650 -0.014376
v 0.015750 -0.005222 -0.013695
v 0.015750 -0.005222 -0.012805
v 0.015750 -0.004650 -0.012124
v 0.015750 -0.003774 -0.011970
v 0.015750 -0.003004 -0.012414
v 0.015750 -0.026750 -0.011085
v 0.015750 -0.025835 -0.012000
v 0.015750 -0.030500 -0.013250
v 0.015750 -0.030165 -0.014500
v 0.015750 -0.029250 -0.015415
v 0.015750 -0.026700 -0.013250
v 0.015750 -0.027004 -0.014086
v 0.015750 -0.027774 -0.014530
v 0.015750 -0.028650 -0.014376
v 0.015750 -0.029222 -0.013695
v 0.015750 -0.029222 -0.012805
v 0.015750 -0.028650 -0.012124
v 0.015750 -0.027774 -0.011970
v 0.015750 -0.027004 -0.012414
v 0.015750 -0.025500 -0.001250
v 0.015750 -0.025835 -0.002500
v 0.015750 -0.026750 -0.003415
v 0.015750 -0.029250 0.000915
v 0.015750 -0.030165 0.000000
v 0.015750 -0.030500 -0.001250
v 0.015750 -0.026700 -0.001250
v 0.015750 -0.027004 -0.002086
v 0.015750 -0.027774 -0.002530
v 0.015750 -0.028650 -0.002376
v 0.015750 -0.029222 -0.001695
v 0.015750 -0.029222 -0.000805
v 0.015750 -0.028650 -0.000124
v 0.015750 -0.027774 0.000030
v 0.015750 -0.027004 -0.000414
v 0.014250 -0.006002 0.001575
v 0.014250 -0.006343 0.001397
v 0.014250 -0.006712 0.001287
v 0.014250 -0.002515 0.003852
v 0.014250 -0.026700 -0.001250
v 0.014250 -0.027004 -0.000414
v 0.014250 -0.027774 0.000030
v 0.014250 -0.028650 -0.000124
v 0.014250 -0.029222 -0.000805
v 0.014250 -0.029222 -0.001695
v 0.014250 -0.028650 -0.002376
v 0.014250 -0.027774 -0.002530
v 0.014250 -0.027004 -0.002086
v 0.014250 -0.026700 -0.013250
v 0.014250 -0.027004 -0.012414
v 0.014250 -0.027774 -0.011970
v 0.014250 -0.028650 -0.012124
v 0.014250 -0.029222 -0.012805
v 0.014250 -0.029222 -0.013695
v 0.014250 -0.028650 -0.014376
v 0.014250 -0.027774 -0.014530
v 0.014250 -0.027004 -0.014086
v 0.014250 0.001750 0.000000
v 0.014250 0.001341 0.001125
v 0.014250 0.000304 0.001723
v 0.014250 -0.000875 0.001516
v 0.014250 -0.001644 0.000599
v 0.014250 -0.001644 -0.000599
v 0.014250 -0.000875 -0.001516
v 0.014250 0.000304 -0.001723
v 0.014250 0.001341 -0.001125
v 0.014250 -0.002700 -0.013250
v 0.014250 -0.003004 -0.012414
v 0.014250 -0.003774 -0.011970
v 0.014250 -0.004650 -0.012124
v 0.014250 -0.005222 -0.012805
v 0.014250 -0.005222 -0.013695
v 0.014250 -0.004650 -0.014376
v 0.014250 -0.003774 -0.014530
v 0.014250 -0.003004 -0.014086
v 0.014250 -0.030500 -0.001250
v 0.014250 -0.030165 0.000000
v 0.014250 -0.029250 0.000915
v 0.014250 0.000323 0.004589
v 0.014250 0.003030 0.003461
v 0.014250 0.004505 0.000928
v 0.014250 0.004151 -0.001982
v 0.014250 -0.001744 -0.014327
v 0.014250 -0.002296 -0.015079
v 0.014250 -0.003084 -0.015576
v 0.014250 -0.029250 -0.015415
v 0.014250 -0.030165 -0.014500
v 0.014250 -0.030500 -0.013250
v -0.012905 -0.015205 -0.034250
v -0.014383 -0.014667 -0.034250
v -0.015170 -0.013304 -0.034250
v -0.014897 -0.011755 -0.034250
v -0.013691 -0.010743 -0.034250
v -0.012118 -0.010743 -0.034250
v -0.010913 -0.011755 -0.034250
v -0.010640 -0.013304 -0.034250
v -0.011426 -0.014667 -0.034250
v -0.012905 -0.015205 -0.033250
v -0.011426 -0.014667 -0.033250
v -0.010640 -0.013304 -0.033250
v -0.010913 -0.011755 -0.033250
v -0.012118 -0.010743 -0.033250
v -0.013691 -0.010743 -0.033250
v -0.014897 -0.011755 -0.033250
v -0.015170 -0.013304 -0.033250
v -0.014383 -0.014667 -0.033250
v 0.012905 0.010605 -0.034250
v 0.011426 0.011143 -0.034250
v 0.010640 0.012505 -0.034250
v 0.010913 0.014055 -0.034250
v 0.012118 0.015066 -0.034250
v 0.013691 0.015066 -0.034250
v 0.014897 0.014055 -0.034250
v 0.015170 0.012505 -0.034250
v 0.014383 0.011143 -0.034250
v 0.012905 0.010605 -0.033250
v 0.014383 0.011143 -0.033250
v 0.015170 0.012505 -0.033250
v 0.014897 0.014055 -0.033250
v 0.013691 0.015066 -0.033250
v 0.012118 0.015066 -0.033250
v 0.010913 0.014055 -0.033250
v 0.010640 0.012505 -0.033250
v 0.011426 0.011143 -0.033250
v -0.012905 0.010605 -0.034250
v -0.014383 0.011143 -0.034250
v -0.015170 0.012505 -0.034250
v -0.014897 0.014055 -0.034250
v -0.013691 0.015066 -0.034250
v -0.012118 0.015066 -0.034250
v -0.010913 0.014055 -0.034250
v -0.010640 0.012505 -0.034250
v -0.011426 0.011143 -0.034250
v -0.012905 0.010605 -0.033250
v -0.011426 0.011143 -0.033250
v -0.010640 0.012505 -0.033250
v -0.010913 0.014055 -0.033250
v -0.012118 0.015066 -0.033250
v -0.013691 0.015066 -0.033250
v -0.014897 0.014055 -0.033250
v -0.015170 0.012505 -0.033250
v -0.014383 0.011143 -0.033250
v 0.012905 -0.015205 -0.034250
v 0.011426 -0.014667 -0.034250
v 0.010640 -0.013304 -0.034250
v 0.010913 -0.011755 -0.034250
v 0.012118 -0.010743 -0.034250
v 0.013691 -0.010743 -0.034250
v 0.014897 -0.011755 -0.034250
v 0.015170 -0.013304 -0.034250
v 0.014383 -0.014667 -0.034250
v 0.012905 -0.015205 -0.033250
v 0.014383 -0.014667 -0.033250
v 0.015170 -0.013304 -0.033250
v 0.014897 -0.011755 -0.033250
v 0.013691 -0.010743 -0.033250
v 0.012118 -0.010743 -0.033250
v 0.010913 -0.011755 -0.033250
v 0.010640 -0.013304 -0.033250
v 0.011426 -0.014667 -0.033250
v 0.012905 -0.011605 -0.034250
v 0.013740 -0.011909 -0.034250
v 0.014185 -0.012679 -0.034250
v 0.014031 -0.013555 -0.034250
v 0.013349 -0.014126 -0.034250
v 0.012460 -0.014126 -0.034250
v 0.011779 -0.013555 -0.034250
v 0.011624 -0.012679 -0.034250
v 0.012069 -0.011909 -0.034250
v -0.012905 0.014205 -0.034250
v -0.012069 0.013901 -0.034250
v -0.011624 0.013130 -0.034250
v -0.011779 0.012255 -0.034250
v -0.012460 0.011683 -0.034250
v -0.013349 0.011683 -0.034250
v -0.014031 0.012255 -0.034250
v -0.014185 0.013130 -0.034250
v -0.013740 0.013901 -0.034250
v 0.012905 0.014205 -0.034250
v 0.013740 0.013901 -0.034250
v 0.014185 0.013130 -0.034250
v 0.014031 0.012255 -0.034250
v 0.013349 0.011683 -0.034250
v 0.012460 0.011683 -0.034250
v 0.011779 0.012255 -0.034250
v 0.011624 0.013130 -0.034250
v 0.012069 0.013901 -0.034250
v -0.012905 -0.011605 -0.034250
v -0.012069 -0.011909 -0.034250
v -0.011624 -0.012679 -0.034250
v -0.011779 -0.013555 -0.034250
v -0.012460 -0.014126 -0.034250
v -0.013349 -0.014126 -0.034250
v -0.014031 -0.013555 -0.034250
v -0.014185 -0.012679 -0.034250
v -0.013740 -0.011909 -0.034250
v 0.012905 0.014205 -0.035250
v 0.012069 0.013901 -0.035250
v 0.011624 0.013130 -0.035250
v 0.011779 0.012255 -0.035250
v 0.012460 0.011683 -0.035250
v 0.013349 0.011683 -0.035250
v 0.014031 0.012255 -0.035250
v 0.014185 0.013130 -0.035250
v 0.013740 0.013901 -0.035250
v 0.012905 -0.011605 -0.035250
v 0.012069 -0.011909 -0.035250
v 0.011624 -0.012679 -0.035250
v 0.011779 -0.013555 -0.035250
v 0.012460 -0.014126 -0.035250
v 0.013349 -0.014126 -0.035250
v 0.014031 -0.013555 -0.035250
v 0.014185 -0.012679 -0.035250
v 0.013740 -0.011909 -0.035250
v 0.013332 -0.017500 -0.035250
v -0.013332 -0.017500 -0.035250
v -0.014844 -0.016237 -0.035250
v -0.016237 -0.014844 -0.035250
v -0.017500 -0.013332 -0.035250
v -0.017500 0.013332 -0.035250
v -0.016237 0.014844 -0.035250
v -0.014844 0.016237 -0.035250
v -0.013332 0.017500 -0.035250
v 0.013332 0.017500 -0.035250
v 0.014844 0.016237 -0.035250
v 0.016237 0.014844 -0.035250
v 0.017500 0.013332 -0.035250
v 0.017500 -0.013332 -0.035250
v 0.016237 -0.014844 -0.035250
v 0.014844 -0.016237 -0.035250
v -0.000000 0.013000 -0.035250
v -0.008356 0.009959 -0.035250
v -0.012803 0.002257 -0.035250
v -0.011258 -0.006500 -0.035250
v -0.004446 -0.012216 -0.035250
v 0.004446 -0.012216 -0.035250
v 0.011258 -0.006500 -0.035250
v 0.012803 0.002257 -0.035250
v 0.008356 0.009959 -0.035250
v -0.012905 0.014205 -0.035250
v -0.013740 0.013901 -0.035250
v -0.014185 0.013130 -0.035250
v -0.014031 0.012255 -0.035250
v -0.013349 0.011683 -0.035250
v -0.012460 0.011683 -0.035250
v -0.011779 0.012255 -0.035250
v -0.011624 0.013130 -0.035250
v -0.012069 0.013901 -0.035250
v -0.012905 -0.011605 -0.035250
v -0.013740 -0.011909 -0.035250
v -0.014185 -0.012679 -0.035250
v -0.014031 -0.013555 -0.035250
v -0.013349 -0.014126 -0.035250
v -0.012460 -0.014126 -0.035250
v -0.011779 -0.013555 -0.035250
v -0.011624 -0.012679 -0.035250
v -0.012069 -0.011909 -0.035250
v -0.017500 -0.013332 -0.033250
v -0.017500 0.013332 -0.033250
v -0.013332 -0.017500 -0.033250
v -0.014844 -0.016237 -0.033250
v -0.016237 -0.014844 -0.033250
v 0.013332 -0.017500 -0.033250
v 0.017500 -0.013332 -0.033250
v 0.016237 -0.014844 -0.033250
v 0.014844 -0.016237 -0.033250
v -0.000000 0.013000 -0.033250
v -0.008356 0.009959 -0.033250
v -0.012803 0.002257 -0.033250
v -0.011258 -0.006500 -0.033250
v -0.004446 -0.012216 -0.033250
v 0.004446 -0.012216 -0.033250
v 0.011258 -0.006500 -0.033250
v 0.012803 0.002257 -0.033250
v 0.008356 0.009959 -0.033250
v 0.017500 0.013332 -0.033250
v 0.016237 0.014844 -0.033250
v 0.014844 0.016237 -0.033250
v 0.013332 0.017500 -0.033250
v -0.013332 0.017500 -0.033250
v -0.014844 0.016237 -0.033250
v -0.016237 0.014844 -0.033250
v -0.020250 -0.006894 -0.006894
v -0.020250 -0.009713 -0.000850
v -0.020250 -0.007987 0.005592
v -0.020250 -0.002523 0.009418
v -0.020250 0.004121 0.008837
v -0.020250 0.008837 0.004121
v -0.020250 0.009418 -0.002523
v -0.020250 0.005592 -0.007987
v -0.020250 -0.000850 -0.009713
v -0.020250 -0.008742 -0.000742
v -0.020250 -0.008092 -0.001046
v -0.020250 -0.007398 -0.000860
v -0.020250 -0.006986 -0.000272
v -0.020250 -0.007048 0.000444
v -0.020250 -0.007556 0.000952
v -0.020250 -0.008272 0.001014
v -0.020250 -0.008860 0.000602
v -0.020250 -0.009046 -0.000092
v -0.020250 -0.006399 0.004914
v -0.020250 -0.005748 0.004611
v -0.020250 -0.005055 0.004797
v -0.020250 -0.004643 0.005385
v -0.020250 -0.004705 0.006101
v -0.020250 -0.005213 0.006608
v -0.020250 -0.005929 0.006671
v -0.020250 -0.006517 0.006259
v -0.020250 -0.006703 0.005565
v -0.020250 -0.000742 0.007258
v -0.020250 -0.000092 0.006954
v -0.020250 0.000602 0.007140
v -0.020250 0.001014 0.007728
v -0.020250 0.000952 0.008444
v -0.020250 0.000444 0.008952
v -0.020250 -0.000272 0.009014
v -0.020250 -0.000860 0.008602
v -0.020250 -0.001046 0.007908
v -0.020250 0.004914 0.004914
v -0.020250 0.005565 0.004611
v -0.020250 0.006259 0.004797
v -0.020250 0.006671 0.005385
v -0.020250 0.006608 0.006101
v -0.020250 0.006101 0.006608
v -0.020250 0.005385 0.006671
v -0.020250 0.004797 0.006259
v -0.020250 0.004611 0.005565
v -0.020250 0.007258 -0.000742
v -0.020250 0.007908 -0.001046
v -0.020250 0.008602 -0.000860
v -0.020250 0.009014 -0.000272
v -0.020250 0.008952 0.000444
v -0.020250 0.008444 0.000952
v -0.020250 0.007728 0.001014
v -0.020250 0.007140 0.000602
v -0.020250 0.006954 -0.000092
v -0.020250 0.004914 -0.006399
v -0.020250 0.005565 -0.006703
v -0.020250 0.006259 -0.006517
v -0.020250 0.006671 -0.005929
v -0.020250 0.006608 -0.005213
v -0.020250 0.006101 -0.004705
v -0.020250 0.005385 -0.004643
v -0.020250 0.004797 -0.005055
v -0.020250 0.004611 -0.005748
v -0.020250 -0.000742 -0.008742
v -0.020250 -0.000092 -0.009046
v -0.020250 0.000602 -0.008860
v -0.020250 0.001014 -0.008272
v -0.020250 0.000952 -0.007556
v -0.020250 0.000444 -0.007048
v -0.020250 -0.000272 -0.006986
v -0.020250 -0.000860 -0.007398
v -0.020250 -0.001046 -0.008092
v -0.020250 -0.006399 -0.006399
v -0.020250 -0.005748 -0.006703
v -0.020250 -0.005055 -0.006517
v -0.020250 -0.004643 -0.005929
v -0.020250 -0.004705 -0.005213
v -0.020250 -0.005213 -0.004705
v -0.020250 -0.005929 -0.004643
v -0.020250 -0.006517 -0.005055
v -0.020250 -0.006703 -0.005748
v -0.020250 -0.002864 -0.002864
v -0.020250 -0.000353 -0.004035
v -0.020250 0.002323 -0.003318
v -0.020250 0.003912 -0.001048
v -0.020250 0.003671 0.001712
v -0.020250 0.001712 0.003671
v -0.020250 -0.001048 0.003912
v -0.020250 -0.003318 0.002323
v -0.020250 -0.004035 -0.000353
v -0.018250 -0.002864 -0.002864
v -0.018250 -0.000353 -0.004035
v -0.018250 0.002323 -0.003318
v -0.018250 0.003912 -0.001048
v -0.018250 0.003671 0.001712
v -0.018250 0.001712 0.003671
v -0.018250 -0.001048 0.003912
v -0.018250 -0.003318 0.002323
v -0.018250 -0.004035 -0.000353
v -0.018250 -0.006399 -0.006399
v -0.018250 -0.005748 -0.006703
v -0.018250 -0.005055 -0.006517
v -0.018250 -0.004643 -0.005929
v -0.018250 -0.004705 -0.005213
v -0.018250 -0.005213 -0.004705
v -0.018250 -0.005929 -0.004643
v -0.018250 -0.006517 -0.005055
v -0.018250 -0.006703 -0.005748
v -0.018250 -0.000742 -0.008742
v -0.018250 -0.000092 -0.009046
v -0.018250 0.000602 -0.008860
v -0.018250 0.001014 -0.008272
v -0.018250 0.000952 -0.007556
v -0.018250 0.000444 -0.007048
v -0.018250 -0.000272 -0.006986
v -0.018250 -0.000860 -0.007398
v -0.018250 -0.001046 -0.008092
v -0.018250 0.004914 -0.006399
v -0.018250 0.005565 -0.006703
v -0.018250 0.006259 -0.006517
v -0.018250 0.006671 -0.005929
v -0.018250 0.006608 -0.005213
v -0.018250 0.006101 -0.004705
v -0.018250 0.005385 -0.004643
v -0.018250 0.004797 -0.005055
v -0.018250 0.004611 -0.005748
v -0.018250 0.007258 -0.000742
v -0.018250 0.007908 -0.001046
v -0.018250 0.008602 -0.000860
v -0.018250 0.009014 -0.000272
v -0.018250 0.008952 0.000444
v -0.018250 0.008444 0.000952
v -0.018250 0.007728 0.001014
v -0.018250 0.007140 0.000602
v -0.018250 0.006954 -0.000092
v -0.018250 0.004914 0.004914
v -0.018250 0.005565 0.004611
v -0.018250 0.006259 0.004797
v -0.018250 0.006671 0.005385
v -0.018250 0.006608 0.006101
v -0.018250 0.006101 0.006608
v -0.018250 0.005385 0.006671
v -0.018250 0.004797 0.006259
v -0.018250 0.004611 0.005565
v -0.018250 -0.000742 0.007258
v -0.018250 -0.000092 0.006954
v -0.018250 0.000602 0.007140
v -0.018250 0.001014 0.007728
v -0.018250 0.000952 0.008444
v -0.018250 0.000444 0.008952
v -0.018250 -0.000272 0.009014
v -0.018250 -0.000860 0.008602
v -0.018250 -0.001046 0.007908
v -0.018250 -0.006399 0.004914
v -0.018250 -0.005748 0.004611
v -0.018250 -0.005055 0.004797
v -0.018250 -0.004643 0.005385
v -0.018250 -0.004705 0.006101
v -0.018250 -0.005213 0.006608
v -0.018250 -0.005929 0.006671
v -0.018250 -0.006517 0.006259
v -0.018250 -0.006703 0.005565
v -0.018250 -0.008742 -0.000742
v -0.018250 -0.008092 -0.001046
v -0.018250 -0.007398 -0.000860
v -0.018250 -0.006986 -0.000272
v -0.018250 -0.007048 0.000444
v -0.018250 -0.007556 0.000952
v -0.018250 -0.008272 0.001014
v -0.018250 -0.008860 0.000602
v -0.018250 -0.009046 -0.000092
v -0.018250 -0.006894 -0.006894
v -0.018250 -0.009713 -0.000850
v -0.018250 -0.007987 0.005592
v -0.018250 -0.002523 0.009418
v -0.018250 0.004121 0.008837
v -0.018250 0.008837 0.004121
v -0.018250 0.009418 -0.002523
v -0.018250 0.005592 -0.007987
v -0.018250 -0.000850 -0.009713
v -0.007057 0.007057 -0.028250
v -0.009942 0.000870 -0.028250
v -0.008175 -0.005724 -0.028250
v -0.002583 -0.009640 -0.028250
v 0.004218 -0.009045 -0.028250
v 0.009045 -0.004218 -0.028250
v 0.009640 0.002583 -0.028250
v 0.005724 0.008175 -0.028250
v -0.000870 0.009942 -0.028250
v -0.008742 0.000742 -0.028250
v -0.008092 0.001046 -0.028250
v -0.007398 0.000860 -0.028250
v -0.006986 0.000272 -0.028250
v -0.007048 -0.000444 -0.028250
v -0.007556 -0.000952 -0.028250
v -0.008272 -0.001014 -0.028250
v -0.008860 -0.000602 -0.028250
v -0.009046 0.000092 -0.028250
v -0.006399 -0.004914 -0.028250
v -0.005748 -0.004611 -0.028250
v -0.005055 -0.004797 -0.028250
v -0.004643 -0.005385 -0.028250
v -0.004705 -0.006101 -0.028250
v -0.005213 -0.006608 -0.028250
v -0.005929 -0.006671 -0.028250
v -0.006517 -0.006259 -0.028250
v -0.006703 -0.005565 -0.028250
v -0.000742 -0.007258 -0.028250
v -0.000092 -0.006954 -0.028250
v 0.000602 -0.007140 -0.028250
v 0.001014 -0.007728 -0.028250
v 0.000952 -0.008444 -0.028250
v 0.000444 -0.008952 -0.028250
v -0.000272 -0.009014 -0.028250
v -0.000860 -0.008602 -0.028250
v -0.001046 -0.007908 -0.028250
v 0.004914 -0.004914 -0.028250
v 0.005565 -0.004611 -0.028250
v 0.006259 -0.004797 -0.028250
v 0.006671 -0.005385 -0.028250
v 0.006608 -0.006101 -0.028250
v 0.006101 -0.006608 -0.028250
v 0.005385 -0.006671 -0.028250
v 0.004797 -0.006259 -0.028250
v 0.004611 -0.005565 -0.028250
v 0.007258 0.000742 -0.028250
v 0.007908 0.001046 -0.028250
v 0.008602 0.000860 -0.028250
v 0.009014 0.000272 -0.028250
v 0.008952 -0.000444 -0.028250
v 0.008444 -0.000952 -0.028250
v 0.007728 -0.001014 -0.028250
v 0.007140 -0.000602 -0.028250
v 0.006954 0.000092 -0.028250
v 0.004914 0.006399 -0.028250
v 0.005565 0.006703 -0.028250
v 0.006259 0.006517 -0.028250
v 0.006671 0.005929 -0.028250
v 0.006608 0.005213 -0.028250
v 0.006101 0.004705 -0.028250
v 0.005385 0.004643 -0.028250
v 0.004797 0.005055 -0.028250
v 0.004611 0.005748 -0.028250
v -0.000742 0.008742 -0.028250
v -0.000092 0.009046 -0.028250
v 0.000602 0.008860 -0.028250
v 0.001014 0.008272 -0.028250
v 0.000952 0.007556 -0.028250
v 0.000444 0.007048 -0.028250
v -0.000272 0.006986 -0.028250
v -0.000860 0.007398 -0.028250
v -0.001046 0.008092 -0.028250
v -0.006399 0.006399 -0.028250
v -0.005748 0.006703 -0.028250
v -0.005055 0.006517 -0.028250
v -0.004643 0.005929 -0.028250
v -0.004705 0.005213 -0.028250
v -0.005213 0.004705 -0.028250
v -0.005929 0.004643 -0.028250
v -0.006517 0.005055 -0.028250
v -0.006703 0.005748 -0.028250
v -0.002864 0.002864 -0.028250
v -0.000353 0.004035 -0.028250
v 0.002323 0.003318 -0.028250
v 0.003912 0.001048 -0.028250
v 0.003671 -0.001712 -0.028250
v 0.001712 -0.003671 -0.028250
v -0.001048 -0.003912 -0.028250
v -0.003318 -0.002323 -0.028250
v -0.004035 0.000353 -0.028250
v -0.002864 0.002864 -0.033250
v -0.000353 0.004035 -0.033250
v 0.002323 0.003318 -0.033250
v 0.003912 0.001048 -0.033250
v 0.003671 -0.001712 -0.033250
v 0.001712 -0.003671 -0.033250
v -0.001048 -0.003912 -0.033250
v -0.003318 -0.002323 -0.033250
v -0.004035 0.000353 -0.033250
v -0.006399 0.006399 -0.033250
v -0.005748 0.006703 -0.033250
v -0.005055 0.006517 -0.033250
v -0.004643 0.005929 -0.033250
v -0.004705 0.005213 -0.033250
v -0.005213 0.004705 -0.033250
v -0.005929 0.004643 -0.033250
v -0.006517 0.005055 -0.033250
v -0.006703 0.005748 -0.033250
v -0.000742 0.008742 -0.033250
v -0.000092 0.009046 -0.033250
v 0.000602 0.008860 -0.033250
v 0.001014 0.008272 -0.033250
v 0.000952 0.007556 -0.033250
v 0.000444 0.007048 -0.033250
v -0.000272 0.006986 -0.033250
v -0.000860 0.007398 -0.033250
v -0.001046 0.008092 -0.033250
v 0.004914 0.006399 -0.033250
v 0.005565 0.006703 -0.033250
v 0.006259 0.006517 -0.033250
v 0.006671 0.005929 -0.033250
v 0.006608 0.005213 -0.033250
v 0.006101 0.004705 -0.033250
v 0.005385 0.004643 -0.033250
v 0.004797 0.005055 -0.033250
v 0.004611 0.005748 -0.033250
v 0.007258 0.000742 -0.033250
v 0.007908 0.001046 -0.033250
v 0.008602 0.000860 -0.033250
v 0.009014 0.000272 -0.033250
v 0.008952 -0.000444 -0.033250
v 0.008444 -0.000952 -0.033250
v 0.007728 -0.001014 -0.033250
v 0.007140 -0.000602 -0.033250
v 0.006954 0.000092 -0.033250
v 0.004914 -0.004914 -0.033250
v 0.005565 -0.004611 -0.033250
v 0.006259 -0.004797 -0.033250
v 0.006671 -0.005385 -0.033250
v 0.006608 -0.006101 -0.033250
v 0.006101 -0.006608 -0.033250
v 0.005385 -0.006671 -0.033250
v 0.004797 -0.006259 -0.033250
v 0.004611 -0.005565 -0.033250
v -0.000742 -0.007258 -0.033250
v -0.000092 -0.006954 -0.033250
v 0.000602 -0.007140 -0.033250
v 0.001014 -0.007728 -0.033250
v 0.000952 -0.008444 -0.033250
v 0.000444 -0.008952 -0.033250
v -0.000272 -0.009014 -0.033250
v -0.000860 -0.008602 -0.033250
v -0.001046 -0.007908 -0.033250
v -0.006399 -0.004914 -0.033250
v -0.005748 -0.004611 -0.033250
v -0.005055 -0.004797 -0.033250
v -0.004643 -0.005385 -0.033250
v -0.004705 -0.006101 -0.033250
v -0.005213 -0.006608 -0.033250
v -0.005929 -0.006671 -0.033250
v -0.006517 -0.006259 -0.033250
v -0.006703 -0.005565 -0.033250
v -0.008742 0.000742 -0.033250
v -0.008092 0.001046 -0.033250
v -0.007398 0.000860 -0.033250
v -0.006986 0.000272 -0.033250
v -0.007048 -0.000444 -0.033250
v -0.007556 -0.000952 -0.033250
v -0.008272 -0.001014 -0.033250
v -0.008860 -0.000602 -0.033250
v -0.009046 0.000092 -0.033250
v -0.007057 0.007057 -0.033250
v -0.009942 0.000870 -0.033250
v -0.008175 -0.005724 -0.033250
v -0.002583 -0.009640 -0.033250
v 0.004218 -0.009045 -0.033250
v 0.009045 -0.004218 -0.033250
v 0.009640 0.002583 -0.033250
v 0.005724 0.008175 -0.033250
v -0.000870 0.009942 -0.033250
v -0.001644 0.010974 -0.033250
v -0.001310 0.011319 -0.033250
v -0.000854 0.011468 -0.033250
v -0.000854 0.011468 -0.038250
v -0.001310 0.011319 -0.038250
v -0.001644 0.010974 -0.038250
v -0.002250 0.009121 -0.038250
v -0.003397 0.008200 -0.038250
v -0.004858 0.008041 -0.038250
v -0.004858 0.008041 -0.033250
v -0.003397 0.008200 -0.033250
v -0.002250 0.009121 -0.033250
v -0.003173 0.005374 -0.038250
v -0.003541 0.004326 -0.038250
v -0.004326 0.003541 -0.038250
v -0.005374 0.003173 -0.038250
v -0.005995 0.002859 -0.038250
v -0.006261 0.002217 -0.038250
v -0.006044 0.001557 -0.038250
v -0.005562 0.000555 -0.038250
v -0.005562 -0.000555 -0.038250
v -0.006044 -0.001557 -0.038250
v -0.006261 -0.002217 -0.038250
v -0.005995 -0.002859 -0.038250
v -0.005374 -0.003173 -0.038250
v -0.004326 -0.003541 -0.038250
v -0.003541 -0.004326 -0.038250
v -0.003173 -0.005374 -0.038250
v -0.002859 -0.005995 -0.038250
v -0.002217 -0.006261 -0.038250
v -0.001557 -0.006044 -0.038250
v -0.000555 -0.005562 -0.038250
v 0.000555 -0.005562 -0.038250
v 0.001557 -0.006044 -0.038250
v 0.002217 -0.006261 -0.038250
v 0.002859 -0.005995 -0.038250
v 0.003173 -0.005374 -0.038250
v 0.003541 -0.004326 -0.038250
v 0.004326 -0.003541 -0.038250
v 0.005374 -0.003173 -0.038250
v 0.005995 -0.002859 -0.038250
v 0.006261 -0.002217 -0.038250
v 0.006044 -0.001557 -0.038250
v 0.005562 -0.000555 -0.038250
v 0.005562 0.000555 -0.038250
v 0.006044 0.001557 -0.038250
v 0.006261 0.002217 -0.038250
v 0.005995 0.002859 -0.038250
v 0.005374 0.003173 -0.038250
v 0.004326 0.003541 -0.038250
v 0.003541 0.004326 -0.038250
v 0.003173 0.005374 -0.038250
v 0.002859 0.005995 -0.038250
v 0.002217 0.006261 -0.038250
v 0.001557 0.006044 -0.038250
v 0.000555 0.005562 -0.038250
v -0.000555 0.005562 -0.038250
v -0.001557 0.006044 -0.038250
v -0.002217 0.006261 -0.038250
v -0.002859 0.005995 -0.038250
v 0.000854 0.011468 -0.038250
v 0.001310 0.011319 -0.038250
v 0.001644 0.010974 -0.038250
v 0.002250 0.009121 -0.038250
v 0.003397 0.008200 -0.038250
v 0.004858 0.008041 -0.038250
v 0.006597 0.008922 -0.038250
v 0.007077 0.008930 -0.038250
v 0.007505 0.008713 -0.038250
v 0.008713 0.007505 -0.038250
v 0.008930 0.007077 -0.038250
v 0.008922 0.006597 -0.038250
v 0.008041 0.004858 -0.038250
v 0.008200 0.003397 -0.038250
v 0.009121 0.002250 -0.038250
v 0.010974 0.001644 -0.038250
v 0.011319 0.001310 -0.038250
v 0.011468 0.000854 -0.038250
v 0.011496 0.000285 -0.038250
v 0.011496 -0.000285 -0.038250
v 0.011468 -0.000854 -0.038250
v 0.011319 -0.001310 -0.038250
v 0.010974 -0.001644 -0.038250
v 0.009121 -0.002250 -0.038250
v 0.008200 -0.003397 -0.038250
v 0.008041 -0.004858 -0.038250
v 0.008922 -0.006597 -0.038250
v 0.008930 -0.007077 -0.038250
v 0.008713 -0.007505 -0.038250
v 0.007505 -0.008713 -0.038250
v 0.007077 -0.008930 -0.038250
v 0.006597 -0.008922 -0.038250
v 0.006176 -0.008692 -0.038250
v 0.004858 -0.008041 -0.038250
v 0.003397 -0.008200 -0.038250
v 0.002250 -0.009121 -0.038250
v 0.001644 -0.010974 -0.038250
v 0.001310 -0.011319 -0.038250
v 0.000854 -0.011468 -0.038250
v -0.000854 -0.011468 -0.038250
v -0.001310 -0.011319 -0.038250
v -0.001644 -0.010974 -0.038250
v -0.002250 -0.009121 -0.038250
v -0.003397 -0.008200 -0.038250
v -0.004858 -0.008041 -0.038250
v -0.006597 -0.008922 -0.038250
v -0.007077 -0.008930 -0.038250
v -0.007505 -0.008713 -0.038250
v -0.008713 -0.007505 -0.038250
v -0.008930 -0.007077 -0.038250
v -0.008922 -0.006597 -0.038250
v -0.008041 -0.004858 -0.038250
v -0.008200 -0.003397 -0.038250
v -0.009121 -0.002250 -0.038250
v -0.010974 -0.001644 -0.038250
v -0.011319 -0.001310 -0.038250
v -0.011468 -0.000854 -0.038250
v -0.011496 -0.000285 -0.038250
v -0.011496 0.000285 -0.038250
v -0.011468 0.000854 -0.038250
v -0.011319 0.001310 -0.038250
v -0.010974 0.001644 -0.038250
v -0.009121 0.002250 -0.038250
v -0.008200 0.003397 -0.038250
v -0.008041 0.004858 -0.038250
v -0.008692 0.006176 -0.038250
v -0.008922 0.006597 -0.038250
v -0.008930 0.007077 -0.038250
v -0.008713 0.007505 -0.038250
v -0.007505 0.008713 -0.038250
v -0.007077 0.008930 -0.038250
v -0.006597 0.008922 -0.038250
v 0.006707 0.005657 -0.038250
v 0.006461 0.006332 -0.038250
v 0.005839 0.006691 -0.038250
v 0.005132 0.006566 -0.038250
v 0.004670 0.006016 -0.038250
v 0.004670 0.005298 -0.038250
v 0.005132 0.004748 -0.038250
v 0.005839 0.004623 -0.038250
v 0.006461 0.004982 -0.038250
v 0.001050 0.008000 -0.038250
v 0.000804 0.008675 -0.038250
v 0.000182 0.009034 -0.038250
v -0.000525 0.008909 -0.038250
v -0.000987 0.008359 -0.038250
v -0.000987 0.007641 -0.038250
v -0.000525 0.007091 -0.038250
v 0.000182 0.006966 -0.038250
v 0.000804 0.007325 -0.038250
v -0.004607 0.005657 -0.038250
v -0.004853 0.006332 -0.038250
v -0.005475 0.006691 -0.038250
v -0.006182 0.006566 -0.038250
v -0.006644 0.006016 -0.038250
v -0.006644 0.005298 -0.038250
v -0.006182 0.004748 -0.038250
v -0.005475 0.004623 -0.038250
v -0.004853 0.004982 -0.038250
v -0.006950 -0.000000 -0.038250
v -0.007196 0.000675 -0.038250
v -0.007818 0.001034 -0.038250
v -0.008525 0.000909 -0.038250
v -0.008987 0.000359 -0.038250
v -0.008987 -0.000359 -0.038250
v -0.008525 -0.000909 -0.038250
v -0.007818 -0.001034 -0.038250
v -0.007196 -0.000675 -0.038250
v -0.004607 -0.005657 -0.038250
v -0.004853 -0.004982 -0.038250
v -0.005475 -0.004623 -0.038250
v -0.006182 -0.004748 -0.038250
v -0.006644 -0.005298 -0.038250
v -0.006644 -0.006016 -0.038250
v -0.006182 -0.006566 -0.038250
v -0.005475 -0.006691 -0.038250
v -0.004853 -0.006332 -0.038250
v 0.001050 -0.008000 -0.038250
v 0.000804 -0.007325 -0.038250
v 0.000182 -0.006966 -0.038250
v -0.000525 -0.007091 -0.038250
v -0.000987 -0.007641 -0.038250
v -0.000987 -0.008359 -0.038250
v -0.000525 -0.008909 -0.038250
v 0.000182 -0.009034 -0.038250
v 0.000804 -0.008675 -0.038250
v 0.006707 -0.005657 -0.038250
v 0.006461 -0.004982 -0.038250
v 0.005839 -0.004623 -0.038250
v 0.005132 -0.004748 -0.038250
v 0.004670 -0.005298 -0.038250
v 0.004670 -0.006016 -0.038250
v 0.005132 -0.006566 -0.038250
v 0.005839 -0.006691 -0.038250
v 0.006461 -0.006332 -0.038250
v 0.009050 0.000000 -0.038250
v 0.008804 0.000675 -0.038250
v 0.008182 0.001034 -0.038250
v 0.007475 0.000909 -0.038250
v 0.007013 0.000359 -0.038250
v 0.007013 -0.000359 -0.038250
v 0.007475 -0.000909 -0.038250
v 0.008182 -0.001034 -0.038250
v 0.008804 -0.000675 -0.038250
v 0.000854 0.011468 -0.033250
v 0.001310 0.011319 -0.033250
v 0.001644 0.010974 -0.033250
v 0.002250 0.009121 -0.033250
v 0.003397 0.008200 -0.033250
v 0.004858 0.008041 -0.033250
v 0.006176 0.008692 -0.033250
v 0.006597 0.008922 -0.033250
v 0.007077 0.008930 -0.033250
v 0.007505 0.008713 -0.033250
v 0.008713 0.007505 -0.033250
v 0.008930 0.007077 -0.033250
v 0.008922 0.006597 -0.033250
v 0.008041 0.004858 -0.033250
v 0.008200 0.003397 -0.033250
v 0.009121 0.002250 -0.033250
v 0.010974 0.001644 -0.033250
v 0.011319 0.001310 -0.033250
v 0.011468 0.000854 -0.033250
v 0.011468 -0.000854 -0.033250
v 0.011319 -0.001310 -0.033250
v 0.010974 -0.001644 -0.033250
v 0.010513 -0.001779 -0.033250
v 0.009121 -0.002250 -0.033250
v 0.008200 -0.003397 -0.033250
v 0.008041 -0.004858 -0.033250
v 0.008922 -0.006597 -0.033250
v 0.008930 -0.007077 -0.033250
v 0.008713 -0.007505 -0.033250
v 0.007505 -0.008713 -0.033250
v 0.007077 -0.008930 -0.033250
v 0.006597 -0.008922 -0.033250
v 0.004858 -0.008041 -0.033250
v 0.003397 -0.008200 -0.033250
v 0.002250 -0.009121 -0.033250
v 0.001644 -0.010974 -0.033250
v 0.001310 -0.011319 -0.033250
v 0.000854 -0.011468 -0.033250
v -0.000854 -0.011468 -0.033250
v -0.001310 -0.011319 -0.033250
v -0.001644 -0.010974 -0.033250
v -0.002250 -0.009121 -0.033250
v -0.003397 -0.008200 -0.033250
v -0.004858 -0.008041 -0.033250
v -0.006597 -0.008922 -0.033250
v -0.007077 -0.008930 -0.033250
v -0.007505 -0.008713 -0.033250
v -0.008713 -0.007505 -0.033250
v -0.008930 -0.007077 -0.033250
v -0.008922 -0.006597 -0.033250
v -0.008041 -0.004858 -0.033250
v -0.008200 -0.003397 -0.033250
v -0.009121 -0.002250 -0.033250
v -0.010513 -0.001779 -0.033250
v -0.010974 -0.001644 -0.033250
v -0.011319 -0.001310 -0.033250
v -0.011468 -0.000854 -0.033250
v -0.011468 0.000854 -0.033250
v -0.011319 0.001310 -0.033250
v -0.010974 0.001644 -0.033250
v -0.010513 0.001779 -0.033250
v -0.009121 0.002250 -0.033250
v -0.008200 0.003397 -0.033250
v -0.008041 0.004858 -0.033250
v -0.008922 0.006597 -0.033250
v -0.008930 0.007077 -0.033250
v -0.008713 0.007505 -0.033250
v -0.007505 0.008713 -0.033250
v -0.007077 0.008930 -0.033250
v -0.006597 0.008922 -0.033250
v -0.011496 -0.000285 -0.033250
v -0.011496 0.000285 -0.033250
v 0.011496 0.000285 -0.033250
v 0.011496 -0.000285 -0.033250
v 0.003173 -0.005374 -0.033250
v 0.003541 -0.004326 -0.033250
v 0.004326 -0.003541 -0.033250
v 0.005374 -0.003173 -0.033250
v 0.001557 -0.006044 -0.033250
v 0.002217 -0.006261 -0.033250
v 0.002859 -0.005995 -0.033250
v -0.001557 -0.006044 -0.033250
v -0.000555 -0.005562 -0.033250
v 0.000555 -0.005562 -0.033250
v -0.003173 -0.005374 -0.033250
v -0.002859 -0.005995 -0.033250
v -0.002217 -0.006261 -0.033250
v -0.005374 -0.003173 -0.033250
v -0.004326 -0.003541 -0.033250
v -0.003541 -0.004326 -0.033250
v -0.006044 -0.001557 -0.033250
v -0.006261 -0.002217 -0.033250
v -0.005995 -0.002859 -0.033250
v -0.006044 0.001557 -0.033250
v -0.005562 0.000555 -0.033250
v -0.005562 -0.000555 -0.033250
v -0.005374 0.003173 -0.033250
v -0.005995 0.002859 -0.033250
v -0.006261 0.002217 -0.033250
v -0.003173 0.005374 -0.033250
v -0.003541 0.004326 -0.033250
v -0.004326 0.003541 -0.033250
v -0.001557 0.006044 -0.033250
v -0.002217 0.006261 -0.033250
v -0.002859 0.005995 -0.033250
v 0.001557 0.006044 -0.033250
v 0.000555 0.005562 -0.033250
v -0.000555 0.005562 -0.033250
v 0.003173 0.005374 -0.033250
v 0.002859 0.005995 -0.033250
v 0.002217 0.006261 -0.033250
v 0.005374 0.003173 -0.033250
v 0.004326 0.003541 -0.033250
v 0.003541 0.004326 -0.033250
v 0.006044 0.001557 -0.033250
v 0.006261 0.002217 -0.033250
v 0.005995 0.002859 -0.033250
v 0.006044 -0.001557 -0.033250
v 0.005562 -0.000555 -0.033250
v 0.005562 0.000555 -0.033250
v 0.005995 -0.002859 -0.033250
v 0.006261 -0.002217 -0.033250
v 0.006707 0.005657 -0.033250
v 0.006461 0.004982 -0.033250
v 0.005839 0.004623 -0.033250
v 0.005132 0.004748 -0.033250
v 0.004670 0.005298 -0.033250
v 0.004670 0.006016 -0.033250
v 0.005132 0.006566 -0.033250
v 0.005839 0.006691 -0.033250
v 0.006461 0.006332 -0.033250
v 0.001050 0.008000 -0.033250
v 0.000804 0.007325 -0.033250
v 0.000182 0.006966 -0.033250
v -0.000525 0.007091 -0.033250
v -0.000987 0.007641 -0.033250
v -0.000987 0.008359 -0.033250
v -0.000525 0.008909 -0.033250
v 0.000182 0.009034 -0.033250
v 0.000804 0.008675 -0.033250
v -0.004607 0.005657 -0.033250
v -0.004853 0.004982 -0.033250
v -0.005475 0.004623 -0.033250
v -0.006182 0.004748 -0.033250
v -0.006644 0.005298 -0.033250
v -0.006644 0.006016 -0.033250
v -0.006182 0.006566 -0.033250
v -0.005475 0.006691 -0.033250
v -0.004853 0.006332 -0.033250
v -0.006950 -0.000000 -0.033250
v -0.007196 -0.000675 -0.033250
v -0.007818 -0.001034 -0.033250
v -0.008525 -0.000909 -0.033250
v -0.008987 -0.000359 -0.033250
v -0.008987 0.000359 -0.033250
v -0.008525 0.000909 -0.033250
v -0.007818 0.001034 -0.033250
v -0.007196 0.000675 -0.033250
v -0.004607 -0.005657 -0.033250
v -0.004853 -0.006332 -0.033250
v -0.005475 -0.006691 -0.033250
v -0.006182 -0.006566 -0.033250
v -0.006644 -0.006016 -0.033250
v -0.006644 -0.005298 -0.033250
v -0.006182 -0.004748 -0.033250
v -0.005475 -0.004623 -0.033250
v -0.004853 -0.004982 -0.033250
v 0.001050 -0.008000 -0.033250
v 0.000804 -0.008675 -0.033250
v 0.000182 -0.009034 -0.033250
v -0.000525 -0.008909 -0.033250
v -0.000987 -0.008359 -0.033250
v -0.000987 -0.007641 -0.033250
v -0.000525 -0.007091 -0.033250
v 0.000182 -0.006966 -0.033250
v 0.000804 -0.007325 -0.033250
v 0.006707 -0.005657 -0.033250
v 0.006461 -0.006332 -0.033250
v 0.005839 -0.006691 -0.033250
v 0.005132 -0.006566 -0.033250
v 0.004670 -0.006016 -0.033250
v 0.004670 -0.005298 -0.033250
v 0.005132 -0.004748 -0.033250
v 0.005839 -0.004623 -0.033250
v 0.006461 -0.004982 -0.033250
v 0.009050 0.000000 -0.033250
v 0.008804 -0.000675 -0.033250
v 0.008182 -0.001034 -0.033250
v 0.007475 -0.000909 -0.033250
v 0.007013 -0.000359 -0.033250
v 0.007013 0.000359 -0.033250
v 0.007475 0.000909 -0.033250
v 0.008182 0.001034 -0.033250
v 0.008804 0.000675 -0.033250
v 0.021250 -0.000465 0.002436
v 0.021250 -0.001922 0.001567
v 0.021250 -0.002480 -0.000035
v 0.021250 -0.001877 -0.001621
v 0.021250 -0.000396 -0.002448
v 0.021250 0.001271 -0.002130
v 0.021250 0.002342 -0.000815
v 0.021250 0.002318 0.000881
v 0.021250 0.001209 0.002165
v 0.021250 -0.000282 0.001473
v 0.021250 0.000731 0.001310
v 0.021250 0.001402 0.000533
v 0.021250 0.001417 -0.000493
v 0.021250 0.000768 -0.001288
v 0.021250 -0.000239 -0.001481
v 0.021250 -0.001135 -0.000980
v 0.021250 -0.001500 -0.000021
v 0.021250 -0.001163 0.000948
v 0.018250 -0.000282 0.001473
v 0.018250 0.000731 0.001310
v 0.018250 0.001402 0.000533
v 0.018250 0.001417 -0.000493
v 0.018250 0.000768 -0.001288
v 0.018250 -0.000239 -0.001481
v 0.018250 -0.001135 -0.000980
v 0.018250 -0.001500 -0.000021
v 0.018250 -0.001163 0.000948
v 0.018250 -0.000465 0.002436
v 0.018250 -0.001922 0.001567
v 0.018250 -0.002480 -0.000035
v 0.018250 -0.001877 -0.001621
v 0.018250 -0.000396 -0.002448
v 0.018250 0.001271 -0.002130
v 0.018250 0.002342 -0.000815
v 0.018250 0.002318 0.000881
v 0.018250 0.001209 0.002165
v 0.011000 0.000000 -0.026250
v 0.008426 0.007071 -0.026250
v 0.001910 0.010833 -0.026250
v -0.005500 0.009526 -0.026250
v -0.010337 0.003762 -0.026250
v -0.010337 -0.003762 -0.026250
v -0.005500 -0.009526 -0.026250
v 0.001910 -0.010833 -0.026250
v 0.008426 -0.007071 -0.026250
v 0.006707 0.005657 -0.026250
v 0.006461 0.004982 -0.026250
v 0.005839 0.004623 -0.026250
v 0.005132 0.004748 -0.026250
v 0.004670 0.005298 -0.026250
v 0.004670 0.006016 -0.026250
v 0.005132 0.006566 -0.026250
v 0.005839 0.006691 -0.026250
v 0.006461 0.006332 -0.026250
v 0.001050 0.008000 -0.026250
v 0.000804 0.007325 -0.026250
v 0.000182 0.006966 -0.026250
v -0.000525 0.007091 -0.026250
v -0.000987 0.007641 -0.026250
v -0.000987 0.008359 -0.026250
v -0.000525 0.008909 -0.026250
v 0.000182 0.009034 -0.026250
v 0.000804 0.008675 -0.026250
v -0.004607 0.005657 -0.026250
v -0.004853 0.004982 -0.026250
v -0.005475 0.004623 -0.026250
v -0.006182 0.004748 -0.026250
v -0.006644 0.005298 -0.026250
v -0.006644 0.006016 -0.026250
v -0.006182 0.006566 -0.026250
v -0.005475 0.006691 -0.026250
v -0.004853 0.006332 -0.026250
v -0.006950 -0.000000 -0.026250
v -0.007196 -0.000675 -0.026250
v -0.007818 -0.001034 -0.026250
v -0.008525 -0.000909 -0.026250
v -0.008987 -0.000359 -0.026250
v -0.008987 0.000359 -0.026250
v -0.008525 0.000909 -0.026250
v -0.007818 0.001034 -0.026250
v -0.007196 0.000675 -0.026250
v -0.004607 -0.005657 -0.026250
v -0.004853 -0.006332 -0.026250
v -0.005475 -0.006691 -0.026250
v -0.006182 -0.006566 -0.026250
v -0.006644 -0.006016 -0.026250
v -0.006644 -0.005298 -0.026250
v -0.006182 -0.004748 -0.026250
v -0.005475 -0.004623 -0.026250
v -0.004853 -0.004982 -0.026250
v 0.001050 -0.008000 -0.026250
v 0.000804 -0.008675 -0.026250
v 0.000182 -0.009034 -0.026250
v -0.000525 -0.008909 -0.026250
v -0.000987 -0.008359 -0.026250
v -0.000987 -0.007641 -0.026250
v -0.000525 -0.007091 -0.026250
v 0.000182 -0.006966 -0.026250
v 0.000804 -0.007325 -0.026250
v 0.006707 -0.005657 -0.026250
v 0.006461 -0.006332 -0.026250
v 0.005839 -0.006691 -0.026250
v 0.005132 -0.006566 -0.026250
v 0.004670 -0.006016 -0.026250
v 0.004670 -0.005298 -0.026250
v 0.005132 -0.004748 -0.026250
v 0.005839 -0.004623 -0.026250
v 0.006461 -0.004982 -0.026250
v 0.009050 0.000000 -0.026250
v 0.008804 -0.000675 -0.026250
v 0.008182 -0.001034 -0.026250
v 0.007475 -0.000909 -0.026250
v 0.007013 -0.000359 -0.026250
v 0.007013 0.000359 -0.026250
v 0.007475 0.000909 -0.026250
v 0.008182 0.001034 -0.026250
v 0.008804 0.000675 -0.026250
v 0.004050 0.000000 -0.026250
v 0.003102 -0.002603 -0.026250
v 0.000703 -0.003988 -0.026250
v -0.002025 -0.003507 -0.026250
v -0.003806 -0.001385 -0.026250
v -0.003806 0.001385 -0.026250
v -0.002025 0.003507 -0.026250
v 0.000703 0.003988 -0.026250
v 0.003102 0.002603 -0.026250
v 0.004050 0.000000 -0.028250
v 0.003102 -0.002603 -0.028250
v 0.000703 -0.003988 -0.028250
v -0.002025 -0.003507 -0.028250
v -0.003806 -0.001385 -0.028250
v -0.003806 0.001385 -0.028250
v -0.002025 0.003507 -0.028250
v 0.000703 0.003988 -0.028250
v 0.003102 0.002603 -0.028250
v 0.009050 0.000000 -0.028250
v 0.008804 -0.000675 -0.028250
v 0.008182 -0.001034 -0.028250
v 0.007475 -0.000909 -0.028250
v 0.007013 -0.000359 -0.028250
v 0.007013 0.000359 -0.028250
v 0.007475 0.000909 -0.028250
v 0.008182 0.001034 -0.028250
v 0.008804 0.000675 -0.028250
v 0.006707 -0.005657 -0.028250
v 0.006461 -0.006332 -0.028250
v 0.005839 -0.006691 -0.028250
v 0.005132 -0.006566 -0.028250
v 0.004670 -0.006016 -0.028250
v 0.004670 -0.005298 -0.028250
v 0.005132 -0.004748 -0.028250
v 0.005839 -0.004623 -0.028250
v 0.006461 -0.004982 -0.028250
v 0.001050 -0.008000 -0.028250
v 0.000804 -0.008675 -0.028250
v 0.000182 -0.009034 -0.028250
v -0.000525 -0.008909 -0.028250
v -0.000987 -0.008359 -0.028250
v -0.000987 -0.007641 -0.028250
v -0.000525 -0.007091 -0.028250
v 0.000182 -0.006966 -0.028250
v 0.000804 -0.007325 -0.028250
v -0.004607 -0.005657 -0.028250
v -0.004853 -0.006332 -0.028250
v -0.005475 -0.006691 -0.028250
v -0.006182 -0.006566 -0.028250
v -0.006644 -0.006016 -0.028250
v -0.006644 -0.005298 -0.028250
v -0.006182 -0.004748 -0.028250
v -0.005475 -0.004623 -0.028250
v -0.004853 -0.004982 -0.028250
v -0.006950 -0.000000 -0.028250
v -0.007196 -0.000675 -0.028250
v -0.007818 -0.001034 -0.028250
v -0.008525 -0.000909 -0.028250
v -0.008987 -0.000359 -0.028250
v -0.008987 0.000359 -0.028250
v -0.008525 0.000909 -0.028250
v -0.007818 0.001034 -0.028250
v -0.007196 0.000675 -0.028250
v -0.004607 0.005657 -0.028250
v -0.004853 0.004982 -0.028250
v -0.005475 0.004623 -0.028250
v -0.006182 0.004748 -0.028250
v -0.006644 0.005298 -0.028250
v -0.006644 0.006016 -0.028250
v -0.006182 0.006566 -0.028250
v -0.005475 0.006691 -0.028250
v -0.004853 0.006332 -0.028250
v 0.001050 0.008000 -0.028250
v 0.000804 0.007325 -0.028250
v 0.000182 0.006966 -0.028250
v -0.000525 0.007091 -0.028250
v -0.000987 0.007641 -0.028250
v -0.000987 0.008359 -0.028250
v -0.000525 0.008909 -0.028250
v 0.000182 0.009034 -0.028250
v 0.000804 0.008675 -0.028250
v 0.006707 0.005657 -0.028250
v 0.006461 0.004982 -0.028250
v 0.005839 0.004623 -0.028250
v 0.005132 0.004748 -0.028250
v 0.004670 0.005298 -0.028250
v 0.004670 0.006016 -0.028250
v 0.005132 0.006566 -0.028250
v 0.005839 0.006691 -0.028250
v 0.006461 0.006332 -0.028250
v 0.011000 0.000000 -0.028250
v 0.008426 0.007071 -0.028250
v 0.001910 0.010833 -0.028250
v -0.005500 0.009526 -0.028250
v -0.010337 0.003762 -0.028250
v -0.010337 -0.003762 -0.028250
v -0.005500 -0.009526 -0.028250
v 0.001910 -0.010833 -0.028250
v 0.008426 -0.007071 -0.028250
vt 0.200000 -0.045379
vt 0.200000 0.045379
vt -0.200000 0.045379
vt -0.200000 -0.045379
vt -0.250000 -0.024234
vt 0.250000 -0.024234
vt 0.250000 0.024234
vt -0.250000 0.024234
vt 0.700000 -0.295093
vt 0.500000 -0.295093
vt 0.500000 -0.343440
vt 0.780000 -0.295093
vt 1.056488 -0.569063
vt 1.183763 -0.196739
vt 1.000000 0.000000
vt 0.766044 -0.642788
vt 0.881492 -0.713516
vt 0.950400 -0.618769
vt 0.250000 0.109956
vt 0.250000 0.183260
vt -0.250000 0.183260
vt -0.250000 0.109956
vt -0.250000 -0.024234
vt 0.250000 -0.024234
vt 0.250000 0.024234
vt -0.250000 0.024234
vt 0.250000 -0.183260
vt 0.250000 -0.109956
vt -0.250000 -0.109956
vt -0.250000 -0.183260
vt 0.250000 -1.891928
vt 0.250000 -1.720904
vt -0.250000 -1.720904
vt -0.250000 -1.891928
vt 0.700000 -0.324483
vt 0.780000 -0.311708
vt 0.700000 -0.236065
vt 0.780000 -0.147647
vt 0.700000 -0.147647
vt 0.750000 -0.412902
vt 0.780000 -0.475769
vt 0.750000 -0.531305
vt 0.780000 -0.639830
vt 0.750000 -0.649709
vt 0.750000 -0.768113
vt 0.780000 -0.803891
vt 0.780000 0.672658
vt 0.750000 0.708436
vt 0.700000 0.708436
vt 0.700000 0.620018
vt 0.780000 0.508597
vt 0.700000 0.531599
vt 0.700000 0.443181
vt 0.500000 0.443181
vt 0.500000 0.394834
vt 0.780000 0.344536
vt 0.500000 0.346487
vt 0.500000 0.298139
vt 0.780000 0.180475
vt 0.000000 0.197891
vt 0.000000 0.097643
vt 0.780000 0.016414
vt -0.000000 -0.002605
vt 0.500000 -0.002605
vt 0.500000 -0.050952
vt 0.500000 0.050952
vt 0.780000 -0.016414
vt 0.780000 0.147647
vt 0.500000 0.099300
vt 0.700000 0.324483
vt 0.780000 0.311708
vt 0.750000 0.412902
vt 0.700000 0.412902
vt 0.700000 0.118257
vt 0.780000 0.131032
vt 0.700000 0.206675
vt 0.780000 0.295093
vt 0.700000 0.295093
vt 0.750000 0.029838
vt 0.780000 -0.033029
vt 0.750000 -0.088565
vt 0.780000 -0.197090
vt 0.750000 -0.206969
vt 0.750000 -0.325373
vt 0.780000 -0.361151
vt 0.700000 -0.325373
vt 0.700000 -0.413791
vt 0.780000 -0.525212
vt 0.700000 -0.502209
vt 0.700000 -0.590627
vt 0.500000 -0.590627
vt 0.500000 -0.638975
vt 0.780000 -0.689273
vt 0.500000 -0.687322
vt 0.500000 -0.735669
vt 0.780000 0.623215
vt -0.000000 0.640631
vt 0.000000 0.540383
vt 0.780000 0.459154
vt -0.000000 0.440135
vt 0.500000 0.440135
vt 0.500000 0.391788
vt 0.500000 -0.391788
vt 0.780000 -0.459154
vt 0.100000 -0.226893
vt 0.100000 -0.136136
vt -0.000000 -0.136136
vt 0.000000 -0.226893
vt 0.250000 -0.329867
vt 0.250000 -0.256563
vt -0.250000 -0.256563
vt -0.250000 -0.329867
vt 0.056859 0.228018
vt -0.103010 0.211220
vt -0.214680 0.095590
vt -0.225899 -0.064767
vt -0.123031 0.022100
vt -0.080041 0.096012
vt 0.000400 0.124999
vt 0.080655 0.095498
vt 0.123170 0.021312
vt 0.108052 -0.062846
vt 0.169039 -0.163250
vt 0.234427 -0.016401
vt 0.190124 0.138123
vt 1.183763 0.196739
vt 1.183763 -0.196739
vt 1.056488 -0.569063
vt 1.144385 -0.569230
vt 1.226073 -0.601681
vt 1.290124 -0.661877
vt 1.431937 -0.228158
vt 1.431937 0.228158
vt 1.290124 0.661877
vt 1.226073 0.601681
vt 1.144385 0.569230
vt 1.056488 0.569063
vt -0.500000 0.729388
vt -0.000000 0.729388
vt 0.000000 0.841409
vt -0.500000 0.841409
vt -0.200000 -0.136136
vt -0.200000 -0.226893
vt -0.050000 -0.226893
vt -0.050000 -0.136136
vt 0.200000 0.317650
vt 0.200000 0.408407
vt -0.200000 0.408407
vt -0.200000 0.317650
vt 0.250000 0.183260
vt 0.250000 0.256563
vt -0.250000 0.256563
vt -0.250000 0.183260
vt -2.042915 0.174784
vt -2.192015 0.234864
vt -2.178294 0.123101
vt -2.104244 0.080348
vt -2.075000 0.000000
vt -2.104244 -0.080348
vt -2.178294 -0.123101
vt -2.262500 -0.108253
vt -2.317462 -0.042753
vt -2.317462 0.042753
vt -2.344851 0.185049
vt -2.429910 0.048647
vt -2.407391 -0.110517
vt -2.287832 -0.217969
vt -2.127175 -0.223431
vt -2.000594 -0.124347
vt -1.967317 0.032920
vt -0.250000 -0.024234
vt 0.250000 -0.024234
vt 0.250000 0.024234
vt -0.250000 0.024234
vt 0.500000 -0.099300
vt 0.500000 -0.147647
vt 0.000000 -0.130900
vt 0.000000 -0.261799
vt 0.250000 -0.261799
vt 0.250000 -0.130900
vt 0.100000 0.256563
vt 0.100000 0.329867
vt -0.100000 0.329867
vt -0.100000 0.256563
vt -1.967317 1.567080
vt -2.000594 1.724347
vt -2.127175 1.823431
vt -2.287832 1.817969
vt -2.262500 1.708253
vt -2.178294 1.723101
vt -2.104244 1.680348
vt -2.075000 1.600000
vt -2.104244 1.519652
vt -2.178294 1.476899
vt -2.262500 1.491747
vt -2.192015 1.365136
vt -2.042915 1.425216
vt -0.912083 0.225042
vt -1.051338 0.177914
vt -0.880435 0.067493
vt -0.818233 0.103405
vt -0.747500 0.090933
vt -0.820028 0.339667
vt 0.100000 0.989602
vt 0.100000 1.272345
vt -0.100000 1.272345
vt -0.100000 0.989602
vt 0.125000 1.600000
vt 0.095756 1.519652
vt 0.056859 1.371982
vt 0.190124 1.461877
vt 0.234427 1.616401
vt 0.169039 1.763250
vt 0.024556 1.833713
vt -0.131417 1.794819
vt -0.225899 1.664767
vt -0.214680 1.504410
vt -0.103010 1.388780
vt 0.021706 1.476899
vt -0.062500 1.491747
vt -0.117462 1.557247
vt -0.117462 1.642753
vt -0.062500 1.708253
vt 0.021706 1.723101
vt 0.095756 1.680348
vt 0.100000 0.109956
vt 0.100000 0.183260
vt -0.100000 0.183260
vt -0.100000 0.109956
vt 0.100000 0.109956
vt 0.100000 0.183260
vt -0.100000 0.183260
vt -0.100000 0.109956
vt -0.200000 -0.136136
vt -0.200000 -0.226893
vt -0.050000 -0.226893
vt -0.050000 -0.136136
vt 0.100000 -0.036652
vt 0.100000 0.036652
vt -0.100000 0.036652
vt -0.100000 -0.036652
vt 0.100000 -0.109956
vt 0.100000 -0.036652
vt -0.100000 -0.036652
vt -0.100000 -0.109956
vt 0.100000 0.018755
vt -0.150000 0.018755
vt -0.150000 -0.018755
vt 0.100000 -0.018755
vt -0.200000 -0.080285
vt -0.200000 -0.240855
vt -0.100000 -0.240855
vt -0.100000 -0.080285
vt 0.220000 0.139626
vt 0.000000 0.139626
vt 0.000000 0.000000
vt 0.220000 0.000000
vt 0.350000 -0.123096
vt 0.350000 -0.041032
vt -0.000000 -0.041032
vt 0.000000 -0.123096
vt 0.500000 -0.233178
vt -0.250000 0.024234
vt 0.250000 0.024234
vt 0.000000 -0.233178
vt 0.100000 0.109956
vt 0.100000 0.183260
vt -0.100000 0.183260
vt -0.100000 0.109956
vt -1.333229 2.687500
vt -1.484427 2.561223
vt -1.623723 2.421927
vt -1.425470 2.227970
vt -1.393886 2.314746
vt -1.313912 2.360919
vt -1.222970 2.344883
vt -1.163611 2.274143
vt -1.163611 2.181797
vt -1.222970 2.111056
vt -1.313912 2.095021
vt -1.393886 2.141194
vt -1.225000 1.737500
vt -1.195756 1.817848
vt -1.121706 1.860601
vt -1.037500 1.845753
vt -0.982538 1.780253
vt -0.982538 1.694747
vt -1.037500 1.629247
vt -1.121706 1.614399
vt -1.195756 1.657152
vt -1.750000 2.270729
vt -1.750000 -2.087500
vt -1.393886 -0.439746
vt -1.425470 -0.352970
vt -1.393886 -0.266194
vt -1.313912 -0.220021
vt -1.222970 -0.236056
vt -1.121706 0.014399
vt -1.195756 0.057152
vt -1.225000 0.137500
vt -1.195756 0.217848
vt -1.121706 0.260601
vt -1.037500 0.245753
vt -0.982538 0.180253
vt -0.982538 0.094747
vt -1.037500 0.029247
vt -1.163611 -0.306797
vt -1.163611 -0.399143
vt -1.222970 -0.469883
vt -1.313912 -0.485919
vt -1.195756 -2.182152
vt -1.121706 -2.139399
vt -1.037500 -2.154247
vt -0.982538 -2.219747
vt -0.982538 -2.305253
vt -1.037500 -2.370753
vt -1.121706 -2.385601
vt -1.195756 -2.342848
vt -1.225000 -2.262500
vt -1.669615 -2.387500
vt -1.450000 -2.607115
vt -1.150000 -2.687500
vt 1.150000 -2.687500
vt 1.450000 -2.607115
vt 1.669615 -2.387500
vt 1.750000 -2.087500
vt 1.417328 -0.306797
vt 1.417328 -0.399143
vt 1.357970 -0.469883
vt 1.267027 -0.485919
vt 1.187054 -0.439746
vt 1.078294 -2.139399
vt 1.162500 -2.154247
vt 1.217462 -2.219747
vt 1.217462 -2.305253
vt 1.162500 -2.370753
vt 1.078294 -2.385601
vt 1.004244 -2.342848
vt 0.975000 -2.262500
vt -0.173648 -0.047308
vt -0.766044 0.294712
vt -1.000000 0.937500
vt -0.766044 1.580288
vt -0.173648 1.922308
vt 0.500000 1.803525
vt 0.939693 1.279520
vt 1.078294 1.614399
vt 1.004244 1.657152
vt 0.975000 1.737500
vt 1.004244 1.817848
vt 1.078294 1.860601
vt 1.162500 1.845753
vt 1.267027 2.095021
vt 1.187054 2.141194
vt 1.155470 2.227970
vt 1.187054 2.314746
vt 1.267027 2.360919
vt 1.357970 2.344883
vt 1.417328 2.274143
vt 1.484427 2.561223
vt 1.333229 2.687500
vt 0.700000 0.147647
vt 0.500000 0.147647
vt -0.800000 1.574931
vt -0.800000 1.523797
vt -0.000000 1.523797
vt -0.000000 1.574931
vt 0.000000 -0.656244
vt 0.780000 -0.656244
vt 0.780000 -0.492183
vt 0.000000 -0.492183
vt -0.350000 1.001886
vt 0.000000 1.001886
vt -0.000000 0.041032
vt 0.350000 0.041032
vt 0.000000 -0.329867
vt 0.000000 -0.424115
vt 0.900000 -0.424115
vt 0.900000 -0.329867
vt 1.078294 0.014399
vt 1.004244 0.057152
vt 1.155470 -0.352970
vt 1.187054 -0.266194
vt 1.162500 0.029247
vt -0.043128 -0.117324
vt -0.108453 -0.062153
vt -0.131417 -0.194819
vt 0.024556 -0.233713
vt 0.042376 -0.117598
vt 0.250000 0.183260
vt 0.250000 0.256563
vt -0.250000 0.256563
vt -0.250000 0.183260
vt 0.250000 -0.183260
vt 0.250000 -0.109956
vt -0.250000 -0.109956
vt -0.250000 -0.183260
vt 0.350000 -0.123096
vt 0.350000 -0.041032
vt -0.000000 -0.041032
vt -0.000000 -0.123096
vt -0.200000 -0.561996
vt -0.200000 -0.722566
vt -0.100000 -0.722566
vt -0.100000 -0.561996
vt 0.485811 0.804068
vt 0.513185 0.656618
vt 0.583918 0.669090
vt 0.617604 0.869212
vt 0.000000 0.279253
vt 0.220000 0.279253
vt 0.220000 0.418879
vt -0.000000 0.418879
vt -0.000000 0.026180
vt -0.000000 -0.026180
vt 0.250000 -0.026180
vt 0.250000 0.026180
vt 0.250000 -0.072702
vt 0.250000 -0.024234
vt -0.250000 -0.024234
vt -0.250000 -0.072702
vt 0.250000 0.256563
vt 0.250000 0.329867
vt -0.250000 0.329867
vt -0.250000 0.256563
vt 0.000000 -0.329867
vt 0.000000 -0.424115
vt 0.900000 -0.424115
vt 0.900000 -0.329867
vt 0.250000 0.256563
vt 0.250000 0.329867
vt -0.250000 0.329867
vt -0.250000 0.256563
vt -0.200000 0.226893
vt -0.200000 0.136136
vt -0.050000 0.136136
vt -0.050000 0.226893
vt -0.200000 -0.240855
vt -0.200000 -0.401426
vt -0.100000 -0.401426
vt -0.100000 -0.240855
vt 0.100000 0.256563
vt 0.100000 0.329867
vt -0.100000 0.329867
vt -0.100000 0.256563
vt 0.250000 0.036652
vt 0.250000 0.109956
vt -0.250000 0.109956
vt -0.250000 0.036652
vt 0.200000 0.226893
vt 0.200000 0.317650
vt -0.200000 0.317650
vt -0.200000 0.226893
vt 0.100000 -0.256563
vt 0.100000 -0.183260
vt -0.100000 -0.183260
vt -0.100000 -0.256563
vt 0.000000 -0.218166
vt 0.000000 -0.305433
vt 0.120000 -0.305433
vt 0.120000 -0.218166
vt 0.100000 0.183260
vt 0.100000 0.256563
vt -0.100000 0.256563
vt -0.100000 0.183260
vt 0.250000 0.183260
vt 0.250000 0.256563
vt -0.250000 0.256563
vt -0.250000 0.183260
vt 0.000000 0.279253
vt 0.220000 0.279253
vt 0.220000 0.418879
vt -0.000000 0.418879
vt -0.000000 -0.047124
vt 0.000000 -0.141372
vt 0.900000 -0.141372
vt 0.900000 -0.047124
vt 0.225743 -1.280250
vt 1.168310 -1.334932
vt 1.168310 -1.246007
vt 1.225470 -1.177887
vt 1.313044 -1.162445
vt 0.995858 -0.835624
vt -0.335892 -0.000000
vt -0.335892 0.800000
vt -0.980634 0.800000
vt -0.980634 -0.000000
vt -0.350000 1.041770
vt -0.350000 0.999944
vt -0.000000 0.999944
vt -0.000000 1.041770
vt 0.100000 -0.183260
vt 0.100000 -0.109956
vt -0.100000 -0.109956
vt -0.100000 -0.183260
vt 0.000000 0.687329
vt 0.000000 0.229110
vt 0.200000 0.229110
vt 0.200000 0.687329
vt 0.100000 -0.109956
vt 0.100000 -0.036652
vt -0.100000 -0.036652
vt -0.100000 -0.109956
vt 0.200000 0.136136
vt -0.200000 0.136136
vt 0.100000 -0.109956
vt 0.100000 -0.036652
vt -0.100000 -0.036652
vt -0.100000 -0.109956
vt 0.800000 0.035816
vt -0.000000 0.035816
vt 0.000000 -0.035816
vt 0.800000 -0.035816
vt 0.250000 0.109956
vt 0.250000 0.183260
vt -0.250000 0.183260
vt -0.250000 0.109956
vt 0.200000 -0.226893
vt 0.200000 -0.136136
vt -0.200000 -0.136136
vt -0.200000 -0.226893
vt 0.780000 0.164061
vt 0.000000 0.164061
vt 0.000000 0.000000
vt 0.780000 0.000000
vt 0.200000 4.784419
vt 0.000000 4.784419
vt -0.000000 4.326200
vt 0.200000 4.326200
vt -0.300000 1.560810
vt -0.300000 1.387902
vt -0.000000 1.387902
vt -0.000000 1.560810
vt -0.448127 0.517529
vt -0.541145 0.485739
vt -0.607782 0.413471
vt -0.631939 0.318186
vt -0.631939 -0.357985
vt -0.605144 -0.457985
vt -0.531939 -0.531190
vt -0.431939 -0.557985
vt -0.248219 -0.559049
vt -0.181315 -0.567533
vt -0.110069 -0.568255
vt -0.043091 -0.543955
vt 0.011119 -0.497719
vt 0.419292 0.001367
vt 0.464416 0.123116
vt 0.425270 0.246916
vt 0.318352 0.320589
vt 0.152367 0.375577
vt -0.007703 0.445949
vt -0.160436 0.531080
vt -0.220624 0.555968
vt -0.285618 0.560197
vt -0.348524 0.543319
vt -0.380662 0.530919
vt -0.414010 0.522284
vt 0.100000 -0.036652
vt 0.100000 0.036652
vt -0.100000 0.036652
vt -0.100000 -0.036652
vt 0.100000 -0.036652
vt 0.100000 0.036652
vt -0.100000 0.036652
vt -0.100000 -0.036652
vt 0.000000 -0.279089
vt 0.500000 -0.279089
vt 0.500000 0.279089
vt 0.000000 0.279089
vt 0.000000 -0.418879
vt 0.220000 -0.418879
vt 0.220000 -0.279253
vt 0.000000 -0.279253
vt 0.100000 -0.256563
vt 0.100000 -0.183260
vt -0.100000 -0.183260
vt -0.100000 -0.256563
vt 0.250000 -0.036652
vt 0.250000 0.036652
vt -0.250000 0.036652
vt -0.250000 -0.036652
vt 0.700000 -0.412902
vt 0.780000 0.475769
vt 0.700000 0.236065
vt -0.000000 0.200000
vt -0.000000 -0.200000
vt 0.200000 -0.000000
vt 0.020000 0.093007
vt 0.902473 -0.020000
vt 0.902473 0.200000
vt 0.500000 0.002605
vt -0.000000 0.002605
vt 0.000000 -0.097643
vt 0.780000 -0.180475
vt 0.000000 -0.197891
vt 0.500000 -0.298139
vt 0.780000 -0.344536
vt 0.500000 -0.346487
vt 0.500000 -0.394834
vt 0.500000 -0.443181
vt 0.700000 -0.443181
vt 0.780000 -0.508597
vt 0.700000 -0.531599
vt 0.700000 -0.620018
vt 0.780000 -0.672658
vt 0.700000 -0.708436
vt 0.750000 -0.708436
vt 0.780000 -0.836719
vt 0.750000 -0.826840
vt 0.780000 0.639830
vt 0.750000 0.649709
vt 0.750000 0.531305
vt 0.700000 0.029838
vt 0.750000 -0.029838
vt 0.780000 -0.131032
vt 0.780000 0.033029
vt 0.700000 -0.118257
vt 0.700000 -0.206675
vt 0.100000 0.026180
vt 0.100000 0.078540
vt -0.150000 0.078540
vt -0.150000 0.026180
vt 0.500000 -0.440135
vt -0.000000 -0.440135
vt 0.000000 -0.540383
vt 0.780000 -0.623215
vt 0.000000 -0.640631
vt -0.000000 -0.735669
vt 0.000000 -0.835917
vt 0.780000 -0.853334
vt 0.780000 0.689273
vt 0.500000 0.735669
vt 0.500000 0.687322
vt 0.500000 0.638975
vt 0.500000 0.590627
vt 0.700000 0.590627
vt 0.780000 0.525212
vt 0.700000 0.502209
vt 0.700000 0.413791
vt 0.780000 0.361151
vt 0.700000 0.325373
vt 0.750000 0.325373
vt 0.780000 0.197090
vt 0.750000 0.206969
vt 0.750000 0.088565
vt -0.200000 0.036652
vt -0.200000 -0.036652
vt -0.020000 -0.036652
vt -0.020000 0.036652
vt -1.074354 -1.033596
vt -1.122615 -1.033909
vt -1.169923 -1.024356
vt -0.435528 -1.492763
vt 0.435528 -1.492763
vt 1.169923 -1.024356
vt 1.122615 -1.033909
vt 1.074354 -1.033596
vt 1.027175 -1.023431
vt 0.376140 -1.400364
vt -0.376140 -1.400364
vt -1.027175 -1.023431
vt -0.000000 -0.047124
vt 0.000000 -0.141372
vt 0.900000 -0.141372
vt 0.900000 -0.047124
vt 0.500000 -0.212965
vt 0.500000 -0.141977
vt 0.000000 -0.141977
vt 0.000000 -0.212965
vt -1.530022 -0.277593
vt -1.334986 -0.797395
vt -1.329498 -0.749446
vt -1.314331 -0.703629
vt -1.290124 -0.661877
vt -1.431937 -0.228158
vt -1.431937 0.228158
vt -1.290124 0.661877
vt -1.314331 0.703629
vt -1.329498 0.749446
vt -1.334986 0.797395
vt -1.530022 0.277593
vt -0.467018 0.529773
vt -0.354052 0.432602
vt -0.317287 0.537428
vt -0.467018 0.601598
vt -1.122615 1.033909
vt -1.074354 1.033596
vt -1.027175 1.023431
vt -0.376140 1.400364
vt 0.376140 1.400364
vt 1.027175 1.023431
vt 1.074354 1.033596
vt 1.122615 1.033909
vt 1.169923 1.024356
vt 0.435528 1.492763
vt -0.435528 1.492763
vt -1.169923 1.024356
vt 0.000000 -0.656244
vt 0.780000 -0.656244
vt 0.780000 -0.492183
vt 0.000000 -0.492183
vt 0.100000 0.109956
vt 0.100000 0.183260
vt -0.100000 0.183260
vt -0.100000 0.109956
vt 0.800000 -0.429683
vt -0.000000 -0.429683
vt -0.000000 -0.529001
vt 0.800000 -0.529001
vt 0.100000 -0.424115
vt 0.100000 -0.141372
vt -0.100000 -0.141372
vt -0.100000 -0.424115
vt 0.250000 -0.329867
vt 0.250000 -0.256563
vt -0.250000 -0.256563
vt -0.250000 -0.329867
vt 0.000000 -0.418879
vt 0.220000 -0.418879
vt 0.220000 -0.279253
vt 0.000000 -0.279253
vt 1.431937 -0.228158
vt 1.290124 -0.661877
vt 1.314331 -0.703629
vt 1.329498 -0.749446
vt 1.334986 -0.797395
vt 1.530022 -0.277593
vt 1.530022 0.277593
vt 1.334986 0.797395
vt 1.329498 0.749446
vt 1.314331 0.703629
vt 1.290124 0.661877
vt 1.431937 0.228158
vt -0.200000 -0.183260
vt -0.200000 -0.256563
vt -0.020000 -0.256563
vt -0.020000 -0.183260
vt 0.200000 -0.141372
vt 0.200000 0.141372
vt -0.200000 0.141372
vt -0.200000 -0.141372
vt 0.000000 -0.235619
vt 0.900000 -0.235619
vt -0.062500 0.108253
vt 0.021706 0.123101
vt 0.095756 0.080348
vt 0.125000 0.000000
vt 0.180020 -0.151055
vt 0.235000 0.000000
vt 0.180020 0.151055
vt 0.040807 0.231430
vt -0.117500 0.203516
vt -0.220828 0.080375
vt -0.220828 -0.080375
vt -0.117500 -0.203516
vt 0.040807 -0.231430
vt 0.095756 -0.080348
vt 0.021706 -0.123101
vt -0.062500 -0.108253
vt -0.117462 -0.042753
vt -0.117462 0.042753
vt -0.000000 0.141372
vt -0.000000 0.047124
vt 0.900000 0.047124
vt 0.900000 0.141372
vt -0.117462 0.042753
vt -0.062500 0.108253
vt -0.117500 0.203516
vt -0.220828 0.080375
vt -0.220828 -0.080375
vt -0.117500 -0.203516
vt -0.117462 -0.042753
vt 0.300000 -0.022299
vt -0.000000 -0.022299
vt -0.000000 1.214993
vt -0.300000 1.214993
vt -0.000000 0.141372
vt -0.000000 0.047124
vt 0.900000 0.047124
vt 0.900000 0.141372
vt -0.000000 -0.432508
vt -0.800000 -0.432508
vt -0.800000 -0.530413
vt 0.000000 -0.530413
vt 0.100000 -0.078540
vt 0.100000 -0.026180
vt -0.150000 -0.026180
vt -0.150000 -0.078540
vt 0.500000 -0.070988
vt 0.500000 0.000000
vt 0.000000 0.000000
vt 0.000000 -0.070988
vt -0.200000 0.722566
vt -0.200000 0.561996
vt -0.100000 0.561996
vt -0.100000 0.722566
vt -0.100000 -0.680678
vt 0.100000 -0.680678
vt 0.100000 0.000000
vt -0.100000 0.000000
vt 0.500000 -0.141977
vt 0.500000 -0.070988
vt 0.000000 -0.070988
vt 0.000000 -0.141977
vt -0.500000 0.729388
vt -0.000000 0.729388
vt 0.000000 0.841409
vt -0.500000 0.841409
vt 1.130554 0.617354
vt 1.207500 0.709054
vt 1.043535 0.942682
vt 0.694827 0.715029
vt 0.660714 0.697184
vt 0.623814 0.686205
vt 0.585495 0.682500
vt -1.155000 0.682500
vt -1.205000 0.669103
vt -1.241603 0.632500
vt -1.255000 0.582500
vt -1.255000 0.432500
vt -1.288494 0.307500
vt -1.380000 0.215994
vt -1.505000 0.182500
vt -1.655000 0.182500
vt -1.705000 0.169103
vt -1.741603 0.132500
vt -1.755000 0.082500
vt -1.755000 -0.417500
vt -1.338205 -0.222970
vt -1.355000 -0.167500
vt -1.338205 -0.112030
vt -1.293462 -0.075192
vt -1.146838 0.015104
vt -1.035322 0.146314
vt -0.950374 0.345289
vt -0.915678 0.372719
vt -0.872544 0.382500
vt 0.262544 0.382500
vt 0.305678 0.372719
vt 0.340374 0.345289
vt 0.425322 0.146314
vt 0.536838 0.015104
vt 0.683462 -0.075192
vt 0.728205 -0.112030
vt 0.745000 -0.167500
vt 0.728205 -0.222970
vt 0.683462 -0.259808
vt 0.536838 -0.350104
vt 0.425322 -0.481314
vt 0.340374 -0.680289
vt 0.305678 -0.707719
vt 0.262544 -0.717500
vt -0.872544 -0.717500
vt -0.915678 -0.707719
vt -0.950374 -0.680289
vt -1.035322 -0.481314
vt -1.288494 -0.642500
vt -1.255000 -0.767500
vt -1.255000 -0.917500
vt -1.241603 -0.967500
vt -1.205000 -1.004103
vt -1.155000 -1.017500
vt 0.545000 -1.017500
vt 0.595000 -1.004103
vt 0.631603 -0.967500
vt 0.645000 -0.917500
vt 0.645000 -0.767500
vt 0.678494 -0.642500
vt 0.770000 -0.550994
vt 0.895000 -0.517500
vt 1.228357 -0.517500
vt 1.264993 -0.510547
vt 1.296535 -0.490656
vt 1.318596 -0.460591
vt 1.710101 0.359281
vt 1.745539 0.650315
vt 1.429058 0.669988
vt 1.470000 0.557500
vt 1.429058 0.445012
vt 1.325388 0.385159
vt 1.207500 0.405946
vt 1.130554 0.497646
vt -0.100000 0.026180
vt -0.100000 -0.026180
vt 0.150000 -0.026180
vt 0.150000 0.026180
vt 0.100000 0.256563
vt 0.100000 0.329867
vt -0.100000 0.329867
vt -0.100000 0.256563
vt 0.000000 0.392699
vt 0.000000 0.305433
vt 0.120000 0.305433
vt 0.120000 0.392699
vt 0.000000 0.130900
vt 0.000000 0.043633
vt 0.120000 0.043633
vt 0.120000 0.130900
vt -0.234315 0.350000
vt -0.234315 0.000000
vt -0.165685 0.000000
vt -0.165685 0.350000
vt -0.200000 0.045379
vt -0.050000 0.045379
vt -0.900000 -0.157080
vt -0.900000 -0.471239
vt -0.000000 -0.471239
vt -0.000000 -0.157080
vt 0.100000 0.000000
vt 0.100000 0.197060
vt -0.100000 0.197060
vt -0.100000 0.000000
vt 0.000000 0.329867
vt 0.000000 0.235619
vt 0.900000 0.235619
vt 0.900000 0.329867
vt 1.629916 -0.442730
vt 1.604606 -0.399949
vt 1.536764 -0.332107
vt 1.480648 -0.221972
vt 1.499984 -0.099887
vt 1.587387 -0.012484
vt 1.709472 0.006852
vt 1.819607 -0.049264
vt 1.835138 -0.064795
vt 1.891385 -0.093033
vt 1.953361 -0.082076
vt 1.996517 -0.036265
vt 2.028403 0.040714
vt 2.030280 0.103623
vt 1.994204 0.155195
vt 1.934464 0.175000
vt 1.912500 0.175000
vt 1.794943 0.213197
vt 1.722289 0.313197
vt 1.722289 0.436803
vt 1.794943 0.536803
vt 1.912500 0.575000
vt 1.934464 0.575000
vt 1.994204 0.594805
vt 2.030280 0.646377
vt 2.028403 0.709286
vt 1.996517 0.786265
vt 1.953361 0.832076
vt 1.891385 0.843033
vt 1.835138 0.814795
vt 1.819607 0.799264
vt 1.709472 0.743148
vt 1.587387 0.762484
vt 1.499984 0.849887
vt 1.480648 0.971972
vt 1.536764 1.082107
vt 1.552295 1.097638
vt 1.580533 1.153885
vt 1.569576 1.215861
vt 1.523765 1.259017
vt 1.446786 1.290903
vt 1.383877 1.292780
vt 1.332305 1.256704
vt 1.312500 1.196964
vt 1.312500 1.175000
vt 1.274303 1.057443
vt 1.174303 0.984789
vt 1.050697 0.984789
vt 0.950697 1.057443
vt 0.912500 1.175000
vt 0.912500 1.201363
vt 0.894617 1.258432
vt 0.847363 1.295089
vt 0.787640 1.298223
vt 0.426906 1.205639
vt 0.393431 1.193793
vt 0.362578 1.176213
vt 0.335320 1.153455
vt 0.209863 1.003686
vt 0.112879 0.834084
vt 0.358876 0.872281
vt 0.358876 1.009089
vt 0.446815 1.113891
vt 0.581544 1.137647
vt 0.700023 1.069243
vt 0.746815 0.940685
vt 0.700023 0.812128
vt 0.581544 0.743724
vt 0.446815 0.767480
vt 0.047430 0.650000
vt 0.347230 0.571962
vt 0.465709 0.503558
vt 0.512500 0.375000
vt 0.465709 0.246442
vt 0.347230 0.178038
vt 0.212500 0.201795
vt 0.124561 0.306596
vt 0.124561 0.443404
vt 0.007768 0.572376
vt -0.061145 0.518996
vt -0.146220 0.500000
vt -0.979883 0.500563
vt -0.994798 0.502250
vt -1.598178 0.639900
vt -1.587914 0.333562
vt -1.557500 0.250000
vt -1.587914 0.166438
vt -1.664926 0.121975
vt -1.554167 -0.127124
vt -1.474412 -0.088517
vt -1.405114 -0.033299
vt -1.349673 0.035820
vt -1.292934 0.094311
vt -1.217572 0.125313
vt -1.136099 0.123680
vt -1.040030 0.102250
vt -1.025115 0.100563
vt -0.097614 0.100000
vt -0.019930 0.084296
vt 0.045555 0.039652
vt 0.088558 -0.026923
vt 0.161399 -0.177637
vt 0.256266 -0.315553
vt 0.446815 -0.363891
vt 0.358876 -0.259089
vt 0.358876 -0.122281
vt 0.446815 -0.017480
vt 0.581544 0.006276
vt 0.731924 0.236482
vt 0.731924 0.513518
vt 0.910000 0.725740
vt 1.182828 0.773847
vt 1.422748 0.635329
vt 1.517500 0.375000
vt 1.422748 0.114671
vt 1.182828 -0.023847
vt 0.910000 0.024260
vt 0.746815 -0.190685
vt 0.700023 -0.319243
vt 0.581544 -0.387647
vt 0.924561 -0.493404
vt 0.924561 -0.356596
vt 1.012500 -0.251795
vt 1.147230 -0.228038
vt 1.265709 -0.296442
vt 1.312500 -0.425000
vt 1.265709 -0.553558
vt 1.147230 -0.621962
vt 0.812086 -0.866438
vt 0.842500 -0.950000
vt 0.812086 -1.033562
vt 0.735074 -1.078025
vt 0.927044 -1.287596
vt 1.012795 -1.214240
vt 1.608969 -0.536719
vt 1.631501 -0.492412
vt -0.100000 -0.026180
vt -0.100000 -0.078540
vt 0.150000 -0.078540
vt 0.150000 -0.026180
vt -0.250000 0.024234
vt 0.250000 0.024234
vt -0.000000 -0.233178
vt 0.500000 -0.233178
vt 0.120000 -0.284016
vt -0.000000 -0.305433
vt 0.120000 -0.371283
vt 0.000000 -0.392699
vt 0.120000 -0.458549
vt 0.120000 0.326849
vt 0.000000 0.392699
vt -0.000000 0.305433
vt 0.120000 0.239582
vt 0.000000 0.218166
vt 0.120000 0.152316
vt 0.000000 0.130900
vt 0.120000 0.065050
vt 0.000000 0.043633
vt 0.120000 -0.022217
vt 0.000000 -0.043633
vt 0.120000 -0.109483
vt 0.000000 -0.130900
vt 0.120000 -0.196750
vt 0.000000 -0.218166
vt 0.000000 -0.130900
vt 0.000000 -0.261799
vt 0.250000 -0.261799
vt 0.250000 -0.130900
vt -0.200000 -0.183260
vt -0.200000 -0.256563
vt -0.020000 -0.256563
vt -0.020000 -0.183260
vt -0.200000 -0.329867
vt -0.020000 -0.329867
vt 0.000000 0.148455
vt 0.000000 0.049485
vt 0.350000 0.049485
vt 0.350000 0.148455
vt 0.000000 0.305433
vt 0.000000 0.218166
vt 0.120000 0.218166
vt 0.120000 0.305433
vt -0.200000 0.722566
vt -0.200000 0.561996
vt -0.100000 0.561996
vt -0.100000 0.722566
vt -1.149647 0.028501
vt -0.898668 -0.035912
vt -0.898668 0.035912
vt -1.146822 0.085433
vt -0.000000 1.387902
vt -0.300000 1.387902
vt 0.100000 0.183260
vt 0.100000 0.256563
vt -0.100000 0.256563
vt -0.100000 0.183260
vt 0.250000 0.109956
vt -0.250000 0.109956
vt 0.250000 0.036652
vt 0.250000 0.109956
vt -0.250000 0.109956
vt -0.250000 0.036652
vt 0.000000 0.656244
vt 0.780000 0.656244
vt 0.780000 0.820305
vt 0.000000 0.820305
vt 0.500000 -0.531193
vt 0.500000 -0.382186
vt 0.000000 -0.382186
vt 0.000000 -0.531193
vt 0.250000 -2.795135
vt 0.250000 -2.624112
vt -0.250000 -2.624112
vt -0.250000 -2.795135
vt -0.200000 0.401426
vt -0.200000 0.240855
vt -0.100000 0.240855
vt -0.100000 0.401426
vt 0.100000 -0.036652
vt 0.100000 0.036652
vt -0.100000 0.036652
vt -0.100000 -0.036652
vt 0.100000 -0.109956
vt 0.100000 -0.036652
vt -0.100000 -0.036652
vt -0.100000 -0.109956
vt 0.000000 5.000217
vt -0.000000 5.171896
vt -0.800000 5.171896
vt -0.800000 5.000217
vt -0.000000 0.123096
vt -0.000000 0.041032
vt 0.350000 0.041032
vt 0.350000 0.123096
vt 0.100000 0.256563
vt 0.100000 0.329867
vt -0.100000 0.329867
vt -0.100000 0.256563
vt -0.200000 0.032013
vt -0.200000 -0.032013
vt 0.020000 -0.032013
vt 0.020000 0.032013
vt 0.100000 -0.989602
vt 0.100000 -0.706858
vt -0.100000 -0.706858
vt -0.100000 -0.989602
vt -0.000000 0.000000
vt -0.000000 0.220000
vt -0.026363 0.220000
vt -0.026363 0.000000
vt -0.100000 0.078540
vt -0.100000 0.026180
vt 0.150000 0.026180
vt 0.150000 0.078540
vt 0.800000 0.035816
vt 0.000000 0.035816
vt -0.000000 -0.035816
vt 0.800000 -0.035816
vt 0.100000 -0.183260
vt 0.100000 -0.109956
vt -0.100000 -0.109956
vt -0.100000 -0.183260
vt -0.000000 0.066896
vt -0.000000 0.022299
vt 0.300000 0.022299
vt 0.300000 0.066896
vt 0.250000 -0.109956
vt 0.250000 -0.036652
vt -0.250000 -0.036652
vt -0.250000 -0.109956
vt 0.100000 0.256563
vt -0.100000 0.256563
vt -0.250000 2.090206
vt 0.250000 2.090206
vt 0.250000 2.786942
vt -0.250000 2.786942
vt 0.100000 0.036652
vt 0.100000 0.109956
vt -0.100000 0.109956
vt -0.100000 0.036652
vt 0.500000 -0.233178
vt -0.250000 0.072702
vt -0.250000 0.024234
vt 0.250000 0.024234
vt 0.000000 -0.233178
vt 0.100000 0.000000
vt 0.100000 0.197060
vt -0.100000 0.197060
vt -0.100000 0.000000
vt 0.200000 -0.305433
vt 0.200000 -0.183260
vt -0.200000 -0.183260
vt -0.200000 -0.305433
vt 0.250000 0.109956
vt 0.250000 0.183260
vt -0.250000 0.183260
vt -0.250000 0.109956
vt 1.266188 -0.651986
vt 1.359206 -0.683776
vt 1.425843 -0.756043
vt 1.393886 -0.439746
vt 1.313912 -0.485919
vt 1.222970 -0.469883
vt -0.000000 0.141372
vt -0.000000 0.047124
vt 0.900000 0.047124
vt 0.900000 0.141372
vt -0.250000 0.250000
vt -0.250000 0.000000
vt -0.100000 0.000000
vt -0.100000 0.250000
vt 0.250000 0.036652
vt -0.250000 0.036652
vt -1.431937 -0.228158
vt -1.290124 -0.661877
vt -1.226073 -0.601681
vt -1.144385 -0.569230
vt -1.056488 -0.569063
vt -1.183763 -0.196739
vt -1.183763 0.196739
vt -1.056488 0.569063
vt -1.144385 0.569230
vt -1.226073 0.601681
vt -1.290124 0.661877
vt -1.431937 0.228158
vt 0.250000 0.256563
vt 0.250000 0.329867
vt -0.250000 0.329867
vt -0.250000 0.256563
vt 0.800000 -0.108461
vt 0.800000 -0.036154
vt -0.000000 -0.036154
vt 0.000000 -0.108461
vt 0.500000 -0.531193
vt 0.500000 -0.382186
vt 0.000000 -0.382186
vt 0.000000 -0.531193
vt 0.000000 -0.196559
vt -0.000000 -0.137758
vt -0.300000 -0.137758
vt -0.300000 -0.196559
vt 0.000000 0.130900
vt -0.000000 0.043633
vt 0.120000 0.043633
vt 0.120000 0.130900
vt -0.300000 1.214993
vt -0.000000 1.214993
vt -0.747500 0.090933
vt -0.701332 0.035912
vt -0.405000 0.000000
vt -0.310248 0.260329
vt -0.583918 0.462281
vt -0.646120 0.498193
vt -0.764512 0.641502
vt -0.998000 0.000000
vt -0.764512 -0.641502
vt -0.173301 -0.982838
vt -0.513185 -0.656618
vt -0.583918 -0.669090
vt -0.646120 -0.633178
vt -0.670685 -0.565685
vt -0.646120 -0.498193
vt -0.583918 -0.462281
vt -0.513185 -0.474753
vt -0.467018 -0.529773
vt -0.310248 -0.260329
vt -0.747500 -0.090933
vt -0.818233 -0.103405
vt -0.880435 -0.067493
vt -0.905000 0.000000
vt -0.880435 0.067493
vt -0.818233 0.103405
vt 0.100000 -0.256563
vt 0.100000 -0.183260
vt -0.100000 -0.183260
vt -0.100000 -0.256563
vt 0.250000 -0.072702
vt 0.250000 -0.024234
vt -0.250000 -0.024234
vt -0.250000 -0.072702
vt 0.220000 -0.139626
vt 0.000000 -0.139626
vt -0.650000 -1.125833
vt -1.221600 -0.444626
vt -1.355470 -1.177887
vt -1.267896 -1.162445
vt -1.190884 -1.206907
vt -1.160470 -1.290470
vt -1.190884 -1.374032
vt -0.000000 5.343574
vt 0.000000 5.515252
vt -0.800000 5.515252
vt -0.800000 5.343574
vt -1.350000 -1.700705
vt -1.423205 -1.627500
vt -1.450000 -1.527500
vt -1.450000 -0.851329
vt -1.425843 -0.756043
vt -1.359206 -0.683776
vt -1.266188 -0.651986
vt -1.232070 -0.647231
vt -1.198723 -0.638596
vt -1.166585 -0.626196
vt -1.103679 -0.609318
vt -1.038685 -0.613547
vt -0.978496 -0.638435
vt -0.825764 -0.723566
vt -0.665693 -0.793938
vt -0.435528 -0.555263
vt -1.169923 -0.086856
vt -1.256488 -0.037819
vt -1.315005 0.042642
vt -1.357970 -0.236056
vt -1.267027 -0.220021
vt -1.187054 -0.266194
vt -1.155470 -0.352970
vt -1.187054 -0.439746
vt -1.267027 -0.485919
vt -1.357970 -0.469883
vt -1.417328 -0.399143
vt -1.417328 -0.306797
vt -1.334986 0.140105
vt -1.530022 0.659907
vt -1.530022 1.215093
vt -1.334986 1.734895
vt -1.315005 1.832358
vt -1.256488 1.912819
vt -1.169923 1.961856
vt -0.435528 2.430263
vt -1.155470 2.227970
vt -1.187054 2.141194
vt -1.267027 2.095021
vt -1.357970 2.111056
vt -1.417328 2.181797
vt -1.417328 2.274143
vt -1.357970 2.344883
vt -1.267027 2.360919
vt -1.187054 2.314746
vt -1.333229 2.687500
vt -1.484427 2.561223
vt -1.623723 2.421927
vt -1.750000 2.270729
vt -1.750000 -2.087500
vt -1.320828 -2.182125
vt -1.217500 -2.058984
vt 0.100000 -0.329867
vt 0.100000 -0.256563
vt -0.100000 -0.256563
vt -0.100000 -0.329867
vt 0.161803 -0.117557
vt 0.200000 0.000000
vt 0.200000 0.021964
vt 0.219805 0.081704
vt 0.271377 0.117780
vt 0.334286 0.115903
vt 0.145278 0.164116
vt -0.049544 0.173740
vt -0.242384 0.144391
vt -0.324860 0.123223
vt -0.265137 0.120089
vt -0.217883 0.083432
vt -0.052500 0.090933
vt 0.018233 0.103405
vt 0.080435 0.067493
vt 0.105000 0.000000
vt 0.080435 -0.067493
vt 0.018233 -0.103405
vt -0.052500 -0.090933
vt -0.098668 -0.035912
vt -0.098668 0.035912
vt -0.200000 0.000000
vt -0.161803 -0.117557
vt -0.061803 -0.190211
vt 0.061803 -0.190211
vt 0.500000 -0.531193
vt 0.000000 -0.531193
vt -0.250000 0.024234
vt 0.250000 0.024234
vt -0.200000 -0.561996
vt -0.200000 -0.722566
vt -0.100000 -0.722566
vt -0.100000 -0.561996
vt 0.085433 1.146822
vt -0.085433 1.146822
vt -0.131041 1.131875
vt -0.164432 1.097400
vt -0.225042 0.912083
vt -0.105000 0.800000
vt -0.080435 0.867493
vt -0.018233 0.903405
vt 0.052500 0.890933
vt 0.098668 0.835912
vt 0.098668 0.764088
vt 0.225042 0.912083
vt 0.164432 1.097400
vt 0.131041 1.131875
vt 0.100000 0.026180
vt -0.150000 0.026180
vt 0.618185 -0.474753
vt 0.664353 -0.529773
vt 0.804068 -0.485811
vt 0.820028 -0.339667
vt -1.710101 0.359281
vt -1.120599 -0.875228
vt -1.065446 -0.950389
vt -0.917574 -0.895525
vt -0.994586 -0.851062
vt -1.025000 -0.767500
vt -0.994586 -0.683938
vt -0.917574 -0.639475
vt -1.207500 0.405946
vt -1.325388 0.385159
vt 0.000000 0.329867
vt 0.000000 0.235619
vt 0.900000 0.235619
vt 0.900000 0.329867
vt -0.000000 0.107448
vt 0.000000 0.035816
vt 0.800000 0.035816
vt 0.800000 0.107448
vt 0.800000 0.059018
vt 0.800000 0.177054
vt -0.000000 0.177054
vt 0.000000 0.059018
vt 0.200000 0.060734
vt 0.200000 0.121469
vt -0.020000 0.121469
vt -0.020000 0.060734
vt -0.000000 -0.659734
vt 0.000000 -0.785398
vt 0.220000 -0.785398
vt 0.220000 -0.659734
vt 0.000000 -0.279253
vt 0.220000 -0.279253
vt 0.220000 -0.139626
vt 0.000000 -0.139626
vt 0.250000 0.256563
vt 0.250000 0.329867
vt -0.250000 0.329867
vt -0.250000 0.256563
vt 0.000000 0.424115
vt 0.900000 0.424115
vt 0.500000 -0.233178
vt -0.000000 -0.233178
vt 0.000000 -0.235619
vt 0.000000 -0.329867
vt 0.900000 -0.329867
vt 0.900000 -0.235619
vt 0.200000 0.045379
vt 0.200000 0.136136
vt -0.200000 0.136136
vt -0.200000 0.045379
vt 0.100000 -0.183260
vt 0.100000 -0.109956
vt -0.100000 -0.109956
vt -0.100000 -0.183260
vt -0.000000 0.098134
vt -0.000000 0.032711
vt 0.800000 0.032711
vt 0.800000 0.098134
vt 0.000000 -0.558505
vt 0.220000 -0.558505
vt 0.000000 0.617366
vt 0.000000 0.729388
vt -0.500000 0.729388
vt -0.500000 0.617366
vt -0.084733 0.000000
vt -0.084733 0.300000
vt -1.219822 0.300000
vt -1.219822 0.000000
vt -0.100000 0.075351
vt -0.100000 0.025117
vt 0.120000 0.025117
vt 0.120000 0.075351
vt 0.250000 0.256563
vt 0.250000 0.329867
vt -0.250000 0.329867
vt -0.250000 0.256563
vt 0.100000 -0.329867
vt 0.100000 -0.256563
vt -0.100000 -0.256563
vt -0.100000 -0.329867
vt 0.100000 -0.706858
vt -0.100000 -0.706858
vt 0.250000 -0.256563
vt 0.250000 -0.183260
vt -0.250000 -0.183260
vt -0.250000 -0.256563
vt -0.000000 0.000000
vt -0.000000 0.197060
vt -0.900000 0.197060
vt -0.900000 0.000000
vt 0.100000 0.680678
vt -0.100000 0.680678
vt 0.100000 -0.109956
vt 0.100000 -0.036652
vt -0.100000 -0.036652
vt -0.100000 -0.109956
vt 0.000000 -0.137758
vt -0.000000 -0.078958
vt -0.300000 -0.078958
vt -0.300000 -0.137758
vt -1.625685 -0.281618
vt -1.217500 -0.425000
vt -1.192935 -0.357507
vt -1.130733 -0.321595
vt -1.579518 -0.154773
vt -1.579518 -0.226598
vt 0.350000 -0.123096
vt 0.350000 -0.041032
vt 0.000000 -0.041032
vt 0.000000 -0.123096
vt -0.000000 0.418879
vt 0.220000 0.418879
vt 0.220000 0.558505
vt -0.000000 0.558505
vt -0.250000 -0.024234
vt 0.250000 -0.024234
vt 0.250000 0.024234
vt -0.250000 0.024234
vt 0.100000 0.394120
vt -0.100000 0.394120
vt 0.100000 -0.317650
vt 0.000000 -0.317650
vt -2.262500 0.108253
vt 0.000000 0.218166
vt 0.000000 0.130900
vt 0.120000 0.130900
vt 0.120000 0.218166
vt -1.333229 -1.750000
vt 1.333229 -1.750000
vt 1.175470 -1.489656
vt 1.074341 -1.369135
vt -0.225743 -1.280250
vt -1.060470 -1.290470
vt -1.114280 -1.438311
vt 0.000000 -0.408407
vt 0.000000 -0.534071
vt 0.220000 -0.534071
vt 0.220000 -0.408407
vt 0.050000 2.207868
vt 0.050000 2.853693
vt -0.000000 2.853693
vt -0.000000 2.207868
vt 0.500000 -0.212965
vt 0.500000 -0.141977
vt 0.000000 -0.141977
vt 0.000000 -0.212965
vt 0.200000 3.867980
vt 0.000000 3.867980
vt 0.000000 0.123096
vt 0.000000 0.041032
vt 0.350000 0.041032
vt 0.350000 0.123096
vt 0.250000 -0.036652
vt 0.250000 0.036652
vt -0.250000 0.036652
vt -0.250000 -0.036652
vt 0.131041 -1.131875
vt 0.164432 -1.097400
vt 0.225042 -0.912083
vt 0.105000 -0.800000
vt 0.080435 -0.867493
vt 0.018233 -0.903405
vt -0.052500 -0.890933
vt -0.225042 -0.912083
vt -0.164432 -1.097400
vt -0.131041 -1.131875
vt -0.085433 -1.146822
vt 0.085433 -1.146822
vt 0.000000 -0.531193
vt -0.250000 0.024234
vt 0.250000 0.024234
vt 0.500000 -0.531193
vt 0.000000 -1.745329
vt 0.000000 -2.443461
vt 0.150000 -2.443461
vt 0.150000 -1.745329
vt 0.000000 -0.164061
vt 0.780000 -0.164061
vt -0.200000 0.226893
vt -0.200000 0.136136
vt -0.050000 0.136136
vt -0.050000 0.226893
vt 0.250000 0.036652
vt -0.250000 0.036652
vt -0.500000 0.953430
vt -0.000000 0.953430
vt 0.000000 -0.305433
vt 0.000000 -0.392699
vt 0.120000 -0.392699
vt 0.120000 -0.305433
vt -0.000000 -0.218166
vt -0.000000 -0.305433
vt 0.120000 -0.305433
vt 0.120000 -0.218166
vt 0.250000 -0.109956
vt 0.250000 -0.036652
vt -0.250000 -0.036652
vt -0.250000 -0.109956
vt 0.350000 -0.123096
vt 0.350000 -0.041032
vt 0.000000 -0.041032
vt -0.000000 -0.123096
vt -0.200000 -0.080285
vt -0.100000 -0.080285
vt 0.200000 0.706858
vt 0.200000 0.989602
vt -0.200000 0.989602
vt -0.200000 0.706858
vt 0.250000 1.720904
vt 0.250000 1.891928
vt -0.250000 1.891928
vt -0.250000 1.720904
vt 0.100000 -0.329867
vt 0.100000 -0.256563
vt -0.100000 -0.256563
vt -0.100000 -0.329867
vt 0.250000 -0.072702
vt 0.250000 -0.024234
vt -0.250000 -0.024234
vt -0.250000 -0.072702
vt 0.250000 -1.272345
vt 0.250000 -0.989602
vt -0.250000 -0.989602
vt -0.250000 -1.272345
vt 0.250000 -0.109956
vt 0.250000 -0.036652
vt -0.250000 -0.036652
vt -0.250000 -0.109956
vt 1.520470 1.290470
vt 1.466660 1.438311
vt 1.330409 1.516976
vt 1.175470 1.489656
vt 1.074341 1.369135
vt 1.160470 1.290470
vt 1.190884 1.374032
vt 1.267896 1.418495
vt 1.355470 1.403053
vt 1.412630 1.334932
vt 1.412630 1.246007
vt 1.355470 1.177887
vt 1.267896 1.162445
vt 1.190884 1.206907
vt 1.074341 1.211805
vt 1.175470 1.091284
vt 1.330409 1.063964
vt 1.466660 1.142629
vt 0.000000 -0.424115
vt 0.900000 -0.424115
vt 0.000000 -0.916218
vt 0.000000 -1.562043
vt 0.050000 -1.562043
vt 0.050000 -0.916218
vt -0.000000 0.043633
vt -0.000000 -0.043633
vt 0.120000 -0.043633
vt 0.120000 0.043633
vt 0.200000 0.032013
vt 0.200000 0.096038
vt -0.020000 0.096038
vt -0.020000 0.032013
vt 0.435528 -0.555263
vt -0.499708 -0.848926
vt -0.392791 -0.922599
vt -0.353645 -1.046399
vt -0.398768 -1.168148
vt -0.806942 -1.667234
vt -0.861152 -1.713470
vt -0.928130 -1.737770
vt -0.999376 -1.737048
vt -1.066280 -1.728564
vt -1.250000 -1.727500
vt -1.059193 -2.031070
vt -0.919980 -2.111445
vt -0.865000 -2.262500
vt -0.919980 -2.413555
vt -1.059193 -2.493930
vt -1.217500 -2.466016
vt -1.320828 -2.342875
vt -1.669615 -2.387500
vt -1.450000 -2.607115
vt -1.150000 -2.687500
vt 1.150000 -2.687500
vt 1.140807 -2.493930
vt 0.982500 -2.466016
vt 0.879172 -2.342875
vt 0.879172 -2.182125
vt 0.575431 -2.157368
vt 0.567793 -2.207908
vt 0.534830 -2.299062
vt 0.462878 -2.364011
vt 0.368837 -2.387500
vt -0.368837 -2.387500
vt -0.462878 -2.364011
vt -0.534830 -2.299062
vt -0.567793 -2.207908
vt -0.575431 -2.157368
vt -0.587859 -2.107787
vt -0.604961 -2.059618
vt -0.619805 -1.989932
vt -0.609278 -1.919464
vt -0.574716 -1.857158
vt -0.154817 -1.343736
vt -0.058165 -1.278997
vt 0.058165 -1.278997
vt 0.154817 -1.343736
vt 0.407536 -1.163233
vt 0.363987 -1.042118
vt 0.403252 -0.919547
vt 0.509070 -0.846281
vt 0.671742 -0.791600
vt 0.828666 -0.722120
vt 0.978496 -0.638435
vt 1.038685 -0.613547
vt 1.103679 -0.609318
vt 1.166585 -0.626196
vt 1.198723 -0.638596
vt 1.232070 -0.647231
vt 1.163611 -0.399143
vt 1.163611 -0.306797
vt 1.222970 -0.236056
vt 1.313912 -0.220021
vt 1.393886 -0.266194
vt 1.425470 -0.352970
vt 1.450000 -0.851329
vt 1.450000 -1.527500
vt 1.750000 -2.087500
vt 1.750000 2.270729
vt 1.623723 2.421927
vt 1.484427 2.561223
vt 1.333229 2.687500
vt 0.435528 2.430263
vt 1.163611 2.274143
vt 1.222970 2.344883
vt 1.313912 2.360919
vt 1.393886 2.314746
vt 1.425470 2.227970
vt 1.393886 2.141194
vt 1.313912 2.095021
vt 1.222970 2.111056
vt 1.163611 2.181797
vt 1.169923 1.961856
vt 1.256488 1.912819
vt 1.315005 1.832358
vt 1.334986 1.734895
vt 1.530022 1.215093
vt 1.530022 0.659907
vt 1.334986 0.140105
vt 1.315005 0.042642
vt 1.256488 -0.037819
vt 0.100000 -0.256563
vt -0.100000 -0.256563
vt 0.250000 3.584328
vt 0.250000 3.641335
vt 0.250000 3.698343
vt -0.250000 3.698343
vt -0.250000 3.641335
vt -0.250000 3.584328
vt -0.250000 3.527320
vt 0.250000 3.527320
vt -0.200000 0.209440
vt -0.200000 0.000000
vt 0.200000 -0.000000
vt 0.200000 0.209440
vt -0.200000 0.109956
vt -0.200000 0.036652
vt -0.020000 0.036652
vt -0.020000 0.109956
vt 0.100000 0.136136
vt 0.100000 0.226893
vt 0.000000 0.226893
vt -0.000000 0.136136
vt -0.000000 -0.305433
vt 0.000000 -0.392699
vt 0.120000 -0.392699
vt 0.120000 -0.305433
vt 0.000000 0.200000
vt 0.000000 -0.200000
vt 1.200000 -0.200000
vt 1.200000 0.200000
vt 0.100000 0.109956
vt 0.100000 0.183260
vt -0.100000 0.183260
vt -0.100000 0.109956
vt 0.250000 0.036652
vt 0.250000 0.109956
vt -0.250000 0.109956
vt -0.250000 0.036652
vt 0.100000 -0.989602
vt -0.100000 -0.989602
vt -0.000000 -0.740879
vt 0.500000 -0.740879
vt 0.780000 -0.787276
vt -0.900000 0.471239
vt -0.900000 0.157080
vt -0.000000 0.157080
vt -0.000000 0.471239
vt -0.200000 0.329867
vt -0.200000 0.256563
vt -0.020000 0.256563
vt -0.020000 0.329867
vt 0.220000 0.000000
vt 0.220000 0.125664
vt 0.000000 0.125664
vt 0.000000 0.000000
vt 0.250000 -0.329867
vt 0.250000 -0.256563
vt -0.250000 -0.256563
vt -0.250000 -0.329867
vt -0.100000 -1.361357
vt 0.100000 -1.361357
vt 0.100000 0.226893
vt 0.100000 0.317650
vt 0.000000 0.317650
vt 0.000000 0.226893
vt -0.000000 0.000000
vt -0.000000 0.220000
vt -0.021964 0.220000
vt -0.021964 0.000000
vt -1.741603 -0.467500
vt -1.705000 -0.504103
vt -1.655000 -0.517500
vt -1.505000 -0.517500
vt -1.380000 -0.550994
vt -1.146838 -0.350104
vt -1.293462 -0.259808
vt 0.250000 0.183260
vt 0.250000 0.256563
vt -0.250000 0.256563
vt -0.250000 0.183260
vt -0.200000 0.240855
vt -0.200000 0.080285
vt -0.100000 0.080285
vt -0.100000 0.240855
vt 0.000000 0.392699
vt -0.000000 0.305433
vt 0.120000 0.305433
vt 0.120000 0.392699
vt -0.059505 0.000000
vt -0.059505 0.400000
vt -2.150000 0.400000
vt -2.150000 0.250000
vt -1.800000 0.250000
vt -1.800000 0.000000
vt 0.100000 -0.109956
vt 0.100000 -0.036652
vt -0.100000 -0.036652
vt -0.100000 -0.109956
vt 0.500000 -0.141977
vt 0.500000 -0.070988
vt 0.000000 -0.070988
vt 0.000000 -0.141977
vt 0.250000 0.036652
vt 0.250000 0.109956
vt -0.250000 0.109956
vt -0.250000 0.036652
vt -0.000000 0.066896
vt 0.000000 0.022299
vt 0.300000 0.022299
vt 0.300000 0.066896
vt 1.466660 -1.142629
vt 1.330409 -1.063964
vt 1.355470 -1.177887
vt 1.412630 -1.246007
vt 1.412630 -1.334932
vt 1.520470 -1.290470
vt -0.200000 0.096038
vt 0.020000 0.096038
vt 0.200000 0.226893
vt -0.200000 0.226893
vt 0.250000 0.183260
vt -0.250000 0.183260
vt 0.800000 -0.198357
vt 0.800000 -0.066119
vt 0.000000 -0.066119
vt -0.000000 -0.198357
vt 1.200000 -0.200000
vt 1.200000 -0.050000
vt 0.850000 -0.050000
vt 0.850000 0.200000
vt 0.350000 0.200000
vt 0.350000 -0.050000
vt 0.000000 -0.050000
vt 0.000000 -0.200000
vt 0.100000 0.591180
vt -0.100000 0.591180
vt 0.000000 -0.130900
vt 0.120000 -0.130900
vt 0.250000 0.141372
vt 0.250000 0.424115
vt -0.250000 0.424115
vt -0.250000 0.141372
vt 0.100000 0.141372
vt -0.100000 0.141372
vt 0.000000 5.242638
vt 0.200000 5.242638
vt -0.876171 0.800000
vt -0.876171 0.000000
vt -0.200000 0.000000
vt -0.200000 0.800000
vt 0.250000 -0.072702
vt 0.250000 -0.024234
vt -0.250000 -0.024234
vt -0.250000 -0.072702
vt 0.000000 -0.558505
vt 0.220000 -0.558505
vt 0.220000 -0.418879
vt 0.000000 -0.418879
vt 0.100000 -0.109956
vt 0.100000 -0.036652
vt -0.100000 -0.036652
vt -0.100000 -0.109956
vt 0.100000 0.394120
vt 0.100000 0.591180
vt -0.100000 0.591180
vt -0.100000 0.394120
vt -0.000000 0.617366
vt -0.500000 0.617366
vt -0.138210 -0.112583
vt -0.195370 -0.044463
vt -0.195370 0.044463
vt -0.138210 0.112583
vt -0.050636 0.128025
vt 0.026375 0.083562
vt -0.073210 0.250000
vt -0.198210 0.216506
vt -0.289717 0.125000
vt -0.323210 -0.000000
vt -0.323210 -0.150000
vt -0.336608 -0.200000
vt -0.200000 0.183260
vt -0.200000 0.109956
vt -0.020000 0.109956
vt -0.020000 0.183260
vt 0.100000 -0.183260
vt 0.100000 -0.109956
vt -0.100000 -0.109956
vt -0.100000 -0.183260
vt -0.200000 0.109956
vt -0.020000 0.109956
vt -0.200000 -0.183260
vt -0.200000 -0.256563
vt -0.020000 -0.256563
vt -0.020000 -0.183260
vt 0.100000 0.109956
vt 0.100000 0.183260
vt -0.100000 0.183260
vt -0.100000 0.109956
vt 0.000000 0.771223
vt 0.000000 0.805689
vt -0.800000 0.805689
vt -0.800000 0.771223
vt -0.200000 0.183260
vt -0.020000 0.183260
vt -0.500000 0.953430
vt -0.000000 0.953430
vt 0.100000 -1.272345
vt -0.100000 -1.272345
vt -0.000000 0.141372
vt 0.900000 0.141372
vt 0.100000 -0.329867
vt -0.100000 -0.329867
vt -0.000000 0.057837
vt -0.000000 0.019279
vt 0.400000 0.019279
vt 0.400000 0.057837
vt 0.100000 0.256563
vt 0.100000 0.329867
vt -0.100000 0.329867
vt -0.100000 0.256563
vt 0.100000 0.109956
vt 0.100000 0.183260
vt -0.100000 0.183260
vt -0.100000 0.109956
vt 0.250000 -0.036652
vt 0.250000 0.036652
vt -0.250000 0.036652
vt -0.250000 -0.036652
vt 0.500000 -0.382186
vt 0.500000 -0.233178
vt 0.000000 -0.233178
vt 0.000000 -0.382186
vt 0.000000 -0.558505
vt 0.220000 -0.558505
vt 0.220000 -0.418879
vt 0.000000 -0.418879
vt 0.500000 -0.531193
vt 0.000000 -0.531193
vt -0.250000 0.072702
vt -0.250000 0.024234
vt 0.250000 0.024234
vt 0.100000 -0.045379
vt 0.100000 0.045379
vt -0.000000 0.045379
vt -0.000000 -0.045379
vt -0.000000 -0.078540
vt 0.250000 -0.078540
vt 0.200000 -0.045379
vt -0.200000 -0.045379
vt 0.000000 -0.349066
vt 0.000000 -1.047198
vt 0.150000 -1.047198
vt 0.150000 -0.349066
vt 0.100000 -0.036652
vt 0.100000 0.036652
vt -0.100000 0.036652
vt -0.100000 -0.036652
vt 0.250000 -0.706858
vt 0.250000 -0.424115
vt -0.250000 -0.424115
vt -0.250000 -0.706858
vt 0.000000 1.131142
vt 0.000000 1.304051
vt -0.300000 1.304051
vt -0.300000 1.131142
vt -0.200000 0.895162
vt -0.200000 0.596775
vt 0.200000 0.596775
vt 0.200000 0.895162
vt -0.000000 0.418879
vt 0.220000 0.418879
vt 0.220000 0.558505
vt 0.000000 0.558505
vt 0.052500 0.890933
vt 0.098668 0.835912
vt 0.098668 0.764088
vt 0.485251 0.633178
vt 0.547452 0.669090
vt 0.618185 0.656618
vt 0.664353 0.601598
vt 0.499000 0.864293
vt -0.173301 0.982838
vt -0.200000 0.561996
vt -0.200000 0.401426
vt -0.100000 0.401426
vt -0.100000 0.561996
vt -0.000000 0.047124
vt 0.900000 0.047124
vt -0.000000 0.854334
vt 0.000000 0.943124
vt -0.350000 0.943124
vt -0.350000 0.854334
vt 0.800000 0.066119
vt 0.800000 0.198357
vt 0.000000 0.198357
vt -0.000000 0.066119
vt 0.250000 -0.141372
vt -0.250000 -0.141372
vt -0.000000 0.617366
vt -0.000000 0.729388
vt -0.500000 0.729388
vt -0.500000 0.617366
vt 1.484427 1.623723
vt 1.333229 1.750000
vt 1.330409 1.516976
vt 1.466660 1.438311
vt 1.520470 1.290470
vt 1.466660 1.142629
vt 1.330409 1.063964
vt 1.175470 1.091284
vt 1.074341 1.211805
vt 1.074341 1.369135
vt 1.175470 1.489656
vt -0.225743 1.280250
vt 0.650000 1.125833
vt 1.221600 0.444626
vt 1.221600 -0.444626
vt 0.650000 -1.125833
vt 1.074341 -1.211805
vt 1.175470 -1.091284
vt 1.330409 -1.063964
vt 1.466660 -1.142629
vt 1.520470 -1.290470
vt 1.466660 -1.438311
vt 1.330409 -1.516976
vt 1.484427 -1.623723
vt 1.623723 -1.484427
vt 1.750000 -1.333229
vt 1.750000 1.333229
vt 1.623723 1.484427
vt 0.000000 -0.130900
vt 0.000000 -0.218166
vt 0.120000 -0.218166
vt 0.120000 -0.130900
vt 2.666458 -0.100000
vt 2.666458 0.100000
vt 0.000000 0.100000
vt 0.000000 -0.100000
vt 0.250000 0.989602
vt 0.250000 1.272345
vt -0.250000 1.272345
vt -0.250000 0.989602
vt 0.250000 -0.256563
vt 0.250000 -0.183260
vt -0.250000 -0.183260
vt -0.250000 -0.256563
vt 1.325388 0.729841
vt 1.597958 0.903645
vt 1.327309 1.016364
vt -0.000000 0.053335
vt -0.000000 0.017778
vt 0.400000 0.017778
vt 0.400000 0.053335
vt -0.100000 3.176499
vt -0.100000 2.268928
vt 0.100000 2.268928
vt 0.100000 3.176499
vt -0.250000 -2.090206
vt 0.250000 -2.090206
vt 0.250000 -1.393471
vt -0.250000 -1.393471
vt 0.250000 0.256563
vt -0.250000 0.256563
vt 0.500000 0.343440
vt 0.500000 0.295093
vt 0.220000 0.139626
vt 0.000000 0.139626
vt 0.000000 0.000000
vt 0.220000 0.000000
vt 0.250000 -0.109956
vt 0.250000 -0.036652
vt -0.250000 -0.036652
vt -0.250000 -0.109956
vt 0.250000 -0.329867
vt -0.250000 -0.329867
vt 0.000000 0.592893
vt 0.000000 0.197631
vt 0.050000 0.197631
vt 0.050000 0.592893
vt 0.250000 -0.036652
vt -0.250000 -0.036652
vt -0.000000 -0.722566
vt -0.000000 -0.848230
vt 0.220000 -0.848230
vt 0.220000 -0.722566
vt 0.100000 0.036652
vt -0.100000 0.036652
vt 0.000000 -0.157080
vt 0.000000 -0.282743
vt 0.220000 -0.282743
vt 0.220000 -0.157080
vt 0.250000 -0.256563
vt 0.250000 -0.183260
vt -0.250000 -0.183260
vt -0.250000 -0.256563
vt 0.000000 -0.043633
vt 0.000000 -0.130900
vt 0.120000 -0.130900
vt 0.120000 -0.043633
vt 0.100000 0.256563
vt 0.100000 0.329867
vt -0.100000 0.329867
vt -0.100000 0.256563
vt -0.200000 0.045379
vt -0.050000 0.045379
vt -0.250000 -0.696735
vt 0.250000 -0.696735
vt 0.250000 0.000000
vt -0.250000 0.000000
vt 0.000000 -0.328122
vt 0.780000 -0.328122
vt 0.780000 -0.164061
vt 0.000000 -0.164061
vt 0.250000 0.183260
vt 0.250000 0.256563
vt -0.250000 0.256563
vt -0.250000 0.183260
vt -0.200000 0.183260
vt -0.020000 0.183260
vt -0.350000 0.958117
vt -0.350000 0.916291
vt -0.000000 0.916291
vt -0.000000 0.958117
vt 0.500000 2.884022
vt 0.500000 3.766888
vt -0.000000 3.766888
vt -0.000000 2.884022
vt 0.050000 0.916218
vt 0.050000 1.562043
vt 0.000000 1.562043
vt 0.000000 0.916218
vt -0.800000 1.626065
vt -0.000000 1.626065
vt 0.000000 -2.001155
vt 0.000000 -2.884022
vt 0.500000 -2.884022
vt 0.500000 -2.001155
vt -0.200000 -0.096038
vt 0.020000 -0.096038
vt -0.350000 2.987138
vt -0.350000 2.819583
vt 0.000000 2.819583
vt 0.000000 2.987138
vt 0.050000 0.231897
vt 0.050000 0.100997
vt 0.200000 0.100997
vt 0.200000 0.231897
vt 0.100000 0.317650
vt 0.100000 0.408407
vt -0.000000 0.408407
vt 0.000000 0.317650
vt 0.100000 -0.109956
vt -0.100000 -0.109956
vt 0.000000 -0.022299
vt 0.300000 -0.022299
vt -0.250000 0.024234
vt 0.250000 0.024234
vt 0.500000 -0.531193
vt 0.000000 -0.531193
vt 0.500000 -0.382186
vt 0.000000 -0.382186
vt 0.250000 0.183260
vt -0.250000 0.183260
vt 0.000000 -0.233178
vt 0.000000 -0.382186
vt 0.500000 -0.382186
vt 0.500000 -0.233178
vt -0.250000 -0.024234
vt 0.250000 -0.024234
vt 0.250000 0.024234
vt -0.250000 0.024234
vt -0.000000 0.617366
vt -0.500000 0.617366
vt 0.050000 0.093774
vt 0.200000 0.093774
vt 0.200000 0.187549
vt 0.050000 0.187549
vt 0.200000 0.032013
vt 0.200000 0.096038
vt -0.020000 0.096038
vt -0.020000 0.032013
vt 0.200000 0.305433
vt 0.200000 0.427606
vt -0.200000 0.427606
vt -0.200000 0.305433
vt -0.500000 0.729388
vt -0.000000 0.729388
vt -0.000000 0.841409
vt -0.500000 0.841409
vt 0.100000 -0.045379
vt -0.000000 -0.045379
vt 0.000000 0.043633
vt 0.120000 0.043633
vt 0.250000 -0.329867
vt 0.250000 -0.256563
vt -0.250000 -0.256563
vt -0.250000 -0.329867
vt 0.500000 -0.070988
vt 0.500000 0.000000
vt 0.000000 0.000000
vt 0.000000 -0.070988
vt 0.670685 -0.565685
vt 0.646120 -0.633178
vt 0.583918 -0.669090
vt 0.513185 -0.656618
vt 0.467018 -0.601598
vt 0.467018 -0.529773
vt 0.310248 -0.260329
vt 0.070328 -0.398847
vt -0.202500 -0.350740
vt -0.380576 -0.138518
vt -0.380576 0.138518
vt -0.202500 0.350740
vt 0.070328 0.398847
vt 0.310248 0.260329
vt 0.513185 0.474753
vt 0.467018 0.529773
vt 0.467018 0.601598
vt 0.080435 0.732507
vt 0.018233 0.696595
vt -0.052500 0.709067
vt -0.098668 0.764088
vt -0.460685 0.565685
vt -0.485251 0.498193
vt -0.547452 0.462281
vt -0.618185 0.474753
vt -0.719565 0.067493
vt -0.695000 0.000000
vt -0.719565 -0.067493
vt -0.547452 -0.462281
vt -0.485251 -0.498193
vt -0.460685 -0.565685
vt -0.485251 -0.633178
vt -0.098668 -0.764088
vt -0.052500 -0.709067
vt 0.018233 -0.696595
vt 0.080435 -0.732507
vt 0.105000 -0.800000
vt 0.169307 -0.960188
vt 0.746893 -0.626718
vt 0.975000 0.000000
vt 0.905000 0.000000
vt 0.880435 -0.067493
vt 0.818233 -0.103405
vt 0.747500 -0.090933
vt 0.583918 -0.462281
vt 0.646120 -0.498193
vt -0.200000 0.096038
vt -0.200000 0.032013
vt 0.020000 0.032013
vt 0.020000 0.096038
vt 0.200000 0.408407
vt -0.200000 0.408407
vt 0.250000 -0.183260
vt 0.250000 -0.109956
vt -0.250000 -0.109956
vt -0.250000 -0.183260
vt -0.200000 0.036652
vt -0.020000 0.036652
vt -0.200000 0.329867
vt -0.200000 0.256563
vt -0.020000 0.256563
vt -0.020000 0.329867
vt -0.200000 0.226893
vt -0.200000 0.136136
vt -0.050000 0.136136
vt -0.050000 0.226893
vt 0.000000 0.883703
vt 0.000000 0.918169
vt -0.800000 0.918169
vt -0.800000 0.883703
vt 0.250000 -0.109956
vt -0.250000 -0.109956
vt 0.500000 0.000000
vt 0.000000 0.000000
vt -0.200000 -0.080285
vt -0.200000 -0.240855
vt -0.100000 -0.240855
vt -0.100000 -0.080285
vt -0.000000 -0.035816
vt 0.800000 -0.035816
vt 0.800000 -0.432508
vt -0.000000 -0.432508
vt -0.000000 -0.530413
vt 0.800000 -0.530413
vt -0.200000 0.183260
vt -0.200000 0.109956
vt -0.020000 0.109956
vt -0.020000 0.183260
vt 0.200000 -1.897163
vt 0.200000 -1.136180
vt 0.000000 -1.136180
vt 0.000000 -1.897163
vt 0.800000 0.052360
vt 0.800000 0.157080
vt -0.000000 0.157080
vt 0.000000 0.052360
vt 0.300000 -0.066896
vt 0.300000 -0.022299
vt -0.000000 -0.022299
vt -0.000000 -0.066896
vt 0.000000 -3.141593
vt 0.150000 -3.141593
vt 0.537428 -0.317287
vt 0.513185 -0.474753
vt 0.583918 -0.462281
vt 0.599455 -0.285919
vt -1.434315 0.350000
vt -1.434315 0.000000
vt -0.165685 0.000000
vt -0.165685 0.350000
vt 0.100000 0.045379
vt 0.100000 0.136136
vt -0.000000 0.136136
vt -0.000000 0.045379
vt 0.513185 0.656618
vt 0.583918 0.669090
vt 0.646120 0.633178
vt 0.842649 0.707066
vt 0.191013 1.083289
vt -0.550000 0.952628
vt -0.547452 0.669090
vt -0.485251 0.633178
vt -0.098668 0.764088
vt -0.098668 0.835912
vt -0.052500 0.890933
vt 0.018233 0.903405
vt 0.080435 0.867493
vt 0.105000 0.800000
vt 0.080435 0.732507
vt 0.467018 0.529773
vt 0.467018 0.601598
vt 0.800000 -0.107448
vt -0.000000 -0.107448
vt -0.200000 -0.329867
vt -0.020000 -0.329867
vt 0.100000 0.036652
vt -0.100000 0.036652
vt 0.250000 -0.109956
vt 0.250000 -0.036652
vt -0.250000 -0.036652
vt -0.250000 -0.109956
vt 0.800000 -0.628319
vt -0.000000 -0.628319
vt -0.250000 -0.024234
vt 0.250000 -0.024234
vt -0.000000 0.000000
vt -0.000000 0.250000
vt -0.333357 0.250000
vt -0.333357 0.000000
vt -0.200000 0.096038
vt -0.200000 0.032013
vt 0.020000 0.032013
vt 0.020000 0.096038
vt 0.100000 0.317650
vt 0.100000 0.408407
vt 0.000000 0.408407
vt 0.000000 0.317650
vt 0.250000 0.329867
vt -0.250000 0.329867
vt 0.000000 -0.392699
vt 0.120000 -0.392699
vt 0.000000 -0.139626
vt 0.220000 -0.139626
vt 0.220000 0.000000
vt 0.000000 0.000000
vt 0.200000 1.272345
vt -0.200000 1.272345
vt 0.350000 0.041032
vt 0.000000 0.041032
vt -0.400000 0.864840
vt -0.400000 0.669209
vt -0.000000 0.669209
vt -0.000000 0.864840
vt 0.250000 -0.109956
vt 0.250000 -0.036652
vt -0.250000 -0.036652
vt -0.250000 -0.109956
vt -0.000000 -0.628319
vt -0.000000 -0.529001
vt -0.800000 -0.529001
vt -0.800000 -0.628319
vt 0.368837 -0.616532
vt 0.462878 -0.593043
vt 0.534830 -0.528094
vt 0.567793 -0.436940
vt 0.575431 -0.386399
vt 0.587859 -0.336818
vt 0.604961 -0.288650
vt 0.619805 -0.218963
vt 0.609278 -0.148496
vt 0.574716 -0.086190
vt 0.154817 0.427233
vt 0.058165 0.491972
vt -0.058165 0.491972
vt -0.154817 0.427233
vt -0.574716 -0.086190
vt -0.609278 -0.148496
vt -0.619805 -0.218963
vt -0.604961 -0.288650
vt -0.587859 -0.336818
vt -0.575431 -0.386399
vt -0.567793 -0.436940
vt -0.534830 -0.528094
vt -0.462878 -0.593043
vt -0.368837 -0.616532
vt -0.000000 0.108461
vt -0.000000 0.036154
vt 0.800000 0.036154
vt 0.800000 0.108461
vt 0.500000 -0.212965
vt 0.500000 -0.141977
vt 0.000000 -0.141977
vt 0.000000 -0.212965
vt 0.100000 0.197060
vt 0.100000 0.394120
vt -0.100000 0.394120
vt -0.100000 0.197060
vt 0.200000 1.136180
vt 0.200000 1.897163
vt 0.000000 1.897163
vt 0.000000 1.136180
vt 0.220000 0.139626
vt 0.000000 0.139626
vt 0.000000 0.000000
vt 0.220000 0.000000
vt -0.000000 0.000000
vt -0.000000 0.220000
vt -0.021964 0.220000
vt -0.021964 0.000000
vt -0.200000 -0.401426
vt -0.200000 -0.561996
vt -0.100000 -0.561996
vt -0.100000 -0.401426
vt 0.457575 -0.200000
vt 0.457575 0.200000
vt 0.085149 0.200000
vt 0.085149 -0.020000
vt 0.000000 -0.020000
vt 0.000000 -0.200000
vt -0.100000 2.042035
vt 0.100000 2.042035
vt 0.100000 2.722714
vt -0.100000 2.722714
vt 0.100000 -0.256563
vt 0.100000 -0.183260
vt -0.100000 -0.183260
vt -0.100000 -0.256563
vt -0.000000 -0.043633
vt 0.120000 -0.043633
vt -0.200000 -0.045379
vt -0.050000 -0.045379
vt 0.250000 -0.183260
vt -0.250000 -0.183260
vt 0.050000 -4.362804
vt 0.050000 -3.967542
vt -0.000000 -3.967542
vt -0.000000 -4.362804
vt 2.666458 -0.100000
vt 2.666458 0.100000
vt 0.000000 0.100000
vt 0.000000 -0.100000
vt -0.500000 0.953430
vt -0.500000 0.841409
vt 0.000000 0.841409
vt 0.000000 0.953430
vt -0.000000 -0.334603
vt 0.800000 -0.334603
vt 0.277240 0.560197
vt 0.212246 0.555968
vt 0.152058 0.531080
vt 0.002227 0.447395
vt -0.154696 0.377915
vt -0.317369 0.323234
vt -0.423187 0.249968
vt -0.462452 0.127397
vt -0.418903 0.006282
vt -0.019200 -0.495372
vt 0.034995 -0.542643
vt 0.102406 -0.567688
vt 0.174319 -0.567270
vt 0.240309 -0.559019
vt 0.423561 -0.557985
vt 0.523561 -0.531190
vt 0.596766 -0.457985
vt 0.623561 -0.357985
vt 0.623561 0.318186
vt 0.599404 0.413471
vt 0.532767 0.485739
vt 0.439749 0.517529
vt 0.405632 0.522284
vt 0.372284 0.530919
vt 0.340146 0.543319
vt 0.200000 2.480056
vt 0.020000 2.284669
vt 0.020000 2.089283
vt 0.200000 1.860042
vt 0.200000 1.240028
vt 0.020000 1.044785
vt 0.020000 0.817313
vt 0.200000 0.620014
vt 0.020000 0.362370
vt 0.020000 0.279022
vt 0.800000 0.032711
vt -0.000000 0.032711
vt 0.000000 -0.032711
vt 0.800000 -0.032711
vt 0.000000 0.328122
vt 0.780000 0.328122
vt 0.780000 0.492183
vt -0.000000 0.492183
vt 0.100000 -0.256563
vt 0.100000 -0.183260
vt -0.100000 -0.183260
vt -0.100000 -0.256563
vt -0.000000 0.000000
vt -0.000000 0.220000
vt -0.021964 0.220000
vt -0.021964 0.000000
vt -0.000000 0.007507
vt 0.400000 0.007507
vt -0.626498 0.400000
vt -0.626498 0.000000
vt -0.200000 -0.045379
vt -0.050000 -0.045379
vt -0.200000 0.401426
vt -0.200000 0.240855
vt -0.100000 0.240855
vt -0.100000 0.401426
vt 0.100000 3.403392
vt -0.100000 3.403392
vt 0.100000 -0.141372
vt 0.100000 0.141372
vt -0.100000 0.141372
vt -0.100000 -0.141372
vt 2.033910 -1.150000
vt 2.087500 -0.950000
vt 2.087500 0.250000
vt 2.017935 0.475417
vt 1.752500 0.362583
vt 1.809660 0.294463
vt 1.809660 0.205537
vt 1.752500 0.137417
vt 1.664926 0.121975
vt 1.587914 0.166438
vt 1.557500 0.250000
vt 1.587914 0.333562
vt 1.664926 0.378025
vt 1.833437 0.622428
vt 1.598178 0.639900
vt 0.994798 0.502250
vt 0.979883 0.500563
vt 0.146220 0.500000
vt 0.061145 0.518996
vt -0.007768 0.572376
vt -0.047430 0.650000
vt -0.112879 0.834084
vt -0.209863 1.003686
vt -0.335320 1.153455
vt -0.362578 1.176213
vt -0.393431 1.193793
vt -0.426906 1.205639
vt -0.870116 1.319391
vt -1.478380 1.278746
vt -1.217500 1.175000
vt -1.192935 1.242493
vt -1.130733 1.278405
vt -1.060000 1.265933
vt -1.013832 1.210912
vt -1.013832 1.139088
vt -1.060000 1.084067
vt -0.651815 0.940685
vt -0.627249 1.008178
vt -0.565048 1.044090
vt -0.494315 1.031618
vt -0.448147 0.976598
vt -0.448147 0.904773
vt -0.494315 0.849753
vt -0.565048 0.837281
vt -0.627249 0.873193
vt -0.910000 0.725740
vt -0.731924 0.513518
vt -0.330733 0.478405
vt -0.260000 0.465933
vt -0.213832 0.410912
vt -0.213832 0.339088
vt -0.260000 0.284067
vt -0.494315 -0.099753
vt -0.448147 -0.154773
vt -0.448147 -0.226598
vt 1.587914 -0.866438
vt 1.664926 -0.821975
vt 1.752500 -0.837417
vt 1.809660 -0.905537
vt 1.809660 -0.994463
vt 1.752500 -1.062583
vt 1.664926 -1.078025
vt 1.587914 -1.033562
vt -0.590340 -0.994463
vt -0.647500 -1.062583
vt -0.735074 -1.078025
vt -0.812086 -1.033562
vt -1.012795 -1.214240
vt -0.927044 -1.287596
vt -0.824218 -1.334082
vt -0.712500 -1.350000
vt 1.687500 -1.350000
vt 1.887500 -1.296410
vt 0.100000 -0.256563
vt 0.100000 -0.183260
vt -0.100000 -0.183260
vt -0.100000 -0.256563
vt 0.250000 -0.036652
vt -0.250000 -0.036652
vt 0.250000 0.036652
vt -0.250000 0.036652
vt 0.250000 -0.183260
vt -0.250000 -0.183260
vt 0.080435 -0.067493
vt 0.018233 -0.103405
vt -0.052500 -0.090933
vt 0.034730 -0.196962
vt 0.153209 -0.128558
vt 0.200000 0.000000
vt 0.153209 0.128558
vt 0.034730 0.196962
vt 0.080435 0.067493
vt 0.105000 0.000000
vt -0.300000 1.560810
vt 0.000000 1.560810
vt -1.429058 0.445012
vt -1.470000 0.557500
vt -1.429058 0.669988
vt -1.325388 0.729841
vt -1.207500 0.709054
vt -1.130554 0.617354
vt -1.130554 0.497646
vt -0.830000 -0.654917
vt -0.772840 -0.723037
vt -0.772840 -0.811963
vt -0.830000 -0.880083
vt -0.986591 -1.000118
vt -0.895000 -1.017500
vt 1.505000 -1.017500
vt 1.630000 -0.984006
vt 1.721506 -0.892500
vt 1.755000 -0.767500
vt 1.570000 -0.654917
vt 1.627160 -0.723037
vt 1.627160 -0.811963
vt 1.570000 -0.880083
vt 1.482426 -0.895525
vt 1.405414 -0.851062
vt 1.375000 -0.767500
vt 1.405414 -0.683938
vt 1.405414 0.348938
vt 1.375000 0.432500
vt 1.405414 0.516062
vt 1.482426 0.560525
vt 1.570000 0.545083
vt 1.627160 0.476963
vt 1.627160 0.388037
vt 1.570000 0.319917
vt 1.755000 0.432500
vt 1.721506 0.557500
vt 1.630000 0.649006
vt 1.505000 0.682500
vt -0.585495 0.682500
vt -0.623814 0.686205
vt -0.660714 0.697184
vt -0.694827 0.715029
vt -1.043535 0.942682
vt -1.327309 1.016364
vt -1.597958 0.903645
vt -1.745539 0.650315
vt 0.250000 0.256563
vt 0.250000 0.329867
vt -0.250000 0.329867
vt -0.250000 0.256563
vt -0.200000 -0.401426
vt -0.200000 -0.561996
vt -0.100000 -0.561996
vt -0.100000 -0.401426
vt -0.100000 4.084070
vt 0.100000 4.084070
vt 0.000000 0.814770
vt 0.000000 0.849237
vt -0.800000 0.849237
vt -0.800000 0.814770
vt 0.000000 0.392699
vt -0.000000 0.305433
vt 0.120000 0.305433
vt 0.120000 0.392699
vt 0.000000 3.141593
vt 0.000000 2.443461
vt 0.150000 2.443461
vt 0.150000 3.141593
vt 0.000000 -0.392699
vt 0.250000 -0.392699
vt -0.200000 -0.109956
vt -0.020000 -0.109956
vt -0.200000 -0.036652
vt -0.200000 -0.109956
vt -0.020000 -0.109956
vt -0.020000 -0.036652
vt -0.200000 0.288359
vt -0.200000 0.048892
vt 0.200000 0.048892
vt 0.200000 0.288359
vt 0.100000 -0.408407
vt 0.100000 -0.317650
vt 0.000000 -0.317650
vt 0.000000 -0.408407
vt 0.100000 -0.000000
vt 0.100000 0.197060
vt -0.100000 0.197060
vt -0.100000 -0.000000
vt 0.100000 -0.078540
vt 0.100000 -0.026180
vt -0.150000 -0.026180
vt -0.150000 -0.078540
vt 0.800000 -0.065519
vt 0.800000 0.065519
vt 0.000000 0.065519
vt -0.000000 -0.065519
vt 0.000000 -0.139626
vt 0.220000 -0.139626
vt 0.100000 0.424115
vt 0.100000 0.706858
vt -0.100000 0.706858
vt -0.100000 0.424115
vt 0.250000 0.183260
vt -0.250000 0.183260
vt 0.250000 -0.183260
vt 0.250000 -0.109956
vt -0.250000 -0.109956
vt -0.250000 -0.183260
vt 0.250000 0.109956
vt -0.250000 0.109956
vt 0.350000 -0.041032
vt 0.000000 -0.041032
vt 0.000000 0.883070
vt -0.350000 0.883070
vt -0.933837 0.800000
vt -0.933837 0.000000
vt -0.196163 0.000000
vt -0.196163 0.800000
vt 0.000000 -0.261799
vt 0.000000 -0.392699
vt 0.250000 -0.392699
vt 0.250000 -0.261799
vt -0.100000 -2.722714
vt 0.100000 -2.722714
vt 0.100000 -2.042035
vt -0.100000 -2.042035
vt 0.100000 0.183260
vt -0.100000 0.183260
vt 0.250000 0.109956
vt 0.250000 0.183260
vt -0.250000 0.183260
vt -0.250000 0.109956
vt -0.200000 -0.036652
vt -0.020000 -0.036652
vt -0.200000 0.339671
vt -0.200000 0.226448
vt 0.200000 0.226448
vt 0.200000 0.339671
vt -0.000000 0.107448
vt 0.800000 0.107448
vt 0.000000 0.736756
vt -0.800000 0.736756
vt 0.618185 0.656618
vt 0.664353 0.601598
vt 0.804068 0.485811
vt 0.892250 0.659708
vt 0.893017 0.707697
vt 0.871336 0.750516
vt 0.750516 0.871336
vt 0.707697 0.893017
vt 0.659708 0.892250
vt 0.485811 0.804068
vt 0.339667 0.820028
vt 0.052500 0.709067
vt -0.018233 0.696595
vt -0.080435 0.732507
vt -0.339667 0.820028
vt -0.485811 0.804068
vt -0.659708 0.892250
vt -0.707697 0.893017
vt -0.750516 0.871336
vt -0.871336 0.750516
vt -0.893017 0.707697
vt -0.892250 0.659708
vt -0.804068 0.485811
vt -0.701332 0.035912
vt -0.701332 -0.035912
vt -0.747500 -0.090933
vt -0.818233 -0.103405
vt -0.880435 -0.067493
vt -0.905000 0.000000
vt -1.097400 0.164432
vt -1.131875 0.131041
vt -1.146822 0.085433
vt -1.149647 0.028501
vt -1.149647 -0.028501
vt -1.146822 -0.085433
vt -1.131875 -0.131041
vt -1.097400 -0.164432
vt -0.912083 -0.225042
vt -0.820028 -0.339667
vt -0.804068 -0.485811
vt -0.892250 -0.659708
vt -0.893017 -0.707697
vt -0.871336 -0.750516
vt -0.750516 -0.871336
vt -0.707697 -0.893017
vt -0.659708 -0.892250
vt -0.617604 -0.869212
vt -0.583918 -0.669090
vt -0.646120 -0.633178
vt -0.670685 -0.565685
vt -0.646120 -0.498193
vt -0.583918 -0.462281
vt -0.513185 -0.474753
vt -0.467018 -0.529773
vt -0.467018 -0.601598
vt -0.285919 -0.599455
vt -0.317287 -0.537428
vt -0.354052 -0.432602
vt -0.432602 -0.354052
vt -0.537428 -0.317287
vt -0.599455 -0.285919
vt -0.626054 -0.221703
vt -0.604375 -0.155663
vt -0.556248 -0.055543
vt -0.556248 0.055543
vt -0.604375 0.155663
vt -0.626054 0.221703
vt -0.599455 0.285919
vt -0.537428 0.317287
vt -0.432602 0.354052
vt -0.513185 0.474753
vt -0.583918 0.462281
vt -0.646120 0.498193
vt -0.670685 0.565685
vt -0.646120 0.633178
vt -0.583918 0.669090
vt -0.513185 0.656618
vt -0.285919 0.599455
vt -0.221703 0.626054
vt -0.155663 0.604375
vt -0.055543 0.556248
vt 0.055543 0.556248
vt 0.155663 0.604375
vt 0.221703 0.626054
vt 0.285919 0.599455
vt 0.317287 0.537428
vt 0.354052 0.432602
vt 0.432602 0.354052
vt 0.537428 0.317287
vt 0.599455 0.285919
vt 0.618185 0.474753
vt 0.547452 0.462281
vt 0.485251 0.498193
vt 0.460685 0.565685
vt 0.485251 0.633178
vt 0.547452 0.669090
vt 0.500000 -0.233178
vt 0.000000 -0.233178
vt -0.250000 1.393471
vt 0.250000 1.393471
vt -1.405470 -1.489656
vt -1.250531 -1.516976
vt -1.313044 -1.418495
vt -1.390056 -1.374032
vt -1.420470 -1.290470
vt -1.390056 -1.206907
vt -1.313044 -1.162445
vt -1.225470 -1.177887
vt -1.168310 -1.246007
vt -1.168310 -1.334932
vt -1.114280 -1.438311
vt -1.060470 -1.290470
vt -1.114280 -1.142629
vt -1.250531 -1.063964
vt -1.405470 -1.091284
vt -1.506599 -1.211805
vt -1.506599 -1.369135
vt -0.500000 0.953430
vt -0.500000 0.841409
vt -0.000000 0.841409
vt -0.000000 0.953430
vt 0.000000 5.527812
vt 0.000000 5.702733
vt -0.800000 5.702733
vt -0.800000 5.527812
vt 0.000000 0.279253
vt 0.220000 0.279253
vt -0.200000 -0.109956
vt -0.020000 -0.109956
vt -0.000000 -0.305433
vt 0.000000 -0.392699
vt 0.120000 -0.392699
vt 0.120000 -0.305433
vt -0.200000 0.183260
vt -0.200000 0.109956
vt -0.020000 0.109956
vt -0.020000 0.183260
vt 0.339667 0.820028
vt 0.105000 0.800000
vt 0.080435 0.732507
vt 0.155663 0.604375
vt 0.221703 0.626054
vt 0.285919 0.599455
vt 0.317287 0.537428
vt 0.354052 0.432602
vt 0.432602 0.354052
vt 0.537428 0.317287
vt 0.599455 0.285919
vt 0.626054 0.221703
vt 0.604375 0.155663
vt 0.556248 0.055543
vt 0.701332 0.035912
vt 0.747500 0.090933
vt 0.818233 0.103405
vt 0.880435 0.067493
vt 0.905000 0.000000
vt 1.149647 -0.028501
vt 1.149647 0.028501
vt 1.146822 0.085433
vt 1.131875 0.131041
vt 1.097400 0.164432
vt 0.912083 0.225042
vt 0.820028 0.339667
vt 0.804068 0.485811
vt 0.892250 0.659708
vt 0.893017 0.707697
vt 0.871336 0.750516
vt 0.750516 0.871336
vt 0.707697 0.893017
vt 0.659708 0.892250
vt 0.646120 0.633178
vt 0.670685 0.565685
vt 0.646120 0.498193
vt 0.583918 0.462281
vt 0.513185 0.474753
vt 0.467018 0.529773
vt 0.467018 0.601598
vt 0.220000 0.139626
vt 0.000000 0.139626
vt -0.000000 -0.330365
vt 0.800000 -0.330365
vt 0.000000 -0.043633
vt 0.120000 -0.043633
vt -0.000000 -0.019279
vt 0.400000 -0.019279
vt 0.100000 -0.183260
vt -0.100000 -0.183260
vt 0.250000 -0.109956
vt -0.250000 -0.109956
vt 0.500000 -0.070988
vt 0.500000 0.000000
vt 0.000000 0.000000
vt 0.000000 -0.070988
vt -0.200000 -0.036652
vt -0.020000 -0.036652
vt 0.100000 -0.056265
vt -0.150000 -0.056265
vt 0.250000 0.183260
vt 0.250000 0.256563
vt -0.250000 0.256563
vt -0.250000 0.183260
vt -0.000000 0.558505
vt 0.220000 0.558505
vt 0.220000 0.698132
vt 0.000000 0.698132
vt 0.250000 -0.183260
vt -0.250000 -0.183260
vt 0.200000 -1.272345
vt 0.200000 -0.989602
vt -0.200000 -0.989602
vt -0.200000 -1.272345
vt 0.000000 0.841409
vt -0.500000 0.841409
vt -0.165685 0.000000
vt -0.165685 0.350000
vt -0.350000 0.007507
vt -0.000000 0.007507
vt 0.500000 -0.382186
vt 0.000000 -0.382186
vt -0.000000 -0.047124
vt 0.900000 -0.047124
vt 0.200000 -0.549779
vt 0.200000 -0.427606
vt -0.200000 -0.427606
vt -0.200000 -0.549779
vt -0.200000 0.298387
vt -0.200000 -0.000000
vt 0.200000 -0.000000
vt 0.200000 0.298387
vt 0.000000 -0.558505
vt 0.220000 -0.558505
vt -0.200000 0.036652
vt -0.020000 0.036652
vt 0.009151 0.104600
vt 0.074246 0.074246
vt 0.156952 0.125890
vt 0.141421 0.141421
vt 0.031287 0.197538
vt -0.090798 0.178201
vt 0.100000 -0.036652
vt -0.100000 -0.036652
vt -0.800000 1.567260
vt -0.800000 1.516126
vt 0.000000 1.516126
vt 0.000000 1.567260
vt -0.000000 -3.766888
vt 0.500000 -3.766888
vt 0.100000 -0.329867
vt -0.100000 -0.329867
vt -0.250000 -0.024234
vt 0.250000 -0.024234
vt 0.250000 0.024234
vt -0.250000 0.024234
vt 0.000000 0.392699
vt 0.120000 0.392699
vt -0.400000 0.473579
vt -0.000000 0.473579
vt 0.500000 -0.070988
vt 0.500000 0.000000
vt -0.000000 0.000000
vt 0.000000 -0.070988
vt 0.250000 0.036652
vt -0.250000 0.036652
vt 0.220000 0.376991
vt 0.220000 0.502655
vt 0.000000 0.502655
vt 0.000000 0.376991
vt -0.200000 -0.317650
vt -0.200000 -0.408407
vt -0.050000 -0.408407
vt -0.050000 -0.317650
vt -0.084733 0.000000
vt -0.084733 0.300000
vt -1.219822 0.300000
vt -1.219822 0.000000
vt -0.098668 -0.035912
vt -0.190211 -0.061803
vt -0.117557 -0.161803
vt 0.000000 -0.200000
vt 0.021964 -0.200000
vt 0.081704 -0.219805
vt 0.117780 -0.271377
vt 0.115903 -0.334286
vt 0.168374 -0.113478
vt 0.105000 -0.000000
vt 0.080435 -0.067493
vt 0.018233 -0.103405
vt -0.052500 -0.090933
vt -0.100000 0.767945
vt 0.100000 0.767945
vt 0.100000 1.535890
vt -0.100000 1.535890
vt -0.000000 -0.057837
vt 0.400000 -0.057837
vt 0.100000 -0.329867
vt 0.100000 -0.256563
vt -0.100000 -0.256563
vt -0.100000 -0.329867
vt 0.100000 -0.183260
vt 0.100000 -0.109956
vt -0.100000 -0.109956
vt -0.100000 -0.183260
vt 0.250000 0.706858
vt -0.250000 0.706858
vt 0.000000 -0.531193
vt 0.500000 -0.680200
vt 0.500000 -0.531193
vt 0.250000 -0.256563
vt -0.250000 -0.256563
vt -0.418322 0.220000
vt -0.418322 0.000000
vt -0.396358 0.000000
vt -0.396358 0.220000
vt -0.046685 -0.301726
vt -0.069216 -0.346034
vt 0.224304 -0.005753
vt 0.275140 0.072089
vt 0.318331 0.154420
vt 0.275175 0.108609
vt 0.213199 0.097653
vt 0.104600 0.009151
vt 0.086011 -0.060226
vt 0.027176 -0.101422
vt -0.044375 -0.095162
vt -0.095162 -0.044375
vt -0.101422 0.027176
vt -0.060226 0.086011
vt -0.178201 0.090798
vt -0.197538 -0.031287
vt -0.141421 -0.141421
vt -0.073580 -0.209263
vt -0.048270 -0.252044
vt -0.775835 0.800000
vt -0.775835 0.000000
vt -0.134415 0.000000
vt -0.134415 0.800000
vt 0.100000 -0.329867
vt 0.100000 -0.256563
vt -0.100000 -0.256563
vt -0.100000 -0.329867
vt 0.100000 -0.408407
vt 0.100000 -0.317650
vt 0.000000 -0.317650
vt 0.000000 -0.408407
vt -0.200000 0.256563
vt -0.020000 0.256563
vt 0.300000 -0.066896
vt 0.300000 -0.022299
vt 0.000000 -0.022299
vt -0.000000 -0.066896
vt 0.050000 0.281323
vt 0.200000 0.281323
vt 0.100000 -0.036652
vt -0.100000 -0.036652
vt 0.000000 0.656244
vt 0.780000 0.656244
vt 0.780000 0.820305
vt 0.000000 0.820305
vt -0.000000 0.119675
vt -0.000000 0.039892
vt 0.350000 0.039892
vt 0.350000 0.119675
vt -0.500000 0.953430
vt -0.500000 0.841409
vt 0.000000 0.841409
vt 0.000000 0.953430
vt 0.250000 -0.183260
vt -0.250000 -0.183260
vt 0.500000 -0.837268
vt -0.000000 -0.837268
vt -0.200000 -0.136136
vt -0.200000 -0.226893
vt -0.050000 -0.226893
vt -0.050000 -0.136136
vt 0.100000 -0.256563
vt 0.100000 -0.183260
vt -0.100000 -0.183260
vt -0.100000 -0.256563
vt 0.250000 -0.329867
vt 0.250000 -0.256563
vt -0.250000 -0.256563
vt -0.250000 -0.329867
vt 0.100000 0.109956
vt -0.100000 0.109956
vt 0.250000 -0.072702
vt -0.250000 -0.072702
vt 0.950173 -0.981044
vt 0.894132 -0.913328
vt 0.866892 -0.829758
vt 0.319029 -1.156815
vt -0.319029 -1.156815
vt -0.866892 -0.829758
vt -0.894132 -0.913328
vt -0.950173 -0.981044
vt -1.027175 -1.023431
vt -0.376140 -1.400364
vt 0.376140 -1.400364
vt 1.027175 -1.023431
vt 0.100000 -0.226893
vt 0.100000 -0.136136
vt 0.000000 -0.136136
vt 0.000000 -0.226893
vt -0.200000 0.317650
vt -0.050000 0.317650
vt 0.200000 0.424115
vt -0.200000 0.424115
vt 0.100000 0.591180
vt -0.100000 0.591180
vt 0.000000 0.424115
vt 0.000000 0.329867
vt 0.900000 0.329867
vt 0.900000 0.424115
vt 0.800000 -0.107448
vt 0.000000 -0.107448
vt -0.200000 -0.722566
vt -0.100000 -0.722566
vt -0.100000 -0.453786
vt -0.100000 -1.361357
vt 0.100000 -1.361357
vt 0.100000 -0.453786
vt 0.100000 0.036652
vt -0.100000 0.036652
vt -0.000000 0.394120
vt -0.900000 0.394120
vt -0.100000 2.303835
vt 0.100000 2.303835
vt 0.100000 3.071779
vt -0.100000 3.071779
vt -0.418322 0.220000
vt -0.418322 0.000000
vt -0.322379 0.000000
vt -0.322379 0.220000
vt 0.250000 0.109956
vt -0.250000 0.109956
vt 0.100000 0.256563
vt 0.100000 0.329867
vt -0.100000 0.329867
vt -0.100000 0.256563
vt 0.200000 -0.706858
vt -0.200000 -0.706858
vt 0.100000 0.256563
vt 0.100000 0.329867
vt -0.100000 0.329867
vt -0.100000 0.256563
vt 0.100000 0.394120
vt 0.100000 0.591180
vt -0.100000 0.591180
vt -0.100000 0.394120
vt 0.250000 -0.072702
vt 0.250000 -0.024234
vt -0.250000 -0.024234
vt -0.250000 -0.072702
vt 0.200000 -0.317650
vt 0.200000 -0.226893
vt -0.200000 -0.226893
vt -0.200000 -0.317650
vt 0.220000 0.628319
vt 0.000000 0.628319
vt -0.200000 -0.109956
vt -0.200000 -0.183260
vt -0.020000 -0.183260
vt -0.020000 -0.109956
vt 0.250000 -0.109956
vt 0.250000 -0.036652
vt -0.250000 -0.036652
vt -0.250000 -0.109956
vt -0.646120 0.633178
vt -0.583918 0.669090
vt -0.513185 0.656618
vt -0.191013 1.083289
vt -0.842649 0.707066
vt -1.100000 0.000000
vt -0.842649 -0.707066
vt -0.646120 -0.498193
vt -0.583918 -0.462281
vt -0.513185 -0.474753
vt -0.467018 -0.529773
vt -0.070328 -0.398847
vt -0.310248 -0.260329
vt -0.747500 -0.090933
vt -0.818233 -0.103405
vt -0.880435 -0.067493
vt -0.905000 0.000000
vt -0.880435 0.067493
vt -0.818233 0.103405
vt -0.747500 0.090933
vt -0.310248 0.260329
vt -0.467018 0.529773
vt -0.513185 0.474753
vt -0.583918 0.462281
vt -0.646120 0.498193
vt -0.670685 0.565685
vt 0.100000 0.036652
vt -0.100000 0.036652
vt -0.100000 -2.268928
vt 0.100000 -2.268928
vt -0.200000 0.080285
vt -0.100000 0.080285
vt -0.100000 0.453786
vt 0.100000 0.453786
vt -0.800000 1.499776
vt -0.150000 0.800000
vt -0.150000 0.000000
vt -0.000000 1.499776
vt 0.100000 0.256563
vt 0.100000 0.329867
vt -0.100000 0.329867
vt -0.100000 0.256563
vt 0.400000 -0.131812
vt 0.400000 -0.043937
vt 0.000000 -0.043937
vt 0.000000 -0.131812
vt 0.250000 -0.183260
vt -0.250000 -0.183260
vt -0.000000 -0.314159
vt 0.000000 -0.255359
vt -0.300000 -0.255359
vt -0.300000 -0.314159
vt 0.300000 0.022299
vt -0.000000 0.022299
vt -0.200000 -0.109956
vt -0.020000 -0.109956
vt 2.666458 -0.100000
vt 2.666458 0.100000
vt 0.000000 0.100000
vt 0.000000 -0.100000
vt 0.250000 -0.329867
vt 0.250000 -0.256563
vt -0.250000 -0.256563
vt -0.250000 -0.329867
vt 0.250000 0.109956
vt 0.250000 0.183260
vt -0.250000 0.183260
vt -0.250000 0.109956
vt -0.350000 3.322250
vt -0.350000 3.154694
vt 0.000000 3.154694
vt 0.000000 3.322250
vt -0.000000 0.107448
vt 0.800000 0.107448
vt -0.200000 0.329867
vt -0.020000 0.329867
vt -0.100000 -0.767945
vt 0.100000 -0.767945
vt 0.100000 0.000000
vt -0.100000 0.000000
vt 0.000000 1.047198
vt 0.000000 0.349066
vt 0.150000 0.349066
vt 0.150000 1.047198
vt 0.000000 0.123096
vt 0.350000 0.123096
vt 0.000000 -2.207868
vt 0.050000 -2.207868
vt 0.000000 0.329867
vt 0.000000 0.235619
vt 0.900000 0.235619
vt 0.900000 0.329867
vt 0.250000 -0.036652
vt 0.250000 0.036652
vt -0.250000 0.036652
vt -0.250000 -0.036652
vt 0.000000 -0.628319
vt -0.800000 -0.628319
vt -0.000000 0.218166
vt 0.120000 0.218166
vt 0.100000 0.045379
vt 0.100000 0.136136
vt -0.000000 0.136136
vt -0.000000 0.045379
vt 0.250000 -0.109956
vt 0.250000 -0.036652
vt -0.250000 -0.036652
vt -0.250000 -0.109956
vt 0.250000 0.036652
vt -0.250000 0.036652
vt -0.000000 -0.047124
vt 0.900000 -0.047124
vt -0.100000 -0.078540
vt 0.150000 -0.078540
vt -1.833437 0.622428
vt -2.017935 0.475417
vt -2.087500 0.250000
vt -2.087500 -0.950000
vt -2.033910 -1.150000
vt -1.887500 -1.296410
vt -1.687500 -1.350000
vt -1.664926 -1.078025
vt -1.752500 -1.062583
vt -1.809660 -0.994463
vt -1.809660 -0.905537
vt -1.752500 -0.837417
vt -1.664926 -0.821975
vt -1.587914 -0.866438
vt -1.557500 -0.950000
vt -1.587914 -1.033562
vt -1.201595 -0.933399
vt -1.268131 -0.886351
vt -1.365917 -0.712125
vt -1.449625 -0.628417
vt -1.623851 -0.530631
vt -1.670899 -0.464095
vt -1.687500 -0.384315
vt -1.687500 -0.315685
vt -1.670899 -0.235905
vt -1.623851 -0.169369
vt -1.752500 0.137417
vt -1.809660 0.205537
vt -1.809660 0.294463
vt -1.752500 0.362583
vt -1.664926 0.378025
vt 0.100000 0.036652
vt 0.100000 0.109956
vt -0.100000 0.109956
vt -0.100000 0.036652
vt 0.100000 0.256563
vt 0.100000 0.329867
vt -0.100000 0.329867
vt -0.100000 0.256563
vt 0.370962 -0.437478
vt 0.424942 -0.519228
vt 0.433624 -0.616806
vt 0.394924 -0.706801
vt 0.371275 -0.741277
vt 0.351353 -0.778032
vt 0.335376 -0.816667
vt 0.293131 -0.886351
vt 0.226595 -0.933399
vt 0.146815 -0.950000
vt -1.121815 -0.950000
vt 0.712500 -1.350000
vt 0.824218 -1.334082
vt 0.647500 -1.062583
vt 0.590340 -0.994463
vt 0.590340 -0.905537
vt 0.647500 -0.837417
vt 0.735074 -0.821975
vt 1.012500 -0.598205
vt 0.200000 -0.045379
vt -0.200000 -0.045379
vt -0.200000 -0.032013
vt -0.200000 -0.096038
vt 0.020000 -0.096038
vt 0.020000 -0.032013
vt 0.780000 0.164061
vt 0.000000 0.164061
vt 0.000000 0.000000
vt 0.780000 0.000000
vt 1.357970 2.111056
vt 1.217462 1.780253
vt 1.217462 1.694747
vt 1.162500 1.629247
vt 0.939693 0.595480
vt 0.500000 0.071475
vt 1.004244 -2.182152
vt 0.975000 0.137500
vt 1.004244 0.217848
vt 1.078294 0.260601
vt 1.162500 0.245753
vt 1.217462 0.180253
vt 1.217462 0.094747
vt 1.267027 -0.220021
vt 1.357970 -0.236056
vt 1.750000 2.270729
vt 1.623723 2.421927
vt 1.417328 2.181797
vt 0.250000 0.329867
vt -0.250000 0.329867
vt -1.168310 1.334932
vt -1.168310 1.246007
vt -1.225470 1.177887
vt -1.250531 1.063964
vt -1.114280 1.142629
vt -1.060470 1.290470
vt -1.114280 1.438311
vt 0.250000 -0.329867
vt 0.250000 -0.256563
vt -0.250000 -0.256563
vt -0.250000 -0.329867
vt 0.200000 -0.408407
vt 0.200000 -0.317650
vt -0.200000 -0.317650
vt -0.200000 -0.408407
vt -0.200000 -0.080285
vt -0.100000 -0.080285
vt 0.000000 0.235619
vt 0.900000 0.235619
vt 0.000000 -0.235619
vt 0.900000 -0.235619
vt 0.100000 0.036652
vt -0.100000 0.036652
vt 0.250000 0.036652
vt -0.250000 0.036652
vt 0.000000 -0.032711
vt 0.800000 -0.032711
vt 0.100000 -0.045379
vt 0.100000 0.045379
vt -0.000000 0.045379
vt -0.000000 -0.045379
vt 0.100000 -0.256563
vt -0.100000 -0.256563
vt -0.250000 0.250000
vt -0.250000 0.000000
vt -0.100000 0.000000
vt -0.100000 0.250000
vt 0.000000 -0.329867
vt 0.900000 -0.329867
vt 0.200000 -0.226893
vt -0.200000 -0.226893
vt 0.250000 -0.072702
vt -0.250000 -0.072702
vt -0.200000 0.240855
vt -0.100000 0.240855
vt 0.350000 -0.119675
vt 0.350000 -0.039892
vt 0.000000 -0.039892
vt -0.000000 -0.119675
vt -0.100000 1.361357
vt 0.100000 1.361357
vt 0.250000 0.696735
vt -0.250000 0.696735
vt -2.017500 0.375000
vt -1.992935 0.442493
vt -1.930733 0.478405
vt -1.860000 0.465933
vt -1.696418 0.837281
vt -1.758620 0.873193
vt -1.783185 0.940685
vt -1.943607 0.884791
vt -2.083921 0.291539
vt -1.758620 -0.123193
vt -1.696418 -0.087281
vt -1.930733 0.271595
vt -1.992935 0.307507
vt 0.000000 0.200000
vt 0.000000 -0.200000
vt 2.400000 -0.200000
vt 2.400000 0.200000
vt 0.050000 0.261799
vt 0.050000 0.130900
vt 0.200000 0.130900
vt 0.200000 0.261799
vt 0.800000 -0.107448
vt 0.000000 -0.107448
vt 0.100000 0.183260
vt 0.100000 0.256563
vt -0.100000 0.256563
vt -0.100000 0.183260
vt 0.250000 -0.183260
vt -0.250000 -0.183260
vt -0.719565 0.067493
vt -0.695000 0.000000
vt -0.719565 -0.067493
vt -0.618185 -0.474753
vt -0.547452 -0.462281
vt -0.485251 -0.498193
vt -0.460685 -0.565685
vt -0.098668 -0.764088
vt -0.052500 -0.709067
vt 0.018233 -0.696595
vt 0.080435 -0.732507
vt 0.070328 -0.398847
vt -0.202500 -0.350740
vt -0.380576 -0.138518
vt -0.380576 0.138518
vt -0.547452 0.462281
vt -0.618185 0.474753
vt -0.781767 0.103405
vt 0.500000 -0.000000
vt 0.000000 -0.000000
vt -0.200000 0.080285
vt -0.100000 0.080285
vt 0.500000 -0.382186
vt 0.500000 -0.233178
vt 0.000000 -0.233178
vt 0.000000 -0.382186
vt 0.200000 0.136136
vt -0.200000 0.136136
vt -0.645374 -0.512789
vt -0.610678 -0.540219
vt -0.567544 -0.550000
vt 0.567544 -0.550000
vt 0.610678 -0.540219
vt 0.645374 -0.512789
vt 0.730322 -0.313814
vt 0.841838 -0.182604
vt 0.988462 -0.092308
vt 1.033205 -0.055470
vt 1.050000 -0.000000
vt 1.033205 0.055470
vt 0.988462 0.092308
vt 0.841838 0.182604
vt 0.730322 0.313814
vt 0.645374 0.512789
vt 0.610678 0.540219
vt 0.567544 0.550000
vt -0.567544 0.550000
vt -0.610678 0.540219
vt -0.645374 0.512789
vt -0.730322 0.313814
vt -0.841838 0.182604
vt -0.988462 0.092308
vt -1.033205 0.055470
vt -1.050000 -0.000000
vt -1.033205 -0.055470
vt -0.988462 -0.092308
vt -0.841838 -0.182604
vt -0.730322 -0.313814
vt 0.100000 0.109956
vt 0.100000 0.183260
vt -0.100000 0.183260
vt -0.100000 0.109956
vt -0.000000 -0.314159
vt 0.000000 -0.255359
vt -0.300000 -0.255359
vt -0.300000 -0.314159
vt -0.000000 -1.118288
vt 0.000000 1.647479
vt -0.200000 0.000000
vt -0.200000 0.800000
vt -0.800000 1.647479
vt 0.020000 0.186015
vt 0.020000 0.589841
vt -0.000000 1.567260
vt -0.800000 1.567260
vt -0.200000 0.362370
vt -0.200000 0.279022
vt 0.020000 1.583077
vt 0.020000 1.355605
vt 0.020000 1.128133
vt 0.000000 -0.007507
vt -0.165845 0.000000
vt -0.165845 0.400000
vt 0.400000 -0.007507
vt 0.020000 1.893896
vt 0.020000 2.480056
vt 0.020000 1.810548
vt 0.250000 0.109956
vt -0.250000 0.109956
vt 0.100000 0.078540
vt -0.150000 0.078540
vt -0.350000 -0.007507
vt -0.935118 0.350000
vt -0.935118 0.000000
vt -0.000000 -0.007507
vt -0.000000 0.000000
vt -0.000000 0.250000
vt -0.150000 0.250000
vt -0.150000 0.000000
vt 0.220000 0.558505
vt 0.000000 0.558505
vt 0.081704 0.219805
vt 0.021964 0.200000
vt 0.000000 0.200000
vt -0.117557 0.161803
vt -0.190211 0.061803
vt -0.098668 0.035912
vt -0.052500 0.090933
vt 0.018233 0.103405
vt 0.080435 0.067493
vt 0.168374 0.113478
vt 0.115903 0.334286
vt 0.117780 0.271377
vt 0.050000 0.392699
vt 0.200000 0.392699
vt -0.200000 -0.045379
vt -0.050000 -0.045379
vt -0.200000 -0.256563
vt -0.200000 -0.329867
vt -0.020000 -0.329867
vt -0.020000 -0.256563
vt -0.200000 0.026363
vt -0.200000 -0.317650
vt -0.050000 -0.317650
vt 0.807238 -1.664887
vt 0.574716 -1.857158
vt 0.609278 -1.919464
vt 0.619805 -1.989932
vt 0.604961 -2.059618
vt 0.587859 -2.107787
vt 0.982500 -2.058984
vt 1.140807 -2.031070
vt 1.280020 -2.111445
vt 1.335000 -2.262500
vt 1.280020 -2.413555
vt 1.450000 -2.607115
vt 1.669615 -2.387500
vt 1.423205 -1.627500
vt 1.350000 -1.700705
vt 1.250000 -1.727500
vt 1.066748 -1.728534
vt 1.000758 -1.736785
vt 0.928845 -1.737203
vt 0.861433 -1.712158
vt 0.022574 0.128025
vt 0.099586 0.083562
vt 0.130000 0.000000
vt 0.250000 0.150000
vt 0.263397 0.200000
vt 0.300000 0.236603
vt 0.350000 0.250000
vt 0.000000 0.250000
vt -0.125000 0.216506
vt -0.216506 0.125000
vt -0.250000 0.000000
vt -0.250000 -0.350000
vt -0.236603 -0.300000
vt -0.200000 -0.263397
vt -0.150000 -0.250000
vt 0.000000 -0.250000
vt 0.022574 -0.128025
vt -0.065000 -0.112583
vt -0.122160 -0.044463
vt -0.122160 0.044463
vt -0.065000 0.112583
vt -0.200000 0.036652
vt -0.020000 0.036652
vt -0.646120 -0.498193
vt -0.583918 -0.462281
vt -0.747500 -0.090933
vt -0.818233 -0.103405
vt -0.747500 0.090933
vt -0.310248 0.260329
vt -0.583918 0.462281
vt -0.646120 0.498193
vt -0.670685 0.565685
vt -0.646120 0.633178
vt -0.583918 0.669090
vt -0.746893 0.626718
vt -0.975000 0.000000
vt -0.746893 -0.626718
vt -0.169307 -0.960188
vt -0.105000 -0.800000
vt -0.080435 -0.732507
vt -0.018233 -0.696595
vt 0.052500 -0.709067
vt 0.098668 -0.764088
vt 0.098668 -0.835912
vt 0.487500 -0.844375
vt 0.916200 -0.333470
vt 0.664353 -0.601598
vt 0.618185 -0.656618
vt 0.547452 -0.669090
vt 0.485251 -0.633178
vt 0.460685 -0.565685
vt 0.485251 -0.498193
vt 0.547452 -0.462281
vt 0.618185 -0.474753
vt 0.781767 -0.103405
vt 0.719565 -0.067493
vt 0.695000 0.000000
vt 0.719565 0.067493
vt 0.380576 0.138518
vt 0.380576 -0.138518
vt 0.202500 -0.350740
vt -0.070328 -0.398847
vt -0.310248 -0.260329
vt -0.701332 -0.035912
vt -0.513185 -0.474753
vt -0.467018 -0.529773
vt -0.467018 -0.601598
vt -0.513185 -0.656618
vt -0.583918 -0.669090
vt -0.646120 -0.633178
vt -0.670685 -0.565685
vt -0.880435 -0.067493
vt -0.905000 0.000000
vt -0.880435 0.067493
vt -0.818233 0.103405
vt -0.187939 -0.068404
vt -0.100000 -0.173205
vt -0.098668 -0.035912
vt -0.098668 0.035912
vt -0.052500 0.090933
vt 0.018233 0.103405
vt -0.100000 0.173205
vt -0.187939 0.068404
vt 0.000000 -0.279253
vt 0.220000 -0.279253
vt 0.250000 -0.256563
vt 0.250000 -0.183260
vt -0.250000 -0.183260
vt -0.250000 -0.256563
vt 0.200000 -0.408407
vt 0.200000 -0.317650
vt -0.200000 -0.317650
vt -0.200000 -0.408407
vt 0.000000 5.177970
vt 0.000000 5.352891
vt -0.800000 5.352891
vt -0.800000 5.177970
vt 0.852500 0.090933
vt 0.898668 0.035912
vt 0.898668 -0.035912
vt 0.937813 -0.341336
vt 0.937813 0.341336
vt 0.664353 0.529773
vt 0.618185 0.474753
vt 0.547452 0.462281
vt 0.485251 0.498193
vt 0.460685 0.565685
vt 0.052500 0.709067
vt -0.018233 0.696595
vt -0.080435 0.732507
vt -0.105000 0.800000
vt -0.080435 0.867493
vt -0.018233 0.903405
vt -0.670685 0.565685
vt -0.646120 0.633178
vt -0.583918 0.669090
vt -0.513185 0.656618
vt -0.467018 0.601598
vt -0.467018 0.529773
vt -0.513185 0.474753
vt -0.070328 0.398847
vt 0.202500 0.350740
vt 0.380576 0.138518
vt 0.380576 -0.138518
vt 0.202500 -0.350740
vt -0.070328 -0.398847
vt -0.467018 -0.601598
vt -0.105000 -0.800000
vt -0.080435 -0.732507
vt -0.018233 -0.696595
vt 0.052500 -0.709067
vt 0.098668 -0.764088
vt 0.098668 -0.835912
vt 0.499000 -0.864293
vt 0.485251 -0.633178
vt 0.460685 -0.565685
vt 0.485251 -0.498193
vt 0.547452 -0.462281
vt 0.618185 -0.474753
vt 0.781767 -0.103405
vt 0.719565 -0.067493
vt 0.695000 0.000000
vt 0.719565 0.067493
vt 0.781767 0.103405
vt -0.027176 -0.101422
vt -0.086011 -0.060226
vt -0.104600 0.009151
vt -0.178201 -0.090798
vt -0.090798 -0.178201
vt 0.031287 -0.197538
vt 0.141421 -0.141421
vt 0.156952 -0.125890
vt 0.213199 -0.097653
vt 0.275175 -0.108609
vt 0.318331 -0.154420
vt 0.199299 0.038817
vt 0.038817 0.199299
vt -0.154420 0.318331
vt -0.108609 0.275175
vt -0.097653 0.213199
vt -0.009151 0.104600
vt 0.060226 0.086011
vt 0.101422 0.027176
vt 0.095162 -0.044375
vt 0.044375 -0.095162
vt -0.074246 0.074246
vt -0.125890 0.156952
vt -0.141421 0.141421
vt -0.197538 0.031287
vt -0.200000 -0.408407
vt -0.050000 -0.408407
vt -0.200000 -0.183260
vt -0.200000 -0.256563
vt -0.020000 -0.256563
vt -0.020000 -0.183260
vt 0.100000 0.256563
vt -0.100000 0.256563
vt 0.080435 0.067493
vt 0.105000 0.000000
vt 0.080435 -0.067493
vt 0.018233 -0.103405
vt -0.052500 -0.090933
vt -0.100000 -0.173205
vt 0.034730 -0.196962
vt 0.153209 -0.128558
vt 0.200000 0.000000
vt 0.153209 0.128558
vt 0.034730 0.196962
vt -0.100000 0.173205
vt -0.187939 0.068404
vt -0.187939 -0.068404
vt -0.098668 0.035912
vt -0.052500 0.090933
vt 0.018233 0.103405
vt -0.098668 -0.035912
vt 0.100000 3.839724
vt -0.100000 3.839724
vt 0.250000 -0.329867
vt 0.250000 -0.256563
vt -0.250000 -0.256563
vt -0.250000 -0.329867
vt 0.800000 -0.059018
vt 0.000000 -0.059018
vt -0.200000 -0.240855
vt -0.100000 -0.240855
vt 0.250000 0.036652
vt -0.250000 0.036652
vt 0.880435 -0.067493
vt 0.818233 -0.103405
vt 0.646120 -0.498193
vt 0.764512 -0.641502
vt 0.998000 0.000000
vt 0.764512 0.641502
vt 0.646120 0.498193
vt 0.583918 0.462281
vt 0.513185 0.474753
vt 0.467018 0.529773
vt 0.080435 0.732507
vt 0.018233 0.696595
vt -0.052500 0.709067
vt -0.098668 0.764088
vt -0.098668 0.835912
vt -0.052500 0.890933
vt 0.018233 0.903405
vt 0.080435 0.867493
vt 0.173301 0.982838
vt -0.499000 0.864293
vt -0.937813 0.341336
vt -0.937813 -0.341336
vt -0.499000 -0.864293
vt 0.173301 -0.982838
vt 0.018233 -0.903405
vt -0.052500 -0.890933
vt -0.098668 -0.835912
vt -0.485251 -0.633178
vt -0.547452 -0.669090
vt -0.618185 -0.656618
vt -0.664353 -0.601598
vt -0.664353 -0.529773
vt -0.781767 -0.103405
vt -0.852500 -0.090933
vt -0.898668 -0.035912
vt -0.898668 0.035912
vt -0.852500 0.090933
vt -0.664353 0.529773
vt -0.664353 0.601598
vt -0.618185 0.656618
vt -0.547452 0.669090
vt -0.485251 0.633178
vt -0.460685 0.565685
vt -0.485251 0.498193
vt -0.202500 0.350740
vt 0.070328 0.398847
vt 0.310248 0.260329
vt 0.405000 0.000000
vt 0.310248 -0.260329
vt 0.467018 -0.601598
vt 0.467018 -0.529773
vt 0.513185 -0.474753
vt 0.583918 -0.462281
vt 0.747500 -0.090933
vt 0.701332 -0.035912
vt 0.701332 0.035912
vt 0.747500 0.090933
vt 0.818233 0.103405
vt 0.880435 0.067493
vt 0.905000 0.000000
vt -0.000000 -0.218166
vt 0.120000 -0.218166
vt 0.250000 0.183260
vt -0.250000 0.183260
vt 0.220000 0.698132
vt 0.000000 0.698132
vt 0.000000 -0.141372
vt 0.000000 -0.235619
vt 0.900000 -0.235619
vt 0.900000 -0.141372
vt 0.100000 0.036652
vt -0.100000 0.036652
vt 0.547452 -0.462281
vt 0.618185 -0.474753
vt 0.664353 -0.529773
vt 1.033662 -0.376222
vt 0.781767 -0.103405
vt 0.719565 -0.067493
vt 0.695000 0.000000
vt 0.719565 0.067493
vt 0.781767 0.103405
vt 0.618185 0.474753
vt 0.547452 0.462281
vt 0.485251 0.498193
vt 0.460685 0.565685
vt 0.098668 0.764088
vt 0.052500 0.709067
vt -0.018233 0.696595
vt -0.080435 0.732507
vt -0.105000 0.800000
vt -0.080435 0.867493
vt -0.018233 0.903405
vt 0.052500 0.890933
vt 0.550000 0.952628
vt -0.467018 0.601598
vt -0.070328 0.398847
vt 0.202500 0.350740
vt 0.380576 0.138518
vt 0.380576 -0.138518
vt 0.202500 -0.350740
vt -0.018233 -0.696595
vt 0.052500 -0.709067
vt 0.460685 -0.565685
vt 0.485251 -0.498193
vt -0.250000 -0.024234
vt 0.250000 -0.024234
vt 0.000000 0.130900
vt 0.120000 0.130900
vt 0.250000 -0.036652
vt -0.250000 -0.036652
vt 0.100000 0.183260
vt -0.100000 0.183260
vt -0.200000 -0.190574
vt 0.200000 -0.190574
vt 0.200000 -0.424115
vt -0.200000 -0.424115
vt -0.000000 -0.392699
vt 0.250000 -0.392699
vt 0.100000 -0.424115
vt -0.100000 -0.424115
vt 0.105000 -0.800000
vt 0.080435 -0.867493
vt 0.670685 -0.565685
vt 0.646120 -0.633178
vt 0.583918 -0.669090
vt 0.513185 -0.656618
vt 0.100000 -0.136136
vt -0.000000 -0.136136
vt -0.200000 -0.036652
vt -0.200000 -0.109956
vt -0.020000 -0.109956
vt -0.020000 -0.036652
vt 0.220000 0.698132
vt 0.000000 0.698132
vt 0.000000 -0.130900
vt 0.250000 -0.130900
vt -0.020000 -0.009163
vt -0.200000 -0.036652
vt -0.020000 -0.082467
vt -0.200000 -0.109956
vt -0.020000 -0.155771
vt -0.200000 -0.183260
vt -0.020000 -0.229074
vt -0.200000 -0.256563
vt -0.020000 -0.302378
vt -0.200000 -0.329867
vt -0.020000 -0.375682
vt -0.020000 0.284052
vt -0.200000 0.329867
vt -0.200000 0.256563
vt -0.020000 0.210749
vt -0.200000 0.183260
vt -0.020000 0.137445
vt -0.200000 0.109956
vt -0.020000 0.064141
vt -0.200000 0.036652
vt 0.200000 0.061087
vt 0.200000 0.183260
vt -0.200000 0.183260
vt -0.200000 0.061087
vt -0.376140 1.400364
vt -1.027175 1.023431
vt -0.950173 0.981044
vt -0.894132 0.913328
vt -0.866892 0.829758
vt -0.319029 1.156815
vt 0.319029 1.156815
vt 0.866892 0.829758
vt 0.894132 0.913328
vt 0.950173 0.981044
vt 1.027175 1.023431
vt 0.376140 1.400364
vt -0.200000 0.080285
vt -0.100000 0.080285
vt 1.146822 -0.085433
vt 1.149647 -0.028501
vt 1.149647 0.028501
vt 1.146822 0.085433
vt 1.131875 0.131041
vt 1.097400 0.164432
vt 1.051338 0.177914
vt 0.898668 0.035912
vt 0.898668 -0.035912
vt 1.051338 -0.177914
vt 1.097400 -0.164432
vt 1.131875 -0.131041
vt -0.100000 0.078540
vt 0.150000 0.078540
vt 0.100000 0.109956
vt -0.100000 0.109956
vt 1.482426 0.304475
vt 1.482426 -0.639475
vt -0.020000 -0.174097
vt -0.200000 -0.183260
vt -0.020000 -0.247400
vt -0.200000 -0.256563
vt -0.020000 -0.320704
vt -0.200000 -0.329867
vt -0.020000 -0.394008
vt -0.020000 0.265726
vt -0.200000 0.329867
vt -0.200000 0.256563
vt -0.020000 0.192423
vt -0.200000 0.183260
vt -0.020000 0.119119
vt -0.200000 0.109956
vt -0.020000 0.045815
vt -0.200000 0.036652
vt -0.020000 -0.027489
vt -0.200000 -0.036652
vt -0.020000 -0.100793
vt -0.200000 -0.109956
vt 0.100000 0.036652
vt -0.100000 0.036652
vt 0.250000 -0.028504
vt 0.250000 0.028504
vt 0.250000 0.085512
vt -0.250000 0.085512
vt -0.250000 0.028504
vt -0.250000 -0.028504
vt -0.250000 -0.085512
vt 0.250000 -0.085512
vt 0.220000 0.314159
vt 0.220000 0.439823
vt -0.000000 0.439823
vt 0.000000 0.314159
vt 0.250000 -0.329867
vt 0.250000 -0.256563
vt -0.250000 -0.256563
vt -0.250000 -0.329867
vt 2.666458 -0.100000
vt 2.666458 0.100000
vt 0.000000 0.100000
vt 0.000000 -0.100000
vt 0.350000 0.041032
vt 0.000000 0.041032
vt 0.250000 -0.072702
vt 0.250000 -0.024234
vt -0.250000 -0.024234
vt -0.250000 -0.072702
vt 0.000000 1.131142
vt -0.000000 1.304051
vt -0.300000 1.304051
vt -0.300000 1.131142
vt 0.100000 0.036652
vt -0.100000 0.036652
vt 0.100000 -0.109956
vt -0.100000 -0.109956
vt 0.200000 -0.687329
vt 0.200000 -0.229110
vt 0.000000 -0.229110
vt 0.000000 -0.687329
vt -0.000000 0.123096
vt 0.350000 0.123096
vt 0.100000 0.226893
vt 0.000000 0.226893
vt -0.500000 0.729388
vt -0.000000 0.729388
vt 0.000000 -0.973894
vt 0.220000 -0.973894
vt -0.100000 -2.303835
vt 0.100000 -2.303835
vt 0.100000 -1.535890
vt -0.100000 -1.535890
vt 0.250000 -0.109956
vt -0.250000 -0.109956
vt 0.000000 0.000000
vt 0.250000 0.000000
vt -0.000000 0.131812
vt -0.000000 0.043937
vt 0.400000 0.043937
vt 0.400000 0.131812
vt 0.800000 -0.177054
vt -0.000000 -0.177054
vt 0.100000 -0.226893
vt 0.000000 -0.226893
vt 0.100000 0.109956
vt -0.100000 0.109956
vt 0.000000 1.580932
vt -0.800000 1.580932
vt 0.100000 0.317650
vt 0.100000 0.408407
vt -0.000000 0.408407
vt 0.000000 0.317650
vt -0.900000 0.471239
vt -0.900000 0.157080
vt -0.000000 0.157080
vt -0.000000 0.471239
vt 0.250000 -0.329867
vt -0.250000 -0.329867
vt -0.200000 1.128133
vt -0.200000 1.044785
vt 0.100000 0.329867
vt -0.100000 0.329867
vt -0.000000 -0.196559
vt -0.300000 -0.196559
vt -0.000000 -0.078958
vt -0.300000 -0.078958
vt 0.250000 -0.072702
vt -0.250000 -0.072702
vt 0.200000 -0.061087
vt -0.200000 -0.061087
vt -0.250000 0.250000
vt -0.250000 0.000000
vt -0.100000 0.000000
vt -0.100000 0.250000
vt -0.250000 -0.024234
vt 0.250000 -0.024234
vt 0.250000 0.024234
vt -0.250000 0.024234
vt 0.250000 -0.109956
vt 0.250000 -0.036652
vt -0.250000 -0.036652
vt -0.250000 -0.109956
vt 0.200000 -0.408407
vt -0.200000 -0.408407
vt 0.250000 -0.072702
vt -0.250000 -0.072702
vt 0.200000 -0.136136
vt -0.200000 -0.136136
vt -0.000000 0.394120
vt -0.000000 0.591180
vt -0.900000 0.591180
vt -0.900000 0.394120
vt -2.429910 1.551353
vt -2.344851 1.414951
vt -2.317462 1.557247
vt -2.317462 1.642753
vt -2.407391 1.710517
vt 0.100000 -0.226893
vt 0.100000 -0.136136
vt 0.000000 -0.136136
vt 0.000000 -0.226893
vt -0.373210 -0.236603
vt -0.423210 -0.250000
vt -0.073210 -0.250000
vt 0.018380 -0.232618
vt 0.097235 -0.182889
vt 0.152388 -0.107728
vt 0.350386 0.306909
vt 0.328324 0.276844
vt 0.296782 0.256953
vt 0.260146 0.250000
vt 0.056790 0.000000
vt 0.026375 -0.083562
vt -0.050636 -0.128025
vt 0.220000 0.251327
vt 0.000000 0.251327
vt -0.200000 1.193549
vt 0.200000 1.193549
vt 0.000000 1.745329
vt 0.150000 1.745329
vt 0.125000 0.216506
vt 0.000000 0.250000
vt -0.150000 0.250000
vt -0.200000 0.263397
vt -0.236603 0.300000
vt -0.250000 0.350000
vt -0.250000 0.000000
vt -0.122160 -0.044463
vt -0.122160 0.044463
vt -0.065000 0.112583
vt 0.022574 0.128025
vt 0.099586 0.083562
vt 0.130000 0.000000
vt 0.099586 -0.083562
vt 0.022574 -0.128025
vt -0.065000 -0.112583
vt -0.216506 -0.125000
vt -0.125000 -0.216506
vt 0.000000 -0.250000
vt 0.350000 -0.250000
vt 0.300000 -0.236603
vt 0.263397 -0.200000
vt 0.250000 -0.150000
vt 0.216506 0.125000
vt 0.050000 -0.000000
vt 0.200000 -0.000000
vt -0.200000 0.628319
vt -0.200000 0.418879
vt 0.200000 0.418879
vt 0.200000 0.628319
vt 0.250000 -0.183260
vt -0.250000 -0.183260
vt -0.200000 -0.032013
vt -0.200000 -0.096038
vt 0.020000 -0.096038
vt 0.020000 -0.032013
vt 0.000000 -0.392699
vt 0.120000 -0.392699
vt -0.100000 1.361357
vt 0.100000 1.361357
vt 0.000000 0.841409
vt -0.500000 0.841409
vt 0.000000 0.000000
vt -0.000000 0.400000
vt -0.416441 0.400000
vt -0.416441 -0.000000
vt 0.180020 0.151055
vt 0.040807 0.231430
vt 0.021706 0.123101
vt 0.095756 0.080348
vt 0.125000 0.000000
vt 0.095756 -0.080348
vt 0.021706 -0.123101
vt -0.062500 -0.108253
vt 0.040807 -0.231430
vt 0.180020 -0.151055
vt 0.235000 0.000000
vt -0.800000 1.464992
vt 0.000000 1.464992
vt 0.220000 0.691150
vt 0.220000 0.816814
vt 0.000000 0.816814
vt 0.000000 0.691150
vt 0.000000 0.392699
vt -0.000000 0.305433
vt 0.120000 0.305433
vt 0.120000 0.392699
vt 0.800000 -0.157080
vt 0.800000 -0.052360
vt 0.000000 -0.052360
vt -0.000000 -0.157080
vt 0.200000 -2.658146
vt 0.000000 -2.658146
vt -0.100000 -3.071779
vt 0.100000 -3.071779
vt 0.100000 0.183260
vt -0.100000 0.183260
vt 0.000000 -0.130900
vt 0.000000 -0.218166
vt 0.120000 -0.218166
vt 0.120000 -0.130900
vt 0.100000 0.109956
vt -0.100000 0.109956
vt -0.200000 -0.401426
vt -0.100000 -0.401426
vt 0.100000 -0.408407
vt -0.000000 -0.408407
vt 0.250000 0.256563
vt 0.250000 0.329867
vt -0.250000 0.329867
vt -0.250000 0.256563
vt -0.500000 0.953430
vt 0.000000 0.953430
vt -0.200000 0.317650
vt -0.050000 0.317650
vt 0.200000 -0.032013
vt -0.020000 -0.032013
vt 0.500000 -0.382186
vt 0.000000 -0.382186
vt 0.100000 0.256563
vt -0.100000 0.256563
vt -0.200000 0.329867
vt -0.200000 0.256563
vt -0.020000 0.256563
vt -0.020000 0.329867
vt 0.100000 0.109956
vt -0.100000 0.109956
vt -0.250000 -0.024234
vt 0.250000 -0.024234
vt 0.250000 0.024234
vt -0.250000 0.024234
vt -0.200000 -0.183260
vt -0.020000 -0.183260
vt 0.200000 0.045379
vt -0.200000 0.045379
vt 0.250000 0.109956
vt -0.250000 0.109956
vt -0.000000 0.218166
vt 0.120000 0.218166
vt 0.000000 0.218166
vt 0.120000 0.218166
vt 0.250000 -0.329867
vt -0.250000 -0.329867
vt 0.250000 0.817696
vt 0.250000 0.988720
vt -0.250000 0.988720
vt -0.250000 0.817696
vt 0.700000 -0.029838
vt 0.500000 -0.212965
vt 0.500000 -0.141977
vt 0.000000 -0.141977
vt 0.000000 -0.212965
vt -0.200000 1.810548
vt -0.200000 1.893896
vt 0.200000 -0.096038
vt -0.020000 -0.096038
vt -0.200000 0.256563
vt -0.020000 0.256563
vt -1.225470 -1.403053
vt 0.100000 -0.045379
vt -0.000000 -0.045379
vt -1.390056 1.206907
vt -1.420470 1.290470
vt -1.390056 1.374032
vt -1.313044 1.418495
vt -1.225470 1.403053
vt -1.250531 1.516976
vt -1.405470 1.489656
vt -1.506599 1.369135
vt -1.506599 1.211805
vt -1.405470 1.091284
vt -1.313044 1.162445
vt -0.200000 0.722566
vt -0.200000 0.561996
vt -0.100000 0.561996
vt -0.100000 0.722566
vt -0.000000 -0.043633
vt 0.120000 -0.043633
vt -0.000000 0.098134
vt 0.800000 0.098134
vt -0.200000 0.329867
vt -0.020000 0.329867
vt 0.100000 -0.036652
vt -0.100000 -0.036652
vt 0.250000 0.183260
vt -0.250000 0.183260
vt -0.650000 1.125833
vt 0.225743 1.280250
vt 0.995858 0.835624
vt 1.313044 1.162445
vt 1.225470 1.177887
vt 1.168310 1.246007
vt 1.168310 1.334932
vt 1.225470 1.403053
vt 1.313044 1.418495
vt 1.390056 1.374032
vt 1.420470 1.290470
vt 1.750000 1.333229
vt 1.623723 1.484427
vt 1.484427 1.623723
vt 1.333229 1.750000
vt -1.333229 1.750000
vt -1.484427 1.623723
vt -1.355470 1.403053
vt -1.267896 1.418495
vt -1.190884 1.374032
vt 1.390056 1.206907
vt 1.300000 0.000000
vt 1.390056 -1.206907
vt 1.420470 -1.290470
vt 1.390056 -1.374032
vt 1.313044 -1.418495
vt 1.225470 -1.403053
vt -1.267896 -1.418495
vt -1.355470 -1.403053
vt -1.412630 -1.334932
vt -1.412630 -1.246007
vt -1.221600 0.444626
vt -1.160470 1.290470
vt -1.190884 1.206907
vt -1.267896 1.162445
vt -1.355470 1.177887
vt -1.412630 1.246007
vt -1.412630 1.334932
vt -1.623723 1.484427
vt -1.750000 1.333229
vt -1.750000 -1.333229
vt -1.623723 -1.484427
vt -1.484427 -1.623723
vt -1.333229 -1.750000
vt 1.333229 -1.750000
vt 1.484427 -1.623723
vt 1.623723 -1.484427
vt 1.750000 -1.333229
vt -0.200000 0.183260
vt -0.020000 0.183260
vt 0.500000 -0.212965
vt 0.000000 -0.212965
vt -0.800000 -0.334603
vt 0.000000 -0.334603
vt -0.000000 5.722445
vt 0.000000 5.164266
vt 0.500000 5.164266
vt 0.500000 5.722445
vt 0.250000 -0.329867
vt -0.250000 -0.329867
vt -0.200000 0.036652
vt -0.020000 0.036652
vt 0.800000 0.052360
vt 0.800000 0.157080
vt 0.000000 0.157080
vt -0.000000 0.052360
vt 0.200000 0.000000
vt -0.020000 0.000000
vt 0.866892 0.829758
vt 0.319029 1.156815
vt -0.319029 1.156815
vt -0.866892 0.829758
vt -0.881492 0.713516
vt -0.950400 0.618769
vt -1.056488 0.569063
vt -1.183763 0.196739
vt -1.183763 -0.196739
vt -1.056488 -0.569063
vt -0.950400 -0.618769
vt -0.881492 -0.713516
vt -0.866892 -0.829758
vt -0.319029 -1.156815
vt 0.319029 -1.156815
vt 0.866892 -0.829758
vt 0.173648 -0.984808
vt -0.500000 -0.866025
vt -0.939693 -0.342020
vt -0.939693 0.342020
vt -0.500000 0.866025
vt 0.173648 0.984808
vt 0.766044 0.642788
vt 1.183763 0.196739
vt 1.056488 0.569063
vt 0.950400 0.618769
vt 0.881492 0.713516
vt 2.400000 -0.200000
vt 2.400000 -0.050000
vt 2.050000 -0.050000
vt 2.050000 0.200000
vt 0.350000 0.200000
vt 0.350000 -0.050000
vt 0.000000 -0.050000
vt 0.000000 -0.200000
vt 0.000000 0.840155
vt -0.800000 0.840155
vt -1.250531 1.063964
vt -1.405470 1.091284
vt -1.300000 0.000000
vt -0.995858 0.835624
vt -1.333229 1.750000
vt -1.484427 1.623723
vt -1.623723 1.484427
vt -1.405470 1.489656
vt -1.250531 1.516976
vt -1.114280 1.438311
vt -1.060470 1.290470
vt -1.114280 1.142629
vt -0.098668 -0.035912
vt -0.098668 0.035912
vt -0.187939 -0.068404
vt -0.100000 -0.173205
vt -0.995858 -0.835624
vt -1.506599 1.211805
vt -1.506599 1.369135
vt -1.750000 1.333229
vt -1.750000 -1.333229
vt -1.623723 -1.484427
vt -1.484427 -1.623723
vt -1.250531 -1.516976
vt -1.405470 -1.489656
vt -1.506599 -1.369135
vt -1.506599 -1.211805
vt -1.405470 -1.091284
vt -1.250531 -1.063964
vt -1.114280 -1.142629
vt -0.418322 0.220000
vt -0.418322 -0.000000
vt -0.396358 -0.000000
vt -0.396358 0.220000
vt 0.050000 -0.029902
vt 0.200000 -0.029902
vt -0.200000 0.408407
vt -0.050000 0.408407
vt 0.000000 0.279253
vt 0.220000 0.279253
vt -0.500000 0.729388
vt -0.000000 0.729388
vt 0.100000 -0.183260
vt -0.100000 -0.183260
vt -0.132775 0.000000
vt -0.132775 0.800000
vt -0.796038 0.800000
vt -0.796038 0.000000
vt 0.100000 0.109956
vt -0.100000 0.109956
vt -0.200000 -0.722566
vt -0.100000 -0.722566
vt 0.100000 -0.329867
vt -0.100000 -0.329867
vt 0.800000 -0.628319
vt -0.000000 -0.628319
vt 0.500000 -0.070988
vt 0.500000 -0.000000
vt 0.000000 -0.000000
vt 0.000000 -0.070988
vt 0.800000 -0.098134
vt -0.000000 -0.098134
vt 0.500000 -0.212965
vt 0.500000 -0.141977
vt -0.000000 -0.141977
vt 0.000000 -0.212965
vt -0.018233 -0.903405
vt -0.080435 -0.867493
vt 0.052500 -0.890933
vt -0.200000 0.329867
vt -0.200000 0.256563
vt -0.020000 0.256563
vt -0.020000 0.329867
vt 0.250000 2.624112
vt 0.250000 2.795135
vt -0.250000 2.795135
vt -0.250000 2.624112
vt 0.898668 0.035912
vt 0.898668 -0.035912
vt 0.852500 -0.090933
vt 0.664353 -0.529773
vt 0.916200 0.333470
vt 0.664353 0.601598
vt 0.664353 0.529773
vt 0.618185 0.474753
vt 0.547452 0.462281
vt 0.485251 0.498193
vt 0.460685 0.565685
vt 0.098668 0.764088
vt 0.052500 0.709067
vt -0.018233 0.696595
vt -0.080435 0.732507
vt -0.105000 0.800000
vt -0.169307 0.960188
vt -0.513185 0.656618
vt -0.467018 0.601598
vt -0.467018 0.529773
vt -0.513185 0.474753
vt -0.070328 0.398847
vt 0.202500 0.350740
vt 0.781767 0.103405
vt 0.852500 0.090933
vt 0.618185 0.656618
vt 0.487500 0.844375
vt -0.080435 0.867493
vt -0.018233 0.903405
vt 0.052500 0.890933
vt 0.098668 0.835912
vt 0.485251 0.633178
vt 0.547452 0.669090
vt -0.405000 0.000000
vt -0.701332 0.035912
vt 0.100000 -0.256563
vt 0.100000 -0.183260
vt -0.100000 -0.183260
vt -0.100000 -0.256563
vt 0.100000 -0.317650
vt 0.000000 -0.317650
vt 0.100000 -0.183260
vt -0.100000 -0.183260
vt -0.200000 -0.036652
vt -0.020000 -0.036652
vt 0.250000 0.256563
vt 0.250000 0.329867
vt -0.250000 0.329867
vt -0.250000 0.256563
vt 0.200000 -0.032013
vt 0.200000 0.032013
vt -0.020000 0.032013
vt -0.020000 -0.032013
vt 0.000000 -0.596903
vt 0.220000 -0.596903
vt -0.900000 -0.157080
vt -0.900000 -0.471239
vt -0.000000 -0.471239
vt -0.000000 -0.157080
vt -0.200000 -0.256563
vt -0.020000 -0.256563
vt 0.000000 -0.471239
vt 0.220000 -0.471239
vt 0.800000 -0.157080
vt 0.800000 -0.052360
vt 0.000000 -0.052360
vt -0.000000 -0.157080
vt 0.200000 0.000000
vt 0.200000 0.113224
vt -0.200000 0.113224
vt -0.200000 0.000000
vt 0.500000 -0.070988
vt 0.000000 -0.070988
vt 0.500000 -0.680200
vt 0.100000 0.036652
vt -0.100000 0.036652
vt -0.000000 0.900000
vt -0.000000 0.000000
vt 4.358229 0.000000
vt 4.358229 0.900000
vt 0.100000 -0.109956
vt -0.100000 -0.109956
vt 0.100000 -0.329867
vt -0.100000 -0.329867
vt 0.500000 -0.212965
vt 0.500000 -0.141977
vt -0.000000 -0.141977
vt 0.000000 -0.212965
vt 0.100000 0.183260
vt -0.100000 0.183260
vt -0.200000 0.527825
vt 0.200000 0.527825
vt 0.250000 3.483677
vt -0.250000 3.483677
vt 0.000000 -1.099557
vt 0.220000 -1.099557
vt 0.100000 -0.329867
vt -0.100000 -0.329867
vt 0.100000 -0.329867
vt -0.100000 -0.329867
vt -0.898668 0.035912
vt -0.852500 0.090933
vt -0.781767 0.103405
vt -0.664353 0.529773
vt -0.664353 0.601598
vt -0.618185 0.656618
vt -0.547452 0.669090
vt -0.485251 0.633178
vt -0.098668 0.835912
vt -0.052500 0.890933
vt 0.018233 0.903405
vt 0.080435 0.867493
vt 0.105000 0.800000
vt 0.513185 0.656618
vt 0.583918 0.669090
vt 0.646120 0.633178
vt 0.670685 0.565685
vt 0.646120 0.498193
vt 0.583918 0.462281
vt 0.405000 0.000000
vt 0.513185 -0.474753
vt 0.701332 -0.035912
vt 0.701332 0.035912
vt 0.747500 0.090933
vt 0.818233 0.103405
vt 0.880435 0.067493
vt 0.746893 0.626718
vt 0.169307 0.960188
vt -0.487500 0.844375
vt -0.916200 0.333470
vt -0.916200 -0.333470
vt -0.487500 -0.844375
vt 0.080435 -0.867493
vt 0.018233 -0.903405
vt -0.052500 -0.890933
vt -0.098668 -0.835912
vt -0.547452 -0.669090
vt -0.618185 -0.656618
vt -0.664353 -0.601598
vt -0.664353 -0.529773
vt -0.618185 -0.474753
vt -0.781767 -0.103405
vt -0.852500 -0.090933
vt -0.898668 -0.035912
vt 0.052500 -0.890933
vt -0.018233 -0.903405
vt -0.080435 -0.867493
vt 0.100000 0.329867
vt -0.100000 0.329867
vt 0.200000 -0.136136
vt -0.200000 -0.136136
vt -0.244545 0.000000
vt -0.244545 0.800000
vt -0.907809 0.800000
vt -0.907809 0.000000
vt 0.607257 0.434313
vt 0.541772 0.478957
vt 0.464088 0.494661
vt -0.463414 0.495224
vt -0.478329 0.496911
vt -0.574397 0.518341
vt -0.655870 0.519974
vt -0.731232 0.488972
vt -0.787971 0.430481
vt -0.843413 0.361362
vt -0.912711 0.306144
vt -0.992465 0.267537
vt -1.062149 0.225292
vt -1.109197 0.158756
vt -1.125798 0.078975
vt -1.125798 0.010346
vt -1.109197 -0.069434
vt -1.062149 -0.135970
vt -0.887923 -0.233757
vt -0.804216 -0.317464
vt -0.706429 -0.491690
vt -0.639894 -0.538738
vt -0.560113 -0.555339
vt 0.708516 -0.555339
vt 0.788297 -0.538738
vt 0.854833 -0.491690
vt 0.897078 -0.422006
vt 0.913055 -0.383372
vt 0.932976 -0.346616
vt 0.956626 -0.312140
vt 0.995325 -0.222145
vt 0.986643 -0.124567
vt 0.932663 -0.042817
vt 0.817968 0.079107
vt 0.723101 0.217024
vt 0.650259 0.367738
vt 0.100000 -0.329867
vt -0.100000 -0.329867
vt 0.200000 2.658146
vt -0.000000 2.658146
vt 0.000000 -2.853693
vt 0.050000 -2.853693
vt 0.852500 -0.090933
vt 0.664353 -0.529773
vt 0.664353 -0.601598
vt 0.618185 -0.656618
vt 0.547452 -0.669090
vt -0.200000 0.401426
vt -0.100000 0.401426
vt -0.200000 0.045379
vt -0.050000 0.045379
vt 0.100000 0.329867
vt -0.100000 0.329867
vt 0.250000 0.000000
vt 0.780000 -0.328122
vt 0.000000 -0.328122
vt -0.500000 0.953430
vt -0.000000 0.953430
vt -0.150000 0.056265
vt 0.100000 0.056265
vt 0.100000 -0.329867
vt -0.100000 -0.329867
vt 0.050000 -0.592893
vt 0.050000 -0.197631
vt 0.000000 -0.197631
vt 0.000000 -0.592893
vt 0.200000 -0.032013
vt -0.020000 -0.032013
vt 0.250000 -0.072702
vt -0.250000 -0.072702
vt -0.100000 -0.025117
vt 0.120000 -0.025117
vt 0.250000 0.329867
vt -0.250000 0.329867
vt 0.200000 0.226893
vt 0.200000 0.317650
vt -0.200000 0.317650
vt -0.200000 0.226893
vt 0.250000 0.024234
vt -0.250000 0.024234
vt 0.000000 -0.130900
vt 0.120000 -0.130900
vt 0.100000 -0.256563
vt -0.100000 -0.256563
vt 0.000000 0.617366
vt 0.000000 0.729388
vt -0.500000 0.729388
vt -0.500000 0.617366
vt 0.100000 -0.109956
vt -0.100000 -0.109956
vt 0.200000 -3.419129
vt 0.000000 -3.419129
vt 0.000000 0.424115
vt 0.900000 0.424115
vt 0.100000 0.226893
vt 0.000000 0.226893
vt -0.000000 0.197060
vt -0.900000 0.197060
vt 0.034730 -0.196962
vt 0.153209 -0.128558
vt 0.200000 0.000000
vt 0.153209 0.128558
vt 0.034730 0.196962
vt -0.100000 0.173205
vt -0.187939 0.068404
vt -0.052500 0.090933
vt 0.018233 0.103405
vt 0.080435 0.067493
vt 0.105000 -0.000000
vt 0.080435 -0.067493
vt 0.018233 -0.103405
vt -0.052500 -0.090933
vt 0.100000 -0.329867
vt -0.100000 -0.329867
vt 0.200000 3.419129
vt 0.000000 3.419129
vt -0.200000 0.109956
vt -0.020000 0.109956
vt 0.000000 -0.084171
vt 0.500000 -0.531193
vt 0.000000 -0.531193
vt 0.200000 0.096038
vt -0.020000 0.096038
vt 0.250000 0.109956
vt -0.250000 0.109956
vt -0.418322 0.220000
vt -0.418322 0.000000
vt -0.396358 0.000000
vt -0.396358 0.220000
vt -0.354052 0.432602
vt -0.317287 0.537428
vt -0.460685 0.565685
vt -0.485251 0.498193
vt 0.100000 0.183260
vt -0.100000 0.183260
vt -0.000000 0.617366
vt -0.500000 0.617366
vt 0.700023 -0.062128
vt 0.250000 -0.329867
vt -0.250000 -0.329867
vt -0.701332 -0.035912
vt -0.200000 0.408407
vt -0.050000 0.408407
vt 0.659708 -0.892250
vt 0.707697 -0.893017
vt 0.750516 -0.871336
vt 0.871336 -0.750516
vt 0.893017 -0.707697
vt 0.892250 -0.659708
vt 0.804068 -0.485811
vt 0.820028 -0.339667
vt 0.912083 -0.225042
vt 1.097400 -0.164432
vt 1.131875 -0.131041
vt 1.146822 -0.085433
vt 0.880435 -0.067493
vt 0.818233 -0.103405
vt 0.747500 -0.090933
vt 0.701332 -0.035912
vt 0.556248 -0.055543
vt 0.604375 -0.155663
vt 0.626054 -0.221703
vt 0.646120 -0.498193
vt 0.670685 -0.565685
vt 0.646120 -0.633178
vt 0.583918 -0.669090
vt 0.513185 -0.656618
vt 0.467018 -0.601598
vt 0.467018 -0.529773
vt 0.432602 -0.354052
vt 0.354052 -0.432602
vt 0.317287 -0.537428
vt 0.285919 -0.599455
vt 0.221703 -0.626054
vt 0.155663 -0.604375
vt 0.055543 -0.556248
vt -0.055543 -0.556248
vt -0.155663 -0.604375
vt -0.221703 -0.626054
vt -0.285919 -0.599455
vt -0.317287 -0.537428
vt -0.354052 -0.432602
vt -0.485251 -0.498193
vt -0.460685 -0.565685
vt -0.485251 -0.633178
vt -0.547452 -0.669090
vt -0.618185 -0.656618
vt -0.664353 -0.601598
vt -0.869212 -0.617604
vt -0.892250 -0.659708
vt -0.893017 -0.707697
vt -0.871336 -0.750516
vt -0.750516 -0.871336
vt -0.707697 -0.893017
vt -0.659708 -0.892250
vt -0.485811 -0.804068
vt -0.339667 -0.820028
vt -0.098668 -0.835912
vt -0.098668 -0.764088
vt -0.052500 -0.709067
vt 0.018233 -0.696595
vt 0.080435 -0.732507
vt 0.339667 -0.820028
vt 0.485811 -0.804068
vt 0.100000 -0.329867
vt -0.100000 -0.329867
vt 0.220000 0.565487
vt 0.000000 0.565487
vt 0.100000 0.136136
vt -0.000000 0.136136
vt 0.250000 0.109956
vt -0.250000 0.109956
vt -0.400000 0.277948
vt -0.000000 0.277948
vt 0.100000 -0.408407
vt -0.000000 -0.408407
vt -0.618185 -0.474753
vt -0.547452 -0.462281
vt -0.432602 -0.354052
vt -0.537428 -0.317287
vt -0.599455 -0.285919
vt -0.626054 -0.221703
vt -0.604375 -0.155663
vt -0.556248 -0.055543
vt -0.556248 0.055543
vt -0.604375 0.155663
vt -0.626054 0.221703
vt -0.599455 0.285919
vt -0.537428 0.317287
vt -0.432602 0.354052
vt -0.547452 0.462281
vt -0.618185 0.474753
vt -0.664353 0.529773
vt -0.664353 0.601598
vt -0.618185 0.656618
vt -0.547452 0.669090
vt -0.485251 0.633178
vt -0.285919 0.599455
vt -0.221703 0.626054
vt -0.155663 0.604375
vt -0.055543 0.556248
vt 0.055543 0.556248
vt 0.018233 0.696595
vt -0.052500 0.709067
vt -0.098668 0.764088
vt -0.098668 0.835912
vt -0.052500 0.890933
vt 0.018233 0.903405
vt 0.080435 0.867493
vt 0.225042 0.912083
vt 0.164432 1.097400
vt 0.131041 1.131875
vt 0.085433 1.146822
vt -0.085433 1.146822
vt -0.131041 1.131875
vt -0.164432 1.097400
vt -0.225042 0.912083
vt -0.339667 0.820028
vt -0.485811 0.804068
vt -0.659708 0.892250
vt -0.707697 0.893017
vt -0.750516 0.871336
vt -0.871336 0.750516
vt -0.893017 0.707697
vt -0.892250 0.659708
vt -0.804068 0.485811
vt -0.820028 0.339667
vt -0.912083 0.225042
vt -1.097400 0.164432
vt -1.131875 0.131041
vt -0.852500 0.090933
vt -0.781767 0.103405
vt -0.719565 0.067493
vt -0.695000 0.000000
vt -0.719565 -0.067493
vt -0.781767 -0.103405
vt -0.852500 -0.090933
vt -1.149647 -0.028501
vt -1.146822 -0.085433
vt -1.131875 -0.131041
vt -1.097400 -0.164432
vt -0.912083 -0.225042
vt -0.820028 -0.339667
vt -0.804068 -0.485811
vt -0.664353 -0.529773
vt -0.200000 0.722566
vt -0.100000 0.722566
vt 0.100000 0.706858
vt -0.100000 0.706858
vt 0.250000 0.329867
vt -0.250000 0.329867
vt -0.198359 0.000000
vt -0.198359 0.800000
vt -0.874530 0.800000
vt -0.874530 -0.000000
vt 0.250000 -0.183260
vt -0.250000 -0.183260
vt -0.100000 -0.075351
vt 0.120000 -0.075351
vt -0.000000 1.476959
vt -0.300000 1.476959
vt -0.000000 0.000000
vt -0.900000 0.000000
vt 0.250000 0.329867
vt -0.250000 0.329867
vt 0.000000 1.476959
vt -0.300000 1.476959
vt 0.500000 0.000000
vt 0.000000 0.000000
vt -0.200000 0.408407
vt -0.200000 0.317650
vt -0.050000 0.317650
vt -0.050000 0.408407
vt 0.300000 0.022299
vt -0.000000 0.022299
vt 1.368037 -0.200000
vt 1.368037 0.200000
vt 0.459485 0.200000
vt 0.459485 -0.050000
vt 0.000000 -0.050000
vt -0.000000 -0.200000
vt 0.000000 -0.141372
vt 0.900000 -0.141372
vt -0.200000 -0.317650
vt -0.050000 -0.317650
vt 0.000000 0.424115
vt 0.900000 0.424115
vt 0.100000 0.989602
vt -0.100000 0.989602
vt 0.050000 -3.572280
vt 0.000000 -3.572280
vt 0.100000 -0.036652
vt -0.100000 -0.036652
vt 0.250000 0.000000
vt -0.250000 -2.786942
vt 0.250000 -2.786942
vt 0.250000 0.329867
vt -0.250000 0.329867
vt 0.000000 0.130900
vt 0.120000 0.130900
vt 0.800000 -0.098134
vt -0.000000 -0.098134
vt -0.200000 -0.329867
vt -0.020000 -0.329867
vt -0.000000 4.606087
vt 0.500000 4.606087
vt 0.250000 0.000000
vt 0.099586 -0.083562
vt 0.125000 -0.216506
vt 0.216506 -0.125000
vt 0.250000 -0.329867
vt 0.250000 -0.256563
vt -0.250000 -0.256563
vt -0.250000 -0.329867
vt 0.250000 -0.988720
vt 0.250000 -0.817696
vt -0.250000 -0.817696
vt -0.250000 -0.988720
vt 0.250000 -0.329867
vt 0.250000 -0.256563
vt -0.250000 -0.256563
vt -0.250000 -0.329867
vt -0.000000 0.492183
vt 0.780000 0.492183
vt 0.100000 0.408407
vt 0.000000 0.408407
vt 0.250000 -0.072702
vt -0.250000 -0.072702
vt -0.200000 -0.329867
vt -0.020000 -0.329867
vt -0.405000 0.000000
vt -0.701332 0.035912
vt -0.701332 -0.035912
vt -0.200000 -0.329867
vt -0.020000 -0.329867
vt 0.200000 -0.096038
vt -0.020000 -0.096038
vt 0.220000 0.698132
vt 0.000000 0.698132
vt 0.100000 0.329867
vt -0.100000 0.329867
vt 0.250000 -0.072702
vt -0.250000 -0.072702
vt 0.800000 -0.196557
vt -0.000000 -0.196557
vt -0.200000 -0.408407
vt -0.050000 -0.408407
vt 0.200000 0.182203
vt -0.020000 0.182203
vt 0.100000 0.329867
vt -0.100000 0.329867
vt 0.100000 0.329867
vt -0.100000 0.329867
vt 0.000000 0.328122
vt 0.780000 0.328122
vt -0.225042 -0.912083
vt -0.164432 -1.097400
vt -0.131041 -1.131875
vt -0.018233 -0.903405
vt -0.080435 -0.867493
vt -0.105000 -0.800000
vt 0.250000 -0.072702
vt -0.250000 -0.072702
vt 0.432602 -0.354052
vt 0.354052 -0.432602
vt 0.317287 -0.537428
vt 0.285919 -0.599455
vt 0.221703 -0.626054
vt 0.155663 -0.604375
vt 0.055543 -0.556248
vt -0.055543 -0.556248
vt -0.155663 -0.604375
vt -0.221703 -0.626054
vt -0.513185 -0.656618
vt -0.485811 -0.804068
vt -0.339667 -0.820028
vt -0.080435 -0.732507
vt -0.018233 -0.696595
vt 0.052500 -0.709067
vt 0.098668 -0.764088
vt 0.098668 -0.835912
vt 0.052500 -0.890933
vt -0.085433 -1.146822
vt 0.085433 -1.146822
vt 0.131041 -1.131875
vt 0.164432 -1.097400
vt 0.225042 -0.912083
vt 0.339667 -0.820028
vt 0.485811 -0.804068
vt 0.659708 -0.892250
vt 0.707697 -0.893017
vt 0.750516 -0.871336
vt 0.871336 -0.750516
vt 0.893017 -0.707697
vt 0.892250 -0.659708
vt 0.664353 -0.601598
vt 0.618185 -0.656618
vt 0.547452 -0.669090
vt 0.485251 -0.633178
vt 0.460685 -0.565685
vt 0.485251 -0.498193
vt 0.547452 -0.462281
vt 0.912083 -0.225042
vt 0.852500 -0.090933
vt 0.781767 -0.103405
vt 0.719565 -0.067493
vt 0.695000 0.000000
vt 0.719565 0.067493
vt 0.781767 0.103405
vt 0.852500 0.090933
vt 0.912083 0.225042
vt 0.820028 0.339667
vt 0.664353 0.529773
vt 0.626054 0.221703
vt 0.604375 0.155663
vt 0.556248 0.055543
vt 0.556248 -0.055543
vt 0.604375 -0.155663
vt 0.626054 -0.221703
vt 0.599455 -0.285919
vt 0.537428 -0.317287
vt 0.500000 2.001155
vt 0.000000 2.001155
vt 0.212500 0.548205
vt 0.600000 0.900000
vt 0.600000 0.000000
vt 2.900000 0.000000
vt 2.900000 0.900000
vt 0.500000 4.047908
vt -0.000000 4.047908
vt 0.250000 -0.072702
vt -0.250000 -0.072702
vt 0.000000 -3.177018
vt 0.050000 -3.177018
vt 0.500000 1.118288
vt 0.220000 0.942478
vt 0.000000 0.942478
vt 0.467018 0.601598
vt 0.513185 0.656618
vt 0.583918 0.669090
vt 0.646120 0.633178
vt 0.670685 0.565685
vt 0.105000 0.800000
vt 0.250000 0.256563
vt 0.250000 0.329867
vt -0.250000 0.329867
vt -0.250000 0.256563
vt -0.000000 -0.017778
vt 0.400000 -0.017778
vt 0.000000 -0.424115
vt 0.900000 -0.424115
vt 0.250000 0.036652
vt -0.250000 0.036652
vt -0.100000 -3.176499
vt 0.100000 -3.176499
vt 0.100000 0.424115
vt -0.100000 0.424115
vt 0.050000 0.362797
vt 0.200000 0.362797
vt 0.200000 -0.096038
vt -0.020000 -0.096038
vt -0.000000 0.250000
vt -0.150000 0.250000
vt -0.150000 0.000000
vt -0.250000 0.072702
vt -0.800000 -0.330365
vt -0.800000 -0.429683
vt -0.000000 -0.429683
vt 0.000000 -0.330365
vt -0.000000 -0.049485
vt 0.350000 -0.049485
vt 0.200000 -0.000000
vt 0.050000 0.000000
vt 0.098668 -0.764088
vt 0.098668 -0.835912
vt 0.052500 -0.890933
vt -0.018233 -0.903405
vt -0.080435 -0.867493
vt -0.105000 -0.800000
vt -0.080435 -0.732507
vt -0.467018 -0.601598
vt -0.513185 -0.656618
vt -0.583918 -0.669090
vt -0.646120 -0.633178
vt -0.670685 -0.565685
vt -0.191013 -1.083289
vt 0.550000 -0.952628
vt 0.664353 -0.601598
vt 0.618185 -0.656618
vt 0.547452 -0.669090
vt 0.485251 -0.633178
vt 0.098668 0.835912
vt 0.485251 0.633178
vt 0.547452 0.669090
vt 0.618185 0.656618
vt 0.664353 0.601598
vt 0.664353 0.529773
vt 0.852500 0.090933
vt 0.898668 0.035912
vt 0.898668 -0.035912
vt 0.852500 -0.090933
vt 1.033662 0.376222
vt 0.000000 1.031913
vt -0.350000 1.031913
vt 0.250000 0.329867
vt -0.250000 0.329867
vt 0.200000 0.549779
vt -0.200000 0.549779
vt -0.100000 -4.084070
vt 0.100000 -4.084070
vt -0.000000 0.591180
vt -0.900000 0.591180
vt -0.000000 0.617366
vt -0.500000 0.617366
vt 4.958229 0.000000
vt 4.958229 0.900000
vt 0.600000 0.900000
vt 0.600000 0.000000
vt -0.052500 -0.090933
vt -0.100000 -0.173205
vt 0.034730 -0.196962
vt 0.018233 -0.103405
vt -0.800000 1.472663
vt -0.000000 1.472663
vt -0.000000 1.120702
vt -0.350000 1.120702
vt -0.000000 0.617366
vt -0.500000 0.617366
vt 0.500000 -0.212965
vt -0.000000 -0.212965
vt -1.182828 0.773847
vt -1.130733 1.071595
vt -1.192935 1.107507
vt -1.758620 1.008178
vt -1.696418 1.044090
vt -1.625685 1.031618
vt -1.579518 0.976598
vt -1.579518 0.904773
vt -1.625685 0.849753
vt -1.813832 0.410912
vt -1.813832 0.339088
vt -1.860000 0.284067
vt -1.625685 -0.099753
vt -1.060000 -0.334067
vt -1.013832 -0.389088
vt -1.013832 -0.460912
vt -1.060000 -0.515933
vt -1.130733 -0.528405
vt -1.192935 -0.492493
vt -1.696418 -0.294090
vt -1.758620 -0.258178
vt -1.783185 -0.190685
vt -1.844469 -0.269085
vt -0.842500 -0.950000
vt -0.812086 -0.866438
vt -0.735074 -0.821975
vt -0.647500 -0.837417
vt -0.590340 -0.905537
vt 1.557500 -0.950000
vt -0.494315 -0.281618
vt -0.565048 -0.294090
vt -0.627249 -0.258178
vt -0.651815 -0.190685
vt -0.627249 -0.123193
vt -0.565048 -0.087281
vt -0.330733 0.271595
vt -0.392935 0.307507
vt -0.417500 0.375000
vt -0.392935 0.442493
vt -0.731924 0.236482
vt -0.910000 0.024260
vt -1.182828 -0.023847
vt -1.422748 0.114671
vt -1.517500 0.375000
vt -1.422748 0.635329
vt -0.000000 0.043633
vt 0.120000 0.043633
vt 0.800000 0.196557
vt -0.000000 0.196557
vt -0.800000 1.413858
vt -0.000000 1.413858
vt 2.666458 0.000000
vt 2.666458 0.900000
vt -0.000000 0.900000
vt -0.000000 0.000000
vt 0.100000 0.000000
vt -0.100000 0.000000
vt 0.905000 0.000000
vt 0.880435 -0.067493
vt 0.818233 -0.103405
vt 0.842649 -0.707066
vt 1.100000 0.000000
vt 0.670685 0.565685
vt 0.646120 0.498193
vt 0.583918 0.462281
vt 0.513185 0.474753
vt 0.018233 0.696595
vt -0.052500 0.709067
vt -0.460685 0.565685
vt -0.485251 0.498193
vt -0.547452 0.462281
vt -0.618185 0.474753
vt -0.664353 0.529773
vt -0.664353 0.601598
vt -0.618185 0.656618
vt -1.033662 0.376222
vt -1.033662 -0.376222
vt -0.550000 -0.952628
vt 0.191013 -1.083289
vt 0.105000 -0.800000
vt 0.080435 -0.867493
vt 0.018233 -0.903405
vt -0.052500 -0.890933
vt -0.098668 -0.835912
vt -0.098668 -0.764088
vt -0.052500 -0.709067
vt -0.460685 -0.565685
vt -0.485251 -0.633178
vt -0.547452 -0.669090
vt -0.618185 -0.656618
vt -0.664353 -0.601598
vt -0.664353 -0.529773
vt -0.618185 -0.474753
vt -0.781767 -0.103405
vt -0.852500 -0.090933
vt -0.898668 -0.035912
vt -0.898668 0.035912
vt -0.852500 0.090933
vt -0.781767 0.103405
vt -0.719565 0.067493
vt -0.695000 0.000000
vt -0.380576 0.138518
vt -0.202500 0.350740
vt 0.070328 0.398847
vt 0.310248 0.260329
vt 0.405000 0.000000
vt 0.310248 -0.260329
vt 0.747500 -0.090933
vt 0.701332 -0.035912
vt 0.701332 0.035912
vt 0.747500 0.090933
vt 0.818233 0.103405
vt 0.880435 0.067493
vt 0.100000 -1.272345
vt -0.100000 -1.272345
vt 0.080435 0.067493
vt 0.105000 0.000000
vt 0.080435 -0.067493
vt 0.153209 -0.128558
vt 0.200000 0.000000
vt 0.153209 0.128558
vt 0.034730 0.196962
vt -0.100000 0.173205
vt -0.187939 0.068404
vt -0.187939 -0.068404
vt -0.098668 -0.035912
vt -0.098668 0.035912
vt -0.052500 0.090933
vt 0.018233 0.103405
vt 0.646120 -0.498193
vt 0.670685 -0.565685
vt 0.350000 -0.148455
vt 0.000000 -0.148455
vt 0.513185 -0.474753
vt 0.583918 -0.462281
vt 0.070328 -0.398847
vt -0.202500 -0.350740
vt -0.380576 -0.138518
vt -0.719565 -0.067493
vt -0.547452 -0.462281
vt -0.485251 -0.498193
vt 0.018233 -0.696595
vt 0.080435 -0.732507
vt 0.646120 -0.633178
vt 0.583918 -0.669090
vt 0.513185 -0.656618
vt 0.467018 -0.601598
vt 0.467018 -0.529773
vt -0.000000 0.837268
vt 0.500000 0.837268
vt -0.000000 -0.053335
vt 0.400000 -0.053335
vt 0.100000 1.272345
vt -0.100000 1.272345
vt 1.355470 -1.403053
vt 1.267896 -1.418495
vt 1.190884 -1.374032
vt 1.160470 -1.290470
vt 1.190884 -1.206907
vt 1.267896 -1.162445
vt 1.175470 -1.091284
vt 1.074341 -1.211805
vt 1.074341 -1.369135
vt 1.175470 -1.489656
vt 1.330409 -1.516976
vt 1.466660 -1.438311
vt -0.000000 0.078540
vt 0.250000 0.078540
vt -0.500000 0.953430
vt 0.000000 0.953430
vt 0.100000 -0.329867
vt -0.100000 -0.329867
vt 0.250000 -0.072702
vt -0.250000 -0.072702
vt 0.200000 0.408407
vt -0.200000 0.408407
vt -0.235000 -0.698132
vt -0.235000 -0.977384
vt -0.065000 -0.977384
vt -0.065000 -0.698132
vt -0.900000 -0.181514
vt -0.280000 -0.181514
vt -0.280000 -0.090757
vt -0.900000 -0.090757
vt 0.347168 0.250455
vt 0.347168 0.322013
vt 0.079668 0.322013
vt 0.079668 0.250455
vt 0.230472 0.083776
vt 0.230472 0.139626
vt 0.060472 0.139626
vt 0.060472 0.083776
vt 0.190000 -2.865230
vt 0.190000 -2.820561
vt -0.010000 3.305545
vt -0.190000 3.403392
vt -0.010000 -2.865230
vt -0.022981 0.041452
vt -0.022981 -0.041452
vt 0.022981 -0.041452
vt 0.022981 0.041452
vt -0.022981 0.373064
vt -0.022981 0.290161
vt 0.022981 0.290161
vt 0.022981 0.373064
vt -0.021213 -0.165806
vt -0.021213 -0.232129
vt 0.021213 -0.232129
vt 0.021213 -0.165806
vt -0.557337 -0.800000
vt -0.196406 -0.955013
vt 0.196406 -0.955013
vt 0.557337 -0.800000
vt -0.022981 -0.207258
vt -0.022981 -0.290161
vt 0.022981 -0.290161
vt 0.022981 -0.207258
vt 0.230472 -0.027925
vt 0.230472 0.027925
vt 0.060472 0.027925
vt 0.060472 -0.027925
vt 0.714668 -0.035779
vt 0.714668 0.035779
vt 0.097168 0.035779
vt 0.097168 -0.035779
vt -0.280000 -0.335103
vt -0.000000 -0.335103
vt -0.000000 -0.167552
vt -0.280000 -0.167552
vt -0.022981 0.331613
vt 0.022981 0.331613
vt 0.022981 0.414516
vt -0.022981 0.414516
vt 0.230472 -0.083776
vt 0.230472 -0.027925
vt 0.060472 -0.027925
vt 0.060472 -0.083776
vt 0.347168 0.107338
vt 0.347168 0.178896
vt 0.079668 0.178896
vt 0.079668 0.107338
vt -0.022981 -0.207258
vt -0.022981 -0.290161
vt 0.022981 -0.290161
vt 0.022981 -0.207258
vt 0.347168 -0.250455
vt 0.347168 -0.178896
vt 0.079668 -0.178896
vt 0.079668 -0.250455
vt 0.060472 -0.055851
vt 0.230472 -0.055851
vt 0.230472 0.000000
vt 0.060472 0.000000
vt 0.230472 -0.167552
vt 0.060472 -0.167552
vt 0.060472 -0.223402
vt 0.230472 -0.223402
vt -0.900000 -0.090757
vt -0.280000 -0.090757
vt -0.280000 0.000000
vt -0.900000 0.000000
vt -0.000000 0.078540
vt -0.000000 0.235619
vt -0.235000 0.235619
vt -0.235000 0.078540
vt -0.280000 0.167552
vt 0.000000 0.167552
vt 0.000000 0.335103
vt -0.280000 0.335103
vt -0.022981 0.290161
vt -0.022981 0.207258
vt 0.022981 0.207258
vt 0.022981 0.290161
vt -0.347168 -0.143117
vt -0.079668 -0.143117
vt -0.079668 -0.071558
vt -0.347168 -0.071558
vt -0.014142 0.680678
vt -0.014142 0.408407
vt 0.014142 0.408407
vt 0.014142 0.680678
vt 0.230472 -0.083776
vt 0.230472 -0.027925
vt 0.060472 -0.027925
vt 0.060472 -0.083776
vt -0.700000 -0.181514
vt -0.280000 -0.181514
vt -0.280000 -0.090757
vt -0.700000 -0.090757
vt -0.022981 0.373064
vt -0.022981 0.290161
vt 0.022981 0.290161
vt 0.022981 0.373064
vt -0.079668 0.071558
vt -0.347168 0.071558
vt -0.347168 -0.000000
vt -0.079668 -0.000000
vt 0.347168 0.071558
vt 0.079668 0.071558
vt 0.079668 0.000000
vt 0.347168 0.000000
vt -0.014142 0.136136
vt -0.014142 -0.136136
vt 0.014142 -0.136136
vt 0.014142 0.136136
vt -0.347168 0.143117
vt -0.079668 0.143117
vt -0.079668 0.214675
vt -0.347168 0.214675
vt 0.230472 -0.195477
vt 0.230472 -0.139626
vt 0.060472 -0.139626
vt 0.060472 -0.195477
vt -0.099447 0.000000
vt -0.099447 -0.100000
vt -0.094053 -0.100000
vt -0.094053 0.000000
vt 0.000000 0.000000
vt 0.340000 0.000000
vt 0.340000 0.130000
vt 0.300000 0.170000
vt 0.000000 0.170000
vt 0.230472 0.195477
vt 0.060472 0.195477
vt -0.280000 -0.335103
vt 0.000000 -0.335103
vt 0.000000 -0.167552
vt -0.280000 -0.167552
vt 0.347168 -0.143117
vt 0.079668 -0.143117
vt 0.079668 -0.214675
vt 0.347168 -0.214675
vt -0.628779 0.655792
vt -0.556098 0.675267
vt -0.477500 0.827054
vt -0.660940 0.689335
vt -0.897406 0.326629
vt -0.800000 0.110000
vt -0.729293 0.084265
vt -0.375877 0.136808
vt -0.200000 0.346410
vt -0.055000 0.704737
vt -0.103366 0.762378
vt -0.456104 0.575273
vt -0.475579 0.502592
vt -0.537215 0.459434
vt -0.612173 0.465992
vt -0.665379 0.519197
vt -0.671937 0.594156
vt -0.900000 0.181514
vt -0.280000 0.181514
vt -0.280000 0.272271
vt -0.900000 0.272271
vt -0.022981 -0.290161
vt -0.022981 -0.373064
vt 0.022981 -0.373064
vt 0.022981 -0.290161
vt 0.924668 0.035779
vt 0.924668 0.107338
vt 0.107168 0.107338
vt 0.107168 0.035779
vt -0.021213 0.298451
vt -0.021213 0.232129
vt 0.021213 0.232129
vt 0.021213 0.298451
vt -0.280000 0.090757
vt -0.700000 0.090757
vt -0.700000 0.000000
vt -0.280000 0.000000
vt 0.230472 -0.139626
vt 0.060472 -0.139626
vt 0.230472 0.167552
vt 0.060472 0.167552
vt 0.060472 0.111701
vt 0.230472 0.111701
vt -0.022981 0.082903
vt 0.022981 0.082903
vt 0.022981 0.165806
vt -0.022981 0.165806
vt 0.230472 0.195477
vt 0.230472 0.251327
vt 0.060472 0.251327
vt 0.060472 0.195477
vt -0.280000 -0.502655
vt 0.000000 -0.502655
vt 0.000000 -0.335103
vt -0.280000 -0.335103
vt -0.347168 0.143117
vt -0.079668 0.143117
vt -0.079668 0.214675
vt -0.347168 0.214675
vt 0.230472 -0.027925
vt 0.230472 0.027925
vt 0.060472 0.027925
vt 0.060472 -0.027925
vt 0.150000 0.052360
vt 0.150000 0.157080
vt -0.150000 0.157080
vt -0.150000 0.052360
vt -0.347168 -0.250455
vt -0.347168 -0.322013
vt -0.079668 -0.322013
vt -0.079668 -0.250455
vt -0.235000 0.977384
vt -0.235000 0.698132
vt -0.065000 0.698132
vt -0.065000 0.977384
vt 0.230472 0.139626
vt 0.230472 0.195477
vt 0.060472 0.195477
vt 0.060472 0.139626
vt -0.280000 0.670206
vt 0.000000 0.670206
vt 0.000000 0.837758
vt -0.280000 0.837758
vt 0.347168 0.286234
vt 0.079668 0.286234
vt 0.079668 0.214675
vt 0.347168 0.214675
vt 0.714668 -0.250455
vt 0.714668 -0.178896
vt 0.097168 -0.178896
vt 0.097168 -0.250455
vt -0.021213 -0.165806
vt -0.021213 -0.232129
vt 0.021213 -0.232129
vt 0.021213 -0.165806
vt -0.021213 0.171042
vt -0.021213 -0.171042
vt 0.021213 -0.171042
vt 0.021213 0.171042
vt 0.924668 -0.322013
vt 0.924668 -0.250455
vt 0.107168 -0.250455
vt 0.107168 -0.322013
vt -0.435000 1.021018
vt -0.435000 0.340339
vt -0.255000 0.340339
vt -0.255000 1.021018
vt -0.022981 0.290161
vt -0.022981 0.207258
vt 0.022981 0.207258
vt 0.022981 0.290161
vt -0.519197 -0.665379
vt -0.594156 -0.671937
vt -0.689335 -0.660940
vt -0.477500 -0.827054
vt -0.020078 -0.954789
vt -0.084265 -0.870707
vt -0.110000 -0.800000
vt -0.465992 -0.612173
vt -0.700000 -0.272271
vt -0.280000 -0.272271
vt -0.280000 -0.181514
vt -0.700000 -0.181514
vt 0.230472 0.195477
vt 0.230472 0.251327
vt 0.060472 0.251327
vt 0.060472 0.195477
vt -0.022981 -0.207258
vt -0.022981 -0.290161
vt 0.022981 -0.290161
vt 0.022981 -0.207258
vt -0.022981 0.041452
vt -0.022981 -0.041452
vt 0.022981 -0.041452
vt 0.022981 0.041452
vt 0.230472 0.055851
vt 0.060472 0.055851
vt 0.028284 -0.141421
vt 0.028284 0.141421
vt -0.028284 0.124853
vt -0.028284 -0.124853
vt -0.700000 -0.181514
vt -0.280000 -0.181514
vt -0.280000 -0.090757
vt -0.700000 -0.090757
vt 0.347168 -0.178896
vt 0.347168 -0.107338
vt 0.079668 -0.107338
vt 0.079668 -0.178896
vt 0.714668 -0.178896
vt 0.714668 -0.107338
vt 0.097168 -0.107338
vt 0.097168 -0.178896
vt -0.280000 0.502655
vt 0.000000 0.502655
vt 0.000000 0.670206
vt -0.280000 0.670206
vt -0.280000 -0.335103
vt 0.000000 -0.335103
vt 0.000000 -0.167552
vt -0.280000 -0.167552
vt 0.160000 -0.851721
vt 0.210000 -0.851721
vt 0.210000 -0.425860
vt 0.160000 -0.425860
vt 0.347168 0.214675
vt 0.079668 0.214675
vt 0.079668 0.143117
vt 0.347168 0.143117
vt -0.900000 -0.272271
vt -0.280000 -0.272271
vt -0.280000 -0.181514
vt -0.900000 -0.181514
vt 0.000000 0.167552
vt -0.280000 0.167552
vt -0.280000 0.000000
vt 0.000000 0.000000
vt 0.230472 -0.139626
vt 0.230472 -0.083776
vt 0.060472 -0.083776
vt 0.060472 -0.139626
vt -0.280000 0.335103
vt 0.000000 0.335103
vt 0.000000 0.502655
vt -0.280000 0.502655
vt -0.010607 -0.113883
vt 0.010607 -0.113883
vt 0.010607 0.037961
vt -0.010607 0.037961
vt -0.399668 0.214675
vt -0.132168 0.214675
vt -0.132168 0.286234
vt -0.399668 0.286234
vt -0.014142 1.684243
vt -0.014142 1.010546
vt 0.014142 1.010546
vt 0.014142 1.684243
vt 0.347168 0.107338
vt 0.347168 0.178896
vt 0.079668 0.178896
vt 0.079668 0.107338
vt -0.022981 0.041452
vt -0.022981 -0.041452
vt 0.022981 -0.041452
vt 0.022981 0.041452
vt 0.347168 0.071558
vt 0.079668 0.071558
vt 0.079668 0.000000
vt 0.347168 0.000000
vt 0.230472 0.027925
vt 0.230472 0.083776
vt 0.060472 0.083776
vt 0.060472 0.027925
vt -0.347168 -0.107338
vt -0.347168 -0.178896
vt -0.079668 -0.178896
vt -0.079668 -0.107338
vt -0.021213 0.033161
vt -0.021213 -0.033161
vt 0.021213 -0.033161
vt 0.021213 0.033161
vt 0.347168 0.071558
vt 0.079668 0.071558
vt 0.079668 0.000000
vt 0.347168 0.000000
vt 0.714668 -0.035779
vt 0.714668 0.035779
vt 0.097168 0.035779
vt 0.097168 -0.035779
vt -0.150000 -0.519410
vt 0.150000 -0.519410
vt 0.150000 -0.346273
vt -0.150000 -0.346273
vt -0.700000 -0.272271
vt -0.280000 -0.272271
vt -0.280000 -0.181514
vt -0.700000 -0.181514
vt 0.060472 0.055851
vt 0.230472 0.055851
vt 0.924668 0.178896
vt 0.924668 0.250455
vt 0.107168 0.250455
vt 0.107168 0.178896
vt -0.347168 -0.214675
vt -0.079668 -0.214675
vt -0.079668 -0.143117
vt -0.347168 -0.143117
vt 0.079668 -0.071558
vt 0.347168 -0.071558
vt -0.021213 0.232129
vt -0.021213 0.165806
vt 0.021213 0.165806
vt 0.021213 0.232129
vt -0.280000 -0.502655
vt 0.000000 -0.502655
vt -0.000000 -0.335103
vt -0.280000 -0.335103
vt -0.280000 -0.090757
vt -0.900000 -0.090757
vt -0.021213 0.265290
vt 0.021213 0.265290
vt 0.021213 0.331613
vt -0.021213 0.331613
vt 0.347168 -0.107338
vt 0.079668 -0.107338
vt 0.230472 -0.083776
vt 0.230472 -0.027925
vt 0.060472 -0.027925
vt 0.060472 -0.083776
vt 0.160000 -1.277581
vt 0.210000 -1.277581
vt -0.079668 0.143117
vt -0.347168 0.143117
vt 0.230472 0.027925
vt 0.230472 0.083776
vt 0.060472 0.083776
vt 0.060472 0.027925
vt -0.114907 0.096418
vt -0.026047 0.147721
vt 0.075000 0.129904
vt 0.140954 0.051303
vt 0.233044 0.084821
vt 0.124000 0.214774
vt -0.043065 0.244232
vt -0.189979 0.159411
vt -0.248000 0.000000
vt -0.189979 -0.159411
vt -0.043065 -0.244232
vt 0.075000 -0.129904
vt -0.026047 -0.147721
vt -0.114907 -0.096418
vt -0.150000 0.000000
vt 0.714668 0.178896
vt 0.714668 0.250455
vt 0.097168 0.250455
vt 0.097168 0.178896
vt -0.900000 -0.181514
vt -0.280000 -0.181514
vt -0.280000 -0.090757
vt -0.900000 -0.090757
vt 0.010607 0.493492
vt -0.010607 0.493492
vt -0.010607 0.341648
vt 0.010607 0.341648
vt 0.230472 0.167552
vt 0.060472 0.167552
vt 0.060472 0.111701
vt 0.230472 0.111701
vt 0.230472 -0.027925
vt 0.230472 0.027925
vt 0.060472 0.027925
vt 0.060472 -0.027925
vt 0.347168 0.035779
vt 0.347168 0.107338
vt 0.079668 0.107338
vt 0.079668 0.035779
vt 0.230472 0.083776
vt 0.060472 0.083776
vt 0.150000 0.261799
vt -0.150000 0.261799
vt -0.347168 0.286234
vt -0.079668 0.286234
vt -0.079668 0.357792
vt -0.347168 0.357792
vt 1.385000 -2.100000
vt 0.940000 -2.100000
vt 1.141676 -2.963646
vt 1.283851 -3.045731
vt 1.340000 -3.200000
vt 0.874474 -3.282085
vt 0.874474 -3.117915
vt -0.916149 -3.045731
vt -0.860000 -3.200000
vt -0.916149 -3.354269
vt -0.065000 -0.112583
vt -0.122160 -0.044463
vt -0.122160 0.044463
vt -0.126859 -0.046173
vt -0.067500 -0.116913
vt 0.023443 -0.132949
vt 0.103416 -0.086776
vt 0.135000 0.000000
vt 0.103416 0.086776
vt 0.099586 0.083562
vt 0.130000 0.000000
vt 0.099586 -0.083562
vt 0.022574 -0.128025
vt -0.162460 0.446354
vt -0.411362 0.237500
vt -0.467784 -0.082483
vt -0.305324 -0.363871
vt -0.000000 -0.475000
vt 0.305324 -0.363871
vt 0.467784 -0.082483
vt 0.411362 0.237500
vt 0.162460 0.446354
vt -0.900000 0.363028
vt -0.280000 0.363028
vt -0.280000 0.453786
vt -0.900000 0.453786
vt -0.940000 -2.100000
vt -0.940000 -0.800000
vt -1.425000 -0.800000
vt -1.425000 -2.100000
vt -0.900000 -0.363028
vt -0.280000 -0.363028
vt 1.385000 0.908431
vt 1.283851 0.954269
vt 1.340000 0.800000
vt 1.283851 0.645731
vt 1.141676 0.563646
vt 0.980000 0.592154
vt 0.874474 0.717915
vt 0.874474 0.882085
vt 0.980000 1.007846
vt 0.350000 1.085000
vt 0.350000 0.945000
vt 0.240000 0.945000
vt 0.711139 0.667013
vt 0.958418 0.179055
vt 0.903994 -0.365267
vt 0.565000 -0.794607
vt 0.565000 -0.800000
vt 1.385000 -0.800000
vt -0.700000 -0.363028
vt -0.280000 -0.363028
vt 0.230472 0.027925
vt 0.230472 0.083776
vt 0.060472 0.083776
vt 0.060472 0.027925
vt -0.280000 0.090757
vt -0.900000 0.090757
vt -0.900000 0.000000
vt -0.280000 0.000000
vt 0.924668 -0.322013
vt 0.924668 -0.250455
vt 0.107168 -0.250455
vt 0.107168 -0.322013
vt 0.347168 0.250455
vt 0.347168 0.322013
vt 0.079668 0.322013
vt 0.079668 0.250455
vt -0.022981 0.124355
vt -0.022981 0.041452
vt 0.022981 0.041452
vt 0.022981 0.124355
vt 0.924668 -0.322013
vt 0.924668 -0.250455
vt 0.107168 -0.250455
vt 0.107168 -0.322013
vt 0.230472 0.195477
vt 0.230472 0.251327
vt 0.060472 0.251327
vt 0.060472 0.195477
vt -0.916149 0.954269
vt -1.058324 1.036354
vt -1.220000 1.007846
vt -1.325526 0.882085
vt -1.222160 0.844463
vt -1.165000 0.912583
vt -1.077426 0.928025
vt -1.000414 0.883562
vt -0.970000 0.800000
vt -1.000414 0.716438
vt -1.077426 0.671975
vt -1.165000 0.687417
vt -1.222160 0.755537
vt -1.325526 0.717915
vt -1.220000 0.592154
vt -1.058324 0.563646
vt -0.916149 0.645731
vt -0.860000 0.800000
vt 1.199586 -3.283562
vt 1.122574 -3.328025
vt 1.141676 -3.436354
vt 1.283851 -3.354269
vt 1.340000 -3.200000
vt 1.283851 -3.045731
vt 1.141676 -2.963646
vt 0.980000 -2.992154
vt 0.874474 -3.117915
vt 0.874474 -3.282085
vt 0.977840 -3.244463
vt 0.977840 -3.155537
vt 1.035000 -3.087417
vt 1.122574 -3.071975
vt 1.199586 -3.116438
vt 1.230000 -3.200000
vt -1.058324 -3.436354
vt -0.916149 -3.354269
vt -1.077426 -3.328025
vt -1.165000 -3.312583
vt -1.222160 -3.244463
vt -1.222160 -3.155537
vt -1.165000 -3.087417
vt -1.325526 -3.117915
vt -1.325526 -3.282085
vt -1.220000 -3.407846
vt 0.230472 -0.251327
vt 0.230472 -0.195477
vt 0.060472 -0.195477
vt 0.060472 -0.251327
vt 0.924668 0.322013
vt 0.107168 0.322013
vt 0.924668 0.035779
vt 0.924668 0.107338
vt 0.107168 0.107338
vt 0.107168 0.035779
vt -0.028284 2.108431
vt -0.028284 -2.108431
vt 0.028284 -2.125000
vt 0.028284 2.125000
vt 0.150000 0.173137
vt -0.150000 0.173137
vt -0.150000 0.000000
vt 0.150000 0.000000
vt -0.280000 0.335103
vt 0.000000 0.335103
vt 0.000000 0.502655
vt -0.280000 0.502655
vt -0.021213 -0.232129
vt -0.021213 -0.298451
vt 0.021213 -0.298451
vt 0.021213 -0.232129
vt -0.122160 0.044463
vt -0.065000 0.112583
vt 0.022574 0.128025
vt 0.023443 0.132949
vt -0.067500 0.116913
vt -0.126859 0.046173
vt -0.126859 -0.046173
vt -0.067500 -0.116913
vt 0.023443 -0.132949
vt 0.103416 -0.086776
vt 0.135000 0.000000
vt 0.103416 0.086776
vt 0.099586 0.083562
vt 0.130000 0.000000
vt 0.099586 -0.083562
vt 0.022574 -0.128025
vt -0.065000 -0.112583
vt -0.122160 -0.044463
vt 0.000000 0.167552
vt -0.280000 0.167552
vt -0.280000 0.000000
vt 0.000000 0.000000
vt -0.900000 -0.181514
vt -0.280000 -0.181514
vt -0.700000 0.090757
vt -0.280000 0.090757
vt -0.280000 0.181514
vt -0.700000 0.181514
vt -0.028284 0.124853
vt -0.028284 -0.124853
vt 0.028284 -0.141421
vt 0.028284 0.141421
vt -0.900000 0.363028
vt -0.280000 0.363028
vt -0.280000 0.453786
vt -0.900000 0.453786
vt 0.485990 -0.572658
vt 0.509117 -0.622254
vt 0.558713 -0.645381
vt 0.611572 -0.631218
vt 0.642959 -0.586391
vt 0.638190 -0.531876
vt 0.599495 -0.493181
vt 0.544980 -0.488411
vt 0.500153 -0.519799
vt -0.958418 0.179055
vt -0.711139 0.667013
vt -0.860000 0.800000
vt -0.916149 0.645731
vt -1.058324 0.563646
vt -1.220000 0.592154
vt -1.325526 0.717915
vt -1.325526 0.882085
vt -1.220000 1.007846
vt -1.208431 1.085000
vt -1.385000 0.908431
vt -1.385000 -0.800000
vt -0.565000 -0.800000
vt -0.565000 -0.794607
vt -0.903994 -0.365267
vt -0.126859 0.046173
vt -0.065000 0.112583
vt 0.022574 0.128025
vt 0.023443 0.132949
vt -0.067500 0.116913
vt -0.485990 0.572658
vt -0.509117 0.622254
vt -0.558713 0.645381
vt -0.611572 0.631218
vt -0.642959 0.586391
vt -0.638190 0.531876
vt -0.599495 0.493181
vt -0.544980 0.488411
vt -0.500153 0.519799
vt -0.010607 -0.569414
vt 0.010607 -0.569414
vt 0.010607 -0.417570
vt -0.010607 -0.417570
vt -0.022981 0.124355
vt -0.022981 0.041452
vt 0.022981 0.041452
vt 0.022981 0.124355
vt -0.022981 -0.041452
vt -0.022981 -0.124355
vt 0.022981 -0.124355
vt 0.022981 -0.041452
vt -0.021213 0.232129
vt -0.021213 0.165806
vt 0.021213 0.165806
vt 0.021213 0.232129
vt -0.028284 0.124853
vt -0.028284 -0.124853
vt 0.028284 -0.141421
vt 0.028284 0.141421
vt -0.021213 -0.232129
vt -0.021213 -0.298451
vt 0.021213 -0.298451
vt 0.021213 -0.232129
vt 0.055645 -0.125227
vt -0.063935 -0.125227
vt 0.055645 -0.161007
vt 0.055645 -0.053669
vt -0.063935 -0.053669
vt 0.055645 -0.089448
vt 0.055645 0.017890
vt -0.063935 0.017890
vt 0.055645 -0.017890
vt 0.055645 0.089448
vt -0.063935 0.089448
vt 0.055645 0.053669
vt 0.055645 0.161007
vt -0.063935 0.161007
vt 0.055645 0.125227
vt -0.063935 0.053669
vt -0.063935 0.125227
vt -0.063935 -0.017890
vt -0.063935 -0.089448
vt -0.347168 0.035779
vt -0.347168 -0.035779
vt -0.079668 -0.035779
vt -0.079668 0.035779
vt -0.021213 0.099484
vt 0.021213 0.099484
vt -0.021213 0.298451
vt 0.021213 0.298451
vt -0.280000 0.502655
vt 0.000000 0.502655
vt 0.000000 0.670206
vt -0.280000 0.670206
vt 0.230472 -0.027925
vt 0.230472 0.027925
vt 0.060472 0.027925
vt 0.060472 -0.027925
vt -0.022981 0.207258
vt -0.022981 0.124355
vt 0.022981 0.124355
vt 0.022981 0.207258
vt -0.022981 0.124355
vt 0.022981 0.124355
vt -0.021213 -0.033161
vt -0.021213 -0.099484
vt 0.021213 -0.099484
vt 0.021213 -0.033161
vt -0.022981 -0.207258
vt 0.022981 -0.207258
vt 0.635057 -2.896318
vt 0.688768 -2.851250
vt 0.700943 -2.782201
vt 0.665886 -2.721480
vt 0.600000 -2.697500
vt 0.534114 -2.721480
vt 0.499057 -2.782201
vt 0.511232 -2.851250
vt 0.564943 -2.896318
vt 0.055645 -0.125227
vt -0.063935 -0.125227
vt 0.055645 -0.161007
vt 0.055645 -0.053669
vt -0.063935 -0.053669
vt 0.055645 -0.089448
vt 0.055645 0.017890
vt -0.063935 0.017890
vt 0.055645 -0.017890
vt 0.055645 0.089448
vt -0.063935 0.089448
vt 0.055645 0.053669
vt 0.055645 0.161007
vt -0.063935 0.161007
vt 0.055645 0.125227
vt -0.063935 0.053669
vt -0.063935 0.125227
vt -0.063935 -0.017890
vt -0.063935 -0.089448
vt -0.021213 -0.232129
vt -0.021213 -0.298451
vt 0.021213 -0.298451
vt 0.021213 -0.232129
vt 0.347168 -0.322013
vt 0.347168 -0.250455
vt 0.079668 -0.250455
vt 0.079668 -0.322013
vt -0.126859 -0.046173
vt -0.122160 -0.044463
vt -0.122160 0.044463
vt -0.065000 0.112583
vt 0.022574 0.128025
vt 0.099586 0.083562
vt 0.130000 0.000000
vt 0.099586 -0.083562
vt 0.022574 -0.128025
vt 0.023443 -0.132949
vt 0.103416 -0.086776
vt 0.135000 0.000000
vt 0.103416 0.086776
vt 0.023443 0.132949
vt -0.067500 0.116913
vt -0.126859 0.046173
vt -0.067500 -0.116913
vt -0.065000 -0.112583
vt -0.022981 -0.290161
vt -0.022981 -0.373064
vt 0.022981 -0.373064
vt 0.022981 -0.290161
vt -0.280000 0.000000
vt -0.700000 0.000000
vt -0.022981 0.124355
vt 0.022981 0.124355
vt -0.022981 -0.165806
vt 0.022981 -0.165806
vt 0.022981 -0.082903
vt -0.022981 -0.082903
vt -0.022981 -0.124355
vt -0.022981 -0.207258
vt 0.022981 -0.207258
vt 0.022981 -0.124355
vt -0.435000 -0.340339
vt -0.435000 -1.021018
vt -0.255000 -1.021018
vt -0.255000 -0.340339
vt 0.055645 -0.125227
vt -0.063935 -0.125227
vt 0.055645 -0.161007
vt 0.055645 -0.053669
vt -0.063935 -0.053669
vt 0.055645 -0.089448
vt 0.055645 0.017890
vt -0.063935 0.017890
vt 0.055645 -0.017890
vt 0.055645 0.089448
vt -0.063935 0.089448
vt 0.055645 0.053669
vt 0.055645 0.161007
vt -0.063935 0.161007
vt 0.055645 0.125227
vt -0.063935 0.053669
vt -0.063935 0.125227
vt -0.063935 -0.017890
vt -0.063935 -0.089448
vt 0.230472 0.223402
vt 0.060472 0.223402
vt -0.000000 -0.392699
vt -0.000000 -0.235619
vt -0.235000 -0.235619
vt -0.235000 -0.392699
vt 0.099586 -0.083562
vt 0.022574 -0.128025
vt -0.065000 -0.112583
vt -0.122160 -0.044463
vt -0.126859 -0.046173
vt -0.067500 -0.116913
vt 0.023443 -0.132949
vt 0.103416 -0.086776
vt 0.135000 0.000000
vt 0.130000 0.000000
vt 0.230472 -0.251327
vt 0.230472 -0.195477
vt 0.060472 -0.195477
vt 0.060472 -0.251327
vt -0.022981 -0.207258
vt -0.022981 -0.290161
vt 0.022981 -0.290161
vt 0.022981 -0.207258
vt -0.022981 0.165806
vt 0.022981 0.165806
vt 0.022981 0.248709
vt -0.022981 0.248709
vt -0.021213 -0.513127
vt 0.021213 -0.513127
vt 0.230472 -0.251327
vt 0.230472 -0.195477
vt 0.060472 -0.195477
vt 0.060472 -0.251327
vt 0.022981 0.000000
vt -0.022981 0.000000
vt -0.022981 0.373064
vt -0.022981 0.290161
vt 0.022981 0.290161
vt 0.022981 0.373064
vt 0.055645 -0.125227
vt -0.063935 -0.125227
vt 0.055645 -0.161007
vt 0.055645 -0.053669
vt -0.063935 -0.053669
vt 0.055645 -0.089448
vt 0.055645 0.017890
vt -0.063935 0.017890
vt 0.055645 -0.017890
vt 0.055645 0.089448
vt -0.063935 0.089448
vt 0.055645 0.053669
vt 0.055645 0.161007
vt -0.063935 0.161007
vt 0.055645 0.125227
vt -0.063935 0.053669
vt -0.063935 0.125227
vt -0.063935 -0.017890
vt -0.063935 -0.089448
vt -0.320000 3.095000
vt -0.320000 2.650000
vt 0.530000 2.650000
vt 0.530000 3.135000
vt -0.280000 3.135000
vt 0.530000 0.770000
vt -0.320000 0.770000
vt -0.320000 0.325000
vt -0.280000 0.285000
vt 0.530000 0.285000
vt -0.022981 -0.373064
vt 0.022981 -0.373064
vt -0.022981 0.331613
vt 0.022981 0.331613
vt 0.022981 0.414516
vt -0.022981 0.414516
vt 0.347168 -0.035779
vt 0.347168 0.035779
vt 0.079668 0.035779
vt 0.079668 -0.035779
vt 2.725000 0.850000
vt 2.725000 0.040000
vt 3.101557 0.967051
vt 3.021584 1.013224
vt 2.990000 1.100000
vt 3.021584 1.186776
vt 1.425000 0.850000
vt -0.700000 0.181514
vt -0.280000 0.181514
vt -0.280000 0.272271
vt -0.700000 0.272271
vt 3.251859 1.053827
vt 3.192500 0.983087
vt 4.450000 0.040000
vt 4.450000 3.360000
vt 3.148443 2.432949
vt 3.228416 2.386776
vt 3.260000 2.300000
vt 3.228416 2.213224
vt 3.148443 2.167051
vt 3.057500 2.183087
vt 2.998141 2.253827
vt 0.860000 2.300000
vt 0.828416 2.213224
vt 0.748443 2.167051
vt 0.657500 2.183087
vt 0.598141 2.253827
vt 0.200000 3.360000
vt 0.200000 0.040000
vt 0.598141 1.146173
vt 0.657500 1.216913
vt 0.748443 1.232949
vt 0.828416 1.186776
vt 0.860000 1.100000
vt 3.101557 1.232949
vt 3.192500 1.216913
vt 3.251859 1.146173
vt -0.021213 0.165806
vt -0.021213 0.099484
vt 0.021213 0.099484
vt 0.021213 0.165806
vt -0.021213 0.099484
vt -0.021213 0.033161
vt 0.021213 0.033161
vt 0.021213 0.099484
vt -0.022981 0.207258
vt 0.022981 0.207258
vt -0.399668 -0.071558
vt -0.132168 -0.071558
vt -0.132168 0.000000
vt -0.399668 0.000000
vt 0.347168 0.143117
vt 0.079668 0.143117
vt -0.021213 0.099484
vt -0.021213 0.033161
vt 0.021213 0.033161
vt 0.021213 0.099484
vt 0.499057 -0.417799
vt 0.534114 -0.478520
vt 0.600000 -0.502500
vt 0.665886 -0.478520
vt 0.700943 -0.417799
vt 0.688768 -0.348750
vt 0.635057 -0.303682
vt 0.564943 -0.303682
vt 0.511232 -0.348750
vt -0.087692 -0.497328
vt -0.386852 -0.324608
vt -0.505000 -0.000000
vt -0.386852 0.324608
vt -0.305000 0.528275
vt -0.573212 0.208632
vt -0.573212 -0.208632
vt -0.305000 -0.528275
vt 0.105925 -0.600733
vt 0.467287 -0.392100
vt 0.610000 0.000000
vt 0.467287 0.392100
vt 0.105925 0.600733
vt -0.087692 0.497328
vt 0.252500 0.437343
vt 0.474545 0.172720
vt 0.474545 -0.172720
vt 0.252500 -0.437343
vt -0.688768 -2.851250
vt -0.635057 -2.896318
vt -0.564943 -2.896318
vt -0.511232 -2.851250
vt -0.499057 -2.782201
vt -0.534114 -2.721480
vt -0.600000 -2.697500
vt -0.665886 -2.721480
vt -0.700943 -2.782201
vt -0.022981 0.290161
vt 0.022981 0.290161
vt 0.022981 0.082903
vt -0.022981 0.082903
vt -0.022981 0.000000
vt 0.022981 0.000000
vt -0.280000 -0.670206
vt 0.000000 -0.670206
vt 0.000000 -0.502655
vt -0.280000 -0.502655
vt 0.714668 0.107338
vt 0.714668 0.178896
vt 0.097168 0.178896
vt 0.097168 0.107338
vt -0.022981 -0.124355
vt -0.022981 -0.207258
vt 0.022981 -0.207258
vt 0.022981 -0.124355
vt -0.022981 -0.041452
vt -0.022981 -0.124355
vt 0.022981 -0.124355
vt 0.022981 -0.041452
vt 0.230472 -0.139626
vt 0.060472 -0.139626
vt -0.021213 -0.033161
vt -0.021213 -0.099484
vt 0.021213 -0.099484
vt 0.021213 -0.033161
vt -0.022981 0.207258
vt -0.022981 0.124355
vt 0.022981 0.124355
vt 0.022981 0.207258
vt 0.347168 0.035779
vt 0.347168 0.107338
vt 0.079668 0.107338
vt 0.079668 0.035779
vt 0.924668 -0.178896
vt 0.924668 -0.107338
vt 0.107168 -0.107338
vt 0.107168 -0.178896
vt -0.280000 -0.670206
vt 0.000000 -0.670206
vt 0.000000 -0.502655
vt -0.280000 -0.502655
vt -0.347168 -0.286234
vt -0.079668 -0.286234
vt -0.079668 -0.214675
vt -0.347168 -0.214675
vt -0.122160 0.044463
vt -0.065000 0.112583
vt 0.022574 0.128025
vt 0.023443 0.132949
vt -0.067500 0.116913
vt -0.126859 0.046173
vt -0.126859 -0.046173
vt 0.010607 0.189805
vt -0.010607 0.189805
vt -0.022981 0.207258
vt 0.022981 0.207258
vt -0.022981 0.331613
vt 0.022981 0.331613
vt 0.022981 0.414516
vt -0.022981 0.414516
vt -0.021213 0.298451
vt -0.021213 0.232129
vt 0.021213 0.232129
vt 0.021213 0.298451
vt -0.700000 0.363028
vt -0.280000 0.363028
vt -0.280000 0.453786
vt -0.700000 0.453786
vt -0.022981 -0.207258
vt 0.022981 -0.207258
vt -0.022981 -0.041452
vt -0.022981 -0.124355
vt 0.022981 -0.124355
vt 0.022981 -0.041452
vt -0.022981 0.124355
vt -0.022981 0.041452
vt 0.022981 0.041452
vt 0.022981 0.124355
vt -0.021213 -0.165806
vt 0.021213 -0.165806
vt 0.160000 -1.703441
vt 0.210000 -1.703441
vt 0.714668 0.250455
vt 0.097168 0.250455
vt 0.924668 -0.178896
vt 0.107168 -0.178896
vt -0.347168 0.286234
vt -0.079668 0.286234
vt -0.079668 0.357792
vt -0.347168 0.357792
vt -0.021213 0.033161
vt 0.021213 0.033161
vt 0.680000 0.000000
vt 0.680000 0.170000
vt 0.000000 0.170000
vt 0.000000 0.000000
vt 2.098141 1.053827
vt 2.098141 1.146173
vt 2.121584 2.213224
vt 0.728416 1.186776
vt 0.760000 1.100000
vt 0.728416 1.013224
vt 0.648443 0.967051
vt 0.557500 0.983087
vt 0.498141 1.053827
vt 0.498141 1.146173
vt 0.557500 2.183087
vt 0.498141 2.253827
vt 0.498141 2.346173
vt 0.557500 2.416913
vt 0.648443 2.432949
vt 0.728416 2.386776
vt 0.760000 2.300000
vt 2.090000 2.300000
vt 2.121584 2.386776
vt 2.650000 3.360000
vt 0.200000 3.360000
vt 0.200000 0.040000
vt 2.650000 0.040000
vt 2.328416 1.013224
vt 2.248443 0.967051
vt 2.157500 0.983087
vt 0.648443 2.167051
vt 0.557500 1.216913
vt 0.648443 1.232949
vt 0.728416 2.213224
vt -0.014142 3.031637
vt -0.014142 2.357940
vt 0.014142 2.357940
vt 0.014142 3.031637
vt -0.900000 -0.363028
vt -0.280000 -0.363028
vt -0.280000 -0.272271
vt -0.900000 -0.272271
vt -0.021213 -0.099484
vt -0.021213 -0.165806
vt 0.021213 -0.165806
vt 0.021213 -0.099484
vt 0.347168 -0.035779
vt 0.079668 -0.035779
vt 0.150000 0.366519
vt -0.150000 0.366519
vt 0.851250 0.511232
vt 0.896318 0.564943
vt 0.896318 0.635057
vt 0.851250 0.688768
vt 0.782201 0.700943
vt 0.721480 0.665886
vt 0.697500 0.600000
vt 0.721480 0.534114
vt 0.782201 0.499057
vt -0.851250 0.511232
vt -0.782201 0.499057
vt -0.721480 0.534114
vt -0.697500 0.600000
vt -0.721480 0.665886
vt -0.782201 0.700943
vt -0.851250 0.688768
vt -0.896318 0.635057
vt -0.896318 0.564943
vt 0.748750 -0.688768
vt 0.817799 -0.700943
vt 0.878520 -0.665886
vt 0.902500 -0.600000
vt 0.878520 -0.534114
vt 0.817799 -0.499057
vt 0.748750 -0.511232
vt 0.703682 -0.564943
vt 0.703682 -0.635057
vt 0.714668 -0.250455
vt 0.714668 -0.178896
vt 0.097168 -0.178896
vt 0.097168 -0.250455
vt -0.851250 -0.511232
vt -0.896318 -0.564943
vt -0.896318 -0.635057
vt -0.851250 -0.688768
vt -0.782201 -0.700943
vt -0.721480 -0.665886
vt -0.697500 -0.600000
vt -0.721480 -0.534114
vt -0.782201 -0.499057
vt -0.022981 0.373064
vt -0.022981 0.290161
vt 0.022981 0.290161
vt 0.022981 0.373064
vt -0.022981 -0.165806
vt 0.022981 -0.165806
vt 0.022981 -0.082903
vt -0.022981 -0.082903
vt -0.700000 0.272271
vt -0.280000 0.272271
vt 0.210000 0.000000
vt 0.160000 0.000000
vt 0.347168 -0.143117
vt 0.079668 -0.143117
vt 0.079668 -0.214675
vt 0.347168 -0.214675
vt 0.230472 0.139626
vt 0.230472 0.195477
vt 0.060472 0.195477
vt 0.060472 0.139626
vt -0.021213 -0.232129
vt 0.021213 -0.232129
vt -0.021213 -0.033161
vt -0.021213 -0.099484
vt 0.021213 -0.099484
vt 0.021213 -0.033161
vt -0.022981 -0.041452
vt -0.022981 -0.124355
vt 0.022981 -0.124355
vt 0.022981 -0.041452
vt -0.022981 0.165806
vt 0.022981 0.165806
vt 0.022981 0.248709
vt -0.022981 0.248709
vt -0.028284 -0.420931
vt 0.028284 -0.437500
vt 0.028284 0.437500
vt -0.028284 0.437500
vt -0.280000 -0.167552
vt 0.000000 -0.167552
vt 0.000000 0.000000
vt -0.280000 0.000000
vt -0.347168 0.286234
vt -0.079668 0.286234
vt -0.079668 0.357792
vt -0.347168 0.357792
vt -0.021213 0.165806
vt -0.021213 0.099484
vt 0.021213 0.099484
vt 0.021213 0.165806
vt 0.230472 0.139626
vt 0.230472 0.195477
vt 0.060472 0.195477
vt 0.060472 0.139626
vt -0.022981 0.207258
vt 0.022981 0.207258
vt -0.022981 0.041452
vt 0.022981 0.041452
vt -0.022981 -0.041452
vt -0.022981 -0.124355
vt 0.022981 -0.124355
vt 0.022981 -0.041452
vt -0.021213 0.232129
vt -0.021213 0.165806
vt 0.021213 0.165806
vt 0.021213 0.232129
vt -0.022981 -0.082903
vt 0.022981 -0.082903
vt -0.022981 0.041452
vt 0.022981 0.041452
vt -0.021213 0.298451
vt -0.021213 0.232129
vt 0.021213 0.232129
vt 0.021213 0.298451
vt -0.280000 0.181514
vt -0.700000 0.181514
vt 0.230472 -0.251327
vt 0.230472 -0.195477
vt 0.060472 -0.195477
vt 0.060472 -0.251327
vt -0.022981 0.207258
vt -0.022981 0.124355
vt 0.022981 0.124355
vt 0.022981 0.207258
vt -0.022981 0.124355
vt -0.022981 0.041452
vt 0.022981 0.041452
vt 0.022981 0.124355
vt -0.021213 -0.033161
vt -0.021213 -0.099484
vt 0.021213 -0.099484
vt 0.021213 -0.033161
vt -0.022981 -0.207258
vt 0.022981 -0.207258
vt -0.022981 -0.165806
vt 0.022981 -0.165806
vt 0.022981 -0.082903
vt -0.022981 -0.082903
vt 0.200000 0.040000
vt 1.421584 1.186776
vt 1.501557 1.232949
vt 1.592500 1.216913
vt 1.501557 2.167051
vt 1.421584 2.213224
vt 1.390000 2.300000
vt 1.421584 2.386776
vt 1.501557 2.432949
vt 0.200000 3.360000
vt 0.714668 0.107338
vt 0.097168 0.107338
vt 4.051859 2.346173
vt 4.051859 2.253827
vt 4.051859 1.146173
vt 4.051859 1.053827
vt 4.450000 0.040000
vt 4.450000 3.360000
vt 3.821584 2.386776
vt 3.901557 2.432949
vt 3.992500 2.416913
vt 3.901557 1.232949
vt 3.992500 1.216913
vt 3.992500 2.183087
vt 3.901557 2.167051
vt 3.821584 2.213224
vt 3.790000 2.300000
vt 1.592500 2.416913
vt 1.651859 2.346173
vt 1.651859 2.253827
vt 1.592500 2.183087
vt 1.651859 1.146173
vt 1.651859 1.053827
vt 1.592500 0.983087
vt 1.501557 0.967051
vt 1.421584 1.013224
vt 1.390000 1.100000
vt 1.925000 0.040000
vt 1.925000 0.850000
vt 3.225000 0.850000
vt 3.225000 0.040000
vt 3.992500 0.983087
vt 3.901557 0.967051
vt 3.821584 1.013224
vt 3.790000 1.100000
vt 3.821584 1.186776
vt -0.022981 -0.041452
vt 0.022981 -0.041452
vt -0.022981 -0.124355
vt 0.022981 -0.124355
vt -0.022981 -0.124355
vt 0.022981 -0.124355
vt -0.021213 0.165806
vt 0.021213 0.165806
vt -0.021213 -0.033161
vt 0.021213 -0.033161
vt 0.874474 0.717915
vt 0.977840 0.755537
vt 0.977840 0.844463
vt 1.035000 0.912583
vt 1.122574 0.928025
vt 1.199586 0.883562
vt 1.230000 0.800000
vt 1.199586 0.716438
vt 1.122574 0.671975
vt 1.035000 0.687417
vt 0.980000 0.592154
vt 1.141676 0.563646
vt 1.283851 0.645731
vt 1.340000 0.800000
vt 1.283851 0.954269
vt 1.141676 1.036354
vt 0.980000 1.007846
vt 0.874474 0.882085
vt -0.688768 -0.451250
vt -0.635057 -0.496318
vt -0.564943 -0.496318
vt -0.511232 -0.451250
vt -0.499057 -0.382201
vt -0.534114 -0.321480
vt -0.600000 -0.297500
vt -0.665886 -0.321480
vt -0.700943 -0.382201
vt 0.230472 0.139626
vt 0.230472 0.195477
vt 0.060472 0.195477
vt 0.060472 0.139626
vt 0.499057 -0.417799
vt 0.534114 -0.478520
vt 0.600000 -0.502500
vt 0.665886 -0.478520
vt 0.700943 -0.417799
vt 0.688768 -0.348750
vt 0.635057 -0.303682
vt 0.564943 -0.303682
vt 0.511232 -0.348750
vt -0.511232 -2.748750
vt -0.564943 -2.703682
vt -0.635057 -2.703682
vt -0.688768 -2.748750
vt -0.700943 -2.817799
vt -0.665886 -2.878520
vt -0.600000 -2.902500
vt -0.534114 -2.878520
vt -0.499057 -2.817799
vt 0.511232 -2.748750
vt 0.499057 -2.817799
vt 0.534114 -2.878520
vt 0.600000 -2.902500
vt 0.665886 -2.878520
vt 0.700943 -2.817799
vt 0.688768 -2.748750
vt 0.635057 -2.703682
vt 0.564943 -2.703682
vt -0.700000 -0.272271
vt -0.280000 -0.272271
vt 0.230472 0.027925
vt 0.230472 0.083776
vt 0.060472 0.083776
vt 0.060472 0.027925
vt 0.022981 0.082903
vt -0.022981 0.082903
vt -0.022981 0.000000
vt 0.022981 0.000000
vt -0.022981 0.290161
vt 0.022981 0.331613
vt -0.022981 0.373064
vt -0.022981 -0.373064
vt 0.022981 -0.414516
vt 0.022981 -0.331613
vt -0.022981 -0.290161
vt 0.022981 -0.248709
vt -0.022981 -0.207258
vt 0.022981 -0.165806
vt -0.022981 -0.124355
vt 0.022981 -0.082903
vt -0.022981 -0.041452
vt 0.022981 0.000000
vt -0.022981 0.041452
vt 0.022981 0.082903
vt -0.022981 0.124355
vt 0.022981 0.165806
vt -0.022981 0.207258
vt 0.022981 0.248709
vt -0.022981 0.248709
vt 0.022981 0.248709
vt 0.022981 0.331613
vt -0.022981 0.331613
vt 0.230472 -0.027925
vt 0.230472 0.027925
vt 0.060472 0.027925
vt 0.060472 -0.027925
vt -0.028284 0.340000
vt -0.028284 -0.340000
vt 0.028284 -0.340000
vt 0.028284 0.340000
vt -0.022981 0.290161
vt 0.022981 0.331613
vt -0.022981 0.373064
vt -0.022981 -0.373064
vt 0.022981 -0.414516
vt 0.022981 -0.331613
vt -0.022981 -0.290161
vt 0.022981 -0.248709
vt -0.022981 -0.207258
vt 0.022981 -0.165806
vt -0.022981 -0.124355
vt 0.022981 -0.082903
vt -0.022981 -0.041452
vt 0.022981 0.000000
vt -0.022981 0.041452
vt 0.022981 0.082903
vt -0.022981 0.124355
vt 0.022981 0.165806
vt -0.022981 0.207258
vt 0.022981 0.248709
vt -0.021213 1.539380
vt -0.021213 1.197296
vt 0.021213 1.197296
vt 0.021213 1.539380
vt 0.230472 0.083776
vt 0.230472 0.139626
vt 0.060472 0.139626
vt 0.060472 0.083776
vt 1.141676 1.036354
vt 1.208431 1.085000
vt 0.230472 -0.111701
vt 0.060472 -0.111701
vt 0.060472 -0.167552
vt 0.230472 -0.167552
vt -0.022981 -0.331613
vt 0.022981 -0.331613
vt 0.022981 -0.248709
vt -0.022981 -0.248709
vt -0.022981 0.290161
vt 0.022981 0.331613
vt -0.022981 0.373064
vt -0.022981 -0.373064
vt 0.022981 -0.414516
vt 0.022981 -0.331613
vt -0.022981 -0.290161
vt 0.022981 -0.248709
vt -0.022981 -0.207258
vt 0.022981 -0.165806
vt -0.022981 -0.124355
vt 0.022981 -0.082903
vt -0.022981 -0.041452
vt 0.022981 0.000000
vt -0.022981 0.041452
vt 0.022981 0.082903
vt -0.022981 0.124355
vt 0.022981 0.165806
vt -0.022981 0.207258
vt 0.022981 0.248709
vt 0.230472 -0.027925
vt 0.060472 -0.027925
vt -0.022981 0.373064
vt -0.022981 0.290161
vt 0.022981 0.290161
vt 0.022981 0.373064
vt 1.141676 1.036354
vt 1.283851 0.954269
vt 1.385000 0.908431
vt 1.208431 1.085000
vt 0.000000 0.975000
vt 0.626718 0.746893
vt 0.980000 1.007846
vt 0.565000 -0.794607
vt 0.557337 -0.800000
vt 0.565000 -0.800000
vt 0.150000 -0.366519
vt 0.150000 -0.261799
vt -0.150000 -0.261799
vt -0.150000 -0.366519
vt 0.230472 -0.139626
vt 0.230472 -0.083776
vt 0.060472 -0.083776
vt 0.060472 -0.139626
vt 2.292500 2.183087
vt 2.201557 2.167051
vt 2.157500 1.216913
vt 2.248443 1.232949
vt 2.328416 1.186776
vt 2.360000 1.100000
vt 2.201557 2.432949
vt 2.292500 2.416913
vt 2.351859 2.346173
vt 2.351859 2.253827
vt 0.230472 -0.251327
vt 0.230472 -0.195477
vt 0.060472 -0.195477
vt 0.060472 -0.251327
vt 1.199586 0.716438
vt 1.122574 0.671975
vt 1.141676 0.563646
vt 1.283851 0.645731
vt 1.230000 0.800000
vt 0.980000 0.592154
vt 1.035000 0.687417
vt 0.977840 0.755537
vt 0.977840 0.844463
vt 1.035000 0.912583
vt 1.122574 0.928025
vt 1.199586 0.883562
vt 1.340000 0.800000
vt 1.283851 0.954269
vt 1.141676 1.036354
vt 0.980000 1.007846
vt 0.874474 0.882085
vt 0.874474 0.717915
vt -1.077426 0.928025
vt -1.000414 0.883562
vt -0.970000 0.800000
vt -0.860000 0.800000
vt -0.916149 0.954269
vt -1.058324 1.036354
vt -1.220000 1.007846
vt -0.488411 -0.544980
vt -0.519799 -0.500153
vt -0.572658 -0.485990
vt -0.622254 -0.509117
vt -0.645381 -0.558713
vt -0.631218 -0.611572
vt -0.586391 -0.642959
vt -0.531876 -0.638190
vt -0.493181 -0.599495
vt -0.280000 0.670206
vt 0.000000 0.670206
vt 0.000000 0.837758
vt -0.280000 0.837758
vt 0.874474 -3.117915
vt 0.874474 -3.282085
vt 0.977840 -3.244463
vt 0.977840 -3.155537
vt 1.035000 -3.087417
vt 0.230472 -0.027925
vt 0.230472 0.027925
vt 0.060472 0.027925
vt 0.060472 -0.027925
vt -1.077426 -3.328025
vt -1.165000 -3.312583
vt -1.222160 -3.244463
vt -1.222160 -3.155537
vt -1.325526 -3.117915
vt -1.325526 -3.282085
vt -1.220000 -3.407846
vt -1.058324 -3.436354
vt -0.916149 -3.354269
vt -0.860000 -3.200000
vt -0.916149 -3.045731
vt -1.058324 -2.963646
vt -1.220000 -2.992154
vt -1.165000 -3.087417
vt -1.077426 -3.071975
vt -1.000414 -3.116438
vt -0.970000 -3.200000
vt -1.000414 -3.283562
vt -0.021213 -0.855211
vt 0.021213 -0.855211
vt -0.280000 0.502655
vt 0.000000 0.502655
vt 0.000000 0.670206
vt -0.280000 0.670206
vt 0.230472 -0.139626
vt 0.230472 -0.083776
vt 0.060472 -0.083776
vt 0.060472 -0.139626
vt -0.021213 0.099484
vt -0.021213 0.033161
vt 0.021213 0.033161
vt 0.021213 0.099484
vt -0.435000 1.701696
vt -0.255000 1.701696
vt -0.022981 -0.290161
vt 0.022981 -0.290161
vt 0.714668 0.178896
vt 0.714668 0.250455
vt 0.097168 0.250455
vt 0.097168 0.178896
vt -0.021213 -0.165806
vt -0.021213 -0.232129
vt 0.021213 -0.232129
vt 0.021213 -0.165806
vt 0.347168 -0.035779
vt 0.079668 -0.035779
vt 0.347168 0.178896
vt 0.347168 0.250455
vt 0.079668 0.250455
vt 0.079668 0.178896
vt 0.714668 0.178896
vt 0.097168 0.178896
vt -0.010607 0.645335
vt 0.010607 0.645335
vt 0.010607 0.797179
vt -0.010607 0.797179
vt 0.022981 -0.165806
vt -0.022981 -0.165806
vt -0.021213 0.232129
vt -0.021213 0.165806
vt 0.021213 0.165806
vt 0.021213 0.232129
vt -0.900000 0.090757
vt -0.280000 0.090757
vt -0.280000 0.181514
vt -0.900000 0.181514
vt -0.022981 -0.207258
vt -0.022981 -0.290161
vt 0.022981 -0.290161
vt 0.022981 -0.207258
vt -0.000000 -0.167552
vt -0.280000 -0.167552
vt 0.055645 -0.125227
vt -0.063935 -0.125227
vt 0.055645 -0.161007
vt 0.055645 -0.053669
vt -0.063935 -0.053669
vt 0.055645 -0.089448
vt 0.055645 0.017890
vt -0.063935 0.017890
vt 0.055645 -0.017890
vt 0.055645 0.089448
vt -0.063935 0.089448
vt 0.055645 0.053669
vt 0.055645 0.161007
vt -0.063935 0.161007
vt 0.055645 0.125227
vt -0.063935 0.053669
vt -0.063935 0.125227
vt -0.063935 -0.017890
vt -0.063935 -0.089448
vt -0.022981 0.207258
vt 0.022981 0.207258
vt -0.347168 0.250455
vt -0.347168 0.178896
vt -0.079668 0.178896
vt -0.079668 0.250455
vt -0.067500 0.116913
vt -0.122160 0.044463
vt -0.065000 0.112583
vt 0.022574 0.128025
vt 0.099586 0.083562
vt 0.103416 0.086776
vt 0.023443 0.132949
vt 0.924668 0.178896
vt 0.924668 0.250455
vt 0.107168 0.250455
vt 0.107168 0.178896
vt 0.022981 0.248709
vt -0.022981 0.248709
vt -0.021213 -0.033161
vt -0.021213 -0.099484
vt 0.021213 -0.099484
vt 0.021213 -0.033161
vt -0.022981 0.082903
vt 0.022981 0.082903
vt 0.022981 0.165806
vt -0.022981 0.165806
vt 0.230472 0.027925
vt 0.060472 0.027925
vt -0.280000 -0.090757
vt -0.700000 -0.090757
vt 0.055645 -0.125227
vt -0.063935 -0.125227
vt 0.055645 -0.161007
vt 0.055645 -0.053669
vt -0.063935 -0.053669
vt 0.055645 -0.089448
vt 0.055645 0.017890
vt -0.063935 0.017890
vt 0.055645 -0.017890
vt 0.055645 0.089448
vt -0.063935 0.089448
vt 0.055645 0.053669
vt 0.055645 0.161007
vt -0.063935 0.161007
vt 0.055645 0.125227
vt -0.063935 0.053669
vt -0.063935 0.125227
vt -0.063935 -0.017890
vt -0.063935 -0.089448
vt 0.347168 -0.035779
vt 0.347168 0.035779
vt 0.079668 0.035779
vt 0.079668 -0.035779
vt -0.022981 -0.290161
vt -0.022981 -0.373064
vt 0.022981 -0.373064
vt 0.022981 -0.290161
vt 0.347168 -0.143117
vt 0.079668 -0.143117
vt 0.079668 -0.214675
vt 0.347168 -0.214675
vt 0.748443 2.432949
vt 0.828416 2.386776
vt 2.998141 2.346173
vt 3.057500 2.416913
vt 0.598141 2.346173
vt 0.657500 2.416913
vt -0.399668 0.143117
vt -0.132168 0.143117
vt -0.022981 -0.124355
vt 0.022981 -0.124355
vt -0.021213 -0.033161
vt -0.021213 -0.099484
vt 0.021213 -0.099484
vt 0.021213 -0.033161
vt -0.021213 -0.033161
vt -0.021213 -0.099484
vt 0.021213 -0.099484
vt 0.021213 -0.033161
vt -0.022981 0.207258
vt 0.022981 0.207258
vt -0.022981 0.041452
vt 0.022981 0.041452
vt 0.347168 -0.322013
vt 0.347168 -0.250455
vt 0.079668 -0.250455
vt 0.079668 -0.322013
vt -0.235000 0.139626
vt -0.235000 -0.139626
vt -0.065000 -0.139626
vt -0.065000 0.139626
vt 0.055645 -0.125227
vt -0.063935 -0.125227
vt 0.055645 -0.161007
vt 0.055645 -0.053669
vt -0.063935 -0.053669
vt 0.055645 -0.089448
vt 0.055645 0.017890
vt -0.063935 0.017890
vt 0.055645 -0.017890
vt 0.055645 0.089448
vt -0.063935 0.089448
vt 0.055645 0.053669
vt 0.055645 0.161007
vt -0.063935 0.161007
vt 0.055645 0.125227
vt -0.063935 0.053669
vt -0.063935 0.125227
vt -0.063935 -0.017890
vt -0.063935 -0.089448
vt 0.028284 -0.141421
vt 0.028284 0.141421
vt -0.028284 0.124853
vt -0.028284 -0.124853
vt -0.700000 0.363028
vt -0.280000 0.363028
vt -0.280000 0.453786
vt -0.700000 0.453786
vt -0.700000 -0.363028
vt -0.280000 -0.363028
vt -0.280000 -0.272271
vt -0.700000 -0.272271
vt -0.126859 0.046173
vt -0.126859 -0.046173
vt -0.122160 0.044463
vt -0.065000 0.112583
vt 0.022574 0.128025
vt 0.023443 0.132949
vt -0.067500 0.116913
vt -0.347168 -0.143117
vt -0.079668 -0.143117
vt -0.079668 -0.071558
vt -0.347168 -0.071558
vt -0.022981 0.124355
vt 0.022981 0.124355
vt -0.022981 0.041452
vt 0.022981 0.041452
vt -0.021213 -0.132645
vt 0.021213 -0.132645
vt 0.021213 -0.066323
vt -0.021213 -0.066323
vt 0.055645 -0.125227
vt -0.063935 -0.125227
vt 0.055645 -0.161007
vt 0.055645 -0.053669
vt -0.063935 -0.053669
vt 0.055645 -0.089448
vt 0.055645 0.017890
vt -0.063935 0.017890
vt 0.055645 -0.017890
vt 0.055645 0.089448
vt -0.063935 0.089448
vt 0.055645 0.053669
vt 0.055645 0.161007
vt -0.063935 0.161007
vt 0.055645 0.125227
vt -0.063935 0.053669
vt -0.063935 0.125227
vt -0.063935 -0.017890
vt -0.063935 -0.089448
vt -0.347168 0.214675
vt -0.079668 0.214675
vt -0.021213 -0.033161
vt -0.021213 -0.099484
vt 0.021213 -0.099484
vt 0.021213 -0.033161
vt 0.160000 1.277581
vt 0.210000 1.277581
vt 0.210000 1.703441
vt 0.160000 1.703441
vt 0.210000 2.129302
vt 0.160000 2.129302
vt 0.230472 -0.083776
vt 0.230472 -0.027925
vt 0.060472 -0.027925
vt 0.060472 -0.083776
vt -0.021213 -0.265290
vt 0.021213 -0.265290
vt 0.021213 -0.198968
vt -0.021213 -0.198968
vt 0.000000 0.167552
vt -0.280000 0.167552
vt -0.028284 2.108431
vt -0.028284 -2.108431
vt 0.028284 -2.125000
vt 0.028284 2.125000
vt 0.000000 0.130000
vt 0.000000 0.000000
vt 0.340000 0.000000
vt 0.340000 0.170000
vt 0.040000 0.170000
vt 1.151250 -0.711232
vt 1.082201 -0.699057
vt 1.021480 -0.734114
vt 0.997500 -0.800000
vt 1.021480 -0.865886
vt 1.082201 -0.900943
vt 1.151250 -0.888768
vt 1.196318 -0.835057
vt 1.196318 -0.764943
vt -0.280000 0.502655
vt 0.000000 0.502655
vt -0.028284 0.520000
vt -0.028284 -0.520000
vt 0.028284 -0.520000
vt 0.028284 0.560000
vt 0.714668 -0.178896
vt 0.714668 -0.107338
vt 0.097168 -0.107338
vt 0.097168 -0.178896
vt -0.700000 -0.363028
vt -0.280000 -0.363028
vt -0.900000 0.363028
vt -0.280000 0.363028
vt -0.280000 0.453786
vt -0.900000 0.453786
vt -0.022981 0.290161
vt 0.022981 0.331613
vt -0.022981 0.373064
vt -0.022981 -0.373064
vt 0.022981 -0.414516
vt 0.022981 -0.331613
vt -0.022981 -0.290161
vt 0.022981 -0.248709
vt -0.022981 -0.207258
vt 0.022981 -0.165806
vt -0.022981 -0.124355
vt 0.022981 -0.082903
vt -0.022981 -0.041452
vt 0.022981 0.000000
vt -0.022981 0.041452
vt 0.022981 0.082903
vt -0.022981 0.124355
vt 0.022981 0.165806
vt -0.022981 0.207258
vt 0.022981 0.248709
vt -0.700000 0.363028
vt -0.280000 0.363028
vt -0.280000 0.453786
vt -0.700000 0.453786
vt 2.650000 3.360000
vt 2.292500 2.416913
vt 2.351859 2.346173
vt 2.351859 2.253827
vt 2.650000 0.040000
vt -0.040000 3.135000
vt -0.850000 3.135000
vt -0.850000 2.650000
vt -0.360000 2.650000
vt -0.320000 2.610000
vt -0.320000 0.810000
vt -0.360000 0.770000
vt -0.850000 0.770000
vt -0.850000 0.285000
vt -0.040000 0.285000
vt -0.000000 0.325000
vt -0.000000 1.145000
vt -0.100000 1.145000
vt -0.100000 1.152663
vt -0.200000 1.152663
vt -0.200000 2.267337
vt -0.100000 2.267337
vt -0.100000 2.275000
vt -0.000000 2.275000
vt -0.000000 3.095000
vt -0.700000 0.181514
vt -0.280000 0.181514
vt -0.280000 0.272271
vt -0.700000 0.272271
vt 0.230472 -0.251327
vt 0.230472 -0.195477
vt 0.060472 -0.195477
vt 0.060472 -0.251327
vt -0.190000 0.000000
vt 0.190000 -0.197759
vt 0.190000 0.197759
vt -0.010000 -0.602647
vt -0.190000 -0.680678
vt -0.010000 -1.157125
vt -0.190000 -1.361357
vt -0.010000 -1.711604
vt -0.190000 -2.042035
vt -0.010000 -2.266082
vt -0.190000 -2.722714
vt -0.010000 -2.820561
vt 0.190000 2.820561
vt 0.190000 2.865230
vt -0.010000 2.865230
vt -0.190000 2.722714
vt -0.010000 2.820561
vt -0.010000 3.260876
vt -0.010000 3.128994
vt -0.010000 2.997112
vt -0.010000 2.266082
vt -0.190000 2.042035
vt -0.010000 1.711604
vt -0.190000 1.361357
vt -0.010000 1.157125
vt -0.190000 0.680678
vt -0.010000 0.602647
vt 0.090000 -0.593277
vt 0.090000 -0.602647
vt 0.090000 0.602647
vt 0.090000 0.593277
vt 0.190000 0.593277
vt 0.230472 -0.027925
vt 0.060472 -0.027925
vt 0.190000 -0.593277
vt -0.014142 -0.673697
vt 0.014142 -0.336849
vt -0.014142 0.000000
vt 0.014142 0.020290
vt 0.014142 0.336849
vt -0.014142 -1.347394
vt 0.014142 -1.010546
vt 0.014142 -0.737619
vt -0.014142 -2.021091
vt 0.014142 -1.684243
vt 0.014142 -1.495528
vt 0.014142 -2.357940
vt -0.014142 -2.694788
vt 0.014142 -3.031637
vt 0.014142 3.031637
vt -0.014142 3.368485
vt -0.014142 2.694788
vt 0.014142 2.357940
vt -0.014142 2.021091
vt 0.014142 1.684243
vt -0.014142 1.347394
vt 0.014142 1.010546
vt -0.014142 0.673697
vt 0.014142 0.778199
vt 0.405891 0.017771
vt 0.536469 0.000000
vt 0.680000 0.000000
vt 0.680000 0.130000
vt 0.000000 0.130000
vt 0.000000 0.000000
vt 0.143531 0.000000
vt 0.274109 0.017771
vt 0.230472 -0.251327
vt 0.230472 -0.195477
vt 0.060472 -0.195477
vt 0.060472 -0.251327
vt -0.340000 0.010000
vt 0.340000 0.010000
vt 0.340000 0.350000
vt 0.196469 0.350000
vt 0.196469 0.150000
vt -0.196469 0.150000
vt -0.196469 0.350000
vt -0.340000 0.350000
vt 0.103416 0.086776
vt 0.099586 0.083562
vt 0.130000 0.000000
vt 0.099586 -0.083562
vt 0.022574 -0.128025
vt -0.065000 -0.112583
vt -0.122160 -0.044463
vt -0.067500 -0.116913
vt 0.023443 -0.132949
vt 0.103416 -0.086776
vt 0.135000 0.000000
vt 0.924668 0.322013
vt 0.107168 0.322013
vt -0.021213 -0.232129
vt -0.021213 -0.298451
vt 0.021213 -0.298451
vt 0.021213 -0.232129
vt 0.714668 -0.322013
vt 0.714668 -0.250455
vt 0.097168 -0.250455
vt 0.097168 -0.322013
vt 0.347168 -0.250455
vt 0.079668 -0.250455
vt 0.150000 -0.471239
vt -0.150000 -0.471239
vt 0.000000 0.167552
vt -0.280000 0.167552
vt -0.280000 0.000000
vt 0.000000 0.000000
vt 0.924668 -0.035779
vt 0.107168 -0.035779
vt 0.642959 -0.586391
vt 0.638190 -0.531876
vt 0.599495 -0.493181
vt 0.544980 -0.488411
vt 0.500153 -0.519799
vt 0.485990 -0.572658
vt 0.509117 -0.622254
vt 0.558713 -0.645381
vt 0.611572 -0.631218
vt -0.014142 -0.408407
vt 0.014142 -0.408407
vt -0.665379 0.519197
vt -0.671937 0.594156
vt -0.628779 0.655792
vt -0.556098 0.675267
vt -0.165834 0.940491
vt -0.731572 0.613862
vt -0.955000 -0.000000
vt -0.731572 -0.613862
vt -0.594156 -0.671937
vt -0.655792 -0.628779
vt -0.675267 -0.556098
vt -0.643467 -0.487904
vt -0.575273 -0.456104
vt -0.502592 -0.475579
vt -0.459434 -0.537215
vt -0.465992 -0.612173
vt -0.519197 -0.665379
vt -0.165834 -0.940491
vt 0.477500 -0.827054
vt 0.660940 -0.689335
vt 0.897406 -0.326629
vt 0.671937 -0.594156
vt 0.628779 -0.655792
vt 0.556098 -0.675267
vt 0.487904 -0.643467
vt 0.456104 -0.575273
vt 0.475579 -0.502592
vt 0.537215 -0.459434
vt 0.612173 -0.465992
vt 0.729293 -0.084265
vt 0.691671 -0.019101
vt 0.704737 0.055000
vt 0.762378 0.103366
vt 0.897406 0.326629
vt 0.689335 0.660940
vt 0.477500 0.827054
vt 0.020078 0.954789
vt -0.055000 0.895263
vt 0.019101 0.908329
vt 0.084265 0.870707
vt 0.110000 0.800000
vt 0.084265 0.729293
vt 0.465992 0.612173
vt 0.519197 0.665379
vt 0.594156 0.671937
vt 0.655792 0.628779
vt 0.675267 0.556098
vt 0.643467 0.487904
vt 0.575273 0.456104
vt 0.467287 0.392100
vt 0.610000 0.000000
vt 0.467287 -0.392100
vt 0.105925 -0.600733
vt 0.055000 -0.704737
vt 0.103366 -0.762378
vt 0.103366 -0.837622
vt 0.055000 -0.895263
vt -0.019101 -0.908329
vt -0.084265 -0.870707
vt -0.110000 -0.800000
vt -0.084265 -0.729293
vt -0.305000 -0.528275
vt -0.573212 -0.208632
vt -0.573212 0.208632
vt -0.704737 0.055000
vt -0.691671 -0.019101
vt -0.729293 -0.084265
vt -0.800000 -0.110000
vt -0.870707 -0.084265
vt -0.908329 -0.019101
vt -0.895263 0.055000
vt -0.837622 0.103366
vt -0.612173 0.465992
vt -0.019101 -0.691671
vt -0.021213 -0.232129
vt -0.021213 -0.298451
vt 0.021213 -0.298451
vt 0.021213 -0.232129
vt -0.347168 -0.214675
vt -0.079668 -0.214675
vt -0.079668 -0.143117
vt -0.347168 -0.143117
vt 0.924668 0.107338
vt 0.924668 0.178896
vt 0.107168 0.178896
vt 0.107168 0.107338
vt 0.028284 -0.141421
vt 0.028284 0.141421
vt -0.028284 0.124853
vt -0.028284 -0.124853
vt -0.022981 -0.290161
vt -0.022981 -0.373064
vt 0.022981 -0.373064
vt 0.022981 -0.290161
vt -0.022981 -0.041452
vt 0.022981 -0.041452
vt 0.399668 -0.286234
vt 0.132168 -0.286234
vt 0.132168 -0.357792
vt 0.399668 -0.357792
vt -0.022981 -0.290161
vt -0.022981 -0.373064
vt 0.022981 -0.373064
vt 0.022981 -0.290161
vt -0.021213 0.132645
vt 0.021213 0.132645
vt 0.021213 0.198968
vt -0.021213 0.198968
vt -0.022981 0.207258
vt -0.022981 0.124355
vt 0.022981 0.124355
vt 0.022981 0.207258
vt -0.021213 -0.298451
vt 0.021213 -0.298451
vt -0.021213 0.099484
vt 0.021213 0.099484
vt -0.435000 -1.701696
vt -0.435000 -2.382374
vt -0.255000 -2.382374
vt -0.255000 -1.701696
vt -0.022981 -0.248709
vt 0.022981 -0.248709
vt 0.022981 -0.165806
vt -0.022981 -0.165806
vt 0.130000 -1.160644
vt 0.010000 -1.326450
vt 0.130000 -1.492257
vt 0.130000 1.492257
vt 0.010000 1.658063
vt 0.010000 1.326450
vt 0.130000 1.160644
vt 0.010000 0.994838
vt 0.130000 0.829031
vt 0.010000 0.663225
vt 0.130000 0.497419
vt 0.010000 0.331613
vt 0.130000 0.165806
vt 0.010000 0.000000
vt 0.130000 -0.165806
vt 0.010000 -0.331613
vt 0.130000 -0.497419
vt 0.010000 -0.663225
vt 0.130000 -0.829031
vt 0.010000 -0.994838
vt -0.022981 -0.124355
vt -0.022981 -0.207258
vt 0.022981 -0.207258
vt 0.022981 -0.124355
vt -0.021213 0.132645
vt 0.021213 0.132645
vt 0.021213 0.198968
vt -0.021213 0.198968
vt -0.022981 0.165806
vt 0.022981 0.165806
vt 0.022981 0.248709
vt -0.022981 0.248709
vt -0.021213 0.099484
vt -0.021213 0.033161
vt 0.021213 0.033161
vt 0.021213 0.099484
vt -0.021213 -0.165806
vt -0.021213 -0.232129
vt 0.021213 -0.232129
vt 0.021213 -0.165806
vt -0.132168 0.357792
vt -0.399668 0.357792
vt 0.347168 0.322013
vt 0.079668 0.322013
vt 0.075175 0.827362
vt 0.040000 0.869282
vt -0.013892 0.878785
vt -0.061284 0.851423
vt -0.080000 0.800000
vt -0.061284 0.748577
vt -0.013892 0.721215
vt 0.040000 0.730718
vt 0.075175 0.772638
vt -0.772638 -0.075175
vt -0.730718 -0.040000
vt -0.721215 0.013892
vt -0.748577 0.061284
vt -0.800000 0.080000
vt -0.851423 0.061284
vt -0.878785 0.013892
vt -0.869282 -0.040000
vt -0.827362 -0.075175
vt -1.165000 0.687417
vt -1.222160 0.755537
vt -1.222160 0.844463
vt -1.165000 0.912583
vt -1.325526 0.882085
vt -1.325526 0.717915
vt -1.220000 0.592154
vt -1.058324 0.563646
vt -0.916149 0.645731
vt -1.000414 0.716438
vt -1.077426 0.671975
vt 0.924668 -0.322013
vt 0.924668 -0.250455
vt 0.107168 -0.250455
vt 0.107168 -0.322013
vt 0.040000 -0.869282
vt 0.075175 -0.827362
vt 0.075175 -0.772638
vt 0.040000 -0.730718
vt -0.013892 -0.721215
vt -0.061284 -0.748577
vt -0.080000 -0.800000
vt -0.061284 -0.851423
vt -0.013892 -0.878785
vt 0.721215 -0.013892
vt 0.748577 -0.061284
vt 0.800000 -0.080000
vt 0.851423 -0.061284
vt 0.878785 -0.013892
vt 0.869282 0.040000
vt 0.827362 0.075175
vt 0.772638 0.075175
vt 0.730718 0.040000
vt 0.076955 -0.211431
vt -0.076955 -0.211431
vt 0.065986 -0.374227
vt 0.291097 -0.244259
vt 0.021213 0.000000
vt -0.021213 -0.000000
vt 0.022981 0.414516
vt -0.022981 0.414516
vt -0.022981 0.041452
vt 0.022981 0.041452
vt 0.924668 0.250455
vt 0.107168 0.250455
vt 0.230472 0.195477
vt 0.230472 0.251327
vt 0.060472 0.251327
vt 0.060472 0.195477
vt -0.233345 -0.160000
vt 0.233345 -0.160000
vt 0.233345 0.200000
vt 0.176777 0.160000
vt -0.233345 0.160000
vt 0.230472 0.083776
vt 0.060472 0.083776
vt -0.022981 -0.207258
vt 0.022981 -0.207258
vt -0.021213 -0.099484
vt -0.021213 -0.165806
vt 0.021213 -0.165806
vt 0.021213 -0.099484
vt -0.021213 -0.033161
vt -0.021213 -0.099484
vt 0.021213 -0.099484
vt 0.021213 -0.033161
vt -0.021213 0.099484
vt -0.021213 0.033161
vt 0.021213 0.033161
vt 0.021213 0.099484
vt -0.021213 -1.197296
vt 0.021213 -1.197296
vt -0.021213 -0.298451
vt 0.021213 -0.298451
vt -0.000000 -0.078540
vt -0.235000 -0.078540
vt -0.772638 -0.075175
vt -0.730718 -0.040000
vt -0.721215 0.013892
vt -0.748577 0.061284
vt -0.800000 0.080000
vt -0.851423 0.061284
vt -0.878785 0.013892
vt -0.869282 -0.040000
vt -0.827362 -0.075175
vt 0.347168 -0.178896
vt 0.347168 -0.107338
vt 0.079668 -0.107338
vt 0.079668 -0.178896
vt -0.028284 0.420931
vt -0.028284 -0.437500
vt 0.028284 -0.437500
vt 0.028284 0.437500
vt -0.022981 -0.041452
vt 0.022981 -0.041452
vt -0.021213 -0.165806
vt 0.021213 -0.165806
vt 0.230472 0.027925
vt 0.230472 0.083776
vt 0.060472 0.083776
vt 0.060472 0.027925
vt 0.230472 -0.195477
vt 0.230472 -0.139626
vt 0.060472 -0.139626
vt 0.060472 -0.195477
vt -0.021213 -0.099484
vt -0.021213 -0.165806
vt 0.021213 -0.165806
vt 0.021213 -0.099484
vt -0.022981 -0.248709
vt 0.022981 -0.248709
vt -0.022981 -0.248709
vt 0.022981 -0.248709
vt -0.021213 0.855211
vt 0.021213 0.855211
vt -0.022981 0.207258
vt -0.022981 0.124355
vt 0.022981 0.124355
vt 0.022981 0.207258
vt 0.060472 -0.279253
vt 0.230472 -0.279253
vt -0.022981 -0.373064
vt 0.022981 -0.373064
vt 0.230472 -0.027925
vt 0.230472 0.027925
vt 0.060472 0.027925
vt 0.060472 -0.027925
vt -0.021213 0.165806
vt -0.021213 0.099484
vt 0.021213 0.099484
vt 0.021213 0.165806
vt -0.022981 0.124355
vt 0.022981 0.124355
vt -1.058324 1.036354
vt -0.916149 0.954269
vt -0.240000 0.945000
vt -0.350000 0.945000
vt -0.350000 1.085000
vt -0.022981 -0.290161
vt 0.022981 -0.290161
vt 0.347168 -0.071558
vt 0.079668 -0.071558
vt -0.021213 0.232129
vt -0.021213 0.165806
vt 0.021213 0.165806
vt 0.021213 0.232129
vt -0.022981 -0.248709
vt 0.022981 -0.248709
vt 0.714668 0.250455
vt 0.714668 0.322013
vt 0.097168 0.322013
vt 0.097168 0.250455
vt -0.022981 -0.124355
vt -0.022981 -0.207258
vt 0.022981 -0.207258
vt 0.022981 -0.124355
vt -0.021213 -0.165806
vt 0.021213 -0.165806
vt -0.021213 -0.165806
vt 0.021213 -0.165806
vt -0.900000 0.272271
vt -0.280000 0.272271
vt 0.150000 -0.052360
vt -0.150000 -0.052360
vt -0.280000 0.000000
vt 0.000000 0.000000
vt -0.022981 -0.000000
vt 0.022981 0.000000
vt 0.060472 0.000000
vt 0.230472 0.000000
vt -0.021213 0.165806
vt -0.021213 0.099484
vt 0.021213 0.099484
vt 0.021213 0.165806
vt -0.022981 0.290161
vt 0.022981 0.290161
vt -0.079668 0.071558
vt -0.347168 0.071558
vt -0.347168 0.000000
vt -0.079668 0.000000
vt 0.230472 0.139626
vt 0.230472 0.195477
vt 0.060472 0.195477
vt 0.060472 0.139626
vt -0.750000 2.320000
vt -0.750000 1.100000
vt -1.040000 0.810000
vt -0.000000 0.810000
vt -0.000000 2.610000
vt -1.040000 2.610000
vt -1.300000 -0.850000
vt -0.000000 -0.850000
vt -0.000000 0.000000
vt -0.220000 0.000000
vt -0.220000 -0.360000
vt -1.300000 -0.360000
vt -0.021213 0.033161
vt 0.021213 0.033161
vt -0.014142 -0.952950
vt -0.014142 -1.225221
vt 0.014142 -1.225221
vt 0.014142 -0.952950
vt 0.051250 0.088768
vt -0.017799 0.100943
vt -0.078520 0.065886
vt -0.102500 0.000000
vt -0.078520 -0.065886
vt -0.017799 -0.100943
vt 0.051250 -0.088768
vt 0.096318 -0.035057
vt 0.096318 0.035057
vt 1.548750 0.088768
vt 1.503682 0.035057
vt 1.503682 -0.035057
vt 1.548750 -0.088768
vt 1.617799 -0.100943
vt 1.678520 -0.065886
vt 1.702500 0.000000
vt 1.678520 0.065886
vt 1.617799 0.100943
vt -1.300000 -0.850000
vt -0.000000 -0.850000
vt -0.000000 -0.360000
vt -1.080000 -0.360000
vt -1.080000 0.000000
vt -1.300000 0.000000
vt 0.230472 0.139626
vt 0.060472 0.139626
vt 0.022981 -0.082903
vt -0.022981 -0.082903
vt 0.230472 0.083776
vt 0.230472 0.139626
vt 0.060472 0.139626
vt 0.060472 0.083776
vt -0.022981 0.290161
vt 0.022981 0.331613
vt -0.022981 0.373064
vt -0.022981 -0.373064
vt 0.022981 -0.414516
vt 0.022981 -0.331613
vt -0.022981 -0.290161
vt 0.022981 -0.248709
vt -0.022981 -0.207258
vt 0.022981 -0.165806
vt -0.022981 -0.124355
vt 0.022981 -0.082903
vt -0.022981 -0.041452
vt 0.022981 0.000000
vt -0.022981 0.041452
vt 0.022981 0.082903
vt -0.022981 0.124355
vt 0.022981 0.165806
vt -0.022981 0.207258
vt 0.022981 0.248709
vt -0.280000 0.167552
vt 0.000000 0.167552
vt -0.021213 0.298451
vt 0.021213 0.298451
vt -0.700000 0.363028
vt -0.280000 0.363028
vt -0.280000 0.453786
vt -0.700000 0.453786
vt 0.230472 0.027925
vt 0.060472 0.027925
vt -0.022981 -0.124355
vt -0.022981 -0.207258
vt 0.022981 -0.207258
vt 0.022981 -0.124355
vt -0.021213 -0.265290
vt 0.021213 -0.265290
vt 0.021213 -0.198968
vt -0.021213 -0.198968
vt -0.014142 0.952950
vt 0.014142 0.952950
vt 0.014142 0.778199
vt -0.014142 0.336849
vt 0.014142 0.336849
vt 0.014142 0.020290
vt -0.014142 -0.336849
vt 0.014142 -0.336849
vt 0.014142 -0.737619
vt -0.014142 -1.010546
vt 0.014142 -1.010546
vt 0.014142 -1.495528
vt -0.014142 -1.684243
vt 0.014142 -1.684243
vt -0.014142 -0.680678
vt 0.014142 -0.680678
vt 0.631218 0.611572
vt 0.586391 0.642959
vt 0.531876 0.638190
vt 0.493181 0.599495
vt 0.488411 0.544980
vt 0.519799 0.500153
vt 0.572658 0.485990
vt 0.622254 0.509117
vt 0.645381 0.558713
vt -0.235000 0.418879
vt -0.065000 0.418879
vt 0.924668 -0.035779
vt 0.107168 -0.035779
vt 0.230472 0.083776
vt 0.230472 0.139626
vt 0.060472 0.139626
vt 0.060472 0.083776
vt 0.751859 2.253827
vt 0.692500 2.183087
vt 1.075000 0.350000
vt 1.775000 0.350000
vt -0.021213 0.099484
vt -0.021213 0.033161
vt 0.021213 0.033161
vt 0.021213 0.099484
vt -0.347168 -0.071558
vt -0.079668 -0.071558
vt 0.347168 0.178896
vt 0.079668 0.178896
vt -0.021213 0.232129
vt 0.021213 0.232129
vt -0.022981 -0.290161
vt 0.022981 -0.290161
vt 0.103366 -0.762378
vt 0.103366 -0.837622
vt 0.055000 -0.895263
vt -0.019101 -0.908329
vt 0.165834 -0.940491
vt 0.731572 -0.613862
vt 0.955000 -0.000000
vt 0.731572 0.613862
vt 0.655792 0.628779
vt 0.675267 0.556098
vt 0.870707 0.084265
vt 0.908329 0.019101
vt 0.895263 -0.055000
vt 0.837622 -0.103366
vt 0.762378 -0.103366
vt 0.704737 -0.055000
vt 0.537215 -0.459434
vt 0.612173 -0.465992
vt 0.665379 -0.519197
vt 0.671937 -0.594156
vt 0.628779 -0.655792
vt 0.556098 -0.675267
vt 0.487904 -0.643467
vt 0.456104 -0.575273
vt 0.475579 -0.502592
vt 0.069459 -0.393923
vt -0.200000 -0.346410
vt -0.375877 -0.136808
vt -0.691671 0.019101
vt -0.704737 -0.055000
vt -0.762378 -0.103366
vt -0.837622 -0.103366
vt -0.895263 -0.055000
vt -0.908329 0.019101
vt -0.870707 0.084265
vt -0.954789 0.020078
vt -0.897406 -0.326629
vt -0.655792 -0.628779
vt -0.675267 -0.556098
vt -0.643467 -0.487904
vt -0.575273 -0.456104
vt -0.502592 -0.475579
vt -0.459434 -0.537215
vt -0.084265 -0.729293
vt -0.019101 -0.691671
vt 0.055000 -0.704737
vt -0.021213 0.033161
vt 0.021213 0.033161
vt -0.028284 -0.845931
vt 0.028284 -0.862500
vt 0.028284 0.862500
vt -0.028284 0.862500
vt 0.347168 -0.250455
vt 0.347168 -0.178896
vt 0.079668 -0.178896
vt 0.079668 -0.250455
vt 0.150000 -0.157080
vt -0.150000 -0.157080
vt 0.021213 0.265290
vt -0.021213 0.265290
vt -0.021213 0.298451
vt 0.021213 0.298451
vt -0.900000 0.181514
vt -0.280000 0.181514
vt -0.280000 0.272271
vt -0.900000 0.272271
vt 0.022981 0.331613
vt -0.022981 0.331613
vt 0.060472 -0.055851
vt 0.230472 -0.055851
vt -0.022981 0.373064
vt -0.022981 0.290161
vt 0.022981 0.290161
vt 0.022981 0.373064
vt -0.022981 -0.331613
vt 0.022981 -0.331613
vt -0.021213 0.513127
vt 0.021213 0.513127
vt -0.010607 -0.265726
vt 0.010607 -0.265726
vt -0.022981 0.207258
vt -0.022981 0.124355
vt 0.022981 0.124355
vt 0.022981 0.207258
vt 0.230472 -0.251327
vt 0.230472 -0.195477
vt 0.060472 -0.195477
vt 0.060472 -0.251327
vt -0.021213 0.232129
vt 0.021213 0.232129
vt -0.021213 -0.099484
vt 0.021213 -0.099484
vt -0.021213 -0.165806
vt -0.021213 -0.232129
vt 0.021213 -0.232129
vt 0.021213 -0.165806
vt 0.230472 0.195477
vt 0.230472 0.251327
vt 0.060472 0.251327
vt 0.060472 0.195477
vt 0.347168 0.178896
vt 0.347168 0.250455
vt 0.079668 0.250455
vt 0.079668 0.178896
vt 0.040000 0.730718
vt 0.075175 0.772638
vt 0.075175 0.827362
vt 0.040000 0.869282
vt -0.013892 0.878785
vt -0.061284 0.851423
vt -0.080000 0.800000
vt -0.061284 0.748577
vt -0.013892 0.721215
vt -0.021213 0.298451
vt 0.021213 0.298451
vt 0.124000 -0.214774
vt 0.233044 -0.084821
vt 0.140954 -0.051303
vt -0.347168 -0.214675
vt -0.079668 -0.214675
vt 0.040000 -0.869282
vt 0.075175 -0.827362
vt 0.075175 -0.772638
vt 0.040000 -0.730718
vt -0.013892 -0.721215
vt -0.061284 -0.748577
vt -0.080000 -0.800000
vt -0.061284 -0.851423
vt -0.013892 -0.878785
vt -0.022981 -0.290161
vt -0.022981 -0.373064
vt 0.022981 -0.373064
vt 0.022981 -0.290161
vt -0.022981 0.041452
vt 0.022981 0.041452
vt 0.721215 -0.013892
vt 0.748577 -0.061284
vt 0.800000 -0.080000
vt 0.851423 -0.061284
vt 0.878785 -0.013892
vt 0.869282 0.040000
vt 0.827362 0.075175
vt 0.772638 0.075175
vt 0.730718 0.040000
vt 0.665379 -0.519197
vt 0.954789 -0.020078
vt 0.837622 0.103366
vt 0.895263 0.055000
vt 0.908329 -0.019101
vt 0.870707 -0.084265
vt 0.800000 -0.110000
vt -0.221582 0.039071
vt -0.144627 0.172360
vt -0.000000 0.225000
vt 0.144627 0.172360
vt 0.221582 0.039071
vt 0.194856 -0.112500
vt 0.380000 -0.000000
vt 0.291097 0.244259
vt 0.065986 0.374227
vt -0.190000 0.329090
vt -0.357083 0.129968
vt -0.357083 -0.129968
vt -0.190000 -0.329090
vt -0.194856 -0.112500
vt 0.079668 -0.286234
vt 0.347168 -0.286234
vt 0.347168 0.214675
vt 0.079668 0.214675
vt 0.079668 0.143117
vt 0.347168 0.143117
vt -0.021213 0.298451
vt -0.021213 0.232129
vt 0.021213 0.232129
vt 0.021213 0.298451
vt -0.021213 0.165806
vt 0.021213 0.165806
vt -0.280000 0.167552
vt 0.000000 0.167552
vt 0.000000 0.335103
vt -0.280000 0.335103
vt -0.022981 0.373064
vt 0.022981 0.373064
vt -0.021213 0.066323
vt 0.021213 0.066323
vt -0.021213 -0.099484
vt 0.021213 -0.099484
vt -0.021213 0.099484
vt -0.021213 0.033161
vt 0.021213 0.033161
vt 0.021213 0.099484
vt -0.022981 0.207258
vt 0.022981 0.207258
vt 0.135000 0.000000
vt 0.103416 0.086776
vt 0.130000 0.000000
vt 0.099586 -0.083562
vt 0.022574 -0.128025
vt -0.065000 -0.112583
vt -0.122160 -0.044463
vt -0.122160 0.044463
vt -0.065000 0.112583
vt 0.022574 0.128025
vt 0.023443 0.132949
vt -0.067500 0.116913
vt -0.126859 0.046173
vt -0.126859 -0.046173
vt -0.067500 -0.116913
vt 0.023443 -0.132949
vt 0.103416 -0.086776
vt 0.021213 0.066323
vt -0.021213 0.066323
vt -0.021213 0.000000
vt 0.021213 0.000000
vt 0.000000 0.000000
vt -0.280000 0.000000
vt -0.021213 -0.165806
vt 0.021213 -0.165806
vt 0.714668 0.322013
vt 0.097168 0.322013
vt -0.021213 0.165806
vt -0.021213 0.099484
vt 0.021213 0.099484
vt 0.021213 0.165806
vt 0.399668 0.143117
vt 0.132168 0.143117
vt 0.132168 0.071558
vt 0.399668 0.071558
vt -0.021213 -1.539380
vt 0.021213 -1.539380
vt -0.021213 -0.132645
vt 0.021213 -0.132645
vt 0.021213 -0.066323
vt -0.021213 -0.066323
vt -0.021213 -0.165806
vt 0.021213 -0.165806
vt -0.014142 -2.357940
vt -0.014142 -3.031637
vt 0.014142 -3.031637
vt 0.014142 -2.357940
vt -0.014142 1.225221
vt 0.014142 1.225221
vt -0.021213 -0.232129
vt -0.021213 -0.298451
vt 0.021213 -0.298451
vt 0.021213 -0.232129
vt -0.347168 0.214675
vt -0.079668 0.214675
vt 0.230472 0.083776
vt 0.060472 0.083776
vt -0.021213 0.298451
vt -0.021213 0.232129
vt 0.021213 0.232129
vt 0.021213 0.298451
vt 0.347168 0.178896
vt 0.079668 0.178896
vt -0.022981 -0.041452
vt 0.022981 -0.041452
vt -0.021213 -0.033161
vt 0.021213 -0.033161
vt 0.230472 -0.083776
vt 0.060472 -0.083776
vt -0.028284 1.208431
vt -0.028284 -1.208431
vt 0.028284 -1.225000
vt 0.028284 1.225000
vt -0.021213 0.232129
vt 0.021213 0.232129
vt -0.021213 -0.033161
vt 0.021213 -0.033161
vt -0.022981 -0.124355
vt 0.022981 -0.124355
vt 0.714668 -0.035779
vt 0.714668 0.035779
vt 0.097168 0.035779
vt 0.097168 -0.035779
vt 0.924668 -0.178896
vt 0.107168 -0.178896
vt -0.280000 -0.167552
vt 0.000000 -0.167552
vt 0.000000 0.000000
vt -0.280000 0.000000
vt 0.130000 0.000000
vt 0.099586 -0.083562
vt 0.022574 -0.128025
vt -0.065000 -0.112583
vt -0.122160 -0.044463
vt -0.126859 0.046173
vt -0.126859 -0.046173
vt -0.067500 -0.116913
vt 0.023443 -0.132949
vt 0.103416 -0.086776
vt 0.135000 0.000000
vt 0.714668 0.107338
vt 0.097168 0.107338
vt -0.435000 2.382374
vt -0.255000 2.382374
vt -0.021213 0.298451
vt -0.021213 0.232129
vt 0.021213 0.232129
vt 0.021213 0.298451
vt 0.399668 -0.143117
vt 0.132168 -0.143117
vt 0.132168 -0.214675
vt 0.399668 -0.214675
vt -0.021213 -0.033161
vt 0.021213 -0.033161
vt 0.399668 0.214675
vt 0.132168 0.214675
vt -0.022981 -0.373064
vt 0.022981 -0.373064
vt 0.230472 0.251327
vt 0.060472 0.251327
vt 0.000000 0.670206
vt -0.280000 0.670206
vt 1.283851 -3.045731
vt 1.141676 -2.963646
vt 0.980000 -2.992154
vt 1.122574 -3.071975
vt 1.199586 -3.116438
vt 1.230000 -3.200000
vt 1.199586 -3.283562
vt 1.122574 -3.328025
vt 1.035000 -3.312583
vt 0.980000 -3.407846
vt 1.141676 -3.436354
vt 1.283851 -3.354269
vt 1.340000 -3.200000
vt 0.924668 -0.035779
vt 0.924668 0.035779
vt 0.107168 0.035779
vt 0.107168 -0.035779
vt -1.325526 0.882085
vt -1.220000 1.007846
vt -1.208431 1.085000
vt -1.385000 0.908431
vt -1.235000 -0.800000
vt -1.203416 -0.713224
vt -1.220000 0.592154
vt -1.325526 0.717915
vt 0.028284 0.520000
vt -0.028284 0.520000
vt -0.028284 -0.520000
vt 0.028284 -0.560000
vt -0.280000 -0.670206
vt 0.000000 -0.670206
vt 0.000000 -0.502655
vt -0.280000 -0.502655
vt 0.347168 -0.107338
vt 0.347168 -0.035779
vt 0.079668 -0.035779
vt 0.079668 -0.107338
vt -0.021213 0.033161
vt 0.021213 0.033161
vt 0.493181 0.599495
vt 0.488411 0.544980
vt 0.519799 0.500153
vt 0.572658 0.485990
vt 0.622254 0.509117
vt 0.645381 0.558713
vt 0.631218 0.611572
vt 0.586391 0.642959
vt 0.531876 0.638190
vt 0.714668 -0.322013
vt 0.097168 -0.322013
vt 0.347168 -0.035779
vt 0.347168 0.035779
vt 0.079668 0.035779
vt 0.079668 -0.035779
vt 0.141421 -1.660000
vt 0.141421 1.660000
vt -0.141421 1.660000
vt -0.141421 -1.660000
vt -0.021213 0.298451
vt 0.021213 0.298451
vt -0.280000 0.502655
vt 0.000000 0.502655
vt 0.000000 0.670206
vt -0.280000 0.670206
vt 1.550000 -0.320000
vt 1.550000 0.000000
vt 0.330000 0.000000
vt 0.330000 -0.320000
vt -0.280000 0.090757
vt -0.900000 0.090757
vt -0.900000 0.000000
vt -0.280000 0.000000
vt -0.022981 -0.373064
vt 0.022981 -0.373064
vt 0.000000 0.335103
vt -0.280000 0.335103
vt 0.000000 0.335103
vt -0.280000 0.335103
vt -0.022981 -0.373064
vt 0.022981 -0.373064
vt 0.230472 -0.083776
vt 0.060472 -0.083776
vt 0.060472 -0.111701
vt 0.230472 -0.111701
vt 0.079668 -0.286234
vt 0.347168 -0.286234
vt 0.000000 0.837758
vt -0.280000 0.837758
vt -0.000000 0.392699
vt -0.235000 0.392699
vt -0.022981 0.290161
vt 0.022981 0.290161
vt -0.022981 0.373064
vt 0.022981 0.373064
vt -0.485990 0.572658
vt -0.509117 0.622254
vt -0.558713 0.645381
vt -0.611572 0.631218
vt -0.642959 0.586391
vt -0.638190 0.531876
vt -0.599495 0.493181
vt -0.544980 0.488411
vt -0.500153 0.519799
vt 0.230472 0.195477
vt 0.230472 0.251327
vt 0.060472 0.251327
vt 0.060472 0.195477
vt 0.714668 -0.107338
vt 0.097168 -0.107338
vt 1.765000 0.040000
vt 1.765000 0.340000
vt 1.085000 0.340000
vt 1.085000 0.040000
vt -0.399668 -0.214675
vt -0.132168 -0.214675
vt -0.132168 -0.143117
vt -0.399668 -0.143117
vt 0.230472 0.251327
vt 0.060472 0.251327
vt -0.347168 -0.286234
vt -0.079668 -0.286234
vt -0.435000 -3.063053
vt -0.255000 -3.063053
vt -0.399668 -0.286234
vt -0.132168 -0.286234
vt -0.021213 -0.298451
vt 0.021213 -0.298451
vt -0.280000 -0.502655
vt 0.000000 -0.502655
vt -0.150000 -0.173137
vt 0.150000 -0.173137
vt -0.900000 0.363028
vt -0.280000 0.363028
vt -0.280000 0.453786
vt -0.900000 0.453786
vt 0.000000 0.837758
vt -0.280000 0.837758
vt -0.022981 0.373064
vt -0.022981 0.290161
vt 0.022981 0.290161
vt 0.022981 0.373064
vt 0.230472 -0.083776
vt 0.060472 -0.083776
vt 0.924668 -0.035779
vt 0.924668 0.035779
vt 0.107168 0.035779
vt 0.107168 -0.035779
vt -0.022981 0.373064
vt 0.022981 0.373064
vt 0.230472 -0.251327
vt 0.060472 -0.251327
vt -0.347168 -0.071558
vt -0.079668 -0.071558
vt -0.028284 1.208431
vt -0.028284 -1.208431
vt 0.028284 -1.225000
vt 0.028284 1.225000
vt -0.000000 -0.549779
vt -0.235000 -0.549779
vt -0.347168 0.143117
vt -0.079668 0.143117
vt 0.230472 -0.139626
vt 0.230472 -0.083776
vt 0.060472 -0.083776
vt 0.060472 -0.139626
vt -0.900000 -0.363028
vt -0.280000 -0.363028
vt -0.280000 -0.272271
vt -0.900000 -0.272271
vt 0.230472 0.251327
vt 0.060472 0.251327
vt -0.347168 -0.286234
vt -0.079668 -0.286234
vt 0.230472 -0.139626
vt 0.060472 -0.139626
vt 0.924668 0.322013
vt 0.107168 0.322013
vt 0.399668 0.286234
vt 0.132168 0.286234
vt 0.350000 -1.125000
vt 0.350000 -0.945000
vt -0.350000 -0.945000
vt -0.350000 -1.125000
vt 0.347168 0.035779
vt 0.079668 0.035779
vt -0.022981 -0.041452
vt 0.022981 -0.041452
vt 0.230472 -0.139626
vt 0.060472 -0.139626
vt -0.021213 -0.298451
vt 0.021213 -0.298451
vt 0.230472 -0.195477
vt 0.060472 -0.195477
vt -0.022981 0.041452
vt 0.022981 0.041452
vt -0.022981 -0.000000
vt 0.022981 0.000000
vt 0.230472 0.083776
vt 0.230472 0.139626
vt 0.060472 0.139626
vt 0.060472 0.083776
vt -0.022981 -0.331613
vt 0.022981 -0.331613
vt -0.000000 0.549779
vt -0.235000 0.549779
vt 0.160000 0.851721
vt 0.210000 0.851721
vt 0.924668 -0.178896
vt 0.924668 -0.107338
vt 0.107168 -0.107338
vt 0.107168 -0.178896
vt 0.230472 0.139626
vt 0.230472 0.195477
vt 0.060472 0.195477
vt 0.060472 0.139626
vt 0.028284 -0.612500
vt 0.028284 0.612500
vt -0.028284 0.595931
vt -0.028284 -0.612500
vt 0.000000 -0.335103
vt -0.280000 -0.335103
vt -0.280000 -0.502655
vt 0.000000 -0.502655
vt 0.000000 0.335103
vt -0.280000 0.335103
vt 0.347168 0.107338
vt 0.079668 0.107338
vt 0.230472 0.139626
vt 0.060472 0.139626
vt -0.280000 -0.335103
vt 0.000000 -0.335103
vt -0.235000 -1.256637
vt -0.065000 -1.256637
vt -0.022981 0.082903
vt 0.022981 0.082903
vt 0.347168 -0.322013
vt 0.079668 -0.322013
vt -0.493181 -0.599495
vt -0.488411 -0.544980
vt -0.519799 -0.500153
vt -0.572658 -0.485990
vt -0.622254 -0.509117
vt -0.645381 -0.558713
vt -0.631218 -0.611572
vt -0.586391 -0.642959
vt -0.531876 -0.638190
vt -0.280000 0.000000
vt -0.900000 0.000000
vt 1.035000 -3.312583
vt 0.980000 -3.407846
vt 0.079668 -0.286234
vt 0.347168 -0.286234
vt -0.280000 0.090757
vt -0.700000 0.090757
vt 0.079668 -0.357792
vt 0.347168 -0.357792
vt 0.924668 0.178896
vt 0.924668 0.250455
vt 0.107168 0.250455
vt 0.107168 0.178896
vt 0.924668 -0.107338
vt 0.107168 -0.107338
vt 0.141421 -1.660000
vt 0.141421 1.660000
vt -0.141421 1.660000
vt -0.141421 -1.660000
vt -0.280000 -0.167552
vt 0.000000 -0.167552
vt 0.000000 0.000000
vt -0.280000 0.000000
vt -0.700000 0.000000
vt -0.280000 0.000000
vt -0.700000 0.272271
vt -0.280000 0.272271
vt -0.347168 0.322013
vt -0.079668 0.322013
vt -0.028284 1.208431
vt -0.028284 -1.208431
vt 0.028284 -1.225000
vt 0.028284 1.225000
vt -0.021213 0.165806
vt 0.021213 0.165806
vt 0.347168 -0.250455
vt 0.347168 -0.178896
vt 0.079668 -0.178896
vt 0.079668 -0.250455
vt 0.210000 0.425860
vt 0.160000 0.425860
vt 0.230472 0.251327
vt 0.060472 0.251327
vt -0.900000 -0.272271
vt -0.280000 -0.272271
vt 0.230472 -0.139626
vt 0.230472 -0.083776
vt 0.060472 -0.083776
vt 0.060472 -0.139626
vt -0.280000 -0.167552
vt 0.000000 -0.167552
vt 0.150000 0.346273
vt -0.150000 0.346273
vt 0.714668 0.107338
vt 0.097168 0.107338
vt 0.233345 -0.160000
vt 0.233345 0.160000
vt -0.176777 0.160000
vt -0.233345 0.200000
vt -0.233345 -0.160000
vt -1.325526 -3.282085
vt -1.325526 -3.117915
vt -1.220000 -2.992154
vt -1.058324 -2.963646
vt 0.980000 -2.992154
vt 0.940000 -1.880000
vt 0.610000 -1.550000
vt -0.610000 -1.550000
vt -0.940000 -1.880000
vt -0.940000 -2.100000
vt -1.385000 -2.100000
vt -1.385000 -3.308431
vt -1.208431 -3.485000
vt 1.208431 -3.485000
vt 1.385000 -3.308431
vt 1.283851 -3.354269
vt 1.141676 -3.436354
vt 0.980000 -3.407846
vt -1.058324 -3.436354
vt -1.220000 -3.407846
vt -0.021213 0.033161
vt 0.021213 0.033161
vt -0.022981 -0.331613
vt 0.022981 -0.331613
vt 0.230472 -0.139626
vt 0.060472 -0.139626
vt 0.230472 -0.251327
vt 0.230472 -0.195477
vt 0.060472 -0.195477
vt 0.060472 -0.251327
vt -0.022981 -0.041452
vt 0.022981 -0.041452
vt 0.079668 -0.357792
vt 0.347168 -0.357792
vt 0.079668 -0.357792
vt 0.347168 -0.357792
vt -0.347168 0.286234
vt -0.079668 0.286234
vt -0.079668 0.357792
vt -0.347168 0.357792
vt -0.021213 0.165806
vt 0.021213 0.165806
vt -0.700000 -0.363028
vt -0.280000 -0.363028
vt -0.557337 -0.800000
vt -0.565000 -0.794607
vt -0.565000 -0.800000
vt -0.022981 0.373064
vt 0.022981 0.373064
vt 0.000000 0.335103
vt -0.280000 0.335103
vt 0.230472 0.083776
vt 0.060472 0.083776
vt -0.280000 0.272271
vt -0.900000 0.272271
vt 0.000000 0.837758
vt -0.280000 0.837758
vt 0.021213 0.331613
vt -0.021213 0.331613
vt 0.230472 -0.251327
vt 0.060472 -0.251327
vt -0.280000 -0.670206
vt 0.000000 -0.670206
vt 0.924668 0.322013
vt 0.107168 0.322013
vt 0.230472 -0.195477
vt 0.230472 -0.139626
vt 0.060472 -0.139626
vt 0.060472 -0.195477
vt 0.230472 -0.083776
vt 0.060472 -0.083776
vt 0.714668 -0.322013
vt 0.097168 -0.322013
vt -1.151250 -0.888768
vt -1.082201 -0.900943
vt -1.021480 -0.865886
vt -0.997500 -0.800000
vt -1.021480 -0.734114
vt -1.082201 -0.699057
vt -1.151250 -0.711232
vt -1.196318 -0.764943
vt -1.196318 -0.835057
vt 0.230472 0.195477
vt 0.230472 0.251327
vt 0.060472 0.251327
vt 0.060472 0.195477
vt 0.000000 0.837758
vt -0.280000 0.837758
vt 0.347168 0.286234
vt 0.079668 0.286234
vt 0.347168 -0.107338
vt 0.079668 -0.107338
vt -0.196469 0.955000
vt -0.240000 0.945000
vt 0.240000 0.945000
vt 0.196469 0.955000
vt 0.347168 0.107338
vt 0.079668 0.107338
vt 0.230472 -0.139626
vt 0.060472 -0.139626
vt -0.021213 -0.298451
vt 0.021213 -0.298451
vt 0.347168 -0.322013
vt 0.079668 -0.322013
vt 0.150000 0.519410
vt -0.150000 0.519410
vt -0.000000 -0.350000
vt -0.000000 0.000000
vt -0.140000 0.000000
vt -0.180000 -0.040000
vt -0.180000 -0.350000
vt -0.022981 -0.373064
vt 0.022981 -0.373064
vt -0.000000 -0.100000
vt -0.000000 0.000000
vt -0.005393 0.000000
vt -0.005393 -0.100000
vt 0.714668 -0.107338
vt 0.097168 -0.107338
vt 0.347168 -0.178896
vt 0.079668 -0.178896
vt -0.280000 0.167552
vt 0.000000 0.167552
vt -0.079668 0.071558
vt -0.347168 0.071558
vt -0.347168 -0.000000
vt -0.079668 -0.000000
vt 0.399668 -0.071558
vt 0.132168 -0.071558
vt -0.021213 0.298451
vt 0.021213 0.298451
vt -0.000000 -0.706858
vt -0.235000 -0.706858
vt -0.347168 0.071558
vt -0.079668 0.071558
vt 0.230472 -0.083776
vt 0.060472 -0.083776
vt -0.022981 0.373064
vt 0.022981 0.373064
vt 0.103416 0.086776
vt 0.099586 0.083562
vt 0.130000 0.000000
vt 0.099586 -0.083562
vt 0.022574 -0.128025
vt -0.065000 -0.112583
vt -0.122160 -0.044463
vt -0.067500 -0.116913
vt 0.023443 -0.132949
vt 0.103416 -0.086776
vt 0.135000 0.000000
vt 0.940000 -0.800000
vt 0.940000 -2.100000
vt 1.425000 -2.100000
vt 1.425000 -0.800000
vt 0.230472 0.251327
vt 0.060472 0.251327
vt -0.235000 1.256637
vt -0.065000 1.256637
vt 0.079668 -0.071558
vt 0.347168 -0.071558
vt -0.347168 -0.286234
vt -0.079668 -0.286234
vt -0.022981 -0.373064
vt 0.022981 -0.373064
vt -0.079668 -0.000000
vt -0.347168 -0.000000
vt -0.235000 -0.418879
vt -0.065000 -0.418879
vt -0.347168 0.107338
vt -0.079668 0.107338
vt 0.714668 0.322013
vt 0.097168 0.322013
vt 0.105925 0.600733
vt 0.502592 0.475579
vt 0.459434 0.537215
vt 0.019101 0.691671
vt -0.055000 0.704737
vt -0.103366 0.762378
vt -0.103366 0.837622
vt -0.487904 0.643467
vt -0.456104 0.575273
vt -0.475579 0.502592
vt -0.537215 0.459434
vt -0.762378 0.103366
vt -0.305000 0.528275
vt -0.280000 -0.670206
vt 0.000000 -0.670206
vt 0.000000 -0.502655
vt -0.280000 -0.502655
vt 0.099586 0.083562
vt 0.874474 -3.282085
vt -0.860000 -3.200000
vt -0.916149 -3.354269
vt -1.058324 -3.436354
vt -1.208431 -3.485000
vt 1.208431 -3.485000
vt 1.141676 -3.436354
vt 0.980000 -3.407846
vt -0.150000 0.692547
vt 0.150000 0.692547
vt 0.150000 0.865683
vt -0.150000 0.865683
vt 0.019101 0.691671
vt 0.069459 0.393923
vt 0.306418 0.257115
vt 0.400000 -0.000000
vt 0.306418 -0.257115
vt 0.691671 0.019101
vt 0.729293 0.084265
vt 0.800000 0.110000
vt 0.643467 0.487904
vt 0.575273 0.456104
vt 0.502592 0.475579
vt 0.459434 0.537215
vt 0.465992 0.612173
vt 0.519197 0.665379
vt 0.594156 0.671937
vt 0.165834 0.940491
vt -0.487904 0.643467
vt -0.103366 0.837622
vt -0.055000 0.895263
vt 0.019101 0.908329
vt 0.084265 0.870707
vt 0.110000 0.800000
vt 0.084265 0.729293
vt -0.021213 -0.232129
vt -0.021213 -0.298451
vt 0.021213 -0.298451
vt 0.021213 -0.232129
vt -0.022981 -0.373064
vt 0.022981 -0.373064
vt -0.028284 0.124853
vt -0.028284 -0.124853
vt 0.028284 -0.141421
vt 0.028284 0.141421
vt -0.000000 0.706858
vt -0.235000 0.706858
vt -0.022981 0.373064
vt -0.022981 0.290161
vt 0.022981 0.290161
vt 0.022981 0.373064
vt -0.511232 -0.451250
vt -0.499057 -0.382201
vt -0.534114 -0.321480
vt -0.600000 -0.297500
vt -0.665886 -0.321480
vt -0.700943 -0.382201
vt -0.688768 -0.451250
vt -0.635057 -0.496318
vt -0.564943 -0.496318
vt 0.000000 0.670206
vt -0.280000 0.670206
vt -0.022981 -0.331613
vt 0.022981 -0.331613
vt 0.141421 -1.660000
vt 0.141421 1.660000
vt -0.141421 1.660000
vt -0.141421 -1.660000
vt -0.021213 0.033161
vt 0.021213 0.033161
vt 0.714668 -0.322013
vt 0.714668 -0.250455
vt 0.097168 -0.250455
vt 0.097168 -0.322013
vt -0.280000 0.090757
vt -0.900000 0.090757
vt 0.347168 0.250455
vt 0.079668 0.250455
vt -0.022981 0.290161
vt 0.022981 0.290161
vt -0.028284 0.124853
vt -0.028284 -0.124853
vt 0.028284 -0.141421
vt 0.028284 0.141421
vt 0.828416 1.013224
vt 0.748443 0.967051
vt 0.657500 0.983087
vt 0.598141 1.053827
vt 1.425000 0.040000
vt 0.230472 -0.223402
vt 0.060472 -0.223402
vt 0.060472 -0.279253
vt 0.230472 -0.279253
vt 0.230472 -0.251327
vt 0.230472 -0.195477
vt 0.060472 -0.195477
vt 0.060472 -0.251327
vt -0.126859 0.046173
vt -0.122160 0.044463
vt -0.065000 0.112583
vt 0.022574 0.128025
vt 0.099586 0.083562
vt 0.103416 0.086776
vt 0.023443 0.132949
vt -0.067500 0.116913
vt 0.924668 -0.107338
vt 0.107168 -0.107338
vt 0.714668 -0.035779
vt 0.097168 -0.035779
vt 0.230472 -0.027925
vt 0.060472 -0.027925
vt 0.714668 0.322013
vt 0.097168 0.322013
vt -0.021213 -0.298451
vt 0.021213 -0.298451
vt -0.916149 -3.045731
vt -1.058324 -2.963646
vt -1.220000 -2.992154
vt -1.077426 -3.071975
vt -1.000414 -3.116438
vt -0.970000 -3.200000
vt -1.000414 -3.283562
vt -0.860000 -3.200000
vt 0.347168 -0.107338
vt 0.079668 -0.107338
vt 0.230472 0.251327
vt 0.060472 0.251327
vt 0.347168 0.250455
vt 0.079668 0.250455
vt 0.347168 0.322013
vt 0.079668 0.322013
vt -0.280000 -0.670206
vt 0.000000 -0.670206
vt 0.230472 0.251327
vt 0.060472 0.251327
vt -0.021213 0.298451
vt 0.021213 0.298451
vt 0.230472 0.223402
vt 0.060472 0.223402
vt 0.714668 0.035779
vt 0.097168 0.035779
vt 0.000000 0.837758
vt -0.280000 0.837758
vt 1.076557 -0.932949
vt 0.980000 -2.992154
vt 1.141676 -2.963646
vt 1.167500 -0.916913
vt -0.021213 0.298451
vt 0.021213 0.298451
vt -0.028284 -0.595931
vt 0.028284 -0.612500
vt 0.028284 0.612500
vt -0.028284 0.612500
vt 0.347168 -0.322013
vt 0.079668 -0.322013
vt -0.021213 -0.232129
vt -0.021213 -0.298451
vt 0.021213 -0.298451
vt 0.021213 -0.232129
vt 0.022981 0.414516
vt -0.022981 0.414516
vt 0.230472 -0.251327
vt 0.060472 -0.251327
vt 0.132168 0.000000
vt 0.399668 0.000000
vt 0.230472 0.139626
vt 0.060472 0.139626
vt 0.230472 -0.251327
vt 0.060472 -0.251327
vt -0.280000 -0.090757
vt -0.700000 -0.090757
vt -0.900000 0.181514
vt -0.280000 0.181514
vt 0.028284 -0.862500
vt 0.028284 0.862500
vt -0.028284 0.845931
vt -0.028284 -0.862500
vt -0.160869 -0.134985
vt -0.036466 -0.206810
vt 0.105000 -0.181865
vt 0.197335 -0.071824
vt 0.197335 0.071824
vt 0.105000 0.181865
vt -0.036466 0.206810
vt -0.160869 0.134985
vt -0.210000 0.000000
vt 0.347168 -0.322013
vt 0.079668 -0.322013
vt 0.141421 -1.660000
vt 0.141421 1.660000
vt -0.141421 1.660000
vt -0.141421 -1.660000
vt -0.900000 -0.363028
vt -0.280000 -0.363028
vt -0.280000 -0.670206
vt 0.000000 -0.670206
vt 0.000000 -0.335103
vt -0.280000 -0.335103
vt -0.435000 3.063053
vt -0.255000 3.063053
vt -0.022981 0.373064
vt 0.022981 0.373064
vt -0.132168 0.071558
vt -0.399668 0.071558
vt -0.280000 -0.670206
vt 0.000000 -0.670206
vt 0.347168 0.286234
vt 0.079668 0.286234
vt 0.347168 0.322013
vt 0.079668 0.322013
vt -0.180000 -0.350000
vt -0.000000 -0.350000
vt -0.000000 -0.040000
vt -0.040000 0.000000
vt -0.180000 0.000000
vt 0.347168 0.322013
vt 0.079668 0.322013
vt 0.924668 0.107338
vt 0.107168 0.107338
vt -0.280000 0.502655
vt 0.000000 0.502655
vt -0.280000 0.090757
vt -0.700000 0.090757
vt -0.700000 0.000000
vt -0.280000 0.000000
vt -0.150000 -0.692547
vt 0.150000 -0.692547
vt 0.043065 0.244232
vt -0.124000 0.214774
vt -0.075000 0.129904
vt 0.026047 0.147721
vt 0.114907 0.096418
vt 0.189979 0.159411
vt 1.283851 -3.045731
vt 1.340000 -3.200000
vt 1.283851 -3.354269
vt 1.385000 -3.308431
vt 1.340000 0.800000
vt 1.283851 0.645731
vt 1.141676 0.563646
vt 0.980000 0.592154
vt 0.874474 0.717915
vt 0.874474 0.882085
vt 0.960188 0.169307
vt 0.844375 -0.487500
vt 0.333470 -0.916200
vt -0.333470 -0.916200
vt -0.844375 -0.487500
vt -0.960188 0.169307
vt -0.626718 0.746893
vt -1.058324 1.036354
vt -0.916149 0.954269
vt -0.860000 0.800000
vt -0.916149 0.645731
vt -1.058324 0.563646
vt -1.123443 -0.667051
vt -1.032500 -0.683087
vt -0.973141 -0.753827
vt -0.973141 -0.846173
vt -1.032500 -0.916913
vt -1.123443 -0.932949
vt -1.203416 -0.886776
vt -1.385000 -3.308431
vt -1.220000 -3.407846
vt -1.325526 -3.282085
vt -1.325526 -3.117915
vt -1.220000 -2.992154
vt -1.058324 -2.963646
vt -0.916149 -3.045731
vt 0.874474 -3.117915
vt 0.996584 -0.886776
vt 0.965000 -0.800000
vt 0.996584 -0.713224
vt 1.076557 -0.667051
vt 1.167500 -0.683087
vt 1.226859 -0.753827
vt 1.226859 -0.846173
vt 0.000000 0.837758
vt -0.280000 0.837758
vt -0.700000 -0.350000
vt -0.000000 -0.350000
vt -0.000000 -0.000000
vt -0.110000 0.000000
vt -0.110000 -0.200000
vt -0.590000 -0.200000
vt -0.590000 0.000000
vt -0.700000 0.000000
vt 0.028284 -0.141421
vt 0.028284 0.141421
vt -0.028284 0.124853
vt -0.028284 -0.124853
vt 0.150000 0.471239
vt -0.150000 0.471239
vt 0.189979 -0.159411
vt 0.248000 0.000000
vt 0.150000 0.000000
vt 0.114907 -0.096418
vt 0.026047 -0.147721
vt -0.075000 -0.129904
vt -0.140954 -0.051303
vt -0.140954 0.051303
vt -0.233044 0.084821
vt -0.233044 -0.084821
vt -0.124000 -0.214774
vt 0.043065 -0.244232
vt 1.775000 0.040000
vt 2.292500 2.183087
vt 2.201557 2.167051
vt 2.121584 2.213224
vt 2.090000 2.300000
vt 2.121584 2.386776
vt 2.201557 2.432949
vt 0.200000 3.360000
vt 0.200000 0.040000
vt 1.075000 0.040000
vt 0.601557 2.167051
vt 0.521584 2.213224
vt 0.490000 2.300000
vt 0.521584 2.386776
vt 0.601557 2.432949
vt 0.692500 2.416913
vt 0.751859 2.346173
vt 0.000000 3.054326
vt 0.000000 2.181662
vt 0.500000 2.181662
vt 0.500000 3.054326
vt -0.000000 1.256637
vt -0.000000 2.094395
vt -0.500000 2.094395
vt -0.500000 1.256637
vt -0.000000 -0.418879
vt -0.000000 0.418879
vt -0.500000 0.418879
vt -0.500000 -0.418879
vt 0.000000 1.308997
vt 0.500000 1.308997
vt 0.000000 0.349066
vt 0.000000 -0.349066
vt 0.500000 -0.349066
vt 0.500000 0.349066
vt -0.000000 2.932153
vt -0.500000 2.932153
vt 0.000000 -1.745329
vt 0.000000 -2.443461
vt 0.500000 -2.443461
vt 0.500000 -1.745329
vt 0.939693 0.342020
vt 1.127631 -0.410424
vt 1.127631 0.410424
vt 0.600000 1.039230
vt -0.208378 1.181769
vt -0.919253 0.771345
vt -1.200000 0.000000
vt -0.919253 -0.771345
vt -0.208378 -1.181769
vt -0.173648 -0.984808
vt -0.766044 -0.642788
vt -1.000000 0.000000
vt -0.766044 0.642788
vt -0.173648 0.984808
vt 0.500000 0.866025
vt -0.000000 3.787364
vt -0.000000 4.869469
vt -0.500000 4.869469
vt -0.500000 3.787364
vt -0.000000 -2.932153
vt -0.000000 -2.094395
vt -0.500000 -2.094395
vt -0.500000 -2.932153
vt -0.000000 -3.769911
vt -0.500000 -3.769911
vt 0.000000 -3.141593
vt 0.500000 -3.141593
vt 0.000000 1.745329
vt 0.000000 1.047198
vt 0.500000 1.047198
vt 0.500000 1.745329
vt -0.000000 3.769911
vt -0.500000 3.769911
vt -0.000000 -3.787364
vt -0.000000 -2.705260
vt -0.500000 -2.705260
vt -0.500000 -3.787364
vt -0.000000 0.541052
vt -0.000000 1.623156
vt -0.500000 1.623156
vt -0.500000 0.541052
vt -1.550000 0.000000
vt -1.187369 -0.996321
vt -0.957556 -0.803485
vt -1.250000 0.000000
vt -0.957556 0.803485
vt -1.187369 0.996321
vt -0.000000 -0.541052
vt -0.500000 -0.541052
vt 0.000000 0.436332
vt 0.500000 0.436332
vt 0.000000 -0.436332
vt 0.000000 -1.308997
vt 0.500000 -1.308997
vt 0.500000 -0.436332
vt 0.000000 3.141593
vt 0.000000 2.443461
vt 0.500000 2.443461
vt 0.500000 3.141593
vt 0.775000 1.342339
vt -0.269155 1.526452
vt -0.217060 1.231010
vt 0.625000 1.082532
vt 1.174616 0.427525
vt 1.174616 -0.427525
vt 0.625000 -1.082532
vt -0.217060 -1.231010
vt -0.269155 -1.526452
vt 0.775000 -1.342339
vt 1.456524 -0.530131
vt 1.456524 0.530131
vt -0.000000 -4.869469
vt -0.500000 -4.869469
vt -0.000000 2.705260
vt -0.500000 2.705260
vt 0.000000 -1.047198
vt 0.500000 -1.047198
vt -0.000000 -1.623156
vt -0.500000 -1.623156
vt 0.000000 -2.181662
vt 0.000000 -3.054326
vt 0.500000 -3.054326
vt 0.500000 -2.181662
vt 0.500000 -0.866025
vt 0.600000 -1.039230
vt 0.939693 -0.342020
vt 0.000000 3.926991
vt 0.500000 3.926991
vt 0.919253 -0.771345
vt 1.200000 0.000000
vt 0.919253 0.771345
vt 0.208378 1.181769
vt 0.766044 0.642788
vt 1.000000 0.000000
vt 0.766044 -0.642788
vt 0.173648 -0.984808
vt -0.500000 -0.866025
vt -0.939693 -0.342020
vt -0.939693 0.342020
vt -1.127631 -0.410424
vt -0.600000 -1.039230
vt 0.208378 -1.181769
vt 0.957556 0.803485
vt 1.187369 0.996321
vt 0.269155 1.526452
vt 0.217060 1.231010
vt -0.600000 1.039230
vt -1.127631 0.410424
vt -0.500000 0.866025
vt 0.173648 0.984808
vt 1.550000 0.000000
vt 1.250000 0.000000
vt 0.957556 -0.803485
vt 0.217060 -1.231010
vt -0.625000 -1.082532
vt -1.174616 -0.427525
vt -1.174616 0.427525
vt -0.625000 1.082532
vt -0.775000 1.342339
vt -1.456524 0.530131
vt -1.456524 -0.530131
vt -0.775000 -1.342339
vt 0.269155 -1.526452
vt 1.187369 -0.996321
vt 0.000000 -3.926991
vt 0.500000 -3.926991
vt -0.000000 -1.256637
vt -0.500000 -1.256637
vn -0.0000 0.7159 -0.6982
vn -0.0000 0.7159 0.6982
vn 0.0002 0.7159 -0.6982
vn -0.7018 0.7124 -0.0000
vn -0.7071 0.7071 0.0000
vn -0.7240 0.6898 0.0008
vn -0.7169 0.6971 0.0008
vn 0.7048 -0.7094 -0.0000
vn 0.7071 -0.7071 0.0000
vn 0.6903 -0.7235 -0.0047
vn 0.7049 -0.7093 -0.0001
vn -0.0000 0.0000 -1.0000
vn 0.6947 0.7193 0.0002
vn 0.7112 0.7030 0.0000
vn 0.7112 0.7030 -0.0001
vn 0.6947 0.7193 0.0000
vn 0.7018 -0.7124 -0.0000
vn 0.7240 -0.6898 0.0008
vn 0.7169 -0.6971 0.0008
vn -0.7030 -0.7112 0.0001
vn -0.7193 -0.6947 0.0000
vn -0.7193 -0.6947 -0.0004
vn -0.7030 -0.7112 0.0000
vn -0.7633 0.6461 -0.0002
vn 0.6989 0.7152 0.0000
vn 0.6987 0.7154 -0.0000
vn -0.6989 0.7152 0.0000
vn 0.7084 -0.7058 0.0001
vn 0.7060 -0.7082 0.0029
vn 0.7070 -0.7073 0.0001
vn 0.7079 -0.7063 -0.0000
vn -0.7057 -0.7085 -0.0025
vn -0.7071 -0.7071 0.0000
vn -0.7071 0.7071 -0.0023
vn 0.7071 0.7071 -0.0000
vn 0.6721 0.7404 -0.0027
vn 0.7090 0.7052 0.0000
vn 0.7224 0.6915 -0.0022
vn 0.7071 0.7071 0.0022
vn 0.7096 0.7046 0.0007
vn 0.7164 -0.6977 -0.0032
vn 0.7164 0.6977 -0.0032
vn 0.7096 -0.7046 0.0007
vn 0.7070 0.7073 0.0001
vn 0.7218 0.6921 -0.0058
vn 0.7084 0.7058 0.0008
vn 0.7060 0.7082 0.0029
vn -0.7057 0.7085 -0.0025
vn -0.7046 0.7095 -0.0144
vn 0.7067 0.7075 0.0002
vn 0.7085 0.7057 0.0039
vn 0.7049 0.7093 -0.0001
vn 0.7048 0.7094 -0.0000
vn 0.7065 0.7077 -0.0018
vn -0.7071 -0.7071 -0.0029
vn -0.7238 -0.6900 0.0076
vn -0.7071 -0.7071 -0.0001
vn -0.7029 -0.7113 -0.0008
vn -0.6951 0.7188 0.0089
vn -0.7137 0.7004 -0.0053
vn -0.7046 0.7096 0.0010
vn -0.7069 0.7073 0.0020
vn -0.7071 0.7071 -0.0022
vn -0.7125 0.7017 -0.0024
vn -0.7125 -0.7017 -0.0024
vn -0.7046 -0.7096 0.0010
vn -0.7074 -0.7068 0.0000
vn -0.7072 0.7070 0.0002
vn -0.7072 0.7070 0.0000
vn -0.7074 -0.7068 0.0002
vn 0.6905 -0.7233 0.0000
vn 0.6905 -0.7234 -0.0002
vn -0.7166 -0.6975 0.0000
vn 0.7166 -0.6975 0.0000
vn 0.0000 0.7051 -0.7091
vn -0.0000 -0.7025 -0.7117
vn 0.0000 -0.7089 0.7053
vn 0.0000 -1.0000 -0.0000
vn -0.6926 -0.7213 0.0001
vn -0.7092 -0.7051 0.0000
vn -0.6926 -0.7213 0.0000
vn 0.7124 -0.7018 0.0000
vn 0.6910 -0.7229 0.0001
vn 0.6971 -0.7170 0.0000
vn 0.7218 -0.6921 -0.0058
vn -0.0000 0.7053 -0.7089
vn 0.0000 0.7089 -0.7053
vn -0.0001 0.7089 -0.7053
vn -0.0002 0.7176 0.6965
vn -0.0000 0.7071 0.7071
vn -0.0000 0.7176 0.6965
vn 0.0000 0.0000 1.0000
vn -0.7065 -0.7077 0.0000
vn -1.0000 -0.0000 0.0000
vn 0.7031 -0.7111 0.0000
vn -0.6978 -0.7163 -0.0000
vn 0.7031 -0.7111 -0.0001
vn -0.0002 -0.7124 -0.7018
vn 0.0000 -0.7018 -0.7124
vn -0.0001 -0.7018 -0.7124
vn 0.0000 -0.7124 -0.7018
vn 0.7031 0.7111 0.0002
vn 0.7137 0.7005 0.0000
vn 0.7031 0.7111 0.0000
vn 0.0000 0.7138 -0.7003
vn -0.0000 0.7071 -0.7071
vn -0.0000 0.7077 -0.7065
vn 0.7106 -0.7036 -0.0002
vn 0.7050 -0.7092 0.0000
vn 0.7106 -0.7036 0.0000
vn 0.0000 -0.7077 0.7065
vn 0.0000 0.0002 1.0000
vn -0.0000 0.7005 0.7136
vn 0.7850 0.6194 0.0000
vn 0.7170 0.6971 0.0000
vn 0.7229 0.6910 -0.0000
vn 0.7008 0.7134 -0.0000
vn -0.6978 -0.7163 0.0001
vn 0.7079 0.7063 -0.0000
vn -0.7052 0.7090 0.0000
vn -0.7056 0.7087 0.0000
vn -0.7056 0.7087 -0.0002
vn -0.7162 -0.6979 0.0000
vn -0.7016 -0.7126 0.0000
vn -0.0000 0.6993 0.7149
vn 0.0001 0.6471 0.7624
vn 0.0000 0.7193 0.6947
vn -0.0000 0.7198 0.6941
vn 0.7093 -0.7049 0.0000
vn 1.0000 0.0001 -0.0000
vn 1.0000 -0.0002 0.0000
vn -0.6926 -0.7213 0.0002
vn -0.0000 1.0000 -0.0013
vn 0.0001 0.7071 -0.7071
vn -0.0000 0.7136 -0.7005
vn -0.0000 1.0000 -0.0000
vn 0.7078 0.7064 0.0000
vn 0.0001 1.0000 0.0000
vn 0.0003 -0.7030 0.7112
vn 0.0000 -0.7030 0.7112
vn 0.0000 0.7053 0.7089
vn 0.0000 -0.7038 0.7104
vn 0.0001 -0.7104 0.7038
vn 0.0000 -0.7104 0.7038
vn -0.0001 -0.7038 0.7104
vn 0.7276 -0.6860 0.0000
vn 0.7071 -0.7071 -0.0002
vn 0.7201 -0.6939 0.0000
vn 0.5836 -0.8050 0.1070
vn 1.0000 0.0002 0.0000
vn 1.0000 -0.0001 0.0000
vn 0.0000 -0.7025 0.7117
vn -0.0001 0.7051 0.7091
vn -0.0000 0.7051 0.7091
vn 0.7022 0.7120 0.0000
vn -0.7084 -0.7058 0.0000
vn -0.6988 0.7153 0.0000
vn 0.0000 -0.6946 0.7194
vn -0.7084 0.7058 0.0000
vn -0.6978 0.7163 0.0000
vn 0.7045 -0.7097 -0.0001
vn 0.7075 -0.7067 0.0000
vn 0.7045 -0.7097 0.0000
vn -0.0000 0.7098 -0.7045
vn 0.0002 0.7176 0.6965
vn -0.7180 -0.6960 0.0000
vn -0.7005 -0.7137 0.0000
vn 0.7094 0.7048 0.0000
vn 0.7072 0.7071 -0.0000
vn 0.0000 -0.7064 0.7078
vn 0.0000 -0.7084 0.7058
vn -0.0001 -0.7045 0.7098
vn 0.0000 -0.7150 0.6992
vn -0.0001 -0.7150 0.6992
vn 0.0000 -0.7045 0.7098
vn 0.7023 0.7119 -0.0002
vn 0.7031 0.7111 0.0001
vn -0.0000 0.7018 0.7124
vn 0.6948 0.7192 0.0000
vn 0.7020 0.7122 -0.0000
vn 0.7009 -0.7132 0.0000
vn 0.0000 -0.6946 -0.7194
vn -0.0001 0.7018 -0.7124
vn -0.0000 0.7018 -0.7124
vn 0.7089 0.7053 -0.0000
vn 1.0000 0.0000 0.0000
vn -0.7023 -0.7119 -0.0002
vn -0.7023 0.7119 0.0004
vn 0.0000 -0.7069 0.7073
vn 0.0000 -0.7071 0.7071
vn 0.0000 -0.7075 0.7068
vn -0.0001 -0.7065 0.7077
vn 0.7055 -0.7087 0.0001
vn 0.7055 0.7087 0.0000
vn -0.0001 -0.7030 -0.7112
vn 0.0000 -0.7030 -0.7112
vn 0.7173 0.6968 0.0000
vn 0.7173 -0.6968 -0.0002
vn 0.7173 -0.6968 0.0000
vn 0.7173 0.6968 0.0002
vn -0.7046 -0.7095 -0.0144
vn 0.0009 0.7074 -0.7068
vn 0.0018 0.7023 -0.7119
vn -0.0193 0.7239 -0.6896
vn 0.0009 0.7522 -0.6589
vn 0.7090 -0.7052 0.0006
vn 0.7219 -0.6920 0.0001
vn 0.6748 -0.7380 -0.0003
vn 0.6954 0.7184 -0.0179
vn 0.7065 -0.7077 -0.0018
vn 0.7085 -0.7057 0.0039
vn 0.7067 -0.7075 0.0009
vn -0.0001 -0.7038 -0.7104
vn 0.0000 -1.0000 0.0013
vn 0.0000 -0.7038 -0.7104
vn -0.7009 -0.7132 -0.0026
vn -0.6951 -0.7188 0.0089
vn -0.7137 -0.7004 -0.0039
vn -0.7026 -0.7116 -0.0069
vn -0.7238 0.6900 0.0076
vn -0.7029 0.7113 -0.0008
vn -0.7071 0.7071 0.0001
vn 0.0000 0.7131 0.7011
vn -0.0000 0.7131 -0.7011
vn -0.7005 -0.7137 0.0001
vn 0.7086 0.7056 0.0000
vn 0.7062 0.7080 0.0000
vn 0.7084 0.7058 0.0000
vn -0.7162 -0.6979 -0.0002
vn -0.7016 -0.7126 0.0001
vn -0.6978 -0.7163 0.0002
vn -0.7016 -0.7125 0.0000
vn -0.7147 -0.6995 0.0000
vn 0.7088 0.7054 0.0001
vn 0.7043 0.7099 0.0000
vn 0.7088 0.7054 0.0000
vn -0.7092 0.7051 0.0000
vn 0.0001 0.7053 -0.7089
vn 0.0002 -0.7030 -0.7112
vn -0.0000 -0.6987 -0.7154
vn 0.0000 -0.7083 -0.7059
vn -0.0000 0.7092 -0.7050
vn 0.0000 0.7092 0.7050
vn 0.6915 -0.7224 0.0000
vn -0.7005 0.7137 0.0000
vn -0.7180 0.6960 0.0000
vn -0.0000 0.7259 -0.6878
vn -0.0000 0.7282 -0.6854
vn -0.0000 0.7029 -0.7113
vn 0.7121 0.7021 0.0000
vn 0.7071 0.7071 -0.0001
vn 0.6994 0.7148 0.0000
vn 0.0000 -1.0000 -0.0005
vn 0.0001 -0.7038 0.7104
vn 0.0000 -0.9977 0.0671
vn -0.7080 -0.7062 0.0000
vn -0.7058 -0.7084 0.0000
vn -0.7056 -0.7086 -0.0000
vn -0.0001 1.0000 0.0000
vn -0.7078 0.7064 0.0000
vn 0.0005 -0.7139 -0.7003
vn 0.0000 -0.7139 -0.7003
vn 0.0000 -0.7071 -0.7071
vn 0.7250 0.6888 -0.0003
vn 0.7080 0.7062 0.0000
vn 0.7250 0.6888 0.0000
vn 0.6975 -0.7166 0.0000
vn 0.6975 0.7166 0.0000
vn 0.0000 0.7038 -0.7104
vn -0.0001 0.7104 -0.7038
vn 0.0000 0.7104 -0.7038
vn -0.0001 0.7038 -0.7104
vn 0.7075 0.7067 -0.0000
vn -0.7060 0.7082 0.0000
vn -0.7090 0.7052 0.0000
vn -0.7090 0.7052 0.0001
vn -0.0000 1.0000 0.0013
vn 0.0000 0.7104 0.7038
vn -0.7095 -0.7047 0.0002
vn 0.0001 -1.0000 0.0000
vn -0.7095 -0.7047 0.0000
vn 0.7093 0.7049 -0.0000
vn 0.6915 0.7223 0.0000
vn 0.0000 -0.9977 -0.0671
vn 0.6938 -0.7202 0.0000
vn 0.6306 -0.7761 0.0000
vn 0.7012 -0.7130 0.0000
vn 0.3050 -0.9524 -0.0000
vn 0.0000 -0.7053 0.7089
vn 0.0002 -0.6987 -0.7154
vn 0.0000 -0.7191 0.6949
vn 0.7045 0.7097 0.0000
vn 0.7045 0.7097 -0.0002
vn -0.0000 0.7075 -0.7068
vn -0.6989 0.7153 0.0000
vn -0.7162 0.6979 0.0001
vn -0.7162 0.6979 0.0000
vn 0.7130 -0.7012 0.0000
vn 0.7125 0.7017 0.0000
vn -0.7422 0.6702 0.0000
vn -0.7276 0.6860 0.0000
vn -0.5836 0.8050 0.1070
vn -0.6860 0.7276 -0.0001
vn -0.7022 0.7120 0.0000
vn -0.7050 -0.7092 0.0000
vn 0.7137 -0.7005 -0.0000
vn -0.7061 -0.7082 -0.0000
vn -0.7078 -0.7064 0.0001
vn -0.7078 -0.7064 0.0000
vn 0.0002 0.7071 0.7071
vn -0.0000 0.7136 0.7005
vn 0.0000 -0.7053 0.7090
vn 0.0000 -0.7134 0.7008
vn -0.0000 0.7116 0.7026
vn 0.0001 -0.7082 0.7060
vn -0.0000 -0.7082 0.7060
vn -0.0000 1.0000 0.0024
vn -0.0000 1.0000 -0.0027
vn 0.0000 0.0013 -1.0000
vn 0.0000 -0.7104 -0.7038
vn -0.7161 -0.6980 0.0000
vn -0.7217 0.6922 -0.0000
vn 0.0000 -0.0004 1.0000
vn -0.0002 -0.7071 0.7071
vn 0.0000 -0.6995 0.7147
vn -0.7153 0.6988 0.0000
vn -0.7193 -0.6947 -0.0002
vn 0.7095 0.7047 0.0000
vn 0.7095 0.7047 -0.0002
vn 0.7087 -0.7055 0.0000
vn 0.7087 -0.7055 -0.0001
vn 0.7137 -0.7005 0.0001
vn 0.7031 -0.7111 0.0001
vn -0.6983 0.7158 0.0014
vn -0.6961 0.7179 0.0007
vn -0.6306 0.7761 0.0008
vn -0.7011 0.7130 0.0005
vn 0.0000 -0.6965 -0.7176
vn 0.0001 0.7025 -0.7117
vn -0.0000 0.7025 -0.7117
vn -0.7180 0.6960 -0.0002
vn 0.0000 -1.0000 0.0008
vn 0.0000 -1.0000 -0.0013
vn -0.6988 0.7153 0.0001
vn 0.6956 0.7184 0.0000
vn -0.6949 0.7191 0.0000
vn 0.6953 0.7187 -0.0001
vn -0.7011 0.7131 0.0008
vn -0.7125 0.7017 0.0000
vn -0.7007 0.7134 0.0007
vn -0.0001 -0.7106 -0.7036
vn 0.0000 -0.7106 -0.7036
vn -0.7060 0.7082 -0.0001
vn -0.0000 -0.6459 0.7634
vn 0.0000 -0.7029 0.7113
vn -0.0000 0.6965 0.7176
vn 0.0002 0.6965 0.7176
vn 0.7124 0.7018 0.0001
vn 0.0000 -0.7077 -0.7065
vn -0.7081 -0.7061 0.0002
vn -0.7044 -0.7098 -0.0000
vn -0.7047 -0.7095 0.0000
vn -0.7081 -0.7061 0.0000
vn 0.7134 0.7008 0.0001
vn 0.7134 0.7008 0.0000
vn 0.6971 0.7170 0.0000
vn 0.6910 0.7229 0.0000
vn -0.0001 -0.7104 0.7038
vn 0.6915 0.7224 0.0000
vn 0.7217 0.6922 0.0000
vn 0.7094 0.7048 -0.0002
vn 0.6975 -0.7165 0.0000
vn 0.7067 -0.7075 0.0000
vn 0.0000 0.7125 0.7017
vn -0.0000 0.7049 0.7093
vn 0.0002 0.7118 0.7024
vn -0.0000 0.7082 0.7061
vn -0.0000 0.7117 0.7025
vn -0.0001 -0.7077 -0.7065
vn 0.7233 -0.6905 0.0005
vn 0.7233 -0.6905 0.0000
vn 0.6194 -0.7850 0.0000
vn 0.7134 -0.7008 -0.0000
vn 0.6915 -0.7223 0.0000
vn 0.7054 -0.7088 0.0000
vn 0.6946 -0.7194 -0.0002
vn 0.7053 -0.7089 -0.0002
vn -0.0000 0.7100 -0.7042
vn -0.7058 0.7084 0.0000
vn -0.7109 0.7033 0.0000
vn -0.7056 0.7086 -0.0001
vn -0.0000 0.0004 -1.0000
vn -0.0000 -0.0004 -1.0000
vn -0.0000 0.7061 0.7081
vn 0.0002 0.7012 0.7129
vn -0.0000 0.7012 0.7129
vn -0.7110 0.7032 0.0000
vn -0.7110 0.7032 0.0002
vn -0.6926 0.7213 0.0000
vn -0.6926 0.7213 -0.0001
vn -0.7070 0.7072 0.0000
vn 0.0000 -0.7003 -0.7139
vn -0.0000 0.7106 0.7036
vn -0.0000 0.7069 0.7073
vn -0.0000 0.7065 0.7077
vn 0.0000 -0.7083 0.7059
vn 0.0000 -0.7086 0.7056
vn -0.0001 0.7053 0.7089
vn -0.0000 0.7100 0.7042
vn 0.6939 0.7201 0.0000
vn 0.7071 0.7071 -0.0002
vn 0.7761 -0.6306 0.0000
vn 0.7202 -0.6938 -0.0000
vn -0.0000 0.7048 -0.7094
vn -0.0000 0.7094 -0.7048
vn -0.7130 0.7012 0.0000
vn -0.7087 0.7055 0.0000
vn -0.7250 -0.6888 -0.0003
vn -0.7250 -0.6888 0.0000
vn -0.7085 0.7057 -0.0001
vn 0.0000 -0.0002 1.0000
vn 0.0000 -0.7005 0.7136
vn 0.7173 -0.6968 0.0004
vn 0.7173 0.6968 -0.0004
vn 0.5760 0.8174 -0.0000
vn 0.6938 0.7202 -0.0000
vn 0.6306 0.7761 0.0000
vn 0.7012 0.7130 0.0000
vn 0.7160 -0.6981 0.0000
vn 0.7058 -0.7084 0.0000
vn 0.7089 -0.7053 0.0000
vn -0.0002 -0.7025 0.7117
vn -0.6988 0.7153 -0.0002
vn 0.7085 0.7057 -0.0001
vn 0.7087 0.7055 0.0000
vn 0.7045 -0.7097 -0.0002
vn 0.7009 0.7132 -0.0000
vn -0.0000 0.7073 -0.7070
vn 0.0000 -0.7042 0.7100
vn 0.0000 -0.7075 0.7067
vn 0.7633 -0.6461 -0.0002
vn -0.6989 -0.7152 0.0000
vn -0.6987 -0.7154 -0.0000
vn 0.6989 -0.7152 0.0000
vn -0.0005 0.6965 0.7176
vn 0.7276 0.6860 -0.0000
vn 0.7201 0.6939 0.0000
vn 0.5836 0.8050 -0.1070
vn 0.7011 -0.7131 0.0000
vn 0.7011 -0.7131 -0.0002
vn -0.7090 -0.7052 -0.0002
vn -0.7090 -0.7052 0.0000
vn -0.0000 0.6989 -0.7152
vn -0.0001 0.7050 -0.7092
vn -0.7204 -0.6936 0.0000
vn -0.7204 0.6935 -0.0000
vn -0.7194 0.6946 -0.0000
vn -0.7196 0.6944 0.0000
vn -0.7204 0.6936 -0.0000
vn -0.7204 -0.6935 -0.0000
vn -0.7194 -0.6946 -0.0000
vn -0.7196 -0.6944 0.0000
vn 0.0000 -0.7056 -0.7086
vn -0.0000 -1.0000 -0.0002
vn -0.0000 0.7035 0.7107
vn 0.7072 0.7070 0.0000
vn 0.7074 -0.7068 -0.0000
vn 0.7072 0.7070 -0.0001
vn -0.0001 -1.0000 0.0003
vn 0.0000 0.6992 -0.7150
vn -0.0000 0.7097 -0.7045
vn -0.0001 0.7097 -0.7045
vn -0.6988 0.7153 -0.0001
vn -0.7065 0.7077 -0.0000
vn -0.7026 0.7116 -0.0069
vn -0.0001 -1.0000 -0.0000
vn 0.7095 -0.7047 0.0000
vn 0.7095 -0.7047 -0.0002
vn 0.0000 -1.0000 0.0025
vn 0.0000 -0.7088 0.7054
vn 0.7071 -0.7072 0.0000
vn -0.0000 0.7088 -0.7054
vn 0.7233 -0.6905 0.0002
vn -0.7106 -0.7036 0.0000
vn -0.7106 -0.7036 0.0002
vn 0.0000 -0.0001 1.0000
vn -0.0000 0.0001 1.0000
vn -0.0000 -0.0005 1.0000
vn -0.0000 -0.0671 0.9977
vn -0.7080 0.7062 0.0000
vn -0.7250 0.6888 0.0000
vn -0.6989 0.7153 0.0002
vn -0.0000 0.6995 -0.7147
vn 0.0000 -1.0000 -0.0030
vn -0.0002 -0.6946 0.7194
vn 0.7044 -0.7099 -0.0002
vn 0.7103 -0.7039 0.0000
vn 0.7046 -0.7096 0.0000
vn 0.0000 -1.0000 -0.0009
vn 0.0000 -1.0000 0.0007
vn -0.7060 -0.7082 0.0000
vn -0.7041 0.7101 0.0000
vn 0.7026 0.7116 -0.0000
vn -0.7041 0.7101 -0.0002
vn 0.7043 -0.7099 0.0001
vn 0.7043 -0.7099 0.0000
vn -1.0000 -0.0011 0.0000
vn -1.0000 -0.0000 0.0001
vn -1.0000 0.0013 0.0000
vn 0.7194 0.6946 -0.0000
vn 0.7018 0.7124 0.0000
vn 0.7196 0.6944 0.0000
vn -0.0002 0.7100 -0.7042
vn 0.0000 -0.7150 0.6991
vn 0.0000 -0.7123 -0.7018
vn -0.0002 -0.7150 0.6991
vn -0.7057 -0.7085 -0.0000
vn -0.7055 -0.7087 0.0000
vn -0.0000 -0.6987 0.7154
vn 0.0001 -0.7045 0.7098
vn 0.7094 -0.7048 0.0000
vn 0.7090 -0.7052 0.0000
vn 0.7057 -0.7085 0.0000
vn 0.7055 -0.7087 0.0000
vn -0.7005 0.7137 -0.0001
vn -0.0002 -0.7033 0.7109
vn 0.0000 -0.7033 0.7109
vn -0.0002 0.6992 -0.7150
vn 0.0001 0.7098 -0.7045
vn 0.7173 -0.6968 0.0002
vn -0.7125 -0.7017 0.0000
vn -0.7011 -0.7131 0.0007
vn -0.7007 -0.7134 0.0008
vn 0.0001 0.7100 -0.7042
vn -0.0001 0.7053 -0.7089
vn -0.7011 -0.7130 -0.0005
vn -0.7023 -0.7119 -0.0004
vn -0.6983 -0.7158 -0.0014
vn -0.6961 -0.7179 -0.0009
vn -0.7061 -0.7082 -0.0007
vn -0.7069 0.7073 0.0000
vn 0.7069 0.7073 -0.0000
vn -0.7007 -0.7134 -0.0002
vn -0.7109 -0.7033 0.0000
vn -0.7007 -0.7134 0.0000
vn -0.7056 -0.7086 0.0001
vn -0.7116 -0.7026 0.0000
vn 0.0000 -0.7069 -0.7073
vn 0.0000 -0.7075 -0.7068
vn -0.0001 -0.7065 -0.7077
vn 0.0000 0.7090 0.7052
vn -0.0000 0.7073 0.7069
vn -0.0003 0.7090 0.7052
vn 0.0001 0.7053 0.7089
vn -0.7022 0.7120 0.0001
vn 0.7232 0.6906 0.0000
vn -0.7101 0.7041 0.0002
vn -0.7101 0.7041 0.0000
vn -0.7033 -0.7109 0.0000
vn -0.7086 -0.7056 0.0000
vn 0.7045 -0.7097 -0.0003
vn 0.7131 -0.7011 0.0002
vn 0.7131 -0.7011 0.0000
vn 0.0001 -0.7081 0.7061
vn 0.0000 -0.7081 0.7061
vn 0.7084 -0.7058 0.0000
vn 0.6982 -0.7159 0.0000
vn 0.6982 -0.7159 0.0002
vn -0.7047 -0.7095 0.0002
vn -0.7079 -0.7063 0.0000
vn 0.7234 -0.6905 0.0005
vn 0.6903 0.7235 -0.0046
vn 0.7173 0.6968 -0.0002
vn 0.7006 0.7136 0.0002
vn -0.0000 0.7094 0.7048
vn -0.0000 0.7048 0.7094
vn 0.0000 -0.7054 -0.7088
vn -0.0001 -0.7024 -0.7118
vn -0.7092 0.7051 0.0001
vn -0.6926 0.7213 -0.0003
vn -0.7103 0.7039 0.0003
vn -0.7103 0.7039 0.0000
vn 0.6942 -0.7198 0.0000
vn 0.6942 -0.7198 -0.0002
vn 0.0002 -0.7060 0.7082
vn 0.0000 -0.7060 0.7082
vn -0.7107 0.7035 0.0000
vn 0.7130 0.7012 0.0000
vn -0.7108 0.7034 0.0000
vn -0.7105 0.7037 0.0002
vn 0.7090 -0.7052 -0.0002
vn -0.7107 -0.7035 -0.0002
vn -0.7107 -0.7035 0.0000
vn 0.7090 -0.7052 0.0001
vn 0.0006 0.7191 0.6949
vn 0.0006 0.7182 0.6958
vn 0.0000 -0.7076 -0.7066
vn -0.0000 -0.7074 -0.7068
vn 0.0000 -0.7070 0.7072
vn 0.0000 -0.7072 0.7070
vn 0.0002 -1.0000 0.0000
vn 0.0000 -0.6461 0.7633
vn -0.0000 -0.7259 0.6878
vn -0.6971 -0.7170 0.0000
vn -0.5896 -0.8077 0.0000
vn -0.7134 -0.7008 0.0001
vn -0.7134 -0.7008 0.0000
vn 0.7017 0.7125 0.0000
vn -0.7134 0.7008 -0.0000
vn -0.7017 0.7125 0.0000
vn -0.6194 0.7850 0.0000
vn 0.6939 -0.7201 0.0000
vn 0.7071 -0.7071 0.0001
vn 0.7761 0.6306 0.0000
vn 0.7202 0.6938 -0.0002
vn 0.7085 -0.7057 -0.0001
vn -0.0002 0.7089 -0.7053
vn -0.0000 0.7073 -0.7069
vn 0.0001 0.7090 -0.7053
vn -0.0001 -0.0030 -1.0000
vn -0.0000 0.7090 -0.7053
vn -0.0002 -0.6965 0.7176
vn 0.0000 -0.6965 0.7176
vn 0.7033 0.7109 0.0000
vn 0.7109 0.7033 -0.0000
vn -0.7062 0.7080 0.0000
vn -0.7086 0.7056 -0.0000
vn 0.0000 -0.7092 0.7050
vn -0.0001 -0.7152 0.6989
vn 0.0000 -0.7152 0.6989
vn 0.7009 0.7132 -0.0001
vn -0.6926 0.7213 -0.0002
vn -0.7094 -0.7048 -0.0000
vn -0.7038 -0.7104 0.0001
vn 0.7058 0.7084 0.0000
vn 0.7056 0.7086 -0.0000
vn 0.7050 -0.7092 -0.0001
vn 0.7161 -0.6980 -0.0002
vn -0.7121 0.7021 0.0000
vn -0.6994 0.7148 0.0000
vn 0.0002 -0.6987 0.7154
vn 0.7025 0.7116 0.0000
vn 0.0610 0.9981 -0.0000
vn 0.0049 1.0000 0.0000
vn 0.7025 0.7116 0.0001
vn 0.0000 0.0004 1.0000
vn -0.0000 0.6995 0.7147
vn -0.0001 0.0000 1.0000
vn 0.7069 0.7073 0.0002
vn -0.7093 0.7049 0.0000
vn -0.7094 0.7048 0.0001
vn -0.7201 0.6939 0.0000
vn -0.7071 0.7071 -0.0002
vn 0.0000 0.0002 -1.0000
vn -0.0001 -0.0030 1.0000
vn -0.0000 0.7090 0.7053
vn -0.0001 0.7090 0.7053
vn 0.0000 -1.0000 0.0001
vn -0.0000 0.7065 -0.7077
vn 0.0000 -0.7067 0.7075
vn -0.7153 0.6989 -0.0000
vn 1.0000 -0.0011 0.0000
vn 0.7147 -0.6995 0.0000
vn 1.0000 -0.0000 -0.0001
vn -0.7062 -0.7080 0.0000
vn 0.7124 0.7018 0.0000
vn 0.0000 -1.0000 -0.0001
vn 0.0000 -1.0000 0.0002
vn -0.0000 -0.7092 -0.7050
vn 0.0000 -0.7078 0.7064
vn 0.0000 -0.7116 0.7026
vn 0.0001 -0.6390 0.7692
vn -0.0014 -0.7066 0.7076
vn -0.0000 0.7122 -0.7020
vn 0.0002 0.7122 -0.7020
vn -0.0000 0.7105 0.7037
vn 0.0001 0.7104 -0.7038
vn -0.7030 -0.7112 -0.0001
vn -0.7006 0.7136 -0.0002
vn -0.7057 0.7085 0.0000
vn -0.7166 0.6975 0.0000
vn -0.7055 0.7087 0.0000
vn -0.0183 -0.6997 0.7142
vn 0.0018 0.7075 0.7067
vn 0.0036 0.7096 0.7046
vn 0.0034 0.7079 0.7063
vn -0.0001 0.7098 0.7044
vn 0.0002 0.7068 0.7074
vn -0.0001 0.7069 -0.7073
vn -0.0051 0.7061 -0.7081
vn -0.0010 0.7093 -0.7049
vn 0.6970 -0.7171 -0.0003
vn -0.6946 -0.7194 -0.0000
vn 0.6942 0.7198 -0.0000
vn -0.7016 0.7126 0.0000
vn 0.0000 -0.7045 0.7097
vn -0.0000 0.0025 -1.0000
vn -0.0000 0.7127 0.7015
vn -0.0000 0.6903 0.7236
vn -0.0000 0.7067 0.7075
vn -0.0000 0.7068 0.7074
vn 0.0002 0.7104 -0.7038
vn -0.0002 0.7037 0.7105
vn -0.0000 0.7037 0.7105
vn -0.0000 -0.7049 -0.7093
vn 0.0000 -0.7093 -0.7049
vn -0.0003 -0.7093 -0.7049
vn -0.0000 0.7069 -0.7073
vn 0.0001 0.7065 -0.7077
vn 0.7022 0.7120 -0.0002
vn -0.7053 -0.7089 -0.0000
vn -0.7090 -0.7052 0.0002
vn -0.7054 -0.7088 0.0000
vn 0.0000 0.7035 -0.7107
vn 0.0000 -0.7062 0.7080
vn 0.0002 -0.7091 0.7051
vn 0.0000 -0.7091 0.7051
vn -0.7071 -0.7072 0.0000
vn -0.0002 -1.0000 0.0000
vn -0.0000 0.0003 -1.0000
vn 0.0000 -0.0671 -0.9977
vn -0.7232 0.6906 0.0000
vn -0.7102 -0.7040 0.0001
vn -0.7102 -0.7040 0.0000
vn -0.0002 0.7105 -0.7037
vn -0.0000 0.7060 -0.7082
vn -0.0000 0.7105 -0.7037
vn 0.7009 -0.7132 -0.0001
vn 0.0000 0.6947 0.7193
vn -0.0000 0.7665 0.6423
vn -0.0000 0.7149 0.6993
vn -0.0001 0.7162 0.6979
vn -0.0011 1.0000 0.0000
vn 0.0011 1.0000 0.0000
vn 0.0000 -0.7053 -0.7089
vn 0.0000 -0.0008 -1.0000
vn 0.0001 -0.7053 -0.7089
vn 0.0000 -0.7020 0.7122
vn 0.0002 -0.7020 0.7122
vn 0.0002 0.7071 -0.7071
vn -0.6963 0.7178 0.0000
vn -0.6960 0.7180 -0.0004
vn 0.7033 -0.7109 0.0000
vn 0.7038 -0.7104 -0.0003
vn -0.7130 -0.7011 -0.0006
vn -0.7119 -0.7023 -0.0005
vn 0.7063 0.7079 -0.0000
vn -0.7085 -0.7057 -0.0001
vn -0.6975 -0.7166 0.0000
vn -0.7087 -0.7055 0.0000
vn 0.7061 -0.7081 0.0000
vn -0.0001 -0.7030 0.7112
vn 0.0000 -0.7046 0.7096
vn -0.6978 0.7163 -0.0002
vn 0.7250 -0.6888 0.0000
vn -0.0000 0.7058 -0.7084
vn -0.0000 0.6762 -0.7367
vn 0.7234 -0.6905 -0.0000
vn 0.0000 -0.7075 -0.7067
vn 0.0000 -0.7003 -0.7138
vn -0.0003 -0.6642 -0.7476
vn -0.0002 -0.7208 -0.6932
vn 0.0000 -0.7208 -0.6932
vn -0.7017 -0.7125 0.0000
vn 0.0000 -0.7086 -0.7056
vn -0.0000 0.7056 0.7086
vn -0.0000 0.7096 -0.7046
vn 0.0003 0.7088 -0.7055
vn 0.7056 0.7087 -0.0000
vn -0.6939 -0.7201 0.0000
vn -0.7071 -0.7071 -0.0002
vn -0.7081 0.7061 0.0000
vn -0.7202 0.6938 -0.0000
vn 0.0000 -0.7063 0.7079
vn 0.7062 -0.7080 0.0000
vn 0.7086 -0.7056 -0.0000
vn -0.0000 0.7036 0.7106
vn -0.0000 0.7083 0.7059
vn 0.0000 -0.7078 -0.7065
vn 0.7080 -0.7062 0.0000
vn 0.0000 -0.7065 0.7077
vn 0.7850 -0.6195 0.0007
vn 0.7126 -0.7016 0.0015
vn 0.7011 -0.7131 0.0008
vn -0.7095 0.7047 0.0000
vn -0.0000 0.7071 0.7072
vn 0.0003 -0.7071 -0.7071
vn 0.0000 -0.6995 -0.7147
vn -0.0000 0.7068 -0.7074
vn -0.0000 0.7078 -0.7064
vn 0.0000 -0.7080 -0.7062
vn 0.0000 -0.7073 -0.7069
vn 0.0000 -0.7076 -0.7067
vn -0.0001 -0.7025 -0.7117
vn 0.6905 -0.7234 0.0000
vn -0.7072 0.7070 0.0001
vn 0.0000 -0.7078 0.7065
vn -0.0000 0.7059 0.7084
vn -0.7134 0.7008 -0.0002
vn -0.7033 0.7109 0.0000
vn -0.7045 -0.7097 -0.0000
vn -0.7115 -0.7027 -0.0001
vn -0.7115 -0.7027 0.0000
vn 0.0005 0.7176 0.6965
vn 0.0000 -0.7042 -0.7100
vn 0.0001 0.7176 0.6965
vn -0.7276 -0.6860 -0.0000
vn -0.7201 -0.6939 0.0000
vn -0.5836 -0.8050 -0.1070
vn -0.0000 -0.7089 -0.7053
vn 0.0000 -0.7018 -0.7123
vn -0.6982 -0.7159 -0.0003
vn -0.6982 -0.7159 0.0000
vn -0.7106 -0.7036 0.0001
vn -0.7159 0.6982 0.0000
vn -0.0051 1.0000 0.0000
vn -0.2057 0.9786 0.0000
vn -0.6939 0.7200 0.0000
vn -0.0003 0.7176 0.6965
vn -0.0001 -0.7084 0.7058
vn 0.0000 -0.7106 0.7036
vn -0.0001 -0.7106 0.7036
vn -0.0000 0.7282 0.6854
vn -0.0000 0.7259 0.6878
vn 0.0000 -0.7066 -0.7076
vn -0.0001 -0.7066 -0.7076
vn -0.7007 0.7134 0.0000
vn -0.0000 0.7064 -0.7078
vn -0.0000 0.7065 -0.7078
vn -0.7130 -0.7012 -0.0000
vn 0.6916 0.7223 0.0000
vn 0.6916 0.7223 0.0002
vn 0.7045 0.7098 0.0000
vn -0.0000 0.0671 -0.9977
vn 0.0002 0.6992 -0.7150
vn 0.0004 0.7176 0.6965
vn -0.0000 0.7008 0.7134
vn -0.0000 0.7488 -0.6628
vn 0.6915 0.7224 0.0002
vn -0.6970 -0.7171 0.0003
vn -0.7069 0.7073 -0.0001
vn 0.0000 -0.0006 -1.0000
vn -0.0003 -0.7071 -0.7071
vn 0.0000 -0.7005 -0.7137
vn 0.0000 -0.0003 -1.0000
vn -0.7039 0.7103 0.0000
vn 0.0000 -0.0002 -1.0000
vn 0.0000 -0.0001 -1.0000
vn 0.0000 -0.7072 -0.7070
vn -0.0001 -0.7070 -0.7072
vn 0.0000 -0.7070 -0.7072
vn 0.7125 -0.7017 0.0000
vn -0.0000 0.7106 -0.7036
vn -0.0001 0.7106 -0.7036
vn 0.7227 -0.6912 -0.0004
vn 0.0608 0.9285 0.3662
vn 0.6944 0.7196 0.0000
vn -0.0042 0.7071 -0.7071
vn -0.0000 0.7152 -0.6990
vn 0.0145 0.6917 0.7220
vn -0.3538 0.0504 0.9340
vn 0.0000 0.0003 1.0000
vn 0.0001 0.6870 0.7266
vn 0.0011 0.7016 0.7126
vn 0.6947 0.7193 0.0005
vn 0.0000 0.0013 1.0000
vn 0.3618 -0.0502 -0.9309
vn -0.0000 -0.6990 -0.7151
vn 0.0000 -0.0008 1.0000
vn -0.0003 -0.7030 -0.7112
vn 0.7081 -0.7061 0.0000
vn -0.7115 0.7027 0.0000
vn -0.6975 -0.7165 0.0000
vn 0.6916 -0.7223 0.0000
vn -0.7124 -0.7018 0.0001
vn -0.0001 0.7098 -0.7045
vn 0.0001 0.7059 -0.7084
vn -0.0000 0.7059 -0.7084
vn 0.0000 1.0000 -0.0008
vn 0.0000 -0.7037 0.7105
vn -0.0001 -0.7089 -0.7053
vn -0.0000 0.7146 0.6995
vn -0.0000 0.7025 0.7117
vn 0.0001 1.0000 0.0013
vn -0.0000 0.6991 -0.7150
vn -0.0065 -0.7071 -0.7070
vn 0.0074 -0.7072 0.7070
vn 0.7204 0.6936 0.0000
vn 0.7204 -0.6935 -0.0000
vn 0.7194 -0.6946 -0.0000
vn 0.7196 -0.6944 0.0000
vn 0.7204 -0.6936 -0.0000
vn 0.7204 0.6935 -0.0000
vn -0.0000 0.0025 1.0000
vn -0.0000 0.7059 0.7083
vn -0.0000 0.6966 -0.7175
vn -0.7018 -0.7124 0.0000
vn -0.0000 0.7075 0.7068
vn -0.0002 -0.7150 0.6992
vn 0.7023 -0.7119 0.0004
vn 0.7109 -0.7033 0.0000
vn 0.0003 -0.7024 0.7118
vn -0.7045 0.7097 0.0000
vn 0.0000 -1.0000 -0.0008
vn -0.0003 -0.7071 0.7071
vn 0.0000 -0.7004 0.7138
vn -0.7067 -0.7075 0.0000
vn -0.0099 0.9669 0.2551
vn -0.0085 0.6915 0.7223
vn -0.0000 0.7146 -0.6995
vn -0.6939 0.7201 0.0000
vn -0.7057 -0.7085 -0.0008
vn -0.7202 -0.6937 -0.0010
vn -0.7153 0.6988 -0.0001
vn 0.6860 0.7276 0.0000
vn 0.0001 0.7018 -0.7124
vn 0.7070 0.7072 -0.0000
vn 0.0000 -0.7036 0.7106
vn 0.0002 -0.7072 0.7070
vn 0.7160 0.6981 0.0000
vn -0.0000 0.7108 0.7034
vn -0.0001 0.7108 0.7034
vn -0.0000 0.7054 -0.7088
vn 0.7052 0.7090 -0.0000
vn -0.0000 0.7059 -0.7083
vn -0.7025 0.7116 0.0000
vn -0.7124 -0.7018 0.0000
vn -0.7060 -0.7082 -0.0001
vn -0.0000 0.7008 -0.7134
vn -0.0002 0.7008 -0.7134
vn 0.7017 -0.7125 0.0000
vn -0.7124 0.7018 0.0000
vn -0.5896 0.8077 0.0001
vn -0.6971 0.7170 0.0000
vn 0.7045 0.7097 0.0006
vn 0.7422 -0.6702 0.0000
vn 0.6860 -0.7276 -0.0001
vn 0.6954 -0.7184 -0.0179
vn -0.6888 0.7250 0.0000
vn 0.7057 0.7085 -0.0000
vn 0.0007 0.6990 0.7151
vn -0.7069 0.7073 -0.0002
vn -0.7090 -0.7052 -0.0001
vn 0.7105 0.7037 0.0000
vn 0.7108 0.7034 0.0000
vn -0.7116 0.7025 0.0000
vn 0.0000 -0.7054 0.7088
vn -0.0001 -0.7071 0.7071
vn 0.7166 0.6975 0.0000
vn -0.0000 0.7072 0.7071
vn -0.6888 -0.7250 0.0000
vn 0.6888 -0.7250 0.0000
vn 0.0001 -0.7083 0.7059
vn -0.6860 -0.7276 0.0000
vn -0.8050 -0.5836 0.1070
vn -0.0001 0.7108 -0.7034
vn 0.0000 -0.7152 -0.6989
vn 0.0002 -0.7152 -0.6989
vn -0.0000 0.7108 -0.7034
vn -0.0000 0.7117 -0.7025
vn 0.0002 0.7118 -0.7024
vn 0.7047 -0.7095 -0.0000
vn 1.0000 0.0013 0.0000
vn 0.7116 0.7025 0.0000
vn 0.0000 0.7120 -0.7022
vn 0.6888 0.7250 0.0000
vn -0.7126 0.7016 0.0015
vn 0.0001 -0.7018 -0.7124
vn 0.7056 -0.7086 -0.0001
vn 0.7055 -0.7087 -0.0002
vn 0.7006 -0.7136 -0.0002
vn -0.0001 0.7034 0.7108
vn -0.0000 0.7034 0.7108
vn -0.0000 0.7005 -0.7137
vn -0.7228 -0.6910 0.0009
vn -0.7181 -0.6960 0.0008
vn -0.6975 0.7166 0.0000
vn 0.7074 -0.7068 -0.0002
vn -0.0001 0.7035 0.7107
vn -0.7157 -0.6984 -0.0014
vn -0.7110 -0.7032 -0.0000
vn -0.0000 0.6459 0.7634
vn -0.0000 0.7029 0.7113
vn 0.0000 -0.6459 -0.7634
vn -0.0000 -0.7029 -0.7113
vn 0.0000 -0.6461 -0.7633
vn 0.0000 -0.7259 -0.6878
vn 0.0003 0.7026 0.7116
vn -0.0000 0.7026 0.7116
vn -0.7006 -0.7136 0.0002
vn -0.7055 0.7087 0.0001
vn 0.6905 -0.7233 -0.0005
vn 0.7088 0.7054 -0.0019
vn 0.7097 0.7045 -0.0021
vn -0.6988 0.7153 -0.0003
vn 0.7088 -0.7054 0.0000
vn -0.7124 -0.7018 0.0013
vn 0.7016 -0.7125 0.0000
vn -0.0000 -0.7157 -0.6984
vn -0.0000 0.7082 -0.7060
vn -0.7066 0.7076 -0.0000
vn -0.7108 0.7034 0.0006
vn -0.7092 0.7050 0.0000
vn 0.0000 -0.7087 -0.7055
vn -0.7157 -0.6984 -0.0002
vn -0.7042 -0.7100 0.0000
vn -0.7042 -0.7100 0.0001
vn -0.7157 -0.6984 0.0000
vn -0.6990 0.7150 0.0105
vn -0.6932 0.7207 0.0106
vn -0.7220 0.6917 -0.0165
vn -0.7070 0.7072 -0.0016
vn -0.7050 0.7092 -0.0009
vn -0.5755 0.5821 -0.5744
vn -0.5756 -0.5817 -0.5747
vn -0.5771 -0.5784 -0.5765
vn -0.5769 0.5786 -0.5766
vn -0.7071 -0.0000 0.7072
vn -0.5778 0.5790 0.5753
vn -0.5775 0.5778 0.5767
vn -0.5771 0.5798 -0.5752
vn -0.5742 -0.5836 -0.5742
vn -0.5770 -0.5781 -0.5769
vn -0.5773 0.5777 -0.5770
vn -0.5830 -0.5747 0.5743
vn -0.5777 -0.5791 0.5752
vn -0.5775 -0.5778 0.5768
vn -0.5788 -0.5766 0.5766
vn -0.6999 -0.7143 0.0000
vn 0.6999 -0.7143 0.0000
vn 0.7178 -0.6962 0.0000
vn 0.7178 0.6962 0.0000
vn 0.7178 -0.6962 -0.0002
vn -0.7024 0.7118 0.0000
vn -0.5748 -0.5755 -0.5818
vn -0.5767 -0.5769 -0.5785
vn -0.5767 -0.5769 0.5785
vn -0.5748 -0.5755 0.5817
vn -0.7128 0.7013 0.0001
vn -0.7128 0.7013 0.0000
vn -0.7022 0.0000 -0.7120
vn 0.6956 -0.0000 -0.7184
vn -0.7021 0.0000 -0.7120
vn -0.5743 -0.5830 0.5747
vn -0.5752 -0.5777 0.5791
vn -0.5768 -0.5775 0.5778
vn -0.5766 -0.5788 0.5767
vn 0.7087 0.0000 0.7055
vn 0.6956 0.0000 0.7184
vn 0.6956 -0.0002 0.7184
vn 0.7085 -0.7057 0.0000
vn -0.7028 -0.7114 0.0000
vn -0.7143 -0.6999 0.0000
vn -0.7143 -0.6999 -0.0003
vn -0.7082 0.7060 0.0000
vn -0.7052 0.7090 -0.0002
vn -0.7024 -0.7118 0.0000
vn -0.7024 -0.7118 0.0001
vn -0.5753 -0.5778 -0.5790
vn -0.5743 -0.5832 -0.5745
vn -0.5764 -0.5789 -0.5767
vn -0.5768 -0.5775 -0.5778
vn 0.0000 0.6956 0.7184
vn -0.0000 0.7088 0.7055
vn 0.5797 0.5733 -0.5790
vn 0.5779 -0.5752 -0.5790
vn 0.5780 -0.5748 -0.5792
vn 0.5801 0.5724 -0.5795
vn 0.6984 -0.7157 0.0000
vn -0.7013 -0.7128 -0.0000
vn 0.6943 0.7197 0.0000
vn 0.6943 0.7197 0.0003
vn -0.7072 -0.7071 0.0000
vn -0.0000 0.7087 -0.7055
vn -0.7087 0.0000 -0.7055
vn 0.5742 -0.5787 -0.5792
vn -0.5741 -0.5787 -0.5792
vn -0.5736 -0.5789 -0.5795
vn 0.5736 -0.5789 -0.5795
vn -0.0002 0.6956 -0.7184
vn 0.0000 0.6956 -0.7184
vn 0.0000 -0.7022 -0.7120
vn 0.7171 0.6970 0.0000
vn 0.6955 -0.7185 -0.0002
vn 0.6955 -0.7185 0.0000
vn -0.7024 0.7118 -0.0002
vn -0.7022 -0.0000 0.7120
vn 0.5777 -0.5752 0.5791
vn 0.5775 -0.5768 0.5778
vn -0.7183 0.6957 -0.0000
vn -0.7003 0.7139 0.0000
vn -0.7003 0.7139 -0.0001
vn 0.5783 -0.5781 -0.5756
vn 0.5743 -0.5836 -0.5741
vn 0.5769 -0.5782 -0.5770
vn 0.5775 -0.5774 -0.5772
vn 0.7100 -0.7042 0.0001
vn 0.7100 -0.7042 0.0000
vn 0.7028 0.7114 0.0001
vn 0.7028 0.7114 0.0000
vn -0.6970 0.7171 0.0000
vn -0.5753 0.5778 -0.5790
vn -0.5768 0.5775 -0.5778
vn -0.5765 0.5789 -0.5767
vn -0.5744 0.5831 -0.5745
vn -0.7051 0.7091 -0.0001
vn -0.7051 0.7091 0.0000
vn 0.7024 0.7118 0.0004
vn 0.7024 0.7118 0.0000
vn -0.6956 -0.0000 -0.7184
vn 0.7022 0.0000 -0.7120
vn 0.7021 0.0000 -0.7120
vn -0.7013 0.7128 0.0002
vn -0.7013 0.7128 0.0000
vn -0.0002 0.6972 0.7169
vn -0.0000 0.7082 0.7060
vn 0.0000 0.6972 0.7169
vn 0.0000 -0.7088 0.7055
vn 0.7066 0.7076 0.0000
vn 0.7108 0.7034 -0.0003
vn 0.7066 0.7076 0.0001
vn 0.7042 -0.7100 0.0000
vn -0.6955 -0.7185 -0.0000
vn 0.7042 -0.7100 -0.0001
vn -0.7104 -0.7038 -0.0001
vn -0.7105 -0.7037 0.0000
vn -0.7104 0.7038 -0.0000
vn -0.7105 0.7037 0.0000
vn -0.7093 -0.7049 0.0000
vn -0.6919 -0.7220 0.0000
vn -0.6919 -0.7220 -0.0002
vn 0.5771 0.5798 0.5752
vn 0.5742 -0.5836 0.5742
vn 0.5770 -0.5781 0.5769
vn 0.5773 0.5777 0.5770
vn -0.5820 0.5752 0.5748
vn 0.5820 0.5752 0.5748
vn 0.5812 0.5755 0.5753
vn -0.5812 0.5756 0.5753
vn 0.7094 -0.7049 -0.0000
vn 0.7097 -0.7045 0.0000
vn 0.7027 -0.7115 -0.0001
vn 0.7027 -0.7115 0.0000
vn 0.7097 -0.7045 -0.0001
vn -0.5831 0.5745 0.5744
vn -0.5789 0.5767 0.5765
vn -0.5775 0.5778 0.5768
vn -0.7016 0.7125 -0.0001
vn -0.7016 0.7125 0.0000
vn 0.7185 -0.6955 -0.0003
vn 0.7185 -0.6955 0.0000
vn -0.5830 -0.5748 0.5743
vn 0.5755 0.5821 0.5744
vn 0.5756 -0.5817 0.5747
vn 0.5771 -0.5784 0.5765
vn 0.5769 0.5786 0.5766
vn 0.7085 0.7057 0.0000
vn -0.5773 -0.5774 0.5774
vn -0.5773 -0.5773 0.5774
vn -0.7021 -0.0000 0.7120
vn 0.7006 -0.7136 0.0000
vn 0.7051 -0.7091 0.0000
vn 0.7105 -0.7037 0.0000
vn 0.7104 -0.7038 -0.0000
vn 0.6977 0.7164 0.0000
vn 0.7009 0.7132 0.0001
vn -0.6970 0.7171 -0.0002
vn -0.7024 -0.7118 0.0002
vn 0.7051 -0.7091 0.0001
vn -0.5751 -0.5776 -0.5793
vn -0.5747 -0.5777 -0.5796
vn 0.5725 -0.5801 -0.5794
vn 0.5735 -0.5796 -0.5789
vn -0.7021 0.7120 0.0000
vn -0.7152 0.6989 0.0000
vn -0.7152 0.6989 0.0001
vn 0.5799 0.5730 -0.5791
vn 0.5773 -0.5773 -0.5774
vn 0.5781 -0.5754 -0.5786
vn 0.5801 0.5726 -0.5793
vn 0.0000 0.7022 -0.7120
vn 0.0002 -0.6956 -0.7184
vn 0.0000 -0.6956 -0.7184
vn 0.0001 0.7021 -0.7120
vn -0.0000 0.7088 -0.7055
vn 0.7143 -0.6999 0.0001
vn 0.7028 -0.7114 0.0000
vn 0.7143 -0.6999 0.0000
vn -0.0000 0.7022 0.7120
vn 0.0000 -0.6956 0.7184
vn -0.0000 0.7021 0.7120
vn 0.5813 0.5756 -0.5752
vn -0.5815 0.5755 -0.5750
vn -0.5779 0.5770 -0.5771
vn 0.5779 0.5771 -0.5771
vn 0.7087 -0.0000 -0.7055
vn 0.7178 0.6962 0.0002
vn 0.0000 -0.7023 -0.7119
vn -0.7085 0.7057 0.0000
vn 0.6911 0.7227 -0.0000
vn 0.7094 0.7049 0.0000
vn 0.0000 -0.7022 0.7120
vn 0.0001 0.6956 0.7184
vn -0.7087 -0.0000 0.7055
vn 0.5836 0.5743 -0.5741
vn -0.5795 0.5772 -0.5754
vn -0.5776 0.5773 -0.5771
vn 0.5782 0.5770 -0.5769
vn 0.7051 0.7091 0.0001
vn 0.7051 0.7091 0.0000
vn -0.5756 0.5813 0.5752
vn -0.5771 0.5779 0.5771
vn -0.5770 -0.5779 0.5771
vn -0.5755 -0.5815 0.5750
vn 0.7114 0.7028 -0.0001
vn 0.6999 0.7143 0.0000
vn 0.7114 0.7028 0.0000
vn 0.7128 -0.7013 0.0000
vn 0.7157 0.6984 -0.0002
vn 0.7157 0.6984 0.0000
vn -0.6919 0.7220 -0.0002
vn -0.6919 0.7220 0.0000
vn 0.5769 0.5756 -0.5795
vn 0.5770 0.5759 -0.5791
vn 0.7072 0.0000 -0.7070
vn -0.7028 0.7114 0.0000
vn 0.6970 0.7171 -0.0002
vn 0.6970 0.7171 0.0000
vn -0.7152 -0.0000 -0.6989
vn 0.7114 -0.7028 0.0000
vn -0.0000 0.7191 0.6949
vn 0.0000 -0.7153 -0.6989
vn -0.0000 -0.7153 0.6989
vn -0.7161 0.6980 0.0000
vn -0.7161 0.6980 -0.0001
vn -0.6999 0.7143 0.0000
vn -0.7114 0.7028 0.0000
vn -0.7092 -0.7050 0.0000
vn 0.5804 0.5763 0.5753
vn 0.5755 0.5818 0.5748
vn 0.5768 0.5785 0.5767
vn 0.5782 0.5770 0.5768
vn 0.7185 0.6955 0.0000
vn -0.7183 0.6957 0.0001
vn 0.7071 0.0000 -0.7071
vn -0.0000 0.7088 0.7054
vn -0.0002 0.7088 0.7054
vn 0.0000 -0.7108 0.7034
vn 0.7024 -0.7118 0.0000
vn -0.7051 -0.7091 -0.0001
vn -0.7051 -0.7091 0.0000
vn -0.5776 0.5792 -0.5752
vn -0.7070 0.0000 -0.7072
vn -0.5774 0.5777 -0.5770
vn 0.6943 -0.7197 0.0000
vn 0.6943 -0.7197 -0.0001
vn -0.5773 0.5773 -0.5774
vn -0.5774 0.5773 -0.5774
vn -0.5773 0.5774 -0.5774
vn -0.5750 0.5777 -0.5793
vn -0.5745 0.5778 -0.5797
vn -0.5791 0.5736 -0.5793
vn -0.5788 0.5745 -0.5788
vn -0.5754 0.5804 -0.5762
vn -0.5744 0.5755 -0.5821
vn -0.5766 0.5769 -0.5786
vn -0.5771 0.5782 -0.5768
vn -0.5747 0.5756 0.5817
vn -0.5756 0.5799 0.5765
vn -0.5771 0.5779 0.5770
vn -0.5765 0.5771 0.5784
vn -0.5789 -0.5778 0.5753
vn -0.5746 -0.5825 0.5749
vn -0.5769 -0.5780 0.5772
vn -0.5776 -0.5776 0.5769
vn 0.5773 0.5773 0.5774
vn 0.5773 0.5774 0.5774
vn 0.5774 0.5773 0.5774
vn 0.5836 -0.5742 -0.5742
vn 0.5781 -0.5770 -0.5769
vn -0.7071 -0.0000 0.7071
vn 0.5774 -0.5774 0.5773
vn 0.5774 -0.5773 0.5774
vn -0.5774 -0.5773 0.5774
vn 0.5773 0.5774 0.5773
vn 0.5774 0.5773 0.5773
vn 0.5773 -0.5773 0.5774
vn -0.5773 0.5773 0.5774
vn -0.5773 0.5774 0.5773
vn -0.5774 0.5774 0.5773
vn -0.5774 0.5773 0.5773
vn 0.5774 -0.5773 0.5773
vn -0.5773 -0.5774 0.5773
vn -0.0000 0.7152 -0.6989
vn -0.0000 0.7152 0.6989
vn -0.5751 0.5822 -0.5747
vn -0.5771 0.5780 -0.5770
vn 0.5781 0.5783 -0.5756
vn 0.5774 0.5775 -0.5772
vn 0.7104 -0.7038 0.0001
vn 0.7013 0.7128 -0.0000
vn 0.7128 0.7013 0.0000
vn -0.5832 0.5745 0.5743
vn 0.5804 0.5762 0.5755
vn 0.5782 0.5768 0.5771
vn -0.5789 0.5767 0.5764
vn -0.5804 0.5762 -0.5755
vn -0.5782 0.5768 -0.5771
vn -0.5809 0.5761 0.5750
vn 0.5824 0.5747 0.5749
vn -0.5780 0.5773 0.5768
vn -0.5743 -0.5830 0.5748
vn 0.5792 0.5776 -0.5752
vn -0.0000 0.7070 -0.7072
vn 0.5777 0.5774 -0.5770
vn 0.7088 0.0000 0.7055
vn 0.5777 -0.5791 -0.5752
vn 0.7071 0.0000 -0.7072
vn 0.5775 -0.5778 -0.5768
vn 0.5782 0.5770 0.5769
vn 0.5830 0.5743 0.5747
vn 0.5788 0.5766 0.5766
vn 0.5775 0.5768 0.5778
vn 0.5777 0.5752 0.5791
vn 0.5802 -0.5765 0.5753
vn 0.5780 -0.5771 0.5770
vn -0.7027 -0.7115 0.0000
vn -0.7097 -0.7045 0.0001
vn -0.7097 -0.7045 0.0000
vn 0.5774 0.5774 0.5773
vn -0.5774 0.5773 0.5774
vn -0.7143 0.6999 0.0000
vn -0.7143 0.6999 0.0001
vn 0.7098 -0.7044 -0.0002
vn -0.7082 -0.7060 0.0000
vn -0.7082 -0.7060 0.0001
vn 0.7098 -0.7044 0.0000
vn 0.7185 0.6955 0.0002
vn 0.5831 0.5744 -0.5745
vn 0.5789 0.5765 -0.5767
vn -0.5782 0.5768 -0.5770
vn -0.5804 0.5753 -0.5763
vn 0.5764 0.5807 0.5749
vn 0.5766 0.5801 0.5754
vn -0.7185 0.6955 0.0000
vn -0.7185 0.6955 0.0002
vn 0.7071 0.7072 -0.0000
vn 0.5778 0.5790 -0.5753
vn 0.5775 0.5778 -0.5768
vn 0.5744 0.5755 -0.5821
vn 0.5766 0.5769 -0.5786
vn 0.5765 0.5771 0.5784
vn 0.5747 0.5756 0.5817
vn -0.7152 0.0000 0.6989
vn -0.7016 -0.7125 0.0001
vn -0.5772 -0.5795 -0.5754
vn -0.5822 -0.5751 -0.5747
vn -0.5780 -0.5771 -0.5770
vn -0.5773 -0.5776 -0.5771
vn 0.5801 -0.5769 -0.5751
vn 0.5756 -0.5813 -0.5752
vn 0.5771 -0.5779 -0.5771
vn 0.5777 -0.5775 -0.5769
vn 0.7088 -0.7055 -0.0000
vn -0.5751 -0.5822 0.5747
vn -0.5761 0.5808 0.5751
vn -0.5772 0.5778 0.5771
vn -0.5771 -0.5780 0.5770
vn 0.5768 -0.5775 -0.5778
vn 0.5753 -0.5778 -0.5790
vn 0.7072 -0.7071 -0.0000
vn -0.7104 0.7038 0.0001
vn 0.7006 0.7136 0.0000
vn -0.5799 -0.5765 -0.5756
vn 0.5830 -0.5748 -0.5743
vn 0.5788 -0.5766 -0.5766
vn -0.5779 -0.5770 -0.5771
vn -0.7100 -0.7042 -0.0001
vn -0.7100 -0.7042 0.0000
vn 0.5809 -0.5761 0.5750
vn -0.5824 -0.5747 0.5749
vn -0.5782 -0.5768 0.5771
vn 0.5780 -0.5773 0.5768
vn 0.0002 0.7152 -0.6989
vn -0.0001 0.7021 -0.7120
vn 0.6912 -0.7227 0.0000
vn -0.7003 -0.7139 0.0002
vn -0.7003 -0.7139 0.0000
vn 0.7104 0.7038 -0.0002
vn 0.5768 -0.5758 -0.5795
vn 0.5769 -0.5760 -0.5792
vn 0.5831 0.5745 -0.5743
vn 0.5789 0.5768 -0.5764
vn -0.5755 0.5748 -0.5818
vn -0.5769 0.5767 -0.5785
vn -0.5769 0.5767 0.5785
vn -0.5755 0.5748 0.5817
vn -0.0000 0.7070 0.7072
vn 0.5789 0.5778 0.5753
vn 0.5776 0.5776 0.5769
vn -0.5756 -0.5747 0.5817
vn -0.5799 -0.5756 0.5765
vn -0.5779 -0.5771 0.5771
vn -0.5771 -0.5765 0.5784
vn -0.5804 -0.5755 -0.5762
vn -0.5755 -0.5744 -0.5821
vn -0.5769 -0.5766 -0.5786
vn -0.5782 -0.5771 -0.5768
vn 0.5744 0.5830 -0.5746
vn 0.5767 0.5782 -0.5771
vn 0.7138 -0.7004 0.0000
vn 0.7138 -0.7004 -0.0003
vn 0.6911 -0.7227 0.0000
vn 0.6911 -0.7227 -0.0002
vn -0.5761 -0.5808 -0.5751
vn -0.5772 -0.5778 -0.5771
vn -0.0000 0.7075 -0.7067
vn 0.5757 0.5768 -0.5796
vn -0.5766 0.5804 -0.5750
vn -0.5744 -0.5830 -0.5746
vn -0.5767 -0.5782 -0.5771
vn -0.5773 0.5779 -0.5769
vn -0.0001 0.7152 0.6989
vn -0.6919 -0.7220 0.0002
vn -0.5830 -0.5747 -0.5743
vn -0.5788 -0.5766 -0.5766
vn -0.5775 -0.5778 -0.5768
vn -0.5777 -0.5791 -0.5752
vn -0.6956 0.0002 0.7184
vn -0.6956 -0.0000 0.7184
vn 0.7022 -0.0001 0.7120
vn 0.7022 0.0000 0.7120
vn -0.7100 0.7042 0.0000
vn -0.7185 -0.6955 0.0000
vn -0.7100 0.7042 0.0001
vn -0.5792 -0.5776 -0.5752
vn -0.5777 -0.5774 -0.5770
vn 0.5761 -0.5809 -0.5750
vn 0.5747 0.5824 -0.5749
vn 0.5768 0.5782 -0.5771
vn 0.5773 -0.5779 -0.5768
vn 0.5743 -0.5832 -0.5745
vn 0.5764 -0.5789 -0.5767
vn 0.5771 0.5782 -0.5768
vn 0.5755 0.5804 -0.5762
vn 0.0002 -0.7153 0.6989
vn 0.5795 0.5772 0.5754
vn 0.5751 0.5822 0.5747
vn 0.5771 0.5780 0.5770
vn 0.5776 0.5773 0.5771
vn 0.7042 0.7100 0.0000
vn -0.6955 0.7185 -0.0002
vn -0.6955 0.7185 0.0000
vn 0.7042 0.7100 0.0001
vn 0.5832 -0.5743 -0.5745
vn 0.5789 -0.5764 -0.5768
vn -0.5778 -0.5789 -0.5753
vn -0.5825 -0.5746 -0.5749
vn -0.5780 -0.5769 -0.5772
vn -0.5776 -0.5776 -0.5769
vn 0.5752 -0.5777 0.5791
vn 0.5768 -0.5775 0.5778
vn -0.5781 -0.5783 -0.5756
vn -0.5836 -0.5743 -0.5741
vn -0.5782 -0.5770 -0.5769
vn -0.5774 -0.5775 -0.5772
vn 0.5832 0.5745 -0.5743
vn -0.5804 0.5762 -0.5754
vn 0.5789 0.5767 -0.5764
vn -0.5809 -0.5761 -0.5750
vn 0.5824 -0.5747 -0.5749
vn 0.5782 -0.5768 -0.5771
vn -0.5779 -0.5773 -0.5768
vn 0.5830 -0.5743 0.5747
vn 0.5788 -0.5766 0.5767
vn -0.5743 0.5830 0.5747
vn -0.5766 0.5788 0.5766
vn -0.5768 0.5775 0.5778
vn -0.5752 0.5777 0.5791
vn 0.5799 -0.5765 0.5756
vn 0.5779 -0.5770 0.5771
vn 0.5746 0.5825 0.5749
vn 0.5769 0.5780 0.5772
vn 0.5755 0.5815 -0.5750
vn 0.5770 0.5779 -0.5772
vn -0.7042 0.7100 0.0000
vn 0.6955 0.7185 -0.0000
vn -0.7042 0.7100 -0.0001
vn -0.6984 0.7157 0.0001
vn -0.6984 0.7157 0.0000
vn 0.7013 0.7128 0.0001
vn -0.5775 -0.5768 -0.5778
vn -0.5778 -0.5753 -0.5790
vn 0.5773 0.5774 -0.5774
vn 0.5774 0.5774 -0.5773
vn 0.5773 -0.5774 0.5773
vn 0.5774 -0.5773 -0.5774
vn 0.5773 -0.5774 -0.5773
vn 0.5773 0.5774 -0.5773
vn 0.5804 0.5763 -0.5753
vn 0.5782 0.5770 -0.5768
vn 0.5769 0.5785 -0.5767
vn 0.5755 0.5818 -0.5748
vn 0.7128 -0.7013 0.0001
vn 0.7013 -0.7128 0.0000
vn 0.5773 0.5773 -0.5774
vn -0.5793 -0.5779 0.5748
vn -0.5790 -0.5778 0.5752
vn -0.7114 -0.7028 0.0000
vn -0.7171 0.6970 0.0002
vn -0.7171 0.6970 0.0000
vn -0.6970 -0.7171 -0.0000
vn 0.7028 -0.7114 -0.0001
vn 0.5755 -0.5748 0.5817
vn 0.5769 -0.5767 0.5785
vn 0.5780 -0.5770 0.5771
vn 0.5802 -0.5753 0.5765
vn 0.7143 0.6999 0.0000
vn 0.5778 -0.5753 -0.5790
vn 0.5775 -0.5768 -0.5778
vn 0.0000 -0.7027 -0.7114
vn 0.0000 -0.7137 -0.7004
vn -0.0002 -0.7137 -0.7004
vn -0.7171 -0.6970 0.0000
vn -0.7114 0.7028 0.0001
vn 0.7104 0.7038 0.0000
vn -0.7143 0.6999 0.0003
vn 0.5743 -0.5836 0.5742
vn 0.5748 -0.5825 0.5748
vn -0.7051 -0.7091 0.0002
vn -0.7104 -0.7038 0.0000
vn 0.5822 0.5751 -0.5747
vn -0.5808 0.5761 -0.5751
vn -0.5778 0.5772 -0.5771
vn 0.5780 0.5771 -0.5770
vn 0.7132 0.7010 0.0000
vn -0.6919 0.7220 -0.0005
vn -0.5771 -0.5798 0.5752
vn -0.5742 0.5836 0.5742
vn -0.5770 0.5781 0.5769
vn -0.5773 -0.5777 0.5770
vn 0.7088 -0.0001 -0.7055
vn -0.6919 0.7220 -0.0001
vn 0.5734 0.5796 -0.5789
vn 0.5723 0.5802 -0.5795
vn -0.5830 -0.5743 0.5747
vn 0.5836 -0.5743 0.5741
vn -0.5795 -0.5772 0.5754
vn -0.5776 -0.5773 0.5771
vn 0.5782 -0.5770 0.5769
vn -0.6926 -0.7213 0.0003
vn -0.5774 -0.5774 -0.5773
vn -0.5774 -0.5773 -0.5774
vn 0.5773 -0.5774 -0.5774
vn -0.5774 0.5774 -0.5773
vn -0.5773 -0.5773 -0.5774
vn 0.5774 0.5773 -0.5773
vn 0.5774 0.5773 -0.5774
vn -0.5774 0.5773 -0.5773
vn -0.5773 -0.5774 -0.5773
vn 0.0000 -0.7088 -0.7055
vn -0.0003 -0.6956 -0.7184
vn 0.6911 0.7227 0.0002
vn -0.5768 -0.5782 -0.5770
vn -0.5753 -0.5804 -0.5763
vn 0.5815 -0.5755 -0.5750
vn 0.5766 -0.5804 -0.5750
vn 0.5773 -0.5779 -0.5769
vn 0.5779 -0.5770 -0.5771
vn -0.5778 0.5790 -0.5753
vn -0.5775 0.5778 -0.5768
vn -0.5789 0.5767 -0.5765
vn -0.5831 0.5745 -0.5744
vn -0.7152 0.0001 -0.6989
vn -0.7152 0.0001 0.6989
vn 0.0002 0.6956 0.7184
vn -0.0001 -0.7022 0.7120
vn 0.6956 0.7184 0.0004
vn -0.5761 -0.5809 0.5750
vn -0.5747 0.5824 0.5749
vn -0.5768 0.5782 0.5771
vn -0.5773 -0.5779 0.5768
vn -0.5761 0.5809 -0.5750
vn -0.5747 -0.5824 -0.5749
vn -0.5768 -0.5782 -0.5771
vn -0.5773 0.5779 -0.5768
vn 0.0000 -0.7087 0.7055
vn -0.7045 -0.7097 -0.0002
vn -0.5773 0.5774 -0.5773
vn -0.5774 -0.5773 -0.5773
vn 0.5773 -0.5774 0.5774
vn -0.7161 0.6980 0.0001
vn 0.0000 0.7087 0.7055
vn -0.5755 0.5804 -0.5761
vn -0.5830 -0.5744 -0.5746
vn -0.5782 -0.5767 -0.5771
vn -0.5774 -0.5777 -0.5770
vn -0.5776 -0.5792 -0.5752
vn 0.0001 -0.7022 -0.7120
vn -0.5815 -0.5755 0.5750
vn -0.5766 -0.5804 0.5750
vn -0.5773 -0.5779 0.5769
vn -0.5779 -0.5770 0.5771
vn -0.7031 -0.7111 0.0000
vn -0.7031 -0.7111 -0.0001
vn -0.7138 -0.7004 0.0000
vn -0.7138 -0.7004 0.0002
vn -0.7157 0.6984 0.0000
vn -0.7128 -0.7013 0.0000
vn -0.5779 -0.5773 0.5769
vn -0.5804 -0.5766 0.5750
vn 0.7078 -0.7064 -0.0000
vn -0.7071 -0.0000 -0.7071
vn -0.7161 0.6980 -0.0002
vn 0.7173 -0.6968 0.0001
vn 0.5774 -0.5774 -0.5773
vn -0.5773 -0.5774 -0.5774
vn -0.7161 -0.6980 -0.0001
vn 0.6943 -0.7197 -0.0002
vn -0.7016 -0.7125 -0.0001
vn -0.0000 -1.0000 0.0017
vn -0.7066 -0.7076 0.0011
vn 0.7066 -0.7076 0.0011
vn -0.7088 -0.7054 -0.0036
vn -0.7068 -0.7074 -0.0013
vn 0.1887 0.8169 0.5451
vn 0.7163 0.6977 0.0103
vn 0.7058 0.7084 -0.0010
vn 0.7061 0.7081 -0.0014
vn 0.7242 0.6894 -0.0164
vn -0.7075 0.7067 -0.0002
vn 0.7070 -0.7071 -0.0080
vn 0.7068 -0.7074 -0.0013
vn 0.7088 -0.7054 -0.0036
vn -0.7103 -0.7039 -0.0016
vn -0.5662 -0.8067 0.1693
vn 0.6983 -0.7158 0.0000
vn 0.7103 -0.7039 -0.0016
vn 0.7043 -0.7099 0.0091
vn 0.7013 -0.7128 0.0002
vn -0.7043 -0.7099 0.0091
vn -0.5774 -0.5773 0.5773
vn 0.0001 0.7071 0.7071
vn -0.5773 0.5774 0.5774
vn -0.7185 -0.6955 0.0002
vn 0.5792 -0.5776 0.5752
vn 0.5777 -0.5774 0.5770
vn -0.0000 0.6977 -0.7164
vn 0.0002 0.6977 -0.7164
vn -0.7183 -0.6957 0.0000
vn -0.7183 -0.6957 -0.0002
vn -0.5779 -0.5752 -0.5790
vn -0.5780 -0.5748 -0.5793
vn 0.5836 0.5742 0.5742
vn 0.5783 0.5781 0.5756
vn 0.5775 0.5774 0.5772
vn 0.5781 0.5770 0.5769
vn 0.7021 0.0000 0.7120
vn -0.6956 -0.0001 0.7184
vn 0.6912 0.7227 0.0003
vn 0.6912 0.7227 0.0000
vn 0.5755 -0.5817 0.5748
vn 0.5769 -0.5785 0.5767
vn 0.7152 -0.6989 -0.0000
vn 0.7152 0.6989 0.0000
vn 0.5825 0.5746 0.5749
vn 0.5780 0.5769 0.5772
vn -0.5777 0.5775 0.5769
vn -0.5801 0.5769 0.5751
vn 0.5831 0.5745 -0.5744
vn -0.5804 0.5763 -0.5753
vn -0.5782 0.5770 -0.5768
vn 0.5789 0.5767 -0.5765
vn -0.5781 0.5783 0.5756
vn -0.5774 0.5775 0.5772
vn 0.5769 0.5801 -0.5751
vn 0.5775 0.5777 -0.5769
vn -0.7132 0.7010 0.0000
vn 0.5756 0.5799 0.5765
vn 0.5771 0.5779 0.5770
vn 0.5766 -0.5788 0.5767
vn 0.5743 -0.5830 0.5748
vn 0.5830 -0.5747 -0.5743
vn -0.5825 0.5746 -0.5749
vn -0.5780 0.5769 -0.5772
vn 0.5777 0.5775 -0.5769
vn 0.5801 0.5769 -0.5751
vn -0.5831 -0.5744 -0.5745
vn -0.5789 -0.5765 -0.5767
vn 0.5782 -0.5768 -0.5770
vn 0.5804 -0.5753 -0.5763
vn -0.5769 0.5801 0.5751
vn -0.5813 0.5756 0.5752
vn -0.5779 0.5771 0.5771
vn -0.5775 0.5777 0.5769
vn 0.5830 0.5744 0.5746
vn 0.5776 0.5792 0.5752
vn 0.5774 0.5777 0.5770
vn 0.5782 0.5767 0.5771
vn -0.7152 -0.6989 0.0000
vn 0.5769 -0.5785 -0.5767
vn 0.5755 -0.5817 -0.5748
vn -0.7185 0.6955 -0.0003
vn 0.7157 -0.6984 0.0002
vn 0.7157 -0.6984 0.0000
vn 0.5766 0.5804 0.5750
vn 0.5744 -0.5830 0.5746
vn 0.5767 -0.5782 0.5771
vn 0.5773 0.5779 0.5769
vn -0.5755 0.5815 0.5750
vn -0.5804 0.5766 0.5750
vn -0.5779 0.5773 0.5769
vn -0.5770 0.5779 0.5771
vn 0.5769 -0.5801 0.5751
vn 0.5813 -0.5756 0.5752
vn 0.5779 -0.5771 0.5771
vn 0.5775 -0.5777 0.5769
vn 0.5794 -0.5779 0.5748
vn 0.5790 -0.5778 0.5753
vn -0.7052 -0.7090 0.0002
vn -0.7052 -0.7090 0.0000
vn 0.5771 -0.5798 -0.5752
vn 0.5773 -0.5777 -0.5770
vn -0.7157 0.6984 0.0002
vn 0.6970 0.7171 0.0004
vn 0.5747 -0.5824 0.5749
vn 0.5798 -0.5771 0.5752
vn 0.5777 -0.5773 0.5770
vn 0.5768 -0.5782 0.5771
vn 0.5802 -0.5765 -0.5753
vn 0.5780 -0.5771 -0.5770
vn -0.5802 0.5753 0.5765
vn -0.5780 0.5770 0.5771
vn -0.5743 -0.5835 0.5742
vn -0.5748 -0.5825 0.5747
vn 0.5795 -0.5772 -0.5754
vn 0.5751 -0.5822 -0.5747
vn 0.5771 -0.5780 -0.5770
vn 0.5776 -0.5773 -0.5771
vn 0.5778 -0.5789 0.5753
vn 0.5825 -0.5746 0.5749
vn 0.5780 -0.5769 0.5772
vn 0.5776 -0.5776 0.5769
vn -0.5753 -0.5802 0.5765
vn -0.5770 -0.5780 0.5771
vn -0.5802 -0.5765 -0.5753
vn -0.5798 0.5771 0.5752
vn -0.5777 0.5773 0.5770
vn -0.5830 0.5744 -0.5746
vn -0.5782 0.5767 -0.5771
vn 0.0000 -0.7032 0.7110
vn -0.7072 0.7071 -0.0000
vn -0.5746 0.5825 -0.5749
vn -0.5769 -0.5801 -0.5751
vn -0.5775 -0.5777 -0.5769
vn -0.5769 0.5780 -0.5772
vn -0.7171 -0.6970 -0.0003
vn -0.5813 -0.5756 -0.5752
vn -0.5779 -0.5771 -0.5771
vn -0.5759 0.5767 -0.5795
vn -0.5757 0.5767 -0.5796
vn 0.7100 0.7042 0.0000
vn 0.7100 0.7042 -0.0001
vn -0.5775 -0.5768 0.5778
vn -0.5777 -0.5752 0.5791
vn 0.7171 -0.6970 0.0002
vn 0.7171 -0.6970 0.0000
vn 0.5781 -0.5783 0.5756
vn 0.5774 -0.5775 0.5772
vn -0.7013 -0.7128 0.0001
vn 0.5755 -0.5815 -0.5750
vn 0.5770 -0.5779 -0.5771
vn 0.5779 -0.5773 -0.5769
vn 0.5804 -0.5766 -0.5750
vn 0.5758 0.5768 -0.5794
vn 0.5756 0.5768 -0.5797
vn 0.5774 -0.5773 -0.5773
vn -0.5776 0.5775 -0.5770
vn -0.5776 0.5775 -0.5769
vn -0.5797 0.5733 -0.5790
vn -0.5801 0.5725 -0.5794
vn -0.7183 -0.6957 0.0002
vn 0.6970 -0.7171 -0.0002
vn 0.6970 -0.7171 0.0000
vn -0.5822 0.5751 0.5747
vn 0.5808 0.5761 0.5751
vn 0.5778 0.5772 0.5771
vn -0.5780 0.5771 0.5770
vn -0.7088 -0.0000 0.7055
vn -0.5836 0.5743 0.5741
vn -0.5782 0.5770 0.5769
vn 0.5761 -0.5808 0.5751
vn 0.5772 -0.5778 0.5771
vn -0.0002 -0.7142 0.7000
vn 0.0000 -0.7142 0.7000
vn 0.5771 0.5779 -0.5771
vn 0.5756 0.5813 -0.5752
vn 0.5769 -0.5767 -0.5785
vn 0.5755 -0.5748 -0.5818
vn -0.7085 -0.7057 0.0000
vn -0.5764 0.5807 0.5749
vn -0.5766 0.5801 0.5753
vn -0.5788 -0.5745 -0.5788
vn -0.5791 -0.5737 -0.5792
vn 0.7185 -0.6955 0.0002
vn -0.5789 0.5778 -0.5753
vn -0.5776 0.5776 -0.5769
vn -0.5824 0.5747 -0.5749
vn -0.5744 0.5830 0.5746
vn -0.5792 0.5776 0.5752
vn -0.5777 0.5774 0.5770
vn -0.5767 0.5782 0.5771
vn 0.0001 -0.7022 0.7120
vn -0.5755 0.5818 -0.5748
vn -0.5769 0.5785 -0.5767
vn 0.7152 0.0000 0.6989
vn -0.7022 0.0001 -0.7120
vn -0.5783 -0.5781 0.5756
vn -0.5743 -0.5836 0.5741
vn -0.5770 -0.5782 0.5769
vn -0.5775 -0.5774 0.5772
vn 0.5746 -0.5825 -0.5749
vn 0.5769 -0.5780 -0.5772
vn 0.7024 -0.7118 -0.0002
vn -0.5778 0.5789 -0.5753
vn 0.5804 0.5766 -0.5750
vn 0.5779 0.5773 -0.5769
vn -0.5801 -0.5769 0.5751
vn -0.5756 -0.5813 0.5752
vn -0.5771 -0.5779 0.5771
vn -0.5777 -0.5775 0.5769
vn 0.5778 0.5789 0.5753
vn 0.7070 -0.0000 0.7072
vn 0.5798 0.5771 -0.5752
vn 0.5777 0.5773 -0.5770
vn 0.5772 -0.5795 0.5754
vn 0.5822 -0.5751 0.5747
vn 0.5773 -0.5776 0.5771
vn -0.6956 0.7184 0.0000
vn -0.6956 0.7184 0.0002
vn -0.7088 0.7055 0.0000
vn 0.5830 -0.5744 0.5746
vn 0.5782 -0.5767 0.5771
vn 0.5774 -0.5777 0.5770
vn 0.5776 -0.5792 0.5752
vn -0.5798 -0.5771 -0.5752
vn -0.5777 -0.5773 -0.5770
vn -0.5758 0.5767 -0.5795
vn -0.5836 0.5742 -0.5742
vn -0.5783 0.5781 -0.5756
vn -0.5775 0.5774 -0.5772
vn -0.5781 0.5770 -0.5769
vn -0.0001 -0.7022 -0.7120
vn 0.6984 0.7157 -0.0000
vn 0.5743 0.5836 0.5741
vn 0.5770 0.5782 0.5769
vn 0.6956 0.0004 -0.7184
vn -0.5755 -0.5817 -0.5748
vn -0.5769 -0.5785 -0.5767
vn 0.5809 0.5761 -0.5750
vn 0.5779 0.5773 -0.5768
vn 0.7114 -0.7028 0.0001
vn 0.5789 -0.5778 -0.5753
vn 0.5776 -0.5776 -0.5769
vn 0.5815 0.5755 0.5750
vn 0.5779 0.5770 0.5771
vn -0.5743 0.5836 -0.5741
vn -0.5769 0.5782 -0.5770
vn -0.6956 -0.7184 0.0002
vn -0.6956 -0.7184 0.0000
vn 0.7022 -0.7120 0.0000
vn 0.5761 0.5809 0.5750
vn 0.5773 0.5779 0.5768
vn -0.7183 0.6957 -0.0002
vn 0.7071 0.0000 0.7071
vn 0.0001 0.7021 0.7120
vn 0.5761 0.5808 -0.5751
vn 0.5772 0.5778 -0.5771
vn -0.0002 0.7152 0.6989
vn -0.7104 -0.7038 -0.0002
vn 0.6984 0.7157 0.0002
vn 0.7098 0.7044 0.0000
vn 0.7098 0.7044 0.0001
vn -0.7022 -0.7120 -0.0000
vn -0.7021 -0.7120 0.0000
vn 0.6956 -0.7184 0.0000
vn 0.7173 0.6968 -0.0001
vn -0.6984 -0.7157 0.0000
vn -0.6984 -0.7157 0.0002
vn -0.7114 -0.7028 -0.0001
vn 0.7152 0.0002 0.6989
vn -0.7071 0.0000 -0.7072
vn 0.7067 0.7075 0.0000
vn -0.6977 0.7164 -0.0000
vn -0.7003 -0.7139 0.0001
vn 0.6912 -0.7227 -0.0003
vn 0.7171 0.6970 -0.0003
vn 0.7024 0.7118 0.0002
vn 0.5778 0.5753 -0.5790
vn 0.5775 0.5768 -0.5778
vn -0.7152 0.0002 0.6989
vn -0.5772 0.5795 0.5754
vn -0.5773 0.5776 0.5771
vn 0.0002 0.7045 0.7097
vn -0.0000 0.7045 0.7097
vn 0.7006 0.7136 0.0001
vn 0.5808 -0.5761 -0.5751
vn 0.5778 -0.5772 -0.5771
vn 0.7152 0.0000 -0.6989
vn 0.7152 0.0002 -0.6989
vn 0.5772 0.5795 -0.5754
vn 0.5773 0.5776 -0.5771
vn 0.6984 -0.7157 0.0001
vn 0.7009 -0.7132 0.0001
vn 0.0000 0.7021 -0.7120
vn -0.0000 0.7043 -0.7099
vn -0.0002 0.7043 -0.7099
vn -0.0002 -0.6956 0.7184
vn -0.7028 0.7114 -0.0002
vn -0.7087 -0.7055 0.0001
vn -0.0000 0.7087 -0.7056
vn -0.0001 0.7087 -0.7056
vn 0.0000 -0.7110 -0.7032
vn 0.5742 0.5836 -0.5742
vn 0.5770 0.5781 -0.5769
vn -0.5808 -0.5761 0.5751
vn -0.5778 -0.5772 0.5771
vn 0.7178 0.6962 -0.0001
vn -0.5836 -0.5742 0.5742
vn -0.5781 -0.5770 0.5769
vn 0.7051 -0.7091 -0.0001
vn 0.7102 0.7040 -0.0000
vn 0.7040 0.7102 0.0000
vn -0.7103 0.7039 0.0002
vn -0.7093 -0.7049 -0.0003
vn 0.7028 0.7114 0.0002
vn 0.7082 -0.7060 0.0000
vn -0.7115 -0.7027 0.0003
vn 0.7082 -0.7060 -0.0001
vn -0.7049 -0.7093 -0.0000
vn -0.7027 -0.7115 -0.0002
vn -0.7043 -0.7099 -0.0000
vn 0.7030 -0.7112 0.0000
vn 0.7030 -0.7112 0.0002
vn 0.7114 0.7028 -0.0005
vn 0.7039 -0.7103 0.0000
vn -0.7104 0.7038 -0.0002
vn 0.7049 0.7093 0.0000
vn 0.7038 -0.7104 0.0002
vn 0.7038 -0.7104 0.0000
vn 0.7126 0.7016 0.0000
vn 0.7126 0.7016 -0.0002
vn -0.7113 0.7029 0.0002
vn -0.7113 0.7029 0.0000
vn 0.7015 0.7126 0.0000
vn 0.7087 -0.7056 0.0000
vn -0.7133 -0.7008 0.0002
vn -0.7133 -0.7008 0.0000
vn -0.7099 -0.7043 0.0000
vn -0.7099 -0.7043 -0.0003
vn -0.7008 -0.7133 0.0000
vn -0.7008 -0.7133 -0.0002
vn -0.7118 0.7024 0.0000
usemtl 64,64,64.002
s 1
f 2499/1/1 2498/2/2 2575/3/2 2574/4/3
f 3762/5/4 3904/6/5 3905/7/6 3763/8/7
f 115/9/8 458/10/9 472/11/10 143/12/11
f 36/13/12 37/14/12 25/15/12 26/16/12 34/17/12 35/18/12
f 3567/19/13 3568/20/14 3541/21/15 3540/22/16
f 3723/23/17 3866/24/9 3867/25/18 3724/26/19
f 3608/27/20 3609/28/21 3492/29/22 3491/30/23
f 3644/31/24 3846/32/25 3702/33/26 3645/34/27
f 66/35/28 75/36/29 65/37/9
f 65/37/9 75/36/29 67/38/30
f 65/37/9 67/38/30 64/39/31
f 75/36/29 36/40/32 74/41/33
f 74/41/33 36/40/32 35/42/33
f 74/41/33 35/42/33 73/43/33
f 73/43/33 35/42/33 34/44/33
f 73/43/33 34/44/33 10/45/5
f 73/43/33 10/45/5 72/46/5
f 72/47/5 10/48/5 9/49/5
f 72/47/5 9/49/5 50/50/5
f 72/47/5 50/50/5 71/51/5
f 71/51/5 50/50/5 51/52/5
f 71/51/5 51/52/5 52/53/5
f 53/54/5 54/55/34 52/53/5
f 52/53/5 54/55/34 70/56/35
f 52/53/5 70/56/35 71/51/5
f 54/55/34 55/57/35 70/56/35
f 70/56/35 55/57/35 56/58/36
f 70/56/35 56/58/36 69/59/37
f 69/59/37 57/60/38 58/61/39
f 69/59/37 58/61/39 68/62/40
f 68/62/40 58/61/39 59/63/9
f 68/62/40 59/63/9 60/64/9
f 60/64/9 61/65/41 68/62/40
f 463/66/42 153/67/43 152/68/44 462/69/45
f 122/70/46 160/71/47 39/72/48 49/73/49
f 93/74/50 102/75/51 92/76/35
f 92/76/35 102/75/51 94/77/52
f 92/76/35 94/77/52 91/78/53
f 102/75/51 13/79/54 101/80/9
f 101/80/9 13/79/54 45/81/9
f 101/80/9 45/81/9 100/82/9
f 100/82/9 45/81/9 44/83/9
f 100/82/9 44/83/9 6/84/9
f 100/82/9 6/84/9 99/85/9
f 99/85/9 6/84/9 5/86/9
f 99/85/9 5/86/9 76/87/33
f 99/85/9 76/87/33 98/88/33
f 98/88/33 76/87/33 77/89/33
f 98/88/33 77/89/33 78/90/33
f 79/91/33 80/92/55 78/90/33
f 78/90/33 80/92/55 97/93/56
f 78/90/33 97/93/56 98/88/33
f 80/92/55 81/94/57 97/93/56
f 97/93/56 81/94/57 82/95/58
f 96/96/59 84/97/60 85/98/5
f 96/96/59 85/98/5 95/99/61
f 95/99/61 85/98/5 86/100/62
f 95/99/61 86/100/62 87/101/63
f 87/101/63 88/102/64 95/99/61
f 473/103/65 144/104/66 143/12/11 472/11/10
f 3203/105/67 3202/106/68 3181/107/69 3180/108/70
f 3624/109/9 3625/110/71 3472/111/72 3471/112/9
f 75/113/12 74/114/12 73/115/12 72/116/12 175/117/12 176/118/12 177/119/12 178/120/12 170/121/12 171/122/12 69/123/12 68/124/12 67/125/12
f 48/126/12 47/127/12 46/128/12 66/129/12 65/130/12 64/131/12 118/132/12 119/133/12 120/134/12 121/135/12 122/136/12 49/137/12
f 3953/138/73 3698/139/33 3697/140/74 3952/141/9
f 3051/142/75 3050/143/76 3018/144/76 3017/145/75
f 2504/146/77 2503/147/78 2561/148/78 2569/149/77
f 3839/150/79 3838/151/80 4039/152/80 4038/153/81
f 100/154/12 99/155/12 132/156/12 133/157/12 125/158/12 126/159/12 127/160/12 128/161/12 129/162/12 130/163/12 98/164/12 97/165/12 96/166/12 95/167/12 94/168/12 102/169/12 101/170/12
f 3882/171/82 3739/172/9 3738/173/83 3881/174/84
f 62/175/85 63/176/9 64/39/31 67/38/30
f 2930/177/86 2929/178/87 2992/179/88 2993/180/86
f 3425/181/89 3417/182/90 3318/183/90 3326/184/91
f 150/185/12 151/186/12 143/187/12 144/188/12 140/189/12 141/190/12 142/191/12 134/192/12 135/193/12 136/194/12 137/195/12 148/196/12 149/197/12
f 3869/198/92 3868/199/92 4032/200/92 4033/201/92 4034/202/92 3870/203/92
f 4174/204/93 4166/205/94 4157/206/94 4165/207/93
f 161/208/12 162/209/12 160/210/12 152/211/12 153/212/12 154/213/12 155/214/12 156/215/12 157/216/12 158/217/12 159/218/12 163/219/12 164/220/12 165/221/12 166/222/12 167/223/12 168/224/12 169/225/12
f 4226/226/95 4227/227/96 4110/228/96 4109/229/95
f 4244/230/95 4245/231/96 4092/232/96 4091/233/97
f 3069/234/75 3068/235/76 3004/236/76 3003/237/75
f 3394/238/98 3395/239/99 3350/240/100 3349/241/101
f 4196/242/102 4197/243/103 4134/244/103 4133/245/104
f 2844/246/105 2847/247/106 2848/248/107 2843/249/106
f 3138/250/108 3139/251/109 3127/252/109 3128/253/110
f 2758/254/111 2441/255/111 2440/256/78 2757/257/78
f 2340/258/112 2341/259/90 2344/260/113 2345/261/92
f 3861/262/114 3862/263/115 3717/264/116 3716/265/117
f 4217/266/95 4218/267/118 4119/268/96 4118/269/97
f 200/270/92 201/271/92 202/272/92 248/273/92 249/274/92 250/275/92 251/276/92 252/277/92 253/278/92 254/279/92 255/280/92 256/281/92 275/282/92 276/283/92 277/284/92 278/285/92 279/286/92 280/287/92 281/288/92 282/289/92 283/290/92 190/291/92 189/292/92 238/293/92 230/294/92 231/295/92 232/296/92 233/297/92 264/298/92 265/299/92 257/300/92 258/301/92 259/302/92 260/303/92 261/304/92 262/305/92 263/306/92 234/307/92 235/308/92 236/309/92 237/310/92 204/311/92 205/312/92 206/313/92 207/314/92 208/315/92 209/316/92 210/317/92 211/318/92 203/319/92 188/320/92 187/321/92 186/322/92 192/323/92 193/324/92 194/325/92 195/326/92 225/327/92 226/328/92 227/329/92 228/330/92 229/331/92 214/332/92 215/333/92 216/334/92 217/335/92 218/336/92 219/337/92 220/338/92 212/339/92 300/340/92 301/341/92 293/342/92 294/343/92 295/344/92 296/345/92 297/346/92 291/347/92 292/348/92 284/349/92 285/350/92 286/351/92 287/352/92 246/353/92 247/354/92 239/355/92 240/356/92 241/357/92 242/358/92 243/359/92 198/360/92 199/361/92
f 120/362/119 461/363/35 462/69/45 152/68/44
f 400/364/120 401/365/121 402/366/122 403/367/120
f 511/368/123 503/369/123 504/370/124 510/371/124
f 2352/372/125 2355/373/126 2343/374/127 2342/375/128
f 240/376/129 239/377/130 561/378/131 562/379/129
f 273/380/92 274/381/92 221/382/92 222/383/92 272/384/92
f 173/385/12 174/386/12 175/117/12 72/116/12 71/387/12 70/388/12 69/123/12 171/122/12 172/389/12
f 3803/390/132 3802/391/80 4003/392/80 4002/393/81
f 3599/394/23 3600/395/21 3501/396/21 3500/397/23
f 2529/398/133 2530/399/134 2513/400/135 2512/401/136
f 3105/402/137 3097/403/138 3088/404/138 3089/405/137
f 3735/406/12 3834/407/12 3835/408/12 3734/409/12
f 2442/410/139 2759/411/140 2760/412/141 2443/413/141
f 2902/414/142 2901/415/143 2945/416/144 2946/417/145
f 3875/418/146 3876/419/147 3732/420/148 3731/421/149
f 3811/422/80 3810/423/94 4004/424/94 4012/425/80
f 222/426/129 221/427/150 579/428/151 580/429/129
f 3820/430/80 3819/431/94 4013/432/94 4021/433/80
f 3046/434/152 3045/435/153 3029/436/154 3028/437/152
f 3103/438/109 3104/439/155 3090/440/155 3091/441/109
f 4192/442/156 4184/443/94 4139/444/94 4147/445/156
f 3611/446/157 3612/447/13 3495/448/16 3494/449/157
f 2478/450/158 2477/451/77 2668/452/77 2667/453/158
f 4239/454/159 4240/455/160 4087/456/160 4086/457/159
f 277/458/161 276/459/162 169/460/162 168/461/163
f 3442/462/164 3443/463/165 3308/464/91 3307/465/164
f 3776/466/81 3775/467/80 3976/468/80 3975/469/81
f 2469/470/140 2826/471/140 2827/472/141 2470/473/141
f 225/474/166 224/475/167 582/476/167 583/477/166
f 3232/478/12 3243/479/12 3244/480/12 3245/481/12 3246/482/12 3231/483/12
f 420/484/168 421/485/35 412/486/169 419/487/35
f 2319/488/77 2336/489/170 2339/490/170 2320/491/171
f 3446/492/172 3447/493/173 3294/494/174 3293/495/175
f 63/496/35 459/497/35 118/498/176 64/499/35
f 4205/500/177 4206/501/103 4125/502/103 4124/503/104
f 2498/2/2 2497/504/178 2576/505/178 2575/3/2
f 3438/506/173 3439/507/101 3304/508/101 3303/509/173
f 414/510/179 417/511/35 418/512/180 413/513/35
f 3813/514/181 3812/515/81 4011/516/81 4010/517/181
f 234/307/92 263/306/92 264/298/92 233/297/92
f 2483/518/182 2482/519/183 2663/520/184 2662/521/182
f 499/522/185 515/523/185 507/524/186 498/525/186
f 108/526/187 180/527/33 181/528/188 109/529/5
f 2984/530/189 2983/531/190 2853/532/191 2852/533/192
f 443/534/12 448/535/12 447/536/12 446/537/12 407/538/12 406/539/12 405/540/12 404/541/12 453/542/12 415/543/12 414/544/12 413/545/12 412/546/12 421/547/12 424/548/12 423/549/12 422/550/12 433/551/12 432/552/12 431/553/12 436/554/12 435/555/12 434/556/12 445/557/12 444/558/12
f 3412/559/101 3413/560/99 3332/561/99 3331/562/101
f 3430/563/101 3431/564/99 3314/565/99 3313/566/101
f 497/567/193 495/568/9 494/569/194 496/570/35
f 2455/571/86 2794/572/86 2795/573/195 2456/574/196
f 4194/575/159 4195/576/160 4132/577/160 4131/578/159
f 3842/579/197 3841/580/198 4036/581/199 4035/582/200
f 36/40/32 75/36/29 66/35/28 46/583/201
f 39/72/48 160/71/47 159/584/5
f 122/70/46 121/585/35 160/71/47
f 160/71/47 121/585/35 152/68/44
f 152/68/44 121/585/35 120/362/119
f 2383/586/202 2550/587/202 2549/588/203 2678/589/204 2669/590/205 2384/591/202
f 153/67/43 463/66/42 464/592/35
f 153/67/43 464/592/35 465/593/39
f 465/593/39 466/594/9 153/67/43
f 153/67/43 466/594/9 154/595/206
f 154/595/206 466/594/9 467/596/207
f 154/595/206 469/597/208 155/598/9
f 155/598/9 469/597/208 470/599/9
f 155/598/9 470/599/9 471/600/33
f 455/601/33 112/602/33 471/600/33
f 471/600/33 112/602/33 155/598/9
f 155/598/9 112/602/33 156/603/33
f 156/603/33 112/602/33 111/604/33
f 156/603/33 111/604/33 110/605/33
f 156/603/33 110/605/33 157/606/33
f 157/606/33 110/605/33 18/607/33
f 157/606/33 18/607/33 17/608/33
f 157/606/33 17/608/33 158/609/5
f 158/609/5 17/608/33 41/610/5
f 158/611/5 41/612/5 40/613/5
f 158/611/5 40/613/5 159/584/5
f 159/584/5 40/613/5 39/72/48
f 13/79/54 102/75/51 93/74/50 14/614/209
f 22/615/210 151/616/211 150/617/35
f 117/618/212 116/619/9 151/616/211
f 151/616/211 116/619/9 143/12/11
f 143/12/11 116/619/9 115/9/8
f 2921/620/213 2920/621/78 2940/622/214 2941/623/215
f 61/65/41 62/175/85 67/38/30 68/62/40
f 144/104/66 473/103/65 474/624/216
f 144/104/66 474/624/216 475/625/33
f 475/625/33 476/626/33 144/104/66
f 144/104/66 476/626/33 145/627/217
f 145/627/217 476/626/33 477/628/218
f 82/95/58 83/629/219 84/630/60 96/631/59 97/93/56
f 146/632/220 479/633/221 480/634/222
f 146/632/220 480/634/222 481/635/5
f 179/636/5 107/637/5 481/635/5
f 481/635/5 107/637/5 146/632/220
f 146/632/220 107/637/5 147/638/5
f 147/638/5 107/637/5 106/639/5
f 147/638/5 106/639/5 105/640/5
f 147/638/5 105/640/5 148/641/35
f 148/641/35 105/640/5 2/642/35
f 148/641/35 2/642/35 1/643/35
f 148/641/35 1/643/35 149/644/35
f 149/644/35 1/643/35 43/645/35
f 149/644/35 43/645/35 42/646/35
f 149/644/35 42/646/35 150/617/35
f 150/617/35 42/646/35 22/615/210
f 2647/647/223 2646/648/224 2838/649/224 2837/650/223
f 89/651/12 88/652/12 87/653/12 482/654/12 483/655/12 56/656/12 55/657/12 54/658/12 53/659/12 124/660/12 123/661/12 90/662/12
f 234/663/166 233/664/167 573/665/225 574/666/166
f 3930/667/226 3931/668/227 3670/669/227 3669/670/228
f 485/671/12 82/672/12 81/673/12 80/674/12 79/675/12 181/676/12 180/677/12 179/678/12 481/679/12 480/680/12 479/681/12 484/682/12
f 4027/683/92 3921/684/92 3920/685/92 4026/686/92
f 473/687/12 472/688/12 458/689/12 457/690/12 456/691/12 455/692/12 471/693/12 470/694/12 469/695/12 486/696/12 487/697/12 474/698/12
f 538/699/123 530/700/229 531/701/124 537/702/230
f 4208/703/95 4209/704/231 4128/705/96 4127/706/97
f 448/707/232 449/708/33 450/709/233 447/710/33
f 4169/711/234 4170/712/235 4161/713/235 4160/714/236
f 3828/715/94 3836/716/237 4023/717/237 4022/718/94
f 2473/719/238 2830/720/86 2831/721/239 2474/722/196
f 459/723/12 63/724/12 62/725/12 61/726/12 60/727/12 494/728/12 495/729/12 464/730/12 463/731/12 462/732/12 461/733/12 460/734/12
f 2653/735/240 2652/736/241 2774/737/241 2773/738/240
f 2490/739/242 2489/740/243 2584/741/243 2583/742/242
f 233/664/167 232/743/244 572/744/244 573/665/225
f 549/745/12 550/746/12 551/747/12 543/748/12 526/749/12 525/750/12 533/751/12 532/752/12 531/753/12 530/754/12 529/755/12 528/756/12 527/757/12 544/758/12 545/759/12 546/760/12 547/761/12 548/762/12
f 254/763/245 253/764/246 557/765/246 558/766/245
f 521/767/12 522/768/12 504/769/12 503/770/12 502/771/12 501/772/12 520/773/12
f 2966/774/247 2870/775/248 2869/776/249 2967/777/184
f 236/778/245 235/779/246 575/780/246 576/781/245
f 376/782/250 379/783/251 380/784/252 375/785/251
f 2911/786/253 2910/787/142 2953/788/254 2954/789/255
f 3962/790/256 3957/791/257 3690/792/258 3689/793/256
f 3151/794/259 3152/795/260 3150/796/260 3142/797/259
f 3454/798/261 3283/799/262 3282/800/263 3453/801/263
f 3937/802/264 3938/803/265 3665/804/265 3664/805/266
f 3941/806/267 3662/807/9 3661/808/268 3940/809/35
f 2887/810/186 2888/811/186 2895/812/186 2896/813/186 2897/814/186 2898/815/186 2899/816/186 2900/817/186 2901/818/186 2902/819/186 2903/820/186 2904/821/186 2905/822/186 2906/823/186 2907/824/186 2908/825/186 2909/826/186 2910/827/186 2911/828/186 2912/829/186 2864/830/186 2865/831/186 2866/832/186 2867/833/186 2868/834/186 2869/835/186 2870/836/186 2871/837/186 2872/838/186 2873/839/186 2874/840/186 2875/841/186 2876/842/186 2877/843/186 2878/844/186 2879/845/186 2880/846/186 2881/847/186 2852/848/186 2853/849/186 2854/850/186 2855/851/186 2856/852/186 2857/853/186 2858/854/186 2859/855/186 2860/856/186 2861/857/186 2918/858/186 2919/859/186 2920/860/186 2921/861/186 2922/862/186 2923/863/186 2924/864/186 2925/865/186 2926/866/186 2927/867/186 2928/868/186 2929/869/186 2930/870/186 2850/871/186 2845/872/186 2844/873/186 2843/874/186 2842/875/186 2891/876/186 2892/877/186 2890/878/186 2882/879/186 2883/880/186 2884/881/186 2885/882/186 2886/883/186
f 2926/884/269 2925/885/270 2932/886/271 2933/887/272
f 4237/888/156 4229/889/94 4094/890/94 4102/891/156
f 275/892/186 283/893/273 162/894/273 161/895/186
f 209/896/274 208/897/275 520/898/276 519/899/274
f 2529/900/133 2512/901/136 2349/902/277 2348/903/136
f 3045/435/153 3044/904/278 3030/905/278 3029/436/154
f 184/906/279 185/907/78 186/908/280 187/909/281
f 3259/910/33 3260/911/33 3216/912/33 3215/913/33
f 238/914/282 237/915/283 577/916/283 578/917/282
f 2386/918/186 2387/919/186 2388/920/186 2389/921/186 2390/922/186 2391/923/186 2392/924/186 2393/925/186 2394/926/186 2395/927/186 2396/928/186 2397/929/186 2398/930/186 2399/931/186 2400/932/186 2401/933/186 2402/934/186 2403/935/186 2404/936/186 2405/937/186 2406/938/186 2407/939/186 2408/940/186 2409/941/186 2410/942/186 2411/943/186 2412/944/186 2413/945/186 2414/946/186 2415/947/186 2416/948/186 2417/949/186 2418/950/186 2419/951/186 2420/952/186 2421/953/186 2422/954/186 2423/955/186 2424/956/186 2425/957/186 2426/958/186 2427/959/186 2428/960/186 2429/961/186 2430/962/186 2431/963/186 2432/964/186 2433/965/186 2434/966/186 2435/967/186 2436/968/186 2437/969/186 2438/970/186 2439/971/186 2360/972/186 2361/973/186 2362/974/186 2363/975/186 2364/976/186 2365/977/186 2462/978/186 2463/979/186 2464/980/186 2465/981/186 2466/982/186 2458/983/186 2459/984/186 2460/985/186 2461/986/186 2366/987/186 2447/988/186 2448/989/186 2440/990/186 2441/991/186 2442/992/186 2443/993/186 2444/994/186 2445/995/186 2367/996/186 2368/997/186 2369/998/186 2370/999/186 2371/1000/186 2372/1001/186 2511/1002/186 2503/1003/186 2504/1004/186 2505/1005/186 2515/1006/186 2516/1007/186 2517/1008/186 2518/1009/186 2519/1010/186 2520/1011/186 2521/1012/186 2357/1013/186 2356/1014/186 2315/1015/186 2314/1016/186 2313/1017/186 2312/1018/186 2327/1019/186 2326/1020/186 2470/1021/186 2471/1022/186 2472/1023/186 2473/1024/186 2474/1025/186 2489/1026/186 2490/1027/186 2491/1028/186 2492/1029/186 2493/1030/186 2485/1031/186 2486/1032/186 2487/1033/186 2488/1034/186 2467/1035/186 2468/1036/186 2469/1037/186 2453/1038/186 2454/1039/186 2455/1040/186 2456/1041/186 2457/1042/186 2449/1043/186 2450/1044/186 2451/1045/186 2484/1046/186 2476/1047/186 2477/1048/186 2478/1049/186 2382/1050/186 2383/1051/186 2384/1052/186 2385/1053/186
f 2913/1054/215 2912/1055/78 2956/1056/284 2957/1057/215
f 3890/1058/285 3747/1059/286 3746/1060/287 3889/1061/287
f 178/1062/9 258/1063/9 170/1064/9
f 170/1064/9 258/1063/9 257/1065/186
f 170/1064/9 257/1065/186 171/1066/35
f 171/1067/35 257/1068/186 265/1069/35
f 171/1067/35 265/1069/35 172/1070/35
f 172/1070/35 265/1069/35 264/1071/35
f 172/1070/35 264/1071/35 173/1072/5
f 173/1072/5 264/1071/35 263/1073/5
f 173/1072/5 263/1073/5 174/1074/5
f 174/1074/5 263/1073/5 262/1075/5
f 174/1074/5 262/1075/5 175/1076/33
f 175/1076/33 262/1075/5 261/1077/33
f 175/1076/33 261/1077/33 176/1078/33
f 176/1078/33 261/1077/33 260/1079/33
f 176/1078/33 260/1079/33 177/1080/288
f 177/1080/288 260/1079/33 259/1081/9
f 177/1080/288 259/1081/9 178/1062/9
f 178/1062/9 259/1081/9 258/1063/9
f 2906/1082/289 2905/1083/77 3021/1084/77 3022/1085/289
f 2626/1086/290 2625/1087/241 2805/1088/241 2804/1089/240
f 2652/736/241 2651/1090/78 2766/1091/78 2774/737/241
f 2320/1092/171 2321/1093/190 2318/1094/291 2319/1095/77
f 292/1096/273 291/1097/292 136/1098/293 135/1099/273
f 3097/1100/138 3098/1101/260 3096/1102/260 3088/1103/138
f 3759/1104/12 3805/1105/12 3806/1106/12 3758/1107/12
f 2868/1108/294 2968/1109/106 2967/777/184 2869/776/249
f 4182/1110/231 4183/1111/156 4156/1112/156 4155/1113/96
f 3840/1114/181 3839/150/79 4038/153/81 4037/1115/181
f 3620/1116/295 3621/1117/16 3486/1118/16 3485/1119/295
f 539/1120/296 529/1121/297 530/1122/229 538/1123/123
f 3859/1124/298 3860/1125/299 3715/1126/299 3714/1127/298
f 3912/1128/300 3913/1129/301 3771/1130/302 3770/1131/303
f 3099/1132/304 3100/1133/305 3094/1134/305 3095/1135/304
f 4215/1136/103 4216/1137/306 4117/1138/306 4116/1139/103
f 4241/1140/177 4242/1141/103 4089/1142/103 4088/1143/104
f 360/1144/307 361/1145/308 349/1146/309 348/1147/257
f 2349/1148/277 2350/1149/310 2347/1150/311 2348/1151/136
f 4219/1152/156 4211/1153/94 4112/1154/94 4120/1155/156
f 2428/1156/312 2427/1157/313 2703/1158/313 2704/1159/312
f 3373/1160/314 3374/1161/315 3365/1162/316 3364/1163/314
f 2435/1164/317 2712/1165/136 2706/1166/318 2436/1167/136
f 2915/1168/319 2914/1169/320 2958/1170/320 2959/1171/12
f 396/1172/321 397/1173/33 398/1174/322 395/1175/5
f 4177/1176/160 4178/1177/104 4151/1178/104 4150/1179/160
f 2857/1180/323 2856/1181/324 2980/1182/325 2979/1183/92
f 3618/1184/21 3619/1185/326 3484/1186/326 3483/1187/327
f 4209/704/231 4210/1188/156 4129/1189/156 4128/705/96
f 3639/1190/328 3468/1191/329 3467/1192/330 3638/1193/331
f 4234/1194/332 4235/1195/95 4100/1196/333 4099/1197/306
f 3851/1198/188 3852/1199/334 3853/1200/335 3708/1201/336 3707/1202/337
f 3263/1203/9 3264/1204/9 3228/1205/9 3227/1206/9
f 2889/1207/338 2888/1208/339 3060/1209/340 3059/1210/338
f 3576/1211/13 3577/1212/14 3532/1213/14 3531/1214/16
f 338/1215/12 337/1216/12 336/1217/12 578/1218/12 577/1219/12 576/1220/12
f 227/1221/245 226/1222/246 584/1223/341 585/1224/245
f 3020/1225/342 2904/1226/78 2903/1227/343 2947/1228/78
f 3575/1229/157 3576/1211/13 3531/1214/16 3530/1230/344
f 109/1231/12 78/1232/12 77/1233/12 76/1234/12 5/1235/12 4/1236/12 3/1237/12 2/1238/12 105/1239/12 106/1240/12 107/1241/12 108/1242/12
f 3784/1243/80 3783/1244/94 3977/1245/94 3985/1246/80
f 325/1247/345 326/1248/5 331/1249/346 332/1250/347
f 3907/1251/348 3908/1252/349 3765/1253/349 3764/1254/350
f 2880/1255/78 2879/1256/351 2987/1257/352 2986/1258/78
f 290/1259/353 289/1260/275 138/1261/275 137/1262/274
f 2853/532/191 2983/531/190 2982/1263/354 2854/1264/355
f 3537/1265/92 3538/1266/92 3543/1267/92 3544/1268/92 3532/1269/92 3533/1270/92 3470/1271/92 3462/1272/92 3463/1273/92 3464/1274/92 3477/1275/92 3478/1276/92 3479/1277/92 3471/1278/92 3472/1279/92 3473/1280/92 3474/1281/92 3475/1282/92 3551/1283/92 3540/1284/92 3541/1285/92 3542/1286/92 3534/1287/92 3535/1288/92 3536/1289/92
f 3409/1290/356 3410/1291/175 3329/1292/175 3328/1293/357
f 3846/1294/25 3847/1295/35 3703/1296/358 3702/1297/26
f 2456/574/196 2795/573/195 2796/1298/359 2457/1299/359
f 3233/1300/12 3234/1301/12 3254/1302/12 3255/1303/12 3256/1304/12 3248/1305/12 3249/1306/12
f 362/1307/360 363/1308/361 351/1309/362 350/1310/363
f 410/1311/12 409/1312/12 408/1313/12 451/1314/12 450/1315/12 449/1316/12 442/1317/12 441/1318/12 440/1319/12 439/1320/12 438/1321/12 437/1322/12 430/1323/12 429/1324/12 428/1325/12 490/1326/12 86/1327/12 85/1328/12 84/1329/12 582/1330/12 581/1331/12 580/1332/12 579/1333/12 587/1334/12 586/1335/12 585/1336/12 584/1337/12 583/1338/12 83/1339/12 489/1340/12 488/1341/12 478/1342/12 477/1343/12 476/1344/12 475/1345/12 493/1346/12 561/1347/12 569/1348/12 568/1349/12 567/1350/12 566/1351/12 565/1352/12 564/1353/12 563/1354/12 562/1355/12 593/1356/12 592/1357/12 591/1358/12 306/1359/12 305/1360/12 538/1361/12 537/1362/12
f 4220/1363/94 4221/1364/159 4104/1365/159 4103/1366/94
f 2743/1367/186 2713/1368/186 2705/1369/186 2704/1370/186 2703/1371/186 2682/1372/186 2681/1373/186 2680/1374/186 2679/1375/186 2709/1376/186 2708/1377/186 2707/1378/186 2737/1379/186 2738/1380/186 2739/1381/186 2731/1382/186 2732/1383/186 2733/1384/186 2734/1385/186 2735/1386/186 2736/1387/186 2712/1388/186 2740/1389/186 2741/1390/186 2742/1391/186
f 3849/1392/364 3705/1393/365 3704/1394/366 3848/1395/367
f 3123/1396/137 3115/1397/259 3106/1398/259 3107/1399/137
f 3884/1400/92 3883/1401/92 3882/1402/92 3881/1403/92 3880/1404/92 4013/1405/92 4014/1406/92 4015/1407/92 4016/1408/92 4017/1409/92 4018/1410/92 3887/1411/92 3886/1412/92 3885/1413/92
f 2910/787/142 2909/1414/368 2952/1415/144 2953/788/254
f 3989/1416/92 3990/1417/92 3909/1418/92 3908/1419/92
f 3081/1420/94 3082/1421/94 3083/1422/94 3073/1423/94 3074/1424/94 3066/1425/94 3067/1426/94 3068/1427/94 3063/1428/94 3064/1429/94
f 247/1430/282 246/1431/369 568/1432/369 569/1433/282
f 311/1434/282 312/1435/35 309/1436/370 310/1437/371
f 368/1438/372 316/1439/9 315/1440/373 369/1441/372
f 2438/1442/374 2437/1443/375 2707/1444/375 2708/1445/374
f 2389/1446/376 2388/1447/90 2715/1448/377 2747/1449/378
f 2465/1450/196 2813/1451/196 2814/1452/359 2466/1453/379
f 3605/1454/380 3597/1455/9 3498/1456/9 3506/1457/381
f 230/1458/150 238/914/282 578/917/282 570/1459/150
f 3880/1460/382 3881/174/84 3738/173/83 3737/1461/383
f 250/1462/384 249/1463/129 553/1464/129 554/1465/384
f 2507/1466/2 2506/1467/178 2567/1468/178 2566/1469/2
f 4213/1470/160 4214/1471/177 4115/1472/104 4114/1473/160
f 357/1474/385 358/1475/9 346/1476/386 345/1477/387
f 2454/1478/388 2793/1479/388 2794/572/86 2455/571/86
f 3681/1480/389 3680/1481/5 3922/1482/390 3923/1483/391
f 2872/1484/392 2964/1485/12 2961/1486/393 2873/1487/12
f 2387/1488/394 2386/1489/395 2671/1490/396 2672/1491/90
f 3793/1492/80 3792/1493/94 3986/1494/94 3994/1495/80
f 4184/1496/94 4185/1497/159 4140/1498/159 4139/1499/94
f 4168/1500/397 4169/711/234 4160/714/236 4159/1501/398
f 3782/1502/237 3781/1503/399 3970/1504/400 3969/1505/237
f 190/1506/5 202/1507/401 590/1508/401 191/1509/5
f 3290/1510/402 3461/1511/402 3453/801/263 3282/800/263
f 4232/1512/177 4233/1513/103 4098/1514/103 4097/1515/104
f 2864/1516/403 2863/1517/404 2973/1518/405 2972/1519/403
f 2639/1520/94 2624/1521/94 2625/1522/94 2626/1523/94 2637/1524/94 2638/1525/94
f 2328/1526/406 2329/1527/190 2334/1528/111 2335/1529/407
f 583/1338/12 582/1330/12 84/1329/12 83/1339/12
f 2452/1530/141 2791/1531/408 2792/1532/409 2453/1533/409
f 3712/1534/410 3857/1535/411 3858/1536/412 3713/1537/413
f 3260/911/33 3261/1538/33 3217/1539/33 3216/912/33
f 3204/1540/33 3203/105/67 3180/108/70 3179/1541/33
f 98/164/12 130/163/12 131/1542/12 132/156/12 99/155/12
f 282/1543/292 281/1544/274 164/1545/274 163/1546/292
f 3619/1185/326 3620/1116/295 3485/1119/295 3484/1186/326
f 3258/1547/92 3257/1548/92 3103/1549/92 3102/1550/92 3268/1551/92 3133/1552/92 3141/1553/92
f 2391/1554/414 2390/1555/415 2746/1556/415 2745/1557/414
f 275/282/92 256/281/92 248/273/92 202/272/92 190/291/92 283/290/92
f 12/1558/416 13/1559/5 14/1560/5 15/1561/416
f 3960/1562/417 3961/1563/418 3688/1564/419 3687/1565/420
f 78/1566/5 109/529/5 181/528/188 79/1567/5
f 2332/1568/421 2333/1569/324 2330/1570/422 2331/1571/92
f 3797/1572/197 3796/1573/423 3991/1574/199 3990/1575/424
f 3703/1576/12 3704/1577/12 3705/1578/12 3783/1579/12 3784/1580/12 3785/1581/12 3786/1582/12 3648/1583/12 3647/1584/12 3646/1585/12 3645/1586/12 3702/1587/12
f 3650/1588/425 3773/1589/426 3915/1590/427 3651/1591/428
f 295/1592/429 294/1593/430 33/1594/430 32/1595/429
f 508/1596/431 506/1597/431 498/525/186 507/524/186
f 3055/1598/152 3054/1599/154 3014/1600/154 3013/1601/432
f 3566/1602/157 3567/19/13 3540/22/16 3539/1603/433
f 3939/1604/434 3940/809/35 3661/808/268 3660/1605/435
f 285/1606/162 284/1607/186 134/1608/186 142/1609/162
f 214/1610/436 213/1611/162 551/1612/162 550/1613/163
f 3825/1614/437 3824/1615/197 4017/1616/197 4016/1617/437
f 2522/1618/438 2523/1619/106 2519/1620/269 2518/1621/438
f 3102/1622/108 3103/438/109 3091/441/109 3092/1623/110
f 2487/1624/439 2486/1625/440 2587/1626/440 2586/1627/439
f 3883/1628/441 3884/1629/442 3741/1630/443 3740/1631/444
f 3390/1632/90 3391/1633/356 3346/1634/445 3345/1635/90
f 3710/1636/446 3709/1637/35 3854/1638/447 3855/1639/448
f 3552/1640/9 3553/1641/449 3544/1642/450 3543/1643/9
f 3807/1644/437 3806/1645/197 3999/1646/197 3998/1647/437
f 3142/1648/92 3150/1649/92 3149/1650/92 3148/1651/92 3147/1652/92 3160/1653/92 3161/1654/92 3162/1655/92 3163/1656/92 3164/1657/92 3165/1658/92 3166/1659/92 3167/1660/92 3168/1661/92 3146/1662/92 3145/1663/92 3144/1664/92 3143/1665/92
f 249/1463/129 248/1666/131 552/1667/131 553/1464/129
f 18/1668/9 19/1669/298 24/1670/298 17/1671/9
f 217/1672/275 216/1673/451 548/1674/452 547/1675/275
f 2423/1676/453 2422/1677/106 2700/1678/454 2701/1679/453
f 491/1680/12 490/1326/12 428/1325/12 427/1681/12 426/1682/12 425/1683/12 420/1684/12 419/1685/12 418/1686/12 417/1687/12 416/1688/12 454/1689/12 411/1690/12 410/1311/12 537/1362/12 536/1691/12 535/1692/12 534/1693/12 542/1694/12 541/1695/12 540/1696/12 539/1697/12 538/1361/12 305/1360/12 304/1698/12 303/1699/12 302/1700/12 185/1701/12 514/1702/12 513/1703/12 512/1704/12 511/1705/12 384/1706/12 377/1707/12 376/1708/12 375/1709/12 374/1710/12 393/1711/12 392/1712/12 391/1713/12 390/1714/12 403/1715/12 402/1716/12 399/1717/12 398/1718/12 397/1719/12 372/1720/12 371/1721/12 370/1722/12 369/1723/12 315/1724/12 334/1725/12 365/1726/12 364/1727/12 363/1728/12 362/1729/12 361/1730/12 360/1731/12 359/1732/12 358/1733/12 357/1734/12 356/1735/12 355/1736/12 338/1215/12 576/1220/12 575/1737/12 574/1738/12 573/1739/12 572/1740/12 571/1741/12 570/1742/12 578/1218/12 336/1217/12 335/1743/12 324/1744/12 182/1745/12 191/1746/12 590/1747/12 589/1748/12 588/1749/12 593/1356/12 562/1355/12 561/1347/12 493/1346/12 492/1750/12 556/1751/12 555/1752/12 554/1753/12 553/1754/12 552/1755/12 560/1756/12 559/1757/12 558/1758/12 557/1759/12 468/1760/12 467/1761/12 466/1762/12 465/1763/12 497/1764/12 496/1765/12 59/1766/12 58/1767/12 57/1768/12
f 4212/1769/159 4213/1470/160 4114/1473/160 4113/1770/159
f 3916/1771/455 3917/1772/456 3903/1773/457 3761/1774/458 3760/1775/459 3759/1776/460 3758/1777/461 3902/1778/462
f 2377/1779/463 2376/1780/78 2557/1781/464 2556/1782/463
f 2621/1783/465 2620/1784/223 2819/1785/223 2818/1786/465
f 3251/1787/466 3250/1788/467 3194/1789/467 3193/1790/468
f 267/1791/162 266/1792/186 125/1793/186 133/1794/162
f 3104/439/155 3105/402/137 3089/405/137 3090/440/155
f 2375/1795/469 2558/1796/78 2557/1797/464 2376/1798/78
f 3387/1799/470 3388/1800/471 3361/1801/472 3360/1802/470
f 3584/1803/157 3585/1804/16 3522/1805/16 3521/1806/473
f 4167/1807/474 4168/1500/397 4159/1501/398 4158/1808/474
f 544/758/12 527/757/12 526/749/12 543/748/12
f 477/628/218 478/1809/475 479/1810/221 146/1811/220 145/627/217
f 302/1812/476 303/1813/477 193/1814/478 192/1815/78
f 2624/1816/78 2632/1817/406 2798/1818/406 2797/1819/78
f 2713/1820/479 2743/1821/406 2431/1822/406 2430/1823/78
f 3570/1824/9 3571/1825/71 3526/1826/72 3525/1827/9
f 3455/1828/480 3284/1829/480 3283/799/262 3454/798/261
f 3207/1830/467 3206/1831/481 3168/1832/481 3167/1833/467
f 2421/1834/482 2716/1835/106 2700/1836/454 2422/1837/106
f 2912/829/186 2913/1838/186 2914/1839/186 2915/1840/186 2916/1841/186 2917/1842/186 2918/858/186 2861/857/186 2862/1843/186 2863/1844/186 2864/830/186
f 3622/1845/14 3623/1846/483 3488/1847/381 3487/1848/14
f 3154/1849/305 3155/1850/484 3147/1851/485 3148/1852/305
f 203/1853/186 211/1854/273 517/1855/273 516/1856/186
f 2899/1857/486 2949/1858/487 2950/1859/488 2948/1860/92 2944/1861/489 2900/1862/92
f 3384/1863/173 3385/1864/101 3358/1865/101 3357/1866/173
f 3966/1867/490 3967/1868/491 3683/1869/491 3682/1870/490
f 3602/1871/295 3603/1872/16 3504/1873/16 3503/1874/492
f 2872/1875/392 2871/1876/106 2965/1877/493 2964/1878/12
f 3096/1879/92 3095/1880/92 3190/1881/92 3191/1882/92 3192/1883/92 3088/1884/92
f 2429/1885/494 2428/1156/312 2704/1159/312 2705/1886/78
f 3621/1117/16 3622/1845/14 3487/1848/14 3486/1118/16
f 2505/1887/495 2504/146/77 2569/149/77 2568/1888/158
f 3585/1804/16 3586/1889/14 3523/1890/14 3522/1805/16
f 422/1891/496 423/1892/497 426/1893/497 427/1894/498
f 3087/1895/499 3008/1896/78 2956/1897/284 2912/1898/78 2911/1899/253 2954/1900/255 3025/1901/78 3075/1902/500
f 3261/1538/33 3257/1903/33 3218/1904/33 3217/1539/33
f 216/1673/451 215/1905/501 549/1906/501 548/1674/452
f 3557/1907/502 3558/1908/503 3549/1909/503 3548/1910/504
f 204/311/92 237/310/92 238/293/92 189/292/92 188/320/92 203/319/92
f 4170/712/235 4171/1911/505 4162/1912/506 4161/713/235
f 179/1913/33 180/527/33 108/526/187 107/1914/33
f 446/1915/507 451/1916/508 408/1917/509 407/1918/94
f 3719/1919/510 3718/1920/35 3863/1921/511 3864/1922/512
f 2445/1923/388 2762/1924/513 2763/1925/86 2446/1926/86
f 3420/1927/514 3421/1928/101 3322/1929/515 3321/1930/516
f 3280/1931/5 3279/1932/5 3222/1933/5 3221/1934/5
f 3699/1935/517 3698/139/33 3953/138/73 3948/1936/518
f 3854/1638/447 3709/1637/35 3708/1201/336 3853/1200/335
f 3000/1937/186 3001/1938/186 3002/1939/186 3003/1940/186 3004/1941/186 3005/1942/186 2851/1943/186 2993/1944/186 2992/1945/186 2991/1946/186 2934/1947/186 2933/1948/186
f 2613/1949/519 2612/1950/465 2734/1951/465 2733/1952/519
f 3401/1953/520 3402/1954/514 3339/1955/516 3338/1956/175
f 2648/1957/465 2647/647/223 2837/650/223 2836/1958/465
f 2617/1959/240 2616/1960/241 2823/1961/241 2822/1962/240
f 4199/1963/95 4200/1964/96 4137/1965/96 4136/1966/95
f 355/1967/521 356/1968/522 344/1969/522 343/1970/521
f 2622/1971/519 2621/1783/465 2818/1786/465 2817/1972/519
f 3951/1973/523 3952/141/9 3697/140/74 3696/1974/524
f 4166/1975/94 4167/1807/474 4158/1808/474 4157/1976/94
f 246/1431/369 245/1977/525 567/1978/245 568/1432/369
f 3408/1979/90 3409/1290/356 3328/1293/357 3327/1980/90
f 2899/1981/486 2898/1982/526 3037/1983/527 2949/1984/487
f 3389/1985/91 3381/1986/90 3354/1987/90 3362/1988/91
f 3432/1989/528 3433/1990/164 3316/1991/529 3315/1992/470
f 3788/1993/197 3787/1994/530 3982/1995/199 3981/1996/197
f 3897/1997/531 3898/1998/532 3755/1999/533 3754/2000/531
f 2463/2001/388 2811/2002/534 2812/2003/86 2464/2004/535
f 3878/2005/536 3735/2006/537 3734/2007/538 3733/2008/539 3877/2009/540
f 3244/2010/541 3243/2011/542 3174/2012/542 3173/2013/541
f 2901/415/143 2900/2014/92 2944/2015/489 2945/416/144
f 2482/519/183 2481/2016/1 2664/2017/1 2663/520/184
f 297/2018/543 296/2019/544 31/2020/544 30/2021/545
f 4188/2022/103 4189/2023/306 4144/2024/306 4143/2025/103
f 3554/2026/546 3555/2027/547 3546/2028/547 3545/2029/258
f 2878/2030/548 2877/2031/263 2989/2032/549 2988/2033/550
f 2894/2034/551 2893/2035/552 3079/2036/552 3078/2037/553
f 2461/2038/141 2809/2039/554 2810/2040/409 2462/2041/409
f 3519/2042/92 3520/2043/92 3521/2044/92 3508/2045/92 3509/2046/92 3510/2047/92 3511/2048/92 3468/2049/92 3469/2050/92
f 3134/2051/260 3135/2052/304 3131/2053/555 3132/2054/260
f 245/1977/525 244/2055/246 566/2056/246 567/1978/245
f 2518/2057/438 2517/2058/106 2528/2059/106 2522/2060/438
f 424/2061/556 421/2062/35 420/2063/168 425/2064/556
f 3556/2065/557 3557/1907/502 3548/1910/504 3547/2066/558
f 3693/2067/156 3692/2068/33 3959/2069/559 3954/2070/560
f 3264/2071/92 3263/2072/92 3153/2073/92 3152/2074/92 3151/2075/92 3159/2076/92 3158/2077/92 3157/2078/92 3156/2079/92 3155/2080/92 3154/2081/92 3273/2082/92 3272/2083/92 3271/2084/92 3270/2085/92 3269/2086/92 3268/1551/92 3102/1550/92 3101/2087/92 3100/2088/92 3099/2089/92 3098/2090/92 3097/2091/92 3105/2092/92 3104/2093/92 3103/1549/92 3257/1548/92 3261/2094/92 3260/2095/92 3259/2096/92 3262/2097/92 3265/2098/92
f 287/2099/501 286/2100/561 141/2101/163 140/2102/501
f 3258/2103/94 3219/2104/94 3218/2105/94 3257/2106/94
f 3560/2107/562 3552/2108/9 3543/2109/9 3551/2110/563
f 3791/2111/237 3790/2112/399 3979/2113/399 3978/2114/237
f 2895/812/186 2888/811/186 2889/2115/186 2890/878/186 2892/877/186 2893/2116/186 2894/2117/186
f 2363/2118/190 2362/2119/564 2534/2120/565 2535/2121/190
f 3267/2122/566 3268/2123/567 3232/2124/568 3231/2125/566
f 3636/2126/569 3465/2127/362 3464/2128/570 3635/2129/570
f 3577/1212/14 3578/2130/571 3533/2131/381 3532/1213/14
f 89/2132/572 90/2133/35 91/78/53 94/77/52
f 2789/2134/111 2450/2135/111 2449/2136/78 2788/2137/78
f 3816/2138/437 3815/2139/197 4008/2140/573 4007/2141/437
f 3774/2142/94 3782/1502/237 3969/1505/237 3968/2143/94
f 46/2144/35 47/2145/35 37/2146/574 36/2147/35
f 3609/28/21 3610/2148/326 3493/2149/326 3492/29/22
f 2419/2150/575 2418/2151/576 2776/2152/576 2777/2153/575
f 4206/501/103 4207/2154/306 4126/2155/306 4125/502/103
f 2393/2156/577 2392/2157/76 2744/2158/578 2714/2159/263
f 3809/2160/579 3808/2161/399 3997/2162/580 3996/2163/237
f 279/2164/452 278/2165/501 167/2166/501 166/2167/452
f 4201/2168/156 4193/2169/94 4130/2170/94 4138/2171/156
f 3054/1599/154 3053/2172/278 3015/2173/278 3014/1600/154
f 3634/2174/581 3463/2175/582 3462/2176/5 3633/2177/5
f 536/2178/583 532/2179/584 533/2180/431 535/2181/431
f 3613/2182/14 3614/2183/571 3497/2184/381 3496/2185/14
f 2649/2186/519 2648/1957/465 2836/1958/465 2835/2187/519
f 2337/2188/585 2328/2189/406 2335/2190/407 2338/2191/586
f 482/2192/587 87/2193/63 86/2194/62 490/2195/587
f 10/2196/35 11/2197/588 16/2198/588 9/2199/35
f 389/2200/589 400/364/120 403/367/120 390/2201/590
f 492/2202/591 493/2203/592 487/2204/593 486/2205/594
f 2427/1157/313 2426/2206/595 2682/2207/596 2703/1158/313
f 2325/2208/548 2316/2209/597 2323/2210/598 2326/2211/548
f 3024/2212/599 3023/2213/600 3077/2214/600 3076/2215/599
f 3240/2216/9 3239/2217/601 3169/2218/601 3177/2219/9
f 4187/2220/177 4188/2022/103 4143/2025/103 4142/2221/104
f 2980/1182/325 2856/1181/324 2855/2222/602 2981/2223/603
f 3743/2224/604 3886/2225/605 3887/2226/606 3744/2227/607
f 3849/1392/364 3850/2228/608 3706/2229/608 3705/1393/365
f 3794/2230/132 3793/1492/80 3994/1495/80 3993/2231/81
f 3648/2232/609 3649/2233/610 3652/2234/610 3653/2235/611
f 3873/2236/612 3729/2237/613 3728/2238/614 3872/2239/615
f 3663/2240/616 3662/807/9 3941/806/267 3936/2241/330
f 2994/2242/617 3084/2243/106 3083/2244/618 2995/2245/106
f 2409/2246/619 2408/2247/12 2694/2248/620 2695/2249/621
f 2884/2250/622 2883/2251/407 3065/2252/407 3064/2253/623
f 3935/2254/624 3668/2255/35 3667/2256/625 3934/2257/35
f 3649/2233/610 3650/1588/425 3651/1591/428 3652/2234/610
f 3202/106/68 3201/2258/541 3182/2259/541 3181/107/69
f 281/1544/274 280/2260/275 165/2261/275 164/1545/274
f 3615/2262/9 3616/2263/71 3481/2264/71 3480/2265/9
f 3926/2266/626 3920/2267/159 3678/2268/627 3677/2269/626
f 3444/2270/186 3452/2271/186 3451/2272/186 3450/2273/186 3449/2274/186 3448/2275/186 3380/2276/186 3379/2277/186 3378/2278/186 3377/2279/186 3376/2280/186 3375/2281/186 3374/2282/186 3373/2283/186 3396/2284/186 3395/2285/186 3394/2286/186 3407/2287/186 3406/2288/186 3405/2289/186 3404/2290/186 3408/2291/186 3416/2292/186 3415/2293/186 3414/2294/186 3418/2295/186 3417/2296/186 3425/2297/186 3428/2298/186 3427/2299/186 3426/2300/186 3434/2301/186 3439/2302/186 3438/2303/186 3437/2304/186 3436/2305/186 3435/2306/186 3455/2307/186 3454/2308/186 3453/2309/186 3381/2310/186 3389/2311/186 3388/2312/186 3387/2313/186 3446/2314/186 3445/2315/186
f 2415/2316/628 2414/2317/629 2698/2318/630 2699/2319/190
f 2477/451/77 2476/2320/78 2660/2321/78 2668/452/77
f 3844/2322/399 3843/2323/631 4034/2324/437 4033/2325/632
f 2612/1950/465 2611/2326/223 2735/2327/223 2734/1951/465
f 2606/2328/78 2614/2329/406 2732/2330/406 2731/2331/78
f 3073/2332/152 3072/2333/154 3000/2334/154 2999/2335/152
f 441/2336/633 442/2337/634 443/2338/559 444/2339/633
f 3790/2112/399 3789/2340/437 3980/2341/437 3979/2113/399
f 3938/803/265 3933/2342/635 3666/2343/636 3665/804/265
f 3120/2344/110 3121/2345/109 3109/2346/637 3110/2347/110
f 309/1436/370 312/1435/35 313/2348/638 308/2349/9
f 388/2350/639 391/2351/5 392/2352/640 387/2353/5
f 2658/2354/519 2657/2355/465 2769/2356/465 2768/2357/641
f 113/2358/82 112/2359/9 455/2360/9 456/2361/82
f 319/2362/642 320/2363/643 321/2364/644 322/2365/645
f 2978/2366/646 2977/2367/90 2859/2368/647 2858/2369/648
f 294/1593/430 293/2370/186 25/2371/186 33/1594/430
f 3690/2372/12 3780/2373/12 3781/2374/12 3689/2375/12
f 557/1759/12 556/1751/12 492/1750/12 468/1760/12
f 2340/2376/112 2345/2377/92 2332/2378/421 2331/2379/92
f 3209/2380/649 3208/2381/466 3166/2382/466 3165/2383/542
f 4187/2384/12 4186/2385/12 4185/2386/12 4255/2387/12 4254/2388/12 4253/2389/12 4204/2390/12 4203/2391/12 4198/2392/12 4197/2393/12 4196/2394/12 4195/2395/12 4194/2396/12 4193/2397/12 4201/2398/12 4189/2399/12 4188/2400/12
f 394/2401/650 395/1175/5 398/1174/322 399/2402/651
f 2625/1087/241 2624/2403/78 2797/2404/78 2805/1088/241
f 4225/2405/306 4226/226/95 4109/229/95 4108/2406/306
f 3627/2407/21 3628/2408/326 3475/2409/326 3474/2410/327
f 446/2411/507 447/710/33 450/709/233 451/2412/508
f 3772/2413/652 3914/2414/653 3915/1590/427 3773/1589/426
f 2850/2415/654 2851/2416/12 2846/2417/393 2845/2418/12
f 2401/2419/655 2400/2420/656 2692/2421/657 2693/2422/92
f 3249/2423/481 3248/2424/601 3187/2425/601 3195/2426/9
f 3802/391/80 3801/2427/94 3995/2428/94 4003/392/80
f 213/1611/162 212/2429/186 543/2430/186 551/1612/162
f 2475/2431/359 2832/2432/359 2824/2433/658 2467/2434/658
f 2486/1625/440 2485/2435/78 2579/2436/78 2587/1626/440
f 2531/2437/659 2514/2438/106 2513/400/135 2530/399/134
f 2535/2439/190 2536/2440/660 2364/2441/660 2363/2442/190
f 3582/2443/21 3583/2444/661 3520/2445/661 3519/2446/327
f 335/2447/662 336/2448/9 341/2449/663 342/2450/664
f 381/2451/12 380/2452/12 379/2453/12 378/2454/12 383/2455/12 382/2456/12 310/2457/12 309/2458/12 308/2459/12 307/2460/12 316/2461/12 368/2462/12 367/2463/12 366/2464/12 373/2465/12 396/2466/12 395/2467/12 394/2468/12 401/2469/12 400/2470/12 389/2471/12 388/2472/12 387/2473/12 386/2474/12
f 329/2475/69 330/2476/5 327/2477/304 328/2478/5
f 3146/1662/92 3168/1661/92 3160/1653/92 3147/1652/92
f 3954/2479/560 3955/2480/665 3694/2481/665 3693/2482/156
f 3277/2483/35 3276/2484/35 3225/2485/35 3224/2486/35
f 52/2487/35 104/2488/666 124/2489/666 53/2490/35
f 2807/2491/111 2459/2492/111 2458/2493/667 2806/2494/668
f 2393/2495/577 2714/2496/263 2673/2497/669 2394/2498/263
f 3140/2499/155 3141/2500/137 3125/2501/137 3126/2502/155
f 2532/2503/670 2360/2504/660 2439/2505/671 2709/2506/672 2679/2507/599 2545/2508/673
f 3459/2509/674 3288/2510/675 3287/2511/676 3458/2512/676
f 4230/2513/159 4231/2514/160 4096/2515/160 4095/2516/159
f 289/1260/275 288/2517/452 139/2518/452 138/1261/275
f 3070/2519/677 3069/234/75 3003/237/75 3002/2520/271
f 3581/2521/678 3582/2443/21 3519/2446/327 3518/2522/23
f 6/2523/5 7/2524/5 4/2525/679 5/2526/5
f 3278/2527/136 3223/2528/136 3222/2529/136 3279/2530/136
f 3927/2531/680 3928/2532/5 3673/2533/681 3672/2534/682
f 390/2535/590 391/2351/5 388/2350/639 389/2536/589
f 346/2537/12 347/2538/12 348/2539/12 349/2540/12 350/2541/12 351/2542/12 352/2543/12 353/2544/12 333/2545/12 328/2546/12 327/2547/12 326/2548/12 325/2549/12 354/2550/12 320/2551/12 319/2552/12 318/2553/12 317/2554/12 342/2555/12 341/2556/12 340/2557/12 339/2558/12 343/2559/12 344/2560/12 345/2561/12
f 2545/2562/673 2680/2563/683 2681/2564/684 2546/2565/685
f 2547/2566/686 2687/2567/687 2688/2568/688 2548/2569/689
f 2548/2569/689 2690/2570/690 2676/2571/691 2549/588/203
f 436/2572/692 437/2573/9 438/2574/693 435/2575/33
f 514/2576/694 500/2577/694 501/2578/695 513/2579/695
f 4218/267/118 4219/1152/156 4120/1155/156 4119/268/96
f 4200/1964/96 4201/2168/156 4138/2171/156 4137/1965/96
f 3436/2580/356 3437/2581/696 3302/2582/696 3301/2583/356
f 2407/2584/697 2711/2585/12 2694/2586/620 2408/2587/12
f 2371/2588/698 2543/2589/699 2544/2590/700 2372/2591/701
f 3052/2592/702 3051/142/75 3017/145/75 3016/2593/271
f 3117/2594/304 3118/2595/305 3112/2596/305 3113/2597/304
f 3458/2512/676 3287/2511/676 3286/2598/703 3457/2599/704
f 3376/2600/705 3377/2601/706 3368/2602/707 3367/2603/705
f 2556/2604/94 2557/2605/94 2558/2606/94 2559/2607/94 2564/2608/94 2565/2609/94 2566/2610/94 2567/2611/94 2568/2612/94 2569/2613/94 2561/2614/94 2562/2615/94 2563/2616/94 2560/2617/94 2544/2618/94 2543/2619/94 2542/2620/94 2541/2621/94 2540/2622/94 2539/2623/94 2538/2624/94 2537/2625/94 2536/2626/94 2535/2627/94 2534/2628/94 2533/2629/94 2532/2630/94 2545/2631/94 2546/2632/94 2606/2633/94 2607/2634/94 2608/2635/94 2609/2636/94 2610/2637/94 2611/2638/94 2612/2639/94 2615/2640/94 2616/2641/94 2617/2642/94 2618/2643/94 2619/2644/94 2620/2645/94 2621/2646/94 2622/2647/94 2623/2648/94 2582/2649/94 2583/2650/94 2653/2651/94 2654/2652/94 2655/2653/94 2656/2654/94 2657/2655/94 2645/2656/94 2646/2657/94 2647/2658/94 2571/2659/94 2572/2660/94 2573/2661/94 2574/2662/94 2575/2663/94 2576/2664/94 2577/2665/94 2578/2666/94 2665/2667/94 2666/2668/94 2667/2669/94 2668/2670/94 2550/2671/94 2551/2672/94 2552/2673/94 2553/2674/94 2554/2675/94 2555/2676/94
f 3382/2677/356 3383/2678/696 3356/2679/696 3355/2680/356
f 3574/2681/326 3575/1229/157 3530/1230/344 3529/2682/326
f 3806/1645/197 3805/2683/198 4000/2684/199 3999/1646/197
f 3626/2685/20 3627/2407/21 3474/2410/327 3473/2686/23
f 3553/1641/449 3554/2026/546 3545/2029/258 3544/1642/450
f 2767/2687/186 2768/2688/186 2769/2689/186 2759/2690/186 2758/2691/186 2757/2692/186 2765/2693/186 2764/2694/186 2774/2695/186 2766/2696/186
f 2965/1877/493 2871/1876/106 2870/775/248 2966/774/247
f 2969/2697/708 2968/1109/106 2868/1108/294 2867/2698/709
f 3081/1420/94 3064/1429/94 3065/2699/94 3057/2700/94 3058/2701/94 3059/2702/94 3060/2703/94 3061/2704/94 3062/2705/94 3063/1428/94 3068/1427/94 3069/2706/94 3070/2707/94 3071/2708/94 3072/2709/94 3073/1423/94 3083/1422/94 3084/2710/94 2939/2711/94 2938/2712/94 3085/2713/94 3086/2714/94 3087/2715/94 3051/2716/94 3052/2717/94 3053/2718/94 3054/2719/94 3055/2720/94 3056/2721/94 3048/2722/94 3049/2723/94 3047/2724/94 3039/2725/94 3040/2726/94 3041/2727/94 3042/2728/94 3043/2729/94 3044/2730/94 3045/2731/94 3075/2732/94 3076/2733/94 3077/2734/94 2950/2735/94 2949/2736/94 3037/2737/94 3036/2738/94 3035/2739/94 3038/2740/94 3078/2741/94 3079/2742/94 3080/2743/94
f 3632/2744/571 3624/2745/9 3471/2746/9 3479/2747/381
f 3158/2748/710 3159/2749/137 3143/2750/137 3144/2751/155
f 3266/2752/78 3267/2122/566 3231/2125/566 3230/2753/78
f 439/2754/711 440/2755/712 445/2756/452 434/2757/713
f 266/2758/186 274/2759/273 126/2760/273 125/2761/186
f 293/2762/186 301/2763/635 26/2764/635 25/2765/186
f 2905/1083/77 2904/2766/78 3020/2767/342 3021/1084/77
f 2654/2768/714 2653/735/240 2773/738/240 2772/2769/714
f 288/2517/452 287/2099/501 140/2102/501 139/2518/452
f 2619/2770/224 2618/2771/714 2821/2772/714 2820/2773/224
f 2374/2774/715 2373/2775/716 2560/2776/717 2559/2777/715
f 3205/2778/280 3213/2779/718 3161/2780/718 3160/2781/719
f 2330/1570/422 2333/1569/324 2334/1528/111 2329/1527/190
f 3258/2782/5 3281/2783/5 3220/2784/5 3219/2785/5
f 2923/2786/720 2922/2787/320 2942/2788/320 2936/2789/721
f 353/2790/722 352/2791/723 364/2792/724 365/2793/722
f 2448/2794/359 2765/2795/359 2757/257/78 2440/256/78
f 3378/2796/725 3379/2797/726 3370/2798/726 3369/2799/727
f 3631/2800/14 3632/2744/571 3479/2747/381 3478/2801/14
f 3572/2802/23 3573/2803/21 3528/2804/21 3527/2805/23
f 3787/1994/530 3786/2806/181 3983/2807/728 3982/1995/199
f 2346/2808/729 2351/2809/730 2354/2810/731 2353/2811/732
f 386/2812/733 393/2813/136 374/2814/734 381/2815/136
f 2917/2816/735 2916/2817/12 2960/2818/736 3006/2819/737
f 3457/2820/704 3286/2821/703 3285/2822/738 3456/2823/739
f 4235/1195/95 4236/2824/231 4101/2825/96 4100/1196/333
f 3822/2826/181 3821/2827/81 4020/2828/81 4019/2829/728
f 2611/2326/223 2610/2830/224 2736/2831/224 2735/2327/223
f 2383/2832/202 2382/2833/740 2551/2834/242 2550/2835/202
f 416/2836/741 417/511/35 414/510/179 415/2837/742
f 338/2838/743 355/1967/521 343/1970/521 339/2839/744
f 4007/2840/92 4008/2841/92 3896/2842/92 3895/2843/92 3894/2844/92 3893/2845/92 3892/2846/92 3891/2847/92 3890/2848/92 3889/2849/92 3888/2850/92 3887/1411/92 4018/1410/92 4019/2851/92 4020/2852/92 4021/2853/92 4013/1405/92 3880/1404/92 3879/2854/92 3878/2855/92 3877/2856/92 3876/2857/92 3875/2858/92 3874/2859/92 3873/2860/92 3872/2861/92 3871/2862/92 3870/203/92 4034/202/92 4035/2863/92 4036/2864/92 4037/2865/92 4038/2866/92 4039/2867/92 4031/2868/92 4032/200/92 3868/199/92 3867/2869/92 3866/2870/92 3865/2871/92 3919/2872/92 3918/2873/92 3864/2874/92 3863/2875/92 3862/2876/92 3861/2877/92 3860/2878/92 3859/2879/92 3858/2880/92 3857/2881/92 3856/2882/92 3855/2883/92 3854/2884/92 3853/2885/92 3852/2886/92 3975/2887/92 3976/2888/92 3968/2889/92 3969/2890/92 3970/2891/92 3971/2892/92 3972/2893/92 3973/2894/92 3955/2895/92 3954/2896/92 3959/2897/92 3958/2898/92 3957/2899/92 3962/2900/92 3961/2901/92 3960/2902/92 3965/2903/92 3964/2904/92 3963/2905/92 3967/2906/92 3966/2907/92 3923/2908/92 3922/2909/92 3921/684/92 4027/683/92 4028/2910/92 4029/2911/92 4030/2912/92 4022/2913/92 4023/2914/92 4024/2915/92 4025/2916/92 4026/686/92 3920/685/92 3926/2917/92 3925/2918/92 3924/2919/92 3929/2920/92 3928/2921/92 3927/2922/92 3932/2923/92 3931/2924/92 3930/2925/92 3935/2926/92 3934/2927/92 3933/2928/92 3938/2929/92 4010/2930/92 4011/2931/92 4012/2932/92 4004/2933/92 4005/2934/92 4006/2935/92
f 3908/1252/349 3909/2936/745 3766/2937/746 3765/1253/349
f 3640/2938/747 3469/2939/747 3468/1191/329 3639/1190/328
f 3127/2940/92 3126/2941/92 3176/2942/92 3177/2943/92 3169/2944/92 3170/2945/92 3171/2946/92 3172/2947/92 3173/2948/92 3174/2949/92 3125/2950/92 3124/2951/92 3132/2952/92 3131/2953/92 3130/2954/92 3129/2955/92 3128/2956/92
f 440/2755/712 441/2336/633 444/2339/633 445/2756/452
f 3963/2957/748 3964/2958/33 3685/2959/749 3684/2960/750
f 429/2961/31 430/2962/430 431/2963/751 432/2964/31
f 2451/2965/752 2790/2966/140 2791/1531/408 2452/1530/141
f 2610/2830/224 2609/2967/714 2737/2968/714 2736/2831/224
f 204/2969/162 203/2970/186 516/2971/186 524/2972/162
f 2631/2973/519 2630/2974/465 2800/2975/465 2799/2976/519
f 3834/407/12 3735/406/12 3736/2977/12 3819/2978/12 3820/2979/12 3675/2980/12 3676/2981/12 3677/2982/12 3678/2983/12 3679/2984/12 3680/2985/12 3681/2986/12 3682/2987/12 3683/2988/12 3684/2989/12 3685/2990/12 3842/2991/12 3843/2992/12 3844/2993/12 3845/2994/12 3837/2995/12 3720/2996/12 3721/2997/12 3722/2998/12 3723/2999/12 3724/3000/12 3725/3001/12 3726/3002/12 3727/3003/12 3728/3004/12 3729/3005/12 3730/3006/12 3731/3007/12 3732/3008/12 3733/3009/12 3734/409/12 3835/408/12 3836/3010/12 3828/3011/12 3829/3012/12 3830/3013/12 3831/3014/12 3832/3015/12 3833/3016/12
f 226/1222/246 225/474/166 583/477/166 584/1223/341
f 2825/3017/111 2468/3018/111 2467/2434/658 2824/2433/658
f 442/3019/634 449/708/33 448/707/232 443/3020/559
f 208/897/275 207/3021/451 521/3022/452 520/898/276
f 2898/1982/526 2897/3023/753 3036/3024/753 3037/1983/527
f 4204/3025/160 4205/500/177 4124/503/104 4123/3026/754
f 3798/3027/437 3797/1572/197 3990/1575/424 3989/3028/437
f 3944/3029/755 3939/3030/434 3660/3031/435 3659/3032/755
f 2655/3033/224 2654/2768/714 2772/2769/714 2771/3034/224
f 2842/3035/756 2843/249/106 2848/248/107 2849/3036/757
f 3595/3037/14 3596/3038/758 3515/3039/381 3514/3040/14
f 2471/3041/409 2828/3042/409 2829/3043/534 2472/3044/388
f 4231/2514/160 4232/1512/177 4097/1515/104 4096/2515/160
f 3826/3045/399 3825/1614/437 4016/1617/437 4015/3046/632
f 2485/3047/78 2493/3048/759 2580/3049/759 2579/3050/78
f 3959/2069/559 3692/2068/33 3691/3051/544 3958/3052/33
f 2521/3053/760 2525/3054/761 2358/3055/762 2357/3056/763
f 3888/3057/764 3889/1061/287 3746/1060/287 3745/3058/764
f 244/2055/246 243/3059/166 565/3060/166 566/2056/246
f 2882/3061/78 2890/3062/765 3058/3063/765 3057/3064/78
f 2892/3065/766 2891/3066/767 3081/3067/768 3080/3068/766
f 2472/3069/388 2829/3070/534 2830/720/86 2473/719/238
f 2657/2355/465 2656/3071/223 2770/3072/223 2769/2356/465
f 2756/3073/186 2748/3074/186 2673/3075/186 2714/3076/186 2744/3077/186 2745/3078/186
f 4178/1177/104 4179/3079/103 4152/3080/103 4151/1178/104
f 310/3081/371 382/3082/769 385/3083/769 311/3084/282
f 493/2203/592 475/3085/33 474/3086/216 487/2204/593
f 4211/3087/94 4212/1769/159 4113/1770/159 4112/3088/94
f 3751/3089/770 3894/3090/771 3895/3091/772 3752/3092/773
f 3208/2381/466 3207/1830/467 3167/1833/467 3166/2382/466
f 284/3093/186 292/1096/273 135/1099/273 134/3094/186
f 2536/2440/660 2537/3095/774 2365/3096/774 2364/2441/660
f 3950/3097/775 3945/3098/566 3654/3099/776 3701/3100/775
f 3628/2408/326 3629/3101/157 3476/3102/473 3475/2409/326
f 2741/3103/777 2740/3104/778 2434/3105/778 2433/3106/777
f 3040/3107/779 3039/3108/78 3026/3109/78 3034/3110/779
f 2922/2787/320 2921/620/213 2941/623/215 2942/2788/320
f 2857/3111/323 2979/3112/92 2978/3113/646 2858/3114/648
f 2722/3115/186 2729/3116/186 2730/3117/186 2710/3118/186 2693/3119/186 2692/3120/186 2691/3121/186 2690/3122/186 2689/3123/186 2718/3124/186 2719/3125/186 2720/3126/186 2721/3127/186
f 4255/3128/780 4084/3129/780 4083/3130/181 4254/3131/181
f 2897/3023/753 2896/3132/190 3035/3133/781 3036/3024/753
f 4175/3134/94 4176/3135/159 4149/3136/159 4148/3137/94
f 4222/3138/160 4223/3139/104 4106/3140/104 4105/3141/160
f 3559/3142/226 3560/2107/562 3551/2110/563 3550/3143/226
f 3725/3144/782 3724/26/19 3867/25/18 3868/3145/783 3869/3146/784
f 3827/3147/237 3826/3045/399 4015/3046/632 4014/3148/237
f 2713/3149/479 2430/3150/78 2429/3151/494 2705/3152/78
f 2468/3018/111 2825/3017/111 2826/471/140 2469/470/140
f 2670/3153/186 2669/3154/186 2678/3155/186 2677/3156/186 2676/3157/186 2675/3158/186 2674/3159/186 2673/3075/186 2748/3074/186 2749/3160/186 2750/3161/186 2751/3162/186 2752/3163/186 2753/3164/186 2754/3165/186 2755/3166/186 2756/3073/186 2745/3078/186 2746/3167/186 2747/3168/186 2715/3169/186 2672/3170/186 2671/3171/186
f 333/3172/785 334/3173/5 329/3174/69 328/3175/5
f 3399/3176/786 3400/3177/356 3337/3178/356 3336/3179/786
f 4236/2824/231 4237/888/156 4102/891/156 4101/2825/96
f 3248/3180/601 3256/3181/718 3188/3182/718 3187/3183/601
f 2623/3184/406 2622/1971/519 2817/1972/519 2816/3185/406
f 2961/3186/393 2962/3187/787 2874/3188/788 2873/3189/12
f 2996/3190/789 2995/2245/106 3083/2244/618 3082/3191/790
f 286/2100/561 285/1606/162 142/1609/162 141/2101/163
f 3402/1954/514 3403/3192/98 3340/3193/515 3339/1955/516
f 512/3194/297 502/3195/297 503/3196/123 511/3197/123
f 2312/3198/791 2313/3199/263 2310/3200/792 2311/3201/793
f 3945/3202/566 3946/3203/9 3655/3204/743 3654/3205/776
f 3616/2263/71 3617/3206/23 3482/3207/23 3481/2264/71
f 464/3208/9 495/568/9 497/567/193 465/3209/9
f 3042/3210/75 3041/3211/794 3033/3212/76 3032/3213/75
f 3427/3214/356 3428/3215/175 3311/3216/175 3310/3217/356
f 3610/2148/326 3611/446/157 3494/449/157 3493/2149/326
f 3606/3218/9 3607/3219/71 3490/3220/795 3489/3221/9
f 4189/2023/306 4190/3222/95 4145/3223/97 4144/2024/306
f 3913/3224/301 3914/2414/653 3772/2413/652 3771/3225/302
f 235/779/246 234/663/166 574/666/166 575/780/246
f 51/3226/12 50/3227/12 9/3228/12 16/3229/12 15/3230/12 14/3231/12 93/3232/12 92/3233/12 91/3234/12 103/3235/12 104/3236/12 52/3237/12
f 3255/3238/67 3254/3239/796 3190/3240/69 3189/3241/67
f 3047/3242/797 3046/434/152 3028/437/152 3027/3243/797
f 2489/740/243 2488/3244/798 2585/3245/798 2584/741/243
f 2488/3244/798 2487/1624/439 2586/1627/439 2585/3245/798
f 3276/2484/35 3275/3246/35 3226/3247/35 3225/2485/35
f 2390/1555/415 2389/1446/376 2747/1449/378 2746/1556/415
f 248/3248/131 256/3249/282 560/3250/282 552/3251/131
f 307/3252/780 308/2349/9 313/2348/638 314/3253/9
f 3141/2500/137 3133/3254/138 3124/3255/138 3125/2501/137
f 3271/3256/799 3272/3257/800 3236/3258/800 3235/3259/609
f 3437/2581/696 3438/506/173 3303/509/173 3302/2582/696
f 2618/2771/714 2617/1959/240 2822/1962/240 2821/2772/714
f 4198/3260/306 4199/1963/95 4136/1966/95 4135/3261/306
f 202/1507/401 201/3262/69 589/3263/69 590/1508/401
f 4253/3264/801 4082/3265/801 4081/3266/802 4252/3267/803
f 2715/3268/377 2388/3269/90 2387/3270/394 2672/3271/90
f 3796/1573/423 3795/3272/181 3992/3273/181 3991/1574/199
f 3452/3274/804 3444/3275/90 3291/3276/90 3299/3277/91
f 537/702/230 531/701/124 532/2179/584 536/2178/583
f 2893/2035/552 2892/3065/766 3080/3068/766 3079/2036/552
f 327/2477/304 330/2476/5 331/1249/346 326/1248/5
f 2493/3048/759 2492/3278/805 2581/3279/805 2580/3049/759
f 3416/3280/806 3408/3281/90 3327/3282/90 3335/3283/91
f 3265/3284/9 3262/3285/9 3214/3286/9 3229/3287/9
f 2342/375/128 2343/374/127 2344/260/113 2341/259/90
f 3749/3288/807 3748/3289/33 3891/3290/808 3892/3291/809
f 2511/3292/810 2510/3293/182 2563/3294/182 2562/3295/810
f 2740/3104/778 2712/3296/136 2435/3297/317 2434/3105/778
f 2645/3298/714 2644/3299/240 2840/3300/240 2839/3301/714
f 3564/3302/21 3565/3303/326 3538/3304/326 3537/3305/327
f 4140/3306/92 4141/3307/92 4142/3308/92 4083/3309/92 4084/3310/92 4076/3311/92 4077/3312/92 4086/3313/92 4087/3314/92 4088/3315/92 4089/3316/92 4164/3317/92 4165/3318/92 4154/3319/92 4155/3320/92 4156/3321/92 4148/3322/92 4149/3323/92 4150/3324/92 4151/3325/92 4158/3326/92 4144/3327/92 4145/3328/92 4146/3329/92 4147/3330/92 4139/3331/92
f 3439/507/101 3440/3332/811 3305/3333/99 3304/508/101
f 3272/3257/800 3273/3334/812 3237/3335/813 3236/3258/800
f 3118/2595/305 3119/3336/484 3111/3337/814 3112/2596/305
f 3270/3338/365 3271/3256/799 3235/3259/609 3234/3339/365
f 453/3340/815 404/3341/816 411/3342/817 454/3343/818
f 2914/1169/320 2913/1054/215 2957/1057/215 2958/1170/320
f 3407/3344/819 3399/3345/786 3336/3346/786 3344/3347/91
f 2538/3348/820 2539/3349/190 2367/3350/77 2366/3351/797
f 3836/716/237 3835/3352/399 4024/3353/632 4023/717/237
f 2852/3354/192 2881/3355/821 2985/3356/822 2984/3357/189
f 2976/3358/823 2860/3359/824 2859/2368/647 2977/2367/90
f 2627/3360/714 2626/1086/290 2804/1089/240 2803/3361/714
f 3259/3362/78 3215/3363/78 3214/3364/78 3262/3365/78
f 3810/3366/94 3818/3367/237 4005/3368/237 4004/3369/94
f 3831/3370/181 3830/3371/132 4029/3372/81 4028/3373/181
f 2311/3374/793 2324/3375/825 2327/3376/826 2312/3377/791
f 372/3378/256 397/1173/33 396/1172/321 373/3379/33
f 291/1097/292 290/1259/353 137/1262/274 136/1098/293
f 2615/3380/78 2623/3184/406 2816/3185/406 2815/3381/78
f 4248/3382/265 4077/3383/265 4076/3384/186 4247/3385/186
f 299/3386/390 298/3387/827 29/3388/827 28/3389/390
f 2515/3390/828 2514/2438/106 2531/2437/659 2526/3391/829
f 19/1669/298 20/3392/830 23/3393/830 24/1670/298
f 229/3394/282 228/3395/831 586/3396/832 587/3397/282
f 3779/3398/197 3778/3399/199 3973/3400/199 3972/3401/200
f 374/3402/734 375/785/251 380/784/252 381/3403/136
f 211/1854/273 210/3404/833 518/3405/293 517/1855/273
f 3200/3406/542 3199/3407/466 3184/3408/466 3183/3409/542
f 3834/3410/437 3833/3411/197 4026/3412/200 4025/3413/437
f 278/2165/501 277/458/161 168/461/163 167/2166/501
f 3815/2139/197 3814/3414/530 4009/3415/199 4008/2140/573
f 253/764/246 252/3416/166 556/3417/166 557/765/246
f 2925/885/270 2924/3418/12 2931/3419/834 2932/886/271
f 2372/1001/186 2373/3420/186 2374/3421/186 2375/3422/186 2376/3423/186 2377/3424/186 2378/3425/186 2379/3426/186 2496/3427/186 2497/3428/186 2498/3429/186 2499/3430/186 2500/3431/186 2501/3432/186 2502/3433/186 2494/3434/186 2495/3435/186 2344/3436/186 2343/3437/186 2355/3438/186 2354/3439/186 2351/3440/186 2350/3441/186 2349/3442/186 2512/3443/186 2513/3444/186 2514/3445/186 2515/1006/186 2505/1005/186 2506/3446/186 2507/3447/186 2508/3448/186 2509/3449/186 2510/3450/186 2511/1002/186
f 4197/243/103 4198/3260/306 4135/3261/306 4134/244/103
f 3449/3451/99 3450/3452/835 3297/3453/470 3296/3454/99
f 3434/3455/836 3426/3456/90 3309/3457/90 3317/3458/91
f 2323/3459/186 2322/3460/186 2321/3461/186 2320/3462/186 2339/3463/186 2338/3464/186 2335/3465/186 2334/3466/186 2333/3467/186 2332/3468/186 2345/3469/186 2344/3436/186 2495/3435/186 2496/3427/186 2379/3426/186 2380/3470/186 2381/3471/186 2382/1050/186 2478/1049/186 2479/3472/186 2480/3473/186 2481/3474/186 2482/3475/186 2483/3476/186 2484/1046/186 2451/1045/186 2452/3477/186 2453/1038/186 2469/1037/186 2470/1021/186 2326/1020/186
f 2508/3478/1 2507/1466/2 2566/1469/2 2565/3479/3
f 2399/3480/837 2398/3481/838 2690/3482/690 2691/3483/837
f 526/3484/185 542/3485/185 534/3486/186 525/3487/186
f 3617/3206/23 3618/1184/21 3483/1187/327 3482/3207/23
f 245/3488/92 246/353/92 287/352/92 288/3489/92 289/3490/92 290/3491/92 291/347/92 297/346/92 298/3492/92 299/3493/92 300/340/92 212/339/92 213/3494/92 214/332/92 229/331/92 221/382/92 274/381/92 266/3495/92 267/3496/92 268/3497/92 269/3498/92 270/3499/92 271/3500/92 272/384/92 222/383/92 223/3501/92 224/3502/92 225/327/92 195/326/92 196/3503/92 197/3504/92 198/360/92 243/359/92 244/3505/92
f 3623/1846/483 3615/3506/9 3480/3507/9 3488/1847/381
f 3182/3508/92 3183/3509/92 3184/3510/92 3108/3511/92 3107/3512/92 3106/3513/92 3114/3514/92
f 3561/3515/9 3562/3516/795 3535/3517/795 3534/3518/9
f 2494/3519/78 2502/3520/810 2571/3521/810 2570/3522/78
f 3155/1850/484 3156/3523/108 3146/3524/110 3147/1851/485
f 3607/3219/71 3608/27/20 3491/30/23 3490/3220/795
f 256/3249/282 255/3525/369 559/3526/839 560/3250/282
f 4254/3131/181 4083/3130/181 4082/3265/801 4253/3264/801
f 223/3527/244 222/426/129 580/429/129 581/3528/244
f 4179/3079/103 4180/3529/306 4153/3530/306 4152/3080/103
f 4214/1471/177 4215/1136/103 4116/1139/103 4115/1472/104
f 3823/3531/530 3822/2826/181 4019/2829/728 4018/3532/199
f 346/1476/386 358/1475/9 359/3533/840 347/3534/33
f 3253/3535/541 3252/3536/649 3192/3537/542 3191/3538/841
f 3445/3539/356 3446/492/172 3293/495/175 3292/3540/356
f 2960/3541/736 2916/3542/12 2915/3543/319 2959/3544/12
f 232/743/244 231/3545/129 571/3546/129 572/744/244
f 2502/3520/810 2501/3547/182 2572/3548/182 2571/3521/810
f 3903/3549/457 3904/6/5 3762/5/4 3761/3550/458
f 3135/2052/304 3136/3551/305 3130/3552/305 3131/2053/555
f 2308/3553/842 2309/3554/843 2314/3555/844 2315/3556/845
f 228/3395/831 227/1221/245 585/1224/245 586/3396/832
f 3269/3557/624 3270/3338/365 3234/3339/365 3233/3558/624
f 3470/3559/846 3641/3560/846 3633/2177/5 3462/2176/5
f 2588/3561/94 2589/3562/94 2590/3563/94 2591/3564/94 2604/3565/94 2605/3566/94 2597/3567/94 2547/3568/94 2548/3569/94 2634/3570/94 2635/3571/94 2595/3572/94 2596/3573/94
f 2464/2004/535 2812/2003/86 2813/1451/196 2465/1450/196
f 2379/3574/847 2554/3575/12 2553/3576/848 2380/3577/12
f 3010/3578/849 3009/3579/850 3086/3580/851 3085/3581/849
f 3795/3272/181 3794/2230/132 3993/2231/81 3992/3273/181
f 412/3582/169 413/513/35 418/512/180 419/3583/35
f 3397/3584/164 3398/3585/836 3353/3586/91 3352/3587/164
f 3562/3516/795 3563/3588/23 3536/3589/23 3535/3517/795
f 3841/580/198 3840/1114/181 4037/1115/181 4036/581/199
f 3598/3590/12 3597/3591/12 3605/3592/12 3609/3593/12 3608/3594/12 3607/3595/12 3606/3596/12 3619/3597/12 3618/3598/12 3617/3599/12 3616/3600/12 3559/3601/12 3558/3602/12 3557/3603/12 3556/3604/12 3595/3605/12 3594/3606/12 3599/3607/12
f 3967/1868/491 3963/3608/748 3684/3609/750 3683/1869/491
f 3101/3610/484 3102/1622/108 3092/1623/110 3093/3611/485
f 3870/3612/852 3871/3613/588 3727/3614/588 3726/3615/852
f 2479/3616/178 2478/450/158 2667/453/158 2666/3617/178
f 2976/3618/186 2977/3619/186 2978/3620/186 2979/3621/186 2980/3622/186 2981/3623/186 2982/3624/186 2983/3625/186 2984/3626/186 2985/3627/186 2986/3628/186 2987/3629/186 2988/3630/186 2989/3631/186 2990/3632/186 2963/3633/186 2962/3634/186 2961/3635/186 2964/3636/186 2965/3637/186 2966/3638/186 2967/3639/186 2968/3640/186 2969/3641/186 2970/3642/186 2971/3643/186 2972/3644/186 2973/3645/186 2974/3646/186 2975/3647/186
f 3414/3648/470 3415/3649/164 3334/3650/164 3333/3651/470
f 2867/3652/709 2866/3653/853 2970/3654/854 2969/3655/708
f 467/596/207 468/3656/855 492/2202/591 486/2205/594 469/597/208 154/595/206
f 452/3657/856 321/3658/644 320/3659/643 354/3660/857
f 2677/3661/106 2549/588/203 2676/2571/691
f 2690/2570/690 2548/2569/689 2689/3662/858
f 2689/3662/858 2548/2569/689 2688/2568/688
f 453/3340/815 454/3343/818 416/3663/741 415/3664/742
f 2676/2571/691 2690/2570/690 2398/3665/838 2397/3666/859
f 2677/3661/106 2678/589/204 2549/588/203
f 2546/2565/685 2684/3667/90 2547/2566/686
f 2547/2566/686 2684/3667/90 2685/3668/90
f 2547/2566/686 2685/3668/90 2686/3669/860
f 2370/3670/861 2369/3671/92 2541/3672/862 2542/3673/863
f 2546/2565/685 2681/2564/684 2682/3674/596
f 2679/3675/599 2680/2563/683 2545/2562/673
f 2546/2565/685 2683/3676/864 2684/3667/90
f 210/3404/833 209/896/274 519/899/274 518/3405/293
f 3388/1800/471 3389/1985/91 3362/1988/91 3361/1801/472
f 3629/3101/157 3630/3677/865 3477/3678/16 3476/3102/473
f 2909/1414/368 2908/3679/92 2951/3680/866 2952/1415/144
f 2359/3681/867 2308/3682/842 2315/3683/845 2356/3684/868
f 2907/3685/869 2955/3686/92 2951/3687/866 2908/3688/92
f 2443/413/141 2760/412/141 2761/3689/409 2444/3690/409
f 3641/3560/846 3470/3559/846 3469/2939/747 3640/2938/747
f 2695/3691/186 2694/3692/186 2711/3693/186 2727/3694/186 2728/3695/186 2729/3116/186 2722/3115/186 2723/3696/186 2724/3697/186 2725/3698/186 2726/3699/186 2718/3124/186 2689/3123/186 2688/3700/186 2687/3701/186 2696/3702/186
f 2937/3703/12 3010/3578/849 3085/3581/849 2938/3704/842
f 3043/3705/271 3042/3210/75 3032/3213/75 3031/3706/271
f 2855/2222/602 2854/1264/355 2982/1263/354 2981/2223/603
f 2589/3707/241 2588/3708/78 2718/3709/78 2726/3710/241
f 2736/1387/186 2737/1379/186 2707/1378/186 2706/3711/186 2712/1388/186
f 3050/143/76 3049/3712/779 3019/3713/779 3018/144/76
f 329/3714/12 334/1725/12 315/1724/12 314/3715/12 313/3716/12 312/3717/12 311/3718/12 385/3719/12 384/1706/12 511/1705/12 510/3720/12 509/3721/12 508/3722/12 507/3723/12 515/3724/12 514/1702/12 185/1701/12 184/3725/12 183/3726/12 182/1745/12 324/1744/12 323/3727/12 322/3728/12 321/3729/12 452/3730/12 332/3731/12 331/3732/12 330/3733/12
f 3612/447/13 3613/2182/14 3496/2185/14 3495/448/16
f 3033/3734/186 3034/3735/186 3026/3736/186 2947/3737/186 2946/3738/186 2945/3739/186 2944/3740/186 2948/3741/186 3023/3742/186 3024/3743/186 3025/3744/186 2954/3745/186 2953/3746/186 2952/3747/186 2951/3748/186 2955/3749/186 3028/3750/186 3029/3751/186 3030/3752/186 3031/3753/186 3032/3754/186
f 2630/2974/465 2629/3755/223 2801/3756/223 2800/2975/465
f 3292/3757/94 3293/3758/94 3360/3759/94 3361/3760/94
f 3357/3761/94 3364/3762/94 3352/3763/94 3353/3764/94 3345/3765/94 3346/3766/94 3347/3767/94 3290/3768/94 3282/3769/94 3283/3770/94 3284/3771/94 3300/3772/94 3301/3773/94 3302/3774/94 3303/3775/94 3304/3776/94 3305/3777/94 3285/3778/94 3286/3779/94 3314/3780/94 3315/3781/94 3316/3782/94 3317/3783/94 3309/3784/94 3310/3785/94 3311/3786/94 3312/3787/94 3325/3788/94 3326/3789/94 3318/3790/94 3319/3791/94 3367/3792/94 3368/3793/94 3369/3794/94 3370/3795/94 3371/3796/94 3359/3797/94 3360/3759/94 3293/3758/94 3294/3798/94 3295/3799/94 3296/3800/94 3297/3801/94 3298/3802/94 3299/3803/94 3291/3804/94 3292/3757/94 3361/3760/94 3362/3805/94 3354/3806/94 3355/3807/94 3356/3808/94
f 3053/2172/278 3052/2592/702 3016/2593/271 3015/2173/278
f 2761/3809/186 2760/3810/186 2759/2690/186 2769/2689/186 2770/3811/186 2771/3812/186 2772/3813/186 2773/3814/186 2774/2695/186 2764/2694/186 2763/3815/186 2762/3816/186
f 2447/3817/196 2764/3818/870 2765/2795/359 2448/2794/359
f 3800/3819/237 3799/3820/399 3988/3821/632 3987/3822/237
f 2476/3823/78 2484/3824/810 2661/3825/810 2660/3826/78
f 427/3827/498 428/3828/871 433/3829/871 422/3830/496
f 2890/3062/765 2889/1207/338 3059/1210/338 3058/3063/765
f 3501/3831/92 3502/3832/92 3503/3833/92 3466/3834/92 3467/3835/92 3468/2049/92 3511/2048/92 3512/3836/92 3513/3837/92 3514/3838/92 3515/3839/92 3507/3840/92 3508/2045/92 3521/2044/92 3522/3841/92 3523/3842/92 3524/3843/92 3516/3844/92 3517/3845/92 3518/3846/92 3519/2042/92 3469/2050/92 3470/1271/92 3533/1270/92 3525/3847/92 3526/3848/92 3527/3849/92 3528/3850/92 3529/3851/92 3530/3852/92 3531/3853/92 3532/1269/92 3544/1268/92 3545/3854/92 3546/3855/92 3547/3856/92 3548/3857/92 3549/3858/92 3550/3859/92 3551/1283/92 3475/1282/92 3476/3860/92 3477/1275/92 3464/1274/92 3480/3861/92 3481/3862/92 3482/3863/92 3483/3864/92 3484/3865/92 3485/3866/92 3465/3867/92 3497/3868/92 3489/3869/92 3490/3870/92 3491/3871/92 3492/3872/92 3505/3873/92 3506/3874/92 3498/3875/92 3499/3876/92 3500/3877/92
f 2785/3878/186 2786/3879/186 2787/3880/186 2777/3881/186 2776/3882/186 2775/3883/186 2717/3884/186 2699/3885/186 2698/3886/186 2697/3887/186 2686/3888/186 2685/3889/186 2684/3890/186 2683/3891/186 2702/3892/186 2701/3893/186 2780/3894/186 2781/3895/186 2782/3896/186 2783/3897/186 2784/3898/186
f 2787/3880/186 2779/3899/186 2780/3894/186 2701/3893/186 2700/3900/186 2716/3901/186 2778/3902/186 2777/3881/186
f 3049/3712/779 3048/3903/78 3011/3904/78 3019/3713/779
f 2608/3905/240 2607/3906/241 2739/3907/241 2738/3908/240
f 4245/231/96 4246/3909/156 4093/3910/156 4092/232/96
f 2805/3911/186 2797/3912/186 2798/3913/186 2799/3914/186 2800/3915/186 2791/3916/186 2790/3917/186 2789/3918/186 2788/3919/186 2796/3920/186 2795/3921/186 2794/3922/186 2793/3923/186 2792/3924/186 2802/3925/186 2803/3926/186 2804/3927/186
f 2801/3928/186 2802/3925/186 2792/3924/186 2791/3916/186 2800/3915/186
f 4252/3267/803 4081/3266/802 4080/3929/872 4251/3930/872
f 3588/3931/9 3589/3932/71 3508/3933/72 3507/3934/9
f 361/1145/308 362/1307/360 350/1310/363 349/1146/309
f 3098/1101/260 3099/1132/304 3095/1135/304 3096/1102/260
f 367/3935/873 368/1438/372 369/1441/372 370/3936/873
f 3156/3523/108 3157/3937/109 3145/3938/109 3146/3524/110
f 3833/3411/197 3832/3939/199 4027/3940/199 4026/3412/200
f 3569/3941/12 3568/3942/12 3625/3943/12 3634/3944/12 3633/3945/12 3641/3946/12 3578/3947/12 3577/3948/12 3576/3949/12 3575/3950/12 3587/3951/12 3586/3952/12 3585/3953/12 3584/3954/12 3583/3955/12 3582/3956/12 3581/3957/12 3580/3958/12 3640/3959/12 3639/3960/12 3638/3961/12 3637/3962/12 3636/3963/12 3635/3964/12 3622/3965/12 3621/3966/12 3620/3967/12 3619/3597/12 3606/3596/12 3614/3968/12 3613/3969/12 3612/3970/12 3611/3971/12 3610/3972/12 3609/3593/12 3605/3592/12 3604/3973/12 3603/3974/12 3602/3975/12 3601/3976/12 3600/3977/12 3599/3607/12 3594/3606/12 3593/3978/12 3592/3979/12 3591/3980/12 3590/3981/12 3589/3982/12 3588/3983/12 3596/3984/12 3595/3605/12 3556/3604/12 3555/3985/12 3554/3986/12 3553/3987/12 3552/3988/12 3560/3989/12 3559/3601/12 3616/3600/12 3629/3990/12 3628/3991/12 3627/3992/12 3626/3993/12 3567/3994/12 3566/3995/12 3565/3996/12 3564/3997/12 3563/3998/12 3562/3999/12 3561/4000/12
f 3256/3181/718 3255/3238/67 3189/3241/67 3188/3182/718
f 3732/420/148 3876/419/147 3877/2009/540 3733/2008/539
f 205/4001/161 204/2969/162 524/2972/162 523/4002/163
f 3603/1872/16 3604/4003/14 3505/4004/14 3504/1873/16
f 2444/3690/409 2761/3689/409 2762/4005/513 2445/4006/388
f 242/4007/167 241/4008/874 563/4009/874 564/4010/167
f 4243/4011/306 4244/230/95 4091/233/97 4090/4012/306
f 4105/4013/92 4106/4014/92 4107/4015/92 4080/4016/92 4119/4017/92 4120/4018/92 4112/4019/92 4113/4020/92 4114/4021/92 4127/4022/92 4128/4023/92 4129/4024/92 4121/4025/92 4135/4026/92 4136/4027/92 4137/4028/92 4138/4029/92 4130/4030/92 4131/4031/92 4132/4032/92 4133/4033/92 4082/4034/92 4083/3309/92 4142/3308/92 4143/4035/92 4144/3327/92 4158/3326/92 4159/4036/92 4160/4037/92 4161/4038/92 4162/4039/92 4163/4040/92 4164/3317/92 4096/4041/92 4097/4042/92 4103/4043/92 4104/4044/92
f 3891/3290/808 3748/3289/33 3747/1059/286 3890/1058/285
f 283/893/273 282/1543/292 163/1546/292 162/894/273
f 3742/4045/875 3885/4046/33 3886/2225/605 3743/2224/604
f 218/4047/274 217/1672/275 547/1675/275 546/4048/274
f 3600/395/21 3601/4049/661 3502/4050/661 3501/396/21
f 3451/4051/164 3452/3274/804 3299/3277/91 3298/4052/876
f 2373/2775/716 2372/4053/701 2544/4054/700 2560/2776/717
f 2491/4055/877 2490/739/242 2583/742/242 2582/4056/878
f 2929/178/87 2928/4057/136 2991/4058/879 2992/179/88
f 3375/4059/880 3376/2600/705 3367/2603/705 3366/4060/880
f 3615/4061/12 3623/4062/12 3622/3965/12 3635/3964/12 3634/3944/12 3625/3943/12 3624/4063/12 3632/4064/12 3631/4065/12 3630/4066/12 3629/3990/12 3616/3600/12
f 3245/4067/69 3244/2010/541 3173/2013/541 3172/4068/69
f 2592/4069/224 2591/4070/714 2724/4071/714 2723/4072/224
f 2462/2041/409 2810/2040/409 2811/4073/534 2463/4074/388
f 2918/4075/881 2917/2816/735 3006/2819/737 3007/4076/810
f 3703/1296/358 3847/1295/35 3848/1395/367 3704/1394/366
f 2787/4077/106 2601/4078/106 2779/4079/106
f 2779/4079/106 2601/4078/106 2600/4080/106
f 2779/4079/106 2600/4080/106 2780/4081/106
f 2780/4081/106 2600/4080/106 2599/4082/263
f 2780/4081/106 2599/4082/263 2781/4083/263
f 2781/4083/263 2599/4082/263 2598/4084/263
f 2781/4083/263 2598/4084/263 2782/4085/263
f 2782/4085/263 2598/4084/263 2597/4086/78
f 2782/4085/263 2597/4086/78 2783/4087/190
f 2783/4088/190 2597/4089/78 2605/4090/190
f 2783/4088/190 2605/4090/190 2784/4091/190
f 2784/4091/190 2605/4090/190 2604/4092/190
f 2784/4091/190 2604/4092/190 2785/4093/90
f 2785/4093/90 2604/4092/190 2603/4094/90
f 2785/4093/90 2603/4094/90 2786/4095/90
f 2786/4095/90 2603/4094/90 2602/4096/90
f 2786/4095/90 2602/4096/90 2787/4077/106
f 2787/4077/106 2602/4096/90 2601/4078/106
f 2886/4097/882 2885/4098/883 3063/4099/883 3062/4100/882
f 114/4101/12 115/4102/12 116/4103/12 117/4104/12 21/4105/12 20/4106/12 19/4107/12 18/4108/12 110/4109/12 111/4110/12 112/4111/12 113/4112/12
f 3137/4113/484 3138/250/108 3128/253/110 3129/4114/814
f 3903/4115/92 3917/4116/92 3916/4117/92 3902/4118/92 3901/4119/92 3900/4120/92 3899/4121/92 3999/4122/92 4000/4123/92 3906/4124/92 3905/4125/92 3904/4126/92
f 2927/4127/884 2926/884/269 2933/887/272 2934/4128/136
f 2656/3071/223 2655/3033/224 2771/3034/224 2770/3072/223
f 3268/2123/567 3269/3557/624 3233/3558/624 3232/2124/568
f 3441/4129/885 3442/462/164 3307/465/164 3306/4130/885
f 3887/2226/606 3888/3057/764 3745/3058/764 3744/2227/607
f 3046/4131/94 3047/2724/94 3049/2723/94 3050/4132/94 3051/2716/94 3087/2715/94 3075/2732/94 3045/2731/94
f 2756/4133/886 2635/4134/263 2748/4135/263
f 2748/4135/263 2635/4134/263 2634/4136/263
f 2748/4135/263 2634/4136/263 2749/4137/263
f 2749/4137/263 2634/4136/263 2633/4138/78
f 2749/4137/263 2633/4138/78 2750/4139/190
f 2750/4140/190 2633/4141/78 2641/4142/190
f 2750/4140/190 2641/4142/190 2751/4143/190
f 2751/4143/190 2641/4142/190 2640/4144/887
f 2751/4143/190 2640/4144/887 2752/4145/90
f 2752/4145/90 2640/4144/887 2639/4146/90
f 2752/4145/90 2639/4146/90 2753/4147/90
f 2753/4147/90 2639/4146/90 2638/4148/90
f 2753/4147/90 2638/4148/90 2754/4149/106
f 2754/4149/106 2638/4148/90 2637/4150/106
f 2754/4149/106 2637/4150/106 2755/4151/106
f 2755/4151/106 2637/4150/106 2636/4152/106
f 2755/4151/106 2636/4152/106 2756/4133/886
f 2756/4133/886 2636/4152/106 2635/4134/263
f 3421/1928/101 3422/4153/811 3323/4154/99 3322/1929/515
f 3918/4155/888 3919/4156/889 3865/4157/890 3722/4158/891 3721/4159/892 3720/4160/893 3719/4161/510 3864/4162/512
f 2710/4163/894 2730/4164/895 2403/4165/895 2402/4166/92
f 3837/4167/94 3845/4168/237 4032/4169/237 4031/4170/94
f 3263/4171/186 3227/4172/186 3226/4173/186 3275/4174/186
f 2524/4175/896 2520/4176/740 2519/1620/269 2523/1619/106
f 3415/3649/164 3416/3280/806 3335/3283/91 3334/3650/164
f 3758/4177/461 3757/4178/33 3901/4179/897 3902/4180/462
f 2863/4181/404 2862/4182/90 2974/4183/898 2973/4184/405
f 3403/3192/98 3404/4185/99 3341/4186/99 3340/3193/515
f 3411/4187/173 3412/559/101 3331/562/101 3330/4188/899
f 120/4189/9 119/4190/9 460/4191/900 461/4192/9
f 2521/4193/760 2520/4176/740 2524/4175/896 2525/4194/761
f 3199/3407/466 3198/4195/467 3185/4196/467 3184/3408/466
f 3947/4197/901 3656/4198/9 3655/3204/743 3946/3203/9
f 2418/2151/576 2417/4199/902 2775/4200/152 2776/2152/576
f 4250/4201/903 4079/4202/903 4078/4203/437 4249/4204/437
f 3254/3239/796 3253/3535/541 3191/3538/841 3190/3240/69
f 3799/3820/399 3798/3027/437 3989/3028/437 3988/3821/632
f 3780/4205/437 3779/3398/197 3972/3401/200 3971/4206/437
f 2919/4207/904 2918/4075/881 3007/4076/810 2943/4208/78
f 2369/4209/92 2368/4210/905 2540/4211/906 2541/4212/862
f 366/4213/907 367/3935/873 370/3936/873 371/4214/33
f 3246/4215/67 3245/4067/69 3172/4068/69 3171/4216/67
f 4181/4217/95 4182/1110/231 4155/1113/96 4154/4218/97
f 332/4219/347 452/3657/856 354/3660/857 325/4220/345
f 2365/977/186 2366/987/186 2461/986/186 2462/978/186
f 3197/4221/9 3196/4222/719 3178/4223/719 3186/4224/9
f 182/4225/94 183/4226/362 188/4227/362 189/4228/94
f 3783/4229/94 3791/2111/237 3978/2114/237 3977/4230/94
f 2412/4231/908 2411/4232/909 2687/2567/687 2547/2566/686 2686/3669/860
f 4246/3909/156 4238/4233/94 4085/4234/94 4093/3910/156
f 2866/3653/853 2865/4235/136 2971/4236/136 2970/3654/854
f 2879/1256/351 2878/4237/548 2988/4238/550 2987/1257/352
f 423/1892/497 424/2061/556 425/2064/556 426/1893/497
f 3884/4239/442 3885/4046/33 3742/4045/875 3741/4240/443
f 2614/2329/406 2613/1949/519 2733/1952/519 2732/2330/406
f 2888/1208/339 2887/4241/910 3061/4242/910 3060/1209/340
f 3850/2228/608 3851/1198/188 3707/1202/337 3706/2229/608
f 2991/4243/879 2928/4244/136 2927/4245/884 2934/4246/136
f 3911/4247/911 3769/4248/222 3768/4249/912 3910/4250/913
f 3591/4251/21 3592/4252/914 3511/4253/326 3510/4254/21
f 2503/4255/78 2511/3292/810 2562/3295/810 2561/4256/78
f 3157/3937/109 3158/2748/710 3144/2751/155 3145/3938/109
f 3856/4257/915 3857/1535/411 3712/1534/410 3711/4258/915
f 2500/4259/916 2499/1/1 2574/4/3 2573/4260/184
f 197/4261/917 196/4262/35 306/4263/35 591/4264/917
f 146/4265/12 147/4266/12 148/196/12 137/195/12 138/4267/12 139/4268/12 140/189/12 144/188/12 145/4269/12
f 3781/1503/399 3780/4205/437 3971/4206/437 3970/1504/400
f 3212/4270/67 3211/4271/68 3163/4272/69 3162/4273/70
f 2932/4274/186 2931/4275/186 2935/4276/186 2994/4277/186 2995/4278/186 2996/4279/186 2849/4280/186 2848/4281/186 2847/4282/186 2846/4283/186 2851/1943/186 3005/1942/186 2997/4284/186 2998/4285/186 2999/4286/186 3000/1937/186 2933/1948/186
f 4240/455/160 4241/1140/177 4088/1143/104 4087/456/160
f 2742/4287/918 2741/3103/777 2433/3106/777 2432/4288/918
f 2895/4289/919 2894/2034/551 3078/2037/553 3038/4290/190
f 300/4291/920 299/3386/390 28/3389/390 27/4292/920
f 4176/3135/159 4177/1176/160 4150/1179/160 4149/3136/159
f 3006/4293/186 2960/4294/186 2959/4295/186 2958/4296/186 2957/4297/186 2956/4298/186 3008/4299/186 3015/4300/186 3016/4301/186 3017/4302/186 3018/4303/186 3019/4304/186 3011/4305/186 3012/4306/186 3013/4307/186 3014/4308/186 3009/4309/186 3010/4310/186 2937/4311/186 2936/4312/186 2942/4313/186 2941/4314/186 2940/4315/186 2943/4208/186 3007/4316/186
f 2392/2157/76 2391/1554/414 2745/1557/414 2744/2158/578
f 3009/3579/850 3008/4317/78 3087/4318/499 3086/3580/851
f 2379/4319/847 2378/4320/765 2555/4321/765 2554/4322/12
f 3817/4323/399 3816/2138/437 4007/2141/437 4006/4324/399
f 2413/4325/921 2412/4326/908 2686/4327/860 2697/4328/922
f 276/459/162 275/4329/186 161/4330/186 169/460/162
f 3460/4331/923 3289/4332/923 3288/2510/675 3459/2509/674
f 3922/1482/390 3680/1481/5 3679/4333/800 3921/4334/5
f 2895/4335/919 3038/4336/190 3035/4337/781 2896/4338/190
f 506/4339/12 505/4340/12 504/769/12 522/768/12 523/4341/12 524/4342/12 516/4343/12 517/4344/12 518/4345/12 519/4346/12 520/773/12 501/772/12 500/4347/12 499/4348/12 498/4349/12
f 382/3082/769 383/4350/924 384/4351/924 385/3083/769
f 2728/4352/853 2727/4353/925 2406/4354/925 2405/4355/853
f 212/4356/186 220/4357/273 544/4358/273 543/4359/186
f 404/4360/816 405/4361/926 410/4362/926 411/4363/817
f 114/4364/927 113/2358/82 456/2361/82 457/4365/927
f 4251/4366/872 4080/4367/872 4079/4202/903 4250/4201/903
f 4190/3222/95 4191/4368/96 4146/4369/96 4145/3223/97
f 163/219/12 159/218/12 160/210/12 162/209/12
f 269/4370/501 268/4371/561 132/4372/163 131/4373/928
f 3422/4153/811 3423/4374/885 3324/4375/885 3323/4154/99
f 3122/4376/155 3123/1396/137 3107/1399/137 3108/4377/155
f 428/3828/871 429/2961/31 432/2964/31 433/3829/871
f 2470/473/141 2827/472/141 2828/3042/409 2471/3041/409
f 3196/4378/719 3204/1540/33 3179/1541/33 3178/4379/719
f 3569/4380/758 3561/4381/9 3534/4382/9 3542/4383/758
f 2347/1150/311 2350/1149/310 2351/2809/730 2346/2808/729
f 3920/4384/159 3921/4334/5 3679/4333/800 3678/4385/627
f 3821/2827/81 3820/430/80 4021/433/80 4020/2828/81
f 2632/1817/406 2631/2973/519 2799/2976/519 2798/1818/406
f 3074/4386/797 3073/2332/152 2999/2335/152 2998/4387/797
f 2410/4388/929 2409/2246/619 2695/2249/621 2696/4389/930
f 3879/4390/931 3880/1460/382 3737/1461/383 3736/4391/931
f 3808/2161/399 3807/1644/437 3998/1647/437 3997/2162/580
f 4227/227/96 4228/4392/156 4111/4393/156 4110/228/96
f 2588/4394/78 2596/4395/406 2719/4396/406 2718/4397/78
f 3395/239/99 3396/4398/470 3351/4399/470 3350/240/100
f 241/4008/874 240/376/129 562/379/129 563/4009/874
f 3643/4400/932 3646/4401/5 3647/4402/933 3642/4403/934
f 2591/4070/714 2590/4404/240 2725/4405/240 2724/4071/714
f 2480/4406/2 2479/3616/178 2666/3617/178 2665/4407/2
f 3777/4408/181 3776/466/81 3975/469/81 3974/4409/181
f 2481/2016/1 2480/4406/2 2665/4407/2 2664/2017/1
f 220/4357/273 219/4410/833 545/4411/293 544/4358/273
f 274/2759/273 273/4412/292 127/4413/935 126/2760/273
f 3792/4414/94 3800/3819/237 3987/3822/237 3986/4415/94
f 3874/4416/936 3875/4417/146 3731/4418/149 3730/4419/937
f 3835/3352/399 3834/3410/437 4025/3413/437 4024/3353/632
f 117/618/212 151/616/211 22/615/210 21/4420/938
f 3568/20/14 3569/4380/758 3542/4383/758 3541/21/15
f 3878/2005/536 3879/4390/931 3736/4391/931 3735/2006/537
f 3431/564/99 3432/1989/528 3315/1992/470 3314/565/99
f 3924/4421/194 3925/4422/939 3676/4423/939 3675/4424/940
f 2425/4425/941 2683/3676/864 2546/2565/685 2682/3674/596 2426/4426/595
f 2411/4427/909 2410/4388/929 2696/4389/930 2687/4428/687
f 2650/4429/406 2649/2186/519 2835/2187/519 2834/4430/406
f 3125/2950/92 3174/2949/92 3175/4431/92 3176/2942/92 3126/2941/92
f 3211/4271/68 3210/4432/541 3164/4433/942 3163/4272/69
f 3186/4434/92 3178/4435/92 3179/4436/92 3180/4437/92 3181/4438/92 3182/3508/92 3114/3514/92 3113/4439/92 3112/4440/92 3111/4441/92 3110/4442/92 3109/4443/92 3108/3511/92 3184/3510/92 3185/4444/92
f 3115/4445/259 3116/4446/260 3114/4447/260 3106/4448/259
f 270/4449/943 269/4370/501 131/4373/928 130/4450/452
f 11/2197/588 12/1558/416 15/1561/416 16/2198/588
f 430/4451/430 437/2573/9 436/2572/692 431/4452/751
f 2642/4453/78 2650/4429/406 2834/4430/406 2833/4454/78
f 3447/493/173 3448/4455/101 3295/4456/101 3294/494/174
f 3785/4457/81 3784/1243/80 3985/1246/80 3984/4458/81
f 3236/4459/12 3237/4460/12 3238/4461/12 3198/4462/12 3199/4463/12 3200/4464/12 3201/4465/12 3202/4466/12 3203/4467/12 3204/4468/12 3196/4469/12 3223/4470/12 3224/4471/12 3225/4472/12 3226/4473/12 3227/4474/12 3228/4475/12 3211/4476/12 3212/4477/12 3213/4478/12
f 3843/2323/631 3842/579/197 4035/582/200 4034/2324/437
f 3223/4470/12 3196/4469/12 3197/4479/12 3198/4462/12 3238/4461/12 3230/4480/12 3231/483/12 3246/482/12 3247/4481/12 3239/4482/12 3240/4483/12 3241/4484/12 3242/4485/12 3243/479/12 3232/478/12 3233/1300/12 3249/1306/12 3250/4486/12 3251/4487/12 3252/4488/12 3253/4489/12 3254/1302/12 3234/1301/12 3235/4490/12 3236/4459/12 3213/4478/12 3205/4491/12 3206/4492/12 3207/4493/12 3208/4494/12 3209/4495/12 3210/4496/12 3211/4476/12 3228/4475/12 3229/4497/12 3214/4498/12 3215/4499/12 3216/4500/12 3217/4501/12 3218/4502/12 3219/4503/12 3220/4504/12 3221/4505/12 3222/4506/12
f 2596/4395/406 2595/4507/519 2720/4508/519 2719/4396/406
f 3100/1133/305 3101/3610/484 3093/3611/485 3094/1134/305
f 3923/4509/391 3966/1867/490 3682/1870/490 3681/4510/389
f 378/4511/944 379/783/251 376/782/250 377/4512/945
f 296/2019/544 295/1592/429 32/1595/429 31/2020/544
f 3778/3399/199 3777/4408/181 3974/4409/181 3973/3400/199
f 301/2763/635 300/4291/920 27/4292/920 26/2764/635
f 478/4513/33 488/4514/33 484/4515/518 479/4516/33
f 3801/4517/94 3809/2160/579 3996/2163/237 3995/4518/94
f 2593/4519/223 2592/4069/224 2723/4072/224 2722/4520/223
f 406/4521/946 407/4522/94 408/4523/509 409/4524/946
f 2439/4525/671 2438/1442/374 2708/1445/374 2709/4526/672
f 17/4527/12 24/4528/12 23/4529/12 22/4530/12 42/4531/12 43/4532/12 1/4533/12 8/4534/12 7/4535/12 6/4536/12 44/4537/12 45/4538/12 13/4539/12 12/4540/12 11/4541/12 10/4542/12 34/17/12 26/16/12 27/4543/12 28/4544/12 29/4545/12 30/4546/12 31/4547/12 32/4548/12 33/4549/12 25/15/12 37/14/12 38/4550/12 39/4551/12 40/4552/12 41/4553/12
f 2939/4554/392 2935/4555/12 2931/4556/834 2924/4557/12 2923/4558/720 2936/4559/721 2937/4560/12 2938/4561/842
f 356/1968/522 357/4562/385 345/4563/387 344/1969/522
f 3122/4564/92 3121/4565/92 3266/4566/92 3274/4567/92 3273/2082/92 3154/2081/92 3153/2073/92 3263/2072/92 3275/4568/92 3276/4569/92 3277/4570/92 3118/4571/92 3117/4572/92 3116/4573/92 3115/4574/92 3123/4575/92
f 2837/4576/186 2838/4577/186 2828/4578/186 2827/4579/186
f 3267/4580/92 3266/4566/92 3121/4565/92 3120/4581/92 3119/4582/92 3118/4571/92 3277/4570/92 3278/4583/92 3279/4584/92 3280/4585/92 3281/4586/92 3258/1547/92 3141/1553/92 3140/4587/92 3139/4588/92 3138/4589/92 3137/4590/92 3136/4591/92 3135/4592/92 3134/4593/92 3133/1552/92 3268/1551/92
f 243/3059/166 242/4007/167 564/4010/167 565/3060/166
f 2717/4594/947 2416/4595/948 2415/4596/628 2699/4597/190
f 3818/3367/237 3817/4323/399 4006/4324/399 4005/3368/237
f 3023/2213/600 2948/4598/92 2950/4599/488 3077/2214/600
f 3066/4600/78 3074/4386/797 2998/4387/797 2997/4601/78
f 3869/3146/784 3870/3612/852 3726/3615/852 3725/3144/782
f 2492/3278/805 2491/4055/877 2582/4056/878 2581/3279/805
f 2460/4602/140 2808/4603/140 2809/2039/554 2461/2038/141
f 3625/110/71 3626/2685/20 3473/2686/23 3472/111/72
f 3929/4604/949 3674/4605/35 3673/2533/681 3928/2532/5
f 2609/2967/714 2608/3905/240 2738/3908/240 2737/2968/714
f 4185/1497/159 4186/4606/160 4141/4607/160 4140/1498/159
f 219/4410/833 218/4047/274 546/4048/274 545/4411/293
f 372/4608/256 373/4609/33 366/4610/907 371/4611/33
f 3404/4185/99 3405/4612/835 3342/4613/470 3341/4186/99
f 3159/2749/137 3151/4614/259 3142/4615/259 3143/2750/137
f 3435/4616/950 3436/2580/356 3301/2583/356 3300/4617/90
f 4207/2154/306 4208/703/95 4127/706/97 4126/2155/306
f 386/4618/733 387/2353/5 392/2352/640 393/4619/136
f 3116/4446/260 3117/2594/304 3113/2597/304 3114/4447/260
f 3956/4620/951 3951/4621/523 3696/4622/524 3695/4623/951
f 434/4624/713 435/2575/33 438/2574/693 439/4625/711
f 3948/4626/518 3949/4627/952 3700/4628/952 3699/4629/517
f 3571/1825/71 3572/2802/23 3527/2805/23 3526/1826/72
f 3307/4630/94 3308/4631/94 3300/3772/94 3284/3771/94 3285/3778/94 3305/3777/94 3306/4632/94
f 2441/255/111 2758/254/111 2759/411/140 2442/410/139
f 2651/4633/78 2659/4634/953 2767/4635/406 2766/4636/78
f 3892/4637/809 3893/4638/954 3750/4639/955 3749/4640/807
f 3322/4641/94 3323/4642/94 3324/4643/94 3325/3788/94 3312/3787/94 3313/4644/94 3314/3780/94 3286/3779/94 3287/4645/94 3331/4646/94 3332/4647/94 3333/4648/94 3334/4649/94 3335/4650/94 3327/4651/94 3341/4652/94 3342/4653/94 3343/4654/94 3344/4655/94 3336/4656/94 3289/4657/94 3290/3768/94 3347/3767/94 3348/4658/94 3349/4659/94 3350/4660/94 3351/4661/94 3352/3763/94 3364/3762/94 3365/4662/94 3366/4663/94 3367/3792/94 3319/3791/94 3320/4664/94 3321/4665/94
f 3330/4666/94 3331/4646/94 3287/4645/94 3288/4667/94 3289/4657/94 3336/4656/94 3337/4668/94 3338/4669/94 3339/4670/94 3340/4671/94 3341/4652/94 3327/4651/94 3328/4672/94 3329/4673/94
f 3359/3797/94 3371/3796/94 3363/4674/94 3364/3762/94 3357/3761/94 3358/4675/94
f 3418/4676/356 3419/4677/520 3320/4678/175 3319/4679/356
f 3247/4680/33 3246/4215/67 3171/4216/67 3170/4681/33
f 183/4226/362 184/906/279 187/909/281 188/4227/362
f 3391/1633/356 3392/4682/172 3347/4683/175 3346/1634/445
f 2629/3755/223 2628/4684/224 2802/4685/224 2801/3756/223
f 3587/4686/381 3579/4687/9 3516/4688/9 3524/4689/381
f 2396/4690/956 2395/4691/957 2674/4692/958 2675/4693/959
f 2420/4694/960 2419/2150/575 2777/2153/575 2778/4695/961
f 304/4696/962 305/4697/186 195/4698/186 194/4699/962
f 2310/3200/792 2313/3199/263 2314/3555/844 2309/3554/843
f 3440/3332/811 3441/4129/885 3306/4130/885 3305/3333/99
f 2644/3299/240 2643/4700/241 2841/4701/241 2840/3300/240
f 2421/4702/482 2420/4694/960 2778/4695/961 2716/4703/106
f 268/4371/561 267/1791/162 133/1794/162 132/4372/163
f 3400/3177/356 3401/1953/520 3338/1956/175 3337/3178/356
f 317/4704/963 318/4705/964 323/4706/964 324/4707/186
f 2553/4708/848 2552/4709/106 2381/4710/965 2380/4711/12
f 3931/668/227 3932/4712/966 3671/4713/966 3670/669/227
f 3763/8/7 3905/7/6 3906/4714/967 3907/1251/348 3764/1254/350
f 3555/2027/547 3556/2065/557 3547/2066/558 3546/2028/547
f 2620/1784/223 2619/2770/224 2820/2773/224 2819/1785/223
f 3385/1864/101 3386/4715/99 3359/4716/968 3358/1865/101
f 306/4717/186 196/4718/186 195/4719/186 305/4720/186
f 2881/3355/821 2880/1255/78 2986/1258/78 2985/3356/822
f 237/915/283 236/778/245 576/781/245 577/916/283
f 3393/4721/173 3394/238/98 3349/241/101 3348/4722/173
f 2560/2617/94 2563/2616/94 2564/2608/94 2559/2607/94
f 3426/4723/90 3427/3214/356 3310/3217/356 3309/4724/90
f 3630/3677/865 3631/2800/14 3478/2801/14 3477/3678/16
f 2501/3547/182 2500/4259/916 2573/4260/184 2572/3548/182
f 224/475/167 223/3527/244 581/3528/244 582/476/167
f 3942/4725/969 3943/4726/780 3658/4727/780 3657/4728/430
f 3423/4374/885 3424/4729/164 3325/4730/529 3324/4375/885
f 2375/4731/469 2374/2774/715 2559/2777/715 2558/4732/78
f 3638/1193/331 3467/1192/330 3466/4733/970 3637/4734/524
f 2336/489/170 2337/2188/585 2338/2191/586 2339/490/170
f 2417/4199/902 2416/4735/948 2717/4736/947 2775/4200/152
f 4193/4737/94 4194/575/159 4131/578/159 4130/4738/94
f 3444/4739/90 3445/3539/356 3292/3540/356 3291/4740/90
f 3421/4741/186 3420/4742/186 3419/4743/186 3418/2295/186 3414/2294/186 3413/4744/186 3412/4745/186 3411/4746/186 3410/4747/186 3409/4748/186 3408/2291/186 3404/2290/186 3403/4749/186 3402/4750/186 3401/4751/186 3400/4752/186 3399/4753/186 3407/2287/186 3394/2286/186 3393/4754/186 3392/4755/186 3391/4756/186 3390/4757/186 3398/4758/186 3397/4759/186 3396/2284/186 3373/2283/186 3372/4760/186 3380/2276/186 3448/2275/186 3447/4761/186 3446/2314/186 3387/2313/186 3386/4762/186 3385/4763/186 3384/4764/186 3383/4765/186 3382/4766/186 3381/2310/186 3453/2309/186 3461/4767/186 3460/4768/186 3459/4769/186 3458/4770/186 3457/4771/186 3456/4772/186 3455/2307/186 3435/2306/186 3443/4773/186 3442/4774/186 3441/4775/186 3440/4776/186 3439/2302/186 3434/2301/186 3433/4777/186 3432/4778/186 3431/4779/186 3430/4780/186 3429/4781/186 3428/2298/186 3425/2297/186 3424/4782/186 3423/4783/186 3422/4784/186
f 3433/1990/164 3434/3455/836 3317/3458/91 3316/1991/529
f 3201/2258/541 3200/3406/542 3183/3409/542 3182/2259/541
f 2865/4235/136 2864/1516/403 2972/1519/403 2971/4236/136
f 3465/3867/92 3485/3866/92 3486/4785/92 3487/4786/92 3488/4787/92 3480/3861/92 3464/1274/92
f 3398/3585/836 3390/4788/90 3345/4789/90 3353/3586/91
f 2510/3293/182 2509/4790/183 2564/4791/184 2563/3294/182
f 315/4792/373 316/4793/9 307/4794/780 314/4795/9
f 2310/4796/186 2309/4797/186 2308/4798/186 2359/4799/186 2358/4800/186 2525/4801/186 2524/4802/186 2523/4803/186 2522/4804/186 2528/4805/186 2527/4806/186 2526/4807/186 2531/4808/186 2530/4809/186 2529/4810/186 2348/4811/186 2347/4812/186 2346/4813/186 2353/4814/186 2352/4815/186 2342/4816/186 2341/4817/186 2340/4818/186 2331/4819/186 2330/4820/186 2329/4821/186 2328/4822/186 2337/4823/186 2336/4824/186 2319/4825/186 2318/4826/186 2317/4827/186 2316/4828/186 2325/4829/186 2324/4830/186 2311/4831/186
f 3381/4832/90 3382/2677/356 3355/2680/356 3354/4833/90
f 104/2488/666 103/4834/932 123/4835/932 124/2489/666
f 20/3392/830 21/4836/33 22/4837/33 23/3393/830
f 3466/3834/92 3503/3833/92 3504/4838/92 3505/3873/92 3492/3872/92 3493/4839/92 3494/4840/92 3495/4841/92 3496/4842/92 3497/3868/92 3465/3867/92
f 3153/4843/304 3154/1849/305 3148/1852/305 3149/4844/304
f 3071/4845/278 3070/2519/677 3002/2520/271 3001/4846/278
f 3410/1291/175 3411/4187/173 3330/4188/899 3329/1292/175
f 3443/463/165 3435/4847/950 3300/4848/90 3308/464/91
f 3604/4003/14 3605/1454/380 3506/1457/381 3505/4004/14
f 2907/3685/869 2906/1082/289 3022/1085/289 2955/4849/92
f 3573/2803/21 3574/2681/326 3529/2682/326 3528/2804/21
f 510/371/124 504/370/124 505/4850/583 509/4851/583
f 3957/4852/257 3958/3052/33 3691/3051/544 3690/4853/258
f 4186/4606/160 4187/2220/177 4142/2221/104 4141/4607/160
f 2846/4854/393 2847/247/106 2844/246/105 2845/4855/12
f 298/3387/827 297/2018/543 30/2021/545 29/3388/827
f 3955/2480/665 3956/4620/951 3695/4623/951 3694/2481/665
f 4229/4856/94 4230/2513/159 4095/2516/159 4094/4857/94
f 3961/1563/418 3962/790/256 3689/793/256 3688/1564/419
f 2628/4684/224 2627/3360/714 2803/3361/714 2802/4685/224
f 3252/3536/649 3251/1787/466 3193/1790/468 3192/3537/542
f 2356/3684/868 2357/3056/763 2358/3055/762 2359/3681/867
f 39/4858/9 38/4859/9 48/4860/971 49/4861/9
f 2424/4862/972 2423/1676/453 2701/1679/453 2702/4863/973
f 515/523/185 499/522/185 500/2577/694 514/2576/694
f 3647/4402/933 3648/2232/609 3653/2235/611 3642/4403/934
f 3770/4864/303 3769/4248/222 3911/4247/911 3912/4865/300
f 2386/1489/395 2385/4866/974 2670/4867/974 2671/1490/396
f 3596/3038/758 3588/4868/9 3507/4869/9 3515/3039/381
f 2496/4870/158 2495/4871/77 2578/4872/77 2577/4873/158
f 3901/4179/897 3757/4178/33 3756/4874/975 3900/4875/976
f 207/3021/451 206/4876/501 522/4877/501 521/3022/452
f 4203/4878/159 4204/3025/160 4123/3026/754 4122/4879/159
f 3687/4880/420 3686/4881/5 3965/4882/977 3960/4883/417
f 3429/4884/173 3430/563/101 3313/566/101 3312/4885/173
f 115/4886/33 114/4364/927 457/4365/927 458/4887/33
f 221/4888/150 229/3394/282 587/3397/282 579/4889/151
f 3241/4890/978 3240/2216/9 3177/2219/9 3176/4891/467
f 198/4892/466 197/4261/917 591/4264/917 592/4893/466
f 2827/4579/186 2826/4894/186 2825/4895/186 2824/4896/186 2832/4897/186 2831/4898/186 2830/4899/186 2829/4900/186 2828/4578/186 2838/4577/186 2839/4901/186 2840/4902/186 2841/4903/186 2833/4904/186 2834/4905/186 2835/4906/186 2836/4907/186 2837/4576/186
f 3417/4908/90 3418/4676/356 3319/4679/356 3318/4909/90
f 2371/2588/698 2370/3670/861 2542/3673/863 2543/2589/699
f 3386/4715/99 3387/1799/470 3360/1802/470 3359/4716/968
f 103/4834/932 91/4910/5 90/4911/5 123/4835/932
f 2595/4507/519 2594/4912/979 2721/4913/465 2720/4508/519
f 3910/4250/913 3768/4249/912 3767/4914/980 3766/2937/746 3909/2936/745
f 3896/4915/416 3753/4916/416 3752/3092/773 3895/3091/772
f 3424/4729/164 3425/181/89 3326/184/91 3325/4730/529
f 3786/2806/181 3785/4457/81 3984/4458/81 3983/2807/728
f 3583/2444/661 3584/1803/157 3521/1806/473 3520/2445/661
f 2395/4691/957 2394/4917/263 2673/4918/669 2674/4692/958
f 3567/3994/12 3626/3993/12 3625/3943/12 3568/3942/12
f 3594/4919/16 3595/3037/14 3514/3040/14 3513/4920/16
f 318/4705/964 319/2362/642 322/2365/645 323/4706/964
f 2474/722/196 2831/721/239 2832/2432/359 2475/2431/359
f 4233/1513/103 4234/1194/332 4099/1197/306 4098/1514/103
f 2659/4634/953 2658/2354/519 2768/2357/641 2767/4635/406
f 2710/4921/894 2402/4922/92 2401/4923/655 2693/4924/92
f 3668/4925/12 3669/4926/12 3810/4927/12 3811/4928/12
f 3419/4677/520 3420/1927/514 3321/1930/516 3320/4678/175
f 3405/4612/835 3406/4929/471 3343/4930/472 3342/4613/470
f 2450/2135/111 2789/2134/111 2790/2966/140 2451/2965/752
f 3041/3211/794 3040/3107/779 3034/3110/779 3033/3212/76
f 3657/4931/430 3656/4198/9 3947/4197/901 3942/4932/969
f 3250/1788/467 3249/2423/481 3195/2426/9 3194/1789/467
f 2475/4933/186 2467/1035/186 2488/1034/186 2489/1026/186 2474/1025/186
f 3819/4934/94 3827/3147/237 4014/3148/237 4013/4935/94
f 2590/4404/240 2589/3707/241 2726/3710/241 2725/4405/240
f 3551/1283/92 3543/1267/92 3538/1266/92 3539/4936/92 3540/1284/92
f 3039/4937/78 3047/3242/797 3027/3243/797 3026/4938/78
f 3708/4939/12 3709/4940/12 3710/4941/12 3711/4942/12 3712/4943/12 3713/4944/12 3714/4945/12 3715/4946/12 3716/4947/12 3717/4948/12 3718/4949/12 3719/4950/12 3720/2996/12 3837/2995/12 3838/4951/12 3839/4952/12 3840/4953/12 3841/4954/12 3842/2991/12 3685/2990/12 3686/4955/12 3687/4956/12 3688/4957/12 3689/2375/12 3781/2374/12 3782/4958/12 3774/4959/12 3775/4960/12 3776/4961/12 3777/4962/12 3778/4963/12 3779/4964/12 3780/2373/12 3690/2372/12 3691/4965/12 3692/4966/12 3693/4967/12 3694/4968/12 3695/4969/12 3696/4970/12 3697/4971/12 3698/4972/12 3699/4973/12 3700/4974/12 3701/4975/12 3654/4976/12 3655/4977/12 3800/4978/12 3792/4979/12 3793/4980/12 3794/4981/12 3795/4982/12 3796/4983/12 3767/4984/12 3768/4985/12 3769/4986/12 3770/4987/12 3771/4988/12 3772/4989/12 3773/4990/12 3650/4991/12 3649/4992/12 3648/1583/12 3786/1582/12 3787/4993/12 3788/4994/12 3789/4995/12 3790/4996/12 3791/4997/12 3783/1579/12 3705/1578/12 3706/4998/12 3707/4999/12
f 2509/4790/183 2508/3478/1 2565/3479/3 2564/4791/184
f 4202/5000/94 4203/4878/159 4122/4879/159 4121/5001/94
f 2729/5002/403 2728/4352/853 2405/4355/853 2404/5003/403
f 3845/4168/237 3844/2322/399 4033/2325/632 4032/4169/237
f 2743/1821/406 2742/4287/918 2432/4288/918 2431/1822/406
f 3242/5004/466 3241/4890/978 3176/4891/467 3175/5005/468
f 3804/5006/181 3803/390/132 4002/393/81 4001/5007/728
f 2537/3095/774 2538/5008/820 2366/5009/797 2365/3096/774
f 3239/5010/601 3247/4680/33 3170/4681/33 3169/5011/601
f 3824/1615/197 3823/3531/530 4018/3532/199 4017/1616/197
f 509/4851/583 505/4850/583 506/1597/431 508/1596/431
f 3563/3588/23 3564/3302/21 3537/3305/327 3536/3589/23
f 3798/5012/12 3799/5013/12 3800/4978/12 3655/4977/12 3656/5014/12 3657/5015/12 3658/5016/12 3659/5017/12 3660/5018/12 3661/5019/12 3662/5020/12 3663/5021/12 3664/5022/12 3665/5023/12 3666/5024/12 3667/5025/12 3668/4925/12 3811/4928/12 3812/5026/12 3813/5027/12 3814/5028/12 3815/5029/12 3816/5030/12 3817/5031/12 3818/5032/12 3810/4927/12 3669/4926/12 3670/5033/12 3671/5034/12 3672/5035/12 3673/5036/12 3674/5037/12 3675/2980/12 3820/2979/12 3821/5038/12 3822/5039/12 3823/5040/12 3824/5041/12 3825/5042/12 3826/5043/12 3827/5044/12 3819/2978/12 3736/2977/12 3737/5045/12 3738/5046/12 3739/5047/12 3740/5048/12 3741/5049/12 3742/5050/12 3743/5051/12 3744/5052/12 3745/5053/12 3746/5054/12 3747/5055/12 3748/5056/12 3749/5057/12 3750/5058/12 3751/5059/12 3752/5060/12 3753/5061/12 3754/5062/12 3755/5063/12 3756/5064/12 3757/5065/12 3758/1107/12 3806/1106/12 3807/5066/12 3808/5067/12 3809/5068/12 3801/5069/12 3802/5070/12 3803/5071/12 3804/5072/12 3805/1105/12 3759/1104/12 3760/5073/12 3761/5074/12 3762/5075/12 3763/5076/12 3764/5077/12 3765/5078/12 3766/5079/12 3767/4984/12 3796/4983/12 3797/5080/12
f 3119/3336/484 3120/2344/110 3110/2347/110 3111/3337/814
f 3413/560/99 3414/3648/470 3333/3651/470 3332/561/99
f 3133/5081/138 3134/2051/260 3132/2054/260 3124/5082/138
f 4173/5083/981 4174/204/93 4165/207/93 4164/5084/981
f 3578/2130/571 3570/5085/9 3525/5086/9 3533/2131/381
f 335/5087/662 342/5088/664 317/5089/963 324/5090/186
f 3139/251/109 3140/2499/155 3126/2502/155 3127/252/109
f 3044/904/278 3043/3705/271 3031/3706/271 3030/905/278
f 3789/2340/437 3788/1993/197 3981/1996/197 3980/2341/437
f 3601/4049/661 3602/1871/295 3503/1874/492 3502/4050/661
f 3872/2239/615 3728/2238/614 3727/3614/588 3871/3613/588
f 3590/5091/23 3591/4251/21 3510/4254/21 3509/5092/23
f 2385/4866/974 2384/5093/202 2669/5094/205 2670/4867/974
f 2974/4183/898 2862/4182/90 2861/5095/982 2975/5096/983
f 199/5097/35 198/4892/466 592/4893/466 593/5098/35
f 3448/4455/101 3449/3451/99 3296/3454/99 3295/4456/101
f 3614/2183/571 3606/5099/9 3489/5100/9 3497/2184/381
f 2989/2032/549 2877/2031/263 2876/5101/984 2990/5102/985
f 3932/4712/966 3927/5103/680 3672/5104/682 3671/4713/966
f 3048/5105/78 3056/5106/797 3012/5107/797 3011/5108/78
f 2963/5109/986 2875/5110/987 2874/3188/788 2962/3187/787
f 3152/795/260 3153/4843/304 3149/4844/304 3150/796/260
f 3081/5111/768 2891/5112/767 2842/5113/756 2849/5114/757 2996/5115/789 3082/5116/790
f 3396/4398/470 3397/3584/164 3352/3587/164 3351/4399/470
f 251/5117/167 250/1462/384 554/1465/384 555/5118/225
f 3068/235/76 3067/5119/779 3005/5120/779 3004/236/76
f 3072/2333/154 3071/4845/278 3001/4846/278 3000/2334/154
f 4180/3529/306 4181/4217/95 4154/4218/97 4153/3530/306
f 3965/4882/977 3686/4881/5 3685/2959/749 3964/2958/33
f 239/5121/130 247/1430/282 569/1433/282 561/5122/131
f 535/2181/431 533/2180/431 525/3487/186 534/3486/186
f 3379/2797/726 3380/5123/988 3371/5124/989 3370/2798/726
f 3812/515/81 3811/422/80 4012/425/80 4011/516/81
f 3558/1908/503 3559/3142/226 3550/3143/226 3549/1909/503
f 4/2525/679 7/2524/5 8/5125/990 3/5126/33
f 3814/3414/530 3813/514/181 4010/517/181 4009/3415/199
f 2646/648/224 2645/3298/714 2839/3301/714 2838/649/224
f 4223/3139/104 4224/5127/103 4107/5128/103 4106/3140/104
f 2850/2415/654 2930/177/86 2993/180/86 2851/5129/12
f 3637/5130/524 3466/5131/970 3465/2127/362 3636/2126/569
f 2484/3824/810 2483/518/182 2662/521/182 2661/3825/810
f 48/4860/971 38/4859/9 37/2146/574 47/2145/35
f 3838/151/80 3837/5132/94 4031/5133/94 4039/152/80
f 273/4412/292 272/5134/353 128/5135/274 127/4413/935
f 348/5136/257 347/3534/33 359/3533/840 360/5137/307
f 3264/1204/9 3265/3284/9 3229/3287/9 3228/1205/9
f 2643/4700/241 2642/5138/78 2833/5139/78 2841/4701/241
f 484/4515/518 488/4514/33 489/5140/991 485/5141/5
f 2400/2420/656 2399/3480/837 2691/3483/837 2692/2421/657
f 3020/5142/186 2947/3737/186 3026/3736/186 3027/5143/186 3028/3750/186 2955/3749/186 3022/5144/186 3021/5145/186
f 3597/5146/9 3598/5147/71 3499/5148/992 3498/5149/9
f 3896/4915/416 3897/1997/531 3754/2000/531 3753/4916/416
f 3855/5150/448 3856/5151/915 3711/5152/915 3710/5153/446
f 3579/5154/9 3580/5155/71 3517/5156/71 3516/5157/9
f 540/5158/695 528/5159/695 529/1121/297 539/1120/296
f 3580/5155/71 3581/2521/678 3518/2522/23 3517/5156/71
f 3281/2783/5 3280/1931/5 3221/1934/5 3220/2784/5
f 3206/1831/481 3205/5160/280 3160/5161/719 3168/1832/481
f 2963/5109/986 2990/5102/985 2876/5101/984 2875/5110/987
f 3456/2823/739 3285/2822/738 3284/1829/480 3455/1828/480
f 3730/5162/937 3729/2237/613 3873/2236/612 3874/5163/936
f 2607/3906/241 2606/5164/78 2731/5165/78 2739/3907/241
f 3392/4682/172 3393/4721/173 3348/4722/173 3347/4683/175
f 4157/5166/92 4158/3326/92 4151/3325/92 4152/5167/92 4153/5168/92 4154/3319/92 4165/3318/92
f 3406/4929/471 3407/3344/819 3344/3347/91 3343/4930/472
f 2616/1960/241 2615/5169/78 2815/5170/78 2823/1961/241
f 3377/2601/706 3378/2796/725 3369/2799/727 3368/2602/707
f 2887/4241/910 2886/4097/882 3062/4100/882 3061/4242/910
f 2397/5171/859 2396/4690/956 2675/4693/959 2676/5172/691
f 2453/1533/409 2792/1532/409 2793/5173/388 2454/5174/388
f 4210/1188/156 4202/5175/94 4121/5176/94 4129/1189/156
f 215/1905/501 214/1610/436 550/1613/163 549/1906/501
f 3865/5177/890 3866/24/9 3723/23/17 3722/5178/891
f 333/5179/785 353/2790/722 365/2793/722 334/5180/5
f 4216/1137/306 4217/266/95 4118/269/97 4117/1138/306
f 3067/5119/779 3066/5181/78 2997/5182/78 3005/5120/779
f 2506/1467/178 2505/1887/495 2568/1888/158 2567/1468/178
f 2437/1443/375 2436/5183/136 2706/5184/318 2707/1444/375
f 4228/4392/156 4220/5185/94 4103/5186/94 4111/4393/156
f 4183/1111/156 4175/5187/94 4148/5188/94 4156/1112/156
f 541/5189/694 527/5190/694 528/5159/695 540/5158/695
f 3565/3303/326 3566/1602/157 3539/1603/433 3538/3304/326
f 2381/4710/965 2552/4709/106 2551/2834/242 2382/2833/740
f 3849/5191/92 3848/5192/92 3847/5193/92 3984/5194/92 3985/5195/92 3977/5196/92
f 4242/1141/103 4243/4011/306 4090/4012/306 4089/1142/103
f 3009/4309/186 3014/4308/186 3015/4300/186 3008/4299/186
f 3740/5197/444 3739/172/9 3882/171/82 3883/5198/441
f 3947/5199/92 3946/5200/92 3945/5201/92 3950/5202/92 3949/5203/92 3948/5204/92 3953/5205/92 3952/5206/92 3951/5207/92 3956/5208/92 3955/2895/92 3973/2894/92 3974/5209/92 3975/2887/92 3852/2886/92 3851/5210/92 3850/5211/92 3849/5191/92 3977/5196/92 3978/5212/92 3979/5213/92 3980/5214/92 3981/5215/92 3982/5216/92 3983/5217/92 3984/5194/92 3847/5193/92 3846/5218/92 3644/5219/92 3643/5220/92 3642/5221/92 3653/5222/92 3652/5223/92 3651/5224/92 3915/5225/92 3914/5226/92 3913/5227/92 3912/5228/92 3911/5229/92 3910/5230/92 3909/1418/92 3990/1417/92 3991/5231/92 3992/5232/92 3993/5233/92 3994/5234/92 3986/5235/92 3987/5236/92 3988/5237/92 3989/1416/92 3908/1419/92 3907/5238/92 3906/4124/92 4000/4123/92 4001/5239/92 4002/5240/92 4003/5241/92 3995/5242/92 3996/5243/92 3997/5244/92 3998/5245/92 3999/4122/92 3899/4121/92 3898/5246/92 3897/5247/92 3896/2842/92 4008/2841/92 4009/5248/92 4010/2930/92 3938/2929/92 3937/5249/92 3936/5250/92 3941/5251/92 3940/5252/92 3939/5253/92 3944/5254/92 3943/5255/92 3942/5256/92
f 2446/1926/86 2763/1925/86 2764/3818/870 2447/3817/196
f 3461/1511/402 3290/1510/402 3289/4332/923 3460/4331/923
f 4224/5127/103 4225/2405/306 4108/2406/306 4107/5128/103
f 206/4876/501 205/4001/161 523/4002/163 522/4877/501
f 483/5257/993 482/2192/587 490/2195/587 491/5258/994
f 252/3416/166 251/5117/167 555/5118/225 556/3417/166
f 2366/987/186 2367/996/186 2445/995/186 2446/5259/186 2447/988/186
f 302/5260/476 192/5261/78 186/5262/280 185/5263/78
f 82/5264/5 485/5141/5 489/5140/991 83/5265/5
f 3136/3551/305 3137/4113/484 3129/4114/814 3130/3552/305
f 3893/5266/954 3894/3090/771 3751/3089/770 3750/5267/955
f 513/2579/695 501/2578/695 502/3195/297 512/3194/297
f 2/5268/33 3/5126/33 8/5125/990 1/5269/33
f 3428/3215/175 3429/4884/173 3312/4885/173 3311/3216/175
f 3805/2683/198 3804/5006/181 4001/5007/728 4000/2684/199
f 2885/4098/883 2884/2250/622 3064/2253/623 3063/4099/883
f 57/60/38 69/59/37 56/5270/36 483/5257/993 491/5258/994
f 3198/4195/467 3197/4221/9 3186/4224/9 3185/4196/467
f 3121/2345/109 3122/4376/155 3108/4377/155 3109/2346/637
f 2457/1299/359 2796/1298/359 2788/2137/78 2449/2136/78
f 2727/4353/925 2711/5271/12 2407/5272/697 2406/4354/925
f 3589/3932/71 3590/5091/23 3509/5092/23 3508/3933/72
f 2324/3375/825 2325/2208/548 2326/2211/548 2327/3376/826
f 3587/3951/12 3575/3950/12 3574/5273/12 3573/5274/12 3572/5275/12 3571/5276/12 3570/5277/12 3578/3947/12 3641/3946/12 3640/3959/12 3580/3958/12 3579/5278/12
f 2367/3350/77 2539/3349/190 2540/4211/906 2368/4210/905
f 3829/5279/80 3828/5280/94 4022/5281/94 4030/5282/80
f 2362/2119/564 2361/5283/716 2533/5284/717 2534/2120/565
f 231/3545/129 230/5285/150 570/5286/150 571/3546/129
f 3383/2678/696 3384/1863/173 3357/1866/173 3356/2679/696
f 3592/4252/914 3593/5287/157 3512/5288/995 3511/4253/326
f 3273/3334/812 3274/5289/156 3238/5290/156 3237/3335/813
f 4171/1911/505 4172/5291/996 4163/5292/996 4162/1912/506
f 3925/4422/939 3926/2266/626 3677/2269/626 3676/4423/939
f 3025/5293/78 3024/2212/599 3076/2215/599 3075/5294/500
f 88/102/64 89/2132/572 94/77/52 95/99/61
f 3598/5147/71 3599/394/23 3500/397/23 3499/5148/992
f 3374/1161/315 3375/4059/880 3366/4060/880 3365/1162/316
f 3586/1889/14 3587/4686/381 3524/4689/381 3523/1890/14
f 2425/5295/941 2424/4862/972 2702/4863/973 2683/5296/864
f 3860/1125/299 3861/262/114 3716/265/117 3715/1126/299
f 2919/4207/904 2943/5297/78 2940/5298/214 2920/5299/78
f 3898/1998/532 3899/5300/997 3900/4875/976 3756/4874/975 3755/1999/533
f 339/5301/744 340/5302/613 337/5303/998 338/5304/743
f 2318/1094/291 2321/1093/190 2322/5305/999 2317/5306/263
f 280/2260/275 279/2164/452 166/2167/452 165/2261/275
f 2939/5307/392 3084/2243/106 2994/2242/617 2935/5308/12
f 3863/1921/511 3718/1920/35 3717/264/116 3862/263/115
f 2975/5096/983 2861/5095/982 2860/3359/824 2976/3358/823
f 4098/5309/92 4099/5310/92 4100/5311/92 4101/5312/92 4102/5313/92 4094/5314/92 4095/5315/92 4096/4041/92 4164/3317/92 4089/3316/92 4090/5316/92 4091/5317/92 4092/5318/92 4093/5319/92 4085/5320/92 4086/3313/92 4077/3312/92 4078/5321/92 4079/5322/92 4080/4016/92 4107/4015/92 4108/5323/92 4109/5324/92 4110/5325/92 4111/5326/92 4103/4043/92 4097/4042/92
f 3832/3939/199 3831/3370/181 4028/3373/181 4027/3940/199
f 3210/4432/541 3209/2380/649 3165/2383/542 3164/4433/942
f 4082/4034/92 4133/4033/92 4134/5327/92 4135/4026/92 4121/4025/92 4122/5328/92 4123/5329/92 4124/5330/92 4125/5331/92 4126/5332/92 4127/4022/92 4114/4021/92 4115/5333/92 4116/5334/92 4117/5335/92 4118/5336/92 4119/4017/92 4080/4016/92 4081/5337/92
f 4249/4204/437 4078/4203/437 4077/3383/265 4248/3382/265
f 2517/2058/106 2516/5338/1000 2527/5339/1000 2528/2059/106
f 2466/1453/379 2814/1452/359 2806/2494/668 2458/2493/667
f 3775/467/80 3774/5340/94 3968/5341/94 3976/468/80
f 2594/4912/979 2593/4519/223 2722/4520/223 2721/4913/465
f 2883/2251/407 2882/5342/78 3057/5343/78 3065/2252/407
f 3274/5289/156 3266/5344/78 3230/5345/78 3238/5290/156
f 201/3262/69 200/5346/5 588/5347/5 589/3263/69
f 3669/5348/228 3668/2255/35 3935/2254/624 3930/5349/226
f 2497/504/178 2496/4870/158 2577/4873/158 2576/505/178
f 3943/4726/780 3944/3029/755 3659/3032/755 3658/4727/780
f 2353/2811/732 2354/2810/731 2355/373/126 2352/372/125
f 190/5350/94 191/5351/94 182/5352/94 189/5353/94
f 3949/4627/952 3950/3097/775 3701/3100/775 3700/4628/952
f 2818/5354/186 2809/5355/186 2808/5356/186 2817/5357/186
f 4195/576/160 4196/242/102 4133/245/104 4132/577/160
f 401/365/121 394/5358/650 399/5359/651 402/366/122
f 2516/5338/1000 2515/5360/828 2526/5361/829 2527/5339/1000
f 3675/5362/940 3674/4605/35 3929/4604/949 3924/5363/194
f 118/498/176 459/497/35 460/4191/900 119/4190/9
f 3936/5364/330 3937/802/264 3664/805/266 3663/5365/616
f 4084/3129/780 4255/3128/780 4247/3385/186 4076/3384/186
f 2378/4320/765 2377/1779/463 2556/1782/463 2555/4321/765
f 2581/5366/94 2582/2649/94 2623/2648/94 2615/2640/94 2612/2639/94 2613/5367/94 2614/5368/94 2606/2633/94 2546/2632/94 2547/3568/94 2597/3567/94 2598/5369/94 2599/5370/94 2600/5371/94 2601/5372/94 2602/5373/94 2603/5374/94 2604/3565/94 2591/3564/94 2592/5375/94 2593/5376/94 2594/5377/94 2595/3572/94 2635/3571/94 2636/5378/94 2637/1524/94 2626/1523/94 2627/5379/94 2628/5380/94 2629/5381/94 2630/5382/94 2631/5383/94 2632/5384/94 2624/1521/94 2639/1520/94 2640/5385/94 2641/5386/94 2633/5387/94 2634/3570/94 2548/3569/94 2549/5388/94 2550/2671/94 2668/2670/94 2660/5389/94 2661/5390/94 2662/5391/94 2663/5392/94 2664/5393/94 2665/2667/94 2578/2666/94 2570/5394/94 2571/2659/94 2647/2658/94 2648/5395/94 2649/5396/94 2650/5397/94 2642/5398/94 2643/5399/94 2644/5400/94 2645/2656/94 2657/2655/94 2658/5401/94 2659/5402/94 2651/5403/94 2652/5404/94 2653/2651/94 2583/2650/94 2584/5405/94 2585/5406/94 2586/5407/94 2587/5408/94 2579/5409/94 2580/5410/94
f 3713/1537/413 3858/1536/412 3859/1124/298 3714/1127/298
f 3593/5287/157 3594/4919/16 3513/4920/16 3512/5288/995
f 3056/5106/797 3055/1598/152 3013/1601/432 3012/5107/797
f 405/4361/926 406/4521/946 409/4524/946 410/4362/926
f 2459/2492/111 2807/2491/111 2808/4603/140 2460/4602/140
f 271/5411/275 270/4449/943 130/4450/452 129/5412/275
f 3830/3371/132 3829/5279/80 4030/5282/80 4029/3372/81
f 352/2791/723 351/5413/362 363/5414/361 364/2792/724
f 272/5134/353 271/5411/275 129/5412/275 128/5135/274
f 383/4350/924 378/5415/944 377/5416/945 384/4351/924
f 3450/3452/835 3451/4051/164 3298/4052/876 3297/3453/470
f 255/3525/369 254/763/245 558/766/245 559/3526/839
f 4172/5291/996 4173/5083/981 4164/5084/981 4163/5292/996
f 199/5417/136 593/5418/136 588/5419/136 200/5420/136
f 4221/1364/159 4222/3138/160 4105/3141/160 4104/1365/159
f 2414/2317/629 2413/4325/921 2697/4328/922 2698/2318/630
f 542/3485/185 526/3484/185 527/5190/694 541/5189/694
f 3635/2129/570 3464/2128/570 3463/2175/582 3634/2174/581
f 3243/2011/542 3242/5004/466 3175/5005/468 3174/2012/542
f 4191/4368/96 4192/442/156 4147/445/156 4146/4369/96
f 3278/5421/35 3277/2483/35 3224/2486/35 3223/5422/35
f 4175/5423/12 4183/5424/12 4182/5425/12 4248/5426/12 4247/5427/12 4255/2387/12 4185/2386/12 4184/5428/12 4192/5429/12 4191/5430/12 4190/5431/12 4189/2399/12 4201/2398/12 4200/5432/12 4199/5433/12 4198/2392/12 4203/2391/12 4202/5434/12 4210/5435/12 4209/5436/12 4208/5437/12 4207/5438/12 4206/5439/12 4205/5440/12 4204/2390/12 4253/2389/12 4252/5441/12 4251/5442/12 4250/5443/12 4249/5444/12 4229/5445/12 4237/5446/12 4236/5447/12 4235/5448/12 4234/5449/12 4233/5450/12 4232/5451/12 4220/5452/12 4228/5453/12 4227/5454/12 4226/5455/12 4225/5456/12 4224/5457/12 4223/5458/12 4218/5459/12 4217/5460/12 4216/5461/12 4215/5462/12 4214/5463/12 4213/5464/12 4212/5465/12 4211/5466/12 4170/5467/12 4169/5468/12 4168/5469/12 4167/5470/12 4166/5471/12 4174/5472/12 4181/5473/12 4180/5474/12 4179/5475/12 4178/5476/12 4177/5477/12 4176/5478/12
f 3372/5479/90 3373/1160/314 3364/1163/314 3363/5480/90
f 2823/5481/186 2815/5482/186 2816/5483/186 2817/5357/186 2808/5356/186 2807/5484/186 2806/5485/186 2814/5486/186 2813/5487/186 2812/5488/186 2811/5489/186 2810/5490/186 2809/5355/186 2818/5354/186 2819/5491/186 2820/5492/186 2821/5493/186 2822/5494/186
f 3213/2779/718 3212/4270/67 3162/4273/70 3161/2780/718
f 4239/5495/12 4238/5496/12 4248/5426/12 4182/5425/12 4181/5473/12
f 2316/5497/597 2317/5306/263 2322/5305/999 2323/5498/598
f 4241/5499/12 4240/5500/12 4239/5495/12 4181/5473/12 4174/5472/12 4173/5501/12 4172/5502/12 4171/5503/12 4170/5467/12 4211/5466/12 4219/5504/12 4218/5459/12 4223/5458/12 4222/5505/12 4221/5506/12 4220/5452/12 4232/5451/12 4231/5507/12 4230/5508/12 4229/5445/12 4249/5444/12 4248/5426/12 4238/5496/12 4246/5509/12 4245/5510/12 4244/5511/12 4243/5512/12 4242/5513/12
f 59/5514/35 496/570/35 494/569/194 60/5515/35
f 2361/5283/716 2360/5516/660 2532/5517/670 2533/5284/717
f 3380/5123/988 3372/5518/90 3363/5519/90 3371/5124/989
f 303/1813/477 304/4696/962 194/4699/962 193/1814/478
f 3192/1883/92 3193/5520/92 3194/5521/92 3195/5522/92 3187/5523/92 3188/5524/92 3189/5525/92 3190/1881/92 3095/1880/92 3094/5526/92 3093/5527/92 3092/5528/92 3091/5529/92 3090/5530/92 3089/5531/92 3088/1884/92
f 2903/5532/343 2902/414/142 2946/417/145 2947/5533/78
f 3933/5534/635 3934/2257/35 3667/2256/625 3666/5535/636
f 4238/5536/94 4239/454/159 4086/457/159 4085/5537/94
f 2730/4164/895 2729/5002/403 2404/5003/403 2403/4165/895
f 3645/5538/27 3646/4401/5 3643/4400/932 3644/5539/24
f 2495/4871/77 2494/5540/78 2570/5541/78 2578/4872/77
f 337/5303/998 340/5302/613 341/2449/663 336/2448/9
usemtl 5,5,5.002
f 2040/5542/589 2039/5543/1001 2048/5544/1001 2049/5545/1002
f 747/5546/399 684/5547/400 683/5548/1003 746/5549/1003
f 994/5550/1004 986/5551/78 959/5552/78 967/5553/1004
f 1863/5554/1005 1864/5555/1006 1801/5556/1007 1800/5557/1008
f 1608/5558/1009 1607/5559/1010 637/5560/1011 1614/5561/1012 1622/5562/1013
f 1516/5563/1014 1517/5564/1015 1508/5565/1016 1507/5566/1017
f 837/5567/1018 838/5568/1019 829/5569/1020 828/5570/1018
f 2193/5571/1021 2192/5572/1022 2001/5573/1023 2000/5574/1024
f 1592/5575/12 1604/5576/12 1605/5577/12 1593/5578/12
f 844/5579/1025 845/5580/1026 836/5581/1027 835/5582/1028
f 1888/5583/1029 1889/5584/1030 1826/5585/1030 1825/5586/1029
f 768/5587/1031 767/5588/1032 776/5589/1032 777/5590/1033
f 675/5591/1034 666/5592/1034 665/5593/260 674/5594/260
f 946/5595/1035 937/5596/1036 936/5597/1037 945/5598/1038
f 2176/5599/1008 2177/5600/1039 2114/5601/1040 2113/5602/1005
f 1107/5603/1041 1108/5604/1042 1081/5605/1042 1080/5606/1043
f 1006/5607/1044 1005/5608/1045 931/5609/1046 930/5610/1047
f 1120/5611/1048 1121/5612/1049 1094/5613/1050 1093/5614/1048
f 1768/5615/1051 1759/5616/1051 1758/5617/186 1767/5618/186
f 1761/5619/1052 1770/5620/1052 1771/5621/1053 1762/5622/1054
f 783/5623/1003 701/5624/1003 700/5625/94 782/5626/94
f 2069/5627/120 2068/5628/1055 2077/5629/1055 2078/5630/1056
f 728/5631/309 623/5632/309 622/5633/1057 729/5634/1058
f 994/5635/1059 993/5636/1060 907/5637/1061 906/5638/1062
f 1219/5639/1063 1192/5640/1063 1191/5641/1064 1218/5642/1064
f 2054/5643/1065 2053/5644/1066 2062/5645/1067 2063/5646/1068
f 2230/5647/1069 2231/5648/1070 2168/5649/1070 2167/5650/1069
f 1385/5651/1071 1322/5652/1072 1321/5653/185 1384/5654/185
f 995/5655/1073 1003/5656/1059 915/5657/1062 914/5658/1073
f 1216/5659/1074 1243/5660/1074 1235/5661/136 1208/5662/136
f 1064/5663/1075 1073/5664/1075 1065/5665/94 1056/5666/94
f 2052/5667/1076 2051/5668/1077 2060/5669/1078 2061/5670/1079
f 1224/5671/1080 1197/5672/1081 1196/5673/1082 1223/5674/1082
f 2219/5675/940 2220/5676/1083 2157/5677/1083 2156/5678/940
f 643/5679/186 1595/5680/186 1623/5681/186 633/5682/186
f 1642/5683/94 1641/5684/94 1640/5685/94 1646/5686/94 1647/5687/94
f 1864/5555/1006 1865/5688/1084 1802/5689/1085 1801/5556/1007
f 734/5690/1034 617/5691/1086 616/5692/260 735/5693/260
f 1910/5694/1049 1919/5695/1049 1920/5696/1087 1911/5697/1087
f 2000/5698/12 2001/5699/12 1963/5700/12 1962/5701/12 1961/5702/12 2002/5703/12 2003/5704/12 2043/5705/12 2044/5706/12 1987/5707/12 1988/5708/12 1994/5709/12 1995/5710/12 1996/5711/12 1997/5712/12 1998/5713/12 1999/5714/12
f 863/5715/81 743/5716/81 742/5717/728 862/5718/181
f 1102/5719/1088 1101/5720/481 1020/5721/481 1028/5722/1089
f 1405/5723/1090 1404/5724/1091 1413/5725/1092 1414/5726/1090
f 2173/5727/1093 2181/5728/1094 1976/5729/1095 1975/5730/1096
f 1328/5731/431 1391/5732/431 1383/5733/186 1320/5734/186
f 2229/5735/1097 2230/5647/1069 2167/5650/1069 2166/5736/1098
f 2098/5737/1099 2107/5738/1100 2108/5739/1101 2099/5740/1101
f 949/5741/1102 940/5742/1103 939/5743/1104 948/5744/1105
f 1874/5745/1051 1866/5746/186 1803/5747/186 1811/5748/1051
f 1335/5749/1106 1251/5750/1107 1250/5751/1108 1336/5752/1109
f 1942/5753/1110 1933/5754/1110 1932/5755/1111 1941/5756/1112
f 1861/5757/1113 1862/5758/1040 1799/5759/1040 1798/5760/1114
f 4063/5761/1115 4064/5762/1116 4055/5763/1116 4054/5764/1117
f 1173/5765/1118 1172/5766/78 1181/5767/78 1182/5768/1118
f 2046/5769/1119 2045/5770/1120 2054/5771/945 2055/5772/1121
f 2198/5773/1122 2199/5774/1123 2136/5775/1123 2135/5776/1124
f 1316/5777/1125 1298/5778/1126 1297/5779/1127 1315/5780/1128
f 946/5781/957 955/5782/957 956/5783/1082 947/5784/1082
f 771/5785/1129 770/5786/1130 779/5787/1131 780/5788/1129
f 1859/5789/1132 1858/5790/1133 1685/5791/1134 1684/5792/1135
f 1753/5793/1136 1754/5794/1137 1745/5795/1138 1744/5796/1139
f 1401/5797/186 1409/5798/1140 1418/5799/1140 1410/5800/186
f 1308/5801/1141 1307/5802/1142 1949/5803/1143 1950/5804/1144
f 875/5805/1019 876/5806/1145 867/5807/1146 866/5808/1147
f 2016/5809/12 2017/5810/12 1958/5811/12 1957/5812/12 1956/5813/12 2028/5814/12 2020/5815/12 2015/5816/12
f 1460/5817/1148 1359/5818/1149 1358/5819/1071 1459/5820/1071
f 2181/5821/1150 2173/5822/9 2110/5823/9 2118/5824/1151
f 770/5825/1152 771/5826/1026 762/5827/1027 761/5828/1028
f 804/5829/1153 805/5830/1154 796/5831/1155 795/5832/1156
f 1766/5833/1157 1775/5834/1157 1767/5618/186 1758/5617/186
f 894/5835/1158 1017/5836/1158 596/5837/1159 595/5838/1159
f 1496/5839/1071 1376/5840/1072 1375/5841/185 1495/5842/185
f 1103/5843/1049 1104/5844/1160 1077/5845/1087 1076/5846/1050
f 881/5847/1130 880/5848/1161 889/5849/1161 890/5850/1130
f 730/5851/1162 621/5852/1162 620/5853/1163 731/5854/1164
f 1354/5855/1109 1259/5856/1109 1258/5857/137 1355/5858/137
f 1733/5859/1165 1724/5860/1165 1723/5861/228 1732/5862/228
f 1062/5863/1111 1071/5864/1111 1072/5865/1110 1063/5866/1110
f 822/5867/1166 721/5868/437 720/5869/399 821/5870/399
f 672/5871/309 681/5872/309 673/5873/94 664/5874/94
f 2202/5875/1101 2203/5876/1100 2140/5877/1100 2139/5878/1167
f 711/5879/1168 613/5880/1057 612/5881/1169 712/5882/1162
f 2080/5883/1170 2089/5884/1171 2090/5885/1172 2081/5886/1173
f 1564/5887/1174 1555/5888/304 1554/5889/1175 1563/5890/1176
f 1951/5891/1177 1950/5892/1178 1963/5893/1179 1964/5894/1180
f 1001/5895/1181 1002/5896/1182 975/5897/1183 974/5898/1184
f 767/5899/1153 768/5900/1154 759/5901/1155 758/5902/1156
f 949/5903/1185 958/5904/1185 950/5905/136 941/5906/136
f 2205/5907/1186 2206/5908/1187 2143/5909/1187 2142/5910/1188
f 1175/5911/1189 1174/5912/1190 1183/5913/1190 1184/5914/1191
f 2187/5915/1192 2186/5916/1193 1989/5917/1194 1988/5918/1195
f 1916/5919/1196 1925/5920/1196 1917/5921/186 1908/5922/186
f 879/5923/1031 878/5924/1197 887/5925/1032 888/5926/1031
f 4070/5927/825 4043/5928/825 4042/5929/1198 4069/5930/1198
f 1423/5931/1149 1341/5932/1149 1340/5933/1072 1422/5934/1071
f 2099/5740/1101 2108/5739/1101 2109/5935/1199 2100/5936/1199
f 1403/5937/1200 1402/5938/1201 1411/5939/1201 1412/5940/1200
f 1238/5941/1202 1211/5942/1202 1210/5943/1203 1237/5944/1063
f 1066/5945/1204 1057/5946/1204 1056/5666/94 1065/5665/94
f 2235/5947/1205 2234/5948/1206 2031/5949/1207 2030/5950/1208
f 697/5951/1209 647/5952/1210 646/5953/1034 698/5954/1034
f 821/5870/399 720/5869/399 719/5955/1003 820/5956/1003
f 1763/5957/1211 1655/5958/1212 1654/5959/1213 1762/5960/1214
f 1121/5612/1049 1122/5961/1160 1095/5962/1087 1094/5613/1050
f 1851/5963/1215 1852/5964/1216 1789/5965/1216 1788/5966/1217
f 1734/5967/333 1725/5968/95 1724/5860/1165 1733/5859/1165
f 1243/5660/1074 1216/5659/1074 1215/5969/1081 1242/5970/1081
f 1898/5971/1218 1899/5972/1219 1836/5973/1220 1835/5974/1218
f 4050/5975/186 4051/5976/186 4052/5977/186 4053/5978/186 4045/5979/186 4046/5980/186 4047/5981/186 4048/5982/186 4040/5983/186 4041/5984/186 4042/5985/186 4055/5986/186 4056/5987/186 4057/5988/186 4049/5989/186
f 839/5990/1221 838/5991/650 847/5992/650 848/5993/1222
f 858/5994/399 738/5995/632 737/5996/1003 857/5997/1003
f 2084/5998/1223 2075/5999/1224 2074/6000/1225 2083/6001/1225
f 1764/6002/1226 1773/6003/1226 1774/6004/1227 1765/6005/1228
f 2222/6006/1030 2223/6007/1029 2160/6008/1029 2159/6009/1030
f 1765/6005/1228 1774/6004/1227 1775/5834/1157 1766/5833/1157
f 1124/6010/1229 1125/6011/1041 1098/6012/1043 1097/6013/1229
f 1889/5584/1030 1890/6014/1230 1827/6015/1230 1826/5585/1030
f 4064/5762/1116 4065/6016/1231 4056/6017/1231 4055/5763/1116
f 1231/6018/1232 1204/6019/1232 1203/6020/1233 1230/6021/1233
f 599/6022/92 600/6023/92 613/6024/92 614/6025/92 606/6026/92
f 610/6027/92 611/6028/92 623/6029/92 615/6030/92 616/6031/92
f 751/6032/12 750/6033/12 749/6034/12 759/6035/12 760/6036/12 761/6037/12 762/6038/12 754/6039/12 755/6040/12 746/6041/12 745/6042/12 753/6043/12 752/6044/12
f 629/6045/92 630/6046/92 631/6047/92 632/6048/92 624/6049/92 625/6050/92 626/6051/92 627/6052/92 628/6053/92
f 787/6054/199 705/6055/199 704/6056/197 786/6057/197
f 895/6058/92 1596/6059/92 902/6060/92 896/6061/92
f 823/6062/197 722/6063/197 721/5868/437 822/5867/1166
f 660/6064/92 672/6065/92 664/6066/92 665/6067/92 666/6068/92 667/6069/92 668/6070/92 669/6071/92 670/6072/92 662/6073/92 663/6074/92 653/6075/92 654/6076/92 655/6077/92 656/6078/92 657/6079/92 658/6080/92 659/6081/92
f 1424/6082/1234 1342/6083/1235 1341/5932/1149 1423/5931/1149
f 1853/6084/1236 1854/6085/1237 1791/6086/1237 1790/6087/1236
f 744/6088/1238 864/6089/1238 856/6090/94 736/6091/94
f 1438/6092/186 1446/6093/1140 1455/6094/1140 1447/6095/186
f 1127/6096/1196 1119/6097/186 1092/6098/186 1100/6099/1196
f 840/6100/1239 841/6101/1240 832/6102/1241 831/6103/1242
f 1512/6104/186 1520/6105/521 1529/6106/521 1521/6107/186
f 1883/6108/1243 1875/6109/35 1812/6110/35 1820/6111/1243
f 692/6112/92 693/6113/92 694/6114/92 695/6115/92 705/6116/92 706/6117/92 707/6118/92 708/6119/92 700/6120/92 701/6121/92 702/6122/92 703/6123/92 704/6124/92 696/6125/92 697/6126/92 698/6127/92 699/6128/92 691/6129/92
f 719/6130/92 720/6131/92 716/6132/92 717/6133/92 709/6134/92 710/6135/92 711/6136/92 712/6137/92 713/6138/92 714/6139/92 722/6140/92 723/6141/92 724/6142/92 725/6143/92 726/6144/92 718/6145/92
f 734/6146/92 735/6147/92 738/6148/92 739/6149/92 740/6150/92 741/6151/92 742/6152/92 731/6153/92 732/6154/92 733/6155/92
f 2182/6156/78 2183/6157/517 2120/6158/517 2119/6159/78
f 1402/5938/1201 1401/6160/186 1410/6161/186 1411/5939/1201
f 1442/6162/1244 1441/6163/1091 1450/6164/1092 1451/6165/1090
f 1130/6166/1245 1244/6167/1245 1132/6168/1245 1129/6169/1245
f 4048/6170/1246 4075/6171/1247 4067/6172/1248 4040/6173/1248
f 1349/6174/1249 1264/6175/1249 1263/6176/1250 1350/6177/1251
f 2201/6178/1252 2200/6179/1253 2002/6180/1253 2010/6181/1254
f 1387/6182/92 1386/6183/92 1385/6184/92 1394/6185/92 1395/6186/92 1396/6187/92 1397/6188/92 1398/6189/92 1399/6190/92 1400/6191/92 1392/6192/92 1393/6193/92 1384/6194/92 1383/6195/92 1391/6196/92 1390/6197/92 1389/6198/92 1388/6199/92
f 652/6200/309 692/6201/309 691/6202/94 644/6203/94
f 784/6204/399 702/6205/399 701/5624/1003 783/5623/1003
f 1465/6206/431 1364/6207/431 1363/6208/1255 1464/6209/1256
f 1247/6210/1257 1013/6211/1257 900/6212/1258 1567/6213/1259
f 861/6214/199 741/6215/199 740/6216/197 860/6217/197
f 1820/6218/92 1812/6219/92 1813/6220/92 1814/6221/92 1815/6222/92 1816/6223/92 1817/6224/92 1818/6225/92 1819/6226/92
f 635/6227/92 636/6228/92 644/6229/92 645/6230/92 646/6231/92 647/6232/92 648/6233/92 649/6234/92 650/6235/92 640/6236/92 641/6237/92 642/6238/92 643/6239/92 633/6240/92 634/6241/92
f 758/6242/12 759/6035/12 749/6034/12 748/6243/12 747/6244/12 746/6041/12 755/6040/12 756/6245/12 757/6246/12
f 1784/6247/92 1776/6248/92 1777/6249/92 1778/6250/92 1779/6251/92 1780/6252/92 1781/6253/92 1782/6254/92 1783/6255/92
f 2077/6256/1260 2086/6257/1261 2087/6258/1262 2078/6259/1263
f 992/6260/1264 991/6261/1265 909/6262/1266 908/6263/1267
f 990/6264/1268 989/6265/1269 911/6266/1270 910/6267/1271
f 1856/6268/1272 1855/6269/1273 1670/6270/1274 1669/6271/1275
f 661/6272/1276 660/6273/1276 1133/6274/1277 1573/6275/1278
f 2174/6276/1279 2173/6277/1093 1975/6278/1096 1983/6279/1280
f 780/6280/1159 781/6281/1159 772/6282/1281
f 778/6283/1282 781/6284/1283 779/6285/1284
f 776/6286/1285 781/6287/1286 777/6288/1287
f 774/6289/1288 781/6290/1289 775/6291/1277
f 772/6292/1281 781/6293/1281 773/6294/1290
f 775/6291/1286 781/6295/1286 776/6286/1285
f 773/6294/1291 781/6296/1289 774/6289/1288
f 777/6288/1292 781/6297/1283 778/6283/1282
f 779/6285/1293 781/6298/1159 780/6280/1159
f 1177/6299/1294 1176/6300/1295 1185/6301/1295 1186/6302/1294
f 2234/5948/1206 2233/6303/1296 2032/6304/1297 2031/5949/1207
f 2227/6305/1298 2235/5947/1205 2030/5950/1208 2029/6306/1299
f 679/6307/1162 670/6308/1162 669/6309/1163 678/6310/1300
f 2195/6311/1301 2196/6312/1302 2133/6313/1302 2132/6314/1301
f 1063/5866/1110 1072/5865/1110 1073/5664/1075 1064/5663/1075
f 765/6315/1303 766/6316/1304 757/6317/1305 756/6318/1306
f 1515/6319/1307 1516/5563/1014 1507/5566/1017 1506/6320/1308
f 1861/6321/1309 1860/6322/1310 1683/6323/1305 1682/6324/1311
f 989/6265/1269 988/6325/1312 912/6326/1047 911/6266/1270
f 973/6327/94 974/6328/94 975/6329/94 976/6330/94 968/6331/94 969/6332/94 970/6333/94 971/6334/94 972/6335/94
f 817/6336/1159 818/6337/1159 809/6338/1281
f 815/6339/1282 818/6340/1283 816/6341/1284
f 813/6342/1285 818/6343/1286 814/6344/1287
f 811/6345/1288 818/6346/1289 812/6347/1277
f 809/6348/1281 818/6349/1281 810/6350/1290
f 812/6347/1285 818/6351/1286 813/6342/1285
f 810/6350/1291 818/6352/1289 811/6345/1288
f 814/6344/1292 818/6353/1283 815/6339/1282
f 816/6341/1293 818/6354/1159 817/6336/1159
f 2219/6355/1313 2218/6356/1314 2020/6357/1314 2028/6358/1315
f 1110/6359/186 1111/6360/1316 1084/6361/1316 1083/6362/186
f 833/6363/12 824/6364/12 823/6365/12 822/6366/12 821/6367/12 820/6368/12 819/6369/12 827/6370/12 826/6371/12 835/6372/12 836/6373/12 828/6374/12 829/6375/12 830/6376/12 831/6377/12 832/6378/12
f 834/6379/12 835/6372/12 826/6371/12 825/6380/12 824/6364/12 833/6363/12
f 1483/6381/1317 1475/6382/1318 1466/6383/1318 1474/6384/1319
f 1495/5842/185 1375/5841/185 1374/6385/186 1494/6386/186
f 876/5806/1145 877/6387/1239 868/6388/1320 867/5807/1146
f 1910/6389/1321 1576/6390/1322 1575/6391/1323 1909/6392/1324
f 880/6393/1325 881/6394/1025 872/6395/1028 871/6396/1326
f 1306/6397/1327 1305/6398/1328 1947/6399/1329 1948/6400/1327
f 854/6401/1159 855/6402/1159 846/6403/1281
f 852/6404/1282 855/6405/1283 853/6406/1158
f 850/6407/1276 855/6408/1330 851/6409/1287
f 848/6410/1291 855/6411/1331 849/6412/1286
f 846/6413/1281 855/6414/1281 847/6415/1289
f 849/6412/1286 855/6416/1330 850/6407/1276
f 847/6415/1291 855/6417/1331 848/6410/1291
f 851/6409/1282 855/6418/1283 852/6404/1282
f 853/6406/1293 855/6419/1159 854/6401/1159
f 1763/6420/1332 1772/6421/1333 1773/6003/1226 1764/6002/1226
f 2072/6422/1334 2071/6423/1335 2080/6424/1336 2081/6425/1337
f 864/6426/12 863/6427/12 862/6428/12 861/6429/12 870/6430/12 871/6431/12 872/6432/12 873/6433/12 865/6434/12 856/6435/12
f 2227/6436/35 2228/6437/1243 2165/6438/1338 2164/6439/35
f 807/6440/1152 808/6441/1026 799/6442/1027 798/6443/1028
f 1915/6444/1339 1581/6445/1340 1580/6446/1341 1914/6447/1342
f 1754/5794/1137 1755/6448/1343 1746/6449/1344 1745/5795/1138
f 1893/6450/5 1894/6451/1345 1831/6452/1346 1830/6453/5
f 1176/6300/1295 1175/5911/1189 1184/5914/1191 1185/6301/1295
f 1909/6392/1324 1575/6391/1323 1574/6454/1347 1908/6455/1347
f 1438/6456/1318 1439/6457/1348 1430/6458/1349 1429/6459/1318
f 891/6460/1159 892/6461/1159 883/6462/1281
f 889/6463/1282 892/6464/1283 890/6465/1158
f 887/6466/1276 892/6467/1330 888/6468/1287
f 885/6469/1291 892/6470/1331 886/6471/1330
f 883/6472/1281 892/6473/1281 884/6474/1289
f 886/6471/1286 892/6475/1330 887/6466/1276
f 884/6474/1291 892/6476/1331 885/6469/1291
f 888/6468/1282 892/6477/1283 889/6463/1282
f 890/6465/1293 892/6478/1159 891/6460/1159
f 594/6479/136 605/6480/136 895/6481/136 896/6482/136 893/6483/136
f 899/6484/136 600/6485/136 599/6486/136 897/6487/136 898/6488/136
f 1005/5608/1045 1004/6489/1073 923/6490/1073 931/5609/1046
f 1177/6491/1350 1168/6492/1351 1167/6493/1352 1176/6494/1353
f 1105/6495/1354 1106/6496/1229 1079/6497/1229 1078/6498/1354
f 902/6499/94 903/6500/94 939/6501/94 940/6502/94 932/6503/94 933/6504/94 896/6505/94
f 1427/6506/1255 1345/6507/1255 1344/6508/1355 1426/6509/232
f 937/6510/94 938/6511/94 939/6501/94 903/6500/94 904/6512/94 900/6513/94 912/6514/94 913/6515/94 905/6516/94 906/6517/94 907/6518/94 908/6519/94 909/6520/94 923/6521/94 924/6522/94 925/6523/94 926/6524/94 927/6525/94 901/6526/94 894/6527/94 919/6528/94 920/6529/94 921/6530/94 922/6531/94 914/6532/94 896/6505/94 933/6504/94 934/6533/94 935/6534/94 936/6535/94
f 2216/6536/1356 2215/6537/1357 2014/6538/1358 2013/6539/1359
f 2206/6540/1360 2205/6541/1361 2006/6542/1362 2005/6543/1363
f 839/6544/1145 840/6100/1239 831/6103/1242 830/6545/1146
f 1559/6546/1364 1550/6547/1364 1549/6548/186 1558/6549/186
f 948/6550/1081 957/6551/1081 958/5904/1185 949/5903/1185
f 1863/6552/1365 1862/6553/1366 1681/6554/1367 1680/6555/1368
f 952/6556/94 951/6557/94 950/6558/94 958/6559/94 957/6560/94 956/6561/94 955/6562/94 954/6563/94 953/6564/94
f 1747/6565/92 1748/6566/92 1740/6567/92 1741/6568/92 1737/6569/92 1736/6570/92 1735/6571/92 1734/6572/92 1733/6573/92 1732/6574/92 1731/6575/92 1739/6576/92 1738/6577/92 1742/6578/92 1743/6579/92 1744/6580/92 1745/6581/92 1746/6582/92
f 980/6583/94 981/6584/94 982/6585/94 983/6586/94 984/6587/94 985/6588/94 977/6589/94 978/6590/94 979/6591/94
f 764/6592/1019 765/6315/1303 756/6318/1306 755/6593/1147
f 1171/6594/1369 1180/6595/1370 1172/6596/1371 1163/6597/1371
f 1370/6598/1128 1270/6599/1372 1269/6600/1107 1371/6601/1107
f 803/6602/1373 802/6603/1221 811/6604/1222 812/6605/1373
f 1481/6606/1374 1482/6607/1375 1473/6608/1376 1472/6609/1377
f 999/6610/1268 998/6611/1269 920/6612/1270 919/6613/1271
f 1894/6451/1345 1895/6614/1378 1832/6615/1379 1831/6452/1346
f 1897/6616/1380 1896/6617/1381 1719/6618/1382 1718/6619/1383
f 1011/6620/1060 1010/6621/1264 926/6622/1267 925/6623/1061
f 1009/6624/1384 1010/6625/1181 983/6626/1385 982/6627/1294
f 1519/6628/1386 1518/6629/1387 1527/6630/1388 1528/6631/1386
f 677/6632/944 668/6633/1389 667/6634/1210 676/6635/1209
f 1221/6636/630 1194/6637/630 1193/6638/1202 1220/6639/1202
f 1461/6640/92 1460/6641/92 1459/6642/92 1468/6643/92 1469/6644/92 1470/6645/92 1471/6646/92
f 993/5636/1060 992/6260/1264 908/6263/1267 907/5637/1061
f 766/6316/1304 767/5899/1153 758/5902/1156 757/6317/1305
f 2081/5886/1173 2090/5885/1172 2091/6647/1390 2082/6648/1391
f 1514/6649/1392 1515/6319/1307 1506/6320/1308 1505/6650/1393
f 1913/6651/1394 1579/6652/1395 1578/6653/1396 1912/6654/1397
f 1884/6655/1398 1892/6656/1399 1705/6657/1400 1704/6658/1398
f 1388/6659/321 1325/6660/321 1324/6661/1234 1387/6662/1234
f 998/6611/1269 997/6663/1312 921/6664/1047 920/6612/1270
f 1105/6665/1401 1104/6666/1402 1026/6667/1403 1025/6668/1404
f 1125/6669/1405 1124/6670/1406 1042/6671/1407 1041/6672/1408
f 2220/6673/1409 2219/6355/1313 2028/6358/1315 2027/6674/1410
f 1735/6675/1411 1726/6676/1412 1725/5968/95 1734/5967/333
f 802/6603/1221 801/6677/650 810/6678/650 811/6604/1222
f 1409/5798/1140 1408/6679/1413 1417/6680/1414 1418/5799/1140
f 1222/6681/957 1195/6682/957 1194/6683/630 1221/6684/630
f 2233/6303/1296 2232/6685/1415 2033/6686/1416 2032/6304/1297
f 1642/6687/12 1647/6688/12 1645/6689/12 1643/6690/12
f 1033/6691/78 1034/6692/78 1055/6693/78 1046/6694/78 1038/6695/78 1039/6696/78 1040/6697/78 1041/6698/78 1042/6699/78 1043/6700/78 1023/6701/78 1024/6702/78 1025/6703/78 1026/6704/78 1027/6705/78 1028/6706/78 1020/6707/78 1047/6708/78 1048/6709/78 1015/6710/78 1019/6711/78 1018/6712/78 1017/6713/78 1030/6714/78 1031/6715/78 1032/6716/78
f 1022/6717/78 1023/6701/78 1043/6700/78 1044/6718/78 1045/6719/78 1046/6694/78 1055/6693/78 1047/6708/78 1020/6707/78 1021/6720/78
f 1944/6721/1417 1952/6722/1418 1965/6723/1418 1953/6724/1417
f 786/6725/197 704/6726/197 703/6727/437 785/6728/437
f 2185/6729/1419 2184/6730/1420 1991/6731/1421 1990/6732/1422
f 1008/6733/1295 1009/6624/1384 982/6627/1294 981/6734/1423
f 4065/6016/1231 4066/6735/1074 4057/6736/1074 4056/6017/1231
f 1071/6737/78 1070/6738/78 1069/6739/78 1068/6740/78 1067/6741/78 1066/6742/78 1065/6743/78 1073/6744/78 1072/6745/78
f 1080/6746/78 1081/6747/78 1082/6748/78 1074/6749/78 1075/6750/78 1076/6751/78 1077/6752/78 1078/6753/78 1079/6754/78
f 1089/6755/78 1090/6756/78 1091/6757/78 1083/6758/78 1084/6759/78 1085/6760/78 1086/6761/78 1087/6762/78 1088/6763/78
f 845/6764/1238 844/6765/1130 853/6766/1424 854/6767/1129
f 1095/6768/78 1096/6769/78 1097/6770/78 1098/6771/78 1099/6772/78 1100/6773/78 1092/6774/78 1093/6775/78 1094/6776/78
f 1512/6777/1318 1513/6778/1348 1504/6779/1349 1503/6780/1318
f 1533/6781/1425 1277/6782/1426 1276/6783/1427 1532/6784/1428
f 1389/6785/232 1326/6786/232 1325/6660/321 1388/6659/321
f 1732/5862/228 1723/5861/228 1722/6787/136 1731/6788/136
f 1058/6789/1429 1067/6790/1430 1068/6791/1431 1059/6792/1432
f 1846/6793/1433 1847/6794/1434 1784/6795/1434 1783/6796/1435
f 2184/6730/1420 2183/6797/1436 1992/6798/1437 1991/6731/1421
f 2213/6799/1438 2212/6800/1439 2017/6801/1440 2016/6802/1441
f 1123/6803/1401 1122/6804/1402 1044/6805/1403 1043/6806/1404
f 1179/6807/1442 1170/6808/1443 1169/6809/1444 1178/6810/1445
f 661/6811/90 1573/6812/90 1572/6813/90 662/6814/90
f 1312/6815/137 1294/6816/137 1293/6817/186 1311/6818/186
f 1240/6819/1232 1213/6820/1232 1212/6821/1446 1239/6822/1233
f 1900/6823/1447 1899/6824/1448 1716/6825/1449 1715/6826/1450
f 1900/6827/1451 1901/6828/1452 1838/6829/1453 1837/6830/1454
f 1126/6831/1455 1125/6669/1405 1041/6672/1408 1040/6832/1456
f 1010/6621/1264 1009/6833/1265 927/6834/1266 926/6622/1267
f 1008/6835/1268 1007/6836/1269 929/6837/1270 928/6838/1271
f 2208/6839/1457 2207/6840/1458 2004/6841/1459 2003/6842/1460
f 1173/6843/1461 1164/6844/1462 1163/6597/1371 1172/6596/1371
f 1106/6845/1406 1105/6665/1401 1025/6668/1404 1024/6846/1407
f 2191/6847/1463 2199/6848/1464 1994/6849/1465 1993/6850/1466
f 1391/5732/431 1328/5731/431 1327/6851/1255 1390/6852/1255
f 2173/6853/9 2174/6854/1085 2111/6855/1085 2110/6856/9
f 1477/6857/1467 1478/6858/1468 1469/6859/1308 1468/6860/1469
f 1116/6861/1405 1115/6862/1406 1033/6863/1407 1032/6864/1408
f 2231/6865/1470 2230/6866/1471 2035/6867/1472 2034/6868/1473
f 1104/6666/1402 1103/6869/1474 1027/6870/1475 1026/6667/1403
f 943/6871/1476 934/6872/1477 933/6873/1478 942/6874/1479
f 1133/6875/186 1164/6876/186 1165/6877/186 1166/6878/186 1143/6879/186 1144/6880/186 1136/6881/186 1137/6882/186 1138/6883/186 1132/6884/186
f 878/5924/1197 877/6885/1373 886/6886/1373 887/5925/1032
f 1158/6887/186 1159/6888/186 1149/6889/186 1150/6890/186 1131/6891/186 1129/6892/186 1155/6893/186 1156/6894/186 1157/6895/186
f 1147/6896/186 1148/6897/186 1149/6889/186 1159/6888/186 1160/6898/186 1161/6899/186 1162/6900/186 1154/6901/186 1155/6893/186 1129/6892/186 1132/6884/186 1138/6883/186 1139/6902/186 1140/6903/186 1141/6904/186 1142/6905/186 1143/6879/186 1166/6878/186 1167/6906/186 1168/6907/186 1169/6908/186 1170/6909/186 1171/6910/186 1163/6911/186 1164/6876/186 1133/6875/186 1134/6912/186 1135/6913/186 898/6914/186 897/6915/186 1131/6891/186 1150/6890/186 1151/6916/186 1152/6917/186 1153/6918/186 1145/6919/186 1146/6920/186
f 1115/6862/1406 1114/6921/1401 1034/6922/1404 1033/6863/1407
f 806/6923/1480 807/6440/1152 798/6443/1028 797/6924/1481
f 1114/6921/1401 1113/6925/1402 1035/6926/1403 1034/6922/1404
f 1892/6656/1399 1891/6927/1482 1706/6928/1483 1705/6657/1400
f 2205/6541/1361 2204/6929/1484 2007/6930/1485 2006/6542/1362
f 677/6931/92 686/6932/92 687/6933/92 688/6934/92 689/6935/92 690/6936/92 682/6937/92 683/6938/92 684/6939/92 685/6940/92 676/6941/92 675/6942/92 674/6943/92 673/6944/92 681/6945/92 680/6946/92 679/6947/92 678/6948/92
f 1187/6949/186 1186/6950/186 1185/6951/186 1184/6952/186 1183/6953/186 1182/6954/186 1181/6955/186 1189/6956/186 1188/6957/186
f 2234/6958/1486 2235/6959/1487 2172/6960/1487 2171/6961/1488
f 1197/6962/186 1198/6963/186 1190/6964/186 1191/6965/186 1192/6966/186 1193/6967/186 1194/6968/186 1195/6969/186 1196/6970/186
f 1202/6971/186 1203/6972/186 1204/6973/186 1205/6974/186 1206/6975/186 1207/6976/186 1199/6977/186 1200/6978/186 1201/6979/186
f 1214/6980/186 1215/6981/186 1216/6982/186 1208/6983/186 1209/6984/186 1210/6985/186 1211/6986/186 1212/6987/186 1213/6988/186
f 1386/6989/1149 1323/6990/1149 1322/5652/1072 1385/5651/1071
f 1844/6991/1301 1845/6992/1489 1782/6993/1490 1781/6994/1491
f 1055/6995/1492 1064/6996/1493 1056/6997/718 1047/6998/718
f 1225/6999/1494 1141/7000/1495 1217/7001/35
f 1217/7002/35 1141/7003/1495 1140/7004/1330
f 1217/7002/35 1140/7004/1330 1218/7005/1277
f 1218/7005/1277 1140/7004/1330 1139/7006/1285
f 1218/7005/1277 1139/7006/1285 1219/7007/1285
f 1219/7007/1285 1139/7006/1285 1138/7008/1496
f 1219/7007/1285 1138/7008/1496 1220/7009/1496
f 1220/7009/1496 1138/7008/1496 1137/7010/1283
f 1220/7009/1496 1137/7010/1283 1221/7011/1283
f 1221/7011/1283 1137/7010/1283 1136/7012/9
f 1221/7011/1283 1136/7012/9 1222/7013/1497
f 1222/7013/1497 1136/7012/9 1144/7014/1497
f 1222/7013/1497 1144/7014/1497 1223/7015/1498
f 1223/7015/1498 1144/7014/1497 1143/7016/1498
f 1223/7015/1498 1143/7016/1498 1224/7017/1499
f 1224/7017/1499 1143/7016/1498 1142/7018/1499
f 1224/7017/1499 1142/7018/1499 1225/6999/1494
f 1225/6999/1494 1142/7018/1499 1141/7000/1495
f 1537/7019/1500 1281/7020/1501 1280/7021/1502 1536/7022/1503
f 2213/7023/1504 2214/7024/1505 2151/7025/1505 2150/7026/1218
f 1644/7027/90 1646/7028/90 1640/7029/90 1639/7030/90
f 1234/7031/1494 1150/7032/1506 1226/7033/35
f 1226/7034/35 1150/7035/1506 1149/7036/1276
f 1226/7034/35 1149/7036/1276 1227/7037/1277
f 1227/7037/1277 1149/7036/1276 1148/7038/1285
f 1227/7037/1277 1148/7038/1285 1228/7039/1330
f 1228/7039/1330 1148/7038/1285 1147/7040/1496
f 1228/7039/1330 1147/7040/1496 1229/7041/1496
f 1229/7041/1496 1147/7040/1496 1146/7042/1283
f 1229/7041/1496 1146/7042/1283 1230/7043/1283
f 1230/7043/1283 1146/7042/1283 1145/7044/9
f 1230/7043/1283 1145/7044/9 1231/7045/1497
f 1231/7045/1497 1145/7044/9 1153/7046/1497
f 1231/7045/1497 1153/7046/1497 1232/7047/1498
f 1232/7047/1498 1153/7046/1497 1152/7048/1498
f 1232/7047/1498 1152/7048/1498 1233/7049/1495
f 1233/7049/1495 1152/7048/1498 1151/7050/1499
f 1233/7049/1495 1151/7050/1499 1234/7031/1494
f 1234/7031/1494 1151/7050/1499 1150/7032/1506
f 1749/7051/599 1750/7052/1507 1741/7053/1508 1740/7054/599
f 2224/7055/1509 2225/7056/1510 2162/7057/1511 2161/7058/1509
f 671/7059/92 672/6065/92 660/6064/92 661/7060/92 662/6073/92 670/6072/92
f 2094/7061/1512 2103/7062/1512 2104/7063/1513 2095/7064/1187
f 1060/7065/1514 1051/7066/1515 1050/7067/1516 1059/7068/1517
f 1243/7069/1494 1159/7070/1506 1235/7071/35
f 1235/7072/35 1159/7073/1506 1158/7074/1276
f 1235/7072/35 1158/7074/1276 1236/7075/1277
f 1236/7075/1277 1158/7074/1276 1157/7076/1285
f 1236/7075/1277 1157/7076/1285 1237/7077/1285
f 1237/7077/1285 1157/7076/1285 1156/7078/1496
f 1237/7077/1285 1156/7078/1496 1238/7079/1496
f 1238/7079/1496 1156/7078/1496 1155/7080/1283
f 1238/7079/1496 1155/7080/1283 1239/7081/1283
f 1239/7081/1283 1155/7080/1283 1154/7082/9
f 1239/7081/1283 1154/7082/9 1240/7083/1497
f 1240/7083/1497 1154/7082/9 1162/7084/1497
f 1240/7083/1497 1162/7084/1497 1241/7085/1498
f 1241/7085/1498 1162/7084/1497 1161/7086/1498
f 1241/7085/1498 1161/7086/1498 1242/7087/1495
f 1242/7087/1495 1161/7086/1498 1160/7088/1499
f 1242/7087/1495 1160/7088/1499 1243/7069/1494
f 1243/7069/1494 1160/7088/1499 1159/7070/1506
f 2203/5876/1100 2204/7089/1518 2141/7090/1518 2140/5877/1100
f 1110/7091/481 1118/7092/1519 1030/7093/1520 1029/7094/481
f 1300/7095/12 1301/7096/12 1013/7097/12 1247/7098/12 1302/7099/12 1303/7100/12 1299/7101/12
f 1624/7102/92 1603/7103/92 1602/7104/92
f 1223/5674/1082 1196/5673/1082 1195/6682/957 1222/6681/957
f 862/5718/181 742/5717/728 741/6215/199 861/6214/199
f 4059/7105/1521 4060/7106/1522 4051/7107/1523 4050/7108/1521
f 2184/7109/1524 2185/7110/1525 2122/7111/1237 2121/7112/1524
f 1053/7113/78 1054/7114/78 1055/6693/78 1034/6692/78 1035/7115/78 1036/7116/78 1037/7117/78 1029/7118/78 1030/6714/78 1017/6713/78 1015/6710/78 1048/6709/78 1049/7119/78 1050/7120/78 1051/7121/78 1052/7122/78
f 2200/7123/94 2201/7124/1199 2138/7125/1199 2137/7126/94
f 1321/7127/12 1322/7128/12 1313/7129/12 1312/7130/12 1320/7131/12
f 1314/7132/12 1313/7129/12 1322/7128/12 1323/7133/12 1324/7134/12 1325/7135/12 1326/7136/12 1327/7137/12 1328/7138/12 1320/7131/12 1312/7130/12 1311/7139/12 1319/7140/12 1318/7141/12 1317/7142/12 1316/7143/12 1315/7144/12
f 1345/7145/12 1346/7146/12 1338/7147/12 1329/7148/12 1330/7149/12 1331/7150/12 1332/7151/12
f 1800/7152/92 1801/7153/92 1802/7154/92 1794/7155/92 1795/7156/92 1796/7157/92 1797/7158/92 1798/7159/92 1799/7160/92
f 695/7161/1300 649/7162/1163 648/7163/1526 696/7164/944
f 1351/7165/12 1352/7166/12 1360/7167/12 1361/7168/12 1362/7169/12
f 1870/7170/1332 1871/7171/1054 1808/7172/1053 1807/7173/1527
f 1376/7174/12 1377/7175/12 1378/7176/12 1379/7177/12 1369/7178/12 1370/7179/12 1371/7180/12 1372/7181/12 1373/7182/12 1365/7183/12 1366/7184/12 1367/7185/12 1368/7186/12 1380/7187/12 1381/7188/12 1382/7189/12 1374/7190/12 1375/7191/12
f 2223/6007/1029 2224/7055/1509 2161/7058/1509 2160/6008/1029
f 1755/6448/1343 1756/7192/1528 1747/7193/1529 1746/6449/1344
f 1368/7194/1251 1272/7195/1530 1271/7196/1126 1369/7197/1531
f 2211/7198/1454 2212/7199/1220 2149/7200/1219 2148/7201/1451
f 2179/7202/1532 2178/7203/1533 1979/7204/1534 1978/7205/1535
f 1309/7206/1536 1308/5801/1141 1950/5804/1144 1951/7207/1536
f 988/6325/1312 987/7208/1045 913/7209/1046 912/6326/1047
f 765/7210/1537 764/7211/650 773/7212/650 774/7213/1222
f 1895/7214/1538 1894/7215/1539 1721/7216/1540 1720/7217/1541
f 1122/5961/1160 1123/7218/1354 1096/7219/1354 1095/5962/1087
f 1482/6607/1375 1483/6381/1317 1474/6384/1319 1473/6608/1376
f 1117/7220/1042 1118/7221/1196 1091/7222/1542 1090/7223/1042
f 877/6885/1373 876/7224/1543 885/7225/1222 886/6886/1373
f 2076/7226/1544 2085/7227/1545 2086/7228/1261 2077/7229/1260
f 1059/7068/1517 1050/7067/1516 1049/7230/1028 1058/7231/1546
f 1865/7232/1547 1864/7233/1548 1679/7234/1549 1678/7235/1550
f 790/7236/1238 708/7237/1238 707/7238/81 789/7239/1551
f 1121/7240/1474 1120/7241/1088 1046/7242/1089 1045/7243/1475
f 698/5954/1034 646/5953/1034 645/7244/260 699/7245/260
f 1418/7246/1178 1419/7247/1178 1410/7248/1245
f 1416/7249/1552 1419/7250/1553 1417/7251/1554
f 1414/7252/1257 1419/7253/1555 1415/7254/1556
f 1412/7255/1557 1419/7256/1558 1413/7257/1555
f 1410/7258/1245 1419/7259/1245 1411/7260/1495
f 1413/7257/1559 1419/7261/1555 1414/7252/1257
f 1411/7260/1557 1419/7262/1558 1412/7255/1557
f 1415/7254/1560 1419/7263/1553 1416/7249/1552
f 1417/7251/1498 1419/7264/1178 1418/7246/1178
f 1003/5656/1059 1002/7265/1060 916/7266/1061 915/5657/1062
f 1180/7267/1561 1179/7268/1183 1188/7269/1562 1189/7270/1561
f 1432/7271/92 1424/7272/92 1423/7273/92 1422/7274/92 1421/7275/92 1430/7276/92 1431/7277/92
f 1440/7278/1563 1439/7279/1201 1448/7280/1201 1449/7281/1200
f 948/5744/1105 939/5743/1104 938/7282/1564 947/7283/1565
f 2222/7284/1566 2221/7285/1567 2026/7286/1568 2025/7287/1569
f 1539/7288/1570 1283/7289/1571 1282/7290/1572 1538/7291/1573
f 2177/5600/1039 2178/7292/1114 2115/7293/1114 2114/5601/1040
f 1459/5820/1071 1358/5819/1071 1357/7294/185 1458/7295/185
f 1455/7296/1178 1456/7297/1178 1447/7298/1245
f 1453/7299/1552 1456/7300/1553 1454/7301/1554
f 1451/7302/1257 1456/7303/1555 1452/7304/1556
f 1449/7305/1557 1456/7306/1558 1450/7307/1555
f 1447/7308/1245 1456/7309/1245 1448/7310/1495
f 1450/7307/1559 1456/7311/1555 1451/7302/1257
f 1448/7310/1557 1456/7312/1558 1449/7305/1557
f 1452/7304/1560 1456/7313/1553 1453/7299/1552
f 1454/7301/1498 1456/7314/1178 1455/7296/1178
f 1114/7315/1354 1115/7316/1574 1088/7317/1229 1087/7318/1575
f 882/7319/1026 874/7320/1018 865/7321/1018 873/7322/1027
f 943/7323/1576 952/7324/1063 953/7325/1577 944/7326/1202
f 930/7327/94 931/7328/94 923/6521/94 909/6520/94 910/7329/94 911/7330/94 912/6514/94 900/6513/94 901/6526/94 927/6525/94 928/7331/94 929/7332/94
f 1565/7333/1578 1556/7334/345 1555/5888/304 1564/5887/1174
f 1390/6852/1255 1327/6851/1255 1326/6786/232 1389/6785/232
f 769/7335/1480 770/5825/1152 761/5828/1028 760/7336/1481
f 1879/7337/1579 1878/7338/1580 1701/7339/1581 1700/7340/1582
f 2177/7341/1583 2176/7342/1584 1981/7343/1585 1980/7344/1586
f 1117/7345/1455 1116/6861/1405 1032/6864/1408 1031/7346/1456
f 877/6387/1239 878/7347/1240 869/7348/1241 868/6388/1320
f 995/7349/78 996/7350/1118 969/7351/1587 968/7352/78
f 2043/7353/436 2042/7354/801 2051/7355/1588 2052/7356/163
f 1492/7357/1178 1493/7358/1178 1484/7359/1245
f 1490/7360/1552 1493/7361/1553 1491/7362/1497
f 1488/7363/1589 1493/7364/1559 1489/7365/1556
f 1486/7366/1506 1493/7367/1499 1487/7368/1259
f 1484/7369/1245 1493/7370/1245 1485/7371/1499
f 1487/7368/1589 1493/7372/1559 1488/7363/1589
f 1485/7371/1495 1493/7373/1499 1486/7366/1506
f 1489/7365/1590 1493/7374/1553 1490/7360/1552
f 1491/7362/1498 1493/7375/1178 1492/7357/1178
f 1018/7376/1283 1131/7377/1591 598/7378/1287 597/7379/1287
f 1499/7380/321 1379/7381/321 1378/7382/1592 1498/7383/1234
f 1498/7384/1234 1378/7385/1592 1377/7386/610 1497/7387/610
f 1507/7388/92 1508/7389/92 1498/7390/92 1497/7391/92 1496/7392/92 1505/7393/92 1506/7394/92
f 1228/7395/1063 1201/7396/1063 1200/7397/1593 1227/7398/1593
f 1394/6185/92 1385/6184/92 1384/6194/92 1393/6193/92
f 1002/7265/1060 1001/7399/1594 917/7400/1267 916/7266/1061
f 768/5900/1154 769/7335/1480 760/7336/1481 759/5901/1155
f 1001/7399/1594 1000/7401/1265 918/7402/1266 917/7400/1267
f 2094/7403/1595 1968/7404/1596 1967/7405/1597 2093/7406/1598
f 1529/7407/1178 1530/7408/1178 1521/7409/1245
f 1527/7410/1552 1530/7411/1553 1528/7412/1497
f 1525/7413/1589 1530/7414/1559 1526/7415/1556
f 1523/7416/1506 1530/7417/1499 1524/7418/1257
f 1521/7419/1245 1530/7420/1245 1522/7421/1499
f 1524/7418/1589 1530/7422/1559 1525/7413/1589
f 1522/7421/1557 1530/7423/1499 1523/7416/1506
f 1526/7415/1590 1530/7424/1553 1527/7410/1552
f 1528/7412/1498 1530/7425/1178 1529/7407/1178
f 1241/7426/1082 1214/7427/1599 1213/6820/1232 1240/6819/1232
f 1888/7428/1600 1887/7429/1601 1710/7430/1602 1709/7431/1603
f 1737/7432/1604 1728/7433/1605 1727/7434/1606 1736/7435/1607
f 1736/7435/1607 1727/7434/1606 1726/7436/1412 1735/7437/1411
f 1878/7438/1608 1879/7439/1609 1816/7440/1609 1815/7441/1608
f 1762/7442/1214 1654/7443/1213 1653/7444/1610 1761/7445/1611
f 1301/7446/1612 1319/7447/1612 1311/6818/186 1293/6817/186
f 1013/7448/1613 1014/7449/1613 901/7450/1613 900/7451/1613
f 1639/7452/186 1638/7453/186 1643/7454/186 1645/7455/186 1644/7456/186
f 1543/7457/12 1542/7458/12 1541/7459/12 1540/7460/12 1548/7461/12 1547/7462/12 1546/7463/12 1545/7464/12 1544/7465/12
f 1317/7466/1251 1299/7467/1250 1298/5778/1126 1316/5777/1125
f 1905/7468/1281 1598/7469/1281 1597/7470/1281 1907/7471/1281
f 807/7472/1130 806/7473/1161 815/7474/1161 816/7475/1131
f 1461/7476/1234 1360/7477/1614 1359/5818/1149 1460/5817/1148
f 824/7478/1615 723/7479/199 722/7480/197 823/7481/197
f 1566/7482/1557 1289/7483/1558 1558/7484/1245
f 1558/7485/1245 1289/7486/1558 1288/7487/1497
f 1558/7485/1245 1288/7487/1497 1559/7488/1498
f 1559/7488/1498 1288/7487/1497 1287/7489/1616
f 1559/7488/1498 1287/7489/1616 1560/7490/1497
f 1560/7490/1497 1287/7489/1616 1286/7491/1560
f 1560/7490/1497 1286/7491/1560 1561/7492/1617
f 1561/7492/1617 1286/7491/1560 1285/7493/1553
f 1561/7492/1617 1285/7493/1553 1562/7494/1553
f 1562/7494/1553 1285/7493/1553 1284/7495/1613
f 1562/7494/1553 1284/7495/1613 1563/7496/1258
f 1563/7496/1258 1284/7495/1613 1292/7497/1258
f 1563/7496/1258 1292/7497/1258 1564/7498/1259
f 1564/7498/1259 1292/7497/1258 1291/7499/1589
f 1564/7498/1259 1291/7499/1589 1565/7500/1558
f 1565/7500/1558 1291/7499/1589 1290/7501/1495
f 1565/7500/1558 1290/7501/1495 1566/7482/1557
f 1566/7482/1557 1290/7501/1495 1289/7483/1558
f 1462/7502/1618 1361/7503/321 1360/7504/1614 1461/7505/1234
f 1246/7506/136 1586/7507/136 1587/7508/136 1588/7509/136 1573/7510/136
f 903/7511/78 902/7512/78 1596/7513/78 1597/7514/78 1598/7515/78 1599/7516/78 1600/7517/78 1601/7518/78 1135/7519/78 1134/7520/78 659/7521/78 658/7522/78 1602/7523/78 1603/7524/78 1592/7525/78 1593/7526/78 1594/7527/78 1595/7528/78 643/7529/78 642/7530/78
f 1501/7531/1619 1381/7532/1255 1380/7533/1620 1500/7534/232
f 1848/7535/78 1849/7536/523 1786/7537/523 1785/7538/78
f 1610/7539/1621 1605/7540/1622 1604/7541/1623
f 633/7542/1624 1611/7543/1625 634/7544/33
f 634/7544/33 1611/7543/1625 1612/7545/33
f 634/7544/33 1612/7545/33 635/7546/5
f 635/7546/5 1612/7545/33 1613/7547/5
f 635/7546/5 1613/7547/5 636/7548/5
f 636/7548/5 1613/7547/5 1614/7549/1012
f 636/7548/5 1614/7549/1012 637/7550/1011
f 1606/7551/1626 1609/7552/1627 1619/7553/1628 1615/7554/1629 653/7555/1630
f 1622/7556/1013 1614/5561/1012 1621/7557/1631
f 1620/7558/35 1615/7554/1629 1619/7553/1628
f 653/7555/1630 1615/7554/1629 654/7559/35
f 654/7559/35 1615/7554/1629 1616/7560/35
f 654/7559/35 1616/7560/35 655/7561/35
f 655/7561/35 1616/7560/35 1617/7562/1632
f 655/7561/35 1617/7562/1632 656/7563/9
f 656/7563/9 1617/7562/1632 1618/7564/1633
f 656/7563/9 1618/7564/1633 657/7565/1634
f 633/7542/1624 1605/7540/1622 1610/7539/1621 1611/7543/1625
f 1594/7566/1635 633/7542/1624 1623/7567/1636
f 1624/7568/1637 657/7565/1634 1603/7569/1638
f 1603/7569/1638 657/7565/1634 1604/7541/1623 1592/7570/1639
f 1897/7571/1640 1898/5971/1218 1835/5974/1218 1834/7572/1505
f 1605/7540/1622 633/7542/1624 1594/7566/1635 1593/7573/1641
f 1618/7574/1283 1631/7575/1287 1610/7576/190
f 1610/7576/190 1631/7575/1287 1632/7577/1642
f 1610/7576/190 1632/7577/1642 1633/7578/1158
f 1617/7579/1292 1629/7580/1282 1618/7574/1283
f 1618/7574/1283 1629/7580/1282 1630/7581/1287
f 1618/7574/1283 1630/7581/1287 1631/7575/1287
f 1616/7582/1277 1627/7583/1277 1617/7579/1292
f 1617/7579/1292 1627/7583/1277 1628/7584/1496
f 1617/7579/1292 1628/7584/1496 1629/7580/1282
f 1627/7583/1277 1616/7582/1277 1626/7585/1278
f 1626/7585/1278 1616/7582/1277 1615/7586/1277
f 1626/7585/1278 1615/7586/1277 1625/7587/1643
f 1625/7588/1643 1615/7589/1277 1614/7590/1644
f 1625/7588/1643 1614/7590/1644 1637/7591/1331
f 1637/7591/1331 1614/7590/1644 1613/7592/1289
f 1637/7591/1331 1613/7592/1289 1636/7593/1290
f 1636/7593/1290 1613/7592/1289 1612/7594/1159
f 1636/7593/1290 1612/7594/1159 1635/7595/1293
f 1635/7595/1293 1612/7594/1159 1611/7596/1158
f 1635/7595/1293 1611/7596/1158 1634/7597/1642
f 1634/7597/1642 1611/7596/1158 1633/7578/1158
f 1633/7578/1158 1611/7596/1158 1610/7576/190
f 1620/7598/92 1619/7599/92 1638/7600/92 1639/7601/92 1640/7602/92 1641/7603/92 1622/7604/92 1621/7605/92
f 2191/7606/33 2192/7607/1434 2129/7608/1645 2128/7609/33
f 1642/7610/78 1643/7611/78 1638/7612/78 1619/7613/78 1609/7614/78 1608/7615/78 1622/7616/78 1641/7617/78
f 1504/7618/92 1505/7393/92 1496/7392/92 1495/7619/92 1494/7620/92 1502/7621/92 1501/7622/92 1500/7623/92 1499/7624/92 1498/7390/92 1508/7389/92 1509/7625/92 1510/7626/92 1511/7627/92 1503/7628/92
f 1439/7279/1201 1438/7629/186 1447/7630/186 1448/7280/1201
f 1849/7631/1646 1848/7632/599 1668/7633/599 1676/7634/1647
f 874/7635/94 882/7636/1238 891/7637/1129 883/7638/94
f 1102/7639/1048 1103/5843/1049 1076/5846/1050 1075/7640/1048
f 4058/7641/1648 4059/7105/1521 4050/7108/1521 4049/7642/1649
f 1256/7643/1612 1330/7644/1612 1329/7645/186 1248/7646/186
f 1443/7647/1650 1442/6162/1244 1451/6165/1090 1452/7648/1651
f 1845/6992/1489 1846/6793/1433 1783/6796/1435 1782/6993/1490
f 2149/7649/12 2150/7650/12 2151/7651/12 2152/7652/12 2153/7653/12 2154/7654/12 2146/7655/12 2147/7656/12 2148/7657/12
f 2051/5668/1077 2050/7658/1652 2059/7659/1653 2060/5669/1078
f 1718/7660/92 1719/7661/92 1720/7662/92 1721/7663/92 1627/7664/92 1626/7665/92 1625/7666/92 1637/7667/92 1665/7668/92 1666/7669/92 1667/7670/92 1659/7671/92 1660/7672/92 1661/7673/92 1662/7674/92 1663/7675/92 1664/7676/92 1636/7677/92 1635/7678/92 1634/7679/92 1633/7680/92 1683/7681/92 1684/7682/92 1685/7683/92 1677/7684/92 1678/7685/92 1679/7686/92 1680/7687/92 1681/7688/92 1687/7689/92 1688/7690/92 1689/7691/92 1690/7692/92 1631/7693/92 1630/7694/92 1629/7695/92 1628/7696/92 1710/7697/92 1711/7698/92 1712/7699/92 1704/7700/92 1705/7701/92 1699/7702/92 1700/7703/92 1701/7704/92 1702/7705/92 1703/7706/92 1695/7707/92 1696/7708/92 1730/7709/92 1722/7710/92 1723/7711/92 1724/7712/92 1671/7713/92 1672/7714/92 1673/7715/92 1674/7716/92 1675/7717/92 1676/7718/92 1668/7719/92 1669/7720/92 1725/7721/92 1726/7722/92 1727/7723/92 1656/7724/92 1657/7725/92 1658/7726/92 1650/7727/92 1651/7728/92 1652/7729/92 1653/7730/92 1654/7731/92 1717/7732/92
f 1670/7733/92 1671/7713/92 1724/7712/92 1725/7721/92 1669/7720/92
f 1876/7734/1654 1875/7735/1655 1695/7736/1656 1703/7737/1657
f 1938/7738/1432 1929/7739/1658 1928/7740/1659 1937/7741/1430
f 1515/7742/1091 1514/7743/1660 1523/7744/1661 1524/7745/1092
f 1568/7746/1331 904/7747/1331 641/7748/1288 640/7749/1288
f 1446/7750/1317 1438/7751/1318 1429/7752/1318 1437/7753/1319
f 879/7754/1662 880/6393/1325 871/6396/1326 870/7755/1663
f 1535/7756/1664 1544/7757/1664 1545/7758/1665 1536/7759/1665
f 1520/7760/1317 1512/7761/1318 1503/7762/1318 1511/7763/1319
f 1765/7764/1666 1657/7765/1667 1656/7766/1668 1764/7767/1669
f 1403/7768/1670 1404/7769/1671 1395/7770/1672 1394/7771/1673
f 1538/7291/1573 1282/7290/1572 1281/7020/1501 1537/7019/1500
f 1894/7215/1539 1893/7772/1674 1713/7773/1675 1721/7216/1540
f 2188/7774/1676 2187/5915/1192 1988/5918/1195 1987/7775/1677
f 1304/7776/1678 1303/7777/626 1945/7778/626 1946/7779/1678
f 1175/7780/1679 1166/7781/1680 1165/7782/1681 1174/7783/1682
f 1757/7784/9 629/7785/9 1749/7786/78
f 1749/7787/78 629/7788/9 628/7789/33
f 1749/7787/78 628/7789/33 1750/7790/33
f 1750/7790/33 628/7789/33 627/7791/33
f 1750/7790/33 627/7791/33 1751/7792/33
f 1751/7792/33 627/7791/33 626/7793/5
f 1751/7792/33 626/7793/5 1752/7794/5
f 1752/7794/5 626/7793/5 625/7795/5
f 1752/7794/5 625/7795/5 1753/7796/5
f 1753/7796/5 625/7795/5 624/7797/136
f 1753/7796/5 624/7797/136 1754/7798/35
f 1754/7798/35 624/7797/136 632/7799/35
f 1754/7798/35 632/7799/35 1755/7800/35
f 1755/7800/35 632/7799/35 631/7801/35
f 1755/7800/35 631/7801/35 1756/7802/9
f 1756/7802/9 631/7801/35 630/7803/9
f 1756/7802/9 630/7803/9 1757/7784/9
f 1757/7784/9 630/7803/9 629/7785/9
f 881/6394/1025 882/7319/1026 873/7322/1027 872/6395/1028
f 1518/7804/1374 1519/7805/1683 1510/7806/1376 1509/7807/1377
f 2099/7808/1684 1973/7809/1685 1972/7810/1686 2098/7811/1687
f 1063/7812/1688 1054/7813/1689 1053/7814/1690 1062/7815/1691
f 1854/7816/1692 1853/7817/1693 1672/7818/1694 1671/7819/1695
f 2221/7285/1567 2220/6673/1409 2027/6674/1410 2026/7286/1568
f 1868/7820/1696 1867/7821/1697 1694/7822/1698 1693/7823/1699
f 1563/5890/1176 1554/5889/1175 1553/7824/1700 1562/7825/1700
f 1118/7221/1196 1110/7826/186 1083/7827/186 1091/7222/1542
f 1771/7828/92 1770/7829/92 1769/7830/92 1768/7831/92 1767/7832/92 1775/7833/92 1774/7834/92 1773/7835/92 1772/7836/92
f 1790/7837/92 1791/7838/92 1792/7839/92 1793/7840/92 1785/7841/92 1786/7842/92 1787/7843/92 1788/7844/92 1789/7845/92
f 1341/7846/12 1342/7847/12 1343/7848/12 1344/7849/12 1345/7145/12 1332/7151/12 1333/7850/12 1334/7851/12 1335/7852/12 1336/7853/12 1337/7854/12 1329/7148/12 1338/7147/12 1339/7855/12 1340/7856/12
f 1475/7857/186 1483/7858/521 1492/7859/521 1484/7860/186
f 1806/7861/92 1807/7862/92 1808/7863/92 1809/7864/92 1810/7865/92 1811/7866/92 1803/7867/92 1804/7868/92 1805/7869/92
f 1828/7870/92 1829/7871/92 1821/7872/92 1822/7873/92 1823/7874/92 1824/7875/92 1825/7876/92 1826/7877/92 1827/7878/92
f 1369/7178/12 1379/7177/12 1380/7187/12 1368/7186/12
f 2069/7879/12 2070/7880/12 2058/7881/12 2057/7882/12
f 2093/7406/1598 1967/7405/1597 1966/7883/1253 2092/7884/1253
f 1536/7022/1503 1280/7021/1502 1279/7885/1701 1535/7886/1702
f 1478/6858/1468 1479/7887/1014 1470/7888/1017 1469/6859/1308
f 2207/6840/1458 2206/6540/1360 2005/6543/1363 2004/6841/1459
f 1514/7743/1660 1513/7889/1201 1522/7890/1201 1523/7744/1661
f 2217/7891/1703 2209/7892/5 2146/7893/5 2154/7894/1345
f 602/7895/35 601/7896/35 1902/7897/35 1903/7898/35 1904/7899/35
f 2196/6312/1302 2197/7900/1704 2134/7901/1705 2133/6313/1302
f 1113/6925/1402 1112/7902/1474 1036/7903/1475 1035/6926/1403
f 1851/7904/1706 1850/7905/1707 1675/7906/1708 1674/7907/1709
f 1870/7908/1710 1869/7909/1711 1692/7910/1712 1691/7911/1713
f 1890/7912/1714 1889/7913/1715 1708/7914/1716 1707/7915/1717
f 1756/7192/1528 1757/7916/1718 1748/7917/1719 1747/7193/1529
f 1122/6804/1402 1121/7240/1474 1045/7243/1475 1044/6805/1403
f 2192/5572/1022 2191/7918/1463 1993/7919/1466 2001/5573/1023
f 2071/6423/1335 2070/7920/1720 2079/7921/1721 2080/6424/1336
f 2124/7922/12 2125/7923/12 2126/7924/12 2127/7925/12 2119/7926/12 2120/7927/12 2121/7928/12 2122/7929/12 2123/7930/12
f 1112/7931/1049 1113/7932/1160 1086/7933/1087 1085/7934/1050
f 640/7935/90 639/7936/90 1569/7937/90 1568/7938/90
f 1480/7939/1015 1481/6606/1374 1472/6609/1377 1471/7940/1016
f 2230/6866/1471 2229/7941/1722 2036/7942/1723 2035/6867/1472
f 2232/7943/1609 2233/7944/1724 2170/7945/1608 2169/7946/1609
f 1889/7913/1715 1888/7428/1600 1709/7431/1603 1708/7914/1716
f 1867/7947/1157 1868/7948/1228 1805/7949/1725 1804/7950/1157
f 1007/6836/1269 1006/5607/1044 930/5610/1047 929/6837/1270
f 1842/7951/1726 1841/7952/1727 1666/7953/1728 1665/7954/1729
f 1534/7955/1730 1278/7956/1731 1277/6782/1426 1533/6781/1425
f 1911/7957/1732 1577/7958/1733 1576/6390/1322 1910/6389/1321
f 1750/7052/1507 1751/7959/1734 1742/7960/1735 1741/7053/1508
f 1108/7961/1455 1107/7962/1405 1023/7963/1408 1022/7964/1456
f 1762/5622/1054 1771/5621/1053 1772/7965/1333 1763/7966/1332
f 1120/7241/1088 1119/7967/481 1038/7968/481 1046/7242/1089
f 2186/7969/1236 2187/7970/1216 2124/7971/1216 2123/7972/1236
f 2198/7973/1736 2197/7974/1737 1996/7975/1738 1995/7976/1739
f 803/7977/1304 804/5829/1153 795/5832/1156 794/7978/1305
f 1891/6927/1482 1890/7912/1714 1707/7915/1717 1706/6928/1483
f 2070/7920/1720 2069/5627/120 2078/5630/1056 2079/7921/1721
f 651/7979/92 652/7980/92 644/6229/92 636/6228/92 637/7981/92 638/7982/92 639/7983/92 640/6236/92 650/6235/92
f 1112/7902/1474 1111/7984/1088 1037/7985/1089 1036/7903/1475
f 942/7986/1064 951/7987/1064 952/7324/1063 943/7323/1576
f 1874/7988/1740 1873/7989/1741 1688/7990/1742 1687/7991/1743
f 1860/6322/1310 1859/5789/1132 1684/5792/1135 1683/6323/1305
f 944/7992/1744 935/7993/1745 934/6872/1477 943/6871/1476
f 875/7994/650 874/7995/94 883/7996/94 884/7997/650
f 1444/7998/1746 1445/7999/1683 1436/8000/1376 1435/8001/1358
f 1878/7338/1580 1877/8002/1747 1702/8003/1748 1701/7339/1581
f 2202/8004/1749 2201/6178/1252 2010/6181/1254 2009/8005/1750
f 1123/7218/1354 1124/6010/1229 1097/6013/1229 1096/7219/1354
f 825/8006/181 724/8007/181 723/7479/199 824/7478/1615
f 4062/8008/1751 4063/5761/1115 4054/5764/1117 4053/8009/1751
f 623/5632/309 728/5631/309 727/8010/94 615/8011/94
f 940/5742/1103 949/5741/1102 941/8012/1752 932/8013/1752
f 2100/5936/1199 2109/5935/1199 2101/8014/94 2092/8015/94
f 805/5830/1154 806/6923/1480 797/6924/1481 796/5831/1155
f 2225/8016/1753 2224/8017/1754 2023/8018/1755 2022/8019/1756
f 1127/8020/1519 1126/6831/1455 1040/6832/1456 1039/8021/1520
f 1934/8022/1075 1943/8023/1075 1935/8024/94 1926/8025/94
f 1855/8026/1757 1856/8027/517 1793/8028/517 1792/8029/1524
f 1906/8030/92 1904/8031/92 1903/8032/92 1599/8033/92 1598/8034/92 1905/8035/92
f 1596/8036/94 895/8037/94 605/8038/94 604/8039/94 1907/8040/94 1597/8041/94
f 2224/8017/1754 2223/8042/1758 2024/8043/1759 2023/8018/1755
f 2048/8044/1760 2047/8045/1417 2056/8046/1417 2057/8047/1761
f 2197/7900/1704 2198/5773/1122 2135/5776/1124 2134/7901/1705
f 1920/8048/136 1919/8049/136 1918/8050/136 1917/8051/136 1925/8052/136 1924/8053/136 1923/8054/136 1922/8055/136 1921/8056/136
f 1929/8057/136 1930/8058/136 1931/8059/136 1932/8060/136 1933/8061/136 1934/8062/136 1926/8063/136 1927/8064/136 1928/8065/136
f 899/8066/186 1601/8067/186 1600/8068/186 1902/8069/186 601/8070/186 600/8071/186
f 2180/8072/1762 2181/5821/1150 2118/5824/1151 2117/8073/1763
f 1058/7231/1546 1049/7230/1028 1048/8074/1764 1057/8075/1765
f 2188/8076/1217 2189/8077/1766 2126/8078/1767 2125/8079/1217
f 1943/8080/1258 1588/8081/1555 1935/8082/5
f 1935/8083/5 1588/8084/1555 1587/8085/1290
f 1935/8083/5 1587/8085/1290 1936/8086/1331
f 1936/8086/1331 1587/8085/1290 1586/8087/1291
f 1936/8086/1331 1586/8087/1291 1937/8088/1290
f 1937/8088/1290 1586/8087/1291 1585/8089/1276
f 1937/8088/1290 1585/8089/1276 1938/8090/1277
f 1938/8090/1277 1585/8089/1276 1584/8091/1330
f 1938/8090/1277 1584/8091/1330 1939/8092/1330
f 1939/8092/1330 1584/8091/1330 1583/8093/35
f 1939/8092/1330 1583/8093/35 1940/8094/1495
f 1940/8094/1495 1583/8093/35 1591/8095/1495
f 1940/8094/1495 1591/8095/1495 1941/8096/1494
f 1941/8096/1494 1591/8095/1495 1590/8097/1506
f 1941/8096/1494 1590/8097/1506 1942/8098/1555
f 1942/8098/1555 1590/8097/1506 1589/8099/1559
f 1942/8098/1555 1589/8099/1559 1943/8080/1258
f 1943/8080/1258 1589/8099/1559 1588/8081/1555
f 710/8100/309 614/8101/309 613/5880/1057 711/5879/1168
f 1857/8102/1768 1865/7232/1547 1678/7235/1550 1677/8103/1769
f 1425/8104/1618 1343/8105/321 1342/8106/1235 1424/8107/1234
f 1879/7439/1609 1880/8108/1070 1817/8109/1770 1816/7440/1609
f 1407/8110/1746 1408/8111/1683 1399/8112/1376 1398/8113/1358
f 2096/8114/1771 1970/8115/1772 1969/8116/1773 2095/8117/1774
f 2055/8118/1775 2054/5643/1065 2063/5646/1068 2064/8119/1776
f 1963/5893/1179 1950/5892/1178 1962/8120/1777
f 1962/8120/1777 1950/5892/1178 1949/8121/1498
f 1962/8120/1777 1949/8121/1498 1961/8122/1554
f 1961/8122/1554 1949/8121/1498 1960/8123/1497
f 1960/8123/1497 1949/8121/1498 1948/8124/1590
f 1960/8123/1497 1948/8124/1590 1959/8125/1590
f 1959/8125/1590 1948/8124/1590 1958/8126/1560
f 1958/8126/1560 1948/8124/1590 1947/8127/1590
f 1958/8126/1560 1947/8127/1590 1957/8128/1556
f 1957/8128/1556 1947/8127/1590 1956/8129/1590
f 1956/8129/1590 1947/8127/1590 1946/8130/1778
f 1956/8129/1590 1946/8130/1778 1955/8131/1779
f 2049/8132/1780 2048/8044/1760 2057/8047/1761 2058/8133/1781
f 2166/8134/12 2167/8135/12 2168/8136/12 2169/8137/12 2170/8138/12 2171/8139/12 2172/8140/12 2164/8141/12 2165/8142/12
f 2044/8143/330 2043/7353/436 2052/7356/163 2053/8144/330
f 1519/7805/1683 1520/7760/1317 1511/7763/1319 1510/7806/1376
f 1406/8145/1650 1405/5723/1090 1414/5726/1090 1415/8146/1782
f 1872/8147/1052 1873/8148/1783 1810/8149/1784 1809/8150/1052
f 1579/8151/136 1580/8152/136 1570/8153/136 1571/8154/136
f 1845/8155/1785 1844/8156/1786 1663/8157/1787 1662/8158/1788
f 1936/8159/1789 1927/8160/1789 1926/8025/94 1935/8024/94
f 993/8161/1183 994/5550/1004 967/5553/1004 966/8162/1183
f 1901/8163/1790 1900/6823/1447 1715/6826/1450 1714/8164/1791
f 997/6663/1312 996/8165/1045 922/8166/1046 921/6664/1047
f 2024/8167/12 2025/8168/12 2026/8169/12 2027/8170/12 2028/5814/12 1956/5813/12 1955/8171/12 1954/8172/12 1953/8173/12 1965/8174/12 1982/8175/12 1983/8176/12 1967/8177/12 1968/8178/12 1969/8179/12 1970/8180/12 1971/8181/12 1972/8182/12 2032/8183/12 2033/8184/12 2034/8185/12 2035/8186/12 2036/8187/12 2037/8188/12 2029/8189/12 2030/8190/12 2031/8191/12 2040/8192/12 2041/8193/12 2042/8194/12 2043/5705/12 2003/5704/12 2004/8195/12 2005/8196/12 2006/8197/12 2007/8198/12 2008/8199/12 2009/8200/12 2010/8201/12 2002/5703/12 1961/5702/12 1960/8202/12 1959/8203/12 1958/5811/12 2017/5810/12 2018/8204/12 2019/8205/12 2011/8206/12 2012/8207/12 2013/8208/12 2014/8209/12 2015/5816/12 2020/5815/12 2021/8210/12 2022/8211/12 2023/8212/12
f 1899/6824/1448 1898/8213/1792 1717/8214/1793 1716/6825/1449
f 1307/5802/1142 1306/6397/1327 1948/6400/1327 1949/5803/1143
f 641/8215/1281 904/8216/1281 903/8217/1281 642/8218/1281
f 1899/5972/1219 1900/6827/1451 1837/6830/1454 1836/5973/1220
f 1005/8219/1118 1006/8220/1190 979/8221/1190 978/8222/1587
f 4060/7106/1522 4061/8223/1794 4052/8224/1795 4051/7107/1523
f 857/5997/1003 737/5996/1003 736/6091/94 856/6090/94
f 2186/5916/1193 2185/6729/1419 1990/6732/1422 1989/5917/1194
f 2098/7811/1687 1972/7810/1686 1971/8225/1796 2097/8226/1797
f 1893/8227/1674 1901/8163/1790 1714/8164/1791 1713/8228/1675
f 1952/6722/1418 1951/5891/1177 1964/5894/1180 1965/6723/1418
f 752/8229/81 689/8230/81 688/8231/181 751/8232/181
f 1062/7815/1691 1053/7814/1690 1052/8233/1798 1061/8234/1799
f 2102/8235/1800 2093/8236/1800 2092/8015/94 2101/8014/94
f 1101/8237/481 1109/8238/1519 1021/8239/1520 1020/8240/481
f 1176/8241/1353 1167/8242/1352 1166/7781/1680 1175/7780/1679
f 1751/7959/1734 1752/8243/1801 1743/8244/1802 1742/7960/1735
f 2079/8245/1803 2088/8246/1804 2089/5884/1171 2080/5883/1170
f 1440/8247/1670 1441/8248/1671 1432/8249/1672 1431/8250/1673
f 1517/5564/1015 1518/7804/1374 1509/7807/1377 1508/5565/1016
f 1857/8251/9 1858/8252/1151 1795/8253/1805 1794/8254/9
f 2226/8255/1806 2225/8016/1753 2022/8019/1756 2021/8256/1807
f 2194/8257/1808 2193/5571/1021 2000/5574/1024 1999/8258/1308
f 1752/8243/1801 1753/5793/1136 1744/5796/1139 1743/8244/1802
f 1764/7767/1669 1656/7766/1668 1655/5958/1212 1763/5957/1211
f 1896/6617/1381 1895/7214/1538 1720/7217/1541 1719/6618/1382
f 1886/8259/1809 1885/8260/1810 1712/8261/1811 1711/8262/1812
f 2226/8263/680 2218/8264/136 2155/8265/136 2163/8266/680
f 2185/7110/1525 2186/7969/1236 2123/7972/1236 2122/7111/1237
f 1011/8267/1183 1012/8268/1561 985/8269/1561 984/8270/1183
f 2107/8271/12 2106/8272/12 2105/8273/12 2104/8274/12 2103/8275/12 2102/8276/12 2101/8277/12 2109/8278/12 2108/8279/12
f 2200/8280/1253 2208/6839/1457 2003/6842/1460 2002/8281/1253
f 4043/8282/186 4044/8283/186 4045/5979/186 4053/5978/186 4054/8284/186 4055/5986/186 4042/5985/186
f 1229/8285/1813 1202/8286/1202 1201/7396/1063 1228/7395/1063
f 2140/8287/12 2141/8288/12 2142/8289/12 2143/8290/12 2144/8291/12 2145/8292/12 2137/8293/12 2138/8294/12 2139/8295/12
f 1409/8296/1317 1401/8297/1318 1392/8298/1318 1400/8299/1319
f 1404/7769/1671 1405/8300/1814 1396/8301/1815 1395/7770/1672
f 2162/8302/12 2163/8303/12 2155/8304/12 2156/8305/12 2157/8306/12 2158/8307/12 2159/8308/12 2160/8309/12 2161/8310/12
f 1009/6833/1265 1008/6835/1268 928/6838/1271 927/6834/1266
f 1681/7688/92 1682/8311/92 1683/7681/92 1633/7680/92 1632/8312/92 1631/7693/92 1690/7692/92 1691/8313/92 1692/8314/92 1693/8315/92 1694/8316/92 1686/8317/92 1687/7689/92
f 2072/8318/12 2073/8319/12 2065/8320/12 2066/8321/12 2067/8322/12 2068/8323/12 2069/7879/12 2057/7882/12 2056/8324/12 2064/8325/12 2063/8326/12 2062/8327/12 2061/8328/12 2060/8329/12 2059/8330/12 2058/7881/12 2070/7880/12 2071/8331/12
f 1059/6792/1432 1068/6791/1431 1069/8332/1816 1060/8333/1816
f 1914/8334/1817 1923/8335/1041 1924/8336/1042 1915/8337/1042
f 1839/8338/1818 1847/8339/1819 1660/8340/1820 1659/8341/1821
f 1408/8111/1683 1409/8296/1317 1400/8299/1319 1399/8112/1376
f 1107/7962/1405 1106/6845/1406 1024/6846/1407 1023/7963/1408
f 2189/8342/1822 2188/7774/1676 1987/7775/1677 1986/8343/1823
f 1366/8344/1612 1274/8345/1612 1273/8346/1249 1367/8347/1824
f 874/8348/1018 875/5805/1019 866/5808/1147 865/8349/1018
f 2082/6648/1391 2091/6647/1390 2083/6001/1225 2074/6000/1225
f 2100/8350/1825 1974/8351/1807 1973/7809/1685 2099/7808/1684
f 2203/8352/1826 2202/8004/1749 2009/8005/1750 2008/8353/1827
f 2204/6929/1484 2203/8352/1826 2008/8353/1827 2007/6930/1485
f 1872/8354/1828 1871/8355/1829 1690/8356/1830 1689/8357/1831
f 1869/7909/1711 1868/7820/1696 1693/7823/1699 1692/7910/1712
f 802/8358/1303 803/7977/1304 794/7978/1305 793/8359/1306
f 1864/7233/1548 1863/6552/1365 1680/6555/1368 1679/7234/1549
f 791/8360/12 792/8361/12 782/8362/12 790/8363/12 789/8364/12 788/8365/12 787/8366/12 786/8367/12 785/8368/12 784/8369/12 793/8370/12 794/8371/12 795/8372/12 796/8373/12 797/8374/12 798/8375/12 799/8376/12
f 1520/6105/521 1519/6628/1386 1528/6631/1386 1529/6106/521
f 1242/5970/1081 1215/5969/1081 1214/7427/1599 1241/7426/1082
f 1658/8377/1400 1766/8378/1832 1758/8379/1833 1650/8380/1833
f 1355/5858/137 1258/5857/137 1257/8381/186 1347/8382/186
f 1178/6810/1445 1169/6809/1444 1168/6492/1351 1177/6491/1350
f 2212/6800/1439 2211/8383/1834 2018/8384/1835 2017/6801/1440
f 801/6677/650 800/8385/94 809/8386/94 810/6678/650
f 1882/8387/1836 1881/8388/1837 1698/8389/1326 1697/8390/1838
f 1538/8391/1839 1547/8392/1840 1548/8393/1841 1539/8394/1841
f 1757/7916/1718 1749/8395/599 1740/8396/599 1748/7917/1719
f 1760/8397/1842 1652/8398/1843 1651/8399/1844 1759/8400/1845
f 2176/7342/1584 2175/8401/1846 1982/8402/1847 1981/7343/1585
f 1945/8403/1848 1944/8404/1417 1953/8405/1417 1954/8406/1761
f 2047/8407/1417 2055/8118/1775 2064/8119/1776 2056/8408/1417
f 1761/7445/1611 1653/7444/1610 1652/8398/1843 1760/8397/1842
f 1850/7905/1707 1849/7631/1646 1676/7634/1647 1675/7906/1708
f 2210/8409/1849 2209/8410/1850 2011/8411/1851 2019/8412/1852
f 1232/8413/1082 1205/8414/1853 1204/6019/1232 1231/6018/1232
f 2179/8415/1854 2180/8072/1762 2117/8073/1763 2116/8416/1854
f 1875/8417/1655 1883/8418/1855 1696/8419/1856 1695/8420/1656
f 1126/8421/1857 1127/6096/1196 1100/6099/1196 1099/8422/1042
f 1405/8300/1814 1406/8423/1858 1397/8424/1859 1396/8301/1815
f 2195/8425/1860 2194/8257/1808 1999/8258/1308 1998/8426/1861
f 1887/7429/1601 1886/8259/1809 1711/8262/1812 1710/7430/1602
f 2220/5676/1083 2221/8427/1862 2158/8428/1230 2157/5677/1083
f 597/8429/190 596/8430/190 1017/8431/190 1018/8432/190
f 677/6931/92 676/6941/92 685/6940/92 686/6932/92
f 2190/8433/1863 2189/8342/1822 1986/8343/1823 1985/8434/1864
f 1855/6269/1273 1854/7816/1692 1671/7819/1695 1670/6270/1274
f 1852/8435/1865 1851/7904/1706 1674/7907/1709 1673/8436/1866
f 843/8437/1325 844/5579/1025 835/5582/1028 834/8438/1326
f 2095/8117/1774 1969/8116/1773 1968/7404/1596 2094/7403/1595
f 1766/8378/1832 1658/8377/1400 1657/7765/1667 1765/7764/1666
f 842/8439/1031 841/8440/1197 850/8441/1032 851/8442/1031
f 1446/6093/1140 1445/8443/1413 1454/8444/1414 1455/6094/1140
f 1373/8445/137 1267/8446/137 1266/8447/186 1365/8448/186
f 1430/7276/92 1421/7275/92 1420/8449/92 1428/8450/92 1427/8451/92 1426/8452/92 1425/8453/92 1424/7272/92 1432/7271/92 1433/8454/92 1434/8455/92 1435/8456/92 1436/8457/92 1437/8458/92 1429/8459/92
f 766/8460/1373 765/7210/1537 774/7213/1222 775/8461/1373
f 1310/8462/227 1309/7206/1536 1951/7207/1536 1952/8463/227
f 2209/8464/1850 2217/8465/1867 2012/8466/1868 2011/8467/1851
f 1533/8468/1869 1542/8469/1870 1543/8470/1871 1534/8471/1871
f 1843/8472/1872 1842/7951/1726 1665/7954/1729 1664/8473/1873
f 1873/7989/1741 1872/8354/1828 1689/8357/1831 1688/7990/1742
f 1537/8474/155 1546/8475/155 1547/8392/1840 1538/8391/1839
f 1103/6869/1474 1102/5719/1088 1028/5722/1089 1027/6870/1475
f 808/6441/1026 800/8476/1018 791/8477/1018 799/6442/1027
f 1759/8400/1845 1651/8399/1844 1650/8380/1833 1758/8379/1833
f 2199/5774/1123 2191/8478/33 2128/8479/33 2136/5775/1123
f 1350/6177/1251 1263/6176/1250 1262/8480/1126 1351/8481/1125
f 1348/8482/12 1349/8483/12 1350/8484/12 1351/7165/12 1362/7169/12 1363/8485/12 1364/8486/12 1356/8487/12 1357/8488/12 1358/8489/12 1359/8490/12 1360/7167/12 1352/7166/12 1353/8491/12 1354/8492/12 1355/8493/12 1347/8494/12
f 1517/8495/1650 1516/8496/1874 1525/8497/1090 1526/8498/1650
f 1253/8499/12 1254/8500/12 1245/8501/12 1244/8502/12 1284/8503/12 1285/8504/12 1251/8505/12 1252/8506/12
f 1600/8507/1875 1599/8508/1875 1903/8509/1875 1902/8510/1875
f 1315/8511/1128 1297/8512/1127 1296/8513/1107 1314/8514/1107
f 998/8515/1876 999/8516/1295 972/8517/1295 971/8518/1189
f 785/6728/437 703/6727/437 702/6205/399 784/6204/399
f 2199/6848/1464 2198/7973/1736 1995/7976/1739 1994/6849/1465
f 2196/8519/1877 2195/8425/1860 1998/8426/1861 1997/8520/1878
f 1835/8521/92 1836/8522/92 1837/8523/92 1838/8524/92 1830/8525/92 1831/8526/92 1832/8527/92 1833/8528/92 1834/8529/92
f 837/8530/94 845/6764/1238 854/6767/1129 846/8531/94
f 990/8532/1295 991/8533/1294 964/8534/1294 963/8535/1879
f 1015/8536/33 1017/8537/33 894/8538/33 901/8539/33
f 1848/8540/599 1856/6268/1272 1669/6271/1275 1668/8541/599
f 1332/8542/1251 1254/8543/1251 1253/8544/1126 1333/8545/1880
f 1615/7554/1629 1620/7558/35 1621/7557/1631 1614/5561/1012
f 1906/8546/136 603/8547/136 602/8548/136 1904/8549/136
f 2211/8383/1834 2210/8409/1849 2019/8412/1852 2018/8384/1835
f 726/8550/1238 827/8551/1238 819/8552/94 718/8553/94
f 2175/8401/1846 2174/6276/1279 1983/6279/1280 1982/8402/1847
f 1010/6625/1181 1011/8267/1183 984/8270/1183 983/6626/1385
f 996/8165/1045 995/8554/1073 914/8555/1073 922/8166/1046
f 1330/7644/1612 1256/7643/1612 1255/8556/1249 1331/8557/1824
f 1319/7447/1612 1301/7446/1612 1300/8558/1249 1318/8559/1249
f 696/6125/92 704/6124/92 705/6116/92 695/6115/92
f 845/5580/1026 837/8560/1018 828/8561/1018 836/5581/1027
f 1860/8562/1854 1861/5757/1113 1798/5760/1114 1797/8563/1881
f 1759/5616/1051 1768/5615/1051 1769/8564/1784 1760/8565/1784
f 944/7326/1202 953/7325/1577 954/8566/630 945/8567/630
f 1369/7197/1531 1271/7196/1126 1270/8568/1372 1370/8569/1128
f 2068/5628/1055 2067/8570/1882 2076/8571/1883 2077/5629/1055
f 1406/8423/1858 1407/8110/1746 1398/8113/1358 1397/8424/1859
f 1402/8572/1348 1403/7768/1670 1394/7771/1673 1393/8573/1349
f 1119/8574/481 1127/8020/1519 1039/8021/1520 1038/8575/481
f 1113/7932/1160 1114/7315/1354 1087/7318/1575 1086/7933/1087
f 2118/8576/12 2110/8577/12 2111/8578/12 2112/8579/12 2113/8580/12 2114/8581/12 2115/8582/12 2116/8583/12 2117/8584/12
f 2208/8585/1800 2200/8586/94 2137/8587/94 2145/8588/1800
f 1057/8075/1765 1048/8074/1764 1047/6998/718 1056/6997/718
f 769/8589/1161 768/5587/1031 777/5590/1033 778/8590/1161
f 1644/8591/136 1645/8592/136 1647/8593/136 1646/8594/136
f 1561/8595/1884 1552/8596/1885 1551/8597/1886 1560/8598/1886
f 1901/6828/1452 1893/8599/5 1830/8600/5 1838/6829/1453
f 1230/8601/1233 1203/8602/1233 1202/8286/1202 1229/8285/1813
f 708/7237/1238 790/7236/1238 782/5626/94 700/5625/94
f 1303/7777/626 1302/8603/136 1944/8604/136 1945/7778/626
f 1562/8605/1700 1553/8606/1700 1552/8596/1885 1561/8595/1884
f 1885/8260/1810 1884/8607/1398 1704/8608/1398 1712/8261/1811
f 1862/6553/1366 1861/6321/1309 1682/6324/1311 1681/6554/1367
f 733/8609/1210 618/8610/1210 617/5691/1086 734/5690/1034
f 4068/8611/781 4041/8612/781 4040/6173/1248 4067/6172/1248
f 750/8613/199 687/8614/199 686/8615/1887 749/8616/197
f 1351/8481/1125 1262/8480/1126 1261/8617/1127 1352/8618/1128
f 800/8619/1018 801/8620/1019 792/8621/1147 791/8622/1018
f 1896/8623/1888 1897/7571/1640 1834/7572/1505 1833/8624/1889
f 1480/8625/1650 1479/8626/1090 1488/8627/1090 1489/8628/1650
f 2187/7970/1216 2188/8076/1217 2125/8079/1217 2124/7971/1216
f 2075/5999/1224 2084/5998/1223 2085/7227/1545 2076/7226/1544
f 1610/7539/1621 1604/7541/1623 657/7565/1634 1618/7564/1633
f 1946/8130/1778 1945/8403/1848 1954/8406/1761 1955/8131/1779
f 986/8629/1073 994/5635/1059 906/5638/1062 905/8630/1073
f 2218/8631/136 2219/5675/940 2156/5678/940 2155/8632/136
f 2204/7089/1518 2205/5907/1186 2142/5910/1188 2141/7090/1518
f 1404/5724/1091 1403/5937/1200 1412/5940/1200 1413/5725/1092
f 1236/8633/1593 1209/8634/1064 1208/5662/136 1235/5661/136
f 1245/8635/106 1247/8636/106 1567/8637/106 1246/8638/106
f 2073/8639/373 2072/6422/1334 2081/6425/1337 2082/8640/373
f 947/5784/1082 956/5783/1082 957/6551/1081 948/6550/1081
f 1233/8641/1080 1206/8642/1081 1205/8414/1853 1232/8413/1082
f 1886/8643/1511 1887/8644/1890 1824/8645/1509 1823/8646/1511
f 1124/6670/1406 1123/6803/1401 1043/6806/1404 1042/6671/1407
f 749/8647/197 686/8648/1887 685/8649/437 748/8650/437
f 838/5568/1019 839/6544/1145 830/6545/1146 829/5569/1020
f 1856/8027/517 1848/8651/78 1785/8652/78 1793/8028/517
f 1939/8653/1816 1930/8654/1891 1929/7739/1658 1938/7738/1432
f 1877/8655/1488 1878/7438/1608 1815/7441/1608 1814/8656/1486
f 1871/8355/1829 1870/7908/1710 1691/7911/1713 1690/8356/1830
f 1513/7889/1201 1512/8657/186 1521/8658/186 1522/7890/1201
f 1536/8659/1665 1545/8660/1665 1546/8475/155 1537/8474/155
f 748/8650/437 685/8649/437 684/5547/400 747/5546/399
f 1174/7783/1682 1165/7782/1681 1164/6844/1462 1173/6843/1461
f 1570/8661/92 1649/8662/92 1648/8663/92 1571/8664/92
f 1000/8665/1294 1001/5895/1181 974/5898/1184 973/8666/1294
f 1443/8667/1858 1444/7998/1746 1435/8001/1358 1434/8668/1859
f 1445/7999/1683 1446/7750/1317 1437/7753/1319 1436/8000/1376
f 1877/8002/1747 1876/7734/1654 1703/7737/1657 1702/8003/1748
f 1859/8669/1763 1860/8562/1854 1797/8563/1881 1796/8670/1762
f 2183/6797/1436 2182/8671/851 1984/8672/851 1992/6798/1437
f 2210/8673/1453 2211/7198/1454 2148/7201/1451 2147/8674/1453
f 1442/8675/1814 1443/8667/1858 1434/8668/1859 1433/8676/1815
f 1283/7289/1571 1539/7288/1570 1531/8677/1892 1275/8678/1892
f 2215/8679/1888 2216/8680/1379 2153/8681/1378 2152/8682/1888
f 945/8683/1038 936/8684/1037 935/7993/1745 944/7992/1744
f 2067/8570/1882 2066/8685/1893 2075/8686/1893 2076/8571/1883
f 1174/5912/1190 1173/5765/1118 1182/5768/1118 1183/5913/1190
f 770/5786/1130 769/8589/1161 778/8590/1161 779/5787/1131
f 1738/8687/1894 1729/8688/1894 1728/7433/1605 1737/7432/1604
f 1482/8689/1386 1481/8690/1895 1490/8691/1388 1491/8692/1896
f 1891/8693/1897 1892/8694/940 1829/8695/940 1828/8696/1083
f 893/8697/1281 894/8698/1281 595/8699/1281 594/8700/1281
f 1371/6601/1107 1269/6600/1107 1268/8701/1898 1372/8702/1109
f 1353/8703/1107 1260/8704/1107 1259/5856/1109 1354/5855/1109
f 681/5872/309 672/5871/309 671/8705/1057 680/8706/1168
f 1116/8707/1041 1117/7220/1042 1090/7223/1042 1089/8708/1043
f 1882/8709/1098 1883/6108/1243 1820/6111/1243 1819/8710/1097
f 2228/6437/1243 2229/5735/1097 2166/5736/1098 2165/6438/1338
f 1109/8238/1519 1108/7961/1455 1022/7964/1456 1021/8239/1520
f 1915/8337/1042 1924/8336/1042 1925/5920/1196 1916/5919/1196
f 1313/8711/1109 1295/8712/1109 1294/6816/137 1312/6815/137
f 2039/5543/1001 2038/8713/136 2047/8714/136 2048/5544/1001
f 4069/5930/1198 4042/5929/1198 4041/8612/781 4068/8611/781
f 1916/8715/1899 1582/8716/1900 1581/6445/1340 1915/6444/1339
f 1101/8717/186 1102/7639/1048 1075/7640/1048 1074/8718/186
f 2133/8719/12 2134/8720/12 2135/8721/12 2136/8722/12 2128/8723/12 2129/8724/12 2130/8725/12 2131/8726/12 2132/8727/12
f 746/5549/1003 683/5548/1003 682/8728/94 745/8729/94
f 720/6131/92 721/8730/92 722/6140/92 714/6139/92 715/8731/92 716/6132/92
f 1911/5697/1087 1920/5696/1087 1921/8732/1354 1912/8733/1901
f 1382/8734/431 1502/8735/431 1494/6386/186 1374/6385/186
f 1111/6360/1316 1112/7931/1049 1085/7934/1050 1084/6361/1316
f 1912/8733/1901 1921/8732/1354 1922/8736/1574 1913/8737/1229
f 1477/8738/1660 1476/8739/1201 1485/8740/1201 1486/8741/1661
f 1407/8742/1388 1406/8145/1650 1415/8146/1782 1416/8743/1388
f 900/8744/5 904/8745/5 1568/8746/5 1567/8747/5
f 717/8748/260 607/8749/260 606/8750/94 709/8751/94
f 2197/7974/1737 2196/8519/1877 1997/8520/1878 1996/7975/1738
f 1873/8148/1783 1874/5745/1051 1811/5748/1051 1810/8149/1784
f 1364/6207/431 1465/6206/431 1457/8752/186 1356/8753/186
f 2223/8042/1758 2222/7284/1566 2025/7287/1569 2024/8043/1759
f 1463/8754/232 1362/8755/232 1361/7503/321 1462/7502/1618
f 1172/8756/78 1180/7267/1561 1189/7270/1561 1181/8757/78
f 1016/8758/263 1128/8759/263 1019/8760/263 1015/8761/263
f 878/7347/1240 879/7754/1662 870/7755/1663 869/7348/1241
f 1846/8762/1902 1845/8155/1785 1662/8158/1788 1661/8763/1903
f 987/8764/1118 988/8765/1190 961/8766/1190 960/8767/1587
f 1730/8768/159 1739/8769/159 1731/6788/136 1722/6787/136
f 1847/6794/1434 1839/8770/33 1776/8771/33 1784/6795/1434
f 859/8772/437 739/8773/437 738/5995/632 858/5994/399
f 2193/8774/1435 2194/8775/1490 2131/8776/1490 2130/8777/1433
f 1337/8778/137 1249/8779/137 1248/7646/186 1329/7645/186
f 4075/6171/1247 4048/6170/1246 4047/8780/1904 4074/8781/1905
f 801/8620/1019 802/8358/1303 793/8359/1306 792/8621/1147
f 1854/6085/1237 1855/8026/1757 1792/8029/1524 1791/6086/1237
f 840/8782/1373 839/5990/1221 848/5993/1222 849/8783/1906
f 603/8784/5 1906/8785/5 1905/8786/5 1907/8787/5 604/8788/5
f 619/8789/92 620/8790/92 621/8791/92 622/8792/92 623/6029/92 611/6028/92 612/8793/92 613/6024/92 600/6023/92 601/8794/92 602/8795/92 603/8796/92 604/8797/92 605/8798/92 594/8799/92 595/8800/92 596/8801/92 597/8802/92 598/8803/92 599/6022/92 606/6026/92 607/8804/92 608/8805/92 609/8806/92 610/6027/92 616/6031/92 617/8807/92 618/8808/92
f 2214/8809/1907 2213/6799/1438 2016/6802/1441 2015/8810/1908
f 1535/8811/1702 1279/8812/1701 1278/7956/1731 1534/7955/1730
f 2214/7024/1505 2215/8679/1888 2152/8682/1888 2151/7025/1505
f 2233/7944/1724 2234/6958/1486 2171/6961/1488 2170/7945/1608
f 2078/6259/1263 2087/6258/1262 2088/8246/1804 2079/8245/1803
f 880/5848/1161 879/5923/1031 888/5926/1031 889/5849/1161
f 1500/7534/232 1380/7533/1620 1379/7381/321 1499/7380/321
f 1849/7536/523 1850/8813/1767 1787/8814/1767 1786/7537/523
f 674/5594/260 665/5593/260 664/5874/94 673/5873/94
f 1875/8815/35 1876/8816/1487 1813/8817/1487 1812/8818/35
f 842/8819/1662 843/8437/1325 834/8438/1326 833/8820/1663
f 945/8567/630 954/8566/630 955/8821/957 946/8822/957
f 1104/5844/1160 1105/6495/1354 1078/6498/1354 1077/5845/1087
f 1060/8333/1816 1069/8332/1816 1070/8823/1909 1061/8824/1909
f 1940/8825/1910 1931/8826/1909 1930/8827/1891 1939/8828/1816
f 2180/8829/1911 2179/7202/1532 1978/7205/1535 1977/8830/1912
f 1387/8831/1234 1324/8832/1234 1323/6990/1149 1386/6989/1149
f 767/5588/1032 766/8460/1373 775/8461/1373 776/5589/1032
f 1943/8023/1075 1934/8022/1075 1933/5754/1110 1942/5753/1110
f 1594/8833/92 1623/8834/92 1595/8835/92
f 2225/7056/1510 2226/8263/680 2163/8266/680 2162/7057/1511
f 1367/8347/1824 1273/8346/1249 1272/7195/1530 1368/7194/1251
f 763/8836/1018 764/6592/1019 755/6593/1147 754/8837/1018
f 692/6201/309 652/6200/309 651/8838/1057 693/8839/1058
f 1881/8840/1913 1882/8709/1098 1819/8710/1097 1818/8841/1069
f 789/7239/1551 707/7238/81 706/8842/1914 788/8843/181
f 731/5854/1164 620/5853/1163 619/8844/1526 732/8845/944
f 2097/8226/1797 1971/8225/1796 1970/8846/1772 2096/8847/1771
f 1483/7858/521 1482/8689/1386 1491/8692/1896 1492/7859/521
f 1866/8848/186 1867/7947/1157 1804/7950/1157 1803/8849/186
f 1850/8813/1767 1851/5963/1215 1788/5966/1217 1787/8814/1767
f 1760/8565/1784 1769/8564/1784 1770/5620/1052 1761/5619/1052
f 1352/8850/1128 1261/8851/1127 1260/8704/1107 1353/8703/1107
f 1476/8739/1201 1475/8852/186 1484/8853/186 1485/8740/1201
f 2183/6157/517 2184/7109/1524 2121/7112/1524 2120/6158/517
f 2192/7607/1434 2193/8774/1435 2130/8777/1433 2129/7608/1645
f 1840/8854/1123 1841/8855/1124 1778/8856/1122 1777/8857/1123
f 1876/8816/1487 1877/8655/1488 1814/8656/1486 1813/8817/1487
f 1841/8855/1124 1842/8858/1705 1779/8859/1705 1778/8856/1122
f 763/8860/94 771/5785/1129 780/5788/1129 772/8861/94
f 1555/8862/12 1556/8863/12 1557/8864/12 1549/8865/12 1550/8866/12 1551/8867/12 1552/8868/12 1553/8869/12 1554/8870/12
f 2190/8871/523 2182/8872/78 2119/8873/78 2127/8874/523
f 678/6310/1300 669/6309/1163 668/8875/1389 677/8876/944
f 1502/8735/431 1382/8734/431 1381/7532/1255 1501/7531/1619
f 1441/8248/1671 1442/8675/1814 1433/8676/1815 1432/8249/1672
f 1057/5946/1204 1066/5945/1204 1067/6790/1430 1058/6789/1429
f 1061/8877/1909 1070/8878/1909 1071/5864/1111 1062/5863/1111
f 1006/8220/1190 1007/8879/1876 980/8880/1189 979/8221/1190
f 1609/8881/12 1606/8882/12 1607/8883/12 1608/8884/12
f 991/8533/1294 992/8885/1181 965/8886/1915 964/8534/1294
f 2215/6537/1357 2214/8809/1907 2015/8810/1908 2014/6538/1358
f 1532/6784/1428 1276/6783/1427 1275/8678/1892 1531/8677/1892
f 2175/8887/1007 2176/5599/1008 2113/5602/1005 2112/8888/1006
f 1867/7821/1697 1866/8889/1833 1686/8890/1833 1694/7822/1698
f 788/8843/181 706/8842/1914 705/6055/199 787/6054/199
f 1004/8891/78 1005/8219/1118 978/8222/1587 977/8892/78
f 2093/8236/1800 2102/8235/1800 2103/7062/1512 2094/7061/1512
f 2221/8427/1862 2222/6006/1030 2159/6009/1030 2158/8428/1230
f 729/5634/1058 622/5633/1057 621/5852/1162 730/5851/1162
f 4074/8781/1905 4047/8780/1904 4046/8893/1916 4073/8894/1917
f 1513/6778/1348 1514/6649/1392 1505/6650/1393 1504/6779/1349
f 1648/8895/94 663/8896/94 662/8897/94 1572/8898/94 1571/8899/94
f 987/7208/1045 986/8900/1073 905/8901/1073 913/7209/1046
f 1602/8902/94 658/8903/94 657/8904/94 1624/8905/94
f 843/8906/1161 842/8439/1031 851/8442/1031 852/8907/1161
f 1439/6457/1348 1440/8247/1670 1431/8250/1673 1430/6458/1349
f 1372/8702/1109 1268/8701/1898 1267/8446/137 1373/8445/137
f 2216/8680/1379 2217/7891/1703 2154/7894/1345 2153/8681/1378
f 942/6874/1479 933/6873/1478 932/8013/1752 941/8012/1752
f 996/7350/1118 997/8908/1190 970/8909/1918 969/7351/1587
f 2232/6685/1415 2231/6865/1470 2034/6868/1473 2033/6686/1416
f 1348/8910/1612 1265/8911/1612 1264/6175/1249 1349/6174/1249
f 2174/6854/1085 2175/8887/1007 2112/8888/1006 2111/6855/1085
f 1207/8912/1074 1234/8913/1074 1226/8914/136 1199/8915/136
f 1532/8916/750 1541/8917/750 1542/8469/1870 1533/8468/1869
f 1866/8918/1833 1874/7988/1740 1687/7991/1743 1686/8919/1833
f 2065/8920/186 2073/8639/373 2082/8640/373 2074/8921/186
f 1318/8559/1249 1300/8558/1249 1299/7467/1250 1317/7466/1251
f 1974/8351/1807 2100/8350/1825 2092/7884/1253 1966/7883/1253
f 1225/8922/1074 1198/8923/1074 1197/5672/1081 1224/5671/1080
f 1880/8108/1070 1881/8840/1913 1818/8841/1069 1817/8109/1770
f 676/6635/1209 667/6634/1210 666/5592/1034 675/5591/1034
f 2189/8077/1766 2190/8871/523 2127/8874/523 2126/8078/1767
f 1868/7948/1228 1869/8924/1919 1806/8925/1226 1805/7949/1725
f 844/6765/1130 843/8906/1161 852/8907/1161 853/6766/1424
f 1401/8926/1318 1402/8572/1348 1393/8573/1349 1392/8927/1318
f 992/8885/1181 993/8161/1183 966/8162/1183 965/8886/1915
f 1305/6398/1328 1304/7776/1678 1946/7779/1678 1947/6399/1329
f 2181/5728/1094 2180/8829/1911 1977/8830/1912 1976/5729/1095
f 1467/8928/92 1468/6643/92 1459/6642/92 1458/8929/92 1457/8930/92 1465/8931/92 1464/8932/92 1463/8933/92 1462/8934/92 1461/6640/92 1471/6646/92 1472/8935/92 1473/8936/92 1474/8937/92 1466/8938/92
f 1458/7295/185 1357/7294/185 1356/8753/186 1457/8752/186
f 1601/8939/92 899/8940/92 898/8941/92 1135/8942/92
f 1234/8913/1074 1207/8912/1074 1206/8642/1081 1233/8641/1080
f 2235/6959/1487 2227/8943/35 2164/8944/35 2172/6960/1487
f 1479/7887/1014 1480/7939/1015 1471/7940/1016 1470/7888/1017
f 2038/8945/136 2046/5769/1119 2055/5772/1121 2047/8946/136
f 1918/8947/1316 1909/8948/1048 1908/5922/186 1917/5921/186
f 1239/8949/1233 1212/8950/1446 1211/5942/1202 1238/5941/1202
f 771/5826/1026 763/8951/1018 754/8952/1018 762/5827/1027
f 1426/6509/232 1344/6508/1355 1343/8105/321 1425/8104/1618
f 947/7283/1565 938/7282/1564 937/5596/1036 946/5595/1035
f 2050/7658/1652 2049/8132/1780 2058/8133/1781 2059/7659/1653
f 614/8101/309 710/8100/309 709/8751/94 606/8750/94
f 1218/5642/1064 1191/5641/1064 1190/8953/136 1217/8954/136
f 1227/7398/1593 1200/7397/1593 1199/8915/136 1226/8914/136
f 2041/8955/1920 2040/5542/589 2049/5545/1002 2050/8956/750
f 1178/8957/1184 1177/6299/1294 1186/6302/1294 1187/8958/1181
f 838/5991/650 837/8959/94 846/8960/94 847/5992/650
f 2217/8465/1867 2216/6536/1356 2013/6539/1359 2012/8466/1868
f 951/7987/1064 942/7986/1064 941/5906/136 950/5905/136
f 1729/8961/92 1730/7709/92 1696/7708/92 1697/8962/92 1698/8963/92 1699/7702/92 1705/7701/92 1706/8964/92 1707/8965/92 1708/8966/92 1709/8967/92 1710/7697/92 1628/7696/92 1627/7664/92 1721/7663/92 1713/8968/92 1714/8969/92 1715/8970/92 1716/8971/92 1717/7732/92 1654/7731/92 1655/8972/92 1656/7724/92 1727/7723/92 1728/8973/92
f 714/8974/944 610/8975/1526 609/8976/1210 715/8977/1210
f 2053/5644/1066 2052/5667/1076 2061/5670/1079 2062/5645/1067
f 1883/8418/1855 1882/8387/1836 1697/8390/1838 1696/8419/1856
f 793/8370/12 784/8369/12 783/8978/12 782/8362/12 792/8361/12
f 1179/7268/1183 1178/8957/1184 1187/8958/1181 1188/7269/1562
f 1265/8911/1612 1348/8910/1612 1347/8382/186 1257/8381/186
f 1261/8979/12 1266/8980/12 1267/8981/12 1268/8982/12 1128/8983/12 1016/8984/12 1259/8985/12 1260/8986/12
f 1106/6496/1229 1107/5603/1041 1080/5606/1043 1079/6497/1229
f 4072/8987/1921 4045/8988/1922 4044/8989/1923 4071/8990/1923
f 1986/8991/12 1987/5707/12 2044/5706/12 2045/8992/12 2046/8993/12 2038/8994/12 2039/8995/12 2040/8192/12 2031/8191/12 2032/8183/12 1972/8182/12 1973/8996/12 1974/8997/12 1966/8998/12 1967/8177/12 1983/8176/12 1975/8999/12 1976/9000/12 1977/9001/12 1978/9002/12 1979/9003/12 1980/9004/12 1981/9005/12 1982/8175/12 1965/8174/12 1964/9006/12 1963/5700/12 2001/5699/12 1993/9007/12 1994/5709/12 1988/5708/12 1989/9008/12 1990/9009/12 1991/9010/12 1992/9011/12 1984/9012/12 1985/9013/12
f 2228/9014/1924 2227/9015/1298 2029/9016/1299 2037/9017/1925
f 1111/7984/1088 1110/9018/481 1029/9019/481 1037/7985/1089
f 1128/9020/1178 1130/9021/1178 1129/9022/1497 1019/9023/1554
f 2066/8685/1893 2065/9024/186 2074/9025/186 2075/8686/1893
f 1004/9026/1073 1012/9027/1059 924/9028/1062 923/9029/1073
f 1408/6679/1413 1407/8742/1388 1416/8743/1388 1417/6680/1414
f 965/9030/94 966/9031/94 967/9032/94 959/9033/94 960/9034/94 961/9035/94 962/9036/94 963/9037/94 964/9038/94
f 1441/6163/1091 1440/7278/1563 1449/7281/1200 1450/6164/1092
f 712/5882/1162 612/5881/1169 611/9039/1163 713/9040/1164
f 1912/9041/1397 1578/9042/1396 1577/7958/1733 1911/7957/1732
f 2042/7354/801 2041/8955/1920 2050/8956/750 2051/7355/1588
f 1516/8496/1874 1515/7742/1091 1524/7745/1092 1525/8497/1090
f 1129/9043/9 1131/9044/9 1018/9045/9 1019/9046/9
f 1881/8388/1837 1880/9047/1926 1699/9048/1927 1698/8389/1326
f 1869/8924/1919 1870/7170/1332 1807/7173/1527 1806/8925/1226
f 876/7224/1543 875/7994/650 884/7997/650 885/7225/1222
f 800/9049/94 808/9050/1129 817/9051/1129 809/9052/94
f 690/9053/1238 753/9054/1238 745/8729/94 682/8728/94
f 1914/6447/1342 1580/6446/1341 1579/6652/1395 1913/6651/1394
f 1108/5604/1042 1109/9055/1196 1082/9056/1196 1081/5605/1042
f 1476/9057/1348 1477/6857/1467 1468/6860/1469 1467/9058/1349
f 1014/9059/1556 1016/9060/1556 1015/9061/1553 901/9062/1617
f 896/6505/94 914/6532/94 915/9063/94 916/9064/94 917/9065/94 918/9066/94 919/6528/94 894/6527/94 893/9067/94
f 2096/9068/1186 2105/9069/1188 2106/9070/1518 2097/9071/1518
f 1890/6014/1230 1891/8693/1897 1828/8696/1083 1827/6015/1230
f 1884/9072/136 1885/9073/680 1822/9074/680 1821/9075/136
f 1115/7316/1574 1116/8707/1041 1089/8708/1043 1088/7317/1229
f 2178/7292/1114 2179/8415/1854 2116/8416/1854 2115/7293/1114
f 4061/8223/1794 4062/8008/1751 4053/8009/1751 4052/8224/1795
f 1847/8339/1819 1846/8762/1902 1661/8763/1903 1660/8340/1820
f 869/9076/12 870/6430/12 861/6429/12 860/9077/12 859/9078/12 858/9079/12 857/9080/12 856/6435/12 865/6434/12 866/9081/12 867/9082/12 868/9083/12
f 1180/6595/1370 1171/6594/1369 1170/6808/1443 1179/6807/1442
f 2231/5648/1070 2232/7943/1609 2169/7946/1609 2168/5649/1070
f 1895/6614/1378 1896/8623/1888 1833/8624/1889 1832/6615/1379
f 1445/8443/1413 1444/9084/1388 1453/9085/1388 1454/8444/1414
f 1497/7387/610 1377/7386/610 1376/5840/1072 1496/5839/1071
f 806/7473/1161 805/9086/1031 814/9087/1031 815/7474/1161
f 1842/8858/1705 1843/9088/1302 1780/9089/1302 1779/8859/1705
f 764/7211/650 763/9090/94 772/9091/94 773/7212/650
f 1858/5790/1133 1857/9092/1768 1677/9093/1769 1685/5791/1134
f 728/9094/92 729/9095/92 730/9096/92 731/6153/92 742/6152/92 743/9097/92 744/9098/92 736/9099/92 737/9100/92 738/6148/92 735/6147/92 727/9101/92
f 680/8706/1168 671/8705/1057 670/6308/1162 679/6307/1162
f 1444/9084/1388 1443/7647/1650 1452/7648/1651 1453/9085/1388
f 989/9102/1191 990/8532/1295 963/8535/1879 962/9103/1189
f 1742/6578/92 1738/6577/92 1737/6569/92 1741/6568/92
f 1865/5688/1084 1857/9104/9 1794/9105/9 1802/5689/1085
f 1534/8471/1871 1543/8470/1871 1544/7757/1664 1535/7756/1664
f 1002/5896/1182 1003/9106/1004 976/9107/1561 975/5897/1183
f 1003/9106/1004 995/9108/78 968/9109/78 976/9107/1561
f 1331/8557/1824 1255/8556/1249 1254/8543/1251 1332/8542/1251
f 732/9110/944 619/9111/1526 618/8610/1210 733/8609/1210
f 1892/8694/940 1884/9112/136 1821/9113/136 1829/8695/940
f 2218/9114/1314 2226/8255/1806 2021/8256/1807 2020/9115/1314
f 2097/9116/1518 2106/9117/1518 2107/5738/1100 2098/5737/1099
f 1220/6639/1202 1193/6638/1202 1192/5640/1063 1219/5639/1063
f 804/9118/1928 803/6602/1373 812/6605/1373 813/9119/1032
f 1887/8644/1890 1888/5583/1029 1825/5586/1029 1824/8645/1509
f 1862/5758/1040 1863/5554/1005 1800/5557/1008 1799/5759/1040
f 2201/7124/1199 2202/5875/1101 2139/5878/1167 2138/7125/1199
f 1314/8514/1107 1296/8513/1107 1295/8712/1109 1313/8711/1109
f 751/8232/181 688/8231/181 687/8614/199 750/8613/199
f 1937/7741/1430 1928/7740/1659 1927/8160/1789 1936/8159/1789
f 1333/8545/1880 1253/8544/1126 1252/9120/1127 1334/9121/1128
f 1282/9122/12 1263/9123/12 1264/9124/12 1281/9125/12
f 2182/9126/851 2190/8433/1863 1985/8434/1864 1984/9127/851
f 598/9128/1875 1131/9129/1875 897/9130/1875 599/9131/1875
f 986/9132/78 987/8764/1118 960/8767/1587 959/9133/78
f 1064/6996/1493 1055/6995/1492 1054/7813/1689 1063/7812/1688
f 1840/9134/1929 1839/9135/1818 1659/9136/1821 1667/9137/1930
f 2095/7064/1187 2104/7063/1513 2105/9069/1188 2096/9068/1186
f 1739/8769/159 1730/8768/159 1729/8688/1894 1738/8687/1894
f 1274/8345/1612 1366/8344/1612 1365/8448/186 1266/8447/186
f 2229/7941/1722 2228/9014/1924 2037/9017/1925 2036/7942/1723
f 1909/8948/1048 1918/8947/1316 1919/5695/1049 1910/5694/1049
f 1841/7952/1727 1840/9134/1929 1667/9137/1930 1666/7953/1728
f 1061/8234/1799 1052/8233/1798 1051/9138/1515 1060/9139/1514
f 2209/9140/5 2210/8673/1453 2147/8674/1453 2146/9141/5
f 1539/8394/1841 1548/8393/1841 1540/9142/94 1531/9143/94
f 2206/5908/1187 2207/9144/1512 2144/9145/1512 2143/5909/1187
f 1839/9146/33 1840/8854/1123 1777/8857/1123 1776/9147/33
f 699/7245/260 645/7244/260 644/6203/94 691/6202/94
f 1481/8690/1895 1480/8625/1650 1489/8628/1650 1490/8691/1388
f 1422/5934/1071 1340/5933/1072 1339/9148/185 1421/9149/185
f 826/9150/132 725/9151/81 724/8007/181 825/8006/181
f 1134/9152/1875 1133/9153/1875 660/9154/1875 659/9155/1875
f 2091/9156/12 2090/9157/12 2089/9158/12 2088/9159/12 2087/9160/12 2086/9161/12 2085/9162/12 2084/9163/12 2083/9164/12
f 1119/9165/186 1120/5611/1048 1093/5614/1048 1092/9166/186
f 805/9086/1031 804/9118/1928 813/9119/1032 814/9087/1031
f 1198/8923/1074 1225/8922/1074 1217/8954/136 1190/8953/136
f 1007/8879/1876 1008/6733/1295 981/6734/1423 980/8880/1189
f 2045/5770/1120 2044/8143/330 2053/8144/330 2054/5771/945
f 1246/9167/35 1573/9168/35 1133/9169/35 1132/9170/35
f 860/9171/197 740/9172/197 739/8773/437 859/8772/437
f 1384/5654/185 1321/5653/185 1320/5734/186 1383/5733/186
f 696/9173/944 648/9174/1526 647/5952/1210 697/5951/1209
f 1582/8716/1900 1916/8715/1899 1908/6455/1347 1574/6454/1347
f 1853/7817/1693 1852/8435/1865 1673/8436/1866 1672/7818/1694
f 820/5956/1003 719/5955/1003 718/8553/94 819/8552/94
f 715/8977/1210 609/8976/1210 608/9175/1034 716/9176/1034
f 1118/7092/1519 1117/7345/1455 1031/7346/1456 1030/7093/1520
f 1302/9177/136 1310/8462/227 1952/8463/227 1944/9178/136
f 988/8765/1190 989/9102/1191 962/9103/1189 961/8766/1190
f 1475/9179/1318 1476/9057/1348 1467/9058/1349 1466/9180/1318
f 1858/8252/1151 1859/8669/1763 1796/8670/1762 1795/8253/1805
f 1557/9181/435 1566/9182/435 1558/6549/186 1549/6548/186
f 1566/9182/435 1557/9181/435 1556/7334/345 1565/7333/1578
f 808/9050/1129 807/7472/1130 816/7475/1131 817/9051/1129
f 1334/9183/1128 1252/9184/1127 1251/5750/1107 1335/5749/1106
f 1913/9185/1229 1922/9186/1574 1923/8335/1041 1914/8334/1817
f 1560/8598/1886 1551/8597/1886 1550/6547/1364 1559/6546/1364
f 1109/9055/1196 1101/9187/186 1074/9188/186 1082/9056/1196
f 1649/9189/186 1570/9190/186 1569/9191/186 639/9192/186 638/9193/186
f 999/8516/1295 1000/8665/1294 973/8666/1294 972/8517/1295
f 1012/8268/1561 1004/9194/78 977/9195/78 985/8269/1561
f 841/8440/1197 840/8782/1373 849/8783/1906 850/8441/1032
f 2212/7199/1220 2213/7023/1504 2150/7026/1218 2149/7200/1219
f 841/6101/1240 842/8819/1662 833/8820/1663 832/6102/1241
f 1479/8626/1090 1478/9196/1091 1487/9197/1091 1488/8627/1090
f 1478/9196/1091 1477/8738/1660 1486/8741/1661 1487/9197/1091
f 694/9198/1162 650/9199/1931 649/7162/1163 695/7161/1300
f 1843/9088/1302 1844/6991/1301 1781/6994/1491 1780/9089/1302
f 1852/5964/1216 1853/6084/1236 1790/6087/1236 1789/5965/1216
f 1336/5752/1109 1250/5751/1108 1249/8779/137 1337/8778/137
f 2207/9144/1512 2208/8585/1800 2145/8588/1800 2144/9145/1512
f 1346/9200/431 1428/9201/431 1420/9202/186 1338/9203/186
f 4071/9204/1923 4044/9205/1923 4043/5928/825 4070/5927/825
f 4074/9206/94 4073/9207/94 4061/9208/94 4060/9209/94 4059/9210/94 4075/9211/94
f 997/8908/1190 998/8515/1876 971/8518/1189 970/8909/1918
f 864/6089/1238 744/6088/1238 743/5716/81 863/5715/81
f 1281/9125/12 1264/9124/12 1265/9212/12 1257/9213/12 1258/9214/12 1259/8985/12 1016/8984/12 1014/9215/12 1013/7097/12 1301/7096/12 1293/9216/12 1294/9217/12 1295/9218/12 1296/9219/12 1297/9220/12 1298/9221/12 1299/7101/12 1303/7100/12 1304/9222/12 1305/9223/12 1306/9224/12 1307/9225/12 1308/9226/12 1309/9227/12 1310/9228/12 1302/7099/12 1247/7098/12 1245/8501/12 1254/8500/12 1255/9229/12 1256/9230/12 1248/9231/12 1249/9232/12 1250/9233/12 1251/8505/12 1285/8504/12 1286/9234/12 1287/9235/12 1288/9236/12 1289/9237/12 1290/9238/12 1291/9239/12 1292/9240/12 1284/8503/12 1244/8502/12 1130/9241/12 1128/8983/12 1268/8982/12 1269/9242/12 1270/9243/12 1271/9244/12 1272/9245/12 1273/9246/12 1274/9247/12 1266/8980/12 1261/8979/12 1262/9248/12 1263/9123/12 1282/9122/12 1283/9249/12 1275/9250/12 1276/9251/12 1277/9252/12 1278/9253/12 1279/9254/12 1280/9255/12
f 1518/6629/1387 1517/8495/1650 1526/8498/1650 1527/6630/1388
f 827/8551/1238 726/8550/1238 725/9151/81 826/9150/132
f 713/9040/1164 611/9039/1163 610/9256/1526 714/9257/944
f 1844/8156/1786 1843/8472/1872 1664/8473/1873 1663/8157/1787
f 1541/8917/750 1532/8916/750 1531/9143/94 1540/9142/94
f 882/7636/1238 881/5847/1130 890/5850/1130 891/7637/1129
f 1000/7401/1265 999/6610/1268 919/6613/1271 918/7402/1266
f 753/9054/1238 690/9053/1238 689/8230/81 752/8229/81
f 716/9176/1034 608/9175/1034 607/8749/260 717/8748/260
f 991/6261/1265 990/6264/1268 910/6267/1271 909/6262/1266
f 1648/9258/136 1649/9259/136 638/9260/136 637/9261/136 1607/9262/136 1606/9263/136 653/9264/136 663/9265/136
f 1421/9149/185 1339/9148/185 1338/9203/186 1420/9202/186
f 1237/5944/1063 1210/5943/1203 1209/8634/1064 1236/8633/1593
f 693/8839/1058 651/8838/1057 650/9199/1931 694/9198/1162
f 1871/7171/1054 1872/8147/1052 1809/8150/1052 1808/7172/1053
f 1428/9201/431 1346/9200/431 1345/6507/1255 1427/6506/1255
f 1246/9266/1558 1132/9267/1494 1244/9268/1506 1245/9269/1506
f 4066/6735/1074 4058/9270/1648 4049/9271/1649 4057/6736/1074
f 735/5693/260 616/5692/260 615/8011/94 727/8010/94
f 4068/9272/94 4067/9273/94 4075/9211/94 4059/9210/94 4058/9274/94 4066/9275/94 4065/9276/94 4064/9277/94 4063/9278/94 4062/9279/94 4061/9208/94 4073/9207/94 4072/9280/94 4071/9281/94 4070/9282/94 4069/9283/94
f 1579/8151/136 1571/8154/136 1572/9284/136 1573/7510/136 1588/7509/136 1589/9285/136 1590/9286/136 1591/9287/136 1583/9288/136 1584/9289/136 1585/9290/136 1586/7507/136 1246/7506/136 1567/9291/136 1568/9292/136 1569/9293/136 1570/8153/136 1580/8152/136 1581/9294/136 1582/9295/136 1574/9296/136 1575/9297/136 1576/9298/136 1577/9299/136 1578/9300/136
f 1012/9027/1059 1011/6620/1060 925/6623/1061 924/9028/1062
f 2194/8775/1490 2195/6311/1301 2132/6314/1301 2131/8776/1490
f 1941/5756/1112 1932/5755/1111 1931/8826/1909 1940/8825/1910
f 1664/7676/92 1665/7668/92 1637/7667/92 1636/7677/92
f 2178/7203/1533 2177/7341/1583 1980/7344/1586 1979/7204/1534
f 1125/6011/1041 1126/8421/1857 1099/8422/1042 1098/6012/1043
f 1880/9047/1926 1879/7337/1579 1700/7340/1582 1699/9048/1927
f 4073/8894/1917 4046/8893/1916 4045/8988/1922 4072/8987/1921
f 1464/6209/1256 1363/6208/1255 1362/8755/232 1463/8754/232
f 1898/8213/1792 1897/6616/1380 1718/6619/1383 1717/8214/1793
f 1885/9073/680 1886/8643/1511 1823/8646/1511 1822/9074/680
usemtl 254,254,255.001
f 2282/9301/1932 2283/9302/1933 2279/9303/1933 2280/9304/1932
f 2269/9305/1934 2270/9306/1129 2256/9307/1935 2257/9308/582
f 2267/9309/1936 2268/9310/274 2258/9311/274 2259/9312/1100
f 2283/9302/1933 2284/9313/1249 2278/9314/1249 2279/9303/1933
f 2249/9315/1937 2250/9316/1938 2240/9317/803 2241/9318/1939
f 2270/9306/1129 2271/9319/1940 2255/9320/1940 2256/9307/1935
f 2252/9321/1327 2253/9322/353 2237/9323/274 2238/9324/1941
f 2250/9325/12 2268/9326/12 2267/9327/12 2266/9328/12 2265/9329/12 2264/9330/12 2263/9331/12 2271/9332/12 2270/9333/12 2247/9334/12 2246/9335/12 2245/9336/12 2253/9337/12 2252/9338/12 2251/9339/12
f 2307/9340/1942 2299/9341/1943 2290/9342/1944 2291/9343/1942
f 2264/9344/1937 2265/9345/1217 2261/9346/1945 2262/9347/1937
f 2263/9348/1946 2264/9344/1937 2262/9347/1937 2254/9349/1946
f 2253/9322/353 2245/9350/1127 2236/9351/1947 2237/9323/274
f 2247/9352/1948 2248/9353/1949 2242/9354/1950 2243/9355/52
f 2271/9319/1940 2263/9356/1946 2254/9357/1946 2255/9320/1940
f 2300/9358/1051 2301/9359/1951 2297/9360/1952 2298/9361/1051
f 2304/9362/680 2305/9363/1953 2293/9364/1954 2294/9365/680
f 2299/9366/12 2307/9367/12 2282/9368/12 2281/9369/12 2289/9370/12 2300/9371/12
f 2303/9372/1955 2304/9362/680 2294/9365/680 2295/9373/1955
f 2284/9313/1249 2285/9374/1956 2277/9375/1956 2278/9314/1249
f 2286/9376/1957 2287/9377/33 2275/9378/33 2276/9379/1958
f 2245/9380/1127 2246/9381/282 2244/9382/282 2236/9383/1947
f 2302/9384/12 2301/9385/12 2300/9371/12 2289/9370/12 2288/9386/12 2287/9387/12 2286/9388/12 2285/9389/12 2284/9390/12 2283/9391/12 2282/9368/12 2307/9367/12 2306/9392/12 2305/9393/12 2304/9394/12 2303/9395/12
f 2299/9396/1943 2300/9358/1051 2298/9361/1051 2290/9397/1944
f 2306/9398/1959 2307/9340/1942 2291/9343/1942 2292/9399/1960
f 2251/9400/33 2252/9321/1327 2238/9324/1941 2239/9401/33
f 2248/9353/1949 2249/9315/1937 2241/9318/1939 2242/9354/1950
f 2301/9359/1951 2302/9402/35 2296/9403/917 2297/9360/1952
f 2305/9363/1953 2306/9398/1959 2292/9399/1960 2293/9364/1954
f 2246/9381/282 2247/9352/1948 2243/9355/52 2244/9382/282
f 2288/9404/1961 2289/9405/991 2273/9406/682 2274/9407/1962
f 2248/9408/12 2247/9334/12 2270/9333/12 2269/9409/12 2268/9326/12 2250/9325/12 2249/9410/12
f 2302/9402/35 2303/9372/1955 2295/9373/1955 2296/9403/917
f 2268/9310/274 2269/9305/1934 2257/9308/582 2258/9311/274
f 2281/9411/1963 2282/9301/1932 2280/9304/1932 2272/9412/1963
f 2255/9413/92 2254/9414/92 2262/9415/92 2261/9416/92 2237/9417/92 2236/9418/92 2244/9419/92 2243/9420/92 2242/9421/92 2241/9422/92 2240/9423/92 2258/9424/92 2257/9425/92 2256/9426/92
f 2287/9377/33 2288/9404/1961 2274/9407/1962 2275/9378/33
f 2273/9427/92 2298/9428/92 2297/9429/92 2274/9430/92
f 2260/9431/92 2259/9432/92 2258/9424/92 2240/9423/92 2239/9433/92 2238/9434/92 2237/9417/92 2261/9416/92
f 2285/9374/1956 2286/9376/1957 2276/9379/1958 2277/9375/1956
f 2290/9435/92 2298/9428/92 2273/9427/92 2272/9436/92 2280/9437/92 2279/9438/92 2278/9439/92 2277/9440/92 2276/9441/92 2275/9442/92 2274/9430/92 2297/9429/92 2296/9443/92 2295/9444/92 2294/9445/92 2293/9446/92 2292/9447/92 2291/9448/92
f 2250/9316/1938 2251/9400/33 2239/9401/33 2240/9317/803
f 2289/9405/991 2281/9449/1963 2272/9450/1963 2273/9406/682
f 2266/9451/35 2267/9309/1936 2259/9312/1100 2260/9452/35
f 2265/9345/1217 2266/9451/35 2260/9452/35 2261/9346/1945
