# Blender v2.79 (sub 0) OBJ File: ''
# www.blender.org
mtllib elbow_r_front.mtl
o elbow_r_front
v -0.009544 -0.026000 -0.001993
v -0.004860 -0.026000 -0.029030
v -0.002041 -0.026000 -0.056325
v -0.001100 -0.028000 -0.083749
v -0.002041 -0.028000 -0.056325
v -0.004860 -0.028000 -0.029030
v -0.009544 -0.028000 -0.001993
v -0.001100 -0.026000 -0.174322
v -0.001100 -0.028000 -0.174322
v 0.009750 -0.028000 -0.201720
v 0.008931 -0.028000 -0.204813
v 0.006687 -0.028000 -0.207096
v 0.003608 -0.028000 -0.207969
v 0.003608 -0.026000 -0.207969
v 0.006687 -0.026000 -0.207096
v 0.008931 -0.026000 -0.204813
v 0.009750 -0.026000 -0.201720
v -0.036250 -0.026000 -0.202053
v -0.035414 -0.026000 -0.201749
v -0.034970 -0.026000 -0.200979
v -0.035124 -0.026000 -0.200103
v -0.035805 -0.026000 -0.199532
v -0.036695 -0.026000 -0.199532
v -0.037376 -0.026000 -0.200103
v -0.037530 -0.026000 -0.200979
v -0.037086 -0.026000 -0.201749
v 0.008000 -0.026000 -0.001050
v 0.008675 -0.026000 -0.000804
v 0.009034 -0.026000 -0.000182
v 0.008909 -0.026000 0.000525
v 0.008359 -0.026000 0.000987
v 0.007641 -0.026000 0.000987
v 0.007091 -0.026000 0.000525
v 0.006966 -0.026000 -0.000182
v 0.007325 -0.026000 -0.000804
v 0.005657 -0.026000 0.004607
v 0.006332 -0.026000 0.004853
v 0.006691 -0.026000 0.005475
v 0.006566 -0.026000 0.006182
v 0.006016 -0.026000 0.006644
v 0.005298 -0.026000 0.006644
v 0.004748 -0.026000 0.006182
v 0.004623 -0.026000 0.005475
v 0.004982 -0.026000 0.004853
v 0.000000 -0.026000 0.006950
v 0.000675 -0.026000 0.007196
v 0.001034 -0.026000 0.007818
v 0.000909 -0.026000 0.008525
v 0.000359 -0.026000 0.008987
v -0.000359 -0.026000 0.008987
v -0.000909 -0.026000 0.008525
v -0.001034 -0.026000 0.007818
v -0.000675 -0.026000 0.007196
v -0.005657 -0.026000 0.004607
v -0.004982 -0.026000 0.004853
v -0.004623 -0.026000 0.005475
v -0.004748 -0.026000 0.006182
v -0.005298 -0.026000 0.006644
v -0.006016 -0.026000 0.006644
v -0.006566 -0.026000 0.006182
v -0.006691 -0.026000 0.005475
v -0.006332 -0.026000 0.004853
v -0.008000 -0.026000 -0.001050
v -0.007325 -0.026000 -0.000804
v -0.006966 -0.026000 -0.000182
v -0.007091 -0.026000 0.000525
v -0.007641 -0.026000 0.000987
v -0.008359 -0.026000 0.000987
v -0.008909 -0.026000 0.000525
v -0.009034 -0.026000 -0.000182
v -0.008675 -0.026000 -0.000804
v -0.005657 -0.026000 -0.006707
v -0.004982 -0.026000 -0.006461
v -0.004623 -0.026000 -0.005839
v -0.004748 -0.026000 -0.005132
v -0.005298 -0.026000 -0.004670
v -0.006016 -0.026000 -0.004670
v -0.006566 -0.026000 -0.005132
v -0.006691 -0.026000 -0.005839
v -0.006332 -0.026000 -0.006461
v 0.000000 -0.026000 -0.004050
v 0.002603 -0.026000 -0.003102
v 0.003988 -0.026000 -0.000703
v 0.003507 -0.026000 0.002025
v 0.001385 -0.026000 0.003806
v -0.001385 -0.026000 0.003806
v -0.003507 -0.026000 0.002025
v -0.003988 -0.026000 -0.000703
v -0.002603 -0.026000 -0.003102
v 0.005657 -0.026000 -0.006707
v 0.006332 -0.026000 -0.006461
v 0.006691 -0.026000 -0.005839
v 0.006566 -0.026000 -0.005132
v 0.006016 -0.026000 -0.004670
v 0.005298 -0.026000 -0.004670
v 0.004748 -0.026000 -0.005132
v 0.004623 -0.026000 -0.005839
v 0.004982 -0.026000 -0.006461
v 0.000000 -0.026000 -0.009050
v 0.000675 -0.026000 -0.008804
v 0.001034 -0.026000 -0.008182
v 0.000909 -0.026000 -0.007475
v 0.000359 -0.026000 -0.007013
v -0.000359 -0.026000 -0.007013
v -0.000909 -0.026000 -0.007475
v -0.001034 -0.026000 -0.008182
v -0.000675 -0.026000 -0.008804
v 0.004300 -0.026000 -0.090624
v 0.005136 -0.026000 -0.090320
v 0.005580 -0.026000 -0.089550
v 0.005426 -0.026000 -0.088674
v 0.004745 -0.026000 -0.088102
v 0.003855 -0.026000 -0.088102
v 0.003174 -0.026000 -0.088674
v 0.003020 -0.026000 -0.089550
v 0.003464 -0.026000 -0.090320
v -0.009976 -0.026000 -0.207761
v -0.036961 -0.026000 -0.204690
v -0.039322 -0.026000 -0.203315
v -0.040250 -0.026000 -0.200745
v -0.039312 -0.026000 -0.198179
v -0.036945 -0.026000 -0.196814
v -0.017026 -0.026000 -0.193302
v -0.008864 -0.026000 -0.189781
v -0.003150 -0.026000 -0.182972
v -0.008721 -0.026000 0.004360
v -0.004132 -0.026000 0.008831
v 0.002240 -0.026000 0.009489
v 0.007645 -0.026000 0.006051
v 0.009750 -0.026000 0.000000
v -0.009976 -0.028000 -0.207761
v -0.023519 -0.028000 -0.206666
v -0.036961 -0.028000 -0.204690
v -0.036250 -0.028000 -0.202053
v -0.035414 -0.028000 -0.201749
v -0.034970 -0.028000 -0.200979
v -0.035124 -0.028000 -0.200103
v -0.035805 -0.028000 -0.199532
v -0.036695 -0.028000 -0.199532
v -0.037376 -0.028000 -0.200103
v -0.037530 -0.028000 -0.200979
v -0.037086 -0.028000 -0.201749
v 0.008000 -0.028000 -0.001050
v 0.008675 -0.028000 -0.000804
v 0.009034 -0.028000 -0.000182
v 0.008909 -0.028000 0.000525
v 0.008359 -0.028000 0.000987
v 0.007641 -0.028000 0.000987
v 0.007091 -0.028000 0.000525
v 0.006966 -0.028000 -0.000182
v 0.007325 -0.028000 -0.000804
v 0.005657 -0.028000 0.004607
v 0.006332 -0.028000 0.004853
v 0.006691 -0.028000 0.005475
v 0.006566 -0.028000 0.006182
v 0.006016 -0.028000 0.006644
v 0.005298 -0.028000 0.006644
v 0.004748 -0.028000 0.006182
v 0.004623 -0.028000 0.005475
v 0.004982 -0.028000 0.004853
v 0.000000 -0.028000 0.006950
v 0.000675 -0.028000 0.007196
v 0.001034 -0.028000 0.007818
v 0.000909 -0.028000 0.008525
v 0.000359 -0.028000 0.008987
v -0.000359 -0.028000 0.008987
v -0.000909 -0.028000 0.008525
v -0.001034 -0.028000 0.007818
v -0.000675 -0.028000 0.007196
v -0.005657 -0.028000 0.004607
v -0.004982 -0.028000 0.004853
v -0.004623 -0.028000 0.005475
v -0.004748 -0.028000 0.006182
v -0.005298 -0.028000 0.006644
v -0.006016 -0.028000 0.006644
v -0.006566 -0.028000 0.006182
v -0.006691 -0.028000 0.005475
v -0.006332 -0.028000 0.004853
v -0.008000 -0.028000 -0.001050
v -0.007325 -0.028000 -0.000804
v -0.006966 -0.028000 -0.000182
v -0.007091 -0.028000 0.000525
v -0.007641 -0.028000 0.000987
v -0.008359 -0.028000 0.000987
v -0.008909 -0.028000 0.000525
v -0.009034 -0.028000 -0.000182
v -0.008675 -0.028000 -0.000804
v -0.005657 -0.028000 -0.006707
v -0.004982 -0.028000 -0.006461
v -0.004623 -0.028000 -0.005839
v -0.004748 -0.028000 -0.005132
v -0.005298 -0.028000 -0.004670
v -0.006016 -0.028000 -0.004670
v -0.006566 -0.028000 -0.005132
v -0.006691 -0.028000 -0.005839
v -0.006332 -0.028000 -0.006461
v 0.000000 -0.028000 -0.004050
v 0.002603 -0.028000 -0.003102
v 0.003988 -0.028000 -0.000703
v 0.003507 -0.028000 0.002025
v 0.001385 -0.028000 0.003806
v -0.001385 -0.028000 0.003806
v -0.003507 -0.028000 0.002025
v -0.003988 -0.028000 -0.000703
v -0.002603 -0.028000 -0.003102
v 0.005657 -0.028000 -0.006707
v 0.006332 -0.028000 -0.006461
v 0.006691 -0.028000 -0.005839
v 0.006566 -0.028000 -0.005132
v 0.006016 -0.028000 -0.004670
v 0.005298 -0.028000 -0.004670
v 0.004748 -0.028000 -0.005132
v 0.004623 -0.028000 -0.005839
v 0.004982 -0.028000 -0.006461
v 0.000000 -0.028000 -0.009050
v 0.000675 -0.028000 -0.008804
v 0.001034 -0.028000 -0.008182
v 0.000909 -0.028000 -0.007475
v 0.000359 -0.028000 -0.007013
v -0.000359 -0.028000 -0.007013
v -0.000909 -0.028000 -0.007475
v -0.001034 -0.028000 -0.008182
v -0.000675 -0.028000 -0.008804
v 0.004300 -0.028000 -0.090624
v 0.005136 -0.028000 -0.090320
v 0.005580 -0.028000 -0.089550
v 0.005426 -0.028000 -0.088674
v 0.004745 -0.028000 -0.088102
v 0.003855 -0.028000 -0.088102
v 0.003174 -0.028000 -0.088674
v 0.003020 -0.028000 -0.089550
v 0.003464 -0.028000 -0.090320
v -0.036945 -0.028000 -0.196814
v -0.017026 -0.028000 -0.193302
v -0.008864 -0.028000 -0.189781
v -0.003150 -0.028000 -0.182972
v -0.008721 -0.028000 0.004360
v -0.004132 -0.028000 0.008831
v 0.002240 -0.028000 0.009489
v 0.007645 -0.028000 0.006051
v 0.009750 -0.028000 0.000000
v -0.039322 -0.028000 -0.203315
v -0.040250 -0.028000 -0.200745
v -0.039312 -0.028000 -0.198179
v -0.036655 0.020000 -0.202198
v -0.035632 0.020000 -0.202120
v -0.034898 0.020000 -0.201403
v -0.034797 0.020000 -0.200382
v -0.035375 0.020000 -0.199535
v -0.036363 0.020000 -0.199258
v -0.037298 0.020000 -0.199680
v -0.037743 0.020000 -0.200605
v -0.037489 0.020000 -0.201599
v -0.036655 0.026000 -0.202198
v -0.037489 0.026000 -0.201599
v -0.037743 0.026000 -0.200605
v -0.037298 0.026000 -0.199680
v -0.036363 0.026000 -0.199258
v -0.035375 0.026000 -0.199535
v -0.034797 0.026000 -0.200382
v -0.034898 0.026000 -0.201403
v -0.035632 0.026000 -0.202120
v -0.036588 0.020000 -0.201957
v -0.035735 0.020000 -0.201892
v -0.035123 0.020000 -0.201295
v -0.035039 0.020000 -0.200444
v -0.035521 0.020000 -0.199738
v -0.036344 0.020000 -0.199507
v -0.037123 0.020000 -0.199859
v -0.037494 0.020000 -0.200630
v -0.037282 0.020000 -0.201458
v -0.036655 -0.020000 -0.202198
v -0.037489 -0.020000 -0.201599
v -0.037743 -0.020000 -0.200605
v -0.037298 -0.020000 -0.199680
v -0.036363 -0.020000 -0.199258
v -0.035375 -0.020000 -0.199535
v -0.034797 -0.020000 -0.200382
v -0.034898 -0.020000 -0.201403
v -0.035632 -0.020000 -0.202120
v -0.036655 -0.026000 -0.202198
v -0.035632 -0.026000 -0.202120
v -0.034898 -0.026000 -0.201403
v -0.034797 -0.026000 -0.200382
v -0.035375 -0.026000 -0.199535
v -0.036363 -0.026000 -0.199258
v -0.037298 -0.026000 -0.199680
v -0.037743 -0.026000 -0.200605
v -0.037489 -0.026000 -0.201599
v -0.036588 -0.020000 -0.201957
v -0.037282 -0.020000 -0.201458
v -0.037494 -0.020000 -0.200630
v -0.037123 -0.020000 -0.199859
v -0.036344 -0.020000 -0.199507
v -0.035521 -0.020000 -0.199738
v -0.035039 -0.020000 -0.200444
v -0.035123 -0.020000 -0.201295
v -0.035735 -0.020000 -0.201892
v -0.036925 0.026000 -0.203160
v -0.038315 0.026000 -0.202163
v -0.038738 0.026000 -0.200506
v -0.037997 0.026000 -0.198965
v -0.036439 0.026000 -0.198261
v -0.034792 0.026000 -0.198723
v -0.033828 0.026000 -0.200135
v -0.033997 0.026000 -0.201837
v -0.035220 0.026000 -0.203031
v -0.036925 -0.026000 -0.203160
v -0.038315 -0.026000 -0.202163
v -0.038738 -0.026000 -0.200506
v -0.037997 -0.026000 -0.198965
v -0.036439 -0.026000 -0.198261
v -0.034792 -0.026000 -0.198723
v -0.033828 -0.026000 -0.200135
v -0.033997 -0.026000 -0.201837
v -0.035220 -0.026000 -0.203031
v 0.003181 0.020000 -0.090323
v 0.004085 0.020000 -0.090809
v 0.005090 0.020000 -0.090599
v 0.005725 0.020000 -0.089793
v 0.005693 0.020000 -0.088768
v 0.005009 0.020000 -0.088002
v 0.003994 0.020000 -0.087856
v 0.003122 0.020000 -0.088396
v 0.002801 0.020000 -0.089370
v 0.003181 0.026000 -0.090323
v 0.002801 0.026000 -0.089370
v 0.003122 0.026000 -0.088396
v 0.003994 0.026000 -0.087856
v 0.005009 0.026000 -0.088002
v 0.005693 0.026000 -0.088768
v 0.005725 0.026000 -0.089793
v 0.005090 0.026000 -0.090599
v 0.004085 0.026000 -0.090809
v 0.003368 0.020000 -0.090157
v 0.004121 0.020000 -0.090561
v 0.004958 0.020000 -0.090387
v 0.005487 0.020000 -0.089715
v 0.005461 0.020000 -0.088860
v 0.004891 0.020000 -0.088223
v 0.004045 0.020000 -0.088100
v 0.003318 0.020000 -0.088550
v 0.003051 0.020000 -0.089363
v 0.003181 -0.020000 -0.090323
v 0.002801 -0.020000 -0.089370
v 0.003122 -0.020000 -0.088396
v 0.003994 -0.020000 -0.087856
v 0.005009 -0.020000 -0.088002
v 0.005693 -0.020000 -0.088768
v 0.005725 -0.020000 -0.089793
v 0.005090 -0.020000 -0.090599
v 0.004085 -0.020000 -0.090809
v 0.003181 -0.026000 -0.090323
v 0.004085 -0.026000 -0.090809
v 0.005090 -0.026000 -0.090599
v 0.005725 -0.026000 -0.089793
v 0.005693 -0.026000 -0.088768
v 0.005009 -0.026000 -0.088002
v 0.003994 -0.026000 -0.087856
v 0.003122 -0.026000 -0.088396
v 0.002801 -0.026000 -0.089370
v 0.003368 -0.020000 -0.090157
v 0.003051 -0.020000 -0.089363
v 0.003318 -0.020000 -0.088550
v 0.004045 -0.020000 -0.088100
v 0.004891 -0.020000 -0.088223
v 0.005461 -0.020000 -0.088860
v 0.005487 -0.020000 -0.089715
v 0.004958 -0.020000 -0.090387
v 0.004121 -0.020000 -0.090561
v 0.002436 0.026000 -0.090989
v 0.001801 0.026000 -0.089401
v 0.002336 0.026000 -0.087777
v 0.003790 0.026000 -0.086877
v 0.005482 0.026000 -0.087121
v 0.006622 0.026000 -0.088397
v 0.006675 0.026000 -0.090106
v 0.005616 0.026000 -0.091449
v 0.003942 0.026000 -0.091798
v 0.002436 -0.026000 -0.090989
v 0.001801 -0.026000 -0.089401
v 0.002336 -0.026000 -0.087777
v 0.003790 -0.026000 -0.086877
v 0.005482 -0.026000 -0.087121
v 0.006622 -0.026000 -0.088397
v 0.006675 -0.026000 -0.090106
v 0.005616 -0.026000 -0.091449
v 0.003942 -0.026000 -0.091798
v -0.009544 0.028000 -0.001993
v -0.004860 0.028000 -0.029030
v -0.002041 0.028000 -0.056325
v -0.001100 0.028000 -0.083749
v -0.002041 0.026000 -0.056325
v -0.009544 0.026000 -0.001993
v -0.001100 0.028000 -0.174322
v -0.001100 0.026000 -0.174322
v 0.009750 0.026000 -0.201720
v 0.008931 0.026000 -0.204813
v 0.006687 0.026000 -0.207096
v 0.003608 0.026000 -0.207969
v 0.003608 0.028000 -0.207969
v 0.006687 0.028000 -0.207096
v 0.008931 0.028000 -0.204813
v 0.009750 0.028000 -0.201720
v -0.036250 0.028000 -0.202053
v -0.035414 0.028000 -0.201749
v -0.034970 0.028000 -0.200979
v -0.035124 0.028000 -0.200103
v -0.035805 0.028000 -0.199532
v -0.036695 0.028000 -0.199532
v -0.037376 0.028000 -0.200103
v -0.037530 0.028000 -0.200979
v -0.037086 0.028000 -0.201749
v -0.000000 0.028000 -0.005850
v 0.003760 0.028000 -0.004481
v 0.005761 0.028000 -0.001016
v 0.005066 0.028000 0.002925
v 0.002001 0.028000 0.005497
v -0.002001 0.028000 0.005497
v -0.005066 0.028000 0.002925
v -0.005761 0.028000 -0.001016
v -0.003760 0.028000 -0.004481
v 0.004300 0.028000 -0.090624
v 0.005136 0.028000 -0.090320
v 0.005580 0.028000 -0.089550
v 0.005426 0.028000 -0.088674
v 0.004745 0.028000 -0.088102
v 0.003855 0.028000 -0.088102
v 0.003174 0.028000 -0.088674
v 0.003020 0.028000 -0.089550
v 0.003464 0.028000 -0.090320
v -0.009976 0.028000 -0.207761
v -0.036961 0.028000 -0.204690
v -0.039322 0.028000 -0.203315
v -0.040250 0.028000 -0.200745
v -0.039312 0.028000 -0.198179
v -0.036945 0.028000 -0.196814
v -0.017026 0.028000 -0.193302
v -0.008864 0.028000 -0.189781
v -0.003150 0.028000 -0.182972
v -0.008721 0.028000 0.004360
v -0.004132 0.028000 0.008831
v 0.002240 0.028000 0.009489
v 0.007645 0.028000 0.006051
v 0.009750 0.028000 0.000000
v -0.009976 0.026000 -0.207761
v -0.036961 0.026000 -0.204690
v -0.036250 0.026000 -0.202053
v -0.035414 0.026000 -0.201749
v -0.034970 0.026000 -0.200979
v -0.035124 0.026000 -0.200103
v -0.035805 0.026000 -0.199532
v -0.036695 0.026000 -0.199532
v -0.037376 0.026000 -0.200103
v -0.037530 0.026000 -0.200979
v -0.037086 0.026000 -0.201749
v -0.000000 0.026000 -0.005850
v 0.003760 0.026000 -0.004481
v 0.005761 0.026000 -0.001016
v 0.005066 0.026000 0.002925
v 0.002001 0.026000 0.005497
v -0.002001 0.026000 0.005497
v -0.005066 0.026000 0.002925
v -0.005761 0.026000 -0.001016
v -0.003760 0.026000 -0.004481
v 0.004300 0.026000 -0.090624
v 0.005136 0.026000 -0.090320
v 0.005580 0.026000 -0.089550
v 0.005426 0.026000 -0.088674
v 0.004745 0.026000 -0.088102
v 0.003855 0.026000 -0.088102
v 0.003174 0.026000 -0.088674
v 0.003020 0.026000 -0.089550
v 0.003464 0.026000 -0.090320
v -0.036945 0.026000 -0.196814
v -0.017026 0.026000 -0.193302
v -0.008864 0.026000 -0.189781
v -0.003150 0.026000 -0.182972
v -0.008721 0.026000 0.004360
v -0.004132 0.026000 0.008831
v 0.002240 0.026000 0.009489
v 0.007645 0.026000 0.006051
v 0.009750 0.026000 0.000000
v -0.039322 0.026000 -0.203315
v -0.040250 0.026000 -0.200745
v -0.039312 0.026000 -0.198179
v 0.002736 0.028700 0.002918
v 0.000221 0.028700 0.003994
v -0.002398 0.028700 0.003201
v -0.003895 0.028700 0.000911
v -0.003569 0.028700 -0.001806
v -0.001574 0.028700 -0.003677
v 0.001158 0.028700 -0.003829
v 0.003348 0.028700 -0.002188
v 0.003972 0.028700 0.000476
v 0.003215 0.028700 0.003428
v 0.004667 0.028700 0.000559
v 0.003934 0.028700 -0.002571
v 0.001361 0.028700 -0.004499
v -0.001849 0.028700 -0.004321
v -0.004194 0.028700 -0.002122
v -0.004576 0.028700 0.001071
v -0.002818 0.028700 0.003762
v 0.000260 0.028700 0.004693
v 0.003215 0.027650 0.003428
v 0.004667 0.027650 0.000559
v 0.003934 0.027650 -0.002571
v 0.001361 0.027650 -0.004499
v -0.001849 0.027650 -0.004321
v -0.004194 0.027650 -0.002122
v -0.004576 0.027650 0.001071
v -0.002818 0.027650 0.003762
v 0.000260 0.027650 0.004693
v 0.002942 0.026950 0.003136
v 0.004269 0.026950 0.000512
v 0.003599 0.026950 -0.002352
v 0.001245 0.026950 -0.004116
v -0.001692 0.026950 -0.003953
v -0.003837 0.026950 -0.001941
v -0.004187 0.026950 0.000979
v -0.002578 0.026950 0.003442
v 0.000237 0.026950 0.004293
v 0.003215 0.026250 0.003428
v 0.004667 0.026250 0.000559
v 0.003934 0.026250 -0.002571
v 0.001361 0.026250 -0.004499
v -0.001849 0.026250 -0.004321
v -0.004194 0.026250 -0.002122
v -0.004576 0.026250 0.001071
v -0.002818 0.026250 0.003762
v 0.000260 0.026250 0.004693
v 0.003215 0.025200 0.003428
v 0.004667 0.025200 0.000559
v 0.003934 0.025200 -0.002571
v 0.001361 0.025200 -0.004499
v -0.001849 0.025200 -0.004321
v -0.004194 0.025200 -0.002122
v -0.004576 0.025200 0.001071
v -0.002818 0.025200 0.003762
v 0.000260 0.025200 0.004693
v 0.002736 0.025200 0.002918
v 0.003972 0.025200 0.000476
v 0.003348 0.025200 -0.002188
v 0.001158 0.025200 -0.003829
v -0.001574 0.025200 -0.003677
v -0.003569 0.025200 -0.001806
v -0.003895 0.025200 0.000911
v -0.002398 0.025200 0.003201
v 0.000221 0.025200 0.003994
v 0.003626 0.027650 0.003866
v 0.000293 0.027650 0.005292
v -0.003177 0.027650 0.004242
v -0.005161 0.027650 0.001207
v -0.004729 0.027650 -0.002392
v -0.002085 0.027650 -0.004873
v 0.001535 0.027650 -0.005073
v 0.004437 0.027650 -0.002899
v 0.005262 0.027650 0.000631
v 0.003626 0.028700 0.003866
v 0.005262 0.028700 0.000631
v 0.004437 0.028700 -0.002899
v 0.001535 0.028700 -0.005073
v -0.002085 0.028700 -0.004873
v -0.004729 0.028700 -0.002392
v -0.005161 0.028700 0.001207
v -0.003177 0.028700 0.004242
v 0.000293 0.028700 0.005292
v 0.004105 0.028700 0.004376
v 0.005957 0.028700 0.000714
v 0.005023 0.028700 -0.003282
v 0.001738 0.028700 -0.005743
v -0.002360 0.028700 -0.005516
v -0.005354 0.028700 -0.002708
v -0.005842 0.028700 0.001367
v -0.003597 0.028700 0.004802
v 0.000331 0.028700 0.005991
v 0.004105 0.026000 0.004376
v 0.005957 0.026000 0.000714
v 0.005023 0.026000 -0.003282
v 0.001738 0.026000 -0.005743
v -0.002360 0.026000 -0.005516
v -0.005354 0.026000 -0.002708
v -0.005842 0.026000 0.001367
v -0.003597 0.026000 0.004802
v 0.000331 0.026000 0.005991
v 0.004652 0.026000 0.004960
v 0.006752 0.026000 0.000809
v 0.005692 0.026000 -0.003720
v 0.001969 0.026000 -0.006509
v -0.002675 0.026000 -0.006252
v -0.006068 0.026000 -0.003070
v -0.006621 0.026000 0.001549
v -0.004077 0.026000 0.005443
v 0.000376 0.026000 0.006790
v 0.004652 0.025200 0.004960
v 0.006752 0.025200 0.000809
v 0.005692 0.025200 -0.003720
v 0.001969 0.025200 -0.006509
v -0.002675 0.025200 -0.006252
v -0.006068 0.025200 -0.003070
v -0.006621 0.025200 0.001549
v -0.004077 0.025200 0.005443
v 0.000376 0.025200 0.006790
v 0.003626 0.025200 0.003866
v 0.005262 0.025200 0.000631
v 0.004437 0.025200 -0.002899
v 0.001535 0.025200 -0.005073
v -0.002085 0.025200 -0.004873
v -0.004729 0.025200 -0.002392
v -0.005161 0.025200 0.001207
v -0.003177 0.025200 0.004242
v 0.000293 0.025200 0.005292
v 0.003626 0.026250 0.003866
v 0.005262 0.026250 0.000631
v 0.004437 0.026250 -0.002899
v 0.001535 0.026250 -0.005073
v -0.002085 0.026250 -0.004873
v -0.004729 0.026250 -0.002392
v -0.005161 0.026250 0.001207
v -0.003177 0.026250 0.004242
v 0.000293 0.026250 0.005292
v 0.003899 0.026950 0.004157
v 0.005659 0.026950 0.000678
v 0.004771 0.026950 -0.003118
v 0.001651 0.026950 -0.005456
v -0.002242 0.026950 -0.005240
v -0.005086 0.026950 -0.002573
v -0.005550 0.026950 0.001298
v -0.003417 0.026950 0.004562
v 0.000315 0.026950 0.005691
v 0.002773 0.028700 0.002882
v 0.003977 0.028700 0.000425
v 0.003320 0.028700 -0.002231
v 0.001109 0.028700 -0.003843
v -0.001620 0.028700 -0.003657
v -0.003592 0.028700 -0.001760
v -0.003883 0.028700 0.000961
v -0.002357 0.028700 0.003232
v 0.000272 0.028700 0.003991
v 0.003259 0.028700 0.003387
v 0.000319 0.028700 0.004689
v -0.002769 0.028700 0.003797
v -0.004562 0.028700 0.001129
v -0.004221 0.028700 -0.002068
v -0.001904 0.028700 -0.004297
v 0.001304 0.028700 -0.004516
v 0.003901 0.028700 -0.002621
v 0.004673 0.028700 0.000500
v 0.003259 0.029750 0.003387
v 0.000319 0.029750 0.004689
v -0.002769 0.029750 0.003797
v -0.004562 0.029750 0.001129
v -0.004221 0.029750 -0.002068
v -0.001904 0.029750 -0.004297
v 0.001304 0.029750 -0.004516
v 0.003901 0.029750 -0.002621
v 0.004673 0.029750 0.000500
v 0.002982 0.030450 0.003098
v 0.000292 0.030450 0.004290
v -0.002534 0.030450 0.003474
v -0.004174 0.030450 0.001033
v -0.003861 0.030450 -0.001892
v -0.001742 0.030450 -0.003931
v 0.001193 0.030450 -0.004131
v 0.003569 0.030450 -0.002398
v 0.004276 0.030450 0.000457
v 0.003259 0.031150 0.003387
v 0.000319 0.031150 0.004689
v -0.002769 0.031150 0.003797
v -0.004562 0.031150 0.001129
v -0.004221 0.031150 -0.002068
v -0.001904 0.031150 -0.004297
v 0.001304 0.031150 -0.004516
v 0.003901 0.031150 -0.002621
v 0.004673 0.031150 0.000500
v 0.003259 0.032200 0.003387
v 0.000319 0.032200 0.004689
v -0.002769 0.032200 0.003797
v -0.004562 0.032200 0.001129
v -0.004221 0.032200 -0.002068
v -0.001904 0.032200 -0.004297
v 0.001304 0.032200 -0.004516
v 0.003901 0.032200 -0.002621
v 0.004673 0.032200 0.000500
v 0.002773 0.032200 0.002882
v 0.000272 0.032200 0.003991
v -0.002357 0.032200 0.003232
v -0.003883 0.032200 0.000961
v -0.003592 0.032200 -0.001760
v -0.001620 0.032200 -0.003657
v 0.001109 0.032200 -0.003843
v 0.003320 0.032200 -0.002231
v 0.003977 0.032200 0.000425
v 0.003675 0.029750 0.003819
v 0.005270 0.029750 0.000563
v 0.004399 0.029750 -0.002956
v 0.001470 0.029750 -0.005092
v -0.002147 0.029750 -0.004846
v -0.004759 0.029750 -0.002332
v -0.005145 0.029750 0.001273
v -0.003123 0.029750 0.004282
v 0.000360 0.029750 0.005288
v 0.003675 0.028700 0.003819
v 0.000360 0.028700 0.005288
v -0.003123 0.028700 0.004282
v -0.005145 0.028700 0.001273
v -0.004759 0.028700 -0.002332
v -0.002147 0.028700 -0.004846
v 0.001470 0.028700 -0.005092
v 0.004399 0.028700 -0.002956
v 0.005270 0.028700 0.000563
v 0.004160 0.028700 0.004323
v 0.000408 0.028700 0.005986
v -0.003535 0.028700 0.004848
v -0.005824 0.028700 0.001441
v -0.005388 0.028700 -0.002640
v -0.002431 0.028700 -0.005486
v 0.001664 0.028700 -0.005765
v 0.004980 0.028700 -0.003346
v 0.005966 0.028700 0.000638
v 0.004160 0.031400 0.004323
v 0.000408 0.031400 0.005986
v -0.003535 0.031400 0.004848
v -0.005824 0.031400 0.001441
v -0.005388 0.031400 -0.002640
v -0.002431 0.031400 -0.005486
v 0.001664 0.031400 -0.005765
v 0.004980 0.031400 -0.003346
v 0.005966 0.031400 0.000638
v 0.004715 0.031400 0.004900
v 0.000462 0.031400 0.006784
v -0.004007 0.031400 0.005494
v -0.006601 0.031400 0.001633
v -0.006106 0.031400 -0.002992
v -0.002755 0.031400 -0.006217
v 0.001886 0.031400 -0.006533
v 0.005644 0.031400 -0.003792
v 0.006761 0.031400 0.000723
v 0.004715 0.032200 0.004900
v 0.000462 0.032200 0.006784
v -0.004007 0.032200 0.005494
v -0.006601 0.032200 0.001633
v -0.006106 0.032200 -0.002992
v -0.002755 0.032200 -0.006217
v 0.001886 0.032200 -0.006533
v 0.005644 0.032200 -0.003792
v 0.006761 0.032200 0.000723
v 0.003675 0.032200 0.003819
v 0.000360 0.032200 0.005288
v -0.003123 0.032200 0.004282
v -0.005145 0.032200 0.001273
v -0.004759 0.032200 -0.002332
v -0.002147 0.032200 -0.004846
v 0.001470 0.032200 -0.005092
v 0.004399 0.032200 -0.002956
v 0.005270 0.032200 0.000563
v 0.003675 0.031150 0.003819
v 0.000360 0.031150 0.005288
v -0.003123 0.031150 0.004282
v -0.005145 0.031150 0.001273
v -0.004759 0.031150 -0.002332
v -0.002147 0.031150 -0.004846
v 0.001470 0.031150 -0.005092
v 0.004399 0.031150 -0.002956
v 0.005270 0.031150 0.000563
v 0.003952 0.030450 0.004107
v 0.000387 0.030450 0.005687
v -0.003359 0.030450 0.004605
v -0.005533 0.030450 0.001369
v -0.005119 0.030450 -0.002508
v -0.002309 0.030450 -0.005211
v 0.001581 0.030450 -0.005476
v 0.004731 0.030450 -0.003179
v 0.005668 0.030450 0.000606
v 0.000542 0.031400 -0.006798
v 0.004785 0.031400 -0.004859
v 0.006789 0.031400 -0.000647
v 0.005616 0.031400 0.003869
v 0.001816 0.031400 0.006574
v -0.002835 0.031400 0.006203
v -0.006159 0.031400 0.002930
v -0.006601 0.031400 -0.001715
v -0.003955 0.031400 -0.005556
v 0.000542 0.032000 -0.006798
v -0.003955 0.032000 -0.005556
v -0.006601 0.032000 -0.001715
v -0.006159 0.032000 0.002930
v -0.002835 0.032000 0.006203
v 0.001816 0.032000 0.006574
v 0.005616 0.032000 0.003869
v 0.006789 0.032000 -0.000647
v 0.004785 0.032000 -0.004859
v 0.000465 0.031400 -0.005831
v 0.004105 0.031400 -0.004168
v 0.005824 0.031400 -0.000555
v 0.004818 0.031400 0.003319
v 0.001557 0.031400 0.005639
v -0.002432 0.031400 0.005321
v -0.005283 0.031400 0.002513
v -0.005662 0.031400 -0.001471
v -0.003392 0.031400 -0.004766
v 0.000465 0.028000 -0.005831
v 0.004105 0.028000 -0.004168
v 0.005824 0.028000 -0.000555
v 0.004818 0.028000 0.003319
v 0.001557 0.028000 0.005639
v -0.002432 0.028000 0.005321
v -0.005283 0.028000 0.002513
v -0.005662 0.028000 -0.001471
v -0.003392 0.028000 -0.004766
v 0.000775 0.032000 -0.009719
v 0.006841 0.032000 -0.006947
v 0.009706 0.032000 -0.000924
v 0.008029 0.032000 0.005531
v 0.002596 0.032000 0.009398
v -0.004053 0.032000 0.008868
v -0.008805 0.032000 0.004188
v -0.009437 0.032000 -0.002451
v -0.005654 0.032000 -0.007944
v 0.000775 0.028000 -0.009719
v -0.005654 0.028000 -0.007944
v -0.009437 0.028000 -0.002451
v -0.008805 0.028000 0.004188
v -0.004053 0.028000 0.008868
v 0.002596 0.028000 0.009398
v 0.008029 0.028000 0.005531
v 0.009706 0.028000 -0.000924
v 0.006841 0.028000 -0.006947
vt -0.000000 0.418879
vt 0.600000 0.418879
vt 0.600000 0.523599
vt 0.000000 0.523599
vt 0.000000 0.036652
vt 0.000000 -0.036652
vt 0.200000 -0.036652
vt 0.200000 0.036652
vt -0.000000 -2.042035
vt -0.400000 -2.042035
vt -0.400000 -2.722714
vt -0.000000 -2.722714
vt 9.905413 -2.406153
vt 10.185417 -2.228025
vt 10.097842 -2.212583
vt 9.768919 -2.169459
vt 0.000000 -0.256563
vt 0.000000 -0.329867
vt 0.200000 -0.329867
vt 0.200000 -0.256563
vt 0.000000 -0.418879
vt 0.600000 -0.418879
vt 0.600000 -0.314159
vt 0.000000 -0.314159
vt 0.200000 122.919167
vt 5.174875 0.000000
vt 14.232221 0.000000
vt 14.232221 0.200000
vt 0.000000 122.919167
vt 0.600000 0.104720
vt 0.000000 0.104720
vt 0.000000 0.000000
vt 0.600000 0.000000
vt 10.293076 1.663518
vt 10.293076 1.386482
vt 10.607500 1.525000
vt 10.632065 1.592493
vt 10.694267 1.628405
vt -2.600000 0.698132
vt 2.600000 0.698132
vt 2.600000 0.872665
vt -2.600000 0.872665
vt -9.768919 -2.169459
vt -9.417700 -0.177593
vt -9.065619 0.638621
vt -8.384673 1.210003
vt -7.519721 1.415000
vt 4.280011 1.320881
vt 1.102266 1.910537
vt 1.045106 1.842417
vt 0.957531 1.826975
vt 0.880520 1.871438
vt 0.850106 1.955000
vt 0.880520 2.038562
vt 0.957531 2.083025
vt 1.045106 2.067583
vt 9.328582 2.194090
vt 9.832065 2.257507
vt 9.807500 2.325000
vt 9.832065 2.392493
vt 9.894267 2.428405
vt 9.965000 2.415933
vt 10.011168 2.360912
vt 10.011168 2.289088
vt 9.965000 2.234067
vt 9.894267 2.221595
vt 9.399315 2.181618
vt 9.445482 2.126598
vt 9.445482 2.054773
vt 10.397751 2.023193
vt 10.373185 2.090685
vt 10.397751 2.158178
vt 10.459952 2.194090
vt 10.530685 2.181618
vt 10.576853 2.126598
vt 10.576853 2.054773
vt 10.530685 1.999753
vt 10.459952 1.987281
vt 9.842172 1.923847
vt 10.115000 1.875740
vt 10.765000 1.615933
vt 10.811168 1.560912
vt 10.811168 1.489088
vt 10.765000 1.434067
vt 10.694267 1.421595
vt 10.632065 1.457507
vt 10.115000 1.174260
vt 9.842172 1.126153
vt 9.602252 1.264671
vt 9.507500 1.525000
vt 9.165000 1.615933
vt 9.211168 1.560912
vt 9.211168 1.489088
vt 9.165000 1.434067
vt 9.094267 1.421595
vt 9.032065 1.457507
vt 9.007500 1.525000
vt 9.032065 1.592493
vt 7.009490 1.038966
vt 9.328582 0.855910
vt 9.266380 0.891822
vt 9.241815 0.959315
vt 9.266380 1.026807
vt 9.328582 1.062719
vt 9.399315 1.050247
vt 9.445482 0.995227
vt 10.397751 1.026807
vt 10.459952 1.062719
vt 10.530685 1.050247
vt 10.576853 0.995227
vt 10.576853 0.923402
vt 10.530685 0.868382
vt 10.459952 0.855910
vt 10.397751 0.891822
vt 9.965000 0.815933
vt 10.011168 0.760912
vt 10.011168 0.689088
vt 9.965000 0.634067
vt 9.894267 0.621595
vt 10.348532 0.652933
vt 10.795601 1.111771
vt 10.861418 1.749008
vt 10.517569 2.289537
vt 9.912500 2.500000
vt -10.259464 2.500000
vt -10.568828 2.418064
vt -10.797079 2.193739
vt -10.884370 1.885843
vt -10.863561 0.527353
vt -10.556477 -2.171078
vt -10.419011 -2.407209
vt -10.162020 -2.499999
vt -9.905413 -2.406153
vt -10.185417 -2.228025
vt -10.262428 -2.183562
vt -10.292842 -2.100000
vt -10.262428 -2.016438
vt -10.185417 -1.971975
vt -10.097842 -1.987417
vt -10.040682 -2.055537
vt 9.713220 0.570583
vt 9.832065 0.657507
vt 9.807500 0.725000
vt 9.832065 0.792493
vt 9.894267 0.828405
vt 10.373185 0.959315
vt 9.445482 0.923402
vt 9.399315 0.868382
vt 2.000000 -0.043633
vt 2.000000 0.043633
vt -2.000000 0.043633
vt -2.000000 -0.043633
vt -0.000000 0.278841
vt -0.000000 0.557683
vt -0.200000 0.557683
vt -0.200000 0.278841
vt -0.000000 -0.045379
vt -0.000000 -0.136136
vt 0.200000 -0.136136
vt 0.200000 -0.045379
vt 0.000000 0.329867
vt -0.000000 0.256563
vt 0.200000 0.256563
vt 0.200000 0.329867
vt 0.000000 0.226893
vt -0.000000 0.136136
vt 0.200000 0.136136
vt 0.200000 0.226893
vt 2.000000 0.043633
vt 2.000000 0.130900
vt -2.000000 0.130900
vt -2.000000 0.043633
vt -0.200000 -5.473356
vt -0.200000 -6.126106
vt -0.000000 -6.126106
vt -0.000000 -5.473356
vt -0.000000 0.036652
vt -0.000000 -0.036652
vt 0.200000 -0.036652
vt 0.200000 0.036652
vt -0.200000 0.485452
vt -0.200000 0.161817
vt -0.000000 0.161817
vt -0.000000 0.485452
vt 0.000000 0.408407
vt 0.000000 0.317650
vt 0.200000 0.317650
vt 0.200000 0.408407
vt 0.000000 -0.226893
vt 0.000000 -0.317650
vt 0.200000 -0.317650
vt 0.200000 -0.226893
vt 0.000000 -0.317650
vt 0.000000 -0.408407
vt 0.200000 -0.408407
vt 0.200000 -0.317650
vt 0.000000 0.136136
vt 0.000000 0.045379
vt 0.200000 0.045379
vt 0.200000 0.136136
vt 0.200000 117.430092
vt 0.200000 120.174629
vt -0.000000 117.430092
vt 0.000000 0.256563
vt -0.000000 0.183260
vt 0.200000 0.183260
vt 0.200000 0.256563
vt 9.399315 1.999753
vt 9.328582 1.987281
vt 9.266380 2.023193
vt 9.241815 2.090685
vt 9.266380 2.158178
vt 1.102266 1.999463
vt 9.094267 1.628405
vt 9.602252 1.785329
vt -0.000000 0.408407
vt -0.000000 0.317650
vt 0.200000 0.317650
vt 0.200000 0.408407
vt 0.000000 -0.209440
vt 0.600000 -0.209440
vt 0.600000 -0.104720
vt 0.000000 -0.104720
vt -0.000000 -5.157673
vt 0.200000 -5.157673
vt 0.200000 -4.260686
vt -0.000000 -4.260686
vt 0.000000 0.209440
vt -0.600000 0.209440
vt -0.600000 0.104720
vt 0.000000 0.104720
vt 0.000000 -0.256563
vt 0.000000 -0.329867
vt 0.200000 -0.329867
vt 0.200000 -0.256563
vt 0.600000 0.000000
vt 0.000000 0.000000
vt 0.000000 0.317650
vt 0.200000 0.317650
vt -0.200000 -3.515108
vt -0.200000 -4.167857
vt -0.000000 -4.167857
vt -0.000000 -3.515108
vt -0.600000 -0.104720
vt 0.000000 -0.104720
vt 0.000000 0.000000
vt -0.600000 0.000000
vt 0.000000 0.418879
vt -0.600000 0.418879
vt -0.600000 0.314159
vt 0.000000 0.314159
vt -0.200000 -3.515108
vt -0.200000 -4.167857
vt -0.000000 -4.167857
vt -0.000000 -3.515108
vt -0.200000 0.161817
vt -0.200000 -0.161817
vt -0.000000 -0.161817
vt -0.000000 0.161817
vt -1.045106 2.067583
vt -9.266380 2.158178
vt -9.241815 2.090685
vt -9.266380 2.023193
vt -9.328582 1.987281
vt -9.399315 1.999753
vt -9.445482 2.054773
vt -9.445482 2.126598
vt -9.894267 2.221595
vt -9.965000 2.234067
vt -10.011168 2.289088
vt -10.459952 2.194090
vt -10.397751 2.158178
vt -10.373185 2.090685
vt -10.397751 2.023193
vt -10.459952 1.987281
vt -10.530685 1.999753
vt -10.576853 2.054773
vt -10.576853 2.126598
vt -10.517569 2.289537
vt -10.861418 1.749008
vt -10.795601 1.111771
vt -10.694267 1.421595
vt -10.765000 1.434067
vt -10.811168 1.489088
vt -10.811168 1.560912
vt -10.765000 1.615933
vt -10.694267 1.628405
vt -10.632065 1.592493
vt -10.293076 1.663518
vt -10.115000 1.875740
vt -9.842172 1.923847
vt -9.602252 1.785329
vt -9.507500 1.525000
vt -9.211168 1.560912
vt -9.165000 1.615933
vt -9.094267 1.628405
vt -9.032065 1.592493
vt -7.009490 1.038966
vt -4.280011 1.320881
vt -1.537625 1.415000
vt -0.957531 1.826975
vt -1.045106 1.842417
vt -1.102266 1.910537
vt -1.102266 1.999463
vt -0.000000 0.036652
vt -0.000000 -0.036652
vt 0.200000 -0.036652
vt 0.200000 0.036652
vt 0.000000 -0.989602
vt 0.000000 -1.272345
vt 0.200000 -1.272345
vt 0.200000 -0.989602
vt 0.000000 0.109956
vt -0.000000 0.036652
vt 0.200000 0.036652
vt 0.200000 0.109956
vt -0.000000 -0.036652
vt 0.000000 -0.109956
vt 0.200000 -0.109956
vt 0.200000 -0.036652
vt 0.000000 1.429425
vt 0.000000 1.021018
vt 0.200000 1.021018
vt 0.200000 1.429425
vt 0.000000 0.476126
vt 0.060000 0.476126
vt 0.060000 0.952252
vt 0.000000 0.952252
vt -0.000000 0.183260
vt 0.000000 0.109956
vt 0.200000 0.109956
vt 0.200000 0.183260
vt 0.000000 -0.109956
vt 0.000000 -0.183260
vt 0.200000 -0.183260
vt 0.200000 -0.109956
vt -0.200000 0.485452
vt -0.000000 0.485452
vt 0.000000 -0.036652
vt 0.000000 -0.109956
vt 0.200000 -0.109956
vt 0.200000 -0.036652
vt -0.000000 0.314159
vt 0.600000 0.314159
vt 2.000000 0.218166
vt 2.000000 0.305433
vt -2.000000 0.305433
vt -2.000000 0.218166
vt 0.000000 -0.045379
vt 0.200000 -0.045379
vt 0.000000 0.109956
vt 0.000000 0.036652
vt 0.200000 0.036652
vt 0.200000 0.109956
vt 0.000000 -3.363700
vt 0.200000 -3.363700
vt -0.600000 -0.104720
vt 0.000000 -0.104720
vt 0.000000 0.000000
vt -0.600000 0.000000
vt 0.000000 -0.204204
vt -0.000000 -0.612611
vt 0.200000 -0.612611
vt 0.200000 -0.204204
vt 0.000000 0.109956
vt 0.200000 0.109956
vt -0.000000 2.722714
vt -0.400000 2.722714
vt -0.400000 2.042035
vt -0.000000 2.042035
vt 0.000000 1.837832
vt 0.200000 1.837832
vt 2.000000 -0.130900
vt 2.000000 -0.043633
vt -2.000000 -0.043633
vt -2.000000 -0.130900
vt 0.000000 -0.036652
vt 0.000000 -0.109956
vt 0.200000 -0.109956
vt 0.200000 -0.036652
vt -2.600000 -0.174533
vt 2.600000 -0.174533
vt 2.600000 0.000000
vt -2.600000 0.000000
vt 0.000000 -0.256563
vt 0.000000 -0.329867
vt 0.200000 -0.329867
vt 0.200000 -0.256563
vt 0.000000 1.837832
vt 0.000000 1.429425
vt 0.340000 1.429425
vt 0.340000 1.837832
vt -2.600000 -0.349066
vt 2.600000 -0.349066
vt 2.600000 -0.174533
vt -2.600000 -0.174533
vt 0.000000 0.329867
vt 0.000000 0.256563
vt 0.200000 0.256563
vt 0.200000 0.329867
vt -0.400000 -3.403392
vt 0.000000 -3.403392
vt 0.000000 -0.706858
vt 0.200000 -0.706858
vt 0.000000 -0.424115
vt 0.200000 -0.424115
vt 0.000000 0.408407
vt 0.200000 0.408407
vt -0.000000 -0.256563
vt 0.000000 -0.329867
vt 0.200000 -0.329867
vt 0.200000 -0.256563
vt -0.200000 -4.820607
vt -0.000000 -4.820607
vt 0.000000 0.226893
vt 0.200000 0.226893
vt -9.328582 2.194090
vt -0.957531 2.083025
vt -0.880520 2.038562
vt -0.850106 1.955000
vt -0.880520 1.871438
vt 7.519721 1.415000
vt 8.384673 1.210003
vt 9.065619 0.638621
vt 9.417700 -0.177593
vt 9.768919 -2.169459
vt 10.040682 -2.144463
vt 10.040682 -2.055537
vt 10.097842 -1.987417
vt 10.754107 -0.826880
vt 10.863561 0.527353
vt 10.884370 1.885843
vt 10.797079 2.193739
vt 10.568828 2.418064
vt 10.259464 2.500000
vt -9.912500 2.500000
vt -10.530685 2.181618
vt -10.011168 2.360912
vt -9.965000 2.415933
vt -9.894267 2.428405
vt -9.832065 2.392493
vt -9.807500 2.325000
vt -9.832065 2.257507
vt -9.399315 2.181618
vt 0.000000 0.226893
vt 0.200000 0.226893
vt 0.000000 -0.104720
vt 0.600000 -0.104720
vt -0.000000 0.000000
vt -0.200000 0.000000
vt -0.000000 0.680678
vt -0.400000 0.680678
vt -0.400000 0.000000
vt -0.000000 0.000000
vt 0.000000 -0.256563
vt 0.200000 -0.256563
vt 0.000000 0.314159
vt -0.600000 0.314159
vt 0.000000 -0.183260
vt 0.200000 -0.183260
vt -0.000000 0.183260
vt 0.000000 0.109956
vt 0.200000 0.109956
vt 0.200000 0.183260
vt -9.241815 0.959315
vt -9.266380 0.891822
vt -9.007500 1.525000
vt -9.032065 1.457507
vt -9.094267 1.421595
vt -9.165000 1.434067
vt -9.211168 1.489088
vt -9.602252 1.264671
vt -9.842172 1.126153
vt -10.115000 1.174260
vt -10.293076 1.386482
vt -10.607500 1.525000
vt -10.632065 1.457507
vt -10.576853 0.995227
vt -10.530685 1.050247
vt -10.459952 1.062719
vt -10.397751 1.026807
vt -10.373185 0.959315
vt -10.397751 0.891822
vt -10.459952 0.855910
vt -10.348532 0.652933
vt -9.713220 0.570583
vt -9.894267 0.621595
vt -9.965000 0.634067
vt -10.011168 0.689088
vt -10.011168 0.760912
vt -9.965000 0.815933
vt -9.894267 0.828405
vt -9.399315 0.868382
vt -9.445482 0.923402
vt -9.445482 0.995227
vt -9.399315 1.050247
vt -9.328582 1.062719
vt -9.266380 1.026807
vt 0.000000 -0.136136
vt 0.000000 -0.226893
vt 0.200000 -0.226893
vt 0.200000 -0.136136
vt -0.000000 0.036652
vt 0.200000 0.036652
vt -2.600000 -0.523599
vt 2.600000 -0.523599
vt 2.000000 0.305433
vt 2.000000 0.392699
vt -2.000000 0.392699
vt -2.000000 0.305433
vt 0.000000 -1.428377
vt 0.060000 -1.428377
vt 0.060000 -0.952252
vt 0.000000 -0.952252
vt -0.021706 0.123101
vt 0.062500 0.108253
vt 0.117462 0.042753
vt 0.117462 -0.042753
vt 0.075000 -0.129904
vt 0.140954 -0.051303
vt 0.140954 0.051303
vt 0.075000 0.129904
vt -0.026047 0.147721
vt -0.114907 0.096418
vt -0.150000 0.000000
vt -0.114907 -0.096418
vt -0.095756 -0.080348
vt -0.125000 -0.000000
vt -0.095756 0.080348
vt 0.000000 0.109956
vt 0.200000 0.109956
vt -0.000000 -0.183260
vt 0.200000 -0.183260
vt 0.000000 1.021018
vt 0.000000 0.612611
vt 0.340000 0.612611
vt 0.340000 1.021018
vt 0.000000 -0.256563
vt 0.000000 -0.329867
vt 0.200000 -0.329867
vt 0.200000 -0.256563
vt -0.000000 0.314159
vt 0.600000 0.314159
vt 0.600000 0.418879
vt -0.000000 0.418879
vt -2.600000 -0.698132
vt 2.600000 -0.698132
vt 2.600000 -0.523599
vt -2.600000 -0.523599
vt 2.000000 0.218166
vt -2.000000 0.218166
vt 0.000000 0.183260
vt 0.200000 0.183260
vt 0.000000 0.418879
vt -0.600000 0.418879
vt -0.000000 -0.317650
vt 0.200000 -0.317650
vt 0.000000 0.989602
vt 0.000000 0.706858
vt 0.200000 0.706858
vt 0.200000 0.989602
vt 0.000000 -1.429425
vt 0.000000 -1.837832
vt 0.200000 -1.837832
vt 0.200000 -1.429425
vt -0.000000 -0.256563
vt 0.000000 -0.329867
vt 0.200000 -0.329867
vt 0.200000 -0.256563
vt -0.000000 -0.183260
vt 0.200000 -0.183260
vt 0.234923 0.085505
vt 0.125000 0.216506
vt 0.075000 0.129904
vt 0.140954 0.051303
vt 0.140954 -0.051303
vt 0.075000 -0.129904
vt -0.026047 -0.147721
vt -0.114907 -0.096418
vt -0.191511 -0.160697
vt -0.043412 -0.246202
vt 0.125000 -0.216506
vt 0.234923 -0.085505
vt -10.530685 0.868382
vt -10.576853 0.923402
vt 0.095756 0.080348
vt 0.125000 0.000000
vt 0.095756 -0.080348
vt 0.021706 -0.123101
vt -0.062500 -0.108253
vt 0.026047 -0.147721
vt 0.114907 -0.096418
vt 0.150000 0.000000
vt 0.114907 0.096418
vt 0.026047 0.147721
vt -0.075000 0.129904
vt -0.140954 0.051303
vt -0.140954 -0.051303
vt -0.117462 0.042753
vt -0.062500 0.108253
vt 0.021706 0.123101
vt 2.000000 -0.218166
vt -2.000000 -0.218166
vt 0.200000 117.430092
vt 0.200000 120.174629
vt 0.200000 122.919167
vt 0.000000 122.919167
vt 0.000000 120.174629
vt -0.000000 117.430092
vt -2.600000 0.349066
vt 2.600000 0.349066
vt 2.600000 0.523599
vt -2.600000 0.523599
vt 0.026047 -0.147721
vt 0.114907 -0.096418
vt 0.150000 0.000000
vt 0.114907 0.096418
vt 0.125000 0.000000
vt 0.095756 -0.080348
vt 0.021706 -0.123101
vt -0.062500 -0.108253
vt -0.117462 -0.042753
vt -0.117462 0.042753
vt -0.062500 0.108253
vt 0.021706 0.123101
vt 0.095756 0.080348
vt 0.026047 0.147721
vt -0.075000 0.129904
vt -0.140954 0.051303
vt -0.140954 -0.051303
vt -0.075000 -0.129904
vt -0.125000 0.216506
vt -0.234923 0.085505
vt -0.234923 -0.085505
vt -0.125000 -0.216506
vt 0.043412 -0.246202
vt 0.191511 -0.160697
vt 0.250000 0.000000
vt 0.150000 0.000000
vt 0.114907 -0.096418
vt 0.026047 -0.147721
vt -0.075000 -0.129904
vt -0.140954 -0.051303
vt -0.140954 0.051303
vt -0.075000 0.129904
vt 0.026047 0.147721
vt 0.114907 0.096418
vt 0.191511 0.160697
vt 0.043412 0.246202
vt 2.022594 0.000000
vt 2.022594 0.200000
vt 0.000000 0.200000
vt 0.000000 0.000000
vt -0.000000 -0.612611
vt 0.000000 -1.021018
vt 0.340000 -1.021018
vt 0.340000 -0.612611
vt 0.000000 0.104720
vt -0.600000 0.104720
vt -0.000000 0.183260
vt 0.000000 0.109956
vt 0.200000 0.109956
vt 0.200000 0.183260
vt 10.185417 -1.971975
vt 10.262428 -2.016438
vt 10.292842 -2.100000
vt 10.262428 -2.183562
vt 10.185417 -2.228025
vt 10.097842 -2.212583
vt 9.905413 -2.406153
vt 10.162020 -2.499999
vt 10.419011 -2.407209
vt 10.556477 -2.171078
vt 0.043412 -0.246202
vt 0.191511 -0.160697
vt 0.250000 0.000000
vt 0.150000 0.000000
vt 0.114907 -0.096418
vt 0.026047 -0.147721
vt -0.075000 -0.129904
vt -0.140954 -0.051303
vt -0.140954 0.051303
vt -0.075000 0.129904
vt 0.026047 0.147721
vt 0.043412 0.246202
vt -0.125000 0.216506
vt -0.234923 0.085505
vt -0.234923 -0.085505
vt -0.125000 -0.216506
vt -0.000000 0.278841
vt -0.000000 0.557683
vt -0.200000 0.557683
vt -0.200000 0.278841
vt -0.200000 -0.161817
vt -0.200000 -0.485452
vt -0.000000 -0.485452
vt -0.000000 -0.161817
vt 0.000000 0.329867
vt 0.000000 0.256563
vt 0.200000 0.256563
vt 0.200000 0.329867
vt 0.000000 -0.408407
vt 0.200000 -0.408407
vt 0.000000 0.209440
vt 0.600000 0.209440
vt 0.000000 -0.256563
vt 0.000000 -0.329867
vt 0.200000 -0.329867
vt 0.200000 -0.256563
vt 0.075000 0.129904
vt 0.140954 0.051303
vt 0.234923 -0.085505
vt 0.234923 0.085505
vt 0.125000 0.216506
vt -0.043412 0.246202
vt -0.191511 0.160697
vt -0.250000 0.000000
vt -0.191511 -0.160697
vt -0.150000 0.000000
vt -0.114907 0.096418
vt -0.026047 0.147721
vt -9.327500 1.525000
vt -9.464364 1.148969
vt -9.810916 0.948887
vt -10.205000 1.018375
vt -10.462220 1.324918
vt -10.462220 1.725082
vt -10.205000 2.031625
vt -10.517569 2.289537
vt -10.861418 1.749008
vt -10.795601 1.111771
vt -10.348532 0.652933
vt -9.713220 0.570583
vt -4.280011 1.320881
vt -9.464364 1.901031
vt -0.114907 -0.096418
vt -0.043412 -0.246202
vt 0.125000 -0.216506
vt 0.140954 -0.051303
vt 0.075000 -0.129904
vt -0.026047 -0.147721
vt 0.000000 0.256563
vt 0.200000 0.256563
vt -0.000000 1.361357
vt -0.400000 1.361357
vt 0.000000 -1.429425
vt 0.000000 -1.837832
vt 0.340000 -1.837832
vt 0.340000 -1.429425
vt 0.000000 -0.109956
vt 0.200000 -0.109956
vt 2.022594 0.000000
vt 2.022594 0.200000
vt 0.000000 0.200000
vt 0.000000 0.000000
vt 10.205000 1.018375
vt 9.810916 0.948887
vt 7.009490 1.038966
vt 9.713220 0.570583
vt 10.348532 0.652933
vt 10.795601 1.111771
vt 10.861418 1.749008
vt 10.205000 2.031625
vt 10.462220 1.725082
vt 10.462220 1.324918
vt 2.000000 -0.218166
vt 2.000000 -0.130900
vt -2.000000 -0.130900
vt -2.000000 -0.218166
vt 0.000000 -0.209440
vt -0.600000 -0.209440
vt -0.600000 -0.314159
vt 0.000000 -0.314159
vt -0.000000 1.428377
vt 0.060000 1.428377
vt 0.060000 1.904503
vt -0.000000 1.904503
vt -0.200000 2.717781
vt -0.200000 -0.000000
vt 0.000000 0.000000
vt -0.000000 2.717781
vt -0.400000 -0.680678
vt -0.000000 -0.680678
vt 0.200000 -6.054660
vt -0.000000 -6.054660
vt 1.102266 1.910537
vt 1.045106 1.842417
vt 1.537625 1.415000
vt 4.280011 1.320881
vt 1.102266 1.999463
vt -0.000000 -0.183260
vt 0.200000 -0.183260
vt 0.000000 0.036652
vt 0.200000 0.036652
vt -9.832065 0.792493
vt -9.807500 0.725000
vt -9.832065 0.657507
vt -9.328582 0.855910
vt -0.000000 0.000000
vt -0.200000 0.000000
vt -0.000000 0.045379
vt 0.200000 0.045379
vt 0.000000 -0.226893
vt -0.000000 -0.317650
vt 0.200000 -0.317650
vt 0.200000 -0.226893
vt -0.000000 -0.036652
vt 0.000000 -0.109956
vt 0.200000 -0.109956
vt 0.200000 -0.036652
vt 0.000000 0.424115
vt 0.000000 0.141372
vt 0.200000 0.141372
vt 0.200000 0.424115
vt -0.000000 -0.136136
vt 0.000000 -0.226893
vt 0.200000 -0.226893
vt 0.200000 -0.136136
vt 0.000000 0.136136
vt 0.000000 0.045379
vt 0.200000 0.045379
vt 0.200000 0.136136
vt 0.000000 -0.036652
vt 0.000000 -0.109956
vt 0.200000 -0.109956
vt 0.200000 -0.036652
vt 2.000000 0.392699
vt -2.000000 0.392699
vt 0.000000 -0.141372
vt 0.200000 -0.141372
vt 0.000000 0.204204
vt 0.200000 0.204204
vt 0.000000 0.036652
vt 0.200000 0.036652
vt 0.000000 -1.904503
vt 0.060000 -1.904503
vt -0.000000 -0.183260
vt 0.200000 -0.183260
vt 10.556477 -2.171078
vt 10.863561 0.527353
vt 10.884370 1.885843
vt 10.797079 2.193739
vt 10.568828 2.418064
vt 10.259464 2.500000
vt -9.912500 2.500000
vt -9.810916 2.101113
vt -1.045106 2.067583
vt -0.957531 2.083025
vt -0.880520 2.038562
vt -0.850106 1.955000
vt 7.519721 1.415000
vt 8.384673 1.210003
vt 9.065619 0.638621
vt 9.417700 -0.177593
vt 10.040682 -2.144463
vt 10.040682 -2.055537
vt 10.097842 -1.987417
vt 10.185417 -1.971975
vt 10.262428 -2.016438
vt 10.292842 -2.100000
vt 10.262428 -2.183562
vt 10.162020 -2.499999
vt 10.419011 -2.407209
vt -0.200000 -4.820607
vt -0.200000 -5.473356
vt -0.000000 -5.473356
vt -0.000000 -4.820607
vt 20.777136 0.000000
vt 20.777136 0.200000
vt 0.605172 0.200000
vt 0.605172 0.000000
vt 0.000000 0.183260
vt 0.200000 0.183260
vt 0.522442 -0.438381
vt 0.169307 -0.960188
vt 0.746893 -0.626718
vt 0.682000 0.000000
vt -1.045106 1.842417
vt -1.102266 1.910537
vt -1.102266 1.999463
vt -0.880520 1.871438
vt -0.957531 1.826975
vt -0.600000 -0.418879
vt 0.000000 -0.418879
vt -10.097842 -2.212583
vt -10.185417 -2.228025
vt -9.905413 -2.406153
vt -9.768919 -2.169459
vt 0.000000 0.329867
vt 0.200000 0.329867
vt 0.000000 0.329867
vt 0.000000 0.256563
vt 0.200000 0.256563
vt 0.200000 0.329867
vt 0.114907 0.096418
vt 0.191511 0.160697
vt 0.000000 -0.109956
vt 0.200000 -0.109956
vt -0.000000 0.183260
vt 0.200000 0.183260
vt 2.000000 -0.392699
vt 2.000000 -0.305433
vt -2.000000 -0.305433
vt -2.000000 -0.392699
vt 0.000000 -0.209440
vt -0.600000 -0.209440
vt -0.600000 -0.314159
vt 0.000000 -0.314159
vt -0.600000 -0.523599
vt 0.000000 -0.523599
vt -0.200000 -2.862358
vt -0.000000 -2.862358
vt 0.000000 0.109956
vt 0.200000 0.109956
vt -0.200000 -2.862358
vt -0.000000 -2.862358
vt 0.000000 0.226893
vt 0.200000 0.226893
vt 2.600000 0.000000
vt -2.600000 0.000000
vt 0.000000 -0.204204
vt 0.340000 -0.204204
vt 0.000000 -0.045379
vt 0.200000 -0.045379
vt 0.000000 -5.157673
vt 0.200000 -5.157673
vt 0.200000 -4.260686
vt -0.000000 -4.260686
vt 0.000000 0.612611
vt 0.200000 0.612611
vt 0.000000 0.256563
vt 0.200000 0.256563
vt -0.000000 -0.183260
vt 0.200000 -0.183260
vt -0.000000 -1.361357
vt -0.400000 -1.361357
vt -2.600000 0.174533
vt 2.600000 0.174533
vt 2.600000 0.349066
vt -2.600000 0.349066
vt 2.600000 0.174533
vt -2.600000 0.174533
vt 0.000000 -0.418879
vt 0.600000 -0.418879
vt 0.600000 -0.314159
vt 0.000000 -0.314159
vt -0.000000 -0.183260
vt 0.200000 -0.183260
vt 0.000000 0.204204
vt 0.340000 0.204204
vt 0.000000 0.329867
vt 0.200000 0.329867
vt -0.200000 -6.126106
vt -0.000000 -6.126106
vt -0.000000 -0.045379
vt 0.200000 -0.045379
vt 0.200000 -6.054660
vt -0.000000 -6.054660
vt 0.060000 2.380629
vt 0.000000 2.380629
vt -0.000000 -0.408407
vt 0.200000 -0.408407
vt 2.600000 0.698132
vt -2.600000 0.698132
vt 2.600000 0.523599
vt -2.600000 0.523599
vt 2.000000 -0.305433
vt -2.000000 -0.305433
vt -0.000000 0.836524
vt -0.000000 1.115366
vt -0.200000 1.115366
vt -0.200000 0.836524
vt 14.232221 0.000000
vt 14.232221 0.200000
vt 0.000000 125.663704
vt -0.000000 0.045379
vt 0.200000 0.045379
vt -0.341000 0.590629
vt 0.118428 0.671639
vt 0.522442 0.438381
vt 0.975000 0.000000
vt 0.746893 0.626718
vt 0.169307 0.960188
vt -0.487500 0.844375
vt -0.916200 0.333470
vt -0.916200 -0.333470
vt -0.487500 -0.844375
vt 0.118428 -0.671639
vt -0.341000 -0.590629
vt -0.640870 -0.233258
vt -0.640870 0.233258
vt -10.040682 -2.144463
vt -9.417700 -0.177593
vt -9.065619 0.638621
vt -8.384673 1.210003
vt -7.519721 1.415000
vt 0.957531 1.826975
vt 0.880520 1.871438
vt 0.850106 1.955000
vt 0.880520 2.038562
vt 0.957531 2.083025
vt 1.045106 2.067583
vt 9.464364 1.148969
vt 9.327500 1.525000
vt 9.464364 1.901031
vt 9.810916 2.101113
vt 10.517569 2.289537
vt 9.912500 2.500000
vt -10.259464 2.500000
vt -10.568828 2.418064
vt -10.797079 2.193739
vt -10.884370 1.885843
vt -10.863561 0.527353
vt -10.556477 -2.171078
vt -10.419011 -2.407209
vt -10.162020 -2.499999
vt -10.262428 -2.183562
vt -10.292842 -2.100000
vt -10.262428 -2.016438
vt -10.185417 -1.971975
vt -10.097842 -1.987417
vt -10.040682 -2.055537
vt 0.000000 0.104720
vt 0.600000 0.104720
vt -0.000000 0.836524
vt -0.200000 0.836524
vt 20.777136 0.000000
vt 20.777136 0.200000
vt 0.605172 0.200000
vt 0.605172 0.000000
vt -0.975000 0.000000
vt -0.746893 -0.626718
vt -0.448136 -0.376031
vt -0.585000 0.000000
vt -0.448136 0.376031
vt -0.101584 0.576113
vt 0.292500 0.506625
vt 0.549720 0.200082
vt 0.549720 -0.200082
vt 0.292500 -0.506625
vt 0.487500 -0.844375
vt 0.916200 -0.333470
vt 0.916200 0.333470
vt 0.487500 0.844375
vt -0.169307 0.960188
vt -0.746893 0.626718
vt -0.000000 0.136136
vt 0.200000 0.136136
vt 0.000000 -0.476126
vt 0.060000 -0.476126
vt 0.060000 0.000000
vt 0.000000 0.000000
vt 0.000000 0.329867
vt 0.200000 0.329867
vt -0.200000 4.076672
vt -0.200000 2.717781
vt -0.000000 2.717781
vt -0.000000 4.076672
vt -0.200000 4.076672
vt -0.000000 4.076672
vt -0.000000 0.408407
vt -0.000000 0.317650
vt 0.200000 0.317650
vt 0.200000 0.408407
vt 2.600000 0.872665
vt -2.600000 0.872665
vt -2.600000 -0.698132
vt 2.600000 -0.698132
vt 0.000000 -0.209440
vt 0.600000 -0.209440
vt -0.000000 1.115366
vt -0.200000 1.115366
vt 0.000000 -0.329867
vt 0.200000 -0.329867
vt 0.000000 1.272345
vt 0.200000 1.272345
vt 0.000000 0.209440
vt -0.600000 0.209440
vt 2.600000 -0.349066
vt -2.600000 -0.349066
vt 2.000000 0.130900
vt -2.000000 0.130900
vt -0.600000 -0.418879
vt 0.000000 -0.418879
vt -0.026047 -0.147721
vt 0.062500 -0.108253
vt -0.021706 -0.123101
vt 0.000000 -1.021018
vt 0.200000 -1.021018
vt -0.000000 0.183260
vt 0.200000 0.183260
vt -0.043412 0.246202
vt -0.191511 0.160697
vt -0.250000 0.000000
vt -0.150000 0.000000
vt -0.114907 0.096418
vt -0.026047 0.147721
vt -0.000000 -0.408407
vt 0.200000 -0.408407
vt 0.600000 0.523599
vt 0.000000 0.523599
vt -10.097842 -2.212583
vt -10.040682 -2.144463
vt 0.600000 0.209440
vt 0.000000 0.209440
vt -0.117462 -0.042753
vt -0.075000 -0.129904
vt 2.000000 -0.392699
vt -2.000000 -0.392699
vt 0.000000 -0.136136
vt 0.200000 -0.136136
vt 0.000000 0.329867
vt -0.000000 0.256563
vt 0.200000 0.256563
vt 0.200000 0.329867
vt 0.682000 0.000000
vt 0.522442 0.438381
vt 0.118428 0.671639
vt -0.292500 0.506625
vt 0.101584 0.576113
vt 0.448136 0.376031
vt 0.585000 0.000000
vt 0.448136 -0.376031
vt 0.101584 -0.576113
vt -0.292500 -0.506625
vt -0.341000 -0.590629
vt 0.118428 -0.671639
vt 0.522442 -0.438381
vt -0.200000 1.358891
vt -0.200000 -0.000000
vt 0.000000 0.000000
vt -0.341000 0.590629
vt -0.640870 0.233258
vt -0.640870 -0.233258
vt -0.549720 -0.200082
vt -0.549720 0.200082
vt -0.150000 0.000000
vt -0.114907 -0.096418
vt -0.125000 -0.000000
vt -0.095756 0.080348
vt -0.114907 0.096418
vt -0.600000 -0.523599
vt 0.000000 -0.523599
vt -0.200000 -0.485452
vt -0.000000 -0.485452
vt -0.026047 -0.147721
vt 0.075000 -0.129904
vt 0.140954 -0.051303
vt 0.140954 0.051303
vt 0.075000 0.129904
vt -0.026047 0.147721
vt -0.021706 0.123101
vt 0.062500 0.108253
vt 0.117462 0.042753
vt 0.117462 -0.042753
vt 0.062500 -0.108253
vt -0.021706 -0.123101
vt -0.095756 -0.080348
vt -0.169307 -0.960188
vt -0.101584 -0.576113
vt 0.000000 -3.363700
vt 0.200000 -3.363700
vt -0.135000 -0.418879
vt 0.135000 -0.418879
vt 0.135000 0.000000
vt -0.135000 0.000000
vt -0.135000 1.256637
vt 0.135000 1.256637
vt 0.135000 1.675516
vt -0.135000 1.675516
vt -0.437096 -0.009090
vt -0.669669 -0.411919
vt -0.588897 -0.870000
vt -0.232574 -1.168991
vt -0.181271 -1.028037
vt -0.458993 -0.795000
vt -0.521948 -0.437966
vt -0.340677 -0.123996
vt 0.000000 0.000000
vt 0.340677 -0.123996
vt 0.521948 -0.437966
vt 0.458993 -0.795000
vt 0.181271 -1.028037
vt 0.232574 -1.168991
vt 0.588897 -0.870000
vt 0.669669 -0.411919
vt 0.437096 -0.009090
vt 0.000000 0.150000
vt -0.135000 0.837758
vt 0.135000 0.837758
vt -0.040311 1.256637
vt 0.040311 1.256637
vt 0.040311 1.570796
vt -0.040311 1.570796
vt -0.052500 1.480039
vt 0.052500 1.480039
vt 0.052500 1.850049
vt -0.052500 1.850049
vt -0.040000 1.898918
vt 0.040000 1.898918
vt 0.040000 2.373648
vt -0.040000 2.373648
vt -0.052500 -1.312488
vt 0.052500 -1.312488
vt 0.052500 -0.984366
vt -0.052500 -0.984366
vt -0.052500 -0.370010
vt 0.052500 -0.370010
vt 0.052500 0.000000
vt -0.052500 0.000000
vt -0.135000 0.418879
vt 0.135000 0.418879
vt 0.135000 0.837758
vt -0.135000 0.837758
vt -0.040311 -1.256637
vt 0.040311 -1.256637
vt 0.040311 -0.942478
vt -0.040311 -0.942478
vt 0.519615 -0.980000
vt 0.205212 -1.243816
vt -0.205212 -1.243816
vt -0.519615 -0.980000
vt -0.590885 -0.575811
vt -0.669669 -0.561919
vt -0.588897 -1.020000
vt -0.232574 -1.318991
vt 0.232574 -1.318991
vt 0.588897 -1.020000
vt 0.590885 -0.575811
vt -0.458993 -0.865000
vt -0.519615 -0.900000
vt -0.205212 -1.163816
vt -0.181271 -1.098037
vt -0.135000 -0.837758
vt 0.135000 -0.837758
vt -0.135000 -0.418879
vt 0.135000 -0.418879
vt 0.135000 0.000000
vt -0.135000 0.000000
vt -0.052500 0.984366
vt 0.052500 0.984366
vt 0.052500 1.312488
vt -0.052500 1.312488
vt -0.135000 -1.675516
vt 0.135000 -1.675516
vt 0.135000 -1.256637
vt -0.135000 -1.256637
vt -0.135000 1.256637
vt 0.135000 1.256637
vt 0.135000 1.675516
vt -0.135000 1.675516
vt -0.175000 0.279253
vt 0.175000 0.279253
vt 0.175000 0.558505
vt -0.175000 0.558505
vt -0.052500 0.328122
vt 0.052500 0.328122
vt 0.052500 0.656244
vt -0.052500 0.656244
vt -0.052500 1.110029
vt 0.052500 1.110029
vt 0.052500 1.480039
vt -0.052500 1.480039
vt -0.175000 0.837758
vt 0.175000 0.837758
vt 0.175000 1.117011
vt -0.175000 1.117011
vt -0.175000 -0.558505
vt 0.175000 -0.558505
vt 0.175000 -0.279253
vt -0.175000 -0.279253
vt -0.052500 0.370010
vt 0.052500 0.370010
vt 0.052500 0.740020
vt -0.052500 0.740020
vt -0.040311 1.256637
vt 0.040311 1.256637
vt 0.040311 1.570796
vt -0.040311 1.570796
vt 0.052500 0.328122
vt -0.052500 0.328122
vt -0.052500 0.000000
vt 0.052500 0.000000
vt -0.052500 0.984366
vt 0.052500 0.984366
vt 0.052500 1.312488
vt -0.052500 1.312488
vt -0.040000 -1.898918
vt 0.040000 -1.898918
vt 0.040000 -1.424189
vt -0.040000 -1.424189
vt -0.052500 1.480039
vt 0.052500 1.480039
vt 0.052500 1.850049
vt -0.052500 1.850049
vt -0.175000 0.837758
vt 0.175000 0.837758
vt 0.175000 1.117011
vt -0.175000 1.117011
vt -0.052500 0.000000
vt 0.052500 0.000000
vt -0.052500 1.110029
vt 0.052500 1.110029
vt -0.052500 -0.740020
vt 0.052500 -0.740020
vt 0.052500 -0.370010
vt -0.052500 -0.370010
vt -0.175000 -0.279253
vt 0.175000 -0.279253
vt 0.175000 0.000000
vt -0.175000 0.000000
vt -0.052500 -0.328122
vt 0.052500 -0.328122
vt 0.052500 0.000000
vt -0.052500 0.000000
vt -0.175000 -1.117011
vt 0.175000 -1.117011
vt 0.175000 -0.837758
vt -0.175000 -0.837758
vt -0.052500 -0.328122
vt 0.052500 -0.328122
vt 0.052500 0.000000
vt -0.052500 0.000000
vt 0.175000 1.396263
vt -0.175000 1.396263
vt -0.040311 0.767945
vt 0.040311 0.767945
vt 0.040311 1.151917
vt -0.040311 1.151917
vt -0.040311 1.151917
vt 0.040311 1.151917
vt 0.040311 1.535890
vt -0.040311 1.535890
vt -0.175000 0.279253
vt 0.175000 0.279253
vt 0.175000 0.558505
vt -0.175000 0.558505
vt -0.040311 0.628319
vt 0.040311 0.628319
vt 0.040311 0.942478
vt -0.040311 0.942478
vt -0.040000 0.474730
vt 0.040000 0.474730
vt 0.040000 0.949459
vt -0.040000 0.949459
vt -0.040311 1.256637
vt 0.040311 1.256637
vt 0.040311 1.570796
vt -0.040311 1.570796
vt 0.052500 0.328122
vt -0.052500 0.328122
vt -0.052500 -0.740020
vt 0.052500 -0.740020
vt -0.052500 1.110029
vt 0.052500 1.110029
vt -0.052500 0.370010
vt 0.052500 0.370010
vt 0.052500 0.740020
vt -0.052500 0.740020
vt 0.040311 0.314159
vt -0.040311 0.314159
vt -0.040311 0.000000
vt 0.040311 0.000000
vt -0.040311 -0.767945
vt 0.040311 -0.767945
vt 0.040311 -0.383972
vt -0.040311 -0.383972
vt -0.175000 -0.558505
vt 0.175000 -0.558505
vt 0.135000 2.094395
vt -0.135000 2.094395
vt -0.052500 0.328122
vt 0.052500 0.328122
vt 0.052500 0.656244
vt -0.052500 0.656244
vt 0.000000 0.000000
vt 0.257115 -0.093582
vt 0.393923 -0.330541
vt 0.302110 -0.039959
vt 0.000000 0.070000
vt -0.302110 -0.039959
vt -0.257115 -0.093582
vt 0.000000 0.000000
vt -0.302110 -0.109959
vt -0.462860 -0.388385
vt -0.407032 -0.705000
vt -0.393923 -0.400541
vt -0.257115 -0.163582
vt 0.000000 -0.070000
vt -0.052500 0.000000
vt 0.052500 0.000000
vt -0.052500 -0.984366
vt 0.052500 -0.984366
vt 0.052500 -0.656244
vt -0.052500 -0.656244
vt -0.052500 -0.370010
vt 0.052500 -0.370010
vt -0.135000 -1.675516
vt 0.135000 -1.675516
vt 0.135000 -1.256637
vt -0.135000 -1.256637
vt 0.040311 0.383972
vt -0.040311 0.383972
vt -0.040311 0.000000
vt 0.040311 0.000000
vt -0.040311 0.767945
vt 0.040311 0.767945
vt 0.040311 1.151917
vt -0.040311 1.151917
vt -0.040311 0.628319
vt 0.040311 0.628319
vt 0.040311 0.942478
vt -0.040311 0.942478
vt -0.175000 0.000000
vt 0.175000 0.000000
vt -0.052500 -0.656244
vt 0.052500 -0.656244
vt -0.040311 0.383972
vt 0.040311 0.383972
vt 0.040311 0.767945
vt -0.040311 0.767945
vt -0.052500 -0.984366
vt 0.052500 -0.984366
vt 0.052500 -0.656244
vt -0.052500 -0.656244
vt -0.052500 -1.312488
vt 0.052500 -1.312488
vt 0.052500 -0.984366
vt -0.052500 -0.984366
vt -0.040000 0.000000
vt 0.040000 0.000000
vt 0.052500 1.640609
vt -0.052500 1.640609
vt -0.052500 0.740020
vt 0.052500 0.740020
vt 0.135000 2.094395
vt -0.135000 2.094395
vt 0.052500 1.640609
vt -0.052500 1.640609
vt -0.040311 -0.628319
vt 0.040311 -0.628319
vt 0.040311 -0.314159
vt -0.040311 -0.314159
vt -0.052500 1.312488
vt 0.052500 1.312488
vt 0.052500 1.640609
vt -0.052500 1.640609
vt 0.462860 -0.388385
vt 0.302110 -0.109959
vt 0.257115 -0.163582
vt 0.393923 -0.400541
vt 0.346410 -0.670000
vt 0.136808 -0.845877
vt -0.136808 -0.845877
vt -0.346410 -0.670000
vt -0.160749 -0.911656
vt 0.160749 -0.911656
vt 0.407032 -0.705000
vt -0.040311 -0.767945
vt 0.040311 -0.767945
vt 0.040311 -0.383972
vt -0.040311 -0.383972
vt -0.052500 -1.480039
vt 0.052500 -1.480039
vt 0.052500 -1.110029
vt -0.052500 -1.110029
vt -0.175000 -0.837758
vt 0.175000 -0.837758
vt -0.052500 -1.480039
vt 0.052500 -1.480039
vt 0.052500 -1.110029
vt -0.052500 -1.110029
vt -0.040311 0.942478
vt 0.040311 0.942478
vt 0.052500 0.656244
vt -0.052500 0.656244
vt -0.040000 -1.898918
vt 0.040000 -1.898918
vt 0.040000 -1.424189
vt -0.040000 -1.424189
vt -0.385673 -0.140373
vt -0.590885 -0.495811
vt -0.521948 -0.507966
vt -0.340677 -0.193996
vt 0.000000 -0.070000
vt 0.340677 -0.193996
vt 0.521948 -0.507966
vt 0.458993 -0.865000
vt 0.181271 -1.098037
vt 0.205212 -1.163816
vt 0.519615 -0.900000
vt 0.590885 -0.495811
vt 0.385673 -0.140373
vt 0.000000 0.000000
vt -0.052500 -1.110029
vt 0.052500 -1.110029
vt 0.052500 -0.740020
vt -0.052500 -0.740020
vt -0.040000 1.424189
vt 0.040000 1.424189
vt 0.040000 1.898918
vt -0.040000 1.898918
vt -0.052500 -0.740020
vt 0.052500 -0.740020
vt 0.052500 0.656244
vt -0.052500 0.656244
vt 0.052500 0.370010
vt -0.052500 0.370010
vt -0.052500 0.000000
vt 0.052500 0.000000
vt -0.135000 -0.837758
vt 0.135000 -0.837758
vt 0.040311 0.314159
vt -0.040311 0.314159
vt -0.040311 0.000000
vt 0.040311 0.000000
vt 0.040311 -0.628319
vt -0.040311 -0.628319
vt -0.040311 0.314159
vt 0.040311 0.314159
vt -0.040311 0.628319
vt 0.040311 0.628319
vt -0.040311 0.942478
vt 0.040311 0.942478
vt 0.040311 1.256637
vt -0.040311 1.256637
vt 0.040311 0.000000
vt -0.040311 0.000000
vt -0.040311 -1.535890
vt 0.040311 -1.535890
vt 0.040311 -1.151917
vt -0.040311 -1.151917
vt -0.040311 -1.256637
vt 0.040311 -1.256637
vt 0.040311 -0.942478
vt -0.040311 -0.942478
vt -0.040311 0.628319
vt 0.040311 0.628319
vt -0.040311 0.767945
vt 0.040311 0.767945
vt 0.040311 1.151917
vt -0.040311 1.151917
vt -0.040311 -1.151917
vt 0.040311 -1.151917
vt -0.040311 -1.535890
vt 0.040311 -1.535890
vt -0.040311 1.535890
vt 0.040311 1.535890
vt 0.040311 1.919862
vt -0.040311 1.919862
vt -0.040311 -0.314159
vt 0.040311 -0.314159
vt -0.040000 1.424189
vt 0.040000 1.424189
vt -0.052500 0.370010
vt 0.052500 0.370010
vt 0.052500 0.740020
vt -0.052500 0.740020
vt -0.040311 0.383972
vt 0.040311 0.383972
vt 0.462860 -0.318385
vt 0.346410 -0.600000
vt 0.136808 -0.775877
vt -0.136808 -0.775877
vt -0.346410 -0.600000
vt -0.393923 -0.330541
vt -0.462860 -0.318385
vt -0.407032 -0.635000
vt -0.160749 -0.841656
vt 0.160749 -0.841656
vt 0.407032 -0.635000
vt 0.052500 1.850049
vt -0.052500 1.850049
vt -0.040000 0.474730
vt 0.040000 0.474730
vt 0.040000 0.949459
vt -0.040000 0.949459
vt 0.052500 -0.370010
vt -0.052500 -0.370010
vt -0.040311 -0.942478
vt 0.040311 -0.942478
vt 0.052500 -0.328122
vt -0.052500 -0.328122
vt -0.135000 0.418879
vt 0.135000 0.418879
vt 0.040000 2.373648
vt -0.040000 2.373648
vt -0.175000 -1.117011
vt 0.175000 -1.117011
vt 0.052500 0.000000
vt -0.052500 0.000000
vt -0.040311 -1.151917
vt 0.040311 -1.151917
vt -0.052500 0.984366
vt 0.052500 0.984366
vt 0.519615 -0.980000
vt 0.205212 -1.243816
vt -0.205212 -1.243816
vt 0.232574 -1.318991
vt 0.588897 -1.020000
vt 0.669669 -0.561919
vt 0.437096 -0.159090
vt 0.000000 0.000000
vt -0.437096 -0.159090
vt -0.669669 -0.561919
vt -0.588897 -1.020000
vt -0.519615 -0.980000
vt -0.590885 -0.575811
vt -0.385673 -0.220373
vt 0.000000 -0.080000
vt 0.385673 -0.220373
vt 0.590885 -0.575811
vt -0.232574 -1.318991
vt -0.052500 1.312488
vt 0.052500 1.312488
vt 0.052500 1.640609
vt -0.052500 1.640609
vt -0.052500 -1.110029
vt 0.052500 -1.110029
vt -0.040000 0.000000
vt 0.040000 0.000000
vt -0.052500 0.984366
vt 0.052500 0.984366
vt -0.040311 -0.383972
vt 0.040311 -0.383972
vt -0.040311 0.000000
vt 0.040311 0.000000
vt -0.040311 -0.767945
vt 0.040311 -0.767945
vt 0.040311 -0.383972
vt -0.040311 -0.383972
vt -0.040311 -0.628319
vt 0.040311 -0.628319
vt 0.040311 -0.314159
vt -0.040311 -0.314159
vt -0.040311 -0.767945
vt 0.040311 -0.767945
vt 0.040311 -0.628319
vt -0.040311 -0.628319
vt 0.040311 0.000000
vt -0.040311 0.000000
vt -0.040311 1.535890
vt 0.040311 1.535890
vt 0.040311 1.919862
vt -0.040311 1.919862
vt 0.040311 -0.314159
vt -0.040311 -0.314159
vt 0.040311 1.535890
vt -0.040311 1.535890
vt 0.302110 -0.109959
vt 0.000000 0.000000
vt -0.257115 -0.163582
vt 0.000000 -0.070000
vt 0.257115 -0.163582
vt 0.393923 -0.400541
vt -0.302110 -0.109959
vt -0.462860 -0.388385
vt -0.407032 -0.705000
vt -0.160749 -0.911656
vt 0.160749 -0.911656
vt 0.407032 -0.705000
vt 0.462860 -0.388385
vt 0.346410 -0.670000
vt 0.136808 -0.845877
vt -0.136808 -0.845877
vt -0.346410 -0.670000
vt -0.393923 -0.400541
vt -0.052500 -0.656244
vt 0.052500 -0.656244
vt 0.052500 -0.328122
vt -0.052500 -0.328122
vt -0.040311 0.314159
vt 0.040311 0.314159
vt -0.040311 -1.535890
vt 0.040311 -1.535890
vt 0.040311 -1.151917
vt -0.040311 -1.151917
vt 0.588897 -0.870000
vt 0.669669 -0.411919
vt 0.521948 -0.437966
vt 0.458993 -0.795000
vt -0.052500 -1.312488
vt 0.052500 -1.312488
vt -0.040311 -1.256637
vt 0.040311 -1.256637
vt -0.040311 0.000000
vt 0.040311 0.000000
vt -0.040000 -0.949459
vt 0.040000 -0.949459
vt 0.040000 -0.474730
vt -0.040000 -0.474730
vt 0.462860 -0.318385
vt 0.302110 -0.039959
vt 0.393923 -0.330541
vt 0.346410 -0.600000
vt 0.160749 -0.841656
vt 0.407032 -0.635000
vt 0.136808 -0.775877
vt -0.136808 -0.775877
vt -0.346410 -0.600000
vt -0.393923 -0.330541
vt -0.257115 -0.093582
vt 0.000000 0.000000
vt 0.257115 -0.093582
vt 0.000000 0.070000
vt -0.302110 -0.039959
vt -0.462860 -0.318385
vt -0.407032 -0.635000
vt -0.160749 -0.841656
vt -0.052500 -1.312488
vt 0.052500 -1.312488
vt -0.040000 -0.474730
vt 0.040000 -0.474730
vt 0.521948 -0.507966
vt 0.519615 -0.900000
vt 0.590885 -0.495811
vt 0.385673 -0.140373
vt 0.000000 0.000000
vt -0.385673 -0.140373
vt -0.590885 -0.495811
vt -0.519615 -0.900000
vt -0.205212 -1.163816
vt 0.205212 -1.163816
vt 0.181271 -1.098037
vt -0.181271 -1.098037
vt -0.458993 -0.865000
vt -0.521948 -0.507966
vt -0.340677 -0.193996
vt 0.000000 -0.070000
vt 0.340677 -0.193996
vt -0.040311 0.383972
vt 0.040311 0.383972
vt 0.458993 -0.865000
vt 0.040000 -0.949459
vt -0.040000 -0.949459
vt 0.385673 -0.220373
vt 0.669669 -0.561919
vt 0.437096 -0.159090
vt 0.000000 0.000000
vt -0.437096 -0.159090
vt -0.385673 -0.220373
vt 0.000000 -0.080000
vt -0.040311 -1.256637
vt 0.040311 -1.256637
vt 0.040311 -0.942478
vt -0.040311 -0.942478
vt -0.232574 -1.168991
vt 0.232574 -1.168991
vt 0.181271 -1.028037
vt -0.181271 -1.028037
vt -0.458993 -0.795000
vt -0.521948 -0.437966
vt -0.340677 -0.123996
vt 0.000000 0.000000
vt 0.340677 -0.123996
vt 0.437096 -0.009090
vt 0.000000 0.150000
vt -0.437096 -0.009090
vt -0.669669 -0.411919
vt -0.588897 -0.870000
vt -0.052500 -1.480039
vt 0.052500 -1.480039
vt 0.052500 1.110029
vt -0.052500 1.110029
vt 0.175000 1.396263
vt -0.175000 1.396263
vt 0.040311 0.000000
vt -0.040311 0.000000
vt -0.040311 -1.535890
vt 0.040311 -1.535890
vt 0.052500 1.480039
vt -0.052500 1.480039
vt 0.040311 1.919862
vt -0.040311 1.919862
vt 0.040311 1.919862
vt -0.040311 1.919862
vt -0.052500 -1.480039
vt 0.052500 -1.480039
vt 0.052500 1.850049
vt -0.052500 1.850049
vt 0.040311 1.570796
vt -0.040311 1.570796
vn 0.6910 -0.0000 -0.7228
vn -0.7034 0.0000 -0.7108
vn 0.7005 0.0000 -0.7137
vn -0.7005 -0.0000 -0.7137
vn 0.7005 0.0002 -0.7137
vn 0.7082 -0.0001 0.7060
vn 0.7082 0.0000 0.7060
vn 0.7038 -0.0002 0.7104
vn 0.7038 0.0000 0.7104
vn 0.0000 -1.0000 -0.0000
vn -0.7058 -0.0000 0.7084
vn -0.0000 0.0000 1.0000
vn -0.7190 0.0000 -0.6950
vn -0.6663 0.1440 -0.7317
vn -0.9841 0.1776 0.0093
vn -0.9961 0.0879 -0.0070
vn -0.9961 0.0880 -0.0009
vn -0.8253 0.1552 0.5430
vn 0.7238 0.0000 0.6900
vn 0.7238 0.0003 0.6900
vn 0.7084 0.0000 0.7058
vn -0.0000 1.0000 0.0000
vn 0.7107 0.0000 0.7034
vn 0.7107 0.0001 0.7034
vn -0.7228 -0.0000 0.6910
vn -0.7228 -0.0003 0.6910
vn -0.7024 -0.0000 -0.7117
vn 0.6865 0.0000 -0.7271
vn -0.7025 0.0001 -0.7117
vn -0.7075 0.0000 0.7067
vn -0.9798 0.0001 0.2001
vn -0.9798 0.0000 0.2001
vn -0.7018 -0.0001 -0.7124
vn -0.7103 0.0000 -0.7039
vn -0.7103 0.0001 -0.7039
vn -0.7018 0.0000 -0.7124
vn 0.7058 -0.0000 0.7084
vn 0.7144 0.0000 0.6997
vn 0.7103 0.0000 -0.7039
vn 0.7145 -0.0002 0.6997
vn -0.6987 -0.0000 -0.7154
vn 0.6903 -0.0002 -0.7235
vn 0.6903 0.0000 -0.7235
vn -0.6987 0.0001 -0.7154
vn 1.0000 0.0000 0.0000
vn 1.0000 0.0000 0.0021
vn 1.0000 0.0000 -0.0010
vn 0.7083 0.0000 -0.7059
vn 0.7061 0.0000 0.7082
vn -0.7145 -0.0002 0.6997
vn -0.7061 0.0000 0.7082
vn -0.7144 0.0000 0.6997
vn 0.7103 -0.0001 -0.7039
vn 0.7018 0.0000 -0.7124
vn -0.7058 0.0969 -0.7018
vn -0.6894 0.1785 -0.7020
vn -0.7333 0.0967 -0.6730
vn 0.7163 0.0000 0.6978
vn -0.7146 0.0000 0.6995
vn -0.6990 0.0000 0.7151
vn -0.6990 0.0001 0.7151
vn -0.7092 0.0000 0.7050
vn -0.7071 0.0001 0.7071
vn -0.7024 -0.0000 0.7118
vn -0.7071 -0.0001 0.7071
vn 0.7223 0.0000 -0.6916
vn 0.7113 -0.0000 0.7029
vn 0.6955 -0.0000 0.7185
vn -0.7101 0.0000 0.7041
vn -0.7038 -0.0000 0.7103
vn 0.6926 0.0000 0.7214
vn 0.6926 -0.0004 0.7214
vn -0.7005 -0.0000 -0.7136
vn 0.6940 -0.0003 -0.7200
vn 0.6940 0.0000 -0.7200
vn 0.7059 0.0000 -0.7083
vn 0.7060 0.0000 -0.7083
vn -0.7005 -0.0001 -0.7137
vn -0.7077 -0.0000 0.7065
vn 0.7111 0.0000 -0.7031
vn 0.7005 0.0001 -0.7137
vn -0.7005 0.0002 -0.7137
vn -0.7111 -0.0000 -0.7031
vn 0.7080 -0.0000 0.7062
vn 0.7007 0.0000 0.7135
vn 0.7007 0.0002 0.7135
vn -0.7072 0.0000 0.7070
vn -0.6965 0.0000 0.7176
vn -0.7163 -0.0001 0.6978
vn -0.7163 -0.0000 0.6978
vn -0.7111 0.0001 -0.7031
vn 0.7068 0.0000 -0.7074
vn 0.7105 0.0000 -0.7037
vn 0.7283 0.0000 0.6853
vn -0.7018 0.0003 -0.7124
vn 0.7111 -0.0001 -0.7031
vn -0.9961 -0.0880 -0.0021
vn -0.9961 -0.0879 -0.0058
vn -0.6990 0.0002 0.7151
vn -0.7117 0.0001 -0.7025
vn -0.7044 -0.0000 -0.7098
vn -0.7117 -0.0000 -0.7025
vn -0.7049 -0.0000 0.7093
vn -0.7093 -0.0000 0.7050
vn -0.7203 -0.0000 0.6937
vn -0.7186 -0.0000 -0.6954
vn -0.6900 -0.0000 -0.7238
vn -0.7058 -0.0000 -0.7084
vn -0.7100 -0.0000 0.7042
vn -0.7071 0.0000 0.7071
vn -0.6916 -0.0000 0.7223
vn -0.7029 -0.0000 -0.7113
vn -0.7029 0.0001 -0.7113
vn -0.7032 -0.0000 0.7110
vn -0.7054 -0.0000 -0.7088
vn 0.7019 0.0000 0.7123
vn 0.7145 0.0002 0.6997
vn 0.6926 -0.0003 0.7214
vn -0.7042 0.0000 0.7101
vn -0.7071 0.0002 0.7071
vn -0.7060 -0.0000 -0.7082
vn 0.7027 0.0000 -0.7115
vn 0.7027 0.0003 -0.7115
vn -0.7163 0.0002 0.6978
vn -0.7145 -0.0000 0.6997
vn -0.7074 -0.0000 0.7068
vn 0.7124 0.0001 0.7018
vn 0.6923 0.0000 0.7216
vn 0.7124 0.0000 0.7018
vn 0.7019 -0.0002 -0.7123
vn 0.7019 0.0000 -0.7123
vn 0.6989 -0.0000 0.7152
vn -0.7043 -0.0000 0.7100
vn -0.7063 0.0000 -0.7079
vn 0.7136 0.0000 0.7005
vn -0.7200 -0.0000 0.6940
vn 0.7265 0.0000 -0.6872
vn 0.7077 0.0000 0.7065
vn 0.7032 0.0000 0.7110
vn -0.7080 -0.0000 0.7062
vn -0.7163 0.0004 0.6978
vn -0.7005 -0.0001 0.7137
vn -0.7005 -0.0000 0.7137
vn -0.7231 -0.0000 -0.6908
vn -0.7097 -0.0000 -0.7046
vn -0.7128 -0.0646 -0.6983
vn -0.6903 -0.0642 -0.7207
vn -0.7225 -0.0000 -0.6913
vn 0.7123 0.0002 -0.7019
vn 0.7123 0.0000 -0.7019
vn 0.6966 0.0000 -0.7175
vn 0.6965 -0.0000 -0.7175
vn -0.7106 -0.0002 0.7036
vn 0.7057 0.0000 -0.7085
vn 0.7049 0.0000 0.7093
vn 0.7057 -0.0001 -0.7085
vn 0.7163 0.0002 0.6978
vn 0.7038 0.0000 -0.7104
vn 0.7053 0.0000 -0.7089
vn 0.7058 -0.0001 0.7084
vn -0.7105 -0.0000 -0.7037
vn 0.7078 0.0000 0.7064
vn 0.7078 -0.0001 0.7064
vn -0.7111 0.0002 -0.7031
vn -0.7167 -0.0000 0.6974
vn -0.7222 -0.0000 -0.6917
vn -0.7146 -0.0003 0.6995
vn -0.7043 0.0000 -0.7099
vn -0.7043 0.0001 -0.7099
vn -0.7150 0.0000 -0.6992
vn -0.7212 -0.0000 -0.6927
vn -0.6963 0.0000 -0.7178
vn 0.2603 -0.0001 -0.9655
vn 0.7070 0.0000 -0.7072
vn 0.7018 0.0001 -0.7124
vn -0.7145 0.0002 0.6997
vn 0.7054 -0.0001 -0.7088
vn 0.7099 0.0000 -0.7043
vn 0.7054 0.0000 -0.7088
vn -0.7145 -0.0003 0.6997
vn 0.7103 0.0001 -0.7039
vn 0.7018 0.0002 -0.7124
vn 0.7087 -0.0000 0.7055
vn -0.7099 -0.0000 -0.7043
vn 0.7117 0.0000 -0.7025
vn 0.7117 -0.0003 -0.7025
vn 0.7125 0.0000 -0.7016
vn 0.6886 0.0000 0.7252
vn -0.7019 -0.0000 0.7123
vn -0.7019 -0.0000 0.7122
vn -0.7175 -0.0000 0.6966
vn -0.7185 0.0002 -0.6956
vn -0.7185 -0.0000 -0.6956
vn 0.7086 -0.0001 -0.7056
vn 0.7086 0.0000 -0.7056
vn 0.7044 0.0001 -0.7098
vn 0.7044 -0.0000 -0.7098
vn 0.7115 0.0000 -0.7027
vn 0.7115 0.0003 -0.7027
vn 0.7152 0.0000 -0.6990
vn 0.6995 0.0000 -0.7146
vn -0.7213 0.0000 -0.6926
vn -0.7161 -0.0000 -0.6980
vn -0.7092 -0.0000 -0.7050
vn 0.6980 -0.0000 0.7161
vn 0.6980 -0.0002 0.7161
vn 0.6950 0.0000 0.7190
vn 0.6950 0.0004 0.7190
vn -0.6967 -0.0000 0.7173
vn -0.7075 0.0000 -0.7067
vn -0.9841 -0.1776 0.0093
vn 0.7097 0.0000 0.7045
vn -0.7178 -0.0003 0.6962
vn -0.7178 0.0000 0.6962
vn -0.7116 0.0419 -0.7014
vn -0.7269 0.0423 -0.6855
vn 0.7061 -0.0001 0.7082
vn 0.2663 0.0533 -0.9624
vn -0.6905 0.0560 -0.7212
vn 0.7098 -0.0000 -0.7045
vn -0.7045 -0.0000 0.7097
vn 0.7068 0.0000 -0.7075
vn -0.7161 0.0001 -0.6980
vn -0.7007 -0.0002 0.7135
vn -0.7007 -0.0000 0.7135
vn -0.7089 0.0882 -0.6998
vn 0.7031 0.0000 0.7111
vn 0.7070 0.0000 0.7072
vn -0.7102 0.0000 0.7040
vn -0.7088 -0.0000 -0.7054
vn -0.7088 0.0001 -0.7054
vn -0.7063 -0.0000 0.7079
vn -0.5751 -0.5769 -0.5800
vn -0.5744 -0.5768 -0.5809
vn -0.5809 -0.5762 -0.5749
vn -0.5800 -0.5765 -0.5755
vn 0.7028 0.0000 0.7114
vn 0.7028 0.0002 0.7114
vn 0.7123 0.0000 0.7018
vn 0.7123 0.0001 0.7018
vn -0.7032 -0.0000 -0.7110
vn -0.7106 -0.0000 -0.7036
vn -0.7035 -0.0000 -0.7107
vn 0.7024 -0.0000 -0.7118
vn 0.7024 0.0001 -0.7118
vn -0.6979 0.0000 -0.7162
vn -0.6979 0.0001 -0.7162
vn 0.7109 0.0000 0.7033
vn 0.7082 0.0000 -0.7060
vn -0.5743 -0.5767 -0.5811
vn -0.5751 -0.5768 -0.5801
vn 0.5743 -0.5770 -0.5807
vn 0.5732 -0.5769 -0.5818
vn -0.7062 -0.0000 0.7080
vn 0.7108 0.0000 0.7034
vn 0.7069 0.0000 0.7073
vn 0.7023 -0.0000 -0.7119
vn 0.7023 0.0002 -0.7119
vn -0.7036 -0.0000 -0.7106
vn -0.7050 -0.0000 -0.7092
vn 0.7043 0.0000 -0.7099
vn -0.7051 -0.0000 -0.7091
vn -0.7051 -0.0001 -0.7091
vn -0.7089 -0.0002 -0.7053
vn -0.7089 -0.0000 -0.7053
vn -0.7076 -0.0000 0.7066
vn 0.7001 0.0000 0.7140
vn 0.7001 0.0003 0.7140
vn -0.7058 -0.0000 0.7085
vn -0.7140 0.0002 0.7001
vn -0.7140 0.0000 0.7001
vn 0.7122 -0.0001 0.7020
vn 0.7122 0.0000 0.7020
vn -0.7057 0.0003 0.7085
vn -0.7057 -0.0000 0.7085
vn 0.7061 0.0000 0.7081
vn 0.7067 0.0000 -0.7075
vn -0.7052 0.0000 -0.7090
vn -0.6977 0.0003 -0.7164
vn -0.6977 0.0000 -0.7164
vn -0.7044 0.0000 0.7098
vn -0.5808 -0.5763 -0.5750
vn -0.5799 -0.5765 -0.5756
vn 0.7001 0.0006 0.7140
vn 0.7068 0.0000 0.7074
vn -0.7124 0.0000 0.7018
vn -0.7124 -0.0003 0.7018
vn -0.7101 0.0000 -0.7041
vn -0.7129 0.0000 0.7012
vn -0.7129 -0.0004 0.7012
vn 0.7026 0.0000 0.7116
vn 0.7026 -0.0003 0.7116
vn 0.7086 -0.0002 -0.7056
vn 0.7080 0.0000 0.7063
vn 0.7092 -0.0001 -0.7050
vn 0.7092 0.0000 -0.7050
vn -0.7169 0.0000 -0.6972
vn -0.7070 -0.0000 -0.7072
vn 0.7002 0.0002 0.7139
vn 0.7002 0.0000 0.7139
vn -0.7058 0.0002 0.7084
vn 0.5784 -0.5787 -0.5750
vn 0.5782 -0.5783 -0.5756
vn 0.5719 -0.5778 -0.5823
vn 0.5705 -0.5779 -0.5836
vn -0.5818 -0.5777 0.5725
vn -0.5830 -0.5779 0.5711
vn 0.5810 -0.5787 0.5723
vn 0.5803 -0.5784 0.5733
vn -0.7051 0.0002 -0.7091
vn -0.5768 0.5767 0.5786
vn -0.5766 0.5763 0.5791
vn -0.5822 0.5772 0.5726
vn -0.5810 0.5772 0.5738
vn 0.6992 0.0000 0.7149
vn 0.6992 0.0003 0.7149
vn -0.7056 -0.0000 0.7086
vn -0.5799 0.5765 -0.5757
vn -0.5807 0.5763 -0.5751
vn -0.5743 0.5767 -0.5810
vn -0.5751 0.5769 -0.5801
vn 0.7136 -0.0000 0.7006
vn -0.7043 0.0001 0.7100
vn 0.6994 0.0000 -0.7147
vn -0.6977 0.0002 -0.7164
vn 0.5815 0.5777 0.5727
vn 0.5830 0.5778 0.5713
vn 0.5778 0.5760 0.5783
vn 0.5777 0.5763 0.5780
vn 0.5786 0.5787 -0.5748
vn 0.5783 0.5784 -0.5754
vn -0.5841 0.5769 -0.5710
vn -0.5859 0.5768 -0.5692
vn -0.7077 -0.0000 0.7066
vn 0.7136 0.0002 0.7006
vn 0.7090 0.0000 -0.7052
vn -0.7074 -0.0000 -0.7068
vn -0.7123 -0.0004 0.7019
vn -0.7123 0.0000 0.7019
vn -0.7056 -0.0001 0.7086
vn -0.7169 -0.0003 -0.6972
vn -0.7101 -0.0002 0.7041
vn -0.5861 0.5767 -0.5690
vn -0.5842 0.5769 -0.5709
vn -0.5770 0.5788 -0.5763
vn -0.5769 0.5791 -0.5760
vn -0.5743 0.5787 0.5790
vn -0.5750 0.5784 0.5786
vn -0.5818 0.5777 0.5725
vn -0.5830 0.5779 0.5711
vn -0.5766 -0.5764 0.5790
vn -0.5768 -0.5766 0.5786
vn -0.5810 -0.5773 0.5738
vn -0.5823 -0.5772 0.5726
vn -0.7071 -0.0000 -0.7072
vn -0.7056 0.0001 0.7086
vn -0.5714 -0.5770 -0.5836
vn -0.5696 -0.5769 -0.5854
vn -0.5743 -0.5787 0.5790
vn -0.5750 -0.5785 0.5786
vn -0.7123 -0.0002 0.7019
vn 0.7091 0.0001 -0.7051
vn 0.7091 0.0000 -0.7051
vn 0.7068 0.0000 0.7075
vn 0.7091 -0.0001 -0.7051
vn -0.7102 0.0000 -0.7040
vn -0.5764 0.5764 0.5792
vn -0.5766 0.5767 0.5787
vn 0.5725 0.5777 0.5818
vn 0.5709 0.5777 0.5834
vn -0.7102 0.0001 -0.7040
vn 0.5783 -0.5784 -0.5754
vn 0.5785 -0.5787 -0.5748
vn -0.5859 -0.5768 -0.5692
vn -0.5841 -0.5770 -0.5709
vn 0.6996 0.0000 -0.7145
vn 0.7086 0.0000 -0.7057
vn -0.7138 -0.0002 0.7003
vn -0.7138 -0.0000 0.7003
vn 0.5742 -0.5769 -0.5809
vn 0.5731 -0.5767 -0.5822
vn -0.7030 -0.0000 -0.7112
vn -0.7138 0.0002 0.7003
vn -0.7131 0.0000 0.7011
vn -0.7131 -0.0002 0.7011
vn -0.7105 0.0001 -0.7037
vn 0.7092 0.0001 -0.7050
vn -0.7171 0.0000 -0.6970
vn -0.7171 -0.0003 -0.6970
vn 0.7083 0.0001 -0.7059
vn 0.5829 -0.5777 0.5714
vn 0.5815 -0.5777 0.5729
vn 0.5778 -0.5763 0.5780
vn 0.5779 -0.5760 0.5782
vn 0.5790 -0.5767 -0.5763
vn 0.5796 -0.5764 -0.5760
vn 0.5725 0.5774 0.5821
vn 0.5707 0.5775 0.5837
vn 0.5791 -0.5765 -0.5765
vn 0.5796 -0.5763 -0.5761
vn 0.5732 0.5767 -0.5821
vn 0.5743 0.5769 -0.5809
vn -0.5752 0.5769 -0.5799
vn -0.5745 0.5767 -0.5808
vn -0.5766 -0.5791 -0.5763
vn -0.5768 -0.5787 -0.5765
vn 0.5805 0.5785 0.5730
vn 0.5813 0.5787 0.5720
vn -0.5830 0.5777 0.5713
vn -0.5817 0.5776 0.5727
vn -0.5822 -0.5771 0.5727
vn -0.5809 -0.5773 0.5738
vn 0.5797 0.5762 -0.5761
vn 0.5791 0.5766 -0.5764
vn 0.5782 0.5783 -0.5755
vn 0.5785 0.5786 -0.5750
vn 0.5704 0.5779 -0.5837
vn 0.5718 0.5778 -0.5824
vn 0.5719 -0.5779 -0.5822
vn 0.5706 -0.5780 -0.5834
vn 0.5742 -0.5778 0.5800
vn 0.5732 -0.5781 0.5808
vn 0.5812 0.5786 0.5722
vn 0.5804 0.5784 0.5732
vn 0.5741 0.5778 0.5801
vn 0.5730 0.5780 0.5810
vn 0.5725 -0.5776 0.5819
vn 0.5709 -0.5778 0.5833
vn 0.7017 -0.0000 -0.7125
vn 0.7017 -0.0003 -0.7125
vn -0.5696 0.5769 -0.5855
vn -0.5713 0.5770 -0.5837
vn 0.7144 0.0000 0.6998
vn -0.5820 0.5772 0.5728
vn -0.5809 0.5772 0.5739
vn 0.7134 0.0000 0.7007
vn 0.7134 0.0002 0.7007
vn 0.7030 0.0000 0.7111
vn 0.7030 0.0003 0.7111
vn 0.5705 0.5779 -0.5836
vn 0.5719 0.5778 -0.5823
vn 0.6996 -0.0003 -0.7145
vn -0.7124 -0.0001 0.7018
vn -0.5714 0.5770 -0.5836
vn -0.5697 0.5769 -0.5853
vn 0.5774 0.5769 0.5777
vn 0.5775 0.5766 0.5779
vn -0.5741 -0.5790 0.5790
vn -0.5747 -0.5787 0.5786
vn -0.5715 -0.5770 -0.5835
vn -0.5698 -0.5770 -0.5852
vn 0.5790 0.5767 -0.5764
vn 0.5795 0.5765 -0.5760
vn 0.5833 0.5771 0.5716
vn 0.5818 0.5771 0.5731
vn -0.5746 0.5787 0.5787
vn -0.5740 0.5790 0.5791
vn -0.5765 -0.5764 0.5791
vn -0.5767 -0.5767 0.5787
vn -0.5769 -0.5788 -0.5764
vn -0.5768 -0.5791 -0.5761
vn 0.5741 0.5779 0.5800
vn 0.5731 0.5781 0.5808
vn 0.5818 -0.5772 0.5730
vn 0.5834 -0.5772 0.5714
vn 0.5742 -0.5779 0.5799
vn 0.5732 -0.5782 0.5806
vn 0.7134 0.0005 0.7007
vn 0.5709 -0.5774 0.5836
vn 0.5726 -0.5774 0.5820
vn 0.5811 -0.5787 0.5721
vn 0.5804 -0.5785 0.5731
vn -0.5816 -0.5776 0.5728
vn -0.5828 -0.5777 0.5714
vn -0.5808 0.5762 -0.5750
vn -0.5800 0.5764 -0.5756
vn -0.5767 0.5791 -0.5762
vn -0.5768 0.5788 -0.5764
vn -0.7054 0.0000 0.7088
vn 0.6994 0.0000 0.7147
vn 0.7142 -0.0002 0.6999
vn 0.7142 -0.0000 0.6999
vn -0.5862 -0.5767 -0.5691
vn -0.5843 -0.5769 -0.5709
vn 0.7093 -0.0000 -0.7049
vn 0.5732 0.5769 -0.5818
vn 0.5743 0.5771 -0.5807
vn 0.7123 -0.0001 0.7018
vn 0.5773 -0.5769 0.5779
vn 0.5774 -0.5766 0.5781
usemtl 64,64,64.007
s 1
f 286/1/1 276/2/1 277/3/2 285/4/2
f 68/5/3 67/6/4 183/7/4 184/8/5
f 826/9/6 814/10/7 815/11/8 825/12/9
f 486/13/10 455/14/10 454/15/10 475/16/10
f 73/17/11 72/18/12 188/19/12 189/20/11
f 285/21/2 277/22/2 278/23/13 284/24/13
f 391/25/14 392/26/15 395/27/16 396/28/17 393/29/18
f 345/30/19 361/31/20 353/32/21 344/33/21
f 85/34/22 86/35/22 45/36/22 46/37/22 47/38/22
f 313/39/23 304/40/24 303/41/25 312/42/26
f 122/43/22 123/44/22 124/45/22 125/46/22 8/47/22 3/48/22 113/49/22 114/50/22 115/51/22 116/52/22 108/53/22 109/54/22 110/55/22 111/56/22 92/57/22 35/58/22 27/59/22 28/60/22 29/61/22 30/62/22 31/63/22 32/64/22 33/65/22 34/66/22 93/67/22 94/68/22 95/69/22 44/70/22 36/71/22 37/72/22 38/73/22 39/74/22 40/75/22 41/76/22 42/77/22 43/78/22 83/79/22 84/80/22 85/34/22 47/38/22 48/81/22 49/82/22 50/83/22 51/84/22 52/85/22 53/86/22 45/36/22 86/35/22 87/87/22 88/88/22 89/89/22 81/90/22 102/91/22 103/92/22 104/93/22 105/94/22 106/95/22 107/96/22 99/97/22 100/98/22 2/99/22 79/100/22 80/101/22 72/102/22 73/103/22 74/104/22 75/105/22 76/106/22 55/107/22 56/108/22 57/109/22 58/110/22 59/111/22 60/112/22 61/113/22 62/114/22 66/115/22 67/116/22 68/117/22 69/118/22 70/119/22 126/120/22 127/121/22 128/122/22 129/123/22 130/124/22 17/125/22 16/126/22 15/127/22 14/128/22 117/129/22 118/130/22 119/131/22 120/132/22 121/133/22 25/134/22 26/135/22 18/136/22 19/137/22 20/138/22 21/139/22 22/140/22
f 1/141/22 126/120/22 70/119/22 71/142/22 63/143/22 64/144/22 65/145/22 66/115/22 62/114/22 54/146/22 55/107/22 76/106/22 77/147/22 78/148/22 79/100/22 2/99/22
f 295/149/27 294/150/28 268/151/28 267/152/29
f 121/153/30 120/154/31 243/155/32 244/156/30
f 22/157/33 21/158/34 137/159/35 138/160/36
f 54/161/12 62/162/37 178/163/37 170/164/12
f 412/165/38 411/166/39 454/167/39 455/168/40
f 366/169/41 365/170/42 341/171/43 340/172/44
f 482/173/7 483/174/45 445/175/46 444/176/7
f 50/177/3 49/178/4 165/179/4 166/180/3
f 397/181/47 398/182/48 403/183/48 404/184/45
f 18/185/12 26/186/49 142/187/49 134/188/12
f 20/189/50 19/190/51 135/191/51 136/192/52
f 406/193/51 405/194/12 448/195/12 449/196/51
f 114/197/53 113/198/54 229/199/54 230/200/39
f 389/201/55 390/202/56 391/25/14 393/29/18 394/203/57
f 98/204/37 97/205/58 213/206/58 214/207/37
f 95/69/22 96/208/22 97/209/22 98/210/22 90/211/22 91/212/22 92/57/22 111/56/22 112/213/22 113/49/22 3/48/22 2/99/22 100/98/22 101/214/22 102/91/22 81/90/22 82/215/22 83/79/22 43/78/22 44/70/22
f 108/216/12 116/217/49 232/218/49 224/219/12
f 283/220/59 279/221/59 280/222/60 282/223/61
f 124/224/62 235/225/63 236/226/64 125/227/65
f 256/228/66 252/229/66 253/230/67 255/231/67
f 100/232/11 99/233/12 215/234/12 216/235/11
f 282/223/61 280/222/60 272/236/68 281/237/68
f 413/238/49 412/165/38 455/168/40 456/239/49
f 237/240/69 238/241/70 127/242/70 126/243/69
f 318/244/71 334/245/72 326/246/21 317/247/21
f 330/248/73 322/249/73 323/250/74 329/251/75
f 479/252/69 480/253/70 442/254/70 441/255/69
f 11/256/48 12/257/76 15/258/77 16/259/48
f 227/260/10 207/261/10 206/262/10 214/263/10 213/264/10 212/265/10 211/266/10 210/267/10 150/268/10 149/269/10 148/270/10 154/271/10 153/272/10 152/273/10 160/274/10 159/275/10 158/276/10 157/277/10 156/278/10 240/279/10 239/280/10 238/281/10 168/282/10 167/283/10 166/284/10 165/285/10 164/286/10 163/287/10 162/288/10 201/289/10 200/290/10 199/291/10 198/292/10 197/293/10 219/294/10 218/295/10 217/296/10 216/297/10 6/298/10 5/299/10 4/300/10 231/301/10 230/302/10 229/303/10 228/304/10
f 59/305/3 58/306/78 174/307/4 175/308/3
f 82/309/79 81/310/12 197/311/12 198/312/79
f 42/313/80 41/314/3 157/315/81 158/316/80
f 103/317/82 102/318/83 218/319/83 219/320/4
f 422/321/84 421/322/85 464/323/86 465/324/84
f 792/325/87 776/326/87 777/327/88 791/328/88
f 34/329/58 33/330/80 149/331/80 150/332/58
f 48/333/83 47/334/89 163/335/90 164/336/83
f 10/337/47 11/256/48 16/259/48 17/338/45
f 31/339/4 30/340/83 146/341/91 147/342/4
f 287/343/92 275/344/92 276/2/1 286/1/1
f 364/345/93 363/346/94 343/347/94 342/348/93
f 113/198/54 112/349/95 228/350/36 229/199/54
f 96/351/96 95/352/3 211/353/81 212/354/80
f 8/355/97 125/227/65 236/226/64 9/356/98
f 246/357/99 262/358/60 254/359/68 245/360/68
f 418/361/100 417/362/101 460/363/101 461/364/102
f 284/24/13 278/23/13 279/221/59 283/220/59
f 51/365/96 50/177/3 166/180/3 167/366/80
f 824/367/103 816/368/103 817/369/104 823/370/104
f 414/371/12 422/321/84 465/324/84 457/372/12
f 368/373/105 367/374/106 339/375/106 338/376/105
f 76/377/4 75/378/83 191/379/91 192/380/4
f 381/381/107 372/382/107 371/383/108 380/384/108
f 91/385/11 90/386/12 206/387/12 207/388/11
f 802/389/109 803/390/110 794/391/110 793/392/109
f 310/393/111 301/394/111 300/395/112 309/396/113
f 45/397/12 53/398/37 169/399/37 161/400/12
f 825/12/9 815/11/8 816/401/103 824/402/103
f 83/403/114 82/309/79 198/312/79 199/404/114
f 84/405/115 83/403/114 199/404/114 200/406/115
f 405/407/12 413/238/49 456/239/49 448/408/12
f 55/409/11 54/410/12 170/411/12 171/412/11
f 480/253/70 481/413/116 443/414/116 442/254/70
f 115/415/38 114/197/53 230/200/39 231/416/117
f 208/417/10 207/261/10 227/260/10 226/418/10 225/419/10 224/420/10 232/421/10 231/301/10 4/300/10 9/422/10 236/423/10 235/424/10 234/425/10 233/426/10 139/427/10 138/428/10 137/429/10 132/430/10 131/431/10 13/432/10 12/433/10 11/434/10 10/435/10 241/436/10 240/279/10 156/278/10 155/437/10 154/271/10 148/270/10 147/438/10 146/439/10 145/440/10 144/441/10 143/442/10 151/443/10 150/268/10 210/267/10 209/444/10
f 26/186/49 25/445/38 141/446/117 142/187/49
f 354/447/71 352/448/118 344/33/21 353/32/21
f 122/449/119 121/153/30 244/156/30 233/450/120
f 821/451/121 819/452/121 811/453/122 820/454/123
f 47/334/89 46/455/11 162/456/11 163/335/90
f 257/457/92 251/458/92 252/229/66 256/228/66
f 101/459/124 100/232/11 216/235/11 217/460/90
f 79/461/58 78/462/80 194/463/80 195/464/58
f 188/465/10 196/466/10 6/298/10 216/297/10 215/467/10 223/468/10 222/469/10 221/470/10 220/471/10 219/294/10 197/293/10 205/472/10 204/473/10 203/474/10 202/475/10 201/289/10 162/288/10 161/476/10 169/477/10 168/282/10 238/281/10 174/478/10 173/479/10 172/480/10 171/481/10 170/482/10 178/483/10 177/484/10 237/485/10 7/486/10 186/487/10 185/488/10 184/489/10 183/490/10 182/491/10 181/492/10 194/493/10 193/494/10 192/495/10 191/496/10 190/497/10 189/498/10
f 97/205/58 96/351/96 212/354/80 213/206/58
f 426/499/34 425/500/125 468/501/52 469/502/34
f 104/503/3 103/317/82 219/320/4 220/504/3
f 311/505/126 302/506/126 301/394/111 310/393/111
f 291/507/127 290/508/128 263/509/128 271/510/129
f 787/511/130 781/512/131 782/513/132 786/514/132
f 265/515/22 266/516/22 267/517/22 268/518/22 251/519/22 250/520/22 249/521/22 248/522/22 247/523/22 246/524/22 245/525/22 253/526/22 271/527/22 263/528/22 264/529/22
f 105/530/96 104/503/3 220/504/3 221/531/80
f 56/532/124 55/409/11 171/412/11 172/533/90
f 804/534/133 805/535/134 796/536/134 795/537/133
f 28/538/11 27/539/12 143/540/12 144/541/11
f 359/542/74 347/543/75 348/544/73 358/545/73
f 384/546/135 375/547/135 374/548/136 383/549/136
f 292/550/137 291/507/127 271/510/129 270/551/137
f 106/552/58 105/530/96 221/531/80 222/553/58
f 258/554/1 250/555/1 251/458/92 257/457/92
f 425/500/125 424/556/51 467/557/51 468/501/52
f 89/558/138 88/559/139 204/560/139 205/561/138
f 415/562/140 414/563/12 457/564/12 458/565/140
f 37/566/11 36/567/12 152/568/12 153/569/11
f 75/378/83 74/570/141 190/571/90 191/379/91
f 21/158/34 20/189/50 136/192/52 137/159/35
f 304/572/22 305/573/22 260/574/22 259/575/22 258/576/22 257/577/22 256/578/22 255/579/22 300/580/22 301/581/22 302/582/22 303/583/22
f 176/584/10 175/585/10 174/478/10 238/281/10 237/485/10 177/484/10
f 298/586/10 290/587/10 291/588/10 292/589/10 293/590/10 274/591/10 273/592/10 272/593/10 280/594/10 279/595/10 278/596/10 277/597/10 276/598/10 295/599/10 296/600/10 297/601/10
f 369/602/142 368/373/105 338/376/105 337/603/143
f 1/604/144 2/605/145 3/606/146 5/607/147 6/608/145 7/609/148
f 387/610/149 378/611/150 377/612/151 386/613/152
f 346/614/10 345/615/10 344/616/10 352/617/10 362/618/10 363/619/10 364/620/10 365/621/10 366/622/10 367/623/10 368/624/10 369/625/10 370/626/10 351/627/10 350/628/10 349/629/10 348/630/10 347/631/10
f 314/632/10 313/633/10 312/634/10 311/635/10 310/636/10 309/637/10 308/638/10 281/639/10 289/640/10 288/641/10 287/642/10 286/643/10 285/644/10 284/645/10 283/646/10 282/647/10 316/648/10 315/649/10
f 437/650/119 475/651/120 476/652/153 438/653/110
f 808/654/154 809/655/155 800/656/155 799/657/156
f 327/658/19 325/659/19 317/247/21 326/246/21
f 70/660/58 69/661/80 185/662/80 186/663/157
f 132/430/10 137/429/10 136/664/10 135/665/10 134/666/10 142/667/10 141/668/10 140/669/10 139/427/10 233/426/10 244/670/10 243/671/10 242/672/10 133/673/10
f 382/674/10 381/675/10 380/676/10 353/677/10 361/678/10 360/679/10 359/680/10 358/681/10 357/682/10 356/683/10 355/684/10 387/685/10 386/686/10 385/687/10 384/688/10 383/689/10
f 436/690/30 435/691/32 485/692/32 486/693/30
f 399/694/76 400/695/158 401/696/159 402/697/77
f 99/698/12 107/699/160 223/700/37 215/701/12
f 19/190/51 18/702/12 134/703/12 135/191/51
f 288/704/66 274/705/66 275/344/92 287/343/92
f 64/706/11 63/707/12 179/708/12 180/709/11
f 332/710/22 331/711/22 375/712/22 376/713/22 377/714/22 378/715/22 379/716/22 371/717/22 372/718/22 326/719/22 334/720/22 333/721/22
f 457/722/10 465/723/10 464/724/10 463/725/10 462/726/10 461/727/10 460/728/10 482/729/10 481/730/10 480/731/10 479/732/10 394/733/10 393/734/10 458/735/10
f 327/736/22 326/719/22 372/718/22 373/737/22 374/738/22 375/712/22 331/711/22 330/739/22 329/740/22 328/741/22
f 803/390/110 804/534/133 795/537/133 794/391/110
f 80/742/37 79/461/58 195/464/58 196/743/37
f 69/661/80 68/5/3 184/8/5 185/662/80
f 822/744/161 818/745/161 819/452/121 821/451/121
f 810/746/162 802/747/109 793/748/109 801/749/163
f 67/6/4 66/750/83 182/751/164 183/7/4
f 122/752/119 233/753/120 234/754/153 123/755/110
f 420/756/22 421/757/22 390/758/22 389/759/22 441/760/22 442/761/22 443/762/22 417/763/22 418/764/22 419/765/22
f 297/766/165 296/767/166 266/768/166 265/769/165
f 261/770/167 247/771/59 248/772/13 260/773/13
f 790/774/168 778/775/169 779/776/170 789/777/170
f 446/778/171 447/779/172 433/780/173 432/781/171
f 812/782/174 828/783/174 820/454/123 811/453/122
f 234/784/153 235/225/63 124/224/62 123/785/110
f 316/648/10 282/647/10 281/639/10 308/638/10
f 428/786/22 429/787/22 392/788/22 391/789/22 427/790/22
f 38/791/124 37/566/11 153/569/11 154/792/90
f 78/462/80 77/793/3 193/794/3 194/463/80
f 180/795/10 179/796/10 187/797/10 186/487/10 7/486/10 6/298/10 196/466/10 195/798/10 194/493/10 181/492/10
f 437/799/119 436/690/30 486/693/30 475/800/120
f 411/166/39 410/801/54 453/802/175 454/167/39
f 110/803/176 109/804/51 225/805/51 226/806/52
f 40/807/78 39/808/83 155/809/83 156/810/4
f 87/811/177 86/812/178 202/813/178 203/814/179
f 408/815/34 407/816/180 450/817/52 451/818/34
f 429/819/181 428/820/54 471/821/182 472/822/39
f 94/823/4 93/824/83 209/825/91 210/826/4
f 809/655/155 810/746/162 801/749/163 800/656/155
f 363/346/94 362/827/183 335/828/183 343/347/94
f 85/829/184 84/405/115 200/406/115 201/830/184
f 419/831/185 418/361/100 461/364/102 462/832/186
f 33/330/80 32/833/3 148/834/3 149/331/80
f 788/835/187 780/836/187 781/512/131 787/511/130
f 29/837/90 28/538/11 144/541/11 145/838/90
f 447/839/10 446/840/10 400/841/10 399/842/10 398/843/10 397/844/10 483/845/10 482/729/10 460/728/10 459/846/10 458/735/10 393/734/10 469/847/10 468/848/10 467/849/10 466/850/10 396/851/10 478/852/10 477/853/10 476/854/10 475/16/10 454/15/10 453/855/10 452/856/10 451/857/10 450/858/10 449/859/10 448/860/10 456/861/10 455/14/10 486/13/10 485/862/10 484/863/10
f 239/864/116 240/865/7 129/866/7 128/867/116
f 130/868/46 241/869/45 10/870/47 17/871/45
f 52/872/58 51/365/96 167/366/80 168/873/58
f 367/374/106 366/169/41 340/172/44 339/375/106
f 792/874/22 813/875/22 812/876/22 784/877/22
f 472/878/10 471/879/10 470/880/10 469/847/10 393/734/10 396/851/10 466/850/10 474/881/10 473/882/10
f 296/767/166 295/149/27 267/152/29 266/768/166
f 260/773/13 248/772/13 249/883/2 259/884/2
f 411/885/22 412/886/22 436/887/22 437/888/22
f 72/889/12 80/742/37 196/743/37 188/890/12
f 27/891/12 35/892/37 151/893/37 143/894/12
f 354/895/10 353/677/10 380/676/10 388/896/10 387/685/10 355/684/10
f 88/559/139 87/811/177 203/814/179 204/560/139
f 57/897/83 56/532/124 172/533/90 173/898/83
f 238/241/70 239/864/116 128/867/116 127/242/70
f 86/812/178 85/829/184 201/830/184 202/813/178
f 62/162/37 61/899/58 177/900/157 178/163/37
f 362/901/183 370/902/188 336/903/188 335/904/183
f 333/905/189 319/906/190 320/907/191 332/908/191
f 259/884/2 249/883/2 250/909/1 258/910/1
f 7/911/148 237/240/69 126/243/69 1/912/144
f 61/899/58 60/913/80 176/914/80 177/900/157
f 365/170/42 364/345/93 342/348/93 341/171/43
f 394/915/57 479/252/69 441/255/69 389/916/55
f 430/917/38 429/819/181 472/822/39 473/918/117
f 309/396/113 300/395/112 299/919/192 308/920/193
f 807/921/194 808/654/154 799/657/156 798/922/195
f 428/820/54 427/923/95 470/924/36 471/821/182
f 370/902/188 369/602/142 337/603/143 336/903/188
f 791/328/88 777/327/88 778/775/169 790/774/168
f 439/925/62 477/926/110 478/927/64 440/928/63
f 107/699/160 106/552/58 222/553/58 223/700/37
f 420/929/196 419/831/185 462/832/186 463/930/197
f 71/931/37 70/660/58 186/663/157 187/932/37
f 92/933/141 91/385/11 207/388/11 208/934/90
f 827/935/198 813/936/199 814/10/7 826/9/6
f 316/937/200 307/938/200 306/939/201 315/940/201
f 379/941/202 388/942/202 380/384/108 371/383/108
f 357/943/203 349/944/203 350/945/191 356/946/191
f 255/231/67 253/230/67 245/360/68 254/359/68
f 49/178/4 48/333/83 164/336/83 165/179/4
f 74/570/141 73/17/11 189/20/11 190/571/90
f 66/750/83 65/947/90 181/948/90 182/751/164
f 806/949/204 807/921/194 798/922/195 797/950/204
f 63/951/12 71/931/37 187/932/37 179/952/12
f 262/358/60 246/357/99 247/771/59 261/770/167
f 240/865/7 241/953/45 130/954/46 129/866/7
f 410/801/54 409/955/33 452/956/36 453/802/175
f 476/957/153 477/926/110 439/925/62 438/958/110
f 789/777/170 779/776/170 780/959/187 788/960/187
f 424/556/51 423/961/12 466/962/12 467/557/51
f 102/318/83 101/459/124 217/460/90 218/319/83
f 386/613/152 377/612/151 376/963/205 385/964/206
f 315/940/201 306/939/201 305/965/207 314/966/208
f 298/967/209 297/766/165 265/769/165 264/968/209
f 434/969/210 433/970/173 447/971/172 484/972/210
f 8/973/97 9/974/98 4/975/211 5/607/147 3/606/146
f 23/976/54 22/157/33 138/160/36 139/977/175
f 787/978/22 786/979/22 785/980/22 784/877/22 812/876/22 811/981/22 819/982/22 818/983/22 817/984/22 816/985/22 815/986/22 814/987/22 813/875/22 792/874/22 791/988/22 790/989/22 789/990/22 788/991/22
f 410/992/22 411/885/22 437/888/22 438/993/22 439/994/22 440/995/22 395/996/22 392/788/22 429/787/22 430/997/22 431/998/22 423/999/22 424/1000/22 425/1001/22 426/1002/22 427/790/22 391/789/22 390/758/22 421/757/22 422/1003/22 414/1004/22 415/1005/22 416/1006/22 417/763/22 443/762/22 444/1007/22 445/1008/22 404/1009/22 403/1010/22 402/1011/22 401/1012/22 432/1013/22 433/1014/22 434/1015/22 435/1016/22 436/887/22 412/886/22 413/1017/22 405/1018/22 406/1019/22 407/1020/22 408/1021/22 409/1022/22
f 289/1023/67 273/1024/67 274/705/66 288/704/66
f 95/352/3 94/823/4 210/826/4 211/353/81
f 334/245/72 318/244/71 319/906/190 333/905/189
f 35/892/37 34/329/58 150/332/58 151/893/37
f 435/691/32 434/969/210 484/972/210 485/692/32
f 120/154/31 119/1025/210 242/1026/210 243/155/32
f 445/1027/46 483/1028/45 397/1029/47 404/1030/45
f 481/413/116 482/173/7 444/176/7 443/414/116
f 820/1031/10 828/1032/10 803/1033/10 802/1034/10 810/1035/10 809/1036/10 808/1037/10 807/1038/10 806/1039/10 805/1040/10 826/1041/10 825/1042/10 824/1043/10 823/1044/10 822/1045/10 821/1046/10
f 24/1047/53 23/976/54 139/977/175 140/1048/39
f 421/322/85 420/929/196 463/930/197 464/323/86
f 785/1049/212 783/1050/212 775/1051/213 784/1052/214
f 314/966/208 305/965/207 304/40/24 313/39/23
f 35/58/22 92/57/22 93/67/22 34/66/22
f 90/1053/12 98/204/37 214/207/37 206/1054/12
f 13/1055/158 131/1056/215 117/1057/216 14/1058/159
f 427/923/95 426/499/34 469/502/34 470/924/36
f 93/824/83 92/933/141 208/934/90 209/825/91
f 400/1059/158 446/778/171 432/781/171 401/1060/159
f 423/1061/12 431/1062/217 474/1063/49 466/1064/12
f 385/964/206 376/963/205 375/1065/135 384/1066/135
f 312/1067/26 303/1068/25 302/506/126 311/505/126
f 388/942/202 379/941/202 378/611/150 387/610/149
f 355/1069/190 351/1070/189 352/448/118 354/447/71
f 119/1025/210 118/1071/218 133/1072/219 242/1026/210
f 398/182/48 399/694/76 402/697/77 403/183/48
f 46/455/11 45/1073/12 161/1074/12 162/456/11
f 356/946/191 350/945/191 351/1070/189 355/1069/190
f 81/1075/12 89/558/138 205/561/138 197/1076/12
f 328/1077/220 324/1078/220 325/659/19 327/658/19
f 383/549/136 374/548/136 373/1079/221 382/1080/221
f 294/150/28 293/1081/222 269/1082/222 268/151/28
f 60/913/80 59/305/3 175/308/3 176/914/80
f 58/306/78 57/897/83 173/898/83 174/307/4
f 116/217/49 115/415/38 231/416/117 232/218/49
f 332/908/191 320/907/191 321/1083/223 331/1084/203
f 271/527/22 253/526/22 252/1085/22 251/519/22 268/518/22 269/1086/22 270/1087/22
f 416/1088/224 415/562/140 458/565/140 459/1089/225
f 43/1090/58 42/313/80 158/316/80 159/1091/157
f 306/1092/22 307/1093/22 299/1094/22 300/580/22 255/579/22 254/1095/22 262/1096/22 261/1097/22 260/574/22 305/573/22
f 65/947/90 64/706/11 180/709/11 181/948/90
f 30/340/83 29/837/90 145/838/90 146/341/91
f 823/370/104 817/369/104 818/745/161 822/744/161
f 32/833/3 31/339/4 147/342/4 148/834/3
f 109/804/51 108/1098/12 224/1099/12 225/805/51
f 358/545/73 348/544/73 349/1100/203 357/1101/203
f 293/1081/222 292/550/137 270/551/137 269/1082/222
f 24/1102/22 25/134/22 121/133/22 122/43/22 22/140/22 23/1103/22
f 361/31/20 345/30/19 346/1104/220 360/1105/220
f 329/251/75 323/250/74 324/1078/220 328/1077/220
f 293/590/10 294/1106/10 295/599/10 276/598/10 275/1107/10 274/591/10
f 53/398/37 52/872/58 168/873/58 169/399/37
f 290/1108/128 298/967/209 264/968/209 263/1109/128
f 39/808/83 38/791/124 154/792/90 155/809/83
f 805/535/134 806/949/204 797/950/204 796/536/134
f 382/1080/221 373/1079/221 372/382/107 381/381/107
f 111/1110/34 110/803/176 226/806/52 227/1111/34
f 36/1112/12 44/1113/37 160/1114/37 152/1115/12
f 112/349/95 111/1110/34 227/1111/34 228/350/36
f 273/1024/67 289/1023/67 281/237/68 272/236/68
f 775/1116/22 783/1117/22 782/1118/22 799/1119/22 800/1120/22 801/1121/22 793/1122/22 794/1123/22 795/1124/22 796/1125/22 778/1126/22 777/1127/22 776/1128/22
f 132/1129/226 133/1130/219 118/1131/218 117/1057/216 131/1056/215
f 409/955/33 408/815/34 451/818/34 452/956/36
f 799/1119/22 782/1118/22 781/1132/22 780/1133/22 779/1134/22 778/1126/22 796/1125/22 797/1135/22 798/1136/22
f 77/793/3 76/377/4 192/380/4 193/794/3
f 44/1113/37 43/1090/58 159/1091/157 160/1114/37
f 417/362/101 416/1088/224 459/1089/225 460/363/101
f 407/816/180 406/193/51 449/196/51 450/817/52
f 317/1137/22 325/1138/22 335/1139/22 336/1140/22 318/1141/22
f 331/1084/203 321/1083/223 322/1142/73 330/1143/73
f 786/514/132 782/513/132 783/1050/212 785/1049/212
f 776/326/87 792/325/87 784/1052/214 775/1051/213
f 360/1105/220 346/1104/220 347/543/75 359/542/74
f 828/783/174 812/782/174 813/936/199 827/935/198
f 12/257/76 13/1144/158 14/1145/159 15/258/77
f 25/445/38 24/1047/53 140/1048/39 141/446/117
f 431/1062/217 430/917/38 473/918/117 474/1063/49
f 370/626/10 362/618/10 352/617/10 351/627/10
f 324/1146/22 323/1147/22 322/1148/22 321/1149/22 320/1150/22 319/1151/22 318/1141/22 336/1140/22 337/1152/22 338/1153/22 339/1154/22 340/1155/22 341/1156/22 342/1157/22 343/1158/22 335/1139/22 325/1138/22
f 307/938/200 316/937/200 308/920/193 299/919/192
f 827/1159/10 826/1041/10 805/1040/10 804/1160/10 803/1033/10 828/1032/10
f 41/314/3 40/807/78 156/810/4 157/315/81
f 395/1161/16 440/928/63 478/927/64 396/1162/17
usemtl 191,191,191.002
f 722/1163/227 713/1164/227 712/1165/228 721/1166/228
f 583/1167/229 574/1168/229 573/1169/230 582/1170/231
f 603/1171/10 602/1172/10 601/1173/10 600/1174/10 609/1175/10 610/1176/10 611/1177/10 612/1178/10 604/1179/10 605/1180/10 606/1181/10 607/1182/10 608/1183/10 599/1184/10 598/1185/10 597/1186/10 596/1187/10 595/1188/10
f 584/1189/232 575/1190/232 574/1168/229 583/1167/229
f 672/1191/233 663/1192/234 662/1193/235 671/1194/236
f 618/1195/237 609/1196/238 608/1197/239 617/1198/240
f 744/1199/241 735/1200/241 734/1201/242 743/1202/242
f 536/1203/243 527/1204/243 526/1205/244 535/1206/245
f 614/1207/246 605/1208/247 604/1209/210 613/1210/210
f 729/1211/248 720/1212/248 719/1213/249 728/1214/249
f 518/1215/250 509/1216/251 508/1217/252 517/1218/253
f 727/1219/10 726/1220/10 725/1221/10 724/1222/10 723/1223/10 732/1224/10 733/1225/10 734/1226/10 735/1227/10 736/1228/10 728/1229/10
f 562/1230/22 571/1231/22 572/1232/22 563/1233/22
f 723/1234/254 714/1235/254 713/1164/227 722/1163/227
f 578/1236/255 569/1237/255 568/1238/256 577/1239/256
f 682/1240/257 673/1241/258 672/1242/259 681/1243/259
f 581/1244/260 572/1245/260 571/1246/197 580/1247/197
f 727/1248/261 718/1249/261 717/1250/262 726/1251/263
f 632/1252/264 693/1253/265 692/1254/266 633/1255/266
f 513/1256/267 504/1257/268 503/1258/269 512/1259/269
f 709/1260/270 697/1261/271 698/1262/272 708/1263/273
f 634/1264/274 691/1265/275 690/1266/276 635/1267/276
f 638/1268/277 687/1269/277 686/1270/278 639/1271/278
f 765/1272/279 756/1273/280 755/1274/281 764/1275/281
f 519/1276/282 510/1277/283 509/1278/251 518/1279/250
f 531/1280/284 540/1281/267 532/1282/285 523/1283/285
f 511/1284/286 502/1285/287 501/1286/288 510/1287/288
f 743/1288/242 734/1289/242 733/1290/289 742/1291/290
f 762/1292/273 753/1293/273 752/1294/291 761/1295/292
f 490/1296/293 547/1297/195 546/1298/294 491/1299/294
f 504/1257/268 513/1256/267 505/1300/285 496/1301/285
f 763/1302/271 754/1303/271 753/1293/273 762/1292/273
f 759/1304/295 750/1305/296 749/1306/297 758/1307/297
f 495/1308/265 542/1309/265 541/1310/298 487/1311/298
f 650/1312/299 641/1313/300 640/1314/256 649/1315/256
f 492/1316/276 545/1317/276 544/1318/301 493/1319/11
f 677/1320/300 668/1321/300 667/1322/256 676/1323/256
f 491/1299/294 546/1298/294 545/1324/276 492/1325/276
f 552/1326/302 629/1327/303 628/1328/304 553/1329/305
f 772/1330/306 763/1331/307 762/1332/308 771/1333/309
f 488/1334/310 549/1335/262 548/1336/277 489/1337/277
f 530/1338/311 521/1339/312 520/1340/313 529/1341/314
f 603/1342/315 594/1343/316 593/1344/317 602/1345/317
f 528/1346/318 519/1347/319 518/1348/320 527/1349/321
f 675/1350/322 684/1351/322 676/1323/256 667/1322/256
f 615/1352/323 606/1353/133 605/1208/247 614/1207/246
f 619/1354/324 610/1355/324 609/1196/238 618/1195/237
f 711/1356/325 695/1357/280 696/1358/281 710/1359/281
f 657/1360/326 666/1361/327 658/1362/328 649/1363/329
f 728/1214/249 719/1213/249 718/1249/261 727/1248/261
f 701/1364/330 768/1365/331 767/1366/332 702/1367/333
f 494/1368/334 543/1369/334 542/1309/265 495/1308/265
f 726/1251/263 717/1250/262 716/1370/265 725/1371/265
f 657/1372/322 648/1373/335 647/1374/336 656/1375/336
f 541/1376/10 542/1377/10 543/1378/10 533/1379/10 532/1380/10 540/1381/10 549/1382/10
f 764/1275/281 755/1274/281 754/1303/271 763/1302/271
f 633/1255/266 692/1254/266 691/1265/275 634/1264/274
f 496/1383/22 497/1384/22 498/1385/22 499/1386/22 494/1387/22 495/1388/22 487/1389/22
f 695/1357/280 711/1356/325 703/1390/337 694/1391/337
f 679/1392/338 670/1393/339 669/1394/340 678/1395/317
f 704/1396/297 702/1397/341 694/1391/337 703/1390/337
f 725/1398/265 716/1399/265 715/1400/69 724/1401/342
f 621/1402/343 630/1403/344 622/1404/345 613/1405/346
f 696/1406/347 773/1407/348 772/1408/349 697/1409/350
f 521/1410/351 512/1411/352 511/1412/353 520/1413/354
f 693/1253/265 632/1252/264 631/1414/355 685/1415/355
f 651/1416/317 642/1417/356 641/1313/300 650/1312/299
f 774/1418/357 765/1419/358 764/1420/359 773/1421/360
f 652/1422/361 643/1423/339 642/1417/356 651/1416/317
f 535/1206/245 526/1205/244 525/1424/362 534/1425/363
f 493/1319/11 544/1318/301 543/1369/334 494/1368/334
f 599/1184/10 608/1183/10 609/1175/10 600/1174/10
f 509/1426/243 500/1427/243 499/1428/244 508/1429/244
f 594/1343/316 603/1342/315 595/1430/364 586/1431/364
f 510/1287/288 501/1286/288 500/1432/243 509/1433/243
f 620/1434/363 611/1435/365 610/1355/324 619/1354/324
f 582/1170/231 573/1169/230 572/1436/260 581/1437/260
f 681/1243/259 672/1242/259 671/1438/366 680/1439/34
f 660/1440/367 651/1441/368 650/1442/369 659/1443/370
f 773/1421/360 764/1420/359 763/1331/307 772/1330/306
f 654/1444/259 645/1445/259 644/1446/371 653/1447/366
f 503/1448/22 504/1449/22 496/1383/22 487/1389/22 488/1450/22 489/1451/22 490/1452/22 491/1453/22 492/1454/22 493/1455/22 494/1387/22 499/1386/22 500/1456/22 501/1457/22 502/1458/22
f 768/1459/372 759/1460/373 758/1461/374 767/1462/375
f 761/1463/292 752/1464/291 751/1465/376 760/1466/376
f 637/1467/377 688/1468/377 687/1269/277 638/1268/277
f 617/1469/240 608/1470/239 607/1471/378 616/1472/379
f 673/1473/380 664/1474/381 663/1192/234 672/1191/233
f 684/1351/322 675/1350/322 674/1475/336 683/1476/336
f 599/1477/382 590/1478/382 589/1479/54 598/1480/182
f 569/1481/22 570/1482/22 571/1231/22 562/1230/22 561/1483/22 560/1484/22 559/1485/22 567/1486/22 566/1487/22 565/1488/22 564/1489/22 563/1233/22 572/1232/22 573/1490/22 574/1491/22 575/1492/22 576/1493/22 568/1494/22
f 562/1495/379 556/1496/383 557/1497/133 561/1498/133
f 601/1499/384 592/1500/385 591/1501/161 600/1502/386
f 549/1335/262 488/1334/310 487/1311/298 541/1310/298
f 705/1503/387 701/1504/296 702/1397/341 704/1396/297
f 540/1281/267 531/1280/284 530/1505/269 539/1506/269
f 612/1507/388 621/1508/389 613/1210/210 604/1209/210
f 756/1273/280 765/1272/279 757/1509/337 748/1510/337
f 579/1511/48 570/1512/390 569/1237/255 578/1236/255
f 639/1271/278 686/1270/278 685/1415/355 631/1414/355
f 666/1513/391 675/1514/392 667/1515/393 658/1516/394
f 517/1218/253 508/1217/252 507/1517/395 516/1518/396
f 531/1519/397 522/1520/398 521/1339/312 530/1338/311
f 674/1521/399 665/1522/400 664/1474/381 673/1473/380
f 664/1523/401 655/1524/402 654/1525/403 663/1526/404
f 767/1462/375 758/1461/374 757/1527/405 766/1528/406
f 626/1529/407 617/1530/408 616/1531/409 625/1532/410
f 671/1533/236 662/1534/235 661/1535/411 670/1536/412
f 665/1537/413 656/1538/414 655/1524/402 664/1523/401
f 629/1539/415 620/1540/416 619/1541/417 628/1542/418
f 769/1543/419 760/1544/420 759/1460/373 768/1459/372
f 770/1545/421 761/1546/422 760/1544/420 769/1543/419
f 698/1547/423 771/1548/424 770/1549/425 699/1550/426
f 666/1361/327 657/1360/326 656/1538/414 665/1537/413
f 668/1551/427 659/1552/428 658/1516/394 667/1515/393
f 745/1553/429 736/1554/430 735/1200/241 744/1199/241
f 567/1555/388 551/1556/388 552/1557/363 566/1558/363
f 695/1559/431 774/1560/432 773/1407/348 696/1406/347
f 534/1561/10 533/1379/10 543/1378/10 544/1562/10 545/1563/10 546/1564/10 547/1565/10 548/1566/10 549/1382/10 540/1381/10 539/1567/10 538/1568/10 537/1569/10 536/1570/10 535/1571/10
f 708/1263/273 698/1262/272 699/1572/291 707/1573/291
f 747/1574/433 738/1575/433 737/1576/296 746/1577/295
f 561/1498/133 557/1497/133 558/1578/247 560/1579/246
f 661/1580/434 652/1581/435 651/1441/368 660/1440/367
f 678/1395/317 669/1394/340 668/1321/300 677/1320/300
f 534/1425/363 525/1424/362 524/1582/436 533/1583/437
f 585/1584/438 576/1585/439 575/1190/232 584/1189/232
f 600/1502/386 591/1501/161 590/1586/382 599/1587/382
f 636/1588/84 689/1589/84 688/1468/377 637/1467/377
f 560/1579/246 558/1578/247 550/1590/210 559/1591/210
f 551/1556/388 567/1555/388 559/1591/210 550/1590/210
f 648/1373/335 657/1372/322 649/1315/256 640/1314/256
f 700/1592/440 769/1593/441 768/1365/331 701/1364/330
f 655/1594/257 646/1595/257 645/1445/259 654/1444/259
f 697/1409/350 772/1408/349 771/1548/424 698/1547/423
f 630/1403/344 621/1402/343 620/1540/416 629/1539/415
f 583/1596/22 582/1597/22 581/1598/22 591/1599/22 592/1600/22 593/1601/22 594/1602/22 586/1603/22 587/1604/22 588/1605/22 589/1606/22 580/1607/22 579/1608/22 578/1609/22 577/1610/22 585/1611/22 584/1612/22
f 581/1598/22 580/1607/22 589/1606/22 590/1613/22 591/1599/22
f 537/1614/288 528/1615/288 527/1616/243 536/1617/243
f 706/1618/376 700/1619/442 701/1504/296 705/1503/387
f 738/1575/433 747/1574/433 739/1620/256 730/1621/256
f 538/1622/286 529/1623/443 528/1615/288 537/1614/288
f 539/1506/269 530/1505/269 529/1623/443 538/1622/286
f 659/1443/370 650/1442/369 649/1363/329 658/1362/328
f 623/1624/444 614/1625/445 613/1405/346 622/1404/345
f 522/1520/398 531/1519/397 523/1626/446 514/1627/447
f 533/1583/437 524/1582/436 523/1283/285 532/1282/285
f 557/1628/448 624/1629/449 623/1630/450 558/1631/451
f 525/1632/452 516/1633/453 515/1634/454 524/1635/455
f 624/1636/456 615/1637/457 614/1625/445 623/1624/444
f 670/1536/412 661/1535/411 660/1638/458 669/1639/459
f 558/1631/451 623/1630/450 622/1640/460 550/1641/461
f 627/1642/462 618/1643/463 617/1644/408 626/1645/407
f 516/1518/396 507/1517/395 506/1646/464 515/1647/465
f 553/1329/305 628/1328/304 627/1648/466 554/1649/467
f 580/1247/197 571/1246/197 570/1512/390 579/1511/48
f 648/1650/10 640/1651/10 639/1652/10 631/1653/10 632/1654/10 633/1655/10
f 639/1652/10 640/1651/10 641/1656/10 642/1657/10 643/1658/10 644/1659/10 645/1660/10 646/1661/10 647/1662/10 648/1650/10 633/1655/10 634/1663/10 635/1664/10 636/1665/10 637/1666/10 638/1667/10
f 507/1668/363 498/1669/363 497/1670/436 506/1671/468
f 522/1672/469 513/1673/470 512/1411/352 521/1410/351
f 576/1585/439 585/1584/438 577/1239/256 568/1238/256
f 555/1674/471 626/1675/472 625/1676/473 556/1677/474
f 742/1678/22 741/1679/22 750/1680/22 751/1681/22
f 524/1635/455 515/1634/454 514/1627/447 523/1626/446
f 710/1359/281 696/1358/281 697/1261/271 709/1260/270
f 520/1413/354 511/1412/353 510/1277/283 519/1276/282
f 765/1419/358 774/1418/357 766/1528/406 757/1527/405
f 556/1677/474 625/1676/473 624/1629/449 557/1628/448
f 625/1532/410 616/1531/409 615/1637/457 624/1636/456
f 653/1682/366 644/1683/371 643/1423/339 652/1422/361
f 621/1508/389 612/1507/388 611/1435/365 620/1434/363
f 662/1684/475 653/1685/476 652/1581/435 661/1580/434
f 508/1429/244 499/1428/244 498/1669/363 507/1668/363
f 760/1466/376 751/1465/376 750/1305/296 759/1304/295
f 774/1560/432 695/1559/431 694/1686/477 766/1687/478
f 758/1307/297 749/1306/297 748/1510/337 757/1509/337
f 506/1671/468 497/1670/436 496/1301/285 505/1300/285
f 746/1577/295 737/1576/296 736/1554/430 745/1553/429
f 656/1375/336 647/1374/336 646/1595/257 655/1594/257
f 602/1345/317 593/1344/317 592/1500/385 601/1499/384
f 741/1688/479 732/1689/479 731/1690/480 740/1691/480
f 678/1692/22 677/1693/22 687/1694/22 688/1695/22 680/1696/22 679/1697/22
f 689/1698/22 690/1699/22 691/1700/22 692/1701/22 693/1702/22 685/1703/22 686/1704/22 687/1694/22 677/1693/22 676/1705/22 684/1706/22 683/1707/22 682/1708/22 681/1709/22 680/1696/22 688/1695/22
f 680/1710/34 671/1711/366 670/1393/339 679/1392/338
f 669/1639/459 660/1638/458 659/1552/428 668/1551/427
f 596/1712/481 587/1713/482 586/1431/364 595/1430/364
f 710/1714/10 718/1715/10 719/1716/10 720/1717/10 712/1718/10 713/1719/10 714/1720/10 715/1721/10 716/1722/10 717/1723/10 708/1724/10 707/1725/10 706/1726/10 705/1727/10 704/1728/10 703/1729/10 711/1730/10
f 551/1731/483 630/1732/484 629/1327/303 552/1326/302
f 709/1733/10 708/1724/10 717/1723/10 718/1715/10 710/1714/10
f 720/1212/248 729/1211/248 721/1166/228 712/1165/228
f 598/1480/182 589/1479/54 588/1734/485 597/1735/485
f 729/1736/10 728/1229/10 736/1228/10 737/1737/10 738/1738/10 730/1739/10 731/1740/10 732/1224/10 723/1223/10 722/1741/10 721/1742/10
f 724/1401/342 715/1400/69 714/1235/254 723/1234/254
f 742/1291/290 733/1290/289 732/1689/479 741/1688/479
f 527/1743/321 518/1744/320 517/1745/486 526/1746/487
f 744/1747/22 743/1748/22 742/1678/22 751/1681/22 752/1749/22 753/1750/22 754/1751/22 755/1752/22 756/1753/22 748/1754/22 749/1755/22 750/1680/22 741/1679/22 740/1756/22 739/1757/22 747/1758/22 746/1759/22 745/1760/22
f 563/1761/488 555/1762/239 556/1496/383 562/1495/379
f 566/1558/363 552/1557/363 553/1763/324 565/1764/324
f 489/1337/277 548/1336/277 547/1297/195 490/1296/293
f 597/1735/485 588/1734/485 587/1713/482 596/1712/481
f 616/1472/379 607/1471/378 606/1353/133 615/1352/323
f 702/1367/333 767/1366/332 766/1687/478 694/1686/477
f 628/1542/418 619/1541/417 618/1643/463 627/1642/462
f 675/1514/392 666/1513/391 665/1522/400 674/1521/399
f 635/1267/276 690/1266/276 689/1765/84 636/1766/84
f 529/1341/314 520/1340/313 519/1347/319 528/1346/318
f 515/1647/465 506/1646/464 505/1767/489 514/1768/490
f 699/1769/426 770/1770/425 769/1593/441 700/1592/440
f 513/1673/470 522/1672/469 514/1768/490 505/1767/489
f 565/1764/324 553/1763/324 554/1771/238 564/1772/237
f 630/1732/484 551/1731/483 550/1641/461 622/1640/460
f 554/1649/467 627/1648/466 626/1773/472 555/1774/471
f 771/1333/309 762/1332/308 761/1775/422 770/1776/421
f 740/1691/480 731/1690/480 730/1621/256 739/1620/256
f 512/1259/269 503/1258/269 502/1285/287 511/1284/286
f 707/1777/291 699/1778/291 700/1619/442 706/1618/376
f 564/1772/237 554/1771/238 555/1779/239 563/1780/488
f 683/1476/336 674/1475/336 673/1241/258 682/1240/257
f 526/1746/487 517/1745/486 516/1633/453 525/1632/452
f 663/1526/404 654/1525/403 653/1781/476 662/1782/475
