# WaveFront *.obj file (generated by Autodesk ATF)

mtllib elbow_l_rear.mtl

g ソリッド1

v 0.009544 0.019000 -0.001993
v 0.004860 0.019000 -0.029030
v 0.002041 0.019000 -0.056325
v 0.001100 0.019000 -0.083749
v 0.001100 0.021000 -0.083749
v 0.002041 0.021000 -0.056325
v 0.004860 0.021000 -0.029030
v 0.009544 0.021000 -0.001993
v 0.001100 0.019000 -0.165775
v 0.001100 0.021000 -0.165775
v -0.009750 0.021000 -0.193718
v -0.008931 0.021000 -0.196811
v -0.006690 0.021000 -0.199093
v -0.003613 0.021000 -0.199967
v -0.003613 0.019000 -0.199967
v -0.006690 0.019000 -0.199093
v -0.008931 0.019000 -0.196811
v -0.009750 0.019000 -0.193718
v 0.036250 0.019000 -0.193919
v 0.035414 0.019000 -0.193614
v 0.034970 0.019000 -0.192844
v 0.035124 0.019000 -0.191969
v 0.035805 0.019000 -0.191397
v 0.036695 0.019000 -0.191397
v 0.037376 0.019000 -0.191969
v 0.037530 0.019000 -0.192844
v 0.037086 0.019000 -0.193614
v -0.008000 0.019000 -0.001050
v -0.008675 0.019000 -0.000804
v -0.009034 0.019000 -0.000182
v -0.008909 0.019000 0.000525
v -0.008359 0.019000 0.000987
v -0.007641 0.019000 0.000987
v -0.007091 0.019000 0.000525
v -0.006966 0.019000 -0.000182
v -0.007325 0.019000 -0.000804
v -0.005657 0.019000 0.004607
v -0.006332 0.019000 0.004853
v -0.006691 0.019000 0.005475
v -0.006566 0.019000 0.006182
v -0.006016 0.019000 0.006644
v -0.005298 0.019000 0.006644
v -0.004748 0.019000 0.006182
v -0.004623 0.019000 0.005475
v -0.004982 0.019000 0.004853
v -0.000000 0.019000 0.006950
v -0.000675 0.019000 0.007196
v -0.001034 0.019000 0.007818
v -0.000909 0.019000 0.008525
v -0.000359 0.019000 0.008987
v 0.000359 0.019000 0.008987
v 0.000909 0.019000 0.008525
v 0.001034 0.019000 0.007818
v 0.000675 0.019000 0.007196
v 0.005657 0.019000 0.004607
v 0.004982 0.019000 0.004853
v 0.004623 0.019000 0.005475
v 0.004748 0.019000 0.006182
v 0.005298 0.019000 0.006644
v 0.006016 0.019000 0.006644
v 0.006566 0.019000 0.006182
v 0.006691 0.019000 0.005475
v 0.006332 0.019000 0.004853
v 0.008000 0.019000 -0.001050
v 0.007325 0.019000 -0.000804
v 0.006966 0.019000 -0.000182
v 0.007091 0.019000 0.000525
v 0.007641 0.019000 0.000987
v 0.008359 0.019000 0.000987
v 0.008909 0.019000 0.000525
v 0.009034 0.019000 -0.000182
v 0.008675 0.019000 -0.000804
v 0.005657 0.019000 -0.006707
v 0.004982 0.019000 -0.006461
v 0.004623 0.019000 -0.005839
v 0.004748 0.019000 -0.005132
v 0.005298 0.019000 -0.004670
v 0.006016 0.019000 -0.004670
v 0.006566 0.019000 -0.005132
v 0.006691 0.019000 -0.005839
v 0.006332 0.019000 -0.006461
v -0.000000 0.019000 -0.004050
v -0.002603 0.019000 -0.003102
v -0.003988 0.019000 -0.000703
v -0.003507 0.019000 0.002025
v -0.001385 0.019000 0.003806
v 0.001385 0.019000 0.003806
v 0.003507 0.019000 0.002025
v 0.003988 0.019000 -0.000703
v 0.002603 0.019000 -0.003102
v -0.005657 0.019000 -0.006707
v -0.006332 0.019000 -0.006461
v -0.006691 0.019000 -0.005839
v -0.006566 0.019000 -0.005132
v -0.006016 0.019000 -0.004670
v -0.005298 0.019000 -0.004670
v -0.004748 0.019000 -0.005132
v -0.004623 0.019000 -0.005839
v -0.004982 0.019000 -0.006461
v -0.000000 0.019000 -0.009050
v -0.000675 0.019000 -0.008804
v -0.001034 0.019000 -0.008182
v -0.000909 0.019000 -0.007475
v -0.000359 0.019000 -0.007013
v 0.000359 0.019000 -0.007013
v 0.000909 0.019000 -0.007475
v 0.001034 0.019000 -0.008182
v 0.000675 0.019000 -0.008804
v -0.004300 0.019000 -0.090627
v -0.005136 0.019000 -0.090323
v -0.005580 0.019000 -0.089553
v -0.005426 0.019000 -0.088677
v -0.004745 0.019000 -0.088105
v -0.003855 0.019000 -0.088105
v -0.003174 0.019000 -0.088677
v -0.003020 0.019000 -0.089553
v -0.003464 0.019000 -0.090323
v 0.009988 0.019000 -0.199750
v 0.023544 0.019000 -0.198609
v 0.036990 0.019000 -0.196550
v 0.039336 0.019000 -0.195163
v 0.040250 0.019000 -0.192596
v 0.039307 0.019000 -0.190039
v 0.036945 0.019000 -0.188679
v 0.017432 0.019000 -0.185239
v 0.009062 0.019000 -0.181628
v 0.003202 0.019000 -0.174645
v 0.008721 0.019000 0.004360
v 0.004132 0.019000 0.008831
v -0.002240 0.019000 0.009489
v -0.007645 0.019000 0.006051
v -0.009750 0.019000 0.000000
v 0.009988 0.021000 -0.199750
v 0.023544 0.021000 -0.198609
v 0.036990 0.021000 -0.196550
v 0.036250 0.021000 -0.193919
v 0.035414 0.021000 -0.193614
v 0.034970 0.021000 -0.192844
v 0.035124 0.021000 -0.191969
v 0.035805 0.021000 -0.191397
v 0.036695 0.021000 -0.191397
v 0.037376 0.021000 -0.191969
v 0.037530 0.021000 -0.192844
v 0.037086 0.021000 -0.193614
v -0.008000 0.021000 -0.001050
v -0.008675 0.021000 -0.000804
v -0.009034 0.021000 -0.000182
v -0.008909 0.021000 0.000525
v -0.008359 0.021000 0.000987
v -0.007641 0.021000 0.000987
v -0.007091 0.021000 0.000525
v -0.006966 0.021000 -0.000182
v -0.007325 0.021000 -0.000804
v -0.005657 0.021000 0.004607
v -0.006332 0.021000 0.004853
v -0.006691 0.021000 0.005475
v -0.006566 0.021000 0.006182
v -0.006016 0.021000 0.006644
v -0.005298 0.021000 0.006644
v -0.004748 0.021000 0.006182
v -0.004623 0.021000 0.005475
v -0.004982 0.021000 0.004853
v -0.000000 0.021000 0.006950
v -0.000675 0.021000 0.007196
v -0.001034 0.021000 0.007818
v -0.000909 0.021000 0.008525
v -0.000359 0.021000 0.008987
v 0.000359 0.021000 0.008987
v 0.000909 0.021000 0.008525
v 0.001034 0.021000 0.007818
v 0.000675 0.021000 0.007196
v 0.005657 0.021000 0.004607
v 0.004982 0.021000 0.004853
v 0.004623 0.021000 0.005475
v 0.004748 0.021000 0.006182
v 0.005298 0.021000 0.006644
v 0.006016 0.021000 0.006644
v 0.006566 0.021000 0.006182
v 0.006691 0.021000 0.005475
v 0.006332 0.021000 0.004853
v 0.008000 0.021000 -0.001050
v 0.007325 0.021000 -0.000804
v 0.006966 0.021000 -0.000182
v 0.007091 0.021000 0.000525
v 0.007641 0.021000 0.000987
v 0.008359 0.021000 0.000987
v 0.008909 0.021000 0.000525
v 0.009034 0.021000 -0.000182
v 0.008675 0.021000 -0.000804
v 0.005657 0.021000 -0.006707
v 0.004982 0.021000 -0.006461
v 0.004623 0.021000 -0.005839
v 0.004748 0.021000 -0.005132
v 0.005298 0.021000 -0.004670
v 0.006016 0.021000 -0.004670
v 0.006566 0.021000 -0.005132
v 0.006691 0.021000 -0.005839
v 0.006332 0.021000 -0.006461
v -0.000000 0.021000 -0.004050
v -0.002603 0.021000 -0.003102
v -0.003988 0.021000 -0.000703
v -0.003507 0.021000 0.002025
v -0.001385 0.021000 0.003806
v 0.001385 0.021000 0.003806
v 0.003507 0.021000 0.002025
v 0.003988 0.021000 -0.000703
v 0.002603 0.021000 -0.003102
v -0.005657 0.021000 -0.006707
v -0.006332 0.021000 -0.006461
v -0.006691 0.021000 -0.005839
v -0.006566 0.021000 -0.005132
v -0.006016 0.021000 -0.004670
v -0.005298 0.021000 -0.004670
v -0.004748 0.021000 -0.005132
v -0.004623 0.021000 -0.005839
v -0.004982 0.021000 -0.006461
v -0.000000 0.021000 -0.009050
v -0.000675 0.021000 -0.008804
v -0.001034 0.021000 -0.008182
v -0.000909 0.021000 -0.007475
v -0.000359 0.021000 -0.007013
v 0.000359 0.021000 -0.007013
v 0.000909 0.021000 -0.007475
v 0.001034 0.021000 -0.008182
v 0.000675 0.021000 -0.008804
v -0.004300 0.021000 -0.090627
v -0.005136 0.021000 -0.090323
v -0.005580 0.021000 -0.089553
v -0.005426 0.021000 -0.088677
v -0.004745 0.021000 -0.088105
v -0.003855 0.021000 -0.088105
v -0.003174 0.021000 -0.088677
v -0.003020 0.021000 -0.089553
v -0.003464 0.021000 -0.090323
v 0.036945 0.021000 -0.188679
v 0.017432 0.021000 -0.185239
v 0.009062 0.021000 -0.181628
v 0.003202 0.021000 -0.174645
v 0.008721 0.021000 0.004360
v 0.004132 0.021000 0.008831
v -0.002240 0.021000 0.009489
v -0.007645 0.021000 0.006051
v -0.009750 0.021000 -0.000000
v 0.039336 0.021000 -0.195163
v 0.040250 0.021000 -0.192596
v 0.039307 0.021000 -0.190039
vt 0.000000 117.430091 0.000000
vt 0.200000 117.430091 0.000000
vt 0.000000 120.174630 0.000000
vt 0.200000 120.174630 0.000000
vt 0.000000 122.919168 0.000000
vt 0.200000 122.919168 0.000000
vt 0.000000 125.663706 0.000000
vt 0.200000 125.663706 0.000000
vt 5.174875 0.000000 0.000000
vt 13.377485 0.000000 0.000000
vt 5.174875 0.200000 0.000000
vt 13.377485 0.200000 0.000000
vt -0.000000 0.485228 0.000000
vt -0.200000 0.485228 0.000000
vt -0.000000 0.161743 0.000000
vt -0.200000 0.161743 0.000000
vt -0.000000 -0.161743 0.000000
vt -0.200000 -0.161743 0.000000
vt -0.000000 -0.485228 0.000000
vt -0.200000 -0.485228 0.000000
vt -9.848949 -2.183562 0.000000
vt -9.879363 -2.100000 0.000000
vt -10.142462 -2.173980 0.000000
vt -9.848949 -2.016438 0.000000
vt -10.348442 -0.829358 0.000000
vt -9.771937 -1.971975 0.000000
vt -9.684363 -1.987417 0.000000
vt -9.627203 -2.055537 0.000000
vt -9.355440 -2.169459 0.000000
vt -9.011385 -0.218223 0.000000
vt -10.462542 0.526156 0.000000
vt -8.650322 0.618814 0.000000
vt -7.952003 1.204773 0.000000
vt -9.627203 -2.144463 0.000000
vt -9.684363 -2.212583 0.000000
vt -9.491369 -2.405678 0.000000
vt -9.771937 -2.228025 0.000000
vt -10.003829 -2.408621 0.000000
vt 9.432065 2.257507 0.000000
vt 9.407500 2.325000 0.000000
vt 8.928582 2.194090 0.000000
vt 9.432065 2.392493 0.000000
vt 9.512500 2.500000 0.000000
vt 9.494267 2.428405 0.000000
vt 9.565000 2.415933 0.000000
vt 10.117569 2.289537 0.000000
vt 9.611168 2.360912 0.000000
vt 9.611168 2.289088 0.000000
vt 10.059952 2.194090 0.000000
vt 9.565000 2.234067 0.000000
vt 9.997751 2.158178 0.000000
vt 9.494267 2.221595 0.000000
vt 9.973185 2.090685 0.000000
vt 9.045482 2.126598 0.000000
vt 9.045482 2.054773 0.000000
vt 8.999315 2.181618 0.000000
vt 10.130685 2.181618 0.000000
vt 10.176853 2.126598 0.000000
vt 10.461418 1.749008 0.000000
vt 10.176853 2.054773 0.000000
vt 10.130685 1.999753 0.000000
vt 10.059952 1.987281 0.000000
vt 9.715000 1.875740 0.000000
vt 9.893076 1.663518 0.000000
vt 9.442172 1.923847 0.000000
vt 9.997751 2.023193 0.000000
vt 10.232065 1.592493 0.000000
vt 10.207500 1.525000 0.000000
vt 9.893076 1.386482 0.000000
vt 10.232065 1.457507 0.000000
vt 10.294267 1.421595 0.000000
vt 10.395601 1.111771 0.000000
vt 10.365000 1.434067 0.000000
vt 10.411168 1.489088 0.000000
vt 10.411168 1.560912 0.000000
vt 10.365000 1.615933 0.000000
vt 10.294267 1.628405 0.000000
vt 9.997751 1.026807 0.000000
vt 9.045482 0.995227 0.000000
vt 9.973185 0.959315 0.000000
vt 9.045482 0.923402 0.000000
vt 9.494267 0.828405 0.000000
vt 8.999315 0.868382 0.000000
vt 9.432065 0.792493 0.000000
vt 8.928582 0.855910 0.000000
vt 9.407500 0.725000 0.000000
vt 9.432065 0.657507 0.000000
vt 9.313220 0.570583 0.000000
vt 9.494267 0.621595 0.000000
vt 9.948532 0.652933 0.000000
vt 9.565000 0.634067 0.000000
vt 9.611168 0.689088 0.000000
vt 9.611168 0.760912 0.000000
vt 10.059952 0.855910 0.000000
vt 9.565000 0.815933 0.000000
vt 9.997751 0.891822 0.000000
vt 9.442172 1.126153 0.000000
vt 10.059952 1.062719 0.000000
vt 9.715000 1.174260 0.000000
vt 10.130685 1.050247 0.000000
vt 10.176853 0.995227 0.000000
vt 10.176853 0.923402 0.000000
vt 10.130685 0.868382 0.000000
vt 8.866380 0.891822 0.000000
vt 8.841815 0.959315 0.000000
vt 6.609490 1.038966 0.000000
vt 8.866380 1.026807 0.000000
vt 8.928582 1.062719 0.000000
vt 8.999315 1.050247 0.000000
vt 9.202252 1.264671 0.000000
vt 8.694267 1.421595 0.000000
vt 8.765000 1.434067 0.000000
vt 9.107500 1.525000 0.000000
vt 8.811168 1.489088 0.000000
vt 8.811168 1.560912 0.000000
vt 8.765000 1.615933 0.000000
vt 9.202252 1.785329 0.000000
vt 8.694267 1.628405 0.000000
vt 8.928582 1.987281 0.000000
vt 8.866380 2.023193 0.000000
vt 8.999315 1.999753 0.000000
vt 8.841815 2.090685 0.000000
vt 3.880011 1.320881 0.000000
vt 8.866380 2.158178 0.000000
vt 0.644800 2.067583 0.000000
vt 8.632065 1.457507 0.000000
vt 8.607500 1.525000 0.000000
vt 8.632065 1.592493 0.000000
vt 0.480214 1.871438 0.000000
vt 0.449800 1.955000 0.000000
vt -7.064985 1.415000 0.000000
vt 0.480214 2.038562 0.000000
vt -9.859338 2.500000 0.000000
vt 0.557226 2.083025 0.000000
vt 0.701960 1.999463 0.000000
vt 0.701960 1.910537 0.000000
vt 0.644800 1.842417 0.000000
vt 1.137625 1.415000 0.000000
vt 0.557226 1.826975 0.000000
vt -10.168573 2.418138 0.000000
vt -10.396802 2.193996 0.000000
vt -10.484236 1.886290 0.000000
vt -9.747066 -2.499993 0.000000
vt -0.000000 4.081709 0.000000
vt -0.200000 4.081709 0.000000
vt -0.000000 2.721139 0.000000
vt -0.200000 2.721139 0.000000
vt -0.000000 1.360570 0.000000
vt -0.200000 1.360570 0.000000
vt -0.000000 0.000000 0.000000
vt -0.200000 0.000000 0.000000
vt 0.200000 -0.317650 0.000000
vt 0.000000 -0.317650 0.000000
vt 0.200000 -0.408407 0.000000
vt 0.000000 -0.408407 0.000000
vt 0.200000 0.408407 0.000000
vt 0.000000 0.408407 0.000000
vt 0.200000 0.317650 0.000000
vt 0.000000 0.317650 0.000000
vt 0.200000 0.226893 0.000000
vt 0.000000 0.226893 0.000000
vt 0.200000 0.136136 0.000000
vt -0.000000 0.136136 0.000000
vt 0.200000 0.045379 0.000000
vt -0.000000 0.045379 0.000000
vt 0.200000 -0.045379 0.000000
vt -0.000000 -0.045379 0.000000
vt 0.200000 -0.136136 0.000000
vt -0.000000 -0.136136 0.000000
vt 0.200000 -0.226893 0.000000
vt 0.000000 -0.226893 0.000000
vt 0.200000 -0.256563 0.000000
vt 0.000000 -0.256563 0.000000
vt 0.200000 -0.329867 0.000000
vt 0.000000 -0.329867 0.000000
vt 0.200000 0.329867 0.000000
vt 0.000000 0.329867 0.000000
vt 0.200000 0.256563 0.000000
vt 0.000000 0.256563 0.000000
vt 0.200000 0.183260 0.000000
vt -0.000000 0.183260 0.000000
vt 0.200000 0.109956 0.000000
vt 0.000000 0.109956 0.000000
vt 0.200000 0.036652 0.000000
vt 0.000000 0.036652 0.000000
vt 0.200000 -0.036652 0.000000
vt 0.000000 -0.036652 0.000000
vt 0.200000 -0.109956 0.000000
vt 0.000000 -0.109956 0.000000
vt 0.200000 -0.183260 0.000000
vt -0.000000 -0.183260 0.000000
vt 0.200000 -0.256563 0.000000
vt -0.000000 -0.256563 0.000000
vt 0.200000 -0.329867 0.000000
vt 0.000000 -0.329867 0.000000
vt 0.200000 0.329867 0.000000
vt 0.000000 0.329867 0.000000
vt 0.200000 0.256563 0.000000
vt -0.000000 0.256563 0.000000
vt 0.200000 0.183260 0.000000
vt -0.000000 0.183260 0.000000
vt 0.200000 0.109956 0.000000
vt 0.000000 0.109956 0.000000
vt 0.200000 0.036652 0.000000
vt -0.000000 0.036652 0.000000
vt 0.200000 -0.036652 0.000000
vt -0.000000 -0.036652 0.000000
vt 0.200000 -0.109956 0.000000
vt 0.000000 -0.109956 0.000000
vt 0.200000 -0.183260 0.000000
vt -0.000000 -0.183260 0.000000
vt 0.200000 -0.256563 0.000000
vt 0.000000 -0.256563 0.000000
vt 0.200000 -0.329867 0.000000
vt 0.000000 -0.329867 0.000000
vt 0.200000 0.329867 0.000000
vt 0.000000 0.329867 0.000000
vt 0.200000 0.256563 0.000000
vt 0.000000 0.256563 0.000000
vt 0.200000 0.183260 0.000000
vt 0.000000 0.183260 0.000000
vt 0.200000 0.109956 0.000000
vt 0.000000 0.109956 0.000000
vt 0.200000 0.036652 0.000000
vt -0.000000 0.036652 0.000000
vt 0.200000 -0.036652 0.000000
vt -0.000000 -0.036652 0.000000
vt 0.200000 -0.109956 0.000000
vt 0.000000 -0.109956 0.000000
vt 0.200000 -0.183260 0.000000
vt 0.000000 -0.183260 0.000000
vt 0.200000 -0.256563 0.000000
vt -0.000000 -0.256563 0.000000
vt 0.200000 -0.329867 0.000000
vt 0.000000 -0.329867 0.000000
vt 0.200000 0.329867 0.000000
vt 0.000000 0.329867 0.000000
vt 0.200000 0.256563 0.000000
vt -0.000000 0.256563 0.000000
vt 0.200000 0.183260 0.000000
vt -0.000000 0.183260 0.000000
vt 0.200000 0.109956 0.000000
vt 0.000000 0.109956 0.000000
vt 0.200000 0.036652 0.000000
vt -0.000000 0.036652 0.000000
vt 0.200000 -0.036652 0.000000
vt -0.000000 -0.036652 0.000000
vt 0.200000 -0.109956 0.000000
vt 0.000000 -0.109956 0.000000
vt 0.200000 -0.183260 0.000000
vt -0.000000 -0.183260 0.000000
vt 0.200000 -0.256563 0.000000
vt 0.000000 -0.256563 0.000000
vt 0.200000 -0.329867 0.000000
vt 0.000000 -0.329867 0.000000
vt 0.200000 0.329867 0.000000
vt 0.000000 0.329867 0.000000
vt 0.200000 0.256563 0.000000
vt 0.000000 0.256563 0.000000
vt 0.200000 0.183260 0.000000
vt -0.000000 0.183260 0.000000
vt 0.200000 0.109956 0.000000
vt 0.000000 0.109956 0.000000
vt 0.200000 0.036652 0.000000
vt 0.000000 0.036652 0.000000
vt 0.200000 -0.036652 0.000000
vt 0.000000 -0.036652 0.000000
vt 0.200000 -0.109956 0.000000
vt 0.000000 -0.109956 0.000000
vt 0.200000 -0.183260 0.000000
vt -0.000000 -0.183260 0.000000
vt 0.200000 -0.256563 0.000000
vt 0.000000 -0.256563 0.000000
vt 0.200000 -0.329867 0.000000
vt 0.000000 -0.329867 0.000000
vt 0.200000 0.329867 0.000000
vt 0.000000 0.329867 0.000000
vt 0.200000 0.256563 0.000000
vt 0.000000 0.256563 0.000000
vt 0.200000 0.183260 0.000000
vt -0.000000 0.183260 0.000000
vt 0.200000 0.109956 0.000000
vt 0.000000 0.109956 0.000000
vt 0.200000 0.036652 0.000000
vt 0.000000 0.036652 0.000000
vt 0.200000 -0.036652 0.000000
vt 0.000000 -0.036652 0.000000
vt 0.200000 -0.109956 0.000000
vt 0.000000 -0.109956 0.000000
vt 0.200000 -0.183260 0.000000
vt -0.000000 -0.183260 0.000000
vt 0.200000 -0.989602 0.000000
vt 0.000000 -0.989602 0.000000
vt 0.200000 -1.272345 0.000000
vt 0.000000 -1.272345 0.000000
vt 0.200000 1.272345 0.000000
vt 0.000000 1.272345 0.000000
vt 0.200000 0.989602 0.000000
vt 0.000000 0.989602 0.000000
vt 0.200000 0.706858 0.000000
vt 0.000000 0.706858 0.000000
vt 0.200000 0.424115 0.000000
vt 0.000000 0.424115 0.000000
vt 0.200000 0.141372 0.000000
vt 0.000000 0.141372 0.000000
vt 0.200000 -0.141372 0.000000
vt 0.000000 -0.141372 0.000000
vt 0.200000 -0.424115 0.000000
vt 0.000000 -0.424115 0.000000
vt 0.200000 -0.706858 0.000000
vt 0.000000 -0.706858 0.000000
vt 0.200000 -0.256563 0.000000
vt 0.000000 -0.256563 0.000000
vt 0.200000 -0.329867 0.000000
vt 0.000000 -0.329867 0.000000
vt 0.200000 0.329867 0.000000
vt 0.000000 0.329867 0.000000
vt 0.200000 0.256563 0.000000
vt 0.000000 0.256563 0.000000
vt 0.200000 0.183260 0.000000
vt -0.000000 0.183260 0.000000
vt 0.200000 0.109956 0.000000
vt 0.000000 0.109956 0.000000
vt 0.200000 0.036652 0.000000
vt 0.000000 0.036652 0.000000
vt 0.200000 -0.036652 0.000000
vt 0.000000 -0.036652 0.000000
vt 0.200000 -0.109956 0.000000
vt 0.000000 -0.109956 0.000000
vt 0.200000 -0.183260 0.000000
vt -0.000000 -0.183260 0.000000
vt 0.200000 -0.256563 0.000000
vt 0.000000 -0.256563 0.000000
vt 0.200000 -0.329867 0.000000
vt 0.000000 -0.329867 0.000000
vt 0.200000 0.329867 0.000000
vt 0.000000 0.329867 0.000000
vt 0.200000 0.256563 0.000000
vt 0.000000 0.256563 0.000000
vt 0.200000 0.183260 0.000000
vt 0.000000 0.183260 0.000000
vt 0.200000 0.109956 0.000000
vt 0.000000 0.109956 0.000000
vt 0.200000 0.036652 0.000000
vt -0.000000 0.036652 0.000000
vt 0.200000 -0.036652 0.000000
vt -0.000000 -0.036652 0.000000
vt 0.200000 -0.109956 0.000000
vt 0.000000 -0.109956 0.000000
vt 0.200000 -0.183260 0.000000
vt 0.000000 -0.183260 0.000000
vt 0.200000 -0.317650 0.000000
vt -0.000000 -0.317650 0.000000
vt 0.200000 -0.408407 0.000000
vt -0.000000 -0.408407 0.000000
vt 0.200000 0.408407 0.000000
vt -0.000000 0.408407 0.000000
vt 0.200000 0.317650 0.000000
vt -0.000000 0.317650 0.000000
vt 0.200000 0.226893 0.000000
vt 0.000000 0.226893 0.000000
vt 0.200000 0.136136 0.000000
vt 0.000000 0.136136 0.000000
vt 0.200000 0.045379 0.000000
vt 0.000000 0.045379 0.000000
vt 0.200000 -0.045379 0.000000
vt 0.000000 -0.045379 0.000000
vt 0.200000 -0.136136 0.000000
vt 0.000000 -0.136136 0.000000
vt 0.200000 -0.226893 0.000000
vt 0.000000 -0.226893 0.000000
vt 0.000000 0.000000 0.000000
vt 1.981337 0.000000 0.000000
vt 0.000000 0.200000 0.000000
vt 1.981337 0.200000 0.000000
vt 0.200000 -3.449513 0.000000
vt 0.000000 -3.449513 0.000000
vt 0.200000 -4.369384 0.000000
vt 0.000000 -4.369384 0.000000
vt -0.000000 -5.289254 0.000000
vt 0.000000 -6.209124 0.000000
vt 0.200000 -6.209124 0.000000
vt 0.200000 -5.289254 0.000000
vt -0.000000 -2.862358 0.000000
vt -0.200000 -2.862358 0.000000
vt -0.000000 -3.515108 0.000000
vt -0.200000 -3.515108 0.000000
vt -0.000000 -4.167857 0.000000
vt -0.200000 -4.167857 0.000000
vt -0.000000 -4.820607 0.000000
vt -0.200000 -4.820607 0.000000
vt -0.000000 -5.473356 0.000000
vt -0.200000 -5.473356 0.000000
vt -0.000000 -6.126106 0.000000
vt -0.200000 -6.126106 0.000000
vt 0.604382 0.000000 0.000000
vt 19.976220 0.000000 0.000000
vt 0.604382 0.200000 0.000000
vt 19.976220 0.200000 0.000000
vt -0.200000 0.000000 0.000000
vt -0.000000 0.000000 0.000000
vt -0.200000 0.278104 0.000000
vt -0.000000 0.278104 0.000000
vt -0.200000 0.556208 0.000000
vt -0.000000 0.556208 0.000000
vt -0.200000 0.834312 0.000000
vt -0.000000 0.834312 0.000000
vt -0.200000 1.112416 0.000000
vt -0.000000 1.112416 0.000000
vt 10.396802 2.193996 0.000000
vt 7.064985 1.415000 0.000000
vt 10.484236 1.886290 0.000000
vt 7.952003 1.204773 0.000000
vt 10.462542 0.526156 0.000000
vt 8.650322 0.618814 0.000000
vt 9.011385 -0.218223 0.000000
vt 10.168573 2.418138 0.000000
vt 9.859338 2.500000 0.000000
vt -9.512500 2.500000 0.000000
vt -0.557226 2.083025 0.000000
vt -0.480214 2.038562 0.000000
vt -0.449800 1.955000 0.000000
vt -0.480214 1.871438 0.000000
vt -10.117569 2.289537 0.000000
vt -9.565000 2.415933 0.000000
vt -9.494267 2.428405 0.000000
vt -9.432065 2.392493 0.000000
vt -10.461418 1.749008 0.000000
vt -10.176853 2.126598 0.000000
vt -10.130685 2.181618 0.000000
vt -10.059952 2.194090 0.000000
vt -10.395601 1.111771 0.000000
vt -10.411168 1.489088 0.000000
vt -10.411168 1.560912 0.000000
vt -10.365000 1.615933 0.000000
vt -9.948532 0.652933 0.000000
vt -10.130685 0.868382 0.000000
vt -10.176853 0.923402 0.000000
vt -10.176853 0.995227 0.000000
vt -9.313220 0.570583 0.000000
vt -9.494267 0.621595 0.000000
vt -9.565000 0.634067 0.000000
vt -9.611168 0.689088 0.000000
vt -6.609490 1.038966 0.000000
vt -8.928582 0.855910 0.000000
vt -9.432065 0.657507 0.000000
vt -3.880011 1.320881 0.000000
vt -8.632065 1.592493 0.000000
vt -8.607500 1.525000 0.000000
vt -8.632065 1.457507 0.000000
vt -1.137625 1.415000 0.000000
vt -0.644800 1.842417 0.000000
vt -0.701960 1.910537 0.000000
vt -0.701960 1.999463 0.000000
vt -0.557226 1.826975 0.000000
vt 9.355440 -2.169459 0.000000
vt 9.684363 -1.987417 0.000000
vt 10.348442 -0.829358 0.000000
vt 9.491369 -2.405678 0.000000
vt 9.684363 -2.212583 0.000000
vt 9.627203 -2.144463 0.000000
vt 9.627203 -2.055537 0.000000
vt 9.747066 -2.499993 0.000000
vt 10.003829 -2.408621 0.000000
vt 9.771937 -2.228025 0.000000
vt 10.142462 -2.173980 0.000000
vt 9.848949 -2.183562 0.000000
vt 9.879363 -2.100000 0.000000
vt 9.848949 -2.016438 0.000000
vt 9.771937 -1.971975 0.000000
vt -0.644800 2.067583 0.000000
vt -8.866380 2.158178 0.000000
vt -8.841815 2.090685 0.000000
vt -8.928582 2.194090 0.000000
vt -8.694267 1.421595 0.000000
vt -8.928582 1.062719 0.000000
vt -8.866380 1.026807 0.000000
vt -9.202252 1.264671 0.000000
vt -8.765000 1.434067 0.000000
vt -9.107500 1.525000 0.000000
vt -8.811168 1.489088 0.000000
vt -8.811168 1.560912 0.000000
vt -8.765000 1.615933 0.000000
vt -9.202252 1.785329 0.000000
vt -8.694267 1.628405 0.000000
vt -8.928582 1.987281 0.000000
vt -8.866380 2.023193 0.000000
vt -9.442172 1.923847 0.000000
vt -8.999315 1.999753 0.000000
vt -9.045482 2.054773 0.000000
vt -9.045482 2.126598 0.000000
vt -9.973185 2.090685 0.000000
vt -9.997751 2.023193 0.000000
vt -10.059952 1.987281 0.000000
vt -9.715000 1.875740 0.000000
vt -9.893076 1.663518 0.000000
vt -10.294267 1.628405 0.000000
vt -10.232065 1.592493 0.000000
vt -9.494267 2.221595 0.000000
vt -8.999315 2.181618 0.000000
vt -9.432065 2.257507 0.000000
vt -9.407500 2.325000 0.000000
vt -9.442172 1.126153 0.000000
vt -8.999315 1.050247 0.000000
vt -9.045482 0.995227 0.000000
vt -9.997751 1.026807 0.000000
vt -9.973185 0.959315 0.000000
vt -10.059952 1.062719 0.000000
vt -9.715000 1.174260 0.000000
vt -9.893076 1.386482 0.000000
vt -10.294267 1.421595 0.000000
vt -10.232065 1.457507 0.000000
vt -10.207500 1.525000 0.000000
vt -8.841815 0.959315 0.000000
vt -8.866380 0.891822 0.000000
vt -8.999315 0.868382 0.000000
vt -9.432065 0.792493 0.000000
vt -9.407500 0.725000 0.000000
vt -9.494267 0.828405 0.000000
vt -9.045482 0.923402 0.000000
vt -9.611168 0.760912 0.000000
vt -10.059952 0.855910 0.000000
vt -9.565000 0.815933 0.000000
vt -9.997751 0.891822 0.000000
vt -10.130685 1.050247 0.000000
vt -10.365000 1.434067 0.000000
vt -10.130685 1.999753 0.000000
vt -10.176853 2.054773 0.000000
vt -9.997751 2.158178 0.000000
vt -9.565000 2.234067 0.000000
vt -9.611168 2.289088 0.000000
vt -9.611168 2.360912 0.000000
vn 97.888957 -0.000000 -20.438986
vn 97.888957 -0.000000 -20.438986
vn 99.059915 -0.000000 -13.679663
vn 99.059915 -0.000000 -13.679663
vn 99.764702 -0.000000 -6.855963
vn 99.764702 -0.000000 -6.855963
vn 100.000000 -0.000000 -0.000000
vn 100.000000 -0.000000 -0.000000
vn 100.000000 -0.000000 -0.000000
vn 100.000000 -0.000000 -0.000000
vn -100.000000 0.000000 0.000000
vn -100.000000 0.000000 0.000000
vn -86.902060 0.000000 -49.477591
vn -86.902060 0.000000 -49.477591
vn -51.039361 0.000000 -85.994091
vn -51.039361 0.000000 -85.994091
vn -1.806452 -0.000000 -99.983682
vn -1.806452 -0.000000 -99.983682
vn -0.000000 -100.000000 0.000000
vn -0.000000 -100.000000 0.000000
vn -0.000000 -100.000000 0.000000
vn -0.000000 -100.000000 0.000000
vn -0.000000 -100.000000 0.000000
vn -0.000000 -100.000000 0.000000
vn -0.000000 -100.000000 0.000000
vn -0.000000 -100.000000 0.000000
vn -0.000000 -100.000000 0.000000
vn -0.000000 -100.000000 0.000000
vn -0.000000 -100.000000 0.000000
vn -0.000000 -100.000000 0.000000
vn -0.000000 -100.000000 0.000000
vn -0.000000 -100.000000 0.000000
vn -0.000000 -100.000000 0.000000
vn -0.000000 -100.000000 0.000000
vn -0.000000 -100.000000 0.000000
vn -0.000000 -100.000000 0.000000
vn -0.000000 -100.000000 0.000000
vn -0.000000 -100.000000 0.000000
vn -0.000000 -100.000000 0.000000
vn -0.000000 -100.000000 0.000000
vn -0.000000 -100.000000 0.000000
vn -0.000000 -100.000000 0.000000
vn -0.000000 -100.000000 0.000000
vn -0.000000 -100.000000 0.000000
vn -0.000000 -100.000000 0.000000
vn -0.000000 -100.000000 0.000000
vn -0.000000 -100.000000 0.000000
vn -0.000000 -100.000000 0.000000
vn -0.000000 -100.000000 0.000000
vn -0.000000 -100.000000 0.000000
vn -0.000000 -100.000000 0.000000
vn -0.000000 -100.000000 0.000000
vn -0.000000 -100.000000 0.000000
vn -0.000000 -100.000000 0.000000
vn -0.000000 -100.000000 0.000000
vn -0.000000 -100.000000 0.000000
vn -0.000000 -100.000000 0.000000
vn -0.000000 -100.000000 0.000000
vn -0.000000 -100.000000 0.000000
vn -0.000000 -100.000000 0.000000
vn -0.000000 -100.000000 0.000000
vn -0.000000 -100.000000 0.000000
vn -0.000000 -100.000000 0.000000
vn -0.000000 -100.000000 0.000000
vn -0.000000 -100.000000 0.000000
vn -0.000000 -100.000000 0.000000
vn -0.000000 -100.000000 0.000000
vn -0.000000 -100.000000 0.000000
vn -0.000000 -100.000000 0.000000
vn -0.000000 -100.000000 0.000000
vn -0.000000 -100.000000 0.000000
vn -0.000000 -100.000000 0.000000
vn -0.000000 -100.000000 0.000000
vn -0.000000 -100.000000 0.000000
vn -0.000000 -100.000000 0.000000
vn -0.000000 -100.000000 0.000000
vn -0.000000 -100.000000 0.000000
vn -0.000000 -100.000000 0.000000
vn -0.000000 -100.000000 0.000000
vn -0.000000 -100.000000 0.000000
vn -0.000000 -100.000000 0.000000
vn -0.000000 -100.000000 0.000000
vn -0.000000 -100.000000 0.000000
vn -0.000000 -100.000000 0.000000
vn -0.000000 -100.000000 0.000000
vn -0.000000 -100.000000 0.000000
vn -0.000000 -100.000000 0.000000
vn -0.000000 -100.000000 0.000000
vn -0.000000 -100.000000 0.000000
vn -0.000000 -100.000000 0.000000
vn -0.000000 -100.000000 0.000000
vn -0.000000 -100.000000 0.000000
vn -0.000000 -100.000000 0.000000
vn -0.000000 -100.000000 0.000000
vn -0.000000 -100.000000 0.000000
vn -0.000000 -100.000000 0.000000
vn -0.000000 -100.000000 0.000000
vn -0.000000 -100.000000 0.000000
vn -0.000000 -100.000000 0.000000
vn -0.000000 -100.000000 0.000000
vn -0.000000 -100.000000 0.000000
vn -0.000000 -100.000000 0.000000
vn -0.000000 -100.000000 0.000000
vn -0.000000 -100.000000 0.000000
vn -0.000000 -100.000000 0.000000
vn -0.000000 -100.000000 0.000000
vn -0.000000 -100.000000 0.000000
vn -0.000000 -100.000000 0.000000
vn -0.000000 -100.000000 0.000000
vn -0.000000 -100.000000 0.000000
vn -0.000000 -100.000000 0.000000
vn -0.000000 -100.000000 0.000000
vn -0.000000 -100.000000 0.000000
vn -0.000000 -100.000000 0.000000
vn -0.000000 -100.000000 0.000000
vn -0.000000 -100.000000 0.000000
vn -0.000000 -100.000000 0.000000
vn -0.000000 -100.000000 0.000000
vn -0.000000 -100.000000 0.000000
vn -0.000000 -100.000000 0.000000
vn -0.000000 -100.000000 0.000000
vn -0.000000 -100.000000 0.000000
vn -0.000000 -100.000000 0.000000
vn -0.000000 -100.000000 0.000000
vn -0.000000 -100.000000 0.000000
vn -0.000000 -100.000000 0.000000
vn -0.000000 -100.000000 0.000000
vn -0.000000 -100.000000 0.000000
vn -0.000000 -100.000000 0.000000
vn -0.000000 -100.000000 0.000000
vn -0.000000 -100.000000 0.000000
vn -0.000000 -100.000000 0.000000
vn -0.000000 -100.000000 0.000000
vn -0.000000 -100.000000 0.000000
vn -0.000000 -100.000000 0.000000
vn -0.000000 -100.000000 0.000000
vn -0.000000 -100.000000 0.000000
vn -0.000000 -100.000000 0.000000
vn -0.000000 -100.000000 0.000000
vn -0.000000 -100.000000 0.000000
vn -0.000000 -100.000000 0.000000
vn 4.994220 -0.000000 -99.875211
vn 4.994220 -0.000000 -99.875211
vn 11.771788 -0.000000 -99.304708
vn 11.771788 -0.000000 -99.304708
vn 18.494898 -0.000000 -98.274812
vn 18.494898 -0.000000 -98.274812
vn 64.278761 -0.000000 76.604444
vn 64.278761 -0.000000 76.604444
vn 0.000000 0.000000 100.000000
vn 0.000000 0.000000 100.000000
vn -64.278761 0.000000 76.604444
vn -64.278761 0.000000 76.604444
vn -98.480775 0.000000 17.364818
vn -98.480775 0.000000 17.364818
vn -86.602540 0.000000 -50.000000
vn -86.602540 0.000000 -50.000000
vn -34.202014 0.000000 -93.969262
vn -34.202014 0.000000 -93.969262
vn 34.202014 -0.000000 -93.969262
vn 34.202014 -0.000000 -93.969262
vn 86.602540 -0.000000 -50.000000
vn 86.602540 -0.000000 -50.000000
vn 98.480775 -0.000000 17.364818
vn 98.480775 -0.000000 17.364818
vn 64.278761 -0.000000 76.604444
vn 64.278761 -0.000000 76.604444
vn 0.000000 0.000000 100.000000
vn 0.000000 0.000000 100.000000
vn -64.278761 0.000000 76.604444
vn -64.278761 0.000000 76.604444
vn -98.480775 0.000000 17.364818
vn -98.480775 0.000000 17.364818
vn -86.602540 0.000000 -50.000000
vn -86.602540 0.000000 -50.000000
vn -34.202014 0.000000 -93.969262
vn -34.202014 0.000000 -93.969262
vn 34.202014 -0.000000 -93.969262
vn 34.202014 -0.000000 -93.969262
vn 86.602540 -0.000000 -50.000000
vn 86.602540 -0.000000 -50.000000
vn 98.480775 -0.000000 17.364818
vn 98.480775 -0.000000 17.364818
vn 64.278761 -0.000000 76.604444
vn 64.278761 -0.000000 76.604444
vn 0.000000 0.000000 100.000000
vn 0.000000 0.000000 100.000000
vn -64.278761 0.000000 76.604444
vn -64.278761 0.000000 76.604444
vn -98.480775 0.000000 17.364818
vn -98.480775 0.000000 17.364818
vn -86.602540 0.000000 -50.000000
vn -86.602540 0.000000 -50.000000
vn -34.202014 0.000000 -93.969262
vn -34.202014 0.000000 -93.969262
vn 34.202014 -0.000000 -93.969262
vn 34.202014 -0.000000 -93.969262
vn 86.602540 -0.000000 -50.000000
vn 86.602540 -0.000000 -50.000000
vn 98.480775 -0.000000 17.364818
vn 98.480775 -0.000000 17.364818
vn 64.278761 -0.000000 76.604444
vn 64.278761 -0.000000 76.604444
vn 0.000000 0.000000 100.000000
vn 0.000000 0.000000 100.000000
vn -64.278761 0.000000 76.604444
vn -64.278761 0.000000 76.604444
vn -98.480775 0.000000 17.364818
vn -98.480775 0.000000 17.364818
vn -86.602540 0.000000 -50.000000
vn -86.602540 0.000000 -50.000000
vn -34.202014 0.000000 -93.969262
vn -34.202014 0.000000 -93.969262
vn 34.202014 -0.000000 -93.969262
vn 34.202014 -0.000000 -93.969262
vn 86.602540 -0.000000 -50.000000
vn 86.602540 -0.000000 -50.000000
vn 98.480775 -0.000000 17.364818
vn 98.480775 -0.000000 17.364818
vn 64.278761 -0.000000 76.604444
vn 64.278761 -0.000000 76.604444
vn 0.000000 0.000000 100.000000
vn 0.000000 0.000000 100.000000
vn -64.278761 0.000000 76.604444
vn -64.278761 0.000000 76.604444
vn -98.480775 0.000000 17.364818
vn -98.480775 0.000000 17.364818
vn -86.602540 0.000000 -50.000000
vn -86.602540 0.000000 -50.000000
vn -34.202014 0.000000 -93.969262
vn -34.202014 0.000000 -93.969262
vn 34.202014 -0.000000 -93.969262
vn 34.202014 -0.000000 -93.969262
vn 86.602540 -0.000000 -50.000000
vn 86.602540 -0.000000 -50.000000
vn 98.480775 -0.000000 17.364818
vn 98.480775 -0.000000 17.364818
vn 64.278761 -0.000000 76.604444
vn 64.278761 -0.000000 76.604444
vn 0.000000 0.000000 100.000000
vn 0.000000 0.000000 100.000000
vn -64.278761 0.000000 76.604444
vn -64.278761 0.000000 76.604444
vn -98.480775 0.000000 17.364818
vn -98.480775 0.000000 17.364818
vn -86.602540 0.000000 -50.000000
vn -86.602540 0.000000 -50.000000
vn -34.202014 0.000000 -93.969262
vn -34.202014 0.000000 -93.969262
vn 34.202014 -0.000000 -93.969262
vn 34.202014 -0.000000 -93.969262
vn 86.602540 -0.000000 -50.000000
vn 86.602540 -0.000000 -50.000000
vn 98.480775 -0.000000 17.364818
vn 98.480775 -0.000000 17.364818
vn 64.278761 -0.000000 76.604444
vn 64.278761 -0.000000 76.604444
vn 0.000000 0.000000 100.000000
vn 0.000000 0.000000 100.000000
vn -64.278761 0.000000 76.604444
vn -64.278761 0.000000 76.604444
vn -98.480775 0.000000 17.364818
vn -98.480775 0.000000 17.364818
vn -86.602540 0.000000 -50.000000
vn -86.602540 0.000000 -50.000000
vn -34.202014 0.000000 -93.969262
vn -34.202014 0.000000 -93.969262
vn 34.202014 -0.000000 -93.969262
vn 34.202014 -0.000000 -93.969262
vn 86.602540 -0.000000 -50.000000
vn 86.602540 -0.000000 -50.000000
vn 98.480775 -0.000000 17.364818
vn 98.480775 -0.000000 17.364818
vn 64.278761 -0.000000 76.604444
vn 64.278761 -0.000000 76.604444
vn 0.000000 0.000000 100.000000
vn 0.000000 0.000000 100.000000
vn -64.278761 0.000000 76.604444
vn -64.278761 0.000000 76.604444
vn -98.480775 0.000000 17.364818
vn -98.480775 0.000000 17.364818
vn -86.602540 0.000000 -50.000000
vn -86.602540 0.000000 -50.000000
vn -34.202014 0.000000 -93.969262
vn -34.202014 0.000000 -93.969262
vn 34.202014 -0.000000 -93.969262
vn 34.202014 -0.000000 -93.969262
vn 86.602540 -0.000000 -50.000000
vn 86.602540 -0.000000 -50.000000
vn 98.480775 -0.000000 17.364818
vn 98.480775 -0.000000 17.364818
vn 64.278761 -0.000000 76.604444
vn 64.278761 -0.000000 76.604444
vn 0.000000 0.000000 100.000000
vn 0.000000 0.000000 100.000000
vn -64.278761 0.000000 76.604444
vn -64.278761 0.000000 76.604444
vn -98.480775 0.000000 17.364818
vn -98.480775 0.000000 17.364818
vn -86.602540 0.000000 -50.000000
vn -86.602540 0.000000 -50.000000
vn -34.202014 0.000000 -93.969262
vn -34.202014 0.000000 -93.969262
vn 34.202014 -0.000000 -93.969262
vn 34.202014 -0.000000 -93.969262
vn 86.602540 -0.000000 -50.000000
vn 86.602540 -0.000000 -50.000000
vn 98.480775 -0.000000 17.364818
vn 98.480775 -0.000000 17.364818
vn 64.278761 -0.000000 76.604444
vn 64.278761 -0.000000 76.604444
vn 0.000000 0.000000 100.000000
vn 0.000000 0.000000 100.000000
vn -64.278761 0.000000 76.604444
vn -64.278761 0.000000 76.604444
vn -98.480775 0.000000 17.364818
vn -98.480775 0.000000 17.364818
vn -86.602540 0.000000 -50.000000
vn -86.602540 0.000000 -50.000000
vn -34.202014 0.000000 -93.969262
vn -34.202014 0.000000 -93.969262
vn 34.202014 -0.000000 -93.969262
vn 34.202014 -0.000000 -93.969262
vn 86.602540 -0.000000 -50.000000
vn 86.602540 -0.000000 -50.000000
vn 98.480775 -0.000000 17.364818
vn 98.480775 -0.000000 17.364818
vn 64.278761 -0.000000 76.604444
vn 64.278761 -0.000000 76.604444
vn 0.000000 0.000000 100.000000
vn 0.000000 0.000000 100.000000
vn -64.278761 0.000000 76.604444
vn -64.278761 0.000000 76.604444
vn -98.480775 0.000000 17.364818
vn -98.480775 0.000000 17.364818
vn -86.602540 0.000000 -50.000000
vn -86.602540 0.000000 -50.000000
vn -34.202014 0.000000 -93.969262
vn -34.202014 0.000000 -93.969262
vn 34.202014 -0.000000 -93.969262
vn 34.202014 -0.000000 -93.969262
vn 86.602540 -0.000000 -50.000000
vn 86.602540 -0.000000 -50.000000
vn 98.480775 -0.000000 17.364818
vn 98.480775 -0.000000 17.364818
vn 17.364818 0.000000 98.480775
vn 17.364818 0.000000 98.480775
vn 17.364818 0.000000 98.480775
vn 17.364818 0.000000 98.480775
vn 89.363264 -0.000000 44.879918
vn 89.363264 -0.000000 44.879918
vn 59.715859 -0.000000 80.212319
vn 59.715859 -0.000000 80.212319
vn 89.442781 -0.000000 44.721237
vn 89.442781 -0.000000 44.721237
vn 42.382434 -0.000000 90.574441
vn 42.382434 -0.000000 90.574441
vn -22.975225 0.000000 97.324915
vn -22.975225 0.000000 97.324915
vn -78.414037 0.000000 62.058350
vn -78.414037 0.000000 62.058350
vn -100.000000 0.000000 0.000000
vn -100.000000 0.000000 0.000000
vn 76.419536 -0.000000 64.498485
vn 76.419536 -0.000000 64.498485
vn 99.998351 -0.000000 0.574348
vn 99.998351 -0.000000 0.574348
vn 77.155373 -0.000000 -63.616416
vn 77.155373 -0.000000 -63.616416
vn 0.000000 100.000000 -0.000000
vn 0.000000 100.000000 -0.000000
vn 0.000000 100.000000 -0.000000
vn 0.000000 100.000000 -0.000000
vn 0.000000 100.000000 -0.000000
vn 0.000000 100.000000 -0.000000
vn 0.000000 100.000000 -0.000000
vn 0.000000 100.000000 -0.000000
vn 0.000000 100.000000 -0.000000
vn 0.000000 100.000000 -0.000000
vn 0.000000 100.000000 -0.000000
vn 0.000000 100.000000 -0.000000
vn 0.000000 100.000000 -0.000000
vn 0.000000 100.000000 -0.000000
vn 0.000000 100.000000 -0.000000
vn 0.000000 100.000000 -0.000000
vn 0.000000 100.000000 -0.000000
vn 0.000000 100.000000 -0.000000
vn 0.000000 100.000000 -0.000000
vn 0.000000 100.000000 -0.000000
vn 0.000000 100.000000 -0.000000
vn 0.000000 100.000000 -0.000000
vn 0.000000 100.000000 -0.000000
vn 0.000000 100.000000 -0.000000
vn 0.000000 100.000000 -0.000000
vn 0.000000 100.000000 -0.000000
vn 0.000000 100.000000 -0.000000
vn 0.000000 100.000000 -0.000000
vn 0.000000 100.000000 -0.000000
vn 0.000000 100.000000 -0.000000
vn 0.000000 100.000000 -0.000000
vn 0.000000 100.000000 -0.000000
vn 0.000000 100.000000 -0.000000
vn 0.000000 100.000000 -0.000000
vn 0.000000 100.000000 -0.000000
vn 0.000000 100.000000 -0.000000
vn 0.000000 100.000000 -0.000000
vn 0.000000 100.000000 -0.000000
vn 0.000000 100.000000 -0.000000
vn 0.000000 100.000000 -0.000000
vn 0.000000 100.000000 -0.000000
vn 0.000000 100.000000 -0.000000
vn 0.000000 100.000000 -0.000000
vn 0.000000 100.000000 -0.000000
vn 0.000000 100.000000 -0.000000
vn 0.000000 100.000000 -0.000000
vn 0.000000 100.000000 -0.000000
vn 0.000000 100.000000 -0.000000
vn 0.000000 100.000000 -0.000000
vn 0.000000 100.000000 -0.000000
vn 0.000000 100.000000 -0.000000
vn 0.000000 100.000000 -0.000000
vn 0.000000 100.000000 -0.000000
vn 0.000000 100.000000 -0.000000
vn 0.000000 100.000000 -0.000000
vn 0.000000 100.000000 -0.000000
vn 0.000000 100.000000 -0.000000
vn 0.000000 100.000000 -0.000000
vn 0.000000 100.000000 -0.000000
vn 0.000000 100.000000 -0.000000
vn 0.000000 100.000000 -0.000000
vn 0.000000 100.000000 -0.000000
vn 0.000000 100.000000 -0.000000
vn 0.000000 100.000000 -0.000000
vn 0.000000 100.000000 -0.000000
vn 0.000000 100.000000 -0.000000
vn 0.000000 100.000000 -0.000000
vn 0.000000 100.000000 -0.000000
vn 0.000000 100.000000 -0.000000
vn 0.000000 100.000000 -0.000000
vn 0.000000 100.000000 -0.000000
vn 0.000000 100.000000 -0.000000
vn 0.000000 100.000000 -0.000000
vn 0.000000 100.000000 -0.000000
vn 0.000000 100.000000 -0.000000
vn 0.000000 100.000000 -0.000000
vn 0.000000 100.000000 -0.000000
vn 0.000000 100.000000 -0.000000
vn 0.000000 100.000000 -0.000000
vn 0.000000 100.000000 -0.000000
vn 0.000000 100.000000 -0.000000
vn 0.000000 100.000000 -0.000000
vn 0.000000 100.000000 -0.000000
vn 0.000000 100.000000 -0.000000
vn 0.000000 100.000000 -0.000000
vn 0.000000 100.000000 -0.000000
vn 0.000000 100.000000 -0.000000
vn 0.000000 100.000000 -0.000000
vn 0.000000 100.000000 -0.000000
vn 0.000000 100.000000 -0.000000
vn 0.000000 100.000000 -0.000000
vn 0.000000 100.000000 -0.000000
vn 0.000000 100.000000 -0.000000
vn 0.000000 100.000000 -0.000000
vn 0.000000 100.000000 -0.000000
vn 0.000000 100.000000 -0.000000
vn 0.000000 100.000000 -0.000000
vn 0.000000 100.000000 -0.000000
vn 0.000000 100.000000 -0.000000
vn 0.000000 100.000000 -0.000000
vn 0.000000 100.000000 -0.000000
vn 0.000000 100.000000 -0.000000
vn 0.000000 100.000000 -0.000000
vn 0.000000 100.000000 -0.000000
vn 0.000000 100.000000 -0.000000
vn 0.000000 100.000000 -0.000000
vn 0.000000 100.000000 -0.000000
vn 0.000000 100.000000 -0.000000
vn 0.000000 100.000000 -0.000000
vn 0.000000 100.000000 -0.000000
vn 0.000000 100.000000 -0.000000
vn 0.000000 100.000000 -0.000000
vn 0.000000 100.000000 -0.000000
vn 0.000000 100.000000 -0.000000
vn 0.000000 100.000000 -0.000000
vn 0.000000 100.000000 -0.000000
vn 0.000000 100.000000 -0.000000
vn 0.000000 100.000000 -0.000000
vn 0.000000 100.000000 -0.000000
vn 0.000000 100.000000 -0.000000
vn 0.000000 100.000000 -0.000000
vn 0.000000 100.000000 -0.000000
vn 0.000000 100.000000 -0.000000
usemtl 64,64,64
f 8/1/1 1/2/2 7/3/3
f 7/3/3 1/2/2 2/4/4
f 7/3/3 2/4/4 6/5/5
f 6/5/5 2/4/4 3/6/6
f 6/5/5 3/6/6 5/7/7
f 5/7/7 3/6/6 4/8/8
f 4/9/8 9/10/9 5/11/7
f 5/11/7 9/10/9 10/12/10
f 18/13/11 11/14/12 17/15/13
f 17/15/13 11/14/12 12/16/14
f 17/15/13 12/16/14 16/17/15
f 16/17/15 12/16/14 13/18/16
f 16/17/15 13/18/16 15/19/17
f 15/19/17 13/18/16 14/20/18
f 27/21/19 19/22/20 120/23/21
f 120/23/21 19/22/20 20/24/22
f 120/23/21 20/24/22 119/25/23
f 119/25/23 20/24/22 21/26/24
f 119/25/23 21/26/24 22/27/25
f 23/28/26 124/29/27 22/27/25
f 22/27/25 124/29/27 125/30/28
f 22/27/25 125/30/28 119/25/23
f 119/25/23 125/30/28 118/31/29
f 118/31/29 125/30/28 126/32/30
f 118/31/29 126/32/30 127/33/31
f 23/28/26 24/34/32 124/29/27
f 124/29/27 24/34/32 25/35/33
f 124/29/27 25/35/33 123/36/34
f 123/36/34 25/35/33 26/37/35
f 123/36/34 26/37/35 121/38/36
f 121/38/36 26/37/35 120/23/21
f 120/23/21 26/37/35 27/21/19
f 36/39/37 28/40/38 93/41/39
f 93/41/39 28/40/38 29/42/40
f 93/41/39 29/42/40 132/43/41
f 132/43/41 29/42/40 30/44/42
f 132/43/41 30/44/42 31/45/43
f 132/43/41 31/45/43 131/46/44
f 131/46/44 31/45/43 32/47/45
f 131/46/44 32/47/45 33/48/46
f 131/46/44 33/48/46 39/49/47
f 39/49/47 33/48/46 34/50/48
f 39/49/47 34/50/48 38/51/49
f 38/51/49 34/50/48 35/52/50
f 38/51/49 35/52/50 37/53/51
f 37/53/51 35/52/50 95/54/52
f 37/53/51 95/54/52 96/55/53
f 95/54/52 35/52/50 94/56/54
f 94/56/54 35/52/50 36/39/37
f 94/56/54 36/39/37 93/41/39
f 39/49/47 40/57/55 131/46/44
f 131/46/44 40/57/55 41/58/56
f 131/46/44 41/58/56 130/59/57
f 130/59/57 41/58/56 42/60/58
f 130/59/57 42/60/58 43/61/59
f 43/61/59 44/62/60 130/59/57
f 130/59/57 44/62/60 85/63/61
f 130/59/57 85/63/61 86/64/62
f 85/63/61 44/62/60 84/65/63
f 84/65/63 44/62/60 45/66/64
f 84/65/63 45/66/64 96/55/53
f 96/55/53 45/66/64 37/53/51
f 47/67/65 86/64/62 46/68/66
f 46/68/66 86/64/62 87/69/67
f 46/68/66 87/69/67 54/70/68
f 54/70/68 87/69/67 53/71/69
f 53/71/69 87/69/67 129/72/70
f 53/71/69 129/72/70 52/73/71
f 52/73/71 129/72/70 51/74/72
f 51/74/72 129/72/70 130/59/57
f 51/74/72 130/59/57 50/75/73
f 50/75/73 130/59/57 49/76/74
f 49/76/74 130/59/57 48/77/75
f 48/77/75 130/59/57 86/64/62
f 48/77/75 86/64/62 47/67/65
f 56/78/76 77/79/77 55/80/78
f 55/80/78 77/79/77 78/81/79
f 55/80/78 78/81/79 66/82/80
f 66/82/80 78/81/79 79/83/81
f 66/82/80 79/83/81 65/84/82
f 65/84/82 79/83/81 80/85/83
f 65/84/82 80/85/83 64/86/84
f 64/86/84 80/85/83 72/87/85
f 72/87/85 80/85/83 1/88/86
f 72/87/85 1/88/86 71/89/87
f 71/89/87 1/88/86 128/90/88
f 71/89/87 128/90/88 70/91/89
f 70/91/89 128/90/88 69/92/90
f 69/92/90 128/90/88 68/93/91
f 68/93/91 128/90/88 62/94/92
f 68/93/91 62/94/92 67/95/93
f 67/95/93 62/94/92 63/96/94
f 67/95/93 63/96/94 66/82/80
f 66/82/80 63/96/94 55/80/78
f 77/79/77 56/78/76 89/97/95
f 89/97/95 56/78/76 57/98/96
f 89/97/95 57/98/96 88/99/97
f 88/99/97 57/98/96 129/72/70
f 88/99/97 129/72/70 87/69/67
f 57/98/96 58/100/98 129/72/70
f 129/72/70 58/100/98 59/101/99
f 129/72/70 59/101/99 60/102/100
f 60/102/100 61/103/101 129/72/70
f 129/72/70 61/103/101 128/90/88
f 128/90/88 61/103/101 62/94/92
f 81/104/102 73/105/103 2/106/104
f 2/106/104 73/105/103 74/107/105
f 2/106/104 74/107/105 75/108/106
f 76/109/107 89/97/95 75/108/106
f 75/108/106 89/97/95 90/110/108
f 75/108/106 90/110/108 107/111/109
f 107/111/109 90/110/108 106/112/110
f 106/112/110 90/110/108 82/113/111
f 106/112/110 82/113/111 105/114/112
f 105/114/112 82/113/111 104/115/113
f 104/115/113 82/113/111 103/116/114
f 103/116/114 82/113/111 83/117/115
f 103/116/114 83/117/115 102/118/116
f 102/118/116 83/117/115 98/119/117
f 102/118/116 98/119/117 99/120/118
f 76/109/107 77/79/77 89/97/95
f 1/88/86 80/85/83 2/106/104
f 2/106/104 80/85/83 81/104/102
f 83/117/115 84/65/63 98/119/117
f 98/119/117 84/65/63 97/121/119
f 97/121/119 84/65/63 96/55/53
f 99/120/118 91/122/120 3/123/121
f 3/123/121 91/122/120 92/124/122
f 3/123/121 92/124/122 112/125/123
f 112/125/123 92/124/122 93/41/39
f 112/125/123 93/41/39 132/43/41
f 102/118/116 99/120/118 3/123/121
f 108/126/124 100/127/125 2/106/104
f 2/106/104 100/127/125 101/128/126
f 2/106/104 101/128/126 3/123/121
f 3/123/121 101/128/126 102/118/116
f 75/108/106 107/111/109 2/106/104
f 2/106/104 107/111/109 108/126/124
f 117/129/127 109/130/128 9/131/129
f 9/131/129 109/130/128 110/132/130
f 9/131/129 110/132/130 18/133/131
f 18/133/131 110/132/130 111/134/132
f 18/133/131 111/134/132 132/43/41
f 132/43/41 111/134/132 112/125/123
f 112/125/123 113/135/133 3/123/121
f 3/123/121 113/135/133 114/136/134
f 3/123/121 114/136/134 115/137/135
f 3/123/121 115/137/135 4/138/136
f 4/138/136 115/137/135 116/139/137
f 4/138/136 116/139/137 9/131/129
f 9/131/129 116/139/137 117/129/127
f 17/140/138 16/141/139 18/133/131
f 18/133/131 16/141/139 9/131/129
f 16/141/139 15/142/140 9/131/129
f 9/131/129 15/142/140 127/33/31
f 127/33/31 15/142/140 118/31/29
f 121/38/36 122/143/141 123/36/34
f 15/144/17 14/145/18 118/146/142
f 118/146/142 14/145/18 133/147/143
f 118/146/142 133/147/143 119/148/144
f 119/148/144 133/147/143 134/149/145
f 119/148/144 134/149/145 120/150/146
f 120/150/146 134/149/145 135/151/147
f 137/152/148 20/153/149 136/154/150
f 136/154/150 20/153/149 19/155/151
f 136/156/150 19/157/151 144/158/152
f 144/158/152 19/157/151 27/159/153
f 144/158/152 27/159/153 143/160/154
f 143/160/154 27/159/153 26/161/155
f 143/160/154 26/161/155 142/162/156
f 142/162/156 26/161/155 25/163/157
f 142/162/156 25/163/157 141/164/158
f 141/164/158 25/163/157 24/165/159
f 141/164/158 24/165/159 140/166/160
f 140/166/160 24/165/159 23/167/161
f 140/166/160 23/167/161 139/168/162
f 139/168/162 23/167/161 22/169/163
f 139/168/162 22/169/163 138/170/164
f 138/170/164 22/169/163 21/171/165
f 138/170/164 21/171/165 137/152/148
f 137/152/148 21/171/165 20/153/149
f 146/172/166 29/173/167 145/174/168
f 145/174/168 29/173/167 28/175/169
f 145/176/168 28/177/169 153/178/170
f 153/178/170 28/177/169 36/179/171
f 153/178/170 36/179/171 152/180/172
f 152/180/172 36/179/171 35/181/173
f 152/180/172 35/181/173 151/182/174
f 151/182/174 35/181/173 34/183/175
f 151/182/174 34/183/175 150/184/176
f 150/184/176 34/183/175 33/185/177
f 150/184/176 33/185/177 149/186/178
f 149/186/178 33/185/177 32/187/179
f 149/186/178 32/187/179 148/188/180
f 148/188/180 32/187/179 31/189/181
f 148/188/180 31/189/181 147/190/182
f 147/190/182 31/189/181 30/191/183
f 147/190/182 30/191/183 146/172/166
f 146/172/166 30/191/183 29/173/167
f 155/192/184 38/193/185 154/194/186
f 154/194/186 38/193/185 37/195/187
f 154/196/186 37/197/187 162/198/188
f 162/198/188 37/197/187 45/199/189
f 162/198/188 45/199/189 161/200/190
f 161/200/190 45/199/189 44/201/191
f 161/200/190 44/201/191 160/202/192
f 160/202/192 44/201/191 43/203/193
f 160/202/192 43/203/193 159/204/194
f 159/204/194 43/203/193 42/205/195
f 159/204/194 42/205/195 158/206/196
f 158/206/196 42/205/195 41/207/197
f 158/206/196 41/207/197 157/208/198
f 157/208/198 41/207/197 40/209/199
f 157/208/198 40/209/199 156/210/200
f 156/210/200 40/209/199 39/211/201
f 156/210/200 39/211/201 155/192/184
f 155/192/184 39/211/201 38/193/185
f 164/212/202 47/213/203 163/214/204
f 163/214/204 47/213/203 46/215/205
f 163/216/204 46/217/205 171/218/206
f 171/218/206 46/217/205 54/219/207
f 171/218/206 54/219/207 170/220/208
f 170/220/208 54/219/207 53/221/209
f 170/220/208 53/221/209 169/222/210
f 169/222/210 53/221/209 52/223/211
f 169/222/210 52/223/211 168/224/212
f 168/224/212 52/223/211 51/225/213
f 168/224/212 51/225/213 167/226/214
f 167/226/214 51/225/213 50/227/215
f 167/226/214 50/227/215 166/228/216
f 166/228/216 50/227/215 49/229/217
f 166/228/216 49/229/217 165/230/218
f 165/230/218 49/229/217 48/231/219
f 165/230/218 48/231/219 164/212/202
f 164/212/202 48/231/219 47/213/203
f 173/232/220 56/233/221 172/234/222
f 172/234/222 56/233/221 55/235/223
f 172/236/222 55/237/223 180/238/224
f 180/238/224 55/237/223 63/239/225
f 180/238/224 63/239/225 179/240/226
f 179/240/226 63/239/225 62/241/227
f 179/240/226 62/241/227 178/242/228
f 178/242/228 62/241/227 61/243/229
f 178/242/228 61/243/229 177/244/230
f 177/244/230 61/243/229 60/245/231
f 177/244/230 60/245/231 176/246/232
f 176/246/232 60/245/231 59/247/233
f 176/246/232 59/247/233 175/248/234
f 175/248/234 59/247/233 58/249/235
f 175/248/234 58/249/235 174/250/236
f 174/250/236 58/249/235 57/251/237
f 174/250/236 57/251/237 173/232/220
f 173/232/220 57/251/237 56/233/221
f 182/252/238 65/253/239 181/254/240
f 181/254/240 65/253/239 64/255/241
f 181/256/240 64/257/241 189/258/242
f 189/258/242 64/257/241 72/259/243
f 189/258/242 72/259/243 188/260/244
f 188/260/244 72/259/243 71/261/245
f 188/260/244 71/261/245 187/262/246
f 187/262/246 71/261/245 70/263/247
f 187/262/246 70/263/247 186/264/248
f 186/264/248 70/263/247 69/265/249
f 186/264/248 69/265/249 185/266/250
f 185/266/250 69/265/249 68/267/251
f 185/266/250 68/267/251 184/268/252
f 184/268/252 68/267/251 67/269/253
f 184/268/252 67/269/253 183/270/254
f 183/270/254 67/269/253 66/271/255
f 183/270/254 66/271/255 182/252/238
f 182/252/238 66/271/255 65/253/239
f 191/272/256 74/273/257 190/274/258
f 190/274/258 74/273/257 73/275/259
f 190/276/258 73/277/259 198/278/260
f 198/278/260 73/277/259 81/279/261
f 198/278/260 81/279/261 197/280/262
f 197/280/262 81/279/261 80/281/263
f 197/280/262 80/281/263 196/282/264
f 196/282/264 80/281/263 79/283/265
f 196/282/264 79/283/265 195/284/266
f 195/284/266 79/283/265 78/285/267
f 195/284/266 78/285/267 194/286/268
f 194/286/268 78/285/267 77/287/269
f 194/286/268 77/287/269 193/288/270
f 193/288/270 77/287/269 76/289/271
f 193/288/270 76/289/271 192/290/272
f 192/290/272 76/289/271 75/291/273
f 192/290/272 75/291/273 191/272/256
f 191/272/256 75/291/273 74/273/257
f 200/292/274 83/293/275 199/294/276
f 199/294/276 83/293/275 82/295/277
f 199/296/276 82/297/277 207/298/278
f 207/298/278 82/297/277 90/299/279
f 207/298/278 90/299/279 206/300/280
f 206/300/280 90/299/279 89/301/281
f 206/300/280 89/301/281 205/302/282
f 205/302/282 89/301/281 88/303/283
f 205/302/282 88/303/283 204/304/284
f 204/304/284 88/303/283 87/305/285
f 204/304/284 87/305/285 203/306/286
f 203/306/286 87/305/285 86/307/287
f 203/306/286 86/307/287 202/308/288
f 202/308/288 86/307/287 85/309/289
f 202/308/288 85/309/289 201/310/290
f 201/310/290 85/309/289 84/311/291
f 201/310/290 84/311/291 200/292/274
f 200/292/274 84/311/291 83/293/275
f 209/312/292 92/313/293 208/314/294
f 208/314/294 92/313/293 91/315/295
f 208/316/294 91/317/295 216/318/296
f 216/318/296 91/317/295 99/319/297
f 216/318/296 99/319/297 215/320/298
f 215/320/298 99/319/297 98/321/299
f 215/320/298 98/321/299 214/322/300
f 214/322/300 98/321/299 97/323/301
f 214/322/300 97/323/301 213/324/302
f 213/324/302 97/323/301 96/325/303
f 213/324/302 96/325/303 212/326/304
f 212/326/304 96/325/303 95/327/305
f 212/326/304 95/327/305 211/328/306
f 211/328/306 95/327/305 94/329/307
f 211/328/306 94/329/307 210/330/308
f 210/330/308 94/329/307 93/331/309
f 210/330/308 93/331/309 209/312/292
f 209/312/292 93/331/309 92/313/293
f 218/332/310 101/333/311 217/334/312
f 217/334/312 101/333/311 100/335/313
f 217/336/312 100/337/313 225/338/314
f 225/338/314 100/337/313 108/339/315
f 225/338/314 108/339/315 224/340/316
f 224/340/316 108/339/315 107/341/317
f 224/340/316 107/341/317 223/342/318
f 223/342/318 107/341/317 106/343/319
f 223/342/318 106/343/319 222/344/320
f 222/344/320 106/343/319 105/345/321
f 222/344/320 105/345/321 221/346/322
f 221/346/322 105/345/321 104/347/323
f 221/346/322 104/347/323 220/348/324
f 220/348/324 104/347/323 103/349/325
f 220/348/324 103/349/325 219/350/326
f 219/350/326 103/349/325 102/351/327
f 219/350/326 102/351/327 218/332/310
f 218/332/310 102/351/327 101/333/311
f 227/352/328 110/353/329 226/354/330
f 226/354/330 110/353/329 109/355/331
f 226/356/330 109/357/331 234/358/332
f 234/358/332 109/357/331 117/359/333
f 234/358/332 117/359/333 233/360/334
f 233/360/334 117/359/333 116/361/335
f 233/360/334 116/361/335 232/362/336
f 232/362/336 116/361/335 115/363/337
f 232/362/336 115/363/337 231/364/338
f 231/364/338 115/363/337 114/365/339
f 231/364/338 114/365/339 230/366/340
f 230/366/340 114/365/339 113/367/341
f 230/366/340 113/367/341 229/368/342
f 229/368/342 113/367/341 112/369/343
f 229/368/342 112/369/343 228/370/344
f 228/370/344 112/369/343 111/371/345
f 228/370/344 111/371/345 227/352/328
f 227/352/328 111/371/345 110/353/329
f 125/372/346 124/373/347 236/374/348
f 236/374/348 124/373/347 235/375/349
f 10/376/10 9/377/9 238/378/350
f 238/378/350 9/377/9 127/379/351
f 238/378/350 127/379/351 126/380/352
f 125/381/346 236/382/348 126/380/352
f 126/380/352 236/382/348 237/383/353
f 126/380/352 237/383/353 238/378/350
f 1/384/2 8/385/1 128/386/354
f 128/386/354 8/385/1 239/387/355
f 128/386/354 239/387/355 129/388/356
f 129/388/356 239/387/355 240/389/357
f 129/388/356 240/389/357 130/390/358
f 130/390/358 240/389/357 241/391/359
f 130/390/358 241/391/359 131/392/360
f 131/392/360 241/391/359 242/393/361
f 131/392/360 242/393/361 132/394/362
f 132/394/362 242/393/361 243/395/363
f 18/396/11 132/397/362 11/398/12
f 11/398/12 132/397/362 243/399/363
f 235/400/349 124/401/347 246/402/364
f 246/402/364 124/401/347 123/403/365
f 246/402/364 123/403/365 245/404/366
f 245/404/366 123/403/365 122/405/367
f 245/404/366 122/405/367 244/406/368
f 244/406/368 122/405/367 121/407/369
f 244/406/368 121/407/369 135/408/147
f 135/408/147 121/407/369 120/409/146
f 13/410/370 10/411/371 14/412/372
f 14/412/372 10/411/371 238/413/373
f 14/412/372 238/413/373 133/414/374
f 133/414/374 238/413/373 237/415/375
f 133/414/374 237/415/375 236/416/376
f 12/417/377 11/418/378 13/410/370
f 13/410/370 11/418/378 10/411/371
f 243/419/379 228/420/380 11/418/378
f 11/418/378 228/420/380 227/421/381
f 11/418/378 227/421/381 10/411/371
f 10/411/371 227/421/381 226/422/382
f 10/411/371 226/422/382 234/423/383
f 242/424/384 148/425/385 243/419/379
f 243/419/379 148/425/385 147/426/386
f 243/419/379 147/426/386 146/427/387
f 241/428/388 158/429/389 242/424/384
f 242/424/384 158/429/389 157/430/390
f 242/424/384 157/430/390 156/431/391
f 240/432/392 168/433/393 241/428/388
f 241/428/388 168/433/393 167/434/394
f 241/428/388 167/434/394 166/435/395
f 239/436/396 178/437/397 240/432/392
f 240/432/392 178/437/397 177/438/398
f 240/432/392 177/438/398 176/439/399
f 8/440/400 188/441/401 239/436/396
f 239/436/396 188/441/401 187/442/402
f 239/436/396 187/442/402 186/443/403
f 7/444/404 197/445/405 8/440/400
f 8/440/400 197/445/405 189/446/406
f 8/440/400 189/446/406 188/441/401
f 6/447/407 218/448/408 7/444/404
f 7/444/404 218/448/408 217/449/409
f 7/444/404 217/449/409 225/450/410
f 5/451/411 232/452/412 6/447/407
f 6/447/407 232/452/412 231/453/413
f 6/447/407 231/453/413 230/454/414
f 232/452/412 5/451/411 233/455/415
f 233/455/415 5/451/411 10/411/371
f 233/455/415 10/411/371 234/423/383
f 235/456/416 139/457/417 236/416/376
f 236/416/376 139/457/417 134/458/418
f 236/416/376 134/458/418 133/414/374
f 246/459/419 142/460/420 235/456/416
f 235/456/416 142/460/420 141/461/421
f 235/456/416 141/461/421 140/462/422
f 245/463/423 244/464/424 246/459/419
f 246/459/419 244/464/424 143/465/425
f 246/459/419 143/465/425 142/460/420
f 244/464/424 135/466/426 143/465/425
f 143/465/425 135/466/426 144/467/427
f 144/467/427 135/466/426 136/468/428
f 136/468/428 135/466/426 137/469/429
f 137/469/429 135/466/426 134/458/418
f 137/469/429 134/458/418 138/470/430
f 138/470/430 134/458/418 139/457/417
f 230/454/414 229/471/431 6/447/407
f 6/447/407 229/471/431 209/472/432
f 6/447/407 209/472/432 208/473/433
f 228/420/380 243/419/379 229/471/431
f 229/471/431 243/419/379 210/474/434
f 229/471/431 210/474/434 209/472/432
f 225/450/410 224/475/435 7/444/404
f 7/444/404 224/475/435 192/476/436
f 7/444/404 192/476/436 191/477/437
f 192/476/436 224/475/435 207/478/438
f 207/478/438 224/475/435 223/479/439
f 207/478/438 223/479/439 199/480/440
f 199/480/440 223/479/439 222/481/441
f 199/480/440 222/481/441 221/482/442
f 221/482/442 220/483/443 199/480/440
f 199/480/440 220/483/443 200/484/444
f 200/484/444 220/483/443 219/485/445
f 200/484/444 219/485/445 215/486/446
f 215/486/446 219/485/445 216/487/447
f 216/487/447 219/485/445 6/447/407
f 216/487/447 6/447/407 208/473/433
f 219/485/445 218/448/408 6/447/407
f 200/484/444 215/486/446 201/488/448
f 201/488/448 215/486/446 214/489/449
f 201/488/448 214/489/449 213/490/450
f 212/491/451 154/492/452 213/490/450
f 213/490/450 154/492/452 162/493/453
f 213/490/450 162/493/453 201/488/448
f 201/488/448 162/493/453 161/494/454
f 201/488/448 161/494/454 202/495/455
f 202/495/455 161/494/454 241/428/388
f 202/495/455 241/428/388 203/496/456
f 203/496/456 241/428/388 165/497/457
f 203/496/456 165/497/457 164/498/458
f 154/492/452 212/491/451 152/499/459
f 152/499/459 212/491/451 211/500/460
f 152/499/459 211/500/460 153/501/461
f 153/501/461 211/500/460 210/474/434
f 153/501/461 210/474/434 145/502/462
f 145/502/462 210/474/434 146/427/387
f 146/427/387 210/474/434 243/419/379
f 207/478/438 206/503/463 192/476/436
f 192/476/436 206/503/463 193/504/464
f 193/504/464 206/503/463 194/505/465
f 194/505/465 206/503/463 173/506/466
f 194/505/465 173/506/466 172/507/467
f 173/506/466 206/503/463 174/508/468
f 174/508/468 206/503/463 205/509/469
f 174/508/468 205/509/469 240/432/392
f 240/432/392 205/509/469 204/510/470
f 240/432/392 204/510/470 170/511/471
f 170/511/471 204/510/470 171/512/472
f 171/512/472 204/510/470 163/513/473
f 163/513/473 204/510/470 203/496/456
f 163/513/473 203/496/456 164/498/458
f 191/477/437 190/514/474 7/444/404
f 7/444/404 190/514/474 198/515/475
f 7/444/404 198/515/475 197/445/405
f 196/516/476 182/517/477 197/445/405
f 197/445/405 182/517/477 181/518/478
f 197/445/405 181/518/478 189/446/406
f 182/517/477 196/516/476 183/519/479
f 183/519/479 196/516/476 195/520/480
f 183/519/479 195/520/480 172/507/467
f 172/507/467 195/520/480 194/505/465
f 186/443/403 185/521/481 239/436/396
f 239/436/396 185/521/481 179/522/482
f 239/436/396 179/522/482 178/437/397
f 185/521/481 184/523/483 179/522/482
f 179/522/482 184/523/483 180/524/484
f 180/524/484 184/523/483 183/519/479
f 180/524/484 183/519/479 172/507/467
f 176/439/399 175/525/485 240/432/392
f 240/432/392 175/525/485 174/508/468
f 170/511/471 169/526/486 240/432/392
f 240/432/392 169/526/486 168/433/393
f 166/435/395 165/497/457 241/428/388
f 161/494/454 160/527/487 241/428/388
f 241/428/388 160/527/487 159/528/488
f 241/428/388 159/528/488 158/429/389
f 155/529/489 151/530/490 156/431/391
f 156/431/391 151/530/490 150/531/491
f 156/431/391 150/531/491 242/424/384
f 242/424/384 150/531/491 149/532/492
f 242/424/384 149/532/492 148/425/385
f 151/530/490 155/529/489 152/499/459
f 152/499/459 155/529/489 154/492/452
f 140/462/422 139/457/417 235/456/416

g ソリッド1:1

v 0.009544 -0.021000 -0.001993
v 0.004860 -0.021000 -0.029030
v 0.002041 -0.021000 -0.056325
v 0.001100 -0.021000 -0.083749
v 0.001100 -0.019000 -0.083749
v 0.002041 -0.019000 -0.056325
v 0.004860 -0.019000 -0.029030
v 0.009544 -0.019000 -0.001993
v 0.001100 -0.021000 -0.165775
v 0.001100 -0.019000 -0.165775
v 0.000000 -0.021000 0.005850
v -0.003760 -0.021000 0.004481
v -0.005761 -0.021000 0.001016
v -0.005066 -0.021000 -0.002925
v -0.002001 -0.021000 -0.005497
v 0.002001 -0.021000 -0.005497
v 0.005066 -0.021000 -0.002925
v 0.005761 -0.021000 0.001016
v 0.003760 -0.021000 0.004481
v -0.000000 -0.019000 -0.005850
v -0.003760 -0.019000 -0.004481
v -0.005761 -0.019000 -0.001016
v -0.005066 -0.019000 0.002925
v -0.002001 -0.019000 0.005497
v 0.002001 -0.019000 0.005497
v 0.005066 -0.019000 0.002925
v 0.005761 -0.019000 -0.001016
v 0.003760 -0.019000 -0.004481
v -0.009750 -0.019000 -0.193718
v -0.008931 -0.019000 -0.196811
v -0.006690 -0.019000 -0.199093
v -0.003613 -0.019000 -0.199967
v -0.003613 -0.021000 -0.199967
v -0.006690 -0.021000 -0.199093
v -0.008931 -0.021000 -0.196811
v -0.009750 -0.021000 -0.193718
v 0.036250 -0.021000 -0.193919
v 0.035414 -0.021000 -0.193614
v 0.034970 -0.021000 -0.192844
v 0.035124 -0.021000 -0.191969
v 0.035805 -0.021000 -0.191397
v 0.036695 -0.021000 -0.191397
v 0.037376 -0.021000 -0.191969
v 0.037530 -0.021000 -0.192844
v 0.037086 -0.021000 -0.193614
v -0.008000 -0.021000 -0.001050
v -0.008675 -0.021000 -0.000804
v -0.009034 -0.021000 -0.000182
v -0.008909 -0.021000 0.000525
v -0.008359 -0.021000 0.000987
v -0.007641 -0.021000 0.000987
v -0.007091 -0.021000 0.000525
v -0.006966 -0.021000 -0.000182
v -0.007325 -0.021000 -0.000804
v -0.005657 -0.021000 0.004607
v -0.006332 -0.021000 0.004853
v -0.006691 -0.021000 0.005475
v -0.006566 -0.021000 0.006182
v -0.006016 -0.021000 0.006644
v -0.005298 -0.021000 0.006644
v -0.004748 -0.021000 0.006182
v -0.004623 -0.021000 0.005475
v -0.004982 -0.021000 0.004853
v -0.000000 -0.021000 0.006950
v -0.000675 -0.021000 0.007196
v -0.001034 -0.021000 0.007818
v -0.000909 -0.021000 0.008525
v -0.000359 -0.021000 0.008987
v 0.000359 -0.021000 0.008987
v 0.000909 -0.021000 0.008525
v 0.001034 -0.021000 0.007818
v 0.000675 -0.021000 0.007196
v 0.005657 -0.021000 0.004607
v 0.004982 -0.021000 0.004853
v 0.004623 -0.021000 0.005475
v 0.004748 -0.021000 0.006182
v 0.005298 -0.021000 0.006644
v 0.006016 -0.021000 0.006644
v 0.006566 -0.021000 0.006182
v 0.006691 -0.021000 0.005475
v 0.006332 -0.021000 0.004853
v 0.008000 -0.021000 -0.001050
v 0.007325 -0.021000 -0.000804
v 0.006966 -0.021000 -0.000182
v 0.007091 -0.021000 0.000525
v 0.007641 -0.021000 0.000987
v 0.008359 -0.021000 0.000987
v 0.008909 -0.021000 0.000525
v 0.009034 -0.021000 -0.000182
v 0.008675 -0.021000 -0.000804
v 0.005657 -0.021000 -0.006707
v 0.004982 -0.021000 -0.006461
v 0.004623 -0.021000 -0.005839
v 0.004748 -0.021000 -0.005132
v 0.005298 -0.021000 -0.004670
v 0.006016 -0.021000 -0.004670
v 0.006566 -0.021000 -0.005132
v 0.006691 -0.021000 -0.005839
v 0.006332 -0.021000 -0.006461
v -0.005657 -0.021000 -0.006707
v -0.006332 -0.021000 -0.006461
v -0.006691 -0.021000 -0.005839
v -0.006566 -0.021000 -0.005132
v -0.006016 -0.021000 -0.004670
v -0.005298 -0.021000 -0.004670
v -0.004748 -0.021000 -0.005132
v -0.004623 -0.021000 -0.005839
v -0.004982 -0.021000 -0.006461
v -0.000000 -0.021000 -0.009050
v -0.000675 -0.021000 -0.008804
v -0.001034 -0.021000 -0.008182
v -0.000909 -0.021000 -0.007475
v -0.000359 -0.021000 -0.007013
v 0.000359 -0.021000 -0.007013
v 0.000909 -0.021000 -0.007475
v 0.001034 -0.021000 -0.008182
v 0.000675 -0.021000 -0.008804
v -0.004300 -0.021000 -0.090627
v -0.005136 -0.021000 -0.090323
v -0.005580 -0.021000 -0.089553
v -0.005426 -0.021000 -0.088677
v -0.004745 -0.021000 -0.088105
v -0.003855 -0.021000 -0.088105
v -0.003174 -0.021000 -0.088677
v -0.003020 -0.021000 -0.089553
v -0.003464 -0.021000 -0.090323
v 0.009988 -0.021000 -0.199750
v 0.023544 -0.021000 -0.198609
v 0.036990 -0.021000 -0.196550
v 0.039336 -0.021000 -0.195163
v 0.040250 -0.021000 -0.192596
v 0.039307 -0.021000 -0.190039
v 0.036945 -0.021000 -0.188679
v 0.017432 -0.021000 -0.185239
v 0.009062 -0.021000 -0.181628
v 0.003202 -0.021000 -0.174645
v 0.008721 -0.021000 0.004360
v 0.004132 -0.021000 0.008831
v -0.002240 -0.021000 0.009489
v -0.007645 -0.021000 0.006051
v -0.009750 -0.021000 0.000000
v 0.009988 -0.019000 -0.199750
v 0.023544 -0.019000 -0.198609
v 0.036990 -0.019000 -0.196550
v 0.036250 -0.019000 -0.193919
v 0.035414 -0.019000 -0.193614
v 0.034970 -0.019000 -0.192844
v 0.035124 -0.019000 -0.191969
v 0.035805 -0.019000 -0.191397
v 0.036695 -0.019000 -0.191397
v 0.037376 -0.019000 -0.191969
v 0.037530 -0.019000 -0.192844
v 0.037086 -0.019000 -0.193614
v -0.008000 -0.019000 -0.001050
v -0.008675 -0.019000 -0.000804
v -0.009034 -0.019000 -0.000182
v -0.008909 -0.019000 0.000525
v -0.008359 -0.019000 0.000987
v -0.007641 -0.019000 0.000987
v -0.007091 -0.019000 0.000525
v -0.006966 -0.019000 -0.000182
v -0.007325 -0.019000 -0.000804
v -0.005657 -0.019000 0.004607
v -0.006332 -0.019000 0.004853
v -0.006691 -0.019000 0.005475
v -0.006566 -0.019000 0.006182
v -0.006016 -0.019000 0.006644
v -0.005298 -0.019000 0.006644
v -0.004748 -0.019000 0.006182
v -0.004623 -0.019000 0.005475
v -0.004982 -0.019000 0.004853
v 0.000000 -0.019000 0.006950
v -0.000675 -0.019000 0.007196
v -0.001034 -0.019000 0.007818
v -0.000909 -0.019000 0.008525
v -0.000359 -0.019000 0.008987
v 0.000359 -0.019000 0.008987
v 0.000909 -0.019000 0.008525
v 0.001034 -0.019000 0.007818
v 0.000675 -0.019000 0.007196
v 0.005657 -0.019000 0.004607
v 0.004982 -0.019000 0.004853
v 0.004623 -0.019000 0.005475
v 0.004748 -0.019000 0.006182
v 0.005298 -0.019000 0.006644
v 0.006016 -0.019000 0.006644
v 0.006566 -0.019000 0.006182
v 0.006691 -0.019000 0.005475
v 0.006332 -0.019000 0.004853
v 0.008000 -0.019000 -0.001050
v 0.007325 -0.019000 -0.000804
v 0.006966 -0.019000 -0.000182
v 0.007091 -0.019000 0.000525
v 0.007641 -0.019000 0.000987
v 0.008359 -0.019000 0.000987
v 0.008909 -0.019000 0.000525
v 0.009034 -0.019000 -0.000182
v 0.008675 -0.019000 -0.000804
v 0.005657 -0.019000 -0.006707
v 0.004982 -0.019000 -0.006461
v 0.004623 -0.019000 -0.005839
v 0.004748 -0.019000 -0.005132
v 0.005298 -0.019000 -0.004670
v 0.006016 -0.019000 -0.004670
v 0.006566 -0.019000 -0.005132
v 0.006691 -0.019000 -0.005839
v 0.006332 -0.019000 -0.006461
v -0.005657 -0.019000 -0.006707
v -0.006332 -0.019000 -0.006461
v -0.006691 -0.019000 -0.005839
v -0.006566 -0.019000 -0.005132
v -0.006016 -0.019000 -0.004670
v -0.005298 -0.019000 -0.004670
v -0.004748 -0.019000 -0.005132
v -0.004623 -0.019000 -0.005839
v -0.004982 -0.019000 -0.006461
v -0.000000 -0.019000 -0.009050
v -0.000675 -0.019000 -0.008804
v -0.001034 -0.019000 -0.008182
v -0.000909 -0.019000 -0.007475
v -0.000359 -0.019000 -0.007013
v 0.000359 -0.019000 -0.007013
v 0.000909 -0.019000 -0.007475
v 0.001034 -0.019000 -0.008182
v 0.000675 -0.019000 -0.008804
v -0.004300 -0.019000 -0.090627
v -0.005136 -0.019000 -0.090323
v -0.005580 -0.019000 -0.089553
v -0.005426 -0.019000 -0.088677
v -0.004745 -0.019000 -0.088105
v -0.003855 -0.019000 -0.088105
v -0.003174 -0.019000 -0.088677
v -0.003020 -0.019000 -0.089553
v -0.003464 -0.019000 -0.090323
v 0.039336 -0.019000 -0.195163
v 0.040250 -0.019000 -0.192596
v 0.039307 -0.019000 -0.190039
v 0.036945 -0.019000 -0.188679
v 0.017432 -0.019000 -0.185239
v 0.009062 -0.019000 -0.181628
v 0.003202 -0.019000 -0.174645
v 0.008721 -0.019000 0.004360
v 0.004132 -0.019000 0.008831
v -0.002240 -0.019000 0.009489
v -0.007645 -0.019000 0.006051
v -0.009750 -0.019000 0.000000
vt 0.000000 117.430091 0.000000
vt 0.200000 117.430091 0.000000
vt 0.000000 120.174630 0.000000
vt 0.200000 120.174630 0.000000
vt 0.000000 122.919168 0.000000
vt 0.200000 122.919168 0.000000
vt 0.000000 125.663706 0.000000
vt 0.200000 125.663706 0.000000
vt 5.174875 0.000000 0.000000
vt 13.377485 0.000000 0.000000
vt 5.174875 0.200000 0.000000
vt 13.377485 0.200000 0.000000
vt 0.200000 -1.429425 0.000000
vt 0.000000 -1.633628 0.000000
vt 0.200000 -1.837832 0.000000
vt 0.200000 1.837832 0.000000
vt 0.000000 2.042035 0.000000
vt -0.000000 1.633628 0.000000
vt 0.200000 1.429425 0.000000
vt -0.000000 1.225221 0.000000
vt 0.200000 1.021018 0.000000
vt 0.000000 0.816814 0.000000
vt 0.200000 0.612611 0.000000
vt 0.000000 0.408407 0.000000
vt 0.200000 0.204204 0.000000
vt 0.000000 0.000000 0.000000
vt 0.200000 -0.204204 0.000000
vt 0.000000 -0.408407 0.000000
vt 0.200000 -0.612611 0.000000
vt 0.000000 -0.816814 0.000000
vt 0.200000 -1.021018 0.000000
vt 0.000000 -1.225221 0.000000
vt -0.000000 0.485228 0.000000
vt -0.200000 0.485228 0.000000
vt -0.000000 0.161743 0.000000
vt -0.200000 0.161743 0.000000
vt -0.000000 -0.161743 0.000000
vt -0.200000 -0.161743 0.000000
vt -0.000000 -0.485228 0.000000
vt -0.200000 -0.485228 0.000000
vt 9.960636 1.148969 0.000000
vt 10.232065 1.457507 0.000000
vt 10.097500 1.525000 0.000000
vt 10.207500 1.525000 0.000000
vt 10.232065 1.592493 0.000000
vt 9.614084 0.948887 0.000000
vt 9.997751 1.026807 0.000000
vt 10.059952 1.062719 0.000000
vt 10.395601 1.111771 0.000000
vt 10.130685 1.050247 0.000000
vt 10.176853 0.995227 0.000000
vt 9.220000 1.018375 0.000000
vt 9.045482 0.923402 0.000000
vt 9.494267 0.828405 0.000000
vt 9.997751 0.891822 0.000000
vt 9.565000 0.815933 0.000000
vt 10.059952 0.855910 0.000000
vt 9.611168 0.760912 0.000000
vt 9.948532 0.652933 0.000000
vt 9.611168 0.689088 0.000000
vt 9.565000 0.634067 0.000000
vt 8.962780 1.324918 0.000000
vt 8.999315 1.050247 0.000000
vt 9.045482 0.995227 0.000000
vt 8.962780 1.725082 0.000000
vt 8.811168 1.560912 0.000000
vt 8.811168 1.489088 0.000000
vt 8.765000 1.434067 0.000000
vt 9.220000 2.031625 0.000000
vt 8.999315 1.999753 0.000000
vt 8.928582 1.987281 0.000000
vt 8.694267 1.628405 0.000000
vt 8.866380 2.023193 0.000000
vt 3.880011 1.320881 0.000000
vt 8.841815 2.090685 0.000000
vt 8.866380 2.158178 0.000000
vt 9.614084 2.101113 0.000000
vt 9.045482 2.126598 0.000000
vt 9.045482 2.054773 0.000000
vt 9.960636 1.901031 0.000000
vt 9.997751 2.023193 0.000000
vt 9.973185 2.090685 0.000000
vt 9.997751 2.158178 0.000000
vt 10.294267 1.628405 0.000000
vt 10.461418 1.749008 0.000000
vt 10.365000 1.615933 0.000000
vt 10.411168 1.560912 0.000000
vt -9.848949 -2.183562 0.000000
vt -9.879363 -2.100000 0.000000
vt -10.142462 -2.173980 0.000000
vt -9.848949 -2.016438 0.000000
vt -10.348442 -0.829358 0.000000
vt -9.771937 -1.971975 0.000000
vt -9.684363 -1.987417 0.000000
vt -9.627203 -2.055537 0.000000
vt -9.355440 -2.169459 0.000000
vt -9.011385 -0.218223 0.000000
vt -10.462542 0.526156 0.000000
vt -8.650322 0.618814 0.000000
vt -7.952003 1.204773 0.000000
vt -9.627203 -2.144463 0.000000
vt -9.684363 -2.212583 0.000000
vt -9.491369 -2.405678 0.000000
vt -9.771937 -2.228025 0.000000
vt -10.003829 -2.408621 0.000000
vt 9.432065 2.257507 0.000000
vt 9.407500 2.325000 0.000000
vt 8.928582 2.194090 0.000000
vt 9.432065 2.392493 0.000000
vt 9.512500 2.500000 0.000000
vt 9.494267 2.428405 0.000000
vt 9.565000 2.415933 0.000000
vt 10.117569 2.289537 0.000000
vt 9.611168 2.360912 0.000000
vt 9.611168 2.289088 0.000000
vt 10.059952 2.194090 0.000000
vt 9.565000 2.234067 0.000000
vt 9.494267 2.221595 0.000000
vt 8.999315 2.181618 0.000000
vt 10.130685 2.181618 0.000000
vt 10.176853 2.126598 0.000000
vt 10.176853 2.054773 0.000000
vt 10.130685 1.999753 0.000000
vt 10.059952 1.987281 0.000000
vt 10.411168 1.489088 0.000000
vt 10.365000 1.434067 0.000000
vt 10.294267 1.421595 0.000000
vt 9.973185 0.959315 0.000000
vt 10.176853 0.923402 0.000000
vt 10.130685 0.868382 0.000000
vt 9.432065 0.657507 0.000000
vt 9.407500 0.725000 0.000000
vt 8.928582 0.855910 0.000000
vt 9.432065 0.792493 0.000000
vt 8.999315 0.868382 0.000000
vt 9.494267 0.621595 0.000000
vt 9.313220 0.570583 0.000000
vt 8.866380 0.891822 0.000000
vt 8.841815 0.959315 0.000000
vt 6.609490 1.038966 0.000000
vt 8.866380 1.026807 0.000000
vt 8.928582 1.062719 0.000000
vt 0.644800 2.067583 0.000000
vt 8.632065 1.457507 0.000000
vt 8.607500 1.525000 0.000000
vt 8.632065 1.592493 0.000000
vt 8.765000 1.615933 0.000000
vt 8.694267 1.421595 0.000000
vt 0.480214 1.871438 0.000000
vt 0.449800 1.955000 0.000000
vt -7.064985 1.415000 0.000000
vt 0.480214 2.038562 0.000000
vt -9.859338 2.500000 0.000000
vt 0.557226 2.083025 0.000000
vt 0.701960 1.999463 0.000000
vt 0.701960 1.910537 0.000000
vt 0.644800 1.842417 0.000000
vt 1.137625 1.415000 0.000000
vt 0.557226 1.826975 0.000000
vt -10.168573 2.418138 0.000000
vt -10.396802 2.193996 0.000000
vt -10.484236 1.886290 0.000000
vt -9.747066 -2.499993 0.000000
vt -0.000000 4.081709 0.000000
vt -0.200000 4.081709 0.000000
vt -0.000000 2.721139 0.000000
vt -0.200000 2.721139 0.000000
vt -0.000000 1.360570 0.000000
vt -0.200000 1.360570 0.000000
vt -0.000000 0.000000 0.000000
vt -0.200000 0.000000 0.000000
vt 0.200000 -0.317650 0.000000
vt 0.000000 -0.317650 0.000000
vt 0.200000 -0.408407 0.000000
vt 0.000000 -0.408407 0.000000
vt 0.200000 0.408407 0.000000
vt 0.000000 0.408407 0.000000
vt 0.200000 0.317650 0.000000
vt 0.000000 0.317650 0.000000
vt 0.200000 0.226893 0.000000
vt 0.000000 0.226893 0.000000
vt 0.200000 0.136136 0.000000
vt -0.000000 0.136136 0.000000
vt 0.200000 0.045379 0.000000
vt -0.000000 0.045379 0.000000
vt 0.200000 -0.045379 0.000000
vt -0.000000 -0.045379 0.000000
vt 0.200000 -0.136136 0.000000
vt -0.000000 -0.136136 0.000000
vt 0.200000 -0.226893 0.000000
vt 0.000000 -0.226893 0.000000
vt 0.200000 -0.256563 0.000000
vt 0.000000 -0.256563 0.000000
vt 0.200000 -0.329867 0.000000
vt 0.000000 -0.329867 0.000000
vt 0.200000 0.329867 0.000000
vt 0.000000 0.329867 0.000000
vt 0.200000 0.256563 0.000000
vt 0.000000 0.256563 0.000000
vt 0.200000 0.183260 0.000000
vt -0.000000 0.183260 0.000000
vt 0.200000 0.109956 0.000000
vt 0.000000 0.109956 0.000000
vt 0.200000 0.036652 0.000000
vt 0.000000 0.036652 0.000000
vt 0.200000 -0.036652 0.000000
vt 0.000000 -0.036652 0.000000
vt 0.200000 -0.109956 0.000000
vt 0.000000 -0.109956 0.000000
vt 0.200000 -0.183260 0.000000
vt -0.000000 -0.183260 0.000000
vt 0.200000 -0.256563 0.000000
vt -0.000000 -0.256563 0.000000
vt 0.200000 -0.329867 0.000000
vt 0.000000 -0.329867 0.000000
vt 0.200000 0.329867 0.000000
vt 0.000000 0.329867 0.000000
vt 0.200000 0.256563 0.000000
vt -0.000000 0.256563 0.000000
vt 0.200000 0.183260 0.000000
vt -0.000000 0.183260 0.000000
vt 0.200000 0.109956 0.000000
vt 0.000000 0.109956 0.000000
vt 0.200000 0.036652 0.000000
vt -0.000000 0.036652 0.000000
vt 0.200000 -0.036652 0.000000
vt -0.000000 -0.036652 0.000000
vt 0.200000 -0.109956 0.000000
vt 0.000000 -0.109956 0.000000
vt 0.200000 -0.183260 0.000000
vt -0.000000 -0.183260 0.000000
vt 0.200000 -0.256563 0.000000
vt 0.000000 -0.256563 0.000000
vt 0.200000 -0.329867 0.000000
vt 0.000000 -0.329867 0.000000
vt 0.200000 0.329867 0.000000
vt 0.000000 0.329867 0.000000
vt 0.200000 0.256563 0.000000
vt 0.000000 0.256563 0.000000
vt 0.200000 0.183260 0.000000
vt 0.000000 0.183260 0.000000
vt 0.200000 0.109956 0.000000
vt 0.000000 0.109956 0.000000
vt 0.200000 0.036652 0.000000
vt -0.000000 0.036652 0.000000
vt 0.200000 -0.036652 0.000000
vt -0.000000 -0.036652 0.000000
vt 0.200000 -0.109956 0.000000
vt 0.000000 -0.109956 0.000000
vt 0.200000 -0.183260 0.000000
vt 0.000000 -0.183260 0.000000
vt 0.200000 -0.256563 0.000000
vt -0.000000 -0.256563 0.000000
vt 0.200000 -0.329867 0.000000
vt 0.000000 -0.329867 0.000000
vt 0.200000 0.329867 0.000000
vt 0.000000 0.329867 0.000000
vt 0.200000 0.256563 0.000000
vt -0.000000 0.256563 0.000000
vt 0.200000 0.183260 0.000000
vt -0.000000 0.183260 0.000000
vt 0.200000 0.109956 0.000000
vt 0.000000 0.109956 0.000000
vt 0.200000 0.036652 0.000000
vt -0.000000 0.036652 0.000000
vt 0.200000 -0.036652 0.000000
vt -0.000000 -0.036652 0.000000
vt 0.200000 -0.109956 0.000000
vt 0.000000 -0.109956 0.000000
vt 0.200000 -0.183260 0.000000
vt -0.000000 -0.183260 0.000000
vt 0.200000 -0.256563 0.000000
vt 0.000000 -0.256563 0.000000
vt 0.200000 -0.329867 0.000000
vt 0.000000 -0.329867 0.000000
vt 0.200000 0.329867 0.000000
vt 0.000000 0.329867 0.000000
vt 0.200000 0.256563 0.000000
vt 0.000000 0.256563 0.000000
vt 0.200000 0.183260 0.000000
vt -0.000000 0.183260 0.000000
vt 0.200000 0.109956 0.000000
vt 0.000000 0.109956 0.000000
vt 0.200000 0.036652 0.000000
vt 0.000000 0.036652 0.000000
vt 0.200000 -0.036652 0.000000
vt 0.000000 -0.036652 0.000000
vt 0.200000 -0.109956 0.000000
vt 0.000000 -0.109956 0.000000
vt 0.200000 -0.183260 0.000000
vt -0.000000 -0.183260 0.000000
vt 0.200000 -0.256563 0.000000
vt 0.000000 -0.256563 0.000000
vt 0.200000 -0.329867 0.000000
vt 0.000000 -0.329867 0.000000
vt 0.200000 0.329867 0.000000
vt 0.000000 0.329867 0.000000
vt 0.200000 0.256563 0.000000
vt 0.000000 0.256563 0.000000
vt 0.200000 0.183260 0.000000
vt -0.000000 0.183260 0.000000
vt 0.200000 0.109956 0.000000
vt 0.000000 0.109956 0.000000
vt 0.200000 0.036652 0.000000
vt 0.000000 0.036652 0.000000
vt 0.200000 -0.036652 0.000000
vt 0.000000 -0.036652 0.000000
vt 0.200000 -0.109956 0.000000
vt 0.000000 -0.109956 0.000000
vt 0.200000 -0.183260 0.000000
vt -0.000000 -0.183260 0.000000
vt 0.200000 -0.256563 0.000000
vt 0.000000 -0.256563 0.000000
vt 0.200000 -0.329867 0.000000
vt 0.000000 -0.329867 0.000000
vt 0.200000 0.329867 0.000000
vt 0.000000 0.329867 0.000000
vt 0.200000 0.256563 0.000000
vt 0.000000 0.256563 0.000000
vt 0.200000 0.183260 0.000000
vt -0.000000 0.183260 0.000000
vt 0.200000 0.109956 0.000000
vt 0.000000 0.109956 0.000000
vt 0.200000 0.036652 0.000000
vt 0.000000 0.036652 0.000000
vt 0.200000 -0.036652 0.000000
vt 0.000000 -0.036652 0.000000
vt 0.200000 -0.109956 0.000000
vt 0.000000 -0.109956 0.000000
vt 0.200000 -0.183260 0.000000
vt -0.000000 -0.183260 0.000000
vt 0.200000 -0.256563 0.000000
vt 0.000000 -0.256563 0.000000
vt 0.200000 -0.329867 0.000000
vt 0.000000 -0.329867 0.000000
vt 0.200000 0.329867 0.000000
vt 0.000000 0.329867 0.000000
vt 0.200000 0.256563 0.000000
vt 0.000000 0.256563 0.000000
vt 0.200000 0.183260 0.000000
vt 0.000000 0.183260 0.000000
vt 0.200000 0.109956 0.000000
vt 0.000000 0.109956 0.000000
vt 0.200000 0.036652 0.000000
vt -0.000000 0.036652 0.000000
vt 0.200000 -0.036652 0.000000
vt -0.000000 -0.036652 0.000000
vt 0.200000 -0.109956 0.000000
vt 0.000000 -0.109956 0.000000
vt 0.200000 -0.183260 0.000000
vt 0.000000 -0.183260 0.000000
vt 0.200000 -0.317650 0.000000
vt -0.000000 -0.317650 0.000000
vt 0.200000 -0.408407 0.000000
vt -0.000000 -0.408407 0.000000
vt 0.200000 0.408407 0.000000
vt -0.000000 0.408407 0.000000
vt 0.200000 0.317650 0.000000
vt -0.000000 0.317650 0.000000
vt 0.200000 0.226893 0.000000
vt 0.000000 0.226893 0.000000
vt 0.200000 0.136136 0.000000
vt 0.000000 0.136136 0.000000
vt 0.200000 0.045379 0.000000
vt 0.000000 0.045379 0.000000
vt 0.200000 -0.045379 0.000000
vt 0.000000 -0.045379 0.000000
vt 0.200000 -0.136136 0.000000
vt 0.000000 -0.136136 0.000000
vt 0.200000 -0.226893 0.000000
vt 0.000000 -0.226893 0.000000
vt -0.200000 0.000000 0.000000
vt -0.000000 0.000000 0.000000
vt -0.200000 0.278104 0.000000
vt -0.000000 0.278104 0.000000
vt -0.200000 0.556208 0.000000
vt -0.000000 0.556208 0.000000
vt -0.200000 0.834312 0.000000
vt -0.000000 0.834312 0.000000
vt -0.200000 1.112416 0.000000
vt -0.000000 1.112416 0.000000
vt 0.000000 0.000000 0.000000
vt 1.981337 0.000000 0.000000
vt 0.000000 0.200000 0.000000
vt 1.981337 0.200000 0.000000
vt 0.200000 -3.449513 0.000000
vt 0.000000 -3.449513 0.000000
vt 0.200000 -4.369384 0.000000
vt 0.000000 -4.369384 0.000000
vt -0.000000 -5.289254 0.000000
vt 0.000000 -6.209124 0.000000
vt 0.200000 -6.209124 0.000000
vt 0.200000 -5.289254 0.000000
vt -0.000000 -2.862358 0.000000
vt -0.200000 -2.862358 0.000000
vt -0.000000 -3.515108 0.000000
vt -0.200000 -3.515108 0.000000
vt -0.000000 -4.167857 0.000000
vt -0.200000 -4.167857 0.000000
vt -0.000000 -4.820607 0.000000
vt -0.200000 -4.820607 0.000000
vt -0.000000 -5.473356 0.000000
vt -0.200000 -5.473356 0.000000
vt -0.000000 -6.126106 0.000000
vt -0.200000 -6.126106 0.000000
vt 0.604382 0.000000 0.000000
vt 19.976220 0.000000 0.000000
vt 0.604382 0.200000 0.000000
vt 19.976220 0.200000 0.000000
vt -9.064364 1.148969 0.000000
vt -8.765000 1.434067 0.000000
vt -8.927500 1.525000 0.000000
vt -8.811168 1.489088 0.000000
vt -8.811168 1.560912 0.000000
vt -9.410916 0.948887 0.000000
vt -8.999315 1.050247 0.000000
vt -8.928582 1.062719 0.000000
vt -8.694267 1.421595 0.000000
vt -6.609490 1.038966 0.000000
vt -8.632065 1.457507 0.000000
vt -8.607500 1.525000 0.000000
vt -8.632065 1.592493 0.000000
vt -3.880011 1.320881 0.000000
vt -8.694267 1.628405 0.000000
vt -8.866380 2.023193 0.000000
vt -8.928582 1.987281 0.000000
vt -9.805000 1.018375 0.000000
vt -9.973185 0.959315 0.000000
vt -9.997751 0.891822 0.000000
vt -9.494267 0.828405 0.000000
vt -9.565000 0.815933 0.000000
vt -10.059952 0.855910 0.000000
vt -9.611168 0.760912 0.000000
vt -9.948532 0.652933 0.000000
vt -9.611168 0.689088 0.000000
vt -9.565000 0.634067 0.000000
vt -9.494267 0.621595 0.000000
vt -9.313220 0.570583 0.000000
vt -9.432065 0.657507 0.000000
vt -8.928582 0.855910 0.000000
vt -9.407500 0.725000 0.000000
vt -9.432065 0.792493 0.000000
vt -8.999315 0.868382 0.000000
vt -9.045482 0.923402 0.000000
vt -9.045482 0.995227 0.000000
vt -10.062220 1.324918 0.000000
vt -10.059952 1.062719 0.000000
vt -9.997751 1.026807 0.000000
vt -10.062220 1.725082 0.000000
vt -10.207500 1.525000 0.000000
vt -10.232065 1.457507 0.000000
vt -10.294267 1.421595 0.000000
vt -9.805000 2.031625 0.000000
vt -10.059952 1.987281 0.000000
vt -10.461418 1.749008 0.000000
vt -10.294267 1.628405 0.000000
vt -10.365000 1.615933 0.000000
vt -10.411168 1.560912 0.000000
vt -10.411168 1.489088 0.000000
vt -10.395601 1.111771 0.000000
vt -10.365000 1.434067 0.000000
vt -9.410916 2.101113 0.000000
vt -9.973185 2.090685 0.000000
vt -9.997751 2.023193 0.000000
vt -9.064364 1.901031 0.000000
vt -8.999315 1.999753 0.000000
vt -9.045482 2.054773 0.000000
vt -9.045482 2.126598 0.000000
vt -8.765000 1.615933 0.000000
vt 10.396802 2.193996 0.000000
vt 7.064985 1.415000 0.000000
vt 10.484236 1.886290 0.000000
vt 7.952003 1.204773 0.000000
vt 10.462542 0.526156 0.000000
vt 8.650322 0.618814 0.000000
vt 9.011385 -0.218223 0.000000
vt 10.168573 2.418138 0.000000
vt 9.859338 2.500000 0.000000
vt -9.512500 2.500000 0.000000
vt -0.557226 2.083025 0.000000
vt -0.480214 2.038562 0.000000
vt -0.449800 1.955000 0.000000
vt -0.480214 1.871438 0.000000
vt -10.117569 2.289537 0.000000
vt -9.565000 2.415933 0.000000
vt -9.494267 2.428405 0.000000
vt -9.432065 2.392493 0.000000
vt -10.176853 2.126598 0.000000
vt -10.130685 2.181618 0.000000
vt -10.059952 2.194090 0.000000
vt -10.130685 0.868382 0.000000
vt -10.176853 0.923402 0.000000
vt -10.176853 0.995227 0.000000
vt -8.866380 0.891822 0.000000
vt -8.841815 0.959315 0.000000
vt -8.866380 1.026807 0.000000
vt -1.137625 1.415000 0.000000
vt -0.644800 1.842417 0.000000
vt -0.701960 1.910537 0.000000
vt -0.701960 1.999463 0.000000
vt -0.557226 1.826975 0.000000
vt 9.355440 -2.169459 0.000000
vt 9.684363 -1.987417 0.000000
vt 10.348442 -0.829358 0.000000
vt 9.491369 -2.405678 0.000000
vt 9.684363 -2.212583 0.000000
vt 9.627203 -2.144463 0.000000
vt 9.627203 -2.055537 0.000000
vt 9.747066 -2.499993 0.000000
vt 10.003829 -2.408621 0.000000
vt 9.771937 -2.228025 0.000000
vt 10.142462 -2.173980 0.000000
vt 9.848949 -2.183562 0.000000
vt 9.879363 -2.100000 0.000000
vt 9.848949 -2.016438 0.000000
vt 9.771937 -1.971975 0.000000
vt -0.644800 2.067583 0.000000
vt -8.866380 2.158178 0.000000
vt -8.841815 2.090685 0.000000
vt -8.928582 2.194090 0.000000
vt -9.494267 2.221595 0.000000
vt -8.999315 2.181618 0.000000
vt -9.432065 2.257507 0.000000
vt -9.407500 2.325000 0.000000
vt -10.130685 1.050247 0.000000
vt -10.232065 1.592493 0.000000
vt -10.130685 1.999753 0.000000
vt -10.176853 2.054773 0.000000
vt -9.997751 2.158178 0.000000
vt -9.565000 2.234067 0.000000
vt -9.611168 2.289088 0.000000
vt -9.611168 2.360912 0.000000
vn 97.888957 -0.000000 -20.438986
vn 97.888957 -0.000000 -20.438986
vn 99.059915 -0.000000 -13.679663
vn 99.059915 -0.000000 -13.679663
vn 99.764702 -0.000000 -6.855963
vn 99.764702 -0.000000 -6.855963
vn 100.000000 -0.000000 -0.000000
vn 100.000000 -0.000000 -0.000000
vn 100.000000 -0.000000 -0.000000
vn 100.000000 -0.000000 -0.000000
vn 64.278761 -0.000000 -76.604444
vn 34.202014 -0.000000 -93.969262
vn 0.000000 -0.000000 -100.000000
vn -34.202014 -0.000000 -93.969262
vn -64.278761 0.000000 -76.604444
vn -86.602540 0.000000 -50.000000
vn -98.480775 0.000000 -17.364818
vn -98.480775 0.000000 17.364818
vn -86.602540 0.000000 50.000000
vn -64.278761 0.000000 76.604444
vn -34.202014 0.000000 93.969262
vn 0.000000 0.000000 100.000000
vn 34.202014 0.000000 93.969262
vn 64.278761 -0.000000 76.604444
vn 86.602540 -0.000000 50.000000
vn 98.480775 -0.000000 17.364818
vn 98.480775 -0.000000 -17.364818
vn 86.602540 -0.000000 -50.000000
vn -100.000000 0.000000 0.000000
vn -100.000000 0.000000 0.000000
vn -86.902060 0.000000 -49.477591
vn -86.902060 0.000000 -49.477591
vn -51.039361 -0.000000 -85.994091
vn -51.039361 -0.000000 -85.994091
vn -1.806452 -0.000000 -99.983682
vn -1.806452 -0.000000 -99.983682
vn -0.000000 -100.000000 0.000000
vn -0.000000 -100.000000 0.000000
vn -0.000000 -100.000000 0.000000
vn -0.000000 -100.000000 0.000000
vn -0.000000 -100.000000 0.000000
vn -0.000000 -100.000000 0.000000
vn -0.000000 -100.000000 0.000000
vn -0.000000 -100.000000 0.000000
vn -0.000000 -100.000000 0.000000
vn -0.000000 -100.000000 0.000000
vn -0.000000 -100.000000 0.000000
vn -0.000000 -100.000000 0.000000
vn -0.000000 -100.000000 0.000000
vn -0.000000 -100.000000 0.000000
vn -0.000000 -100.000000 0.000000
vn -0.000000 -100.000000 0.000000
vn -0.000000 -100.000000 0.000000
vn -0.000000 -100.000000 0.000000
vn -0.000000 -100.000000 0.000000
vn -0.000000 -100.000000 0.000000
vn -0.000000 -100.000000 0.000000
vn -0.000000 -100.000000 0.000000
vn -0.000000 -100.000000 0.000000
vn -0.000000 -100.000000 0.000000
vn -0.000000 -100.000000 0.000000
vn -0.000000 -100.000000 0.000000
vn -0.000000 -100.000000 0.000000
vn -0.000000 -100.000000 0.000000
vn -0.000000 -100.000000 0.000000
vn -0.000000 -100.000000 0.000000
vn -0.000000 -100.000000 0.000000
vn -0.000000 -100.000000 0.000000
vn -0.000000 -100.000000 0.000000
vn -0.000000 -100.000000 0.000000
vn -0.000000 -100.000000 0.000000
vn -0.000000 -100.000000 0.000000
vn -0.000000 -100.000000 0.000000
vn -0.000000 -100.000000 0.000000
vn -0.000000 -100.000000 0.000000
vn -0.000000 -100.000000 0.000000
vn -0.000000 -100.000000 0.000000
vn -0.000000 -100.000000 0.000000
vn -0.000000 -100.000000 0.000000
vn -0.000000 -100.000000 0.000000
vn -0.000000 -100.000000 0.000000
vn -0.000000 -100.000000 0.000000
vn -0.000000 -100.000000 0.000000
vn -0.000000 -100.000000 0.000000
vn -0.000000 -100.000000 0.000000
vn -0.000000 -100.000000 0.000000
vn -0.000000 -100.000000 0.000000
vn -0.000000 -100.000000 0.000000
vn -0.000000 -100.000000 0.000000
vn -0.000000 -100.000000 0.000000
vn -0.000000 -100.000000 0.000000
vn -0.000000 -100.000000 0.000000
vn -0.000000 -100.000000 0.000000
vn -0.000000 -100.000000 0.000000
vn -0.000000 -100.000000 0.000000
vn -0.000000 -100.000000 0.000000
vn -0.000000 -100.000000 0.000000
vn -0.000000 -100.000000 0.000000
vn -0.000000 -100.000000 0.000000
vn -0.000000 -100.000000 0.000000
vn -0.000000 -100.000000 0.000000
vn -0.000000 -100.000000 0.000000
vn -0.000000 -100.000000 0.000000
vn -0.000000 -100.000000 0.000000
vn -0.000000 -100.000000 0.000000
vn -0.000000 -100.000000 0.000000
vn -0.000000 -100.000000 0.000000
vn -0.000000 -100.000000 0.000000
vn -0.000000 -100.000000 0.000000
vn -0.000000 -100.000000 0.000000
vn -0.000000 -100.000000 0.000000
vn -0.000000 -100.000000 0.000000
vn -0.000000 -100.000000 0.000000
vn -0.000000 -100.000000 0.000000
vn -0.000000 -100.000000 0.000000
vn -0.000000 -100.000000 0.000000
vn -0.000000 -100.000000 0.000000
vn -0.000000 -100.000000 0.000000
vn -0.000000 -100.000000 0.000000
vn -0.000000 -100.000000 0.000000
vn -0.000000 -100.000000 0.000000
vn -0.000000 -100.000000 0.000000
vn -0.000000 -100.000000 0.000000
vn -0.000000 -100.000000 0.000000
vn -0.000000 -100.000000 0.000000
vn -0.000000 -100.000000 0.000000
vn -0.000000 -100.000000 0.000000
vn -0.000000 -100.000000 0.000000
vn -0.000000 -100.000000 0.000000
vn -0.000000 -100.000000 0.000000
vn -0.000000 -100.000000 0.000000
vn -0.000000 -100.000000 0.000000
vn -0.000000 -100.000000 0.000000
vn -0.000000 -100.000000 0.000000
vn -0.000000 -100.000000 0.000000
vn -0.000000 -100.000000 0.000000
vn -0.000000 -100.000000 0.000000
vn -0.000000 -100.000000 0.000000
vn -0.000000 -100.000000 0.000000
vn -0.000000 -100.000000 0.000000
vn -0.000000 -100.000000 0.000000
vn -0.000000 -100.000000 0.000000
vn -0.000000 -100.000000 0.000000
vn -0.000000 -100.000000 0.000000
vn -0.000000 -100.000000 0.000000
vn -0.000000 -100.000000 0.000000
vn -0.000000 -100.000000 0.000000
vn -0.000000 -100.000000 0.000000
vn -0.000000 -100.000000 0.000000
vn -0.000000 -100.000000 0.000000
vn -0.000000 -100.000000 0.000000
vn -0.000000 -100.000000 0.000000
vn -0.000000 -100.000000 0.000000
vn -0.000000 -100.000000 0.000000
vn -0.000000 -100.000000 0.000000
vn -0.000000 -100.000000 0.000000
vn -0.000000 -100.000000 0.000000
vn -0.000000 -100.000000 0.000000
vn -0.000000 -100.000000 0.000000
vn 4.994220 -0.000000 -99.875211
vn 4.994220 -0.000000 -99.875211
vn 11.771788 -0.000000 -99.304708
vn 11.771788 -0.000000 -99.304708
vn 18.494898 -0.000000 -98.274812
vn 18.494898 -0.000000 -98.274812
vn 64.278761 -0.000000 76.604444
vn 64.278761 -0.000000 76.604444
vn 0.000000 0.000000 100.000000
vn 0.000000 0.000000 100.000000
vn -64.278761 0.000000 76.604444
vn -64.278761 0.000000 76.604444
vn -98.480775 0.000000 17.364818
vn -98.480775 0.000000 17.364818
vn -86.602540 0.000000 -50.000000
vn -86.602540 0.000000 -50.000000
vn -34.202014 -0.000000 -93.969262
vn -34.202014 -0.000000 -93.969262
vn 34.202014 -0.000000 -93.969262
vn 34.202014 -0.000000 -93.969262
vn 86.602540 -0.000000 -50.000000
vn 86.602540 -0.000000 -50.000000
vn 98.480775 -0.000000 17.364818
vn 98.480775 -0.000000 17.364818
vn 64.278761 -0.000000 76.604444
vn 64.278761 -0.000000 76.604444
vn 0.000000 0.000000 100.000000
vn 0.000000 0.000000 100.000000
vn -64.278761 0.000000 76.604444
vn -64.278761 0.000000 76.604444
vn -98.480775 0.000000 17.364818
vn -98.480775 0.000000 17.364818
vn -86.602540 0.000000 -50.000000
vn -86.602540 0.000000 -50.000000
vn -34.202014 -0.000000 -93.969262
vn -34.202014 -0.000000 -93.969262
vn 34.202014 -0.000000 -93.969262
vn 34.202014 -0.000000 -93.969262
vn 86.602540 -0.000000 -50.000000
vn 86.602540 -0.000000 -50.000000
vn 98.480775 -0.000000 17.364818
vn 98.480775 -0.000000 17.364818
vn 64.278761 -0.000000 76.604444
vn 64.278761 -0.000000 76.604444
vn 0.000000 0.000000 100.000000
vn 0.000000 0.000000 100.000000
vn -64.278761 0.000000 76.604444
vn -64.278761 0.000000 76.604444
vn -98.480775 0.000000 17.364818
vn -98.480775 0.000000 17.364818
vn -86.602540 0.000000 -50.000000
vn -86.602540 0.000000 -50.000000
vn -34.202014 -0.000000 -93.969262
vn -34.202014 -0.000000 -93.969262
vn 34.202014 -0.000000 -93.969262
vn 34.202014 -0.000000 -93.969262
vn 86.602540 -0.000000 -50.000000
vn 86.602540 -0.000000 -50.000000
vn 98.480775 -0.000000 17.364818
vn 98.480775 -0.000000 17.364818
vn 64.278761 -0.000000 76.604444
vn 64.278761 -0.000000 76.604444
vn 0.000000 0.000000 100.000000
vn 0.000000 0.000000 100.000000
vn -64.278761 0.000000 76.604444
vn -64.278761 0.000000 76.604444
vn -98.480775 0.000000 17.364818
vn -98.480775 0.000000 17.364818
vn -86.602540 0.000000 -50.000000
vn -86.602540 0.000000 -50.000000
vn -34.202014 -0.000000 -93.969262
vn -34.202014 -0.000000 -93.969262
vn 34.202014 -0.000000 -93.969262
vn 34.202014 -0.000000 -93.969262
vn 86.602540 -0.000000 -50.000000
vn 86.602540 -0.000000 -50.000000
vn 98.480775 -0.000000 17.364818
vn 98.480775 -0.000000 17.364818
vn 64.278761 -0.000000 76.604444
vn 64.278761 -0.000000 76.604444
vn 0.000000 0.000000 100.000000
vn 0.000000 0.000000 100.000000
vn -64.278761 0.000000 76.604444
vn -64.278761 0.000000 76.604444
vn -98.480775 0.000000 17.364818
vn -98.480775 0.000000 17.364818
vn -86.602540 0.000000 -50.000000
vn -86.602540 0.000000 -50.000000
vn -34.202014 -0.000000 -93.969262
vn -34.202014 -0.000000 -93.969262
vn 34.202014 -0.000000 -93.969262
vn 34.202014 -0.000000 -93.969262
vn 86.602540 -0.000000 -50.000000
vn 86.602540 -0.000000 -50.000000
vn 98.480775 -0.000000 17.364818
vn 98.480775 -0.000000 17.364818
vn 64.278761 -0.000000 76.604444
vn 64.278761 -0.000000 76.604444
vn 0.000000 0.000000 100.000000
vn 0.000000 0.000000 100.000000
vn -64.278761 0.000000 76.604444
vn -64.278761 0.000000 76.604444
vn -98.480775 0.000000 17.364818
vn -98.480775 0.000000 17.364818
vn -86.602540 0.000000 -50.000000
vn -86.602540 0.000000 -50.000000
vn -34.202014 -0.000000 -93.969262
vn -34.202014 -0.000000 -93.969262
vn 34.202014 -0.000000 -93.969262
vn 34.202014 -0.000000 -93.969262
vn 86.602540 -0.000000 -50.000000
vn 86.602540 -0.000000 -50.000000
vn 98.480775 -0.000000 17.364818
vn 98.480775 -0.000000 17.364818
vn 64.278761 -0.000000 76.604444
vn 64.278761 -0.000000 76.604444
vn 0.000000 0.000000 100.000000
vn 0.000000 0.000000 100.000000
vn -64.278761 0.000000 76.604444
vn -64.278761 0.000000 76.604444
vn -98.480775 0.000000 17.364818
vn -98.480775 0.000000 17.364818
vn -86.602540 0.000000 -50.000000
vn -86.602540 0.000000 -50.000000
vn -34.202014 -0.000000 -93.969262
vn -34.202014 -0.000000 -93.969262
vn 34.202014 -0.000000 -93.969262
vn 34.202014 -0.000000 -93.969262
vn 86.602540 -0.000000 -50.000000
vn 86.602540 -0.000000 -50.000000
vn 98.480775 -0.000000 17.364818
vn 98.480775 -0.000000 17.364818
vn 64.278761 -0.000000 76.604444
vn 64.278761 -0.000000 76.604444
vn 0.000000 0.000000 100.000000
vn 0.000000 0.000000 100.000000
vn -64.278761 0.000000 76.604444
vn -64.278761 0.000000 76.604444
vn -98.480775 0.000000 17.364818
vn -98.480775 0.000000 17.364818
vn -86.602540 0.000000 -50.000000
vn -86.602540 0.000000 -50.000000
vn -34.202014 -0.000000 -93.969262
vn -34.202014 -0.000000 -93.969262
vn 34.202014 -0.000000 -93.969262
vn 34.202014 -0.000000 -93.969262
vn 86.602540 -0.000000 -50.000000
vn 86.602540 -0.000000 -50.000000
vn 98.480775 -0.000000 17.364818
vn 98.480775 -0.000000 17.364818
vn 64.278761 -0.000000 76.604444
vn 64.278761 -0.000000 76.604444
vn 0.000000 0.000000 100.000000
vn 0.000000 0.000000 100.000000
vn -64.278761 0.000000 76.604444
vn -64.278761 0.000000 76.604444
vn -98.480775 0.000000 17.364818
vn -98.480775 0.000000 17.364818
vn -86.602540 0.000000 -50.000000
vn -86.602540 0.000000 -50.000000
vn -34.202014 -0.000000 -93.969262
vn -34.202014 -0.000000 -93.969262
vn 34.202014 -0.000000 -93.969262
vn 34.202014 -0.000000 -93.969262
vn 86.602540 -0.000000 -50.000000
vn 86.602540 -0.000000 -50.000000
vn 98.480775 -0.000000 17.364818
vn 98.480775 -0.000000 17.364818
vn 64.278761 -0.000000 76.604444
vn 64.278761 -0.000000 76.604444
vn 0.000000 0.000000 100.000000
vn 0.000000 0.000000 100.000000
vn -64.278761 0.000000 76.604444
vn -64.278761 0.000000 76.604444
vn -98.480775 0.000000 17.364818
vn -98.480775 0.000000 17.364818
vn -86.602540 0.000000 -50.000000
vn -86.602540 0.000000 -50.000000
vn -34.202014 -0.000000 -93.969262
vn -34.202014 -0.000000 -93.969262
vn 34.202014 -0.000000 -93.969262
vn 34.202014 -0.000000 -93.969262
vn 86.602540 -0.000000 -50.000000
vn 86.602540 -0.000000 -50.000000
vn 98.480775 -0.000000 17.364818
vn 98.480775 -0.000000 17.364818
vn 17.364818 0.000000 98.480775
vn 17.364818 0.000000 98.480775
vn 76.419536 -0.000000 64.498485
vn 76.419536 -0.000000 64.498485
vn 99.998351 -0.000000 0.574348
vn 99.998351 -0.000000 0.574348
vn 77.155373 -0.000000 -63.616416
vn 77.155373 -0.000000 -63.616416
vn 17.364818 0.000000 98.480775
vn 17.364818 0.000000 98.480775
vn 89.363264 -0.000000 44.879918
vn 89.363264 -0.000000 44.879918
vn 59.715859 0.000000 80.212319
vn 59.715859 0.000000 80.212319
vn 89.442781 -0.000000 44.721237
vn 89.442781 -0.000000 44.721237
vn 42.382434 0.000000 90.574441
vn 42.382434 0.000000 90.574441
vn -22.975225 0.000000 97.324915
vn -22.975225 0.000000 97.324915
vn -78.414037 0.000000 62.058350
vn -78.414037 0.000000 62.058350
vn -100.000000 0.000000 0.000000
vn -100.000000 0.000000 0.000000
vn 0.000000 100.000000 -0.000000
vn 0.000000 100.000000 -0.000000
vn 0.000000 100.000000 -0.000000
vn 0.000000 100.000000 -0.000000
vn 0.000000 100.000000 -0.000000
vn 0.000000 100.000000 -0.000000
vn 0.000000 100.000000 -0.000000
vn 0.000000 100.000000 -0.000000
vn 0.000000 100.000000 -0.000000
vn 0.000000 100.000000 -0.000000
vn 0.000000 100.000000 -0.000000
vn 0.000000 100.000000 -0.000000
vn 0.000000 100.000000 -0.000000
vn 0.000000 100.000000 -0.000000
vn 0.000000 100.000000 -0.000000
vn 0.000000 100.000000 -0.000000
vn 0.000000 100.000000 -0.000000
vn 0.000000 100.000000 -0.000000
vn 0.000000 100.000000 -0.000000
vn 0.000000 100.000000 -0.000000
vn 0.000000 100.000000 -0.000000
vn 0.000000 100.000000 -0.000000
vn 0.000000 100.000000 -0.000000
vn 0.000000 100.000000 -0.000000
vn 0.000000 100.000000 -0.000000
vn 0.000000 100.000000 -0.000000
vn 0.000000 100.000000 -0.000000
vn 0.000000 100.000000 -0.000000
vn 0.000000 100.000000 -0.000000
vn 0.000000 100.000000 -0.000000
vn 0.000000 100.000000 -0.000000
vn 0.000000 100.000000 -0.000000
vn 0.000000 100.000000 -0.000000
vn 0.000000 100.000000 -0.000000
vn 0.000000 100.000000 -0.000000
vn 0.000000 100.000000 -0.000000
vn 0.000000 100.000000 -0.000000
vn 0.000000 100.000000 -0.000000
vn 0.000000 100.000000 -0.000000
vn 0.000000 100.000000 -0.000000
vn 0.000000 100.000000 -0.000000
vn 0.000000 100.000000 -0.000000
vn 0.000000 100.000000 -0.000000
vn 0.000000 100.000000 -0.000000
vn 0.000000 100.000000 -0.000000
vn 0.000000 100.000000 -0.000000
vn 0.000000 100.000000 -0.000000
vn 0.000000 100.000000 -0.000000
vn 0.000000 100.000000 -0.000000
vn 0.000000 100.000000 -0.000000
vn 0.000000 100.000000 -0.000000
vn 0.000000 100.000000 -0.000000
vn 0.000000 100.000000 -0.000000
vn 0.000000 100.000000 -0.000000
vn 0.000000 100.000000 -0.000000
vn 0.000000 100.000000 -0.000000
vn 0.000000 100.000000 -0.000000
vn 0.000000 100.000000 -0.000000
vn 0.000000 100.000000 -0.000000
vn 0.000000 100.000000 -0.000000
vn 0.000000 100.000000 -0.000000
vn 0.000000 100.000000 -0.000000
vn 0.000000 100.000000 -0.000000
vn 0.000000 100.000000 -0.000000
vn 0.000000 100.000000 -0.000000
vn 0.000000 100.000000 -0.000000
vn 0.000000 100.000000 -0.000000
vn 0.000000 100.000000 -0.000000
vn 0.000000 100.000000 -0.000000
vn 0.000000 100.000000 -0.000000
vn 0.000000 100.000000 -0.000000
vn 0.000000 100.000000 -0.000000
vn 0.000000 100.000000 -0.000000
vn 0.000000 100.000000 -0.000000
vn 0.000000 100.000000 -0.000000
vn 0.000000 100.000000 -0.000000
vn 0.000000 100.000000 -0.000000
vn 0.000000 100.000000 -0.000000
vn 0.000000 100.000000 -0.000000
vn 0.000000 100.000000 -0.000000
vn 0.000000 100.000000 -0.000000
vn 0.000000 100.000000 -0.000000
vn 0.000000 100.000000 -0.000000
vn 0.000000 100.000000 -0.000000
vn 0.000000 100.000000 -0.000000
vn 0.000000 100.000000 -0.000000
vn 0.000000 100.000000 -0.000000
vn 0.000000 100.000000 -0.000000
vn 0.000000 100.000000 -0.000000
vn 0.000000 100.000000 -0.000000
vn 0.000000 100.000000 -0.000000
vn 0.000000 100.000000 -0.000000
vn 0.000000 100.000000 -0.000000
vn 0.000000 100.000000 -0.000000
vn 0.000000 100.000000 -0.000000
vn 0.000000 100.000000 -0.000000
vn 0.000000 100.000000 -0.000000
vn 0.000000 100.000000 -0.000000
vn 0.000000 100.000000 -0.000000
vn 0.000000 100.000000 -0.000000
vn 0.000000 100.000000 -0.000000
vn 0.000000 100.000000 -0.000000
vn 0.000000 100.000000 -0.000000
vn 0.000000 100.000000 -0.000000
vn 0.000000 100.000000 -0.000000
vn 0.000000 100.000000 -0.000000
vn 0.000000 100.000000 -0.000000
vn 0.000000 100.000000 -0.000000
vn 0.000000 100.000000 -0.000000
vn 0.000000 100.000000 -0.000000
vn 0.000000 100.000000 -0.000000
vn 0.000000 100.000000 -0.000000
vn 0.000000 100.000000 -0.000000
vn 0.000000 100.000000 -0.000000
vn 0.000000 100.000000 -0.000000
vn 0.000000 100.000000 -0.000000
vn 0.000000 100.000000 -0.000000
vn 0.000000 100.000000 -0.000000
vn 0.000000 100.000000 -0.000000
vn 0.000000 100.000000 -0.000000
vn 0.000000 100.000000 -0.000000
vn 0.000000 100.000000 -0.000000
vn 0.000000 100.000000 -0.000000
f 254/533/493 247/534/494 253/535/495
f 253/535/495 247/534/494 248/536/496
f 253/535/495 248/536/496 252/537/497
f 252/537/497 248/536/496 249/538/498
f 252/537/497 249/538/498 251/539/499
f 251/539/499 249/538/498 250/540/500
f 250/541/500 255/542/501 251/543/499
f 251/543/499 255/542/501 256/544/502
f 258/545/503 270/546/504 257/547/505
f 257/548/505 270/549/504 271/550/506
f 257/548/505 271/550/506 265/551/507
f 265/551/507 271/550/506 272/552/508
f 265/551/507 272/552/508 264/553/509
f 264/553/509 272/552/508 273/554/510
f 264/553/509 273/554/510 263/555/511
f 263/555/511 273/554/510 274/556/512
f 263/555/511 274/556/512 262/557/513
f 262/557/513 274/556/512 266/558/514
f 262/557/513 266/558/514 261/559/515
f 261/559/515 266/558/514 267/560/516
f 261/559/515 267/560/516 260/561/517
f 260/561/517 267/560/516 268/562/518
f 260/561/517 268/562/518 259/563/519
f 259/563/519 268/562/518 269/564/520
f 259/563/519 269/564/520 258/545/503
f 258/545/503 269/564/520 270/546/504
f 282/565/521 275/566/522 281/567/523
f 281/567/523 275/566/522 276/568/524
f 281/567/523 276/568/524 280/569/525
f 280/569/525 276/568/524 277/570/526
f 280/569/525 277/570/526 279/571/527
f 279/571/527 277/570/526 278/572/528
f 265/573/529 318/574/530 257/575/531
f 257/575/531 318/574/530 310/576/532
f 257/575/531 310/576/532 311/577/533
f 264/578/534 320/579/535 265/573/529
f 265/573/529 320/579/535 321/580/536
f 265/573/529 321/580/536 384/581/537
f 384/581/537 321/580/536 322/582/538
f 384/581/537 322/582/538 323/583/539
f 263/584/540 342/585/541 264/578/534
f 264/578/534 342/585/541 330/586/542
f 264/578/534 330/586/542 327/587/543
f 327/587/543 330/586/542 331/588/544
f 327/587/543 331/588/544 326/589/545
f 326/589/545 331/588/544 332/590/546
f 326/589/545 332/590/546 383/591/547
f 383/591/547 332/590/546 333/592/548
f 383/591/547 333/592/548 334/593/549
f 262/594/550 340/595/551 263/584/540
f 263/584/540 340/595/551 341/596/552
f 263/584/540 341/596/552 342/585/541
f 261/597/553 359/598/554 262/594/550
f 262/594/550 359/598/554 360/599/555
f 262/594/550 360/599/555 361/600/556
f 260/601/557 352/602/558 261/597/553
f 261/597/553 352/602/558 353/603/559
f 261/597/553 353/603/559 357/604/560
f 357/604/560 353/603/559 354/605/561
f 357/604/560 354/605/561 249/606/562
f 249/606/562 354/605/561 346/607/563
f 249/606/562 346/607/563 347/608/564
f 259/609/565 350/610/566 260/601/557
f 260/601/557 350/610/566 351/611/567
f 260/601/557 351/611/567 352/602/558
f 258/612/568 309/613/569 259/609/565
f 259/609/565 309/613/569 301/614/570
f 259/609/565 301/614/570 302/615/571
f 257/575/531 311/577/533 258/612/568
f 258/612/568 311/577/533 312/616/572
f 258/612/568 312/616/572 385/617/573
f 385/617/573 312/616/572 313/618/574
f 385/617/573 313/618/574 314/619/575
f 291/620/576 283/621/577 375/622/578
f 375/622/578 283/621/577 284/623/579
f 375/622/578 284/623/579 374/624/580
f 374/624/580 284/623/579 285/625/581
f 374/624/580 285/625/581 286/626/582
f 287/627/583 379/628/584 286/626/582
f 286/626/582 379/628/584 380/629/585
f 286/626/582 380/629/585 374/624/580
f 374/624/580 380/629/585 373/630/586
f 373/630/586 380/629/585 381/631/587
f 373/630/586 381/631/587 382/632/588
f 287/627/583 288/633/589 379/628/584
f 379/628/584 288/633/589 289/634/590
f 379/628/584 289/634/590 378/635/591
f 378/635/591 289/634/590 290/636/592
f 378/635/591 290/636/592 376/637/593
f 376/637/593 290/636/592 375/622/578
f 375/622/578 290/636/592 291/620/576
f 300/638/594 292/639/595 348/640/596
f 348/640/596 292/639/595 293/641/597
f 348/640/596 293/641/597 387/642/598
f 387/642/598 293/641/597 294/643/599
f 387/642/598 294/643/599 295/644/600
f 387/642/598 295/644/600 386/645/601
f 386/645/601 295/644/600 296/646/602
f 386/645/601 296/646/602 297/647/603
f 386/645/601 297/647/603 303/648/604
f 303/648/604 297/647/603 298/649/605
f 303/648/604 298/649/605 302/615/571
f 302/615/571 298/649/605 299/650/606
f 302/615/571 299/650/606 259/609/565
f 259/609/565 299/650/606 350/610/566
f 350/610/566 299/650/606 349/651/607
f 349/651/607 299/650/606 300/638/594
f 349/651/607 300/638/594 348/640/596
f 303/648/604 304/652/608 386/645/601
f 386/645/601 304/652/608 305/653/609
f 386/645/601 305/653/609 385/617/573
f 385/617/573 305/653/609 306/654/610
f 385/617/573 306/654/610 307/655/611
f 385/617/573 307/655/611 258/612/568
f 258/612/568 307/655/611 308/656/612
f 258/612/568 308/656/612 309/613/569
f 314/619/575 315/657/613 385/617/573
f 385/617/573 315/657/613 384/581/537
f 384/581/537 315/657/613 316/658/614
f 384/581/537 316/658/614 317/659/615
f 384/581/537 317/659/615 265/573/529
f 265/573/529 317/659/615 318/574/530
f 327/587/543 319/660/616 264/578/534
f 264/578/534 319/660/616 320/579/535
f 323/583/539 324/661/617 384/581/537
f 384/581/537 324/661/617 325/662/618
f 384/581/537 325/662/618 383/591/547
f 383/591/547 325/662/618 326/589/545
f 336/663/619 328/664/620 344/665/621
f 344/665/621 328/664/620 329/666/622
f 344/665/621 329/666/622 343/667/623
f 343/667/623 329/666/622 330/586/542
f 343/667/623 330/586/542 342/585/541
f 334/593/549 335/668/624 383/591/547
f 383/591/547 335/668/624 247/669/625
f 247/669/625 335/668/624 336/663/619
f 247/669/625 336/663/619 344/665/621
f 345/670/626 337/671/627 248/672/628
f 248/672/628 337/671/627 338/673/629
f 248/672/628 338/673/629 339/674/630
f 248/672/628 339/674/630 262/594/550
f 262/594/550 339/674/630 340/595/551
f 247/669/625 344/665/621 248/672/628
f 248/672/628 344/665/621 345/670/626
f 249/606/562 347/608/564 367/675/631
f 367/675/631 347/608/564 348/640/596
f 367/675/631 348/640/596 387/642/598
f 363/676/632 355/677/633 248/672/628
f 248/672/628 355/677/633 356/678/634
f 248/672/628 356/678/634 249/606/562
f 249/606/562 356/678/634 357/604/560
f 357/604/560 358/679/635 261/597/553
f 261/597/553 358/679/635 359/598/554
f 361/600/556 362/680/636 262/594/550
f 262/594/550 362/680/636 248/672/628
f 362/680/636 363/676/632 248/672/628
f 372/681/637 364/682/638 255/683/639
f 255/683/639 364/682/638 365/684/640
f 255/683/639 365/684/640 282/685/641
f 282/685/641 365/684/640 366/686/642
f 282/685/641 366/686/642 387/642/598
f 387/642/598 366/686/642 367/675/631
f 367/675/631 368/687/643 249/606/562
f 249/606/562 368/687/643 369/688/644
f 249/606/562 369/688/644 370/689/645
f 249/606/562 370/689/645 250/690/646
f 250/690/646 370/689/645 371/691/647
f 250/690/646 371/691/647 255/683/639
f 255/683/639 371/691/647 372/681/637
f 281/692/648 280/693/649 282/685/641
f 282/685/641 280/693/649 255/683/639
f 280/693/649 279/694/650 255/683/639
f 255/683/639 279/694/650 382/632/588
f 382/632/588 279/694/650 373/630/586
f 376/637/593 377/695/651 378/635/591
f 279/696/527 278/697/528 373/698/652
f 373/698/652 278/697/528 388/699/653
f 373/698/652 388/699/653 374/700/654
f 374/700/654 388/699/653 389/701/655
f 374/700/654 389/701/655 375/702/656
f 375/702/656 389/701/655 390/703/657
f 392/704/658 284/705/659 391/706/660
f 391/706/660 284/705/659 283/707/661
f 391/708/660 283/709/661 399/710/662
f 399/710/662 283/709/661 291/711/663
f 399/710/662 291/711/663 398/712/664
f 398/712/664 291/711/663 290/713/665
f 398/712/664 290/713/665 397/714/666
f 397/714/666 290/713/665 289/715/667
f 397/714/666 289/715/667 396/716/668
f 396/716/668 289/715/667 288/717/669
f 396/716/668 288/717/669 395/718/670
f 395/718/670 288/717/669 287/719/671
f 395/718/670 287/719/671 394/720/672
f 394/720/672 287/719/671 286/721/673
f 394/720/672 286/721/673 393/722/674
f 393/722/674 286/721/673 285/723/675
f 393/722/674 285/723/675 392/704/658
f 392/704/658 285/723/675 284/705/659
f 401/724/676 293/725/677 400/726/678
f 400/726/678 293/725/677 292/727/679
f 400/728/678 292/729/679 408/730/680
f 408/730/680 292/729/679 300/731/681
f 408/730/680 300/731/681 407/732/682
f 407/732/682 300/731/681 299/733/683
f 407/732/682 299/733/683 406/734/684
f 406/734/684 299/733/683 298/735/685
f 406/734/684 298/735/685 405/736/686
f 405/736/686 298/735/685 297/737/687
f 405/736/686 297/737/687 404/738/688
f 404/738/688 297/737/687 296/739/689
f 404/738/688 296/739/689 403/740/690
f 403/740/690 296/739/689 295/741/691
f 403/740/690 295/741/691 402/742/692
f 402/742/692 295/741/691 294/743/693
f 402/742/692 294/743/693 401/724/676
f 401/724/676 294/743/693 293/725/677
f 410/744/694 302/745/695 409/746/696
f 409/746/696 302/745/695 301/747/697
f 409/748/696 301/749/697 417/750/698
f 417/750/698 301/749/697 309/751/699
f 417/750/698 309/751/699 416/752/700
f 416/752/700 309/751/699 308/753/701
f 416/752/700 308/753/701 415/754/702
f 415/754/702 308/753/701 307/755/703
f 415/754/702 307/755/703 414/756/704
f 414/756/704 307/755/703 306/757/705
f 414/756/704 306/757/705 413/758/706
f 413/758/706 306/757/705 305/759/707
f 413/758/706 305/759/707 412/760/708
f 412/760/708 305/759/707 304/761/709
f 412/760/708 304/761/709 411/762/710
f 411/762/710 304/761/709 303/763/711
f 411/762/710 303/763/711 410/744/694
f 410/744/694 303/763/711 302/745/695
f 419/764/712 311/765/713 418/766/714
f 418/766/714 311/765/713 310/767/715
f 418/768/714 310/769/715 426/770/716
f 426/770/716 310/769/715 318/771/717
f 426/770/716 318/771/717 425/772/718
f 425/772/718 318/771/717 317/773/719
f 425/772/718 317/773/719 424/774/720
f 424/774/720 317/773/719 316/775/721
f 424/774/720 316/775/721 423/776/722
f 423/776/722 316/775/721 315/777/723
f 423/776/722 315/777/723 422/778/724
f 422/778/724 315/777/723 314/779/725
f 422/778/724 314/779/725 421/780/726
f 421/780/726 314/779/725 313/781/727
f 421/780/726 313/781/727 420/782/728
f 420/782/728 313/781/727 312/783/729
f 420/782/728 312/783/729 419/764/712
f 419/764/712 312/783/729 311/765/713
f 428/784/730 320/785/731 427/786/732
f 427/786/732 320/785/731 319/787/733
f 427/788/732 319/789/733 435/790/734
f 435/790/734 319/789/733 327/791/735
f 435/790/734 327/791/735 434/792/736
f 434/792/736 327/791/735 326/793/737
f 434/792/736 326/793/737 433/794/738
f 433/794/738 326/793/737 325/795/739
f 433/794/738 325/795/739 432/796/740
f 432/796/740 325/795/739 324/797/741
f 432/796/740 324/797/741 431/798/742
f 431/798/742 324/797/741 323/799/743
f 431/798/742 323/799/743 430/800/744
f 430/800/744 323/799/743 322/801/745
f 430/800/744 322/801/745 429/802/746
f 429/802/746 322/801/745 321/803/747
f 429/802/746 321/803/747 428/784/730
f 428/784/730 321/803/747 320/785/731
f 437/804/748 329/805/749 436/806/750
f 436/806/750 329/805/749 328/807/751
f 436/808/750 328/809/751 444/810/752
f 444/810/752 328/809/751 336/811/753
f 444/810/752 336/811/753 443/812/754
f 443/812/754 336/811/753 335/813/755
f 443/812/754 335/813/755 442/814/756
f 442/814/756 335/813/755 334/815/757
f 442/814/756 334/815/757 441/816/758
f 441/816/758 334/815/757 333/817/759
f 441/816/758 333/817/759 440/818/760
f 440/818/760 333/817/759 332/819/761
f 440/818/760 332/819/761 439/820/762
f 439/820/762 332/819/761 331/821/763
f 439/820/762 331/821/763 438/822/764
f 438/822/764 331/821/763 330/823/765
f 438/822/764 330/823/765 437/804/748
f 437/804/748 330/823/765 329/805/749
f 446/824/766 338/825/767 445/826/768
f 445/826/768 338/825/767 337/827/769
f 445/828/768 337/829/769 453/830/770
f 453/830/770 337/829/769 345/831/771
f 453/830/770 345/831/771 452/832/772
f 452/832/772 345/831/771 344/833/773
f 452/832/772 344/833/773 451/834/774
f 451/834/774 344/833/773 343/835/775
f 451/834/774 343/835/775 450/836/776
f 450/836/776 343/835/775 342/837/777
f 450/836/776 342/837/777 449/838/778
f 449/838/778 342/837/777 341/839/779
f 449/838/778 341/839/779 448/840/780
f 448/840/780 341/839/779 340/841/781
f 448/840/780 340/841/781 447/842/782
f 447/842/782 340/841/781 339/843/783
f 447/842/782 339/843/783 446/824/766
f 446/824/766 339/843/783 338/825/767
f 455/844/784 347/845/785 454/846/786
f 454/846/786 347/845/785 346/847/787
f 454/848/786 346/849/787 462/850/788
f 462/850/788 346/849/787 354/851/789
f 462/850/788 354/851/789 461/852/790
f 461/852/790 354/851/789 353/853/791
f 461/852/790 353/853/791 460/854/792
f 460/854/792 353/853/791 352/855/793
f 460/854/792 352/855/793 459/856/794
f 459/856/794 352/855/793 351/857/795
f 459/856/794 351/857/795 458/858/796
f 458/858/796 351/857/795 350/859/797
f 458/858/796 350/859/797 457/860/798
f 457/860/798 350/859/797 349/861/799
f 457/860/798 349/861/799 456/862/800
f 456/862/800 349/861/799 348/863/801
f 456/862/800 348/863/801 455/844/784
f 455/844/784 348/863/801 347/845/785
f 464/864/802 356/865/803 463/866/804
f 463/866/804 356/865/803 355/867/805
f 463/868/804 355/869/805 471/870/806
f 471/870/806 355/869/805 363/871/807
f 471/870/806 363/871/807 470/872/808
f 470/872/808 363/871/807 362/873/809
f 470/872/808 362/873/809 469/874/810
f 469/874/810 362/873/809 361/875/811
f 469/874/810 361/875/811 468/876/812
f 468/876/812 361/875/811 360/877/813
f 468/876/812 360/877/813 467/878/814
f 467/878/814 360/877/813 359/879/815
f 467/878/814 359/879/815 466/880/816
f 466/880/816 359/879/815 358/881/817
f 466/880/816 358/881/817 465/882/818
f 465/882/818 358/881/817 357/883/819
f 465/882/818 357/883/819 464/864/802
f 464/864/802 357/883/819 356/865/803
f 473/884/820 365/885/821 472/886/822
f 472/886/822 365/885/821 364/887/823
f 472/888/822 364/889/823 480/890/824
f 480/890/824 364/889/823 372/891/825
f 480/890/824 372/891/825 479/892/826
f 479/892/826 372/891/825 371/893/827
f 479/892/826 371/893/827 478/894/828
f 478/894/828 371/893/827 370/895/829
f 478/894/828 370/895/829 477/896/830
f 477/896/830 370/895/829 369/897/831
f 477/896/830 369/897/831 476/898/832
f 476/898/832 369/897/831 368/899/833
f 476/898/832 368/899/833 475/900/834
f 475/900/834 368/899/833 367/901/835
f 475/900/834 367/901/835 474/902/836
f 474/902/836 367/901/835 366/903/837
f 474/902/836 366/903/837 473/884/820
f 473/884/820 366/903/837 365/885/821
f 484/904/838 379/905/839 483/906/840
f 483/906/840 379/905/839 378/907/841
f 483/906/840 378/907/841 482/908/842
f 482/908/842 378/907/841 377/909/843
f 482/908/842 377/909/843 481/910/844
f 481/910/844 377/909/843 376/911/845
f 481/910/844 376/911/845 390/912/657
f 390/912/657 376/911/845 375/913/656
f 380/914/846 379/915/839 485/916/847
f 485/916/847 379/915/839 484/917/838
f 256/918/502 255/919/501 487/920/848
f 487/920/848 255/919/501 382/921/849
f 487/920/848 382/921/849 381/922/850
f 380/923/846 485/924/847 381/922/850
f 381/922/850 485/924/847 486/925/851
f 381/922/850 486/925/851 487/920/848
f 247/926/494 254/927/493 383/928/852
f 383/928/852 254/927/493 488/929/853
f 383/928/852 488/929/853 384/930/854
f 384/930/854 488/929/853 489/931/855
f 384/930/854 489/931/855 385/932/856
f 385/932/856 489/931/855 490/933/857
f 385/932/856 490/933/857 386/934/858
f 386/934/858 490/933/857 491/935/859
f 386/934/858 491/935/859 387/936/860
f 387/936/860 491/935/859 492/937/861
f 282/938/521 387/939/860 275/940/522
f 275/940/522 387/939/860 492/941/861
f 274/942/862 469/943/863 266/944/864
f 266/944/864 469/943/863 468/945/865
f 266/944/864 468/945/865 467/946/866
f 273/947/867 448/948/868 274/942/862
f 274/942/862 448/948/868 447/949/869
f 274/942/862 447/949/869 470/950/870
f 470/950/870 447/949/869 253/951/871
f 470/950/870 253/951/871 471/952/872
f 471/952/872 253/951/871 463/953/873
f 463/953/873 253/951/871 464/954/874
f 464/954/874 253/951/871 252/955/875
f 464/954/874 252/955/875 465/956/876
f 465/956/876 252/955/875 462/957/877
f 465/956/876 462/957/877 461/958/878
f 272/959/879 427/960/880 273/947/867
f 273/947/867 427/960/880 435/961/881
f 273/947/867 435/961/881 438/962/882
f 438/962/882 435/961/881 439/963/883
f 439/963/883 435/961/881 434/964/884
f 439/963/883 434/964/884 440/965/885
f 440/965/885 434/964/884 488/966/886
f 440/965/885 488/966/886 441/967/887
f 441/967/887 488/966/886 442/968/888
f 442/968/888 488/966/886 443/969/889
f 443/969/889 488/966/886 254/970/890
f 443/969/889 254/970/890 444/971/891
f 444/971/891 254/970/890 452/972/892
f 444/971/891 452/972/892 436/973/893
f 436/973/893 452/972/892 437/974/894
f 437/974/894 452/972/892 451/975/895
f 437/974/894 451/975/895 438/962/882
f 438/962/882 451/975/895 450/976/896
f 438/962/882 450/976/896 273/947/867
f 273/947/867 450/976/896 449/977/897
f 273/947/867 449/977/897 448/948/868
f 271/978/898 429/979/899 272/959/879
f 272/959/879 429/979/899 428/980/900
f 272/959/879 428/980/900 427/960/880
f 270/981/901 418/982/902 271/978/898
f 271/978/898 418/982/902 426/983/903
f 271/978/898 426/983/903 425/984/904
f 269/985/905 416/986/906 270/981/901
f 270/981/901 416/986/906 490/987/907
f 270/981/901 490/987/907 420/988/908
f 420/988/908 490/987/907 421/989/909
f 421/989/909 490/987/907 422/990/910
f 422/990/910 490/987/907 423/991/911
f 423/991/911 490/987/907 489/992/912
f 423/991/911 489/992/912 424/993/913
f 424/993/913 489/992/912 271/978/898
f 424/993/913 271/978/898 425/984/904
f 268/994/914 409/995/915 269/985/905
f 269/985/905 409/995/915 417/996/916
f 269/985/905 417/996/916 416/986/906
f 267/997/917 460/998/918 268/994/914
f 268/994/914 460/998/918 459/999/919
f 268/994/914 459/999/919 458/1000/920
f 266/944/864 466/1001/921 267/997/917
f 267/997/917 466/1001/921 465/956/876
f 267/997/917 465/956/876 461/958/878
f 277/1002/922 256/1003/923 278/1004/924
f 278/1004/924 256/1003/923 487/1005/925
f 278/1004/924 487/1005/925 388/1006/926
f 388/1006/926 487/1005/925 486/1007/927
f 388/1006/926 486/1007/927 485/1008/928
f 276/1009/929 275/1010/930 277/1002/922
f 277/1002/922 275/1010/930 256/1003/923
f 492/1011/931 474/1012/932 275/1010/930
f 275/1010/930 474/1012/932 473/1013/933
f 275/1010/930 473/1013/933 256/1003/923
f 256/1003/923 473/1013/933 472/1014/934
f 256/1003/923 472/1014/934 480/1015/935
f 491/1016/936 403/1017/937 492/1011/931
f 492/1011/931 403/1017/937 402/1018/938
f 492/1011/931 402/1018/938 401/1019/939
f 490/987/907 413/1020/940 491/1016/936
f 491/1016/936 413/1020/940 412/1021/941
f 491/1016/936 412/1021/941 411/1022/942
f 488/966/886 433/1023/943 489/992/912
f 489/992/912 433/1023/943 432/1024/944
f 489/992/912 432/1024/944 431/1025/945
f 254/970/890 253/951/871 452/972/892
f 452/972/892 253/951/871 453/1026/946
f 453/1026/946 253/951/871 445/1027/947
f 445/1027/947 253/951/871 446/1028/948
f 446/1028/948 253/951/871 447/949/869
f 251/1029/949 478/1030/950 252/955/875
f 252/955/875 478/1030/950 477/1031/951
f 252/955/875 477/1031/951 476/1032/952
f 478/1030/950 251/1029/949 479/1033/953
f 479/1033/953 251/1029/949 256/1003/923
f 479/1033/953 256/1003/923 480/1015/935
f 484/1034/954 394/1035/955 485/1008/928
f 485/1008/928 394/1035/955 389/1036/956
f 485/1008/928 389/1036/956 388/1006/926
f 483/1037/957 397/1038/958 484/1034/954
f 484/1034/954 397/1038/958 396/1039/959
f 484/1034/954 396/1039/959 395/1040/960
f 482/1041/961 481/1042/962 483/1037/957
f 483/1037/957 481/1042/962 398/1043/963
f 483/1037/957 398/1043/963 397/1038/958
f 481/1042/962 390/1044/964 398/1043/963
f 398/1043/963 390/1044/964 399/1045/965
f 399/1045/965 390/1044/964 391/1046/966
f 391/1046/966 390/1044/964 392/1047/967
f 392/1047/967 390/1044/964 389/1036/956
f 392/1047/967 389/1036/956 393/1048/968
f 393/1048/968 389/1036/956 394/1035/955
f 476/1032/952 475/1049/969 252/955/875
f 252/955/875 475/1049/969 455/1050/970
f 252/955/875 455/1050/970 454/1051/971
f 474/1012/932 492/1011/931 475/1049/969
f 475/1049/969 492/1011/931 456/1052/972
f 475/1049/969 456/1052/972 455/1050/970
f 470/950/870 469/943/863 274/942/862
f 467/946/866 466/1001/921 266/944/864
f 454/1051/971 462/957/877 252/955/875
f 461/958/878 460/998/918 267/997/917
f 268/994/914 458/1000/920 407/1053/973
f 407/1053/973 458/1000/920 457/1054/974
f 407/1053/973 457/1054/974 408/1055/975
f 408/1055/975 457/1054/974 456/1052/972
f 408/1055/975 456/1052/972 400/1056/976
f 400/1056/976 456/1052/972 401/1019/939
f 401/1019/939 456/1052/972 492/1011/931
f 434/964/884 433/1023/943 488/966/886
f 431/1025/945 430/1057/977 489/992/912
f 489/992/912 430/1057/977 429/979/899
f 489/992/912 429/979/899 271/978/898
f 420/988/908 419/1058/978 270/981/901
f 270/981/901 419/1058/978 418/982/902
f 416/986/906 415/1059/979 490/987/907
f 490/987/907 415/1059/979 414/1060/980
f 490/987/907 414/1060/980 413/1020/940
f 410/1061/981 406/1062/982 411/1022/942
f 411/1022/942 406/1062/982 405/1063/983
f 411/1022/942 405/1063/983 491/1016/936
f 491/1016/936 405/1063/983 404/1064/984
f 491/1016/936 404/1064/984 403/1017/937
f 409/995/915 268/994/914 410/1061/981
f 410/1061/981 268/994/914 407/1053/973
f 410/1061/981 407/1053/973 406/1062/982
f 395/1040/960 394/1035/955 484/1034/954

g ソリッド1:2

v -0.000884 -0.031200 0.000884
v -0.001245 -0.031200 0.000109
v -0.001024 -0.031200 -0.000717
v -0.000324 -0.031200 -0.001207
v 0.000528 -0.031200 -0.001133
v 0.001133 -0.031200 -0.000528
v 0.001207 -0.031200 0.000324
v 0.000717 -0.031200 0.001024
v -0.000109 -0.031200 0.001245
v 0.000884 -0.021000 -0.000884
v 0.000109 -0.021000 -0.001245
v -0.000717 -0.021000 -0.001024
v -0.001207 -0.021000 -0.000324
v -0.001133 -0.021000 0.000528
v -0.000528 -0.021000 0.001133
v 0.000324 -0.021000 0.001207
v 0.001024 -0.021000 0.000717
v 0.001245 -0.021000 -0.000109
v -0.008832 -0.023700 0.002250
v -0.009124 -0.023700 0.002344
v -0.009306 -0.023700 0.002592
v -0.009309 -0.023700 0.002899
v -0.009309 -0.022200 0.002899
v -0.009306 -0.022200 0.002592
v -0.009124 -0.022200 0.002344
v -0.008832 -0.022200 0.002250
v -0.009309 -0.022200 -0.002899
v -0.009701 -0.022200 -0.000979
v -0.009701 -0.022200 0.000979
v -0.009117 -0.023700 0.003457
v -0.008891 -0.023700 0.004002
v -0.008632 -0.023700 0.004533
v -0.008632 -0.022200 0.004533
v -0.007552 -0.022200 0.006167
v -0.006167 -0.022200 0.007552
v -0.004533 -0.022200 0.008632
v -0.004533 -0.023700 0.008632
v -0.004002 -0.023700 0.008891
v -0.003457 -0.023700 0.009117
v -0.002899 -0.023700 0.009309
v -0.002899 -0.022200 0.009309
v -0.000979 -0.022200 0.009701
v 0.000979 -0.022200 0.009701
v 0.002899 -0.022200 0.009309
v 0.002899 -0.023700 0.009309
v 0.003457 -0.023700 0.009117
v 0.004002 -0.023700 0.008891
v 0.004533 -0.023700 0.008632
v 0.004533 -0.022200 0.008632
v 0.006167 -0.022200 0.007552
v 0.007552 -0.022200 0.006167
v 0.008632 -0.022200 0.004533
v 0.008632 -0.023700 0.004533
v 0.008891 -0.023700 0.004002
v 0.009117 -0.023700 0.003457
v 0.009309 -0.023700 0.002899
v 0.009309 -0.022200 0.002899
v 0.009701 -0.022200 0.000979
v 0.009701 -0.022200 -0.000979
v 0.009309 -0.022200 -0.002899
v 0.009309 -0.023700 -0.002899
v 0.009117 -0.023700 -0.003457
v 0.008891 -0.023700 -0.004002
v 0.008632 -0.023700 -0.004533
v 0.008632 -0.022200 -0.004533
v 0.007552 -0.022200 -0.006167
v 0.006167 -0.022200 -0.007552
v 0.004533 -0.022200 -0.008632
v 0.004533 -0.023700 -0.008632
v 0.004002 -0.023700 -0.008891
v 0.003457 -0.023700 -0.009117
v 0.002899 -0.023700 -0.009309
v 0.002899 -0.022200 -0.009309
v 0.000979 -0.022200 -0.009701
v -0.000979 -0.022200 -0.009701
v -0.002899 -0.022200 -0.009309
v -0.002899 -0.023700 -0.009309
v -0.003457 -0.023700 -0.009117
v -0.004002 -0.023700 -0.008891
v -0.004533 -0.023700 -0.008632
v -0.004533 -0.022200 -0.008632
v -0.006167 -0.022200 -0.007552
v -0.007552 -0.022200 -0.006167
v -0.008632 -0.022200 -0.004533
v -0.008632 -0.023700 -0.004533
v -0.008891 -0.023700 -0.004002
v -0.009117 -0.023700 -0.003457
v -0.009309 -0.023700 -0.002899
v -0.006894 -0.021000 0.006894
v -0.009713 -0.021000 0.000850
v -0.007987 -0.021000 -0.005592
v -0.002523 -0.021000 -0.009418
v 0.004121 -0.021000 -0.008837
v 0.008837 -0.021000 -0.004121
v 0.009418 -0.021000 0.002523
v 0.005592 -0.021000 0.007987
v -0.000850 -0.021000 0.009713
v -0.008000 -0.023700 0.002250
v -0.006677 -0.023700 0.001820
v -0.005860 -0.023700 0.000695
v -0.005860 -0.023700 -0.000695
v -0.006677 -0.023700 -0.001820
v -0.008000 -0.023700 -0.002250
v -0.008832 -0.023700 -0.002250
v -0.009124 -0.023700 -0.002344
v -0.009306 -0.023700 -0.002592
v -0.008413 -0.023700 -0.004748
v -0.008109 -0.023700 -0.004794
v -0.007836 -0.023700 -0.004654
v -0.007248 -0.023700 -0.004066
v -0.006009 -0.023700 -0.003435
v -0.004635 -0.023700 -0.003652
v -0.003652 -0.023700 -0.004635
v -0.003435 -0.023700 -0.006009
v -0.004066 -0.023700 -0.007248
v -0.004654 -0.023700 -0.007836
v -0.004794 -0.023700 -0.008109
v -0.004748 -0.023700 -0.008413
v -0.002592 -0.023700 -0.009306
v -0.002344 -0.023700 -0.009124
v -0.002250 -0.023700 -0.008832
v -0.002250 -0.023700 -0.008000
v -0.001820 -0.023700 -0.006677
v -0.000695 -0.023700 -0.005860
v 0.000695 -0.023700 -0.005860
v 0.001820 -0.023700 -0.006677
v 0.002250 -0.023700 -0.008000
v 0.002250 -0.023700 -0.008832
v 0.002344 -0.023700 -0.009124
v 0.002592 -0.023700 -0.009306
v 0.004748 -0.023700 -0.008413
v 0.004794 -0.023700 -0.008109
v 0.004654 -0.023700 -0.007836
v 0.004066 -0.023700 -0.007248
v 0.003435 -0.023700 -0.006009
v 0.003652 -0.023700 -0.004635
v 0.004635 -0.023700 -0.003652
v 0.006009 -0.023700 -0.003435
v 0.007248 -0.023700 -0.004066
v 0.007836 -0.023700 -0.004654
v 0.008109 -0.023700 -0.004794
v 0.008413 -0.023700 -0.004748
v 0.009306 -0.023700 -0.002592
v 0.009124 -0.023700 -0.002344
v 0.008832 -0.023700 -0.002250
v 0.008000 -0.023700 -0.002250
v 0.006677 -0.023700 -0.001820
v 0.005860 -0.023700 -0.000695
v 0.005860 -0.023700 0.000695
v 0.006677 -0.023700 0.001820
v 0.008000 -0.023700 0.002250
v 0.008832 -0.023700 0.002250
v 0.009124 -0.023700 0.002344
v 0.009306 -0.023700 0.002592
v 0.008413 -0.023700 0.004748
v 0.008109 -0.023700 0.004794
v 0.007836 -0.023700 0.004654
v 0.007248 -0.023700 0.004066
v 0.006009 -0.023700 0.003435
v 0.004635 -0.023700 0.003652
v 0.003652 -0.023700 0.004635
v 0.003435 -0.023700 0.006009
v 0.004066 -0.023700 0.007248
v 0.004654 -0.023700 0.007836
v 0.004794 -0.023700 0.008109
v 0.004748 -0.023700 0.008413
v 0.002592 -0.023700 0.009306
v 0.002344 -0.023700 0.009124
v 0.002250 -0.023700 0.008832
v 0.002250 -0.023700 0.008000
v 0.001820 -0.023700 0.006677
v 0.000695 -0.023700 0.005860
v -0.000695 -0.023700 0.005860
v -0.001820 -0.023700 0.006677
v -0.002250 -0.023700 0.008000
v -0.002250 -0.023700 0.008832
v -0.002344 -0.023700 0.009124
v -0.002592 -0.023700 0.009306
v -0.004748 -0.023700 0.008413
v -0.004794 -0.023700 0.008109
v -0.004654 -0.023700 0.007836
v -0.004066 -0.023700 0.007248
v -0.003435 -0.023700 0.006009
v -0.003652 -0.023700 0.004635
v -0.004635 -0.023700 0.003652
v -0.006009 -0.023700 0.003435
v -0.007248 -0.023700 0.004066
v -0.007836 -0.023700 0.004654
v -0.008109 -0.023700 0.004794
v -0.008413 -0.023700 0.004748
v -0.003323 -0.023700 0.003323
v -0.000410 -0.023700 0.004682
v 0.002696 -0.023700 0.003850
v 0.004540 -0.023700 0.001216
v 0.004260 -0.023700 -0.001986
v 0.001986 -0.023700 -0.004260
v -0.001216 -0.023700 -0.004540
v -0.003850 -0.023700 -0.002696
v -0.004682 -0.023700 0.000410
v -0.007836 -0.022200 0.004654
v -0.008109 -0.022200 0.004794
v -0.008413 -0.022200 0.004748
v -0.004748 -0.022200 0.008413
v -0.004794 -0.022200 0.008109
v -0.004654 -0.022200 0.007836
v -0.002250 -0.022200 0.008832
v -0.002344 -0.022200 0.009124
v -0.002592 -0.022200 0.009306
v 0.002592 -0.022200 0.009306
v 0.002344 -0.022200 0.009124
v 0.002250 -0.022200 0.008832
v 0.004654 -0.022200 0.007836
v 0.004794 -0.022200 0.008109
v 0.004748 -0.022200 0.008413
v 0.008413 -0.022200 0.004748
v 0.008109 -0.022200 0.004794
v 0.007836 -0.022200 0.004654
v 0.008832 -0.022200 0.002250
v 0.009124 -0.022200 0.002344
v 0.009306 -0.022200 0.002592
v 0.009306 -0.022200 -0.002592
v 0.009124 -0.022200 -0.002344
v 0.008832 -0.022200 -0.002250
v 0.007836 -0.022200 -0.004654
v 0.008109 -0.022200 -0.004794
v 0.008413 -0.022200 -0.004748
v 0.004748 -0.022200 -0.008413
v 0.004794 -0.022200 -0.008109
v 0.004654 -0.022200 -0.007836
v 0.002250 -0.022200 -0.008832
v 0.002344 -0.022200 -0.009124
v 0.002592 -0.022200 -0.009306
v -0.002592 -0.022200 -0.009306
v -0.002344 -0.022200 -0.009124
v -0.002250 -0.022200 -0.008832
v -0.004654 -0.022200 -0.007836
v -0.004794 -0.022200 -0.008109
v -0.004748 -0.022200 -0.008413
v -0.008413 -0.022200 -0.004748
v -0.008109 -0.022200 -0.004794
v -0.007836 -0.022200 -0.004654
v -0.007248 -0.022200 -0.004066
v -0.008832 -0.022200 -0.002250
v -0.009124 -0.022200 -0.002344
v -0.009306 -0.022200 -0.002592
v -0.008000 -0.022200 0.002250
v -0.008000 -0.022200 -0.002250
v -0.006677 -0.022200 0.001820
v -0.005860 -0.022200 0.000695
v -0.005860 -0.022200 -0.000695
v -0.006677 -0.022200 -0.001820
v -0.008742 -0.022200 0.000742
v -0.008092 -0.022200 0.001046
v -0.007398 -0.022200 0.000860
v -0.006986 -0.022200 0.000272
v -0.007048 -0.022200 -0.000444
v -0.007556 -0.022200 -0.000952
v -0.008272 -0.022200 -0.001014
v -0.008860 -0.022200 -0.000602
v -0.009046 -0.022200 0.000092
v -0.004066 -0.022200 0.007248
v -0.007248 -0.022200 0.004066
v -0.003435 -0.022200 0.006009
v -0.003652 -0.022200 0.004635
v -0.004635 -0.022200 0.003652
v -0.006009 -0.022200 0.003435
v -0.006399 -0.022200 0.006399
v -0.005748 -0.022200 0.006703
v -0.005055 -0.022200 0.006517
v -0.004643 -0.022200 0.005929
v -0.004705 -0.022200 0.005213
v -0.005213 -0.022200 0.004705
v -0.005929 -0.022200 0.004643
v -0.006517 -0.022200 0.005055
v -0.006703 -0.022200 0.005748
v 0.002250 -0.022200 0.008000
v -0.002250 -0.022200 0.008000
v 0.001820 -0.022200 0.006677
v 0.000695 -0.022200 0.005860
v -0.000695 -0.022200 0.005860
v -0.001820 -0.022200 0.006677
v -0.000742 -0.022200 0.008742
v -0.000092 -0.022200 0.009046
v 0.000602 -0.022200 0.008860
v 0.001014 -0.022200 0.008272
v 0.000952 -0.022200 0.007556
v 0.000444 -0.022200 0.007048
v -0.000272 -0.022200 0.006986
v -0.000860 -0.022200 0.007398
v -0.001046 -0.022200 0.008092
v 0.007248 -0.022200 0.004066
v 0.004066 -0.022200 0.007248
v 0.006009 -0.022200 0.003435
v 0.004635 -0.022200 0.003652
v 0.003652 -0.022200 0.004635
v 0.003435 -0.022200 0.006009
v 0.004914 -0.022200 0.006399
v 0.005565 -0.022200 0.006703
v 0.006259 -0.022200 0.006517
v 0.006671 -0.022200 0.005929
v 0.006608 -0.022200 0.005213
v 0.006101 -0.022200 0.004705
v 0.005385 -0.022200 0.004643
v 0.004797 -0.022200 0.005055
v 0.004611 -0.022200 0.005748
v 0.008000 -0.022200 -0.002250
v 0.008000 -0.022200 0.002250
v 0.006677 -0.022200 -0.001820
v 0.005860 -0.022200 -0.000695
v 0.005860 -0.022200 0.000695
v 0.006677 -0.022200 0.001820
v 0.007258 -0.022200 0.000742
v 0.007908 -0.022200 0.001046
v 0.008602 -0.022200 0.000860
v 0.009014 -0.022200 0.000272
v 0.008952 -0.022200 -0.000444
v 0.008444 -0.022200 -0.000952
v 0.007728 -0.022200 -0.001014
v 0.007140 -0.022200 -0.000602
v 0.006954 -0.022200 0.000092
v 0.004066 -0.022200 -0.007248
v 0.007248 -0.022200 -0.004066
v 0.003435 -0.022200 -0.006009
v 0.003652 -0.022200 -0.004635
v 0.004635 -0.022200 -0.003652
v 0.006009 -0.022200 -0.003435
v 0.004914 -0.022200 -0.004914
v 0.005565 -0.022200 -0.004611
v 0.006259 -0.022200 -0.004797
v 0.006671 -0.022200 -0.005385
v 0.006608 -0.022200 -0.006101
v 0.006101 -0.022200 -0.006608
v 0.005385 -0.022200 -0.006671
v 0.004797 -0.022200 -0.006259
v 0.004611 -0.022200 -0.005565
v -0.002250 -0.022200 -0.008000
v 0.002250 -0.022200 -0.008000
v -0.001820 -0.022200 -0.006677
v -0.000695 -0.022200 -0.005860
v 0.000695 -0.022200 -0.005860
v 0.001820 -0.022200 -0.006677
v -0.000742 -0.022200 -0.007258
v -0.000092 -0.022200 -0.006954
v 0.000602 -0.022200 -0.007140
v 0.001014 -0.022200 -0.007728
v 0.000952 -0.022200 -0.008444
v 0.000444 -0.022200 -0.008952
v -0.000272 -0.022200 -0.009014
v -0.000860 -0.022200 -0.008602
v -0.001046 -0.022200 -0.007908
v -0.004066 -0.022200 -0.007248
v -0.006009 -0.022200 -0.003435
v -0.004635 -0.022200 -0.003652
v -0.003652 -0.022200 -0.004635
v -0.003435 -0.022200 -0.006009
v -0.006399 -0.022200 -0.004914
v -0.005748 -0.022200 -0.004611
v -0.005055 -0.022200 -0.004797
v -0.004643 -0.022200 -0.005385
v -0.004705 -0.022200 -0.006101
v -0.005213 -0.022200 -0.006608
v -0.005929 -0.022200 -0.006671
v -0.006517 -0.022200 -0.006259
v -0.006703 -0.022200 -0.005565
v -0.003323 -0.024200 0.003323
v -0.000410 -0.024200 0.004682
v 0.002696 -0.024200 0.003850
v 0.004540 -0.024200 0.001216
v 0.004260 -0.024200 -0.001986
v 0.001986 -0.024200 -0.004260
v -0.001216 -0.024200 -0.004540
v -0.003850 -0.024200 -0.002696
v -0.004682 -0.024200 0.000410
v -0.002793 -0.024200 0.002793
v -0.003935 -0.024200 0.000344
v -0.003236 -0.024200 -0.002266
v -0.001022 -0.024200 -0.003815
v 0.001669 -0.024200 -0.003580
v 0.003580 -0.024200 -0.001669
v 0.003815 -0.024200 0.001022
v 0.002266 -0.024200 0.003236
v -0.000344 -0.024200 0.003935
v -0.002793 -0.031200 0.002793
v -0.000344 -0.031200 0.003935
v 0.002266 -0.031200 0.003236
v 0.003815 -0.031200 0.001022
v 0.003580 -0.031200 -0.001669
v 0.001669 -0.031200 -0.003580
v -0.001022 -0.031200 -0.003815
v -0.003236 -0.031200 -0.002266
v -0.003935 -0.031200 0.000344
v -0.006399 -0.021000 0.006399
v -0.005748 -0.021000 0.006703
v -0.005055 -0.021000 0.006517
v -0.004643 -0.021000 0.005929
v -0.004705 -0.021000 0.005213
v -0.005213 -0.021000 0.004705
v -0.005929 -0.021000 0.004643
v -0.006517 -0.021000 0.005055
v -0.006703 -0.021000 0.005748
v -0.008742 -0.021000 0.000742
v -0.008092 -0.021000 0.001046
v -0.007398 -0.021000 0.000860
v -0.006986 -0.021000 0.000272
v -0.007048 -0.021000 -0.000444
v -0.007556 -0.021000 -0.000952
v -0.008272 -0.021000 -0.001014
v -0.008860 -0.021000 -0.000602
v -0.009046 -0.021000 0.000092
v -0.006399 -0.021000 -0.004914
v -0.005748 -0.021000 -0.004611
v -0.005055 -0.021000 -0.004797
v -0.004643 -0.021000 -0.005385
v -0.004705 -0.021000 -0.006101
v -0.005213 -0.021000 -0.006608
v -0.005929 -0.021000 -0.006671
v -0.006517 -0.021000 -0.006259
v -0.006703 -0.021000 -0.005565
v -0.000742 -0.021000 -0.007258
v -0.000092 -0.021000 -0.006954
v 0.000602 -0.021000 -0.007140
v 0.001014 -0.021000 -0.007728
v 0.000952 -0.021000 -0.008444
v 0.000444 -0.021000 -0.008952
v -0.000272 -0.021000 -0.009014
v -0.000860 -0.021000 -0.008602
v -0.001046 -0.021000 -0.007908
v 0.004914 -0.021000 -0.004914
v 0.005565 -0.021000 -0.004611
v 0.006259 -0.021000 -0.004797
v 0.006671 -0.021000 -0.005385
v 0.006608 -0.021000 -0.006101
v 0.006101 -0.021000 -0.006608
v 0.005385 -0.021000 -0.006671
v 0.004797 -0.021000 -0.006259
v 0.004611 -0.021000 -0.005565
v 0.007258 -0.021000 0.000742
v 0.007908 -0.021000 0.001046
v 0.008602 -0.021000 0.000860
v 0.009014 -0.021000 0.000272
v 0.008952 -0.021000 -0.000444
v 0.008444 -0.021000 -0.000952
v 0.007728 -0.021000 -0.001014
v 0.007140 -0.021000 -0.000602
v 0.006954 -0.021000 0.000092
v 0.004914 -0.021000 0.006399
v 0.005565 -0.021000 0.006703
v 0.006259 -0.021000 0.006517
v 0.006671 -0.021000 0.005929
v 0.006608 -0.021000 0.005213
v 0.006101 -0.021000 0.004705
v 0.005385 -0.021000 0.004643
v 0.004797 -0.021000 0.005055
v 0.004611 -0.021000 0.005748
v -0.000742 -0.021000 0.008742
v -0.000092 -0.021000 0.009046
v 0.000602 -0.021000 0.008860
v 0.001014 -0.021000 0.008272
v 0.000952 -0.021000 0.007556
v 0.000444 -0.021000 0.007048
v -0.000272 -0.021000 0.006986
v -0.000860 -0.021000 0.007398
v -0.001046 -0.021000 0.008092
vt 1.020000 -0.305433 0.000000
vt 0.000000 -0.349066 0.000000
vt 1.020000 -0.392699 0.000000
vt 1.020000 0.392699 0.000000
vt 0.000000 0.436332 0.000000
vt 0.000000 0.349066 0.000000
vt 1.020000 0.305433 0.000000
vt 0.000000 0.261799 0.000000
vt 1.020000 0.218166 0.000000
vt 0.000000 0.174533 0.000000
vt 1.020000 0.130900 0.000000
vt 0.000000 0.087266 0.000000
vt 1.020000 0.043633 0.000000
vt 0.000000 0.000000 0.000000
vt 1.020000 -0.043633 0.000000
vt 0.000000 -0.087266 0.000000
vt 1.020000 -0.130900 0.000000
vt 0.000000 -0.174533 0.000000
vt 1.020000 -0.218166 0.000000
vt 0.000000 -0.261799 0.000000
vt -0.120000 0.046816 0.000000
vt -0.270000 0.046816 0.000000
vt -0.120000 0.015605 0.000000
vt -0.270000 0.015605 0.000000
vt -0.120000 -0.015605 0.000000
vt -0.270000 -0.015605 0.000000
vt -0.120000 -0.046816 0.000000
vt -0.270000 -0.046816 0.000000
vt -0.120000 0.863868 0.000000
vt -0.000000 0.680678 0.000000
vt -0.120000 1.060077 0.000000
vt -0.000000 1.361357 0.000000
vt -0.120000 1.237212 0.000000
vt -0.120000 1.433422 0.000000
vt -0.120000 1.629631 0.000000
vt -0.000000 2.042035 0.000000
vt -0.120000 1.825841 0.000000
vt -0.120000 2.002975 0.000000
vt -0.270000 1.943930 0.000000
vt -0.270000 2.002975 0.000000
vt -0.120000 0.667658 0.000000
vt -0.120000 0.471449 0.000000
vt -0.120000 0.294314 0.000000
vt -0.270000 0.353359 0.000000
vt -0.270000 0.294314 0.000000
vt -0.270000 0.471449 0.000000
vt -0.270000 0.412404 0.000000
vt -0.000000 0.000000 0.000000
vt -0.120000 0.098105 0.000000
vt -0.120000 -0.098105 0.000000
vt -0.120000 -0.294314 0.000000
vt -0.000000 -0.680678 0.000000
vt -0.120000 -0.471449 0.000000
vt -0.120000 -0.667658 0.000000
vt -0.270000 -0.294314 0.000000
vt -0.270000 -0.353359 0.000000
vt -0.270000 -0.412404 0.000000
vt -0.270000 -0.471449 0.000000
vt -0.120000 -0.863868 0.000000
vt -0.120000 -1.060077 0.000000
vt -0.000000 -1.361357 0.000000
vt -0.120000 -1.237212 0.000000
vt -0.120000 -1.433422 0.000000
vt -0.270000 -1.060077 0.000000
vt -0.270000 -1.119122 0.000000
vt -0.270000 -1.178167 0.000000
vt -0.270000 -1.237212 0.000000
vt -0.120000 -1.629631 0.000000
vt -0.000000 -2.042035 0.000000
vt -0.120000 -1.825841 0.000000
vt -0.270000 -1.943930 0.000000
vt -0.270000 -1.884886 0.000000
vt -0.270000 -1.825841 0.000000
vt -0.270000 -2.002975 0.000000
vt -0.120000 -2.002975 0.000000
vt -0.120000 -2.199185 0.000000
vt -0.120000 -2.395394 0.000000
vt -0.000000 -2.722714 0.000000
vt -0.120000 -2.591604 0.000000
vt -0.270000 -2.650649 0.000000
vt -0.270000 -2.591604 0.000000
vt -0.270000 -2.709694 0.000000
vt -0.270000 -2.768739 0.000000
vt -0.120000 -2.768739 0.000000
vt -0.120000 -2.964948 0.000000
vt -0.120000 -3.161158 0.000000
vt 0.000000 -3.403392 0.000000
vt -0.000000 2.722714 0.000000
vt -0.120000 2.964948 0.000000
vt -0.120000 2.768739 0.000000
vt -0.270000 2.768739 0.000000
vt -0.270000 2.709694 0.000000
vt -0.120000 2.591604 0.000000
vt -0.120000 2.395394 0.000000
vt -0.270000 2.650649 0.000000
vt -0.270000 2.591604 0.000000
vt -0.120000 2.199185 0.000000
vt -0.270000 1.884886 0.000000
vt -0.270000 1.825841 0.000000
vt -0.270000 1.237212 0.000000
vt -0.270000 1.178167 0.000000
vt -0.270000 1.119122 0.000000
vt -0.270000 1.060077 0.000000
vt 0.841288 0.474780 0.000000
vt 0.783599 0.465401 0.000000
vt 0.863222 0.453291 0.000000
vt 0.724784 0.406586 0.000000
vt 0.889074 0.400216 0.000000
vt 0.911666 0.345674 0.000000
vt 0.800000 0.225000 0.000000
vt 0.930915 0.289865 0.000000
vt 0.883176 0.225000 0.000000
vt 0.912399 0.234429 0.000000
vt 0.810930 0.479397 0.000000
vt 0.667748 0.182029 0.000000
vt 0.600883 0.343456 0.000000
vt 0.463538 0.365209 0.000000
vt 0.365209 0.463538 0.000000
vt 0.360041 0.302110 0.000000
vt 0.586012 0.069529 0.000000
vt 0.081615 0.462860 0.000000
vt 0.343456 0.600883 0.000000
vt 0.182029 0.667748 0.000000
vt 0.406586 0.724784 0.000000
vt 0.225000 0.800000 0.000000
vt 0.400216 0.889074 0.000000
vt 0.345674 0.911666 0.000000
vt 0.453291 0.863222 0.000000
vt 0.465401 0.783599 0.000000
vt 0.479397 0.810930 0.000000
vt 0.474780 0.841288 0.000000
vt 0.289865 0.930915 0.000000
vt 0.225000 0.883176 0.000000
vt 0.234429 0.912399 0.000000
vt 0.259160 0.930601 0.000000
vt 0.069529 0.586012 0.000000
vt -0.069529 0.586012 0.000000
vt -0.235000 0.407032 0.000000
vt -0.182029 0.667748 0.000000
vt -0.343456 0.600883 0.000000
vt -0.406586 0.724784 0.000000
vt -0.225000 0.800000 0.000000
vt -0.400216 0.889074 0.000000
vt -0.345674 0.911666 0.000000
vt -0.289865 0.930915 0.000000
vt -0.225000 0.883176 0.000000
vt -0.234429 0.912399 0.000000
vt -0.259160 0.930601 0.000000
vt -0.453291 0.863222 0.000000
vt -0.465401 0.783599 0.000000
vt -0.479397 0.810930 0.000000
vt -0.474780 0.841288 0.000000
vt -0.365209 0.463538 0.000000
vt -0.463538 0.365209 0.000000
vt -0.441656 0.160749 0.000000
vt -0.600883 0.343456 0.000000
vt -0.667748 0.182029 0.000000
vt -0.800000 0.225000 0.000000
vt -0.724784 0.406586 0.000000
vt -0.911666 0.345674 0.000000
vt -0.889074 0.400216 0.000000
vt -0.863222 0.453291 0.000000
vt -0.783599 0.465401 0.000000
vt -0.841288 0.474780 0.000000
vt -0.810930 0.479397 0.000000
vt -0.930915 0.289865 0.000000
vt -0.883176 0.225000 0.000000
vt -0.912399 0.234429 0.000000
vt -0.930601 0.259160 0.000000
vt -0.586012 0.069529 0.000000
vt -0.441656 -0.160749 0.000000
vt -0.586012 -0.069529 0.000000
vt -0.667748 -0.182029 0.000000
vt -0.600883 -0.343456 0.000000
vt -0.800000 -0.225000 0.000000
vt -0.724784 -0.406586 0.000000
vt -0.911666 -0.345674 0.000000
vt -0.889074 -0.400216 0.000000
vt -0.930915 -0.289865 0.000000
vt -0.883176 -0.225000 0.000000
vt -0.930601 -0.259160 0.000000
vt -0.912399 -0.234429 0.000000
vt -0.863222 -0.453291 0.000000
vt -0.783599 -0.465401 0.000000
vt -0.841288 -0.474780 0.000000
vt -0.810930 -0.479397 0.000000
vt -0.463538 -0.365209 0.000000
vt -0.235000 -0.407032 0.000000
vt -0.365209 -0.463538 0.000000
vt -0.343456 -0.600883 0.000000
vt -0.182029 -0.667748 0.000000
vt -0.406586 -0.724784 0.000000
vt -0.225000 -0.800000 0.000000
vt -0.400216 -0.889074 0.000000
vt -0.345674 -0.911666 0.000000
vt -0.453291 -0.863222 0.000000
vt -0.465401 -0.783599 0.000000
vt -0.474780 -0.841288 0.000000
vt -0.479397 -0.810930 0.000000
vt -0.289865 -0.930915 0.000000
vt -0.225000 -0.883176 0.000000
vt -0.234429 -0.912399 0.000000
vt -0.259160 -0.930601 0.000000
vt -0.069529 -0.586012 0.000000
vt 0.081615 -0.462860 0.000000
vt 0.069529 -0.586012 0.000000
vt 0.182029 -0.667748 0.000000
vt 0.225000 -0.800000 0.000000
vt 0.406586 -0.724784 0.000000
vt 0.343456 -0.600883 0.000000
vt 0.365209 -0.463538 0.000000
vt 0.360041 -0.302110 0.000000
vt 0.463538 -0.365209 0.000000
vt 0.586012 -0.069529 0.000000
vt 0.667748 -0.182029 0.000000
vt 0.600883 -0.343456 0.000000
vt 0.800000 -0.225000 0.000000
vt 0.724784 -0.406586 0.000000
vt 0.911666 -0.345674 0.000000
vt 0.889074 -0.400216 0.000000
vt 0.863222 -0.453291 0.000000
vt 0.783599 -0.465401 0.000000
vt 0.841288 -0.474780 0.000000
vt 0.810930 -0.479397 0.000000
vt 0.225000 -0.883176 0.000000
vt 0.289865 -0.930915 0.000000
vt 0.345674 -0.911666 0.000000
vt 0.400216 -0.889074 0.000000
vt 0.234429 -0.912399 0.000000
vt 0.259160 -0.930601 0.000000
vt 0.453291 -0.863222 0.000000
vt 0.465401 -0.783599 0.000000
vt 0.474780 -0.841288 0.000000
vt 0.479397 -0.810930 0.000000
vt 0.930915 -0.289865 0.000000
vt 0.883176 -0.225000 0.000000
vt 0.912399 -0.234429 0.000000
vt 0.930601 -0.259160 0.000000
vt 0.470000 0.000000 0.000000
vt 0.930601 0.259160 0.000000
vt 0.120000 -0.046816 0.000000
vt 0.270000 -0.046816 0.000000
vt 0.120000 -0.015605 0.000000
vt 0.270000 -0.015605 0.000000
vt 0.120000 0.015605 0.000000
vt 0.270000 0.015605 0.000000
vt 0.120000 0.046816 0.000000
vt 0.270000 0.046816 0.000000
vt -0.120000 0.046816 0.000000
vt -0.270000 0.046816 0.000000
vt -0.120000 0.015605 0.000000
vt -0.270000 0.015605 0.000000
vt -0.120000 -0.015605 0.000000
vt -0.270000 -0.015605 0.000000
vt -0.120000 -0.046816 0.000000
vt -0.270000 -0.046816 0.000000
vt 0.120000 -0.046816 0.000000
vt 0.270000 -0.046816 0.000000
vt 0.120000 -0.015605 0.000000
vt 0.270000 -0.015605 0.000000
vt 0.120000 0.015605 0.000000
vt 0.270000 0.015605 0.000000
vt 0.120000 0.046816 0.000000
vt 0.270000 0.046816 0.000000
vt -0.120000 0.046816 0.000000
vt -0.270000 0.046816 0.000000
vt -0.120000 0.015605 0.000000
vt -0.270000 0.015605 0.000000
vt -0.120000 -0.015605 0.000000
vt -0.270000 -0.015605 0.000000
vt -0.120000 -0.046816 0.000000
vt -0.270000 -0.046816 0.000000
vt 0.120000 -0.046816 0.000000
vt 0.270000 -0.046816 0.000000
vt 0.120000 -0.015605 0.000000
vt 0.270000 -0.015605 0.000000
vt 0.120000 0.015605 0.000000
vt 0.270000 0.015605 0.000000
vt 0.120000 0.046816 0.000000
vt 0.270000 0.046816 0.000000
vt -0.120000 0.046816 0.000000
vt -0.270000 0.046816 0.000000
vt -0.120000 0.015605 0.000000
vt -0.270000 0.015605 0.000000
vt -0.120000 -0.015605 0.000000
vt -0.270000 -0.015605 0.000000
vt -0.120000 -0.046816 0.000000
vt -0.270000 -0.046816 0.000000
vt 0.120000 -0.046816 0.000000
vt 0.270000 -0.046816 0.000000
vt 0.120000 -0.015605 0.000000
vt 0.270000 -0.015605 0.000000
vt 0.120000 0.015605 0.000000
vt 0.270000 0.015605 0.000000
vt 0.120000 0.046816 0.000000
vt 0.270000 0.046816 0.000000
vt -0.120000 0.046816 0.000000
vt -0.270000 0.046816 0.000000
vt -0.120000 0.015605 0.000000
vt -0.270000 0.015605 0.000000
vt -0.120000 -0.015605 0.000000
vt -0.270000 -0.015605 0.000000
vt -0.120000 -0.046816 0.000000
vt -0.270000 -0.046816 0.000000
vt 0.120000 -0.046816 0.000000
vt 0.270000 -0.046816 0.000000
vt 0.120000 -0.015605 0.000000
vt 0.270000 -0.015605 0.000000
vt 0.120000 0.015605 0.000000
vt 0.270000 0.015605 0.000000
vt 0.120000 0.046816 0.000000
vt 0.270000 0.046816 0.000000
vt -0.120000 0.046816 0.000000
vt -0.270000 0.046816 0.000000
vt -0.120000 0.015605 0.000000
vt -0.270000 0.015605 0.000000
vt -0.120000 -0.015605 0.000000
vt -0.270000 -0.015605 0.000000
vt -0.120000 -0.046816 0.000000
vt -0.270000 -0.046816 0.000000
vt 0.120000 -0.046816 0.000000
vt 0.270000 -0.046816 0.000000
vt 0.120000 -0.015605 0.000000
vt 0.270000 -0.015605 0.000000
vt 0.120000 0.015605 0.000000
vt 0.270000 0.015605 0.000000
vt 0.120000 0.046816 0.000000
vt 0.270000 0.046816 0.000000
vt -0.120000 0.046816 0.000000
vt -0.270000 0.046816 0.000000
vt -0.120000 0.015605 0.000000
vt -0.270000 0.015605 0.000000
vt -0.120000 -0.015605 0.000000
vt -0.270000 -0.015605 0.000000
vt -0.120000 -0.046816 0.000000
vt -0.270000 -0.046816 0.000000
vt 0.120000 -0.046816 0.000000
vt 0.270000 -0.046816 0.000000
vt 0.120000 -0.015605 0.000000
vt 0.270000 -0.015605 0.000000
vt 0.120000 0.015605 0.000000
vt 0.270000 0.015605 0.000000
vt 0.120000 0.046816 0.000000
vt 0.270000 0.046816 0.000000
vt -0.120000 0.046816 0.000000
vt -0.270000 0.046816 0.000000
vt -0.120000 0.015605 0.000000
vt -0.270000 0.015605 0.000000
vt -0.120000 -0.015605 0.000000
vt -0.270000 -0.015605 0.000000
vt -0.120000 -0.046816 0.000000
vt -0.270000 -0.046816 0.000000
vt -0.140093 0.150000 0.000000
vt -0.223269 0.150000 0.000000
vt -0.140093 -0.000000 0.000000
vt -0.223269 -0.000000 0.000000
vt 0.120000 -0.046816 0.000000
vt 0.270000 -0.046816 0.000000
vt 0.120000 -0.015605 0.000000
vt 0.270000 -0.015605 0.000000
vt 0.120000 0.015605 0.000000
vt 0.270000 0.015605 0.000000
vt 0.120000 0.046816 0.000000
vt 0.270000 0.046816 0.000000
vt -0.140093 0.150000 0.000000
vt -0.223269 0.150000 0.000000
vt -0.140093 0.000000 0.000000
vt -0.223269 0.000000 0.000000
vt -0.083176 0.000000 0.000000
vt -0.000000 0.000000 0.000000
vt -0.083176 0.150000 0.000000
vt 0.000000 0.150000 0.000000
vt 0.150000 -0.000000 0.000000
vt 0.000000 -0.000000 0.000000
vt 0.150000 -0.141372 0.000000
vt 0.000000 -0.141372 0.000000
vt 0.150000 -0.282743 0.000000
vt 0.000000 -0.282743 0.000000
vt 0.150000 -0.424115 0.000000
vt 0.000000 -0.424115 0.000000
vt 0.150000 -0.565487 0.000000
vt 0.000000 -0.565487 0.000000
vt 0.150000 -0.706858 0.000000
vt 0.000000 -0.706858 0.000000
vt 0.289865 0.019281 0.000000
vt 0.097939 0.058434 0.000000
vt 0.259160 0.018966 0.000000
vt 0.234429 0.000765 0.000000
vt 0.225000 -0.028459 0.000000
vt 0.074246 -0.037389 0.000000
vt 0.104600 -0.102483 0.000000
vt 0.009151 -0.007034 0.000000
vt -0.097939 0.058434 0.000000
vt -0.060226 -0.025624 0.000000
vt -0.225000 -0.028459 0.000000
vt -0.101422 -0.084459 0.000000
vt -0.225000 -0.111635 0.000000
vt -0.095162 -0.156010 0.000000
vt -0.182029 -0.243886 0.000000
vt -0.044375 -0.206797 0.000000
vt -0.069529 -0.325622 0.000000
vt 0.027176 -0.213057 0.000000
vt 0.069529 -0.325622 0.000000
vt 0.086011 -0.171860 0.000000
vt 0.182029 -0.243886 0.000000
vt 0.225000 -0.111635 0.000000
vt -0.289865 0.019281 0.000000
vt -0.259160 0.018966 0.000000
vt -0.234429 0.000765 0.000000
vt -0.140093 0.150000 0.000000
vt -0.223269 0.150000 0.000000
vt -0.140093 0.000000 0.000000
vt -0.223269 0.000000 0.000000
vt -0.083176 0.000000 0.000000
vt -0.000000 0.000000 0.000000
vt -0.083176 0.150000 0.000000
vt -0.000000 0.150000 0.000000
vt 0.150000 0.000000 0.000000
vt 0.000000 0.000000 0.000000
vt 0.150000 -0.141372 0.000000
vt 0.000000 -0.141372 0.000000
vt 0.150000 -0.282743 0.000000
vt 0.000000 -0.282743 0.000000
vt 0.150000 -0.424115 0.000000
vt 0.000000 -0.424115 0.000000
vt 0.150000 -0.565487 0.000000
vt -0.000000 -0.565487 0.000000
vt 0.150000 -0.706858 0.000000
vt 0.000000 -0.706858 0.000000
vt 0.289865 0.019281 0.000000
vt 0.097939 0.058434 0.000000
vt 0.259160 0.018966 0.000000
vt 0.234429 0.000765 0.000000
vt 0.225000 -0.028459 0.000000
vt 0.067493 -0.031200 0.000000
vt 0.103405 -0.093402 0.000000
vt -0.000000 -0.006635 0.000000
vt -0.097939 0.058434 0.000000
vt -0.067493 -0.031200 0.000000
vt -0.225000 -0.028459 0.000000
vt -0.103405 -0.093402 0.000000
vt -0.225000 -0.111635 0.000000
vt -0.090933 -0.164135 0.000000
vt -0.182029 -0.243886 0.000000
vt -0.035912 -0.210302 0.000000
vt -0.069529 -0.325622 0.000000
vt 0.069529 -0.325622 0.000000
vt -0.289865 0.019281 0.000000
vt -0.259160 0.018966 0.000000
vt -0.234429 0.000765 0.000000
vt 0.035912 -0.210302 0.000000
vt 0.182029 -0.243886 0.000000
vt 0.090933 -0.164135 0.000000
vt 0.225000 -0.111635 0.000000
vt -0.140093 0.150000 0.000000
vt -0.223269 0.150000 0.000000
vt -0.140093 0.000000 0.000000
vt -0.223269 0.000000 0.000000
vt -0.083176 0.000000 0.000000
vt -0.000000 0.000000 0.000000
vt -0.083176 0.150000 0.000000
vt -0.000000 0.150000 0.000000
vt 0.150000 -0.000000 0.000000
vt 0.000000 -0.000000 0.000000
vt 0.150000 -0.141372 0.000000
vt 0.000000 -0.141372 0.000000
vt 0.150000 -0.282743 0.000000
vt 0.000000 -0.282743 0.000000
vt 0.150000 -0.424115 0.000000
vt 0.000000 -0.424115 0.000000
vt 0.150000 -0.565487 0.000000
vt 0.000000 -0.565487 0.000000
vt 0.150000 -0.706858 0.000000
vt 0.000000 -0.706858 0.000000
vt 0.289865 0.019281 0.000000
vt 0.097939 0.058434 0.000000
vt 0.259160 0.018966 0.000000
vt 0.234429 0.000765 0.000000
vt 0.225000 -0.028459 0.000000
vt 0.060226 -0.025624 0.000000
vt 0.101422 -0.084459 0.000000
vt -0.009151 -0.007034 0.000000
vt -0.097939 0.058434 0.000000
vt -0.074246 -0.037389 0.000000
vt -0.225000 -0.028459 0.000000
vt -0.104600 -0.102483 0.000000
vt -0.225000 -0.111635 0.000000
vt -0.086011 -0.171860 0.000000
vt -0.182029 -0.243886 0.000000
vt -0.069529 -0.325622 0.000000
vt -0.289865 0.019281 0.000000
vt -0.259160 0.018966 0.000000
vt -0.234429 0.000765 0.000000
vt -0.027176 -0.213057 0.000000
vt 0.069529 -0.325622 0.000000
vt 0.044375 -0.206797 0.000000
vt 0.182029 -0.243886 0.000000
vt 0.095162 -0.156010 0.000000
vt 0.225000 -0.111635 0.000000
vt -0.140093 0.150000 0.000000
vt -0.223269 0.150000 0.000000
vt -0.140093 0.000000 0.000000
vt -0.223269 0.000000 0.000000
vt -0.083176 0.000000 0.000000
vt -0.000000 0.000000 0.000000
vt -0.083176 0.150000 0.000000
vt 0.000000 0.150000 0.000000
vt 0.150000 0.000000 0.000000
vt 0.000000 0.000000 0.000000
vt 0.150000 -0.141372 0.000000
vt 0.000000 -0.141372 0.000000
vt 0.150000 -0.282743 0.000000
vt 0.000000 -0.282743 0.000000
vt 0.150000 -0.424115 0.000000
vt 0.000000 -0.424115 0.000000
vt 0.150000 -0.565487 0.000000
vt 0.000000 -0.565487 0.000000
vt 0.150000 -0.706858 0.000000
vt 0.000000 -0.706858 0.000000
vt 0.289865 0.019281 0.000000
vt 0.097939 0.058434 0.000000
vt 0.259160 0.018966 0.000000
vt 0.234429 0.000765 0.000000
vt 0.225000 -0.028459 0.000000
vt 0.098668 -0.075723 0.000000
vt 0.225000 -0.111635 0.000000
vt 0.098668 -0.147547 0.000000
vt 0.182029 -0.243886 0.000000
vt 0.052500 -0.202567 0.000000
vt 0.069529 -0.325622 0.000000
vt -0.018233 -0.215040 0.000000
vt -0.069529 -0.325622 0.000000
vt -0.080435 -0.179127 0.000000
vt -0.182029 -0.243886 0.000000
vt -0.105000 -0.111635 0.000000
vt -0.225000 -0.111635 0.000000
vt -0.225000 -0.028459 0.000000
vt -0.080435 -0.044142 0.000000
vt -0.097939 0.058434 0.000000
vt -0.018233 -0.008230 0.000000
vt 0.052500 -0.020702 0.000000
vt -0.289865 0.019281 0.000000
vt -0.259160 0.018966 0.000000
vt -0.234429 0.000765 0.000000
vt -0.140093 0.150000 0.000000
vt -0.223269 0.150000 0.000000
vt -0.140093 0.000000 0.000000
vt -0.223269 0.000000 0.000000
vt -0.083176 0.000000 0.000000
vt -0.000000 0.000000 0.000000
vt -0.083176 0.150000 0.000000
vt 0.000000 0.150000 0.000000
vt 0.150000 -0.000000 0.000000
vt 0.000000 -0.000000 0.000000
vt 0.150000 -0.141372 0.000000
vt 0.000000 -0.141372 0.000000
vt 0.150000 -0.282743 0.000000
vt 0.000000 -0.282743 0.000000
vt 0.150000 -0.424115 0.000000
vt 0.000000 -0.424115 0.000000
vt 0.150000 -0.565487 0.000000
vt 0.000000 -0.565487 0.000000
vt 0.150000 -0.706858 0.000000
vt 0.000000 -0.706858 0.000000
vt 0.289865 0.019281 0.000000
vt 0.097939 0.058434 0.000000
vt 0.259160 0.018966 0.000000
vt 0.234429 0.000765 0.000000
vt 0.225000 -0.028459 0.000000
vt 0.095162 -0.067260 0.000000
vt 0.225000 -0.111635 0.000000
vt 0.101422 -0.138811 0.000000
vt 0.182029 -0.243886 0.000000
vt 0.060226 -0.197646 0.000000
vt 0.069529 -0.325622 0.000000
vt -0.009151 -0.216235 0.000000
vt -0.069529 -0.325622 0.000000
vt -0.074246 -0.185881 0.000000
vt -0.182029 -0.243886 0.000000
vt -0.104600 -0.120786 0.000000
vt -0.225000 -0.111635 0.000000
vt -0.225000 -0.028459 0.000000
vt -0.086011 -0.051409 0.000000
vt -0.097939 0.058434 0.000000
vt -0.027176 -0.010213 0.000000
vt 0.044375 -0.016472 0.000000
vt -0.289865 0.019281 0.000000
vt -0.259160 0.018966 0.000000
vt -0.234429 0.000765 0.000000
vt -0.140093 0.150000 0.000000
vt -0.223269 0.150000 0.000000
vt -0.140093 0.000000 0.000000
vt -0.223269 0.000000 0.000000
vt -0.083176 -0.000000 0.000000
vt -0.000000 0.000000 0.000000
vt -0.083176 0.150000 0.000000
vt -0.000000 0.150000 0.000000
vt 0.150000 0.000000 0.000000
vt -0.000000 0.000000 0.000000
vt 0.150000 -0.141372 0.000000
vt 0.000000 -0.141372 0.000000
vt 0.150000 -0.282743 0.000000
vt 0.000000 -0.282743 0.000000
vt 0.150000 -0.424115 0.000000
vt 0.000000 -0.424115 0.000000
vt 0.150000 -0.565487 0.000000
vt 0.000000 -0.565487 0.000000
vt 0.150000 -0.706858 0.000000
vt 0.000000 -0.706858 0.000000
vt 0.289865 0.019281 0.000000
vt 0.097939 0.058434 0.000000
vt 0.259160 0.018966 0.000000
vt 0.234429 0.000765 0.000000
vt 0.225000 -0.028459 0.000000
vt 0.090933 -0.059135 0.000000
vt 0.225000 -0.111635 0.000000
vt 0.103405 -0.129868 0.000000
vt 0.182029 -0.243886 0.000000
vt 0.067493 -0.192069 0.000000
vt 0.069529 -0.325622 0.000000
vt 0.000000 -0.216635 0.000000
vt -0.069529 -0.325622 0.000000
vt -0.067493 -0.192069 0.000000
vt -0.182029 -0.243886 0.000000
vt -0.103405 -0.129868 0.000000
vt -0.225000 -0.111635 0.000000
vt -0.090933 -0.059135 0.000000
vt -0.225000 -0.028459 0.000000
vt -0.097939 0.058434 0.000000
vt -0.234429 0.000765 0.000000
vt -0.259160 0.018966 0.000000
vt -0.289865 0.019281 0.000000
vt 0.035912 -0.012967 0.000000
vt -0.035912 -0.012967 0.000000
vt -0.140093 0.150000 0.000000
vt -0.223269 0.150000 0.000000
vt -0.140093 0.000000 0.000000
vt -0.223269 0.000000 0.000000
vt -0.083176 0.000000 0.000000
vt -0.000000 0.000000 0.000000
vt -0.083176 0.150000 0.000000
vt -0.000000 0.150000 0.000000
vt 0.150000 0.000000 0.000000
vt -0.000000 0.000000 0.000000
vt 0.150000 -0.141372 0.000000
vt -0.000000 -0.141372 0.000000
vt 0.150000 -0.282743 0.000000
vt 0.000000 -0.282743 0.000000
vt 0.150000 -0.424115 0.000000
vt 0.000000 -0.424115 0.000000
vt 0.150000 -0.565487 0.000000
vt 0.000000 -0.565487 0.000000
vt 0.150000 -0.706858 0.000000
vt 0.000000 -0.706858 0.000000
vt 0.289865 0.019281 0.000000
vt 0.097939 0.058434 0.000000
vt 0.259160 0.018966 0.000000
vt 0.234429 0.000765 0.000000
vt 0.225000 -0.028459 0.000000
vt 0.086011 -0.051409 0.000000
vt 0.104600 -0.120786 0.000000
vt 0.027176 -0.010213 0.000000
vt -0.097939 0.058434 0.000000
vt -0.044375 -0.016472 0.000000
vt -0.095162 -0.067260 0.000000
vt -0.225000 -0.028459 0.000000
vt -0.225000 -0.111635 0.000000
vt -0.289865 0.019281 0.000000
vt -0.259160 0.018966 0.000000
vt -0.234429 0.000765 0.000000
vt -0.101422 -0.138811 0.000000
vt -0.182029 -0.243886 0.000000
vt -0.060226 -0.197646 0.000000
vt -0.069529 -0.325622 0.000000
vt 0.009151 -0.216235 0.000000
vt 0.069529 -0.325622 0.000000
vt 0.074246 -0.185881 0.000000
vt 0.182029 -0.243886 0.000000
vt 0.225000 -0.111635 0.000000
vt -0.083176 0.000000 0.000000
vt -0.000000 0.000000 0.000000
vt -0.083176 0.150000 0.000000
vt -0.000000 0.150000 0.000000
vt 0.150000 0.000000 0.000000
vt 0.000000 0.000000 0.000000
vt 0.150000 -0.141372 0.000000
vt 0.000000 -0.141372 0.000000
vt 0.150000 -0.282743 0.000000
vt -0.000000 -0.282743 0.000000
vt 0.150000 -0.424115 0.000000
vt 0.000000 -0.424115 0.000000
vt 0.150000 -0.565487 0.000000
vt 0.000000 -0.565487 0.000000
vt 0.150000 -0.706858 0.000000
vt 0.000000 -0.706858 0.000000
vt 0.289865 0.019281 0.000000
vt 0.097939 0.058434 0.000000
vt 0.259160 0.018966 0.000000
vt 0.234429 0.000765 0.000000
vt 0.225000 -0.028459 0.000000
vt 0.080435 -0.044142 0.000000
vt 0.105000 -0.111635 0.000000
vt 0.018233 -0.008230 0.000000
vt -0.097939 0.058434 0.000000
vt -0.052500 -0.020702 0.000000
vt -0.098668 -0.075723 0.000000
vt -0.225000 -0.028459 0.000000
vt -0.225000 -0.111635 0.000000
vt -0.289865 0.019281 0.000000
vt -0.259160 0.018966 0.000000
vt -0.234429 0.000765 0.000000
vt -0.098668 -0.147547 0.000000
vt -0.182029 -0.243886 0.000000
vt -0.052500 -0.202567 0.000000
vt -0.069529 -0.325622 0.000000
vt 0.018233 -0.215040 0.000000
vt 0.069529 -0.325622 0.000000
vt 0.080435 -0.179127 0.000000
vt 0.182029 -0.243886 0.000000
vt 0.225000 -0.111635 0.000000
vt -0.050000 1.148427 0.000000
vt -0.000000 1.148427 0.000000
vt -0.050000 1.476549 0.000000
vt -0.000000 1.476549 0.000000
vt -0.050000 -1.476549 0.000000
vt -0.000000 -1.476549 0.000000
vt -0.050000 -1.148427 0.000000
vt -0.000000 -1.148427 0.000000
vt -0.050000 -0.820305 0.000000
vt -0.000000 -0.820305 0.000000
vt -0.050000 -0.492183 0.000000
vt 0.000000 -0.492183 0.000000
vt -0.050000 -0.164061 0.000000
vt 0.000000 -0.164061 0.000000
vt -0.050000 0.164061 0.000000
vt -0.000000 0.164061 0.000000
vt -0.050000 0.492183 0.000000
vt -0.000000 0.492183 0.000000
vt -0.050000 0.820305 0.000000
vt -0.000000 0.820305 0.000000
vt -0.700000 0.965167 0.000000
vt -0.000000 0.965167 0.000000
vt -0.700000 1.240929 0.000000
vt -0.000000 1.240929 0.000000
vt -0.700000 -1.240929 0.000000
vt -0.000000 -1.240929 0.000000
vt -0.700000 -0.965167 0.000000
vt -0.000000 -0.965167 0.000000
vt -0.700000 -0.689405 0.000000
vt -0.000000 -0.689405 0.000000
vt -0.700000 -0.413643 0.000000
vt 0.000000 -0.413643 0.000000
vt -0.700000 -0.137881 0.000000
vt 0.000000 -0.137881 0.000000
vt -0.700000 0.137881 0.000000
vt -0.000000 0.137881 0.000000
vt -0.700000 0.413643 0.000000
vt -0.000000 0.413643 0.000000
vt -0.700000 0.689405 0.000000
vt -0.000000 0.689405 0.000000
vt 0.360041 -0.302110 0.000000
vt 0.470000 0.000000 0.000000
vt 0.395000 0.000000 0.000000
vt 0.360041 0.302110 0.000000
vt 0.302588 0.253901 0.000000
vt 0.081615 0.462860 0.000000
vt 0.068591 0.388999 0.000000
vt -0.197500 0.342080 0.000000
vt -0.235000 0.407032 0.000000
vt -0.371179 0.135098 0.000000
vt -0.441656 0.160749 0.000000
vt -0.441656 -0.160749 0.000000
vt -0.371179 -0.135098 0.000000
vt -0.235000 -0.407032 0.000000
vt -0.197500 -0.342080 0.000000
vt 0.081615 -0.462860 0.000000
vt 0.068591 -0.388999 0.000000
vt 0.302588 -0.253901 0.000000
vt 0.120000 -0.256563 0.000000
vt 0.000000 -0.256563 0.000000
vt 0.120000 -0.329867 0.000000
vt 0.000000 -0.329867 0.000000
vt 0.120000 0.329867 0.000000
vt 0.000000 0.329867 0.000000
vt 0.120000 0.256563 0.000000
vt 0.000000 0.256563 0.000000
vt 0.120000 0.183260 0.000000
vt 0.000000 0.183260 0.000000
vt 0.120000 0.109956 0.000000
vt 0.000000 0.109956 0.000000
vt 0.120000 0.036652 0.000000
vt -0.000000 0.036652 0.000000
vt 0.120000 -0.036652 0.000000
vt -0.000000 -0.036652 0.000000
vt 0.120000 -0.109956 0.000000
vt 0.000000 -0.109956 0.000000
vt 0.120000 -0.183260 0.000000
vt 0.000000 -0.183260 0.000000
vt 0.120000 -0.256563 0.000000
vt 0.000000 -0.256563 0.000000
vt 0.120000 -0.329867 0.000000
vt 0.000000 -0.329867 0.000000
vt 0.120000 0.329867 0.000000
vt 0.000000 0.329867 0.000000
vt 0.120000 0.256563 0.000000
vt 0.000000 0.256563 0.000000
vt 0.120000 0.183260 0.000000
vt -0.000000 0.183260 0.000000
vt 0.120000 0.109956 0.000000
vt 0.000000 0.109956 0.000000
vt 0.120000 0.036652 0.000000
vt 0.000000 0.036652 0.000000
vt 0.120000 -0.036652 0.000000
vt 0.000000 -0.036652 0.000000
vt 0.120000 -0.109956 0.000000
vt 0.000000 -0.109956 0.000000
vt 0.120000 -0.183260 0.000000
vt -0.000000 -0.183260 0.000000
vt 0.120000 -0.256563 0.000000
vt 0.000000 -0.256563 0.000000
vt 0.120000 -0.329867 0.000000
vt 0.000000 -0.329867 0.000000
vt 0.120000 0.329867 0.000000
vt 0.000000 0.329867 0.000000
vt 0.120000 0.256563 0.000000
vt 0.000000 0.256563 0.000000
vt 0.120000 0.183260 0.000000
vt -0.000000 0.183260 0.000000
vt 0.120000 0.109956 0.000000
vt 0.000000 0.109956 0.000000
vt 0.120000 0.036652 0.000000
vt 0.000000 0.036652 0.000000
vt 0.120000 -0.036652 0.000000
vt 0.000000 -0.036652 0.000000
vt 0.120000 -0.109956 0.000000
vt 0.000000 -0.109956 0.000000
vt 0.120000 -0.183260 0.000000
vt -0.000000 -0.183260 0.000000
vt 0.120000 -0.256563 0.000000
vt -0.000000 -0.256563 0.000000
vt 0.120000 -0.329867 0.000000
vt 0.000000 -0.329867 0.000000
vt 0.120000 0.329867 0.000000
vt 0.000000 0.329867 0.000000
vt 0.120000 0.256563 0.000000
vt -0.000000 0.256563 0.000000
vt 0.120000 0.183260 0.000000
vt -0.000000 0.183260 0.000000
vt 0.120000 0.109956 0.000000
vt 0.000000 0.109956 0.000000
vt 0.120000 0.036652 0.000000
vt -0.000000 0.036652 0.000000
vt 0.120000 -0.036652 0.000000
vt -0.000000 -0.036652 0.000000
vt 0.120000 -0.109956 0.000000
vt 0.000000 -0.109956 0.000000
vt 0.120000 -0.183260 0.000000
vt -0.000000 -0.183260 0.000000
vt 0.120000 -0.256563 0.000000
vt 0.000000 -0.256563 0.000000
vt 0.120000 -0.329867 0.000000
vt 0.000000 -0.329867 0.000000
vt 0.120000 0.329867 0.000000
vt 0.000000 0.329867 0.000000
vt 0.120000 0.256563 0.000000
vt 0.000000 0.256563 0.000000
vt 0.120000 0.183260 0.000000
vt 0.000000 0.183260 0.000000
vt 0.120000 0.109956 0.000000
vt 0.000000 0.109956 0.000000
vt 0.120000 0.036652 0.000000
vt -0.000000 0.036652 0.000000
vt 0.120000 -0.036652 0.000000
vt -0.000000 -0.036652 0.000000
vt 0.120000 -0.109956 0.000000
vt 0.000000 -0.109956 0.000000
vt 0.120000 -0.183260 0.000000
vt 0.000000 -0.183260 0.000000
vt 0.120000 -0.256563 0.000000
vt -0.000000 -0.256563 0.000000
vt 0.120000 -0.329867 0.000000
vt 0.000000 -0.329867 0.000000
vt 0.120000 0.329867 0.000000
vt 0.000000 0.329867 0.000000
vt 0.120000 0.256563 0.000000
vt -0.000000 0.256563 0.000000
vt 0.120000 0.183260 0.000000
vt -0.000000 0.183260 0.000000
vt 0.120000 0.109956 0.000000
vt 0.000000 0.109956 0.000000
vt 0.120000 0.036652 0.000000
vt -0.000000 0.036652 0.000000
vt 0.120000 -0.036652 0.000000
vt -0.000000 -0.036652 0.000000
vt 0.120000 -0.109956 0.000000
vt 0.000000 -0.109956 0.000000
vt 0.120000 -0.183260 0.000000
vt -0.000000 -0.183260 0.000000
vt 0.120000 -0.256563 0.000000
vt 0.000000 -0.256563 0.000000
vt 0.120000 -0.329867 0.000000
vt 0.000000 -0.329867 0.000000
vt 0.120000 0.329867 0.000000
vt 0.000000 0.329867 0.000000
vt 0.120000 0.256563 0.000000
vt 0.000000 0.256563 0.000000
vt 0.120000 0.183260 0.000000
vt -0.000000 0.183260 0.000000
vt 0.120000 0.109956 0.000000
vt 0.000000 0.109956 0.000000
vt 0.120000 0.036652 0.000000
vt 0.000000 0.036652 0.000000
vt 0.120000 -0.036652 0.000000
vt 0.000000 -0.036652 0.000000
vt 0.120000 -0.109956 0.000000
vt 0.000000 -0.109956 0.000000
vt 0.120000 -0.183260 0.000000
vt -0.000000 -0.183260 0.000000
vt 0.120000 -0.256563 0.000000
vt 0.000000 -0.256563 0.000000
vt 0.120000 -0.329867 0.000000
vt 0.000000 -0.329867 0.000000
vt 0.120000 0.329867 0.000000
vt 0.000000 0.329867 0.000000
vt 0.120000 0.256563 0.000000
vt 0.000000 0.256563 0.000000
vt 0.120000 0.183260 0.000000
vt -0.000000 0.183260 0.000000
vt 0.120000 0.109956 0.000000
vt 0.000000 0.109956 0.000000
vt 0.120000 0.036652 0.000000
vt 0.000000 0.036652 0.000000
vt 0.120000 -0.036652 0.000000
vt 0.000000 -0.036652 0.000000
vt 0.120000 -0.109956 0.000000
vt 0.000000 -0.109956 0.000000
vt 0.120000 -0.183260 0.000000
vt -0.000000 -0.183260 0.000000
vt 0.095756 -0.080348 0.000000
vt 0.302588 -0.253901 0.000000
vt 0.125000 -0.000000 0.000000
vt 0.395000 0.000000 0.000000
vt 0.302588 0.253901 0.000000
vt 0.068591 -0.388999 0.000000
vt 0.021706 -0.123101 0.000000
vt -0.062500 -0.108253 0.000000
vt -0.197500 -0.342080 0.000000
vt -0.117462 -0.042753 0.000000
vt -0.371179 -0.135098 0.000000
vt -0.117462 0.042753 0.000000
vt -0.371179 0.135098 0.000000
vt -0.197500 0.342080 0.000000
vt -0.062500 0.108253 0.000000
vt 0.068591 0.388999 0.000000
vt 0.021706 0.123101 0.000000
vt 0.095756 0.080348 0.000000
vt 0.095756 -0.080348 0.000000
vt 0.719565 -0.067493 0.000000
vt 0.125000 0.000000 0.000000
vt 0.695000 0.000000 0.000000
vt 0.719565 0.067493 0.000000
vt 0.021706 -0.123101 0.000000
vt 0.485251 -0.498193 0.000000
vt 0.547452 -0.462281 0.000000
vt 0.618185 -0.474753 0.000000
vt 0.781767 -0.103405 0.000000
vt 0.916200 -0.333470 0.000000
vt 0.852500 -0.090933 0.000000
vt 0.898668 -0.035912 0.000000
vt 0.898668 0.035912 0.000000
vt 0.916200 0.333470 0.000000
vt 0.852500 0.090933 0.000000
vt 0.781767 0.103405 0.000000
vt 0.618185 0.474753 0.000000
vt 0.547452 0.462281 0.000000
vt 0.095756 0.080348 0.000000
vt 0.485251 0.498193 0.000000
vt 0.021706 0.123101 0.000000
vt 0.052500 0.709067 0.000000
vt -0.018233 0.696595 0.000000
vt -0.062500 -0.108253 0.000000
vt -0.018233 -0.696595 0.000000
vt 0.052500 -0.709067 0.000000
vt 0.460685 -0.565685 0.000000
vt 0.098668 -0.764088 0.000000
vt 0.485251 -0.633178 0.000000
vt 0.487500 -0.844375 0.000000
vt 0.547452 -0.669090 0.000000
vt 0.618185 -0.656618 0.000000
vt 0.664353 -0.601598 0.000000
vt 0.664353 -0.529773 0.000000
vt -0.117462 -0.042753 0.000000
vt -0.513185 -0.474753 0.000000
vt -0.467018 -0.529773 0.000000
vt -0.080435 -0.732507 0.000000
vt -0.467018 -0.601598 0.000000
vt -0.105000 -0.800000 0.000000
vt -0.513185 -0.656618 0.000000
vt -0.169307 -0.960188 0.000000
vt -0.583918 -0.669090 0.000000
vt -0.746893 -0.626718 0.000000
vt -0.646120 -0.633178 0.000000
vt -0.670685 -0.565685 0.000000
vt -0.117462 0.042753 0.000000
vt -0.701332 0.035912 0.000000
vt -0.701332 -0.035912 0.000000
vt -0.583918 -0.462281 0.000000
vt -0.747500 -0.090933 0.000000
vt -0.646120 -0.498193 0.000000
vt -0.818233 -0.103405 0.000000
vt -0.880435 -0.067493 0.000000
vt -0.975000 0.000000 0.000000
vt -0.905000 0.000000 0.000000
vt -0.880435 0.067493 0.000000
vt -0.513185 0.474753 0.000000
vt -0.062500 0.108253 0.000000
vt -0.467018 0.529773 0.000000
vt -0.080435 0.732507 0.000000
vt 0.052500 -0.890933 0.000000
vt -0.018233 -0.903405 0.000000
vt -0.080435 -0.867493 0.000000
vt 0.487500 0.844375 0.000000
vt 0.664353 0.601598 0.000000
vt 0.664353 0.529773 0.000000
vt -0.169307 0.960188 0.000000
vt 0.052500 0.890933 0.000000
vt 0.098668 0.835912 0.000000
vt 0.098668 0.764088 0.000000
vt -0.746893 0.626718 0.000000
vt -0.583918 0.669090 0.000000
vt -0.513185 0.656618 0.000000
vt -0.105000 0.800000 0.000000
vt -0.467018 0.601598 0.000000
vt -0.818233 0.103405 0.000000
vt -0.646120 0.498193 0.000000
vt -0.747500 0.090933 0.000000
vt -0.583918 0.462281 0.000000
vt 0.098668 -0.835912 0.000000
vt 0.485251 0.633178 0.000000
vt 0.460685 0.565685 0.000000
vt 0.547452 0.669090 0.000000
vt 0.618185 0.656618 0.000000
vt -0.080435 0.867493 0.000000
vt -0.018233 0.903405 0.000000
vt -0.670685 0.565685 0.000000
vt -0.646120 0.633178 0.000000
vn 99.619470 -0.000000 -8.715574
vn 90.630779 -0.000000 -42.261826
vn 70.710678 -0.000000 -70.710678
vn 42.261826 -0.000000 -90.630779
vn 8.715574 -0.000000 -99.619470
vn -25.881905 -0.000000 -96.592583
vn -57.357644 0.000000 -81.915204
vn -81.915204 0.000000 -57.357644
vn -96.592583 0.000000 -25.881905
vn -99.619470 0.000000 8.715574
vn -90.630779 0.000000 42.261826
vn -70.710678 0.000000 70.710678
vn -42.261826 0.000000 90.630779
vn -8.715574 0.000000 99.619470
vn 25.881905 0.000000 96.592583
vn 57.357644 -0.000000 81.915204
vn 81.915204 -0.000000 57.357644
vn 96.592583 -0.000000 25.881905
vn 0.000000 -0.000000 -100.000000
vn 0.000000 -0.000000 -100.000000
vn -58.446374 0.000000 -81.141983
vn -58.446374 0.000000 -81.141983
vn -94.849094 0.000000 -31.680427
vn -94.849094 0.000000 -31.680427
vn -95.478496 0.000000 29.729730
vn -95.478496 0.000000 29.729730
vn -99.494205 0.000000 -10.045054
vn -99.619470 0.000000 8.715574
vn -95.478496 0.000000 -29.729730
vn -81.915204 0.000000 -57.357644
vn -88.535585 0.000000 -46.491398
vn -77.455953 0.000000 -63.250102
vn -63.250102 0.000000 -77.455953
vn -25.881905 -0.000000 -96.592583
vn -46.491398 0.000000 -88.535585
vn -29.729730 -0.000000 -95.478496
vn -35.453772 0.000000 -93.504171
vn -29.729730 -0.000000 -95.478496
vn -99.494205 0.000000 10.045054
vn -88.535585 0.000000 46.491398
vn -91.187036 0.000000 41.047831
vn -88.535585 0.000000 46.491398
vn -93.504171 0.000000 35.453772
vn -70.710678 0.000000 70.710678
vn -77.455953 0.000000 63.250102
vn -63.250102 0.000000 77.455953
vn -46.491398 0.000000 88.535585
vn -8.715574 0.000000 99.619470
vn -29.729730 0.000000 95.478496
vn -10.045054 0.000000 99.494205
vn -46.491398 0.000000 88.535585
vn -41.047831 0.000000 91.187036
vn -35.453772 0.000000 93.504171
vn -29.729730 0.000000 95.478496
vn 10.045054 0.000000 99.494205
vn 29.729730 0.000000 95.478496
vn 57.357644 -0.000000 81.915204
vn 46.491398 -0.000000 88.535585
vn 63.250102 -0.000000 77.455953
vn 29.729730 0.000000 95.478496
vn 35.453772 -0.000000 93.504171
vn 41.047831 -0.000000 91.187036
vn 46.491398 -0.000000 88.535585
vn 77.455953 -0.000000 63.250102
vn 96.592583 -0.000000 25.881905
vn 88.535585 -0.000000 46.491398
vn 93.504171 -0.000000 35.453772
vn 91.187036 -0.000000 41.047831
vn 88.535585 -0.000000 46.491398
vn 95.478496 -0.000000 29.729730
vn 95.478496 -0.000000 29.729730
vn 99.494205 -0.000000 10.045054
vn 99.494205 -0.000000 -10.045054
vn 90.630779 -0.000000 -42.261826
vn 95.478496 -0.000000 -29.729730
vn 93.504171 -0.000000 -35.453772
vn 95.478496 -0.000000 -29.729730
vn 91.187036 -0.000000 -41.047831
vn 88.535585 -0.000000 -46.491398
vn 88.535585 -0.000000 -46.491398
vn 77.455953 -0.000000 -63.250102
vn 63.250102 -0.000000 -77.455953
vn 42.261826 -0.000000 -90.630779
vn 46.491398 -0.000000 -88.535585
vn 46.491398 -0.000000 -88.535585
vn 41.047831 -0.000000 -91.187036
vn 29.729730 -0.000000 -95.478496
vn 10.045054 -0.000000 -99.494205
vn 35.453772 -0.000000 -93.504171
vn 29.729730 -0.000000 -95.478496
vn -10.045054 -0.000000 -99.494205
vn -41.047831 0.000000 -91.187036
vn -46.491398 0.000000 -88.535585
vn -88.535585 0.000000 -46.491398
vn -91.187036 0.000000 -41.047831
vn -93.504171 0.000000 -35.453772
vn -95.478496 0.000000 -29.729730
vn -0.000000 -100.000000 0.000000
vn -0.000000 -100.000000 0.000000
vn -0.000000 -100.000000 0.000000
vn -0.000000 -100.000000 0.000000
vn -0.000000 -100.000000 0.000000
vn -0.000000 -100.000000 0.000000
vn -0.000000 -100.000000 0.000000
vn -0.000000 -100.000000 0.000000
vn -0.000000 -100.000000 0.000000
vn -0.000000 -100.000000 0.000000
vn -0.000000 -100.000000 0.000000
vn -0.000000 -100.000000 0.000000
vn -0.000000 -100.000000 0.000000
vn -0.000000 -100.000000 0.000000
vn -0.000000 -100.000000 0.000000
vn -0.000000 -100.000000 0.000000
vn -0.000000 -100.000000 0.000000
vn -0.000000 -100.000000 0.000000
vn -0.000000 -100.000000 0.000000
vn -0.000000 -100.000000 0.000000
vn -0.000000 -100.000000 0.000000
vn -0.000000 -100.000000 0.000000
vn -0.000000 -100.000000 0.000000
vn -0.000000 -100.000000 0.000000
vn -0.000000 -100.000000 0.000000
vn -0.000000 -100.000000 0.000000
vn -0.000000 -100.000000 0.000000
vn -0.000000 -100.000000 0.000000
vn -0.000000 -100.000000 0.000000
vn -0.000000 -100.000000 0.000000
vn -0.000000 -100.000000 0.000000
vn -0.000000 -100.000000 0.000000
vn -0.000000 -100.000000 0.000000
vn -0.000000 -100.000000 0.000000
vn -0.000000 -100.000000 0.000000
vn -0.000000 -100.000000 0.000000
vn -0.000000 -100.000000 0.000000
vn -0.000000 -100.000000 0.000000
vn -0.000000 -100.000000 0.000000
vn -0.000000 -100.000000 0.000000
vn -0.000000 -100.000000 0.000000
vn -0.000000 -100.000000 0.000000
vn -0.000000 -100.000000 0.000000
vn -0.000000 -100.000000 0.000000
vn -0.000000 -100.000000 0.000000
vn -0.000000 -100.000000 0.000000
vn -0.000000 -100.000000 0.000000
vn -0.000000 -100.000000 0.000000
vn -0.000000 -100.000000 0.000000
vn -0.000000 -100.000000 0.000000
vn -0.000000 -100.000000 0.000000
vn -0.000000 -100.000000 0.000000
vn -0.000000 -100.000000 0.000000
vn -0.000000 -100.000000 0.000000
vn -0.000000 -100.000000 0.000000
vn -0.000000 -100.000000 0.000000
vn -0.000000 -100.000000 0.000000
vn -0.000000 -100.000000 0.000000
vn -0.000000 -100.000000 0.000000
vn -0.000000 -100.000000 0.000000
vn -0.000000 -100.000000 0.000000
vn -0.000000 -100.000000 0.000000
vn -0.000000 -100.000000 0.000000
vn -0.000000 -100.000000 0.000000
vn -0.000000 -100.000000 0.000000
vn -0.000000 -100.000000 0.000000
vn -0.000000 -100.000000 0.000000
vn -0.000000 -100.000000 0.000000
vn -0.000000 -100.000000 0.000000
vn -0.000000 -100.000000 0.000000
vn -0.000000 -100.000000 0.000000
vn -0.000000 -100.000000 0.000000
vn -0.000000 -100.000000 0.000000
vn -0.000000 -100.000000 0.000000
vn -0.000000 -100.000000 0.000000
vn -0.000000 -100.000000 0.000000
vn -0.000000 -100.000000 0.000000
vn -0.000000 -100.000000 0.000000
vn -0.000000 -100.000000 0.000000
vn -0.000000 -100.000000 0.000000
vn -0.000000 -100.000000 0.000000
vn -0.000000 -100.000000 0.000000
vn -0.000000 -100.000000 0.000000
vn -0.000000 -100.000000 0.000000
vn -0.000000 -100.000000 0.000000
vn -0.000000 -100.000000 0.000000
vn -0.000000 -100.000000 0.000000
vn -0.000000 -100.000000 0.000000
vn -0.000000 -100.000000 0.000000
vn -0.000000 -100.000000 0.000000
vn -0.000000 -100.000000 0.000000
vn -0.000000 -100.000000 0.000000
vn -0.000000 -100.000000 0.000000
vn -0.000000 -100.000000 0.000000
vn -0.000000 -100.000000 0.000000
vn -0.000000 -100.000000 0.000000
vn -0.000000 -100.000000 0.000000
vn -0.000000 -100.000000 0.000000
vn -0.000000 -100.000000 0.000000
vn -0.000000 -100.000000 0.000000
vn -0.000000 -100.000000 0.000000
vn -0.000000 -100.000000 0.000000
vn -0.000000 -100.000000 0.000000
vn -0.000000 -100.000000 0.000000
vn -0.000000 -100.000000 0.000000
vn -0.000000 -100.000000 0.000000
vn -0.000000 -100.000000 0.000000
vn -0.000000 -100.000000 0.000000
vn -0.000000 -100.000000 0.000000
vn -0.000000 -100.000000 0.000000
vn -0.000000 -100.000000 0.000000
vn -0.000000 -100.000000 0.000000
vn -0.000000 -100.000000 0.000000
vn -0.000000 -100.000000 0.000000
vn -0.000000 -100.000000 0.000000
vn -0.000000 -100.000000 0.000000
vn -0.000000 -100.000000 0.000000
vn -0.000000 -100.000000 0.000000
vn -0.000000 -100.000000 0.000000
vn -0.000000 -100.000000 0.000000
vn -0.000000 -100.000000 0.000000
vn -0.000000 -100.000000 0.000000
vn -0.000000 -100.000000 0.000000
vn -0.000000 -100.000000 0.000000
vn -0.000000 -100.000000 0.000000
vn -0.000000 -100.000000 0.000000
vn -0.000000 -100.000000 0.000000
vn -0.000000 -100.000000 0.000000
vn -0.000000 -100.000000 0.000000
vn -0.000000 -100.000000 0.000000
vn -0.000000 -100.000000 0.000000
vn -0.000000 -100.000000 0.000000
vn -0.000000 -100.000000 0.000000
vn -0.000000 -100.000000 0.000000
vn -0.000000 -100.000000 0.000000
vn -0.000000 -100.000000 0.000000
vn -0.000000 -100.000000 0.000000
vn -44.666993 0.000000 89.469882
vn -44.666993 0.000000 89.469882
vn 16.048219 0.000000 98.703874
vn 16.048219 0.000000 98.703874
vn 70.710678 -0.000000 70.710678
vn 70.710678 -0.000000 70.710678
vn -70.710678 0.000000 -70.710678
vn -70.710678 0.000000 -70.710678
vn -98.703874 0.000000 -16.048219
vn -98.703874 0.000000 -16.048219
vn -89.469882 0.000000 44.666993
vn -89.469882 0.000000 44.666993
vn 31.680427 -0.000000 94.849094
vn 31.680427 -0.000000 94.849094
vn 81.141983 -0.000000 58.446374
vn 81.141983 -0.000000 58.446374
vn 100.000000 -0.000000 0.000000
vn 100.000000 -0.000000 0.000000
vn -100.000000 0.000000 -0.000000
vn -100.000000 0.000000 -0.000000
vn -81.141983 0.000000 58.446374
vn -81.141983 0.000000 58.446374
vn -31.680427 0.000000 94.849094
vn -31.680427 0.000000 94.849094
vn 89.469882 -0.000000 44.666993
vn 89.469882 -0.000000 44.666993
vn 98.703874 -0.000000 -16.048219
vn 98.703874 -0.000000 -16.048219
vn 70.710678 -0.000000 -70.710678
vn 70.710678 -0.000000 -70.710678
vn -70.710678 0.000000 70.710678
vn -70.710678 0.000000 70.710678
vn -16.048219 0.000000 98.703874
vn -16.048219 0.000000 98.703874
vn 44.666993 -0.000000 89.469882
vn 44.666993 -0.000000 89.469882
vn 94.849094 -0.000000 -31.680427
vn 94.849094 -0.000000 -31.680427
vn 58.446374 -0.000000 -81.141983
vn 58.446374 -0.000000 -81.141983
vn 0.000000 -0.000000 -100.000000
vn 0.000000 -0.000000 -100.000000
vn -0.000000 0.000000 100.000000
vn -0.000000 0.000000 100.000000
vn 58.446374 -0.000000 81.141983
vn 58.446374 -0.000000 81.141983
vn 94.849094 -0.000000 31.680427
vn 94.849094 -0.000000 31.680427
vn 44.666993 -0.000000 -89.469882
vn 44.666993 -0.000000 -89.469882
vn -16.048219 -0.000000 -98.703874
vn -16.048219 -0.000000 -98.703874
vn -70.710678 0.000000 -70.710678
vn -70.710678 0.000000 -70.710678
vn 70.710678 -0.000000 70.710678
vn 70.710678 -0.000000 70.710678
vn 98.703874 -0.000000 16.048219
vn 98.703874 -0.000000 16.048219
vn 89.469882 -0.000000 -44.666993
vn 89.469882 -0.000000 -44.666993
vn -31.680427 0.000000 -94.849094
vn -31.680427 0.000000 -94.849094
vn -81.141983 0.000000 -58.446374
vn -81.141983 0.000000 -58.446374
vn -100.000000 0.000000 -0.000000
vn -100.000000 0.000000 -0.000000
vn 100.000000 -0.000000 0.000000
vn 100.000000 -0.000000 0.000000
vn 81.141983 -0.000000 -58.446374
vn 81.141983 -0.000000 -58.446374
vn 31.680427 -0.000000 -94.849094
vn 31.680427 -0.000000 -94.849094
vn -89.469882 0.000000 -44.666993
vn -89.469882 0.000000 -44.666993
vn -98.703874 0.000000 16.048219
vn -98.703874 0.000000 16.048219
vn -70.710678 0.000000 70.710678
vn -70.710678 0.000000 70.710678
vn 70.710678 -0.000000 -70.710678
vn 70.710678 -0.000000 -70.710678
vn 16.048219 -0.000000 -98.703874
vn 16.048219 -0.000000 -98.703874
vn -44.666993 0.000000 -89.469882
vn -44.666993 0.000000 -89.469882
vn 70.710678 -0.000000 -70.710678
vn 70.710678 -0.000000 -70.710678
vn -94.849094 0.000000 31.680427
vn -94.849094 0.000000 31.680427
vn -58.446374 0.000000 81.141983
vn -58.446374 0.000000 81.141983
vn -0.000000 0.000000 100.000000
vn -0.000000 0.000000 100.000000
vn 0.000000 -0.000000 -100.000000
vn 0.000000 -0.000000 -100.000000
vn -0.000000 0.000000 100.000000
vn -0.000000 0.000000 100.000000
vn -58.778525 0.000000 80.901699
vn -58.778525 0.000000 80.901699
vn -95.105652 0.000000 30.901699
vn -95.105652 0.000000 30.901699
vn -95.105652 0.000000 -30.901699
vn -95.105652 0.000000 -30.901699
vn -58.778525 0.000000 -80.901699
vn -58.778525 0.000000 -80.901699
vn -0.000000 -100.000000 0.000000
vn -0.000000 -100.000000 0.000000
vn -0.000000 -100.000000 0.000000
vn -0.000000 -100.000000 0.000000
vn -0.000000 -100.000000 0.000000
vn -0.000000 -100.000000 0.000000
vn -0.000000 -100.000000 0.000000
vn -0.000000 -100.000000 0.000000
vn -0.000000 -100.000000 0.000000
vn -0.000000 -100.000000 0.000000
vn -0.000000 -100.000000 0.000000
vn -0.000000 -100.000000 0.000000
vn -0.000000 -100.000000 0.000000
vn -0.000000 -100.000000 0.000000
vn -0.000000 -100.000000 0.000000
vn -0.000000 -100.000000 0.000000
vn -0.000000 -100.000000 0.000000
vn -0.000000 -100.000000 0.000000
vn -0.000000 -100.000000 0.000000
vn -0.000000 -100.000000 0.000000
vn -0.000000 -100.000000 0.000000
vn -0.000000 -100.000000 0.000000
vn -0.000000 -100.000000 0.000000
vn -0.000000 -100.000000 0.000000
vn -0.000000 -100.000000 0.000000
vn -70.710678 0.000000 -70.710678
vn -70.710678 0.000000 -70.710678
vn 70.710678 -0.000000 70.710678
vn 70.710678 -0.000000 70.710678
vn 15.643447 0.000000 98.768834
vn 15.643447 0.000000 98.768834
vn -45.399050 0.000000 89.100652
vn -45.399050 0.000000 89.100652
vn -89.100652 0.000000 45.399050
vn -89.100652 0.000000 45.399050
vn -98.768834 0.000000 -15.643447
vn -98.768834 0.000000 -15.643447
vn -0.000000 -100.000000 0.000000
vn -0.000000 -100.000000 0.000000
vn -0.000000 -100.000000 0.000000
vn -0.000000 -100.000000 0.000000
vn -0.000000 -100.000000 0.000000
vn -0.000000 -100.000000 0.000000
vn -0.000000 -100.000000 0.000000
vn -0.000000 -100.000000 0.000000
vn -0.000000 -100.000000 0.000000
vn -0.000000 -100.000000 0.000000
vn -0.000000 -100.000000 0.000000
vn -0.000000 -100.000000 0.000000
vn -0.000000 -100.000000 0.000000
vn -0.000000 -100.000000 0.000000
vn -0.000000 -100.000000 0.000000
vn -0.000000 -100.000000 0.000000
vn -0.000000 -100.000000 0.000000
vn -0.000000 -100.000000 0.000000
vn -0.000000 -100.000000 0.000000
vn -0.000000 -100.000000 0.000000
vn -0.000000 -100.000000 0.000000
vn -0.000000 -100.000000 0.000000
vn -0.000000 -100.000000 0.000000
vn -0.000000 -100.000000 0.000000
vn -0.000000 -100.000000 0.000000
vn -100.000000 0.000000 -0.000000
vn -100.000000 0.000000 -0.000000
vn 100.000000 -0.000000 0.000000
vn 100.000000 -0.000000 0.000000
vn 80.901699 -0.000000 58.778525
vn 80.901699 -0.000000 58.778525
vn 30.901699 -0.000000 95.105652
vn 30.901699 -0.000000 95.105652
vn -30.901699 0.000000 95.105652
vn -30.901699 0.000000 95.105652
vn -80.901699 0.000000 58.778525
vn -80.901699 0.000000 58.778525
vn -0.000000 -100.000000 0.000000
vn -0.000000 -100.000000 0.000000
vn -0.000000 -100.000000 0.000000
vn -0.000000 -100.000000 0.000000
vn -0.000000 -100.000000 0.000000
vn -0.000000 -100.000000 0.000000
vn -0.000000 -100.000000 0.000000
vn -0.000000 -100.000000 0.000000
vn -0.000000 -100.000000 0.000000
vn -0.000000 -100.000000 0.000000
vn -0.000000 -100.000000 0.000000
vn -0.000000 -100.000000 0.000000
vn -0.000000 -100.000000 0.000000
vn -0.000000 -100.000000 0.000000
vn -0.000000 -100.000000 0.000000
vn -0.000000 -100.000000 0.000000
vn -0.000000 -100.000000 0.000000
vn -0.000000 -100.000000 0.000000
vn -0.000000 -100.000000 0.000000
vn -0.000000 -100.000000 0.000000
vn -0.000000 -100.000000 0.000000
vn -0.000000 -100.000000 0.000000
vn -0.000000 -100.000000 0.000000
vn -0.000000 -100.000000 0.000000
vn -0.000000 -100.000000 0.000000
vn -70.710678 0.000000 70.710678
vn -70.710678 0.000000 70.710678
vn 70.710678 -0.000000 -70.710678
vn 70.710678 -0.000000 -70.710678
vn 98.768834 -0.000000 -15.643447
vn 98.768834 -0.000000 -15.643447
vn 89.100652 -0.000000 45.399050
vn 89.100652 -0.000000 45.399050
vn 45.399050 -0.000000 89.100652
vn 45.399050 -0.000000 89.100652
vn -15.643447 0.000000 98.768834
vn -15.643447 0.000000 98.768834
vn -0.000000 -100.000000 0.000000
vn -0.000000 -100.000000 0.000000
vn -0.000000 -100.000000 0.000000
vn -0.000000 -100.000000 0.000000
vn -0.000000 -100.000000 0.000000
vn -0.000000 -100.000000 0.000000
vn -0.000000 -100.000000 0.000000
vn -0.000000 -100.000000 0.000000
vn -0.000000 -100.000000 0.000000
vn -0.000000 -100.000000 0.000000
vn -0.000000 -100.000000 0.000000
vn -0.000000 -100.000000 0.000000
vn -0.000000 -100.000000 0.000000
vn -0.000000 -100.000000 0.000000
vn -0.000000 -100.000000 0.000000
vn -0.000000 -100.000000 0.000000
vn -0.000000 -100.000000 0.000000
vn -0.000000 -100.000000 0.000000
vn -0.000000 -100.000000 0.000000
vn -0.000000 -100.000000 0.000000
vn -0.000000 -100.000000 0.000000
vn -0.000000 -100.000000 0.000000
vn -0.000000 -100.000000 0.000000
vn -0.000000 -100.000000 0.000000
vn -0.000000 -100.000000 0.000000
vn -0.000000 0.000000 100.000000
vn -0.000000 0.000000 100.000000
vn 0.000000 -0.000000 -100.000000
vn 0.000000 -0.000000 -100.000000
vn 58.778525 -0.000000 -80.901699
vn 58.778525 -0.000000 -80.901699
vn 95.105652 -0.000000 -30.901699
vn 95.105652 -0.000000 -30.901699
vn 95.105652 -0.000000 30.901699
vn 95.105652 -0.000000 30.901699
vn 58.778525 -0.000000 80.901699
vn 58.778525 -0.000000 80.901699
vn -0.000000 -100.000000 0.000000
vn -0.000000 -100.000000 0.000000
vn -0.000000 -100.000000 0.000000
vn -0.000000 -100.000000 0.000000
vn -0.000000 -100.000000 0.000000
vn -0.000000 -100.000000 0.000000
vn -0.000000 -100.000000 0.000000
vn -0.000000 -100.000000 0.000000
vn -0.000000 -100.000000 0.000000
vn -0.000000 -100.000000 0.000000
vn -0.000000 -100.000000 0.000000
vn -0.000000 -100.000000 0.000000
vn -0.000000 -100.000000 0.000000
vn -0.000000 -100.000000 0.000000
vn -0.000000 -100.000000 0.000000
vn -0.000000 -100.000000 0.000000
vn -0.000000 -100.000000 0.000000
vn -0.000000 -100.000000 0.000000
vn -0.000000 -100.000000 0.000000
vn -0.000000 -100.000000 0.000000
vn -0.000000 -100.000000 0.000000
vn -0.000000 -100.000000 0.000000
vn -0.000000 -100.000000 0.000000
vn -0.000000 -100.000000 0.000000
vn -0.000000 -100.000000 0.000000
vn 70.710678 -0.000000 70.710678
vn 70.710678 -0.000000 70.710678
vn -70.710678 0.000000 -70.710678
vn -70.710678 0.000000 -70.710678
vn -15.643447 -0.000000 -98.768834
vn -15.643447 -0.000000 -98.768834
vn 45.399050 -0.000000 -89.100652
vn 45.399050 -0.000000 -89.100652
vn 89.100652 -0.000000 -45.399050
vn 89.100652 -0.000000 -45.399050
vn 98.768834 -0.000000 15.643447
vn 98.768834 -0.000000 15.643447
vn -0.000000 -100.000000 0.000000
vn -0.000000 -100.000000 0.000000
vn -0.000000 -100.000000 0.000000
vn -0.000000 -100.000000 0.000000
vn -0.000000 -100.000000 0.000000
vn -0.000000 -100.000000 0.000000
vn -0.000000 -100.000000 0.000000
vn -0.000000 -100.000000 0.000000
vn -0.000000 -100.000000 0.000000
vn -0.000000 -100.000000 0.000000
vn -0.000000 -100.000000 0.000000
vn -0.000000 -100.000000 0.000000
vn -0.000000 -100.000000 0.000000
vn -0.000000 -100.000000 0.000000
vn -0.000000 -100.000000 0.000000
vn -0.000000 -100.000000 0.000000
vn -0.000000 -100.000000 0.000000
vn -0.000000 -100.000000 0.000000
vn -0.000000 -100.000000 0.000000
vn -0.000000 -100.000000 0.000000
vn -0.000000 -100.000000 0.000000
vn -0.000000 -100.000000 0.000000
vn -0.000000 -100.000000 0.000000
vn -0.000000 -100.000000 0.000000
vn -0.000000 -100.000000 0.000000
vn 100.000000 -0.000000 0.000000
vn 100.000000 -0.000000 0.000000
vn -100.000000 0.000000 -0.000000
vn -100.000000 0.000000 -0.000000
vn -80.901699 0.000000 -58.778525
vn -80.901699 0.000000 -58.778525
vn -30.901699 0.000000 -95.105652
vn -30.901699 0.000000 -95.105652
vn 30.901699 -0.000000 -95.105652
vn 30.901699 -0.000000 -95.105652
vn 80.901699 -0.000000 -58.778525
vn 80.901699 -0.000000 -58.778525
vn -0.000000 -100.000000 0.000000
vn -0.000000 -100.000000 0.000000
vn -0.000000 -100.000000 0.000000
vn -0.000000 -100.000000 0.000000
vn -0.000000 -100.000000 0.000000
vn -0.000000 -100.000000 0.000000
vn -0.000000 -100.000000 0.000000
vn -0.000000 -100.000000 0.000000
vn -0.000000 -100.000000 0.000000
vn -0.000000 -100.000000 0.000000
vn -0.000000 -100.000000 0.000000
vn -0.000000 -100.000000 0.000000
vn -0.000000 -100.000000 0.000000
vn -0.000000 -100.000000 0.000000
vn -0.000000 -100.000000 0.000000
vn -0.000000 -100.000000 0.000000
vn -0.000000 -100.000000 0.000000
vn -0.000000 -100.000000 0.000000
vn -0.000000 -100.000000 0.000000
vn -0.000000 -100.000000 0.000000
vn -0.000000 -100.000000 0.000000
vn -0.000000 -100.000000 0.000000
vn -0.000000 -100.000000 0.000000
vn -0.000000 -100.000000 0.000000
vn -0.000000 -100.000000 0.000000
vn -70.710678 0.000000 70.710678
vn -70.710678 0.000000 70.710678
vn -98.768834 0.000000 15.643447
vn -98.768834 0.000000 15.643447
vn -89.100652 0.000000 -45.399050
vn -89.100652 0.000000 -45.399050
vn -45.399050 0.000000 -89.100652
vn -45.399050 0.000000 -89.100652
vn 15.643447 -0.000000 -98.768834
vn 15.643447 -0.000000 -98.768834
vn -0.000000 -100.000000 0.000000
vn -0.000000 -100.000000 0.000000
vn -0.000000 -100.000000 0.000000
vn -0.000000 -100.000000 0.000000
vn -0.000000 -100.000000 0.000000
vn -0.000000 -100.000000 0.000000
vn -0.000000 -100.000000 0.000000
vn -0.000000 -100.000000 0.000000
vn -0.000000 -100.000000 0.000000
vn -0.000000 -100.000000 0.000000
vn -0.000000 -100.000000 0.000000
vn -0.000000 -100.000000 0.000000
vn -0.000000 -100.000000 0.000000
vn -0.000000 -100.000000 0.000000
vn -0.000000 -100.000000 0.000000
vn -0.000000 -100.000000 0.000000
vn -0.000000 -100.000000 0.000000
vn -0.000000 -100.000000 0.000000
vn -0.000000 -100.000000 0.000000
vn -0.000000 -100.000000 0.000000
vn -0.000000 -100.000000 0.000000
vn -0.000000 -100.000000 0.000000
vn -0.000000 -100.000000 0.000000
vn -0.000000 -100.000000 0.000000
vn -0.000000 -100.000000 0.000000
vn -99.619470 0.000000 8.715574
vn -99.619470 0.000000 8.715574
vn -70.710678 0.000000 70.710678
vn -70.710678 0.000000 70.710678
vn -8.715574 0.000000 99.619470
vn -8.715574 0.000000 99.619470
vn 57.357644 -0.000000 81.915204
vn 57.357644 -0.000000 81.915204
vn 96.592583 -0.000000 25.881905
vn 96.592583 -0.000000 25.881905
vn 90.630779 -0.000000 -42.261826
vn 90.630779 -0.000000 -42.261826
vn 42.261826 -0.000000 -90.630779
vn 42.261826 -0.000000 -90.630779
vn -25.881905 -0.000000 -96.592583
vn -25.881905 -0.000000 -96.592583
vn -81.915204 0.000000 -57.357644
vn -81.915204 0.000000 -57.357644
vn -99.619470 0.000000 8.715574
vn -99.619470 0.000000 8.715574
vn -70.710678 0.000000 70.710678
vn -70.710678 0.000000 70.710678
vn -8.715574 0.000000 99.619470
vn -8.715574 0.000000 99.619470
vn 57.357644 -0.000000 81.915204
vn 57.357644 -0.000000 81.915204
vn 96.592583 -0.000000 25.881905
vn 96.592583 -0.000000 25.881905
vn 90.630779 -0.000000 -42.261826
vn 90.630779 -0.000000 -42.261826
vn 42.261826 -0.000000 -90.630779
vn 42.261826 -0.000000 -90.630779
vn -25.881905 -0.000000 -96.592583
vn -25.881905 -0.000000 -96.592583
vn -81.915204 0.000000 -57.357644
vn -81.915204 0.000000 -57.357644
vn -0.000000 -100.000000 0.000000
vn -0.000000 -100.000000 0.000000
vn -0.000000 -100.000000 0.000000
vn -0.000000 -100.000000 0.000000
vn -0.000000 -100.000000 0.000000
vn -0.000000 -100.000000 0.000000
vn -0.000000 -100.000000 0.000000
vn -0.000000 -100.000000 0.000000
vn -0.000000 -100.000000 0.000000
vn -0.000000 -100.000000 0.000000
vn -0.000000 -100.000000 0.000000
vn -0.000000 -100.000000 0.000000
vn -0.000000 -100.000000 0.000000
vn -0.000000 -100.000000 0.000000
vn -0.000000 -100.000000 0.000000
vn -0.000000 -100.000000 0.000000
vn -0.000000 -100.000000 0.000000
vn -0.000000 -100.000000 0.000000
vn 99.619470 -0.000000 -8.715574
vn 99.619470 -0.000000 -8.715574
vn 70.710678 -0.000000 -70.710678
vn 70.710678 -0.000000 -70.710678
vn 8.715574 -0.000000 -99.619470
vn 8.715574 -0.000000 -99.619470
vn -57.357644 0.000000 -81.915204
vn -57.357644 0.000000 -81.915204
vn -96.592583 0.000000 -25.881905
vn -96.592583 0.000000 -25.881905
vn -90.630779 0.000000 42.261826
vn -90.630779 0.000000 42.261826
vn -42.261826 0.000000 90.630779
vn -42.261826 0.000000 90.630779
vn 25.881905 0.000000 96.592583
vn 25.881905 0.000000 96.592583
vn 81.915204 -0.000000 57.357644
vn 81.915204 -0.000000 57.357644
vn 99.619470 -0.000000 -8.715574
vn 99.619470 -0.000000 -8.715574
vn 70.710678 -0.000000 -70.710678
vn 70.710678 -0.000000 -70.710678
vn 8.715574 -0.000000 -99.619470
vn 8.715574 -0.000000 -99.619470
vn -57.357644 0.000000 -81.915204
vn -57.357644 0.000000 -81.915204
vn -96.592583 0.000000 -25.881905
vn -96.592583 0.000000 -25.881905
vn -90.630779 0.000000 42.261826
vn -90.630779 0.000000 42.261826
vn -42.261826 0.000000 90.630779
vn -42.261826 0.000000 90.630779
vn 25.881905 0.000000 96.592583
vn 25.881905 0.000000 96.592583
vn 81.915204 -0.000000 57.357644
vn 81.915204 -0.000000 57.357644
vn 99.619470 -0.000000 -8.715574
vn 99.619470 -0.000000 -8.715574
vn 70.710678 -0.000000 -70.710678
vn 70.710678 -0.000000 -70.710678
vn 8.715574 -0.000000 -99.619470
vn 8.715574 -0.000000 -99.619470
vn -57.357644 0.000000 -81.915204
vn -57.357644 0.000000 -81.915204
vn -96.592583 0.000000 -25.881905
vn -96.592583 0.000000 -25.881905
vn -90.630779 0.000000 42.261826
vn -90.630779 0.000000 42.261826
vn -42.261826 0.000000 90.630779
vn -42.261826 0.000000 90.630779
vn 25.881905 0.000000 96.592583
vn 25.881905 0.000000 96.592583
vn 81.915204 -0.000000 57.357644
vn 81.915204 -0.000000 57.357644
vn 99.619470 -0.000000 -8.715574
vn 99.619470 -0.000000 -8.715574
vn 70.710678 -0.000000 -70.710678
vn 70.710678 -0.000000 -70.710678
vn 8.715574 -0.000000 -99.619470
vn 8.715574 -0.000000 -99.619470
vn -57.357644 0.000000 -81.915204
vn -57.357644 0.000000 -81.915204
vn -96.592583 0.000000 -25.881905
vn -96.592583 0.000000 -25.881905
vn -90.630779 0.000000 42.261826
vn -90.630779 0.000000 42.261826
vn -42.261826 0.000000 90.630779
vn -42.261826 0.000000 90.630779
vn 25.881905 0.000000 96.592583
vn 25.881905 0.000000 96.592583
vn 81.915204 -0.000000 57.357644
vn 81.915204 -0.000000 57.357644
vn 99.619470 -0.000000 -8.715574
vn 99.619470 -0.000000 -8.715574
vn 70.710678 -0.000000 -70.710678
vn 70.710678 -0.000000 -70.710678
vn 8.715574 -0.000000 -99.619470
vn 8.715574 -0.000000 -99.619470
vn -57.357644 0.000000 -81.915204
vn -57.357644 0.000000 -81.915204
vn -96.592583 0.000000 -25.881905
vn -96.592583 0.000000 -25.881905
vn -90.630779 0.000000 42.261826
vn -90.630779 0.000000 42.261826
vn -42.261826 0.000000 90.630779
vn -42.261826 0.000000 90.630779
vn 25.881905 0.000000 96.592583
vn 25.881905 0.000000 96.592583
vn 81.915204 -0.000000 57.357644
vn 81.915204 -0.000000 57.357644
vn 99.619470 -0.000000 -8.715574
vn 99.619470 -0.000000 -8.715574
vn 70.710678 -0.000000 -70.710678
vn 70.710678 -0.000000 -70.710678
vn 8.715574 -0.000000 -99.619470
vn 8.715574 -0.000000 -99.619470
vn -57.357644 0.000000 -81.915204
vn -57.357644 0.000000 -81.915204
vn -96.592583 0.000000 -25.881905
vn -96.592583 0.000000 -25.881905
vn -90.630779 0.000000 42.261826
vn -90.630779 0.000000 42.261826
vn -42.261826 0.000000 90.630779
vn -42.261826 0.000000 90.630779
vn 25.881905 0.000000 96.592583
vn 25.881905 0.000000 96.592583
vn 81.915204 -0.000000 57.357644
vn 81.915204 -0.000000 57.357644
vn 99.619470 -0.000000 -8.715574
vn 99.619470 -0.000000 -8.715574
vn 70.710678 -0.000000 -70.710678
vn 70.710678 -0.000000 -70.710678
vn 8.715574 -0.000000 -99.619470
vn 8.715574 -0.000000 -99.619470
vn -57.357644 0.000000 -81.915204
vn -57.357644 0.000000 -81.915204
vn -96.592583 0.000000 -25.881905
vn -96.592583 0.000000 -25.881905
vn -90.630779 0.000000 42.261826
vn -90.630779 0.000000 42.261826
vn -42.261826 0.000000 90.630779
vn -42.261826 0.000000 90.630779
vn 25.881905 0.000000 96.592583
vn 25.881905 0.000000 96.592583
vn 81.915204 -0.000000 57.357644
vn 81.915204 -0.000000 57.357644
vn 99.619470 -0.000000 -8.715574
vn 99.619470 -0.000000 -8.715574
vn 70.710678 -0.000000 -70.710678
vn 70.710678 -0.000000 -70.710678
vn 8.715574 -0.000000 -99.619470
vn 8.715574 -0.000000 -99.619470
vn -57.357644 0.000000 -81.915204
vn -57.357644 0.000000 -81.915204
vn -96.592583 0.000000 -25.881905
vn -96.592583 0.000000 -25.881905
vn -90.630779 0.000000 42.261826
vn -90.630779 0.000000 42.261826
vn -42.261826 0.000000 90.630779
vn -42.261826 0.000000 90.630779
vn 25.881905 0.000000 96.592583
vn 25.881905 0.000000 96.592583
vn 81.915204 -0.000000 57.357644
vn 81.915204 -0.000000 57.357644
vn -0.000000 -100.000000 0.000000
vn -0.000000 -100.000000 0.000000
vn -0.000000 -100.000000 0.000000
vn -0.000000 -100.000000 0.000000
vn -0.000000 -100.000000 0.000000
vn -0.000000 -100.000000 0.000000
vn -0.000000 -100.000000 0.000000
vn -0.000000 -100.000000 0.000000
vn -0.000000 -100.000000 0.000000
vn -0.000000 -100.000000 0.000000
vn -0.000000 -100.000000 0.000000
vn -0.000000 -100.000000 0.000000
vn -0.000000 -100.000000 0.000000
vn -0.000000 -100.000000 0.000000
vn -0.000000 -100.000000 0.000000
vn -0.000000 -100.000000 0.000000
vn -0.000000 -100.000000 0.000000
vn -0.000000 -100.000000 0.000000
vn 0.000000 100.000000 -0.000000
vn 0.000000 100.000000 -0.000000
vn 0.000000 100.000000 -0.000000
vn 0.000000 100.000000 -0.000000
vn 0.000000 100.000000 -0.000000
vn 0.000000 100.000000 -0.000000
vn 0.000000 100.000000 -0.000000
vn 0.000000 100.000000 -0.000000
vn 0.000000 100.000000 -0.000000
vn 0.000000 100.000000 -0.000000
vn 0.000000 100.000000 -0.000000
vn 0.000000 100.000000 -0.000000
vn 0.000000 100.000000 -0.000000
vn 0.000000 100.000000 -0.000000
vn 0.000000 100.000000 -0.000000
vn 0.000000 100.000000 -0.000000
vn 0.000000 100.000000 -0.000000
vn 0.000000 100.000000 -0.000000
vn 0.000000 100.000000 -0.000000
vn 0.000000 100.000000 -0.000000
vn 0.000000 100.000000 -0.000000
vn 0.000000 100.000000 -0.000000
vn 0.000000 100.000000 -0.000000
vn 0.000000 100.000000 -0.000000
vn 0.000000 100.000000 -0.000000
vn 0.000000 100.000000 -0.000000
vn 0.000000 100.000000 -0.000000
vn 0.000000 100.000000 -0.000000
vn 0.000000 100.000000 -0.000000
vn 0.000000 100.000000 -0.000000
vn 0.000000 100.000000 -0.000000
vn 0.000000 100.000000 -0.000000
vn 0.000000 100.000000 -0.000000
vn 0.000000 100.000000 -0.000000
vn 0.000000 100.000000 -0.000000
vn 0.000000 100.000000 -0.000000
vn 0.000000 100.000000 -0.000000
vn 0.000000 100.000000 -0.000000
vn 0.000000 100.000000 -0.000000
vn 0.000000 100.000000 -0.000000
vn 0.000000 100.000000 -0.000000
vn 0.000000 100.000000 -0.000000
vn 0.000000 100.000000 -0.000000
vn 0.000000 100.000000 -0.000000
vn 0.000000 100.000000 -0.000000
vn 0.000000 100.000000 -0.000000
vn 0.000000 100.000000 -0.000000
vn 0.000000 100.000000 -0.000000
vn 0.000000 100.000000 -0.000000
vn 0.000000 100.000000 -0.000000
vn 0.000000 100.000000 -0.000000
vn 0.000000 100.000000 -0.000000
vn 0.000000 100.000000 -0.000000
vn 0.000000 100.000000 -0.000000
vn 0.000000 100.000000 -0.000000
vn 0.000000 100.000000 -0.000000
vn 0.000000 100.000000 -0.000000
vn 0.000000 100.000000 -0.000000
vn 0.000000 100.000000 -0.000000
vn 0.000000 100.000000 -0.000000
vn 0.000000 100.000000 -0.000000
vn 0.000000 100.000000 -0.000000
vn 0.000000 100.000000 -0.000000
vn 0.000000 100.000000 -0.000000
vn 0.000000 100.000000 -0.000000
vn 0.000000 100.000000 -0.000000
vn 0.000000 100.000000 -0.000000
vn 0.000000 100.000000 -0.000000
vn 0.000000 100.000000 -0.000000
vn 0.000000 100.000000 -0.000000
vn 0.000000 100.000000 -0.000000
vn 0.000000 100.000000 -0.000000
vn 0.000000 100.000000 -0.000000
vn 0.000000 100.000000 -0.000000
vn 0.000000 100.000000 -0.000000
vn 0.000000 100.000000 -0.000000
vn 0.000000 100.000000 -0.000000
vn 0.000000 100.000000 -0.000000
vn 0.000000 100.000000 -0.000000
vn 0.000000 100.000000 -0.000000
vn 0.000000 100.000000 -0.000000
vn 0.000000 100.000000 -0.000000
vn 0.000000 100.000000 -0.000000
vn 0.000000 100.000000 -0.000000
vn 0.000000 100.000000 -0.000000
vn 0.000000 100.000000 -0.000000
vn 0.000000 100.000000 -0.000000
vn 0.000000 100.000000 -0.000000
vn 0.000000 100.000000 -0.000000
vn 0.000000 100.000000 -0.000000
f 494/1065/985 506/1066/986 493/1067/987
f 493/1068/987 506/1069/986 507/1070/988
f 493/1068/987 507/1070/988 501/1071/989
f 501/1071/989 507/1070/988 508/1072/990
f 501/1071/989 508/1072/990 500/1073/991
f 500/1073/991 508/1072/990 509/1074/992
f 500/1073/991 509/1074/992 499/1075/993
f 499/1075/993 509/1074/992 510/1076/994
f 499/1075/993 510/1076/994 498/1077/995
f 498/1077/995 510/1076/994 502/1078/996
f 498/1077/995 502/1078/996 497/1079/997
f 497/1079/997 502/1078/996 503/1080/998
f 497/1079/997 503/1080/998 496/1081/999
f 496/1081/999 503/1080/998 504/1082/1000
f 496/1081/999 504/1082/1000 495/1083/1001
f 495/1083/1001 504/1082/1000 505/1084/1002
f 495/1083/1001 505/1084/1002 494/1065/985
f 494/1065/985 505/1084/1002 506/1066/986
f 518/1085/1003 511/1086/1004 517/1087/1005
f 517/1087/1005 511/1086/1004 512/1088/1006
f 517/1087/1005 512/1088/1006 516/1089/1007
f 516/1089/1007 512/1088/1006 513/1090/1008
f 516/1089/1007 513/1090/1008 515/1091/1009
f 515/1091/1009 513/1090/1008 514/1092/1010
f 520/1093/1011 582/1094/1012 519/1095/1013
f 519/1095/1013 582/1094/1012 583/1096/1014
f 519/1095/1013 583/1096/1014 576/1097/1015
f 576/1097/1015 583/1096/1014 575/1098/1016
f 575/1098/1016 583/1096/1014 574/1099/1017
f 574/1099/1017 583/1096/1014 584/1100/1018
f 574/1099/1017 584/1100/1018 573/1101/1019
f 573/1101/1019 584/1100/1018 568/1102/1020
f 573/1101/1019 568/1102/1020 570/1103/1021
f 570/1103/1021 568/1102/1020 569/1104/1022
f 520/1093/1011 521/1105/1023 582/1094/1012
f 582/1094/1012 521/1105/1023 515/1106/1009
f 582/1094/1012 515/1106/1009 525/1107/1024
f 525/1107/1024 515/1106/1009 523/1108/1025
f 525/1107/1024 523/1108/1025 524/1109/1026
f 514/1110/1010 522/1111/1027 515/1106/1009
f 515/1106/1009 522/1111/1027 523/1108/1025
f 582/1094/1012 525/1107/1024 581/1112/1028
f 581/1112/1028 525/1107/1024 526/1113/1029
f 581/1112/1028 526/1113/1029 527/1114/1030
f 527/1114/1030 528/1115/1031 581/1112/1028
f 581/1112/1028 528/1115/1031 589/1116/1032
f 589/1116/1032 528/1115/1031 533/1117/1033
f 589/1116/1032 533/1117/1033 534/1118/1034
f 529/1119/1035 530/1120/1036 528/1115/1031
f 528/1115/1031 530/1120/1036 533/1117/1033
f 530/1120/1036 531/1121/1037 533/1117/1033
f 533/1117/1033 531/1121/1037 532/1122/1038
f 534/1118/1034 535/1123/1039 589/1116/1032
f 589/1116/1032 535/1123/1039 536/1124/1040
f 589/1116/1032 536/1124/1040 588/1125/1041
f 588/1125/1041 536/1124/1040 541/1126/1042
f 588/1125/1041 541/1126/1042 542/1127/1043
f 537/1128/1044 538/1129/1045 536/1124/1040
f 536/1124/1040 538/1129/1045 541/1126/1042
f 538/1129/1045 539/1130/1046 541/1126/1042
f 541/1126/1042 539/1130/1046 540/1131/1047
f 542/1127/1043 543/1132/1048 588/1125/1041
f 588/1125/1041 543/1132/1048 587/1133/1049
f 587/1133/1049 543/1132/1048 544/1134/1050
f 587/1133/1049 544/1134/1050 547/1135/1051
f 547/1135/1051 544/1134/1050 546/1136/1052
f 546/1136/1052 544/1134/1050 545/1137/1053
f 548/1138/1054 549/1139/1055 547/1135/1051
f 547/1135/1051 549/1139/1055 587/1133/1049
f 549/1139/1055 550/1140/1056 587/1133/1049
f 587/1133/1049 550/1140/1056 551/1141/1057
f 587/1133/1049 551/1141/1057 586/1142/1058
f 586/1142/1058 551/1141/1057 552/1143/1059
f 586/1142/1058 552/1143/1059 554/1144/1060
f 554/1144/1060 552/1143/1059 553/1145/1061
f 554/1144/1060 555/1146/1062 586/1142/1058
f 586/1142/1058 555/1146/1062 556/1147/1063
f 586/1142/1058 556/1147/1063 557/1148/1064
f 557/1148/1064 558/1149/1065 586/1142/1058
f 586/1142/1058 558/1149/1065 559/1150/1066
f 586/1142/1058 559/1150/1066 585/1151/1067
f 585/1152/1067 559/1153/1066 560/1154/1068
f 585/1152/1067 560/1154/1068 561/1155/1069
f 561/1155/1069 562/1156/1070 585/1152/1067
f 585/1152/1067 562/1156/1070 565/1157/1071
f 585/1152/1067 565/1157/1071 566/1158/1072
f 562/1156/1070 563/1159/1073 565/1157/1071
f 565/1157/1071 563/1159/1073 564/1160/1074
f 585/1152/1067 566/1158/1072 584/1100/1018
f 584/1100/1018 566/1158/1072 567/1161/1075
f 584/1100/1018 567/1161/1075 568/1102/1020
f 570/1103/1021 571/1162/1076 573/1101/1019
f 573/1101/1019 571/1162/1076 572/1163/1077
f 577/1164/1078 578/1165/1079 576/1097/1015
f 576/1097/1015 578/1165/1079 579/1166/1080
f 576/1097/1015 579/1166/1080 519/1095/1013
f 519/1095/1013 579/1166/1080 580/1167/1081
f 513/1168/1082 511/1169/1083 514/1170/1084
f 514/1170/1084 511/1169/1083 590/1171/1085
f 514/1170/1084 590/1171/1085 522/1172/1086
f 522/1172/1086 590/1171/1085 523/1173/1087
f 523/1173/1087 590/1171/1085 679/1174/1088
f 523/1173/1087 679/1174/1088 524/1175/1089
f 524/1175/1089 679/1174/1088 680/1176/1090
f 524/1175/1089 680/1176/1090 681/1177/1091
f 513/1168/1082 512/1178/1092 511/1169/1083
f 679/1174/1088 590/1171/1085 678/1179/1093
f 678/1179/1093 590/1171/1085 591/1180/1094
f 678/1179/1093 591/1180/1094 592/1181/1095
f 593/1182/1096 691/1183/1097 592/1181/1095
f 592/1181/1095 691/1183/1097 677/1184/1098
f 592/1181/1095 677/1184/1098 678/1179/1093
f 691/1183/1097 593/1182/1096 690/1185/1099
f 690/1185/1099 593/1182/1096 594/1186/1100
f 690/1185/1099 594/1186/1100 603/1187/1101
f 603/1187/1101 594/1186/1100 595/1188/1102
f 603/1187/1101 595/1188/1102 602/1189/1103
f 602/1189/1103 595/1188/1102 579/1190/1104
f 602/1189/1103 579/1190/1104 578/1191/1105
f 579/1190/1104 595/1188/1102 580/1192/1106
f 580/1192/1106 595/1188/1102 596/1193/1107
f 580/1192/1106 596/1193/1107 597/1194/1108
f 597/1194/1108 598/1195/1109 580/1192/1106
f 578/1191/1105 577/1196/1110 602/1189/1103
f 602/1189/1103 577/1196/1110 601/1197/1111
f 601/1197/1111 577/1196/1110 600/1198/1112
f 600/1198/1112 577/1196/1110 599/1199/1113
f 603/1187/1101 604/1200/1114 690/1185/1099
f 690/1185/1099 604/1200/1114 605/1201/1115
f 690/1185/1099 605/1201/1115 689/1202/1116
f 689/1202/1116 605/1201/1115 606/1203/1117
f 689/1202/1116 606/1203/1117 615/1204/1118
f 615/1204/1118 606/1203/1117 614/1205/1119
f 614/1205/1119 606/1203/1117 607/1206/1120
f 614/1205/1119 607/1206/1120 570/1207/1121
f 570/1207/1121 607/1206/1120 571/1208/1122
f 571/1208/1122 607/1206/1120 572/1209/1123
f 572/1209/1123 607/1206/1120 608/1210/1124
f 572/1209/1123 608/1210/1124 609/1211/1125
f 609/1211/1125 610/1212/1126 572/1209/1123
f 570/1207/1121 569/1213/1127 614/1205/1119
f 614/1205/1119 569/1213/1127 613/1214/1128
f 613/1214/1128 569/1213/1127 612/1215/1129
f 612/1215/1129 569/1213/1127 611/1216/1130
f 615/1204/1118 616/1217/1131 689/1202/1116
f 689/1202/1116 616/1217/1131 617/1218/1132
f 689/1202/1116 617/1218/1132 688/1219/1133
f 688/1219/1133 617/1218/1132 618/1220/1134
f 688/1219/1133 618/1220/1134 627/1221/1135
f 627/1221/1135 618/1220/1134 626/1222/1136
f 626/1222/1136 618/1220/1134 619/1223/1137
f 626/1222/1136 619/1223/1137 562/1224/1138
f 562/1224/1138 619/1223/1137 563/1225/1139
f 563/1225/1139 619/1223/1137 564/1226/1140
f 564/1226/1140 619/1223/1137 620/1227/1141
f 564/1226/1140 620/1227/1141 622/1228/1142
f 622/1228/1142 620/1227/1141 621/1229/1143
f 562/1224/1138 561/1230/1144 626/1222/1136
f 626/1222/1136 561/1230/1144 625/1231/1145
f 625/1231/1145 561/1230/1144 624/1232/1146
f 624/1232/1146 561/1230/1144 623/1233/1147
f 627/1221/1135 628/1234/1148 688/1219/1133
f 688/1219/1133 628/1234/1148 687/1235/1149
f 687/1235/1149 628/1234/1148 629/1236/1150
f 687/1235/1149 629/1236/1150 630/1237/1151
f 687/1235/1149 630/1237/1151 639/1238/1152
f 639/1238/1152 630/1237/1151 631/1239/1153
f 639/1238/1152 631/1239/1153 638/1240/1154
f 638/1240/1154 631/1239/1153 555/1241/1155
f 638/1240/1154 555/1241/1155 554/1242/1156
f 555/1241/1155 631/1239/1153 556/1243/1157
f 556/1243/1157 631/1239/1153 632/1244/1158
f 556/1243/1157 632/1244/1158 634/1245/1159
f 634/1245/1159 632/1244/1158 633/1246/1160
f 554/1242/1156 553/1247/1161 638/1240/1154
f 638/1240/1154 553/1247/1161 637/1248/1162
f 637/1248/1162 553/1247/1161 635/1249/1163
f 637/1248/1162 635/1249/1163 636/1250/1164
f 639/1238/1152 640/1251/1165 687/1235/1149
f 687/1235/1149 640/1251/1165 686/1252/1166
f 686/1252/1166 640/1251/1165 641/1253/1167
f 686/1252/1166 641/1253/1167 642/1254/1168
f 686/1252/1166 642/1254/1168 651/1255/1169
f 651/1255/1169 642/1254/1168 643/1256/1170
f 651/1255/1169 643/1256/1170 650/1257/1171
f 650/1257/1171 643/1256/1170 547/1258/1172
f 650/1257/1171 547/1258/1172 546/1259/1173
f 547/1258/1172 643/1256/1170 548/1260/1174
f 548/1260/1174 643/1256/1170 644/1261/1175
f 548/1260/1174 644/1261/1175 646/1262/1176
f 646/1262/1176 644/1261/1175 645/1263/1177
f 546/1259/1173 545/1264/1178 650/1257/1171
f 650/1257/1171 545/1264/1178 649/1265/1179
f 649/1265/1179 545/1264/1178 648/1266/1180
f 648/1266/1180 545/1264/1178 647/1267/1181
f 651/1255/1169 652/1268/1182 686/1252/1166
f 686/1252/1166 652/1268/1182 685/1269/1183
f 685/1269/1183 652/1268/1182 653/1270/1184
f 685/1269/1183 653/1270/1184 654/1271/1185
f 655/1272/1186 662/1273/1187 654/1271/1185
f 654/1271/1185 662/1273/1187 663/1274/1188
f 654/1271/1185 663/1274/1188 685/1269/1183
f 685/1269/1183 663/1274/1188 664/1275/1189
f 685/1269/1183 664/1275/1189 684/1276/1190
f 684/1276/1190 664/1275/1189 665/1277/1191
f 684/1276/1190 665/1277/1191 676/1278/1192
f 676/1278/1192 665/1277/1191 675/1279/1193
f 675/1279/1193 665/1277/1191 666/1280/1194
f 675/1279/1193 666/1280/1194 674/1281/1195
f 674/1281/1195 666/1280/1194 667/1282/1196
f 674/1281/1195 667/1282/1196 530/1283/1197
f 530/1283/1197 667/1282/1196 531/1284/1198
f 531/1284/1198 667/1282/1196 532/1285/1199
f 532/1285/1199 667/1282/1196 668/1286/1200
f 532/1285/1199 668/1286/1200 670/1287/1201
f 670/1287/1201 668/1286/1200 669/1288/1202
f 656/1289/1203 540/1290/1204 655/1272/1186
f 655/1272/1186 540/1290/1204 539/1291/1205
f 655/1272/1186 539/1291/1205 538/1292/1206
f 656/1289/1203 657/1293/1207 540/1290/1204
f 540/1290/1204 657/1293/1207 658/1294/1208
f 655/1272/1186 538/1292/1206 662/1273/1187
f 662/1273/1187 538/1292/1206 537/1295/1209
f 662/1273/1187 537/1295/1209 661/1296/1210
f 661/1296/1210 537/1295/1209 659/1297/1211
f 661/1296/1210 659/1297/1211 660/1298/1212
f 530/1283/1197 529/1299/1213 674/1281/1195
f 674/1281/1195 529/1299/1213 673/1300/1214
f 673/1300/1214 529/1299/1213 672/1301/1215
f 672/1301/1215 529/1299/1213 671/1302/1216
f 684/1276/1190 676/1278/1192 683/1303/1217
f 683/1303/1217 676/1278/1192 677/1184/1098
f 683/1303/1217 677/1184/1098 691/1183/1097
f 681/1177/1091 682/1304/1218 524/1175/1089
f 525/1305/1024 524/1306/1026 694/1307/1219
f 694/1307/1219 524/1306/1026 682/1308/1220
f 694/1307/1219 682/1308/1220 693/1309/1221
f 693/1309/1221 682/1308/1220 681/1310/1222
f 693/1309/1221 681/1310/1222 692/1311/1223
f 692/1311/1223 681/1310/1222 680/1312/1224
f 697/1313/1225 673/1314/1226 696/1315/1227
f 696/1315/1227 673/1314/1226 672/1316/1228
f 696/1315/1227 672/1316/1228 695/1317/1229
f 695/1317/1229 672/1316/1228 671/1318/1230
f 695/1317/1229 671/1318/1230 528/1319/1031
f 528/1319/1031 671/1318/1230 529/1320/1035
f 533/1321/1033 532/1322/1038 700/1323/1231
f 700/1323/1231 532/1322/1038 670/1324/1232
f 700/1323/1231 670/1324/1232 699/1325/1233
f 699/1325/1233 670/1324/1232 669/1326/1234
f 699/1325/1233 669/1326/1234 698/1327/1235
f 698/1327/1235 669/1326/1234 668/1328/1236
f 703/1329/1237 661/1330/1238 702/1331/1239
f 702/1331/1239 661/1330/1238 660/1332/1240
f 702/1331/1239 660/1332/1240 701/1333/1241
f 701/1333/1241 660/1332/1240 659/1334/1242
f 701/1333/1241 659/1334/1242 536/1335/1040
f 536/1335/1040 659/1334/1242 537/1336/1044
f 541/1337/1042 540/1338/1047 706/1339/1243
f 706/1339/1243 540/1338/1047 658/1340/1244
f 706/1339/1243 658/1340/1244 705/1341/1245
f 705/1341/1245 658/1340/1244 657/1342/1246
f 705/1341/1245 657/1342/1246 704/1343/1247
f 704/1343/1247 657/1342/1246 656/1344/1248
f 709/1345/1249 649/1346/1250 708/1347/1251
f 708/1347/1251 649/1346/1250 648/1348/1252
f 708/1347/1251 648/1348/1252 707/1349/1253
f 707/1349/1253 648/1348/1252 647/1350/1254
f 707/1349/1253 647/1350/1254 544/1351/1050
f 544/1351/1050 647/1350/1254 545/1352/1053
f 549/1353/1055 548/1354/1054 712/1355/1255
f 712/1355/1255 548/1354/1054 646/1356/1256
f 712/1355/1255 646/1356/1256 711/1357/1257
f 711/1357/1257 646/1356/1256 645/1358/1258
f 711/1357/1257 645/1358/1258 710/1359/1259
f 710/1359/1259 645/1358/1258 644/1360/1260
f 715/1361/1261 637/1362/1262 714/1363/1263
f 714/1363/1263 637/1362/1262 636/1364/1264
f 714/1363/1263 636/1364/1264 713/1365/1265
f 713/1365/1265 636/1364/1264 635/1366/1266
f 713/1365/1265 635/1366/1266 552/1367/1059
f 552/1367/1059 635/1366/1266 553/1368/1061
f 557/1369/1064 556/1370/1063 718/1371/1267
f 718/1371/1267 556/1370/1063 634/1372/1268
f 718/1371/1267 634/1372/1268 717/1373/1269
f 717/1373/1269 634/1372/1268 633/1374/1270
f 717/1373/1269 633/1374/1270 716/1375/1271
f 716/1375/1271 633/1374/1270 632/1376/1272
f 721/1377/1273 625/1378/1274 720/1379/1275
f 720/1379/1275 625/1378/1274 624/1380/1276
f 720/1379/1275 624/1380/1276 719/1381/1277
f 719/1381/1277 624/1380/1276 623/1382/1278
f 719/1381/1277 623/1382/1278 560/1383/1068
f 560/1383/1068 623/1382/1278 561/1384/1069
f 565/1385/1071 564/1386/1074 724/1387/1279
f 724/1387/1279 564/1386/1074 622/1388/1280
f 724/1387/1279 622/1388/1280 723/1389/1281
f 723/1389/1281 622/1388/1280 621/1390/1282
f 723/1389/1281 621/1390/1282 722/1391/1283
f 722/1391/1283 621/1390/1282 620/1392/1284
f 727/1393/1285 613/1394/1286 726/1395/1287
f 726/1395/1287 613/1394/1286 612/1396/1288
f 726/1395/1287 612/1396/1288 725/1397/1289
f 725/1397/1289 612/1396/1288 611/1398/1290
f 725/1397/1289 611/1398/1290 568/1399/1020
f 568/1399/1020 611/1398/1290 569/1400/1022
f 573/1401/1019 572/1402/1077 730/1403/1291
f 730/1403/1291 572/1402/1077 610/1404/1292
f 730/1403/1291 610/1404/1292 729/1405/1293
f 729/1405/1293 610/1404/1292 609/1406/1294
f 729/1405/1293 609/1406/1294 728/1407/1295
f 728/1407/1295 609/1406/1294 608/1408/1296
f 733/1409/1297 601/1410/1298 732/1411/1299
f 732/1411/1299 601/1410/1298 600/1412/1300
f 732/1411/1299 600/1412/1300 731/1413/1301
f 731/1413/1301 600/1412/1300 599/1414/1302
f 731/1413/1301 599/1414/1302 576/1415/1015
f 576/1415/1015 599/1414/1302 577/1416/1078
f 733/1417/1297 734/1418/1303 601/1419/1298
f 601/1419/1298 734/1418/1303 602/1420/1304
f 519/1421/1013 580/1422/1081 737/1423/1305
f 737/1423/1305 580/1422/1081 598/1424/1306
f 737/1423/1305 598/1424/1306 736/1425/1307
f 736/1425/1307 598/1424/1306 597/1426/1308
f 736/1425/1307 597/1426/1308 735/1427/1309
f 735/1427/1309 597/1426/1308 596/1428/1310
f 518/1429/1003 738/1430/1311 511/1431/1004
f 511/1431/1004 738/1430/1311 590/1432/1312
f 596/1433/1310 595/1434/1313 735/1435/1309
f 735/1435/1309 595/1434/1313 739/1436/1314
f 739/1437/1314 595/1438/1313 743/1439/1315
f 743/1439/1315 595/1438/1313 594/1440/1316
f 743/1439/1315 594/1440/1316 742/1441/1317
f 742/1441/1317 594/1440/1316 593/1442/1318
f 742/1441/1317 593/1442/1318 741/1443/1319
f 741/1443/1319 593/1442/1318 592/1444/1320
f 741/1443/1319 592/1444/1320 740/1445/1321
f 740/1445/1321 592/1444/1320 591/1446/1322
f 740/1445/1321 591/1446/1322 738/1447/1311
f 738/1447/1311 591/1446/1322 590/1448/1312
f 515/1449/1323 521/1450/1324 516/1451/1325
f 516/1451/1325 521/1450/1324 517/1452/1326
f 517/1452/1326 521/1450/1324 518/1453/1327
f 518/1453/1327 521/1450/1324 744/1454/1328
f 518/1453/1327 744/1454/1328 745/1455/1329
f 744/1454/1328 521/1450/1324 752/1456/1330
f 752/1456/1330 521/1450/1324 520/1457/1331
f 752/1456/1330 520/1457/1331 751/1458/1332
f 751/1458/1332 520/1457/1331 735/1459/1333
f 751/1458/1332 735/1459/1333 750/1460/1334
f 750/1460/1334 735/1459/1333 739/1461/1335
f 750/1460/1334 739/1461/1335 749/1462/1336
f 749/1462/1336 739/1461/1335 743/1463/1337
f 749/1462/1336 743/1463/1337 748/1464/1338
f 748/1464/1338 743/1463/1337 742/1465/1339
f 748/1464/1338 742/1465/1339 747/1466/1340
f 747/1466/1340 742/1465/1339 741/1467/1341
f 747/1466/1340 741/1467/1341 746/1468/1342
f 746/1468/1342 741/1467/1341 740/1469/1343
f 746/1468/1342 740/1469/1343 738/1470/1344
f 519/1471/1345 737/1472/1346 520/1457/1331
f 520/1457/1331 737/1472/1346 736/1473/1347
f 520/1457/1331 736/1473/1347 735/1459/1333
f 746/1468/1342 738/1470/1344 745/1455/1329
f 745/1455/1329 738/1470/1344 518/1453/1327
f 697/1474/1225 753/1475/1348 673/1476/1226
f 673/1476/1226 753/1475/1348 674/1477/1349
f 680/1478/1224 679/1479/1350 692/1480/1223
f 692/1480/1223 679/1479/1350 754/1481/1351
f 754/1482/1351 679/1483/1350 758/1484/1352
f 758/1484/1352 679/1483/1350 678/1485/1353
f 758/1484/1352 678/1485/1353 757/1486/1354
f 757/1486/1354 678/1485/1353 677/1487/1355
f 757/1486/1354 677/1487/1355 756/1488/1356
f 756/1488/1356 677/1487/1355 676/1489/1357
f 756/1488/1356 676/1489/1357 755/1490/1358
f 755/1490/1358 676/1489/1357 675/1491/1359
f 755/1490/1358 675/1491/1359 753/1492/1348
f 753/1492/1348 675/1491/1359 674/1493/1349
f 528/1494/1360 527/1495/1361 695/1496/1362
f 695/1496/1362 527/1495/1361 696/1497/1363
f 696/1497/1363 527/1495/1361 697/1498/1364
f 697/1498/1364 527/1495/1361 760/1499/1365
f 697/1498/1364 760/1499/1365 761/1500/1366
f 760/1499/1365 527/1495/1361 759/1501/1367
f 759/1501/1367 527/1495/1361 526/1502/1368
f 759/1501/1367 526/1502/1368 767/1503/1369
f 767/1503/1369 526/1502/1368 692/1504/1370
f 767/1503/1369 692/1504/1370 766/1505/1371
f 766/1505/1371 692/1504/1370 754/1506/1372
f 766/1505/1371 754/1506/1372 765/1507/1373
f 765/1507/1373 754/1506/1372 758/1508/1374
f 765/1507/1373 758/1508/1374 764/1509/1375
f 764/1509/1375 758/1508/1374 757/1510/1376
f 764/1509/1375 757/1510/1376 756/1511/1377
f 525/1512/1378 694/1513/1379 526/1502/1368
f 526/1502/1368 694/1513/1379 693/1514/1380
f 526/1502/1368 693/1514/1380 692/1504/1370
f 764/1509/1375 756/1511/1377 763/1515/1381
f 763/1515/1381 756/1511/1377 755/1516/1382
f 763/1515/1381 755/1516/1382 762/1517/1383
f 762/1517/1383 755/1516/1382 753/1518/1384
f 762/1517/1383 753/1518/1384 761/1500/1366
f 761/1500/1366 753/1518/1384 697/1498/1364
f 703/1519/1237 768/1520/1385 661/1521/1238
f 661/1521/1238 768/1520/1385 662/1522/1386
f 668/1523/1236 667/1524/1387 698/1525/1235
f 698/1525/1235 667/1524/1387 769/1526/1388
f 769/1527/1388 667/1528/1387 773/1529/1389
f 773/1529/1389 667/1528/1387 666/1530/1390
f 773/1529/1389 666/1530/1390 772/1531/1391
f 772/1531/1391 666/1530/1390 665/1532/1392
f 772/1531/1391 665/1532/1392 771/1533/1393
f 771/1533/1393 665/1532/1392 664/1534/1394
f 771/1533/1393 664/1534/1394 770/1535/1395
f 770/1535/1395 664/1534/1394 663/1536/1396
f 770/1535/1395 663/1536/1396 768/1537/1385
f 768/1537/1385 663/1536/1396 662/1538/1386
f 536/1539/1397 535/1540/1398 701/1541/1399
f 701/1541/1399 535/1540/1398 702/1542/1400
f 702/1542/1400 535/1540/1398 703/1543/1401
f 703/1543/1401 535/1540/1398 776/1544/1402
f 703/1543/1401 776/1544/1402 777/1545/1403
f 776/1544/1402 535/1540/1398 775/1546/1404
f 775/1546/1404 535/1540/1398 534/1547/1405
f 775/1546/1404 534/1547/1405 774/1548/1406
f 774/1548/1406 534/1547/1405 698/1549/1407
f 774/1548/1406 698/1549/1407 782/1550/1408
f 782/1550/1408 698/1549/1407 769/1551/1409
f 782/1550/1408 769/1551/1409 781/1552/1410
f 781/1552/1410 769/1551/1409 773/1553/1411
f 781/1552/1410 773/1553/1411 772/1554/1412
f 533/1555/1413 700/1556/1414 534/1547/1405
f 534/1547/1405 700/1556/1414 699/1557/1415
f 534/1547/1405 699/1557/1415 698/1549/1407
f 781/1552/1410 772/1554/1412 780/1558/1416
f 780/1558/1416 772/1554/1412 771/1559/1417
f 780/1558/1416 771/1559/1417 779/1560/1418
f 779/1560/1418 771/1559/1417 770/1561/1419
f 779/1560/1418 770/1561/1419 778/1562/1420
f 778/1562/1420 770/1561/1419 768/1563/1421
f 778/1562/1420 768/1563/1421 777/1545/1403
f 777/1545/1403 768/1563/1421 703/1543/1401
f 709/1564/1249 783/1565/1422 649/1566/1250
f 649/1566/1250 783/1565/1422 650/1567/1423
f 656/1568/1248 655/1569/1424 704/1570/1247
f 704/1570/1247 655/1569/1424 784/1571/1425
f 784/1572/1425 655/1573/1424 788/1574/1426
f 788/1574/1426 655/1573/1424 654/1575/1427
f 788/1574/1426 654/1575/1427 787/1576/1428
f 787/1576/1428 654/1575/1427 653/1577/1429
f 787/1576/1428 653/1577/1429 786/1578/1430
f 786/1578/1430 653/1577/1429 652/1579/1431
f 786/1578/1430 652/1579/1431 785/1580/1432
f 785/1580/1432 652/1579/1431 651/1581/1433
f 785/1580/1432 651/1581/1433 783/1582/1422
f 783/1582/1422 651/1581/1433 650/1583/1423
f 544/1584/1434 543/1585/1435 707/1586/1436
f 707/1586/1436 543/1585/1435 708/1587/1437
f 708/1587/1437 543/1585/1435 709/1588/1438
f 709/1588/1438 543/1585/1435 793/1589/1439
f 709/1588/1438 793/1589/1439 783/1590/1440
f 783/1590/1440 793/1589/1439 794/1591/1441
f 783/1590/1440 794/1591/1441 785/1592/1442
f 785/1592/1442 794/1591/1441 795/1593/1443
f 785/1592/1442 795/1593/1443 786/1594/1444
f 786/1594/1444 795/1593/1443 796/1595/1445
f 786/1594/1444 796/1595/1445 787/1596/1446
f 787/1596/1446 796/1595/1445 797/1597/1447
f 787/1596/1446 797/1597/1447 788/1598/1448
f 788/1598/1448 797/1597/1447 789/1599/1449
f 788/1598/1448 789/1599/1449 784/1600/1450
f 784/1600/1450 789/1599/1449 704/1601/1451
f 704/1601/1451 789/1599/1449 790/1602/1452
f 704/1601/1451 790/1602/1452 542/1603/1453
f 542/1603/1453 790/1602/1452 791/1604/1454
f 542/1603/1453 791/1604/1454 543/1585/1435
f 543/1585/1435 791/1604/1454 792/1605/1455
f 543/1585/1435 792/1605/1455 793/1589/1439
f 541/1606/1456 706/1607/1457 542/1603/1453
f 542/1603/1453 706/1607/1457 705/1608/1458
f 542/1603/1453 705/1608/1458 704/1601/1451
f 715/1609/1261 798/1610/1459 637/1611/1262
f 637/1611/1262 798/1610/1459 638/1612/1460
f 644/1613/1260 643/1614/1461 710/1615/1259
f 710/1615/1259 643/1614/1461 799/1616/1462
f 799/1617/1462 643/1618/1461 803/1619/1463
f 803/1619/1463 643/1618/1461 642/1620/1464
f 803/1619/1463 642/1620/1464 802/1621/1465
f 802/1621/1465 642/1620/1464 641/1622/1466
f 802/1621/1465 641/1622/1466 801/1623/1467
f 801/1623/1467 641/1622/1466 640/1624/1468
f 801/1623/1467 640/1624/1468 800/1625/1469
f 800/1625/1469 640/1624/1468 639/1626/1470
f 800/1625/1469 639/1626/1470 798/1627/1459
f 798/1627/1459 639/1626/1470 638/1628/1460
f 552/1629/1471 551/1630/1472 713/1631/1473
f 713/1631/1473 551/1630/1472 714/1632/1474
f 714/1632/1474 551/1630/1472 715/1633/1475
f 715/1633/1475 551/1630/1472 809/1634/1476
f 715/1633/1475 809/1634/1476 798/1635/1477
f 798/1635/1477 809/1634/1476 810/1636/1478
f 798/1635/1477 810/1636/1478 800/1637/1479
f 800/1637/1479 810/1636/1478 811/1638/1480
f 800/1637/1479 811/1638/1480 801/1639/1481
f 801/1639/1481 811/1638/1480 812/1640/1482
f 801/1639/1481 812/1640/1482 802/1641/1483
f 802/1641/1483 812/1640/1482 804/1642/1484
f 802/1641/1483 804/1642/1484 803/1643/1485
f 803/1643/1485 804/1642/1484 805/1644/1486
f 803/1643/1485 805/1644/1486 799/1645/1487
f 799/1645/1487 805/1644/1486 710/1646/1488
f 710/1646/1488 805/1644/1486 806/1647/1489
f 710/1646/1488 806/1647/1489 550/1648/1490
f 550/1648/1490 806/1647/1489 807/1649/1491
f 550/1648/1490 807/1649/1491 551/1630/1472
f 551/1630/1472 807/1649/1491 808/1650/1492
f 551/1630/1472 808/1650/1492 809/1634/1476
f 549/1651/1493 712/1652/1494 550/1648/1490
f 550/1648/1490 712/1652/1494 711/1653/1495
f 550/1648/1490 711/1653/1495 710/1646/1488
f 721/1654/1273 813/1655/1496 625/1656/1274
f 625/1656/1274 813/1655/1496 626/1657/1497
f 632/1658/1272 631/1659/1498 716/1660/1271
f 716/1660/1271 631/1659/1498 814/1661/1499
f 814/1662/1499 631/1663/1498 818/1664/1500
f 818/1664/1500 631/1663/1498 630/1665/1501
f 818/1664/1500 630/1665/1501 817/1666/1502
f 817/1666/1502 630/1665/1501 629/1667/1503
f 817/1666/1502 629/1667/1503 816/1668/1504
f 816/1668/1504 629/1667/1503 628/1669/1505
f 816/1668/1504 628/1669/1505 815/1670/1506
f 815/1670/1506 628/1669/1505 627/1671/1507
f 815/1670/1506 627/1671/1507 813/1672/1496
f 813/1672/1496 627/1671/1507 626/1673/1497
f 560/1674/1508 559/1675/1509 719/1676/1510
f 719/1676/1510 559/1675/1509 720/1677/1511
f 720/1677/1511 559/1675/1509 721/1678/1512
f 721/1678/1512 559/1675/1509 825/1679/1513
f 721/1678/1512 825/1679/1513 813/1680/1514
f 813/1680/1514 825/1679/1513 826/1681/1515
f 813/1680/1514 826/1681/1515 815/1682/1516
f 815/1682/1516 826/1681/1515 827/1683/1517
f 815/1682/1516 827/1683/1517 816/1684/1518
f 816/1684/1518 827/1683/1517 819/1685/1519
f 816/1684/1518 819/1685/1519 817/1686/1520
f 817/1686/1520 819/1685/1519 820/1687/1521
f 817/1686/1520 820/1687/1521 818/1688/1522
f 818/1688/1522 820/1687/1521 821/1689/1523
f 818/1688/1522 821/1689/1523 814/1690/1524
f 814/1690/1524 821/1689/1523 822/1691/1525
f 814/1690/1524 822/1691/1525 716/1692/1526
f 716/1692/1526 822/1691/1525 558/1693/1527
f 716/1692/1526 558/1693/1527 717/1694/1528
f 717/1694/1528 558/1693/1527 718/1695/1529
f 718/1695/1529 558/1693/1527 557/1696/1530
f 825/1679/1513 559/1675/1509 824/1697/1531
f 824/1697/1531 559/1675/1509 558/1693/1527
f 824/1697/1531 558/1693/1527 823/1698/1532
f 823/1698/1532 558/1693/1527 822/1691/1525
f 727/1699/1285 828/1700/1533 613/1701/1286
f 613/1701/1286 828/1700/1533 614/1702/1534
f 620/1703/1284 619/1704/1535 722/1705/1283
f 722/1705/1283 619/1704/1535 829/1706/1536
f 829/1707/1536 619/1708/1535 833/1709/1537
f 833/1709/1537 619/1708/1535 618/1710/1538
f 833/1709/1537 618/1710/1538 832/1711/1539
f 832/1711/1539 618/1710/1538 617/1712/1540
f 832/1711/1539 617/1712/1540 831/1713/1541
f 831/1713/1541 617/1712/1540 616/1714/1542
f 831/1713/1541 616/1714/1542 830/1715/1543
f 830/1715/1543 616/1714/1542 615/1716/1544
f 830/1715/1543 615/1716/1544 828/1717/1533
f 828/1717/1533 615/1716/1544 614/1718/1534
f 568/1719/1545 567/1720/1546 725/1721/1547
f 725/1721/1547 567/1720/1546 726/1722/1548
f 726/1722/1548 567/1720/1546 727/1723/1549
f 727/1723/1549 567/1720/1546 841/1724/1550
f 727/1723/1549 841/1724/1550 842/1725/1551
f 841/1724/1550 567/1720/1546 840/1726/1552
f 840/1726/1552 567/1720/1546 566/1727/1553
f 840/1726/1552 566/1727/1553 839/1728/1554
f 839/1728/1554 566/1727/1553 838/1729/1555
f 838/1729/1555 566/1727/1553 722/1730/1556
f 838/1729/1555 722/1730/1556 829/1731/1557
f 565/1732/1558 724/1733/1559 566/1727/1553
f 566/1727/1553 724/1733/1559 723/1734/1560
f 566/1727/1553 723/1734/1560 722/1730/1556
f 838/1729/1555 829/1731/1557 837/1735/1561
f 837/1735/1561 829/1731/1557 833/1736/1562
f 837/1735/1561 833/1736/1562 836/1737/1563
f 836/1737/1563 833/1736/1562 832/1738/1564
f 836/1737/1563 832/1738/1564 835/1739/1565
f 835/1739/1565 832/1738/1564 831/1740/1566
f 835/1739/1565 831/1740/1566 834/1741/1567
f 834/1741/1567 831/1740/1566 830/1742/1568
f 834/1741/1567 830/1742/1568 842/1725/1551
f 842/1725/1551 830/1742/1568 828/1743/1569
f 842/1725/1551 828/1743/1569 727/1723/1549
f 608/1744/1296 607/1745/1570 728/1746/1295
f 728/1746/1295 607/1745/1570 843/1747/1571
f 843/1748/1571 607/1749/1570 847/1750/1572
f 847/1750/1572 607/1749/1570 606/1751/1573
f 847/1750/1572 606/1751/1573 846/1752/1574
f 846/1752/1574 606/1751/1573 605/1753/1575
f 846/1752/1574 605/1753/1575 845/1754/1576
f 845/1754/1576 605/1753/1575 604/1755/1577
f 845/1754/1576 604/1755/1577 844/1756/1578
f 844/1756/1578 604/1755/1577 603/1757/1579
f 844/1756/1578 603/1757/1579 734/1758/1303
f 734/1758/1303 603/1757/1579 602/1759/1304
f 576/1760/1580 575/1761/1581 731/1762/1582
f 731/1762/1582 575/1761/1581 732/1763/1583
f 732/1763/1583 575/1761/1581 733/1764/1584
f 733/1764/1584 575/1761/1581 856/1765/1585
f 733/1764/1584 856/1765/1585 848/1766/1586
f 856/1765/1585 575/1761/1581 855/1767/1587
f 855/1767/1587 575/1761/1581 574/1768/1588
f 855/1767/1587 574/1768/1588 854/1769/1589
f 854/1769/1589 574/1768/1588 853/1770/1590
f 853/1770/1590 574/1768/1588 728/1771/1591
f 853/1770/1590 728/1771/1591 843/1772/1592
f 573/1773/1593 730/1774/1594 574/1768/1588
f 574/1768/1588 730/1774/1594 729/1775/1595
f 574/1768/1588 729/1775/1595 728/1771/1591
f 853/1770/1590 843/1772/1592 852/1776/1596
f 852/1776/1596 843/1772/1592 847/1777/1597
f 852/1776/1596 847/1777/1597 851/1778/1598
f 851/1778/1598 847/1777/1597 846/1779/1599
f 851/1778/1598 846/1779/1599 850/1780/1600
f 850/1780/1600 846/1779/1599 845/1781/1601
f 850/1780/1600 845/1781/1601 849/1782/1602
f 849/1782/1602 845/1781/1601 844/1783/1603
f 849/1782/1602 844/1783/1603 848/1766/1586
f 848/1766/1586 844/1783/1603 734/1784/1604
f 848/1766/1586 734/1784/1604 733/1764/1584
f 691/1785/1605 865/1786/1606 683/1787/1607
f 683/1787/1607 865/1786/1606 857/1788/1608
f 683/1789/1607 857/1790/1608 684/1791/1609
f 684/1791/1609 857/1790/1608 858/1792/1610
f 684/1791/1609 858/1792/1610 685/1793/1611
f 685/1793/1611 858/1792/1610 859/1794/1612
f 685/1793/1611 859/1794/1612 686/1795/1613
f 686/1795/1613 859/1794/1612 860/1796/1614
f 686/1795/1613 860/1796/1614 687/1797/1615
f 687/1797/1615 860/1796/1614 861/1798/1616
f 687/1797/1615 861/1798/1616 688/1799/1617
f 688/1799/1617 861/1798/1616 862/1800/1618
f 688/1799/1617 862/1800/1618 689/1801/1619
f 689/1801/1619 862/1800/1618 863/1802/1620
f 689/1801/1619 863/1802/1620 690/1803/1621
f 690/1803/1621 863/1802/1620 864/1804/1622
f 690/1803/1621 864/1804/1622 691/1785/1605
f 691/1785/1605 864/1804/1622 865/1786/1606
f 867/1805/1623 883/1806/1624 866/1807/1625
f 866/1807/1625 883/1806/1624 875/1808/1626
f 866/1809/1625 875/1810/1626 874/1811/1627
f 874/1811/1627 875/1810/1626 876/1812/1628
f 874/1811/1627 876/1812/1628 873/1813/1629
f 873/1813/1629 876/1812/1628 877/1814/1630
f 873/1813/1629 877/1814/1630 872/1815/1631
f 872/1815/1631 877/1814/1630 878/1816/1632
f 872/1815/1631 878/1816/1632 871/1817/1633
f 871/1817/1633 878/1816/1632 879/1818/1634
f 871/1817/1633 879/1818/1634 870/1819/1635
f 870/1819/1635 879/1818/1634 880/1820/1636
f 870/1819/1635 880/1820/1636 869/1821/1637
f 869/1821/1637 880/1820/1636 881/1822/1638
f 869/1821/1637 881/1822/1638 868/1823/1639
f 868/1823/1639 881/1822/1638 882/1824/1640
f 868/1823/1639 882/1824/1640 867/1805/1623
f 867/1805/1623 882/1824/1640 883/1806/1624
f 858/1825/1641 857/1826/1642 866/1827/1643
f 866/1827/1643 857/1826/1642 865/1828/1644
f 866/1827/1643 865/1828/1644 867/1829/1645
f 867/1829/1645 865/1828/1644 864/1830/1646
f 867/1829/1645 864/1830/1646 868/1831/1647
f 868/1831/1647 864/1830/1646 869/1832/1648
f 869/1832/1648 864/1830/1646 863/1833/1649
f 869/1832/1648 863/1833/1649 870/1834/1650
f 870/1834/1650 863/1833/1649 862/1835/1651
f 870/1834/1650 862/1835/1651 861/1836/1652
f 870/1834/1650 861/1836/1652 871/1837/1653
f 871/1837/1653 861/1836/1652 860/1838/1654
f 871/1837/1653 860/1838/1654 872/1839/1655
f 872/1839/1655 860/1838/1654 859/1840/1656
f 872/1839/1655 859/1840/1656 873/1841/1657
f 873/1841/1657 859/1840/1656 874/1842/1658
f 874/1842/1658 859/1840/1656 858/1825/1641
f 874/1842/1658 858/1825/1641 866/1827/1643
f 767/1843/1659 892/1844/1660 759/1845/1661
f 759/1845/1661 892/1844/1660 884/1846/1662
f 759/1847/1661 884/1848/1662 760/1849/1663
f 760/1849/1663 884/1848/1662 885/1850/1664
f 760/1849/1663 885/1850/1664 761/1851/1665
f 761/1851/1665 885/1850/1664 886/1852/1666
f 761/1851/1665 886/1852/1666 762/1853/1667
f 762/1853/1667 886/1852/1666 887/1854/1668
f 762/1853/1667 887/1854/1668 763/1855/1669
f 763/1855/1669 887/1854/1668 888/1856/1670
f 763/1855/1669 888/1856/1670 764/1857/1671
f 764/1857/1671 888/1856/1670 889/1858/1672
f 764/1857/1671 889/1858/1672 765/1859/1673
f 765/1859/1673 889/1858/1672 890/1860/1674
f 765/1859/1673 890/1860/1674 766/1861/1675
f 766/1861/1675 890/1860/1674 891/1862/1676
f 766/1861/1675 891/1862/1676 767/1843/1659
f 767/1843/1659 891/1862/1676 892/1844/1660
f 752/1863/1677 901/1864/1678 744/1865/1679
f 744/1865/1679 901/1864/1678 893/1866/1680
f 744/1867/1679 893/1868/1680 745/1869/1681
f 745/1869/1681 893/1868/1680 894/1870/1682
f 745/1869/1681 894/1870/1682 746/1871/1683
f 746/1871/1683 894/1870/1682 895/1872/1684
f 746/1871/1683 895/1872/1684 747/1873/1685
f 747/1873/1685 895/1872/1684 896/1874/1686
f 747/1873/1685 896/1874/1686 748/1875/1687
f 748/1875/1687 896/1874/1686 897/1876/1688
f 748/1875/1687 897/1876/1688 749/1877/1689
f 749/1877/1689 897/1876/1688 898/1878/1690
f 749/1877/1689 898/1878/1690 750/1879/1691
f 750/1879/1691 898/1878/1690 899/1880/1692
f 750/1879/1691 899/1880/1692 751/1881/1693
f 751/1881/1693 899/1880/1692 900/1882/1694
f 751/1881/1693 900/1882/1694 752/1863/1677
f 752/1863/1677 900/1882/1694 901/1864/1678
f 856/1883/1695 910/1884/1696 848/1885/1697
f 848/1885/1697 910/1884/1696 902/1886/1698
f 848/1887/1697 902/1888/1698 849/1889/1699
f 849/1889/1699 902/1888/1698 903/1890/1700
f 849/1889/1699 903/1890/1700 850/1891/1701
f 850/1891/1701 903/1890/1700 904/1892/1702
f 850/1891/1701 904/1892/1702 851/1893/1703
f 851/1893/1703 904/1892/1702 905/1894/1704
f 851/1893/1703 905/1894/1704 852/1895/1705
f 852/1895/1705 905/1894/1704 906/1896/1706
f 852/1895/1705 906/1896/1706 853/1897/1707
f 853/1897/1707 906/1896/1706 907/1898/1708
f 853/1897/1707 907/1898/1708 854/1899/1709
f 854/1899/1709 907/1898/1708 908/1900/1710
f 854/1899/1709 908/1900/1710 855/1901/1711
f 855/1901/1711 908/1900/1710 909/1902/1712
f 855/1901/1711 909/1902/1712 856/1883/1695
f 856/1883/1695 909/1902/1712 910/1884/1696
f 842/1903/1713 919/1904/1714 834/1905/1715
f 834/1905/1715 919/1904/1714 911/1906/1716
f 834/1907/1715 911/1908/1716 835/1909/1717
f 835/1909/1717 911/1908/1716 912/1910/1718
f 835/1909/1717 912/1910/1718 836/1911/1719
f 836/1911/1719 912/1910/1718 913/1912/1720
f 836/1911/1719 913/1912/1720 837/1913/1721
f 837/1913/1721 913/1912/1720 914/1914/1722
f 837/1913/1721 914/1914/1722 838/1915/1723
f 838/1915/1723 914/1914/1722 915/1916/1724
f 838/1915/1723 915/1916/1724 839/1917/1725
f 839/1917/1725 915/1916/1724 916/1918/1726
f 839/1917/1725 916/1918/1726 840/1919/1727
f 840/1919/1727 916/1918/1726 917/1920/1728
f 840/1919/1727 917/1920/1728 841/1921/1729
f 841/1921/1729 917/1920/1728 918/1922/1730
f 841/1921/1729 918/1922/1730 842/1903/1713
f 842/1903/1713 918/1922/1730 919/1904/1714
f 827/1923/1731 928/1924/1732 819/1925/1733
f 819/1925/1733 928/1924/1732 920/1926/1734
f 819/1927/1733 920/1928/1734 820/1929/1735
f 820/1929/1735 920/1928/1734 921/1930/1736
f 820/1929/1735 921/1930/1736 821/1931/1737
f 821/1931/1737 921/1930/1736 922/1932/1738
f 821/1931/1737 922/1932/1738 822/1933/1739
f 822/1933/1739 922/1932/1738 923/1934/1740
f 822/1933/1739 923/1934/1740 823/1935/1741
f 823/1935/1741 923/1934/1740 924/1936/1742
f 823/1935/1741 924/1936/1742 824/1937/1743
f 824/1937/1743 924/1936/1742 925/1938/1744
f 824/1937/1743 925/1938/1744 825/1939/1745
f 825/1939/1745 925/1938/1744 926/1940/1746
f 825/1939/1745 926/1940/1746 826/1941/1747
f 826/1941/1747 926/1940/1746 927/1942/1748
f 826/1941/1747 927/1942/1748 827/1923/1731
f 827/1923/1731 927/1942/1748 928/1924/1732
f 812/1943/1749 937/1944/1750 804/1945/1751
f 804/1945/1751 937/1944/1750 929/1946/1752
f 804/1947/1751 929/1948/1752 805/1949/1753
f 805/1949/1753 929/1948/1752 930/1950/1754
f 805/1949/1753 930/1950/1754 806/1951/1755
f 806/1951/1755 930/1950/1754 931/1952/1756
f 806/1951/1755 931/1952/1756 807/1953/1757
f 807/1953/1757 931/1952/1756 932/1954/1758
f 807/1953/1757 932/1954/1758 808/1955/1759
f 808/1955/1759 932/1954/1758 933/1956/1760
f 808/1955/1759 933/1956/1760 809/1957/1761
f 809/1957/1761 933/1956/1760 934/1958/1762
f 809/1957/1761 934/1958/1762 810/1959/1763
f 810/1959/1763 934/1958/1762 935/1960/1764
f 810/1959/1763 935/1960/1764 811/1961/1765
f 811/1961/1765 935/1960/1764 936/1962/1766
f 811/1961/1765 936/1962/1766 812/1943/1749
f 812/1943/1749 936/1962/1766 937/1944/1750
f 797/1963/1767 946/1964/1768 789/1965/1769
f 789/1965/1769 946/1964/1768 938/1966/1770
f 789/1967/1769 938/1968/1770 790/1969/1771
f 790/1969/1771 938/1968/1770 939/1970/1772
f 790/1969/1771 939/1970/1772 791/1971/1773
f 791/1971/1773 939/1970/1772 940/1972/1774
f 791/1971/1773 940/1972/1774 792/1973/1775
f 792/1973/1775 940/1972/1774 941/1974/1776
f 792/1973/1775 941/1974/1776 793/1975/1777
f 793/1975/1777 941/1974/1776 942/1976/1778
f 793/1975/1777 942/1976/1778 794/1977/1779
f 794/1977/1779 942/1976/1778 943/1978/1780
f 794/1977/1779 943/1978/1780 795/1979/1781
f 795/1979/1781 943/1978/1780 944/1980/1782
f 795/1979/1781 944/1980/1782 796/1981/1783
f 796/1981/1783 944/1980/1782 945/1982/1784
f 796/1981/1783 945/1982/1784 797/1963/1767
f 797/1963/1767 945/1982/1784 946/1964/1768
f 782/1983/1785 955/1984/1786 774/1985/1787
f 774/1985/1787 955/1984/1786 947/1986/1788
f 774/1987/1787 947/1988/1788 775/1989/1789
f 775/1989/1789 947/1988/1788 948/1990/1790
f 775/1989/1789 948/1990/1790 776/1991/1791
f 776/1991/1791 948/1990/1790 949/1992/1792
f 776/1991/1791 949/1992/1792 777/1993/1793
f 777/1993/1793 949/1992/1792 950/1994/1794
f 777/1993/1793 950/1994/1794 778/1995/1795
f 778/1995/1795 950/1994/1794 951/1996/1796
f 778/1995/1795 951/1996/1796 779/1997/1797
f 779/1997/1797 951/1996/1796 952/1998/1798
f 779/1997/1797 952/1998/1798 780/1999/1799
f 780/1999/1799 952/1998/1798 953/2000/1800
f 780/1999/1799 953/2000/1800 781/2001/1801
f 781/2001/1801 953/2000/1800 954/2002/1802
f 781/2001/1801 954/2002/1802 782/1983/1785
f 782/1983/1785 954/2002/1802 955/1984/1786
f 501/2003/1803 876/2004/1804 493/2005/1805
f 493/2005/1805 876/2004/1804 875/2006/1806
f 493/2005/1805 875/2006/1806 883/2007/1807
f 876/2004/1804 501/2003/1803 877/2008/1808
f 877/2008/1808 501/2003/1803 500/2009/1809
f 877/2008/1808 500/2009/1809 499/2010/1810
f 877/2008/1808 499/2010/1810 878/2011/1811
f 878/2011/1811 499/2010/1810 498/2012/1812
f 878/2011/1811 498/2012/1812 879/2013/1813
f 879/2013/1813 498/2012/1812 497/2014/1814
f 879/2013/1813 497/2014/1814 880/2015/1815
f 880/2015/1815 497/2014/1814 881/2016/1816
f 881/2016/1816 497/2014/1814 496/2017/1817
f 881/2016/1816 496/2017/1817 882/2018/1818
f 882/2018/1818 496/2017/1817 495/2019/1819
f 882/2018/1818 495/2019/1819 494/2020/1820
f 882/2018/1818 494/2020/1820 883/2007/1807
f 883/2007/1807 494/2020/1820 493/2005/1805
f 510/2021/1821 921/2022/1822 502/2023/1823
f 502/2023/1823 921/2022/1822 920/2024/1824
f 502/2023/1823 920/2024/1824 928/2025/1825
f 509/2026/1826 937/2027/1827 510/2021/1821
f 510/2021/1821 937/2027/1827 936/2028/1828
f 510/2021/1821 936/2028/1828 921/2022/1822
f 921/2022/1822 936/2028/1828 935/2029/1829
f 921/2022/1822 935/2029/1829 922/2030/1830
f 922/2030/1830 935/2029/1829 586/2031/1831
f 922/2030/1830 586/2031/1831 923/2032/1832
f 923/2032/1832 586/2031/1831 924/2033/1833
f 924/2033/1833 586/2031/1831 925/2034/1834
f 925/2034/1834 586/2031/1831 585/2035/1835
f 925/2034/1834 585/2035/1835 926/2036/1836
f 926/2036/1836 585/2035/1835 927/2037/1837
f 927/2037/1837 585/2035/1835 914/2038/1838
f 927/2037/1837 914/2038/1838 928/2025/1825
f 928/2025/1825 914/2038/1838 913/2039/1839
f 928/2025/1825 913/2039/1839 503/2040/1840
f 503/2040/1840 913/2039/1839 912/2041/1841
f 503/2040/1840 912/2041/1841 504/2042/1842
f 504/2042/1842 912/2041/1841 905/2043/1843
f 504/2042/1842 905/2043/1843 904/2044/1844
f 508/2045/1845 945/2046/1846 509/2026/1826
f 509/2026/1826 945/2046/1846 944/2047/1847
f 509/2026/1826 944/2047/1847 937/2027/1827
f 937/2027/1827 944/2047/1847 929/2048/1848
f 929/2048/1848 944/2047/1847 943/2049/1849
f 929/2048/1848 943/2049/1849 930/2050/1850
f 930/2050/1850 943/2049/1849 587/2051/1851
f 930/2050/1850 587/2051/1851 931/2052/1852
f 931/2052/1852 587/2051/1851 932/2053/1853
f 932/2053/1853 587/2051/1851 933/2054/1854
f 933/2054/1854 587/2051/1851 586/2031/1831
f 933/2054/1854 586/2031/1831 934/2055/1855
f 934/2055/1855 586/2031/1831 935/2029/1829
f 507/2056/1856 953/2057/1857 508/2045/1845
f 508/2045/1845 953/2057/1857 952/2058/1858
f 508/2045/1845 952/2058/1858 945/2046/1846
f 945/2046/1846 952/2058/1858 946/2059/1859
f 946/2059/1859 952/2058/1858 951/2060/1860
f 946/2059/1859 951/2060/1860 938/2061/1861
f 938/2061/1861 951/2060/1860 950/2062/1862
f 938/2061/1861 950/2062/1862 588/2063/1863
f 588/2063/1863 950/2062/1862 949/2064/1864
f 588/2063/1863 949/2064/1864 589/2065/1865
f 589/2065/1865 949/2064/1864 948/2066/1866
f 589/2065/1865 948/2066/1866 947/2067/1867
f 506/2068/1868 889/2069/1869 507/2056/1856
f 507/2056/1856 889/2069/1869 888/2070/1870
f 507/2056/1856 888/2070/1870 953/2057/1857
f 953/2057/1857 888/2070/1870 954/2071/1871
f 954/2071/1871 888/2070/1870 887/2072/1872
f 954/2071/1871 887/2072/1872 955/2073/1873
f 955/2073/1873 887/2072/1872 886/2074/1874
f 955/2073/1873 886/2074/1874 589/2065/1865
f 589/2065/1865 886/2074/1874 885/2075/1875
f 589/2065/1865 885/2075/1875 581/2076/1876
f 581/2076/1876 885/2075/1875 884/2077/1877
f 581/2076/1876 884/2077/1877 892/2078/1878
f 889/2069/1869 506/2068/1868 896/2079/1879
f 896/2079/1879 506/2068/1868 505/2080/1880
f 896/2079/1879 505/2080/1880 897/2081/1881
f 897/2081/1881 505/2080/1880 904/2044/1844
f 897/2081/1881 904/2044/1844 903/2082/1882
f 505/2080/1880 504/2042/1842 904/2044/1844
f 503/2040/1840 502/2023/1823 928/2025/1825
f 587/2051/1851 941/2083/1883 588/2063/1863
f 588/2063/1863 941/2083/1883 940/2084/1884
f 588/2063/1863 940/2084/1884 939/2085/1885
f 584/2086/1886 916/2087/1887 585/2035/1835
f 585/2035/1835 916/2087/1887 915/2088/1888
f 585/2035/1835 915/2088/1888 914/2038/1838
f 583/2089/1889 908/2090/1890 584/2086/1886
f 584/2086/1886 908/2090/1890 907/2091/1891
f 584/2086/1886 907/2091/1891 906/2092/1892
f 582/2093/1893 900/2094/1894 583/2089/1889
f 583/2089/1889 900/2094/1894 899/2095/1895
f 583/2089/1889 899/2095/1895 902/2096/1896
f 902/2096/1896 899/2095/1895 898/2097/1897
f 902/2096/1896 898/2097/1897 903/2082/1882
f 903/2082/1882 898/2097/1897 897/2081/1881
f 581/2076/1876 892/2078/1878 582/2093/1893
f 582/2093/1893 892/2078/1878 891/2098/1898
f 582/2093/1893 891/2098/1898 894/2099/1899
f 894/2099/1899 891/2098/1898 890/2100/1900
f 894/2099/1899 890/2100/1900 895/2101/1901
f 895/2101/1901 890/2100/1900 889/2069/1869
f 895/2101/1901 889/2069/1869 896/2079/1879
f 947/2067/1867 955/2073/1873 589/2065/1865
f 943/2049/1849 942/2102/1902 587/2051/1851
f 587/2051/1851 942/2102/1902 941/2083/1883
f 939/2085/1885 938/2061/1861 588/2063/1863
f 919/2103/1903 906/2092/1892 911/2104/1904
f 911/2104/1904 906/2092/1892 905/2043/1843
f 911/2104/1904 905/2043/1843 912/2041/1841
f 906/2092/1892 919/2103/1903 584/2086/1886
f 584/2086/1886 919/2103/1903 918/2105/1905
f 584/2086/1886 918/2105/1905 917/2106/1906
f 917/2106/1906 916/2087/1887 584/2086/1886
f 902/2096/1896 910/2107/1907 583/2089/1889
f 583/2089/1889 910/2107/1907 909/2108/1908
f 583/2089/1889 909/2108/1908 908/2090/1890
f 894/2099/1899 893/2109/1909 582/2093/1893
f 582/2093/1893 893/2109/1909 901/2110/1910
f 582/2093/1893 901/2110/1910 900/2094/1894

g ソリッド1:3

v -0.004116 0.013000 -0.090816
v -0.003202 0.013000 -0.090349
v -0.002802 0.013000 -0.089404
v -0.003103 0.013000 -0.088423
v -0.003964 0.013000 -0.087865
v -0.004982 0.013000 -0.087991
v -0.005681 0.013000 -0.088742
v -0.005734 0.013000 -0.089767
v -0.005116 0.013000 -0.090586
v -0.004116 0.019000 -0.090816
v -0.005116 0.019000 -0.090586
v -0.005734 0.019000 -0.089767
v -0.005681 0.019000 -0.088742
v -0.004982 0.019000 -0.087991
v -0.003964 0.019000 -0.087865
v -0.003103 0.019000 -0.088423
v -0.002802 0.019000 -0.089404
v -0.003202 0.019000 -0.090349
v -0.004147 0.013000 -0.090568
v -0.003385 0.013000 -0.090179
v -0.003052 0.013000 -0.089391
v -0.003302 0.013000 -0.088574
v -0.004020 0.013000 -0.088109
v -0.004868 0.013000 -0.088214
v -0.005451 0.013000 -0.088840
v -0.005495 0.013000 -0.089694
v -0.004980 0.013000 -0.090376
v -0.004116 -0.013000 -0.090816
v -0.005116 -0.013000 -0.090586
v -0.005734 -0.013000 -0.089767
v -0.005681 -0.013000 -0.088742
v -0.004982 -0.013000 -0.087991
v -0.003964 -0.013000 -0.087865
v -0.003103 -0.013000 -0.088423
v -0.002802 -0.013000 -0.089404
v -0.003202 -0.013000 -0.090349
v -0.004116 -0.019000 -0.090816
v -0.003202 -0.019000 -0.090349
v -0.002802 -0.019000 -0.089404
v -0.003103 -0.019000 -0.088423
v -0.003964 -0.019000 -0.087865
v -0.004982 -0.019000 -0.087991
v -0.005681 -0.019000 -0.088742
v -0.005734 -0.019000 -0.089767
v -0.005116 -0.019000 -0.090586
v -0.004147 -0.013000 -0.090568
v -0.004980 -0.013000 -0.090376
v -0.005495 -0.013000 -0.089694
v -0.005451 -0.013000 -0.088840
v -0.004868 -0.013000 -0.088214
v -0.004020 -0.013000 -0.088109
v -0.003302 -0.013000 -0.088574
v -0.003052 -0.013000 -0.089391
v -0.003385 -0.013000 -0.090179
v -0.003993 0.019000 -0.091808
v -0.005660 0.019000 -0.091425
v -0.006690 0.019000 -0.090060
v -0.006602 0.019000 -0.088352
v -0.005437 0.019000 -0.087101
v -0.003740 0.019000 -0.086891
v -0.002305 0.019000 -0.087821
v -0.001803 0.019000 -0.089456
v -0.002470 0.019000 -0.091030
v -0.003993 -0.019000 -0.091808
v -0.005660 -0.019000 -0.091425
v -0.006690 -0.019000 -0.090060
v -0.006602 -0.019000 -0.088352
v -0.005437 -0.019000 -0.087101
v -0.003740 -0.019000 -0.086891
v -0.002305 -0.019000 -0.087821
v -0.001803 -0.019000 -0.089456
v -0.002470 -0.019000 -0.091030
vt -0.600000 -0.104720 0.000000
vt 0.000000 0.000000 0.000000
vt -0.600000 0.000000 0.000000
vt 0.000000 0.104720 0.000000
vt -0.600000 0.104720 0.000000
vt 0.000000 0.209440 0.000000
vt -0.600000 0.209440 0.000000
vt 0.000000 0.314159 0.000000
vt -0.600000 0.314159 0.000000
vt 0.000000 0.418879 0.000000
vt -0.600000 0.418879 0.000000
vt -0.600000 -0.523599 0.000000
vt 0.000000 -0.523599 0.000000
vt 0.000000 -0.418879 0.000000
vt -0.600000 -0.418879 0.000000
vt 0.000000 -0.314159 0.000000
vt -0.600000 -0.314159 0.000000
vt 0.000000 -0.209440 0.000000
vt -0.600000 -0.209440 0.000000
vt 0.000000 -0.104720 0.000000
vt -0.095756 0.080348 0.000000
vt -0.114907 0.096418 0.000000
vt -0.125000 -0.000000 0.000000
vt -0.150000 0.000000 0.000000
vt -0.114907 -0.096418 0.000000
vt -0.026047 0.147721 0.000000
vt -0.021706 0.123101 0.000000
vt 0.062500 0.108253 0.000000
vt 0.075000 0.129904 0.000000
vt 0.117462 0.042753 0.000000
vt 0.140954 0.051303 0.000000
vt 0.140954 -0.051303 0.000000
vt 0.117462 -0.042753 0.000000
vt 0.075000 -0.129904 0.000000
vt 0.062500 -0.108253 0.000000
vt -0.026047 -0.147721 0.000000
vt -0.021706 -0.123101 0.000000
vt -0.095756 -0.080348 0.000000
vt 0.600000 0.104720 0.000000
vt 0.000000 0.000000 0.000000
vt 0.600000 0.000000 0.000000
vt 0.000000 -0.104720 0.000000
vt 0.600000 -0.104720 0.000000
vt 0.000000 -0.209440 0.000000
vt 0.600000 -0.209440 0.000000
vt 0.000000 -0.314159 0.000000
vt 0.600000 -0.314159 0.000000
vt 0.000000 -0.418879 0.000000
vt 0.600000 -0.418879 0.000000
vt 0.600000 0.523599 0.000000
vt 0.000000 0.523599 0.000000
vt -0.000000 0.418879 0.000000
vt 0.600000 0.418879 0.000000
vt -0.000000 0.314159 0.000000
vt 0.600000 0.314159 0.000000
vt 0.000000 0.209440 0.000000
vt 0.600000 0.209440 0.000000
vt 0.000000 0.104720 0.000000
vt 0.095756 -0.080348 0.000000
vt 0.114907 -0.096418 0.000000
vt 0.125000 0.000000 0.000000
vt 0.150000 0.000000 0.000000
vt 0.114907 0.096418 0.000000
vt 0.026047 -0.147721 0.000000
vt 0.021706 -0.123101 0.000000
vt -0.062500 -0.108253 0.000000
vt -0.075000 -0.129904 0.000000
vt -0.117462 -0.042753 0.000000
vt -0.140954 -0.051303 0.000000
vt -0.117462 0.042753 0.000000
vt -0.140954 0.051303 0.000000
vt -0.075000 0.129904 0.000000
vt -0.062500 0.108253 0.000000
vt 0.026047 0.147721 0.000000
vt 0.021706 0.123101 0.000000
vt 0.095756 0.080348 0.000000
vt -0.114907 0.096418 0.000000
vt -0.191511 0.160697 0.000000
vt -0.150000 0.000000 0.000000
vt -0.250000 0.000000 0.000000
vt -0.191511 -0.160697 0.000000
vt -0.043412 0.246202 0.000000
vt -0.026047 0.147721 0.000000
vt 0.075000 0.129904 0.000000
vt 0.125000 0.216506 0.000000
vt 0.140954 0.051303 0.000000
vt 0.234923 0.085505 0.000000
vt 0.234923 -0.085505 0.000000
vt 0.140954 -0.051303 0.000000
vt 0.125000 -0.216506 0.000000
vt 0.075000 -0.129904 0.000000
vt -0.043412 -0.246202 0.000000
vt -0.026047 -0.147721 0.000000
vt -0.114907 -0.096418 0.000000
vt -1.300000 0.305433 0.000000
vt 1.300000 0.305433 0.000000
vt -1.300000 0.392699 0.000000
vt 1.300000 0.392699 0.000000
vt -1.300000 -0.392699 0.000000
vt 1.300000 -0.392699 0.000000
vt -1.300000 -0.305433 0.000000
vt 1.300000 -0.305433 0.000000
vt -1.300000 -0.218166 0.000000
vt 1.300000 -0.218166 0.000000
vt -1.300000 -0.130900 0.000000
vt 1.300000 -0.130900 0.000000
vt -1.300000 -0.043633 0.000000
vt 1.300000 -0.043633 0.000000
vt -1.300000 0.043633 0.000000
vt 1.300000 0.043633 0.000000
vt -1.300000 0.130900 0.000000
vt 1.300000 0.130900 0.000000
vt -1.300000 0.218166 0.000000
vt 1.300000 0.218166 0.000000
vt 1.900000 0.174533 0.000000
vt -1.900000 0.000000 0.000000
vt 1.900000 0.000000 0.000000
vt -1.900000 -0.174533 0.000000
vt 1.900000 -0.174533 0.000000
vt -1.900000 -0.349066 0.000000
vt 1.900000 -0.349066 0.000000
vt -1.900000 -0.523599 0.000000
vt 1.900000 -0.523599 0.000000
vt -1.900000 -0.698132 0.000000
vt 1.900000 -0.698132 0.000000
vt 1.900000 0.872665 0.000000
vt -1.900000 0.872665 0.000000
vt -1.900000 0.698132 0.000000
vt 1.900000 0.698132 0.000000
vt -1.900000 0.523599 0.000000
vt 1.900000 0.523599 0.000000
vt -1.900000 0.349066 0.000000
vt 1.900000 0.349066 0.000000
vt -1.900000 0.174533 0.000000
vt 0.114907 -0.096418 0.000000
vt 0.191511 -0.160697 0.000000
vt 0.150000 0.000000 0.000000
vt 0.250000 0.000000 0.000000
vt 0.191511 0.160697 0.000000
vt 0.043412 -0.246202 0.000000
vt 0.026047 -0.147721 0.000000
vt -0.075000 -0.129904 0.000000
vt -0.125000 -0.216506 0.000000
vt -0.140954 -0.051303 0.000000
vt -0.234923 -0.085505 0.000000
vt -0.140954 0.051303 0.000000
vt -0.234923 0.085505 0.000000
vt -0.125000 0.216506 0.000000
vt -0.075000 0.129904 0.000000
vt 0.043412 0.246202 0.000000
vt 0.026047 0.147721 0.000000
vt 0.114907 0.096418 0.000000
vn -73.196799 0.000000 68.133902
vn -12.276373 0.000000 99.243593
vn -12.276373 0.000000 99.243593
vn 54.388304 0.000000 83.916103
vn 54.388304 0.000000 83.916103
vn 95.604089 -0.000000 29.323337
vn 95.604089 -0.000000 29.323337
vn 92.085659 -0.000000 -38.990145
vn 92.085659 -0.000000 -38.990145
vn 45.479325 -0.000000 -89.059705
vn 45.479325 -0.000000 -89.059705
vn -22.407290 -0.000000 -97.457239
vn -22.407290 -0.000000 -97.457239
vn -79.809286 -0.000000 -60.253448
vn -79.809286 -0.000000 -60.253448
vn -99.867629 0.000000 5.143601
vn -99.867629 0.000000 5.143601
vn -73.196799 0.000000 68.133902
vn 0.000000 100.000000 -0.000000
vn 0.000000 100.000000 -0.000000
vn 0.000000 100.000000 -0.000000
vn 0.000000 100.000000 -0.000000
vn 0.000000 100.000000 -0.000000
vn 0.000000 100.000000 -0.000000
vn 0.000000 100.000000 -0.000000
vn 0.000000 100.000000 -0.000000
vn 0.000000 100.000000 -0.000000
vn 0.000000 100.000000 -0.000000
vn 0.000000 100.000000 -0.000000
vn 0.000000 100.000000 -0.000000
vn 0.000000 100.000000 -0.000000
vn 0.000000 100.000000 -0.000000
vn 0.000000 100.000000 -0.000000
vn 0.000000 100.000000 -0.000000
vn 0.000000 100.000000 -0.000000
vn 0.000000 100.000000 -0.000000
vn 54.388304 0.000000 83.916103
vn -12.276373 0.000000 99.243593
vn -12.276373 0.000000 99.243593
vn -73.196799 0.000000 68.133902
vn -73.196799 0.000000 68.133902
vn -99.867629 0.000000 5.143601
vn -99.867629 0.000000 5.143601
vn -79.809286 -0.000000 -60.253448
vn -79.809286 -0.000000 -60.253448
vn -22.407290 -0.000000 -97.457239
vn -22.407290 -0.000000 -97.457239
vn 45.479325 -0.000000 -89.059705
vn 45.479325 -0.000000 -89.059705
vn 92.085659 -0.000000 -38.990145
vn 92.085659 -0.000000 -38.990145
vn 95.604089 -0.000000 29.323337
vn 95.604089 -0.000000 29.323337
vn 54.388304 0.000000 83.916103
vn -0.000000 -100.000000 0.000000
vn -0.000000 -100.000000 0.000000
vn -0.000000 -100.000000 0.000000
vn -0.000000 -100.000000 0.000000
vn -0.000000 -100.000000 0.000000
vn -0.000000 -100.000000 0.000000
vn -0.000000 -100.000000 0.000000
vn -0.000000 -100.000000 0.000000
vn -0.000000 -100.000000 0.000000
vn -0.000000 -100.000000 0.000000
vn -0.000000 -100.000000 0.000000
vn -0.000000 -100.000000 0.000000
vn -0.000000 -100.000000 0.000000
vn -0.000000 -100.000000 0.000000
vn -0.000000 -100.000000 0.000000
vn -0.000000 -100.000000 0.000000
vn -0.000000 -100.000000 0.000000
vn -0.000000 -100.000000 0.000000
vn 0.000000 100.000000 -0.000000
vn 0.000000 100.000000 -0.000000
vn 0.000000 100.000000 -0.000000
vn 0.000000 100.000000 -0.000000
vn 0.000000 100.000000 -0.000000
vn 0.000000 100.000000 -0.000000
vn 0.000000 100.000000 -0.000000
vn 0.000000 100.000000 -0.000000
vn 0.000000 100.000000 -0.000000
vn 0.000000 100.000000 -0.000000
vn 0.000000 100.000000 -0.000000
vn 0.000000 100.000000 -0.000000
vn 0.000000 100.000000 -0.000000
vn 0.000000 100.000000 -0.000000
vn 0.000000 100.000000 -0.000000
vn 0.000000 100.000000 -0.000000
vn 0.000000 100.000000 -0.000000
vn 0.000000 100.000000 -0.000000
vn 54.388304 0.000000 83.916103
vn 54.388304 0.000000 83.916103
vn -12.276373 0.000000 99.243593
vn -12.276373 0.000000 99.243593
vn -73.196799 0.000000 68.133902
vn -73.196799 0.000000 68.133902
vn -99.867629 0.000000 5.143601
vn -99.867629 0.000000 5.143601
vn -79.809286 -0.000000 -60.253448
vn -79.809286 -0.000000 -60.253448
vn -22.407290 -0.000000 -97.457239
vn -22.407290 -0.000000 -97.457239
vn 45.479325 -0.000000 -89.059705
vn 45.479325 -0.000000 -89.059705
vn 92.085659 -0.000000 -38.990145
vn 92.085659 -0.000000 -38.990145
vn 95.604089 -0.000000 29.323337
vn 95.604089 -0.000000 29.323337
vn 73.196799 -0.000000 -68.133902
vn 12.276373 -0.000000 -99.243593
vn 12.276373 -0.000000 -99.243593
vn -54.388304 -0.000000 -83.916103
vn -54.388304 -0.000000 -83.916103
vn -95.604089 0.000000 -29.323337
vn -95.604089 0.000000 -29.323337
vn -92.085659 0.000000 38.990145
vn -92.085659 0.000000 38.990145
vn -45.479325 0.000000 89.059705
vn -45.479325 0.000000 89.059705
vn 22.407290 0.000000 97.457239
vn 22.407290 0.000000 97.457239
vn 79.809286 0.000000 60.253448
vn 79.809286 0.000000 60.253448
vn 99.867629 -0.000000 -5.143601
vn 99.867629 -0.000000 -5.143601
vn 73.196799 -0.000000 -68.133902
vn -0.000000 -100.000000 0.000000
vn -0.000000 -100.000000 0.000000
vn -0.000000 -100.000000 0.000000
vn -0.000000 -100.000000 0.000000
vn -0.000000 -100.000000 0.000000
vn -0.000000 -100.000000 0.000000
vn -0.000000 -100.000000 0.000000
vn -0.000000 -100.000000 0.000000
vn -0.000000 -100.000000 0.000000
vn -0.000000 -100.000000 0.000000
vn -0.000000 -100.000000 0.000000
vn -0.000000 -100.000000 0.000000
vn -0.000000 -100.000000 0.000000
vn -0.000000 -100.000000 0.000000
vn -0.000000 -100.000000 0.000000
vn -0.000000 -100.000000 0.000000
vn -0.000000 -100.000000 0.000000
vn -0.000000 -100.000000 0.000000
f 957/2111/1911 965/2112/1912 956/2113/1913
f 956/2113/1913 965/2112/1912 966/2114/1914
f 956/2113/1913 966/2114/1914 964/2115/1915
f 964/2115/1915 966/2114/1914 967/2116/1916
f 964/2115/1915 967/2116/1916 963/2117/1917
f 963/2117/1917 967/2116/1916 968/2118/1918
f 963/2117/1917 968/2118/1918 962/2119/1919
f 962/2119/1919 968/2118/1918 969/2120/1920
f 962/2119/1919 969/2120/1920 961/2121/1921
f 961/2122/1921 969/2123/1920 970/2124/1922
f 961/2122/1921 970/2124/1922 960/2125/1923
f 960/2125/1923 970/2124/1922 971/2126/1924
f 960/2125/1923 971/2126/1924 959/2127/1925
f 959/2127/1925 971/2126/1924 972/2128/1926
f 959/2127/1925 972/2128/1926 958/2129/1927
f 958/2129/1927 972/2128/1926 973/2130/1928
f 958/2129/1927 973/2130/1928 957/2111/1911
f 957/2111/1911 973/2130/1928 965/2112/1912
f 975/2131/1929 957/2132/1930 974/2133/1931
f 974/2133/1931 957/2132/1930 956/2134/1932
f 974/2133/1931 956/2134/1932 964/2135/1933
f 957/2132/1930 975/2131/1929 958/2136/1934
f 958/2136/1934 975/2131/1929 976/2137/1935
f 958/2136/1934 976/2137/1935 977/2138/1936
f 958/2136/1934 977/2138/1936 959/2139/1937
f 959/2139/1937 977/2138/1936 978/2140/1938
f 959/2139/1937 978/2140/1938 960/2141/1939
f 960/2141/1939 978/2140/1938 961/2142/1940
f 961/2142/1940 978/2140/1938 979/2143/1941
f 961/2142/1940 979/2143/1941 962/2144/1942
f 962/2144/1942 979/2143/1941 980/2145/1943
f 962/2144/1942 980/2145/1943 963/2146/1944
f 963/2146/1944 980/2145/1943 981/2147/1945
f 963/2146/1944 981/2147/1945 982/2148/1946
f 963/2146/1944 982/2148/1946 964/2135/1933
f 964/2135/1933 982/2148/1946 974/2133/1931
f 984/2149/1947 992/2150/1948 983/2151/1949
f 983/2151/1949 992/2150/1948 993/2152/1950
f 983/2151/1949 993/2152/1950 991/2153/1951
f 991/2153/1951 993/2152/1950 994/2154/1952
f 991/2153/1951 994/2154/1952 990/2155/1953
f 990/2155/1953 994/2154/1952 995/2156/1954
f 990/2155/1953 995/2156/1954 989/2157/1955
f 989/2157/1955 995/2156/1954 996/2158/1956
f 989/2157/1955 996/2158/1956 988/2159/1957
f 988/2160/1957 996/2161/1956 997/2162/1958
f 988/2160/1957 997/2162/1958 987/2163/1959
f 987/2163/1959 997/2162/1958 998/2164/1960
f 987/2163/1959 998/2164/1960 986/2165/1961
f 986/2165/1961 998/2164/1960 999/2166/1962
f 986/2165/1961 999/2166/1962 985/2167/1963
f 985/2167/1963 999/2166/1962 1000/2168/1964
f 985/2167/1963 1000/2168/1964 984/2149/1947
f 984/2149/1947 1000/2168/1964 992/2150/1948
f 1002/2169/1965 984/2170/1966 1001/2171/1967
f 1001/2171/1967 984/2170/1966 983/2172/1968
f 1001/2171/1967 983/2172/1968 991/2173/1969
f 984/2170/1966 1002/2169/1965 985/2174/1970
f 985/2174/1970 1002/2169/1965 1003/2175/1971
f 985/2174/1970 1003/2175/1971 1004/2176/1972
f 985/2174/1970 1004/2176/1972 986/2177/1973
f 986/2177/1973 1004/2176/1972 1005/2178/1974
f 986/2177/1973 1005/2178/1974 987/2179/1975
f 987/2179/1975 1005/2178/1974 1006/2180/1976
f 987/2179/1975 1006/2180/1976 988/2181/1977
f 988/2181/1977 1006/2180/1976 989/2182/1978
f 989/2182/1978 1006/2180/1976 1007/2183/1979
f 989/2182/1978 1007/2183/1979 990/2184/1980
f 990/2184/1980 1007/2183/1979 1008/2185/1981
f 990/2184/1980 1008/2185/1981 1009/2186/1982
f 990/2184/1980 1009/2186/1982 991/2173/1969
f 991/2173/1969 1009/2186/1982 1001/2171/1967
f 973/2187/1983 1018/2188/1984 965/2189/1985
f 965/2189/1985 1018/2188/1984 1010/2190/1986
f 965/2189/1985 1010/2190/1986 1011/2191/1987
f 1018/2188/1984 973/2187/1983 1017/2192/1988
f 1017/2192/1988 973/2187/1983 972/2193/1989
f 1017/2192/1988 972/2193/1989 971/2194/1990
f 1017/2192/1988 971/2194/1990 1016/2195/1991
f 1016/2195/1991 971/2194/1990 970/2196/1992
f 1016/2195/1991 970/2196/1992 1015/2197/1993
f 1015/2197/1993 970/2196/1992 1014/2198/1994
f 1014/2198/1994 970/2196/1992 969/2199/1995
f 1014/2198/1994 969/2199/1995 1013/2200/1996
f 1013/2200/1996 969/2199/1995 968/2201/1997
f 1013/2200/1996 968/2201/1997 1012/2202/1998
f 1012/2202/1998 968/2201/1997 967/2203/1999
f 1012/2202/1998 967/2203/1999 966/2204/2000
f 1012/2202/1998 966/2204/2000 1011/2191/1987
f 1011/2191/1987 966/2204/2000 965/2189/1985
f 982/2205/2001 1002/2206/2002 974/2207/2003
f 974/2207/2003 1002/2206/2002 1001/2208/2004
f 974/2209/2003 1001/2210/2004 975/2211/2005
f 975/2211/2005 1001/2210/2004 1009/2212/2006
f 975/2211/2005 1009/2212/2006 976/2213/2007
f 976/2213/2007 1009/2212/2006 1008/2214/2008
f 976/2213/2007 1008/2214/2008 977/2215/2009
f 977/2215/2009 1008/2214/2008 1007/2216/2010
f 977/2215/2009 1007/2216/2010 978/2217/2011
f 978/2217/2011 1007/2216/2010 1006/2218/2012
f 978/2217/2011 1006/2218/2012 979/2219/2013
f 979/2219/2013 1006/2218/2012 1005/2220/2014
f 979/2219/2013 1005/2220/2014 980/2221/2015
f 980/2221/2015 1005/2220/2014 1004/2222/2016
f 980/2221/2015 1004/2222/2016 981/2223/2017
f 981/2223/2017 1004/2222/2016 1003/2224/2018
f 981/2223/2017 1003/2224/2018 982/2205/2001
f 982/2205/2001 1003/2224/2018 1002/2206/2002
f 1018/2225/2019 1019/2226/2020 1010/2227/2021
f 1010/2227/2021 1019/2226/2020 1020/2228/2022
f 1010/2227/2021 1020/2228/2022 1011/2229/2023
f 1011/2229/2023 1020/2228/2022 1021/2230/2024
f 1011/2229/2023 1021/2230/2024 1012/2231/2025
f 1012/2231/2025 1021/2230/2024 1022/2232/2026
f 1012/2231/2025 1022/2232/2026 1013/2233/2027
f 1013/2233/2027 1022/2232/2026 1023/2234/2028
f 1013/2233/2027 1023/2234/2028 1014/2235/2029
f 1014/2236/2029 1023/2237/2028 1024/2238/2030
f 1014/2236/2029 1024/2238/2030 1015/2239/2031
f 1015/2239/2031 1024/2238/2030 1025/2240/2032
f 1015/2239/2031 1025/2240/2032 1016/2241/2033
f 1016/2241/2033 1025/2240/2032 1026/2242/2034
f 1016/2241/2033 1026/2242/2034 1017/2243/2035
f 1017/2243/2035 1026/2242/2034 1027/2244/2036
f 1017/2243/2035 1027/2244/2036 1018/2225/2019
f 1018/2225/2019 1027/2244/2036 1019/2226/2020
f 1000/2245/2037 1020/2246/2038 992/2247/2039
f 992/2247/2039 1020/2246/2038 1019/2248/2040
f 992/2247/2039 1019/2248/2040 1027/2249/2041
f 1020/2246/2038 1000/2245/2037 1021/2250/2042
f 1021/2250/2042 1000/2245/2037 999/2251/2043
f 1021/2250/2042 999/2251/2043 998/2252/2044
f 1021/2250/2042 998/2252/2044 1022/2253/2045
f 1022/2253/2045 998/2252/2044 997/2254/2046
f 1022/2253/2045 997/2254/2046 1023/2255/2047
f 1023/2255/2047 997/2254/2046 996/2256/2048
f 1023/2255/2047 996/2256/2048 1024/2257/2049
f 1024/2257/2049 996/2256/2048 1025/2258/2050
f 1025/2258/2050 996/2256/2048 995/2259/2051
f 1025/2258/2050 995/2259/2051 1026/2260/2052
f 1026/2260/2052 995/2259/2051 994/2261/2053
f 1026/2260/2052 994/2261/2053 993/2262/2054
f 1026/2260/2052 993/2262/2054 1027/2249/2041
f 1027/2249/2041 993/2262/2054 992/2247/2039

g ソリッド1:4

v 0.035809 0.013000 -0.194052
v 0.036833 0.013000 -0.194001
v 0.037585 0.013000 -0.193302
v 0.037712 0.013000 -0.192284
v 0.037155 0.013000 -0.191422
v 0.036174 0.013000 -0.191121
v 0.035229 0.013000 -0.191520
v 0.034762 0.013000 -0.192433
v 0.034990 0.013000 -0.193433
v 0.035809 0.019000 -0.194052
v 0.034990 0.019000 -0.193433
v 0.034762 0.019000 -0.192433
v 0.035229 0.019000 -0.191520
v 0.036174 0.019000 -0.191121
v 0.037155 0.019000 -0.191422
v 0.037712 0.019000 -0.192284
v 0.037585 0.019000 -0.193302
v 0.036833 0.019000 -0.194001
v 0.035882 0.013000 -0.193813
v 0.036736 0.013000 -0.193770
v 0.037363 0.013000 -0.193188
v 0.037468 0.013000 -0.192340
v 0.037004 0.013000 -0.191622
v 0.036187 0.013000 -0.191370
v 0.035399 0.013000 -0.191703
v 0.035010 0.013000 -0.192464
v 0.035200 0.013000 -0.193297
v 0.035809 -0.013000 -0.194052
v 0.034990 -0.013000 -0.193433
v 0.034762 -0.013000 -0.192433
v 0.035229 -0.013000 -0.191520
v 0.036174 -0.013000 -0.191121
v 0.037155 -0.013000 -0.191422
v 0.037712 -0.013000 -0.192284
v 0.037585 -0.013000 -0.193302
v 0.036833 -0.013000 -0.194001
v 0.035809 -0.019000 -0.194052
v 0.036833 -0.019000 -0.194001
v 0.037585 -0.019000 -0.193302
v 0.037712 -0.019000 -0.192284
v 0.037155 -0.019000 -0.191422
v 0.036174 -0.019000 -0.191121
v 0.035229 -0.019000 -0.191520
v 0.034762 -0.019000 -0.192433
v 0.034990 -0.019000 -0.193433
v 0.035882 -0.013000 -0.193813
v 0.035200 -0.013000 -0.193297
v 0.035010 -0.013000 -0.192464
v 0.035399 -0.013000 -0.191703
v 0.036187 -0.013000 -0.191370
v 0.037004 -0.013000 -0.191622
v 0.037468 -0.013000 -0.192340
v 0.037363 -0.013000 -0.193188
v 0.036736 -0.013000 -0.193770
v 0.035514 0.019000 -0.195008
v 0.034151 0.019000 -0.193976
v 0.033769 0.019000 -0.192309
v 0.034549 0.019000 -0.190787
v 0.036124 0.019000 -0.190122
v 0.037758 0.019000 -0.190625
v 0.038687 0.019000 -0.192061
v 0.038475 0.019000 -0.193758
v 0.037222 0.019000 -0.194922
v 0.035514 -0.019000 -0.195008
v 0.034151 -0.019000 -0.193976
v 0.033769 -0.019000 -0.192309
v 0.034549 -0.019000 -0.190787
v 0.036124 -0.019000 -0.190122
v 0.037758 -0.019000 -0.190625
v 0.038687 -0.019000 -0.192061
v 0.038475 -0.019000 -0.193758
v 0.037222 -0.019000 -0.194922
vt -0.600000 -0.104720 0.000000
vt 0.000000 0.000000 0.000000
vt -0.600000 0.000000 0.000000
vt 0.000000 0.104720 0.000000
vt -0.600000 0.104720 0.000000
vt 0.000000 0.209440 0.000000
vt -0.600000 0.209440 0.000000
vt 0.000000 0.314159 0.000000
vt -0.600000 0.314159 0.000000
vt 0.000000 0.418879 0.000000
vt -0.600000 0.418879 0.000000
vt -0.600000 -0.523599 0.000000
vt 0.000000 -0.523599 0.000000
vt 0.000000 -0.418879 0.000000
vt -0.600000 -0.418879 0.000000
vt 0.000000 -0.314159 0.000000
vt -0.600000 -0.314159 0.000000
vt 0.000000 -0.209440 0.000000
vt -0.600000 -0.209440 0.000000
vt 0.000000 -0.104720 0.000000
vt -0.095756 0.080348 0.000000
vt -0.114907 0.096418 0.000000
vt -0.125000 -0.000000 0.000000
vt -0.150000 0.000000 0.000000
vt -0.114907 -0.096418 0.000000
vt -0.026047 0.147721 0.000000
vt -0.021706 0.123101 0.000000
vt 0.062500 0.108253 0.000000
vt 0.075000 0.129904 0.000000
vt 0.117462 0.042753 0.000000
vt 0.140954 0.051303 0.000000
vt 0.140954 -0.051303 0.000000
vt 0.117462 -0.042753 0.000000
vt 0.075000 -0.129904 0.000000
vt 0.062500 -0.108253 0.000000
vt -0.026047 -0.147721 0.000000
vt -0.021706 -0.123101 0.000000
vt -0.095756 -0.080348 0.000000
vt 0.600000 0.104720 0.000000
vt 0.000000 0.000000 0.000000
vt 0.600000 0.000000 0.000000
vt 0.000000 -0.104720 0.000000
vt 0.600000 -0.104720 0.000000
vt 0.000000 -0.209440 0.000000
vt 0.600000 -0.209440 0.000000
vt 0.000000 -0.314159 0.000000
vt 0.600000 -0.314159 0.000000
vt 0.000000 -0.418879 0.000000
vt 0.600000 -0.418879 0.000000
vt 0.600000 0.523599 0.000000
vt 0.000000 0.523599 0.000000
vt -0.000000 0.418879 0.000000
vt 0.600000 0.418879 0.000000
vt -0.000000 0.314159 0.000000
vt 0.600000 0.314159 0.000000
vt 0.000000 0.209440 0.000000
vt 0.600000 0.209440 0.000000
vt 0.000000 0.104720 0.000000
vt 0.095756 -0.080348 0.000000
vt 0.114907 -0.096418 0.000000
vt 0.125000 0.000000 0.000000
vt 0.150000 0.000000 0.000000
vt 0.114907 0.096418 0.000000
vt 0.026047 -0.147721 0.000000
vt 0.021706 -0.123101 0.000000
vt -0.062500 -0.108253 0.000000
vt -0.075000 -0.129904 0.000000
vt -0.117462 -0.042753 0.000000
vt -0.140954 -0.051303 0.000000
vt -0.117462 0.042753 0.000000
vt -0.140954 0.051303 0.000000
vt -0.075000 0.129904 0.000000
vt -0.062500 0.108253 0.000000
vt 0.026047 0.147721 0.000000
vt 0.021706 0.123101 0.000000
vt 0.095756 0.080348 0.000000
vt -0.114907 0.096418 0.000000
vt -0.191511 0.160697 0.000000
vt -0.150000 0.000000 0.000000
vt -0.250000 0.000000 0.000000
vt -0.191511 -0.160697 0.000000
vt -0.043412 0.246202 0.000000
vt -0.026047 0.147721 0.000000
vt 0.075000 0.129904 0.000000
vt 0.125000 0.216506 0.000000
vt 0.140954 0.051303 0.000000
vt 0.234923 0.085505 0.000000
vt 0.234923 -0.085505 0.000000
vt 0.140954 -0.051303 0.000000
vt 0.125000 -0.216506 0.000000
vt 0.075000 -0.129904 0.000000
vt -0.043412 -0.246202 0.000000
vt -0.026047 -0.147721 0.000000
vt -0.114907 -0.096418 0.000000
vt -1.300000 0.305433 0.000000
vt 1.300000 0.305433 0.000000
vt -1.300000 0.392699 0.000000
vt 1.300000 0.392699 0.000000
vt -1.300000 -0.392699 0.000000
vt 1.300000 -0.392699 0.000000
vt -1.300000 -0.305433 0.000000
vt 1.300000 -0.305433 0.000000
vt -1.300000 -0.218166 0.000000
vt 1.300000 -0.218166 0.000000
vt -1.300000 -0.130900 0.000000
vt 1.300000 -0.130900 0.000000
vt -1.300000 -0.043633 0.000000
vt 1.300000 -0.043633 0.000000
vt -1.300000 0.043633 0.000000
vt 1.300000 0.043633 0.000000
vt -1.300000 0.130900 0.000000
vt 1.300000 0.130900 0.000000
vt -1.300000 0.218166 0.000000
vt 1.300000 0.218166 0.000000
vt 1.900000 0.174533 0.000000
vt -1.900000 0.000000 0.000000
vt 1.900000 0.000000 0.000000
vt -1.900000 -0.174533 0.000000
vt 1.900000 -0.174533 0.000000
vt -1.900000 -0.349066 0.000000
vt 1.900000 -0.349066 0.000000
vt -1.900000 -0.523599 0.000000
vt 1.900000 -0.523599 0.000000
vt -1.900000 -0.698132 0.000000
vt 1.900000 -0.698132 0.000000
vt 1.900000 0.872665 0.000000
vt -1.900000 0.872665 0.000000
vt -1.900000 0.698132 0.000000
vt 1.900000 0.698132 0.000000
vt -1.900000 0.523599 0.000000
vt 1.900000 0.523599 0.000000
vt -1.900000 0.349066 0.000000
vt 1.900000 0.349066 0.000000
vt -1.900000 0.174533 0.000000
vt 0.114907 -0.096418 0.000000
vt 0.191511 -0.160697 0.000000
vt 0.150000 0.000000 0.000000
vt 0.250000 0.000000 0.000000
vt 0.191511 0.160697 0.000000
vt 0.043412 -0.246202 0.000000
vt 0.026047 -0.147721 0.000000
vt -0.075000 -0.129904 0.000000
vt -0.125000 -0.216506 0.000000
vt -0.140954 -0.051303 0.000000
vt -0.234923 -0.085505 0.000000
vt -0.140954 0.051303 0.000000
vt -0.234923 0.085505 0.000000
vt -0.125000 0.216506 0.000000
vt -0.075000 0.129904 0.000000
vt 0.043412 0.246202 0.000000
vt 0.026047 0.147721 0.000000
vt 0.114907 0.096418 0.000000
vn -38.896570 0.000000 92.125224
vn 29.420451 -0.000000 95.574249
vn 29.420451 -0.000000 95.574249
vn 83.971316 -0.000000 54.303021
vn 83.971316 -0.000000 54.303021
vn 99.231069 -0.000000 -12.377194
vn 99.231069 -0.000000 -12.377194
vn 68.059502 -0.000000 -73.265982
vn 68.059502 -0.000000 -73.265982
vn 5.042138 -0.000000 -99.872803
vn 5.042138 -0.000000 -99.872803
vn -60.334499 0.000000 -79.748030
vn -60.334499 0.000000 -79.748030
vn -97.479953 0.000000 -22.308266
vn -97.479953 0.000000 -22.308266
vn -89.013454 0.000000 45.569782
vn -89.013454 0.000000 45.569782
vn -38.896570 0.000000 92.125224
vn 0.000000 100.000000 -0.000000
vn 0.000000 100.000000 -0.000000
vn 0.000000 100.000000 -0.000000
vn 0.000000 100.000000 -0.000000
vn 0.000000 100.000000 -0.000000
vn 0.000000 100.000000 -0.000000
vn 0.000000 100.000000 -0.000000
vn 0.000000 100.000000 -0.000000
vn 0.000000 100.000000 -0.000000
vn 0.000000 100.000000 -0.000000
vn 0.000000 100.000000 -0.000000
vn 0.000000 100.000000 -0.000000
vn 0.000000 100.000000 -0.000000
vn 0.000000 100.000000 -0.000000
vn 0.000000 100.000000 -0.000000
vn 0.000000 100.000000 -0.000000
vn 0.000000 100.000000 -0.000000
vn 0.000000 100.000000 -0.000000
vn 83.971316 -0.000000 54.303021
vn 29.420451 -0.000000 95.574249
vn 29.420451 -0.000000 95.574249
vn -38.896570 0.000000 92.125224
vn -38.896570 0.000000 92.125224
vn -89.013454 0.000000 45.569782
vn -89.013454 0.000000 45.569782
vn -97.479953 0.000000 -22.308266
vn -97.479953 0.000000 -22.308266
vn -60.334499 0.000000 -79.748030
vn -60.334499 0.000000 -79.748030
vn 5.042138 -0.000000 -99.872803
vn 5.042138 -0.000000 -99.872803
vn 68.059502 -0.000000 -73.265982
vn 68.059502 -0.000000 -73.265982
vn 99.231069 -0.000000 -12.377194
vn 99.231069 -0.000000 -12.377194
vn 83.971316 -0.000000 54.303021
vn -0.000000 -100.000000 0.000000
vn -0.000000 -100.000000 0.000000
vn -0.000000 -100.000000 0.000000
vn -0.000000 -100.000000 0.000000
vn -0.000000 -100.000000 0.000000
vn -0.000000 -100.000000 0.000000
vn -0.000000 -100.000000 0.000000
vn -0.000000 -100.000000 0.000000
vn -0.000000 -100.000000 0.000000
vn -0.000000 -100.000000 0.000000
vn -0.000000 -100.000000 0.000000
vn -0.000000 -100.000000 0.000000
vn -0.000000 -100.000000 0.000000
vn -0.000000 -100.000000 0.000000
vn -0.000000 -100.000000 0.000000
vn -0.000000 -100.000000 0.000000
vn -0.000000 -100.000000 0.000000
vn -0.000000 -100.000000 0.000000
vn 0.000000 100.000000 -0.000000
vn 0.000000 100.000000 -0.000000
vn 0.000000 100.000000 -0.000000
vn 0.000000 100.000000 -0.000000
vn 0.000000 100.000000 -0.000000
vn 0.000000 100.000000 -0.000000
vn 0.000000 100.000000 -0.000000
vn 0.000000 100.000000 -0.000000
vn 0.000000 100.000000 -0.000000
vn 0.000000 100.000000 -0.000000
vn 0.000000 100.000000 -0.000000
vn 0.000000 100.000000 -0.000000
vn 0.000000 100.000000 -0.000000
vn 0.000000 100.000000 -0.000000
vn 0.000000 100.000000 -0.000000
vn 0.000000 100.000000 -0.000000
vn 0.000000 100.000000 -0.000000
vn 0.000000 100.000000 -0.000000
vn 83.971316 -0.000000 54.303021
vn 83.971316 -0.000000 54.303021
vn 29.420451 -0.000000 95.574249
vn 29.420451 -0.000000 95.574249
vn -38.896570 0.000000 92.125224
vn -38.896570 0.000000 92.125224
vn -89.013454 0.000000 45.569782
vn -89.013454 0.000000 45.569782
vn -97.479953 0.000000 -22.308266
vn -97.479953 0.000000 -22.308266
vn -60.334499 0.000000 -79.748030
vn -60.334499 0.000000 -79.748030
vn 5.042138 -0.000000 -99.872803
vn 5.042138 -0.000000 -99.872803
vn 68.059502 -0.000000 -73.265982
vn 68.059502 -0.000000 -73.265982
vn 99.231069 -0.000000 -12.377194
vn 99.231069 -0.000000 -12.377194
vn 38.896570 -0.000000 -92.125224
vn -29.420451 0.000000 -95.574249
vn -29.420451 0.000000 -95.574249
vn -83.971316 0.000000 -54.303021
vn -83.971316 0.000000 -54.303021
vn -99.231069 0.000000 12.377194
vn -99.231069 0.000000 12.377194
vn -68.059502 0.000000 73.265982
vn -68.059502 0.000000 73.265982
vn -5.042138 0.000000 99.872803
vn -5.042138 0.000000 99.872803
vn 60.334499 -0.000000 79.748030
vn 60.334499 -0.000000 79.748030
vn 97.479953 -0.000000 22.308266
vn 97.479953 -0.000000 22.308266
vn 89.013454 -0.000000 -45.569782
vn 89.013454 -0.000000 -45.569782
vn 38.896570 -0.000000 -92.125224
vn -0.000000 -100.000000 0.000000
vn -0.000000 -100.000000 0.000000
vn -0.000000 -100.000000 0.000000
vn -0.000000 -100.000000 0.000000
vn -0.000000 -100.000000 0.000000
vn -0.000000 -100.000000 0.000000
vn -0.000000 -100.000000 0.000000
vn -0.000000 -100.000000 0.000000
vn -0.000000 -100.000000 0.000000
vn -0.000000 -100.000000 0.000000
vn -0.000000 -100.000000 0.000000
vn -0.000000 -100.000000 0.000000
vn -0.000000 -100.000000 0.000000
vn -0.000000 -100.000000 0.000000
vn -0.000000 -100.000000 0.000000
vn -0.000000 -100.000000 0.000000
vn -0.000000 -100.000000 0.000000
vn -0.000000 -100.000000 0.000000
f 1029/2263/2055 1037/2264/2056 1028/2265/2057
f 1028/2265/2057 1037/2264/2056 1038/2266/2058
f 1028/2265/2057 1038/2266/2058 1036/2267/2059
f 1036/2267/2059 1038/2266/2058 1039/2268/2060
f 1036/2267/2059 1039/2268/2060 1035/2269/2061
f 1035/2269/2061 1039/2268/2060 1040/2270/2062
f 1035/2269/2061 1040/2270/2062 1034/2271/2063
f 1034/2271/2063 1040/2270/2062 1041/2272/2064
f 1034/2271/2063 1041/2272/2064 1033/2273/2065
f 1033/2274/2065 1041/2275/2064 1042/2276/2066
f 1033/2274/2065 1042/2276/2066 1032/2277/2067
f 1032/2277/2067 1042/2276/2066 1043/2278/2068
f 1032/2277/2067 1043/2278/2068 1031/2279/2069
f 1031/2279/2069 1043/2278/2068 1044/2280/2070
f 1031/2279/2069 1044/2280/2070 1030/2281/2071
f 1030/2281/2071 1044/2280/2070 1045/2282/2072
f 1030/2281/2071 1045/2282/2072 1029/2263/2055
f 1029/2263/2055 1045/2282/2072 1037/2264/2056
f 1047/2283/2073 1029/2284/2074 1046/2285/2075
f 1046/2285/2075 1029/2284/2074 1028/2286/2076
f 1046/2285/2075 1028/2286/2076 1036/2287/2077
f 1029/2284/2074 1047/2283/2073 1030/2288/2078
f 1030/2288/2078 1047/2283/2073 1048/2289/2079
f 1030/2288/2078 1048/2289/2079 1049/2290/2080
f 1030/2288/2078 1049/2290/2080 1031/2291/2081
f 1031/2291/2081 1049/2290/2080 1050/2292/2082
f 1031/2291/2081 1050/2292/2082 1032/2293/2083
f 1032/2293/2083 1050/2292/2082 1033/2294/2084
f 1033/2294/2084 1050/2292/2082 1051/2295/2085
f 1033/2294/2084 1051/2295/2085 1034/2296/2086
f 1034/2296/2086 1051/2295/2085 1052/2297/2087
f 1034/2296/2086 1052/2297/2087 1035/2298/2088
f 1035/2298/2088 1052/2297/2087 1053/2299/2089
f 1035/2298/2088 1053/2299/2089 1054/2300/2090
f 1035/2298/2088 1054/2300/2090 1036/2287/2077
f 1036/2287/2077 1054/2300/2090 1046/2285/2075
f 1056/2301/2091 1064/2302/2092 1055/2303/2093
f 1055/2303/2093 1064/2302/2092 1065/2304/2094
f 1055/2303/2093 1065/2304/2094 1063/2305/2095
f 1063/2305/2095 1065/2304/2094 1066/2306/2096
f 1063/2305/2095 1066/2306/2096 1062/2307/2097
f 1062/2307/2097 1066/2306/2096 1067/2308/2098
f 1062/2307/2097 1067/2308/2098 1061/2309/2099
f 1061/2309/2099 1067/2308/2098 1068/2310/2100
f 1061/2309/2099 1068/2310/2100 1060/2311/2101
f 1060/2312/2101 1068/2313/2100 1069/2314/2102
f 1060/2312/2101 1069/2314/2102 1059/2315/2103
f 1059/2315/2103 1069/2314/2102 1070/2316/2104
f 1059/2315/2103 1070/2316/2104 1058/2317/2105
f 1058/2317/2105 1070/2316/2104 1071/2318/2106
f 1058/2317/2105 1071/2318/2106 1057/2319/2107
f 1057/2319/2107 1071/2318/2106 1072/2320/2108
f 1057/2319/2107 1072/2320/2108 1056/2301/2091
f 1056/2301/2091 1072/2320/2108 1064/2302/2092
f 1074/2321/2109 1056/2322/2110 1073/2323/2111
f 1073/2323/2111 1056/2322/2110 1055/2324/2112
f 1073/2323/2111 1055/2324/2112 1063/2325/2113
f 1056/2322/2110 1074/2321/2109 1057/2326/2114
f 1057/2326/2114 1074/2321/2109 1075/2327/2115
f 1057/2326/2114 1075/2327/2115 1076/2328/2116
f 1057/2326/2114 1076/2328/2116 1058/2329/2117
f 1058/2329/2117 1076/2328/2116 1077/2330/2118
f 1058/2329/2117 1077/2330/2118 1059/2331/2119
f 1059/2331/2119 1077/2330/2118 1078/2332/2120
f 1059/2331/2119 1078/2332/2120 1060/2333/2121
f 1060/2333/2121 1078/2332/2120 1061/2334/2122
f 1061/2334/2122 1078/2332/2120 1079/2335/2123
f 1061/2334/2122 1079/2335/2123 1062/2336/2124
f 1062/2336/2124 1079/2335/2123 1080/2337/2125
f 1062/2336/2124 1080/2337/2125 1081/2338/2126
f 1062/2336/2124 1081/2338/2126 1063/2325/2113
f 1063/2325/2113 1081/2338/2126 1073/2323/2111
f 1045/2339/2127 1090/2340/2128 1037/2341/2129
f 1037/2341/2129 1090/2340/2128 1082/2342/2130
f 1037/2341/2129 1082/2342/2130 1083/2343/2131
f 1090/2340/2128 1045/2339/2127 1089/2344/2132
f 1089/2344/2132 1045/2339/2127 1044/2345/2133
f 1089/2344/2132 1044/2345/2133 1043/2346/2134
f 1089/2344/2132 1043/2346/2134 1088/2347/2135
f 1088/2347/2135 1043/2346/2134 1042/2348/2136
f 1088/2347/2135 1042/2348/2136 1087/2349/2137
f 1087/2349/2137 1042/2348/2136 1086/2350/2138
f 1086/2350/2138 1042/2348/2136 1041/2351/2139
f 1086/2350/2138 1041/2351/2139 1085/2352/2140
f 1085/2352/2140 1041/2351/2139 1040/2353/2141
f 1085/2352/2140 1040/2353/2141 1084/2354/2142
f 1084/2354/2142 1040/2353/2141 1039/2355/2143
f 1084/2354/2142 1039/2355/2143 1038/2356/2144
f 1084/2354/2142 1038/2356/2144 1083/2343/2131
f 1083/2343/2131 1038/2356/2144 1037/2341/2129
f 1054/2357/2145 1074/2358/2146 1046/2359/2147
f 1046/2359/2147 1074/2358/2146 1073/2360/2148
f 1046/2361/2147 1073/2362/2148 1047/2363/2149
f 1047/2363/2149 1073/2362/2148 1081/2364/2150
f 1047/2363/2149 1081/2364/2150 1048/2365/2151
f 1048/2365/2151 1081/2364/2150 1080/2366/2152
f 1048/2365/2151 1080/2366/2152 1049/2367/2153
f 1049/2367/2153 1080/2366/2152 1079/2368/2154
f 1049/2367/2153 1079/2368/2154 1050/2369/2155
f 1050/2369/2155 1079/2368/2154 1078/2370/2156
f 1050/2369/2155 1078/2370/2156 1051/2371/2157
f 1051/2371/2157 1078/2370/2156 1077/2372/2158
f 1051/2371/2157 1077/2372/2158 1052/2373/2159
f 1052/2373/2159 1077/2372/2158 1076/2374/2160
f 1052/2373/2159 1076/2374/2160 1053/2375/2161
f 1053/2375/2161 1076/2374/2160 1075/2376/2162
f 1053/2375/2161 1075/2376/2162 1054/2357/2145
f 1054/2357/2145 1075/2376/2162 1074/2358/2146
f 1090/2377/2163 1091/2378/2164 1082/2379/2165
f 1082/2379/2165 1091/2378/2164 1092/2380/2166
f 1082/2379/2165 1092/2380/2166 1083/2381/2167
f 1083/2381/2167 1092/2380/2166 1093/2382/2168
f 1083/2381/2167 1093/2382/2168 1084/2383/2169
f 1084/2383/2169 1093/2382/2168 1094/2384/2170
f 1084/2383/2169 1094/2384/2170 1085/2385/2171
f 1085/2385/2171 1094/2384/2170 1095/2386/2172
f 1085/2385/2171 1095/2386/2172 1086/2387/2173
f 1086/2388/2173 1095/2389/2172 1096/2390/2174
f 1086/2388/2173 1096/2390/2174 1087/2391/2175
f 1087/2391/2175 1096/2390/2174 1097/2392/2176
f 1087/2391/2175 1097/2392/2176 1088/2393/2177
f 1088/2393/2177 1097/2392/2176 1098/2394/2178
f 1088/2393/2177 1098/2394/2178 1089/2395/2179
f 1089/2395/2179 1098/2394/2178 1099/2396/2180
f 1089/2395/2179 1099/2396/2180 1090/2377/2163
f 1090/2377/2163 1099/2396/2180 1091/2378/2164
f 1072/2397/2181 1092/2398/2182 1064/2399/2183
f 1064/2399/2183 1092/2398/2182 1091/2400/2184
f 1064/2399/2183 1091/2400/2184 1099/2401/2185
f 1092/2398/2182 1072/2397/2181 1093/2402/2186
f 1093/2402/2186 1072/2397/2181 1071/2403/2187
f 1093/2402/2186 1071/2403/2187 1070/2404/2188
f 1093/2402/2186 1070/2404/2188 1094/2405/2189
f 1094/2405/2189 1070/2404/2188 1069/2406/2190
f 1094/2405/2189 1069/2406/2190 1095/2407/2191
f 1095/2407/2191 1069/2406/2190 1068/2408/2192
f 1095/2407/2191 1068/2408/2192 1096/2409/2193
f 1096/2409/2193 1068/2408/2192 1097/2410/2194
f 1097/2410/2194 1068/2408/2192 1067/2411/2195
f 1097/2410/2194 1067/2411/2195 1098/2412/2196
f 1098/2412/2196 1067/2411/2195 1066/2413/2197
f 1098/2412/2196 1066/2413/2197 1065/2414/2198
f 1098/2412/2196 1065/2414/2198 1099/2401/2185
f 1099/2401/2185 1065/2414/2198 1064/2399/2183

# 1099 vertices
# 2414 texture params
# 2198 normals
# 2310 facets

# 5 groups
