# Blender v2.79 (sub 0) OBJ File: ''
# www.blender.org
mtllib elbow_l_front.mtl
o elbow_l_front
v -0.009544 0.028000 -0.001993
v -0.004860 0.028000 -0.029030
v -0.002041 0.028000 -0.056325
v -0.002041 0.026000 -0.056325
v -0.009544 0.026000 -0.001993
v -0.001100 0.028000 -0.174322
v -0.001100 0.026000 -0.174322
v 0.009750 0.026000 -0.201720
v 0.008931 0.026000 -0.204813
v 0.006687 0.026000 -0.207096
v 0.003608 0.026000 -0.207969
v 0.003608 0.028000 -0.207969
v 0.006687 0.028000 -0.207096
v 0.008931 0.028000 -0.204813
v 0.009750 0.028000 -0.201720
v -0.036250 0.028000 -0.202053
v -0.035414 0.028000 -0.201749
v -0.034970 0.028000 -0.200979
v -0.035124 0.028000 -0.200103
v -0.035805 0.028000 -0.199532
v -0.036695 0.028000 -0.199532
v -0.037376 0.028000 -0.200103
v -0.037530 0.028000 -0.200979
v -0.037086 0.028000 -0.201749
v 0.008000 0.028000 -0.001050
v 0.008675 0.028000 -0.000804
v 0.009034 0.028000 -0.000182
v 0.008909 0.028000 0.000525
v 0.008359 0.028000 0.000987
v 0.007641 0.028000 0.000987
v 0.007091 0.028000 0.000525
v 0.006966 0.028000 -0.000182
v 0.007325 0.028000 -0.000804
v 0.005657 0.028000 0.004607
v 0.006332 0.028000 0.004853
v 0.006691 0.028000 0.005475
v 0.006566 0.028000 0.006182
v 0.006016 0.028000 0.006644
v 0.005298 0.028000 0.006644
v 0.004748 0.028000 0.006182
v 0.004623 0.028000 0.005475
v 0.004982 0.028000 0.004853
v -0.000000 0.028000 0.006950
v 0.000675 0.028000 0.007196
v 0.001034 0.028000 0.007818
v 0.000909 0.028000 0.008525
v 0.000359 0.028000 0.008987
v -0.000359 0.028000 0.008987
v -0.000909 0.028000 0.008525
v -0.001034 0.028000 0.007818
v -0.000675 0.028000 0.007196
v -0.005657 0.028000 0.004607
v -0.004982 0.028000 0.004853
v -0.004623 0.028000 0.005475
v -0.004748 0.028000 0.006182
v -0.005298 0.028000 0.006644
v -0.006016 0.028000 0.006644
v -0.006566 0.028000 0.006182
v -0.006691 0.028000 0.005475
v -0.006332 0.028000 0.004853
v -0.008000 0.028000 -0.001050
v -0.007325 0.028000 -0.000804
v -0.006966 0.028000 -0.000182
v -0.007091 0.028000 0.000525
v -0.007641 0.028000 0.000987
v -0.008359 0.028000 0.000987
v -0.008909 0.028000 0.000525
v -0.009034 0.028000 -0.000182
v -0.008675 0.028000 -0.000804
v -0.005657 0.028000 -0.006707
v -0.004982 0.028000 -0.006461
v -0.004623 0.028000 -0.005839
v -0.004748 0.028000 -0.005132
v -0.005298 0.028000 -0.004670
v -0.006016 0.028000 -0.004670
v -0.006566 0.028000 -0.005132
v -0.006691 0.028000 -0.005839
v -0.006332 0.028000 -0.006461
v -0.000000 0.028000 -0.004050
v 0.002603 0.028000 -0.003102
v 0.003988 0.028000 -0.000703
v 0.003507 0.028000 0.002025
v 0.001385 0.028000 0.003806
v -0.001385 0.028000 0.003806
v -0.003507 0.028000 0.002025
v -0.003988 0.028000 -0.000703
v -0.002603 0.028000 -0.003102
v 0.005657 0.028000 -0.006707
v 0.006332 0.028000 -0.006461
v 0.006691 0.028000 -0.005839
v 0.006566 0.028000 -0.005132
v 0.006016 0.028000 -0.004670
v 0.005298 0.028000 -0.004670
v 0.004748 0.028000 -0.005132
v 0.004623 0.028000 -0.005839
v 0.004982 0.028000 -0.006461
v -0.000000 0.028000 -0.009050
v 0.000675 0.028000 -0.008804
v 0.001034 0.028000 -0.008182
v 0.000909 0.028000 -0.007475
v 0.000359 0.028000 -0.007013
v -0.000359 0.028000 -0.007013
v -0.000909 0.028000 -0.007475
v -0.001034 0.028000 -0.008182
v -0.000675 0.028000 -0.008804
v 0.004300 0.028000 -0.090624
v 0.005136 0.028000 -0.090320
v 0.005580 0.028000 -0.089550
v 0.005426 0.028000 -0.088674
v 0.004745 0.028000 -0.088102
v 0.003855 0.028000 -0.088102
v 0.003174 0.028000 -0.088674
v 0.003020 0.028000 -0.089550
v 0.003464 0.028000 -0.090320
v -0.009976 0.028000 -0.207761
v -0.036961 0.028000 -0.204690
v -0.039322 0.028000 -0.203315
v -0.040250 0.028000 -0.200745
v -0.039312 0.028000 -0.198179
v -0.036945 0.028000 -0.196814
v -0.017026 0.028000 -0.193302
v -0.008864 0.028000 -0.189781
v -0.003150 0.028000 -0.182972
v -0.008721 0.028000 0.004360
v -0.004132 0.028000 0.008831
v 0.002240 0.028000 0.009489
v 0.007645 0.028000 0.006051
v 0.009750 0.028000 0.000000
v -0.009976 0.026000 -0.207761
v -0.036961 0.026000 -0.204690
v -0.036250 0.026000 -0.202053
v -0.035414 0.026000 -0.201749
v -0.034970 0.026000 -0.200979
v -0.035124 0.026000 -0.200103
v -0.035805 0.026000 -0.199532
v -0.036695 0.026000 -0.199532
v -0.037376 0.026000 -0.200103
v -0.037530 0.026000 -0.200979
v -0.037086 0.026000 -0.201749
v 0.008000 0.026000 -0.001050
v 0.008675 0.026000 -0.000804
v 0.009034 0.026000 -0.000182
v 0.008909 0.026000 0.000525
v 0.008359 0.026000 0.000987
v 0.007641 0.026000 0.000987
v 0.007091 0.026000 0.000525
v 0.006966 0.026000 -0.000182
v 0.007325 0.026000 -0.000804
v 0.005657 0.026000 0.004607
v 0.006332 0.026000 0.004853
v 0.006691 0.026000 0.005475
v 0.006566 0.026000 0.006182
v 0.006016 0.026000 0.006644
v 0.005298 0.026000 0.006644
v 0.004748 0.026000 0.006182
v 0.004623 0.026000 0.005475
v 0.004982 0.026000 0.004853
v -0.000000 0.026000 0.006950
v 0.000675 0.026000 0.007196
v 0.001034 0.026000 0.007818
v 0.000909 0.026000 0.008525
v 0.000359 0.026000 0.008987
v -0.000359 0.026000 0.008987
v -0.000909 0.026000 0.008525
v -0.001034 0.026000 0.007818
v -0.000675 0.026000 0.007196
v -0.005657 0.026000 0.004607
v -0.004982 0.026000 0.004853
v -0.004623 0.026000 0.005475
v -0.004748 0.026000 0.006182
v -0.005298 0.026000 0.006644
v -0.006016 0.026000 0.006644
v -0.006566 0.026000 0.006182
v -0.006691 0.026000 0.005475
v -0.006332 0.026000 0.004853
v -0.008000 0.026000 -0.001050
v -0.007325 0.026000 -0.000804
v -0.006966 0.026000 -0.000182
v -0.007091 0.026000 0.000525
v -0.007641 0.026000 0.000987
v -0.008359 0.026000 0.000987
v -0.008909 0.026000 0.000525
v -0.009034 0.026000 -0.000182
v -0.008675 0.026000 -0.000804
v -0.005657 0.026000 -0.006707
v -0.004982 0.026000 -0.006461
v -0.004623 0.026000 -0.005839
v -0.004748 0.026000 -0.005132
v -0.005298 0.026000 -0.004670
v -0.006016 0.026000 -0.004670
v -0.006566 0.026000 -0.005132
v -0.006691 0.026000 -0.005839
v -0.006332 0.026000 -0.006461
v -0.000000 0.026000 -0.004050
v 0.002603 0.026000 -0.003102
v 0.003988 0.026000 -0.000703
v 0.003507 0.026000 0.002025
v 0.001385 0.026000 0.003806
v -0.001385 0.026000 0.003806
v -0.003507 0.026000 0.002025
v -0.003988 0.026000 -0.000703
v -0.002603 0.026000 -0.003102
v 0.005657 0.026000 -0.006707
v 0.006332 0.026000 -0.006461
v 0.006691 0.026000 -0.005839
v 0.006566 0.026000 -0.005132
v 0.006016 0.026000 -0.004670
v 0.005298 0.026000 -0.004670
v 0.004748 0.026000 -0.005132
v 0.004623 0.026000 -0.005839
v 0.004982 0.026000 -0.006461
v -0.000000 0.026000 -0.009050
v 0.000675 0.026000 -0.008804
v 0.001034 0.026000 -0.008182
v 0.000909 0.026000 -0.007475
v 0.000359 0.026000 -0.007013
v -0.000359 0.026000 -0.007013
v -0.000909 0.026000 -0.007475
v -0.001034 0.026000 -0.008182
v -0.000675 0.026000 -0.008804
v 0.004300 0.026000 -0.090624
v 0.005136 0.026000 -0.090320
v 0.005580 0.026000 -0.089550
v 0.005426 0.026000 -0.088674
v 0.004745 0.026000 -0.088102
v 0.003855 0.026000 -0.088102
v 0.003174 0.026000 -0.088674
v 0.003020 0.026000 -0.089550
v 0.003464 0.026000 -0.090320
v -0.036945 0.026000 -0.196814
v -0.017026 0.026000 -0.193302
v -0.008864 0.026000 -0.189781
v -0.003150 0.026000 -0.182972
v -0.008721 0.026000 0.004360
v -0.004132 0.026000 0.008831
v 0.002240 0.026000 0.009489
v 0.007645 0.026000 0.006051
v 0.009750 0.026000 0.000000
v -0.039322 0.026000 -0.203315
v -0.040250 0.026000 -0.200745
v -0.039312 0.026000 -0.198179
v -0.009544 -0.026000 -0.001993
v -0.002041 -0.026000 -0.056325
v -0.001100 -0.026000 -0.083749
v -0.001100 -0.028000 -0.083749
v -0.002041 -0.028000 -0.056325
v -0.009544 -0.028000 -0.001993
v -0.001100 -0.026000 -0.174322
v -0.001100 -0.028000 -0.174322
v 0.009750 -0.028000 -0.201720
v 0.008931 -0.028000 -0.204813
v 0.006687 -0.028000 -0.207096
v 0.003608 -0.028000 -0.207969
v 0.003608 -0.026000 -0.207969
v 0.006687 -0.026000 -0.207096
v 0.008931 -0.026000 -0.204813
v 0.009750 -0.026000 -0.201720
v -0.036250 -0.026000 -0.202053
v -0.035414 -0.026000 -0.201749
v -0.034970 -0.026000 -0.200979
v -0.035124 -0.026000 -0.200103
v -0.035805 -0.026000 -0.199532
v -0.036695 -0.026000 -0.199532
v -0.037376 -0.026000 -0.200103
v -0.037530 -0.026000 -0.200979
v -0.037086 -0.026000 -0.201749
v 0.000000 -0.026000 -0.005850
v 0.003760 -0.026000 -0.004481
v 0.005761 -0.026000 -0.001016
v 0.005066 -0.026000 0.002925
v 0.002001 -0.026000 0.005497
v -0.002001 -0.026000 0.005497
v -0.005066 -0.026000 0.002925
v -0.005761 -0.026000 -0.001016
v -0.003760 -0.026000 -0.004481
v 0.004300 -0.026000 -0.090624
v 0.005136 -0.026000 -0.090320
v 0.005580 -0.026000 -0.089550
v 0.005426 -0.026000 -0.088674
v 0.004745 -0.026000 -0.088102
v 0.003855 -0.026000 -0.088102
v 0.003174 -0.026000 -0.088674
v 0.003020 -0.026000 -0.089550
v 0.003464 -0.026000 -0.090320
v -0.009976 -0.026000 -0.207761
v -0.036961 -0.026000 -0.204690
v -0.039322 -0.026000 -0.203315
v -0.040250 -0.026000 -0.200745
v -0.039312 -0.026000 -0.198179
v -0.036945 -0.026000 -0.196814
v -0.017026 -0.026000 -0.193302
v -0.008864 -0.026000 -0.189781
v -0.003150 -0.026000 -0.182972
v -0.008721 -0.026000 0.004360
v -0.004132 -0.026000 0.008831
v 0.002240 -0.026000 0.009489
v 0.007645 -0.026000 0.006051
v 0.009750 -0.026000 0.000000
v -0.009976 -0.028000 -0.207761
v -0.023519 -0.028000 -0.206666
v -0.036961 -0.028000 -0.204690
v -0.036250 -0.028000 -0.202053
v -0.035414 -0.028000 -0.201749
v -0.034970 -0.028000 -0.200979
v -0.035124 -0.028000 -0.200103
v -0.035805 -0.028000 -0.199532
v -0.036695 -0.028000 -0.199532
v -0.037376 -0.028000 -0.200103
v -0.037530 -0.028000 -0.200979
v -0.037086 -0.028000 -0.201749
v 0.000000 -0.028000 -0.005850
v 0.003760 -0.028000 -0.004481
v 0.005761 -0.028000 -0.001016
v 0.005066 -0.028000 0.002925
v 0.002001 -0.028000 0.005497
v -0.002001 -0.028000 0.005497
v -0.005066 -0.028000 0.002925
v -0.005761 -0.028000 -0.001016
v -0.003760 -0.028000 -0.004481
v 0.004300 -0.028000 -0.090624
v 0.005136 -0.028000 -0.090320
v 0.005580 -0.028000 -0.089550
v 0.005426 -0.028000 -0.088674
v 0.004745 -0.028000 -0.088102
v 0.003855 -0.028000 -0.088102
v 0.003174 -0.028000 -0.088674
v 0.003020 -0.028000 -0.089550
v 0.003464 -0.028000 -0.090320
v -0.036945 -0.028000 -0.196814
v -0.017026 -0.028000 -0.193302
v -0.008864 -0.028000 -0.189781
v -0.003150 -0.028000 -0.182972
v -0.008721 -0.028000 0.004360
v -0.004132 -0.028000 0.008831
v 0.002240 -0.028000 0.009489
v 0.007645 -0.028000 0.006051
v 0.009750 -0.028000 0.000000
v -0.039322 -0.028000 -0.203315
v -0.040250 -0.028000 -0.200745
v -0.039312 -0.028000 -0.198179
v 0.003994 -0.028700 -0.000211
v 0.002924 -0.028700 -0.002729
v 0.000486 -0.028700 -0.003970
v -0.002180 -0.028700 -0.003354
v -0.003826 -0.028700 -0.001168
v -0.003681 -0.028700 0.001564
v -0.001814 -0.028700 0.003565
v 0.000901 -0.028700 0.003897
v 0.003196 -0.028700 0.002406
v 0.004693 -0.028700 -0.000248
v 0.003755 -0.028700 0.002827
v 0.001059 -0.028700 0.004579
v -0.002132 -0.028700 0.004189
v -0.004326 -0.028700 0.001838
v -0.004495 -0.028700 -0.001372
v -0.002561 -0.028700 -0.003941
v 0.000571 -0.028700 -0.004665
v 0.003436 -0.028700 -0.003207
v 0.004693 -0.027650 -0.000248
v 0.003755 -0.027650 0.002827
v 0.001059 -0.027650 0.004579
v -0.002132 -0.027650 0.004189
v -0.004326 -0.027650 0.001838
v -0.004495 -0.027650 -0.001372
v -0.002561 -0.027650 -0.003941
v 0.000571 -0.027650 -0.004665
v 0.003436 -0.027650 -0.003207
v 0.004294 -0.026950 -0.000227
v 0.003435 -0.026950 0.002586
v 0.000969 -0.026950 0.004189
v -0.001951 -0.026950 0.003832
v -0.003957 -0.026950 0.001682
v -0.004113 -0.026950 -0.001255
v -0.002343 -0.026950 -0.003605
v 0.000522 -0.026950 -0.004268
v 0.003144 -0.026950 -0.002934
v 0.004693 -0.026250 -0.000248
v 0.003755 -0.026250 0.002827
v 0.001059 -0.026250 0.004579
v -0.002132 -0.026250 0.004189
v -0.004326 -0.026250 0.001838
v -0.004495 -0.026250 -0.001372
v -0.002561 -0.026250 -0.003941
v 0.000571 -0.026250 -0.004665
v 0.003436 -0.026250 -0.003207
v 0.004693 -0.025200 -0.000248
v 0.003755 -0.025200 0.002827
v 0.001059 -0.025200 0.004579
v -0.002132 -0.025200 0.004189
v -0.004326 -0.025200 0.001838
v -0.004495 -0.025200 -0.001372
v -0.002561 -0.025200 -0.003941
v 0.000571 -0.025200 -0.004665
v 0.003436 -0.025200 -0.003207
v 0.003994 -0.025200 -0.000211
v 0.003196 -0.025200 0.002406
v 0.000901 -0.025200 0.003897
v -0.001814 -0.025200 0.003565
v -0.003681 -0.025200 0.001564
v -0.003826 -0.025200 -0.001168
v -0.002180 -0.025200 -0.003354
v 0.000486 -0.025200 -0.003970
v 0.002924 -0.025200 -0.002729
v 0.005293 -0.027650 -0.000280
v 0.003875 -0.027650 -0.003616
v 0.000644 -0.027650 -0.005261
v -0.002888 -0.027650 -0.004444
v -0.005069 -0.027650 -0.001547
v -0.004878 -0.027650 0.002073
v -0.002404 -0.027650 0.004723
v 0.001194 -0.027650 0.005164
v 0.004234 -0.027650 0.003188
v 0.005293 -0.028700 -0.000280
v 0.004234 -0.028700 0.003188
v 0.001194 -0.028700 0.005164
v -0.002404 -0.028700 0.004723
v -0.004878 -0.028700 0.002073
v -0.005069 -0.028700 -0.001547
v -0.002888 -0.028700 -0.004444
v 0.000644 -0.028700 -0.005261
v 0.003875 -0.028700 -0.003616
v 0.005992 -0.028700 -0.000317
v 0.004793 -0.028700 0.003609
v 0.001352 -0.028700 0.005846
v -0.002722 -0.028700 0.005347
v -0.005522 -0.028700 0.002347
v -0.005739 -0.028700 -0.001752
v -0.003270 -0.028700 -0.005031
v 0.000729 -0.028700 -0.005956
v 0.004386 -0.028700 -0.004094
v 0.005992 -0.026000 -0.000317
v 0.004793 -0.026000 0.003609
v 0.001352 -0.026000 0.005846
v -0.002722 -0.026000 0.005347
v -0.005522 -0.026000 0.002347
v -0.005739 -0.026000 -0.001752
v -0.003270 -0.026000 -0.005031
v 0.000729 -0.026000 -0.005956
v 0.004386 -0.026000 -0.004094
v 0.006791 -0.026000 -0.000359
v 0.005432 -0.026000 0.004090
v 0.001532 -0.026000 0.006625
v -0.003085 -0.026000 0.006060
v -0.006258 -0.026000 0.002660
v -0.006504 -0.026000 -0.001985
v -0.003706 -0.026000 -0.005701
v 0.000826 -0.026000 -0.006750
v 0.004971 -0.026000 -0.004640
v 0.006791 -0.025200 -0.000359
v 0.005432 -0.025200 0.004090
v 0.001532 -0.025200 0.006625
v -0.003085 -0.025200 0.006060
v -0.006258 -0.025200 0.002660
v -0.006504 -0.025200 -0.001985
v -0.003706 -0.025200 -0.005701
v 0.000826 -0.025200 -0.006750
v 0.004971 -0.025200 -0.004640
v 0.005293 -0.025200 -0.000280
v 0.004234 -0.025200 0.003188
v 0.001194 -0.025200 0.005164
v -0.002404 -0.025200 0.004723
v -0.004878 -0.025200 0.002073
v -0.005069 -0.025200 -0.001547
v -0.002888 -0.025200 -0.004444
v 0.000644 -0.025200 -0.005261
v 0.003875 -0.025200 -0.003616
v 0.005293 -0.026250 -0.000280
v 0.004234 -0.026250 0.003188
v 0.001194 -0.026250 0.005164
v -0.002404 -0.026250 0.004723
v -0.004878 -0.026250 0.002073
v -0.005069 -0.026250 -0.001547
v -0.002888 -0.026250 -0.004444
v 0.000644 -0.026250 -0.005261
v 0.003875 -0.026250 -0.003616
v 0.005692 -0.026950 -0.000301
v 0.004554 -0.026950 0.003428
v 0.001285 -0.026950 0.005553
v -0.002586 -0.026950 0.005080
v -0.005246 -0.026950 0.002229
v -0.005452 -0.026950 -0.001664
v -0.003106 -0.026950 -0.004779
v 0.000692 -0.026950 -0.005658
v 0.004167 -0.026950 -0.003889
v 0.003997 -0.028700 -0.000160
v 0.003165 -0.028700 0.002447
v 0.000852 -0.028700 0.003908
v -0.001860 -0.028700 0.003541
v -0.003701 -0.028700 0.001517
v -0.003810 -0.028700 -0.001217
v -0.002137 -0.028700 -0.003381
v 0.000537 -0.028700 -0.003964
v 0.002959 -0.028700 -0.002692
v 0.004696 -0.028700 -0.000188
v 0.003477 -0.028700 -0.003163
v 0.000630 -0.028700 -0.004658
v -0.002511 -0.028700 -0.003973
v -0.004477 -0.028700 -0.001430
v -0.004349 -0.028700 0.001783
v -0.002185 -0.028700 0.004161
v 0.001001 -0.028700 0.004592
v 0.003718 -0.028700 0.002875
v 0.004696 -0.029750 -0.000188
v 0.003477 -0.029750 -0.003163
v 0.000630 -0.029750 -0.004658
v -0.002511 -0.029750 -0.003973
v -0.004477 -0.029750 -0.001430
v -0.004349 -0.029750 0.001783
v -0.002185 -0.029750 0.004161
v 0.001001 -0.029750 0.004592
v 0.003718 -0.029750 0.002875
v 0.004297 -0.030450 -0.000172
v 0.003181 -0.030450 -0.002893
v 0.000577 -0.030450 -0.004261
v -0.002297 -0.030450 -0.003635
v -0.004096 -0.030450 -0.001308
v -0.003979 -0.030450 0.001631
v -0.001999 -0.030450 0.003807
v 0.000915 -0.030450 0.004201
v 0.003402 -0.030450 0.002630
v 0.004696 -0.031150 -0.000188
v 0.003477 -0.031150 -0.003163
v 0.000630 -0.031150 -0.004658
v -0.002511 -0.031150 -0.003973
v -0.004477 -0.031150 -0.001430
v -0.004349 -0.031150 0.001783
v -0.002185 -0.031150 0.004161
v 0.001001 -0.031150 0.004592
v 0.003718 -0.031150 0.002875
v 0.004696 -0.032200 -0.000188
v 0.003477 -0.032200 -0.003163
v 0.000630 -0.032200 -0.004658
v -0.002511 -0.032200 -0.003973
v -0.004477 -0.032200 -0.001430
v -0.004349 -0.032200 0.001783
v -0.002185 -0.032200 0.004161
v 0.001001 -0.032200 0.004592
v 0.003718 -0.032200 0.002875
v 0.003997 -0.032200 -0.000160
v 0.002959 -0.032200 -0.002692
v 0.000537 -0.032200 -0.003964
v -0.002137 -0.032200 -0.003381
v -0.003810 -0.032200 -0.001217
v -0.003701 -0.032200 0.001517
v -0.001860 -0.032200 0.003541
v 0.000852 -0.032200 0.003908
v 0.003165 -0.032200 0.002447
v 0.005296 -0.029750 -0.000212
v 0.004193 -0.029750 0.003242
v 0.001128 -0.029750 0.005179
v -0.002464 -0.029750 0.004692
v -0.004904 -0.029750 0.002010
v -0.005049 -0.029750 -0.001612
v -0.002831 -0.029750 -0.004480
v 0.000711 -0.029750 -0.005252
v 0.003921 -0.029750 -0.003566
v 0.005296 -0.028700 -0.000212
v 0.003921 -0.028700 -0.003566
v 0.000711 -0.028700 -0.005252
v -0.002831 -0.028700 -0.004480
v -0.005049 -0.028700 -0.001612
v -0.004904 -0.028700 0.002010
v -0.002464 -0.028700 0.004692
v 0.001128 -0.028700 0.005179
v 0.004193 -0.028700 0.003242
v 0.005995 -0.028700 -0.000240
v 0.004438 -0.028700 -0.004037
v 0.000805 -0.028700 -0.005946
v -0.003205 -0.028700 -0.005072
v -0.005716 -0.028700 -0.001825
v -0.005552 -0.028700 0.002276
v -0.002790 -0.028700 0.005312
v 0.001277 -0.028700 0.005862
v 0.004747 -0.028700 0.003670
v 0.005995 -0.031400 -0.000240
v 0.004438 -0.031400 -0.004037
v 0.000805 -0.031400 -0.005946
v -0.003205 -0.031400 -0.005072
v -0.005716 -0.031400 -0.001825
v -0.005552 -0.031400 0.002276
v -0.002790 -0.031400 0.005312
v 0.001277 -0.031400 0.005862
v 0.004747 -0.031400 0.003670
v 0.006795 -0.031400 -0.000272
v 0.005030 -0.031400 -0.004576
v 0.000912 -0.031400 -0.006739
v -0.003633 -0.031400 -0.005748
v -0.006478 -0.031400 -0.002068
v -0.006292 -0.031400 0.002579
v -0.003162 -0.031400 0.006020
v 0.001448 -0.031400 0.006644
v 0.005380 -0.031400 0.004159
v 0.006795 -0.032200 -0.000272
v 0.005030 -0.032200 -0.004576
v 0.000912 -0.032200 -0.006739
v -0.003633 -0.032200 -0.005748
v -0.006478 -0.032200 -0.002068
v -0.006292 -0.032200 0.002579
v -0.003162 -0.032200 0.006020
v 0.001448 -0.032200 0.006644
v 0.005380 -0.032200 0.004159
v 0.005296 -0.032200 -0.000212
v 0.003921 -0.032200 -0.003566
v 0.000711 -0.032200 -0.005252
v -0.002831 -0.032200 -0.004480
v -0.005049 -0.032200 -0.001612
v -0.004904 -0.032200 0.002010
v -0.002464 -0.032200 0.004692
v 0.001128 -0.032200 0.005179
v 0.004193 -0.032200 0.003242
v 0.005296 -0.031150 -0.000212
v 0.003921 -0.031150 -0.003566
v 0.000711 -0.031150 -0.005252
v -0.002831 -0.031150 -0.004480
v -0.005049 -0.031150 -0.001612
v -0.004904 -0.031150 0.002010
v -0.002464 -0.031150 0.004692
v 0.001128 -0.031150 0.005179
v 0.004193 -0.031150 0.003242
v 0.005695 -0.030450 -0.000228
v 0.004216 -0.030450 -0.003836
v 0.000765 -0.030450 -0.005648
v -0.003045 -0.030450 -0.004818
v -0.005430 -0.030450 -0.001734
v -0.005274 -0.030450 0.002162
v -0.002650 -0.030450 0.005046
v 0.001213 -0.030450 0.005569
v 0.004509 -0.030450 0.003486
v -0.001883 -0.031400 -0.006555
v -0.005656 -0.031400 -0.003811
v -0.006782 -0.031400 0.000716
v -0.004735 -0.031400 0.004908
v -0.000473 -0.031400 0.006804
v 0.004011 -0.031400 0.005516
v 0.006618 -0.031400 0.001647
v 0.006129 -0.031400 -0.002992
v 0.002771 -0.031400 -0.006232
v -0.001883 -0.032000 -0.006555
v 0.002771 -0.032000 -0.006232
v 0.006129 -0.032000 -0.002992
v 0.006618 -0.032000 0.001647
v 0.004011 -0.032000 0.005516
v -0.000473 -0.032000 0.006804
v -0.004735 -0.032000 0.004908
v -0.006782 -0.032000 0.000716
v -0.005656 -0.032000 -0.003811
v -0.001615 -0.031400 -0.005623
v -0.004851 -0.031400 -0.003269
v -0.005818 -0.031400 0.000614
v -0.004062 -0.031400 0.004210
v -0.000406 -0.031400 0.005836
v 0.003441 -0.031400 0.004731
v 0.005677 -0.031400 0.001413
v 0.005257 -0.031400 -0.002567
v 0.002377 -0.031400 -0.005345
v -0.001615 -0.028000 -0.005623
v -0.004851 -0.028000 -0.003269
v -0.005818 -0.028000 0.000614
v -0.004062 -0.028000 0.004210
v -0.000406 -0.028000 0.005836
v 0.003441 -0.028000 0.004731
v 0.005677 -0.028000 0.001413
v 0.005257 -0.028000 -0.002567
v 0.002377 -0.028000 -0.005345
v -0.002691 -0.032000 -0.009371
v -0.008085 -0.032000 -0.005449
v -0.009696 -0.032000 0.001023
v -0.006770 -0.032000 0.007016
v -0.000676 -0.032000 0.009727
v 0.005734 -0.032000 0.007885
v 0.009461 -0.032000 0.002355
v 0.008761 -0.032000 -0.004278
v 0.003962 -0.032000 -0.008909
v -0.002691 -0.028000 -0.009371
v 0.003962 -0.028000 -0.008909
v 0.008761 -0.028000 -0.004278
v 0.009461 -0.028000 0.002355
v 0.005734 -0.028000 0.007885
v -0.000676 -0.028000 0.009727
v -0.006770 -0.028000 0.007016
v -0.009696 -0.028000 0.001023
v -0.008085 -0.028000 -0.005449
v -0.035885 0.020000 -0.202208
v -0.035035 0.020000 -0.201633
v -0.034754 0.020000 -0.200647
v -0.035172 0.020000 -0.199710
v -0.036095 0.020000 -0.199261
v -0.037090 0.020000 -0.199511
v -0.037692 0.020000 -0.200342
v -0.037620 0.020000 -0.201365
v -0.036906 0.020000 -0.202102
v -0.035885 0.026000 -0.202208
v -0.036906 0.026000 -0.202102
v -0.037620 0.026000 -0.201365
v -0.037692 0.026000 -0.200342
v -0.037090 0.026000 -0.199511
v -0.036095 0.026000 -0.199261
v -0.035172 0.026000 -0.199710
v -0.034754 0.026000 -0.200647
v -0.035035 0.026000 -0.201633
v -0.035946 0.020000 -0.201966
v -0.035238 0.020000 -0.201487
v -0.035003 0.020000 -0.200665
v -0.035352 0.020000 -0.199884
v -0.036121 0.020000 -0.199510
v -0.036950 0.020000 -0.199718
v -0.037452 0.020000 -0.200410
v -0.037391 0.020000 -0.201263
v -0.036796 0.020000 -0.201878
v -0.035885 -0.020000 -0.202208
v -0.036906 -0.020000 -0.202102
v -0.037620 -0.020000 -0.201365
v -0.037692 -0.020000 -0.200342
v -0.037090 -0.020000 -0.199511
v -0.036095 -0.020000 -0.199261
v -0.035172 -0.020000 -0.199710
v -0.034754 -0.020000 -0.200647
v -0.035035 -0.020000 -0.201633
v -0.035885 -0.026000 -0.202208
v -0.035035 -0.026000 -0.201633
v -0.034754 -0.026000 -0.200647
v -0.035172 -0.026000 -0.199710
v -0.036095 -0.026000 -0.199261
v -0.037090 -0.026000 -0.199511
v -0.037692 -0.026000 -0.200342
v -0.037620 -0.026000 -0.201365
v -0.036906 -0.026000 -0.202102
v -0.035946 -0.020000 -0.201966
v -0.036796 -0.020000 -0.201878
v -0.037391 -0.020000 -0.201263
v -0.037452 -0.020000 -0.200410
v -0.036950 -0.020000 -0.199718
v -0.036121 -0.020000 -0.199510
v -0.035352 -0.020000 -0.199884
v -0.035003 -0.020000 -0.200665
v -0.035238 -0.020000 -0.201487
v -0.035642 0.026000 -0.203178
v -0.037343 0.026000 -0.203002
v -0.038533 0.026000 -0.201773
v -0.038654 0.026000 -0.200068
v -0.037651 0.026000 -0.198683
v -0.035992 0.026000 -0.198267
v -0.034454 0.026000 -0.199014
v -0.033756 0.026000 -0.200576
v -0.034225 0.026000 -0.202220
v -0.035642 -0.026000 -0.203178
v -0.037343 -0.026000 -0.203002
v -0.038533 -0.026000 -0.201773
v -0.038654 -0.026000 -0.200068
v -0.037651 -0.026000 -0.198683
v -0.035992 -0.026000 -0.198267
v -0.034454 -0.026000 -0.199014
v -0.033756 -0.026000 -0.200576
v -0.034225 -0.026000 -0.202220
v 0.004164 0.020000 -0.090818
v 0.005156 0.020000 -0.090556
v 0.005747 0.020000 -0.089717
v 0.005662 0.020000 -0.088695
v 0.004939 0.020000 -0.087967
v 0.003917 0.020000 -0.087874
v 0.003074 0.020000 -0.088459
v 0.002805 0.020000 -0.089449
v 0.003235 0.020000 -0.090381
v 0.004164 0.026000 -0.090818
v 0.003235 0.026000 -0.090381
v 0.002805 0.026000 -0.089449
v 0.003074 0.026000 -0.088459
v 0.003917 0.026000 -0.087874
v 0.004939 0.026000 -0.087967
v 0.005662 0.026000 -0.088695
v 0.005747 0.026000 -0.089717
v 0.005156 0.026000 -0.090556
v 0.004187 0.020000 -0.090569
v 0.005013 0.020000 -0.090350
v 0.005506 0.020000 -0.089652
v 0.005435 0.020000 -0.088800
v 0.004832 0.020000 -0.088193
v 0.003981 0.020000 -0.088115
v 0.003279 0.020000 -0.088603
v 0.003054 0.020000 -0.089428
v 0.003413 0.020000 -0.090205
v 0.004164 -0.020000 -0.090818
v 0.003235 -0.020000 -0.090381
v 0.002805 -0.020000 -0.089449
v 0.003074 -0.020000 -0.088459
v 0.003917 -0.020000 -0.087874
v 0.004939 -0.020000 -0.087967
v 0.005662 -0.020000 -0.088695
v 0.005747 -0.020000 -0.089717
v 0.005156 -0.020000 -0.090556
v 0.004164 -0.026000 -0.090818
v 0.005156 -0.026000 -0.090556
v 0.005747 -0.026000 -0.089717
v 0.005662 -0.026000 -0.088695
v 0.004939 -0.026000 -0.087967
v 0.003917 -0.026000 -0.087874
v 0.003074 -0.026000 -0.088459
v 0.002805 -0.026000 -0.089449
v 0.003235 -0.026000 -0.090381
v 0.004187 -0.020000 -0.090569
v 0.003413 -0.020000 -0.090205
v 0.003054 -0.020000 -0.089428
v 0.003279 -0.020000 -0.088603
v 0.003981 -0.020000 -0.088115
v 0.004832 -0.020000 -0.088193
v 0.005435 -0.020000 -0.088800
v 0.005506 -0.020000 -0.089652
v 0.005013 -0.020000 -0.090350
v 0.004073 0.026000 -0.091814
v 0.002526 0.026000 -0.091085
v 0.001809 0.026000 -0.089533
v 0.002257 0.026000 -0.087883
v 0.003662 0.026000 -0.086907
v 0.005365 0.026000 -0.087062
v 0.006570 0.026000 -0.088276
v 0.006712 0.026000 -0.089980
v 0.005726 0.026000 -0.091377
v 0.004073 -0.026000 -0.091814
v 0.002526 -0.026000 -0.091085
v 0.001809 -0.026000 -0.089533
v 0.002257 -0.026000 -0.087883
v 0.003662 -0.026000 -0.086907
v 0.005365 -0.026000 -0.087062
v 0.006570 -0.026000 -0.088276
v 0.006712 -0.026000 -0.089980
v 0.005726 -0.026000 -0.091377
vt 0.000000 -0.314159
vt 0.600000 -0.314159
vt 0.600000 -0.209440
vt 0.000000 -0.209440
vt -0.000000 -0.183260
vt 0.000000 -0.256563
vt 0.200000 -0.256563
vt 0.200000 -0.183260
vt 0.000000 0.045379
vt 0.000000 -0.045379
vt 0.200000 -0.045379
vt 0.200000 0.045379
vt 2.022594 0.000000
vt 2.022594 0.200000
vt 0.000000 0.200000
vt 0.000000 0.000000
vt 0.000000 1.021018
vt 0.000000 0.612611
vt 0.340000 0.612611
vt 0.340000 1.021018
vt -0.000000 0.183260
vt 0.000000 0.109956
vt 0.200000 0.109956
vt 0.200000 0.183260
vt -10.097842 -2.212583
vt -10.185417 -2.228025
vt -10.262428 -2.183562
vt -10.292842 -2.100000
vt -10.262428 -2.016438
vt -10.556477 -2.171078
vt -10.419011 -2.407209
vt -10.162020 -2.499999
vt -9.905413 -2.406153
vt -9.768919 -2.169459
vt -10.040682 -2.144463
vt 0.000000 -0.256563
vt 0.000000 -0.329867
vt 0.200000 -0.329867
vt 0.200000 -0.256563
vt 0.000000 0.256563
vt 0.000000 0.183260
vt 0.200000 0.183260
vt 0.200000 0.256563
vt -0.000000 -0.183260
vt 0.200000 -0.183260
vt 0.000000 0.209440
vt 0.600000 0.209440
vt 0.600000 0.314159
vt -0.000000 0.314159
vt 10.632065 1.457507
vt 10.607500 1.525000
vt 10.632065 1.592493
vt 10.694267 1.628405
vt 10.293076 1.663518
vt 10.293076 1.386482
vt 10.694267 1.421595
vt 0.114907 -0.096418
vt 0.150000 0.000000
vt 0.125000 0.000000
vt 0.095756 -0.080348
vt -0.000000 0.000000
vt -0.000000 0.278841
vt -0.200000 0.278841
vt -0.200000 0.000000
vt -0.000000 0.136136
vt -0.000000 0.045379
vt 0.200000 0.045379
vt 0.200000 0.136136
vt 0.026047 -0.147721
vt 0.114907 -0.096418
vt 0.150000 0.000000
vt 0.114907 0.096418
vt 0.095756 0.080348
vt 0.125000 0.000000
vt 0.095756 -0.080348
vt 0.021706 -0.123101
vt -0.062500 -0.108253
vt -0.117462 -0.042753
vt -0.075000 -0.129904
vt 2.000000 0.218166
vt 2.000000 0.305433
vt -2.000000 0.305433
vt -2.000000 0.218166
vt 10.530685 0.868382
vt 10.348532 0.652933
vt 10.795601 1.111771
vt 10.576853 0.995227
vt 10.576853 0.923402
vt 0.000000 -1.904503
vt 0.060000 -1.904503
vt 0.060000 -1.428377
vt 0.000000 -1.428377
vt 9.007500 1.525000
vt 9.032065 1.592493
vt 9.094267 1.628405
vt 9.165000 1.615933
vt 9.211168 1.560912
vt 9.211168 1.489088
vt 9.507500 1.525000
vt 9.602252 1.785329
vt 9.328582 1.987281
vt 9.266380 2.023193
vt 9.241815 2.090685
vt 9.266380 2.158178
vt 9.328582 2.194090
vt 9.399315 2.181618
vt 9.445482 2.126598
vt 9.445482 2.054773
vt 9.842172 1.923847
vt 10.115000 1.875740
vt 10.765000 1.615933
vt 10.811168 1.560912
vt 10.811168 1.489088
vt 10.765000 1.434067
vt 10.115000 1.174260
vt 9.842172 1.126153
vt 9.399315 1.050247
vt 9.445482 0.995227
vt 9.445482 0.923402
vt 9.399315 0.868382
vt 9.894267 0.828405
vt 9.965000 0.815933
vt 10.011168 0.760912
vt 10.011168 0.689088
vt 9.965000 0.634067
vt 9.894267 0.621595
vt 10.459952 0.855910
vt 10.397751 0.891822
vt 10.373185 0.959315
vt 10.397751 1.026807
vt 10.459952 1.062719
vt 10.530685 1.050247
vt 10.861418 1.749008
vt 10.530685 1.999753
vt 10.459952 1.987281
vt 10.397751 2.023193
vt 10.373185 2.090685
vt 10.397751 2.158178
vt 10.459952 2.194090
vt 9.965000 2.234067
vt 9.894267 2.221595
vt 9.832065 2.257507
vt 9.807500 2.325000
vt 9.832065 2.392493
vt 9.894267 2.428405
vt 9.912500 2.500000
vt 0.957531 2.083025
vt 1.045106 2.067583
vt 1.102266 1.999463
vt 1.102266 1.910537
vt 1.045106 1.842417
vt 0.957531 1.826975
vt 0.880520 1.871438
vt 0.850106 1.955000
vt 0.880520 2.038562
vt -7.519721 1.415000
vt 4.280011 1.320881
vt 7.009490 1.038966
vt 9.328582 0.855910
vt 9.266380 0.891822
vt 9.241815 0.959315
vt 9.266380 1.026807
vt 9.328582 1.062719
vt 9.094267 1.421595
vt 9.032065 1.457507
vt 0.000000 -0.226893
vt 0.000000 -0.317650
vt 0.200000 -0.317650
vt 0.200000 -0.226893
vt 0.000000 0.329867
vt 0.000000 0.256563
vt 0.200000 0.256563
vt 0.200000 0.329867
vt 0.600000 -0.104720
vt 0.000000 -0.104720
vt 9.713220 0.570583
vt 9.832065 0.657507
vt 9.807500 0.725000
vt 9.832065 0.792493
vt 9.399315 1.999753
vt 0.200000 -6.054660
vt 0.200000 -5.157673
vt -0.000000 -5.157673
vt -0.000000 -6.054660
vt 0.000000 0.109956
vt -0.000000 0.036652
vt 0.200000 0.036652
vt 0.200000 0.109956
vt 0.000000 0.104720
vt 0.600000 0.104720
vt 0.600000 0.209440
vt 0.000000 0.209440
vt 0.000000 0.109956
vt -0.000000 0.036652
vt 0.200000 0.036652
vt 0.200000 0.109956
vt 0.000000 0.045379
vt 0.000000 -0.045379
vt 0.200000 -0.045379
vt 0.200000 0.045379
vt -0.000000 0.680678
vt -0.400000 0.680678
vt -0.400000 0.000000
vt -0.000000 0.000000
vt 20.777136 0.000000
vt 20.777136 0.200000
vt 0.605172 0.200000
vt 0.605172 0.000000
vt 0.000000 0.136136
vt 0.200000 0.136136
vt -0.000000 2.042035
vt -0.400000 2.042035
vt -0.400000 1.361357
vt -0.000000 1.361357
vt -10.861418 1.749008
vt -10.462220 1.324918
vt -10.462220 1.725082
vt -10.205000 2.031625
vt -10.517569 2.289537
vt -0.200000 -4.167857
vt -0.200000 -4.820607
vt -0.000000 -4.820607
vt -0.000000 -4.167857
vt 0.000000 -0.226893
vt 0.000000 -0.317650
vt 0.200000 -0.317650
vt 0.200000 -0.226893
vt 0.000000 -0.036652
vt 0.000000 -0.109956
vt 0.200000 -0.109956
vt 0.200000 -0.036652
vt 0.000000 0.183260
vt 0.000000 0.109956
vt 0.200000 0.109956
vt 0.200000 0.183260
vt 0.026047 0.147721
vt 0.114907 0.096418
vt 0.043412 0.246202
vt -0.125000 0.216506
vt -0.075000 0.129904
vt 0.000000 0.109956
vt 0.000000 0.036652
vt 0.200000 0.036652
vt 0.200000 0.109956
vt 2.000000 0.305433
vt 2.000000 0.392699
vt -2.000000 0.392699
vt -2.000000 0.305433
vt -0.000000 0.036652
vt 0.200000 0.036652
vt 0.000000 0.408407
vt 0.000000 0.317650
vt 0.200000 0.317650
vt 0.200000 0.408407
vt 0.000000 -1.021018
vt 0.000000 -1.429425
vt 0.200000 -1.429425
vt 0.200000 -1.021018
vt -2.600000 -0.349066
vt 2.600000 -0.349066
vt 2.600000 -0.174533
vt -2.600000 -0.174533
vt -0.200000 -3.515108
vt -0.000000 -3.515108
vt 0.000000 -0.209440
vt 0.600000 -0.209440
vt 0.600000 -0.104720
vt 0.000000 -0.104720
vt 0.000000 0.204204
vt 0.340000 0.204204
vt -0.600000 -0.104720
vt 0.000000 -0.104720
vt 0.000000 0.000000
vt -0.600000 0.000000
vt 0.000000 -5.157673
vt 0.200000 -5.157673
vt 0.200000 -4.260686
vt -0.000000 -4.260686
vt 0.000000 -0.109956
vt 0.000000 -0.183260
vt 0.200000 -0.183260
vt 0.200000 -0.109956
vt -0.200000 0.161817
vt -0.200000 -0.161817
vt -0.000000 -0.161817
vt -0.000000 0.161817
vt 0.000000 -0.408407
vt 0.200000 -0.408407
vt 2.000000 -0.218166
vt 2.000000 -0.130900
vt -2.000000 -0.130900
vt -2.000000 -0.218166
vt 0.292500 -0.506625
vt -0.101584 -0.576113
vt -0.448136 -0.376031
vt -0.169307 -0.960188
vt 0.487500 -0.844375
vt 0.916200 -0.333470
vt 0.916200 0.333470
vt 0.487500 0.844375
vt -0.169307 0.960188
vt -0.746893 0.626718
vt -0.975000 0.000000
vt -0.746893 -0.626718
vt -0.585000 0.000000
vt -0.448136 0.376031
vt -0.101584 0.576113
vt 0.292500 0.506625
vt 0.549720 0.200082
vt 0.549720 -0.200082
vt -0.200000 4.076672
vt -0.200000 2.717781
vt -0.000000 2.717781
vt -0.000000 4.076672
vt 0.000000 0.000000
vt 0.600000 0.000000
vt 9.602252 1.264671
vt 9.165000 1.434067
vt 0.000000 -0.136136
vt 0.200000 -0.136136
vt 0.000000 -0.314159
vt -0.600000 -0.314159
vt -0.600000 -0.418879
vt 0.000000 -0.418879
vt 0.000000 -0.204204
vt -0.000000 -0.612611
vt 0.200000 -0.612611
vt 0.200000 -0.204204
vt 2.000000 -0.130900
vt 2.000000 -0.043633
vt -2.000000 -0.043633
vt -2.000000 -0.130900
vt -2.600000 0.523599
vt 2.600000 0.523599
vt 2.600000 0.698132
vt -2.600000 0.698132
vt -0.000000 -0.256563
vt 0.000000 -0.329867
vt 0.200000 -0.329867
vt 0.200000 -0.256563
vt -0.000000 0.000000
vt -0.000000 0.278841
vt -0.200000 0.278841
vt -0.200000 0.000000
vt 2.600000 0.000000
vt -2.600000 0.000000
vt 0.000000 -0.256563
vt 0.000000 -0.329867
vt 0.200000 -0.329867
vt 0.200000 -0.256563
vt -0.400000 -0.680678
vt -0.000000 -0.680678
vt 0.000000 0.109956
vt 0.000000 0.036652
vt 0.200000 0.036652
vt 0.200000 0.109956
vt 0.200000 120.174629
vt 0.200000 122.919167
vt 0.000000 122.919167
vt -0.000000 117.430092
vt 0.200000 117.430092
vt 0.000000 -0.036652
vt 0.000000 -0.109956
vt 0.200000 -0.109956
vt 0.200000 -0.036652
vt -10.185417 -2.228025
vt -10.262428 -2.183562
vt -10.292842 -2.100000
vt -10.556477 -2.171078
vt -10.419011 -2.407209
vt -10.162020 -2.499999
vt -9.905413 -2.406153
vt -9.768919 -2.169459
vt -10.040682 -2.055537
vt -10.040682 -2.144463
vt -10.097842 -2.212583
vt 20.777136 0.000000
vt 20.777136 0.200000
vt 0.605172 0.200000
vt 0.605172 0.000000
vt 2.000000 -0.392699
vt 2.000000 -0.305433
vt -2.000000 -0.305433
vt -2.000000 -0.392699
vt 0.000000 0.226893
vt -0.000000 0.136136
vt 0.200000 0.136136
vt 0.200000 0.226893
vt -0.400000 -1.361357
vt -0.000000 -1.361357
vt 0.000000 0.408407
vt 0.000000 0.317650
vt 0.200000 0.317650
vt 0.200000 0.408407
vt -0.000000 0.317650
vt 0.000000 0.226893
vt 0.200000 0.226893
vt 0.200000 0.317650
vt 0.200000 -6.054660
vt -0.000000 -6.054660
vt 0.000000 0.141372
vt 0.000000 -0.141372
vt 0.200000 -0.141372
vt 0.200000 0.141372
vt 0.000000 0.476126
vt 0.060000 0.476126
vt 0.060000 0.952252
vt 0.000000 0.952252
vt 0.000000 -1.429425
vt 0.000000 -1.837832
vt 0.340000 -1.837832
vt 0.340000 -1.429425
vt -0.400000 -2.042035
vt -0.000000 -2.042035
vt -0.200000 -5.473356
vt -0.000000 -5.473356
vt 10.419011 -2.407209
vt 10.185417 -2.228025
vt 10.097842 -2.212583
vt 10.040682 -2.144463
vt 9.768919 -2.169459
vt 9.905413 -2.406153
vt 10.162020 -2.499999
vt 0.000000 -0.329867
vt 0.200000 -0.329867
vt -0.957531 1.826975
vt 7.519721 1.415000
vt 8.384673 1.210003
vt 9.065619 0.638621
vt 9.417700 -0.177593
vt 10.040682 -2.055537
vt 10.097842 -1.987417
vt 10.185417 -1.971975
vt 10.262428 -2.016438
vt 10.292842 -2.100000
vt 10.262428 -2.183562
vt 10.556477 -2.171078
vt 10.863561 0.527353
vt 10.884370 1.885843
vt 10.797079 2.193739
vt 10.568828 2.418064
vt 10.259464 2.500000
vt -9.912500 2.500000
vt -9.894267 2.428405
vt -9.832065 2.392493
vt -9.807500 2.325000
vt -9.832065 2.257507
vt -9.894267 2.221595
vt -10.373185 2.090685
vt -10.397751 2.023193
vt -9.445482 2.054773
vt -9.445482 2.126598
vt -9.399315 2.181618
vt -9.328582 2.194090
vt -9.266380 2.158178
vt -1.045106 2.067583
vt -0.957531 2.083025
vt -0.880520 2.038562
vt -0.850106 1.955000
vt -0.880520 1.871438
vt -1.045106 1.842417
vt -1.102266 1.910537
vt -1.102266 1.999463
vt -9.241815 2.090685
vt -9.266380 2.023193
vt -9.328582 1.987281
vt -9.399315 1.999753
vt -10.459952 1.987281
vt -10.530685 1.999753
vt -10.576853 2.054773
vt -10.576853 2.126598
vt -10.530685 2.181618
vt -10.459952 2.194090
vt -10.397751 2.158178
vt -9.965000 2.234067
vt -10.011168 2.289088
vt -10.011168 2.360912
vt -9.965000 2.415933
vt -10.517569 2.289537
vt -10.861418 1.749008
vt -10.795601 1.111771
vt -10.576853 0.995227
vt -10.530685 1.050247
vt -10.459952 1.062719
vt -10.397751 1.026807
vt -10.373185 0.959315
vt -10.397751 0.891822
vt -10.459952 0.855910
vt -10.348532 0.652933
vt -10.011168 0.689088
vt -10.011168 0.760912
vt -9.965000 0.815933
vt -9.894267 0.828405
vt -9.445482 0.923402
vt -9.445482 0.995227
vt -9.399315 1.050247
vt -9.328582 1.062719
vt -9.602252 1.264671
vt -9.842172 1.126153
vt -10.115000 1.174260
vt -10.293076 1.386482
vt -10.632065 1.457507
vt -10.694267 1.421595
vt -10.765000 1.434067
vt -10.811168 1.489088
vt -10.811168 1.560912
vt -10.765000 1.615933
vt -10.694267 1.628405
vt -10.293076 1.663518
vt -10.115000 1.875740
vt -9.842172 1.923847
vt -9.602252 1.785329
vt -9.507500 1.525000
vt -9.165000 1.615933
vt -9.094267 1.628405
vt -9.032065 1.592493
vt -4.280011 1.320881
vt -0.200000 -5.473356
vt -0.200000 -6.126106
vt -0.000000 -6.126106
vt -0.000000 -5.473356
vt -0.000000 -0.036652
vt 0.200000 -0.036652
vt 0.000000 0.329867
vt -0.000000 0.256563
vt 0.200000 0.256563
vt 0.200000 0.329867
vt 2.000000 0.392699
vt -2.000000 0.392699
vt 0.000000 -0.476126
vt 0.060000 -0.476126
vt 0.060000 0.000000
vt 0.000000 0.000000
vt 0.000000 0.036652
vt 0.000000 -0.036652
vt 0.200000 -0.036652
vt 0.200000 0.036652
vt -9.211168 1.560912
vt -9.266380 1.026807
vt -9.241815 0.959315
vt -9.266380 0.891822
vt -9.328582 0.855910
vt -9.399315 0.868382
vt -9.832065 0.792493
vt -9.807500 0.725000
vt -9.832065 0.657507
vt -9.894267 0.621595
vt -9.965000 0.634067
vt -9.713220 0.570583
vt -9.007500 1.525000
vt -9.032065 1.457507
vt -9.094267 1.421595
vt -9.165000 1.434067
vt -9.211168 1.489088
vt 2.000000 -0.043633
vt 2.000000 0.043633
vt -2.000000 0.043633
vt -2.000000 -0.043633
vt -10.530685 0.868382
vt -10.576853 0.923402
vt -0.400000 -2.722714
vt -0.000000 -2.722714
vt -0.200000 -4.820607
vt -0.000000 -4.820607
vt -0.000000 0.183260
vt 0.200000 0.183260
vt -0.200000 0.161817
vt -0.200000 -0.161817
vt -0.000000 -0.161817
vt -0.000000 0.161817
vt -2.600000 0.698132
vt 2.600000 0.698132
vt 2.600000 0.872665
vt -2.600000 0.872665
vt -0.043412 -0.246202
vt 0.125000 -0.216506
vt 0.234923 -0.085505
vt 0.140954 0.051303
vt 0.140954 -0.051303
vt 0.075000 -0.129904
vt -0.026047 -0.147721
vt -0.114907 -0.096418
vt -0.150000 0.000000
vt -0.191511 0.160697
vt -0.250000 0.000000
vt -0.191511 -0.160697
vt -0.400000 -3.403392
vt 0.000000 -3.403392
vt 2.600000 0.174533
vt -2.600000 0.174533
vt -2.600000 0.000000
vt 2.600000 0.000000
vt 9.713220 0.570583
vt 10.348532 0.652933
vt 10.795601 1.111771
vt 10.462220 1.324918
vt 10.205000 1.018375
vt 9.810916 0.948887
vt 9.464364 1.148969
vt 9.327500 1.525000
vt 9.464364 1.901031
vt 9.810916 2.101113
vt 10.205000 2.031625
vt 10.861418 1.749008
vt 10.517569 2.289537
vt 9.912500 2.500000
vt -10.259464 2.500000
vt -10.568828 2.418064
vt -10.797079 2.193739
vt -10.884370 1.885843
vt -10.863561 0.527353
vt -10.262428 -2.016438
vt -10.185417 -1.971975
vt -10.097842 -1.987417
vt -9.417700 -0.177593
vt -9.065619 0.638621
vt -8.384673 1.210003
vt -7.519721 1.415000
vt 1.537625 1.415000
vt 1.045106 1.842417
vt 0.957531 1.826975
vt 0.880520 1.871438
vt 0.850106 1.955000
vt 0.880520 2.038562
vt 0.957531 2.083025
vt 1.045106 2.067583
vt 1.102266 1.999463
vt 1.102266 1.910537
vt 4.280011 1.320881
vt 10.462220 1.725082
vt 2.600000 0.349066
vt -2.600000 0.349066
vt -0.000000 -0.183260
vt 0.200000 -0.183260
vt 0.000000 -0.036652
vt 0.000000 -0.109956
vt 0.200000 -0.109956
vt 0.200000 -0.036652
vt 0.000000 0.226893
vt 0.200000 0.226893
vt 2.022594 0.000000
vt 2.022594 0.200000
vt 0.000000 0.200000
vt 0.000000 0.000000
vt -0.000000 -0.036652
vt 0.000000 -0.109956
vt 0.200000 -0.109956
vt 0.200000 -0.036652
vt 0.000000 -0.424115
vt 0.200000 -0.424115
vt 0.000000 0.612611
vt 0.000000 0.204204
vt 0.200000 0.204204
vt 0.200000 0.612611
vt 14.232221 0.000000
vt 14.232221 0.200000
vt 0.000000 -0.314159
vt -0.600000 -0.314159
vt -0.600000 -0.418879
vt 0.000000 -0.418879
vt -0.000000 0.183260
vt 0.000000 0.109956
vt 0.200000 0.109956
vt 0.200000 0.183260
vt 2.000000 0.043633
vt 2.000000 0.130900
vt -2.000000 0.130900
vt -2.000000 0.043633
vt 0.000000 0.424115
vt 0.200000 0.424115
vt -0.000000 0.183260
vt 0.200000 0.183260
vt 0.000000 -0.314159
vt 0.600000 -0.314159
vt -0.200000 -2.862358
vt -0.000000 -2.862358
vt -0.000000 -0.045379
vt 0.200000 -0.045379
vt 10.754107 -0.826880
vt 10.097842 -1.987417
vt 10.185417 -1.971975
vt 10.262428 -2.016438
vt 10.292842 -2.100000
vt 10.262428 -2.183562
vt 10.185417 -2.228025
vt 10.097842 -2.212583
vt 10.040682 -2.144463
vt 9.768919 -2.169459
vt 9.905413 -2.406153
vt 10.162020 -2.499999
vt 10.419011 -2.407209
vt 10.556477 -2.171078
vt 0.000000 -0.183260
vt 0.000000 -0.256563
vt 0.200000 -0.256563
vt 0.200000 -0.183260
vt -0.600000 -0.523599
vt 0.000000 -0.523599
vt 0.000000 0.314159
vt -0.600000 0.314159
vt -0.600000 0.209440
vt 0.000000 0.209440
vt -0.000000 -0.036652
vt 0.200000 -0.036652
vt 0.000000 0.136136
vt 0.200000 0.136136
vt -0.000000 -0.183260
vt -0.000000 -0.256563
vt 0.200000 -0.256563
vt 0.200000 -0.183260
vt -0.000000 0.418879
vt 0.600000 0.418879
vt 0.600000 0.523599
vt 0.000000 0.523599
vt 0.000000 0.329867
vt -0.000000 0.256563
vt 0.200000 0.256563
vt 0.200000 0.329867
vt -0.200000 -0.485452
vt -0.000000 -0.485452
vt -10.797079 2.193739
vt -10.884370 1.885843
vt -10.863561 0.527353
vt -10.185417 -1.971975
vt -10.097842 -1.987417
vt -10.040682 -2.055537
vt -9.417700 -0.177593
vt -9.065619 0.638621
vt -8.384673 1.210003
vt -10.259464 2.500000
vt -10.568828 2.418064
vt 0.000000 0.329867
vt 0.000000 0.256563
vt 0.200000 0.256563
vt 0.200000 0.329867
vt 0.200000 -4.260686
vt -0.000000 -4.260686
vt 0.000000 0.418879
vt -0.600000 0.418879
vt -0.600000 0.314159
vt 0.000000 0.314159
vt 0.000000 -0.109956
vt 0.200000 -0.109956
vt 0.200000 122.919167
vt 5.174875 0.000000
vt 14.232221 0.000000
vt 14.232221 0.200000
vt 0.000000 125.663704
vt 0.000000 122.919167
vt 0.000000 -0.136136
vt 0.200000 -0.136136
vt 0.000000 -0.209440
vt -0.600000 -0.209440
vt 0.000000 -0.329867
vt 0.200000 -0.329867
vt 0.000000 -0.256563
vt 0.000000 -0.329867
vt 0.200000 -0.329867
vt 0.200000 -0.256563
vt -2.600000 -0.698132
vt 2.600000 -0.698132
vt 2.600000 -0.523599
vt -2.600000 -0.523599
vt 0.000000 -0.204204
vt -0.000000 -0.612611
vt 0.340000 -0.612611
vt 0.340000 -0.204204
vt 0.000000 -0.226893
vt 0.200000 -0.226893
vt -0.600000 0.104720
vt 0.000000 0.104720
vt -1.537625 1.415000
vt 7.519721 1.415000
vt -0.957531 1.826975
vt -1.045106 1.842417
vt 10.576853 2.126598
vt 10.576853 2.054773
vt 10.517569 2.289537
vt 9.965000 2.415933
vt 10.011168 2.360912
vt 10.011168 2.289088
vt 10.530685 2.181618
vt 0.117462 0.042753
vt 0.117462 -0.042753
vt 0.062500 -0.108253
vt 0.075000 -0.129904
vt 0.140954 -0.051303
vt 0.140954 0.051303
vt 0.000000 -0.109956
vt 0.200000 -0.109956
vt -0.000000 0.183260
vt 0.200000 0.183260
vt -0.000000 -0.136136
vt 0.200000 -0.136136
vt -0.000000 0.317650
vt 0.000000 0.226893
vt 0.200000 0.226893
vt 0.200000 0.317650
vt -0.000000 -0.136136
vt 0.200000 -0.136136
vt 0.114907 0.096418
vt 0.026047 0.147721
vt -0.075000 0.129904
vt -0.140954 0.051303
vt -0.140954 -0.051303
vt -0.075000 -0.129904
vt 0.026047 -0.147721
vt 0.021706 -0.123101
vt -0.062500 -0.108253
vt -0.117462 -0.042753
vt -0.117462 0.042753
vt -0.062500 0.108253
vt 0.021706 0.123101
vt 0.095756 0.080348
vt -0.000000 0.183260
vt 0.000000 0.109956
vt 0.200000 0.109956
vt 0.200000 0.183260
vt 2.000000 0.130900
vt 2.000000 0.218166
vt -2.000000 0.218166
vt -2.000000 0.130900
vt 0.000000 0.329867
vt 0.000000 0.256563
vt 0.200000 0.256563
vt 0.200000 0.329867
vt -0.600000 -0.104720
vt 0.000000 -0.104720
vt 0.000000 0.000000
vt -0.600000 0.000000
vt -0.000000 0.045379
vt 0.200000 0.045379
vt 0.169307 -0.960188
vt 0.746893 -0.626718
vt 0.975000 0.000000
vt 0.746893 0.626718
vt 0.169307 0.960188
vt -0.341000 0.590629
vt 0.118428 0.671639
vt 0.522442 0.438381
vt 0.682000 0.000000
vt 0.522442 -0.438381
vt 0.118428 -0.671639
vt -0.341000 -0.590629
vt -0.640870 -0.233258
vt -0.640870 0.233258
vt -0.487500 0.844375
vt -0.916200 0.333470
vt -0.916200 -0.333470
vt -0.487500 -0.844375
vt 0.000000 -0.418879
vt 0.600000 -0.418879
vt -0.200000 1.358891
vt -0.200000 -0.000000
vt 0.000000 0.000000
vt 0.000000 0.036652
vt 0.200000 0.036652
vt -0.000000 0.036652
vt -0.000000 -0.036652
vt 0.200000 -0.036652
vt 0.200000 0.036652
vt -0.600000 0.209440
vt 0.000000 0.209440
vt 0.000000 -0.706858
vt 0.000000 -0.989602
vt 0.200000 -0.989602
vt 0.200000 -0.706858
vt 0.000000 -0.226893
vt 0.200000 -0.226893
vt -2.600000 -0.698132
vt 2.600000 -0.698132
vt 2.600000 -0.523599
vt -2.600000 -0.523599
vt -0.000000 0.836524
vt -0.000000 1.115366
vt -0.200000 1.115366
vt -0.200000 0.836524
vt -2.600000 -0.174533
vt 2.600000 -0.174533
vt -0.000000 0.836524
vt -0.000000 1.115366
vt -0.200000 1.115366
vt -0.200000 0.836524
vt 0.000000 -1.272345
vt 0.200000 -1.272345
vt 0.000000 -0.408407
vt 0.200000 -0.408407
vt 0.000000 1.837832
vt 0.000000 1.429425
vt 0.340000 1.429425
vt 0.340000 1.837832
vt -0.000000 0.557683
vt -0.200000 0.557683
vt -0.000000 0.408407
vt 0.200000 0.408407
vt -0.000000 -0.183260
vt 0.200000 -0.183260
vt 0.060000 1.428377
vt -0.000000 1.428377
vt 0.600000 0.418879
vt -0.000000 0.418879
vt -0.000000 -0.183260
vt 0.200000 -0.183260
vt 2.600000 -0.349066
vt -2.600000 -0.349066
vt 0.000000 -0.256563
vt 0.200000 -0.256563
vt -0.200000 -3.515108
vt -0.200000 -4.167857
vt -0.000000 -4.167857
vt -0.000000 -3.515108
vt 0.060000 -0.952252
vt 0.000000 -0.952252
vt 0.000000 0.418879
vt -0.600000 0.418879
vt 2.000000 -0.392699
vt 2.000000 -0.305433
vt -2.000000 -0.305433
vt -2.000000 -0.392699
vt -2.600000 0.349066
vt 2.600000 0.349066
vt 2.600000 0.523599
vt -2.600000 0.523599
vt -0.000000 0.557683
vt -0.200000 0.557683
vt 0.026047 -0.147721
vt -0.075000 -0.129904
vt -0.140954 -0.051303
vt -0.140954 0.051303
vt -0.234923 -0.085505
vt -0.125000 -0.216506
vt 0.043412 -0.246202
vt 0.191511 -0.160697
vt 0.250000 0.000000
vt 0.150000 0.000000
vt 0.114907 -0.096418
vt 0.000000 -0.209440
vt -0.600000 -0.209440
vt -0.140954 0.051303
vt -0.234923 0.085505
vt -0.234923 -0.085505
vt -0.125000 -0.216506
vt 0.043412 -0.246202
vt 0.191511 -0.160697
vt 0.250000 0.000000
vt 0.191511 0.160697
vt 0.150000 0.000000
vt 0.114907 -0.096418
vt 0.026047 -0.147721
vt -0.075000 -0.129904
vt -0.140954 -0.051303
vt 0.000000 0.256563
vt 0.200000 0.256563
vt -0.000000 -0.317650
vt -0.000000 -0.408407
vt 0.200000 -0.408407
vt 0.200000 -0.317650
vt -0.600000 -0.523599
vt 0.000000 -0.523599
vt -0.600000 0.104720
vt 0.000000 0.104720
vt 0.000000 -3.363700
vt 0.200000 -3.363700
vt -0.200000 -0.485452
vt -0.000000 -0.485452
vt 0.000000 0.104720
vt 0.600000 0.104720
vt -10.205000 1.018375
vt -10.795601 1.111771
vt -10.348532 0.652933
vt -9.713220 0.570583
vt -4.280011 1.320881
vt -1.102266 1.910537
vt -1.102266 1.999463
vt -1.045106 2.067583
vt -0.957531 2.083025
vt -0.880520 2.038562
vt -0.850106 1.955000
vt -0.880520 1.871438
vt 8.384673 1.210003
vt 9.065619 0.638621
vt 9.417700 -0.177593
vt 10.040682 -2.055537
vt 10.863561 0.527353
vt 10.884370 1.885843
vt 10.797079 2.193739
vt 10.568828 2.418064
vt 10.259464 2.500000
vt -9.912500 2.500000
vt -9.810916 2.101113
vt -9.464364 1.901031
vt -9.327500 1.525000
vt -9.464364 1.148969
vt -9.810916 0.948887
vt -0.000000 2.722714
vt -0.400000 2.722714
vt 2.600000 0.174533
vt -2.600000 0.174533
vt 0.000000 0.706858
vt 0.200000 0.706858
vt -0.200000 2.717781
vt -0.200000 -0.000000
vt 0.000000 0.000000
vt -0.000000 2.717781
vt 0.000000 0.256563
vt 0.200000 0.256563
vt 0.000000 0.329867
vt 0.200000 0.329867
vt 0.600000 0.314159
vt -0.000000 0.314159
vt 0.000000 0.329867
vt 0.200000 0.329867
vt 0.000000 -1.021018
vt 0.340000 -1.021018
vt 2.600000 0.872665
vt -2.600000 0.872665
vt -0.292500 -0.506625
vt -0.549720 -0.200082
vt -0.549720 0.200082
vt -0.640870 -0.233258
vt -0.341000 -0.590629
vt 0.118428 -0.671639
vt 0.522442 -0.438381
vt 0.682000 0.000000
vt 0.522442 0.438381
vt 0.448136 0.376031
vt 0.585000 0.000000
vt 0.448136 -0.376031
vt 0.101584 -0.576113
vt 0.000000 -0.109956
vt 0.200000 -0.109956
vt -0.292500 0.506625
vt 0.101584 0.576113
vt 0.118428 0.671639
vt -0.341000 0.590629
vt -0.640870 0.233258
vt 2.000000 -0.218166
vt -2.000000 -0.218166
vt 0.000000 0.000000
vt 0.600000 0.000000
vt -0.114907 0.096418
vt -0.026047 0.147721
vt 0.075000 0.129904
vt 0.140954 0.051303
vt 0.140954 -0.051303
vt 0.075000 -0.129904
vt -0.026047 -0.147721
vt -0.043412 -0.246202
vt 0.125000 -0.216506
vt 0.234923 -0.085505
vt 0.234923 0.085505
vt 0.125000 0.216506
vt -0.043412 0.246202
vt -0.191511 0.160697
vt -0.250000 0.000000
vt -0.191511 -0.160697
vt -0.150000 0.000000
vt 0.000000 -0.329867
vt 0.200000 -0.329867
vt -0.021706 -0.123101
vt -0.095756 -0.080348
vt -0.125000 -0.000000
vt -0.095756 0.080348
vt -0.021706 0.123101
vt 0.062500 0.108253
vt 0.075000 0.129904
vt -0.026047 0.147721
vt -0.114907 0.096418
vt -0.150000 0.000000
vt -0.114907 -0.096418
vt -0.026047 -0.147721
vt 0.000000 1.429425
vt 0.000000 1.021018
vt 0.200000 1.021018
vt 0.200000 1.429425
vt 0.000000 1.272345
vt 0.000000 0.989602
vt 0.200000 0.989602
vt 0.200000 1.272345
vt 0.021706 0.123101
vt 0.026047 0.147721
vt -0.075000 0.129904
vt -0.140954 0.051303
vt -0.140954 -0.051303
vt -0.117462 0.042753
vt -0.062500 0.108253
vt -0.095756 -0.080348
vt -0.125000 -0.000000
vt -0.114907 -0.096418
vt -0.026047 -0.147721
vt 0.060000 1.904503
vt -0.000000 1.904503
vt 0.234923 0.085505
vt 0.125000 0.216506
vt -0.043412 0.246202
vt -0.114907 0.096418
vt -0.026047 0.147721
vt 0.075000 0.129904
vt -0.114907 -0.096418
vt -0.000000 -0.045379
vt 0.200000 -0.045379
vt -0.200000 -2.862358
vt -0.000000 -2.862358
vt 0.000000 -1.837832
vt 0.200000 -1.837832
vt -0.200000 4.076672
vt -0.000000 4.076672
vt -0.000000 -0.317650
vt -0.000000 -0.408407
vt 0.200000 -0.408407
vt 0.200000 -0.317650
vt 0.000000 -0.418879
vt 0.600000 -0.418879
vt -10.632065 1.592493
vt -10.607500 1.525000
vt -0.200000 0.485452
vt -0.000000 0.485452
vt 0.000000 1.837832
vt 0.200000 1.837832
vt -0.021706 -0.123101
vt 0.075000 -0.129904
vt 0.140954 -0.051303
vt 0.140954 0.051303
vt 0.075000 0.129904
vt -0.026047 0.147721
vt -0.114907 0.096418
vt -0.150000 0.000000
vt -0.095756 0.080348
vt -0.021706 0.123101
vt 0.062500 0.108253
vt 0.117462 0.042753
vt 0.117462 -0.042753
vt 0.062500 -0.108253
vt 0.000000 -0.329867
vt 0.200000 -0.329867
vt -0.000000 0.408407
vt 0.200000 0.408407
vt 0.000000 0.329867
vt 0.200000 0.329867
vt -0.000000 117.430092
vt 0.200000 117.430092
vt 0.060000 2.380629
vt 0.000000 2.380629
vt 0.600000 0.523599
vt 0.000000 0.523599
vt -0.200000 -6.126106
vt -0.000000 -6.126106
vt 0.026047 0.147721
vt 0.114907 0.096418
vt 0.191511 0.160697
vt 0.043412 0.246202
vt -0.125000 0.216506
vt -0.234923 0.085505
vt -0.075000 0.129904
vt -0.200000 0.485452
vt -0.000000 0.485452
vt 0.000000 -3.363700
vt 0.200000 -3.363700
vt -0.052500 -0.656244
vt 0.052500 -0.656244
vt 0.052500 -0.328122
vt -0.052500 -0.328122
vt 0.437096 -0.009090
vt 0.000000 0.150000
vt -0.437096 -0.009090
vt -0.669669 -0.411919
vt -0.588897 -0.870000
vt -0.521948 -0.437966
vt -0.340677 -0.123996
vt 0.000000 0.000000
vt 0.340677 -0.123996
vt 0.521948 -0.437966
vt 0.458993 -0.795000
vt 0.232574 -1.168991
vt 0.588897 -0.870000
vt 0.669669 -0.411919
vt 0.052500 0.370010
vt -0.052500 0.370010
vt -0.052500 0.000000
vt 0.052500 0.000000
vt -0.052500 -0.370010
vt 0.052500 -0.370010
vt 0.052500 0.000000
vt -0.052500 0.000000
vt -0.040311 -0.628319
vt 0.040311 -0.628319
vt 0.040311 -0.314159
vt -0.040311 -0.314159
vt -0.040311 -0.942478
vt 0.040311 -0.942478
vt 0.040311 -0.628319
vt -0.040311 -0.628319
vt -0.052500 1.312488
vt 0.052500 1.312488
vt 0.052500 1.640609
vt -0.052500 1.640609
vt -0.040311 -1.151917
vt 0.040311 -1.151917
vt 0.040311 -0.767945
vt -0.040311 -0.767945
vt -0.052500 0.328122
vt 0.052500 0.328122
vt 0.052500 0.656244
vt -0.052500 0.656244
vt -0.052500 0.984366
vt 0.052500 0.984366
vt -0.175000 -0.837758
vt 0.175000 -0.837758
vt 0.175000 -0.558505
vt -0.175000 -0.558505
vt -0.040311 0.383972
vt 0.040311 0.383972
vt 0.040311 0.767945
vt -0.040311 0.767945
vt -0.040311 -0.383972
vt 0.040311 -0.383972
vt 0.040311 0.000000
vt -0.040311 0.000000
vt 0.175000 0.279253
vt -0.175000 0.279253
vt -0.175000 0.000000
vt 0.175000 0.000000
vt -0.175000 -0.558505
vt 0.175000 -0.558505
vt 0.175000 -0.279253
vt -0.175000 -0.279253
vt 0.385673 -0.140373
vt 0.000000 0.000000
vt 0.000000 -0.070000
vt 0.340677 -0.193996
vt 0.521948 -0.507966
vt -0.040000 -1.424189
vt 0.040000 -1.424189
vt 0.040000 -0.949459
vt -0.040000 -0.949459
vt -0.232574 -1.168991
vt 0.181271 -1.028037
vt -0.181271 -1.028037
vt -0.458993 -0.795000
vt -0.040311 1.151917
vt 0.040311 1.151917
vt 0.040311 1.535890
vt -0.040311 1.535890
vt -0.052500 0.370010
vt 0.052500 0.370010
vt 0.052500 0.740020
vt -0.052500 0.740020
vt -0.135000 -0.837758
vt 0.135000 -0.837758
vt 0.135000 -0.418879
vt -0.135000 -0.418879
vt 0.052500 0.740020
vt -0.052500 0.740020
vt -0.040000 0.474730
vt 0.040000 0.474730
vt 0.040000 0.949459
vt -0.040000 0.949459
vt -0.135000 1.675516
vt 0.135000 1.675516
vt 0.135000 2.094395
vt -0.135000 2.094395
vt -0.052500 -0.656244
vt 0.052500 -0.656244
vt 0.052500 -0.328122
vt -0.052500 -0.328122
vt -0.052500 -0.370010
vt 0.052500 -0.370010
vt -0.052500 0.656244
vt 0.052500 0.656244
vt 0.052500 0.984366
vt -0.052500 0.984366
vt -0.385673 -0.220373
vt 0.000000 0.000000
vt -0.437096 -0.159090
vt -0.590885 -0.575811
vt -0.052500 0.740020
vt 0.052500 0.740020
vt 0.052500 1.110029
vt -0.052500 1.110029
vt -0.040311 0.314159
vt 0.040311 0.314159
vt 0.040311 0.628319
vt -0.040311 0.628319
vt -0.052500 -0.740020
vt 0.052500 -0.740020
vt 0.052500 -0.370010
vt -0.052500 -0.370010
vt -0.052500 0.740020
vt 0.052500 0.740020
vt 0.052500 1.110029
vt -0.052500 1.110029
vt 0.040000 -0.474730
vt -0.040000 -0.474730
vt 0.040000 1.424189
vt -0.040000 1.424189
vt 0.040311 0.383972
vt -0.040311 0.383972
vt -0.040311 0.000000
vt 0.040311 0.000000
vt -0.052500 0.000000
vt 0.052500 0.000000
vt 0.052500 1.110029
vt -0.052500 1.110029
vt -0.040311 0.942478
vt 0.040311 0.942478
vt 0.040311 1.256637
vt -0.040311 1.256637
vt -0.040000 1.898918
vt 0.040000 1.898918
vt 0.040000 2.373648
vt -0.040000 2.373648
vt -0.135000 1.675516
vt 0.135000 1.675516
vt 0.135000 2.094395
vt -0.135000 2.094395
vt 0.052500 1.312488
vt -0.052500 1.312488
vt 0.052500 0.328122
vt -0.052500 0.328122
vt -0.052500 0.000000
vt 0.052500 0.000000
vt -0.135000 1.256637
vt 0.135000 1.256637
vt -0.175000 -1.117011
vt 0.175000 -1.117011
vt -0.135000 -0.837758
vt 0.135000 -0.837758
vt 0.135000 -0.418879
vt -0.135000 -0.418879
vt -0.175000 0.279253
vt 0.175000 0.279253
vt 0.175000 0.558505
vt -0.175000 0.558505
vt -0.040311 0.628319
vt 0.040311 0.628319
vt 0.040311 0.942478
vt -0.040311 0.942478
vt 0.040000 1.898918
vt -0.040000 1.898918
vt -0.040000 0.000000
vt 0.040000 0.000000
vt -0.040311 0.383972
vt 0.040311 0.383972
vt 0.040311 0.767945
vt -0.040311 0.767945
vt 0.136808 -0.775877
vt -0.136808 -0.775877
vt -0.160749 -0.841656
vt 0.160749 -0.841656
vt 0.407032 -0.635000
vt 0.462860 -0.318385
vt 0.393923 -0.330541
vt 0.346410 -0.600000
vt -0.040000 -1.898918
vt 0.040000 -1.898918
vt -0.135000 -1.256637
vt 0.135000 -1.256637
vt -0.052500 -1.110029
vt 0.052500 -1.110029
vt 0.052500 -0.740020
vt -0.052500 -0.740020
vt -0.175000 0.837758
vt 0.175000 0.837758
vt 0.175000 1.117011
vt -0.175000 1.117011
vt -0.052500 -0.656244
vt 0.052500 -0.656244
vt 0.052500 -0.328122
vt -0.052500 -0.328122
vt 0.052500 0.370010
vt -0.052500 0.370010
vt -0.052500 0.000000
vt 0.052500 0.000000
vt 0.040311 0.314159
vt -0.040311 0.314159
vt -0.040311 0.000000
vt 0.040311 0.000000
vt -0.052500 0.656244
vt 0.052500 0.656244
vt 0.052500 0.984366
vt -0.052500 0.984366
vt -0.175000 -0.837758
vt 0.175000 -0.837758
vt 0.257115 -0.163582
vt 0.302110 -0.109959
vt 0.000000 0.000000
vt -0.302110 -0.109959
vt -0.462860 -0.388385
vt -0.407032 -0.705000
vt -0.160749 -0.911656
vt 0.160749 -0.911656
vt 0.407032 -0.705000
vt 0.393923 -0.400541
vt 0.346410 -0.670000
vt 0.136808 -0.845877
vt -0.136808 -0.845877
vt -0.346410 -0.670000
vt -0.393923 -0.400541
vt -0.257115 -0.163582
vt 0.000000 -0.070000
vt -0.040311 0.000000
vt 0.040311 0.000000
vt -0.052500 -1.480039
vt 0.052500 -1.480039
vt 0.052500 -1.110029
vt -0.052500 -1.110029
vt -0.052500 0.328122
vt 0.052500 0.328122
vt 0.040000 0.474730
vt -0.040000 0.474730
vt -0.040000 0.000000
vt 0.040000 0.000000
vt -0.462860 -0.318385
vt -0.407032 -0.635000
vt -0.160749 -0.841656
vt 0.160749 -0.841656
vt 0.407032 -0.635000
vt 0.393923 -0.330541
vt 0.346410 -0.600000
vt 0.136808 -0.775877
vt -0.136808 -0.775877
vt -0.346410 -0.600000
vt -0.393923 -0.330541
vt -0.257115 -0.093582
vt -0.302110 -0.039959
vt 0.052500 0.000000
vt -0.052500 0.000000
vt -0.052500 -1.480039
vt 0.052500 -1.480039
vt 0.052500 -1.110029
vt -0.052500 -1.110029
vt -0.040311 0.000000
vt 0.040311 0.000000
vt -0.040311 -0.942478
vt 0.040311 -0.942478
vt 0.040311 1.919862
vt -0.040311 1.919862
vt 0.040311 1.151917
vt -0.040311 1.151917
vt -0.040311 -1.256637
vt 0.040311 -1.256637
vt 0.040311 -0.942478
vt -0.040311 -0.942478
vt -0.040311 -1.151917
vt 0.040311 -1.151917
vt 0.040311 -0.767945
vt -0.040311 -0.767945
vt -0.205212 -1.243816
vt -0.519615 -0.980000
vt -0.669669 -0.561919
vt -0.588897 -1.020000
vt -0.232574 -1.318991
vt 0.232574 -1.318991
vt 0.588897 -1.020000
vt 0.669669 -0.561919
vt 0.437096 -0.159090
vt 0.000000 -0.080000
vt 0.385673 -0.220373
vt 0.590885 -0.575811
vt 0.519615 -0.980000
vt 0.205212 -1.243816
vt -0.175000 0.558505
vt 0.175000 0.558505
vt 0.175000 0.837758
vt -0.175000 0.837758
vt 0.040311 1.256637
vt -0.040311 1.256637
vt 0.346410 -0.670000
vt 0.136808 -0.845877
vt -0.136808 -0.845877
vt -0.346410 -0.670000
vt -0.160749 -0.911656
vt 0.160749 -0.911656
vt 0.407032 -0.705000
vt 0.393923 -0.400541
vt -0.040311 0.628319
vt 0.040311 0.628319
vt -0.462860 -0.388385
vt -0.407032 -0.705000
vt -0.393923 -0.400541
vt -0.257115 -0.163582
vt 0.000000 -0.070000
vt 0.257115 -0.163582
vt 0.462860 -0.388385
vt 0.302110 -0.109959
vt 0.000000 0.000000
vt -0.302110 -0.109959
vt -0.175000 -1.117011
vt 0.175000 -1.117011
vt -0.040311 -0.314159
vt 0.040311 -0.314159
vt 0.040311 0.000000
vt -0.040311 0.000000
vt -0.040311 1.256637
vt 0.040311 1.256637
vt 0.040311 1.570796
vt -0.040311 1.570796
vt -0.040311 1.151917
vt 0.040311 1.151917
vt 0.040311 1.535890
vt -0.040311 1.535890
vt 0.040311 1.919862
vt -0.040311 1.919862
vt -0.040311 -0.628319
vt 0.040311 -0.628319
vt 0.040311 -0.314159
vt -0.040311 -0.314159
vt -0.040311 0.383972
vt 0.040311 0.383972
vt 0.040311 0.767945
vt -0.040311 0.767945
vt -0.040311 -0.942478
vt 0.040311 -0.942478
vt 0.040311 -0.628319
vt -0.040311 -0.628319
vt 0.040311 0.942478
vt -0.040311 0.942478
vt -0.205212 -1.243816
vt -0.519615 -0.980000
vt -0.588897 -1.020000
vt -0.232574 -1.318991
vt 0.232574 -1.318991
vt -0.052500 -1.110029
vt 0.052500 -1.110029
vt 0.052500 -0.740020
vt -0.052500 -0.740020
vt -0.052500 -1.480039
vt 0.052500 -1.480039
vt 0.000000 0.000000
vt 0.257115 -0.093582
vt 0.462860 -0.318385
vt 0.302110 -0.039959
vt 0.000000 0.070000
vt 0.052500 0.656244
vt -0.052500 0.656244
vt -0.040000 -0.474730
vt 0.040000 -0.474730
vt -0.052500 -1.312488
vt 0.052500 -1.312488
vt 0.052500 -0.984366
vt -0.052500 -0.984366
vt -0.052500 -0.370010
vt 0.052500 -0.370010
vt 0.052500 0.000000
vt -0.052500 0.000000
vt -0.135000 -1.675516
vt 0.135000 -1.675516
vt -0.052500 1.480039
vt 0.052500 1.480039
vt 0.052500 1.850049
vt -0.052500 1.850049
vt -0.458993 -0.865000
vt -0.521948 -0.507966
vt -0.340677 -0.193996
vt -0.385673 -0.140373
vt -0.590885 -0.495811
vt -0.519615 -0.900000
vt -0.205212 -1.163816
vt 0.205212 -1.163816
vt 0.519615 -0.900000
vt 0.590885 -0.495811
vt 0.458993 -0.865000
vt 0.181271 -1.098037
vt -0.181271 -1.098037
vt 0.135000 0.418879
vt -0.135000 0.418879
vt -0.135000 0.000000
vt 0.135000 0.000000
vt 0.385673 -0.220373
vt 0.590885 -0.575811
vt 0.519615 -0.980000
vt 0.205212 -1.243816
vt 0.588897 -1.020000
vt 0.669669 -0.561919
vt 0.437096 -0.159090
vt 0.000000 0.000000
vt -0.437096 -0.159090
vt -0.669669 -0.561919
vt -0.590885 -0.575811
vt -0.385673 -0.220373
vt 0.000000 -0.080000
vt 0.040311 1.570796
vt -0.040311 1.570796
vt 0.040311 0.314159
vt -0.040311 0.314159
vt -0.040311 0.000000
vt 0.040311 0.000000
vt -0.052500 -1.312488
vt 0.052500 -1.312488
vt 0.052500 -0.984366
vt -0.052500 -0.984366
vt 0.040000 0.949459
vt -0.040000 0.949459
vt 0.052500 0.370010
vt -0.052500 0.370010
vt 0.462860 -0.388385
vt -0.052500 -0.328122
vt 0.052500 -0.328122
vt -0.040311 -1.151917
vt 0.040311 -1.151917
vt 0.040311 -0.767945
vt -0.040311 -0.767945
vt -0.040311 -1.535890
vt 0.040311 -1.535890
vt -0.040311 0.767945
vt 0.040311 0.767945
vt 0.040311 1.151917
vt -0.040311 1.151917
vt -0.052500 1.480039
vt 0.052500 1.480039
vt 0.052500 1.850049
vt -0.052500 1.850049
vt -0.052500 -1.480039
vt 0.052500 -1.480039
vt -0.052500 0.984366
vt 0.052500 0.984366
vt 0.052500 1.312488
vt -0.052500 1.312488
vt -0.040311 0.000000
vt 0.040311 0.000000
vt -0.040311 1.256637
vt 0.040311 1.256637
vt 0.040311 1.570796
vt -0.040311 1.570796
vt -0.040311 -1.151917
vt 0.040311 -1.151917
vt 0.040311 -0.767945
vt -0.040311 -0.767945
vt -0.040311 0.314159
vt 0.040311 0.314159
vt -0.040311 -1.256637
vt 0.040311 -1.256637
vt -0.175000 1.117011
vt 0.175000 1.117011
vt 0.175000 1.396263
vt -0.175000 1.396263
vt -0.052500 0.328122
vt 0.052500 0.328122
vt -0.040311 -1.535890
vt 0.040311 -1.535890
vt -0.052500 -1.312488
vt 0.052500 -1.312488
vt 0.052500 -0.984366
vt -0.052500 -0.984366
vt -0.040311 -1.535890
vt 0.040311 -1.535890
vt 0.040311 -0.383972
vt -0.040311 -0.383972
vt 0.040311 1.570796
vt -0.040311 1.570796
vt -0.040311 0.628319
vt 0.040311 0.628319
vt 0.040311 0.942478
vt -0.040311 0.942478
vt -0.135000 0.837758
vt 0.135000 0.837758
vt 0.135000 1.256637
vt -0.135000 1.256637
vt -0.040311 -0.314159
vt 0.040311 -0.314159
vt -0.040311 -0.383972
vt 0.040311 -0.383972
vt -0.040000 -0.949459
vt 0.040000 -0.949459
vt 0.175000 -0.279253
vt -0.175000 -0.279253
vt -0.407032 -0.635000
vt -0.346410 -0.600000
vt -0.393923 -0.330541
vt -0.257115 -0.093582
vt 0.000000 0.000000
vt 0.257115 -0.093582
vt 0.302110 -0.039959
vt 0.000000 0.070000
vt -0.302110 -0.039959
vt -0.462860 -0.318385
vt -0.052500 1.480039
vt 0.052500 1.480039
vt 0.052500 1.850049
vt -0.052500 1.850049
vt -0.052500 -0.984366
vt 0.052500 -0.984366
vt -0.135000 -1.675516
vt 0.135000 -1.675516
vt 0.135000 -1.256637
vt -0.135000 -1.256637
vt -0.040311 1.535890
vt 0.040311 1.535890
vt 0.040311 1.919862
vt -0.040311 1.919862
vt 0.385673 -0.140373
vt 0.000000 0.000000
vt -0.340677 -0.193996
vt 0.000000 -0.070000
vt 0.340677 -0.193996
vt 0.521948 -0.507966
vt 0.458993 -0.865000
vt 0.181271 -1.098037
vt -0.181271 -1.098037
vt -0.458993 -0.865000
vt -0.519615 -0.900000
vt -0.205212 -1.163816
vt 0.205212 -1.163816
vt 0.519615 -0.900000
vt 0.590885 -0.495811
vt -0.385673 -0.140373
vt -0.590885 -0.495811
vt -0.521948 -0.507966
vt -0.040000 -1.424189
vt 0.040000 -1.424189
vt 0.040311 1.535890
vt -0.040311 1.535890
vt -0.052500 1.480039
vt 0.052500 1.480039
vt 0.052500 1.850049
vt -0.052500 1.850049
vt -0.040311 -1.256637
vt 0.040311 -1.256637
vt 0.052500 -0.740020
vt -0.052500 -0.740020
vt 0.052500 0.000000
vt -0.052500 0.000000
vt -0.052500 -0.656244
vt 0.052500 -0.656244
vt 0.340677 -0.123996
vt 0.521948 -0.437966
vt 0.458993 -0.795000
vt 0.181271 -1.028037
vt -0.181271 -1.028037
vt -0.458993 -0.795000
vt -0.588897 -0.870000
vt -0.232574 -1.168991
vt 0.232574 -1.168991
vt 0.588897 -0.870000
vt 0.669669 -0.411919
vt 0.437096 -0.009090
vt 0.000000 0.150000
vt -0.340677 -0.123996
vt 0.000000 0.000000
vt -0.521948 -0.437966
vt -0.437096 -0.009090
vt -0.669669 -0.411919
vt 0.040000 2.373648
vt -0.040000 2.373648
vt -0.040000 1.424189
vt 0.040000 1.424189
vt -0.052500 1.110029
vt 0.052500 1.110029
vt -0.040000 -1.898918
vt 0.040000 -1.898918
vt 0.040311 -0.383972
vt -0.040311 -0.383972
vt 0.175000 0.000000
vt -0.175000 0.000000
vt 0.052500 1.640609
vt -0.052500 1.640609
vt 0.052500 1.312488
vt -0.052500 1.312488
vt -0.040311 -1.256637
vt 0.040311 -1.256637
vt 0.040311 1.919862
vt -0.040311 1.919862
vt 0.052500 1.640609
vt -0.052500 1.640609
vt -0.052500 -1.312488
vt 0.052500 -1.312488
vt 0.135000 0.418879
vt -0.135000 0.418879
vt -0.135000 0.000000
vt 0.135000 0.000000
vt -0.040311 -1.535890
vt 0.040311 -1.535890
vt 0.135000 0.837758
vt -0.135000 0.837758
vt 0.052500 1.640609
vt -0.052500 1.640609
vt 0.175000 1.396263
vt -0.175000 1.396263
vn -0.7075 -0.0000 -0.7067
vn -0.7229 0.0000 -0.6909
vn -0.7229 0.0002 -0.6909
vn -0.7163 0.0000 0.6978
vn -0.7058 -0.0000 0.7084
vn 0.7018 0.0000 -0.7124
vn -0.7018 0.0003 -0.7124
vn -0.7018 -0.0000 -0.7124
vn 0.7018 0.0002 -0.7124
vn -0.7042 0.0000 0.7101
vn -0.7071 0.0002 0.7071
vn -0.7106 -0.0002 0.7036
vn -0.7071 -0.0000 0.7071
vn 0.7043 -0.0000 -0.7099
vn 0.7072 0.0000 -0.7070
vn 0.7163 0.0000 0.6978
vn 0.7111 0.0000 -0.7031
vn 0.7163 -0.0002 0.6978
vn -0.0000 1.0000 0.0000
vn -0.0000 0.0000 1.0000
vn 0.7058 0.0000 0.7084
vn 0.7163 0.0001 0.6978
vn -0.7163 -0.0002 0.6978
vn 0.7226 -0.0001 0.6912
vn 0.7226 0.0000 0.6912
vn 0.7109 -0.0001 -0.7033
vn 0.7109 0.0000 -0.7033
vn 0.0000 -1.0000 0.0000
vn -0.7075 0.0000 0.7067
vn 0.7103 0.0000 -0.7039
vn 0.7018 0.0001 -0.7124
vn 0.7175 0.0000 0.6966
vn 0.6975 0.0000 0.7166
vn -0.7095 -0.0000 -0.7047
vn -0.7095 0.0001 -0.7047
vn -0.6988 0.0000 -0.7153
vn -0.6988 0.0002 -0.7153
vn -0.7145 -0.0002 0.6997
vn -0.7061 0.0000 0.7082
vn -0.7144 0.0000 0.6997
vn -0.7107 -0.0001 0.7035
vn -0.7107 0.0000 0.7035
vn -0.7092 -0.0000 0.7050
vn 0.7005 0.0000 -0.7137
vn 0.6996 0.0000 0.7145
vn 0.7153 0.0000 0.6989
vn 0.7005 0.0001 -0.7137
vn 0.7048 0.0000 -0.7094
vn 0.7048 0.0002 -0.7094
vn -0.7039 -0.0000 -0.7103
vn -0.7039 -0.0002 -0.7103
vn 1.0000 0.0000 0.0021
vn 1.0000 0.0000 0.0000
vn 1.0000 0.0000 -0.0010
vn 0.7103 -0.0001 -0.7039
vn 0.7105 0.0000 0.7037
vn 0.7105 0.0002 0.7037
vn 0.7092 0.0000 -0.7050
vn -0.7038 0.0000 0.7103
vn 0.7019 0.0000 0.7123
vn -0.7145 -0.0003 0.6997
vn -0.7005 -0.0002 -0.7137
vn -0.7111 0.0000 -0.7031
vn -0.7005 0.0000 -0.7137
vn 0.7111 0.0001 -0.7031
vn 0.7111 -0.0001 -0.7031
vn 0.7072 -0.0000 0.7070
vn 0.6870 0.0000 0.7267
vn 0.7005 -0.0002 -0.7137
vn 0.7061 0.0000 0.7082
vn -0.7007 -0.0002 0.7135
vn -0.7080 -0.0000 0.7062
vn -0.7007 -0.0000 0.7135
vn -0.6912 -0.0005 -0.7227
vn -0.6912 -0.0000 -0.7227
vn -0.7070 -0.0000 -0.7072
vn -0.7101 0.0000 0.7041
vn -0.7186 -0.0000 0.6954
vn -0.7031 -0.0000 0.7111
vn -0.7031 0.0001 0.7111
vn 0.7100 0.0000 -0.7042
vn 0.7100 -0.0004 -0.7042
vn -0.6949 0.0000 0.7191
vn -0.6949 0.0004 0.7191
vn -0.7071 0.0001 0.7071
vn -0.7024 -0.0000 0.7118
vn -0.7071 -0.0001 0.7071
vn -0.7111 0.0001 -0.7031
vn 0.7083 0.0000 -0.7059
vn 0.7059 0.0000 -0.7083
vn 0.7060 0.0000 -0.7083
vn -0.7218 -0.0000 0.6921
vn -0.7171 -0.0000 -0.6969
vn -0.7218 0.0002 0.6921
vn 0.7038 0.0000 -0.7104
vn -0.7116 0.0419 -0.7014
vn -0.7269 0.0423 -0.6855
vn 0.7053 0.0000 -0.7089
vn -0.6949 0.0003 0.7191
vn -0.7103 -0.0000 -0.7039
vn -0.6917 0.0000 -0.7222
vn -0.7117 0.0003 -0.7025
vn -0.7044 0.0000 -0.7098
vn -0.7044 -0.0001 -0.7098
vn -0.7117 -0.0000 -0.7025
vn -0.7076 -0.0000 -0.7066
vn -0.6874 -0.0000 -0.7263
vn -0.6873 -0.0000 -0.7264
vn 0.7067 0.0000 0.7075
vn 0.7222 0.0003 0.6917
vn 0.7222 0.0000 0.6917
vn -0.7225 0.0003 -0.6914
vn -0.7225 -0.0000 -0.6914
vn -0.7083 -0.0001 -0.7059
vn -0.7083 -0.0000 -0.7059
vn -0.6894 0.1785 -0.7020
vn -0.6896 0.0811 -0.7196
vn -0.7184 0.0844 -0.6905
vn -0.7333 0.0967 -0.6730
vn -0.7058 0.0969 -0.7018
vn -0.6915 0.0002 0.7223
vn -0.7116 -0.0000 0.7026
vn -0.6915 -0.0000 0.7223
vn 0.7144 0.0000 0.6997
vn 0.7145 0.0002 0.6997
vn -0.7114 -0.0000 0.7028
vn 0.7099 0.0000 -0.7043
vn -0.7099 -0.0000 -0.7043
vn 0.7042 -0.0000 0.7100
vn 0.6966 -0.0003 -0.7174
vn 0.6966 0.0000 -0.7174
vn -0.7086 -0.0000 0.7056
vn 0.7092 -0.0002 0.7050
vn 0.7092 0.0000 0.7050
vn -0.7070 -0.0000 0.7072
vn 0.7082 0.0000 0.7060
vn -0.7005 0.0002 -0.7137
vn -0.7127 0.0000 0.7015
vn 0.7148 -0.0002 0.6993
vn 0.7148 -0.0000 0.6993
vn -0.6972 -0.0000 -0.7169
vn 0.6919 -0.0002 -0.7220
vn 0.6919 0.0000 -0.7220
vn -0.6972 0.0002 -0.7169
vn -0.7026 -0.0005 0.7116
vn -0.7026 -0.0000 0.7116
vn 0.7163 -0.0004 0.6978
vn 0.7148 0.0001 0.6993
vn -0.7188 -0.0000 0.6952
vn -0.7188 -0.0002 0.6952
vn 0.7061 0.0000 0.7081
vn 0.7036 0.0000 -0.7106
vn 0.7191 -0.0000 -0.6949
vn 0.6909 0.0000 0.7229
vn -0.7005 -0.0001 -0.7137
vn 0.7145 -0.0002 0.6997
vn -0.7054 -0.0000 -0.7088
vn -0.7054 0.0001 -0.7088
vn 0.7044 0.0000 -0.7098
vn 0.7117 0.0000 -0.7025
vn 0.7117 -0.0001 -0.7025
vn -1.0000 -0.0000 -0.0050
vn -0.9915 0.0662 0.1119
vn -0.7150 0.0000 -0.6991
vn -0.6993 -0.0000 -0.7148
vn 0.7111 -0.0002 -0.7031
vn 0.7016 0.0000 -0.7126
vn 0.7215 0.0000 -0.6924
vn 0.7016 0.0000 -0.7125
vn 0.7054 0.0000 -0.7088
vn -0.7018 -0.0001 -0.7124
vn -0.7058 0.0001 0.7084
vn 0.6952 0.0000 -0.7188
vn 0.7183 -0.0002 -0.6957
vn 0.7184 0.0000 -0.6957
vn 0.7153 0.0001 0.6989
vn -0.7005 0.0001 -0.7137
vn 0.7103 0.0001 -0.7039
vn 0.7028 -0.0000 -0.7114
vn -0.7071 -0.0000 -0.7071
vn -1.0000 -0.0000 0.0091
vn -1.0000 -0.0000 -0.0052
vn -1.0000 0.0001 -0.0040
vn -0.7308 -0.0000 -0.6826
vn -0.7113 -0.0000 0.7028
vn -0.6957 -0.0000 0.7184
vn -0.7077 0.0002 -0.7065
vn -0.7049 -0.0000 -0.7093
vn -0.7049 0.0002 -0.7093
vn -0.7077 -0.0000 -0.7065
vn -0.7145 0.0002 0.6997
vn 0.6996 -0.0001 0.7145
vn 0.7061 -0.0001 0.7082
vn -0.7103 0.0001 -0.7039
vn 0.7120 0.0000 -0.7022
vn 0.7269 0.0003 0.6867
vn 0.7269 0.0000 0.6867
vn -0.7031 -0.0001 0.7111
vn 0.6914 -0.0002 0.7225
vn 0.6914 0.0000 0.7225
vn -0.7089 0.0882 -0.6998
vn -0.6905 0.0560 -0.7212
vn 0.2663 0.0533 -0.9624
vn 0.7226 -0.0004 0.6912
vn -0.7032 -0.0000 0.7110
vn -0.7077 -0.0000 0.7065
vn -0.7145 -0.0000 0.6997
vn -0.7033 -0.0000 0.7109
vn 0.2603 -0.0001 -0.9655
vn -0.6963 0.0000 -0.7178
vn -0.7145 -0.0000 -0.6996
vn 0.7063 0.0000 0.7079
vn -0.9798 -0.0000 0.2001
vn 0.7074 0.0000 -0.7068
vn -0.6989 -0.0000 -0.7153
vn -0.6989 -0.0000 -0.7152
vn -0.7020 0.0000 0.7121
vn -0.7020 -0.0000 0.7122
vn 0.6954 0.0000 -0.7186
vn 0.6954 0.0002 -0.7186
vn 0.6992 -0.0000 0.7150
vn -0.9798 0.0001 0.2001
vn 0.7032 0.0000 0.7110
vn -0.6981 -0.0000 -0.7160
vn -0.7212 -0.0000 -0.6927
vn -0.7057 0.0002 0.7085
vn -0.7057 -0.0000 0.7085
vn -0.7272 -0.0000 -0.6864
vn -0.7273 -0.0000 -0.6864
vn 0.7080 0.0000 0.7062
vn 0.7007 0.0000 0.7135
vn 0.7007 0.0002 0.7135
vn 0.7077 -0.0000 0.7065
vn 0.7180 -0.0000 -0.6961
vn -0.7261 -0.0002 -0.6876
vn -0.7266 -0.0000 -0.6870
vn 0.7018 0.0000 0.7124
vn 0.7084 -0.0000 0.7058
vn -0.7066 0.0000 0.7076
vn -0.6970 0.0000 0.7171
vn -0.6970 -0.0003 0.7171
vn -0.7065 -0.0000 0.7077
vn -0.6968 0.0000 0.7173
vn -0.6968 -0.0005 0.7173
vn 0.5737 -0.5773 0.5810
vn 0.5725 -0.5772 0.5823
vn 0.5794 -0.5760 0.5767
vn 0.5788 -0.5763 0.5769
vn -0.5750 0.5766 0.5805
vn -0.5756 0.5767 0.5797
vn 0.5738 0.5773 0.5810
vn 0.5726 0.5772 0.5823
vn -0.7117 -0.0000 -0.7024
vn -0.7117 0.0001 -0.7024
vn 0.5789 0.5783 0.5748
vn 0.5793 0.5786 0.5741
vn -0.5850 0.5773 0.5697
vn -0.5834 0.5774 0.5712
vn 0.7008 -0.0002 -0.7134
vn 0.7008 0.0000 -0.7134
vn -0.7051 -0.0000 -0.7091
vn 0.7065 0.0000 0.7077
vn -0.7054 0.0005 0.7089
vn -0.7054 -0.0000 0.7089
vn -0.5751 -0.5788 -0.5781
vn -0.5755 -0.5785 -0.5780
vn -0.5825 -0.5777 -0.5718
vn -0.5839 -0.5777 -0.5704
vn -0.5755 -0.5784 -0.5781
vn -0.5751 -0.5787 -0.5783
vn -0.5690 -0.5769 0.5861
vn -0.5707 -0.5770 0.5843
vn -0.7072 0.0000 0.7070
vn -0.7091 -0.0000 0.7051
vn -0.7091 0.0003 0.7051
vn -0.7056 -0.0000 -0.7086
vn -0.7047 -0.0000 -0.7095
vn 0.7001 -0.0000 -0.7141
vn 0.5803 -0.5784 -0.5733
vn 0.5797 -0.5782 -0.5741
vn 0.5733 -0.5781 -0.5807
vn 0.5722 -0.5782 -0.5816
vn -0.7053 -0.0000 -0.7089
vn -0.7149 -0.0000 -0.6992
vn 0.7035 0.0005 -0.7107
vn 0.7035 0.0000 -0.7107
vn -0.7162 0.0000 0.6979
vn -0.7162 0.0001 0.6979
vn 0.7075 -0.0000 -0.7067
vn 0.6999 0.0002 -0.7142
vn 0.6999 0.0000 -0.7142
vn -0.7098 0.0000 -0.7044
vn -0.7098 -0.0002 -0.7044
vn -0.7092 0.0001 0.7050
vn 0.7009 -0.0000 -0.7133
vn 0.7076 0.0000 -0.7066
vn -0.7052 0.0000 -0.7090
vn -0.7051 0.0001 -0.7091
vn -0.7149 -0.0002 -0.6992
vn 0.7112 -0.0000 -0.7030
vn 0.5780 -0.5766 -0.5775
vn 0.5782 -0.5763 -0.5776
vn 0.5715 -0.5776 -0.5829
vn 0.5730 -0.5775 -0.5815
vn -0.7147 -0.0000 -0.6994
vn 0.7100 0.0000 0.7042
vn -0.7049 -0.0000 -0.7094
vn -0.5751 0.5788 -0.5781
vn -0.5756 0.5785 -0.5780
vn -0.5707 0.5769 0.5844
vn -0.5689 0.5767 0.5863
vn 0.7140 0.0003 -0.7001
vn 0.7140 0.0000 -0.7001
vn -0.5756 0.5768 0.5796
vn -0.5751 0.5765 0.5804
vn -0.5812 0.5766 0.5742
vn -0.5802 0.5768 0.5750
vn -0.7113 0.0000 0.7029
vn -0.7122 0.0000 -0.7020
vn -0.7093 -0.0000 0.7049
vn -0.7093 -0.0002 0.7049
vn -0.7097 -0.0000 -0.7045
vn 0.7083 0.0000 0.7059
vn 0.7141 0.0000 -0.7000
vn 0.7141 0.0002 -0.7000
vn -0.7054 -0.0003 0.7088
vn -0.7054 -0.0000 0.7088
vn 0.7040 0.0002 0.7102
vn 0.7040 0.0000 0.7102
vn 0.7079 0.0000 0.7063
vn -0.7074 -0.0000 -0.7068
vn -0.7056 0.0005 -0.7086
vn 0.5725 -0.5770 0.5825
vn 0.5738 -0.5770 0.5812
vn -0.5757 -0.5768 0.5796
vn -0.5751 -0.5765 0.5804
vn -0.7123 0.0002 -0.7018
vn -0.7123 0.0000 -0.7018
vn 0.7149 0.0000 -0.6992
vn -0.5762 0.5788 0.5770
vn -0.5765 0.5785 0.5771
vn -0.5835 0.5771 0.5713
vn -0.5852 0.5771 0.5696
vn -0.7059 -0.0000 -0.7083
vn 0.7102 -0.0002 0.7040
vn 0.7102 0.0000 0.7040
vn -0.7160 -0.0004 0.6981
vn -0.7160 0.0000 0.6981
vn 0.7063 0.0000 -0.7079
vn 0.7082 0.0000 -0.7060
vn 0.5780 0.5765 -0.5775
vn 0.5782 0.5763 -0.5776
vn 0.5832 0.5779 -0.5709
vn 0.5818 0.5778 -0.5725
vn 0.7017 0.0000 0.7125
vn -0.7042 -0.0000 0.7100
vn -0.7042 -0.0001 0.7100
vn -0.5689 -0.5767 0.5863
vn -0.5707 -0.5769 0.5844
vn 0.7018 0.0000 -0.7123
vn 0.7114 0.0000 -0.7028
vn 0.7114 -0.0002 -0.7028
vn 0.7083 0.0001 0.7059
vn 0.7085 0.0000 0.7057
vn 0.7151 0.0000 -0.6991
vn 0.7005 0.0000 0.7136
vn 0.7102 -0.0001 0.7040
vn -0.5689 0.5768 0.5862
vn -0.5707 0.5770 0.5843
vn -0.5756 -0.5768 0.5797
vn -0.5750 -0.5765 0.5805
vn 0.5726 -0.5779 0.5815
vn 0.5713 -0.5780 0.5827
vn 0.5787 0.5787 0.5746
vn 0.5791 0.5789 0.5740
vn -0.5818 -0.5768 -0.5734
vn -0.5807 -0.5770 -0.5744
vn -0.5762 -0.5768 -0.5791
vn -0.5758 -0.5765 -0.5797
vn 0.5794 -0.5786 0.5741
vn 0.5790 -0.5783 0.5748
vn -0.5834 -0.5774 0.5712
vn -0.5850 -0.5773 0.5696
vn -0.7053 0.0001 0.7089
vn -0.7053 -0.0000 0.7089
vn 0.7066 0.0000 0.7077
vn -0.5802 -0.5768 0.5750
vn -0.5812 -0.5766 0.5742
vn 0.5737 0.5770 0.5812
vn 0.5724 0.5770 0.5826
vn 0.7081 0.0000 -0.7061
vn 0.7082 -0.0000 -0.7061
vn 0.5783 0.5762 -0.5775
vn 0.5786 0.5759 -0.5776
vn 0.5833 0.5780 -0.5707
vn 0.5818 0.5779 -0.5723
vn -0.5804 -0.5773 -0.5743
vn -0.5814 -0.5773 -0.5733
vn -0.5813 -0.5763 0.5745
vn -0.5803 -0.5764 0.5753
vn 0.5787 -0.5786 0.5747
vn 0.5790 -0.5790 0.5741
vn 0.5714 -0.5777 0.5828
vn 0.5728 -0.5776 0.5816
vn 0.5721 -0.5787 -0.5812
vn 0.5732 -0.5784 -0.5804
vn 0.5716 -0.5773 -0.5831
vn 0.5731 -0.5774 -0.5815
vn 0.5782 -0.5762 -0.5777
vn 0.5784 -0.5759 -0.5777
vn -0.5765 -0.5785 0.5771
vn -0.5762 -0.5788 0.5770
vn -0.5851 -0.5771 0.5697
vn -0.5835 -0.5772 0.5713
vn -0.5763 0.5767 -0.5791
vn -0.5759 0.5765 -0.5796
vn 0.5716 0.5774 -0.5830
vn 0.5731 0.5773 -0.5816
vn -0.5762 -0.5760 -0.5798
vn -0.5765 -0.5763 -0.5792
vn 0.7114 -0.0001 -0.7028
vn 0.7017 0.0002 0.7125
vn 0.7086 0.0000 0.7056
vn -0.7041 -0.0001 0.7101
vn -0.7041 -0.0000 0.7101
vn -0.6968 -0.0002 0.7173
vn 0.7073 0.0000 -0.7069
vn 0.7111 0.0000 -0.7030
vn 0.5786 -0.5766 0.5769
vn 0.5791 -0.5763 0.5767
vn 0.5834 -0.5781 -0.5705
vn 0.5819 -0.5779 -0.5722
vn -0.7116 0.0002 -0.7026
vn -0.7116 -0.0000 -0.7026
vn -0.7050 -0.0001 -0.7092
vn -0.7050 -0.0000 -0.7092
vn 0.7009 -0.0003 0.7132
vn 0.7009 -0.0000 0.7132
vn 0.5808 0.5780 -0.5732
vn 0.5800 0.5777 -0.5743
vn -0.5825 0.5777 -0.5718
vn -0.5838 0.5779 -0.5703
vn 0.5720 0.5786 -0.5814
vn 0.5731 0.5784 -0.5805
vn -0.5826 0.5776 -0.5718
vn -0.5840 0.5777 -0.5703
vn 0.5804 0.5785 -0.5732
vn 0.5797 0.5781 -0.5742
vn 0.7004 -0.0000 0.7138
vn -0.7109 0.0000 0.7033
vn 0.5818 -0.5778 -0.5724
vn 0.5833 -0.5779 -0.5708
vn -0.5816 0.5773 -0.5731
vn -0.5805 0.5775 -0.5741
vn -0.5804 0.5765 0.5751
vn -0.5814 0.5763 0.5743
vn 0.5798 -0.5778 -0.5744
vn 0.5806 -0.5780 -0.5734
vn -0.5837 -0.5778 -0.5705
vn -0.5824 -0.5779 -0.5718
vn 0.5786 0.5765 0.5769
vn 0.5790 0.5763 0.5767
vn -0.5807 0.5770 -0.5744
vn -0.5818 0.5768 -0.5734
vn 0.5726 0.5779 0.5815
vn 0.5714 0.5780 0.5826
vn -0.7116 -0.0002 -0.7026
vn -0.5763 -0.5784 0.5773
vn -0.5760 -0.5787 0.5773
vn 0.5715 0.5775 -0.5830
vn 0.5730 0.5775 -0.5815
vn -0.5764 0.5763 -0.5793
vn -0.5760 0.5761 -0.5799
vn 0.7034 0.0000 -0.7108
vn 0.7034 0.0002 -0.7108
vn 0.5792 0.5760 0.5768
vn 0.5788 0.5763 0.5770
vn -0.5750 0.5787 -0.5783
vn -0.5755 0.5784 -0.5781
vn 0.7011 -0.0002 0.7131
vn 0.7011 -0.0000 0.7131
vn -0.7054 -0.0001 0.7088
vn 0.5733 0.5781 -0.5807
vn 0.5721 0.5783 -0.5816
vn -0.7037 -0.0000 0.7105
vn 0.5727 0.5776 0.5817
vn 0.5713 0.5777 0.5829
vn 0.7141 -0.0003 -0.7000
vn 0.7009 0.0002 -0.7133
vn -0.7112 0.0000 0.7030
vn -0.7112 0.0001 0.7030
vn -0.7039 -0.0001 0.7103
vn -0.7039 -0.0000 0.7103
vn -0.5761 0.5788 0.5772
vn -0.5764 0.5784 0.5772
vn 0.7078 0.0000 0.7064
vn 0.7078 0.0001 0.7064
vn 0.7039 0.0001 0.7103
vn 0.7039 0.0000 0.7103
usemtl 64,64,64.005
s 1
f 722/1/1 716/2/1 717/3/2 721/4/3
f 90/5/4 89/6/5 204/7/5 205/8/4
f 111/9/6 110/10/7 225/11/8 226/12/9
f 120/13/10 230/14/11 231/15/12 121/16/13
f 658/17/14 659/18/15 650/19/15 649/20/14
f 59/21/16 58/22/17 173/23/17 174/24/18
f 22/25/19 23/26/19 24/27/19 16/28/19 17/29/19 116/30/19 117/31/19 118/32/19 119/33/19 120/34/19 21/35/19
f 26/36/5 25/37/20 140/38/20 141/39/5
f 51/40/21 50/41/16 165/42/22 166/43/21
f 27/44/23 26/36/5 141/39/5 142/45/4
f 798/46/24 784/47/25 785/48/26 797/49/27
f 51/50/19 43/51/19 44/52/19 45/53/19 83/54/19 84/55/19 50/56/19
f 783/57/28 782/58/28 800/59/28 801/60/28
f 290/61/10 289/62/29 340/63/29 329/64/11
f 22/65/30 21/66/6 136/67/31 137/68/30
f 712/69/28 711/70/28 710/71/28 718/72/28 736/73/28 728/74/28 729/75/28 730/76/28 731/77/28 732/78/28 713/79/28
f 730/80/32 729/81/33 709/82/33 708/83/32
f 58/84/19 124/85/19 125/86/19 56/87/19 57/88/19
f 642/89/34 634/90/35 635/91/36 641/92/37
f 97/93/19 98/94/19 99/95/19 100/96/19 101/97/19 102/98/19 79/99/19 80/100/19 95/101/19 96/102/19 88/103/19 89/104/19 90/105/19 91/106/19 92/107/19 93/108/19 81/109/19 82/110/19 83/54/19 45/53/19 46/111/19 47/112/19 48/113/19 49/114/19 50/56/19 84/55/19 85/115/19 86/116/19 73/117/19 74/118/19 75/119/19 76/120/19 63/121/19 64/122/19 65/123/19 66/124/19 67/125/19 68/126/19 124/85/19 58/84/19 59/127/19 60/128/19 52/129/19 53/130/19 54/131/19 55/132/19 56/87/19 125/86/19 126/133/19 40/134/19 41/135/19 42/136/19 34/137/19 35/138/19 36/139/19 31/140/19 32/141/19 33/142/19 25/143/19 26/144/19 27/145/19 128/146/19 108/147/19 109/148/19 110/149/19 111/150/19 112/151/19 113/152/19 114/153/19 106/154/19 107/155/19 6/156/19 3/157/19 2/158/19 77/159/19 78/160/19 70/161/19 71/162/19 72/163/19 104/164/19 105/165/19
f 260/166/38 259/167/39 303/168/39 304/169/40
f 70/170/20 78/171/21 193/172/21 185/173/20
f 721/4/3 717/3/2 718/174/41 720/175/42
f 1/176/19 124/85/19 68/126/19 69/177/19 61/178/19 62/179/19 63/121/19 76/120/19 77/159/19 2/158/19
f 81/109/19 93/108/19 94/180/19 95/101/19 80/100/19
f 231/181/12 232/182/13 122/183/43 121/184/13
f 49/185/17 48/186/44 163/187/44 164/188/17
f 727/189/45 711/190/45 712/191/46 726/192/46
f 40/193/17 39/194/44 154/195/47 155/196/17
f 281/197/6 280/198/7 324/199/8 325/200/6
f 675/201/48 673/202/49 665/203/50 674/204/51
f 128/205/52 238/206/53 8/207/54 15/208/53
f 282/209/55 281/197/6 325/200/6 326/210/30
f 677/211/56 671/212/57 672/213/58 676/214/58
f 335/215/28 316/216/28 315/217/28 314/218/28 336/219/28
f 235/220/59 236/221/60 126/222/60 125/223/59
f 18/224/61 17/225/39 132/226/39 133/227/40
f 29/228/62 28/229/63 143/230/63 144/231/64
f 104/232/16 103/233/65 218/234/17 219/235/18
f 721/236/28 720/237/28 753/238/28 752/239/28 722/240/28
f 94/241/66 93/242/44 208/243/47 209/244/17
f 801/245/67 800/246/68 773/247/68 781/248/67
f 103/233/65 102/249/44 217/250/69 218/234/17
f 16/251/20 24/252/70 139/253/70 131/254/20
f 269/255/71 268/256/72 312/257/72 313/258/73
f 820/259/74 811/260/75 810/261/76 819/262/76
f 234/263/77 235/220/59 125/223/59 124/264/77
f 793/265/78 789/266/78 790/267/79 792/268/80
f 659/18/15 660/269/81 651/270/82 650/19/15
f 684/271/42 700/272/41 692/273/83 683/274/84
f 292/275/43 331/276/85 332/277/86 293/278/87
f 46/279/63 45/280/4 160/281/4 161/282/88
f 251/283/89 252/284/90 255/285/91 256/286/89
f 259/167/39 258/287/20 302/288/20 303/168/39
f 807/289/92 806/290/93 776/291/93 775/292/94
f 659/293/19 658/294/19 657/295/19 681/296/19 680/297/19 679/298/19 678/299/19 677/300/19 676/301/19 675/302/19 674/303/19 682/304/19 656/305/19 664/306/19 663/307/19 662/308/19 661/309/19 660/310/19
f 253/311/95 299/312/96 285/313/97 254/314/98
f 711/190/45 727/189/45 719/315/99 710/316/83
f 104/164/19 72/163/19 73/117/19 86/116/19 87/317/19 79/99/19 102/98/19 103/318/19
f 110/10/7 109/319/100 224/320/100 225/11/8
f 698/321/1 686/322/1 687/323/101 697/324/101
f 271/325/102 270/326/103 314/327/104 315/328/105
f 734/329/106 733/330/107 705/331/108 704/332/106
f 752/333/109 743/334/109 742/335/110 751/336/111
f 53/337/5 52/338/20 167/339/20 168/340/5
f 120/341/10 119/342/29 241/343/29 230/344/11
f 819/262/76 810/261/76 809/345/112 818/346/113
f 44/347/5 43/348/20 158/349/20 159/350/5
f 666/351/114 682/352/115 674/204/51 665/203/50
f 76/353/66 75/354/44 190/355/47 191/356/17
f 2/357/116 3/358/117 4/359/118 5/360/119 1/361/120
f 74/362/64 73/363/63 188/364/88 189/365/64
f 265/366/19 266/367/19 258/368/19 286/369/19 287/370/19 288/371/19 289/372/19 290/373/19 262/374/19 263/375/19 264/376/19
f 298/377/52 337/378/53 250/379/54 257/380/53
f 728/381/121 736/382/122 702/383/122 701/384/123
f 265/385/124 264/386/55 308/387/30 309/388/125
f 682/304/19 681/296/19 657/295/19 656/305/19
f 682/352/115 666/351/114 667/389/126 681/390/126
f 258/391/20 266/392/70 310/393/70 302/394/20
f 284/395/70 283/396/124 327/397/125 328/398/70
f 330/399/12 331/276/85 292/275/43 291/400/13
f 84/401/127 83/402/128 198/403/128 199/404/127
f 646/405/129 630/406/129 631/407/130 645/408/131
f 664/409/132 656/410/133 647/411/134 655/412/132
f 681/390/126 667/389/126 668/413/135 680/414/135
f 236/221/60 237/415/136 127/416/136 126/222/60
f 239/417/28 138/418/28 137/419/28 136/420/28 230/421/28 241/422/28 240/423/28
f 89/6/5 88/424/20 203/425/20 204/7/5
f 228/426/28 7/427/28 233/428/28 232/429/28 231/430/28 230/421/28 136/420/28 135/431/28 134/432/28 133/433/28 132/434/28 131/435/28 139/436/28 138/418/28 239/417/28 130/437/28 129/438/28 11/439/28 10/440/28 9/441/28 8/442/28 238/443/28 142/444/28 141/445/28 140/446/28 148/447/28 147/448/28 149/449/28 157/450/28 208/451/28 207/452/28 206/453/28 205/454/28 204/455/28 224/456/28 223/457/28 222/458/28 221/459/28 229/460/28
f 7/427/28 228/426/28 227/461/28 226/462/28 225/463/28 224/456/28 204/455/28 203/464/28 211/465/28 210/466/28 209/467/28 208/451/28 157/450/28 156/468/28 155/469/28 154/470/28 153/471/28 152/472/28 151/473/28 150/474/28 149/449/28 147/448/28 146/475/28 145/476/28 144/477/28 143/478/28 142/444/28 238/443/28 237/479/28 236/480/28 235/481/28 171/482/28 170/483/28 169/484/28 168/485/28 167/486/28 175/487/28 174/488/28 234/489/28 181/490/28 180/491/28 179/492/28 178/493/28 190/494/28 189/495/28 188/496/28 187/497/28 202/498/28 201/499/28 200/500/28 199/501/28 166/502/28 165/503/28 164/504/28 163/505/28 162/506/28 161/507/28 160/508/28 198/509/28 197/510/28 196/511/28 195/512/28 194/513/28 215/514/28 214/515/28 213/516/28 4/517/28
f 336/518/136 337/519/53 298/520/52 297/521/136
f 102/249/44 101/522/137 216/523/64 217/250/69
f 34/524/20 42/525/21 157/526/21 149/527/20
f 729/81/33 728/528/121 701/529/123 709/82/33
f 639/530/138 637/531/138 629/532/139 638/533/140
f 66/534/44 65/535/64 180/536/64 181/537/44
f 216/538/28 215/514/28 194/513/28 202/498/28 187/497/28 186/539/28 185/540/28 193/541/28 192/542/28 191/543/28 190/494/28 178/493/28 177/544/28 176/545/28 184/546/28 183/547/28 182/548/28 181/490/28 234/489/28 5/549/28 4/517/28 213/516/28 212/550/28 220/551/28 219/552/28 218/553/28 217/554/28
f 805/555/141 804/556/142 778/557/143 777/558/144
f 173/559/28 172/560/28 171/482/28 235/481/28 234/489/28 174/488/28
f 680/414/135 668/413/135 669/561/145 679/562/146
f 335/563/60 336/518/136 297/521/136 296/564/60
f 78/171/21 77/565/16 192/566/147 193/172/21
f 9/567/89 10/568/90 13/569/91 14/570/89
f 823/571/140 814/572/148 813/573/149 822/574/150
f 811/575/19 812/576/19 813/577/19 769/578/19 768/579/19 767/580/19 766/581/19 765/582/19 764/583/19 817/584/19 809/585/19 810/586/19
f 679/562/146 669/561/145 670/587/151 678/588/151
f 745/589/152 754/590/152 746/591/153 737/592/153
f 242/593/19 294/594/19 295/595/19 272/596/19 273/597/19 274/598/19 275/599/19 267/600/19 268/601/19 269/602/19 270/603/19 296/604/19 297/605/19 298/606/19 257/607/19 256/608/19 255/609/19 254/610/19 285/611/19 286/369/19 258/368/19 259/612/19 260/613/19 261/614/19 262/374/19 290/373/19 291/615/19 292/616/19 293/617/19 248/618/19 244/619/19 282/620/19 283/621/19 284/622/19 276/623/19 277/624/19 278/625/19 279/626/19 280/627/19 281/628/19 243/629/19
f 272/596/19 295/595/19 296/604/19 270/603/19 271/630/19
f 77/565/16 76/353/66 191/356/17 192/566/147
f 754/590/152 745/589/152 744/631/154 753/632/154
f 54/633/23 53/337/5 168/340/5 169/634/4
f 92/635/155 91/636/63 206/637/63 207/638/64
f 24/252/70 23/639/124 138/640/156 139/253/70
f 290/641/10 329/642/11 330/643/12 291/644/13
f 38/645/155 37/646/63 152/647/63 153/648/64
f 83/402/128 82/649/157 197/650/158 198/403/128
f 283/396/124 282/209/55 326/210/30 327/397/125
f 273/651/159 272/652/160 316/653/161 317/654/159
f 6/655/162 7/656/163 4/359/118 3/358/117
f 770/657/164 758/658/164 759/659/165 769/660/165
f 32/661/16 31/662/166 146/663/17 147/664/16
f 732/665/167 731/666/168 707/667/168 706/668/169
f 23/639/124 22/65/30 137/68/30 138/640/156
f 85/669/170 84/401/127 199/404/127 200/670/170
f 91/636/63 90/5/4 205/8/4 206/637/63
f 41/671/16 40/193/17 155/196/17 156/672/18
f 794/673/164 788/674/164 789/266/78 793/265/78
f 5/675/119 234/263/77 124/264/77 1/676/120
f 21/66/6 20/677/171 135/678/8 136/67/31
f 300/679/28 305/680/28 304/681/28 303/682/28 302/683/28 310/684/28 309/685/28 308/686/28 307/687/28 329/688/28 340/689/28 339/690/28 338/691/28 301/692/28
f 99/693/4 98/694/5 213/695/172 214/696/4
f 769/660/165 759/659/165 760/697/173 768/698/173
f 695/699/174 689/700/175 690/701/176 694/702/46
f 48/186/44 47/703/177 162/704/64 163/187/44
f 112/705/178 111/9/6 226/12/9 227/706/30
f 36/707/23 35/708/5 150/709/5 151/710/4
f 724/711/179 714/712/179 715/713/101 723/714/101
f 52/715/20 60/716/21 175/717/21 167/718/20
f 252/284/90 253/719/95 254/720/98 255/285/91
f 13/721/19 12/722/19 115/723/19 116/30/19 17/29/19 18/724/19 19/725/19 20/726/19 21/35/19 120/34/19 121/727/19 122/728/19 123/729/19 6/156/19 107/155/19 108/147/19 128/146/19 15/730/19 14/731/19
f 88/732/20 96/733/21 211/734/21 203/735/20
f 122/183/43 232/182/13 233/736/86 123/737/85
f 768/738/173 760/739/173 761/740/27 767/741/26
f 65/535/64 64/742/63 179/743/63 180/536/64
f 243/744/180 244/745/181 248/746/182 249/747/183 245/748/181 246/749/184
f 280/198/7 279/750/100 323/751/100 324/199/8
f 699/752/2 685/753/3 686/322/1 698/321/1
f 282/620/19 244/619/19 243/629/19 281/628/19
f 45/280/4 44/347/5 159/350/5 160/281/4
f 98/694/5 97/754/20 212/755/20 213/695/172
f 71/756/5 70/757/20 185/758/20 186/759/5
f 750/760/185 741/761/185 740/762/186 749/763/186
f 661/764/187 662/765/188 653/766/189 652/767/190
f 279/750/100 278/768/191 322/769/40 323/751/100
f 694/702/46 690/701/176 691/770/45 693/771/192
f 245/772/28 249/773/28 327/774/28 326/775/28
f 38/776/19 39/777/19 40/134/19 126/133/19 127/778/19 128/146/19 27/145/19 28/779/19 29/780/19 30/781/19 31/140/19 36/139/19 37/782/19
f 705/783/19 706/784/19 707/785/19 689/786/19 688/787/19 687/788/19
f 101/522/137 100/789/63 215/790/63 216/523/64
f 95/791/16 94/241/66 209/244/17 210/792/147
f 19/793/100 18/224/61 133/227/40 134/794/100
f 114/795/193 113/796/124 228/797/125 229/798/70
f 20/677/171 19/793/100 134/794/100 135/678/8
f 261/799/100 260/166/38 304/169/40 305/800/194
f 790/801/28 789/802/28 788/803/28 787/804/28 786/805/28 785/806/28 784/807/28 783/57/28 801/60/28 802/808/28 803/809/28 804/810/28 805/811/28 806/812/28 807/813/28 808/814/28 800/59/28 782/58/28
f 37/646/63 36/707/23 151/710/4 152/647/63
f 68/815/16 67/816/66 182/817/17 183/818/16
f 803/819/195 802/820/196 780/821/197 779/822/195
f 97/823/20 105/824/21 220/825/21 212/826/20
f 756/827/198 772/828/79 764/829/199 755/830/200
f 264/386/55 263/831/6 307/832/31 308/387/30
f 630/406/129 646/405/129 638/533/140 629/532/139
f 667/833/28 666/834/28 665/835/28 673/836/28 672/837/28 641/838/28 640/839/28 639/840/28 638/841/28 646/842/28 645/843/28 644/844/28 643/845/28 642/846/28 671/847/28 670/848/28 669/849/28 668/850/28
f 795/851/165 787/852/165 788/674/164 794/673/164
f 299/312/96 300/853/201 301/854/202 286/855/203 285/313/97
f 30/856/44 29/228/62 144/231/64 145/857/44
f 57/858/44 56/859/155 171/860/64 172/861/47
f 767/741/26 761/740/27 762/862/204 766/863/25
f 58/22/17 57/858/44 172/861/47 173/23/17
f 81/864/205 80/865/206 195/866/206 196/867/205
f 109/319/100 108/868/207 223/869/40 224/320/100
f 822/870/150 813/871/149 812/872/208 821/873/208
f 42/525/21 41/671/16 156/672/18 157/526/21
f 117/874/1 116/875/209 130/876/210 239/877/1
f 747/878/211 738/879/211 737/592/153 746/591/153
f 287/880/1 286/881/203 301/882/202 338/883/1
f 80/865/206 79/884/20 194/885/20 195/866/206
f 17/225/39 16/886/20 131/887/20 132/226/39
f 656/888/133 657/889/212 648/890/212 647/891/134
f 720/175/42 718/174/41 710/316/83 719/315/99
f 731/666/168 730/80/32 708/83/32 707/667/168
f 118/892/213 117/874/1 239/877/1 240/893/213
f 50/41/16 49/185/17 164/188/17 165/42/22
f 266/392/70 265/385/124 309/388/125 310/393/70
f 106/894/20 114/795/193 229/798/70 221/895/20
f 64/742/63 63/896/4 178/897/4 179/743/63
f 645/408/131 631/407/130 632/898/214 644/899/214
f 105/824/21 104/232/16 219/235/18 220/825/21
f 797/49/27 785/48/26 786/900/173 796/901/173
f 73/363/63 72/902/4 187/903/4 188/364/88
f 749/763/186 740/762/186 739/904/215 748/905/216
f 39/194/44 38/645/155 153/648/64 154/195/47
f 63/896/4 62/906/5 177/907/5 178/897/4
f 119/342/29 118/892/213 240/893/213 241/343/29
f 333/908/77 334/909/59 295/910/59 294/911/77
f 641/92/37 635/91/36 636/912/217 640/913/217
f 696/914/179 688/915/179 689/700/175 695/699/174
f 800/916/68 808/917/218 774/918/218 773/919/68
f 825/920/219 816/921/220 815/922/221 824/923/221
f 289/62/29 288/924/222 339/925/213 340/63/29
f 798/926/28 797/927/28 796/928/28 795/929/28 822/930/28 821/931/28 820/932/28 819/933/28 818/934/28 791/935/28 799/936/28
f 771/937/78 757/938/78 758/658/164 770/657/164
f 96/733/21 95/791/16 210/792/147 211/734/21
f 723/939/28 722/240/28 752/239/28 751/940/28 750/941/28 749/942/28 748/943/28 747/944/28 746/945/28 754/946/28 753/238/28 720/237/28 719/947/28 727/948/28 726/949/28 725/950/28 724/951/28
f 69/952/21 68/815/16 183/818/16 184/953/21
f 808/917/218 807/289/92 775/292/94 774/918/218
f 657/889/212 658/17/14 649/20/14 648/890/212
f 107/954/39 106/955/20 221/956/20 222/957/39
f 697/324/101 687/323/101 688/958/179 696/959/179
f 334/909/59 335/563/60 296/564/60 295/910/59
f 824/923/221 815/922/221 814/572/148 823/571/140
f 766/863/25 762/862/204 763/960/67 765/961/67
f 248/962/182 293/278/87 332/277/86 249/963/183
f 10/568/90 11/964/95 12/965/98 13/569/91
f 82/649/157 81/864/205 196/867/205 197/650/158
f 799/966/67 783/967/67 784/47/25 798/46/24
f 317/968/28 316/216/28 335/215/28 334/969/28 333/970/28 247/971/28 246/972/28 245/772/28 326/775/28 325/973/28 324/974/28 323/975/28 322/976/28 321/977/28 320/978/28 328/979/28 327/774/28 249/773/28 332/980/28 331/981/28 330/982/28 329/688/28 307/687/28 306/983/28 305/680/28 300/679/28 299/984/28 253/985/28 252/986/28 251/987/28 250/988/28 337/989/28 336/219/28 314/218/28 313/990/28 312/991/28 311/992/28 319/993/28 318/994/28
f 93/242/44 92/635/155 207/638/64 208/243/47
f 678/995/151 670/996/151 671/212/57 677/211/56
f 817/997/17 826/998/66 818/346/113 809/345/112
f 86/999/223 85/669/170 200/670/170 201/1000/223
f 129/1001/224 130/1002/210 116/1003/209 115/1004/225
f 676/214/58 672/213/58 673/202/49 675/201/48
f 640/913/217 636/912/217 637/531/138 639/530/138
f 33/1005/21 32/661/16 147/664/16 148/1006/21
f 28/229/63 27/44/23 142/45/4 143/230/63
f 25/1007/20 33/1005/21 148/1006/21 140/1008/20
f 772/828/79 756/827/198 757/938/78 771/937/78
f 726/192/46 712/191/46 713/1009/174 725/1010/175
f 43/1011/20 51/40/21 166/43/21 158/1012/20
f 67/816/66 66/534/44 181/537/44 182/817/17
f 662/765/188 663/1013/226 654/1014/227 653/766/189
f 751/336/111 742/335/110 741/1015/185 750/1016/185
f 108/868/207 107/954/39 222/957/39 223/869/40
f 650/1017/28 651/1018/28 652/1019/28 633/1020/28 632/1021/28 631/1022/28 630/1023/28 629/1024/28 637/1025/28 655/1026/28 647/1027/28 648/1028/28 649/1029/28
f 55/1030/63 54/633/23 169/634/4 170/1031/63
f 653/1032/28 654/1033/28 655/1026/28 637/1025/28 636/1034/28 635/1035/28 634/1036/28 633/1020/28 652/1019/28
f 31/662/166 30/856/44 145/857/44 146/663/17
f 748/905/216 739/904/215 738/879/211 747/878/211
f 736/382/122 735/1037/228 703/1038/229 702/383/122
f 100/789/63 99/693/4 214/696/4 215/790/63
f 783/967/67 799/966/67 791/1039/200 782/1040/200
f 765/961/67 763/960/67 755/830/200 764/829/199
f 735/1037/228 734/329/106 704/332/106 703/1038/229
f 802/820/196 801/245/67 781/248/67 780/821/197
f 75/354/44 74/362/64 189/365/64 190/355/47
f 113/796/124 112/705/178 227/706/30 228/797/125
f 60/716/21 59/21/16 174/24/18 175/717/21
f 733/330/107 732/665/167 706/668/169 705/331/108
f 700/1041/19 699/1042/19 698/1043/19 697/1044/19 696/1045/19 695/1046/19 694/1047/19 739/1048/19 740/1049/19 741/1050/19 742/1051/19 743/1052/19 744/1053/19 745/1054/19 737/1055/19 738/1056/19 692/1057/19
f 62/906/5 61/1058/20 176/1059/20 177/907/5
f 270/326/103 269/255/71 313/258/73 314/327/104
f 707/785/19 708/1060/19 709/1061/19 701/1062/19 702/1063/19 703/1064/19 704/1065/19 705/783/19 687/788/19 686/1066/19 685/1067/19 684/1068/19 683/1069/19 691/1070/19 690/1071/19 689/786/19
f 663/1013/226 664/409/132 655/412/132 654/1014/227
f 275/1072/230 274/1073/231 318/1074/232 319/1075/230
f 56/859/155 55/1030/63 170/1031/63 171/860/64
f 72/902/4 71/756/5 186/759/5 187/903/4
f 79/1076/20 87/1077/233 202/1078/233 194/1079/20
f 735/1080/28 736/73/28 718/72/28 717/1081/28 716/1082/28 715/1083/28 714/1084/28 713/79/28 732/78/28 733/1085/28 734/1086/28
f 781/1087/19 773/1088/19 763/1089/19 762/1090/19
f 644/899/214 632/898/214 633/1091/234 643/1092/234
f 814/1093/19 815/1094/19 816/1095/19 817/584/19 764/583/19 772/1096/19 771/1097/19 770/1098/19 769/578/19 813/577/19
f 738/1056/19 739/1048/19 694/1047/19 693/1099/19 692/1057/19
f 272/652/160 271/325/102 315/328/105 316/653/161
f 262/1100/171 261/799/100 305/800/194 306/1101/8
f 792/268/80 790/267/79 782/1040/200 791/1039/200
f 725/1010/175 713/1009/174 714/712/179 724/711/179
f 247/1102/235 333/908/77 294/911/77 242/1103/236
f 263/831/6 262/1100/171 306/1101/8 307/832/31
f 268/256/72 267/1104/20 311/1105/20 312/257/72
f 660/269/81 661/764/187 652/767/190 651/270/82
f 700/272/41 684/271/42 685/753/3 699/752/2
f 11/1106/95 129/1001/224 115/1004/225 12/1107/98
f 641/838/28 672/837/28 671/847/28 642/846/28
f 288/924/222 287/880/1 338/883/1 339/925/213
f 277/1108/39 276/1109/20 320/1110/20 321/1111/39
f 804/556/142 803/819/195 779/822/195 778/557/143
f 723/1112/101 715/1113/101 716/2/1 722/1/1
f 159/1114/28 158/1115/28 166/502/28 199/501/28 198/509/28 160/508/28
f 8/1116/54 9/567/89 14/570/89 15/1117/53
f 267/1118/20 275/1072/230 319/1075/230 311/1119/20
f 780/1120/19 781/1087/19 762/1090/19 761/1121/19 760/1122/19 759/1123/19 758/1124/19 757/1125/19 756/1126/19 755/1127/19 763/1089/19 773/1088/19 774/1128/19 775/1129/19 776/1130/19 777/1131/19 778/1132/19 779/1133/19
f 35/708/5 34/1134/20 149/1135/20 150/709/5
f 826/998/66 817/997/17 816/921/220 825/920/219
f 276/1136/20 284/395/70 328/398/70 320/1137/20
f 278/768/191 277/1108/39 321/1111/39 322/769/40
f 87/1077/233 86/999/223 201/1000/223 202/1078/233
f 753/632/154 744/631/154 743/334/109 752/333/109
f 61/1138/20 69/952/21 184/953/21 176/1139/20
f 821/873/208 812/872/208 811/260/75 820/259/74
f 243/744/180 246/749/184 247/1140/235 242/1141/236
f 47/703/177 46/279/63 161/282/88 162/704/64
f 693/771/192 691/770/45 683/274/84 692/273/83
f 806/290/93 805/555/141 777/558/144 776/291/93
f 643/1092/234 633/1091/234 634/1142/35 642/1143/34
f 796/901/173 786/900/173 787/1144/165 795/1145/165
f 274/1073/231 273/651/159 317/654/159 318/1074/232
f 237/415/136 238/1146/53 128/1147/52 127/416/136
f 793/1148/28 792/1149/28 791/935/28 818/934/28 826/1150/28 825/1151/28 824/1152/28 823/1153/28 822/930/28 795/929/28 794/1154/28
f 250/1155/54 251/283/89 256/286/89 257/1156/53
f 6/1157/162 123/737/85 233/736/86 7/1158/163
usemtl 191,191,191.001
f 361/1159/237 352/1160/237 351/1161/238 360/1162/238
f 450/1163/19 449/1164/19 457/1165/19 456/1166/19 455/1167/19 465/1168/19 466/1169/19 458/1170/19 459/1171/19 460/1172/19 461/1173/19 453/1174/19 452/1175/19 451/1176/19
f 405/1177/239 421/1178/239 413/1179/240 404/1180/241
f 612/1181/242 603/1182/242 602/1183/243 611/1184/244
f 379/1185/245 370/1186/246 369/1187/247 378/1188/248
f 371/1189/249 362/1190/250 361/1191/251 370/1192/252
f 364/1193/253 355/1194/254 354/1195/42 363/1196/41
f 623/1197/255 614/1198/256 613/1199/257 622/1200/258
f 367/1201/214 358/1202/214 357/1203/259 366/1204/260
f 365/1205/261 356/1206/261 355/1194/254 364/1193/253
f 491/1207/262 542/1208/262 541/1209/263 492/1210/264
f 549/1211/265 628/1212/266 627/1213/267 550/1214/268
f 477/1215/269 468/1216/270 467/1217/271 476/1218/272
f 403/1219/273 342/1220/273 341/1221/274 395/1222/275
f 348/1223/276 397/1224/276 396/1225/1 349/1226/1
f 430/1227/28 422/1228/28 413/1229/28 421/1230/28 420/1231/28
f 596/1232/277 587/1233/277 586/1234/278 595/1235/278
f 455/1167/19 454/1236/19 453/1174/19 461/1173/19 462/1237/19 463/1238/19 464/1239/19 465/1168/19
f 551/1240/279 626/1241/280 625/1242/281 552/1243/282
f 565/1244/283 549/1245/283 550/1246/284 564/1247/284
f 577/1248/285 568/1249/286 567/1250/214 576/1251/214
f 421/1178/239 405/1177/239 406/1252/287 420/1253/288
f 457/1254/289 448/1255/289 447/1256/290 456/1257/291
f 436/1258/292 427/1259/293 426/1260/43 435/1261/294
f 505/1262/295 496/1263/295 495/1264/296 504/1265/296
f 414/1266/297 412/1267/297 404/1180/241 413/1179/240
f 393/1268/260 384/1269/260 383/1270/261 392/1271/298
f 576/1272/19 584/1273/19 585/1274/19 577/1275/19
f 618/1276/299 609/1277/284 608/1278/300 617/1279/300
f 385/1280/301 376/1281/302 375/1282/303 384/1283/304
f 469/1284/305 460/1285/305 459/1286/297 468/1287/297
f 474/1288/288 465/1289/287 464/1290/306 473/1291/306
f 595/1235/278 586/1234/278 585/1292/296 594/1293/296
f 456/1257/291 447/1256/290 446/1294/307 455/1295/307
f 619/1296/308 628/1297/309 620/1298/310 611/1299/311
f 358/1202/214 367/1201/214 359/1300/312 350/1301/313
f 564/1247/284 550/1246/284 551/1302/300 563/1303/300
f 527/1304/314 518/1305/315 517/1306/316 526/1307/317
f 598/1308/318 589/1309/318 588/1310/319 597/1311/319
f 580/1312/320 571/1313/321 570/1314/322 579/1315/322
f 366/1204/260 357/1203/259 356/1206/261 365/1205/261
f 392/1271/298 383/1270/261 382/1316/253 391/1317/253
f 529/1318/323 538/1319/323 530/1320/324 521/1321/325
f 581/1322/326 572/1323/327 571/1313/321 580/1312/320
f 349/1226/1 396/1225/1 395/1222/275 341/1221/274
f 490/1324/238 543/1325/238 542/1208/262 491/1207/262
f 433/1326/328 424/1327/329 423/1328/330 432/1329/330
f 486/1330/331 547/1331/331 546/1332/276 487/1333/332
f 519/1334/333 510/1335/334 509/1336/335 518/1337/336
f 455/1295/307 446/1294/307 445/1338/337 454/1339/338
f 448/1255/289 457/1254/289 449/1340/339 440/1341/339
f 405/1342/340 484/1343/341 483/1344/342 406/1345/343
f 543/1346/28 544/1347/28 535/1348/28 534/1349/28 533/1350/28 532/1351/28 541/1352/28 542/1353/28
f 597/1354/319 588/1355/319 587/1233/277 596/1232/277
f 578/1356/344 569/1357/344 568/1249/286 577/1248/285
f 614/1358/345 605/1359/346 604/1360/347 613/1361/348
f 488/1362/349 545/1363/349 544/1364/350 489/1365/350
f 388/1366/237 379/1367/237 378/1368/238 387/1369/238
f 466/1370/239 475/1371/239 467/1372/240 458/1373/240
f 367/1374/351 376/1375/352 368/1376/353 359/1377/354
f 510/1378/355 501/1379/355 500/1380/356 509/1381/357
f 347/1382/349 398/1383/349 397/1224/276 348/1223/276
f 486/1384/19 502/1385/19 494/1386/19 495/1387/19 496/1388/19 497/1389/19 498/1390/19 499/1391/19 500/1392/19 487/1393/19 488/1394/19 489/1395/19 490/1396/19 491/1397/19 492/1398/19 493/1399/19 485/1400/19
f 628/1212/266 549/1211/265 548/1401/358 620/1402/359
f 471/1403/360 462/1404/360 461/1405/361 470/1406/362
f 487/1333/332 546/1332/276 545/1363/349 488/1362/349
f 511/1407/363 502/1408/323 501/1379/355 510/1378/355
f 592/1409/364 601/1410/364 593/1411/365 584/1412/365
f 393/1413/19 392/1414/19 391/1415/19 390/1416/19 389/1417/19 397/1418/19 398/1419/19 399/1420/19 400/1421/19 401/1422/19 402/1423/19 403/1424/19 394/1425/19
f 387/1369/238 378/1368/238 377/1426/313 386/1427/313
f 561/1428/366 553/1429/366 554/1430/346 560/1431/367
f 484/1343/341 405/1342/340 404/1432/368 476/1433/369
f 613/1361/348 604/1360/347 603/1182/242 612/1181/242
f 380/1434/370 371/1435/371 370/1186/246 379/1185/245
f 468/1287/297 459/1286/297 458/1373/240 467/1372/240
f 552/1243/282 625/1242/281 624/1436/372 553/1437/373
f 406/1345/343 483/1344/342 482/1438/374 407/1439/375
f 516/1440/376 507/1441/377 506/1442/378 515/1443/379
f 554/1444/380 623/1445/381 622/1446/382 555/1447/383
f 579/1448/19 578/1449/19 577/1275/19 585/1274/19 586/1450/19 587/1451/19 588/1452/19 589/1453/19 590/1454/19 591/1455/19 592/1456/19 584/1273/19 576/1272/19 575/1457/19 583/1458/19 582/1459/19 581/1460/19 580/1461/19
f 343/1462/384 402/1463/385 401/1464/386 344/1465/386
f 518/1337/336 509/1336/335 508/1466/387 517/1467/388
f 344/1468/28 345/1469/28 346/1470/28 347/1471/28 354/1472/28 355/1473/28 356/1474/28 343/1475/28
f 528/1476/389 519/1477/390 518/1305/315 527/1304/314
f 352/1478/28 353/1479/28 354/1472/28 347/1471/28 348/1480/28 349/1481/28 341/1482/28 342/1483/28 343/1475/28 356/1474/28 357/1484/28 358/1485/28 350/1486/28 351/1487/28
f 346/1488/391 399/1489/392 398/1383/349 347/1382/349
f 522/1490/393 513/1491/394 512/1492/395 521/1493/396
f 382/1494/397 373/1495/398 372/1496/399 381/1497/400
f 482/1498/401 473/1499/402 472/1500/403 481/1501/404
f 481/1501/404 472/1500/403 471/1502/405 480/1503/406
f 514/1504/407 505/1505/408 504/1506/409 513/1507/410
f 484/1508/411 475/1509/412 474/1510/413 483/1511/414
f 524/1512/415 515/1513/416 514/1514/417 523/1515/418
f 384/1283/304 375/1282/303 374/1516/419 383/1517/420
f 515/1443/379 506/1442/378 505/1505/408 514/1504/407
f 435/1518/28 434/1519/28 443/1520/28 444/1521/28 445/1522/28
f 416/1523/421 410/1524/361 411/1525/305 415/1526/305
f 615/1527/366 606/1528/366 605/1359/346 614/1358/345
f 395/1529/19 396/1530/19 397/1418/19 389/1417/19 388/1531/19 387/1532/19 386/1533/19 394/1425/19 403/1424/19
f 538/1319/323 529/1318/323 528/1534/422 537/1535/355
f 450/1536/423 441/1537/423 440/1341/339 449/1340/339
f 363/1538/41 354/1539/42 353/1540/424 362/1541/425
f 558/1542/242 556/1543/242 548/1544/243 557/1545/426
f 579/1546/322 570/1547/322 569/1357/344 578/1356/344
f 562/1548/169 552/1549/169 553/1550/366 561/1551/366
f 416/1552/28 415/1553/28 414/1554/28 413/1229/28 422/1228/28 423/1555/28 424/1556/28 425/1557/28 426/1558/28 427/1559/28 428/1560/28 429/1561/28 430/1227/28 420/1231/28 419/1562/28 418/1563/28 417/1564/28
f 430/1565/427 439/1566/427 431/1567/428 422/1568/428
f 439/1569/28 438/1570/28 437/1571/28 436/1572/28 435/1518/28 445/1522/28 446/1573/28 447/1574/28 448/1575/28 440/1576/28 441/1577/28 442/1578/28 443/1520/28 434/1519/28 433/1579/28 432/1580/28 431/1581/28
f 517/1467/388 508/1466/387 507/1582/377 516/1583/376
f 511/1584/429 520/1585/430 512/1586/431 503/1587/432
f 507/1588/433 498/1589/434 497/1590/435 506/1591/436
f 601/1410/364 592/1409/364 591/1592/437 600/1593/438
f 610/1594/283 619/1595/283 611/1184/244 602/1183/243
f 487/1393/19 500/1392/19 501/1596/19 502/1385/19 486/1384/19
f 550/1214/268 627/1213/267 626/1241/280 551/1240/279
f 531/1597/296 522/1598/296 521/1321/325 530/1320/324
f 410/1599/439 479/1600/440 478/1601/441 411/1602/442
f 409/1603/443 480/1604/444 479/1600/440 410/1599/439
f 627/1605/445 618/1606/446 617/1607/447 626/1608/448
f 472/1609/449 463/1610/449 462/1611/360 471/1612/360
f 417/1613/360 409/1614/360 410/1524/361 416/1523/421
f 536/1615/357 527/1616/356 526/1617/450 535/1618/450
f 383/1517/420 374/1516/419 373/1495/398 382/1494/397
f 376/1281/302 385/1280/301 377/1619/451 368/1620/452
f 373/1621/453 364/1622/454 363/1623/455 372/1624/456
f 479/1625/457 470/1626/458 469/1627/459 478/1628/460
f 529/1629/461 520/1630/462 519/1477/390 528/1476/389
f 525/1631/463 516/1632/464 515/1513/416 524/1512/415
f 345/1633/238 400/1634/238 399/1635/392 346/1636/391
f 394/1637/214 385/1638/214 384/1269/260 393/1268/260
f 537/1535/355 528/1534/422 527/1616/356 536/1615/357
f 624/1639/465 615/1640/466 614/1198/256 623/1197/255
f 534/1641/467 525/1642/434 524/1643/436 533/1644/436
f 480/1645/406 471/1646/405 470/1626/458 479/1625/457
f 555/1447/383 622/1446/382 621/1647/468 556/1648/469
f 526/1307/317 517/1306/316 516/1649/464 525/1650/463
f 375/1651/470 366/1652/471 365/1653/472 374/1654/473
f 438/1655/474 429/1656/475 428/1657/344 437/1658/344
f 513/1507/410 504/1506/409 503/1587/432 512/1586/431
f 369/1659/476 360/1660/477 359/1377/354 368/1376/353
f 523/1515/418 514/1514/417 513/1491/394 522/1490/393
f 344/1465/386 401/1464/386 400/1634/238 345/1633/238
f 412/1661/478 477/1662/479 476/1433/369 404/1432/368
f 362/1541/425 353/1540/424 352/1160/237 361/1159/237
f 451/1663/480 442/1664/481 441/1537/423 450/1536/423
f 492/1210/264 541/1209/263 540/1665/273 493/1666/273
f 536/1667/28 535/1348/28 544/1347/28 545/1668/28 546/1669/28 547/1670/28 539/1671/28 540/1672/28 541/1352/28 532/1351/28 531/1673/28 530/1674/28 538/1675/28 537/1676/28
f 415/1526/305 411/1525/305 412/1267/297 414/1266/297
f 616/1677/169 607/1678/169 606/1679/366 615/1680/366
f 389/1681/425 380/1682/425 379/1367/237 388/1366/237
f 478/1628/460 469/1627/459 468/1216/270 477/1215/269
f 435/1683/294 426/1684/43 425/1685/482 434/1686/327
f 625/1687/483 616/1688/484 615/1689/466 624/1690/465
f 342/1220/273 403/1219/273 402/1463/385 343/1462/384
f 574/1691/19 566/1692/19 558/1693/19 557/1694/19 565/1695/19 564/1696/19 563/1697/19 562/1698/19 561/1699/19 560/1700/19 569/1701/19 570/1702/19 571/1703/19 572/1704/19 573/1705/19
f 567/1706/19 568/1707/19 569/1701/19 560/1700/19 559/1708/19 558/1693/19 566/1692/19
f 452/1709/485 443/1710/485 442/1664/481 451/1663/480
f 475/1509/412 484/1508/411 476/1218/272 467/1217/271
f 407/1439/375 482/1438/374 481/1711/486 408/1712/487
f 563/1303/300 551/1302/300 552/1549/169 562/1548/169
f 418/1713/449 408/1714/449 409/1715/360 417/1716/360
f 372/1717/456 363/1718/455 362/1190/250 371/1189/249
f 560/1431/367 554/1430/346 555/1719/347 559/1720/348
f 483/1511/414 474/1510/413 473/1499/402 482/1498/401
f 504/1265/296 495/1264/296 494/1721/488 503/1722/324
f 532/1723/489 523/1724/295 522/1598/296 531/1597/296
f 473/1291/306 464/1290/306 463/1610/449 472/1609/449
f 603/1725/28 604/1726/28 605/1727/28 606/1728/28 607/1729/28 608/1730/28 599/1731/28 598/1732/28 597/1733/28 596/1734/28 595/1735/28 594/1736/28 593/1737/28 610/1738/28 602/1739/28
f 599/1731/28 608/1730/28 609/1740/28 610/1738/28 593/1737/28 601/1741/28 600/1742/28
f 454/1339/338 445/1338/337 444/1743/490 453/1744/491
f 599/1745/492 590/1746/493 589/1309/318 598/1308/318
f 360/1162/238 351/1161/238 350/1301/313 359/1300/312
f 594/1293/296 585/1292/296 584/1412/365 593/1411/365
f 419/1747/306 407/1748/306 408/1714/449 418/1713/449
f 439/1566/427 430/1565/427 429/1656/475 438/1655/474
f 378/1188/248 369/1187/247 368/1620/452 377/1619/451
f 374/1654/473 365/1653/472 364/1622/454 373/1621/453
f 453/1749/491 444/1750/490 443/1710/485 452/1709/485
f 622/1200/258 613/1199/257 612/1751/494 621/1752/495
f 493/1666/273 540/1665/273 539/1753/274 485/1754/275
f 370/1192/252 361/1191/251 360/1660/477 369/1659/476
f 391/1317/253 382/1316/253 381/1755/42 390/1756/42
f 559/1720/348 555/1719/347 556/1543/242 558/1542/242
f 509/1381/357 500/1380/356 499/1757/450 508/1758/450
f 381/1759/400 372/1760/399 371/1435/371 380/1434/370
f 411/1602/442 478/1601/441 477/1662/479 412/1661/478
f 408/1712/487 481/1711/486 480/1761/444 409/1762/443
f 617/1279/300 608/1278/300 607/1678/169 616/1677/169
f 549/1245/283 565/1244/283 557/1545/426 548/1544/243
f 508/1758/450 499/1757/450 498/1763/434 507/1764/433
f 432/1329/330 423/1328/330 422/1568/428 431/1567/428
f 390/1765/42 381/1766/42 380/1682/425 389/1681/425
f 475/1371/239 466/1370/239 465/1289/287 474/1288/288
f 600/1593/438 591/1592/437 590/1746/493 599/1745/492
f 470/1406/362 461/1405/361 460/1285/305 469/1284/305
f 619/1595/283 610/1594/283 609/1277/284 618/1276/299
f 556/1648/469 621/1647/468 620/1402/359 548/1401/358
f 626/1608/448 617/1607/447 616/1688/484 625/1687/483
f 628/1297/309 619/1296/308 618/1606/446 627/1605/445
f 520/1630/462 529/1629/461 521/1493/396 512/1492/395
f 502/1408/323 511/1407/363 503/1722/324 494/1721/488
f 520/1585/430 511/1584/429 510/1335/334 519/1334/333
f 506/1591/436 497/1590/435 496/1263/295 505/1262/295
f 574/1767/496 583/1768/497 575/1769/300 566/1770/300
f 621/1752/495 612/1751/494 611/1299/311 620/1298/310
f 553/1771/373 624/1772/372 623/1445/381 554/1444/380
f 583/1768/497 574/1767/496 573/1773/498 582/1774/499
f 434/1686/327 425/1685/482 424/1327/329 433/1326/328
f 535/1618/450 526/1617/450 525/1775/434 534/1776/467
f 576/1251/214 567/1250/214 566/1770/300 575/1769/300
f 489/1365/350 544/1364/350 543/1777/238 490/1778/238
f 533/1644/436 524/1643/436 523/1724/295 532/1723/489
f 437/1658/344 428/1657/344 427/1259/293 436/1258/292
f 385/1638/214 394/1637/214 386/1427/313 377/1426/313
f 547/1331/331 486/1330/331 485/1754/275 539/1753/274
f 582/1774/499 573/1773/498 572/1323/327 581/1322/326
f 420/1253/288 406/1252/287 407/1748/306 419/1747/306
f 376/1375/352 367/1374/351 366/1652/471 375/1651/470
