# Blender v2.79 (sub 0) OBJ File: ''
# www.blender.org
mtllib shoulder_r_roll.mtl
o shoulder_r_roll
v -0.013850 0.025000 -0.031500
v -0.013850 0.025000 -0.019416
v -0.012084 0.025000 -0.017650
v 0.012084 0.025000 -0.017650
v 0.013850 0.025000 -0.019416
v 0.013850 0.025000 -0.031500
v 0.009400 0.025000 -0.031500
v 0.009400 0.025000 -0.033700
v 0.006100 0.025000 -0.037000
v -0.006100 0.025000 -0.037000
v -0.009400 0.025000 -0.033700
v -0.009400 0.025000 -0.031500
v 0.013400 0.025000 -0.020500
v 0.012839 0.025000 -0.018957
v 0.011417 0.025000 -0.018136
v 0.009800 0.025000 -0.018422
v 0.008745 0.025000 -0.019679
v 0.008745 0.025000 -0.021321
v 0.009800 0.025000 -0.022578
v 0.011417 0.025000 -0.022864
v 0.012839 0.025000 -0.022043
v -0.008600 0.025000 -0.020500
v -0.009161 0.025000 -0.018957
v -0.010583 0.025000 -0.018136
v -0.012200 0.025000 -0.018422
v -0.013255 0.025000 -0.019679
v -0.013255 0.025000 -0.021321
v -0.012200 0.025000 -0.022578
v -0.010583 0.025000 -0.022864
v -0.009161 0.025000 -0.022043
v -0.000000 0.025000 -0.047750
v 0.003053 0.025000 -0.048861
v 0.004678 0.025000 -0.051675
v 0.004114 0.025000 -0.054875
v 0.001625 0.025000 -0.056964
v -0.001625 0.025000 -0.056964
v -0.004114 0.025000 -0.054875
v -0.004678 0.025000 -0.051675
v -0.003053 0.025000 -0.048861
v -0.005650 0.025000 -0.044554
v -0.009040 0.025000 -0.048847
v -0.009584 0.025000 -0.054291
v -0.007111 0.025000 -0.059170
v -0.002400 0.025000 -0.061950
v -0.003500 0.025000 -0.061950
v -0.003500 0.025000 -0.063350
v -0.012084 0.025000 -0.063350
v -0.013850 0.025000 -0.061584
v -0.013850 0.025000 -0.044500
v -0.005650 0.025000 -0.044500
v -0.008600 0.025000 -0.060500
v -0.009161 0.025000 -0.058957
v -0.010583 0.025000 -0.058136
v -0.012200 0.025000 -0.058422
v -0.013255 0.025000 -0.059679
v -0.013255 0.025000 -0.061321
v -0.012200 0.025000 -0.062578
v -0.010583 0.025000 -0.062864
v -0.009161 0.025000 -0.062043
v 0.002400 0.025000 -0.061950
v 0.007111 0.025000 -0.059170
v 0.009584 0.025000 -0.054291
v 0.009040 0.025000 -0.048847
v 0.005650 0.025000 -0.044554
v 0.005650 0.025000 -0.044500
v 0.013850 0.025000 -0.044500
v 0.013850 0.025000 -0.061584
v 0.012084 0.025000 -0.063350
v 0.003500 0.025000 -0.063350
v 0.003500 0.025000 -0.061950
v 0.013400 0.025000 -0.060500
v 0.012839 0.025000 -0.058957
v 0.011417 0.025000 -0.058136
v 0.009800 0.025000 -0.058422
v 0.008745 0.025000 -0.059679
v 0.008745 0.025000 -0.061321
v 0.009800 0.025000 -0.062578
v 0.011417 0.025000 -0.062864
v 0.012839 0.025000 -0.062043
v 0.013400 0.022200 -0.060500
v 0.012839 0.022200 -0.058957
v 0.011417 0.022200 -0.058136
v 0.009800 0.022200 -0.058422
v 0.008745 0.022200 -0.059679
v 0.008745 0.022200 -0.061321
v 0.009800 0.022200 -0.062578
v 0.011417 0.022200 -0.062864
v 0.012839 0.022200 -0.062043
v 0.012300 0.022200 -0.060500
v 0.011996 0.022200 -0.059664
v 0.011226 0.022200 -0.059220
v 0.010350 0.022200 -0.059374
v 0.009778 0.022200 -0.060055
v 0.009778 0.022200 -0.060945
v 0.010350 0.022200 -0.061626
v 0.011226 0.022200 -0.061780
v 0.011996 0.022200 -0.061336
v -0.008600 0.022200 -0.060500
v -0.009161 0.022200 -0.062043
v -0.010583 0.022200 -0.062864
v -0.012200 0.022200 -0.062578
v -0.013255 0.022200 -0.061321
v -0.013255 0.022200 -0.059679
v -0.012200 0.022200 -0.058422
v -0.010583 0.022200 -0.058136
v -0.009161 0.022200 -0.058957
v -0.009700 0.022200 -0.060500
v -0.010004 0.022200 -0.059664
v -0.010774 0.022200 -0.059220
v -0.011650 0.022200 -0.059374
v -0.012222 0.022200 -0.060055
v -0.012222 0.022200 -0.060945
v -0.011650 0.022200 -0.061626
v -0.010774 0.022200 -0.061780
v -0.010004 0.022200 -0.061336
v 0.013400 0.022200 -0.020500
v 0.012839 0.022200 -0.022043
v 0.011417 0.022200 -0.022864
v 0.009800 0.022200 -0.022578
v 0.008745 0.022200 -0.021321
v 0.008745 0.022200 -0.019679
v 0.009800 0.022200 -0.018422
v 0.011417 0.022200 -0.018136
v 0.012839 0.022200 -0.018957
v 0.012300 0.022200 -0.020500
v 0.011996 0.022200 -0.019664
v 0.011226 0.022200 -0.019220
v 0.010350 0.022200 -0.019374
v 0.009778 0.022200 -0.020055
v 0.009778 0.022200 -0.020945
v 0.010350 0.022200 -0.021626
v 0.011226 0.022200 -0.021780
v 0.011996 0.022200 -0.021336
v -0.008600 0.022200 -0.020500
v -0.009161 0.022200 -0.022043
v -0.010583 0.022200 -0.022864
v -0.012200 0.022200 -0.022578
v -0.013255 0.022200 -0.021321
v -0.013255 0.022200 -0.019679
v -0.012200 0.022200 -0.018422
v -0.010583 0.022200 -0.018136
v -0.009161 0.022200 -0.018957
v -0.009700 0.022200 -0.020500
v -0.010004 0.022200 -0.019664
v -0.010774 0.022200 -0.019220
v -0.011650 0.022200 -0.019374
v -0.012222 0.022200 -0.020055
v -0.012222 0.022200 -0.020945
v -0.011650 0.022200 -0.021626
v -0.010774 0.022200 -0.021780
v -0.010004 0.022200 -0.021336
v 0.012300 0.016000 -0.060500
v 0.011996 0.016000 -0.059664
v 0.011226 0.016000 -0.059220
v 0.010350 0.016000 -0.059374
v 0.009778 0.016000 -0.060055
v 0.009778 0.016000 -0.060945
v 0.010350 0.016000 -0.061626
v 0.011226 0.016000 -0.061780
v 0.011996 0.016000 -0.061336
v 0.012350 0.016000 -0.060500
v 0.012034 0.016000 -0.059632
v 0.011234 0.016000 -0.059171
v 0.010325 0.016000 -0.059331
v 0.009731 0.016000 -0.060038
v 0.009731 0.016000 -0.060962
v 0.010325 0.016000 -0.061669
v 0.011234 0.016000 -0.061829
v 0.012034 0.016000 -0.061368
v 0.012025 0.015675 -0.060500
v 0.011785 0.015675 -0.059841
v 0.011178 0.015675 -0.059491
v 0.010488 0.015675 -0.059612
v 0.010037 0.015675 -0.060149
v 0.010037 0.015675 -0.060851
v 0.010488 0.015675 -0.061388
v 0.011178 0.015675 -0.061509
v 0.011785 0.015675 -0.061159
v 0.012025 0.009500 -0.060500
v 0.011785 0.009500 -0.059841
v 0.011178 0.009500 -0.059491
v 0.010488 0.009500 -0.059612
v 0.010037 0.009500 -0.060149
v 0.010037 0.009500 -0.060851
v 0.010488 0.009500 -0.061388
v 0.011178 0.009500 -0.061509
v 0.011785 0.009500 -0.061159
v 0.011000 0.008884 -0.060500
v -0.009700 0.016000 -0.060500
v -0.010004 0.016000 -0.059664
v -0.010774 0.016000 -0.059220
v -0.011650 0.016000 -0.059374
v -0.012222 0.016000 -0.060055
v -0.012222 0.016000 -0.060945
v -0.011650 0.016000 -0.061626
v -0.010774 0.016000 -0.061780
v -0.010004 0.016000 -0.061336
v -0.009650 0.016000 -0.060500
v -0.009966 0.016000 -0.059632
v -0.010766 0.016000 -0.059171
v -0.011675 0.016000 -0.059331
v -0.012269 0.016000 -0.060038
v -0.012269 0.016000 -0.060962
v -0.011675 0.016000 -0.061669
v -0.010766 0.016000 -0.061829
v -0.009966 0.016000 -0.061368
v -0.009975 0.015675 -0.060500
v -0.010215 0.015675 -0.059841
v -0.010822 0.015675 -0.059491
v -0.011512 0.015675 -0.059612
v -0.011963 0.015675 -0.060149
v -0.011963 0.015675 -0.060851
v -0.011512 0.015675 -0.061388
v -0.010822 0.015675 -0.061509
v -0.010215 0.015675 -0.061159
v -0.009975 0.009500 -0.060500
v -0.010215 0.009500 -0.059841
v -0.010822 0.009500 -0.059491
v -0.011512 0.009500 -0.059612
v -0.011963 0.009500 -0.060149
v -0.011963 0.009500 -0.060851
v -0.011512 0.009500 -0.061388
v -0.010822 0.009500 -0.061509
v -0.010215 0.009500 -0.061159
v -0.011000 0.008884 -0.060500
v 0.012300 0.016000 -0.020500
v 0.011996 0.016000 -0.019664
v 0.011226 0.016000 -0.019220
v 0.010350 0.016000 -0.019374
v 0.009778 0.016000 -0.020055
v 0.009778 0.016000 -0.020945
v 0.010350 0.016000 -0.021626
v 0.011226 0.016000 -0.021780
v 0.011996 0.016000 -0.021336
v 0.012350 0.016000 -0.020500
v 0.012034 0.016000 -0.019632
v 0.011234 0.016000 -0.019171
v 0.010325 0.016000 -0.019331
v 0.009731 0.016000 -0.020038
v 0.009731 0.016000 -0.020962
v 0.010325 0.016000 -0.021669
v 0.011234 0.016000 -0.021829
v 0.012034 0.016000 -0.021368
v 0.012025 0.015675 -0.020500
v 0.011785 0.015675 -0.019841
v 0.011178 0.015675 -0.019491
v 0.010488 0.015675 -0.019612
v 0.010037 0.015675 -0.020149
v 0.010037 0.015675 -0.020851
v 0.010488 0.015675 -0.021388
v 0.011178 0.015675 -0.021509
v 0.011785 0.015675 -0.021159
v 0.012025 0.009500 -0.020500
v 0.011785 0.009500 -0.019841
v 0.011178 0.009500 -0.019491
v 0.010488 0.009500 -0.019612
v 0.010037 0.009500 -0.020149
v 0.010037 0.009500 -0.020851
v 0.010488 0.009500 -0.021388
v 0.011178 0.009500 -0.021509
v 0.011785 0.009500 -0.021159
v 0.011000 0.008884 -0.020500
v -0.009700 0.016000 -0.020500
v -0.010004 0.016000 -0.019664
v -0.010774 0.016000 -0.019220
v -0.011650 0.016000 -0.019374
v -0.012222 0.016000 -0.020055
v -0.012222 0.016000 -0.020945
v -0.011650 0.016000 -0.021626
v -0.010774 0.016000 -0.021780
v -0.010004 0.016000 -0.021336
v -0.009650 0.016000 -0.020500
v -0.009966 0.016000 -0.019632
v -0.010766 0.016000 -0.019171
v -0.011675 0.016000 -0.019331
v -0.012269 0.016000 -0.020038
v -0.012269 0.016000 -0.020962
v -0.011675 0.016000 -0.021669
v -0.010766 0.016000 -0.021829
v -0.009966 0.016000 -0.021368
v -0.009975 0.015675 -0.020500
v -0.010215 0.015675 -0.019841
v -0.010822 0.015675 -0.019491
v -0.011512 0.015675 -0.019612
v -0.011963 0.015675 -0.020149
v -0.011963 0.015675 -0.020851
v -0.011512 0.015675 -0.021388
v -0.010822 0.015675 -0.021509
v -0.010215 0.015675 -0.021159
v -0.009975 0.009500 -0.020500
v -0.010215 0.009500 -0.019841
v -0.010822 0.009500 -0.019491
v -0.011512 0.009500 -0.019612
v -0.011963 0.009500 -0.020149
v -0.011963 0.009500 -0.020851
v -0.011512 0.009500 -0.021388
v -0.010822 0.009500 -0.021509
v -0.010215 0.009500 -0.021159
v -0.011000 0.008884 -0.020500
v -0.014250 0.024600 -0.031500
v -0.014250 0.024600 -0.019250
v -0.009400 0.016500 -0.031500
v -0.014250 0.016500 -0.031500
v 0.014250 0.024600 -0.031500
v 0.014250 0.016500 -0.031500
v 0.009400 0.016500 -0.031500
v -0.014250 -0.008600 -0.061750
v -0.014250 -0.008600 -0.019250
v -0.014250 0.016500 -0.044500
v -0.014250 0.024600 -0.044500
v -0.014250 0.024600 -0.061750
v -0.014250 0.002000 -0.049850
v -0.014250 0.002868 -0.049534
v -0.014250 0.003329 -0.048734
v -0.014250 0.003169 -0.047825
v -0.014250 0.002462 -0.047231
v -0.014250 0.001538 -0.047231
v -0.014250 0.000831 -0.047825
v -0.014250 0.000671 -0.048734
v -0.014250 0.001132 -0.049534
v -0.014250 0.014000 -0.025850
v -0.014250 0.014868 -0.025534
v -0.014250 0.015329 -0.024734
v -0.014250 0.015169 -0.023825
v -0.014250 0.014462 -0.023231
v -0.014250 0.013538 -0.023231
v -0.014250 0.012831 -0.023825
v -0.014250 0.012671 -0.024734
v -0.014250 0.013132 -0.025534
v -0.014250 0.002000 -0.025850
v -0.014250 0.002868 -0.025534
v -0.014250 0.003329 -0.024734
v -0.014250 0.003169 -0.023825
v -0.014250 0.002462 -0.023231
v -0.014250 0.001538 -0.023231
v -0.014250 0.000831 -0.023825
v -0.014250 0.000671 -0.024734
v -0.014250 0.001132 -0.025534
v -0.014250 0.014000 -0.047150
v -0.014250 0.013132 -0.047466
v -0.014250 0.012671 -0.048266
v -0.014250 0.012831 -0.049175
v -0.014250 0.013538 -0.049769
v -0.014250 0.014462 -0.049769
v -0.014250 0.015169 -0.049175
v -0.014250 0.015329 -0.048266
v -0.014250 0.014868 -0.047466
v -0.013925 0.014000 -0.047475
v -0.013925 0.013341 -0.047715
v -0.013925 0.012991 -0.048322
v -0.013925 0.013112 -0.049012
v -0.013925 0.013649 -0.049463
v -0.013925 0.014351 -0.049463
v -0.013925 0.014888 -0.049012
v -0.013925 0.015009 -0.048322
v -0.013925 0.014659 -0.047715
v -0.011250 0.014000 -0.047475
v -0.011250 0.013341 -0.047715
v -0.011250 0.012991 -0.048322
v -0.011250 0.013112 -0.049012
v -0.011250 0.013649 -0.049463
v -0.011250 0.014351 -0.049463
v -0.011250 0.014888 -0.049012
v -0.011250 0.015009 -0.048322
v -0.011250 0.014659 -0.047715
v -0.011250 0.002000 -0.049525
v -0.011250 0.001341 -0.049285
v -0.011250 0.000991 -0.048678
v -0.011250 0.001112 -0.047987
v -0.011250 0.001649 -0.047537
v -0.011250 0.002351 -0.047537
v -0.011250 0.002888 -0.047987
v -0.011250 0.003009 -0.048678
v -0.011250 0.002659 -0.049285
v -0.011250 0.014000 -0.025525
v -0.011250 0.013341 -0.025285
v -0.011250 0.012991 -0.024678
v -0.011250 0.013112 -0.023987
v -0.011250 0.013649 -0.023537
v -0.011250 0.014351 -0.023537
v -0.011250 0.014888 -0.023987
v -0.011250 0.015009 -0.024678
v -0.011250 0.014659 -0.025285
v -0.011250 0.002000 -0.025525
v -0.011250 0.001341 -0.025285
v -0.011250 0.000991 -0.024678
v -0.011250 0.001112 -0.023987
v -0.011250 0.001649 -0.023537
v -0.011250 0.002351 -0.023537
v -0.011250 0.002888 -0.023987
v -0.011250 0.003009 -0.024678
v -0.011250 0.002659 -0.025285
v -0.013925 0.002000 -0.049525
v -0.013925 0.001341 -0.049285
v -0.013925 0.000991 -0.048678
v -0.013925 0.001112 -0.047987
v -0.013925 0.001649 -0.047537
v -0.013925 0.002351 -0.047537
v -0.013925 0.002888 -0.047987
v -0.013925 0.003009 -0.048678
v -0.013925 0.002659 -0.049285
v -0.013925 0.014000 -0.025525
v -0.013925 0.013341 -0.025285
v -0.013925 0.012991 -0.024678
v -0.013925 0.013112 -0.023987
v -0.013925 0.013649 -0.023537
v -0.013925 0.014351 -0.023537
v -0.013925 0.014888 -0.023987
v -0.013925 0.015009 -0.024678
v -0.013925 0.014659 -0.025285
v -0.013925 0.002000 -0.025525
v -0.013925 0.001341 -0.025285
v -0.013925 0.000991 -0.024678
v -0.013925 0.001112 -0.023987
v -0.013925 0.001649 -0.023537
v -0.013925 0.002351 -0.023537
v -0.013925 0.002888 -0.023987
v -0.013925 0.003009 -0.024678
v -0.013925 0.002659 -0.025285
v -0.013850 -0.009000 -0.061584
v -0.013850 -0.009000 -0.019416
v -0.012250 -0.008600 -0.017250
v -0.012084 -0.009000 -0.017650
v -0.012250 0.024600 -0.017250
v 0.012250 0.024600 -0.017250
v 0.012250 -0.008600 -0.017250
v 0.006650 0.002000 -0.017250
v 0.006966 0.002868 -0.017250
v 0.007766 0.003329 -0.017250
v 0.008675 0.003169 -0.017250
v 0.009269 0.002462 -0.017250
v 0.009269 0.001538 -0.017250
v 0.008675 0.000831 -0.017250
v 0.007766 0.000671 -0.017250
v 0.006966 0.001132 -0.017250
v -0.009350 0.014000 -0.017250
v -0.009034 0.014868 -0.017250
v -0.008234 0.015329 -0.017250
v -0.007325 0.015169 -0.017250
v -0.006731 0.014462 -0.017250
v -0.006731 0.013538 -0.017250
v -0.007325 0.012831 -0.017250
v -0.008234 0.012671 -0.017250
v -0.009034 0.013132 -0.017250
v 0.006650 0.014000 -0.017250
v 0.006966 0.014868 -0.017250
v 0.007766 0.015329 -0.017250
v 0.008675 0.015169 -0.017250
v 0.009269 0.014462 -0.017250
v 0.009269 0.013538 -0.017250
v 0.008675 0.012831 -0.017250
v 0.007766 0.012671 -0.017250
v 0.006966 0.013132 -0.017250
v -0.006650 0.002000 -0.017250
v -0.006966 0.001132 -0.017250
v -0.007766 0.000671 -0.017250
v -0.008675 0.000831 -0.017250
v -0.009269 0.001538 -0.017250
v -0.009269 0.002462 -0.017250
v -0.008675 0.003169 -0.017250
v -0.007766 0.003329 -0.017250
v -0.006966 0.002868 -0.017250
v -0.006975 0.002000 -0.017575
v -0.007215 0.001341 -0.017575
v -0.007822 0.000991 -0.017575
v -0.008512 0.001112 -0.017575
v -0.008963 0.001649 -0.017575
v -0.008963 0.002351 -0.017575
v -0.008512 0.002888 -0.017575
v -0.007822 0.003009 -0.017575
v -0.007215 0.002659 -0.017575
v -0.006975 0.002000 -0.020250
v -0.007215 0.001341 -0.020250
v -0.007822 0.000991 -0.020250
v -0.008512 0.001112 -0.020250
v -0.008963 0.001649 -0.020250
v -0.008963 0.002351 -0.020250
v -0.008512 0.002888 -0.020250
v -0.007822 0.003009 -0.020250
v -0.007215 0.002659 -0.020250
v 0.006975 0.002000 -0.020250
v 0.007215 0.001341 -0.020250
v 0.007822 0.000991 -0.020250
v 0.008513 0.001112 -0.020250
v 0.008963 0.001649 -0.020250
v 0.008963 0.002351 -0.020250
v 0.008513 0.002888 -0.020250
v 0.007822 0.003009 -0.020250
v 0.007215 0.002659 -0.020250
v -0.009025 0.014000 -0.020250
v -0.008785 0.013341 -0.020250
v -0.008178 0.012991 -0.020250
v -0.007487 0.013112 -0.020250
v -0.007037 0.013649 -0.020250
v -0.007037 0.014351 -0.020250
v -0.007487 0.014888 -0.020250
v -0.008178 0.015009 -0.020250
v -0.008785 0.014659 -0.020250
v 0.006975 0.014000 -0.020250
v 0.007215 0.013341 -0.020250
v 0.007822 0.012991 -0.020250
v 0.008513 0.013112 -0.020250
v 0.008963 0.013649 -0.020250
v 0.008963 0.014351 -0.020250
v 0.008513 0.014888 -0.020250
v 0.007822 0.015009 -0.020250
v 0.007215 0.014659 -0.020250
v 0.006975 0.002000 -0.017575
v 0.007215 0.001341 -0.017575
v 0.007822 0.000991 -0.017575
v 0.008513 0.001112 -0.017575
v 0.008963 0.001649 -0.017575
v 0.008963 0.002351 -0.017575
v 0.008513 0.002888 -0.017575
v 0.007822 0.003009 -0.017575
v 0.007215 0.002659 -0.017575
v -0.009025 0.014000 -0.017575
v -0.008785 0.013341 -0.017575
v -0.008178 0.012991 -0.017575
v -0.007487 0.013112 -0.017575
v -0.007037 0.013649 -0.017575
v -0.007037 0.014351 -0.017575
v -0.007487 0.014888 -0.017575
v -0.008178 0.015009 -0.017575
v -0.008785 0.014659 -0.017575
v 0.006975 0.014000 -0.017575
v 0.007215 0.013341 -0.017575
v 0.007822 0.012991 -0.017575
v 0.008513 0.013112 -0.017575
v 0.008963 0.013649 -0.017575
v 0.008963 0.014351 -0.017575
v 0.008513 0.014888 -0.017575
v 0.007822 0.015009 -0.017575
v 0.007215 0.014659 -0.017575
v 0.012084 -0.009000 -0.017650
v 0.014250 -0.008600 -0.019250
v 0.013850 -0.009000 -0.019416
v 0.014250 0.024600 -0.019250
v 0.014250 -0.008600 -0.061750
v 0.014250 0.024600 -0.061750
v 0.014250 0.024600 -0.044500
v 0.014250 0.016500 -0.044500
v 0.014250 0.002000 -0.049850
v 0.014250 0.001132 -0.049534
v 0.014250 0.000671 -0.048734
v 0.014250 0.000831 -0.047825
v 0.014250 0.001538 -0.047231
v 0.014250 0.002462 -0.047231
v 0.014250 0.003169 -0.047825
v 0.014250 0.003329 -0.048734
v 0.014250 0.002868 -0.049534
v 0.014250 0.014000 -0.025850
v 0.014250 0.013132 -0.025534
v 0.014250 0.012671 -0.024734
v 0.014250 0.012831 -0.023825
v 0.014250 0.013538 -0.023231
v 0.014250 0.014462 -0.023231
v 0.014250 0.015169 -0.023825
v 0.014250 0.015329 -0.024734
v 0.014250 0.014868 -0.025534
v 0.014250 0.002000 -0.025850
v 0.014250 0.001132 -0.025534
v 0.014250 0.000671 -0.024734
v 0.014250 0.000831 -0.023825
v 0.014250 0.001538 -0.023231
v 0.014250 0.002462 -0.023231
v 0.014250 0.003169 -0.023825
v 0.014250 0.003329 -0.024734
v 0.014250 0.002868 -0.025534
v 0.014250 0.014000 -0.049850
v 0.014250 0.013132 -0.049534
v 0.014250 0.012671 -0.048734
v 0.014250 0.012831 -0.047825
v 0.014250 0.013538 -0.047231
v 0.014250 0.014462 -0.047231
v 0.014250 0.015169 -0.047825
v 0.014250 0.015329 -0.048734
v 0.014250 0.014868 -0.049534
v 0.013925 0.014000 -0.049525
v 0.013925 0.013341 -0.049285
v 0.013925 0.012991 -0.048678
v 0.013925 0.013112 -0.047987
v 0.013925 0.013649 -0.047537
v 0.013925 0.014351 -0.047537
v 0.013925 0.014888 -0.047987
v 0.013925 0.015009 -0.048678
v 0.013925 0.014659 -0.049285
v 0.011250 0.014000 -0.049525
v 0.011250 0.013341 -0.049285
v 0.011250 0.012991 -0.048678
v 0.011250 0.013112 -0.047987
v 0.011250 0.013649 -0.047537
v 0.011250 0.014351 -0.047537
v 0.011250 0.014888 -0.047987
v 0.011250 0.015009 -0.048678
v 0.011250 0.014659 -0.049285
v 0.011250 0.002000 -0.047475
v 0.011250 0.001341 -0.047715
v 0.011250 0.000991 -0.048322
v 0.011250 0.001112 -0.049012
v 0.011250 0.001649 -0.049463
v 0.011250 0.002351 -0.049463
v 0.011250 0.002888 -0.049012
v 0.011250 0.003009 -0.048322
v 0.011250 0.002659 -0.047715
v 0.011250 0.014000 -0.023475
v 0.011250 0.013341 -0.023715
v 0.011250 0.012991 -0.024322
v 0.011250 0.013112 -0.025012
v 0.011250 0.013649 -0.025463
v 0.011250 0.014351 -0.025463
v 0.011250 0.014888 -0.025012
v 0.011250 0.015009 -0.024322
v 0.011250 0.014659 -0.023715
v 0.011250 0.002000 -0.023475
v 0.011250 0.001341 -0.023715
v 0.011250 0.000991 -0.024322
v 0.011250 0.001112 -0.025012
v 0.011250 0.001649 -0.025463
v 0.011250 0.002351 -0.025463
v 0.011250 0.002888 -0.025012
v 0.011250 0.003009 -0.024322
v 0.011250 0.002659 -0.023715
v 0.013925 0.002000 -0.047475
v 0.013925 0.001341 -0.047715
v 0.013925 0.000991 -0.048322
v 0.013925 0.001112 -0.049012
v 0.013925 0.001649 -0.049463
v 0.013925 0.002351 -0.049463
v 0.013925 0.002888 -0.049012
v 0.013925 0.003009 -0.048322
v 0.013925 0.002659 -0.047715
v 0.013925 0.014000 -0.023475
v 0.013925 0.013341 -0.023715
v 0.013925 0.012991 -0.024322
v 0.013925 0.013112 -0.025012
v 0.013925 0.013649 -0.025463
v 0.013925 0.014351 -0.025463
v 0.013925 0.014888 -0.025012
v 0.013925 0.015009 -0.024322
v 0.013925 0.014659 -0.023715
v 0.013925 0.002000 -0.023475
v 0.013925 0.001341 -0.023715
v 0.013925 0.000991 -0.024322
v 0.013925 0.001112 -0.025012
v 0.013925 0.001649 -0.025463
v 0.013925 0.002351 -0.025463
v 0.013925 0.002888 -0.025012
v 0.013925 0.003009 -0.024322
v 0.013925 0.002659 -0.023715
v 0.013850 -0.009000 -0.061584
v 0.012084 -0.009000 -0.063350
v 0.012250 -0.008600 -0.063750
v -0.012084 -0.009000 -0.063350
v 0.008600 -0.009000 -0.060500
v 0.009161 -0.009000 -0.058957
v 0.010583 -0.009000 -0.058136
v 0.012200 -0.009000 -0.058422
v 0.013255 -0.009000 -0.059679
v 0.013255 -0.009000 -0.061321
v 0.012200 -0.009000 -0.062578
v 0.010583 -0.009000 -0.062864
v 0.009161 -0.009000 -0.062043
v -0.013400 -0.009000 -0.020500
v -0.012839 -0.009000 -0.018957
v -0.011417 -0.009000 -0.018136
v -0.009800 -0.009000 -0.018422
v -0.008745 -0.009000 -0.019679
v -0.008745 -0.009000 -0.021321
v -0.009800 -0.009000 -0.022578
v -0.011417 -0.009000 -0.022864
v -0.012839 -0.009000 -0.022043
v 0.008600 -0.009000 -0.020500
v 0.009161 -0.009000 -0.018957
v 0.010583 -0.009000 -0.018136
v 0.012200 -0.009000 -0.018422
v 0.013255 -0.009000 -0.019679
v 0.013255 -0.009000 -0.021321
v 0.012200 -0.009000 -0.022578
v 0.010583 -0.009000 -0.022864
v 0.009161 -0.009000 -0.022043
v -0.009650 -0.009000 -0.044500
v -0.009966 -0.009000 -0.045368
v -0.010766 -0.009000 -0.045829
v -0.011675 -0.009000 -0.045669
v -0.012269 -0.009000 -0.044962
v -0.012269 -0.009000 -0.044038
v -0.011675 -0.009000 -0.043331
v -0.010766 -0.009000 -0.043171
v -0.009966 -0.009000 -0.043632
v 0.012350 -0.009000 -0.044500
v 0.012034 -0.009000 -0.045368
v 0.011234 -0.009000 -0.045829
v 0.010325 -0.009000 -0.045669
v 0.009731 -0.009000 -0.044962
v 0.009731 -0.009000 -0.044038
v 0.010325 -0.009000 -0.043331
v 0.011234 -0.009000 -0.043171
v 0.012034 -0.009000 -0.043632
v -0.013400 -0.009000 -0.060500
v -0.012839 -0.009000 -0.058957
v -0.011417 -0.009000 -0.058136
v -0.009800 -0.009000 -0.058422
v -0.008745 -0.009000 -0.059679
v -0.008745 -0.009000 -0.061321
v -0.009800 -0.009000 -0.062578
v -0.011417 -0.009000 -0.062864
v -0.012839 -0.009000 -0.062043
v 0.000000 -0.009000 -0.062250
v -0.006267 -0.009000 -0.059969
v -0.009602 -0.009000 -0.054193
v -0.008444 -0.009000 -0.047625
v -0.003335 -0.009000 -0.043338
v 0.003335 -0.009000 -0.043338
v 0.008444 -0.009000 -0.047625
v 0.009602 -0.009000 -0.054193
v 0.006267 -0.009000 -0.059969
v -0.013400 -0.006200 -0.060500
v -0.012839 -0.006200 -0.058957
v -0.011417 -0.006200 -0.058136
v -0.009800 -0.006200 -0.058422
v -0.008745 -0.006200 -0.059679
v -0.008745 -0.006200 -0.061321
v -0.009800 -0.006200 -0.062578
v -0.011417 -0.006200 -0.062864
v -0.012839 -0.006200 -0.062043
v -0.012300 -0.006200 -0.060500
v -0.011996 -0.006200 -0.059664
v -0.011226 -0.006200 -0.059220
v -0.010350 -0.006200 -0.059374
v -0.009778 -0.006200 -0.060055
v -0.009778 -0.006200 -0.060945
v -0.010350 -0.006200 -0.061626
v -0.011226 -0.006200 -0.061780
v -0.011996 -0.006200 -0.061336
v 0.008600 -0.006200 -0.060500
v 0.009161 -0.006200 -0.062043
v 0.010583 -0.006200 -0.062864
v 0.012200 -0.006200 -0.062578
v 0.013255 -0.006200 -0.061321
v 0.013255 -0.006200 -0.059679
v 0.012200 -0.006200 -0.058422
v 0.010583 -0.006200 -0.058136
v 0.009161 -0.006200 -0.058957
v 0.009700 -0.006200 -0.060500
v 0.010004 -0.006200 -0.059664
v 0.010774 -0.006200 -0.059220
v 0.011650 -0.006200 -0.059374
v 0.012222 -0.006200 -0.060055
v 0.012222 -0.006200 -0.060945
v 0.011650 -0.006200 -0.061626
v 0.010774 -0.006200 -0.061780
v 0.010004 -0.006200 -0.061336
v -0.013400 -0.006200 -0.020500
v -0.012839 -0.006200 -0.022043
v -0.011417 -0.006200 -0.022864
v -0.009800 -0.006200 -0.022578
v -0.008745 -0.006200 -0.021321
v -0.008745 -0.006200 -0.019679
v -0.009800 -0.006200 -0.018422
v -0.011417 -0.006200 -0.018136
v -0.012839 -0.006200 -0.018957
v -0.012300 -0.006200 -0.020500
v -0.011996 -0.006200 -0.019664
v -0.011226 -0.006200 -0.019220
v -0.010350 -0.006200 -0.019374
v -0.009778 -0.006200 -0.020055
v -0.009778 -0.006200 -0.020945
v -0.010350 -0.006200 -0.021626
v -0.011226 -0.006200 -0.021780
v -0.011996 -0.006200 -0.021336
v 0.008600 -0.006200 -0.020500
v 0.009161 -0.006200 -0.022043
v 0.010583 -0.006200 -0.022864
v 0.012200 -0.006200 -0.022578
v 0.013255 -0.006200 -0.021321
v 0.013255 -0.006200 -0.019679
v 0.012200 -0.006200 -0.018422
v 0.010583 -0.006200 -0.018136
v 0.009161 -0.006200 -0.018957
v 0.009700 -0.006200 -0.020500
v 0.010004 -0.006200 -0.019664
v 0.010774 -0.006200 -0.019220
v 0.011650 -0.006200 -0.019374
v 0.012222 -0.006200 -0.020055
v 0.012222 -0.006200 -0.020945
v 0.011650 -0.006200 -0.021626
v 0.010774 -0.006200 -0.021780
v 0.010004 -0.006200 -0.021336
v -0.012300 -0.002000 -0.060500
v -0.011996 -0.002000 -0.059664
v -0.011226 -0.002000 -0.059220
v -0.010350 -0.002000 -0.059374
v -0.009778 -0.002000 -0.060055
v -0.009778 -0.002000 -0.060945
v -0.010350 -0.002000 -0.061626
v -0.011226 -0.002000 -0.061780
v -0.011996 -0.002000 -0.061336
v -0.012350 -0.002000 -0.060500
v -0.012034 -0.002000 -0.059632
v -0.011234 -0.002000 -0.059171
v -0.010325 -0.002000 -0.059331
v -0.009731 -0.002000 -0.060038
v -0.009731 -0.002000 -0.060962
v -0.010325 -0.002000 -0.061669
v -0.011234 -0.002000 -0.061829
v -0.012034 -0.002000 -0.061368
v -0.012025 -0.001675 -0.060500
v -0.011785 -0.001675 -0.059841
v -0.011178 -0.001675 -0.059491
v -0.010488 -0.001675 -0.059612
v -0.010037 -0.001675 -0.060149
v -0.010037 -0.001675 -0.060851
v -0.010488 -0.001675 -0.061388
v -0.011178 -0.001675 -0.061509
v -0.011785 -0.001675 -0.061159
v -0.012025 0.006500 -0.060500
v -0.011785 0.006500 -0.059841
v -0.011178 0.006500 -0.059491
v -0.010487 0.006500 -0.059612
v -0.010037 0.006500 -0.060149
v -0.010037 0.006500 -0.060851
v -0.010487 0.006500 -0.061388
v -0.011178 0.006500 -0.061509
v -0.011785 0.006500 -0.061159
v -0.011000 0.007116 -0.060500
v 0.009700 -0.002000 -0.060500
v 0.010004 -0.002000 -0.059664
v 0.010774 -0.002000 -0.059220
v 0.011650 -0.002000 -0.059374
v 0.012222 -0.002000 -0.060055
v 0.012222 -0.002000 -0.060945
v 0.011650 -0.002000 -0.061626
v 0.010774 -0.002000 -0.061780
v 0.010004 -0.002000 -0.061336
v 0.009650 -0.002000 -0.060500
v 0.009966 -0.002000 -0.059632
v 0.010766 -0.002000 -0.059171
v 0.011675 -0.002000 -0.059331
v 0.012269 -0.002000 -0.060038
v 0.012269 -0.002000 -0.060962
v 0.011675 -0.002000 -0.061669
v 0.010766 -0.002000 -0.061829
v 0.009966 -0.002000 -0.061368
v 0.009975 -0.001675 -0.060500
v 0.010215 -0.001675 -0.059841
v 0.010822 -0.001675 -0.059491
v 0.011512 -0.001675 -0.059612
v 0.011963 -0.001675 -0.060149
v 0.011963 -0.001675 -0.060851
v 0.011512 -0.001675 -0.061388
v 0.010822 -0.001675 -0.061509
v 0.010215 -0.001675 -0.061159
v 0.009975 0.006500 -0.060500
v 0.010215 0.006500 -0.059841
v 0.010822 0.006500 -0.059491
v 0.011513 0.006500 -0.059612
v 0.011963 0.006500 -0.060149
v 0.011963 0.006500 -0.060851
v 0.011513 0.006500 -0.061388
v 0.010822 0.006500 -0.061509
v 0.010215 0.006500 -0.061159
v 0.011000 0.007116 -0.060500
v -0.012300 -0.002000 -0.020500
v -0.011996 -0.002000 -0.019664
v -0.011226 -0.002000 -0.019220
v -0.010350 -0.002000 -0.019374
v -0.009778 -0.002000 -0.020055
v -0.009778 -0.002000 -0.020945
v -0.010350 -0.002000 -0.021626
v -0.011226 -0.002000 -0.021780
v -0.011996 -0.002000 -0.021336
v -0.012350 -0.002000 -0.020500
v -0.012034 -0.002000 -0.019632
v -0.011234 -0.002000 -0.019171
v -0.010325 -0.002000 -0.019331
v -0.009731 -0.002000 -0.020038
v -0.009731 -0.002000 -0.020962
v -0.010325 -0.002000 -0.021669
v -0.011234 -0.002000 -0.021829
v -0.012034 -0.002000 -0.021368
v -0.012025 -0.001675 -0.020500
v -0.011785 -0.001675 -0.019841
v -0.011178 -0.001675 -0.019491
v -0.010488 -0.001675 -0.019612
v -0.010037 -0.001675 -0.020149
v -0.010037 -0.001675 -0.020851
v -0.010488 -0.001675 -0.021388
v -0.011178 -0.001675 -0.021509
v -0.011785 -0.001675 -0.021159
v -0.012025 0.006500 -0.020500
v -0.011785 0.006500 -0.019841
v -0.011178 0.006500 -0.019491
v -0.010487 0.006500 -0.019612
v -0.010037 0.006500 -0.020149
v -0.010037 0.006500 -0.020851
v -0.010487 0.006500 -0.021388
v -0.011178 0.006500 -0.021509
v -0.011785 0.006500 -0.021159
v -0.011000 0.007116 -0.020500
v 0.009700 -0.002000 -0.020500
v 0.010004 -0.002000 -0.019664
v 0.010774 -0.002000 -0.019220
v 0.011650 -0.002000 -0.019374
v 0.012222 -0.002000 -0.020055
v 0.012222 -0.002000 -0.020945
v 0.011650 -0.002000 -0.021626
v 0.010774 -0.002000 -0.021780
v 0.010004 -0.002000 -0.021336
v 0.009650 -0.002000 -0.020500
v 0.009966 -0.002000 -0.019632
v 0.010766 -0.002000 -0.019171
v 0.011675 -0.002000 -0.019331
v 0.012269 -0.002000 -0.020038
v 0.012269 -0.002000 -0.020962
v 0.011675 -0.002000 -0.021669
v 0.010766 -0.002000 -0.021829
v 0.009966 -0.002000 -0.021368
v 0.009975 -0.001675 -0.020500
v 0.010215 -0.001675 -0.019841
v 0.010822 -0.001675 -0.019491
v 0.011512 -0.001675 -0.019612
v 0.011963 -0.001675 -0.020149
v 0.011963 -0.001675 -0.020851
v 0.011512 -0.001675 -0.021388
v 0.010822 -0.001675 -0.021509
v 0.010215 -0.001675 -0.021159
v 0.009975 0.006500 -0.020500
v 0.010215 0.006500 -0.019841
v 0.010822 0.006500 -0.019491
v 0.011513 0.006500 -0.019612
v 0.011963 0.006500 -0.020149
v 0.011963 0.006500 -0.020851
v 0.011513 0.006500 -0.021388
v 0.010822 0.006500 -0.021509
v 0.010215 0.006500 -0.021159
v 0.011000 0.007116 -0.020500
v -0.009975 -0.008675 -0.044500
v -0.010215 -0.008675 -0.045159
v -0.010822 -0.008675 -0.045509
v -0.011513 -0.008675 -0.045388
v -0.011963 -0.008675 -0.044851
v -0.011963 -0.008675 -0.044149
v -0.011513 -0.008675 -0.043612
v -0.010822 -0.008675 -0.043491
v -0.010215 -0.008675 -0.043841
v -0.009975 -0.006000 -0.044500
v -0.010215 -0.006000 -0.045159
v -0.010822 -0.006000 -0.045509
v -0.011513 -0.006000 -0.045388
v -0.011963 -0.006000 -0.044851
v -0.011963 -0.006000 -0.044149
v -0.011513 -0.006000 -0.043612
v -0.010822 -0.006000 -0.043491
v -0.010215 -0.006000 -0.043841
v 0.009975 -0.006000 -0.044500
v 0.010215 -0.006000 -0.045159
v 0.010822 -0.006000 -0.045509
v 0.011512 -0.006000 -0.045388
v 0.011963 -0.006000 -0.044851
v 0.011963 -0.006000 -0.044149
v 0.011512 -0.006000 -0.043612
v 0.010822 -0.006000 -0.043491
v 0.010215 -0.006000 -0.043841
v 0.009975 -0.008675 -0.044500
v 0.010215 -0.008675 -0.045159
v 0.010822 -0.008675 -0.045509
v 0.011512 -0.008675 -0.045388
v 0.011963 -0.008675 -0.044851
v 0.011963 -0.008675 -0.044149
v 0.011512 -0.008675 -0.043612
v 0.010822 -0.008675 -0.043491
v 0.010215 -0.008675 -0.043841
v -0.012250 -0.008600 -0.063750
v -0.012250 0.024600 -0.063750
v -0.003500 0.024600 -0.063750
v -0.003500 0.021500 -0.063750
v 0.003500 0.021500 -0.063750
v 0.003500 0.024600 -0.063750
v 0.012250 0.024600 -0.063750
v -0.009350 0.002000 -0.063750
v -0.009034 0.001132 -0.063750
v -0.008234 0.000671 -0.063750
v -0.007325 0.000831 -0.063750
v -0.006731 0.001538 -0.063750
v -0.006731 0.002462 -0.063750
v -0.007325 0.003169 -0.063750
v -0.008234 0.003329 -0.063750
v -0.009034 0.002868 -0.063750
v 0.006650 0.002000 -0.063750
v 0.006966 0.001132 -0.063750
v 0.007766 0.000671 -0.063750
v 0.008675 0.000831 -0.063750
v 0.009269 0.001538 -0.063750
v 0.009269 0.002462 -0.063750
v 0.008675 0.003169 -0.063750
v 0.007766 0.003329 -0.063750
v 0.006966 0.002868 -0.063750
v 0.005573 0.023000 -0.044500
v -0.005573 0.023000 -0.044500
v -0.005573 0.024000 -0.044500
v -0.005650 0.024000 -0.044500
v -0.009400 0.016500 -0.044500
v -0.009400 0.021400 -0.044500
v -0.009000 0.021800 -0.044500
v 0.009000 0.021800 -0.044500
v 0.009400 0.021400 -0.044500
v 0.009400 0.016500 -0.044500
v 0.005650 0.024000 -0.044500
v 0.005573 0.024000 -0.044500
v 0.001964 0.023000 -0.042950
v -0.001964 0.023000 -0.042950
v 0.002400 0.023000 -0.061950
v -0.002400 0.023000 -0.061950
v -0.001965 0.023000 -0.062050
v 0.001965 0.023000 -0.062050
v -0.000000 0.026800 -0.042750
v -0.006267 0.026800 -0.045031
v -0.009602 0.026800 -0.050807
v -0.008444 0.026800 -0.057375
v -0.003335 0.026800 -0.061662
v 0.003335 0.026800 -0.061662
v 0.008444 0.026800 -0.057375
v 0.009602 0.026800 -0.050807
v 0.006267 0.026800 -0.045031
v 0.001965 0.025000 -0.062050
v 0.000659 0.025000 -0.062228
v -0.000659 0.025000 -0.062228
v -0.001965 0.025000 -0.062050
v -0.005650 0.024000 -0.044554
v 0.005650 0.024000 -0.044554
v -0.000000 0.027000 -0.062050
v 0.006139 0.027000 -0.059816
v 0.009405 0.027000 -0.054158
v 0.009548 0.027000 -0.052299
v 0.008271 0.027000 -0.047725
v 0.006609 0.027000 -0.045607
v 0.003266 0.027000 -0.043526
v -0.000201 0.027000 -0.042952
v -0.003266 0.027000 -0.043526
v -0.006893 0.027000 -0.045891
v -0.008271 0.027000 -0.047725
v -0.009405 0.027000 -0.054158
v -0.006139 0.027000 -0.059816
v 0.003400 0.025000 -0.062050
v 0.003400 0.025000 -0.063350
v -0.003400 0.025000 -0.063350
v -0.003400 0.025000 -0.062050
v -0.003400 0.021600 -0.062050
v 0.003400 0.021600 -0.062050
v 0.003400 0.024600 -0.063750
v 0.003400 0.021600 -0.063750
v -0.003400 0.024600 -0.063750
v -0.003400 0.021600 -0.063750
v 0.003500 0.021500 -0.061950
v -0.003500 0.021500 -0.061950
v -0.001100 0.027000 -0.060500
v -0.000843 0.027000 -0.061207
v -0.000191 0.027000 -0.061583
v 0.000550 0.027000 -0.061453
v 0.001034 0.027000 -0.060876
v 0.001034 0.027000 -0.060124
v 0.000550 0.027000 -0.059547
v -0.000191 0.027000 -0.059417
v -0.000843 0.027000 -0.059793
v -0.004879 0.027000 -0.058935
v -0.004561 0.027000 -0.058253
v -0.004756 0.027000 -0.057526
v -0.005372 0.027000 -0.057094
v -0.006122 0.027000 -0.057160
v -0.006654 0.027000 -0.057692
v -0.006719 0.027000 -0.058442
v -0.006288 0.027000 -0.059058
v -0.005561 0.027000 -0.059253
v -0.008000 0.027000 -0.053600
v -0.007293 0.027000 -0.053343
v -0.006917 0.027000 -0.052691
v -0.007047 0.027000 -0.051950
v -0.007624 0.027000 -0.051466
v -0.008376 0.027000 -0.051466
v -0.008953 0.027000 -0.051950
v -0.009083 0.027000 -0.052691
v -0.008707 0.027000 -0.053343
v -0.006435 0.027000 -0.047621
v -0.005753 0.027000 -0.047939
v -0.005026 0.027000 -0.047744
v -0.004594 0.027000 -0.047128
v -0.004660 0.027000 -0.046378
v -0.005192 0.027000 -0.045846
v -0.005942 0.027000 -0.045781
v -0.006558 0.027000 -0.046212
v -0.006753 0.027000 -0.046939
v -0.001100 0.027000 -0.044500
v -0.000843 0.027000 -0.045207
v -0.000191 0.027000 -0.045583
v 0.000550 0.027000 -0.045453
v 0.001034 0.027000 -0.044876
v 0.001034 0.027000 -0.044124
v 0.000550 0.027000 -0.043547
v -0.000191 0.027000 -0.043417
v -0.000843 0.027000 -0.043793
v 0.004879 0.027000 -0.046065
v 0.004561 0.027000 -0.046747
v 0.004756 0.027000 -0.047474
v 0.005372 0.027000 -0.047906
v 0.006122 0.027000 -0.047840
v 0.006654 0.027000 -0.047308
v 0.006719 0.027000 -0.046558
v 0.006288 0.027000 -0.045942
v 0.005561 0.027000 -0.045747
v 0.008000 0.027000 -0.051400
v 0.007293 0.027000 -0.051657
v 0.006917 0.027000 -0.052309
v 0.007047 0.027000 -0.053050
v 0.007624 0.027000 -0.053534
v 0.008376 0.027000 -0.053534
v 0.008953 0.027000 -0.053050
v 0.009083 0.027000 -0.052309
v 0.008707 0.027000 -0.051657
v 0.006435 0.027000 -0.057379
v 0.005753 0.027000 -0.057061
v 0.005026 0.027000 -0.057256
v 0.004594 0.027000 -0.057872
v 0.004660 0.027000 -0.058622
v 0.005192 0.027000 -0.059154
v 0.005942 0.027000 -0.059219
v 0.006558 0.027000 -0.058788
v 0.006753 0.027000 -0.058061
v -0.000000 0.027000 -0.046400
v -0.003921 0.027000 -0.047827
v -0.006007 0.027000 -0.051441
v -0.005283 0.027000 -0.055550
v -0.002086 0.027000 -0.058232
v 0.002086 0.027000 -0.058232
v 0.005283 0.027000 -0.055550
v 0.006007 0.027000 -0.051441
v 0.003921 0.027000 -0.047827
v -0.000000 0.026500 -0.046400
v -0.003921 0.026500 -0.047827
v -0.006007 0.026500 -0.051441
v -0.005283 0.026500 -0.055550
v -0.002086 0.026500 -0.058232
v 0.002086 0.026500 -0.058232
v 0.005283 0.026500 -0.055550
v 0.006007 0.026500 -0.051441
v 0.003921 0.026500 -0.047827
v -0.000000 0.026500 -0.057550
v 0.003246 0.026500 -0.056369
v 0.004973 0.026500 -0.053377
v 0.004373 0.026500 -0.049975
v 0.001727 0.026500 -0.047755
v -0.001727 0.026500 -0.047755
v -0.004373 0.026500 -0.049975
v -0.004973 0.026500 -0.053377
v -0.003246 0.026500 -0.056369
v -0.000000 0.026200 -0.057250
v 0.003053 0.026200 -0.056139
v 0.004678 0.026200 -0.053325
v 0.004114 0.026200 -0.050125
v 0.001625 0.026200 -0.048036
v -0.001625 0.026200 -0.048036
v -0.004114 0.026200 -0.050125
v -0.004678 0.026200 -0.053325
v -0.003053 0.026200 -0.056139
v -0.000800 0.026700 -0.060500
v -0.000613 0.026700 -0.061014
v -0.000139 0.026700 -0.061288
v 0.000400 0.026700 -0.061193
v 0.000752 0.026700 -0.060774
v 0.000752 0.026700 -0.060226
v 0.000400 0.026700 -0.059807
v -0.000139 0.026700 -0.059712
v -0.000613 0.026700 -0.059986
v -0.000800 0.025000 -0.060500
v -0.000613 0.025000 -0.061014
v -0.000139 0.025000 -0.061288
v 0.000400 0.025000 -0.061193
v 0.000752 0.025000 -0.060774
v 0.000752 0.025000 -0.060226
v 0.000400 0.025000 -0.059807
v -0.000139 0.025000 -0.059712
v -0.000613 0.025000 -0.059986
v -0.005091 0.025000 -0.058723
v -0.005587 0.025000 -0.058954
v -0.006116 0.025000 -0.058812
v -0.006430 0.025000 -0.058364
v -0.006382 0.025000 -0.057819
v -0.005995 0.025000 -0.057432
v -0.005450 0.025000 -0.057384
v -0.005002 0.025000 -0.057698
v -0.004860 0.025000 -0.058227
v -0.008000 0.025000 -0.053300
v -0.008514 0.025000 -0.053113
v -0.008788 0.025000 -0.052639
v -0.008693 0.025000 -0.052100
v -0.008274 0.025000 -0.051748
v -0.007726 0.025000 -0.051748
v -0.007307 0.025000 -0.052100
v -0.007212 0.025000 -0.052639
v -0.007486 0.025000 -0.053113
v -0.006223 0.025000 -0.047409
v -0.006454 0.025000 -0.046913
v -0.006312 0.025000 -0.046384
v -0.005864 0.025000 -0.046070
v -0.005319 0.025000 -0.046118
v -0.004932 0.025000 -0.046505
v -0.004884 0.025000 -0.047050
v -0.005198 0.025000 -0.047498
v -0.005727 0.025000 -0.047640
v -0.000800 0.025000 -0.044500
v -0.000613 0.025000 -0.043986
v -0.000139 0.025000 -0.043712
v 0.000400 0.025000 -0.043807
v 0.000752 0.025000 -0.044226
v 0.000752 0.025000 -0.044774
v 0.000400 0.025000 -0.045193
v -0.000139 0.025000 -0.045288
v -0.000613 0.025000 -0.045014
v 0.005091 0.025000 -0.046277
v 0.005587 0.025000 -0.046046
v 0.006116 0.025000 -0.046188
v 0.006430 0.025000 -0.046636
v 0.006382 0.025000 -0.047181
v 0.005995 0.025000 -0.047568
v 0.005450 0.025000 -0.047616
v 0.005002 0.025000 -0.047302
v 0.004860 0.025000 -0.046773
v 0.008000 0.025000 -0.051700
v 0.008514 0.025000 -0.051887
v 0.008788 0.025000 -0.052361
v 0.008693 0.025000 -0.052900
v 0.008274 0.025000 -0.053252
v 0.007726 0.025000 -0.053252
v 0.007307 0.025000 -0.052900
v 0.007212 0.025000 -0.052361
v 0.007486 0.025000 -0.051887
v 0.006223 0.025000 -0.057591
v 0.006454 0.025000 -0.058087
v 0.006312 0.025000 -0.058616
v 0.005864 0.025000 -0.058930
v 0.005319 0.025000 -0.058882
v 0.004932 0.025000 -0.058495
v 0.004884 0.025000 -0.057950
v 0.005198 0.025000 -0.057502
v 0.005727 0.025000 -0.057360
v -0.005091 0.026700 -0.058723
v -0.005587 0.026700 -0.058954
v -0.006116 0.026700 -0.058812
v -0.006430 0.026700 -0.058364
v -0.006382 0.026700 -0.057819
v -0.005995 0.026700 -0.057432
v -0.005450 0.026700 -0.057384
v -0.005002 0.026700 -0.057698
v -0.004860 0.026700 -0.058227
v -0.008000 0.026700 -0.053300
v -0.008514 0.026700 -0.053113
v -0.008788 0.026700 -0.052639
v -0.008693 0.026700 -0.052100
v -0.008274 0.026700 -0.051748
v -0.007726 0.026700 -0.051748
v -0.007307 0.026700 -0.052100
v -0.007212 0.026700 -0.052639
v -0.007486 0.026700 -0.053113
v -0.006223 0.026700 -0.047409
v -0.006454 0.026700 -0.046913
v -0.006312 0.026700 -0.046384
v -0.005864 0.026700 -0.046070
v -0.005319 0.026700 -0.046118
v -0.004932 0.026700 -0.046505
v -0.004884 0.026700 -0.047050
v -0.005198 0.026700 -0.047498
v -0.005727 0.026700 -0.047640
v -0.000800 0.026700 -0.044500
v -0.000613 0.026700 -0.043986
v -0.000139 0.026700 -0.043712
v 0.000400 0.026700 -0.043807
v 0.000752 0.026700 -0.044226
v 0.000752 0.026700 -0.044774
v 0.000400 0.026700 -0.045193
v -0.000139 0.026700 -0.045288
v -0.000613 0.026700 -0.045014
v 0.005091 0.026700 -0.046277
v 0.005587 0.026700 -0.046046
v 0.006116 0.026700 -0.046188
v 0.006430 0.026700 -0.046636
v 0.006382 0.026700 -0.047181
v 0.005995 0.026700 -0.047568
v 0.005450 0.026700 -0.047616
v 0.005002 0.026700 -0.047302
v 0.004860 0.026700 -0.046773
v 0.008000 0.026700 -0.051700
v 0.008514 0.026700 -0.051887
v 0.008788 0.026700 -0.052361
v 0.008693 0.026700 -0.052900
v 0.008274 0.026700 -0.053252
v 0.007726 0.026700 -0.053252
v 0.007307 0.026700 -0.052900
v 0.007212 0.026700 -0.052361
v 0.007486 0.026700 -0.051887
v 0.006223 0.026700 -0.057591
v 0.006454 0.026700 -0.058087
v 0.006312 0.026700 -0.058616
v 0.005864 0.026700 -0.058930
v 0.005319 0.026700 -0.058882
v 0.004932 0.026700 -0.058495
v 0.004884 0.026700 -0.057950
v 0.005198 0.026700 -0.057502
v 0.005727 0.026700 -0.057360
v 0.009400 0.021400 -0.033700
v 0.009000 0.021800 -0.034100
v 0.006100 0.021800 -0.037000
v -0.009000 0.021800 -0.034100
v -0.006100 0.021800 -0.037000
v -0.009400 0.021400 -0.033700
v -0.009025 0.002000 -0.063425
v -0.008785 0.001341 -0.063425
v -0.008178 0.000991 -0.063425
v -0.007487 0.001112 -0.063425
v -0.007037 0.001649 -0.063425
v -0.007037 0.002351 -0.063425
v -0.007487 0.002888 -0.063425
v -0.008178 0.003009 -0.063425
v -0.008785 0.002659 -0.063425
v -0.009025 0.002000 -0.060750
v -0.008785 0.001341 -0.060750
v -0.008178 0.000991 -0.060750
v -0.007487 0.001112 -0.060750
v -0.007037 0.001649 -0.060750
v -0.007037 0.002351 -0.060750
v -0.007487 0.002888 -0.060750
v -0.008178 0.003009 -0.060750
v -0.008785 0.002659 -0.060750
v 0.009025 0.002000 -0.060750
v 0.008785 0.001341 -0.060750
v 0.008178 0.000991 -0.060750
v 0.007488 0.001112 -0.060750
v 0.007037 0.001649 -0.060750
v 0.007037 0.002351 -0.060750
v 0.007488 0.002888 -0.060750
v 0.008178 0.003009 -0.060750
v 0.008785 0.002659 -0.060750
v 0.009025 0.002000 -0.063425
v 0.008785 0.001341 -0.063425
v 0.008178 0.000991 -0.063425
v 0.007488 0.001112 -0.063425
v 0.007037 0.001649 -0.063425
v 0.007037 0.002351 -0.063425
v 0.007488 0.002888 -0.063425
v 0.008178 0.003009 -0.063425
v 0.008785 0.002659 -0.063425
v 0.000000 -0.010800 -0.062250
v -0.006267 -0.010800 -0.059969
v -0.009602 -0.010800 -0.054193
v -0.008444 -0.010800 -0.047625
v -0.003335 -0.010800 -0.043338
v 0.003335 -0.010800 -0.043338
v 0.008444 -0.010800 -0.047625
v 0.009602 -0.010800 -0.054193
v 0.006267 -0.010800 -0.059969
v 0.000000 -0.011000 -0.062050
v -0.006139 -0.011000 -0.059816
v -0.009405 -0.011000 -0.054158
v -0.009548 -0.011000 -0.052299
v -0.008271 -0.011000 -0.047725
v -0.006609 -0.011000 -0.045607
v -0.003266 -0.011000 -0.043526
v 0.000201 -0.011000 -0.042952
v 0.003266 -0.011000 -0.043526
v 0.006893 -0.011000 -0.045891
v 0.008271 -0.011000 -0.047725
v 0.009405 -0.011000 -0.054158
v 0.006139 -0.011000 -0.059816
v 0.001100 -0.011000 -0.060500
v 0.000843 -0.011000 -0.061207
v 0.000191 -0.011000 -0.061583
v -0.000550 -0.011000 -0.061453
v -0.001034 -0.011000 -0.060876
v -0.001034 -0.011000 -0.060124
v -0.000550 -0.011000 -0.059547
v 0.000191 -0.011000 -0.059417
v 0.000843 -0.011000 -0.059793
v 0.004879 -0.011000 -0.058935
v 0.004561 -0.011000 -0.058253
v 0.004756 -0.011000 -0.057526
v 0.005372 -0.011000 -0.057094
v 0.006122 -0.011000 -0.057160
v 0.006654 -0.011000 -0.057692
v 0.006719 -0.011000 -0.058442
v 0.006288 -0.011000 -0.059058
v 0.005561 -0.011000 -0.059253
v 0.008000 -0.011000 -0.053600
v 0.007293 -0.011000 -0.053343
v 0.006917 -0.011000 -0.052691
v 0.007047 -0.011000 -0.051950
v 0.007624 -0.011000 -0.051466
v 0.008376 -0.011000 -0.051466
v 0.008953 -0.011000 -0.051950
v 0.009083 -0.011000 -0.052691
v 0.008707 -0.011000 -0.053343
v 0.006435 -0.011000 -0.047621
v 0.005753 -0.011000 -0.047939
v 0.005026 -0.011000 -0.047744
v 0.004594 -0.011000 -0.047128
v 0.004660 -0.011000 -0.046378
v 0.005192 -0.011000 -0.045846
v 0.005942 -0.011000 -0.045781
v 0.006558 -0.011000 -0.046212
v 0.006753 -0.011000 -0.046939
v 0.001100 -0.011000 -0.044500
v 0.000843 -0.011000 -0.045207
v 0.000191 -0.011000 -0.045583
v -0.000550 -0.011000 -0.045453
v -0.001034 -0.011000 -0.044876
v -0.001034 -0.011000 -0.044124
v -0.000550 -0.011000 -0.043547
v 0.000191 -0.011000 -0.043417
v 0.000843 -0.011000 -0.043793
v -0.004879 -0.011000 -0.046065
v -0.004561 -0.011000 -0.046747
v -0.004756 -0.011000 -0.047474
v -0.005372 -0.011000 -0.047906
v -0.006122 -0.011000 -0.047840
v -0.006654 -0.011000 -0.047308
v -0.006719 -0.011000 -0.046558
v -0.006288 -0.011000 -0.045942
v -0.005561 -0.011000 -0.045747
v -0.008000 -0.011000 -0.051400
v -0.007293 -0.011000 -0.051657
v -0.006917 -0.011000 -0.052309
v -0.007047 -0.011000 -0.053050
v -0.007624 -0.011000 -0.053534
v -0.008376 -0.011000 -0.053534
v -0.008953 -0.011000 -0.053050
v -0.009083 -0.011000 -0.052309
v -0.008707 -0.011000 -0.051657
v -0.006435 -0.011000 -0.057379
v -0.005753 -0.011000 -0.057061
v -0.005026 -0.011000 -0.057256
v -0.004594 -0.011000 -0.057872
v -0.004660 -0.011000 -0.058622
v -0.005192 -0.011000 -0.059154
v -0.005942 -0.011000 -0.059219
v -0.006558 -0.011000 -0.058788
v -0.006753 -0.011000 -0.058061
v 0.000000 -0.011000 -0.056500
v -0.002571 -0.011000 -0.055564
v -0.003939 -0.011000 -0.053195
v -0.003464 -0.011000 -0.050500
v -0.001368 -0.011000 -0.048741
v 0.001368 -0.011000 -0.048741
v 0.003464 -0.011000 -0.050500
v 0.003939 -0.011000 -0.053195
v 0.002571 -0.011000 -0.055564
v 0.000000 -0.012700 -0.056500
v -0.002571 -0.012700 -0.055564
v -0.003939 -0.012700 -0.053195
v -0.003464 -0.012700 -0.050500
v -0.001368 -0.012700 -0.048741
v 0.001368 -0.012700 -0.048741
v 0.003464 -0.012700 -0.050500
v 0.003939 -0.012700 -0.053195
v 0.002571 -0.012700 -0.055564
v 0.000000 -0.012900 -0.056300
v -0.002443 -0.012900 -0.055411
v -0.003742 -0.012900 -0.053160
v -0.003291 -0.012900 -0.050600
v -0.001300 -0.012900 -0.048929
v 0.001300 -0.012900 -0.048929
v 0.003291 -0.012900 -0.050600
v 0.003742 -0.012900 -0.053160
v 0.002443 -0.012900 -0.055411
v 0.002250 -0.012900 -0.052500
v 0.001724 -0.012900 -0.053946
v 0.000391 -0.012900 -0.054716
v -0.001125 -0.012900 -0.054449
v -0.002114 -0.012900 -0.053270
v -0.002114 -0.012900 -0.051730
v -0.001125 -0.012900 -0.050551
v 0.000391 -0.012900 -0.050284
v 0.001724 -0.012900 -0.051054
v 0.002250 -0.015250 -0.052500
v 0.001724 -0.015250 -0.053946
v 0.000391 -0.015250 -0.054716
v -0.001125 -0.015250 -0.054449
v -0.002114 -0.015250 -0.053270
v -0.002114 -0.015250 -0.051730
v -0.001125 -0.015250 -0.050551
v 0.000391 -0.015250 -0.050284
v 0.001724 -0.015250 -0.051054
v 0.002100 -0.015400 -0.052500
v 0.001609 -0.015400 -0.053850
v 0.000365 -0.015400 -0.054568
v -0.001050 -0.015400 -0.054319
v -0.001973 -0.015400 -0.053218
v -0.001973 -0.015400 -0.051782
v -0.001050 -0.015400 -0.050681
v 0.000365 -0.015400 -0.050432
v 0.001609 -0.015400 -0.051150
v 0.000800 -0.010700 -0.060500
v 0.000613 -0.010700 -0.061014
v 0.000139 -0.010700 -0.061288
v -0.000400 -0.010700 -0.061193
v -0.000752 -0.010700 -0.060774
v -0.000752 -0.010700 -0.060226
v -0.000400 -0.010700 -0.059807
v 0.000139 -0.010700 -0.059712
v 0.000613 -0.010700 -0.059986
v 0.000800 -0.009000 -0.060500
v 0.000613 -0.009000 -0.061014
v 0.000139 -0.009000 -0.061288
v -0.000400 -0.009000 -0.061193
v -0.000752 -0.009000 -0.060774
v -0.000752 -0.009000 -0.060226
v -0.000400 -0.009000 -0.059807
v 0.000139 -0.009000 -0.059712
v 0.000613 -0.009000 -0.059986
v 0.005091 -0.009000 -0.058723
v 0.005587 -0.009000 -0.058954
v 0.006116 -0.009000 -0.058812
v 0.006430 -0.009000 -0.058364
v 0.006382 -0.009000 -0.057819
v 0.005995 -0.009000 -0.057432
v 0.005450 -0.009000 -0.057384
v 0.005002 -0.009000 -0.057698
v 0.004860 -0.009000 -0.058227
v 0.008000 -0.009000 -0.053300
v 0.008514 -0.009000 -0.053113
v 0.008788 -0.009000 -0.052639
v 0.008693 -0.009000 -0.052100
v 0.008274 -0.009000 -0.051748
v 0.007726 -0.009000 -0.051748
v 0.007307 -0.009000 -0.052100
v 0.007212 -0.009000 -0.052639
v 0.007486 -0.009000 -0.053113
v 0.006223 -0.009000 -0.047409
v 0.006454 -0.009000 -0.046913
v 0.006312 -0.009000 -0.046384
v 0.005864 -0.009000 -0.046070
v 0.005319 -0.009000 -0.046118
v 0.004932 -0.009000 -0.046505
v 0.004884 -0.009000 -0.047050
v 0.005198 -0.009000 -0.047498
v 0.005727 -0.009000 -0.047640
v 0.000800 -0.009000 -0.044500
v 0.000613 -0.009000 -0.043986
v 0.000139 -0.009000 -0.043712
v -0.000400 -0.009000 -0.043807
v -0.000752 -0.009000 -0.044226
v -0.000752 -0.009000 -0.044774
v -0.000400 -0.009000 -0.045193
v 0.000139 -0.009000 -0.045288
v 0.000613 -0.009000 -0.045014
v -0.005091 -0.009000 -0.046277
v -0.005587 -0.009000 -0.046046
v -0.006116 -0.009000 -0.046188
v -0.006430 -0.009000 -0.046636
v -0.006382 -0.009000 -0.047181
v -0.005995 -0.009000 -0.047568
v -0.005450 -0.009000 -0.047616
v -0.005002 -0.009000 -0.047302
v -0.004860 -0.009000 -0.046773
v -0.008000 -0.009000 -0.051700
v -0.008514 -0.009000 -0.051887
v -0.008788 -0.009000 -0.052361
v -0.008693 -0.009000 -0.052900
v -0.008274 -0.009000 -0.053252
v -0.007726 -0.009000 -0.053252
v -0.007307 -0.009000 -0.052900
v -0.007212 -0.009000 -0.052361
v -0.007486 -0.009000 -0.051887
v -0.006223 -0.009000 -0.057591
v -0.006454 -0.009000 -0.058087
v -0.006312 -0.009000 -0.058616
v -0.005864 -0.009000 -0.058930
v -0.005319 -0.009000 -0.058882
v -0.004932 -0.009000 -0.058495
v -0.004884 -0.009000 -0.057950
v -0.005198 -0.009000 -0.057502
v -0.005727 -0.009000 -0.057360
v 0.005091 -0.010700 -0.058723
v 0.005587 -0.010700 -0.058954
v 0.006116 -0.010700 -0.058812
v 0.006430 -0.010700 -0.058364
v 0.006382 -0.010700 -0.057819
v 0.005995 -0.010700 -0.057432
v 0.005450 -0.010700 -0.057384
v 0.005002 -0.010700 -0.057698
v 0.004860 -0.010700 -0.058227
v 0.008000 -0.010700 -0.053300
v 0.008514 -0.010700 -0.053113
v 0.008788 -0.010700 -0.052639
v 0.008693 -0.010700 -0.052100
v 0.008274 -0.010700 -0.051748
v 0.007726 -0.010700 -0.051748
v 0.007307 -0.010700 -0.052100
v 0.007212 -0.010700 -0.052639
v 0.007486 -0.010700 -0.053113
v 0.006223 -0.010700 -0.047409
v 0.006454 -0.010700 -0.046913
v 0.006312 -0.010700 -0.046384
v 0.005864 -0.010700 -0.046070
v 0.005319 -0.010700 -0.046118
v 0.004932 -0.010700 -0.046505
v 0.004884 -0.010700 -0.047050
v 0.005198 -0.010700 -0.047498
v 0.005727 -0.010700 -0.047640
v 0.000800 -0.010700 -0.044500
v 0.000613 -0.010700 -0.043986
v 0.000139 -0.010700 -0.043712
v -0.000400 -0.010700 -0.043807
v -0.000752 -0.010700 -0.044226
v -0.000752 -0.010700 -0.044774
v -0.000400 -0.010700 -0.045193
v 0.000139 -0.010700 -0.045288
v 0.000613 -0.010700 -0.045014
v -0.005091 -0.010700 -0.046277
v -0.005587 -0.010700 -0.046046
v -0.006116 -0.010700 -0.046188
v -0.006430 -0.010700 -0.046636
v -0.006382 -0.010700 -0.047181
v -0.005995 -0.010700 -0.047568
v -0.005450 -0.010700 -0.047616
v -0.005002 -0.010700 -0.047302
v -0.004860 -0.010700 -0.046773
v -0.008000 -0.010700 -0.051700
v -0.008514 -0.010700 -0.051887
v -0.008788 -0.010700 -0.052361
v -0.008693 -0.010700 -0.052900
v -0.008274 -0.010700 -0.053252
v -0.007726 -0.010700 -0.053252
v -0.007307 -0.010700 -0.052900
v -0.007212 -0.010700 -0.052361
v -0.007486 -0.010700 -0.051887
v -0.006223 -0.010700 -0.057591
v -0.006454 -0.010700 -0.058087
v -0.006312 -0.010700 -0.058616
v -0.005864 -0.010700 -0.058930
v -0.005319 -0.010700 -0.058882
v -0.004932 -0.010700 -0.058495
v -0.004884 -0.010700 -0.057950
v -0.005198 -0.010700 -0.057502
v -0.005727 -0.010700 -0.057360
v 0.013850 -0.057000 -0.031500
v 0.013850 -0.057000 -0.019416
v 0.012084 -0.057000 -0.017650
v -0.012084 -0.057000 -0.017650
v -0.013850 -0.057000 -0.019416
v -0.013850 -0.057000 -0.031500
v -0.009400 -0.057000 -0.031500
v -0.009400 -0.057000 -0.033700
v -0.006100 -0.057000 -0.037000
v 0.006100 -0.057000 -0.037000
v 0.009400 -0.057000 -0.033700
v 0.009400 -0.057000 -0.031500
v -0.013400 -0.057000 -0.020500
v -0.012839 -0.057000 -0.018957
v -0.011417 -0.057000 -0.018136
v -0.009800 -0.057000 -0.018422
v -0.008745 -0.057000 -0.019679
v -0.008745 -0.057000 -0.021321
v -0.009800 -0.057000 -0.022578
v -0.011417 -0.057000 -0.022864
v -0.012839 -0.057000 -0.022043
v 0.008600 -0.057000 -0.020500
v 0.009161 -0.057000 -0.018957
v 0.010583 -0.057000 -0.018136
v 0.012200 -0.057000 -0.018422
v 0.013255 -0.057000 -0.019679
v 0.013255 -0.057000 -0.021321
v 0.012200 -0.057000 -0.022578
v 0.010583 -0.057000 -0.022864
v 0.009161 -0.057000 -0.022043
v 0.000000 -0.057000 -0.047750
v -0.003053 -0.057000 -0.048861
v -0.004678 -0.057000 -0.051675
v -0.004114 -0.057000 -0.054875
v -0.001625 -0.057000 -0.056964
v 0.001625 -0.057000 -0.056964
v 0.004114 -0.057000 -0.054875
v 0.004678 -0.057000 -0.051675
v 0.003053 -0.057000 -0.048861
v 0.005650 -0.057000 -0.044554
v 0.009040 -0.057000 -0.048847
v 0.009584 -0.057000 -0.054291
v 0.007111 -0.057000 -0.059170
v 0.002400 -0.057000 -0.061950
v 0.003500 -0.057000 -0.061950
v 0.003500 -0.057000 -0.063350
v 0.012084 -0.057000 -0.063350
v 0.013850 -0.057000 -0.061584
v 0.013850 -0.057000 -0.044500
v 0.005650 -0.057000 -0.044500
v 0.008600 -0.057000 -0.060500
v 0.009161 -0.057000 -0.058957
v 0.010583 -0.057000 -0.058136
v 0.012200 -0.057000 -0.058422
v 0.013255 -0.057000 -0.059679
v 0.013255 -0.057000 -0.061321
v 0.012200 -0.057000 -0.062578
v 0.010583 -0.057000 -0.062864
v 0.009161 -0.057000 -0.062043
v -0.002400 -0.057000 -0.061950
v -0.007111 -0.057000 -0.059170
v -0.009584 -0.057000 -0.054291
v -0.009040 -0.057000 -0.048847
v -0.005650 -0.057000 -0.044554
v -0.005650 -0.057000 -0.044500
v -0.013850 -0.057000 -0.044500
v -0.013850 -0.057000 -0.061584
v -0.012084 -0.057000 -0.063350
v -0.003500 -0.057000 -0.063350
v -0.003500 -0.057000 -0.061950
v -0.013400 -0.057000 -0.060500
v -0.012839 -0.057000 -0.058957
v -0.011417 -0.057000 -0.058136
v -0.009800 -0.057000 -0.058422
v -0.008745 -0.057000 -0.059679
v -0.008745 -0.057000 -0.061321
v -0.009800 -0.057000 -0.062578
v -0.011417 -0.057000 -0.062864
v -0.012839 -0.057000 -0.062043
v -0.013400 -0.054200 -0.060500
v -0.012839 -0.054200 -0.058957
v -0.011417 -0.054200 -0.058136
v -0.009800 -0.054200 -0.058422
v -0.008745 -0.054200 -0.059679
v -0.008745 -0.054200 -0.061321
v -0.009800 -0.054200 -0.062578
v -0.011417 -0.054200 -0.062864
v -0.012839 -0.054200 -0.062043
v -0.012300 -0.054200 -0.060500
v -0.011996 -0.054200 -0.059664
v -0.011226 -0.054200 -0.059220
v -0.010350 -0.054200 -0.059374
v -0.009778 -0.054200 -0.060055
v -0.009778 -0.054200 -0.060945
v -0.010350 -0.054200 -0.061626
v -0.011226 -0.054200 -0.061780
v -0.011996 -0.054200 -0.061336
v 0.008600 -0.054200 -0.060500
v 0.009161 -0.054200 -0.062043
v 0.010583 -0.054200 -0.062864
v 0.012200 -0.054200 -0.062578
v 0.013255 -0.054200 -0.061321
v 0.013255 -0.054200 -0.059679
v 0.012200 -0.054200 -0.058422
v 0.010583 -0.054200 -0.058136
v 0.009161 -0.054200 -0.058957
v 0.009700 -0.054200 -0.060500
v 0.010004 -0.054200 -0.059664
v 0.010774 -0.054200 -0.059220
v 0.011650 -0.054200 -0.059374
v 0.012222 -0.054200 -0.060055
v 0.012222 -0.054200 -0.060945
v 0.011650 -0.054200 -0.061626
v 0.010774 -0.054200 -0.061780
v 0.010004 -0.054200 -0.061336
v -0.013400 -0.054200 -0.020500
v -0.012839 -0.054200 -0.022043
v -0.011417 -0.054200 -0.022864
v -0.009800 -0.054200 -0.022578
v -0.008745 -0.054200 -0.021321
v -0.008745 -0.054200 -0.019679
v -0.009800 -0.054200 -0.018422
v -0.011417 -0.054200 -0.018136
v -0.012839 -0.054200 -0.018957
v -0.012300 -0.054200 -0.020500
v -0.011996 -0.054200 -0.019664
v -0.011226 -0.054200 -0.019220
v -0.010350 -0.054200 -0.019374
v -0.009778 -0.054200 -0.020055
v -0.009778 -0.054200 -0.020945
v -0.010350 -0.054200 -0.021626
v -0.011226 -0.054200 -0.021780
v -0.011996 -0.054200 -0.021336
v 0.008600 -0.054200 -0.020500
v 0.009161 -0.054200 -0.022043
v 0.010583 -0.054200 -0.022864
v 0.012200 -0.054200 -0.022578
v 0.013255 -0.054200 -0.021321
v 0.013255 -0.054200 -0.019679
v 0.012200 -0.054200 -0.018422
v 0.010583 -0.054200 -0.018136
v 0.009161 -0.054200 -0.018957
v 0.009700 -0.054200 -0.020500
v 0.010004 -0.054200 -0.019664
v 0.010774 -0.054200 -0.019220
v 0.011650 -0.054200 -0.019374
v 0.012222 -0.054200 -0.020055
v 0.012222 -0.054200 -0.020945
v 0.011650 -0.054200 -0.021626
v 0.010774 -0.054200 -0.021780
v 0.010004 -0.054200 -0.021336
v -0.012300 -0.048000 -0.060500
v -0.011996 -0.048000 -0.059664
v -0.011226 -0.048000 -0.059220
v -0.010350 -0.048000 -0.059374
v -0.009778 -0.048000 -0.060055
v -0.009778 -0.048000 -0.060945
v -0.010350 -0.048000 -0.061626
v -0.011226 -0.048000 -0.061780
v -0.011996 -0.048000 -0.061336
v -0.012350 -0.048000 -0.060500
v -0.012034 -0.048000 -0.059632
v -0.011234 -0.048000 -0.059171
v -0.010325 -0.048000 -0.059331
v -0.009731 -0.048000 -0.060038
v -0.009731 -0.048000 -0.060962
v -0.010325 -0.048000 -0.061669
v -0.011234 -0.048000 -0.061829
v -0.012034 -0.048000 -0.061368
v -0.012025 -0.047675 -0.060500
v -0.011785 -0.047675 -0.059841
v -0.011178 -0.047675 -0.059491
v -0.010488 -0.047675 -0.059612
v -0.010037 -0.047675 -0.060149
v -0.010037 -0.047675 -0.060851
v -0.010488 -0.047675 -0.061388
v -0.011178 -0.047675 -0.061509
v -0.011785 -0.047675 -0.061159
v -0.012025 -0.041500 -0.060500
v -0.011785 -0.041500 -0.059841
v -0.011178 -0.041500 -0.059491
v -0.010488 -0.041500 -0.059612
v -0.010037 -0.041500 -0.060149
v -0.010037 -0.041500 -0.060851
v -0.010488 -0.041500 -0.061388
v -0.011178 -0.041500 -0.061509
v -0.011785 -0.041500 -0.061159
v -0.011000 -0.040884 -0.060500
v 0.009700 -0.048000 -0.060500
v 0.010004 -0.048000 -0.059664
v 0.010774 -0.048000 -0.059220
v 0.011650 -0.048000 -0.059374
v 0.012222 -0.048000 -0.060055
v 0.012222 -0.048000 -0.060945
v 0.011650 -0.048000 -0.061626
v 0.010774 -0.048000 -0.061780
v 0.010004 -0.048000 -0.061336
v 0.009650 -0.048000 -0.060500
v 0.009966 -0.048000 -0.059632
v 0.010766 -0.048000 -0.059171
v 0.011675 -0.048000 -0.059331
v 0.012269 -0.048000 -0.060038
v 0.012269 -0.048000 -0.060962
v 0.011675 -0.048000 -0.061669
v 0.010766 -0.048000 -0.061829
v 0.009966 -0.048000 -0.061368
v 0.009975 -0.047675 -0.060500
v 0.010215 -0.047675 -0.059841
v 0.010822 -0.047675 -0.059491
v 0.011512 -0.047675 -0.059612
v 0.011963 -0.047675 -0.060149
v 0.011963 -0.047675 -0.060851
v 0.011512 -0.047675 -0.061388
v 0.010822 -0.047675 -0.061509
v 0.010215 -0.047675 -0.061159
v 0.009975 -0.041500 -0.060500
v 0.010215 -0.041500 -0.059841
v 0.010822 -0.041500 -0.059491
v 0.011512 -0.041500 -0.059612
v 0.011963 -0.041500 -0.060149
v 0.011963 -0.041500 -0.060851
v 0.011512 -0.041500 -0.061388
v 0.010822 -0.041500 -0.061509
v 0.010215 -0.041500 -0.061159
v 0.011000 -0.040884 -0.060500
v -0.012300 -0.048000 -0.020500
v -0.011996 -0.048000 -0.019664
v -0.011226 -0.048000 -0.019220
v -0.010350 -0.048000 -0.019374
v -0.009778 -0.048000 -0.020055
v -0.009778 -0.048000 -0.020945
v -0.010350 -0.048000 -0.021626
v -0.011226 -0.048000 -0.021780
v -0.011996 -0.048000 -0.021336
v -0.012350 -0.048000 -0.020500
v -0.012034 -0.048000 -0.019632
v -0.011234 -0.048000 -0.019171
v -0.010325 -0.048000 -0.019331
v -0.009731 -0.048000 -0.020038
v -0.009731 -0.048000 -0.020962
v -0.010325 -0.048000 -0.021669
v -0.011234 -0.048000 -0.021829
v -0.012034 -0.048000 -0.021368
v -0.012025 -0.047675 -0.020500
v -0.011785 -0.047675 -0.019841
v -0.011178 -0.047675 -0.019491
v -0.010488 -0.047675 -0.019612
v -0.010037 -0.047675 -0.020149
v -0.010037 -0.047675 -0.020851
v -0.010488 -0.047675 -0.021388
v -0.011178 -0.047675 -0.021509
v -0.011785 -0.047675 -0.021159
v -0.012025 -0.041500 -0.020500
v -0.011785 -0.041500 -0.019841
v -0.011178 -0.041500 -0.019491
v -0.010488 -0.041500 -0.019612
v -0.010037 -0.041500 -0.020149
v -0.010037 -0.041500 -0.020851
v -0.010488 -0.041500 -0.021388
v -0.011178 -0.041500 -0.021509
v -0.011785 -0.041500 -0.021159
v -0.011000 -0.040884 -0.020500
v 0.009700 -0.048000 -0.020500
v 0.010004 -0.048000 -0.019664
v 0.010774 -0.048000 -0.019220
v 0.011650 -0.048000 -0.019374
v 0.012222 -0.048000 -0.020055
v 0.012222 -0.048000 -0.020945
v 0.011650 -0.048000 -0.021626
v 0.010774 -0.048000 -0.021780
v 0.010004 -0.048000 -0.021336
v 0.009650 -0.048000 -0.020500
v 0.009966 -0.048000 -0.019632
v 0.010766 -0.048000 -0.019171
v 0.011675 -0.048000 -0.019331
v 0.012269 -0.048000 -0.020038
v 0.012269 -0.048000 -0.020962
v 0.011675 -0.048000 -0.021669
v 0.010766 -0.048000 -0.021829
v 0.009966 -0.048000 -0.021368
v 0.009975 -0.047675 -0.020500
v 0.010215 -0.047675 -0.019841
v 0.010822 -0.047675 -0.019491
v 0.011512 -0.047675 -0.019612
v 0.011963 -0.047675 -0.020149
v 0.011963 -0.047675 -0.020851
v 0.011512 -0.047675 -0.021388
v 0.010822 -0.047675 -0.021509
v 0.010215 -0.047675 -0.021159
v 0.009975 -0.041500 -0.020500
v 0.010215 -0.041500 -0.019841
v 0.010822 -0.041500 -0.019491
v 0.011512 -0.041500 -0.019612
v 0.011963 -0.041500 -0.020149
v 0.011963 -0.041500 -0.020851
v 0.011512 -0.041500 -0.021388
v 0.010822 -0.041500 -0.021509
v 0.010215 -0.041500 -0.021159
v 0.011000 -0.040884 -0.020500
v 0.014250 -0.056600 -0.031500
v 0.014250 -0.056600 -0.019250
v 0.009400 -0.048500 -0.031500
v 0.014250 -0.048500 -0.031500
v -0.014250 -0.056600 -0.031500
v -0.014250 -0.048500 -0.031500
v -0.009400 -0.048500 -0.031500
v 0.014250 -0.023400 -0.061750
v 0.014250 -0.023400 -0.019250
v 0.014250 -0.048500 -0.044500
v 0.014250 -0.056600 -0.044500
v 0.014250 -0.056600 -0.061750
v 0.014250 -0.034000 -0.049850
v 0.014250 -0.034868 -0.049534
v 0.014250 -0.035329 -0.048734
v 0.014250 -0.035169 -0.047825
v 0.014250 -0.034462 -0.047231
v 0.014250 -0.033538 -0.047231
v 0.014250 -0.032831 -0.047825
v 0.014250 -0.032671 -0.048734
v 0.014250 -0.033132 -0.049534
v 0.014250 -0.046000 -0.025850
v 0.014250 -0.046868 -0.025534
v 0.014250 -0.047329 -0.024734
v 0.014250 -0.047169 -0.023825
v 0.014250 -0.046462 -0.023231
v 0.014250 -0.045538 -0.023231
v 0.014250 -0.044831 -0.023825
v 0.014250 -0.044671 -0.024734
v 0.014250 -0.045132 -0.025534
v 0.014250 -0.034000 -0.025850
v 0.014250 -0.034868 -0.025534
v 0.014250 -0.035329 -0.024734
v 0.014250 -0.035169 -0.023825
v 0.014250 -0.034462 -0.023231
v 0.014250 -0.033538 -0.023231
v 0.014250 -0.032831 -0.023825
v 0.014250 -0.032671 -0.024734
v 0.014250 -0.033132 -0.025534
v 0.014250 -0.046000 -0.047150
v 0.014250 -0.045132 -0.047466
v 0.014250 -0.044671 -0.048266
v 0.014250 -0.044831 -0.049175
v 0.014250 -0.045538 -0.049769
v 0.014250 -0.046462 -0.049769
v 0.014250 -0.047169 -0.049175
v 0.014250 -0.047329 -0.048266
v 0.014250 -0.046868 -0.047466
v 0.013925 -0.046000 -0.047475
v 0.013925 -0.045341 -0.047715
v 0.013925 -0.044991 -0.048322
v 0.013925 -0.045112 -0.049012
v 0.013925 -0.045649 -0.049463
v 0.013925 -0.046351 -0.049463
v 0.013925 -0.046888 -0.049012
v 0.013925 -0.047009 -0.048322
v 0.013925 -0.046659 -0.047715
v 0.011250 -0.046000 -0.047475
v 0.011250 -0.045341 -0.047715
v 0.011250 -0.044991 -0.048322
v 0.011250 -0.045112 -0.049012
v 0.011250 -0.045649 -0.049463
v 0.011250 -0.046351 -0.049463
v 0.011250 -0.046888 -0.049012
v 0.011250 -0.047009 -0.048322
v 0.011250 -0.046659 -0.047715
v 0.011250 -0.034000 -0.049525
v 0.011250 -0.033341 -0.049285
v 0.011250 -0.032991 -0.048678
v 0.011250 -0.033112 -0.047987
v 0.011250 -0.033649 -0.047537
v 0.011250 -0.034351 -0.047537
v 0.011250 -0.034888 -0.047987
v 0.011250 -0.035009 -0.048678
v 0.011250 -0.034659 -0.049285
v 0.011250 -0.046000 -0.025525
v 0.011250 -0.045341 -0.025285
v 0.011250 -0.044991 -0.024678
v 0.011250 -0.045112 -0.023987
v 0.011250 -0.045649 -0.023537
v 0.011250 -0.046351 -0.023537
v 0.011250 -0.046888 -0.023987
v 0.011250 -0.047009 -0.024678
v 0.011250 -0.046659 -0.025285
v 0.011250 -0.034000 -0.025525
v 0.011250 -0.033341 -0.025285
v 0.011250 -0.032991 -0.024678
v 0.011250 -0.033112 -0.023987
v 0.011250 -0.033649 -0.023537
v 0.011250 -0.034351 -0.023537
v 0.011250 -0.034888 -0.023987
v 0.011250 -0.035009 -0.024678
v 0.011250 -0.034659 -0.025285
v 0.013925 -0.034000 -0.049525
v 0.013925 -0.033341 -0.049285
v 0.013925 -0.032991 -0.048678
v 0.013925 -0.033112 -0.047987
v 0.013925 -0.033649 -0.047537
v 0.013925 -0.034351 -0.047537
v 0.013925 -0.034888 -0.047987
v 0.013925 -0.035009 -0.048678
v 0.013925 -0.034659 -0.049285
v 0.013925 -0.046000 -0.025525
v 0.013925 -0.045341 -0.025285
v 0.013925 -0.044991 -0.024678
v 0.013925 -0.045112 -0.023987
v 0.013925 -0.045649 -0.023537
v 0.013925 -0.046351 -0.023537
v 0.013925 -0.046888 -0.023987
v 0.013925 -0.047009 -0.024678
v 0.013925 -0.046659 -0.025285
v 0.013925 -0.034000 -0.025525
v 0.013925 -0.033341 -0.025285
v 0.013925 -0.032991 -0.024678
v 0.013925 -0.033112 -0.023987
v 0.013925 -0.033649 -0.023537
v 0.013925 -0.034351 -0.023537
v 0.013925 -0.034888 -0.023987
v 0.013925 -0.035009 -0.024678
v 0.013925 -0.034659 -0.025285
v 0.013850 -0.023000 -0.061584
v 0.013850 -0.023000 -0.019416
v 0.012250 -0.023400 -0.017250
v 0.012084 -0.023000 -0.017650
v 0.012250 -0.056600 -0.017250
v -0.012250 -0.056600 -0.017250
v -0.012250 -0.023400 -0.017250
v -0.006650 -0.034000 -0.017250
v -0.006966 -0.034868 -0.017250
v -0.007766 -0.035329 -0.017250
v -0.008675 -0.035169 -0.017250
v -0.009269 -0.034462 -0.017250
v -0.009269 -0.033538 -0.017250
v -0.008675 -0.032831 -0.017250
v -0.007766 -0.032671 -0.017250
v -0.006966 -0.033132 -0.017250
v 0.009350 -0.046000 -0.017250
v 0.009034 -0.046868 -0.017250
v 0.008234 -0.047329 -0.017250
v 0.007325 -0.047169 -0.017250
v 0.006731 -0.046462 -0.017250
v 0.006731 -0.045538 -0.017250
v 0.007325 -0.044831 -0.017250
v 0.008234 -0.044671 -0.017250
v 0.009034 -0.045132 -0.017250
v -0.006650 -0.046000 -0.017250
v -0.006966 -0.046868 -0.017250
v -0.007766 -0.047329 -0.017250
v -0.008675 -0.047169 -0.017250
v -0.009269 -0.046462 -0.017250
v -0.009269 -0.045538 -0.017250
v -0.008675 -0.044831 -0.017250
v -0.007766 -0.044671 -0.017250
v -0.006966 -0.045132 -0.017250
v 0.006650 -0.034000 -0.017250
v 0.006966 -0.033132 -0.017250
v 0.007766 -0.032671 -0.017250
v 0.008675 -0.032831 -0.017250
v 0.009269 -0.033538 -0.017250
v 0.009269 -0.034462 -0.017250
v 0.008675 -0.035169 -0.017250
v 0.007766 -0.035329 -0.017250
v 0.006966 -0.034868 -0.017250
v 0.006975 -0.034000 -0.017575
v 0.007215 -0.033341 -0.017575
v 0.007822 -0.032991 -0.017575
v 0.008512 -0.033112 -0.017575
v 0.008963 -0.033649 -0.017575
v 0.008963 -0.034351 -0.017575
v 0.008512 -0.034888 -0.017575
v 0.007822 -0.035009 -0.017575
v 0.007215 -0.034659 -0.017575
v 0.006975 -0.034000 -0.020250
v 0.007215 -0.033341 -0.020250
v 0.007822 -0.032991 -0.020250
v 0.008512 -0.033112 -0.020250
v 0.008963 -0.033649 -0.020250
v 0.008963 -0.034351 -0.020250
v 0.008512 -0.034888 -0.020250
v 0.007822 -0.035009 -0.020250
v 0.007215 -0.034659 -0.020250
v -0.006975 -0.034000 -0.020250
v -0.007215 -0.033341 -0.020250
v -0.007822 -0.032991 -0.020250
v -0.008513 -0.033112 -0.020250
v -0.008963 -0.033649 -0.020250
v -0.008963 -0.034351 -0.020250
v -0.008513 -0.034888 -0.020250
v -0.007822 -0.035009 -0.020250
v -0.007215 -0.034659 -0.020250
v 0.009025 -0.046000 -0.020250
v 0.008785 -0.045341 -0.020250
v 0.008178 -0.044991 -0.020250
v 0.007487 -0.045112 -0.020250
v 0.007037 -0.045649 -0.020250
v 0.007037 -0.046351 -0.020250
v 0.007487 -0.046888 -0.020250
v 0.008178 -0.047009 -0.020250
v 0.008785 -0.046659 -0.020250
v -0.006975 -0.046000 -0.020250
v -0.007215 -0.045341 -0.020250
v -0.007822 -0.044991 -0.020250
v -0.008513 -0.045112 -0.020250
v -0.008963 -0.045649 -0.020250
v -0.008963 -0.046351 -0.020250
v -0.008513 -0.046888 -0.020250
v -0.007822 -0.047009 -0.020250
v -0.007215 -0.046659 -0.020250
v -0.006975 -0.034000 -0.017575
v -0.007215 -0.033341 -0.017575
v -0.007822 -0.032991 -0.017575
v -0.008513 -0.033112 -0.017575
v -0.008963 -0.033649 -0.017575
v -0.008963 -0.034351 -0.017575
v -0.008513 -0.034888 -0.017575
v -0.007822 -0.035009 -0.017575
v -0.007215 -0.034659 -0.017575
v 0.009025 -0.046000 -0.017575
v 0.008785 -0.045341 -0.017575
v 0.008178 -0.044991 -0.017575
v 0.007487 -0.045112 -0.017575
v 0.007037 -0.045649 -0.017575
v 0.007037 -0.046351 -0.017575
v 0.007487 -0.046888 -0.017575
v 0.008178 -0.047009 -0.017575
v 0.008785 -0.046659 -0.017575
v -0.006975 -0.046000 -0.017575
v -0.007215 -0.045341 -0.017575
v -0.007822 -0.044991 -0.017575
v -0.008513 -0.045112 -0.017575
v -0.008963 -0.045649 -0.017575
v -0.008963 -0.046351 -0.017575
v -0.008513 -0.046888 -0.017575
v -0.007822 -0.047009 -0.017575
v -0.007215 -0.046659 -0.017575
v -0.012084 -0.023000 -0.017650
v -0.014250 -0.023400 -0.019250
v -0.013850 -0.023000 -0.019416
v -0.014250 -0.056600 -0.019250
v -0.014250 -0.023400 -0.061750
v -0.014250 -0.056600 -0.061750
v -0.014250 -0.056600 -0.044500
v -0.014250 -0.048500 -0.044500
v -0.014250 -0.034000 -0.049850
v -0.014250 -0.033132 -0.049534
v -0.014250 -0.032671 -0.048734
v -0.014250 -0.032831 -0.047825
v -0.014250 -0.033538 -0.047231
v -0.014250 -0.034462 -0.047231
v -0.014250 -0.035169 -0.047825
v -0.014250 -0.035329 -0.048734
v -0.014250 -0.034868 -0.049534
v -0.014250 -0.046000 -0.025850
v -0.014250 -0.045132 -0.025534
v -0.014250 -0.044671 -0.024734
v -0.014250 -0.044831 -0.023825
v -0.014250 -0.045538 -0.023231
v -0.014250 -0.046462 -0.023231
v -0.014250 -0.047169 -0.023825
v -0.014250 -0.047329 -0.024734
v -0.014250 -0.046868 -0.025534
v -0.014250 -0.034000 -0.025850
v -0.014250 -0.033132 -0.025534
v -0.014250 -0.032671 -0.024734
v -0.014250 -0.032831 -0.023825
v -0.014250 -0.033538 -0.023231
v -0.014250 -0.034462 -0.023231
v -0.014250 -0.035169 -0.023825
v -0.014250 -0.035329 -0.024734
v -0.014250 -0.034868 -0.025534
v -0.014250 -0.046000 -0.049850
v -0.014250 -0.045132 -0.049534
v -0.014250 -0.044671 -0.048734
v -0.014250 -0.044831 -0.047825
v -0.014250 -0.045538 -0.047231
v -0.014250 -0.046462 -0.047231
v -0.014250 -0.047169 -0.047825
v -0.014250 -0.047329 -0.048734
v -0.014250 -0.046868 -0.049534
v -0.013925 -0.046000 -0.049525
v -0.013925 -0.045341 -0.049285
v -0.013925 -0.044991 -0.048678
v -0.013925 -0.045112 -0.047987
v -0.013925 -0.045649 -0.047537
v -0.013925 -0.046351 -0.047537
v -0.013925 -0.046888 -0.047987
v -0.013925 -0.047009 -0.048678
v -0.013925 -0.046659 -0.049285
v -0.011250 -0.046000 -0.049525
v -0.011250 -0.045341 -0.049285
v -0.011250 -0.044991 -0.048678
v -0.011250 -0.045112 -0.047987
v -0.011250 -0.045649 -0.047537
v -0.011250 -0.046351 -0.047537
v -0.011250 -0.046888 -0.047987
v -0.011250 -0.047009 -0.048678
v -0.011250 -0.046659 -0.049285
v -0.011250 -0.034000 -0.047475
v -0.011250 -0.033341 -0.047715
v -0.011250 -0.032991 -0.048322
v -0.011250 -0.033112 -0.049012
v -0.011250 -0.033649 -0.049463
v -0.011250 -0.034351 -0.049463
v -0.011250 -0.034888 -0.049012
v -0.011250 -0.035009 -0.048322
v -0.011250 -0.034659 -0.047715
v -0.011250 -0.046000 -0.023475
v -0.011250 -0.045341 -0.023715
v -0.011250 -0.044991 -0.024322
v -0.011250 -0.045112 -0.025012
v -0.011250 -0.045649 -0.025463
v -0.011250 -0.046351 -0.025463
v -0.011250 -0.046888 -0.025012
v -0.011250 -0.047009 -0.024322
v -0.011250 -0.046659 -0.023715
v -0.011250 -0.034000 -0.023475
v -0.011250 -0.033341 -0.023715
v -0.011250 -0.032991 -0.024322
v -0.011250 -0.033112 -0.025012
v -0.011250 -0.033649 -0.025463
v -0.011250 -0.034351 -0.025463
v -0.011250 -0.034888 -0.025012
v -0.011250 -0.035009 -0.024322
v -0.011250 -0.034659 -0.023715
v -0.013925 -0.034000 -0.047475
v -0.013925 -0.033341 -0.047715
v -0.013925 -0.032991 -0.048322
v -0.013925 -0.033112 -0.049012
v -0.013925 -0.033649 -0.049463
v -0.013925 -0.034351 -0.049463
v -0.013925 -0.034888 -0.049012
v -0.013925 -0.035009 -0.048322
v -0.013925 -0.034659 -0.047715
v -0.013925 -0.046000 -0.023475
v -0.013925 -0.045341 -0.023715
v -0.013925 -0.044991 -0.024322
v -0.013925 -0.045112 -0.025012
v -0.013925 -0.045649 -0.025463
v -0.013925 -0.046351 -0.025463
v -0.013925 -0.046888 -0.025012
v -0.013925 -0.047009 -0.024322
v -0.013925 -0.046659 -0.023715
v -0.013925 -0.034000 -0.023475
v -0.013925 -0.033341 -0.023715
v -0.013925 -0.032991 -0.024322
v -0.013925 -0.033112 -0.025012
v -0.013925 -0.033649 -0.025463
v -0.013925 -0.034351 -0.025463
v -0.013925 -0.034888 -0.025012
v -0.013925 -0.035009 -0.024322
v -0.013925 -0.034659 -0.023715
v -0.013850 -0.023000 -0.061584
v -0.012084 -0.023000 -0.063350
v -0.012250 -0.023400 -0.063750
v 0.012084 -0.023000 -0.063350
v -0.008600 -0.023000 -0.060500
v -0.009161 -0.023000 -0.058957
v -0.010583 -0.023000 -0.058136
v -0.012200 -0.023000 -0.058422
v -0.013255 -0.023000 -0.059679
v -0.013255 -0.023000 -0.061321
v -0.012200 -0.023000 -0.062578
v -0.010583 -0.023000 -0.062864
v -0.009161 -0.023000 -0.062043
v 0.013400 -0.023000 -0.020500
v 0.012839 -0.023000 -0.018957
v 0.011417 -0.023000 -0.018136
v 0.009800 -0.023000 -0.018422
v 0.008745 -0.023000 -0.019679
v 0.008745 -0.023000 -0.021321
v 0.009800 -0.023000 -0.022578
v 0.011417 -0.023000 -0.022864
v 0.012839 -0.023000 -0.022043
v -0.008600 -0.023000 -0.020500
v -0.009161 -0.023000 -0.018957
v -0.010583 -0.023000 -0.018136
v -0.012200 -0.023000 -0.018422
v -0.013255 -0.023000 -0.019679
v -0.013255 -0.023000 -0.021321
v -0.012200 -0.023000 -0.022578
v -0.010583 -0.023000 -0.022864
v -0.009161 -0.023000 -0.022043
v 0.009650 -0.023000 -0.044500
v 0.009966 -0.023000 -0.045368
v 0.010766 -0.023000 -0.045829
v 0.011675 -0.023000 -0.045669
v 0.012269 -0.023000 -0.044962
v 0.012269 -0.023000 -0.044038
v 0.011675 -0.023000 -0.043331
v 0.010766 -0.023000 -0.043171
v 0.009966 -0.023000 -0.043632
v -0.012350 -0.023000 -0.044500
v -0.012034 -0.023000 -0.045368
v -0.011234 -0.023000 -0.045829
v -0.010325 -0.023000 -0.045669
v -0.009731 -0.023000 -0.044962
v -0.009731 -0.023000 -0.044038
v -0.010325 -0.023000 -0.043331
v -0.011234 -0.023000 -0.043171
v -0.012034 -0.023000 -0.043632
v 0.013400 -0.023000 -0.060500
v 0.012839 -0.023000 -0.058957
v 0.011417 -0.023000 -0.058136
v 0.009800 -0.023000 -0.058422
v 0.008745 -0.023000 -0.059679
v 0.008745 -0.023000 -0.061321
v 0.009800 -0.023000 -0.062578
v 0.011417 -0.023000 -0.062864
v 0.012839 -0.023000 -0.062043
v 0.000000 -0.023000 -0.062250
v 0.006267 -0.023000 -0.059969
v 0.009602 -0.023000 -0.054193
v 0.008444 -0.023000 -0.047625
v 0.003335 -0.023000 -0.043338
v -0.003335 -0.023000 -0.043338
v -0.008444 -0.023000 -0.047625
v -0.009602 -0.023000 -0.054193
v -0.006267 -0.023000 -0.059969
v 0.013400 -0.025800 -0.060500
v 0.012839 -0.025800 -0.058957
v 0.011417 -0.025800 -0.058136
v 0.009800 -0.025800 -0.058422
v 0.008745 -0.025800 -0.059679
v 0.008745 -0.025800 -0.061321
v 0.009800 -0.025800 -0.062578
v 0.011417 -0.025800 -0.062864
v 0.012839 -0.025800 -0.062043
v 0.012300 -0.025800 -0.060500
v 0.011996 -0.025800 -0.059664
v 0.011226 -0.025800 -0.059220
v 0.010350 -0.025800 -0.059374
v 0.009778 -0.025800 -0.060055
v 0.009778 -0.025800 -0.060945
v 0.010350 -0.025800 -0.061626
v 0.011226 -0.025800 -0.061780
v 0.011996 -0.025800 -0.061336
v -0.008600 -0.025800 -0.060500
v -0.009161 -0.025800 -0.062043
v -0.010583 -0.025800 -0.062864
v -0.012200 -0.025800 -0.062578
v -0.013255 -0.025800 -0.061321
v -0.013255 -0.025800 -0.059679
v -0.012200 -0.025800 -0.058422
v -0.010583 -0.025800 -0.058136
v -0.009161 -0.025800 -0.058957
v -0.009700 -0.025800 -0.060500
v -0.010004 -0.025800 -0.059664
v -0.010774 -0.025800 -0.059220
v -0.011650 -0.025800 -0.059374
v -0.012222 -0.025800 -0.060055
v -0.012222 -0.025800 -0.060945
v -0.011650 -0.025800 -0.061626
v -0.010774 -0.025800 -0.061780
v -0.010004 -0.025800 -0.061336
v 0.013400 -0.025800 -0.020500
v 0.012839 -0.025800 -0.022043
v 0.011417 -0.025800 -0.022864
v 0.009800 -0.025800 -0.022578
v 0.008745 -0.025800 -0.021321
v 0.008745 -0.025800 -0.019679
v 0.009800 -0.025800 -0.018422
v 0.011417 -0.025800 -0.018136
v 0.012839 -0.025800 -0.018957
v 0.012300 -0.025800 -0.020500
v 0.011996 -0.025800 -0.019664
v 0.011226 -0.025800 -0.019220
v 0.010350 -0.025800 -0.019374
v 0.009778 -0.025800 -0.020055
v 0.009778 -0.025800 -0.020945
v 0.010350 -0.025800 -0.021626
v 0.011226 -0.025800 -0.021780
v 0.011996 -0.025800 -0.021336
v -0.008600 -0.025800 -0.020500
v -0.009161 -0.025800 -0.022043
v -0.010583 -0.025800 -0.022864
v -0.012200 -0.025800 -0.022578
v -0.013255 -0.025800 -0.021321
v -0.013255 -0.025800 -0.019679
v -0.012200 -0.025800 -0.018422
v -0.010583 -0.025800 -0.018136
v -0.009161 -0.025800 -0.018957
v -0.009700 -0.025800 -0.020500
v -0.010004 -0.025800 -0.019664
v -0.010774 -0.025800 -0.019220
v -0.011650 -0.025800 -0.019374
v -0.012222 -0.025800 -0.020055
v -0.012222 -0.025800 -0.020945
v -0.011650 -0.025800 -0.021626
v -0.010774 -0.025800 -0.021780
v -0.010004 -0.025800 -0.021336
v 0.012300 -0.030000 -0.060500
v 0.011996 -0.030000 -0.059664
v 0.011226 -0.030000 -0.059220
v 0.010350 -0.030000 -0.059374
v 0.009778 -0.030000 -0.060055
v 0.009778 -0.030000 -0.060945
v 0.010350 -0.030000 -0.061626
v 0.011226 -0.030000 -0.061780
v 0.011996 -0.030000 -0.061336
v 0.012350 -0.030000 -0.060500
v 0.012034 -0.030000 -0.059632
v 0.011234 -0.030000 -0.059171
v 0.010325 -0.030000 -0.059331
v 0.009731 -0.030000 -0.060038
v 0.009731 -0.030000 -0.060962
v 0.010325 -0.030000 -0.061669
v 0.011234 -0.030000 -0.061829
v 0.012034 -0.030000 -0.061368
v 0.012025 -0.030325 -0.060500
v 0.011785 -0.030325 -0.059841
v 0.011178 -0.030325 -0.059491
v 0.010487 -0.030325 -0.059612
v 0.010037 -0.030325 -0.060149
v 0.010037 -0.030325 -0.060851
v 0.010487 -0.030325 -0.061388
v 0.011178 -0.030325 -0.061509
v 0.011785 -0.030325 -0.061159
v 0.012025 -0.038500 -0.060500
v 0.011785 -0.038500 -0.059841
v 0.011178 -0.038500 -0.059491
v 0.010487 -0.038500 -0.059612
v 0.010037 -0.038500 -0.060149
v 0.010037 -0.038500 -0.060851
v 0.010487 -0.038500 -0.061388
v 0.011178 -0.038500 -0.061509
v 0.011785 -0.038500 -0.061159
v 0.011000 -0.039116 -0.060500
v -0.009700 -0.030000 -0.060500
v -0.010004 -0.030000 -0.059664
v -0.010774 -0.030000 -0.059220
v -0.011650 -0.030000 -0.059374
v -0.012222 -0.030000 -0.060055
v -0.012222 -0.030000 -0.060945
v -0.011650 -0.030000 -0.061626
v -0.010774 -0.030000 -0.061780
v -0.010004 -0.030000 -0.061336
v -0.009650 -0.030000 -0.060500
v -0.009966 -0.030000 -0.059632
v -0.010766 -0.030000 -0.059171
v -0.011675 -0.030000 -0.059331
v -0.012269 -0.030000 -0.060038
v -0.012269 -0.030000 -0.060962
v -0.011675 -0.030000 -0.061669
v -0.010766 -0.030000 -0.061829
v -0.009966 -0.030000 -0.061368
v -0.009975 -0.030325 -0.060500
v -0.010215 -0.030325 -0.059841
v -0.010822 -0.030325 -0.059491
v -0.011513 -0.030325 -0.059612
v -0.011963 -0.030325 -0.060149
v -0.011963 -0.030325 -0.060851
v -0.011513 -0.030325 -0.061388
v -0.010822 -0.030325 -0.061509
v -0.010215 -0.030325 -0.061159
v -0.009975 -0.038500 -0.060500
v -0.010215 -0.038500 -0.059841
v -0.010822 -0.038500 -0.059491
v -0.011513 -0.038500 -0.059612
v -0.011963 -0.038500 -0.060149
v -0.011963 -0.038500 -0.060851
v -0.011513 -0.038500 -0.061388
v -0.010822 -0.038500 -0.061509
v -0.010215 -0.038500 -0.061159
v -0.011000 -0.039116 -0.060500
v 0.012300 -0.030000 -0.020500
v 0.011996 -0.030000 -0.019664
v 0.011226 -0.030000 -0.019220
v 0.010350 -0.030000 -0.019374
v 0.009778 -0.030000 -0.020055
v 0.009778 -0.030000 -0.020945
v 0.010350 -0.030000 -0.021626
v 0.011226 -0.030000 -0.021780
v 0.011996 -0.030000 -0.021336
v 0.012350 -0.030000 -0.020500
v 0.012034 -0.030000 -0.019632
v 0.011234 -0.030000 -0.019171
v 0.010325 -0.030000 -0.019331
v 0.009731 -0.030000 -0.020038
v 0.009731 -0.030000 -0.020962
v 0.010325 -0.030000 -0.021669
v 0.011234 -0.030000 -0.021829
v 0.012034 -0.030000 -0.021368
v 0.012025 -0.030325 -0.020500
v 0.011785 -0.030325 -0.019841
v 0.011178 -0.030325 -0.019491
v 0.010487 -0.030325 -0.019612
v 0.010037 -0.030325 -0.020149
v 0.010037 -0.030325 -0.020851
v 0.010487 -0.030325 -0.021388
v 0.011178 -0.030325 -0.021509
v 0.011785 -0.030325 -0.021159
v 0.012025 -0.038500 -0.020500
v 0.011785 -0.038500 -0.019841
v 0.011178 -0.038500 -0.019491
v 0.010487 -0.038500 -0.019612
v 0.010037 -0.038500 -0.020149
v 0.010037 -0.038500 -0.020851
v 0.010487 -0.038500 -0.021388
v 0.011178 -0.038500 -0.021509
v 0.011785 -0.038500 -0.021159
v 0.011000 -0.039116 -0.020500
v -0.009700 -0.030000 -0.020500
v -0.010004 -0.030000 -0.019664
v -0.010774 -0.030000 -0.019220
v -0.011650 -0.030000 -0.019374
v -0.012222 -0.030000 -0.020055
v -0.012222 -0.030000 -0.020945
v -0.011650 -0.030000 -0.021626
v -0.010774 -0.030000 -0.021780
v -0.010004 -0.030000 -0.021336
v -0.009650 -0.030000 -0.020500
v -0.009966 -0.030000 -0.019632
v -0.010766 -0.030000 -0.019171
v -0.011675 -0.030000 -0.019331
v -0.012269 -0.030000 -0.020038
v -0.012269 -0.030000 -0.020962
v -0.011675 -0.030000 -0.021669
v -0.010766 -0.030000 -0.021829
v -0.009966 -0.030000 -0.021368
v -0.009975 -0.030325 -0.020500
v -0.010215 -0.030325 -0.019841
v -0.010822 -0.030325 -0.019491
v -0.011513 -0.030325 -0.019612
v -0.011963 -0.030325 -0.020149
v -0.011963 -0.030325 -0.020851
v -0.011513 -0.030325 -0.021388
v -0.010822 -0.030325 -0.021509
v -0.010215 -0.030325 -0.021159
v -0.009975 -0.038500 -0.020500
v -0.010215 -0.038500 -0.019841
v -0.010822 -0.038500 -0.019491
v -0.011513 -0.038500 -0.019612
v -0.011963 -0.038500 -0.020149
v -0.011963 -0.038500 -0.020851
v -0.011513 -0.038500 -0.021388
v -0.010822 -0.038500 -0.021509
v -0.010215 -0.038500 -0.021159
v -0.011000 -0.039116 -0.020500
v 0.009975 -0.023325 -0.044500
v 0.010215 -0.023325 -0.045159
v 0.010822 -0.023325 -0.045509
v 0.011512 -0.023325 -0.045388
v 0.011963 -0.023325 -0.044851
v 0.011963 -0.023325 -0.044149
v 0.011512 -0.023325 -0.043612
v 0.010822 -0.023325 -0.043491
v 0.010215 -0.023325 -0.043841
v 0.009975 -0.026000 -0.044500
v 0.010215 -0.026000 -0.045159
v 0.010822 -0.026000 -0.045509
v 0.011512 -0.026000 -0.045388
v 0.011963 -0.026000 -0.044851
v 0.011963 -0.026000 -0.044149
v 0.011512 -0.026000 -0.043612
v 0.010822 -0.026000 -0.043491
v 0.010215 -0.026000 -0.043841
v -0.009975 -0.026000 -0.044500
v -0.010215 -0.026000 -0.045159
v -0.010822 -0.026000 -0.045509
v -0.011513 -0.026000 -0.045388
v -0.011963 -0.026000 -0.044851
v -0.011963 -0.026000 -0.044149
v -0.011513 -0.026000 -0.043612
v -0.010822 -0.026000 -0.043491
v -0.010215 -0.026000 -0.043841
v -0.009975 -0.023325 -0.044500
v -0.010215 -0.023325 -0.045159
v -0.010822 -0.023325 -0.045509
v -0.011513 -0.023325 -0.045388
v -0.011963 -0.023325 -0.044851
v -0.011963 -0.023325 -0.044149
v -0.011513 -0.023325 -0.043612
v -0.010822 -0.023325 -0.043491
v -0.010215 -0.023325 -0.043841
v 0.012250 -0.023400 -0.063750
v 0.012250 -0.056600 -0.063750
v 0.003500 -0.056600 -0.063750
v 0.003500 -0.053500 -0.063750
v -0.003500 -0.053500 -0.063750
v -0.003500 -0.056600 -0.063750
v -0.012250 -0.056600 -0.063750
v 0.009350 -0.034000 -0.063750
v 0.009034 -0.033132 -0.063750
v 0.008234 -0.032671 -0.063750
v 0.007325 -0.032831 -0.063750
v 0.006731 -0.033538 -0.063750
v 0.006731 -0.034462 -0.063750
v 0.007325 -0.035169 -0.063750
v 0.008234 -0.035329 -0.063750
v 0.009034 -0.034868 -0.063750
v -0.006650 -0.034000 -0.063750
v -0.006966 -0.033132 -0.063750
v -0.007766 -0.032671 -0.063750
v -0.008675 -0.032831 -0.063750
v -0.009269 -0.033538 -0.063750
v -0.009269 -0.034462 -0.063750
v -0.008675 -0.035169 -0.063750
v -0.007766 -0.035329 -0.063750
v -0.006966 -0.034868 -0.063750
v -0.005573 -0.055000 -0.044500
v 0.005573 -0.055000 -0.044500
v 0.005573 -0.056000 -0.044500
v 0.005650 -0.056000 -0.044500
v 0.009400 -0.048500 -0.044500
v 0.009400 -0.053400 -0.044500
v 0.009000 -0.053800 -0.044500
v -0.009000 -0.053800 -0.044500
v -0.009400 -0.053400 -0.044500
v -0.009400 -0.048500 -0.044500
v -0.005650 -0.056000 -0.044500
v -0.005573 -0.056000 -0.044500
v -0.001964 -0.055000 -0.042950
v 0.001964 -0.055000 -0.042950
v -0.002400 -0.055000 -0.061950
v 0.002400 -0.055000 -0.061950
v 0.001965 -0.055000 -0.062050
v -0.001965 -0.055000 -0.062050
v 0.000000 -0.058800 -0.042750
v 0.006267 -0.058800 -0.045031
v 0.009602 -0.058800 -0.050807
v 0.008444 -0.058800 -0.057375
v 0.003335 -0.058800 -0.061662
v -0.003335 -0.058800 -0.061662
v -0.008444 -0.058800 -0.057375
v -0.009602 -0.058800 -0.050807
v -0.006267 -0.058800 -0.045031
v -0.001965 -0.057000 -0.062050
v -0.000659 -0.057000 -0.062228
v 0.000659 -0.057000 -0.062228
v 0.001965 -0.057000 -0.062050
v 0.005650 -0.056000 -0.044554
v -0.005650 -0.056000 -0.044554
v 0.000000 -0.059000 -0.062050
v -0.006139 -0.059000 -0.059816
v -0.009405 -0.059000 -0.054158
v -0.009548 -0.059000 -0.052299
v -0.008271 -0.059000 -0.047725
v -0.006609 -0.059000 -0.045607
v -0.003266 -0.059000 -0.043526
v 0.000201 -0.059000 -0.042952
v 0.003266 -0.059000 -0.043526
v 0.006893 -0.059000 -0.045891
v 0.008271 -0.059000 -0.047725
v 0.009405 -0.059000 -0.054158
v 0.006139 -0.059000 -0.059816
v -0.003400 -0.057000 -0.062050
v -0.003400 -0.057000 -0.063350
v 0.003400 -0.057000 -0.063350
v 0.003400 -0.057000 -0.062050
v 0.003400 -0.053600 -0.062050
v -0.003400 -0.053600 -0.062050
v -0.003400 -0.056600 -0.063750
v -0.003400 -0.053600 -0.063750
v 0.003400 -0.056600 -0.063750
v 0.003400 -0.053600 -0.063750
v -0.003500 -0.053500 -0.061950
v 0.003500 -0.053500 -0.061950
v 0.001100 -0.059000 -0.060500
v 0.000843 -0.059000 -0.061207
v 0.000191 -0.059000 -0.061583
v -0.000550 -0.059000 -0.061453
v -0.001034 -0.059000 -0.060876
v -0.001034 -0.059000 -0.060124
v -0.000550 -0.059000 -0.059547
v 0.000191 -0.059000 -0.059417
v 0.000843 -0.059000 -0.059793
v 0.004879 -0.059000 -0.058935
v 0.004561 -0.059000 -0.058253
v 0.004756 -0.059000 -0.057526
v 0.005372 -0.059000 -0.057094
v 0.006122 -0.059000 -0.057160
v 0.006654 -0.059000 -0.057692
v 0.006719 -0.059000 -0.058442
v 0.006288 -0.059000 -0.059058
v 0.005561 -0.059000 -0.059253
v 0.008000 -0.059000 -0.053600
v 0.007293 -0.059000 -0.053343
v 0.006917 -0.059000 -0.052691
v 0.007047 -0.059000 -0.051950
v 0.007624 -0.059000 -0.051466
v 0.008376 -0.059000 -0.051466
v 0.008953 -0.059000 -0.051950
v 0.009083 -0.059000 -0.052691
v 0.008707 -0.059000 -0.053343
v 0.006435 -0.059000 -0.047621
v 0.005753 -0.059000 -0.047939
v 0.005026 -0.059000 -0.047744
v 0.004594 -0.059000 -0.047128
v 0.004660 -0.059000 -0.046378
v 0.005192 -0.059000 -0.045846
v 0.005942 -0.059000 -0.045781
v 0.006558 -0.059000 -0.046212
v 0.006753 -0.059000 -0.046939
v 0.001100 -0.059000 -0.044500
v 0.000843 -0.059000 -0.045207
v 0.000191 -0.059000 -0.045583
v -0.000550 -0.059000 -0.045453
v -0.001034 -0.059000 -0.044876
v -0.001034 -0.059000 -0.044124
v -0.000550 -0.059000 -0.043547
v 0.000191 -0.059000 -0.043417
v 0.000843 -0.059000 -0.043793
v -0.004879 -0.059000 -0.046065
v -0.004561 -0.059000 -0.046747
v -0.004756 -0.059000 -0.047474
v -0.005372 -0.059000 -0.047906
v -0.006122 -0.059000 -0.047840
v -0.006654 -0.059000 -0.047308
v -0.006719 -0.059000 -0.046558
v -0.006288 -0.059000 -0.045942
v -0.005561 -0.059000 -0.045747
v -0.008000 -0.059000 -0.051400
v -0.007293 -0.059000 -0.051657
v -0.006917 -0.059000 -0.052309
v -0.007047 -0.059000 -0.053050
v -0.007624 -0.059000 -0.053534
v -0.008376 -0.059000 -0.053534
v -0.008953 -0.059000 -0.053050
v -0.009083 -0.059000 -0.052309
v -0.008707 -0.059000 -0.051657
v -0.006435 -0.059000 -0.057379
v -0.005753 -0.059000 -0.057061
v -0.005026 -0.059000 -0.057256
v -0.004594 -0.059000 -0.057872
v -0.004660 -0.059000 -0.058622
v -0.005192 -0.059000 -0.059154
v -0.005942 -0.059000 -0.059219
v -0.006558 -0.059000 -0.058788
v -0.006753 -0.059000 -0.058061
v 0.000000 -0.059000 -0.046400
v 0.003921 -0.059000 -0.047827
v 0.006007 -0.059000 -0.051441
v 0.005283 -0.059000 -0.055550
v 0.002086 -0.059000 -0.058232
v -0.002086 -0.059000 -0.058232
v -0.005283 -0.059000 -0.055550
v -0.006007 -0.059000 -0.051441
v -0.003921 -0.059000 -0.047827
v 0.000000 -0.058500 -0.046400
v 0.003921 -0.058500 -0.047827
v 0.006007 -0.058500 -0.051441
v 0.005283 -0.058500 -0.055550
v 0.002086 -0.058500 -0.058232
v -0.002086 -0.058500 -0.058232
v -0.005283 -0.058500 -0.055550
v -0.006007 -0.058500 -0.051441
v -0.003921 -0.058500 -0.047827
v 0.000000 -0.058500 -0.057550
v -0.003246 -0.058500 -0.056369
v -0.004973 -0.058500 -0.053377
v -0.004373 -0.058500 -0.049975
v -0.001727 -0.058500 -0.047755
v 0.001727 -0.058500 -0.047755
v 0.004373 -0.058500 -0.049975
v 0.004973 -0.058500 -0.053377
v 0.003246 -0.058500 -0.056369
v 0.000000 -0.058200 -0.057250
v -0.003053 -0.058200 -0.056139
v -0.004678 -0.058200 -0.053325
v -0.004114 -0.058200 -0.050125
v -0.001625 -0.058200 -0.048036
v 0.001625 -0.058200 -0.048036
v 0.004114 -0.058200 -0.050125
v 0.004678 -0.058200 -0.053325
v 0.003053 -0.058200 -0.056139
v 0.000800 -0.058700 -0.060500
v 0.000613 -0.058700 -0.061014
v 0.000139 -0.058700 -0.061288
v -0.000400 -0.058700 -0.061193
v -0.000752 -0.058700 -0.060774
v -0.000752 -0.058700 -0.060226
v -0.000400 -0.058700 -0.059807
v 0.000139 -0.058700 -0.059712
v 0.000613 -0.058700 -0.059986
v 0.000800 -0.057000 -0.060500
v 0.000613 -0.057000 -0.061014
v 0.000139 -0.057000 -0.061288
v -0.000400 -0.057000 -0.061193
v -0.000752 -0.057000 -0.060774
v -0.000752 -0.057000 -0.060226
v -0.000400 -0.057000 -0.059807
v 0.000139 -0.057000 -0.059712
v 0.000613 -0.057000 -0.059986
v 0.005091 -0.057000 -0.058723
v 0.005587 -0.057000 -0.058954
v 0.006116 -0.057000 -0.058812
v 0.006430 -0.057000 -0.058364
v 0.006382 -0.057000 -0.057819
v 0.005995 -0.057000 -0.057432
v 0.005450 -0.057000 -0.057384
v 0.005002 -0.057000 -0.057698
v 0.004860 -0.057000 -0.058227
v 0.008000 -0.057000 -0.053300
v 0.008514 -0.057000 -0.053113
v 0.008788 -0.057000 -0.052639
v 0.008693 -0.057000 -0.052100
v 0.008274 -0.057000 -0.051748
v 0.007726 -0.057000 -0.051748
v 0.007307 -0.057000 -0.052100
v 0.007212 -0.057000 -0.052639
v 0.007486 -0.057000 -0.053113
v 0.006223 -0.057000 -0.047409
v 0.006454 -0.057000 -0.046913
v 0.006312 -0.057000 -0.046384
v 0.005864 -0.057000 -0.046070
v 0.005319 -0.057000 -0.046118
v 0.004932 -0.057000 -0.046505
v 0.004884 -0.057000 -0.047050
v 0.005198 -0.057000 -0.047498
v 0.005727 -0.057000 -0.047640
v 0.000800 -0.057000 -0.044500
v 0.000613 -0.057000 -0.043986
v 0.000139 -0.057000 -0.043712
v -0.000400 -0.057000 -0.043807
v -0.000752 -0.057000 -0.044226
v -0.000752 -0.057000 -0.044774
v -0.000400 -0.057000 -0.045193
v 0.000139 -0.057000 -0.045288
v 0.000613 -0.057000 -0.045014
v -0.005091 -0.057000 -0.046277
v -0.005587 -0.057000 -0.046046
v -0.006116 -0.057000 -0.046188
v -0.006430 -0.057000 -0.046636
v -0.006382 -0.057000 -0.047181
v -0.005995 -0.057000 -0.047568
v -0.005450 -0.057000 -0.047616
v -0.005002 -0.057000 -0.047302
v -0.004860 -0.057000 -0.046773
v -0.008000 -0.057000 -0.051700
v -0.008514 -0.057000 -0.051887
v -0.008788 -0.057000 -0.052361
v -0.008693 -0.057000 -0.052900
v -0.008274 -0.057000 -0.053252
v -0.007726 -0.057000 -0.053252
v -0.007307 -0.057000 -0.052900
v -0.007212 -0.057000 -0.052361
v -0.007486 -0.057000 -0.051887
v -0.006223 -0.057000 -0.057591
v -0.006454 -0.057000 -0.058087
v -0.006312 -0.057000 -0.058616
v -0.005864 -0.057000 -0.058930
v -0.005319 -0.057000 -0.058882
v -0.004932 -0.057000 -0.058495
v -0.004884 -0.057000 -0.057950
v -0.005198 -0.057000 -0.057502
v -0.005727 -0.057000 -0.057360
v 0.005091 -0.058700 -0.058723
v 0.005587 -0.058700 -0.058954
v 0.006116 -0.058700 -0.058812
v 0.006430 -0.058700 -0.058364
v 0.006382 -0.058700 -0.057819
v 0.005995 -0.058700 -0.057432
v 0.005450 -0.058700 -0.057384
v 0.005002 -0.058700 -0.057698
v 0.004860 -0.058700 -0.058227
v 0.008000 -0.058700 -0.053300
v 0.008514 -0.058700 -0.053113
v 0.008788 -0.058700 -0.052639
v 0.008693 -0.058700 -0.052100
v 0.008274 -0.058700 -0.051748
v 0.007726 -0.058700 -0.051748
v 0.007307 -0.058700 -0.052100
v 0.007212 -0.058700 -0.052639
v 0.007486 -0.058700 -0.053113
v 0.006223 -0.058700 -0.047409
v 0.006454 -0.058700 -0.046913
v 0.006312 -0.058700 -0.046384
v 0.005864 -0.058700 -0.046070
v 0.005319 -0.058700 -0.046118
v 0.004932 -0.058700 -0.046505
v 0.004884 -0.058700 -0.047050
v 0.005198 -0.058700 -0.047498
v 0.005727 -0.058700 -0.047640
v 0.000800 -0.058700 -0.044500
v 0.000613 -0.058700 -0.043986
v 0.000139 -0.058700 -0.043712
v -0.000400 -0.058700 -0.043807
v -0.000752 -0.058700 -0.044226
v -0.000752 -0.058700 -0.044774
v -0.000400 -0.058700 -0.045193
v 0.000139 -0.058700 -0.045288
v 0.000613 -0.058700 -0.045014
v -0.005091 -0.058700 -0.046277
v -0.005587 -0.058700 -0.046046
v -0.006116 -0.058700 -0.046188
v -0.006430 -0.058700 -0.046636
v -0.006382 -0.058700 -0.047181
v -0.005995 -0.058700 -0.047568
v -0.005450 -0.058700 -0.047616
v -0.005002 -0.058700 -0.047302
v -0.004860 -0.058700 -0.046773
v -0.008000 -0.058700 -0.051700
v -0.008514 -0.058700 -0.051887
v -0.008788 -0.058700 -0.052361
v -0.008693 -0.058700 -0.052900
v -0.008274 -0.058700 -0.053252
v -0.007726 -0.058700 -0.053252
v -0.007307 -0.058700 -0.052900
v -0.007212 -0.058700 -0.052361
v -0.007486 -0.058700 -0.051887
v -0.006223 -0.058700 -0.057591
v -0.006454 -0.058700 -0.058087
v -0.006312 -0.058700 -0.058616
v -0.005864 -0.058700 -0.058930
v -0.005319 -0.058700 -0.058882
v -0.004932 -0.058700 -0.058495
v -0.004884 -0.058700 -0.057950
v -0.005198 -0.058700 -0.057502
v -0.005727 -0.058700 -0.057360
v -0.009400 -0.053400 -0.033700
v -0.009000 -0.053800 -0.034100
v -0.006100 -0.053800 -0.037000
v 0.009000 -0.053800 -0.034100
v 0.006100 -0.053800 -0.037000
v 0.009400 -0.053400 -0.033700
v 0.009025 -0.034000 -0.063425
v 0.008785 -0.033341 -0.063425
v 0.008178 -0.032991 -0.063425
v 0.007487 -0.033112 -0.063425
v 0.007037 -0.033649 -0.063425
v 0.007037 -0.034351 -0.063425
v 0.007487 -0.034888 -0.063425
v 0.008178 -0.035009 -0.063425
v 0.008785 -0.034659 -0.063425
v 0.009025 -0.034000 -0.060750
v 0.008785 -0.033341 -0.060750
v 0.008178 -0.032991 -0.060750
v 0.007487 -0.033112 -0.060750
v 0.007037 -0.033649 -0.060750
v 0.007037 -0.034351 -0.060750
v 0.007487 -0.034888 -0.060750
v 0.008178 -0.035009 -0.060750
v 0.008785 -0.034659 -0.060750
v -0.009025 -0.034000 -0.060750
v -0.008785 -0.033341 -0.060750
v -0.008178 -0.032991 -0.060750
v -0.007488 -0.033112 -0.060750
v -0.007037 -0.033649 -0.060750
v -0.007037 -0.034351 -0.060750
v -0.007488 -0.034888 -0.060750
v -0.008178 -0.035009 -0.060750
v -0.008785 -0.034659 -0.060750
v -0.009025 -0.034000 -0.063425
v -0.008785 -0.033341 -0.063425
v -0.008178 -0.032991 -0.063425
v -0.007488 -0.033112 -0.063425
v -0.007037 -0.033649 -0.063425
v -0.007037 -0.034351 -0.063425
v -0.007488 -0.034888 -0.063425
v -0.008178 -0.035009 -0.063425
v -0.008785 -0.034659 -0.063425
v 0.000000 -0.021200 -0.062250
v 0.006267 -0.021200 -0.059969
v 0.009602 -0.021200 -0.054193
v 0.008444 -0.021200 -0.047625
v 0.003335 -0.021200 -0.043338
v -0.003335 -0.021200 -0.043338
v -0.008444 -0.021200 -0.047625
v -0.009602 -0.021200 -0.054193
v -0.006267 -0.021200 -0.059969
v 0.000000 -0.021000 -0.062050
v 0.006139 -0.021000 -0.059816
v 0.009405 -0.021000 -0.054158
v 0.009548 -0.021000 -0.052299
v 0.008271 -0.021000 -0.047725
v 0.006609 -0.021000 -0.045607
v 0.003266 -0.021000 -0.043526
v -0.000201 -0.021000 -0.042952
v -0.003266 -0.021000 -0.043526
v -0.006893 -0.021000 -0.045891
v -0.008271 -0.021000 -0.047725
v -0.009405 -0.021000 -0.054158
v -0.006139 -0.021000 -0.059816
v -0.001100 -0.021000 -0.060500
v -0.000843 -0.021000 -0.061207
v -0.000191 -0.021000 -0.061583
v 0.000550 -0.021000 -0.061453
v 0.001034 -0.021000 -0.060876
v 0.001034 -0.021000 -0.060124
v 0.000550 -0.021000 -0.059547
v -0.000191 -0.021000 -0.059417
v -0.000843 -0.021000 -0.059793
v -0.004879 -0.021000 -0.058935
v -0.004561 -0.021000 -0.058253
v -0.004756 -0.021000 -0.057526
v -0.005372 -0.021000 -0.057094
v -0.006122 -0.021000 -0.057160
v -0.006654 -0.021000 -0.057692
v -0.006719 -0.021000 -0.058442
v -0.006288 -0.021000 -0.059058
v -0.005561 -0.021000 -0.059253
v -0.008000 -0.021000 -0.053600
v -0.007293 -0.021000 -0.053343
v -0.006917 -0.021000 -0.052691
v -0.007047 -0.021000 -0.051950
v -0.007624 -0.021000 -0.051466
v -0.008376 -0.021000 -0.051466
v -0.008953 -0.021000 -0.051950
v -0.009083 -0.021000 -0.052691
v -0.008707 -0.021000 -0.053343
v -0.006435 -0.021000 -0.047621
v -0.005753 -0.021000 -0.047939
v -0.005026 -0.021000 -0.047744
v -0.004594 -0.021000 -0.047128
v -0.004660 -0.021000 -0.046378
v -0.005192 -0.021000 -0.045846
v -0.005942 -0.021000 -0.045781
v -0.006558 -0.021000 -0.046212
v -0.006753 -0.021000 -0.046939
v -0.001100 -0.021000 -0.044500
v -0.000843 -0.021000 -0.045207
v -0.000191 -0.021000 -0.045583
v 0.000550 -0.021000 -0.045453
v 0.001034 -0.021000 -0.044876
v 0.001034 -0.021000 -0.044124
v 0.000550 -0.021000 -0.043547
v -0.000191 -0.021000 -0.043417
v -0.000843 -0.021000 -0.043793
v 0.004879 -0.021000 -0.046065
v 0.004561 -0.021000 -0.046747
v 0.004756 -0.021000 -0.047474
v 0.005372 -0.021000 -0.047906
v 0.006122 -0.021000 -0.047840
v 0.006654 -0.021000 -0.047308
v 0.006719 -0.021000 -0.046558
v 0.006288 -0.021000 -0.045942
v 0.005561 -0.021000 -0.045747
v 0.008000 -0.021000 -0.051400
v 0.007293 -0.021000 -0.051657
v 0.006917 -0.021000 -0.052309
v 0.007047 -0.021000 -0.053050
v 0.007624 -0.021000 -0.053534
v 0.008376 -0.021000 -0.053534
v 0.008953 -0.021000 -0.053050
v 0.009083 -0.021000 -0.052309
v 0.008707 -0.021000 -0.051657
v 0.006435 -0.021000 -0.057379
v 0.005753 -0.021000 -0.057061
v 0.005026 -0.021000 -0.057256
v 0.004594 -0.021000 -0.057872
v 0.004660 -0.021000 -0.058622
v 0.005192 -0.021000 -0.059154
v 0.005942 -0.021000 -0.059219
v 0.006558 -0.021000 -0.058788
v 0.006753 -0.021000 -0.058061
v 0.000000 -0.021000 -0.056500
v 0.002571 -0.021000 -0.055564
v 0.003939 -0.021000 -0.053195
v 0.003464 -0.021000 -0.050500
v 0.001368 -0.021000 -0.048741
v -0.001368 -0.021000 -0.048741
v -0.003464 -0.021000 -0.050500
v -0.003939 -0.021000 -0.053195
v -0.002571 -0.021000 -0.055564
v 0.000000 -0.019300 -0.056500
v 0.002571 -0.019300 -0.055564
v 0.003939 -0.019300 -0.053195
v 0.003464 -0.019300 -0.050500
v 0.001368 -0.019300 -0.048741
v -0.001368 -0.019300 -0.048741
v -0.003464 -0.019300 -0.050500
v -0.003939 -0.019300 -0.053195
v -0.002571 -0.019300 -0.055564
v 0.000000 -0.019100 -0.056300
v 0.002443 -0.019100 -0.055411
v 0.003742 -0.019100 -0.053160
v 0.003291 -0.019100 -0.050600
v 0.001300 -0.019100 -0.048929
v -0.001300 -0.019100 -0.048929
v -0.003291 -0.019100 -0.050600
v -0.003742 -0.019100 -0.053160
v -0.002443 -0.019100 -0.055411
v -0.002250 -0.019100 -0.052500
v -0.001724 -0.019100 -0.053946
v -0.000391 -0.019100 -0.054716
v 0.001125 -0.019100 -0.054449
v 0.002114 -0.019100 -0.053270
v 0.002114 -0.019100 -0.051730
v 0.001125 -0.019100 -0.050551
v -0.000391 -0.019100 -0.050284
v -0.001724 -0.019100 -0.051054
v -0.002250 -0.016750 -0.052500
v -0.001724 -0.016750 -0.053946
v -0.000391 -0.016750 -0.054716
v 0.001125 -0.016750 -0.054449
v 0.002114 -0.016750 -0.053270
v 0.002114 -0.016750 -0.051730
v 0.001125 -0.016750 -0.050551
v -0.000391 -0.016750 -0.050284
v -0.001724 -0.016750 -0.051054
v -0.002100 -0.016600 -0.052500
v -0.001609 -0.016600 -0.053850
v -0.000365 -0.016600 -0.054568
v 0.001050 -0.016600 -0.054319
v 0.001973 -0.016600 -0.053218
v 0.001973 -0.016600 -0.051782
v 0.001050 -0.016600 -0.050681
v -0.000365 -0.016600 -0.050432
v -0.001609 -0.016600 -0.051150
v -0.000800 -0.021300 -0.060500
v -0.000613 -0.021300 -0.061014
v -0.000139 -0.021300 -0.061288
v 0.000400 -0.021300 -0.061193
v 0.000752 -0.021300 -0.060774
v 0.000752 -0.021300 -0.060226
v 0.000400 -0.021300 -0.059807
v -0.000139 -0.021300 -0.059712
v -0.000613 -0.021300 -0.059986
v -0.000800 -0.023000 -0.060500
v -0.000613 -0.023000 -0.061014
v -0.000139 -0.023000 -0.061288
v 0.000400 -0.023000 -0.061193
v 0.000752 -0.023000 -0.060774
v 0.000752 -0.023000 -0.060226
v 0.000400 -0.023000 -0.059807
v -0.000139 -0.023000 -0.059712
v -0.000613 -0.023000 -0.059986
v -0.005091 -0.023000 -0.058723
v -0.005587 -0.023000 -0.058954
v -0.006116 -0.023000 -0.058812
v -0.006430 -0.023000 -0.058364
v -0.006382 -0.023000 -0.057819
v -0.005995 -0.023000 -0.057432
v -0.005450 -0.023000 -0.057384
v -0.005002 -0.023000 -0.057698
v -0.004860 -0.023000 -0.058227
v -0.008000 -0.023000 -0.053300
v -0.008514 -0.023000 -0.053113
v -0.008788 -0.023000 -0.052639
v -0.008693 -0.023000 -0.052100
v -0.008274 -0.023000 -0.051748
v -0.007726 -0.023000 -0.051748
v -0.007307 -0.023000 -0.052100
v -0.007212 -0.023000 -0.052639
v -0.007486 -0.023000 -0.053113
v -0.006223 -0.023000 -0.047409
v -0.006454 -0.023000 -0.046913
v -0.006312 -0.023000 -0.046384
v -0.005864 -0.023000 -0.046070
v -0.005319 -0.023000 -0.046118
v -0.004932 -0.023000 -0.046505
v -0.004884 -0.023000 -0.047050
v -0.005198 -0.023000 -0.047498
v -0.005727 -0.023000 -0.047640
v -0.000800 -0.023000 -0.044500
v -0.000613 -0.023000 -0.043986
v -0.000139 -0.023000 -0.043712
v 0.000400 -0.023000 -0.043807
v 0.000752 -0.023000 -0.044226
v 0.000752 -0.023000 -0.044774
v 0.000400 -0.023000 -0.045193
v -0.000139 -0.023000 -0.045288
v -0.000613 -0.023000 -0.045014
v 0.005091 -0.023000 -0.046277
v 0.005587 -0.023000 -0.046046
v 0.006116 -0.023000 -0.046188
v 0.006430 -0.023000 -0.046636
v 0.006382 -0.023000 -0.047181
v 0.005995 -0.023000 -0.047568
v 0.005450 -0.023000 -0.047616
v 0.005002 -0.023000 -0.047302
v 0.004860 -0.023000 -0.046773
v 0.008000 -0.023000 -0.051700
v 0.008514 -0.023000 -0.051887
v 0.008788 -0.023000 -0.052361
v 0.008693 -0.023000 -0.052900
v 0.008274 -0.023000 -0.053252
v 0.007726 -0.023000 -0.053252
v 0.007307 -0.023000 -0.052900
v 0.007212 -0.023000 -0.052361
v 0.007486 -0.023000 -0.051887
v 0.006223 -0.023000 -0.057591
v 0.006454 -0.023000 -0.058087
v 0.006312 -0.023000 -0.058616
v 0.005864 -0.023000 -0.058930
v 0.005319 -0.023000 -0.058882
v 0.004932 -0.023000 -0.058495
v 0.004884 -0.023000 -0.057950
v 0.005198 -0.023000 -0.057502
v 0.005727 -0.023000 -0.057360
v -0.005091 -0.021300 -0.058723
v -0.005587 -0.021300 -0.058954
v -0.006116 -0.021300 -0.058812
v -0.006430 -0.021300 -0.058364
v -0.006382 -0.021300 -0.057819
v -0.005995 -0.021300 -0.057432
v -0.005450 -0.021300 -0.057384
v -0.005002 -0.021300 -0.057698
v -0.004860 -0.021300 -0.058227
v -0.008000 -0.021300 -0.053300
v -0.008514 -0.021300 -0.053113
v -0.008788 -0.021300 -0.052639
v -0.008693 -0.021300 -0.052100
v -0.008274 -0.021300 -0.051748
v -0.007726 -0.021300 -0.051748
v -0.007307 -0.021300 -0.052100
v -0.007212 -0.021300 -0.052639
v -0.007486 -0.021300 -0.053113
v -0.006223 -0.021300 -0.047409
v -0.006454 -0.021300 -0.046913
v -0.006312 -0.021300 -0.046384
v -0.005864 -0.021300 -0.046070
v -0.005319 -0.021300 -0.046118
v -0.004932 -0.021300 -0.046505
v -0.004884 -0.021300 -0.047050
v -0.005198 -0.021300 -0.047498
v -0.005727 -0.021300 -0.047640
v -0.000800 -0.021300 -0.044500
v -0.000613 -0.021300 -0.043986
v -0.000139 -0.021300 -0.043712
v 0.000400 -0.021300 -0.043807
v 0.000752 -0.021300 -0.044226
v 0.000752 -0.021300 -0.044774
v 0.000400 -0.021300 -0.045193
v -0.000139 -0.021300 -0.045288
v -0.000613 -0.021300 -0.045014
v 0.005091 -0.021300 -0.046277
v 0.005587 -0.021300 -0.046046
v 0.006116 -0.021300 -0.046188
v 0.006430 -0.021300 -0.046636
v 0.006382 -0.021300 -0.047181
v 0.005995 -0.021300 -0.047568
v 0.005450 -0.021300 -0.047616
v 0.005002 -0.021300 -0.047302
v 0.004860 -0.021300 -0.046773
v 0.008000 -0.021300 -0.051700
v 0.008514 -0.021300 -0.051887
v 0.008788 -0.021300 -0.052361
v 0.008693 -0.021300 -0.052900
v 0.008274 -0.021300 -0.053252
v 0.007726 -0.021300 -0.053252
v 0.007307 -0.021300 -0.052900
v 0.007212 -0.021300 -0.052361
v 0.007486 -0.021300 -0.051887
v 0.006223 -0.021300 -0.057591
v 0.006454 -0.021300 -0.058087
v 0.006312 -0.021300 -0.058616
v 0.005864 -0.021300 -0.058930
v 0.005319 -0.021300 -0.058882
v 0.004932 -0.021300 -0.058495
v 0.004884 -0.021300 -0.057950
v 0.005198 -0.021300 -0.057502
v 0.005727 -0.021300 -0.057360
v -0.017000 -0.021000 -0.013850
v -0.017000 -0.033084 -0.013850
v -0.017000 -0.034850 -0.012084
v -0.017000 -0.034850 0.012084
v -0.017000 -0.033084 0.013850
v -0.017000 -0.021000 0.013850
v -0.017000 -0.021000 0.009400
v -0.017000 -0.018800 0.009400
v -0.017000 -0.015500 0.006100
v -0.017000 -0.015500 -0.006100
v -0.017000 -0.018800 -0.009400
v -0.017000 -0.021000 -0.009400
v -0.017000 -0.032000 0.013400
v -0.017000 -0.033543 0.012839
v -0.017000 -0.034364 0.011417
v -0.017000 -0.034078 0.009800
v -0.017000 -0.032821 0.008745
v -0.017000 -0.031179 0.008745
v -0.017000 -0.029922 0.009800
v -0.017000 -0.029636 0.011417
v -0.017000 -0.030457 0.012839
v -0.017000 -0.032000 -0.008600
v -0.017000 -0.033543 -0.009161
v -0.017000 -0.034364 -0.010583
v -0.017000 -0.034078 -0.012200
v -0.017000 -0.032821 -0.013255
v -0.017000 -0.031179 -0.013255
v -0.017000 -0.029922 -0.012200
v -0.017000 -0.029636 -0.010583
v -0.017000 -0.030457 -0.009161
v -0.017000 -0.004750 0.000000
v -0.017000 -0.003639 0.003053
v -0.017000 -0.000825 0.004678
v -0.017000 0.002375 0.004114
v -0.017000 0.004464 0.001625
v -0.017000 0.004464 -0.001625
v -0.017000 0.002375 -0.004114
v -0.017000 -0.000825 -0.004678
v -0.017000 -0.003639 -0.003053
v -0.017000 -0.007946 -0.005650
v -0.017000 -0.003653 -0.009040
v -0.017000 0.001791 -0.009584
v -0.017000 0.006670 -0.007111
v -0.017000 0.009450 -0.002400
v -0.017000 0.009450 -0.003500
v -0.017000 0.010850 -0.003500
v -0.017000 0.010850 -0.012084
v -0.017000 0.009084 -0.013850
v -0.017000 -0.008000 -0.013850
v -0.017000 -0.008000 -0.005650
v -0.017000 0.008000 -0.008600
v -0.017000 0.006457 -0.009161
v -0.017000 0.005636 -0.010583
v -0.017000 0.005922 -0.012200
v -0.017000 0.007179 -0.013255
v -0.017000 0.008821 -0.013255
v -0.017000 0.010078 -0.012200
v -0.017000 0.010364 -0.010583
v -0.017000 0.009543 -0.009161
v -0.017000 0.009450 0.002400
v -0.017000 0.006670 0.007111
v -0.017000 0.001791 0.009584
v -0.017000 -0.003653 0.009040
v -0.017000 -0.007946 0.005650
v -0.017000 -0.008000 0.005650
v -0.017000 -0.008000 0.013850
v -0.017000 0.009084 0.013850
v -0.017000 0.010850 0.012084
v -0.017000 0.010850 0.003500
v -0.017000 0.009450 0.003500
v -0.017000 0.008000 0.013400
v -0.017000 0.006457 0.012839
v -0.017000 0.005636 0.011417
v -0.017000 0.005922 0.009800
v -0.017000 0.007179 0.008745
v -0.017000 0.008821 0.008745
v -0.017000 0.010078 0.009800
v -0.017000 0.010364 0.011417
v -0.017000 0.009543 0.012839
v -0.014200 0.008000 0.013400
v -0.014200 0.006457 0.012839
v -0.014200 0.005636 0.011417
v -0.014200 0.005922 0.009800
v -0.014200 0.007179 0.008745
v -0.014200 0.008821 0.008745
v -0.014200 0.010078 0.009800
v -0.014200 0.010364 0.011417
v -0.014200 0.009543 0.012839
v -0.014200 0.008000 0.012300
v -0.014200 0.007164 0.011996
v -0.014200 0.006720 0.011226
v -0.014200 0.006874 0.010350
v -0.014200 0.007555 0.009778
v -0.014200 0.008445 0.009778
v -0.014200 0.009126 0.010350
v -0.014200 0.009280 0.011226
v -0.014200 0.008836 0.011996
v -0.014200 0.008000 -0.008600
v -0.014200 0.009543 -0.009161
v -0.014200 0.010364 -0.010583
v -0.014200 0.010078 -0.012200
v -0.014200 0.008821 -0.013255
v -0.014200 0.007179 -0.013255
v -0.014200 0.005922 -0.012200
v -0.014200 0.005636 -0.010583
v -0.014200 0.006457 -0.009161
v -0.014200 0.008000 -0.009700
v -0.014200 0.007164 -0.010004
v -0.014200 0.006720 -0.010774
v -0.014200 0.006874 -0.011650
v -0.014200 0.007555 -0.012222
v -0.014200 0.008445 -0.012222
v -0.014200 0.009126 -0.011650
v -0.014200 0.009280 -0.010774
v -0.014200 0.008836 -0.010004
v -0.014200 -0.032000 0.013400
v -0.014200 -0.030457 0.012839
v -0.014200 -0.029636 0.011417
v -0.014200 -0.029922 0.009800
v -0.014200 -0.031179 0.008745
v -0.014200 -0.032821 0.008745
v -0.014200 -0.034078 0.009800
v -0.014200 -0.034364 0.011417
v -0.014200 -0.033543 0.012839
v -0.014200 -0.032000 0.012300
v -0.014200 -0.032836 0.011996
v -0.014200 -0.033280 0.011226
v -0.014200 -0.033126 0.010350
v -0.014200 -0.032445 0.009778
v -0.014200 -0.031555 0.009778
v -0.014200 -0.030874 0.010350
v -0.014200 -0.030720 0.011226
v -0.014200 -0.031164 0.011996
v -0.014200 -0.032000 -0.008600
v -0.014200 -0.030457 -0.009161
v -0.014200 -0.029636 -0.010583
v -0.014200 -0.029922 -0.012200
v -0.014200 -0.031179 -0.013255
v -0.014200 -0.032821 -0.013255
v -0.014200 -0.034078 -0.012200
v -0.014200 -0.034364 -0.010583
v -0.014200 -0.033543 -0.009161
v -0.014200 -0.032000 -0.009700
v -0.014200 -0.032836 -0.010004
v -0.014200 -0.033280 -0.010774
v -0.014200 -0.033126 -0.011650
v -0.014200 -0.032445 -0.012222
v -0.014200 -0.031555 -0.012222
v -0.014200 -0.030874 -0.011650
v -0.014200 -0.030720 -0.010774
v -0.014200 -0.031164 -0.010004
v -0.008000 0.008000 0.012300
v -0.008000 0.007164 0.011996
v -0.008000 0.006720 0.011226
v -0.008000 0.006874 0.010350
v -0.008000 0.007555 0.009778
v -0.008000 0.008445 0.009778
v -0.008000 0.009126 0.010350
v -0.008000 0.009280 0.011226
v -0.008000 0.008836 0.011996
v -0.008000 0.008000 0.012350
v -0.008000 0.007132 0.012034
v -0.008000 0.006671 0.011234
v -0.008000 0.006831 0.010325
v -0.008000 0.007538 0.009731
v -0.008000 0.008462 0.009731
v -0.008000 0.009169 0.010325
v -0.008000 0.009329 0.011234
v -0.008000 0.008868 0.012034
v -0.007675 0.008000 0.012025
v -0.007675 0.007341 0.011785
v -0.007675 0.006991 0.011178
v -0.007675 0.007112 0.010488
v -0.007675 0.007649 0.010037
v -0.007675 0.008351 0.010037
v -0.007675 0.008888 0.010488
v -0.007675 0.009009 0.011178
v -0.007675 0.008659 0.011785
v -0.001500 0.008000 0.012025
v -0.001500 0.007341 0.011785
v -0.001500 0.006991 0.011178
v -0.001500 0.007112 0.010488
v -0.001500 0.007649 0.010037
v -0.001500 0.008351 0.010037
v -0.001500 0.008888 0.010488
v -0.001500 0.009009 0.011178
v -0.001500 0.008659 0.011785
v -0.000884 0.008000 0.011000
v -0.008000 0.008000 -0.009700
v -0.008000 0.007164 -0.010004
v -0.008000 0.006720 -0.010774
v -0.008000 0.006874 -0.011650
v -0.008000 0.007555 -0.012222
v -0.008000 0.008445 -0.012222
v -0.008000 0.009126 -0.011650
v -0.008000 0.009280 -0.010774
v -0.008000 0.008836 -0.010004
v -0.008000 0.008000 -0.009650
v -0.008000 0.007132 -0.009966
v -0.008000 0.006671 -0.010766
v -0.008000 0.006831 -0.011675
v -0.008000 0.007538 -0.012269
v -0.008000 0.008462 -0.012269
v -0.008000 0.009169 -0.011675
v -0.008000 0.009329 -0.010766
v -0.008000 0.008868 -0.009966
v -0.007675 0.008000 -0.009975
v -0.007675 0.007341 -0.010215
v -0.007675 0.006991 -0.010822
v -0.007675 0.007112 -0.011512
v -0.007675 0.007649 -0.011963
v -0.007675 0.008351 -0.011963
v -0.007675 0.008888 -0.011512
v -0.007675 0.009009 -0.010822
v -0.007675 0.008659 -0.010215
v -0.001500 0.008000 -0.009975
v -0.001500 0.007341 -0.010215
v -0.001500 0.006991 -0.010822
v -0.001500 0.007112 -0.011512
v -0.001500 0.007649 -0.011963
v -0.001500 0.008351 -0.011963
v -0.001500 0.008888 -0.011512
v -0.001500 0.009009 -0.010822
v -0.001500 0.008659 -0.010215
v -0.000884 0.008000 -0.011000
v -0.008000 -0.032000 0.012300
v -0.008000 -0.032836 0.011996
v -0.008000 -0.033280 0.011226
v -0.008000 -0.033126 0.010350
v -0.008000 -0.032445 0.009778
v -0.008000 -0.031555 0.009778
v -0.008000 -0.030874 0.010350
v -0.008000 -0.030720 0.011226
v -0.008000 -0.031164 0.011996
v -0.008000 -0.032000 0.012350
v -0.008000 -0.032868 0.012034
v -0.008000 -0.033329 0.011234
v -0.008000 -0.033169 0.010325
v -0.008000 -0.032462 0.009731
v -0.008000 -0.031538 0.009731
v -0.008000 -0.030831 0.010325
v -0.008000 -0.030671 0.011234
v -0.008000 -0.031132 0.012034
v -0.007675 -0.032000 0.012025
v -0.007675 -0.032659 0.011785
v -0.007675 -0.033009 0.011178
v -0.007675 -0.032888 0.010488
v -0.007675 -0.032351 0.010037
v -0.007675 -0.031649 0.010037
v -0.007675 -0.031112 0.010488
v -0.007675 -0.030991 0.011178
v -0.007675 -0.031341 0.011785
v -0.001500 -0.032000 0.012025
v -0.001500 -0.032659 0.011785
v -0.001500 -0.033009 0.011178
v -0.001500 -0.032888 0.010488
v -0.001500 -0.032351 0.010037
v -0.001500 -0.031649 0.010037
v -0.001500 -0.031112 0.010488
v -0.001500 -0.030991 0.011178
v -0.001500 -0.031341 0.011785
v -0.000884 -0.032000 0.011000
v -0.008000 -0.032000 -0.009700
v -0.008000 -0.032836 -0.010004
v -0.008000 -0.033280 -0.010774
v -0.008000 -0.033126 -0.011650
v -0.008000 -0.032445 -0.012222
v -0.008000 -0.031555 -0.012222
v -0.008000 -0.030874 -0.011650
v -0.008000 -0.030720 -0.010774
v -0.008000 -0.031164 -0.010004
v -0.008000 -0.032000 -0.009650
v -0.008000 -0.032868 -0.009966
v -0.008000 -0.033329 -0.010766
v -0.008000 -0.033169 -0.011675
v -0.008000 -0.032462 -0.012269
v -0.008000 -0.031538 -0.012269
v -0.008000 -0.030831 -0.011675
v -0.008000 -0.030671 -0.010766
v -0.008000 -0.031132 -0.009966
v -0.007675 -0.032000 -0.009975
v -0.007675 -0.032659 -0.010215
v -0.007675 -0.033009 -0.010822
v -0.007675 -0.032888 -0.011512
v -0.007675 -0.032351 -0.011963
v -0.007675 -0.031649 -0.011963
v -0.007675 -0.031112 -0.011512
v -0.007675 -0.030991 -0.010822
v -0.007675 -0.031341 -0.010215
v -0.001500 -0.032000 -0.009975
v -0.001500 -0.032659 -0.010215
v -0.001500 -0.033009 -0.010822
v -0.001500 -0.032888 -0.011512
v -0.001500 -0.032351 -0.011963
v -0.001500 -0.031649 -0.011963
v -0.001500 -0.031112 -0.011512
v -0.001500 -0.030991 -0.010822
v -0.001500 -0.031341 -0.010215
v -0.000884 -0.032000 -0.011000
v -0.016600 -0.021000 -0.014250
v -0.016600 -0.033250 -0.014250
v -0.008500 -0.021000 -0.009400
v -0.008500 -0.021000 -0.014250
v -0.016600 -0.021000 0.014250
v -0.008500 -0.021000 0.014250
v -0.008500 -0.021000 0.009400
v 0.016600 0.009250 -0.014250
v 0.016600 -0.033250 -0.014250
v -0.008500 -0.008000 -0.014250
v -0.016600 -0.008000 -0.014250
v -0.016600 0.009250 -0.014250
v 0.006000 -0.002650 -0.014250
v 0.005132 -0.002966 -0.014250
v 0.004671 -0.003766 -0.014250
v 0.004831 -0.004675 -0.014250
v 0.005538 -0.005269 -0.014250
v 0.006462 -0.005269 -0.014250
v 0.007169 -0.004675 -0.014250
v 0.007329 -0.003766 -0.014250
v 0.006868 -0.002966 -0.014250
v -0.006000 -0.026650 -0.014250
v -0.006868 -0.026966 -0.014250
v -0.007329 -0.027766 -0.014250
v -0.007169 -0.028675 -0.014250
v -0.006462 -0.029269 -0.014250
v -0.005538 -0.029269 -0.014250
v -0.004831 -0.028675 -0.014250
v -0.004671 -0.027766 -0.014250
v -0.005132 -0.026966 -0.014250
v 0.006000 -0.026650 -0.014250
v 0.005132 -0.026966 -0.014250
v 0.004671 -0.027766 -0.014250
v 0.004831 -0.028675 -0.014250
v 0.005538 -0.029269 -0.014250
v 0.006462 -0.029269 -0.014250
v 0.007169 -0.028675 -0.014250
v 0.007329 -0.027766 -0.014250
v 0.006868 -0.026966 -0.014250
v -0.006000 -0.005350 -0.014250
v -0.005132 -0.005034 -0.014250
v -0.004671 -0.004234 -0.014250
v -0.004831 -0.003325 -0.014250
v -0.005538 -0.002731 -0.014250
v -0.006462 -0.002731 -0.014250
v -0.007169 -0.003325 -0.014250
v -0.007329 -0.004234 -0.014250
v -0.006868 -0.005034 -0.014250
v -0.006000 -0.005025 -0.013925
v -0.005341 -0.004785 -0.013925
v -0.004991 -0.004178 -0.013925
v -0.005112 -0.003487 -0.013925
v -0.005649 -0.003037 -0.013925
v -0.006351 -0.003037 -0.013925
v -0.006888 -0.003487 -0.013925
v -0.007009 -0.004178 -0.013925
v -0.006659 -0.004785 -0.013925
v -0.006000 -0.005025 -0.011250
v -0.005341 -0.004785 -0.011250
v -0.004991 -0.004178 -0.011250
v -0.005112 -0.003487 -0.011250
v -0.005649 -0.003037 -0.011250
v -0.006351 -0.003037 -0.011250
v -0.006888 -0.003487 -0.011250
v -0.007009 -0.004178 -0.011250
v -0.006659 -0.004785 -0.011250
v 0.006000 -0.002975 -0.011250
v 0.006659 -0.003215 -0.011250
v 0.007009 -0.003822 -0.011250
v 0.006888 -0.004513 -0.011250
v 0.006351 -0.004963 -0.011250
v 0.005649 -0.004963 -0.011250
v 0.005112 -0.004513 -0.011250
v 0.004991 -0.003822 -0.011250
v 0.005341 -0.003215 -0.011250
v -0.006000 -0.026975 -0.011250
v -0.005341 -0.027215 -0.011250
v -0.004991 -0.027822 -0.011250
v -0.005112 -0.028512 -0.011250
v -0.005649 -0.028963 -0.011250
v -0.006351 -0.028963 -0.011250
v -0.006888 -0.028512 -0.011250
v -0.007009 -0.027822 -0.011250
v -0.006659 -0.027215 -0.011250
v 0.006000 -0.026975 -0.011250
v 0.006659 -0.027215 -0.011250
v 0.007009 -0.027822 -0.011250
v 0.006888 -0.028513 -0.011250
v 0.006351 -0.028963 -0.011250
v 0.005649 -0.028963 -0.011250
v 0.005112 -0.028513 -0.011250
v 0.004991 -0.027822 -0.011250
v 0.005341 -0.027215 -0.011250
v 0.006000 -0.002975 -0.013925
v 0.006659 -0.003215 -0.013925
v 0.007009 -0.003822 -0.013925
v 0.006888 -0.004513 -0.013925
v 0.006351 -0.004963 -0.013925
v 0.005649 -0.004963 -0.013925
v 0.005112 -0.004513 -0.013925
v 0.004991 -0.003822 -0.013925
v 0.005341 -0.003215 -0.013925
v -0.006000 -0.026975 -0.013925
v -0.005341 -0.027215 -0.013925
v -0.004991 -0.027822 -0.013925
v -0.005112 -0.028512 -0.013925
v -0.005649 -0.028963 -0.013925
v -0.006351 -0.028963 -0.013925
v -0.006888 -0.028512 -0.013925
v -0.007009 -0.027822 -0.013925
v -0.006659 -0.027215 -0.013925
v 0.006000 -0.026975 -0.013925
v 0.006659 -0.027215 -0.013925
v 0.007009 -0.027822 -0.013925
v 0.006888 -0.028513 -0.013925
v 0.006351 -0.028963 -0.013925
v 0.005649 -0.028963 -0.013925
v 0.005112 -0.028513 -0.013925
v 0.004991 -0.027822 -0.013925
v 0.005341 -0.027215 -0.013925
v 0.017000 0.009084 -0.013850
v 0.017000 -0.033084 -0.013850
v 0.016600 -0.035250 -0.012250
v 0.017000 -0.034850 -0.012084
v -0.016600 -0.035250 -0.012250
v -0.016600 -0.035250 0.012250
v 0.016600 -0.035250 0.012250
v 0.006000 -0.035250 0.006650
v 0.005132 -0.035250 0.006966
v 0.004671 -0.035250 0.007766
v 0.004831 -0.035250 0.008675
v 0.005538 -0.035250 0.009269
v 0.006462 -0.035250 0.009269
v 0.007169 -0.035250 0.008675
v 0.007329 -0.035250 0.007766
v 0.006868 -0.035250 0.006966
v -0.006000 -0.035250 -0.009350
v -0.006868 -0.035250 -0.009034
v -0.007329 -0.035250 -0.008234
v -0.007169 -0.035250 -0.007325
v -0.006462 -0.035250 -0.006731
v -0.005538 -0.035250 -0.006731
v -0.004831 -0.035250 -0.007325
v -0.004671 -0.035250 -0.008234
v -0.005132 -0.035250 -0.009034
v -0.006000 -0.035250 0.006650
v -0.006868 -0.035250 0.006966
v -0.007329 -0.035250 0.007766
v -0.007169 -0.035250 0.008675
v -0.006462 -0.035250 0.009269
v -0.005538 -0.035250 0.009269
v -0.004831 -0.035250 0.008675
v -0.004671 -0.035250 0.007766
v -0.005132 -0.035250 0.006966
v 0.006000 -0.035250 -0.006650
v 0.006868 -0.035250 -0.006966
v 0.007329 -0.035250 -0.007766
v 0.007169 -0.035250 -0.008675
v 0.006462 -0.035250 -0.009269
v 0.005538 -0.035250 -0.009269
v 0.004831 -0.035250 -0.008675
v 0.004671 -0.035250 -0.007766
v 0.005132 -0.035250 -0.006966
v 0.006000 -0.034925 -0.006975
v 0.006659 -0.034925 -0.007215
v 0.007009 -0.034925 -0.007822
v 0.006888 -0.034925 -0.008512
v 0.006351 -0.034925 -0.008963
v 0.005649 -0.034925 -0.008963
v 0.005112 -0.034925 -0.008512
v 0.004991 -0.034925 -0.007822
v 0.005341 -0.034925 -0.007215
v 0.006000 -0.032250 -0.006975
v 0.006659 -0.032250 -0.007215
v 0.007009 -0.032250 -0.007822
v 0.006888 -0.032250 -0.008512
v 0.006351 -0.032250 -0.008963
v 0.005649 -0.032250 -0.008963
v 0.005112 -0.032250 -0.008512
v 0.004991 -0.032250 -0.007822
v 0.005341 -0.032250 -0.007215
v 0.006000 -0.032250 0.006975
v 0.006659 -0.032250 0.007215
v 0.007009 -0.032250 0.007822
v 0.006888 -0.032250 0.008513
v 0.006351 -0.032250 0.008963
v 0.005649 -0.032250 0.008963
v 0.005112 -0.032250 0.008513
v 0.004991 -0.032250 0.007822
v 0.005341 -0.032250 0.007215
v -0.006000 -0.032250 -0.009025
v -0.005341 -0.032250 -0.008785
v -0.004991 -0.032250 -0.008178
v -0.005112 -0.032250 -0.007487
v -0.005649 -0.032250 -0.007037
v -0.006351 -0.032250 -0.007037
v -0.006888 -0.032250 -0.007487
v -0.007009 -0.032250 -0.008178
v -0.006659 -0.032250 -0.008785
v -0.006000 -0.032250 0.006975
v -0.005341 -0.032250 0.007215
v -0.004991 -0.032250 0.007822
v -0.005112 -0.032250 0.008513
v -0.005649 -0.032250 0.008963
v -0.006351 -0.032250 0.008963
v -0.006888 -0.032250 0.008513
v -0.007009 -0.032250 0.007822
v -0.006659 -0.032250 0.007215
v 0.006000 -0.034925 0.006975
v 0.006659 -0.034925 0.007215
v 0.007009 -0.034925 0.007822
v 0.006888 -0.034925 0.008513
v 0.006351 -0.034925 0.008963
v 0.005649 -0.034925 0.008963
v 0.005112 -0.034925 0.008513
v 0.004991 -0.034925 0.007822
v 0.005341 -0.034925 0.007215
v -0.006000 -0.034925 -0.009025
v -0.005341 -0.034925 -0.008785
v -0.004991 -0.034925 -0.008178
v -0.005112 -0.034925 -0.007487
v -0.005649 -0.034925 -0.007037
v -0.006351 -0.034925 -0.007037
v -0.006888 -0.034925 -0.007487
v -0.007009 -0.034925 -0.008178
v -0.006659 -0.034925 -0.008785
v -0.006000 -0.034925 0.006975
v -0.005341 -0.034925 0.007215
v -0.004991 -0.034925 0.007822
v -0.005112 -0.034925 0.008513
v -0.005649 -0.034925 0.008963
v -0.006351 -0.034925 0.008963
v -0.006888 -0.034925 0.008513
v -0.007009 -0.034925 0.007822
v -0.006659 -0.034925 0.007215
v 0.017000 -0.034850 0.012084
v 0.016600 -0.033250 0.014250
v 0.017000 -0.033084 0.013850
v -0.016600 -0.033250 0.014250
v 0.016600 0.009250 0.014250
v -0.016600 0.009250 0.014250
v -0.016600 -0.008000 0.014250
v -0.008500 -0.008000 0.014250
v 0.006000 -0.002650 0.014250
v 0.006868 -0.002966 0.014250
v 0.007329 -0.003766 0.014250
v 0.007169 -0.004675 0.014250
v 0.006462 -0.005269 0.014250
v 0.005538 -0.005269 0.014250
v 0.004831 -0.004675 0.014250
v 0.004671 -0.003766 0.014250
v 0.005132 -0.002966 0.014250
v -0.006000 -0.026650 0.014250
v -0.005132 -0.026966 0.014250
v -0.004671 -0.027766 0.014250
v -0.004831 -0.028675 0.014250
v -0.005538 -0.029269 0.014250
v -0.006462 -0.029269 0.014250
v -0.007169 -0.028675 0.014250
v -0.007329 -0.027766 0.014250
v -0.006868 -0.026966 0.014250
v 0.006000 -0.026650 0.014250
v 0.006868 -0.026966 0.014250
v 0.007329 -0.027766 0.014250
v 0.007169 -0.028675 0.014250
v 0.006462 -0.029269 0.014250
v 0.005538 -0.029269 0.014250
v 0.004831 -0.028675 0.014250
v 0.004671 -0.027766 0.014250
v 0.005132 -0.026966 0.014250
v -0.006000 -0.002650 0.014250
v -0.005132 -0.002966 0.014250
v -0.004671 -0.003766 0.014250
v -0.004831 -0.004675 0.014250
v -0.005538 -0.005269 0.014250
v -0.006462 -0.005269 0.014250
v -0.007169 -0.004675 0.014250
v -0.007329 -0.003766 0.014250
v -0.006868 -0.002966 0.014250
v -0.006000 -0.002975 0.013925
v -0.005341 -0.003215 0.013925
v -0.004991 -0.003822 0.013925
v -0.005112 -0.004512 0.013925
v -0.005649 -0.004963 0.013925
v -0.006351 -0.004963 0.013925
v -0.006888 -0.004512 0.013925
v -0.007009 -0.003822 0.013925
v -0.006659 -0.003215 0.013925
v -0.006000 -0.002975 0.011250
v -0.005341 -0.003215 0.011250
v -0.004991 -0.003822 0.011250
v -0.005112 -0.004512 0.011250
v -0.005649 -0.004963 0.011250
v -0.006351 -0.004963 0.011250
v -0.006888 -0.004512 0.011250
v -0.007009 -0.003822 0.011250
v -0.006659 -0.003215 0.011250
v 0.006000 -0.005025 0.011250
v 0.006659 -0.004785 0.011250
v 0.007009 -0.004178 0.011250
v 0.006888 -0.003488 0.011250
v 0.006351 -0.003037 0.011250
v 0.005649 -0.003037 0.011250
v 0.005112 -0.003488 0.011250
v 0.004991 -0.004178 0.011250
v 0.005341 -0.004785 0.011250
v -0.006000 -0.029025 0.011250
v -0.005341 -0.028785 0.011250
v -0.004991 -0.028178 0.011250
v -0.005112 -0.027487 0.011250
v -0.005649 -0.027037 0.011250
v -0.006351 -0.027037 0.011250
v -0.006888 -0.027487 0.011250
v -0.007009 -0.028178 0.011250
v -0.006659 -0.028785 0.011250
v 0.006000 -0.029025 0.011250
v 0.006659 -0.028785 0.011250
v 0.007009 -0.028178 0.011250
v 0.006888 -0.027488 0.011250
v 0.006351 -0.027037 0.011250
v 0.005649 -0.027037 0.011250
v 0.005112 -0.027488 0.011250
v 0.004991 -0.028178 0.011250
v 0.005341 -0.028785 0.011250
v 0.006000 -0.005025 0.013925
v 0.006659 -0.004785 0.013925
v 0.007009 -0.004178 0.013925
v 0.006888 -0.003488 0.013925
v 0.006351 -0.003037 0.013925
v 0.005649 -0.003037 0.013925
v 0.005112 -0.003488 0.013925
v 0.004991 -0.004178 0.013925
v 0.005341 -0.004785 0.013925
v -0.006000 -0.029025 0.013925
v -0.005341 -0.028785 0.013925
v -0.004991 -0.028178 0.013925
v -0.005112 -0.027487 0.013925
v -0.005649 -0.027037 0.013925
v -0.006351 -0.027037 0.013925
v -0.006888 -0.027487 0.013925
v -0.007009 -0.028178 0.013925
v -0.006659 -0.028785 0.013925
v 0.006000 -0.029025 0.013925
v 0.006659 -0.028785 0.013925
v 0.007009 -0.028178 0.013925
v 0.006888 -0.027488 0.013925
v 0.006351 -0.027037 0.013925
v 0.005649 -0.027037 0.013925
v 0.005112 -0.027488 0.013925
v 0.004991 -0.028178 0.013925
v 0.005341 -0.028785 0.013925
v 0.017000 0.009084 0.013850
v 0.017000 0.010850 0.012084
v 0.016600 0.011250 0.012250
v 0.017000 0.010850 -0.012084
v 0.017000 0.008000 0.008600
v 0.017000 0.006457 0.009161
v 0.017000 0.005636 0.010583
v 0.017000 0.005922 0.012200
v 0.017000 0.007179 0.013255
v 0.017000 0.008821 0.013255
v 0.017000 0.010078 0.012200
v 0.017000 0.010364 0.010583
v 0.017000 0.009543 0.009161
v 0.017000 -0.032000 -0.013400
v 0.017000 -0.033543 -0.012839
v 0.017000 -0.034364 -0.011417
v 0.017000 -0.034078 -0.009800
v 0.017000 -0.032821 -0.008745
v 0.017000 -0.031179 -0.008745
v 0.017000 -0.029922 -0.009800
v 0.017000 -0.029636 -0.011417
v 0.017000 -0.030457 -0.012839
v 0.017000 -0.032000 0.008600
v 0.017000 -0.033543 0.009161
v 0.017000 -0.034364 0.010583
v 0.017000 -0.034078 0.012200
v 0.017000 -0.032821 0.013255
v 0.017000 -0.031179 0.013255
v 0.017000 -0.029922 0.012200
v 0.017000 -0.029636 0.010583
v 0.017000 -0.030457 0.009161
v 0.017000 -0.008000 -0.009650
v 0.017000 -0.007132 -0.009966
v 0.017000 -0.006671 -0.010766
v 0.017000 -0.006831 -0.011675
v 0.017000 -0.007538 -0.012269
v 0.017000 -0.008462 -0.012269
v 0.017000 -0.009169 -0.011675
v 0.017000 -0.009329 -0.010766
v 0.017000 -0.008868 -0.009966
v 0.017000 -0.008000 0.012350
v 0.017000 -0.007132 0.012034
v 0.017000 -0.006671 0.011234
v 0.017000 -0.006831 0.010325
v 0.017000 -0.007538 0.009731
v 0.017000 -0.008462 0.009731
v 0.017000 -0.009169 0.010325
v 0.017000 -0.009329 0.011234
v 0.017000 -0.008868 0.012034
v 0.017000 0.008000 -0.013400
v 0.017000 0.006457 -0.012839
v 0.017000 0.005636 -0.011417
v 0.017000 0.005922 -0.009800
v 0.017000 0.007179 -0.008745
v 0.017000 0.008821 -0.008745
v 0.017000 0.010078 -0.009800
v 0.017000 0.010364 -0.011417
v 0.017000 0.009543 -0.012839
v 0.017000 0.009750 0.000000
v 0.017000 0.007469 -0.006267
v 0.017000 0.001693 -0.009602
v 0.017000 -0.004875 -0.008444
v 0.017000 -0.009162 -0.003335
v 0.017000 -0.009162 0.003335
v 0.017000 -0.004875 0.008444
v 0.017000 0.001693 0.009602
v 0.017000 0.007469 0.006267
v 0.014200 0.008000 -0.013400
v 0.014200 0.006457 -0.012839
v 0.014200 0.005636 -0.011417
v 0.014200 0.005922 -0.009800
v 0.014200 0.007179 -0.008745
v 0.014200 0.008821 -0.008745
v 0.014200 0.010078 -0.009800
v 0.014200 0.010364 -0.011417
v 0.014200 0.009543 -0.012839
v 0.014200 0.008000 -0.012300
v 0.014200 0.007164 -0.011996
v 0.014200 0.006720 -0.011226
v 0.014200 0.006874 -0.010350
v 0.014200 0.007555 -0.009778
v 0.014200 0.008445 -0.009778
v 0.014200 0.009126 -0.010350
v 0.014200 0.009280 -0.011226
v 0.014200 0.008836 -0.011996
v 0.014200 0.008000 0.008600
v 0.014200 0.009543 0.009161
v 0.014200 0.010364 0.010583
v 0.014200 0.010078 0.012200
v 0.014200 0.008821 0.013255
v 0.014200 0.007179 0.013255
v 0.014200 0.005922 0.012200
v 0.014200 0.005636 0.010583
v 0.014200 0.006457 0.009161
v 0.014200 0.008000 0.009700
v 0.014200 0.007164 0.010004
v 0.014200 0.006720 0.010774
v 0.014200 0.006874 0.011650
v 0.014200 0.007555 0.012222
v 0.014200 0.008445 0.012222
v 0.014200 0.009126 0.011650
v 0.014200 0.009280 0.010774
v 0.014200 0.008836 0.010004
v 0.014200 -0.032000 -0.013400
v 0.014200 -0.030457 -0.012839
v 0.014200 -0.029636 -0.011417
v 0.014200 -0.029922 -0.009800
v 0.014200 -0.031179 -0.008745
v 0.014200 -0.032821 -0.008745
v 0.014200 -0.034078 -0.009800
v 0.014200 -0.034364 -0.011417
v 0.014200 -0.033543 -0.012839
v 0.014200 -0.032000 -0.012300
v 0.014200 -0.032836 -0.011996
v 0.014200 -0.033280 -0.011226
v 0.014200 -0.033126 -0.010350
v 0.014200 -0.032445 -0.009778
v 0.014200 -0.031555 -0.009778
v 0.014200 -0.030874 -0.010350
v 0.014200 -0.030720 -0.011226
v 0.014200 -0.031164 -0.011996
v 0.014200 -0.032000 0.008600
v 0.014200 -0.030457 0.009161
v 0.014200 -0.029636 0.010583
v 0.014200 -0.029922 0.012200
v 0.014200 -0.031179 0.013255
v 0.014200 -0.032821 0.013255
v 0.014200 -0.034078 0.012200
v 0.014200 -0.034364 0.010583
v 0.014200 -0.033543 0.009161
v 0.014200 -0.032000 0.009700
v 0.014200 -0.032836 0.010004
v 0.014200 -0.033280 0.010774
v 0.014200 -0.033126 0.011650
v 0.014200 -0.032445 0.012222
v 0.014200 -0.031555 0.012222
v 0.014200 -0.030874 0.011650
v 0.014200 -0.030720 0.010774
v 0.014200 -0.031164 0.010004
v 0.010000 0.008000 -0.012300
v 0.010000 0.007164 -0.011996
v 0.010000 0.006720 -0.011226
v 0.010000 0.006874 -0.010350
v 0.010000 0.007555 -0.009778
v 0.010000 0.008445 -0.009778
v 0.010000 0.009126 -0.010350
v 0.010000 0.009280 -0.011226
v 0.010000 0.008836 -0.011996
v 0.010000 0.008000 -0.012350
v 0.010000 0.007132 -0.012034
v 0.010000 0.006671 -0.011234
v 0.010000 0.006831 -0.010325
v 0.010000 0.007538 -0.009731
v 0.010000 0.008462 -0.009731
v 0.010000 0.009169 -0.010325
v 0.010000 0.009329 -0.011234
v 0.010000 0.008868 -0.012034
v 0.009675 0.008000 -0.012025
v 0.009675 0.007341 -0.011785
v 0.009675 0.006991 -0.011178
v 0.009675 0.007112 -0.010487
v 0.009675 0.007649 -0.010037
v 0.009675 0.008351 -0.010037
v 0.009675 0.008888 -0.010487
v 0.009675 0.009009 -0.011178
v 0.009675 0.008659 -0.011785
v 0.001500 0.008000 -0.012025
v 0.001500 0.007341 -0.011785
v 0.001500 0.006991 -0.011178
v 0.001500 0.007112 -0.010487
v 0.001500 0.007649 -0.010037
v 0.001500 0.008351 -0.010037
v 0.001500 0.008888 -0.010487
v 0.001500 0.009009 -0.011178
v 0.001500 0.008659 -0.011785
v 0.000884 0.008000 -0.011000
v 0.010000 0.008000 0.009700
v 0.010000 0.007164 0.010004
v 0.010000 0.006720 0.010774
v 0.010000 0.006874 0.011650
v 0.010000 0.007555 0.012222
v 0.010000 0.008445 0.012222
v 0.010000 0.009126 0.011650
v 0.010000 0.009280 0.010774
v 0.010000 0.008836 0.010004
v 0.010000 0.008000 0.009650
v 0.010000 0.007132 0.009966
v 0.010000 0.006671 0.010766
v 0.010000 0.006831 0.011675
v 0.010000 0.007538 0.012269
v 0.010000 0.008462 0.012269
v 0.010000 0.009169 0.011675
v 0.010000 0.009329 0.010766
v 0.010000 0.008868 0.009966
v 0.009675 0.008000 0.009975
v 0.009675 0.007341 0.010215
v 0.009675 0.006991 0.010822
v 0.009675 0.007112 0.011513
v 0.009675 0.007649 0.011963
v 0.009675 0.008351 0.011963
v 0.009675 0.008888 0.011513
v 0.009675 0.009009 0.010822
v 0.009675 0.008659 0.010215
v 0.001500 0.008000 0.009975
v 0.001500 0.007341 0.010215
v 0.001500 0.006991 0.010822
v 0.001500 0.007112 0.011513
v 0.001500 0.007649 0.011963
v 0.001500 0.008351 0.011963
v 0.001500 0.008888 0.011513
v 0.001500 0.009009 0.010822
v 0.001500 0.008659 0.010215
v 0.000884 0.008000 0.011000
v 0.010000 -0.032000 -0.012300
v 0.010000 -0.032836 -0.011996
v 0.010000 -0.033280 -0.011226
v 0.010000 -0.033126 -0.010350
v 0.010000 -0.032445 -0.009778
v 0.010000 -0.031555 -0.009778
v 0.010000 -0.030874 -0.010350
v 0.010000 -0.030720 -0.011226
v 0.010000 -0.031164 -0.011996
v 0.010000 -0.032000 -0.012350
v 0.010000 -0.032868 -0.012034
v 0.010000 -0.033329 -0.011234
v 0.010000 -0.033169 -0.010325
v 0.010000 -0.032462 -0.009731
v 0.010000 -0.031538 -0.009731
v 0.010000 -0.030831 -0.010325
v 0.010000 -0.030671 -0.011234
v 0.010000 -0.031132 -0.012034
v 0.009675 -0.032000 -0.012025
v 0.009675 -0.032659 -0.011785
v 0.009675 -0.033009 -0.011178
v 0.009675 -0.032888 -0.010487
v 0.009675 -0.032351 -0.010037
v 0.009675 -0.031649 -0.010037
v 0.009675 -0.031112 -0.010487
v 0.009675 -0.030991 -0.011178
v 0.009675 -0.031341 -0.011785
v 0.001500 -0.032000 -0.012025
v 0.001500 -0.032659 -0.011785
v 0.001500 -0.033009 -0.011178
v 0.001500 -0.032888 -0.010487
v 0.001500 -0.032351 -0.010037
v 0.001500 -0.031649 -0.010037
v 0.001500 -0.031112 -0.010487
v 0.001500 -0.030991 -0.011178
v 0.001500 -0.031341 -0.011785
v 0.000884 -0.032000 -0.011000
v 0.010000 -0.032000 0.009700
v 0.010000 -0.032836 0.010004
v 0.010000 -0.033280 0.010774
v 0.010000 -0.033126 0.011650
v 0.010000 -0.032445 0.012222
v 0.010000 -0.031555 0.012222
v 0.010000 -0.030874 0.011650
v 0.010000 -0.030720 0.010774
v 0.010000 -0.031164 0.010004
v 0.010000 -0.032000 0.009650
v 0.010000 -0.032868 0.009966
v 0.010000 -0.033329 0.010766
v 0.010000 -0.033169 0.011675
v 0.010000 -0.032462 0.012269
v 0.010000 -0.031538 0.012269
v 0.010000 -0.030831 0.011675
v 0.010000 -0.030671 0.010766
v 0.010000 -0.031132 0.009966
v 0.009675 -0.032000 0.009975
v 0.009675 -0.032659 0.010215
v 0.009675 -0.033009 0.010822
v 0.009675 -0.032888 0.011513
v 0.009675 -0.032351 0.011963
v 0.009675 -0.031649 0.011963
v 0.009675 -0.031112 0.011513
v 0.009675 -0.030991 0.010822
v 0.009675 -0.031341 0.010215
v 0.001500 -0.032000 0.009975
v 0.001500 -0.032659 0.010215
v 0.001500 -0.033009 0.010822
v 0.001500 -0.032888 0.011513
v 0.001500 -0.032351 0.011963
v 0.001500 -0.031649 0.011963
v 0.001500 -0.031112 0.011513
v 0.001500 -0.030991 0.010822
v 0.001500 -0.031341 0.010215
v 0.000884 -0.032000 0.011000
v 0.016675 -0.008000 -0.009975
v 0.016675 -0.007341 -0.010215
v 0.016675 -0.006991 -0.010822
v 0.016675 -0.007112 -0.011512
v 0.016675 -0.007649 -0.011963
v 0.016675 -0.008351 -0.011963
v 0.016675 -0.008888 -0.011512
v 0.016675 -0.009009 -0.010822
v 0.016675 -0.008659 -0.010215
v 0.014000 -0.008000 -0.009975
v 0.014000 -0.007341 -0.010215
v 0.014000 -0.006991 -0.010822
v 0.014000 -0.007112 -0.011512
v 0.014000 -0.007649 -0.011963
v 0.014000 -0.008351 -0.011963
v 0.014000 -0.008888 -0.011512
v 0.014000 -0.009009 -0.010822
v 0.014000 -0.008659 -0.010215
v 0.014000 -0.008000 0.009975
v 0.014000 -0.007341 0.010215
v 0.014000 -0.006991 0.010822
v 0.014000 -0.007112 0.011513
v 0.014000 -0.007649 0.011963
v 0.014000 -0.008351 0.011963
v 0.014000 -0.008888 0.011513
v 0.014000 -0.009009 0.010822
v 0.014000 -0.008659 0.010215
v 0.016675 -0.008000 0.009975
v 0.016675 -0.007341 0.010215
v 0.016675 -0.006991 0.010822
v 0.016675 -0.007112 0.011513
v 0.016675 -0.007649 0.011963
v 0.016675 -0.008351 0.011963
v 0.016675 -0.008888 0.011513
v 0.016675 -0.009009 0.010822
v 0.016675 -0.008659 0.010215
v 0.016600 0.011250 -0.012250
v -0.016600 0.011250 -0.012250
v -0.016600 0.011250 -0.003500
v -0.013500 0.011250 -0.003500
v -0.013500 0.011250 0.003500
v -0.016600 0.011250 0.003500
v -0.016600 0.011250 0.012250
v 0.006000 0.011250 -0.009350
v 0.006868 0.011250 -0.009034
v 0.007329 0.011250 -0.008234
v 0.007169 0.011250 -0.007325
v 0.006462 0.011250 -0.006731
v 0.005538 0.011250 -0.006731
v 0.004831 0.011250 -0.007325
v 0.004671 0.011250 -0.008234
v 0.005132 0.011250 -0.009034
v 0.006000 0.011250 0.006650
v 0.006868 0.011250 0.006966
v 0.007329 0.011250 0.007766
v 0.007169 0.011250 0.008675
v 0.006462 0.011250 0.009269
v 0.005538 0.011250 0.009269
v 0.004831 0.011250 0.008675
v 0.004671 0.011250 0.007766
v 0.005132 0.011250 0.006966
v -0.015000 -0.008000 0.005573
v -0.015000 -0.008000 -0.005573
v -0.016000 -0.008000 -0.005573
v -0.016000 -0.008000 -0.005650
v -0.008500 -0.008000 -0.009400
v -0.013400 -0.008000 -0.009400
v -0.013800 -0.008000 -0.009000
v -0.013800 -0.008000 0.009000
v -0.013400 -0.008000 0.009400
v -0.008500 -0.008000 0.009400
v -0.016000 -0.008000 0.005650
v -0.016000 -0.008000 0.005573
v -0.015000 -0.009550 0.001964
v -0.015000 -0.009550 -0.001964
v -0.015000 0.009450 0.002400
v -0.015000 0.009450 -0.002400
v -0.015000 0.009550 -0.001965
v -0.015000 0.009550 0.001965
v -0.018800 -0.009750 0.000000
v -0.018800 -0.007469 -0.006267
v -0.018800 -0.001693 -0.009602
v -0.018800 0.004875 -0.008444
v -0.018800 0.009162 -0.003335
v -0.018800 0.009162 0.003335
v -0.018800 0.004875 0.008444
v -0.018800 -0.001693 0.009602
v -0.018800 -0.007469 0.006267
v -0.017000 0.009550 0.001965
v -0.017000 0.009728 0.000659
v -0.017000 0.009728 -0.000659
v -0.017000 0.009550 -0.001965
v -0.016000 -0.007946 -0.005650
v -0.016000 -0.007946 0.005650
v -0.019000 0.009550 0.000000
v -0.019000 0.007316 0.006139
v -0.019000 0.001658 0.009405
v -0.019000 -0.000201 0.009548
v -0.019000 -0.004775 0.008271
v -0.019000 -0.006893 0.006609
v -0.019000 -0.008974 0.003266
v -0.019000 -0.009548 -0.000201
v -0.019000 -0.008974 -0.003266
v -0.019000 -0.006609 -0.006893
v -0.019000 -0.004775 -0.008271
v -0.019000 0.001658 -0.009405
v -0.019000 0.007316 -0.006139
v -0.017000 0.009550 0.003400
v -0.017000 0.010850 0.003400
v -0.017000 0.010850 -0.003400
v -0.017000 0.009550 -0.003400
v -0.013600 0.009550 -0.003400
v -0.013600 0.009550 0.003400
v -0.016600 0.011250 0.003400
v -0.013600 0.011250 0.003400
v -0.016600 0.011250 -0.003400
v -0.013600 0.011250 -0.003400
v -0.013500 0.009450 0.003500
v -0.013500 0.009450 -0.003500
v -0.019000 0.008000 -0.001100
v -0.019000 0.008707 -0.000843
v -0.019000 0.009083 -0.000191
v -0.019000 0.008953 0.000550
v -0.019000 0.008376 0.001034
v -0.019000 0.007624 0.001034
v -0.019000 0.007047 0.000550
v -0.019000 0.006917 -0.000191
v -0.019000 0.007293 -0.000843
v -0.019000 0.006435 -0.004879
v -0.019000 0.005753 -0.004561
v -0.019000 0.005026 -0.004756
v -0.019000 0.004594 -0.005372
v -0.019000 0.004660 -0.006122
v -0.019000 0.005192 -0.006654
v -0.019000 0.005942 -0.006719
v -0.019000 0.006558 -0.006288
v -0.019000 0.006753 -0.005561
v -0.019000 0.001100 -0.008000
v -0.019000 0.000843 -0.007293
v -0.019000 0.000191 -0.006917
v -0.019000 -0.000550 -0.007047
v -0.019000 -0.001034 -0.007624
v -0.019000 -0.001034 -0.008376
v -0.019000 -0.000550 -0.008953
v -0.019000 0.000191 -0.009083
v -0.019000 0.000843 -0.008707
v -0.019000 -0.004879 -0.006435
v -0.019000 -0.004561 -0.005753
v -0.019000 -0.004756 -0.005026
v -0.019000 -0.005372 -0.004594
v -0.019000 -0.006122 -0.004660
v -0.019000 -0.006654 -0.005192
v -0.019000 -0.006719 -0.005942
v -0.019000 -0.006288 -0.006558
v -0.019000 -0.005561 -0.006753
v -0.019000 -0.008000 -0.001100
v -0.019000 -0.007293 -0.000843
v -0.019000 -0.006917 -0.000191
v -0.019000 -0.007047 0.000550
v -0.019000 -0.007624 0.001034
v -0.019000 -0.008376 0.001034
v -0.019000 -0.008953 0.000550
v -0.019000 -0.009083 -0.000191
v -0.019000 -0.008707 -0.000843
v -0.019000 -0.006435 0.004879
v -0.019000 -0.005753 0.004561
v -0.019000 -0.005026 0.004756
v -0.019000 -0.004594 0.005372
v -0.019000 -0.004660 0.006122
v -0.019000 -0.005192 0.006654
v -0.019000 -0.005942 0.006719
v -0.019000 -0.006558 0.006288
v -0.019000 -0.006753 0.005561
v -0.019000 -0.001100 0.008000
v -0.019000 -0.000843 0.007293
v -0.019000 -0.000191 0.006917
v -0.019000 0.000550 0.007047
v -0.019000 0.001034 0.007624
v -0.019000 0.001034 0.008376
v -0.019000 0.000550 0.008953
v -0.019000 -0.000191 0.009083
v -0.019000 -0.000843 0.008707
v -0.019000 0.004879 0.006435
v -0.019000 0.004561 0.005753
v -0.019000 0.004756 0.005026
v -0.019000 0.005372 0.004594
v -0.019000 0.006122 0.004660
v -0.019000 0.006654 0.005192
v -0.019000 0.006719 0.005942
v -0.019000 0.006288 0.006558
v -0.019000 0.005561 0.006753
v -0.019000 -0.006100 0.000000
v -0.019000 -0.004673 -0.003921
v -0.019000 -0.001059 -0.006007
v -0.019000 0.003050 -0.005283
v -0.019000 0.005732 -0.002086
v -0.019000 0.005732 0.002086
v -0.019000 0.003050 0.005283
v -0.019000 -0.001059 0.006007
v -0.019000 -0.004673 0.003921
v -0.018500 -0.006100 0.000000
v -0.018500 -0.004673 -0.003921
v -0.018500 -0.001059 -0.006007
v -0.018500 0.003050 -0.005283
v -0.018500 0.005732 -0.002086
v -0.018500 0.005732 0.002086
v -0.018500 0.003050 0.005283
v -0.018500 -0.001059 0.006007
v -0.018500 -0.004673 0.003921
v -0.018500 0.005050 0.000000
v -0.018500 0.003869 0.003246
v -0.018500 0.000877 0.004973
v -0.018500 -0.002525 0.004373
v -0.018500 -0.004745 0.001727
v -0.018500 -0.004745 -0.001727
v -0.018500 -0.002525 -0.004373
v -0.018500 0.000877 -0.004973
v -0.018500 0.003869 -0.003246
v -0.018200 0.004750 0.000000
v -0.018200 0.003639 0.003053
v -0.018200 0.000825 0.004678
v -0.018200 -0.002375 0.004114
v -0.018200 -0.004464 0.001625
v -0.018200 -0.004464 -0.001625
v -0.018200 -0.002375 -0.004114
v -0.018200 0.000825 -0.004678
v -0.018200 0.003639 -0.003053
v -0.018700 0.008000 -0.000800
v -0.018700 0.008514 -0.000613
v -0.018700 0.008788 -0.000139
v -0.018700 0.008693 0.000400
v -0.018700 0.008274 0.000752
v -0.018700 0.007726 0.000752
v -0.018700 0.007307 0.000400
v -0.018700 0.007212 -0.000139
v -0.018700 0.007486 -0.000613
v -0.017000 0.008000 -0.000800
v -0.017000 0.008514 -0.000613
v -0.017000 0.008788 -0.000139
v -0.017000 0.008693 0.000400
v -0.017000 0.008274 0.000752
v -0.017000 0.007726 0.000752
v -0.017000 0.007307 0.000400
v -0.017000 0.007212 -0.000139
v -0.017000 0.007486 -0.000613
v -0.017000 0.006223 -0.005091
v -0.017000 0.006454 -0.005587
v -0.017000 0.006312 -0.006116
v -0.017000 0.005864 -0.006430
v -0.017000 0.005319 -0.006382
v -0.017000 0.004932 -0.005995
v -0.017000 0.004884 -0.005450
v -0.017000 0.005198 -0.005002
v -0.017000 0.005727 -0.004860
v -0.017000 0.000800 -0.008000
v -0.017000 0.000613 -0.008514
v -0.017000 0.000139 -0.008788
v -0.017000 -0.000400 -0.008693
v -0.017000 -0.000752 -0.008274
v -0.017000 -0.000752 -0.007726
v -0.017000 -0.000400 -0.007307
v -0.017000 0.000139 -0.007212
v -0.017000 0.000613 -0.007486
v -0.017000 -0.005091 -0.006223
v -0.017000 -0.005587 -0.006454
v -0.017000 -0.006116 -0.006312
v -0.017000 -0.006430 -0.005864
v -0.017000 -0.006382 -0.005319
v -0.017000 -0.005995 -0.004932
v -0.017000 -0.005450 -0.004884
v -0.017000 -0.005002 -0.005198
v -0.017000 -0.004860 -0.005727
v -0.017000 -0.008000 -0.000800
v -0.017000 -0.008514 -0.000613
v -0.017000 -0.008788 -0.000139
v -0.017000 -0.008693 0.000400
v -0.017000 -0.008274 0.000752
v -0.017000 -0.007726 0.000752
v -0.017000 -0.007307 0.000400
v -0.017000 -0.007212 -0.000139
v -0.017000 -0.007486 -0.000613
v -0.017000 -0.006223 0.005091
v -0.017000 -0.006454 0.005587
v -0.017000 -0.006312 0.006116
v -0.017000 -0.005864 0.006430
v -0.017000 -0.005319 0.006382
v -0.017000 -0.004932 0.005995
v -0.017000 -0.004884 0.005450
v -0.017000 -0.005198 0.005002
v -0.017000 -0.005727 0.004860
v -0.017000 -0.000800 0.008000
v -0.017000 -0.000613 0.008514
v -0.017000 -0.000139 0.008788
v -0.017000 0.000400 0.008693
v -0.017000 0.000752 0.008274
v -0.017000 0.000752 0.007726
v -0.017000 0.000400 0.007307
v -0.017000 -0.000139 0.007212
v -0.017000 -0.000613 0.007486
v -0.017000 0.005091 0.006223
v -0.017000 0.005587 0.006454
v -0.017000 0.006116 0.006312
v -0.017000 0.006430 0.005864
v -0.017000 0.006382 0.005319
v -0.017000 0.005995 0.004932
v -0.017000 0.005450 0.004884
v -0.017000 0.005002 0.005198
v -0.017000 0.004860 0.005727
v -0.018700 0.006223 -0.005091
v -0.018700 0.006454 -0.005587
v -0.018700 0.006312 -0.006116
v -0.018700 0.005864 -0.006430
v -0.018700 0.005319 -0.006382
v -0.018700 0.004932 -0.005995
v -0.018700 0.004884 -0.005450
v -0.018700 0.005198 -0.005002
v -0.018700 0.005727 -0.004860
v -0.018700 0.000800 -0.008000
v -0.018700 0.000613 -0.008514
v -0.018700 0.000139 -0.008788
v -0.018700 -0.000400 -0.008693
v -0.018700 -0.000752 -0.008274
v -0.018700 -0.000752 -0.007726
v -0.018700 -0.000400 -0.007307
v -0.018700 0.000139 -0.007212
v -0.018700 0.000613 -0.007486
v -0.018700 -0.005091 -0.006223
v -0.018700 -0.005587 -0.006454
v -0.018700 -0.006116 -0.006312
v -0.018700 -0.006430 -0.005864
v -0.018700 -0.006382 -0.005319
v -0.018700 -0.005995 -0.004932
v -0.018700 -0.005450 -0.004884
v -0.018700 -0.005002 -0.005198
v -0.018700 -0.004860 -0.005727
v -0.018700 -0.008000 -0.000800
v -0.018700 -0.008514 -0.000613
v -0.018700 -0.008788 -0.000139
v -0.018700 -0.008693 0.000400
v -0.018700 -0.008274 0.000752
v -0.018700 -0.007726 0.000752
v -0.018700 -0.007307 0.000400
v -0.018700 -0.007212 -0.000139
v -0.018700 -0.007486 -0.000613
v -0.018700 -0.006223 0.005091
v -0.018700 -0.006454 0.005587
v -0.018700 -0.006312 0.006116
v -0.018700 -0.005864 0.006430
v -0.018700 -0.005319 0.006382
v -0.018700 -0.004932 0.005995
v -0.018700 -0.004884 0.005450
v -0.018700 -0.005198 0.005002
v -0.018700 -0.005727 0.004860
v -0.018700 -0.000800 0.008000
v -0.018700 -0.000613 0.008514
v -0.018700 -0.000139 0.008788
v -0.018700 0.000400 0.008693
v -0.018700 0.000752 0.008274
v -0.018700 0.000752 0.007726
v -0.018700 0.000400 0.007307
v -0.018700 -0.000139 0.007212
v -0.018700 -0.000613 0.007486
v -0.018700 0.005091 0.006223
v -0.018700 0.005587 0.006454
v -0.018700 0.006116 0.006312
v -0.018700 0.006430 0.005864
v -0.018700 0.006382 0.005319
v -0.018700 0.005995 0.004932
v -0.018700 0.005450 0.004884
v -0.018700 0.005002 0.005198
v -0.018700 0.004860 0.005727
v -0.013400 -0.018800 0.009400
v -0.013800 -0.018400 0.009000
v -0.013800 -0.015500 0.006100
v -0.013800 -0.018400 -0.009000
v -0.013800 -0.015500 -0.006100
v -0.013400 -0.018800 -0.009400
v 0.006000 0.010925 -0.009025
v 0.006659 0.010925 -0.008785
v 0.007009 0.010925 -0.008178
v 0.006888 0.010925 -0.007487
v 0.006351 0.010925 -0.007037
v 0.005649 0.010925 -0.007037
v 0.005112 0.010925 -0.007487
v 0.004991 0.010925 -0.008178
v 0.005341 0.010925 -0.008785
v 0.006000 0.008250 -0.009025
v 0.006659 0.008250 -0.008785
v 0.007009 0.008250 -0.008178
v 0.006888 0.008250 -0.007487
v 0.006351 0.008250 -0.007037
v 0.005649 0.008250 -0.007037
v 0.005112 0.008250 -0.007487
v 0.004991 0.008250 -0.008178
v 0.005341 0.008250 -0.008785
v 0.006000 0.008250 0.009025
v 0.006659 0.008250 0.008785
v 0.007009 0.008250 0.008178
v 0.006888 0.008250 0.007488
v 0.006351 0.008250 0.007037
v 0.005649 0.008250 0.007037
v 0.005112 0.008250 0.007488
v 0.004991 0.008250 0.008178
v 0.005341 0.008250 0.008785
v 0.006000 0.010925 0.009025
v 0.006659 0.010925 0.008785
v 0.007009 0.010925 0.008178
v 0.006888 0.010925 0.007488
v 0.006351 0.010925 0.007037
v 0.005649 0.010925 0.007037
v 0.005112 0.010925 0.007488
v 0.004991 0.010925 0.008178
v 0.005341 0.010925 0.008785
v 0.018800 0.009750 0.000000
v 0.018800 0.007469 -0.006267
v 0.018800 0.001693 -0.009602
v 0.018800 -0.004875 -0.008444
v 0.018800 -0.009162 -0.003335
v 0.018800 -0.009162 0.003335
v 0.018800 -0.004875 0.008444
v 0.018800 0.001693 0.009602
v 0.018800 0.007469 0.006267
v 0.019000 0.009550 0.000000
v 0.019000 0.007316 -0.006139
v 0.019000 0.001658 -0.009405
v 0.019000 -0.000201 -0.009548
v 0.019000 -0.004775 -0.008271
v 0.019000 -0.006893 -0.006609
v 0.019000 -0.008974 -0.003266
v 0.019000 -0.009548 0.000201
v 0.019000 -0.008974 0.003266
v 0.019000 -0.006609 0.006893
v 0.019000 -0.004775 0.008271
v 0.019000 0.001658 0.009405
v 0.019000 0.007316 0.006139
v 0.019000 0.008000 0.001100
v 0.019000 0.008707 0.000843
v 0.019000 0.009083 0.000191
v 0.019000 0.008953 -0.000550
v 0.019000 0.008376 -0.001034
v 0.019000 0.007624 -0.001034
v 0.019000 0.007047 -0.000550
v 0.019000 0.006917 0.000191
v 0.019000 0.007293 0.000843
v 0.019000 0.006435 0.004879
v 0.019000 0.005753 0.004561
v 0.019000 0.005026 0.004756
v 0.019000 0.004594 0.005372
v 0.019000 0.004660 0.006122
v 0.019000 0.005192 0.006654
v 0.019000 0.005942 0.006719
v 0.019000 0.006558 0.006288
v 0.019000 0.006753 0.005561
v 0.019000 0.001100 0.008000
v 0.019000 0.000843 0.007293
v 0.019000 0.000191 0.006917
v 0.019000 -0.000550 0.007047
v 0.019000 -0.001034 0.007624
v 0.019000 -0.001034 0.008376
v 0.019000 -0.000550 0.008953
v 0.019000 0.000191 0.009083
v 0.019000 0.000843 0.008707
v 0.019000 -0.004879 0.006435
v 0.019000 -0.004561 0.005753
v 0.019000 -0.004756 0.005026
v 0.019000 -0.005372 0.004594
v 0.019000 -0.006122 0.004660
v 0.019000 -0.006654 0.005192
v 0.019000 -0.006719 0.005942
v 0.019000 -0.006288 0.006558
v 0.019000 -0.005561 0.006753
v 0.019000 -0.008000 0.001100
v 0.019000 -0.007293 0.000843
v 0.019000 -0.006917 0.000191
v 0.019000 -0.007047 -0.000550
v 0.019000 -0.007624 -0.001034
v 0.019000 -0.008376 -0.001034
v 0.019000 -0.008953 -0.000550
v 0.019000 -0.009083 0.000191
v 0.019000 -0.008707 0.000843
v 0.019000 -0.006435 -0.004879
v 0.019000 -0.005753 -0.004561
v 0.019000 -0.005026 -0.004756
v 0.019000 -0.004594 -0.005372
v 0.019000 -0.004660 -0.006122
v 0.019000 -0.005192 -0.006654
v 0.019000 -0.005942 -0.006719
v 0.019000 -0.006558 -0.006288
v 0.019000 -0.006753 -0.005561
v 0.019000 -0.001100 -0.008000
v 0.019000 -0.000843 -0.007293
v 0.019000 -0.000191 -0.006917
v 0.019000 0.000550 -0.007047
v 0.019000 0.001034 -0.007624
v 0.019000 0.001034 -0.008376
v 0.019000 0.000550 -0.008953
v 0.019000 -0.000191 -0.009083
v 0.019000 -0.000843 -0.008707
v 0.019000 0.004879 -0.006435
v 0.019000 0.004561 -0.005753
v 0.019000 0.004756 -0.005026
v 0.019000 0.005372 -0.004594
v 0.019000 0.006122 -0.004660
v 0.019000 0.006654 -0.005192
v 0.019000 0.006719 -0.005942
v 0.019000 0.006288 -0.006558
v 0.019000 0.005561 -0.006753
v 0.019000 0.004000 0.000000
v 0.019000 0.003064 -0.002571
v 0.019000 0.000695 -0.003939
v 0.019000 -0.002000 -0.003464
v 0.019000 -0.003759 -0.001368
v 0.019000 -0.003759 0.001368
v 0.019000 -0.002000 0.003464
v 0.019000 0.000695 0.003939
v 0.019000 0.003064 0.002571
v 0.020700 0.004000 0.000000
v 0.020700 0.003064 -0.002571
v 0.020700 0.000695 -0.003939
v 0.020700 -0.002000 -0.003464
v 0.020700 -0.003759 -0.001368
v 0.020700 -0.003759 0.001368
v 0.020700 -0.002000 0.003464
v 0.020700 0.000695 0.003939
v 0.020700 0.003064 0.002571
v 0.020900 0.003800 0.000000
v 0.020900 0.002911 -0.002443
v 0.020900 0.000660 -0.003742
v 0.020900 -0.001900 -0.003291
v 0.020900 -0.003571 -0.001300
v 0.020900 -0.003571 0.001300
v 0.020900 -0.001900 0.003291
v 0.020900 0.000660 0.003742
v 0.020900 0.002911 0.002443
v 0.020900 0.000000 0.002250
v 0.020900 0.001446 0.001724
v 0.020900 0.002216 0.000391
v 0.020900 0.001949 -0.001125
v 0.020900 0.000770 -0.002114
v 0.020900 -0.000770 -0.002114
v 0.020900 -0.001949 -0.001125
v 0.020900 -0.002216 0.000391
v 0.020900 -0.001446 0.001724
v 0.023250 0.000000 0.002250
v 0.023250 0.001446 0.001724
v 0.023250 0.002216 0.000391
v 0.023250 0.001949 -0.001125
v 0.023250 0.000770 -0.002114
v 0.023250 -0.000770 -0.002114
v 0.023250 -0.001949 -0.001125
v 0.023250 -0.002216 0.000391
v 0.023250 -0.001446 0.001724
v 0.023400 0.000000 0.002100
v 0.023400 0.001350 0.001609
v 0.023400 0.002068 0.000365
v 0.023400 0.001819 -0.001050
v 0.023400 0.000718 -0.001973
v 0.023400 -0.000718 -0.001973
v 0.023400 -0.001819 -0.001050
v 0.023400 -0.002068 0.000365
v 0.023400 -0.001350 0.001609
v 0.018700 0.008000 0.000800
v 0.018700 0.008514 0.000613
v 0.018700 0.008788 0.000139
v 0.018700 0.008693 -0.000400
v 0.018700 0.008274 -0.000752
v 0.018700 0.007726 -0.000752
v 0.018700 0.007307 -0.000400
v 0.018700 0.007212 0.000139
v 0.018700 0.007486 0.000613
v 0.017000 0.008000 0.000800
v 0.017000 0.008514 0.000613
v 0.017000 0.008788 0.000139
v 0.017000 0.008693 -0.000400
v 0.017000 0.008274 -0.000752
v 0.017000 0.007726 -0.000752
v 0.017000 0.007307 -0.000400
v 0.017000 0.007212 0.000139
v 0.017000 0.007486 0.000613
v 0.017000 0.006223 0.005091
v 0.017000 0.006454 0.005587
v 0.017000 0.006312 0.006116
v 0.017000 0.005864 0.006430
v 0.017000 0.005319 0.006382
v 0.017000 0.004932 0.005995
v 0.017000 0.004884 0.005450
v 0.017000 0.005198 0.005002
v 0.017000 0.005727 0.004860
v 0.017000 0.000800 0.008000
v 0.017000 0.000613 0.008514
v 0.017000 0.000139 0.008788
v 0.017000 -0.000400 0.008693
v 0.017000 -0.000752 0.008274
v 0.017000 -0.000752 0.007726
v 0.017000 -0.000400 0.007307
v 0.017000 0.000139 0.007212
v 0.017000 0.000613 0.007486
v 0.017000 -0.005091 0.006223
v 0.017000 -0.005587 0.006454
v 0.017000 -0.006116 0.006312
v 0.017000 -0.006430 0.005864
v 0.017000 -0.006382 0.005319
v 0.017000 -0.005995 0.004932
v 0.017000 -0.005450 0.004884
v 0.017000 -0.005002 0.005198
v 0.017000 -0.004860 0.005727
v 0.017000 -0.008000 0.000800
v 0.017000 -0.008514 0.000613
v 0.017000 -0.008788 0.000139
v 0.017000 -0.008693 -0.000400
v 0.017000 -0.008274 -0.000752
v 0.017000 -0.007726 -0.000752
v 0.017000 -0.007307 -0.000400
v 0.017000 -0.007212 0.000139
v 0.017000 -0.007486 0.000613
v 0.017000 -0.006223 -0.005091
v 0.017000 -0.006454 -0.005587
v 0.017000 -0.006312 -0.006116
v 0.017000 -0.005864 -0.006430
v 0.017000 -0.005319 -0.006382
v 0.017000 -0.004932 -0.005995
v 0.017000 -0.004884 -0.005450
v 0.017000 -0.005198 -0.005002
v 0.017000 -0.005727 -0.004860
v 0.017000 -0.000800 -0.008000
v 0.017000 -0.000613 -0.008514
v 0.017000 -0.000139 -0.008788
v 0.017000 0.000400 -0.008693
v 0.017000 0.000752 -0.008274
v 0.017000 0.000752 -0.007726
v 0.017000 0.000400 -0.007307
v 0.017000 -0.000139 -0.007212
v 0.017000 -0.000613 -0.007486
v 0.017000 0.005091 -0.006223
v 0.017000 0.005587 -0.006454
v 0.017000 0.006116 -0.006312
v 0.017000 0.006430 -0.005864
v 0.017000 0.006382 -0.005319
v 0.017000 0.005995 -0.004932
v 0.017000 0.005450 -0.004884
v 0.017000 0.005002 -0.005198
v 0.017000 0.004860 -0.005727
v 0.018700 0.006223 0.005091
v 0.018700 0.006454 0.005587
v 0.018700 0.006312 0.006116
v 0.018700 0.005864 0.006430
v 0.018700 0.005319 0.006382
v 0.018700 0.004932 0.005995
v 0.018700 0.004884 0.005450
v 0.018700 0.005198 0.005002
v 0.018700 0.005727 0.004860
v 0.018700 0.000800 0.008000
v 0.018700 0.000613 0.008514
v 0.018700 0.000139 0.008788
v 0.018700 -0.000400 0.008693
v 0.018700 -0.000752 0.008274
v 0.018700 -0.000752 0.007726
v 0.018700 -0.000400 0.007307
v 0.018700 0.000139 0.007212
v 0.018700 0.000613 0.007486
v 0.018700 -0.005091 0.006223
v 0.018700 -0.005587 0.006454
v 0.018700 -0.006116 0.006312
v 0.018700 -0.006430 0.005864
v 0.018700 -0.006382 0.005319
v 0.018700 -0.005995 0.004932
v 0.018700 -0.005450 0.004884
v 0.018700 -0.005002 0.005198
v 0.018700 -0.004860 0.005727
v 0.018700 -0.008000 0.000800
v 0.018700 -0.008514 0.000613
v 0.018700 -0.008788 0.000139
v 0.018700 -0.008693 -0.000400
v 0.018700 -0.008274 -0.000752
v 0.018700 -0.007726 -0.000752
v 0.018700 -0.007307 -0.000400
v 0.018700 -0.007212 0.000139
v 0.018700 -0.007486 0.000613
v 0.018700 -0.006223 -0.005091
v 0.018700 -0.006454 -0.005587
v 0.018700 -0.006312 -0.006116
v 0.018700 -0.005864 -0.006430
v 0.018700 -0.005319 -0.006382
v 0.018700 -0.004932 -0.005995
v 0.018700 -0.004884 -0.005450
v 0.018700 -0.005198 -0.005002
v 0.018700 -0.005727 -0.004860
v 0.018700 -0.000800 -0.008000
v 0.018700 -0.000613 -0.008514
v 0.018700 -0.000139 -0.008788
v 0.018700 0.000400 -0.008693
v 0.018700 0.000752 -0.008274
v 0.018700 0.000752 -0.007726
v 0.018700 0.000400 -0.007307
v 0.018700 -0.000139 -0.007212
v 0.018700 -0.000613 -0.007486
v 0.018700 0.005091 -0.006223
v 0.018700 0.005587 -0.006454
v 0.018700 0.006116 -0.006312
v 0.018700 0.006430 -0.005864
v 0.018700 0.006382 -0.005319
v 0.018700 0.005995 -0.004932
v 0.018700 0.005450 -0.004884
v 0.018700 0.005002 -0.005198
v 0.018700 0.004860 -0.005727
v 0.011081 -0.032952 -0.016750
v 0.011324 -0.031993 -0.016750
v 0.011324 -0.031993 -0.014250
v 0.011081 -0.032952 -0.014250
v 0.012412 -0.029067 -0.016750
v 0.012412 -0.026933 -0.016750
v 0.012412 -0.026933 -0.014250
v 0.012412 -0.029067 -0.014250
v 0.011081 -0.023048 -0.014250
v 0.011324 -0.024007 -0.014250
v 0.011324 -0.024007 -0.016750
v 0.011081 -0.023048 -0.016750
v 0.011000 -0.022063 -0.016750
v 0.011000 -0.009937 -0.016750
v 0.011081 -0.008952 -0.016750
v 0.011324 -0.007993 -0.016750
v 0.011324 -0.007993 -0.014250
v 0.011081 -0.008952 -0.014250
v 0.011000 -0.009937 -0.014250
v 0.012412 -0.005067 -0.016750
v 0.012412 -0.002933 -0.016750
v 0.012412 -0.002933 -0.014250
v 0.012412 -0.005067 -0.014250
v 0.011081 0.000952 -0.014250
v 0.011324 -0.000007 -0.014250
v 0.011324 -0.000007 -0.016750
v 0.011081 0.000952 -0.016750
v -0.011081 -0.032952 -0.014250
v -0.011324 -0.031993 -0.014250
v -0.011324 -0.031993 -0.016750
v -0.011081 -0.032952 -0.016750
v -0.012412 -0.029067 -0.014250
v -0.012412 -0.026933 -0.014250
v -0.012412 -0.026933 -0.016750
v -0.012412 -0.029067 -0.016750
v -0.011081 -0.023048 -0.016750
v -0.011324 -0.024007 -0.016750
v -0.011324 -0.024007 -0.014250
v -0.011081 -0.023048 -0.014250
v -0.011000 -0.009937 -0.014250
v -0.011081 -0.008952 -0.014250
v -0.011324 -0.007993 -0.014250
v -0.011324 -0.007993 -0.016750
v -0.011081 -0.008952 -0.016750
v -0.011000 -0.009937 -0.016750
v -0.012412 -0.005067 -0.014250
v -0.012412 -0.002933 -0.014250
v -0.012412 -0.002933 -0.016750
v -0.012412 -0.005067 -0.016750
v -0.011081 0.000952 -0.016750
v -0.011324 -0.000007 -0.016750
v -0.011324 -0.000007 -0.014250
v -0.011081 0.000952 -0.014250
v -0.011000 0.001937 -0.014250
v -0.011000 -0.040592 -0.016750
v -0.011097 -0.041668 -0.016750
v -0.011386 -0.042709 -0.016750
v -0.011857 -0.043682 -0.016750
v -0.011857 -0.043682 -0.014250
v -0.011386 -0.042709 -0.014250
v -0.011097 -0.041668 -0.014250
v -0.011000 -0.040592 -0.014250
v -0.012466 -0.046548 -0.016750
v -0.011182 -0.049182 -0.016750
v -0.008548 -0.050466 -0.016750
v -0.005682 -0.049857 -0.016750
v -0.005682 -0.049857 -0.014250
v -0.008548 -0.050466 -0.014250
v -0.011182 -0.049182 -0.014250
v -0.012466 -0.046548 -0.014250
v -0.011000 0.008592 -0.014250
v -0.011097 0.009668 -0.014250
v -0.011386 0.010709 -0.014250
v -0.011857 0.011682 -0.014250
v -0.011857 0.011682 -0.016750
v -0.011386 0.010709 -0.016750
v -0.011097 0.009668 -0.016750
v -0.011000 0.008592 -0.016750
v -0.012466 0.014548 -0.014250
v -0.011182 0.017182 -0.014250
v -0.008548 0.018466 -0.014250
v -0.005682 0.017857 -0.014250
v -0.005682 0.017857 -0.016750
v -0.008548 0.018466 -0.016750
v -0.011182 0.017182 -0.016750
v -0.012466 0.014548 -0.016750
v -0.002592 0.017000 -0.016750
v -0.003668 0.017097 -0.016750
v -0.004709 0.017386 -0.016750
v -0.004709 0.017386 -0.014250
v -0.003668 0.017097 -0.014250
v -0.002592 0.017000 -0.014250
v 0.002592 0.017000 -0.014250
v 0.003668 0.017097 -0.014250
v 0.004709 0.017386 -0.014250
v 0.005682 0.017857 -0.014250
v 0.005682 0.017857 -0.016750
v 0.004709 0.017386 -0.016750
v 0.003668 0.017097 -0.016750
v 0.002592 0.017000 -0.016750
v 0.008548 0.018466 -0.014250
v 0.011182 0.017182 -0.014250
v 0.012466 0.014548 -0.014250
v 0.011857 0.011682 -0.014250
v 0.011857 0.011682 -0.016750
v 0.012466 0.014548 -0.016750
v 0.011182 0.017182 -0.016750
v 0.008548 0.018466 -0.016750
v 0.011000 0.008592 -0.016750
v 0.011097 0.009668 -0.016750
v 0.011386 0.010709 -0.016750
v 0.011386 0.010709 -0.014250
v 0.011097 0.009668 -0.014250
v 0.011000 0.008592 -0.014250
v 0.011000 -0.040592 -0.014250
v 0.011097 -0.041668 -0.014250
v 0.011386 -0.042709 -0.014250
v 0.011857 -0.043682 -0.014250
v 0.011857 -0.043682 -0.016750
v 0.011386 -0.042709 -0.016750
v 0.011097 -0.041668 -0.016750
v 0.011000 -0.040592 -0.016750
v 0.012466 -0.046548 -0.014250
v 0.011182 -0.049182 -0.014250
v 0.008548 -0.050466 -0.014250
v 0.005682 -0.049857 -0.014250
v 0.005682 -0.049857 -0.016750
v 0.008548 -0.050466 -0.016750
v 0.011182 -0.049182 -0.016750
v 0.012466 -0.046548 -0.016750
v 0.002592 -0.049000 -0.016750
v 0.003668 -0.049097 -0.016750
v 0.004709 -0.049386 -0.016750
v 0.004709 -0.049386 -0.014250
v 0.003668 -0.049097 -0.014250
v 0.002592 -0.049000 -0.014250
v -0.002592 -0.049000 -0.014250
v -0.003668 -0.049097 -0.014250
v -0.004709 -0.049386 -0.014250
v -0.004709 -0.049386 -0.016750
v -0.003668 -0.049097 -0.016750
v -0.002592 -0.049000 -0.016750
v 0.008000 0.012700 -0.014250
v 0.007164 0.013004 -0.014250
v 0.006720 0.013774 -0.014250
v 0.006874 0.014650 -0.014250
v 0.007555 0.015222 -0.014250
v 0.008445 0.015222 -0.014250
v 0.009126 0.014650 -0.014250
v 0.009280 0.013774 -0.014250
v 0.008836 0.013004 -0.014250
v -0.006000 -0.029300 -0.014250
v -0.006836 -0.028996 -0.014250
v -0.007280 -0.028226 -0.014250
v -0.007126 -0.027350 -0.014250
v -0.006445 -0.026778 -0.014250
v -0.005555 -0.026778 -0.014250
v -0.004874 -0.027350 -0.014250
v -0.004720 -0.028226 -0.014250
v -0.005164 -0.028996 -0.014250
v 0.008000 -0.047300 -0.014250
v 0.007164 -0.046996 -0.014250
v 0.006720 -0.046226 -0.014250
v 0.006874 -0.045350 -0.014250
v 0.007555 -0.044778 -0.014250
v 0.008445 -0.044778 -0.014250
v 0.009126 -0.045350 -0.014250
v 0.009280 -0.046226 -0.014250
v 0.008836 -0.046996 -0.014250
v 0.006000 -0.029300 -0.014250
v 0.005164 -0.028996 -0.014250
v 0.004720 -0.028226 -0.014250
v 0.004874 -0.027350 -0.014250
v 0.005555 -0.026778 -0.014250
v 0.006445 -0.026778 -0.014250
v 0.007126 -0.027350 -0.014250
v 0.007280 -0.028226 -0.014250
v 0.006836 -0.028996 -0.014250
v -0.008000 -0.047300 -0.014250
v -0.008836 -0.046996 -0.014250
v -0.009280 -0.046226 -0.014250
v -0.009126 -0.045350 -0.014250
v -0.008445 -0.044778 -0.014250
v -0.007555 -0.044778 -0.014250
v -0.006874 -0.045350 -0.014250
v -0.006720 -0.046226 -0.014250
v -0.007164 -0.046996 -0.014250
v -0.006000 -0.005300 -0.014250
v -0.006836 -0.004996 -0.014250
v -0.007280 -0.004226 -0.014250
v -0.007126 -0.003350 -0.014250
v -0.006445 -0.002778 -0.014250
v -0.005555 -0.002778 -0.014250
v -0.004874 -0.003350 -0.014250
v -0.004720 -0.004226 -0.014250
v -0.005164 -0.004996 -0.014250
v 0.006000 -0.005300 -0.014250
v 0.005164 -0.004996 -0.014250
v 0.004720 -0.004226 -0.014250
v 0.004874 -0.003350 -0.014250
v 0.005555 -0.002778 -0.014250
v 0.006445 -0.002778 -0.014250
v 0.007126 -0.003350 -0.014250
v 0.007280 -0.004226 -0.014250
v 0.006836 -0.004996 -0.014250
v -0.008000 0.012700 -0.014250
v -0.008836 0.013004 -0.014250
v -0.009280 0.013774 -0.014250
v -0.009126 0.014650 -0.014250
v -0.008445 0.015222 -0.014250
v -0.007555 0.015222 -0.014250
v -0.006874 0.014650 -0.014250
v -0.006720 0.013774 -0.014250
v -0.007164 0.013004 -0.014250
v 0.006000 -0.030600 -0.015250
v 0.007671 -0.029992 -0.015250
v 0.008561 -0.028451 -0.015250
v 0.008252 -0.026700 -0.015250
v 0.006889 -0.025557 -0.015250
v 0.005111 -0.025557 -0.015250
v 0.003748 -0.026700 -0.015250
v 0.003439 -0.028451 -0.015250
v 0.004329 -0.029992 -0.015250
v 0.006000 -0.030600 -0.016750
v 0.004329 -0.029992 -0.016750
v 0.003439 -0.028451 -0.016750
v 0.003748 -0.026700 -0.016750
v 0.005111 -0.025557 -0.016750
v 0.006889 -0.025557 -0.016750
v 0.008252 -0.026700 -0.016750
v 0.008561 -0.028451 -0.016750
v 0.007671 -0.029992 -0.016750
v 0.006000 -0.029300 -0.015250
v 0.006836 -0.028996 -0.015250
v 0.007280 -0.028226 -0.015250
v 0.007126 -0.027350 -0.015250
v 0.006445 -0.026778 -0.015250
v 0.005555 -0.026778 -0.015250
v 0.004874 -0.027350 -0.015250
v 0.004720 -0.028226 -0.015250
v 0.005164 -0.028996 -0.015250
v -0.006000 -0.030600 -0.015250
v -0.004329 -0.029992 -0.015250
v -0.003439 -0.028451 -0.015250
v -0.003748 -0.026700 -0.015250
v -0.005111 -0.025557 -0.015250
v -0.006889 -0.025557 -0.015250
v -0.008252 -0.026700 -0.015250
v -0.008561 -0.028451 -0.015250
v -0.007671 -0.029992 -0.015250
v -0.006000 -0.030600 -0.016750
v -0.007671 -0.029992 -0.016750
v -0.008561 -0.028451 -0.016750
v -0.008252 -0.026700 -0.016750
v -0.006889 -0.025557 -0.016750
v -0.005111 -0.025557 -0.016750
v -0.003748 -0.026700 -0.016750
v -0.003439 -0.028451 -0.016750
v -0.004329 -0.029992 -0.016750
v -0.006000 -0.029300 -0.015250
v -0.005164 -0.028996 -0.015250
v -0.004720 -0.028226 -0.015250
v -0.004874 -0.027350 -0.015250
v -0.005555 -0.026778 -0.015250
v -0.006445 -0.026778 -0.015250
v -0.007126 -0.027350 -0.015250
v -0.007280 -0.028226 -0.015250
v -0.006836 -0.028996 -0.015250
v 0.006000 -0.006600 -0.015250
v 0.007671 -0.005992 -0.015250
v 0.008561 -0.004451 -0.015250
v 0.008252 -0.002700 -0.015250
v 0.006889 -0.001557 -0.015250
v 0.005111 -0.001557 -0.015250
v 0.003748 -0.002700 -0.015250
v 0.003439 -0.004451 -0.015250
v 0.004329 -0.005992 -0.015250
v 0.006000 -0.006600 -0.016750
v 0.004329 -0.005992 -0.016750
v 0.003439 -0.004451 -0.016750
v 0.003748 -0.002700 -0.016750
v 0.005111 -0.001557 -0.016750
v 0.006889 -0.001557 -0.016750
v 0.008252 -0.002700 -0.016750
v 0.008561 -0.004451 -0.016750
v 0.007671 -0.005992 -0.016750
v 0.006000 -0.005300 -0.015250
v 0.006836 -0.004996 -0.015250
v 0.007280 -0.004226 -0.015250
v 0.007126 -0.003350 -0.015250
v 0.006445 -0.002778 -0.015250
v 0.005555 -0.002778 -0.015250
v 0.004874 -0.003350 -0.015250
v 0.004720 -0.004226 -0.015250
v 0.005164 -0.004996 -0.015250
v -0.006000 -0.006600 -0.015250
v -0.004329 -0.005992 -0.015250
v -0.003439 -0.004451 -0.015250
v -0.003748 -0.002700 -0.015250
v -0.005111 -0.001557 -0.015250
v -0.006889 -0.001557 -0.015250
v -0.008252 -0.002700 -0.015250
v -0.008561 -0.004451 -0.015250
v -0.007671 -0.005992 -0.015250
v -0.006000 -0.006600 -0.016750
v -0.007671 -0.005992 -0.016750
v -0.008561 -0.004451 -0.016750
v -0.008252 -0.002700 -0.016750
v -0.006889 -0.001557 -0.016750
v -0.005111 -0.001557 -0.016750
v -0.003748 -0.002700 -0.016750
v -0.003439 -0.004451 -0.016750
v -0.004329 -0.005992 -0.016750
v -0.006000 -0.005300 -0.015250
v -0.005164 -0.004996 -0.015250
v -0.004720 -0.004226 -0.015250
v -0.004874 -0.003350 -0.015250
v -0.005555 -0.002778 -0.015250
v -0.006445 -0.002778 -0.015250
v -0.007126 -0.003350 -0.015250
v -0.007280 -0.004226 -0.015250
v -0.006836 -0.004996 -0.015250
v -0.008000 0.012700 -0.016750
v -0.008836 0.013004 -0.016750
v -0.009280 0.013774 -0.016750
v -0.009126 0.014650 -0.016750
v -0.008445 0.015222 -0.016750
v -0.007555 0.015222 -0.016750
v -0.006874 0.014650 -0.016750
v -0.006720 0.013774 -0.016750
v -0.007164 0.013004 -0.016750
v 0.008000 0.012700 -0.016750
v 0.007164 0.013004 -0.016750
v 0.006720 0.013774 -0.016750
v 0.006874 0.014650 -0.016750
v 0.007555 0.015222 -0.016750
v 0.008445 0.015222 -0.016750
v 0.009126 0.014650 -0.016750
v 0.009280 0.013774 -0.016750
v 0.008836 0.013004 -0.016750
v 0.008000 -0.047300 -0.016750
v 0.007164 -0.046996 -0.016750
v 0.006720 -0.046226 -0.016750
v 0.006874 -0.045350 -0.016750
v 0.007555 -0.044778 -0.016750
v 0.008445 -0.044778 -0.016750
v 0.009126 -0.045350 -0.016750
v 0.009280 -0.046226 -0.016750
v 0.008836 -0.046996 -0.016750
v -0.008000 -0.047300 -0.016750
v -0.008836 -0.046996 -0.016750
v -0.009280 -0.046226 -0.016750
v -0.009126 -0.045350 -0.016750
v -0.008445 -0.044778 -0.016750
v -0.007555 -0.044778 -0.016750
v -0.006874 -0.045350 -0.016750
v -0.006720 -0.046226 -0.016750
v -0.007164 -0.046996 -0.016750
vt 0.000000 0.363028
vt 0.150000 0.363028
vt 0.150000 0.544543
vt -0.000000 0.544543
vt -0.250000 0.651891
vt -0.250000 0.353429
vt -0.000000 0.353429
vt -0.000000 0.651891
vt -0.000000 0.544543
vt 0.150000 0.544543
vt 0.150000 0.726057
vt 0.000000 0.726057
vt 0.000000 -0.317650
vt 0.000000 -0.408407
vt 0.250000 -0.408407
vt 0.250000 -0.317650
vt -0.000000 -0.054967
vt -0.000000 0.243495
vt -0.250000 0.243495
vt -0.250000 -0.054967
vt 0.000000 -0.136136
vt 0.000000 -0.226893
vt 0.250000 -0.226893
vt 0.250000 -0.136136
vt 0.000000 -0.136136
vt 0.000000 -0.226893
vt 0.250000 -0.226893
vt 0.250000 -0.136136
vt 0.000000 0.226893
vt 0.000000 0.136136
vt 0.100000 0.136136
vt 0.100000 0.226893
vt -0.000000 -0.317650
vt 0.250000 -0.317650
vt 0.000000 0.226893
vt 0.000000 0.136136
vt 0.100000 0.136136
vt 0.100000 0.226893
vt -0.250000 0.054110
vt -0.250000 -0.054110
vt 0.000000 -0.054110
vt 0.000000 0.054110
vt -0.250000 0.049493
vt -0.000000 0.049493
vt 3.606283 0.250000
vt 2.393717 0.250000
vt 2.393717 0.000000
vt 0.000000 0.136136
vt -0.000000 0.045379
vt 0.250000 0.045379
vt 0.250000 0.136136
vt 0.199172 -0.167125
vt 0.260000 0.000000
vt 0.199172 0.167125
vt 0.045149 0.256050
vt -0.130000 0.225167
vt -0.065000 0.112583
vt 0.022574 0.128025
vt 0.099586 0.083562
vt 0.130000 0.000000
vt 0.099586 -0.083562
vt 0.022574 -0.128025
vt -0.065000 -0.112583
vt -0.122160 -0.044463
vt -0.244320 -0.088925
vt -0.130000 -0.225167
vt 0.045149 -0.256050
vt 0.000000 0.136136
vt 0.000000 0.045379
vt 0.250000 0.045379
vt 0.250000 0.136136
vt -0.000000 0.726057
vt 0.150000 0.726057
vt 0.150000 0.907571
vt 0.000000 0.907571
vt -0.000000 -0.045379
vt 0.250000 -0.045379
vt 0.000000 -0.226893
vt 0.000000 -0.317650
vt 0.100000 -0.317650
vt 0.100000 -0.226893
vt 0.000000 0.162330
vt -0.000000 0.054110
vt 0.250000 0.054110
vt 0.250000 0.162330
vt 0.000000 -0.726057
vt 0.150000 -0.726057
vt 0.150000 -0.544543
vt 0.000000 -0.544543
vt 0.000000 0.045379
vt 0.000000 -0.045379
vt 0.250000 -0.045379
vt 0.250000 0.045379
vt 0.150000 0.726057
vt -0.000000 0.726057
vt 0.000000 -0.136136
vt 0.000000 -0.226893
vt 0.100000 -0.226893
vt 0.100000 -0.136136
vt 0.000000 -0.544543
vt 0.150000 -0.544543
vt 0.150000 -0.363028
vt 0.000000 -0.363028
vt 0.000000 0.317650
vt 0.100000 0.317650
vt -0.000000 0.544543
vt 0.150000 0.544543
vt 0.000000 0.162330
vt -0.000000 0.054110
vt 0.250000 0.054110
vt 0.250000 0.162330
vt 5.459167 0.250000
vt -0.000000 0.049493
vt 0.250000 0.049493
vt 4.793717 0.000000
vt 5.459167 0.000000
vt 0.000000 0.408407
vt 0.000000 0.317650
vt 0.100000 0.317650
vt 0.100000 0.408407
vt 0.000000 0.408407
vt 0.000000 0.317650
vt 0.250000 0.317650
vt 0.250000 0.408407
vt 0.000000 -0.136136
vt 0.000000 -0.226893
vt 0.100000 -0.226893
vt 0.100000 -0.136136
vt 0.000000 0.408407
vt 0.100000 0.408407
vt 0.000000 0.162330
vt 0.000000 0.054110
vt 0.250000 0.054110
vt 0.250000 0.162330
vt -0.000000 0.045379
vt 0.100000 0.045379
vt -0.000000 0.045379
vt -0.000000 -0.045379
vt 0.100000 -0.045379
vt 0.100000 0.045379
vt -3.446647 -0.854831
vt -3.318198 -1.118198
vt -3.065000 -0.912583
vt -3.122160 -0.844463
vt 0.000000 0.136136
vt 0.100000 0.136136
vt 0.150000 0.907571
vt 0.000000 0.907571
vt 0.000000 0.045379
vt 0.000000 -0.045379
vt 0.250000 -0.045379
vt 0.250000 0.045379
vt 0.000000 0.317650
vt 0.000000 0.226893
vt 0.250000 0.226893
vt 0.250000 0.317650
vt -0.250000 0.162330
vt -0.250000 0.054110
vt -0.000000 0.054110
vt -0.000000 0.162330
vt -1.154851 0.856050
vt -1.000828 0.767125
vt 0.955680 0.688925
vt 1.070000 0.825167
vt 1.245149 0.856050
vt 1.399172 0.767125
vt 1.460000 0.600000
vt 2.935000 0.687417
vt 2.877840 0.755537
vt 2.877840 0.844463
vt 2.935000 0.912583
vt 2.459167 1.100000
vt 1.695179 1.108147
vt 1.599316 1.132366
vt 1.306750 1.241174
vt 1.093250 1.241174
vt 0.800684 1.132366
vt 0.704821 1.108147
vt -0.606283 1.100000
vt -0.704821 1.108147
vt -0.800684 1.132366
vt 0.000000 0.408407
vt 0.000000 0.317650
vt 0.100000 0.317650
vt 0.100000 0.408407
vt -0.000000 0.162330
vt 0.000000 0.054110
vt 0.250000 0.054110
vt 0.250000 0.162330
vt 0.000000 0.049493
vt -0.000000 -0.049493
vt 0.250000 -0.049493
vt 0.250000 0.049493
vt -2.670943 -1.138617
vt -3.022574 -0.928025
vt -3.099586 -0.883562
vt -3.130000 -0.800000
vt -3.099586 -0.716438
vt -3.022574 -0.671975
vt -2.935000 -0.687417
vt -3.309733 -0.366801
vt -3.338617 -0.470943
vt -3.385714 -0.568215
vt -3.446647 -0.854831
vt -3.318198 -1.118198
vt -3.054831 -1.246647
vt -2.768215 -1.185714
vt 0.000000 -0.136136
vt 0.250000 -0.136136
vt 0.000000 -0.408407
vt 0.100000 -0.408407
vt -0.250000 -0.049493
vt -0.250000 -0.913782
vt 0.000000 -0.913782
vt -0.000000 -0.049493
vt 0.000000 0.136136
vt 0.250000 0.136136
vt 0.000000 0.148480
vt -0.000000 0.049493
vt 0.250000 0.049493
vt 0.250000 0.148480
vt -0.250000 -1.128253
vt -0.000000 -1.128253
vt -0.000000 -0.913782
vt -0.250000 -0.913782
vt -0.000000 -0.950353
vt -0.000000 -0.651891
vt -0.250000 -0.651891
vt -0.250000 -0.950353
vt 0.000000 0.181514
vt 0.150000 0.181514
vt 0.150000 0.363028
vt 0.000000 0.363028
vt 0.150000 0.907571
vt 0.000000 0.907571
vt 0.000000 0.226893
vt 0.100000 0.226893
vt -0.250000 0.054967
vt -0.250000 -0.243495
vt -0.000000 -0.243495
vt -0.000000 0.054967
vt 0.000000 -0.317650
vt 0.000000 -0.408407
vt 0.250000 -0.408407
vt 0.250000 -0.317650
vt -0.250000 -0.054110
vt -0.250000 -0.162330
vt -0.000000 -0.162330
vt -0.000000 -0.054110
vt 0.199172 0.167125
vt 0.045149 0.256050
vt -0.130000 0.225167
vt -0.065000 0.112583
vt 0.022574 0.128025
vt 0.099586 0.083562
vt 0.130000 0.000000
vt 0.099586 -0.083562
vt 0.022574 -0.128025
vt -0.065000 -0.112583
vt -0.122160 -0.044463
vt -0.122160 0.044463
vt -0.244320 0.088925
vt -0.244320 -0.088925
vt -0.130000 -0.225167
vt 0.045149 -0.256050
vt 0.199172 -0.167125
vt 0.260000 0.000000
vt 0.099586 0.083562
vt 0.130000 0.000000
vt 0.099586 -0.083562
vt 0.022574 -0.128025
vt -0.065000 -0.112583
vt -0.122160 -0.044463
vt -0.130000 -0.225167
vt 0.045149 -0.256050
vt 0.199172 -0.167125
vt 0.260000 0.000000
vt 0.199172 0.167125
vt 0.045149 0.256050
vt -0.130000 0.225167
vt -0.244320 0.088925
vt -0.244320 -0.088925
vt -0.122160 0.044463
vt -0.065000 0.112583
vt 0.022574 0.128025
vt 0.000000 -0.544543
vt 0.150000 -0.544543
vt 0.150000 -0.363028
vt 0.000000 -0.363028
vt 0.000000 0.408407
vt 0.250000 0.408407
vt 0.000000 0.000000
vt 0.150000 0.000000
vt -0.250000 -1.128253
vt -0.000000 -1.128253
vt -0.000000 -0.913782
vt -0.250000 -0.913782
vt -0.250000 0.950353
vt 0.000000 0.950353
vt -0.250000 0.054110
vt -0.000000 0.054110
vt 0.150000 -0.181514
vt 0.000000 -0.181514
vt -0.000000 -0.353429
vt -0.250000 -0.353429
vt 0.000000 -0.726057
vt 0.150000 -0.726057
vt 0.000000 0.136136
vt 0.250000 0.136136
vt -0.000000 -0.049493
vt 0.250000 -0.049493
vt -0.250000 0.162330
vt 0.000000 0.162330
vt 3.065000 0.912583
vt 3.446647 0.854831
vt 3.318198 1.118198
vt 2.977426 0.928025
vt 0.150000 -0.181514
vt 0.000000 -0.181514
vt -0.250000 -0.761826
vt -0.250000 -1.060288
vt -0.000000 -1.060288
vt -0.000000 -0.761826
vt 0.000000 -0.726057
vt 0.150000 -0.726057
vt 0.150000 -0.544543
vt 0.000000 -0.544543
vt 0.000000 -0.363028
vt 0.150000 -0.363028
vt 0.150000 -0.181514
vt 0.000000 -0.181514
vt -0.000000 -0.408407
vt 0.250000 -0.408407
vt 0.000000 -0.363028
vt 0.150000 -0.363028
vt 0.150000 -0.181514
vt 0.000000 -0.181514
vt 0.000000 -0.045379
vt 0.000000 -0.136136
vt 0.250000 -0.136136
vt 0.250000 -0.045379
vt -0.250000 0.049493
vt 0.000000 0.049493
vt -0.000000 0.408407
vt -0.000000 0.317650
vt 0.250000 0.317650
vt 0.250000 0.408407
vt 0.000000 -0.226893
vt 0.250000 -0.226893
vt -0.250000 -0.162330
vt -0.000000 -0.162330
vt -0.000000 -0.054110
vt 0.000000 -0.162330
vt 0.250000 -0.162330
vt 0.250000 -0.054110
vt -0.250000 -0.054110
vt -0.250000 -0.162330
vt 0.000000 -0.162330
vt 0.000000 -0.054110
vt 0.000000 -0.054110
vt 0.000000 -0.162330
vt 0.250000 -0.162330
vt 0.250000 -0.054110
vt 0.000000 -0.049493
vt 0.250000 -0.049493
vt -0.000000 -0.045379
vt 0.100000 -0.045379
vt 0.150000 0.000000
vt 0.000000 0.000000
vt -0.250000 -0.049493
vt -0.000000 -0.049493
vt -0.250000 -0.049493
vt -0.000000 -0.049493
vt 0.000000 -0.226893
vt 0.000000 -0.317650
vt 0.100000 -0.317650
vt 0.100000 -0.226893
vt 0.150000 0.000000
vt 0.000000 0.000000
vt -0.250000 -1.128253
vt -0.000000 -1.128253
vt 0.000000 0.363028
vt 0.150000 0.363028
vt 0.150000 0.544543
vt -0.000000 0.544543
vt -0.250000 -1.170222
vt -0.250000 -1.468684
vt -0.000000 -1.468684
vt -0.000000 -1.170222
vt -0.250000 0.049493
vt 0.000000 0.049493
vt 0.540833 0.250000
vt 0.540833 0.000000
vt 0.000000 0.408407
vt 0.000000 0.317650
vt 0.100000 0.317650
vt 0.100000 0.408407
vt 0.000000 -0.317650
vt 0.100000 -0.317650
vt 0.955680 -0.511075
vt -1.000828 -0.432875
vt -0.940000 -0.600000
vt 0.955680 -0.688925
vt -0.000000 -0.054110
vt 0.250000 -0.054110
vt 0.150000 0.726057
vt 0.000000 0.726057
vt 0.150000 0.000000
vt 0.000000 0.000000
vt 0.000000 -0.136136
vt 0.100000 -0.136136
vt 1.059167 0.000000
vt 1.059167 0.250000
vt 0.540833 0.250000
vt 0.540833 0.000000
vt 0.000000 0.363028
vt 0.150000 0.363028
vt 0.000000 -0.317650
vt 0.000000 -0.408407
vt 0.100000 -0.408407
vt 0.100000 -0.317650
vt -0.000000 -0.045379
vt 0.100000 -0.045379
vt 0.000000 -0.136136
vt 0.100000 -0.136136
vt 0.150000 0.181514
vt 0.000000 0.181514
vt 0.000000 -0.226893
vt 0.250000 -0.226893
vt -0.000000 0.049493
vt 0.250000 0.049493
vt 0.000000 -0.054110
vt 0.250000 -0.054110
vt 2.670943 -1.138617
vt 2.768215 -1.185714
vt 3.054831 -1.246647
vt 3.318198 -1.118198
vt 3.446647 -0.854831
vt 3.122160 -0.844463
vt 3.065000 -0.912583
vt 2.977426 -0.928025
vt 2.900414 -0.883562
vt 2.870000 -0.800000
vt 2.900414 -0.716438
vt 2.977426 -0.671975
vt 3.309733 -0.366801
vt 3.300000 -0.259167
vt 3.300000 0.259167
vt 3.309733 0.366801
vt 3.338617 0.470943
vt 3.385714 0.568215
vt 3.122160 0.844463
vt 3.122160 0.755537
vt 3.065000 0.687417
vt 2.977426 0.671975
vt 2.900414 0.716438
vt 2.870000 0.800000
vt 2.900414 0.883562
vt 3.054831 1.246647
vt 2.768215 1.185714
vt 2.670943 1.138617
vt 2.566801 1.109733
vt 2.459167 1.100000
vt 1.793717 1.100000
vt 1.265000 0.712583
vt 1.322160 0.644463
vt 1.322160 0.555537
vt 1.265000 0.487417
vt 1.177426 -0.471975
vt 1.265000 -0.487417
vt 1.322160 -0.555537
vt 1.322160 -0.644463
vt 1.265000 -0.712583
vt 1.177426 -0.728025
vt 1.100414 -0.683562
vt 1.070000 -0.600000
vt -1.077840 -0.644463
vt -1.135000 -0.712583
vt -1.222574 -0.728025
vt -1.299586 -0.683562
vt -1.330000 -0.600000
vt -1.299586 -0.516438
vt -2.877840 -0.755537
vt -2.877840 -0.844463
vt -2.935000 -0.912583
vt -2.566801 -1.109733
vt -2.459167 -1.100000
vt -1.695179 -1.108147
vt -1.599316 -1.132366
vt -1.306750 -1.241174
vt -1.093250 -1.241174
vt -0.800684 -1.132366
vt -0.704821 -1.108147
vt 0.606283 -1.100000
vt 0.704821 -1.108147
vt 0.800684 -1.132366
vt 1.093250 -1.241174
vt 1.306750 -1.241174
vt 1.599316 -1.132366
vt 1.695179 -1.108147
vt 2.459167 -1.100000
vt 2.566801 -1.109733
vt 1.059167 0.000000
vt 1.059167 0.250000
vt 0.540833 0.250000
vt 0.540833 0.000000
vt -0.000000 -0.045379
vt 0.100000 -0.045379
vt -0.250000 0.162330
vt 0.000000 0.162330
vt -0.250000 -0.054110
vt -0.000000 -0.054110
vt -0.250000 -2.065608
vt -0.250000 -2.364070
vt -0.000000 -2.364070
vt 0.000000 -2.065608
vt 0.540833 0.250000
vt 0.540833 0.000000
vt -0.250000 -0.463364
vt -0.000000 -0.463364
vt -0.250000 -1.767146
vt 0.000000 -1.767146
vt 3.606283 0.000000
vt 3.606283 0.250000
vt -0.250000 -1.358750
vt -0.250000 -1.657211
vt -0.000000 -1.657211
vt -0.000000 -1.358750
vt -0.250000 0.054110
vt 0.000000 0.054110
vt -0.250000 0.049493
vt -0.000000 0.049493
vt 0.000000 -0.049493
vt 0.250000 -0.049493
vt -0.000000 -0.049493
vt -0.250000 -0.049493
vt -0.000000 -1.128253
vt -0.250000 -1.128253
vt 0.150000 0.181514
vt 0.000000 0.181514
vt 0.150000 0.181514
vt 0.000000 0.181514
vt 0.000000 0.226893
vt 0.250000 0.226893
vt 0.000000 0.136136
vt 0.100000 0.136136
vt 0.000000 0.226893
vt 0.100000 0.226893
vt -0.250000 0.148480
vt 0.000000 0.148480
vt -0.122160 0.044463
vt -0.065000 0.112583
vt -0.130000 0.225167
vt -0.244320 0.088925
vt -0.250000 0.162330
vt 0.000000 0.162330
vt 3.022574 -0.671975
vt 3.385714 -0.568215
vt 3.338617 -0.470943
vt 2.935000 -0.687417
vt 0.000000 0.226893
vt 0.250000 0.226893
vt -0.244320 0.088925
vt -0.122160 0.044463
vt -0.000000 0.045379
vt 0.100000 0.045379
vt 0.000000 -0.317650
vt 0.250000 -0.317650
vt 0.150000 0.907571
vt 0.000000 0.907571
vt -0.000000 -0.162330
vt 0.250000 -0.162330
vt 0.000000 0.226893
vt 0.250000 0.226893
vt -0.250000 -0.162330
vt 0.000000 -0.162330
vt -2.670943 1.138617
vt -2.768215 1.185714
vt -3.054831 1.246647
vt -3.318198 1.118198
vt -3.446647 0.854831
vt -3.122160 0.844463
vt -3.065000 0.912583
vt -2.977426 0.928025
vt 3.338617 -0.470943
vt 3.065000 -0.687417
vt 3.122160 -0.755537
vt 3.385714 -0.568215
vt -0.000000 0.045379
vt 0.100000 0.045379
vt 0.000000 -0.408407
vt 0.100000 -0.408407
vt -1.599316 1.132366
vt -1.695179 1.108147
vt -2.459167 1.100000
vt -2.877840 0.844463
vt -2.877840 0.755537
vt -2.935000 0.687417
vt -1.330000 0.600000
vt -1.299586 0.683562
vt -1.222574 0.728025
vt -1.135000 0.712583
vt -1.077840 0.644463
vt -1.077840 0.555537
vt -1.135000 0.487417
vt -1.222574 0.471975
vt -3.300000 -0.259167
vt -1.222574 -0.471975
vt -1.135000 -0.487417
vt -1.077840 -0.555537
vt 1.100414 -0.516438
vt 1.177426 0.471975
vt 1.100414 0.516438
vt 1.070000 0.600000
vt 1.100414 0.683562
vt 1.177426 0.728025
vt 1.695179 1.108147
vt 1.599316 1.132366
vt 1.306750 1.241174
vt 1.093250 1.241174
vt 0.800684 1.132366
vt 0.704821 1.108147
vt 0.606283 1.100000
vt -0.704821 1.108147
vt -0.800684 1.132366
vt -1.093250 1.241174
vt -1.306750 1.241174
vt -3.099586 0.716438
vt -3.130000 0.800000
vt -3.099586 0.883562
vt -3.022574 0.928025
vt -2.935000 0.912583
vt -2.566801 1.109733
vt -2.670943 1.138617
vt -2.768215 1.185714
vt -3.054831 1.246647
vt -3.318198 1.118198
vt -3.446647 0.854831
vt -3.385714 0.568215
vt -3.338617 0.470943
vt -3.309733 0.366801
vt -3.300000 0.259167
vt -1.299586 0.516438
vt -3.022574 0.671975
vt 0.000000 -0.408407
vt 0.250000 -0.408407
vt 0.000000 0.408407
vt 0.000000 0.317650
vt 0.250000 0.317650
vt 0.250000 0.408407
vt 0.000000 -0.408407
vt 0.100000 -0.408407
vt 0.099586 0.083562
vt 0.130000 0.000000
vt 0.099586 -0.083562
vt 0.022574 -0.128025
vt -0.065000 -0.112583
vt -0.122160 -0.044463
vt -0.244320 -0.088925
vt -0.130000 -0.225167
vt 0.045149 -0.256050
vt 0.199172 -0.167125
vt 0.260000 0.000000
vt 0.199172 0.167125
vt 0.045149 0.256050
vt 0.022574 0.128025
vt 0.000000 -0.162330
vt 0.250000 -0.162330
vt 5.459167 0.000000
vt 5.459167 0.250000
vt -0.250000 -0.913782
vt 0.000000 -0.913782
vt 3.318198 1.118198
vt 3.054831 1.246647
vt 2.768215 1.185714
vt 2.670943 1.138617
vt 2.566801 1.109733
vt 3.022574 0.928025
vt 3.099586 0.883562
vt 3.130000 0.800000
vt 3.099586 0.716438
vt 3.022574 0.671975
vt 1.399172 0.432875
vt 1.245149 0.343950
vt 1.070000 0.374833
vt 0.955680 0.511075
vt -0.940000 0.600000
vt -1.000828 0.432875
vt -1.154851 0.343950
vt -1.330000 0.374833
vt -1.444320 0.511075
vt -1.444320 0.688925
vt -1.330000 0.825167
vt -1.093250 1.241174
vt -1.306750 1.241174
vt -1.599316 1.132366
vt -1.695179 1.108147
vt -2.459167 1.100000
vt -2.566801 1.109733
vt -2.900414 0.883562
vt -2.870000 0.800000
vt -2.900414 0.716438
vt -2.977426 0.671975
vt -3.065000 0.687417
vt -3.122160 0.755537
vt -3.385714 0.568215
vt -3.338617 0.470943
vt -3.309733 0.366801
vt -3.300000 0.259167
vt -3.300000 -0.259167
vt -3.309733 -0.366801
vt -3.338617 -0.470943
vt -3.385714 -0.568215
vt -3.122160 -0.755537
vt -3.065000 -0.687417
vt -2.977426 -0.671975
vt -2.900414 -0.716438
vt -2.870000 -0.800000
vt -2.900414 -0.883562
vt -2.977426 -0.928025
vt -3.054831 -1.246647
vt -2.768215 -1.185714
vt -2.670943 -1.138617
vt -2.566801 -1.109733
vt -2.459167 -1.100000
vt -1.695179 -1.108147
vt -1.599316 -1.132366
vt -1.306750 -1.241174
vt -1.093250 -1.241174
vt -0.800684 -1.132366
vt -0.704821 -1.108147
vt -0.606283 -1.100000
vt 0.606283 -1.100000
vt -1.000828 -0.767125
vt -1.154851 -0.856050
vt -1.330000 -0.825167
vt -1.444320 -0.688925
vt -1.444320 -0.511075
vt -1.330000 -0.374833
vt -1.154851 -0.343950
vt 1.070000 -0.374833
vt 1.245149 -0.343950
vt 1.399172 -0.432875
vt 1.460000 -0.600000
vt 1.399172 -0.767125
vt 1.245149 -0.856050
vt 0.800684 -1.132366
vt 1.093250 -1.241174
vt 1.306750 -1.241174
vt 1.599316 -1.132366
vt 1.695179 -1.108147
vt 2.459167 -1.100000
vt 2.566801 -1.109733
vt 2.670943 -1.138617
vt 2.768215 -1.185714
vt 3.054831 -1.246647
vt 3.318198 -1.118198
vt 3.446647 -0.854831
vt 3.099586 -0.716438
vt 3.130000 -0.800000
vt 3.099586 -0.883562
vt 3.022574 -0.928025
vt 2.935000 -0.912583
vt 2.877840 -0.844463
vt 2.877840 -0.755537
vt 3.309733 -0.366801
vt 3.300000 -0.259167
vt 3.300000 0.259167
vt 3.309733 0.366801
vt 3.338617 0.470943
vt 3.385714 0.568215
vt 3.446647 0.854831
vt 0.000000 -0.726057
vt 0.150000 -0.726057
vt 0.704821 -1.108147
vt 1.070000 -0.825167
vt -0.916149 -3.045731
vt 0.940000 -2.100000
vt 0.940000 -1.880000
vt 0.610000 -1.550000
vt -0.610000 -1.550000
vt -0.940000 -1.880000
vt -0.940000 -2.100000
vt -1.385000 -2.100000
vt -1.385000 -3.308431
vt -1.208431 -3.485000
vt -1.220000 -3.407846
vt -1.325526 -3.282085
vt -1.325526 -3.117915
vt -1.220000 -2.992154
vt -1.058324 -2.963646
vt -0.916149 -3.354269
vt -1.058324 -3.436354
vt 1.208431 -3.485000
vt 1.141676 -3.436354
vt 0.980000 -3.407846
vt 0.874474 -3.282085
vt 0.874474 -3.117915
vt 0.980000 -2.992154
vt -0.860000 -3.200000
vt 0.399668 0.286234
vt 0.132168 0.286234
vt 0.132168 0.214675
vt 0.399668 0.214675
vt -0.700000 0.090757
vt -0.280000 0.090757
vt -0.280000 0.181514
vt -0.700000 0.181514
vt 0.230472 -0.027925
vt 0.230472 0.027925
vt 0.060472 0.027925
vt 0.060472 -0.027925
vt 0.347168 0.250455
vt 0.347168 0.322013
vt 0.079668 0.322013
vt 0.079668 0.250455
vt -0.900000 -0.181514
vt -0.280000 -0.181514
vt -0.280000 -0.090757
vt -0.900000 -0.090757
vt 0.347168 -0.322013
vt 0.347168 -0.250455
vt 0.079668 -0.250455
vt 0.079668 -0.322013
vt 0.714668 0.250455
vt 0.714668 0.322013
vt 0.097168 0.322013
vt 0.097168 0.250455
vt 0.028284 -0.141421
vt 0.028284 0.141421
vt -0.028284 0.124853
vt -0.028284 -0.124853
vt 0.347168 -0.035779
vt 0.347168 0.035779
vt 0.079668 0.035779
vt 0.079668 -0.035779
vt -0.347168 0.286234
vt -0.079668 0.286234
vt -0.079668 0.357792
vt -0.347168 0.357792
vt -1.220000 1.007846
vt -1.058324 1.036354
vt -0.350000 1.085000
vt -1.208431 1.085000
vt -1.385000 0.908431
vt -0.340000 0.010000
vt 0.340000 0.010000
vt 0.340000 0.350000
vt 0.196469 0.350000
vt 0.196469 0.150000
vt -0.196469 0.150000
vt -0.196469 0.350000
vt -0.340000 0.350000
vt -0.916149 0.954269
vt -0.860000 0.800000
vt -0.916149 0.645731
vt -1.058324 0.563646
vt -1.220000 0.592154
vt -1.325526 0.717915
vt -1.325526 0.882085
vt -1.385000 -0.800000
vt -0.565000 -0.800000
vt -0.565000 -0.794607
vt -0.903994 -0.365267
vt -0.958418 0.179055
vt -0.711139 0.667013
vt -0.240000 0.945000
vt -0.350000 0.945000
vt -0.280000 -0.167552
vt 0.000000 -0.167552
vt 0.000000 0.000000
vt -0.280000 0.000000
vt 0.230472 0.027925
vt 0.230472 0.083776
vt 0.060472 0.083776
vt 0.060472 0.027925
vt 0.230472 -0.027925
vt 0.230472 0.027925
vt 0.060472 0.027925
vt 0.060472 -0.027925
vt -0.900000 -0.181514
vt -0.280000 -0.181514
vt -0.280000 -0.090757
vt -0.900000 -0.090757
vt 0.230472 -0.139626
vt 0.230472 -0.083776
vt 0.060472 -0.083776
vt 0.060472 -0.139626
vt -0.900000 -0.363028
vt -0.280000 -0.363028
vt -0.280000 -0.272271
vt -0.900000 -0.272271
vt -0.280000 -0.167552
vt 0.000000 -0.167552
vt 0.000000 0.000000
vt -0.280000 0.000000
vt 0.230472 0.083776
vt 0.230472 0.139626
vt 0.060472 0.139626
vt 0.060472 0.083776
vt 0.132168 -0.071558
vt 0.399668 -0.071558
vt 0.399668 0.000000
vt 0.132168 0.000000
vt -0.021213 0.232129
vt -0.021213 0.165806
vt 0.021213 0.165806
vt 0.021213 0.232129
vt -0.022981 0.290161
vt -0.022981 0.207258
vt 0.022981 0.207258
vt 0.022981 0.290161
vt -0.900000 -0.363028
vt -0.280000 -0.363028
vt -0.280000 -0.272271
vt -0.900000 -0.272271
vt -0.280000 -0.335103
vt 0.000000 -0.335103
vt 0.000000 -0.167552
vt -0.280000 -0.167552
vt 2.248443 0.967051
vt 2.157500 0.983087
vt 2.098141 1.053827
vt 0.760000 1.100000
vt 0.728416 1.013224
vt 0.648443 0.967051
vt 0.557500 0.983087
vt 0.498141 1.053827
vt 0.498141 1.146173
vt 0.498141 2.253827
vt 0.498141 2.346173
vt 0.200000 3.360000
vt 0.200000 0.040000
vt 2.650000 0.040000
vt 2.650000 3.360000
vt 2.351859 2.346173
vt 2.351859 2.253827
vt 2.292500 2.183087
vt 2.201557 2.167051
vt 2.121584 2.213224
vt 0.760000 2.300000
vt 0.728416 2.213224
vt 0.648443 2.167051
vt 0.557500 1.216913
vt 0.648443 1.232949
vt 0.728416 1.186776
vt 2.098141 1.146173
vt 2.157500 1.216913
vt 2.248443 1.232949
vt 2.328416 1.186776
vt 2.360000 1.100000
vt 2.328416 1.013224
vt 0.924668 -0.107338
vt 0.924668 -0.035779
vt 0.107168 -0.035779
vt 0.107168 -0.107338
vt 0.160000 0.851721
vt 0.210000 0.851721
vt 0.210000 1.277581
vt 0.160000 1.277581
vt -1.220000 1.007846
vt -1.058324 1.036354
vt -0.916149 0.954269
vt -0.350000 1.085000
vt -1.208431 1.085000
vt -1.385000 0.908431
vt -1.385000 -0.800000
vt -1.220000 0.592154
vt -1.325526 0.717915
vt -1.325526 0.882085
vt 0.714668 0.107338
vt 0.714668 0.178896
vt 0.097168 0.178896
vt 0.097168 0.107338
vt 0.874474 0.882085
vt 0.874474 0.717915
vt 0.977840 0.844463
vt 1.035000 0.912583
vt 0.980000 1.007846
vt 0.347168 0.178896
vt 0.347168 0.250455
vt 0.079668 0.250455
vt 0.079668 0.178896
vt -0.900000 -0.181514
vt -0.280000 -0.181514
vt -0.280000 -0.090757
vt -0.900000 -0.090757
vt 0.230472 0.195477
vt 0.230472 0.251327
vt 0.060472 0.251327
vt 0.060472 0.195477
vt 0.347168 -0.214675
vt 0.079668 -0.214675
vt 0.079668 -0.286234
vt 0.347168 -0.286234
vt 0.230472 0.195477
vt 0.230472 0.251327
vt 0.060472 0.251327
vt 0.060472 0.195477
vt -1.000414 0.716438
vt -1.077426 0.671975
vt -1.220000 0.592154
vt -1.058324 0.563646
vt -0.916149 0.645731
vt -0.970000 0.800000
vt 1.230000 -3.200000
vt 1.199586 -3.283562
vt 1.122574 -3.328025
vt 1.283851 -3.354269
vt 1.340000 -3.200000
vt 1.283851 -3.045731
vt 1.141676 -2.963646
vt 0.980000 -2.992154
vt 0.874474 -3.117915
vt 1.035000 -3.087417
vt 1.122574 -3.071975
vt 1.199586 -3.116438
vt 1.141676 -3.436354
vt 1.035000 -3.312583
vt 0.977840 -3.244463
vt 0.977840 -3.155537
vt 0.874474 -3.282085
vt 0.980000 -3.407846
vt -0.021213 0.265290
vt 0.021213 0.265290
vt 0.021213 0.331613
vt -0.021213 0.331613
vt -0.700000 0.272271
vt -0.280000 0.272271
vt -0.280000 0.363028
vt -0.700000 0.363028
vt -0.022981 0.331613
vt 0.022981 0.331613
vt 0.022981 0.414516
vt -0.022981 0.414516
vt -0.021213 0.165806
vt -0.021213 0.099484
vt 0.021213 0.099484
vt 0.021213 0.165806
vt 0.000000 0.167552
vt -0.280000 0.167552
vt -0.280000 0.000000
vt 0.000000 0.000000
vt 0.924668 -0.178896
vt 0.924668 -0.107338
vt 0.107168 -0.107338
vt 0.107168 -0.178896
vt 0.924668 -0.178896
vt 0.924668 -0.107338
vt 0.107168 -0.107338
vt 0.107168 -0.178896
vt 0.347168 0.143117
vt 0.079668 0.143117
vt 0.079668 0.071558
vt 0.347168 0.071558
vt -0.022981 -0.331613
vt 0.022981 -0.331613
vt 0.022981 -0.248709
vt -0.022981 -0.248709
vt -0.700000 0.090757
vt -0.280000 0.090757
vt -0.280000 0.181514
vt -0.700000 0.181514
vt -0.067500 0.116913
vt -0.122160 0.044463
vt -0.065000 0.112583
vt 0.022574 0.128025
vt 0.099586 0.083562
vt 0.103416 0.086776
vt 0.023443 0.132949
vt 0.230472 0.055851
vt 0.060472 0.055851
vt 0.060472 0.000000
vt 0.230472 0.000000
vt 0.230472 -0.195477
vt 0.230472 -0.139626
vt 0.060472 -0.139626
vt 0.060472 -0.195477
vt 0.230472 0.139626
vt 0.230472 0.195477
vt 0.060472 0.195477
vt 0.060472 0.139626
vt -0.399668 -0.143117
vt -0.132168 -0.143117
vt -0.132168 -0.071558
vt -0.399668 -0.071558
vt -0.028284 -0.595931
vt 0.028284 -0.612500
vt 0.028284 0.612500
vt -0.028284 0.612500
vt -0.900000 0.363028
vt -0.280000 0.363028
vt -0.280000 0.453786
vt -0.900000 0.453786
vt 0.714668 0.107338
vt 0.714668 0.178896
vt 0.097168 0.178896
vt 0.097168 0.107338
vt 0.347168 0.286234
vt 0.079668 0.286234
vt 0.079668 0.214675
vt 0.347168 0.214675
vt -0.347168 0.143117
vt -0.079668 0.143117
vt -0.079668 0.214675
vt -0.347168 0.214675
vt 0.347168 -0.178896
vt 0.347168 -0.107338
vt 0.079668 -0.107338
vt 0.079668 -0.178896
vt 0.230472 -0.139626
vt 0.230472 -0.083776
vt 0.060472 -0.083776
vt 0.060472 -0.139626
vt 0.347168 -0.071558
vt 0.079668 -0.071558
vt 0.079668 -0.143117
vt 0.347168 -0.143117
vt -0.399668 -0.071558
vt -0.132168 -0.071558
vt -0.132168 0.000000
vt -0.399668 0.000000
vt -0.280000 -0.502655
vt 0.000000 -0.502655
vt 0.000000 -0.335103
vt -0.280000 -0.335103
vt 0.230472 0.083776
vt 0.060472 0.083776
vt 0.230472 -0.139626
vt 0.230472 -0.083776
vt 0.060472 -0.083776
vt 0.060472 -0.139626
vt -0.485990 0.572658
vt -0.509117 0.622254
vt -0.558713 0.645381
vt -0.611572 0.631218
vt -0.642959 0.586391
vt -0.638190 0.531876
vt -0.599495 0.493181
vt -0.544980 0.488411
vt -0.500153 0.519799
vt 0.924668 -0.322013
vt 0.924668 -0.250455
vt 0.107168 -0.250455
vt 0.107168 -0.322013
vt 0.233345 -0.160000
vt 0.233345 0.160000
vt -0.176777 0.160000
vt -0.233345 0.200000
vt -0.233345 -0.160000
vt 0.230472 -0.027925
vt 0.230472 0.027925
vt 0.060472 0.027925
vt 0.060472 -0.027925
vt -0.280000 0.167552
vt 0.000000 0.167552
vt 0.000000 0.335103
vt -0.280000 0.335103
vt 0.028284 -0.141421
vt 0.028284 0.141421
vt -0.028284 0.124853
vt -0.028284 -0.124853
vt 0.714668 -0.322013
vt 0.714668 -0.250455
vt 0.097168 -0.250455
vt 0.097168 -0.322013
vt 0.230472 0.027925
vt 0.230472 0.083776
vt 0.060472 0.083776
vt 0.060472 0.027925
vt 0.714668 0.250455
vt 0.714668 0.322013
vt 0.097168 0.322013
vt 0.097168 0.250455
vt -0.022981 0.373064
vt -0.022981 0.290161
vt 0.022981 0.290161
vt 0.022981 0.373064
vt -0.010607 -0.113883
vt 0.010607 -0.113883
vt 0.010607 0.037961
vt -0.010607 0.037961
vt 0.924668 -0.035779
vt 0.924668 0.035779
vt 0.107168 0.035779
vt 0.107168 -0.035779
vt -0.022981 0.041452
vt -0.022981 -0.041452
vt 0.022981 -0.041452
vt 0.022981 0.041452
vt -0.021213 -0.513127
vt -0.021213 -0.855211
vt 0.021213 -0.855211
vt 0.021213 -0.513127
vt -0.021213 -0.232129
vt -0.021213 -0.298451
vt 0.021213 -0.298451
vt 0.021213 -0.232129
vt -0.280000 -0.502655
vt 0.000000 -0.502655
vt 0.000000 -0.335103
vt -0.280000 -0.335103
vt 0.230472 0.083776
vt 0.230472 0.139626
vt 0.060472 0.139626
vt 0.060472 0.083776
vt 0.347168 -0.322013
vt 0.347168 -0.250455
vt 0.079668 -0.250455
vt 0.079668 -0.322013
vt 0.714668 -0.035779
vt 0.714668 0.035779
vt 0.097168 0.035779
vt 0.097168 -0.035779
vt -0.036466 -0.206810
vt 0.105000 -0.181865
vt 0.197335 -0.071824
vt 0.197335 0.071824
vt 0.105000 0.181865
vt -0.036466 0.206810
vt -0.160869 0.134985
vt -0.210000 0.000000
vt -0.160869 -0.134985
vt -0.280000 0.090757
vt -0.700000 0.090757
vt -0.700000 0.000000
vt -0.280000 0.000000
vt 0.055645 -0.125227
vt -0.063935 -0.125227
vt 0.055645 -0.161007
vt 0.055645 -0.053669
vt -0.063935 -0.053669
vt 0.055645 -0.089448
vt 0.055645 0.017890
vt -0.063935 0.017890
vt 0.055645 -0.017890
vt 0.055645 0.089448
vt -0.063935 0.089448
vt 0.055645 0.053669
vt 0.055645 0.161007
vt -0.063935 0.161007
vt 0.055645 0.125227
vt -0.063935 0.053669
vt -0.063935 0.125227
vt -0.063935 -0.017890
vt -0.063935 -0.089448
vt 0.347168 -0.107338
vt 0.347168 -0.035779
vt 0.079668 -0.035779
vt 0.079668 -0.107338
vt 0.230472 -0.195477
vt 0.230472 -0.139626
vt 0.060472 -0.139626
vt 0.060472 -0.195477
vt -0.022981 0.290161
vt -0.022981 0.207258
vt 0.022981 0.207258
vt 0.022981 0.290161
vt -0.022981 -0.165806
vt 0.022981 -0.165806
vt 0.022981 -0.082903
vt -0.022981 -0.082903
vt -0.022981 -0.290161
vt -0.022981 -0.373064
vt 0.022981 -0.373064
vt 0.022981 -0.290161
vt 0.924668 -0.178896
vt 0.924668 -0.107338
vt 0.107168 -0.107338
vt 0.107168 -0.178896
vt 0.230472 0.139626
vt 0.230472 0.195477
vt 0.060472 0.195477
vt 0.060472 0.139626
vt -0.280000 0.167552
vt 0.000000 0.167552
vt 0.000000 0.335103
vt -0.280000 0.335103
vt 0.230472 0.223402
vt 0.060472 0.223402
vt 0.060472 0.167552
vt 0.230472 0.167552
vt 0.230472 -0.195477
vt 0.230472 -0.139626
vt 0.060472 -0.139626
vt 0.060472 -0.195477
vt 0.023443 -0.132949
vt 0.103416 -0.086776
vt 0.099586 -0.083562
vt 0.022574 -0.128025
vt -0.065000 -0.112583
vt -0.022981 0.290161
vt -0.022981 0.207258
vt 0.022981 0.207258
vt 0.022981 0.290161
vt -0.022981 -0.207258
vt -0.022981 -0.290161
vt 0.022981 -0.290161
vt 0.022981 -0.207258
vt 0.874474 0.882085
vt 0.874474 0.717915
vt 0.977840 0.844463
vt 1.035000 0.912583
vt -0.021213 -0.033161
vt -0.021213 -0.099484
vt 0.021213 -0.099484
vt 0.021213 -0.033161
vt -0.021213 0.298451
vt -0.021213 0.232129
vt 0.021213 0.232129
vt 0.021213 0.298451
vt -0.022981 0.290161
vt -0.022981 0.207258
vt 0.022981 0.207258
vt 0.022981 0.290161
vt -0.022981 0.207258
vt -0.022981 0.124355
vt 0.022981 0.124355
vt 0.022981 0.207258
vt -0.280000 0.090757
vt -0.900000 0.090757
vt -0.900000 0.000000
vt -0.280000 0.000000
vt 0.230472 -0.167552
vt 0.060472 -0.167552
vt 0.060472 -0.223402
vt 0.230472 -0.223402
vt -0.280000 0.670206
vt 0.000000 0.670206
vt 0.000000 0.837758
vt -0.280000 0.837758
vt -0.021213 -0.066323
vt 0.021213 -0.066323
vt 0.021213 0.000000
vt -0.021213 0.000000
vt 0.230472 0.027925
vt 0.230472 0.083776
vt 0.060472 0.083776
vt 0.060472 0.027925
vt -0.485990 0.572658
vt -0.509117 0.622254
vt -0.558713 0.645381
vt -0.611572 0.631218
vt -0.642959 0.586391
vt -0.638190 0.531876
vt -0.599495 0.493181
vt -0.544980 0.488411
vt -0.500153 0.519799
vt 0.022981 0.082903
vt -0.022981 0.082903
vt -0.022981 0.000000
vt 0.022981 0.000000
vt 0.055645 -0.125227
vt -0.063935 -0.125227
vt 0.055645 -0.161007
vt 0.055645 -0.053669
vt -0.063935 -0.053669
vt 0.055645 -0.089448
vt 0.055645 0.017890
vt -0.063935 0.017890
vt 0.055645 -0.017890
vt 0.055645 0.089448
vt -0.063935 0.089448
vt 0.055645 0.053669
vt 0.055645 0.161007
vt -0.063935 0.161007
vt 0.055645 0.125227
vt -0.063935 0.053669
vt -0.063935 0.125227
vt -0.063935 -0.017890
vt -0.063935 -0.089448
vt -0.347168 -0.286234
vt -0.079668 -0.286234
vt -0.079668 -0.214675
vt -0.347168 -0.214675
vt 0.230472 -0.251327
vt 0.230472 -0.195477
vt 0.060472 -0.195477
vt 0.060472 -0.251327
vt 0.399668 -0.143117
vt 0.132168 -0.143117
vt 0.132168 -0.214675
vt 0.399668 -0.214675
vt 0.347168 0.035779
vt 0.347168 0.107338
vt 0.079668 0.107338
vt 0.079668 0.035779
vt -0.280000 0.502655
vt 0.000000 0.502655
vt 0.000000 0.670206
vt -0.280000 0.670206
vt 0.399668 -0.071558
vt 0.132168 -0.071558
vt 0.132168 -0.143117
vt 0.399668 -0.143117
vt 0.230472 -0.083776
vt 0.230472 -0.027925
vt 0.060472 -0.027925
vt 0.060472 -0.083776
vt 0.160000 -0.851721
vt 0.210000 -0.851721
vt 0.210000 -0.425860
vt 0.160000 -0.425860
vt -0.022981 -0.124355
vt -0.022981 -0.207258
vt 0.022981 -0.207258
vt 0.022981 -0.124355
vt -0.022981 -0.331613
vt 0.022981 -0.331613
vt 0.022981 -0.248709
vt -0.022981 -0.248709
vt -0.022981 0.124355
vt 0.022981 0.124355
vt 0.000000 0.167552
vt -0.280000 0.167552
vt -0.280000 0.000000
vt 0.000000 0.000000
vt -0.347168 -0.071558
vt -0.079668 -0.071558
vt -0.079668 0.000000
vt -0.347168 0.000000
vt 0.028284 0.520000
vt -0.028284 0.520000
vt -0.028284 -0.520000
vt 0.028284 -0.560000
vt -0.021213 -0.232129
vt -0.021213 -0.298451
vt 0.021213 -0.298451
vt 0.021213 -0.232129
vt 0.028284 -0.612500
vt 0.028284 0.612500
vt -0.028284 0.595931
vt -0.028284 -0.612500
vt -0.022981 -0.041452
vt -0.022981 -0.124355
vt 0.022981 -0.124355
vt 0.022981 -0.041452
vt 0.399668 0.143117
vt 0.132168 0.143117
vt 0.132168 0.071558
vt 0.399668 0.071558
vt -0.700000 0.090757
vt -0.280000 0.090757
vt -0.280000 0.181514
vt -0.700000 0.181514
vt 0.055645 -0.125227
vt -0.063935 -0.125227
vt 0.055645 -0.161007
vt 0.055645 -0.053669
vt -0.063935 -0.053669
vt 0.055645 -0.089448
vt 0.055645 0.017890
vt -0.063935 0.017890
vt 0.055645 -0.017890
vt 0.055645 0.089448
vt -0.063935 0.089448
vt 0.055645 0.053669
vt 0.055645 0.161007
vt -0.063935 0.161007
vt 0.055645 0.125227
vt -0.063935 0.053669
vt -0.063935 0.125227
vt -0.063935 -0.017890
vt -0.063935 -0.089448
vt 0.230472 -0.195477
vt 0.230472 -0.139626
vt 0.060472 -0.139626
vt 0.060472 -0.195477
vt -0.022981 0.373064
vt -0.022981 0.290161
vt 0.022981 0.290161
vt 0.022981 0.373064
vt 0.021213 0.066323
vt -0.021213 0.066323
vt -0.021213 -0.000000
vt 0.021213 0.000000
vt 0.347168 -0.322013
vt 0.347168 -0.250455
vt 0.079668 -0.250455
vt 0.079668 -0.322013
vt 0.714668 -0.107338
vt 0.714668 -0.035779
vt 0.097168 -0.035779
vt 0.097168 -0.107338
vt 2.121584 2.386776
vt 2.650000 3.360000
vt 0.200000 3.360000
vt 0.200000 0.040000
vt 2.650000 0.040000
vt 2.360000 1.100000
vt 2.328416 1.013224
vt 2.248443 0.967051
vt 2.157500 0.983087
vt 2.098141 1.053827
vt 2.098141 1.146173
vt 0.760000 1.100000
vt 0.728416 1.013224
vt 0.648443 0.967051
vt 0.557500 0.983087
vt 0.498141 1.053827
vt 0.498141 1.146173
vt 0.557500 1.216913
vt 0.648443 1.232949
vt 0.728416 1.186776
vt 0.648443 2.167051
vt 0.557500 2.183087
vt 0.498141 2.253827
vt 0.498141 2.346173
vt 0.557500 2.416913
vt 0.648443 2.432949
vt 0.728416 2.386776
vt 0.760000 2.300000
vt 2.090000 2.300000
vt -0.022981 0.207258
vt -0.022981 0.124355
vt 0.022981 0.124355
vt 0.022981 0.207258
vt 0.022981 -0.165806
vt -0.022981 -0.165806
vt 0.210000 0.425860
vt 0.160000 0.425860
vt 0.160000 0.000000
vt 0.210000 0.000000
vt 0.230472 0.139626
vt 0.230472 0.195477
vt 0.060472 0.195477
vt 0.060472 0.139626
vt -0.021213 -0.165806
vt -0.021213 -0.232129
vt 0.021213 -0.232129
vt 0.021213 -0.165806
vt 0.347168 0.143117
vt 0.079668 0.143117
vt 0.079668 0.071558
vt 0.347168 0.071558
vt 0.230472 0.139626
vt 0.230472 0.195477
vt 0.060472 0.195477
vt 0.060472 0.139626
vt 0.230472 0.139626
vt 0.230472 0.195477
vt 0.060472 0.195477
vt 0.060472 0.139626
vt 0.230472 0.195477
vt 0.230472 0.251327
vt 0.060472 0.251327
vt 0.060472 0.195477
vt -0.022981 0.041452
vt -0.022981 -0.041452
vt 0.022981 -0.041452
vt 0.022981 0.041452
vt 0.055645 -0.125227
vt -0.063935 -0.125227
vt 0.055645 -0.161007
vt 0.055645 -0.053669
vt -0.063935 -0.053669
vt 0.055645 -0.089448
vt 0.055645 0.017890
vt -0.063935 0.017890
vt 0.055645 -0.017890
vt 0.055645 0.089448
vt -0.063935 0.089448
vt 0.055645 0.053669
vt 0.055645 0.161007
vt -0.063935 0.161007
vt 0.055645 0.125227
vt -0.063935 0.053669
vt -0.063935 0.125227
vt -0.063935 -0.017890
vt -0.063935 -0.089448
vt 0.347168 0.214675
vt 0.079668 0.214675
vt 0.079668 0.143117
vt 0.347168 0.143117
vt -0.022981 -0.207258
vt -0.022981 -0.290161
vt 0.022981 -0.290161
vt 0.022981 -0.207258
vt -0.320000 3.095000
vt -0.320000 2.650000
vt 0.530000 2.650000
vt 0.530000 3.135000
vt -0.280000 3.135000
vt 0.530000 0.770000
vt -0.320000 0.770000
vt -0.320000 0.325000
vt -0.280000 0.285000
vt 0.530000 0.285000
vt 0.230472 -0.251327
vt 0.230472 -0.195477
vt 0.060472 -0.195477
vt 0.060472 -0.251327
vt 0.728416 2.386776
vt 2.090000 2.300000
vt 2.121584 2.386776
vt 2.201557 2.432949
vt 2.292500 2.416913
vt 0.557500 2.416913
vt 0.648443 2.432949
vt -0.000000 -0.549779
vt -0.000000 -0.392699
vt -0.235000 -0.392699
vt -0.235000 -0.549779
vt 0.748443 1.232949
vt 0.828416 1.186776
vt 0.860000 1.100000
vt 0.828416 1.013224
vt 1.425000 0.850000
vt 2.725000 0.850000
vt 2.725000 0.040000
vt 4.450000 0.040000
vt 4.450000 3.360000
vt 3.260000 2.300000
vt 3.228416 2.213224
vt 3.148443 2.167051
vt 3.101557 1.232949
vt 3.192500 1.216913
vt 3.251859 1.146173
vt 3.251859 1.053827
vt 3.192500 0.983087
vt 3.101557 0.967051
vt 3.021584 1.013224
vt 2.990000 1.100000
vt 3.021584 1.186776
vt 0.828416 2.213224
vt 0.748443 2.167051
vt 0.657500 2.183087
vt 0.598141 2.253827
vt 0.598141 2.346173
vt 0.200000 3.360000
vt 0.200000 0.040000
vt 1.425000 0.040000
vt 0.748443 0.967051
vt 0.657500 0.983087
vt 0.598141 1.053827
vt 0.598141 1.146173
vt 0.657500 1.216913
vt 0.828416 2.386776
vt 0.860000 2.300000
vt 3.057500 2.183087
vt 2.998141 2.253827
vt 2.998141 2.346173
vt 3.057500 2.416913
vt 3.148443 2.432949
vt 3.228416 2.386776
vt 0.657500 2.416913
vt 0.748443 2.432949
vt 0.230472 0.195477
vt 0.230472 0.251327
vt 0.060472 0.251327
vt 0.060472 0.195477
vt -0.022981 -0.290161
vt -0.022981 -0.373064
vt 0.022981 -0.373064
vt 0.022981 -0.290161
vt 0.347168 0.178896
vt 0.347168 0.250455
vt 0.079668 0.250455
vt 0.079668 0.178896
vt 0.714668 0.107338
vt 0.714668 0.178896
vt 0.097168 0.178896
vt 0.097168 0.107338
vt -0.022981 -0.124355
vt -0.022981 -0.207258
vt 0.022981 -0.207258
vt 0.022981 -0.124355
vt 0.347168 0.035779
vt 0.347168 0.107338
vt 0.079668 0.107338
vt 0.079668 0.035779
vt -0.021213 0.099484
vt -0.021213 0.033161
vt 0.021213 0.033161
vt 0.021213 0.099484
vt -0.022981 -0.248709
vt 0.022981 -0.248709
vt 0.022981 -0.165806
vt -0.022981 -0.165806
vt -0.305000 -0.528275
vt 0.105925 -0.600733
vt 0.252500 -0.437343
vt -0.087692 -0.497328
vt -0.386852 -0.324608
vt -0.021213 0.099484
vt -0.021213 0.033161
vt 0.021213 0.033161
vt 0.021213 0.099484
vt -0.079668 0.071558
vt -0.347168 0.071558
vt -0.347168 -0.000000
vt -0.079668 -0.000000
vt -0.900000 0.272271
vt -0.280000 0.272271
vt -0.280000 0.363028
vt -0.900000 0.363028
vt -0.435000 -0.340339
vt -0.435000 -1.021018
vt -0.255000 -1.021018
vt -0.255000 -0.340339
vt -0.233345 -0.160000
vt 0.233345 -0.160000
vt 0.233345 0.200000
vt 0.176777 0.160000
vt -0.233345 0.160000
vt -0.347168 0.214675
vt -0.079668 0.214675
vt -0.079668 0.286234
vt -0.347168 0.286234
vt -0.347168 -0.250455
vt -0.347168 -0.322013
vt -0.079668 -0.322013
vt -0.079668 -0.250455
vt -0.000000 0.392699
vt -0.000000 0.549779
vt -0.235000 0.549779
vt -0.235000 0.392699
vt -0.700000 0.363028
vt -0.280000 0.363028
vt -0.280000 0.453786
vt -0.700000 0.453786
vt 0.688768 -0.348750
vt 0.635057 -0.303682
vt 0.564943 -0.303682
vt 0.511232 -0.348750
vt 0.499057 -0.417799
vt 0.534114 -0.478520
vt 0.600000 -0.502500
vt 0.665886 -0.478520
vt 0.700943 -0.417799
vt -0.564943 -0.496318
vt -0.511232 -0.451250
vt -0.499057 -0.382201
vt -0.534114 -0.321480
vt -0.600000 -0.297500
vt -0.665886 -0.321480
vt -0.700943 -0.382201
vt -0.688768 -0.451250
vt -0.635057 -0.496318
vt 0.688768 -2.851250
vt 0.700943 -2.782201
vt 0.665886 -2.721480
vt 0.600000 -2.697500
vt 0.534114 -2.721480
vt 0.499057 -2.782201
vt 0.511232 -2.851250
vt 0.564943 -2.896318
vt 0.635057 -2.896318
vt 0.714668 -0.107338
vt 0.714668 -0.035779
vt 0.097168 -0.035779
vt 0.097168 -0.107338
vt -0.022981 0.082903
vt 0.022981 0.082903
vt 0.022981 0.165806
vt -0.022981 0.165806
vt -0.280000 0.502655
vt 0.000000 0.502655
vt 0.000000 0.670206
vt -0.280000 0.670206
vt 0.924668 0.178896
vt 0.924668 0.250455
vt 0.107168 0.250455
vt 0.107168 0.178896
vt 0.924668 -0.250455
vt 0.924668 -0.178896
vt 0.107168 -0.178896
vt 0.107168 -0.250455
vt 0.347168 -0.107338
vt 0.347168 -0.035779
vt 0.079668 -0.035779
vt 0.079668 -0.107338
vt 0.347168 0.322013
vt 0.079668 0.322013
vt -0.900000 0.181514
vt -0.280000 0.181514
vt -0.280000 0.272271
vt -0.900000 0.272271
vt -0.347168 -0.143117
vt -0.079668 -0.143117
vt -0.079668 -0.071558
vt -0.347168 -0.071558
vt 0.230472 0.027925
vt 0.230472 0.083776
vt 0.060472 0.083776
vt 0.060472 0.027925
vt -0.022981 -0.248709
vt 0.022981 -0.248709
vt 0.022981 -0.165806
vt -0.022981 -0.165806
vt -0.014142 2.357940
vt -0.014142 1.684243
vt 0.014142 1.684243
vt 0.014142 2.357940
vt -0.014142 -0.680678
vt -0.014142 -0.952950
vt 0.014142 -0.952950
vt 0.014142 -0.680678
vt -0.021213 -0.165806
vt -0.021213 -0.232129
vt 0.021213 -0.232129
vt 0.021213 -0.165806
vt -0.022981 0.041452
vt -0.022981 -0.041452
vt 0.022981 -0.041452
vt 0.022981 0.041452
vt -0.399668 -0.286234
vt -0.132168 -0.286234
vt -0.132168 -0.214675
vt -0.399668 -0.214675
vt -0.347168 0.286234
vt -0.079668 0.286234
vt -0.079668 0.357792
vt -0.347168 0.357792
vt -0.280000 -0.670206
vt 0.000000 -0.670206
vt 0.000000 -0.502655
vt -0.280000 -0.502655
vt -0.280000 0.670206
vt 0.000000 0.670206
vt 0.000000 0.837758
vt -0.280000 0.837758
vt -0.970000 -3.200000
vt -0.916149 -3.354269
vt -0.860000 -3.200000
vt -1.000414 -3.116438
vt -0.280000 0.090757
vt -0.900000 0.090757
vt -0.900000 0.000000
vt -0.280000 0.000000
vt 0.230472 -0.083776
vt 0.230472 -0.027925
vt 0.060472 -0.027925
vt 0.060472 -0.083776
vt -0.021213 0.232129
vt -0.021213 0.165806
vt 0.021213 0.165806
vt 0.021213 0.232129
vt -0.010607 0.037961
vt 0.010607 0.037961
vt 0.010607 0.189805
vt -0.010607 0.189805
vt -0.022981 0.124355
vt -0.022981 0.041452
vt 0.022981 0.041452
vt 0.022981 0.124355
vt -0.022981 -0.248709
vt 0.022981 -0.248709
vt 0.022981 -0.165806
vt -0.022981 -0.165806
vt -0.700000 -0.090757
vt -0.280000 -0.090757
vt -0.280000 0.000000
vt -0.700000 0.000000
vt 0.160000 -0.425860
vt 0.210000 -0.425860
vt 0.210000 0.000000
vt 0.160000 0.000000
vt 0.347168 -0.107338
vt 0.347168 -0.035779
vt 0.079668 -0.035779
vt 0.079668 -0.107338
vt 0.230472 0.083776
vt 0.230472 0.139626
vt 0.060472 0.139626
vt 0.060472 0.083776
vt -0.900000 -0.090757
vt -0.280000 -0.090757
vt -0.280000 0.000000
vt -0.900000 0.000000
vt -0.022981 -0.082903
vt 0.022981 -0.082903
vt 0.022981 0.000000
vt -0.022981 -0.000000
vt -0.028284 2.108431
vt -0.028284 -2.108431
vt 0.028284 -2.125000
vt 0.028284 2.125000
vt 0.347168 -0.035779
vt 0.347168 0.035779
vt 0.079668 0.035779
vt 0.079668 -0.035779
vt 0.021213 0.132645
vt -0.021213 0.132645
vt -0.022981 0.124355
vt -0.022981 0.041452
vt 0.022981 0.041452
vt 0.022981 0.124355
vt -0.021213 0.033161
vt -0.021213 -0.033161
vt 0.021213 -0.033161
vt 0.021213 0.033161
vt -0.022981 -0.041452
vt -0.022981 -0.124355
vt 0.022981 -0.124355
vt 0.022981 -0.041452
vt -0.022981 0.165806
vt 0.022981 0.165806
vt 0.022981 0.248709
vt -0.022981 0.248709
vt 0.347168 -0.178896
vt 0.079668 -0.178896
vt -0.022981 0.124355
vt -0.022981 0.041452
vt 0.022981 0.041452
vt 0.022981 0.124355
vt 0.714668 0.178896
vt 0.097168 0.178896
vt -0.500153 0.519799
vt -0.485990 0.572658
vt -0.509117 0.622254
vt -0.558713 0.645381
vt -0.611572 0.631218
vt -0.642959 0.586391
vt -0.638190 0.531876
vt -0.599495 0.493181
vt -0.544980 0.488411
vt -0.022981 0.373064
vt -0.022981 0.290161
vt 0.022981 0.290161
vt 0.022981 0.373064
vt 0.230472 0.027925
vt 0.230472 0.083776
vt 0.060472 0.083776
vt 0.060472 0.027925
vt 0.557500 2.183087
vt -0.021213 -0.232129
vt -0.021213 -0.298451
vt 0.021213 -0.298451
vt 0.021213 -0.232129
vt -0.347168 0.071558
vt -0.079668 0.071558
vt -0.079668 0.143117
vt -0.347168 0.143117
vt -0.280000 0.181514
vt -0.900000 0.181514
vt -0.021213 0.099484
vt -0.021213 0.033161
vt 0.021213 0.033161
vt 0.021213 0.099484
vt 0.924668 0.035779
vt 0.924668 0.107338
vt 0.107168 0.107338
vt 0.107168 0.035779
vt -0.021213 -0.099484
vt -0.021213 -0.165806
vt 0.021213 -0.165806
vt 0.021213 -0.099484
vt 0.399668 0.000000
vt 0.132168 0.000000
vt -0.022981 -0.290161
vt -0.022981 -0.373064
vt 0.022981 -0.373064
vt 0.022981 -0.290161
vt -0.022981 -0.207258
vt -0.022981 -0.290161
vt 0.022981 -0.290161
vt 0.022981 -0.207258
vt -0.022981 -0.290161
vt -0.022981 -0.373064
vt 0.022981 -0.373064
vt 0.022981 -0.290161
vt 0.022981 0.082903
vt -0.022981 0.082903
vt -0.022981 0.000000
vt 0.022981 0.000000
vt -0.900000 0.272271
vt -0.280000 0.272271
vt -0.280000 0.363028
vt -0.900000 0.363028
vt 0.896318 0.635057
vt 0.851250 0.688768
vt 0.782201 0.700943
vt 0.721480 0.665886
vt 0.697500 0.600000
vt 0.721480 0.534114
vt 0.782201 0.499057
vt 0.851250 0.511232
vt 0.896318 0.564943
vt -0.851250 0.688768
vt -0.896318 0.635057
vt -0.896318 0.564943
vt -0.851250 0.511232
vt -0.782201 0.499057
vt -0.721480 0.534114
vt -0.697500 0.600000
vt -0.721480 0.665886
vt -0.782201 0.700943
vt 0.230472 -0.251327
vt 0.230472 -0.195477
vt 0.060472 -0.195477
vt 0.060472 -0.251327
vt 0.230472 -0.083776
vt 0.230472 -0.027925
vt 0.060472 -0.027925
vt 0.060472 -0.083776
vt -0.280000 0.335103
vt 0.000000 0.335103
vt 0.000000 0.502655
vt -0.280000 0.502655
vt -0.851250 -0.688768
vt -0.782201 -0.700943
vt -0.721480 -0.665886
vt -0.697500 -0.600000
vt -0.721480 -0.534114
vt -0.782201 -0.499057
vt -0.851250 -0.511232
vt -0.896318 -0.564943
vt -0.896318 -0.635057
vt 0.028284 -0.141421
vt 0.028284 0.141421
vt -0.028284 0.124853
vt -0.028284 -0.124853
vt 2.360000 1.100000
vt 2.328416 1.013224
vt 2.248443 0.967051
vt 2.650000 0.040000
vt 2.650000 3.360000
vt 2.292500 2.416913
vt 2.351859 2.346173
vt 2.351859 2.253827
vt 2.292500 2.183087
vt 2.201557 2.167051
vt 2.121584 2.213224
vt 2.098141 1.146173
vt 2.157500 1.216913
vt 2.248443 1.232949
vt 2.328416 1.186776
vt -0.021213 0.265290
vt 0.021213 0.265290
vt 0.021213 0.331613
vt -0.021213 0.331613
vt 0.160000 0.425860
vt 0.210000 0.425860
vt 0.210000 0.851721
vt 0.160000 0.851721
vt -0.021213 -0.132645
vt 0.021213 -0.132645
vt 0.021213 -0.066323
vt -0.021213 -0.066323
vt -0.022981 -0.041452
vt -0.022981 -0.124355
vt 0.022981 -0.124355
vt 0.022981 -0.041452
vt -0.022981 -0.331613
vt 0.022981 -0.331613
vt -0.022981 -0.124355
vt -0.022981 -0.207258
vt 0.022981 -0.207258
vt 0.022981 -0.124355
vt -0.028284 1.208431
vt -0.028284 -1.208431
vt 0.028284 -1.225000
vt 0.028284 1.225000
vt 0.141421 -1.660000
vt 0.141421 1.660000
vt -0.141421 1.660000
vt -0.141421 -1.660000
vt -0.021213 0.033161
vt -0.021213 -0.033161
vt 0.021213 -0.033161
vt 0.021213 0.033161
vt 0.230472 0.027925
vt 0.060472 0.027925
vt 0.230472 -0.195477
vt 0.230472 -0.139626
vt 0.060472 -0.139626
vt 0.060472 -0.195477
vt -0.021213 0.298451
vt -0.021213 0.232129
vt 0.021213 0.232129
vt 0.021213 0.298451
vt -0.347168 0.071558
vt -0.079668 0.071558
vt -0.079668 0.143117
vt -0.347168 0.143117
vt -0.021213 0.033161
vt -0.021213 -0.033161
vt 0.021213 -0.033161
vt 0.021213 0.033161
vt 0.924668 -0.250455
vt 0.924668 -0.178896
vt 0.107168 -0.178896
vt 0.107168 -0.250455
vt 0.230472 -0.083776
vt 0.230472 -0.027925
vt 0.060472 -0.027925
vt 0.060472 -0.083776
vt -0.022981 -0.248709
vt 0.022981 -0.248709
vt 0.022981 -0.165806
vt -0.022981 -0.165806
vt -0.021213 -0.033161
vt -0.021213 -0.099484
vt 0.021213 -0.099484
vt 0.021213 -0.033161
vt 0.347168 -0.107338
vt 0.347168 -0.035779
vt 0.079668 -0.035779
vt 0.079668 -0.107338
vt -0.022981 0.124355
vt -0.022981 0.041452
vt 0.022981 0.041452
vt 0.022981 0.124355
vt -0.021213 -0.165806
vt 0.021213 -0.165806
vt 0.230472 0.139626
vt 0.230472 0.195477
vt 0.060472 0.195477
vt 0.060472 0.139626
vt -0.022981 -0.331613
vt 0.022981 -0.331613
vt 0.022981 -0.248709
vt -0.022981 -0.248709
vt 0.230472 0.139626
vt 0.230472 0.195477
vt 0.060472 0.195477
vt 0.060472 0.139626
vt -0.022981 0.290161
vt -0.022981 0.207258
vt 0.022981 0.207258
vt 0.022981 0.290161
vt 0.230472 0.195477
vt 0.230472 0.251327
vt 0.060472 0.251327
vt 0.060472 0.195477
vt 0.230472 -0.139626
vt 0.060472 -0.139626
vt 0.714668 0.035779
vt 0.097168 0.035779
vt 0.347168 -0.107338
vt 0.347168 -0.035779
vt 0.079668 -0.035779
vt 0.079668 -0.107338
vt -0.021213 0.033161
vt -0.021213 -0.033161
vt 0.021213 -0.033161
vt 0.021213 0.033161
vt -0.000000 -0.235619
vt -0.235000 -0.235619
vt 0.230472 0.139626
vt 0.230472 0.195477
vt 0.060472 0.195477
vt 0.060472 0.139626
vt 0.060472 -0.279253
vt 0.230472 -0.279253
vt 0.230472 -0.251327
vt 0.230472 -0.195477
vt 0.060472 -0.195477
vt 0.060472 -0.251327
vt -0.022981 0.124355
vt 0.022981 0.124355
vt -0.021213 -0.033161
vt -0.021213 -0.099484
vt 0.021213 -0.099484
vt 0.021213 -0.033161
vt -0.022981 0.124355
vt -0.022981 0.041452
vt 0.022981 0.041452
vt 0.022981 0.124355
vt -0.022981 0.165806
vt 0.022981 0.165806
vt 0.022981 0.248709
vt -0.022981 0.248709
vt -0.022981 0.248709
vt 0.022981 0.248709
vt 0.022981 0.331613
vt -0.022981 0.331613
vt 1.390000 1.100000
vt 1.421584 1.186776
vt 1.501557 2.167051
vt 1.421584 2.213224
vt 1.390000 2.300000
vt 1.421584 2.386776
vt 1.501557 2.432949
vt 1.592500 2.416913
vt 1.651859 2.346173
vt 1.651859 2.253827
vt 3.790000 2.300000
vt 3.821584 2.386776
vt 3.901557 2.432949
vt 3.992500 2.416913
vt 4.051859 2.346173
vt 4.051859 2.253827
vt 3.992500 2.183087
vt 3.901557 2.167051
vt 3.821584 2.213224
vt 3.821584 1.186776
vt 3.901557 1.232949
vt 3.992500 1.216913
vt 4.051859 1.146173
vt 4.051859 1.053827
vt 3.992500 0.983087
vt 3.901557 0.967051
vt 3.225000 0.850000
vt 3.225000 0.040000
vt 4.450000 0.040000
vt 4.450000 3.360000
vt 0.200000 3.360000
vt 0.200000 0.040000
vt 1.501557 0.967051
vt 1.421584 1.013224
vt -1.058324 1.036354
vt -1.220000 1.007846
vt -1.165000 0.912583
vt -1.077426 0.928025
vt -1.000414 0.883562
vt -0.970000 0.800000
vt -1.000414 0.716438
vt -1.077426 0.671975
vt -1.165000 0.687417
vt -1.220000 0.592154
vt -1.058324 0.563646
vt -0.916149 0.645731
vt -0.860000 0.800000
vt -0.916149 0.954269
vt -0.280000 -0.335103
vt -0.000000 -0.335103
vt -0.000000 -0.167552
vt -0.280000 -0.167552
vt 0.023443 -0.132949
vt 0.103416 -0.086776
vt 0.135000 0.000000
vt 0.103416 0.086776
vt 0.023443 0.132949
vt -0.065000 0.112583
vt 0.022574 0.128025
vt 0.099586 0.083562
vt 0.130000 0.000000
vt 0.099586 -0.083562
vt 0.022574 -0.128025
vt -0.065000 -0.112583
vt -0.122160 -0.044463
vt -0.126859 -0.046173
vt -0.067500 -0.116913
vt 0.079668 0.071558
vt 0.347168 0.071558
vt 3.992500 0.983087
vt 3.901557 0.967051
vt 3.821584 1.013224
vt 3.790000 1.100000
vt 3.225000 0.850000
vt 3.225000 0.040000
vt 4.450000 0.040000
vt 4.450000 3.360000
vt 0.200000 3.360000
vt 1.421584 2.213224
vt 1.390000 2.300000
vt 1.421584 2.386776
vt 1.501557 2.432949
vt 1.592500 2.416913
vt 1.651859 2.346173
vt 1.651859 2.253827
vt 1.592500 2.183087
vt 1.501557 2.167051
vt 1.501557 1.232949
vt 1.592500 1.216913
vt 1.651859 1.146173
vt 3.821584 2.213224
vt 3.790000 2.300000
vt 3.821584 2.386776
vt 3.901557 2.432949
vt 3.992500 2.416913
vt 4.051859 2.346173
vt 4.051859 2.253827
vt 3.992500 2.183087
vt 4.051859 1.146173
vt 4.051859 1.053827
vt -0.014142 -0.136136
vt -0.014142 -0.408407
vt 0.014142 -0.408407
vt 0.014142 -0.136136
vt 0.714668 0.107338
vt 0.714668 0.178896
vt 0.097168 0.178896
vt 0.097168 0.107338
vt 0.347168 -0.286234
vt 0.079668 -0.286234
vt 0.079668 -0.357792
vt 0.347168 -0.357792
vt -0.022981 -0.082903
vt 0.022981 -0.082903
vt -0.022981 -0.124355
vt -0.022981 -0.207258
vt 0.022981 -0.207258
vt 0.022981 -0.124355
vt -0.022981 -0.041452
vt -0.022981 -0.124355
vt 0.022981 -0.124355
vt 0.022981 -0.041452
vt -0.280000 0.502655
vt 0.000000 0.502655
vt 0.000000 0.670206
vt -0.280000 0.670206
vt -0.010607 0.493492
vt 0.010607 0.493492
vt 0.010607 0.645335
vt -0.010607 0.645335
vt -0.022981 0.207258
vt -0.022981 0.124355
vt 0.022981 0.124355
vt 0.022981 0.207258
vt -0.900000 -0.363028
vt -0.280000 -0.363028
vt -0.280000 -0.272271
vt -0.900000 -0.272271
vt 0.230472 0.027925
vt 0.060472 0.027925
vt -0.021213 -0.066323
vt 0.021213 -0.066323
vt 0.021213 0.000000
vt -0.021213 0.000000
vt 0.347168 -0.143117
vt 0.079668 -0.143117
vt 0.079668 -0.214675
vt 0.347168 -0.214675
vt -0.900000 0.181514
vt -0.280000 0.181514
vt -0.280000 0.272271
vt -0.900000 0.272271
vt 0.230472 0.195477
vt 0.230472 0.251327
vt 0.060472 0.251327
vt 0.060472 0.195477
vt -0.022981 -0.207258
vt -0.022981 -0.290161
vt 0.022981 -0.290161
vt 0.022981 -0.207258
vt -0.021213 0.265290
vt 0.021213 0.265290
vt 0.021213 0.331613
vt -0.021213 0.331613
vt -0.022981 0.290161
vt -0.022981 0.207258
vt 0.022981 0.207258
vt 0.022981 0.290161
vt -0.900000 -0.181514
vt -0.280000 -0.181514
vt -0.280000 -0.090757
vt -0.900000 -0.090757
vt 0.499057 -0.417799
vt 0.534114 -0.478520
vt 0.600000 -0.502500
vt 0.665886 -0.478520
vt 0.700943 -0.417799
vt 0.688768 -0.348750
vt 0.635057 -0.303682
vt 0.564943 -0.303682
vt 0.511232 -0.348750
vt -0.022981 -0.373064
vt 0.022981 -0.373064
vt -0.511232 -2.748750
vt -0.564943 -2.703682
vt -0.635057 -2.703682
vt -0.688768 -2.748750
vt -0.700943 -2.817799
vt -0.665886 -2.878520
vt -0.600000 -2.902500
vt -0.534114 -2.878520
vt -0.499057 -2.817799
vt 0.688768 -2.748750
vt 0.635057 -2.703682
vt 0.564943 -2.703682
vt 0.511232 -2.748750
vt 0.499057 -2.817799
vt 0.534114 -2.878520
vt 0.600000 -2.902500
vt 0.665886 -2.878520
vt 0.700943 -2.817799
vt 0.230472 -0.027925
vt 0.060472 -0.027925
vt 0.230472 -0.055851
vt 0.060472 -0.055851
vt 0.060472 -0.111701
vt 0.230472 -0.111701
vt -0.900000 0.090757
vt -0.280000 0.090757
vt -0.280000 0.181514
vt -0.900000 0.181514
vt 0.347168 0.107338
vt 0.079668 0.107338
vt 0.230472 -0.139626
vt 0.230472 -0.083776
vt 0.060472 -0.083776
vt 0.060472 -0.139626
vt 0.347168 -0.178896
vt 0.079668 -0.178896
vt -0.022981 0.290161
vt 0.022981 0.331613
vt -0.022981 0.373064
vt -0.022981 -0.373064
vt 0.022981 -0.414516
vt 0.022981 -0.331613
vt -0.022981 -0.290161
vt 0.022981 -0.248709
vt -0.022981 -0.207258
vt 0.022981 -0.165806
vt -0.022981 -0.124355
vt 0.022981 -0.082903
vt -0.022981 -0.041452
vt 0.022981 0.000000
vt -0.022981 0.041452
vt 0.022981 0.082903
vt -0.022981 0.124355
vt 0.022981 0.165806
vt -0.022981 0.207258
vt 0.022981 0.248709
vt 0.000000 -0.167552
vt -0.280000 -0.167552
vt 0.924668 -0.035779
vt 0.924668 0.035779
vt 0.107168 0.035779
vt 0.107168 -0.035779
vt 0.000000 0.130000
vt 0.000000 0.000000
vt 0.340000 0.000000
vt 0.340000 0.170000
vt 0.040000 0.170000
vt 0.022981 0.082903
vt -0.022981 0.082903
vt -0.022981 -0.000000
vt 0.022981 0.000000
vt 0.230472 -0.139626
vt 0.230472 -0.083776
vt 0.060472 -0.083776
vt 0.060472 -0.139626
vt 0.028284 -0.862500
vt 0.028284 0.862500
vt -0.028284 0.845931
vt -0.028284 -0.862500
vt -0.700000 0.272271
vt -0.280000 0.272271
vt -0.022981 0.290161
vt 0.022981 0.331613
vt -0.022981 0.373064
vt -0.022981 -0.373064
vt 0.022981 -0.414516
vt 0.022981 -0.331613
vt -0.022981 -0.290161
vt 0.022981 -0.248709
vt -0.022981 -0.207258
vt 0.022981 -0.165806
vt -0.022981 -0.124355
vt 0.022981 -0.082903
vt -0.022981 -0.041452
vt 0.022981 0.000000
vt -0.022981 0.041452
vt 0.022981 0.082903
vt -0.022981 0.124355
vt 0.022981 0.165806
vt -0.022981 0.207258
vt 0.022981 0.248709
vt -0.235000 -0.698132
vt -0.235000 -0.977384
vt -0.065000 -0.977384
vt -0.065000 -0.698132
vt -0.280000 0.272271
vt -0.700000 0.272271
vt 0.230472 -0.027925
vt 0.060472 -0.027925
vt -0.280000 0.502655
vt 0.000000 0.502655
vt 0.000000 0.670206
vt -0.280000 0.670206
vt 0.230472 -0.083776
vt 0.230472 -0.027925
vt 0.060472 -0.027925
vt 0.060472 -0.083776
vt -0.022981 0.290161
vt 0.022981 0.331613
vt -0.022981 0.373064
vt -0.022981 -0.373064
vt 0.022981 -0.414516
vt 0.022981 -0.331613
vt -0.022981 -0.290161
vt 0.022981 -0.248709
vt -0.022981 -0.207258
vt 0.022981 -0.165806
vt -0.022981 -0.124355
vt 0.022981 -0.082903
vt -0.022981 -0.041452
vt 0.022981 0.000000
vt -0.022981 0.041452
vt 0.022981 0.082903
vt -0.022981 0.124355
vt 0.022981 0.165806
vt -0.022981 0.207258
vt 0.022981 0.248709
vt -0.235000 -0.418879
vt -0.065000 -0.418879
vt 1.283851 0.954269
vt 1.208431 1.085000
vt -1.208431 1.085000
vt -1.385000 0.908431
vt -1.325526 0.882085
vt -1.220000 1.007846
vt -1.058324 1.036354
vt -0.916149 0.954269
vt -0.860000 0.800000
vt -0.916149 0.645731
vt -0.960188 0.169307
vt -0.626718 0.746893
vt 0.000000 0.975000
vt 0.980000 1.007846
vt 1.141676 1.036354
vt 0.230472 -0.223402
vt 0.060472 -0.223402
vt 0.060472 -0.279253
vt 0.230472 -0.279253
vt 0.924668 0.178896
vt 0.924668 0.250455
vt 0.107168 0.250455
vt 0.107168 0.178896
vt -0.900000 0.181514
vt -0.280000 0.181514
vt -0.280000 0.272271
vt -0.900000 0.272271
vt 0.996584 -0.886776
vt 0.965000 -0.800000
vt 0.996584 -0.713224
vt 0.844375 -0.487500
vt 0.333470 -0.916200
vt 0.980000 -2.992154
vt 1.141676 -2.963646
vt 1.167500 -0.916913
vt 1.076557 -0.932949
vt -0.021213 0.165806
vt -0.021213 0.099484
vt 0.021213 0.099484
vt 0.021213 0.165806
vt -0.021213 0.033161
vt -0.021213 -0.033161
vt 0.021213 -0.033161
vt 0.021213 0.033161
vt 0.347168 -0.250455
vt 0.347168 -0.178896
vt 0.079668 -0.178896
vt 0.079668 -0.250455
vt -0.900000 0.363028
vt -0.280000 0.363028
vt -0.280000 0.453786
vt -0.900000 0.453786
vt 0.611572 -0.631218
vt 0.642959 -0.586391
vt 0.638190 -0.531876
vt 0.599495 -0.493181
vt 0.544980 -0.488411
vt 0.500153 -0.519799
vt 0.485990 -0.572658
vt 0.509117 -0.622254
vt 0.558713 -0.645381
vt 1.340000 -3.200000
vt 1.283851 -3.354269
vt 1.141676 -3.436354
vt 0.980000 -3.407846
vt 0.874474 -3.282085
vt 0.874474 -3.117915
vt -0.333470 -0.916200
vt -0.860000 -3.200000
vt -0.916149 -3.354269
vt -1.058324 -3.436354
vt -1.220000 -3.407846
vt -1.325526 -3.282085
vt -1.325526 -3.117915
vt -1.220000 -2.992154
vt -1.058324 -2.963646
vt -0.916149 -3.045731
vt -1.032500 -0.916913
vt -1.123443 -0.932949
vt -1.203416 -0.886776
vt -1.235000 -0.800000
vt -1.203416 -0.713224
vt -1.123443 -0.667051
vt -1.032500 -0.683087
vt -0.973141 -0.753827
vt -0.844375 -0.487500
vt -1.058324 0.563646
vt -1.220000 0.592154
vt -1.325526 0.717915
vt -1.385000 -3.308431
vt -1.208431 -3.485000
vt 1.208431 -3.485000
vt 1.385000 -3.308431
vt 1.385000 0.908431
vt 1.340000 0.800000
vt 1.283851 0.645731
vt 1.141676 0.563646
vt 0.980000 0.592154
vt 0.874474 0.717915
vt 0.874474 0.882085
vt 0.626718 0.746893
vt 0.960188 0.169307
vt 1.076557 -0.667051
vt 1.167500 -0.683087
vt 1.226859 -0.753827
vt 1.226859 -0.846173
vt 1.283851 -3.045731
vt -0.126859 -0.046173
vt -0.122160 -0.044463
vt -0.122160 0.044463
vt -0.126859 0.046173
vt -0.021213 0.033161
vt -0.021213 -0.033161
vt 0.021213 -0.033161
vt 0.021213 0.033161
vt 0.230472 -0.083776
vt 0.060472 -0.083776
vt -0.700000 -0.272271
vt -0.280000 -0.272271
vt -0.280000 -0.181514
vt -0.700000 -0.181514
vt -0.700000 -0.272271
vt -0.280000 -0.272271
vt -0.280000 -0.181514
vt -0.700000 -0.181514
vt 0.924668 0.250455
vt 0.924668 0.322013
vt 0.107168 0.322013
vt 0.107168 0.250455
vt -0.079668 0.071558
vt -0.347168 0.071558
vt -0.347168 0.000000
vt -0.079668 0.000000
vt 0.347168 -0.178896
vt 0.347168 -0.107338
vt 0.079668 -0.107338
vt 0.079668 -0.178896
vt -0.021213 0.232129
vt -0.021213 0.165806
vt 0.021213 0.165806
vt 0.021213 0.232129
vt -0.280000 0.335103
vt 0.000000 0.335103
vt 0.556098 -0.675267
vt 0.487904 -0.643467
vt 0.103366 -0.762378
vt 0.103366 -0.837622
vt 0.165834 -0.940491
vt 0.731572 -0.613862
vt 0.955000 -0.000000
vt 0.731572 0.613862
vt 0.870707 0.084265
vt 0.908329 0.019101
vt 0.895263 -0.055000
vt 0.837622 -0.103366
vt 0.762378 -0.103366
vt 0.537215 -0.459434
vt 0.612173 -0.465992
vt 0.665379 -0.519197
vt 0.671937 -0.594156
vt 0.628779 -0.655792
vt -0.022981 0.373064
vt -0.022981 0.290161
vt 0.022981 0.290161
vt 0.022981 0.373064
vt 0.347168 0.286234
vt 0.079668 0.286234
vt 0.079668 0.214675
vt 0.347168 0.214675
vt 1.141676 1.036354
vt 0.980000 1.007846
vt 0.874474 0.882085
vt 0.977840 0.844463
vt 1.035000 0.912583
vt 1.122574 0.928025
vt 1.199586 0.883562
vt 1.230000 0.800000
vt 1.283851 0.645731
vt 1.340000 0.800000
vt 1.283851 0.954269
vt -1.300000 0.000000
vt -1.300000 -0.850000
vt -0.000000 -0.850000
vt -0.000000 -0.360000
vt -1.080000 -0.360000
vt -1.080000 0.000000
vt -0.280000 0.670206
vt 0.000000 0.670206
vt 0.000000 0.837758
vt -0.280000 0.837758
vt 1.141676 0.563646
vt 1.199586 0.716438
vt 1.122574 0.671975
vt 1.035000 0.687417
vt 0.977840 0.755537
vt 0.874474 0.717915
vt 0.980000 0.592154
vt -0.700000 0.181514
vt -0.280000 0.181514
vt -0.280000 0.272271
vt -0.700000 0.272271
vt 1.765000 0.040000
vt 1.765000 0.340000
vt 1.085000 0.340000
vt 1.085000 0.040000
vt -1.165000 0.912583
vt -1.077426 0.928025
vt -0.916149 0.954269
vt -1.058324 1.036354
vt -1.220000 1.007846
vt -1.325526 0.882085
vt -1.325526 0.717915
vt -1.220000 0.592154
vt -1.058324 0.563646
vt -0.916149 0.645731
vt -1.077426 0.671975
vt -1.165000 0.687417
vt -1.222160 0.755537
vt -1.222160 0.844463
vt -0.021213 0.099484
vt -0.021213 0.033161
vt 0.021213 0.033161
vt 0.021213 0.099484
vt 1.385000 -2.100000
vt 0.940000 -2.100000
vt 0.980000 -2.992154
vt 1.141676 -2.963646
vt 1.283851 -3.045731
vt 1.340000 -3.200000
vt 1.283851 -3.354269
vt 1.141676 -3.436354
vt 0.980000 -3.407846
vt 0.874474 -3.282085
vt 0.874474 -3.117915
vt -0.860000 -3.200000
vt -0.916149 -3.354269
vt -1.058324 -3.436354
vt -1.220000 -3.407846
vt -1.325526 -3.282085
vt -1.325526 -3.117915
vt -1.220000 -2.992154
vt -1.058324 -2.963646
vt -0.916149 -3.045731
vt -0.940000 -2.100000
vt -1.385000 -2.100000
vt -1.385000 -3.308431
vt -1.208431 -3.485000
vt 1.208431 -3.485000
vt 1.385000 -3.308431
vt 0.103366 -0.837622
vt 0.055000 -0.895263
vt -0.019101 -0.908329
vt -0.084265 -0.870707
vt -0.110000 -0.800000
vt -0.084265 -0.729293
vt -0.465992 -0.612173
vt -0.519197 -0.665379
vt -0.594156 -0.671937
vt -0.689335 -0.660940
vt -0.477500 -0.827054
vt -0.020078 -0.954789
vt 0.165834 -0.940491
vt 0.731572 -0.613862
vt 0.671937 -0.594156
vt 0.628779 -0.655792
vt 0.556098 -0.675267
vt 0.487904 -0.643467
vt 0.456104 -0.575273
vt 0.475579 -0.502592
vt 0.537215 -0.459434
vt 0.612173 -0.465992
vt 0.762378 -0.103366
vt 0.704737 -0.055000
vt 0.691671 0.019101
vt 0.729293 0.084265
vt 0.800000 0.110000
vt 0.870707 0.084265
vt 0.675267 0.556098
vt 0.643467 0.487904
vt 0.575273 0.456104
vt 0.502592 0.475579
vt 0.459434 0.537215
vt 0.465992 0.612173
vt 0.110000 0.800000
vt 0.084265 0.729293
vt 0.069459 0.393923
vt 0.306418 0.257115
vt 0.400000 -0.000000
vt 0.306418 -0.257115
vt 0.069459 -0.393923
vt -0.200000 -0.346410
vt -0.019101 -0.691671
vt 0.055000 -0.704737
vt 0.103366 -0.762378
vt 0.714668 -0.322013
vt 0.714668 -0.250455
vt 0.097168 -0.250455
vt 0.097168 -0.322013
vt 0.141421 -1.660000
vt 0.141421 1.660000
vt -0.141421 1.660000
vt -0.141421 -1.660000
vt -0.022981 -0.041452
vt -0.022981 -0.124355
vt 0.022981 -0.124355
vt 0.022981 -0.041452
vt 0.076955 -0.211431
vt -0.076955 -0.211431
vt 0.065986 -0.374227
vt 0.291097 -0.244259
vt -0.900000 -0.090757
vt -0.280000 -0.090757
vt -0.280000 0.000000
vt -0.900000 0.000000
vt 0.230472 -0.083776
vt 0.230472 -0.027925
vt 0.060472 -0.027925
vt 0.060472 -0.083776
vt 1.230000 -3.200000
vt 1.199586 -3.283562
vt 1.283851 -3.354269
vt 1.340000 -3.200000
vt 1.283851 -3.045731
vt 1.141676 -2.963646
vt 0.980000 -2.992154
vt 0.874474 -3.117915
vt 0.874474 -3.282085
vt 0.980000 -3.407846
vt 1.122574 -3.328025
vt 1.035000 -3.312583
vt 0.977840 -3.244463
vt 0.977840 -3.155537
vt 1.035000 -3.087417
vt 1.122574 -3.071975
vt 1.199586 -3.116438
vt -0.235000 -0.977384
vt -0.235000 -1.256637
vt -0.065000 -1.256637
vt -0.065000 -0.977384
vt 0.714668 -0.250455
vt 0.714668 -0.178896
vt 0.097168 -0.178896
vt 0.097168 -0.250455
vt -0.700000 -0.272271
vt -0.280000 -0.272271
vt -0.280000 -0.181514
vt -0.700000 -0.181514
vt -0.028284 -0.845931
vt 0.028284 -0.862500
vt 0.028284 0.862500
vt -0.028284 0.862500
vt 0.628779 -0.655792
vt 0.556098 -0.675267
vt 0.487904 -0.643467
vt 0.456104 -0.575273
vt 0.475579 -0.502592
vt 0.537215 -0.459434
vt 0.467287 -0.392100
vt 0.105925 -0.600733
vt -0.305000 -0.528275
vt -0.110000 -0.800000
vt -0.084265 -0.729293
vt -0.019101 -0.691671
vt 0.055000 -0.704737
vt 0.103366 -0.762378
vt 0.103366 -0.837622
vt 0.477500 -0.827054
vt 0.660940 -0.689335
vt 0.897406 -0.326629
vt 0.870707 -0.084265
vt 0.800000 -0.110000
vt 0.729293 -0.084265
vt 0.612173 -0.465992
vt 0.665379 -0.519197
vt 0.671937 -0.594156
vt 0.230472 -0.027925
vt 0.060472 -0.027925
vt 0.347168 0.286234
vt 0.079668 0.286234
vt 0.079668 0.214675
vt 0.347168 0.214675
vt 0.022981 0.082903
vt -0.022981 0.082903
vt -0.022981 -0.000000
vt 0.022981 0.000000
vt -0.280000 0.335103
vt 0.000000 0.335103
vt 0.000000 0.502655
vt -0.280000 0.502655
vt -0.435000 3.063053
vt -0.435000 2.382374
vt -0.255000 2.382374
vt -0.255000 3.063053
vt 0.230472 -0.251327
vt 0.230472 -0.195477
vt 0.060472 -0.195477
vt 0.060472 -0.251327
vt 0.347168 0.035779
vt 0.347168 0.107338
vt 0.079668 0.107338
vt 0.079668 0.035779
vt 0.924668 0.178896
vt 0.924668 0.250455
vt 0.107168 0.250455
vt 0.107168 0.178896
vt -0.022981 -0.207258
vt -0.022981 -0.290161
vt 0.022981 -0.290161
vt 0.022981 -0.207258
vt -0.021213 -0.232129
vt -0.021213 -0.298451
vt 0.021213 -0.298451
vt 0.021213 -0.232129
vt 0.924668 0.178896
vt 0.924668 0.250455
vt 0.107168 0.250455
vt 0.107168 0.178896
vt -0.022981 0.290161
vt -0.022981 0.207258
vt 0.022981 0.207258
vt 0.022981 0.290161
vt 0.230472 0.027925
vt 0.060472 0.027925
vt -0.021213 0.033161
vt -0.021213 -0.033161
vt 0.021213 -0.033161
vt 0.021213 0.033161
vt 0.347168 -0.286234
vt 0.079668 -0.286234
vt 0.079668 -0.357792
vt 0.347168 -0.357792
vt 0.347168 -0.107338
vt 0.347168 -0.035779
vt 0.079668 -0.035779
vt 0.079668 -0.107338
vt 0.230472 -0.195477
vt 0.230472 -0.139626
vt 0.060472 -0.139626
vt 0.060472 -0.195477
vt 0.230472 0.195477
vt 0.230472 0.251327
vt 0.060472 0.251327
vt 0.060472 0.195477
vt 1.765000 0.040000
vt 1.765000 0.340000
vt 1.085000 0.340000
vt 1.085000 0.040000
vt 0.230472 -0.139626
vt 0.060472 -0.139626
vt 0.714668 -0.178896
vt 0.097168 -0.178896
vt -0.028284 0.124853
vt -0.028284 -0.124853
vt 0.028284 -0.141421
vt 0.028284 0.141421
vt 0.230472 0.195477
vt 0.230472 0.251327
vt 0.060472 0.251327
vt 0.060472 0.195477
vt -0.022981 0.290161
vt -0.022981 0.207258
vt 0.022981 0.207258
vt 0.022981 0.290161
vt 1.385000 -3.308431
vt 1.385000 -2.100000
vt 1.141676 -2.963646
vt 1.283851 -3.045731
vt 1.340000 -3.200000
vt 1.283851 -3.354269
vt 0.130000 0.000000
vt 0.099586 -0.083562
vt 0.022574 -0.128025
vt -0.065000 -0.112583
vt 0.023443 -0.132949
vt 0.103416 -0.086776
vt 0.135000 0.000000
vt 0.103416 0.086776
vt 0.023443 0.132949
vt 0.099586 0.083562
vt -0.022981 0.373064
vt -0.022981 0.290161
vt 0.022981 0.290161
vt 0.022981 0.373064
vt -0.347168 0.071558
vt -0.079668 0.071558
vt -0.079668 0.143117
vt -0.347168 0.143117
vt -0.021213 0.165806
vt -0.021213 0.099484
vt 0.021213 0.099484
vt 0.021213 0.165806
vt 0.924668 0.107338
vt 0.107168 0.107338
vt 0.347168 -0.322013
vt 0.347168 -0.250455
vt 0.079668 -0.250455
vt 0.079668 -0.322013
vt 0.924668 0.107338
vt 0.924668 0.178896
vt 0.107168 0.178896
vt 0.107168 0.107338
vt -0.000000 -0.706858
vt -0.235000 -0.706858
vt -0.021213 -0.033161
vt -0.021213 -0.099484
vt 0.021213 -0.099484
vt 0.021213 -0.033161
vt 0.230472 -0.027925
vt 0.230472 0.027925
vt 0.060472 0.027925
vt 0.060472 -0.027925
vt -0.022981 -0.331613
vt 0.022981 -0.331613
vt 0.022981 -0.248709
vt -0.022981 -0.248709
vt 0.210000 0.851721
vt 0.160000 0.851721
vt -0.014142 -0.952950
vt -0.014142 -1.225221
vt 0.014142 -1.225221
vt 0.014142 -0.952950
vt -0.021213 -0.232129
vt -0.021213 -0.298451
vt 0.021213 -0.298451
vt 0.021213 -0.232129
vt -0.067500 -0.116913
vt -0.065000 -0.112583
vt -0.122160 -0.044463
vt -0.126859 -0.046173
vt -0.280000 -0.670206
vt 0.000000 -0.670206
vt 0.000000 -0.502655
vt -0.280000 -0.502655
vt -0.021213 0.171042
vt -0.021213 -0.171042
vt 0.021213 -0.171042
vt 0.021213 0.171042
vt 0.924668 0.035779
vt 0.924668 0.107338
vt 0.107168 0.107338
vt 0.107168 0.035779
vt -0.022981 -0.207258
vt -0.022981 -0.290161
vt 0.022981 -0.290161
vt 0.022981 -0.207258
vt -0.021213 -0.165806
vt 0.021213 -0.165806
vt 0.924668 0.107338
vt 0.107168 0.107338
vt 0.055645 -0.125227
vt -0.063935 -0.125227
vt 0.055645 -0.161007
vt 0.055645 -0.053669
vt -0.063935 -0.053669
vt 0.055645 -0.089448
vt 0.055645 0.017890
vt -0.063935 0.017890
vt 0.055645 -0.017890
vt 0.055645 0.089448
vt -0.063935 0.089448
vt 0.055645 0.053669
vt 0.055645 0.161007
vt -0.063935 0.161007
vt 0.055645 0.125227
vt -0.063935 0.053669
vt -0.063935 0.125227
vt -0.063935 -0.017890
vt -0.063935 -0.089448
vt 0.028284 -0.141421
vt 0.028284 0.141421
vt -0.028284 0.124853
vt -0.028284 -0.124853
vt -0.320000 0.810000
vt -0.360000 0.770000
vt -0.850000 0.770000
vt -0.850000 0.285000
vt -0.040000 0.285000
vt -0.000000 0.325000
vt -0.000000 1.145000
vt -0.100000 1.145000
vt -0.100000 1.152663
vt -0.200000 1.152663
vt -0.200000 2.267337
vt -0.100000 2.267337
vt -0.100000 2.275000
vt -0.000000 2.275000
vt -0.000000 3.095000
vt -0.040000 3.135000
vt -0.850000 3.135000
vt -0.850000 2.650000
vt -0.360000 2.650000
vt -0.320000 2.610000
vt 0.230472 -0.027925
vt 0.230472 0.027925
vt 0.060472 0.027925
vt 0.060472 -0.027925
vt -0.028284 0.124853
vt -0.028284 -0.124853
vt 0.028284 -0.141421
vt 0.028284 0.141421
vt -0.347168 0.214675
vt -0.079668 0.214675
vt -0.079668 0.286234
vt -0.347168 0.286234
vt 0.230472 0.027925
vt 0.230472 0.083776
vt 0.060472 0.083776
vt 0.060472 0.027925
vt -0.280000 0.670206
vt 0.000000 0.670206
vt 0.000000 0.837758
vt -0.280000 0.837758
vt -0.399668 -0.143117
vt -0.132168 -0.143117
vt -0.022981 -0.207258
vt -0.022981 -0.290161
vt 0.022981 -0.290161
vt 0.022981 -0.207258
vt -0.347168 -0.286234
vt -0.079668 -0.286234
vt -0.079668 -0.214675
vt -0.347168 -0.214675
vt 0.040000 -0.869282
vt 0.075175 -0.827362
vt 0.075175 -0.772638
vt 0.040000 -0.730718
vt -0.013892 -0.721215
vt -0.061284 -0.748577
vt -0.080000 -0.800000
vt -0.061284 -0.851423
vt -0.013892 -0.878785
vt -1.151250 -0.711232
vt -1.196318 -0.764943
vt -1.196318 -0.835057
vt -1.151250 -0.888768
vt -1.082201 -0.900943
vt -1.021480 -0.865886
vt -0.997500 -0.800000
vt -1.021480 -0.734114
vt -1.082201 -0.699057
vt -0.900000 0.090757
vt -0.280000 0.090757
vt -0.280000 0.181514
vt -0.900000 0.181514
vt -0.021213 0.198968
vt 0.021213 0.198968
vt -0.021213 0.033161
vt -0.021213 -0.033161
vt 0.021213 -0.033161
vt 0.021213 0.033161
vt -0.022981 0.331613
vt 0.022981 0.331613
vt 0.022981 0.414516
vt -0.022981 0.414516
vt 0.714668 0.178896
vt 0.714668 0.250455
vt 0.097168 0.250455
vt 0.097168 0.178896
vt -0.021213 0.099484
vt -0.021213 0.033161
vt 0.021213 0.033161
vt 0.021213 0.099484
vt 0.230472 -0.223402
vt 0.060472 -0.223402
vt 0.060472 -0.279253
vt 0.230472 -0.279253
vt 0.230472 0.027925
vt 0.230472 0.083776
vt 0.060472 0.083776
vt 0.060472 0.027925
vt 0.924668 0.107338
vt 0.107168 0.107338
vt -0.021213 -0.099484
vt -0.021213 -0.165806
vt 0.021213 -0.165806
vt 0.021213 -0.099484
vt -0.280000 0.335103
vt 0.000000 0.335103
vt 0.000000 0.502655
vt -0.280000 0.502655
vt 0.055645 -0.125227
vt -0.063935 -0.125227
vt 0.055645 -0.161007
vt 0.055645 -0.053669
vt -0.063935 -0.053669
vt 0.055645 -0.089448
vt 0.055645 0.017890
vt -0.063935 0.017890
vt 0.055645 -0.017890
vt 0.055645 0.089448
vt -0.063935 0.089448
vt 0.055645 0.053669
vt 0.055645 0.161007
vt -0.063935 0.161007
vt 0.055645 0.125227
vt -0.063935 0.053669
vt -0.063935 0.125227
vt -0.063935 -0.017890
vt -0.063935 -0.089448
vt -0.022981 0.082903
vt 0.022981 0.082903
vt 0.022981 0.165806
vt -0.022981 0.165806
vt 0.132168 -0.286234
vt 0.399668 -0.286234
vt -0.700000 0.090757
vt -0.280000 0.090757
vt -0.280000 0.181514
vt -0.700000 0.181514
vt 0.347168 -0.250455
vt 0.347168 -0.178896
vt 0.079668 -0.178896
vt 0.079668 -0.250455
vt -0.022981 0.373064
vt -0.022981 0.290161
vt 0.022981 0.290161
vt 0.022981 0.373064
vt -0.235000 0.698132
vt -0.235000 0.418879
vt -0.065000 0.418879
vt -0.065000 0.698132
vt -0.021213 1.539380
vt -0.021213 1.197296
vt 0.021213 1.197296
vt 0.021213 1.539380
vt 0.714668 -0.035779
vt 0.714668 0.035779
vt 0.097168 0.035779
vt 0.097168 -0.035779
vt 0.028284 -0.141421
vt 0.028284 0.141421
vt -0.028284 0.124853
vt -0.028284 -0.124853
vt -0.067500 0.116913
vt -0.122160 0.044463
vt -0.065000 0.112583
vt 0.022574 0.128025
vt 0.099586 0.083562
vt 0.130000 0.000000
vt 0.135000 0.000000
vt 0.103416 0.086776
vt 0.023443 0.132949
vt -0.022981 0.373064
vt -0.022981 0.290161
vt 0.022981 0.290161
vt 0.022981 0.373064
vt -0.022981 -0.207258
vt -0.022981 -0.290161
vt 0.022981 -0.290161
vt 0.022981 -0.207258
vt -0.022981 0.165806
vt 0.022981 0.165806
vt 0.022981 0.248709
vt -0.022981 0.248709
vt 0.347168 0.107338
vt 0.079668 0.107338
vt -0.022981 0.331613
vt 0.022981 0.331613
vt 0.022981 0.414516
vt -0.022981 0.414516
vt -0.022981 0.373064
vt -0.022981 0.290161
vt 0.022981 0.290161
vt 0.022981 0.373064
vt -0.021213 -0.171042
vt -0.021213 -0.513127
vt 0.021213 -0.513127
vt 0.021213 -0.171042
vt -0.162460 0.446354
vt -0.411362 0.237500
vt -0.467784 -0.082483
vt -0.305324 -0.363871
vt -0.000000 -0.475000
vt 0.305324 -0.363871
vt 0.467784 -0.082483
vt 0.411362 0.237500
vt 0.162460 0.446354
vt 0.347168 0.035779
vt 0.347168 0.107338
vt 0.079668 0.107338
vt 0.079668 0.035779
vt -0.021213 -0.165806
vt -0.021213 -0.232129
vt 0.021213 -0.232129
vt 0.021213 -0.165806
vt -0.022981 0.165806
vt 0.022981 0.165806
vt 0.022981 0.248709
vt -0.022981 0.248709
vt -0.435000 1.701696
vt -0.255000 1.701696
vt -0.021213 0.132645
vt 0.021213 0.132645
vt 0.021213 0.198968
vt -0.021213 0.198968
vt 0.347168 -0.035779
vt 0.079668 -0.035779
vt 0.230472 0.195477
vt 0.230472 0.251327
vt 0.060472 0.251327
vt 0.060472 0.195477
vt 0.055645 -0.125227
vt -0.063935 -0.125227
vt 0.055645 -0.161007
vt 0.055645 -0.053669
vt -0.063935 -0.053669
vt 0.055645 -0.089448
vt 0.055645 0.017890
vt -0.063935 0.017890
vt 0.055645 -0.017890
vt 0.055645 0.089448
vt -0.063935 0.089448
vt 0.055645 0.053669
vt 0.055645 0.161007
vt -0.063935 0.161007
vt 0.055645 0.125227
vt -0.063935 0.053669
vt -0.063935 0.125227
vt -0.063935 -0.017890
vt -0.063935 -0.089448
vt -0.021213 0.298451
vt -0.021213 0.232129
vt 0.021213 0.232129
vt 0.021213 0.298451
vt 0.230472 -0.027925
vt 0.230472 0.027925
vt 0.060472 0.027925
vt 0.060472 -0.027925
vt 0.028284 -0.141421
vt 0.028284 0.141421
vt -0.028284 0.124853
vt -0.028284 -0.124853
vt -0.940000 -2.100000
vt -0.940000 -0.800000
vt -1.425000 -0.800000
vt -1.425000 -2.100000
vt -0.347168 -0.071558
vt -0.079668 -0.071558
vt -0.079668 -0.000000
vt -0.347168 -0.000000
vt 0.230472 -0.251327
vt 0.230472 -0.195477
vt 0.060472 -0.195477
vt 0.060472 -0.251327
vt 0.230472 -0.139626
vt 0.060472 -0.139626
vt -0.900000 -0.181514
vt -0.280000 -0.181514
vt -0.280000 -0.090757
vt -0.900000 -0.090757
vt -0.022981 0.207258
vt -0.022981 0.124355
vt 0.022981 0.124355
vt 0.022981 0.207258
vt 0.141421 -1.660000
vt 0.141421 1.660000
vt -0.141421 1.660000
vt -0.141421 -1.660000
vt -0.022981 0.290161
vt -0.022981 0.207258
vt 0.022981 0.207258
vt 0.022981 0.290161
vt -0.916149 -3.045731
vt 0.940000 -2.100000
vt 0.940000 -1.880000
vt 0.610000 -1.550000
vt -0.610000 -1.550000
vt -0.940000 -1.880000
vt -0.940000 -2.100000
vt -1.385000 -2.100000
vt -1.385000 -3.308431
vt -1.208431 -3.485000
vt 1.208431 -3.485000
vt 1.385000 -3.308431
vt 1.385000 -2.100000
vt 1.340000 -3.200000
vt 1.283851 -3.354269
vt 1.141676 -3.436354
vt 0.980000 -3.407846
vt 0.874474 -3.282085
vt 0.874474 -3.117915
vt -0.860000 -3.200000
vt -0.916149 -3.354269
vt -1.058324 -3.436354
vt -1.220000 -3.407846
vt -1.325526 -3.282085
vt -1.325526 -3.117915
vt -1.220000 -2.992154
vt -1.058324 -2.963646
vt -0.021213 0.165806
vt -0.021213 0.099484
vt 0.021213 0.099484
vt 0.021213 0.165806
vt 0.714668 0.250455
vt 0.714668 0.322013
vt 0.097168 0.322013
vt 0.097168 0.250455
vt -0.280000 0.167552
vt 0.000000 0.167552
vt 0.000000 0.335103
vt -0.280000 0.335103
vt 0.230472 -0.055851
vt 0.060472 -0.055851
vt 0.060472 -0.111701
vt 0.230472 -0.111701
vt 0.924668 -0.035779
vt 0.107168 -0.035779
vt 0.557500 2.183087
vt 0.498141 2.253827
vt 0.498141 1.146173
vt 0.557500 1.216913
vt -0.021213 0.855211
vt 0.021213 0.855211
vt 0.230472 0.083776
vt 0.060472 0.083776
vt -0.280000 0.167552
vt 0.000000 0.167552
vt 0.000000 0.335103
vt -0.280000 0.335103
vt 0.055645 -0.125227
vt -0.063935 -0.125227
vt 0.055645 -0.161007
vt 0.055645 -0.053669
vt -0.063935 -0.053669
vt 0.055645 -0.089448
vt 0.055645 0.017890
vt -0.063935 0.017890
vt 0.055645 -0.017890
vt 0.055645 0.089448
vt -0.063935 0.089448
vt 0.055645 0.053669
vt 0.055645 0.161007
vt -0.063935 0.161007
vt 0.055645 0.125227
vt -0.063935 0.053669
vt -0.063935 0.125227
vt -0.063935 -0.017890
vt -0.063935 -0.089448
vt 0.557337 -0.800000
vt 0.565000 -0.800000
vt 0.565000 -0.794607
vt -0.021213 0.298451
vt -0.021213 0.232129
vt 0.021213 0.232129
vt 0.021213 0.298451
vt -0.021213 0.232129
vt -0.021213 0.165806
vt 0.021213 0.165806
vt 0.021213 0.232129
vt -0.022981 -0.041452
vt -0.022981 -0.124355
vt 0.022981 -0.124355
vt 0.022981 -0.041452
vt -0.280000 -0.670206
vt 0.000000 -0.670206
vt 0.000000 -0.502655
vt -0.280000 -0.502655
vt -0.021213 -0.033161
vt -0.021213 -0.099484
vt 0.021213 -0.099484
vt 0.021213 -0.033161
vt -0.022981 -0.248709
vt 0.022981 -0.248709
vt 0.022981 -0.165806
vt -0.022981 -0.165806
vt -0.022981 0.331613
vt 0.022981 0.331613
vt 0.022981 0.414516
vt -0.022981 0.414516
vt -0.021213 0.033161
vt 0.021213 0.033161
vt -0.280000 0.335103
vt 0.000000 0.335103
vt 0.000000 0.502655
vt -0.280000 0.502655
vt 0.347168 0.250455
vt 0.347168 0.322013
vt 0.079668 0.322013
vt 0.079668 0.250455
vt -0.280000 -0.335103
vt 0.000000 -0.335103
vt 0.000000 -0.167552
vt -0.280000 -0.167552
vt 0.230472 -0.027925
vt 0.230472 0.027925
vt 0.060472 0.027925
vt 0.060472 -0.027925
vt -0.021213 -0.232129
vt -0.021213 -0.298451
vt 0.021213 -0.298451
vt 0.021213 -0.232129
vt 1.151250 -0.711232
vt 1.082201 -0.699057
vt 1.021480 -0.734114
vt 0.997500 -0.800000
vt 1.021480 -0.865886
vt 1.082201 -0.900943
vt 1.151250 -0.888768
vt 1.196318 -0.835057
vt 1.196318 -0.764943
vt 0.347168 0.178896
vt 0.079668 0.178896
vt 0.230472 -0.027925
vt 0.230472 0.027925
vt 0.060472 0.027925
vt 0.060472 -0.027925
vt 0.230472 0.083776
vt 0.230472 0.139626
vt 0.060472 0.139626
vt 0.060472 0.083776
vt 0.347168 0.143117
vt 0.079668 0.143117
vt 0.079668 0.071558
vt 0.347168 0.071558
vt 0.230472 0.139626
vt 0.230472 0.195477
vt 0.060472 0.195477
vt 0.060472 0.139626
vt -0.940000 -2.100000
vt -0.940000 -0.800000
vt -1.425000 -0.800000
vt -1.425000 -2.100000
vt -0.000000 0.392699
vt -0.000000 0.549779
vt -0.235000 0.549779
vt -0.235000 0.392699
vt -0.399668 0.286234
vt -0.132168 0.286234
vt -0.132168 0.357792
vt -0.399668 0.357792
vt -0.022981 0.290161
vt 0.022981 0.331613
vt -0.022981 0.373064
vt -0.022981 -0.373064
vt 0.022981 -0.414516
vt 0.022981 -0.331613
vt -0.022981 -0.290161
vt 0.022981 -0.248709
vt -0.022981 -0.207258
vt 0.022981 -0.165806
vt -0.022981 -0.124355
vt 0.022981 -0.082903
vt -0.022981 -0.041452
vt 0.022981 0.000000
vt -0.022981 0.041452
vt 0.022981 0.082903
vt -0.022981 0.124355
vt 0.022981 0.165806
vt -0.022981 0.207258
vt 0.022981 0.248709
vt 0.751859 2.346173
vt 0.751859 2.253827
vt 2.090000 2.300000
vt 2.121584 2.386776
vt 2.650000 3.360000
vt 0.200000 3.360000
vt 0.601557 2.432949
vt 0.692500 2.416913
vt -0.347168 -0.071558
vt -0.079668 -0.071558
vt -0.079668 -0.000000
vt -0.347168 -0.000000
vt -0.700000 -0.181514
vt -0.280000 -0.181514
vt -0.280000 -0.090757
vt -0.700000 -0.090757
vt 2.292500 2.183087
vt 2.201557 2.167051
vt 2.121584 2.213224
vt 0.692500 2.183087
vt 0.601557 2.167051
vt 0.521584 2.213224
vt 0.490000 2.300000
vt 0.521584 2.386776
vt 0.200000 0.040000
vt 1.075000 0.040000
vt 1.075000 0.350000
vt 1.775000 0.350000
vt 1.775000 0.040000
vt 2.650000 0.040000
vt 2.201557 2.432949
vt 2.292500 2.416913
vt 2.351859 2.346173
vt 2.351859 2.253827
vt 0.924668 -0.250455
vt 0.924668 -0.178896
vt 0.107168 -0.178896
vt 0.107168 -0.250455
vt 0.230472 0.139626
vt 0.060472 0.139626
vt -0.022981 0.290161
vt -0.022981 0.207258
vt 0.022981 0.207258
vt 0.022981 0.290161
vt 0.924668 0.107338
vt 0.924668 0.178896
vt 0.107168 0.178896
vt 0.107168 0.107338
vt -0.022981 -0.290161
vt -0.022981 -0.373064
vt 0.022981 -0.373064
vt 0.022981 -0.290161
vt 0.924668 -0.178896
vt 0.107168 -0.178896
vt -0.021213 0.033161
vt -0.021213 -0.033161
vt 0.021213 -0.033161
vt 0.021213 0.033161
vt -0.079668 0.143117
vt -0.347168 0.143117
vt 0.230472 0.083776
vt 0.060472 0.083776
vt -0.190000 0.000000
vt 0.190000 0.197759
vt -0.010000 0.602647
vt -0.190000 0.680678
vt 0.190000 -0.197759
vt -0.010000 -0.602647
vt -0.190000 -0.680678
vt -0.010000 -1.157125
vt -0.190000 -1.361357
vt -0.010000 -1.711604
vt -0.190000 -2.042035
vt -0.010000 -2.266082
vt -0.190000 -2.722714
vt -0.010000 -2.820561
vt 0.190000 2.820561
vt 0.190000 2.865230
vt -0.010000 2.865230
vt -0.190000 2.722714
vt -0.010000 2.820561
vt 0.090000 0.593277
vt 0.090000 0.602647
vt -0.010000 0.602647
vt -0.010000 3.260876
vt -0.190000 3.403392
vt -0.010000 3.128994
vt -0.280000 0.090757
vt -0.900000 0.090757
vt -0.900000 0.000000
vt -0.280000 0.000000
vt -0.010000 2.997112
vt -0.190000 2.722714
vt -0.010000 2.865230
vt 0.190000 -2.865230
vt 0.190000 -2.820561
vt -0.010000 3.305545
vt -0.010000 -2.865230
vt 0.190000 -2.865230
vt 0.190000 -2.820561
vt -0.010000 3.305545
vt -0.190000 3.403392
vt -0.010000 -2.865230
vt -0.010000 2.820561
vt -0.010000 2.266082
vt -0.190000 2.042035
vt -0.010000 1.711604
vt -0.190000 1.361357
vt -0.010000 1.157125
vt 0.090000 0.602647
vt 0.090000 0.593277
vt -0.021213 0.232129
vt -0.021213 0.165806
vt 0.021213 0.165806
vt 0.021213 0.232129
vt 0.090000 0.593277
vt -0.010000 0.602647
vt 0.190000 0.197759
vt 0.190000 0.593277
vt 0.090000 -0.593277
vt 0.190000 -0.593277
vt 0.132168 -0.357792
vt 0.399668 -0.357792
vt 0.090000 -0.593277
vt -0.010000 -0.602647
vt 0.090000 -0.602647
vt -0.014142 -0.673697
vt 0.014142 -0.336849
vt -0.014142 0.000000
vt 0.014142 0.020290
vt 0.014142 0.336849
vt -0.014142 -1.347394
vt 0.014142 -1.010546
vt 0.014142 -0.737619
vt -0.014142 -2.021091
vt 0.014142 -1.684243
vt 0.014142 -1.495528
vt 0.014142 -2.357940
vt -0.014142 -2.694788
vt 0.014142 -3.031637
vt 0.014142 3.031637
vt -0.014142 3.368485
vt -0.014142 2.694788
vt 0.014142 2.357940
vt -0.014142 2.021091
vt 0.014142 1.684243
vt -0.014142 1.347394
vt 0.014142 1.010546
vt -0.014142 0.673697
vt 0.014142 0.778199
vt 0.347168 0.178896
vt 0.347168 0.250455
vt 0.079668 0.250455
vt 0.079668 0.178896
vt 0.680000 0.130000
vt 0.000000 0.130000
vt 0.000000 0.000000
vt 0.143531 0.000000
vt 0.274109 0.017771
vt 0.405891 0.017771
vt 0.536469 0.000000
vt 0.680000 0.000000
vt -0.022981 -0.207258
vt -0.022981 -0.290161
vt 0.022981 -0.290161
vt 0.022981 -0.207258
vt -0.180000 -0.350000
vt -0.000000 -0.350000
vt -0.000000 0.000000
vt -0.140000 0.000000
vt -0.180000 -0.040000
vt -0.280000 -0.670206
vt 0.000000 -0.670206
vt 0.000000 -0.502655
vt -0.280000 -0.502655
vt 0.000000 0.130000
vt 0.000000 0.000000
vt 0.340000 0.000000
vt 0.340000 0.170000
vt 0.040000 0.170000
vt 0.000000 0.170000
vt 0.000000 0.000000
vt 0.340000 0.000000
vt 0.340000 0.130000
vt 0.300000 0.170000
vt 0.347168 -0.214675
vt 0.079668 -0.214675
vt -0.000000 -0.000000
vt -0.110000 0.000000
vt -0.110000 -0.200000
vt -0.590000 -0.200000
vt -0.590000 0.000000
vt -0.700000 0.000000
vt -0.700000 -0.350000
vt -0.000000 -0.350000
vt -0.021213 0.033161
vt 0.021213 0.033161
vt -0.040000 0.000000
vt -0.180000 0.000000
vt -0.180000 -0.350000
vt -0.000000 -0.350000
vt -0.000000 -0.040000
vt -0.022981 0.290161
vt -0.022981 0.207258
vt 0.022981 0.207258
vt 0.022981 0.290161
vt -0.700000 -0.181514
vt -0.280000 -0.181514
vt -0.280000 -0.090757
vt -0.700000 -0.090757
vt 0.230472 -0.251327
vt 0.230472 -0.195477
vt 0.060472 -0.195477
vt 0.060472 -0.251327
vt 0.347168 0.286234
vt 0.079668 0.286234
vt 0.079668 0.214675
vt 0.347168 0.214675
vt -0.000000 -0.350000
vt -0.000000 0.000000
vt -0.140000 0.000000
vt -0.180000 -0.040000
vt -0.180000 -0.350000
vt -0.021213 -0.232129
vt -0.021213 -0.298451
vt 0.021213 -0.298451
vt 0.021213 -0.232129
vt 0.714668 0.178896
vt 0.714668 0.250455
vt 0.097168 0.250455
vt 0.097168 0.178896
vt 0.141421 -1.660000
vt 0.141421 1.660000
vt -0.141421 1.660000
vt -0.141421 -1.660000
vt -0.022981 0.331613
vt 0.022981 0.331613
vt 0.022981 0.414516
vt -0.022981 0.414516
vt -0.067500 -0.116913
vt -0.065000 -0.112583
vt -0.122160 -0.044463
vt -0.126859 -0.046173
vt -0.459434 -0.537215
vt -0.465992 -0.612173
vt -0.519197 -0.665379
vt -0.594156 -0.671937
vt -0.731572 -0.613862
vt -0.165834 -0.940491
vt 0.477500 -0.827054
vt 0.055000 -0.895263
vt -0.019101 -0.908329
vt -0.084265 -0.870707
vt -0.110000 -0.800000
vt -0.084265 -0.729293
vt -0.019101 -0.691671
vt 0.055000 -0.704737
vt 0.103366 -0.762378
vt 0.456104 -0.575273
vt 0.475579 -0.502592
vt 0.537215 -0.459434
vt 0.612173 -0.465992
vt 0.665379 -0.519197
vt 0.897406 -0.326629
vt 0.954789 -0.020078
vt 0.870707 -0.084265
vt 0.800000 -0.110000
vt 0.729293 -0.084265
vt 0.691671 -0.019101
vt 0.704737 0.055000
vt 0.762378 0.103366
vt 0.467287 0.392100
vt 0.610000 0.000000
vt 0.467287 -0.392100
vt 0.105925 -0.600733
vt -0.305000 -0.528275
vt -0.573212 -0.208632
vt -0.643467 -0.487904
vt -0.575273 -0.456104
vt -0.502592 -0.475579
vt 0.230472 0.027925
vt 0.060472 0.027925
vt -0.014142 0.136136
vt 0.014142 0.136136
vt -0.021213 0.099484
vt -0.021213 0.033161
vt 0.021213 0.033161
vt 0.021213 0.099484
vt 0.465992 0.612173
vt 0.519197 0.665379
vt 0.594156 0.671937
vt 0.689335 0.660940
vt 0.477500 0.827054
vt 0.084265 0.870707
vt 0.110000 0.800000
vt -0.573212 0.208632
vt -0.475579 0.502592
vt -0.537215 0.459434
vt -0.612173 0.465992
vt -0.665379 0.519197
vt -0.837622 0.103366
vt -0.762378 0.103366
vt -0.704737 0.055000
vt -0.691671 -0.019101
vt -0.729293 -0.084265
vt -0.800000 -0.110000
vt 0.230472 -0.027925
vt 0.230472 0.027925
vt 0.060472 0.027925
vt 0.060472 -0.027925
vt -0.280000 0.272271
vt -0.900000 0.272271
vt -0.022981 0.041452
vt -0.022981 -0.041452
vt 0.022981 -0.041452
vt 0.022981 0.041452
vt -0.022981 -0.207258
vt -0.022981 -0.290161
vt 0.022981 -0.290161
vt 0.022981 -0.207258
vt -0.021213 -0.232129
vt -0.021213 -0.298451
vt 0.021213 -0.298451
vt 0.021213 -0.232129
vt -0.435000 1.021018
vt -0.435000 0.340339
vt -0.255000 0.340339
vt -0.255000 1.021018
vt 0.230472 0.027925
vt 0.230472 0.083776
vt 0.060472 0.083776
vt 0.060472 0.027925
vt -0.022981 0.373064
vt 0.022981 0.373064
vt -0.079668 0.071558
vt -0.347168 0.071558
vt -0.347168 -0.000000
vt -0.079668 -0.000000
vt -0.900000 0.090757
vt -0.280000 0.090757
vt -0.280000 0.181514
vt -0.900000 0.181514
vt -0.280000 0.502655
vt 0.000000 0.502655
vt 0.000000 0.670206
vt -0.280000 0.670206
vt -0.021213 -0.232129
vt -0.021213 -0.298451
vt 0.021213 -0.298451
vt 0.021213 -0.232129
vt -0.022981 0.290161
vt -0.022981 0.207258
vt 0.022981 0.207258
vt 0.022981 0.290161
vt 0.347168 -0.250455
vt 0.347168 -0.178896
vt 0.079668 -0.178896
vt 0.079668 -0.250455
vt 3.992500 2.183087
vt 3.992500 1.216913
vt 4.051859 1.146173
vt 4.051859 2.253827
vt -0.347168 0.107338
vt -0.347168 0.035779
vt -0.079668 0.035779
vt -0.079668 0.107338
vt -0.022981 0.041452
vt -0.022981 -0.041452
vt 0.022981 -0.041452
vt 0.022981 0.041452
vt 0.411362 0.237500
vt 0.162460 0.446354
vt -0.162460 0.446354
vt -0.411362 0.237500
vt -0.467784 -0.082483
vt -0.305324 -0.363871
vt -0.000000 -0.475000
vt 0.305324 -0.363871
vt 0.467784 -0.082483
vt -0.021213 0.033161
vt -0.021213 -0.033161
vt 0.021213 -0.033161
vt 0.021213 0.033161
vt 0.347168 0.286234
vt 0.079668 0.286234
vt 0.079668 0.214675
vt 0.347168 0.214675
vt -0.700000 -0.181514
vt -0.280000 -0.181514
vt -0.280000 -0.090757
vt -0.700000 -0.090757
vt -0.021213 0.132645
vt 0.021213 0.132645
vt 0.021213 0.198968
vt -0.021213 0.198968
vt -0.021213 -0.232129
vt -0.021213 -0.298451
vt 0.021213 -0.298451
vt 0.021213 -0.232129
vt -0.022981 0.207258
vt -0.022981 0.124355
vt 0.022981 0.124355
vt 0.022981 0.207258
vt -0.021213 0.165806
vt -0.021213 0.099484
vt 0.021213 0.099484
vt 0.021213 0.165806
vt -0.010607 0.645335
vt 0.010607 0.645335
vt 0.010607 0.797179
vt -0.010607 0.797179
vt -0.021213 -0.099484
vt -0.021213 -0.165806
vt 0.021213 -0.165806
vt 0.021213 -0.099484
vt 0.130000 -1.160644
vt 0.010000 -1.326450
vt 0.130000 -1.492257
vt 0.130000 1.492257
vt 0.010000 1.658063
vt 0.010000 1.326450
vt 0.130000 1.160644
vt 0.010000 0.994838
vt 0.130000 0.829031
vt 0.010000 0.663225
vt 0.130000 0.497419
vt 0.010000 0.331613
vt 0.130000 0.165806
vt 0.010000 0.000000
vt 0.130000 -0.165806
vt 0.010000 -0.331613
vt 0.130000 -0.497419
vt 0.010000 -0.663225
vt 0.130000 -0.829031
vt 0.010000 -0.994838
vt 0.230472 -0.223402
vt 0.060472 -0.223402
vt 0.060472 -0.279253
vt 0.230472 -0.279253
vt -0.022981 0.165806
vt 0.022981 0.165806
vt 0.022981 0.248709
vt -0.022981 0.248709
vt -0.021213 -0.099484
vt 0.021213 -0.099484
vt -0.021213 0.198968
vt 0.021213 0.198968
vt 0.021213 0.265290
vt -0.021213 0.265290
vt -0.280000 -0.167552
vt 0.000000 -0.167552
vt 0.000000 0.000000
vt -0.280000 0.000000
vt -0.021213 -0.099484
vt -0.021213 -0.165806
vt 0.021213 -0.165806
vt 0.021213 -0.099484
vt -0.021213 -0.099484
vt -0.021213 -0.165806
vt 0.021213 -0.165806
vt 0.021213 -0.099484
vt -0.021213 -0.165806
vt -0.021213 -0.232129
vt 0.021213 -0.232129
vt 0.021213 -0.165806
vt -0.022981 -0.207258
vt -0.022981 -0.290161
vt 0.022981 -0.290161
vt 0.022981 -0.207258
vt -1.385000 -0.800000
vt -0.565000 -0.800000
vt -0.565000 -0.794607
vt -0.903994 -0.365267
vt -0.958418 0.179055
vt -0.711139 0.667013
vt -0.916149 0.645731
vt -1.058324 0.563646
vt -1.220000 0.592154
vt -1.325526 0.717915
vt -1.325526 0.882085
vt -1.220000 1.007846
vt -1.058324 1.036354
vt -0.350000 1.085000
vt -1.208431 1.085000
vt -1.385000 0.908431
vt -0.028284 0.420931
vt -0.028284 -0.437500
vt 0.028284 -0.437500
vt 0.028284 0.437500
vt 0.079668 -0.071558
vt 0.347168 -0.071558
vt 0.347168 0.000000
vt 0.079668 0.000000
vt 0.714668 0.250455
vt 0.714668 0.322013
vt 0.097168 0.322013
vt 0.097168 0.250455
vt 0.230472 -0.083776
vt 0.230472 -0.027925
vt 0.060472 -0.027925
vt 0.060472 -0.083776
vt -0.022981 -0.290161
vt -0.022981 -0.373064
vt 0.022981 -0.373064
vt 0.022981 -0.290161
vt 0.230472 -0.195477
vt 0.230472 -0.139626
vt 0.060472 -0.139626
vt 0.060472 -0.195477
vt -0.869282 -0.040000
vt -0.827362 -0.075175
vt -0.772638 -0.075175
vt -0.730718 -0.040000
vt -0.721215 0.013892
vt -0.748577 0.061284
vt -0.800000 0.080000
vt -0.851423 0.061284
vt -0.878785 0.013892
vt -0.028284 1.208431
vt -0.028284 -1.208431
vt 0.028284 -1.225000
vt 0.028284 1.225000
vt -0.631218 -0.611572
vt -0.586391 -0.642959
vt -0.531876 -0.638190
vt -0.493181 -0.599495
vt -0.488411 -0.544980
vt -0.519799 -0.500153
vt -0.572658 -0.485990
vt -0.622254 -0.509117
vt -0.645381 -0.558713
vt -0.022981 -0.207258
vt -0.022981 -0.290161
vt 0.022981 -0.290161
vt 0.022981 -0.207258
vt -0.021213 0.033161
vt -0.021213 -0.033161
vt 0.021213 -0.033161
vt 0.021213 0.033161
vt -1.058324 -3.436354
vt -0.916149 -3.354269
vt -0.860000 -3.200000
vt -0.970000 -3.200000
vt -1.000414 -3.283562
vt -1.077426 -3.328025
vt -1.165000 -3.312583
vt -1.222160 -3.244463
vt -1.222160 -3.155537
vt -1.165000 -3.087417
vt -1.077426 -3.071975
vt -0.916149 -3.045731
vt -1.058324 -2.963646
vt -1.220000 -2.992154
vt -1.325526 -3.117915
vt -1.325526 -3.282085
vt -1.220000 -3.407846
vt -0.347168 -0.286234
vt -0.079668 -0.286234
vt -0.079668 -0.214675
vt -0.347168 -0.214675
vt 0.347168 0.250455
vt 0.347168 0.322013
vt 0.079668 0.322013
vt 0.079668 0.250455
vt 0.599495 -0.493181
vt 0.544980 -0.488411
vt 0.500153 -0.519799
vt 0.485990 -0.572658
vt 0.509117 -0.622254
vt 0.558713 -0.645381
vt 0.611572 -0.631218
vt 0.642959 -0.586391
vt 0.638190 -0.531876
vt -0.022981 0.041452
vt -0.022981 -0.041452
vt 0.022981 -0.041452
vt 0.022981 0.041452
vt 0.924668 0.178896
vt 0.107168 0.178896
vt 0.924668 0.250455
vt 0.107168 0.250455
vt 0.730718 0.040000
vt 0.721215 -0.013892
vt 0.748577 -0.061284
vt 0.800000 -0.080000
vt 0.851423 -0.061284
vt 0.878785 -0.013892
vt 0.869282 0.040000
vt 0.827362 0.075175
vt 0.772638 0.075175
vt 0.347168 -0.286234
vt 0.079668 -0.286234
vt 0.079668 -0.357792
vt 0.347168 -0.357792
vt 0.488411 0.544980
vt 0.519799 0.500153
vt 0.572658 0.485990
vt 0.622254 0.509117
vt 0.645381 0.558713
vt 0.631218 0.611572
vt 0.586391 0.642959
vt 0.531876 0.638190
vt 0.493181 0.599495
vt -0.347168 -0.143117
vt -0.079668 -0.143117
vt -0.079668 -0.071558
vt -0.347168 -0.071558
vt 0.714668 -0.178896
vt 0.097168 -0.178896
vt 1.035000 -3.087417
vt 1.122574 -3.071975
vt 1.199586 -3.116438
vt 1.230000 -3.200000
vt 1.199586 -3.283562
vt 1.122574 -3.328025
vt 0.980000 -3.407846
vt 1.141676 -3.436354
vt 1.283851 -3.354269
vt 1.340000 -3.200000
vt 1.283851 -3.045731
vt 1.141676 -2.963646
vt 0.980000 -2.992154
vt 0.874474 -3.117915
vt 0.874474 -3.282085
vt 1.035000 -3.312583
vt 0.977840 -3.244463
vt 0.977840 -3.155537
vt -0.021213 -0.232129
vt 0.021213 -0.232129
vt 0.099586 -0.083562
vt 0.022574 -0.128025
vt -0.065000 -0.112583
vt -0.067500 -0.116913
vt 0.023443 -0.132949
vt 0.103416 -0.086776
vt 0.135000 0.000000
vt 0.103416 0.086776
vt 0.023443 0.132949
vt -0.067500 0.116913
vt -0.065000 0.112583
vt 0.022574 0.128025
vt 0.099586 0.083562
vt 0.130000 0.000000
vt 0.230472 0.195477
vt 0.230472 0.251327
vt 0.060472 0.251327
vt 0.060472 0.195477
vt -0.900000 -0.272271
vt -0.280000 -0.272271
vt -0.280000 -0.181514
vt -0.900000 -0.181514
vt -0.280000 -0.167552
vt -0.000000 -0.167552
vt -0.000000 0.706858
vt -0.235000 0.706858
vt 0.230472 -0.083776
vt 0.230472 -0.027925
vt 0.060472 -0.027925
vt 0.060472 -0.083776
vt -0.700000 0.363028
vt -0.280000 0.363028
vt -0.280000 0.453786
vt -0.700000 0.453786
vt -0.021213 -0.033161
vt -0.021213 -0.099484
vt 0.021213 -0.099484
vt 0.021213 -0.033161
vt -0.021213 -0.099484
vt -0.021213 -0.165806
vt 0.021213 -0.165806
vt 0.021213 -0.099484
vt -0.021213 -0.232129
vt -0.021213 -0.298451
vt 0.021213 -0.298451
vt 0.021213 -0.232129
vt -0.022981 -0.207258
vt -0.022981 -0.290161
vt 0.022981 -0.290161
vt 0.022981 -0.207258
vt -0.126859 -0.046173
vt -0.067500 -0.116913
vt -0.122160 -0.044463
vt -0.122160 0.044463
vt -0.065000 0.112583
vt 0.022574 0.128025
vt 0.099586 0.083562
vt 0.130000 0.000000
vt 0.135000 0.000000
vt 0.103416 0.086776
vt 0.023443 0.132949
vt -0.067500 0.116913
vt -0.126859 0.046173
vt 0.000000 0.670206
vt -0.280000 0.670206
vt 0.230472 0.027925
vt 0.230472 0.083776
vt 0.060472 0.083776
vt 0.060472 0.027925
vt 0.230472 0.139626
vt 0.060472 0.139626
vt -0.021213 0.232129
vt -0.021213 0.165806
vt 0.021213 0.165806
vt 0.021213 0.232129
vt -0.021213 0.513127
vt 0.021213 0.513127
vt 0.230472 -0.111701
vt 0.060472 -0.111701
vt 0.060472 -0.167552
vt 0.230472 -0.167552
vt -0.014142 3.031637
vt -0.014142 2.357940
vt 0.014142 2.357940
vt 0.014142 3.031637
vt -0.014142 1.225221
vt -0.014142 0.952950
vt 0.014142 0.952950
vt 0.014142 1.225221
vt -0.022981 0.124355
vt 0.022981 0.124355
vt -0.022981 -0.041452
vt -0.022981 -0.124355
vt 0.022981 -0.124355
vt 0.022981 -0.041452
vt -0.021213 -0.298451
vt 0.021213 -0.298451
vt 0.000000 -0.335103
vt -0.280000 -0.335103
vt 0.714668 -0.107338
vt 0.097168 -0.107338
vt -0.235000 1.256637
vt -0.235000 0.977384
vt -0.065000 0.977384
vt -0.065000 1.256637
vt -0.021213 0.232129
vt -0.021213 0.165806
vt 0.021213 0.165806
vt 0.021213 0.232129
vt -0.235000 0.977384
vt -0.235000 0.698132
vt -0.065000 0.698132
vt -0.065000 0.977384
vt 0.079668 0.143117
vt 0.347168 0.143117
vt -1.208431 -3.485000
vt -1.058324 -3.436354
vt -1.220000 -3.407846
vt -1.385000 -3.308431
vt -0.022981 -0.082903
vt 0.022981 -0.082903
vt 0.022981 0.000000
vt -0.022981 0.000000
vt 0.230472 0.111701
vt 0.060472 0.111701
vt -0.347168 -0.071558
vt -0.079668 -0.071558
vt -0.079668 -0.000000
vt -0.347168 -0.000000
vt -0.021213 -0.033161
vt 0.021213 -0.033161
vt 0.924668 -0.107338
vt 0.924668 -0.035779
vt 0.107168 -0.035779
vt 0.107168 -0.107338
vt -0.022981 -0.290161
vt -0.022981 -0.373064
vt 0.022981 -0.373064
vt 0.022981 -0.290161
vt -0.021213 0.298451
vt -0.021213 0.232129
vt 0.021213 0.232129
vt 0.021213 0.298451
vt -0.021213 -0.165806
vt -0.021213 -0.232129
vt 0.021213 -0.232129
vt 0.021213 -0.165806
vt -0.900000 -0.090757
vt -0.280000 -0.090757
vt -0.280000 0.000000
vt -0.900000 0.000000
vt 0.230472 -0.195477
vt 0.230472 -0.139626
vt 0.060472 -0.139626
vt 0.060472 -0.195477
vt 0.210000 1.277581
vt 0.160000 1.277581
vt 0.099586 -0.083562
vt 0.103416 -0.086776
vt 0.135000 0.000000
vt 0.130000 0.000000
vt -0.000000 -0.706858
vt -0.000000 -0.549779
vt -0.235000 -0.549779
vt -0.235000 -0.706858
vt -0.347168 0.214675
vt -0.079668 0.214675
vt -0.079668 0.286234
vt -0.347168 0.286234
vt 0.000000 -0.167552
vt -0.280000 -0.167552
vt -0.022981 0.165806
vt 0.022981 0.165806
vt 0.022981 0.248709
vt -0.022981 0.248709
vt -0.021213 0.099484
vt -0.021213 0.033161
vt 0.021213 0.033161
vt 0.021213 0.099484
vt 0.924668 -0.107338
vt 0.107168 -0.107338
vt -0.000000 0.235619
vt -0.000000 0.392699
vt -0.235000 0.392699
vt -0.235000 0.235619
vt -0.022981 0.207258
vt -0.022981 0.124355
vt 0.022981 0.124355
vt 0.022981 0.207258
vt -0.021213 -0.099484
vt -0.021213 -0.165806
vt 0.021213 -0.165806
vt 0.021213 -0.099484
vt -0.021213 -0.165806
vt 0.021213 -0.165806
vt 0.230472 0.027925
vt 0.060472 0.027925
vt -0.021213 0.033161
vt -0.021213 -0.033161
vt 0.021213 -0.033161
vt 0.021213 0.033161
vt 0.230472 0.027925
vt 0.230472 0.083776
vt 0.060472 0.083776
vt 0.060472 0.027925
vt -0.021213 0.099484
vt 0.021213 0.099484
vt 0.230472 0.139626
vt 0.060472 0.139626
vt 0.230472 -0.251327
vt 0.230472 -0.195477
vt 0.060472 -0.195477
vt 0.060472 -0.251327
vt 0.347168 0.000000
vt 0.079668 0.000000
vt -0.021213 0.099484
vt 0.021213 0.099484
vt -0.022981 0.124355
vt 0.022981 0.124355
vt -0.021213 -0.099484
vt -0.021213 -0.165806
vt 0.021213 -0.165806
vt 0.021213 -0.099484
vt 0.000000 0.167552
vt -0.280000 0.167552
vt -0.280000 0.000000
vt 0.000000 0.000000
vt 0.230472 -0.251327
vt 0.230472 -0.195477
vt 0.060472 -0.195477
vt 0.060472 -0.251327
vt -0.347168 -0.214675
vt -0.079668 -0.214675
vt -0.347168 -0.178896
vt -0.079668 -0.178896
vt 0.347168 0.178896
vt 0.347168 0.250455
vt 0.079668 0.250455
vt 0.079668 0.178896
vt -0.700000 0.090757
vt -0.280000 0.090757
vt -0.280000 0.181514
vt -0.700000 0.181514
vt -0.022981 -0.290161
vt -0.022981 -0.373064
vt 0.022981 -0.373064
vt 0.022981 -0.290161
vt -0.022981 -0.124355
vt 0.022981 -0.124355
vt -0.014142 -1.225221
vt 0.014142 -1.225221
vt -0.021213 -0.099484
vt -0.021213 -0.165806
vt 0.021213 -0.165806
vt 0.021213 -0.099484
vt -0.347168 -0.000000
vt -0.079668 -0.000000
vt -0.021213 0.513127
vt -0.021213 0.171042
vt 0.021213 0.171042
vt 0.021213 0.513127
vt -0.021213 -0.099484
vt -0.021213 -0.165806
vt 0.021213 -0.165806
vt 0.021213 -0.099484
vt -0.021213 0.066323
vt 0.021213 0.066323
vt -0.021213 -0.232129
vt 0.021213 -0.232129
vt 0.575273 0.456104
vt 0.502592 0.475579
vt 0.459434 0.537215
vt 0.465992 0.612173
vt 0.084265 0.729293
vt 0.019101 0.691671
vt -0.055000 0.704737
vt -0.103366 0.762378
vt -0.305000 0.528275
vt 0.105925 0.600733
vt 0.837622 0.103366
vt 0.895263 0.055000
vt 0.908329 -0.019101
vt 0.897406 0.326629
vt 0.689335 0.660940
vt 0.594156 0.671937
vt 0.655792 0.628779
vt 0.675267 0.556098
vt 0.643467 0.487904
vt 0.714668 -0.322013
vt 0.714668 -0.250455
vt 0.097168 -0.250455
vt 0.097168 -0.322013
vt 0.230472 0.195477
vt 0.230472 0.251327
vt 0.060472 0.251327
vt 0.060472 0.195477
vt -0.280000 0.670206
vt 0.000000 0.670206
vt 0.000000 0.837758
vt -0.280000 0.837758
vt -0.280000 -0.335103
vt 0.000000 -0.335103
vt 0.000000 -0.167552
vt -0.280000 -0.167552
vt 0.230472 0.083776
vt 0.230472 0.139626
vt 0.060472 0.139626
vt 0.060472 0.083776
vt -0.021213 0.165806
vt -0.021213 0.099484
vt 0.021213 0.099484
vt 0.021213 0.165806
vt -0.021213 -0.232129
vt -0.021213 -0.298451
vt 0.021213 -0.298451
vt 0.021213 -0.232129
vt -0.519197 -0.665379
vt -0.594156 -0.671937
vt -0.731572 -0.613862
vt -0.165834 -0.940491
vt 0.230472 0.083776
vt 0.230472 0.139626
vt 0.060472 0.139626
vt 0.060472 0.083776
vt -0.021213 0.232129
vt -0.021213 0.165806
vt 0.021213 0.165806
vt 0.021213 0.232129
vt -0.022981 -0.041452
vt -0.022981 -0.124355
vt 0.022981 -0.124355
vt 0.022981 -0.041452
vt -0.021213 0.132645
vt 0.021213 0.132645
vt 0.021213 0.198968
vt -0.021213 0.198968
vt -0.347168 -0.286234
vt -0.079668 -0.286234
vt -0.079668 -0.214675
vt -0.347168 -0.214675
vt -0.022981 -0.290161
vt -0.022981 -0.373064
vt 0.022981 -0.373064
vt 0.022981 -0.290161
vt -0.565000 -0.794607
vt -0.565000 -0.800000
vt -0.557337 -0.800000
vt 0.565000 -0.794607
vt 0.557337 -0.800000
vt 0.565000 -0.800000
vt 0.940000 -0.800000
vt 0.940000 -2.100000
vt 1.425000 -2.100000
vt 1.425000 -0.800000
vt -0.000000 -0.078540
vt -0.000000 0.078540
vt -0.235000 0.078540
vt -0.235000 -0.078540
vt 0.924668 -0.107338
vt 0.924668 -0.035779
vt 0.107168 -0.035779
vt 0.107168 -0.107338
vt -0.280000 -0.670206
vt 0.000000 -0.670206
vt 0.000000 -0.502655
vt -0.280000 -0.502655
vt -0.750000 2.320000
vt -0.750000 1.100000
vt -1.040000 0.810000
vt -0.000000 0.810000
vt -0.000000 2.610000
vt -1.040000 2.610000
vt -0.347168 -0.250455
vt -0.347168 -0.322013
vt -0.079668 -0.322013
vt -0.079668 -0.250455
vt -0.022981 0.041452
vt -0.022981 -0.041452
vt 0.022981 -0.041452
vt 0.022981 0.041452
vt -0.028284 0.124853
vt -0.028284 -0.124853
vt 0.028284 -0.141421
vt 0.028284 0.141421
vt -0.280000 0.090757
vt -0.700000 0.090757
vt -0.700000 0.000000
vt -0.280000 0.000000
vt 0.160000 -0.851721
vt 0.210000 -0.851721
vt 0.210000 -0.425860
vt 0.160000 -0.425860
vt 0.851423 -0.061284
vt 0.878785 -0.013892
vt 0.869282 0.040000
vt 0.827362 0.075175
vt 0.772638 0.075175
vt 0.730718 0.040000
vt 0.721215 -0.013892
vt 0.748577 -0.061284
vt 0.800000 -0.080000
vt -0.700000 0.272271
vt -0.280000 0.272271
vt -0.280000 0.363028
vt -0.700000 0.363028
vt -0.022981 -0.124355
vt 0.022981 -0.124355
vt -0.022981 0.124355
vt -0.022981 0.041452
vt 0.022981 0.041452
vt 0.022981 0.124355
vt -0.347168 0.286234
vt -0.079668 0.286234
vt -0.079668 0.357792
vt -0.347168 0.357792
vt -0.022981 0.124355
vt -0.022981 0.041452
vt 0.022981 0.041452
vt 0.022981 0.124355
vt -0.021213 -0.165806
vt -0.021213 -0.232129
vt 0.021213 -0.232129
vt 0.021213 -0.165806
vt -0.280000 -0.167552
vt 0.000000 -0.167552
vt 0.000000 0.000000
vt -0.280000 0.000000
vt -0.280000 -0.502655
vt 0.000000 -0.502655
vt 0.000000 -0.335103
vt -0.280000 -0.335103
vt 0.230472 0.251327
vt 0.060472 0.251327
vt -0.022981 -0.041452
vt 0.022981 -0.041452
vt 0.924668 -0.250455
vt 0.924668 -0.178896
vt 0.107168 -0.178896
vt 0.107168 -0.250455
vt -0.700000 0.272271
vt -0.280000 0.272271
vt 0.347168 0.250455
vt 0.347168 0.322013
vt 0.079668 0.322013
vt 0.079668 0.250455
vt -0.028284 0.520000
vt -0.028284 -0.520000
vt 0.028284 -0.520000
vt 0.028284 0.560000
vt -0.280000 0.335103
vt 0.000000 0.335103
vt 0.000000 0.502655
vt -0.280000 0.502655
vt 0.230472 -0.027925
vt 0.060472 -0.027925
vt 0.230472 -0.251327
vt 0.060472 -0.251327
vt 1.151250 -0.888768
vt 1.196318 -0.835057
vt 1.196318 -0.764943
vt 1.151250 -0.711232
vt 1.082201 -0.699057
vt 1.021480 -0.734114
vt 0.997500 -0.800000
vt 1.021480 -0.865886
vt 1.082201 -0.900943
vt 1.548750 -0.088768
vt 1.617799 -0.100943
vt 1.678520 -0.065886
vt 1.702500 0.000000
vt 1.678520 0.065886
vt 1.617799 0.100943
vt 1.548750 0.088768
vt 1.503682 0.035057
vt 1.503682 -0.035057
vt 0.714668 -0.178896
vt 0.097168 -0.178896
vt -0.022981 -0.290161
vt -0.022981 -0.373064
vt 0.022981 -0.373064
vt 0.022981 -0.290161
vt 0.010607 0.493492
vt -0.010607 0.493492
vt -0.010607 0.341648
vt 0.010607 0.341648
vt -0.280000 0.335103
vt 0.000000 0.335103
vt 0.000000 0.502655
vt -0.280000 0.502655
vt 0.924668 0.035779
vt 0.107168 0.035779
vt 0.040000 0.869282
vt -0.013892 0.878785
vt -0.061284 0.851423
vt -0.080000 0.800000
vt -0.061284 0.748577
vt -0.013892 0.721215
vt 0.040000 0.730718
vt 0.075175 0.772638
vt 0.075175 0.827362
vt -0.280000 0.167552
vt 0.000000 0.167552
vt 0.000000 0.335103
vt -0.280000 0.335103
vt -0.022981 0.290161
vt 0.022981 0.331613
vt -0.022981 0.373064
vt -0.022981 -0.373064
vt 0.022981 -0.414516
vt 0.022981 -0.331613
vt -0.022981 -0.290161
vt 0.022981 -0.248709
vt -0.022981 -0.207258
vt 0.022981 -0.165806
vt -0.022981 -0.124355
vt 0.022981 -0.082903
vt -0.022981 -0.041452
vt 0.022981 0.000000
vt -0.022981 0.041452
vt 0.022981 0.082903
vt -0.022981 0.124355
vt 0.022981 0.165806
vt -0.022981 0.207258
vt 0.022981 0.248709
vt -0.021213 0.033161
vt -0.021213 -0.033161
vt 0.021213 -0.033161
vt 0.021213 0.033161
vt -0.028284 -0.595931
vt 0.028284 -0.612500
vt 0.028284 0.612500
vt -0.028284 0.612500
vt -0.022981 -0.124355
vt 0.022981 -0.124355
vt -0.700000 0.181514
vt -0.280000 0.181514
vt -0.280000 0.272271
vt -0.700000 0.272271
vt -0.900000 -0.363028
vt -0.280000 -0.363028
vt -0.280000 -0.272271
vt -0.900000 -0.272271
vt 0.230472 -0.083776
vt 0.060472 -0.083776
vt 0.347168 0.107338
vt 0.079668 0.107338
vt -0.014142 -2.357940
vt -0.014142 -3.031637
vt 0.014142 -3.031637
vt 0.014142 -2.357940
vt -0.021213 -0.171042
vt -0.021213 -0.513127
vt 0.021213 -0.513127
vt 0.021213 -0.171042
vt -0.014142 -0.680678
vt -0.014142 -0.952950
vt 0.014142 -0.952950
vt 0.014142 -0.680678
vt 0.010607 0.797179
vt -0.010607 0.797179
vt 0.014142 1.010546
vt -0.014142 1.010546
vt 0.014142 0.778199
vt -0.014142 0.336849
vt 0.014142 0.336849
vt 0.014142 0.020290
vt -0.014142 -0.336849
vt 0.014142 -0.336849
vt 0.014142 -0.737619
vt -0.014142 -1.010546
vt 0.014142 -1.010546
vt 0.014142 -1.495528
vt -0.014142 -1.684243
vt 0.014142 -1.684243
vt -0.014142 -1.684243
vt 0.014142 -1.684243
vt -0.022981 -0.290161
vt -0.022981 -0.373064
vt 0.022981 -0.373064
vt 0.022981 -0.290161
vt -0.280000 -0.670206
vt 0.000000 -0.670206
vt 0.000000 -0.502655
vt -0.280000 -0.502655
vt -0.022981 0.331613
vt 0.022981 0.331613
vt 0.022981 0.414516
vt -0.022981 0.414516
vt -0.022981 0.041452
vt 0.022981 0.041452
vt -0.280000 0.670206
vt 0.000000 0.670206
vt 0.000000 0.837758
vt -0.280000 0.837758
vt -0.022981 0.290161
vt -0.022981 0.207258
vt 0.022981 0.207258
vt 0.022981 0.290161
vt -0.022981 0.331613
vt 0.022981 0.331613
vt 0.022981 0.414516
vt -0.022981 0.414516
vt 0.230472 -0.251327
vt 0.230472 -0.195477
vt 0.060472 -0.195477
vt 0.060472 -0.251327
vt -0.022981 0.041452
vt -0.022981 -0.041452
vt 0.022981 -0.041452
vt 0.022981 0.041452
vt -0.347168 -0.214675
vt -0.079668 -0.214675
vt -0.079668 -0.143117
vt -0.347168 -0.143117
vt 0.714668 0.107338
vt 0.714668 0.178896
vt 0.097168 0.178896
vt 0.097168 0.107338
vt -0.022981 -0.373064
vt 0.022981 -0.373064
vt 0.519197 0.665379
vt 0.594156 0.671937
vt 0.165834 0.940491
vt 0.465992 0.612173
vt 0.347168 -0.143117
vt 0.079668 -0.143117
vt 0.079668 -0.214675
vt 0.347168 -0.214675
vt -0.022981 0.373064
vt -0.022981 0.290161
vt 0.022981 0.290161
vt 0.022981 0.373064
vt -0.628779 0.655792
vt -0.556098 0.675267
vt -0.487904 0.643467
vt -0.456104 0.575273
vt -0.475579 0.502592
vt -0.375877 0.136808
vt -0.200000 0.346410
vt 0.069459 0.393923
vt 0.306418 0.257115
vt 0.400000 -0.000000
vt 0.306418 -0.257115
vt 0.069459 -0.393923
vt -0.200000 -0.346410
vt -0.375877 -0.136808
vt -0.691671 0.019101
vt -0.704737 -0.055000
vt -0.762378 -0.103366
vt -0.643467 -0.487904
vt -0.575273 -0.456104
vt -0.502592 -0.475579
vt -0.459434 -0.537215
vt -0.465992 -0.612173
vt -0.519197 -0.665379
vt -0.594156 -0.671937
vt -0.655792 -0.628779
vt -0.689335 -0.660940
vt -0.477500 -0.827054
vt -0.020078 -0.954789
vt 0.055000 -0.895263
vt -0.019101 -0.908329
vt -0.084265 -0.870707
vt -0.110000 -0.800000
vt -0.084265 -0.729293
vt -0.019101 -0.691671
vt 0.055000 -0.704737
vt 0.456104 -0.575273
vt 0.475579 -0.502592
vt 0.704737 -0.055000
vt 0.691671 0.019101
vt 0.729293 0.084265
vt 0.800000 0.110000
vt 0.655792 0.628779
vt 0.675267 0.556098
vt 0.643467 0.487904
vt 0.575273 0.456104
vt 0.502592 0.475579
vt 0.459434 0.537215
vt 0.110000 0.800000
vt 0.084265 0.729293
vt 0.019101 0.691671
vt -0.055000 0.704737
vt -0.103366 0.762378
vt -0.103366 0.837622
vt -0.055000 0.895263
vt -0.477500 0.827054
vt -0.660940 0.689335
vt -0.897406 0.326629
vt -0.954789 0.020078
vt -0.897406 -0.326629
vt -0.837622 -0.103366
vt -0.895263 -0.055000
vt -0.908329 0.019101
vt -0.870707 0.084265
vt -0.800000 0.110000
vt -0.729293 0.084265
vt -0.537215 0.459434
vt -0.612173 0.465992
vt -0.665379 0.519197
vt -0.671937 0.594156
vt 0.230472 -0.027925
vt 0.060472 -0.027925
vt -0.022981 0.041452
vt -0.022981 -0.041452
vt 0.022981 -0.041452
vt 0.022981 0.041452
vt 0.230472 -0.195477
vt 0.230472 -0.139626
vt 0.060472 -0.139626
vt 0.060472 -0.195477
vt -0.022981 -0.373064
vt 0.022981 -0.373064
vt -0.021213 0.513127
vt 0.021213 0.513127
vt -0.022981 -0.207258
vt -0.022981 -0.290161
vt 0.022981 -0.290161
vt 0.022981 -0.207258
vt 0.000000 0.167552
vt -0.280000 0.167552
vt -0.280000 0.000000
vt 0.000000 0.000000
vt 0.000000 0.670206
vt -0.280000 0.670206
vt 0.000000 0.000000
vt -0.280000 0.000000
vt 0.347168 -0.214675
vt 0.079668 -0.214675
vt -0.014142 1.010546
vt 0.014142 1.010546
vt -0.022981 0.207258
vt 0.022981 0.207258
vt -0.021213 -0.099484
vt -0.021213 -0.165806
vt 0.021213 -0.165806
vt 0.021213 -0.099484
vt -0.014142 -2.357940
vt 0.014142 -2.357940
vt -0.347168 0.071558
vt -0.079668 0.071558
vt -0.079668 0.143117
vt -0.347168 0.143117
vt -0.347168 0.286234
vt -0.079668 0.286234
vt -0.079668 0.357792
vt -0.347168 0.357792
vt 0.347168 0.035779
vt 0.079668 0.035779
vt 0.714668 -0.250455
vt 0.714668 -0.178896
vt 0.097168 -0.178896
vt 0.097168 -0.250455
vt -0.021213 -0.232129
vt 0.021213 -0.232129
vt -0.014142 0.952950
vt -0.014142 0.680678
vt 0.014142 0.680678
vt 0.014142 0.952950
vt -0.021213 0.033161
vt -0.021213 -0.033161
vt 0.021213 -0.033161
vt 0.021213 0.033161
vt 0.291097 -0.244259
vt 0.380000 -0.000000
vt 0.221582 0.039071
vt 0.194856 -0.112500
vt 0.076955 -0.211431
vt -0.076955 -0.211431
vt -0.194856 -0.112500
vt -0.221582 0.039071
vt -0.144627 0.172360
vt -0.000000 0.225000
vt 0.065986 0.374227
vt -0.190000 0.329090
vt -0.357083 0.129968
vt -0.357083 -0.129968
vt -0.190000 -0.329090
vt 0.065986 -0.374227
vt 0.924668 0.250455
vt 0.924668 0.322013
vt 0.107168 0.322013
vt 0.107168 0.250455
vt 0.000000 0.335103
vt -0.280000 0.335103
vt 0.230472 0.000000
vt 0.060472 0.000000
vt -0.347168 0.178896
vt -0.347168 0.107338
vt -0.079668 0.107338
vt -0.079668 0.178896
vt -0.700000 0.000000
vt -0.700000 -0.350000
vt -0.000000 -0.350000
vt -0.000000 -0.000000
vt -0.110000 0.000000
vt -0.110000 -0.200000
vt -0.590000 -0.200000
vt -0.590000 0.000000
vt 0.230472 -0.139626
vt 0.060472 -0.139626
vt 0.347168 -0.107338
vt 0.079668 -0.107338
vt -0.280000 0.090757
vt -0.900000 0.090757
vt 0.022981 0.331613
vt -0.022981 0.331613
vt -0.010607 -0.569414
vt 0.010607 -0.569414
vt 0.010607 -0.417570
vt -0.010607 -0.417570
vt -0.022981 0.124355
vt -0.022981 0.041452
vt 0.022981 0.041452
vt 0.022981 0.124355
vt -0.022981 0.165806
vt 0.022981 0.165806
vt -0.022981 -0.041452
vt -0.022981 -0.124355
vt 0.022981 -0.124355
vt 0.022981 -0.041452
vt 0.028284 -0.141421
vt 0.028284 0.141421
vt -0.028284 0.124853
vt -0.028284 -0.124853
vt -0.347168 -0.286234
vt -0.079668 -0.286234
vt -0.079668 -0.214675
vt -0.347168 -0.214675
vt -0.036466 -0.206810
vt 0.105000 -0.181865
vt 0.197335 -0.071824
vt 0.197335 0.071824
vt 0.105000 0.181865
vt -0.036466 0.206810
vt -0.160869 0.134985
vt -0.210000 0.000000
vt -0.160869 -0.134985
vt 0.230472 -0.195477
vt 0.060472 -0.195477
vt -0.021213 0.232129
vt -0.021213 0.165806
vt 0.021213 0.165806
vt 0.021213 0.232129
vt -0.021213 0.165806
vt -0.021213 0.099484
vt 0.021213 0.099484
vt 0.021213 0.165806
vt -0.021213 0.099484
vt -0.021213 0.033161
vt 0.021213 0.033161
vt 0.021213 0.099484
vt -0.022981 0.124355
vt 0.022981 0.124355
vt -0.021213 0.099484
vt 0.021213 0.099484
vt -0.021213 0.066323
vt 0.021213 0.066323
vt 0.714668 0.178896
vt 0.714668 0.250455
vt 0.097168 0.250455
vt 0.097168 0.178896
vt -0.280000 0.090757
vt -0.900000 0.090757
vt -0.900000 0.000000
vt -0.280000 0.000000
vt 0.230472 -0.139626
vt 0.230472 -0.083776
vt 0.060472 -0.083776
vt 0.060472 -0.139626
vt -0.021213 0.099484
vt -0.021213 0.033161
vt 0.021213 0.033161
vt 0.021213 0.099484
vt 0.924668 0.035779
vt 0.924668 0.107338
vt 0.107168 0.107338
vt 0.107168 0.035779
vt -0.022981 0.041452
vt -0.022981 -0.041452
vt 0.022981 -0.041452
vt 0.022981 0.041452
vt -0.435000 1.701696
vt -0.435000 1.021018
vt -0.255000 1.021018
vt -0.255000 1.701696
vt -0.280000 -0.502655
vt 0.000000 -0.502655
vt 0.000000 -0.335103
vt -0.280000 -0.335103
vt 0.079668 -0.071558
vt 0.347168 -0.071558
vt 0.347168 0.000000
vt 0.079668 0.000000
vt 0.347168 0.035779
vt 0.347168 0.107338
vt 0.079668 0.107338
vt 0.079668 0.035779
vt 0.141421 -1.660000
vt 0.141421 1.660000
vt -0.141421 1.660000
vt -0.141421 -1.660000
vt 0.714668 -0.035779
vt 0.714668 0.035779
vt 0.097168 0.035779
vt 0.097168 -0.035779
vt -0.021213 -0.232129
vt -0.021213 -0.298451
vt 0.021213 -0.298451
vt 0.021213 -0.232129
vt -0.772638 -0.075175
vt -0.730718 -0.040000
vt -0.721215 0.013892
vt -0.748577 0.061284
vt -0.800000 0.080000
vt -0.851423 0.061284
vt -0.878785 0.013892
vt -0.869282 -0.040000
vt -0.827362 -0.075175
vt -0.519799 -0.500153
vt -0.572658 -0.485990
vt -0.622254 -0.509117
vt -0.645381 -0.558713
vt -0.631218 -0.611572
vt -0.586391 -0.642959
vt -0.531876 -0.638190
vt -0.493181 -0.599495
vt -0.488411 -0.544980
vt 0.230472 -0.027925
vt 0.230472 0.027925
vt 0.060472 0.027925
vt 0.060472 -0.027925
vt 0.075175 -0.772638
vt 0.040000 -0.730718
vt -0.013892 -0.721215
vt -0.061284 -0.748577
vt -0.080000 -0.800000
vt -0.061284 -0.851423
vt -0.013892 -0.878785
vt 0.040000 -0.869282
vt 0.075175 -0.827362
vt -0.435000 1.021018
vt -0.435000 0.340339
vt -0.255000 0.340339
vt -0.255000 1.021018
vt 0.230472 0.083776
vt 0.230472 0.139626
vt 0.060472 0.139626
vt 0.060472 0.083776
vt -0.642959 0.586391
vt -0.638190 0.531876
vt -0.599495 0.493181
vt -0.544980 0.488411
vt -0.500153 0.519799
vt -0.485990 0.572658
vt -0.509117 0.622254
vt -0.558713 0.645381
vt -0.611572 0.631218
vt 0.730718 0.040000
vt 0.721215 -0.013892
vt 0.748577 -0.061284
vt 0.800000 -0.080000
vt 0.851423 -0.061284
vt 0.878785 -0.013892
vt 0.869282 0.040000
vt 0.827362 0.075175
vt 0.772638 0.075175
vt 0.230472 0.139626
vt 0.230472 0.195477
vt 0.060472 0.195477
vt 0.060472 0.139626
vt -0.557337 -0.800000
vt -0.196406 -0.955013
vt 0.196406 -0.955013
vt 0.557337 -0.800000
vt -0.022981 0.290161
vt -0.022981 0.207258
vt 0.022981 0.207258
vt 0.022981 0.290161
vt -0.022981 -0.082903
vt 0.022981 -0.082903
vt 0.022981 0.000000
vt -0.022981 0.000000
vt 0.977840 0.844463
vt 1.035000 0.912583
vt 1.122574 0.928025
vt 0.980000 1.007846
vt 0.874474 0.882085
vt 0.874474 0.717915
vt 0.980000 0.592154
vt 1.141676 0.563646
vt 1.283851 0.645731
vt 1.340000 0.800000
vt 1.230000 0.800000
vt 1.199586 0.716438
vt 1.122574 0.671975
vt 1.035000 0.687417
vt 0.977840 0.755537
vt -0.021213 0.099484
vt 0.021213 0.099484
vt -0.021213 -0.232129
vt 0.021213 -0.232129
vt 0.000000 0.000000
vt 0.340000 0.000000
vt 0.340000 0.130000
vt 0.300000 0.170000
vt 0.000000 0.170000
vt -0.499057 -2.782201
vt -0.534114 -2.721480
vt -0.600000 -2.697500
vt -0.665886 -2.721480
vt -0.700943 -2.782201
vt -0.688768 -2.851250
vt -0.635057 -2.896318
vt -0.564943 -2.896318
vt -0.511232 -2.851250
vt 0.000000 0.167552
vt -0.280000 0.167552
vt -0.280000 0.000000
vt 0.000000 0.000000
vt 0.060472 -0.055851
vt 0.230472 -0.055851
vt 0.230472 0.000000
vt 0.060472 0.000000
vt 0.924668 -0.250455
vt 0.107168 -0.250455
vt -0.280000 -0.090757
vt -0.700000 -0.090757
vt -0.022981 0.373064
vt -0.022981 0.290161
vt 0.022981 0.290161
vt 0.022981 0.373064
vt -0.022981 0.373064
vt -0.022981 0.290161
vt 0.022981 0.290161
vt 0.022981 0.373064
vt 0.132168 0.143117
vt 0.399668 0.143117
vt -0.022981 -0.124355
vt 0.022981 -0.124355
vt -0.021213 -1.197296
vt 0.021213 -1.197296
vt 0.940000 -0.800000
vt 0.940000 -2.100000
vt 1.425000 -2.100000
vt 1.425000 -0.800000
vt -0.021213 -0.066323
vt 0.021213 -0.066323
vt 0.631218 0.611572
vt 0.586391 0.642959
vt 0.531876 0.638190
vt 0.493181 0.599495
vt 0.488411 0.544980
vt 0.519799 0.500153
vt 0.572658 0.485990
vt 0.622254 0.509117
vt 0.645381 0.558713
vt 0.230472 0.223402
vt 0.060472 0.223402
vt 0.060472 0.167552
vt 0.230472 0.167552
vt -0.021213 0.033161
vt -0.021213 -0.033161
vt 0.021213 -0.033161
vt 0.021213 0.033161
vt -0.022981 -0.165806
vt 0.022981 -0.165806
vt 0.022981 -0.082903
vt -0.022981 -0.082903
vt 0.230472 0.139626
vt 0.230472 0.195477
vt 0.060472 0.195477
vt 0.060472 0.139626
vt 0.230472 -0.027925
vt 0.230472 0.027925
vt 0.060472 0.027925
vt 0.060472 -0.027925
vt -0.021213 0.232129
vt -0.021213 0.165806
vt 0.021213 0.165806
vt 0.021213 0.232129
vt -0.021213 -0.099484
vt -0.021213 -0.165806
vt 0.021213 -0.165806
vt 0.021213 -0.099484
vt -0.022981 -0.124355
vt -0.022981 -0.207258
vt 0.022981 -0.207258
vt 0.022981 -0.124355
vt -0.021213 -0.198968
vt 0.021213 -0.198968
vt 0.021213 -0.132645
vt -0.021213 -0.132645
vt -0.022981 -0.124355
vt -0.022981 -0.207258
vt 0.022981 -0.207258
vt 0.022981 -0.124355
vt 0.141421 -1.660000
vt 0.141421 1.660000
vt -0.141421 1.660000
vt -0.141421 -1.660000
vt -0.280000 0.335103
vt 0.000000 0.335103
vt 0.714668 -0.178896
vt 0.714668 -0.107338
vt 0.097168 -0.107338
vt 0.097168 -0.178896
vt -0.022981 0.124355
vt 0.022981 0.124355
vt 0.230472 0.195477
vt 0.230472 0.251327
vt 0.060472 0.251327
vt 0.060472 0.195477
vt -0.280000 0.502655
vt 0.000000 0.502655
vt -0.022981 0.373064
vt -0.022981 0.290161
vt 0.022981 0.290161
vt 0.022981 0.373064
vt 0.230472 0.195477
vt 0.230472 0.251327
vt 0.060472 0.251327
vt 0.060472 0.195477
vt -0.000000 -0.078540
vt -0.235000 -0.078540
vt -0.014142 1.684243
vt -0.014142 1.010546
vt 0.014142 1.010546
vt 0.014142 1.684243
vt -0.280000 -0.335103
vt -0.000000 -0.335103
vt -0.000000 -0.167552
vt -0.280000 -0.167552
vt -0.280000 -0.670206
vt 0.000000 -0.670206
vt 0.000000 -0.502655
vt -0.280000 -0.502655
vt -0.022981 -0.331613
vt 0.022981 -0.331613
vt -0.021213 0.099484
vt 0.021213 0.099484
vt -0.280000 0.090757
vt -0.900000 0.090757
vt -0.900000 0.000000
vt -0.280000 0.000000
vt 0.230472 -0.139626
vt 0.230472 -0.083776
vt 0.060472 -0.083776
vt 0.060472 -0.139626
vt 0.347168 0.286234
vt 0.079668 0.286234
vt 0.079668 0.214675
vt 0.347168 0.214675
vt 0.230472 -0.139626
vt 0.230472 -0.083776
vt 0.060472 -0.083776
vt 0.060472 -0.139626
vt -0.079668 0.071558
vt -0.347168 0.071558
vt -0.347168 -0.000000
vt -0.079668 -0.000000
vt -0.022981 0.373064
vt -0.022981 0.290161
vt 0.022981 0.290161
vt 0.022981 0.373064
vt 0.714668 0.322013
vt 0.097168 0.322013
vt -0.021213 0.232129
vt -0.021213 0.165806
vt 0.021213 0.165806
vt 0.021213 0.232129
vt 0.230472 0.167552
vt 0.060472 0.167552
vt 0.060472 0.111701
vt 0.230472 0.111701
vt -0.280000 0.502655
vt 0.000000 0.502655
vt 0.000000 0.670206
vt -0.280000 0.670206
vt -0.900000 -0.363028
vt -0.280000 -0.363028
vt -0.280000 -0.272271
vt -0.900000 -0.272271
vt -0.021213 -0.132645
vt 0.021213 -0.132645
vt 0.924668 -0.107338
vt 0.107168 -0.107338
vt -0.022981 0.124355
vt 0.022981 0.124355
vt 0.347168 0.107338
vt 0.347168 0.178896
vt 0.079668 0.178896
vt 0.079668 0.107338
vt -0.022981 -0.207258
vt 0.022981 -0.207258
vt -0.021213 0.099484
vt 0.021213 0.099484
vt 0.924668 0.035779
vt 0.107168 0.035779
vt 0.230472 0.083776
vt 0.060472 0.083776
vt -0.347168 0.286234
vt -0.079668 0.286234
vt -0.079668 0.357792
vt -0.347168 0.357792
vt -0.347168 0.286234
vt -0.079668 0.286234
vt -0.079668 0.357792
vt -0.347168 0.357792
vt 0.347168 0.178896
vt 0.347168 0.250455
vt 0.079668 0.250455
vt 0.079668 0.178896
vt 0.714668 -0.035779
vt 0.714668 0.035779
vt 0.097168 0.035779
vt 0.097168 -0.035779
vt -0.021213 0.298451
vt -0.021213 0.232129
vt 0.021213 0.232129
vt 0.021213 0.298451
vt -0.021213 0.298451
vt 0.021213 0.298451
vt -0.021213 0.099484
vt 0.021213 0.099484
vt 0.230472 0.195477
vt 0.230472 0.251327
vt 0.060472 0.251327
vt 0.060472 0.195477
vt -0.347168 -0.143117
vt -0.079668 -0.143117
vt -0.079668 -0.071558
vt -0.347168 -0.071558
vt -0.021213 -0.099484
vt -0.021213 -0.165806
vt 0.021213 -0.165806
vt 0.021213 -0.099484
vt -0.021213 -0.298451
vt 0.021213 -0.298451
vt -0.021213 -0.165806
vt 0.021213 -0.165806
vt -0.021213 -0.033161
vt 0.021213 -0.033161
vt 0.645381 0.558713
vt 0.631218 0.611572
vt 0.586391 0.642959
vt 0.531876 0.638190
vt 0.493181 0.599495
vt 0.488411 0.544980
vt 0.519799 0.500153
vt 0.572658 0.485990
vt 0.622254 0.509117
vt -0.280000 0.502655
vt 0.000000 0.502655
vt 0.000000 0.670206
vt -0.280000 0.670206
vt -0.021213 0.165806
vt 0.021213 0.165806
vt -0.021213 -0.099484
vt -0.021213 -0.165806
vt 0.021213 -0.165806
vt 0.021213 -0.099484
vt -0.022981 0.207258
vt -0.022981 0.124355
vt 0.022981 0.124355
vt 0.022981 0.207258
vt -0.021213 0.165806
vt -0.021213 0.099484
vt 0.021213 0.099484
vt 0.021213 0.165806
vt 0.021213 -0.066323
vt -0.021213 -0.066323
vt 0.347168 0.035779
vt 0.079668 0.035779
vt 0.230472 -0.139626
vt 0.060472 -0.139626
vt -0.700000 -0.363028
vt -0.280000 -0.363028
vt 0.347168 0.178896
vt 0.079668 0.178896
vt -0.022981 0.207258
vt 0.022981 0.207258
vt 0.230472 0.055851
vt 0.060472 0.055851
vt 0.060472 0.000000
vt 0.230472 0.000000
vt -0.280000 0.502655
vt 0.000000 0.502655
vt 0.000000 0.670206
vt -0.280000 0.670206
vt -0.700000 -0.272271
vt -0.280000 -0.272271
vt -0.021213 0.298451
vt -0.021213 0.232129
vt 0.021213 0.232129
vt 0.021213 0.298451
vt 0.230472 -0.139626
vt 0.230472 -0.083776
vt 0.060472 -0.083776
vt 0.060472 -0.139626
vt 0.230472 -0.251327
vt 0.230472 -0.195477
vt 0.060472 -0.195477
vt 0.060472 -0.251327
vt -0.021213 -0.099484
vt 0.021213 -0.099484
vt -0.021213 1.197296
vt -0.021213 0.855211
vt 0.021213 0.855211
vt 0.021213 1.197296
vt 0.347168 0.143117
vt 0.079668 0.143117
vt 0.079668 0.071558
vt 0.347168 0.071558
vt -0.021213 -0.165806
vt -0.021213 -0.232129
vt 0.021213 -0.232129
vt 0.021213 -0.165806
vt 0.924668 0.322013
vt 0.107168 0.322013
vt -0.347168 0.143117
vt -0.079668 0.143117
vt 0.230472 0.083776
vt 0.230472 0.139626
vt 0.060472 0.139626
vt 0.060472 0.083776
vt -0.280000 0.670206
vt 0.000000 0.670206
vt 0.000000 0.837758
vt -0.280000 0.837758
vt 0.940000 -1.880000
vt 0.610000 -1.550000
vt -0.610000 -1.550000
vt -0.940000 -1.880000
vt -0.435000 -1.701696
vt -0.435000 -2.382374
vt -0.255000 -2.382374
vt -0.255000 -1.701696
vt -0.505000 -0.000000
vt -0.386852 0.324608
vt -0.305000 0.528275
vt -0.573212 0.208632
vt -0.573212 -0.208632
vt -0.305000 -0.528275
vt 0.105925 -0.600733
vt 0.467287 -0.392100
vt 0.610000 0.000000
vt 0.467287 0.392100
vt 0.105925 0.600733
vt -0.087692 0.497328
vt 0.252500 0.437343
vt 0.474545 0.172720
vt 0.474545 -0.172720
vt 0.252500 -0.437343
vt -0.087692 -0.497328
vt -0.386852 -0.324608
vt 0.230472 -0.139626
vt 0.230472 -0.083776
vt 0.060472 -0.083776
vt 0.060472 -0.139626
vt 0.347168 -0.250455
vt 0.079668 -0.250455
vt 0.924668 -0.322013
vt 0.924668 -0.250455
vt 0.107168 -0.250455
vt 0.107168 -0.322013
vt -0.350000 0.945000
vt -0.860000 0.800000
vt -0.916149 0.645731
vt -1.058324 0.563646
vt -0.565000 -0.800000
vt -0.565000 -0.794607
vt -0.903994 -0.365267
vt -0.958418 0.179055
vt -0.711139 0.667013
vt -0.240000 0.945000
vt -0.010607 -0.417570
vt 0.010607 -0.417570
vt 0.010607 -0.265726
vt -0.010607 -0.265726
vt 0.714668 0.178896
vt 0.097168 0.178896
vt 0.347168 -0.250455
vt 0.347168 -0.178896
vt 0.079668 -0.178896
vt 0.079668 -0.250455
vt 0.230472 -0.195477
vt 0.230472 -0.139626
vt 0.060472 -0.139626
vt 0.060472 -0.195477
vt 0.230472 -0.083776
vt 0.230472 -0.027925
vt 0.060472 -0.027925
vt 0.060472 -0.083776
vt 0.903994 -0.365267
vt 0.565000 -0.794607
vt 0.565000 -0.800000
vt 1.385000 -0.800000
vt 1.385000 0.908431
vt 1.208431 1.085000
vt 0.980000 1.007846
vt 1.141676 1.036354
vt 1.283851 0.954269
vt 1.340000 0.800000
vt 1.283851 0.645731
vt 1.141676 0.563646
vt 0.958418 0.179055
vt -0.021213 -0.298451
vt 0.021213 -0.298451
vt -0.021213 -0.232129
vt -0.021213 -0.298451
vt 0.021213 -0.298451
vt 0.021213 -0.232129
vt 0.230472 0.195477
vt 0.060472 0.195477
vt -0.900000 -0.272271
vt -0.280000 -0.272271
vt -0.022981 -0.082903
vt 0.022981 -0.082903
vt 0.230472 -0.027925
vt 0.230472 0.027925
vt 0.060472 0.027925
vt 0.060472 -0.027925
vt 0.000000 0.167552
vt -0.280000 0.167552
vt -0.280000 0.000000
vt 0.000000 0.000000
vt -0.079668 0.214675
vt -0.347168 0.214675
vt -0.900000 -0.090757
vt -0.280000 -0.090757
vt -0.280000 0.000000
vt -0.900000 0.000000
vt 0.230472 -0.083776
vt 0.230472 -0.027925
vt 0.060472 -0.027925
vt 0.060472 -0.083776
vt 0.230472 0.139626
vt 0.060472 0.139626
vt 0.347168 -0.035779
vt 0.347168 0.035779
vt 0.079668 0.035779
vt 0.079668 -0.035779
vt -0.022981 0.041452
vt 0.022981 0.041452
vt -1.000414 0.883562
vt -0.970000 0.800000
vt -0.860000 0.800000
vt -0.916149 0.954269
vt -1.077426 0.928025
vt -1.058324 0.563646
vt -0.916149 0.645731
vt -1.000414 0.716438
vt -1.077426 0.671975
vt -1.165000 0.687417
vt -1.222160 0.755537
vt -1.222160 0.844463
vt -1.165000 0.912583
vt -1.058324 1.036354
vt -1.220000 1.007846
vt -1.325526 0.882085
vt -1.325526 0.717915
vt -1.220000 0.592154
vt -0.022981 0.373064
vt 0.022981 0.373064
vt -0.022981 -0.165806
vt 0.022981 -0.165806
vt 0.022981 -0.082903
vt -0.022981 -0.082903
vt -0.021213 0.033161
vt -0.021213 -0.033161
vt 0.021213 -0.033161
vt 0.021213 0.033161
vt -0.021213 0.165806
vt 0.021213 0.165806
vt 0.230472 0.195477
vt 0.060472 0.195477
vt 1.199586 -3.283562
vt 1.122574 -3.328025
vt 0.980000 -3.407846
vt 1.141676 -3.436354
vt 1.283851 -3.354269
vt 1.340000 -3.200000
vt 1.283851 -3.045731
vt 1.141676 -2.963646
vt 0.980000 -2.992154
vt 1.122574 -3.071975
vt 1.199586 -3.116438
vt 1.230000 -3.200000
vt 0.230472 -0.083776
vt 0.230472 -0.027925
vt 0.060472 -0.027925
vt 0.060472 -0.083776
vt 0.874474 -3.117915
vt 0.874474 -3.282085
vt 1.035000 -3.312583
vt 0.977840 -3.244463
vt 0.977840 -3.155537
vt 1.035000 -3.087417
vt -0.280000 -0.502655
vt 0.000000 -0.502655
vt 0.000000 -0.335103
vt -0.280000 -0.335103
vt -0.235000 -0.139626
vt -0.235000 -0.418879
vt -0.065000 -0.418879
vt -0.065000 -0.139626
vt 0.347168 -0.250455
vt 0.347168 -0.178896
vt 0.079668 -0.178896
vt 0.079668 -0.250455
vt 0.347168 -0.178896
vt 0.079668 -0.178896
vt -0.021213 0.232129
vt 0.021213 0.232129
vt 0.924668 -0.178896
vt 0.107168 -0.178896
vt 0.347168 -0.250455
vt 0.347168 -0.178896
vt 0.079668 -0.178896
vt 0.079668 -0.250455
vt -0.000000 -0.235619
vt -0.000000 -0.078540
vt -0.235000 -0.078540
vt -0.235000 -0.235619
vt 0.141421 -1.660000
vt 0.141421 1.660000
vt -0.141421 1.660000
vt -0.141421 -1.660000
vt -0.700000 -0.181514
vt -0.280000 -0.181514
vt -0.280000 -0.090757
vt -0.700000 -0.090757
vt 0.924668 0.250455
vt 0.924668 0.322013
vt 0.107168 0.322013
vt 0.107168 0.250455
vt 0.399668 -0.286234
vt 0.132168 -0.286234
vt 0.132168 -0.357792
vt 0.399668 -0.357792
vt 0.230472 -0.251327
vt 0.060472 -0.251327
vt 0.714668 0.250455
vt 0.097168 0.250455
vt 0.230472 0.251327
vt 0.060472 0.251327
vt 0.000000 0.167552
vt -0.280000 0.167552
vt -0.280000 0.000000
vt 0.000000 0.000000
vt -0.022981 0.082903
vt 0.022981 0.082903
vt 0.022981 0.165806
vt -0.022981 0.165806
vt 0.230472 0.223402
vt 0.060472 0.223402
vt 0.060472 0.167552
vt 0.230472 0.167552
vt -0.235000 1.256637
vt -0.235000 0.977384
vt -0.065000 0.977384
vt -0.065000 1.256637
vt -0.280000 -0.670206
vt 0.000000 -0.670206
vt 0.000000 -0.502655
vt -0.280000 -0.502655
vt -0.021213 -0.855211
vt 0.021213 -0.855211
vt 0.010607 0.493492
vt -0.010607 0.493492
vt -0.010607 0.341648
vt 0.010607 0.341648
vt 0.347168 -0.214675
vt 0.079668 -0.214675
vt 0.079668 -0.286234
vt 0.347168 -0.286234
vt -0.021213 -0.232129
vt 0.021213 -0.232129
vt -0.010607 -0.113883
vt 0.010607 -0.113883
vt 0.010607 0.037961
vt -0.010607 0.037961
vt 0.230472 0.083776
vt 0.230472 0.139626
vt 0.060472 0.139626
vt 0.060472 0.083776
vt 0.230472 -0.195477
vt 0.060472 -0.195477
vt 0.023443 -0.132949
vt 0.099586 -0.083562
vt 0.022574 -0.128025
vt -0.065000 -0.112583
vt -0.122160 -0.044463
vt -0.122160 0.044463
vt -0.065000 0.112583
vt 0.022574 0.128025
vt 0.099586 0.083562
vt 0.103416 0.086776
vt 0.023443 0.132949
vt -0.067500 0.116913
vt -0.126859 0.046173
vt -0.126859 -0.046173
vt -0.067500 -0.116913
vt -0.280000 0.453786
vt -0.700000 0.453786
vt -0.022981 -0.207258
vt 0.022981 -0.207258
vt -0.021213 -0.232129
vt -0.021213 -0.298451
vt 0.021213 -0.298451
vt 0.021213 -0.232129
vt -0.021213 -0.033161
vt -0.021213 -0.099484
vt 0.021213 -0.099484
vt 0.021213 -0.033161
vt 0.230472 -0.251327
vt 0.230472 -0.195477
vt 0.060472 -0.195477
vt 0.060472 -0.251327
vt 0.924668 -0.107338
vt 0.924668 -0.035779
vt 0.107168 -0.035779
vt 0.107168 -0.107338
vt 0.000000 0.670206
vt -0.280000 0.670206
vt -0.022981 -0.124355
vt -0.022981 -0.207258
vt 0.022981 -0.207258
vt 0.022981 -0.124355
vt -0.347168 -0.286234
vt -0.079668 -0.286234
vt 0.924668 -0.178896
vt 0.924668 -0.107338
vt 0.107168 -0.107338
vt 0.107168 -0.178896
vt 0.924668 -0.035779
vt 0.924668 0.035779
vt 0.107168 0.035779
vt 0.107168 -0.035779
vt 0.680000 0.000000
vt 0.680000 0.170000
vt 0.000000 0.170000
vt 0.000000 0.000000
vt 0.347168 -0.035779
vt 0.347168 0.035779
vt 0.079668 0.035779
vt 0.079668 -0.035779
vt -0.021213 0.033161
vt 0.021213 0.033161
vt 0.055645 -0.125227
vt -0.063935 -0.125227
vt 0.055645 -0.161007
vt 0.055645 -0.053669
vt -0.063935 -0.053669
vt 0.055645 -0.089448
vt 0.055645 0.017890
vt -0.063935 0.017890
vt 0.055645 -0.017890
vt 0.055645 0.089448
vt -0.063935 0.089448
vt 0.055645 0.053669
vt 0.055645 0.161007
vt -0.063935 0.161007
vt 0.055645 0.125227
vt -0.063935 0.053669
vt -0.063935 0.125227
vt -0.063935 -0.017890
vt -0.063935 -0.089448
vt -0.435000 -2.382374
vt -0.435000 -3.063053
vt -0.255000 -3.063053
vt -0.255000 -2.382374
vt 0.924668 -0.178896
vt 0.107168 -0.178896
vt -0.900000 -0.272271
vt -0.280000 -0.272271
vt -0.280000 -0.181514
vt -0.900000 -0.181514
vt -0.022981 -0.124355
vt 0.022981 -0.124355
vt -0.900000 -0.363028
vt -0.280000 -0.363028
vt 0.028284 -0.141421
vt 0.028284 0.141421
vt -0.028284 0.124853
vt -0.028284 -0.124853
vt -0.021213 -0.298451
vt 0.021213 -0.298451
vt 0.060472 -0.111701
vt 0.230472 -0.111701
vt 0.023443 0.132949
vt -0.067500 0.116913
vt -0.126859 0.046173
vt -0.122160 0.044463
vt -0.065000 0.112583
vt 0.022574 0.128025
vt 0.099586 0.083562
vt 0.130000 0.000000
vt 0.099586 -0.083562
vt 0.022574 -0.128025
vt 0.023443 -0.132949
vt 0.103416 -0.086776
vt 0.135000 0.000000
vt 0.103416 0.086776
vt 0.230472 0.027925
vt 0.060472 0.027925
vt -0.022981 0.041452
vt 0.022981 0.041452
vt 1.141676 -3.436354
vt 0.924668 0.178896
vt 0.107168 0.178896
vt -0.022981 -0.207258
vt -0.022981 -0.290161
vt 0.022981 -0.290161
vt 0.022981 -0.207258
vt -0.021213 0.171042
vt 0.021213 0.171042
vt 0.347168 0.178896
vt 0.347168 0.250455
vt 0.079668 0.250455
vt 0.079668 0.178896
vt 0.347168 -0.322013
vt 0.347168 -0.250455
vt 0.079668 -0.250455
vt 0.079668 -0.322013
vt 0.021213 0.265290
vt -0.021213 0.265290
vt -0.700000 -0.272271
vt -0.280000 -0.272271
vt 0.347168 -0.071558
vt 0.079668 -0.071558
vt 0.079668 -0.143117
vt 0.347168 -0.143117
vt -0.347168 0.178896
vt -0.347168 0.107338
vt -0.079668 0.107338
vt -0.079668 0.178896
vt -0.700000 0.272271
vt -0.280000 0.272271
vt -0.280000 0.363028
vt -0.700000 0.363028
vt 0.347168 0.035779
vt 0.079668 0.035779
vt 0.055645 -0.125227
vt -0.063935 -0.125227
vt 0.055645 -0.161007
vt 0.055645 -0.053669
vt -0.063935 -0.053669
vt 0.055645 -0.089448
vt 0.055645 0.017890
vt -0.063935 0.017890
vt 0.055645 -0.017890
vt 0.055645 0.089448
vt -0.063935 0.089448
vt 0.055645 0.053669
vt 0.055645 0.161007
vt -0.063935 0.161007
vt 0.055645 0.125227
vt -0.063935 0.053669
vt -0.063935 0.125227
vt -0.063935 -0.017890
vt -0.063935 -0.089448
vt 0.230472 -0.083776
vt 0.230472 -0.027925
vt 0.060472 -0.027925
vt 0.060472 -0.083776
vt -0.900000 -0.272271
vt -0.280000 -0.272271
vt -0.280000 -0.181514
vt -0.900000 -0.181514
vt 0.160000 -0.851721
vt 0.210000 -0.851721
vt -0.347168 0.214675
vt -0.079668 0.214675
vt -0.900000 0.181514
vt -0.280000 0.181514
vt -0.280000 0.272271
vt -0.900000 0.272271
vt 0.714668 -0.322013
vt 0.714668 -0.250455
vt 0.097168 -0.250455
vt 0.097168 -0.322013
vt 1.765000 0.040000
vt 1.765000 0.340000
vt 1.085000 0.340000
vt 1.085000 0.040000
vt -0.021213 0.033161
vt -0.021213 -0.033161
vt 0.021213 -0.033161
vt 0.021213 0.033161
vt 0.688768 -0.348750
vt 0.635057 -0.303682
vt 0.564943 -0.303682
vt 0.511232 -0.348750
vt 0.499057 -0.417799
vt 0.534114 -0.478520
vt 0.600000 -0.502500
vt 0.665886 -0.478520
vt 0.700943 -0.417799
vt -0.022981 -0.290161
vt -0.022981 -0.373064
vt 0.022981 -0.373064
vt 0.022981 -0.290161
vt -0.122160 -0.044463
vt -0.122160 0.044463
vt -0.065000 0.112583
vt 0.022574 0.128025
vt 0.023443 0.132949
vt -0.067500 0.116913
vt -0.126859 0.046173
vt -0.126859 -0.046173
vt -0.067500 -0.116913
vt 0.023443 -0.132949
vt 0.022574 -0.128025
vt -0.065000 -0.112583
vt -0.280000 0.670206
vt 0.000000 0.670206
vt 0.000000 0.837758
vt -0.280000 0.837758
vt -0.021213 -0.000000
vt 0.021213 0.000000
vt -0.180000 -0.350000
vt -0.000000 -0.350000
vt -0.000000 -0.040000
vt -0.040000 0.000000
vt -0.180000 0.000000
vt -0.022981 -0.041452
vt -0.022981 -0.124355
vt 0.022981 -0.124355
vt 0.022981 -0.041452
vt -0.021213 -0.033161
vt -0.021213 -0.099484
vt 0.021213 -0.099484
vt 0.021213 -0.033161
vt -0.022981 0.082903
vt 0.022981 0.082903
vt 0.022981 0.165806
vt -0.022981 0.165806
vt 0.230472 0.139626
vt 0.230472 0.195477
vt 0.060472 0.195477
vt 0.060472 0.139626
vt -0.022981 -0.248709
vt 0.022981 -0.248709
vt 0.022981 -0.165806
vt -0.022981 -0.165806
vt -0.347168 -0.143117
vt -0.079668 -0.143117
vt -0.021213 0.232129
vt -0.021213 0.165806
vt 0.021213 0.165806
vt 0.021213 0.232129
vt 0.347168 0.035779
vt 0.079668 0.035779
vt -0.079668 0.357792
vt -0.347168 0.357792
vt -0.347168 -0.071558
vt -0.079668 -0.071558
vt 0.132168 -0.214675
vt 0.399668 -0.214675
vt 0.230472 -0.251327
vt 0.060472 -0.251327
vt 0.028284 -0.612500
vt 0.028284 0.612500
vt -0.028284 0.595931
vt -0.028284 -0.612500
vt 0.055645 -0.125227
vt -0.063935 -0.125227
vt 0.055645 -0.161007
vt 0.055645 -0.053669
vt -0.063935 -0.053669
vt 0.055645 -0.089448
vt 0.055645 0.017890
vt -0.063935 0.017890
vt 0.055645 -0.017890
vt 0.055645 0.089448
vt -0.063935 0.089448
vt 0.055645 0.053669
vt 0.055645 0.161007
vt -0.063935 0.161007
vt 0.055645 0.125227
vt -0.063935 0.053669
vt -0.063935 0.125227
vt -0.063935 -0.017890
vt -0.063935 -0.089448
vt 0.714668 0.107338
vt 0.097168 0.107338
vt -0.235000 0.139626
vt -0.065000 0.139626
vt -0.347168 -0.214675
vt -0.079668 -0.214675
vt -0.079668 -0.143117
vt -0.347168 -0.143117
vt 0.230472 0.195477
vt 0.230472 0.251327
vt 0.060472 0.251327
vt 0.060472 0.195477
vt -0.021213 -0.033161
vt 0.021213 -0.033161
vt 0.714668 -0.178896
vt 0.097168 -0.178896
vt -0.021213 0.165806
vt -0.021213 0.099484
vt 0.021213 0.099484
vt 0.021213 0.165806
vt -0.010607 0.189805
vt 0.010607 0.189805
vt -0.022981 0.041452
vt -0.022981 -0.041452
vt 0.022981 -0.041452
vt 0.022981 0.041452
vt 0.347168 -0.322013
vt 0.079668 -0.322013
vt 0.399668 -0.214675
vt 0.132168 -0.214675
vt 0.132168 -0.286234
vt 0.399668 -0.286234
vt 0.230472 -0.139626
vt 0.060472 -0.139626
vt -0.022981 0.207258
vt -0.022981 0.124355
vt 0.022981 0.124355
vt 0.022981 0.207258
vt -0.022981 -0.124355
vt 0.022981 -0.124355
vt -0.235000 -0.698132
vt -0.065000 -0.698132
vt 0.000000 0.837758
vt -0.280000 0.837758
vt 0.230472 -0.027925
vt 0.060472 -0.027925
vt -0.022981 0.373064
vt -0.022981 0.290161
vt 0.022981 0.290161
vt 0.022981 0.373064
vt 0.055645 -0.125227
vt -0.063935 -0.125227
vt 0.055645 -0.161007
vt 0.055645 -0.053669
vt -0.063935 -0.053669
vt 0.055645 -0.089448
vt 0.055645 0.017890
vt -0.063935 0.017890
vt 0.055645 -0.017890
vt 0.055645 0.089448
vt -0.063935 0.089448
vt 0.055645 0.053669
vt 0.055645 0.161007
vt -0.063935 0.161007
vt 0.055645 0.125227
vt -0.063935 0.053669
vt -0.063935 0.125227
vt -0.063935 -0.017890
vt -0.063935 -0.089448
vt 0.230472 -0.251327
vt 0.060472 -0.251327
vt -0.320000 3.095000
vt -0.320000 2.650000
vt 0.530000 2.650000
vt 0.530000 3.135000
vt -0.280000 3.135000
vt 0.530000 0.285000
vt 0.530000 0.770000
vt -0.320000 0.770000
vt -0.320000 0.325000
vt -0.280000 0.285000
vt -0.700000 -0.272271
vt -0.280000 -0.272271
vt 3.101557 0.967051
vt 3.021584 1.013224
vt 2.990000 1.100000
vt 3.021584 1.186776
vt 2.725000 0.850000
vt 2.725000 0.040000
vt 4.450000 0.040000
vt 4.450000 3.360000
vt 0.200000 3.360000
vt 0.200000 0.040000
vt 1.425000 0.040000
vt 1.425000 0.850000
vt 0.828416 1.013224
vt 0.748443 0.967051
vt 0.657500 0.983087
vt 0.598141 1.053827
vt 0.598141 1.146173
vt 0.657500 1.216913
vt 0.748443 1.232949
vt 0.828416 1.186776
vt 0.828416 2.213224
vt 0.748443 2.167051
vt 0.657500 2.183087
vt 0.598141 2.253827
vt 0.598141 2.346173
vt 0.657500 2.416913
vt 0.748443 2.432949
vt 0.828416 2.386776
vt 2.998141 2.346173
vt 3.057500 2.416913
vt 3.148443 2.432949
vt 3.228416 2.386776
vt 3.260000 2.300000
vt 3.228416 2.213224
vt 3.148443 2.167051
vt 3.057500 2.183087
vt 3.101557 1.232949
vt 3.192500 1.216913
vt 3.251859 1.146173
vt 3.251859 1.053827
vt 3.192500 0.983087
vt -0.000000 -0.100000
vt -0.000000 0.000000
vt -0.005393 0.000000
vt -0.005393 -0.100000
vt -0.000000 -0.850000
vt -0.000000 0.000000
vt -0.220000 0.000000
vt -0.220000 -0.360000
vt -1.300000 -0.360000
vt -1.300000 -0.850000
vt -0.022981 0.082903
vt 0.022981 0.082903
vt 0.230472 0.083776
vt 0.060472 0.083776
vt -0.700000 0.181514
vt -0.280000 0.181514
vt 0.714668 0.107338
vt 0.097168 0.107338
vt 0.714668 0.035779
vt 0.714668 0.107338
vt 0.097168 0.107338
vt 0.097168 0.035779
vt 0.860000 2.300000
vt 0.860000 1.100000
vt 2.998141 2.253827
vt 0.347168 -0.035779
vt 0.079668 -0.035779
vt 0.230472 0.251327
vt 0.060472 0.251327
vt -0.021213 -0.033161
vt 0.021213 -0.033161
vt 0.230472 0.027925
vt 0.060472 0.027925
vt -0.700000 -0.181514
vt -0.280000 -0.181514
vt -0.280000 -0.090757
vt -0.700000 -0.090757
vt -0.700000 -0.090757
vt -0.280000 -0.090757
vt -0.280000 0.000000
vt -0.700000 0.000000
vt -0.021213 -0.165806
vt -0.021213 -0.232129
vt 0.021213 -0.232129
vt 0.021213 -0.165806
vt -0.280000 0.502655
vt 0.000000 0.502655
vt -0.280000 -0.670206
vt 0.000000 -0.670206
vt -0.028284 1.208431
vt -0.028284 -1.208431
vt 0.028284 -1.225000
vt 0.028284 1.225000
vt 0.511232 -0.348750
vt 0.499057 -0.417799
vt 0.534114 -0.478520
vt 0.600000 -0.502500
vt 0.665886 -0.478520
vt 0.700943 -0.417799
vt 0.688768 -0.348750
vt 0.635057 -0.303682
vt 0.564943 -0.303682
vt -0.022981 -0.290161
vt -0.022981 -0.373064
vt 0.022981 -0.373064
vt 0.022981 -0.290161
vt -0.688768 -0.451250
vt -0.635057 -0.496318
vt -0.564943 -0.496318
vt -0.511232 -0.451250
vt -0.499057 -0.382201
vt -0.534114 -0.321480
vt -0.600000 -0.297500
vt -0.665886 -0.321480
vt -0.700943 -0.382201
vt 0.511232 -2.851250
vt 0.564943 -2.896318
vt 0.635057 -2.896318
vt 0.688768 -2.851250
vt 0.700943 -2.782201
vt 0.665886 -2.721480
vt 0.600000 -2.697500
vt 0.534114 -2.721480
vt 0.499057 -2.782201
vt -0.028284 0.124853
vt -0.028284 -0.124853
vt 0.028284 -0.141421
vt 0.028284 0.141421
vt -0.688768 -2.851250
vt -0.635057 -2.896318
vt -0.564943 -2.896318
vt -0.511232 -2.851250
vt -0.499057 -2.782201
vt -0.534114 -2.721480
vt -0.600000 -2.697500
vt -0.665886 -2.721480
vt -0.700943 -2.782201
vt 0.000000 -0.335103
vt -0.280000 -0.335103
vt -0.280000 0.090757
vt -0.700000 0.090757
vt -0.700000 0.000000
vt -0.280000 0.000000
vt 0.347168 0.178896
vt 0.079668 0.178896
vt 0.021213 0.066323
vt -0.021213 0.066323
vt -0.021213 -0.000000
vt 0.021213 0.000000
vt -0.347168 0.250455
vt -0.347168 0.178896
vt -0.079668 0.178896
vt -0.079668 0.250455
vt -0.022981 -0.290161
vt 0.022981 -0.290161
vt 0.079668 -0.214675
vt 0.347168 -0.214675
vt -0.010607 -0.569414
vt 0.010607 -0.569414
vt 0.010607 -0.417570
vt -0.010607 -0.417570
vt 0.347168 0.071558
vt 0.079668 0.071558
vt 0.079668 0.000000
vt 0.347168 0.000000
vt -0.022981 -0.331613
vt 0.022981 -0.331613
vt 0.022981 -0.248709
vt -0.022981 -0.248709
vt -0.021213 0.232129
vt -0.021213 0.165806
vt 0.021213 0.165806
vt 0.021213 0.232129
vt -0.010607 0.341648
vt 0.010607 0.341648
vt -0.022981 -0.124355
vt 0.022981 -0.124355
vt 0.347168 0.286234
vt 0.079668 0.286234
vt 0.079668 0.214675
vt 0.347168 0.214675
vt -0.900000 0.181514
vt -0.280000 0.181514
vt -0.028284 0.520000
vt -0.028284 -0.520000
vt 0.028284 -0.520000
vt 0.028284 0.560000
vt -0.022981 0.207258
vt 0.022981 0.207258
vt -0.000000 -0.235619
vt -0.235000 -0.235619
vt -0.021213 -0.232129
vt -0.021213 -0.298451
vt 0.021213 -0.298451
vt 0.021213 -0.232129
vt -0.021213 0.298451
vt -0.021213 0.232129
vt 0.021213 0.232129
vt 0.021213 0.298451
vt -0.022981 0.041452
vt -0.022981 -0.041452
vt 0.022981 -0.041452
vt 0.022981 0.041452
vt -0.022981 0.248709
vt 0.022981 0.248709
vt -0.021213 -0.099484
vt 0.021213 -0.099484
vt -0.022981 0.207258
vt -0.022981 0.124355
vt 0.022981 0.124355
vt 0.022981 0.207258
vt 0.347168 0.250455
vt 0.347168 0.322013
vt 0.079668 0.322013
vt 0.079668 0.250455
vt -0.700000 0.090757
vt -0.280000 0.090757
vt -0.280000 0.181514
vt -0.700000 0.181514
vt 0.230472 -0.251327
vt 0.230472 -0.195477
vt 0.060472 -0.195477
vt 0.060472 -0.251327
vt -0.280000 -0.335103
vt 0.000000 -0.335103
vt 0.000000 -0.167552
vt -0.280000 -0.167552
vt -0.022981 0.248709
vt 0.022981 0.248709
vt -0.280000 0.335103
vt 0.000000 0.335103
vt 0.000000 0.502655
vt -0.280000 0.502655
vt 0.230472 -0.195477
vt 0.230472 -0.139626
vt 0.060472 -0.139626
vt 0.060472 -0.195477
vt -0.022981 0.207258
vt 0.022981 0.207258
vt -0.022981 0.124355
vt 0.022981 0.124355
vt -0.022981 -0.041452
vt -0.022981 -0.124355
vt 0.022981 -0.124355
vt 0.022981 -0.041452
vt -0.022981 -0.124355
vt 0.022981 -0.124355
vt -0.700000 0.272271
vt -0.280000 0.272271
vt -0.280000 0.363028
vt -0.700000 0.363028
vt 0.350000 -1.125000
vt 0.350000 -0.945000
vt -0.350000 -0.945000
vt -0.350000 -1.125000
vt -0.022981 0.290161
vt -0.022981 0.207258
vt 0.022981 0.207258
vt 0.022981 0.290161
vt 0.230472 -0.083776
vt 0.060472 -0.083776
vt -0.280000 -0.670206
vt 0.000000 -0.670206
vt -0.700000 0.363028
vt -0.280000 0.363028
vt -0.280000 0.453786
vt -0.700000 0.453786
vt -0.022981 0.248709
vt 0.022981 0.248709
vt 0.022981 0.082903
vt -0.022981 0.082903
vt -0.022981 0.000000
vt 0.022981 0.000000
vt -0.021213 -0.298451
vt 0.021213 -0.298451
vt -0.022981 -0.331613
vt 0.022981 -0.331613
vt 0.714668 -0.035779
vt 0.714668 0.035779
vt 0.097168 0.035779
vt 0.097168 -0.035779
vt 0.230472 -0.083776
vt 0.060472 -0.083776
vt -0.065000 0.112583
vt 0.022574 0.128025
vt 0.099586 0.083562
vt 0.103416 0.086776
vt 0.023443 0.132949
vt -0.067500 0.116913
vt -0.122160 0.044463
vt -0.235000 -1.256637
vt -0.065000 -1.256637
vt -0.280000 0.335103
vt 0.000000 0.335103
vt -0.022981 -0.124355
vt 0.022981 -0.124355
vt -0.347168 0.286234
vt -0.079668 0.286234
vt -0.079668 0.357792
vt -0.347168 0.357792
vt 0.240000 0.945000
vt 0.196469 0.955000
vt -0.196469 0.955000
vt -0.240000 0.945000
vt 0.347168 0.322013
vt 0.079668 0.322013
vt -0.021213 0.099484
vt 0.021213 0.099484
vt -0.280000 0.090757
vt -0.700000 0.090757
vt 0.347168 0.035779
vt 0.347168 0.107338
vt 0.079668 0.107338
vt 0.079668 0.035779
vt -0.280000 0.272271
vt -0.900000 0.272271
vt -0.021213 -0.298451
vt 0.021213 -0.298451
vt 0.924668 0.035779
vt 0.107168 0.035779
vt 0.851250 0.688768
vt 0.782201 0.700943
vt 0.721480 0.665886
vt 0.697500 0.600000
vt 0.721480 0.534114
vt 0.782201 0.499057
vt 0.851250 0.511232
vt 0.896318 0.564943
vt 0.896318 0.635057
vt -0.022981 -0.082903
vt 0.022981 -0.082903
vt -0.851250 0.688768
vt -0.896318 0.635057
vt -0.896318 0.564943
vt -0.851250 0.511232
vt -0.782201 0.499057
vt -0.721480 0.534114
vt -0.697500 0.600000
vt -0.721480 0.665886
vt -0.782201 0.700943
vt 0.022981 0.414516
vt -0.022981 0.414516
vt 0.748750 -0.688768
vt 0.817799 -0.700943
vt 0.878520 -0.665886
vt 0.902500 -0.600000
vt 0.878520 -0.534114
vt 0.817799 -0.499057
vt 0.748750 -0.511232
vt 0.703682 -0.564943
vt 0.703682 -0.635057
vt 0.230472 0.027925
vt 0.230472 0.083776
vt 0.060472 0.083776
vt 0.060472 0.027925
vt -0.896318 -0.564943
vt -0.896318 -0.635057
vt -0.851250 -0.688768
vt -0.782201 -0.700943
vt -0.721480 -0.665886
vt -0.697500 -0.600000
vt -0.721480 -0.534114
vt -0.782201 -0.499057
vt -0.851250 -0.511232
vt 0.230472 0.139626
vt 0.060472 0.139626
vt -0.022981 -0.207258
vt -0.022981 -0.290161
vt 0.022981 -0.290161
vt 0.022981 -0.207258
vt 0.347168 -0.071558
vt 0.079668 -0.071558
vt 0.230472 -0.251327
vt 0.230472 -0.195477
vt 0.060472 -0.195477
vt 0.060472 -0.251327
vt -0.900000 -0.090757
vt -0.280000 -0.090757
vt 0.924668 0.178896
vt 0.924668 0.250455
vt 0.107168 0.250455
vt 0.107168 0.178896
vt -0.021213 -0.855211
vt -0.021213 -1.197296
vt 0.021213 -1.197296
vt 0.021213 -0.855211
vt -0.022981 0.248709
vt 0.022981 0.248709
vt -0.280000 0.272271
vt -0.700000 0.272271
vt -0.022981 0.041452
vt 0.022981 0.041452
vt -0.021213 -0.165806
vt 0.021213 -0.165806
vt -0.021213 -0.298451
vt 0.021213 -0.298451
vt -0.021213 0.298451
vt -0.021213 0.232129
vt 0.021213 0.232129
vt 0.021213 0.298451
vt -0.022981 0.124355
vt -0.022981 0.041452
vt 0.022981 0.041452
vt 0.022981 0.124355
vt -0.021213 0.033161
vt -0.021213 -0.033161
vt 0.021213 -0.033161
vt 0.021213 0.033161
vt -0.700000 -0.363028
vt -0.280000 -0.363028
vt -0.280000 -0.335103
vt 0.000000 -0.335103
vt -0.347168 0.071558
vt -0.079668 0.071558
vt -0.021213 -0.033161
vt 0.021213 -0.033161
vt -0.022981 -0.290161
vt -0.022981 -0.373064
vt 0.022981 -0.373064
vt 0.022981 -0.290161
vt -0.022981 -0.041452
vt -0.022981 -0.124355
vt 0.022981 -0.124355
vt 0.022981 -0.041452
vt -0.022981 -0.248709
vt 0.022981 -0.248709
vt 0.347168 0.322013
vt 0.079668 0.322013
vt -0.280000 -0.167552
vt 0.000000 -0.167552
vt 0.000000 0.000000
vt -0.280000 0.000000
vt -0.022981 -0.082903
vt 0.022981 -0.082903
vt 0.347168 0.178896
vt 0.347168 0.250455
vt 0.079668 0.250455
vt 0.079668 0.178896
vt -0.280000 -0.670206
vt 0.000000 -0.670206
vt 0.347168 -0.107338
vt 0.079668 -0.107338
vt 0.230472 -0.083776
vt 0.230472 -0.027925
vt 0.060472 -0.027925
vt 0.060472 -0.083776
vt 0.019101 0.908329
vt 0.084265 0.870707
vt -0.022981 0.124355
vt 0.022981 0.124355
vt -0.022981 -0.331613
vt 0.022981 -0.331613
vt -0.022981 -0.207258
vt -0.022981 -0.290161
vt 0.022981 -0.290161
vt 0.022981 -0.207258
vt -0.022981 -0.041452
vt -0.022981 -0.124355
vt 0.022981 -0.124355
vt 0.022981 -0.041452
vt -0.021213 0.232129
vt 0.021213 0.232129
vt 0.000000 -0.167552
vt -0.280000 -0.167552
vt -0.021213 -0.298451
vt 0.021213 -0.298451
vt 0.924668 -0.035779
vt 0.107168 -0.035779
vt 0.022981 0.082903
vt -0.022981 0.082903
vt -0.022981 -0.000000
vt 0.022981 0.000000
vt 0.347168 -0.107338
vt 0.347168 -0.035779
vt 0.079668 -0.035779
vt 0.079668 -0.107338
vt -0.280000 -0.670206
vt 0.000000 -0.670206
vt 1.141676 -3.436354
vt 1.283851 -3.354269
vt 1.199586 -3.283562
vt 1.122574 -3.328025
vt 1.035000 -3.312583
vt 0.977840 -3.244463
vt 0.977840 -3.155537
vt 1.035000 -3.087417
vt 0.874474 -3.117915
vt 0.874474 -3.282085
vt 0.980000 -3.407846
vt -0.435000 -0.340339
vt -0.255000 -0.340339
vt -0.700000 -0.363028
vt -0.280000 -0.363028
vt -0.280000 -0.272271
vt -0.700000 -0.272271
vt 0.103366 -0.837622
vt 0.660940 -0.689335
vt 0.671937 -0.594156
vt 0.628779 -0.655792
vt 0.556098 -0.675267
vt 0.487904 -0.643467
vt 1.592500 1.216913
vt 1.651859 1.146173
vt 1.651859 1.053827
vt 1.592500 0.983087
vt 1.925000 0.040000
vt 1.925000 0.850000
vt 3.821584 1.013224
vt 3.790000 1.100000
vt 1.592500 2.183087
vt 1.501557 1.232949
vt 0.141421 -1.660000
vt 0.141421 1.660000
vt -0.141421 1.660000
vt -0.141421 -1.660000
vt 0.000000 0.167552
vt -0.280000 0.167552
vt -0.022981 -0.331613
vt 0.022981 -0.331613
vt -0.399668 0.286234
vt -0.132168 0.286234
vt -0.132168 0.357792
vt -0.399668 0.357792
vt 0.230472 -0.251327
vt 0.060472 -0.251327
vt -0.022981 -0.124355
vt -0.022981 -0.207258
vt 0.022981 -0.207258
vt 0.022981 -0.124355
vt -0.022981 -0.041452
vt -0.022981 -0.124355
vt 0.022981 -0.124355
vt 0.022981 -0.041452
vt -0.022981 -0.041452
vt -0.022981 -0.124355
vt 0.022981 -0.124355
vt 0.022981 -0.041452
vt -0.021213 0.165806
vt 0.021213 0.165806
vt 0.230472 -0.251327
vt 0.230472 -0.195477
vt 0.060472 -0.195477
vt 0.060472 -0.251327
vt 0.347168 0.107338
vt 0.079668 0.107338
vt -0.347168 -0.107338
vt -0.079668 -0.107338
vt -0.021213 0.033161
vt 0.021213 0.033161
vt -0.028284 1.208431
vt -0.028284 -1.208431
vt 0.028284 -1.225000
vt 0.028284 1.225000
vt -0.021213 -0.232129
vt -0.021213 -0.298451
vt 0.021213 -0.298451
vt 0.021213 -0.232129
vt -0.280000 0.181514
vt -0.900000 0.181514
vt 0.347168 -0.035779
vt 0.079668 -0.035779
vt 0.511232 -2.748750
vt 0.499057 -2.817799
vt 0.534114 -2.878520
vt 0.600000 -2.902500
vt 0.665886 -2.878520
vt 0.700943 -2.817799
vt 0.688768 -2.748750
vt 0.635057 -2.703682
vt 0.564943 -2.703682
vt -0.280000 -0.502655
vt 0.000000 -0.502655
vt -0.435000 3.063053
vt -0.435000 2.382374
vt -0.255000 2.382374
vt -0.255000 3.063053
vt 0.347168 0.250455
vt 0.079668 0.250455
vt 0.230472 -0.251327
vt 0.230472 -0.195477
vt 0.060472 -0.195477
vt 0.060472 -0.251327
vt -0.022981 0.290161
vt 0.022981 0.331613
vt -0.022981 0.373064
vt -0.022981 -0.373064
vt 0.022981 -0.414516
vt 0.022981 -0.331613
vt -0.022981 -0.290161
vt 0.022981 -0.248709
vt -0.022981 -0.207258
vt 0.022981 -0.165806
vt -0.022981 -0.124355
vt 0.022981 -0.082903
vt -0.022981 -0.041452
vt 0.022981 0.000000
vt -0.022981 0.041452
vt 0.022981 0.082903
vt -0.022981 0.124355
vt 0.022981 0.165806
vt -0.022981 0.207258
vt 0.022981 0.248709
vt -0.022981 0.041452
vt -0.022981 -0.041452
vt 0.022981 -0.041452
vt 0.022981 0.041452
vt -0.280000 0.167552
vt 0.000000 0.167552
vt 0.000000 0.335103
vt -0.280000 0.335103
vt -0.280000 0.335103
vt 0.000000 0.335103
vt 0.000000 0.502655
vt -0.280000 0.502655
vt 0.347168 -0.071558
vt 0.079668 -0.071558
vt 0.079668 -0.143117
vt 0.347168 -0.143117
vt -0.280000 -0.502655
vt 0.000000 -0.502655
vt -0.000000 -0.335103
vt -0.280000 -0.335103
vt -0.028284 -0.845931
vt 0.028284 -0.862500
vt 0.028284 0.862500
vt -0.028284 0.862500
vt -0.022981 -0.373064
vt 0.022981 -0.373064
vt -0.022981 0.290161
vt 0.022981 0.331613
vt -0.022981 0.373064
vt -0.022981 -0.373064
vt 0.022981 -0.414516
vt 0.022981 -0.331613
vt -0.022981 -0.290161
vt 0.022981 -0.248709
vt -0.022981 -0.207258
vt 0.022981 -0.165806
vt -0.022981 -0.124355
vt 0.022981 -0.082903
vt -0.022981 -0.041452
vt 0.022981 0.000000
vt -0.022981 0.041452
vt 0.022981 0.082903
vt -0.022981 0.124355
vt 0.022981 0.165806
vt -0.022981 0.207258
vt 0.022981 0.248709
vt 0.924668 0.250455
vt 0.924668 0.322013
vt 0.107168 0.322013
vt 0.107168 0.250455
vt -0.280000 0.167552
vt 0.000000 0.167552
vt -0.021213 0.033161
vt 0.021213 0.033161
vt -0.022981 -0.165806
vt 0.022981 -0.165806
vt 0.347168 0.107338
vt 0.079668 0.107338
vt -0.022981 -0.207258
vt -0.022981 -0.290161
vt 0.022981 -0.290161
vt 0.022981 -0.207258
vt -0.022981 0.290161
vt 0.022981 0.331613
vt -0.022981 0.373064
vt -0.022981 -0.373064
vt 0.022981 -0.414516
vt 0.022981 -0.331613
vt -0.022981 -0.290161
vt 0.022981 -0.248709
vt -0.022981 -0.207258
vt 0.022981 -0.165806
vt -0.022981 -0.124355
vt 0.022981 -0.082903
vt -0.022981 -0.041452
vt 0.022981 0.000000
vt -0.022981 0.041452
vt 0.022981 0.082903
vt -0.022981 0.124355
vt 0.022981 0.165806
vt -0.022981 0.207258
vt 0.022981 0.248709
vt 0.230472 -0.195477
vt 0.060472 -0.195477
vt -0.021213 0.165806
vt -0.021213 0.099484
vt 0.021213 0.099484
vt 0.021213 0.165806
vt -0.860000 -3.200000
vt -0.916149 -3.354269
vt -1.058324 -3.436354
vt -1.220000 -3.407846
vt -1.325526 -3.282085
vt -1.325526 -3.117915
vt -1.220000 -2.992154
vt -1.058324 -2.963646
vt -1.032500 -0.916913
vt -1.123443 -0.932949
vt -1.203416 -0.886776
vt -1.235000 -0.800000
vt -1.203416 -0.713224
vt -1.325526 0.717915
vt -1.325526 0.882085
vt -1.220000 1.007846
vt -1.058324 1.036354
vt -0.916149 0.954269
vt -0.860000 0.800000
vt -0.916149 0.645731
vt -0.960188 0.169307
vt -0.626718 0.746893
vt 0.000000 0.975000
vt 1.208431 1.085000
vt -1.208431 1.085000
vt -1.385000 0.908431
vt -1.385000 -3.308431
vt -1.208431 -3.485000
vt 1.208431 -3.485000
vt 1.141676 -3.436354
vt 0.980000 -3.407846
vt 0.874474 -3.282085
vt 0.874474 -3.117915
vt -0.347168 -0.143117
vt -0.079668 -0.143117
vt -0.079668 -0.071558
vt -0.347168 -0.071558
vt -0.700000 0.363028
vt -0.280000 0.363028
vt -0.280000 0.453786
vt -0.700000 0.453786
vt 0.626718 0.746893
vt 0.960188 0.169307
vt 1.141676 0.563646
vt 0.980000 0.592154
vt 0.874474 0.717915
vt 0.874474 0.882085
vt 0.980000 1.007846
vt 1.141676 1.036354
vt 1.283851 0.954269
vt 1.340000 0.800000
vt 1.283851 0.645731
vt 1.226859 -0.753827
vt 1.226859 -0.846173
vt 1.340000 -3.200000
vt 1.283851 -3.354269
vt 1.385000 -3.308431
vt 1.385000 0.908431
vt 0.333470 -0.916200
vt -0.333470 -0.916200
vt -0.844375 -0.487500
vt -1.058324 0.563646
vt -1.220000 0.592154
vt -1.123443 -0.667051
vt -1.032500 -0.683087
vt -0.973141 -0.753827
vt -0.973141 -0.846173
vt -0.916149 -3.045731
vt 0.980000 -2.992154
vt 1.141676 -2.963646
vt 1.283851 -3.045731
vt 1.167500 -0.916913
vt 1.076557 -0.932949
vt 0.996584 -0.886776
vt 0.965000 -0.800000
vt 0.996584 -0.713224
vt 1.076557 -0.667051
vt 1.167500 -0.683087
vt 0.844375 -0.487500
vt 0.230472 -0.027925
vt 0.060472 -0.027925
vt -0.557337 -0.800000
vt -0.565000 -0.794607
vt -0.565000 -0.800000
vt 0.924668 0.322013
vt 0.107168 0.322013
vt 0.230472 0.139626
vt 0.230472 0.195477
vt 0.060472 0.195477
vt 0.060472 0.139626
vt 0.230472 -0.139626
vt 0.060472 -0.139626
vt -0.280000 0.502655
vt 0.000000 0.502655
vt 0.000000 0.670206
vt -0.280000 0.670206
vt 0.347168 -0.322013
vt 0.079668 -0.322013
vt -0.900000 0.181514
vt -0.280000 0.181514
vt -0.280000 0.272271
vt -0.900000 0.272271
vt -0.022981 0.041452
vt -0.022981 -0.041452
vt 0.022981 -0.041452
vt 0.022981 0.041452
vt 0.000000 0.000000
vt -0.280000 0.000000
vt 0.000000 0.000000
vt -0.280000 0.000000
vt -0.021213 0.033161
vt -0.021213 -0.033161
vt 0.021213 -0.033161
vt 0.021213 0.033161
vt -0.079668 -0.071558
vt -0.347168 -0.071558
vt 0.230472 0.111701
vt 0.060472 0.111701
vt 0.060472 0.055851
vt 0.230472 0.055851
vt -0.022981 -0.041452
vt 0.022981 -0.041452
vt -1.000414 0.716438
vt -0.860000 0.800000
vt -1.000414 0.883562
vt -0.970000 0.800000
vt 1.199586 0.716438
vt 1.122574 0.671975
vt 1.283851 0.645731
vt 1.340000 0.800000
vt 1.283851 0.954269
vt 1.122574 0.928025
vt 1.199586 0.883562
vt 1.230000 0.800000
vt -0.021213 0.298451
vt -0.021213 0.232129
vt 0.021213 0.232129
vt 0.021213 0.298451
vt -1.000414 0.716438
vt -1.077426 0.671975
vt -1.165000 0.687417
vt -1.222160 0.755537
vt -1.222160 0.844463
vt -1.165000 0.912583
vt -1.077426 0.928025
vt -0.916149 0.954269
vt -1.058324 1.036354
vt -1.220000 1.007846
vt -1.325526 0.882085
vt -1.325526 0.717915
vt -1.220000 0.592154
vt -1.058324 0.563646
vt -0.916149 0.645731
vt -0.860000 0.800000
vt -0.970000 0.800000
vt 0.399668 0.071558
vt 0.132168 0.071558
vt 0.132168 0.000000
vt 0.399668 0.000000
vt 1.141676 0.563646
vt 1.035000 0.687417
vt 0.977840 0.755537
vt 0.977840 0.844463
vt 1.035000 0.912583
vt 1.141676 1.036354
vt 0.980000 1.007846
vt 0.874474 0.882085
vt 0.874474 0.717915
vt 0.980000 0.592154
vt -0.022981 0.290161
vt 0.022981 0.290161
vt -0.280000 0.090757
vt -0.900000 0.090757
vt -0.900000 0.000000
vt -0.280000 0.000000
vt -0.280000 0.670206
vt 0.000000 0.670206
vt 0.000000 0.837758
vt -0.280000 0.837758
vt 0.347168 -0.286234
vt 0.079668 -0.286234
vt 0.079668 -0.357792
vt 0.347168 -0.357792
vt 0.230472 -0.139626
vt 0.230472 -0.083776
vt 0.060472 -0.083776
vt 0.060472 -0.139626
vt -0.021213 0.298451
vt -0.021213 0.232129
vt 0.021213 0.232129
vt 0.021213 0.298451
vt -0.000000 0.235619
vt -0.235000 0.235619
vt -0.900000 -0.363028
vt -0.280000 -0.363028
vt -0.280000 -0.272271
vt -0.900000 -0.272271
vt -0.132168 0.000000
vt -0.399668 0.000000
vt 0.714668 -0.322013
vt 0.714668 -0.250455
vt 0.097168 -0.250455
vt 0.097168 -0.322013
vt -0.021213 -0.298451
vt 0.021213 -0.298451
vt -0.021213 0.099484
vt 0.021213 0.099484
vt -0.280000 -0.502655
vt 0.000000 -0.502655
vt 0.347168 -0.178896
vt 0.079668 -0.178896
vt -0.021213 -0.165806
vt 0.021213 -0.165806
vt -0.021213 0.033161
vt 0.021213 0.033161
vt 0.680000 0.000000
vt 0.680000 0.170000
vt 0.000000 0.170000
vt 0.000000 0.000000
vt -0.022981 0.207258
vt 0.022981 0.207258
vt 0.230472 -0.111701
vt 0.060472 -0.111701
vt 0.060472 -0.167552
vt 0.230472 -0.167552
vt 0.000000 0.167552
vt -0.280000 0.167552
vt -0.280000 0.000000
vt 0.000000 0.000000
vt 0.230472 -0.195477
vt 0.230472 -0.139626
vt 0.060472 -0.139626
vt 0.060472 -0.195477
vt 0.000000 -0.335103
vt -0.280000 -0.335103
vt 0.230472 -0.195477
vt 0.060472 -0.195477
vt 0.028284 -0.862500
vt 0.028284 0.862500
vt -0.028284 0.845931
vt -0.028284 -0.862500
vt 0.347168 0.107338
vt 0.079668 0.107338
vt -0.028284 2.108431
vt -0.028284 -2.108431
vt 0.028284 -2.125000
vt 0.028284 2.125000
vt 0.230472 -0.251327
vt 0.230472 -0.195477
vt 0.060472 -0.195477
vt 0.060472 -0.251327
vt 0.230472 0.223402
vt 0.060472 0.223402
vt 0.060472 0.167552
vt 0.230472 0.167552
vt -0.021213 -0.298451
vt 0.021213 -0.298451
vt -0.022981 -0.290161
vt -0.022981 -0.373064
vt 0.022981 -0.373064
vt 0.022981 -0.290161
vt 0.230472 -0.083776
vt 0.060472 -0.083776
vt -0.900000 0.363028
vt -0.280000 0.363028
vt -0.280000 0.453786
vt -0.900000 0.453786
vt 0.714668 0.322013
vt 0.097168 0.322013
vt -0.022981 0.000000
vt 0.022981 0.000000
vt 0.141421 -1.660000
vt 0.141421 1.660000
vt -0.141421 1.660000
vt -0.141421 -1.660000
vt -0.280000 0.000000
vt -0.900000 0.000000
vt -0.000000 0.078540
vt -0.000000 0.235619
vt -0.235000 0.235619
vt -0.235000 0.078540
vt -0.280000 0.000000
vt -0.900000 0.000000
vt 0.079668 -0.286234
vt 0.347168 -0.286234
vt -0.022981 -0.124355
vt 0.022981 -0.124355
vt -0.022981 -0.124355
vt 0.022981 -0.124355
vt -0.638190 0.531876
vt -0.599495 0.493181
vt -0.544980 0.488411
vt -0.500153 0.519799
vt -0.485990 0.572658
vt -0.509117 0.622254
vt -0.558713 0.645381
vt -0.611572 0.631218
vt -0.642959 0.586391
vt -0.022981 -0.041452
vt 0.022981 -0.041452
vt -0.021213 0.165806
vt 0.021213 0.165806
vt 0.924668 -0.322013
vt 0.924668 -0.250455
vt 0.107168 -0.250455
vt 0.107168 -0.322013
vt 0.347168 0.000000
vt 0.079668 0.000000
vt 0.924668 -0.035779
vt 0.107168 -0.035779
vt 0.347168 0.000000
vt 0.079668 0.000000
vt 0.531876 0.638190
vt 0.493181 0.599495
vt 0.488411 0.544980
vt 0.519799 0.500153
vt 0.572658 0.485990
vt 0.622254 0.509117
vt 0.645381 0.558713
vt 0.631218 0.611572
vt 0.586391 0.642959
vt 0.230472 0.195477
vt 0.060472 0.195477
vt 0.055645 -0.125227
vt -0.063935 -0.125227
vt 0.055645 -0.161007
vt 0.055645 -0.053669
vt -0.063935 -0.053669
vt 0.055645 -0.089448
vt 0.055645 0.017890
vt -0.063935 0.017890
vt 0.055645 -0.017890
vt 0.055645 0.089448
vt -0.063935 0.089448
vt 0.055645 0.053669
vt 0.055645 0.161007
vt -0.063935 0.161007
vt 0.055645 0.125227
vt -0.063935 0.053669
vt -0.063935 0.125227
vt -0.063935 -0.017890
vt -0.063935 -0.089448
vt 0.000000 -0.335103
vt -0.280000 -0.335103
vt -0.399668 0.071558
vt -0.132168 0.071558
vt -0.132168 0.143117
vt -0.399668 0.143117
vt 0.714668 0.178896
vt 0.714668 0.250455
vt 0.097168 0.250455
vt 0.097168 0.178896
vt 0.347168 -0.178896
vt 0.347168 -0.107338
vt 0.079668 -0.107338
vt 0.079668 -0.178896
vt -0.021213 -0.033161
vt 0.021213 -0.033161
vt 0.160000 -1.703441
vt 0.210000 -1.703441
vt 0.210000 -1.277581
vt 0.160000 -1.277581
vt 0.230472 0.083776
vt 0.060472 0.083776
vt 0.347168 -0.250455
vt 0.347168 -0.178896
vt 0.079668 -0.178896
vt 0.079668 -0.250455
vt -0.021213 -0.165806
vt -0.021213 -0.232129
vt 0.021213 -0.232129
vt 0.021213 -0.165806
vt -0.347168 0.143117
vt -0.079668 0.143117
vt -0.079668 0.214675
vt -0.347168 0.214675
vt -0.022981 0.373064
vt -0.022981 0.290161
vt 0.022981 0.290161
vt 0.022981 0.373064
vt 0.230472 0.027925
vt 0.060472 0.027925
vt -0.021213 0.066323
vt 0.021213 0.066323
vt 0.021213 0.132645
vt -0.021213 0.132645
vt 0.521584 2.213224
vt 0.490000 2.300000
vt 0.200000 0.040000
vt 1.075000 0.040000
vt 1.075000 0.350000
vt 1.775000 0.350000
vt 0.751859 2.253827
vt 0.692500 2.183087
vt 0.601557 2.167051
vt -0.022981 0.124355
vt 0.022981 0.124355
vt 0.230472 0.195477
vt 0.230472 0.251327
vt 0.060472 0.251327
vt 0.060472 0.195477
vt 0.230472 -0.139626
vt 0.060472 -0.139626
vt -0.280000 0.090757
vt -0.900000 0.090757
vt -0.022981 -0.207258
vt -0.022981 -0.290161
vt 0.022981 -0.290161
vt 0.022981 -0.207258
vt 0.347168 -0.071558
vt 0.079668 -0.071558
vt 0.079668 -0.143117
vt 0.347168 -0.143117
vt -0.028284 0.124853
vt -0.028284 -0.124853
vt 0.028284 -0.141421
vt 0.028284 0.141421
vt 0.055645 -0.125227
vt -0.063935 -0.125227
vt 0.055645 -0.161007
vt 0.055645 -0.053669
vt -0.063935 -0.053669
vt 0.055645 -0.089448
vt 0.055645 0.017890
vt -0.063935 0.017890
vt 0.055645 -0.017890
vt 0.055645 0.089448
vt -0.063935 0.089448
vt 0.055645 0.053669
vt 0.055645 0.161007
vt -0.063935 0.161007
vt 0.055645 0.125227
vt -0.063935 0.053669
vt -0.063935 0.125227
vt -0.063935 -0.017890
vt -0.063935 -0.089448
vt -0.280000 0.167552
vt 0.000000 0.167552
vt 0.000000 0.335103
vt -0.280000 0.335103
vt 0.488411 0.544980
vt 0.519799 0.500153
vt 0.572658 0.485990
vt 0.622254 0.509117
vt 0.645381 0.558713
vt 0.631218 0.611572
vt 0.586391 0.642959
vt 0.531876 0.638190
vt 0.493181 0.599495
vt 0.924668 0.178896
vt 0.107168 0.178896
vt 0.347168 -0.107338
vt 0.347168 -0.035779
vt 0.079668 -0.035779
vt 0.079668 -0.107338
vt 0.022574 -0.128025
vt -0.065000 -0.112583
vt -0.122160 -0.044463
vt -0.122160 0.044463
vt -0.067500 0.116913
vt -0.126859 0.046173
vt -0.126859 -0.046173
vt -0.067500 -0.116913
vt 0.023443 -0.132949
vt 0.103416 -0.086776
vt 0.135000 0.000000
vt 0.103416 0.086776
vt 0.023443 0.132949
vt -0.065000 0.112583
vt 0.022574 0.128025
vt 0.099586 0.083562
vt 0.130000 0.000000
vt 0.099586 -0.083562
vt 0.252500 -0.437343
vt -0.087692 -0.497328
vt -0.305000 -0.528275
vt 0.105925 -0.600733
vt 0.467287 -0.392100
vt 0.474545 -0.172720
vt -0.022981 -0.373064
vt 0.022981 -0.373064
vt -0.126859 0.046173
vt -0.126859 -0.046173
vt -0.067500 -0.116913
vt 0.023443 -0.132949
vt 0.103416 -0.086776
vt 0.135000 0.000000
vt 0.130000 0.000000
vt 0.099586 -0.083562
vt 0.022574 -0.128025
vt -0.065000 -0.112583
vt -0.122160 -0.044463
vt -0.122160 0.044463
vt -0.067500 0.116913
vt -0.022981 -0.207258
vt 0.022981 -0.207258
vt -0.021213 0.232129
vt 0.021213 0.232129
vt 0.230472 0.083776
vt 0.230472 0.139626
vt 0.060472 0.139626
vt 0.060472 0.083776
vt -0.022981 0.124355
vt 0.022981 0.124355
vt -0.021213 -0.165806
vt -0.021213 -0.232129
vt 0.021213 -0.232129
vt 0.021213 -0.165806
vt -0.573212 0.208632
vt -0.573212 -0.208632
vt -0.386852 -0.324608
vt -0.505000 -0.000000
vt -0.386852 0.324608
vt -0.087692 0.497328
vt 0.252500 0.437343
vt 0.474545 0.172720
vt 0.610000 0.000000
vt 0.467287 0.392100
vt 0.105925 0.600733
vt -0.305000 0.528275
vt 0.230472 0.139626
vt 0.230472 0.195477
vt 0.060472 0.195477
vt 0.060472 0.139626
vt 1.550000 -0.320000
vt 1.550000 0.000000
vt 0.330000 0.000000
vt 0.330000 -0.320000
vt 0.347168 0.107338
vt 0.347168 0.178896
vt 0.079668 0.178896
vt 0.079668 0.107338
vt -0.014142 0.680678
vt -0.014142 0.408407
vt 0.014142 0.408407
vt 0.014142 0.680678
vt -0.280000 0.181514
vt -0.700000 0.181514
vt 0.055645 -0.125227
vt -0.063935 -0.125227
vt 0.055645 -0.161007
vt 0.055645 -0.053669
vt -0.063935 -0.053669
vt 0.055645 -0.089448
vt 0.055645 0.017890
vt -0.063935 0.017890
vt 0.055645 -0.017890
vt 0.055645 0.089448
vt -0.063935 0.089448
vt 0.055645 0.053669
vt 0.055645 0.161007
vt -0.063935 0.161007
vt 0.055645 0.125227
vt -0.063935 0.053669
vt -0.063935 0.125227
vt -0.063935 -0.017890
vt -0.063935 -0.089448
vt 0.347168 -0.178896
vt 0.079668 -0.178896
vt 0.230472 0.083776
vt 0.230472 0.139626
vt 0.060472 0.139626
vt 0.060472 0.083776
vt 0.230472 0.055851
vt 0.060472 0.055851
vt 0.060472 0.000000
vt 0.230472 0.000000
vt 0.399668 0.071558
vt 0.132168 0.071558
vt 0.230472 0.195477
vt 0.230472 0.251327
vt 0.060472 0.251327
vt 0.060472 0.195477
vt -0.347168 0.214675
vt -0.079668 0.214675
vt 0.490000 2.300000
vt 0.521584 2.386776
vt 0.200000 3.360000
vt 0.200000 0.040000
vt 0.023443 -0.132949
vt 0.022574 -0.128025
vt -0.065000 -0.112583
vt -0.122160 -0.044463
vt -0.122160 0.044463
vt -0.065000 0.112583
vt 0.022574 0.128025
vt 0.023443 0.132949
vt -0.067500 0.116913
vt -0.126859 0.046173
vt -0.126859 -0.046173
vt -0.067500 -0.116913
vt -0.022981 0.290161
vt -0.022981 0.207258
vt 0.022981 0.207258
vt 0.022981 0.290161
vt 0.347168 0.178896
vt 0.079668 0.178896
vt -0.021213 0.165806
vt 0.021213 0.165806
vt -0.022981 0.041452
vt 0.022981 0.041452
vt -0.021213 -0.099484
vt 0.021213 -0.099484
vt -0.079668 0.214675
vt -0.347168 0.214675
vt 0.165834 0.940491
vt 0.519197 0.665379
vt 0.594156 0.671937
vt 0.731572 0.613862
vt -0.347168 -0.214675
vt -0.079668 -0.214675
vt -0.079668 -0.143117
vt -0.347168 -0.143117
vt -0.280000 -0.670206
vt 0.000000 -0.670206
vt 0.000000 -0.502655
vt -0.280000 -0.502655
vt 1.199586 -3.116438
vt 1.230000 -3.200000
vt 1.340000 -3.200000
vt 1.283851 -3.045731
vt 1.141676 -2.963646
vt 0.980000 -2.992154
vt 1.122574 -3.071975
vt -0.280000 0.090757
vt -0.700000 0.090757
vt -0.700000 0.000000
vt -0.280000 0.000000
vt 0.230472 -0.251327
vt 0.060472 -0.251327
vt -0.900000 -0.272271
vt -0.280000 -0.272271
vt -0.280000 -0.181514
vt -0.900000 -0.181514
vt 0.055645 -0.125227
vt -0.063935 -0.125227
vt 0.055645 -0.161007
vt 0.055645 -0.053669
vt -0.063935 -0.053669
vt 0.055645 -0.089448
vt 0.055645 0.017890
vt -0.063935 0.017890
vt 0.055645 -0.017890
vt 0.055645 0.089448
vt -0.063935 0.089448
vt 0.055645 0.053669
vt 0.055645 0.161007
vt -0.063935 0.161007
vt 0.055645 0.125227
vt -0.063935 0.053669
vt -0.063935 0.125227
vt -0.063935 -0.017890
vt -0.063935 -0.089448
vt -0.014142 1.225221
vt 0.014142 1.225221
vt -0.000000 -0.335103
vt -0.280000 -0.335103
vt -0.022981 0.124355
vt 0.022981 0.124355
vt 0.347168 -0.178896
vt 0.347168 -0.107338
vt 0.079668 -0.107338
vt 0.079668 -0.178896
vt 0.021213 0.265290
vt -0.021213 0.265290
vt -0.022981 0.373064
vt 0.022981 0.373064
vt -0.028284 1.208431
vt -0.028284 -1.208431
vt 0.028284 -1.225000
vt 0.028284 1.225000
vt 0.230472 -0.083776
vt 0.230472 -0.027925
vt 0.060472 -0.027925
vt 0.060472 -0.083776
vt 0.096318 0.035057
vt 0.051250 0.088768
vt -0.017799 0.100943
vt -0.078520 0.065886
vt -0.102500 0.000000
vt -0.078520 -0.065886
vt -0.017799 -0.100943
vt 0.051250 -0.088768
vt 0.096318 -0.035057
vt -0.280000 -0.167552
vt -0.000000 -0.167552
vt -0.028284 -0.420931
vt 0.028284 -0.437500
vt 0.028284 0.437500
vt -0.028284 0.437500
vt 0.230472 -0.251327
vt 0.230472 -0.195477
vt 0.060472 -0.195477
vt 0.060472 -0.251327
vt -0.435000 0.340339
vt -0.255000 0.340339
vt -0.022981 0.290161
vt 0.022981 0.290161
vt 0.714668 0.107338
vt 0.714668 0.178896
vt 0.097168 0.178896
vt 0.097168 0.107338
vt 1.208431 1.085000
vt 0.350000 1.085000
vt 0.980000 1.007846
vt 1.141676 1.036354
vt 1.283851 0.954269
vt 1.340000 0.800000
vt 1.385000 0.908431
vt 0.210000 1.703441
vt 0.160000 1.703441
vt 0.399668 0.286234
vt 0.132168 0.286234
vt 0.132168 0.214675
vt 0.399668 0.214675
vt 0.230472 0.223402
vt 0.060472 0.223402
vt -0.022981 0.290161
vt 0.022981 0.331613
vt -0.022981 0.373064
vt -0.022981 -0.373064
vt 0.022981 -0.414516
vt 0.022981 -0.331613
vt -0.022981 -0.290161
vt 0.022981 -0.248709
vt -0.022981 -0.207258
vt 0.022981 -0.165806
vt -0.022981 -0.124355
vt 0.022981 -0.082903
vt -0.022981 -0.041452
vt 0.022981 0.000000
vt -0.022981 0.041452
vt 0.022981 0.082903
vt -0.022981 0.124355
vt 0.022981 0.165806
vt -0.022981 0.207258
vt 0.022981 0.248709
vt -0.435000 1.701696
vt -0.255000 1.701696
vt 1.199586 -3.283562
vt 1.122574 -3.328025
vt 0.980000 -3.407846
vt 1.141676 -3.436354
vt 1.283851 -3.354269
vt 1.230000 -3.200000
vt -0.280000 -0.335103
vt 0.000000 -0.335103
vt 0.000000 -0.167552
vt -0.280000 -0.167552
vt -0.347168 -0.143117
vt -0.079668 -0.143117
vt 0.714668 -0.250455
vt 0.714668 -0.178896
vt 0.097168 -0.178896
vt 0.097168 -0.250455
vt 2.650000 3.360000
vt 2.201557 2.432949
vt 2.292500 2.416913
vt 2.351859 2.346173
vt 2.351859 2.253827
vt 2.292500 2.183087
vt 2.201557 2.167051
vt 2.121584 2.213224
vt 1.775000 0.040000
vt 2.650000 0.040000
vt -0.534114 -2.878520
vt -0.499057 -2.817799
vt -0.511232 -2.748750
vt -0.564943 -2.703682
vt -0.635057 -2.703682
vt -0.688768 -2.748750
vt -0.700943 -2.817799
vt -0.665886 -2.878520
vt -0.600000 -2.902500
vt -0.021213 0.298451
vt 0.021213 0.298451
vt -0.021213 -0.066323
vt 0.021213 -0.066323
vt 0.347168 0.250455
vt 0.347168 0.322013
vt 0.079668 0.322013
vt 0.079668 0.250455
vt -0.022981 0.041452
vt 0.022981 0.041452
vt 0.079668 -0.143117
vt 0.347168 -0.143117
vt 0.240000 0.945000
vt 0.196469 0.955000
vt -0.196469 0.955000
vt -0.240000 0.945000
vt 0.144627 0.172360
vt 0.291097 0.244259
vt 0.210000 2.129302
vt 0.160000 2.129302
vt -0.190000 0.000000
vt -0.190000 0.680678
vt 0.190000 -0.197759
vt -0.190000 -0.680678
vt -0.010000 -1.157125
vt -0.190000 -1.361357
vt -0.010000 -1.711604
vt -0.190000 -2.042035
vt -0.010000 -2.266082
vt -0.190000 -2.722714
vt -0.010000 -2.820561
vt 0.190000 2.865230
vt -0.010000 2.865230
vt -0.190000 2.722714
vt -0.010000 2.820561
vt 0.190000 2.820561
vt -0.010000 3.260876
vt -0.010000 3.128994
vt 0.230472 0.083776
vt 0.230472 0.139626
vt 0.060472 0.139626
vt 0.060472 0.083776
vt -0.010000 2.997112
vt 0.190000 2.820561
vt 0.190000 2.865230
vt -0.010000 -0.602647
vt 0.190000 -0.197759
vt -0.190000 0.000000
vt -0.190000 -0.680678
vt -0.010000 2.266082
vt -0.190000 2.042035
vt -0.010000 1.711604
vt -0.190000 1.361357
vt -0.010000 1.157125
vt 0.190000 0.197759
vt -0.190000 0.680678
vt 0.090000 0.602647
vt -0.022981 -0.041452
vt -0.022981 -0.124355
vt 0.022981 -0.124355
vt 0.022981 -0.041452
vt 0.190000 0.593277
vt 0.090000 -0.593277
vt 0.190000 -0.593277
vt -0.700000 0.363028
vt -0.280000 0.363028
vt -0.280000 0.453786
vt -0.700000 0.453786
vt 0.190000 0.593277
vt -0.014142 -0.673697
vt 0.014142 -0.336849
vt -0.014142 0.000000
vt 0.014142 0.020290
vt 0.014142 0.336849
vt -0.014142 -1.347394
vt 0.014142 -1.010546
vt 0.014142 -0.737619
vt -0.014142 -2.021091
vt 0.014142 -1.684243
vt 0.014142 -1.495528
vt 0.014142 -2.357940
vt -0.014142 -2.694788
vt 0.014142 -3.031637
vt 0.014142 3.031637
vt -0.014142 3.368485
vt -0.014142 2.694788
vt 0.014142 2.357940
vt -0.014142 2.021091
vt 0.014142 1.684243
vt -0.014142 1.347394
vt 0.014142 1.010546
vt -0.014142 0.673697
vt 0.014142 0.778199
vt 0.680000 0.130000
vt 0.000000 0.130000
vt 0.000000 0.000000
vt 0.143531 0.000000
vt 0.274109 0.017771
vt 0.405891 0.017771
vt 0.536469 0.000000
vt 0.680000 0.000000
vt 0.022981 0.331613
vt -0.022981 0.331613
vt -0.126859 -0.046173
vt -0.067500 -0.116913
vt 0.023443 -0.132949
vt 0.022574 -0.128025
vt -0.065000 -0.112583
vt -0.122160 -0.044463
vt -0.122160 0.044463
vt -0.065000 0.112583
vt 0.022574 0.128025
vt 0.099586 0.083562
vt 0.103416 0.086776
vt 0.023443 0.132949
vt -0.067500 0.116913
vt -0.126859 0.046173
vt 0.230472 0.139626
vt 0.060472 0.139626
vt 0.060472 -0.167552
vt 0.230472 -0.167552
vt -0.700000 0.363028
vt -0.280000 0.363028
vt -0.280000 0.453786
vt -0.700000 0.453786
vt 0.079668 -0.357792
vt 0.347168 -0.357792
vt -0.557337 -0.800000
vt -0.565000 -0.794607
vt -0.565000 -0.800000
vt 0.135000 0.000000
vt 0.103416 0.086776
vt 0.099586 0.083562
vt 0.130000 0.000000
vt 0.099586 -0.083562
vt 0.103416 -0.086776
vt -0.628779 0.655792
vt -0.556098 0.675267
vt -0.660940 0.689335
vt -0.897406 0.326629
vt -0.954789 0.020078
vt -0.897406 -0.326629
vt -0.762378 -0.103366
vt -0.837622 -0.103366
vt -0.895263 -0.055000
vt -0.908329 0.019101
vt -0.870707 0.084265
vt -0.800000 0.110000
vt -0.729293 0.084265
vt -0.691671 0.019101
vt -0.375877 -0.136808
vt -0.375877 0.136808
vt -0.200000 0.346410
vt 0.069459 0.393923
vt 0.084265 0.729293
vt 0.019101 0.691671
vt -0.055000 0.704737
vt -0.103366 0.762378
vt -0.456104 0.575273
vt -0.475579 0.502592
vt -0.537215 0.459434
vt -0.612173 0.465992
vt -0.665379 0.519197
vt -0.671937 0.594156
vt -0.022981 0.041452
vt 0.022981 0.041452
vt -0.700000 0.000000
vt -0.700000 -0.350000
vt -0.000000 -0.350000
vt -0.000000 -0.000000
vt -0.110000 0.000000
vt -0.110000 -0.200000
vt -0.590000 -0.200000
vt -0.590000 0.000000
vt 0.230472 -0.139626
vt 0.060472 -0.139626
vt 0.924668 0.322013
vt 0.107168 0.322013
vt 0.340000 0.010000
vt 0.340000 0.350000
vt 0.196469 0.350000
vt 0.196469 0.150000
vt -0.196469 0.150000
vt -0.196469 0.350000
vt -0.340000 0.350000
vt -0.340000 0.010000
vt -0.022981 0.207258
vt 0.022981 0.207258
vt 0.000000 0.000000
vt -0.280000 0.000000
vt 0.714668 -0.107338
vt 0.714668 -0.035779
vt 0.097168 -0.035779
vt 0.097168 -0.107338
vt 0.347168 -0.107338
vt 0.079668 -0.107338
vt 0.691671 -0.019101
vt 0.704737 0.055000
vt 0.610000 0.000000
vt 0.467287 -0.392100
vt 0.105925 -0.600733
vt -0.305000 -0.528275
vt -0.573212 -0.208632
vt -0.502592 -0.475579
vt -0.459434 -0.537215
vt -0.465992 -0.612173
vt -0.519197 -0.665379
vt -0.594156 -0.671937
vt -0.731572 -0.613862
vt -0.165834 -0.940491
vt 0.477500 -0.827054
vt 0.055000 -0.895263
vt -0.019101 -0.908329
vt -0.084265 -0.870707
vt -0.110000 -0.800000
vt -0.084265 -0.729293
vt -0.019101 -0.691671
vt 0.055000 -0.704737
vt 0.103366 -0.762378
vt 0.456104 -0.575273
vt 0.475579 -0.502592
vt 0.537215 -0.459434
vt 0.612173 -0.465992
vt 0.665379 -0.519197
vt 0.897406 -0.326629
vt 0.954789 -0.020078
vt 0.908329 -0.019101
vt 0.870707 -0.084265
vt 0.800000 -0.110000
vt 0.729293 -0.084265
vt 0.347168 0.178896
vt 0.347168 0.250455
vt 0.079668 0.250455
vt 0.079668 0.178896
vt 0.655792 0.628779
vt 0.675267 0.556098
vt 0.643467 0.487904
vt 0.575273 0.456104
vt 0.502592 0.475579
vt 0.459434 0.537215
vt 0.465992 0.612173
vt 0.110000 0.800000
vt 0.084265 0.729293
vt 0.019101 0.691671
vt -0.055000 0.704737
vt -0.103366 0.762378
vt -0.487904 0.643467
vt -0.456104 0.575273
vt -0.475579 0.502592
vt -0.537215 0.459434
vt -0.612173 0.465992
vt -0.665379 0.519197
vt -0.671937 0.594156
vt -0.628779 0.655792
vt -0.556098 0.675267
vt -0.165834 0.940491
vt -0.731572 0.613862
vt -0.955000 -0.000000
vt -0.655792 -0.628779
vt -0.675267 -0.556098
vt -0.643467 -0.487904
vt -0.575273 -0.456104
vt -0.800000 -0.110000
vt -0.870707 -0.084265
vt -0.908329 -0.019101
vt -0.895263 0.055000
vt -0.837622 0.103366
vt -0.762378 0.103366
vt -0.704737 0.055000
vt -0.691671 -0.019101
vt -0.573212 0.208632
vt -0.305000 0.528275
vt 0.105925 0.600733
vt 0.467287 0.392100
vt 0.762378 0.103366
vt 0.837622 0.103366
vt 0.895263 0.055000
vt 0.897406 0.326629
vt 0.689335 0.660940
vt 0.594156 0.671937
vt -0.126859 0.046173
vt -0.126859 -0.046173
vt -0.067500 -0.116913
vt 0.023443 -0.132949
vt 0.022574 -0.128025
vt -0.065000 -0.112583
vt -0.122160 -0.044463
vt -0.122160 0.044463
vt -0.065000 0.112583
vt 0.022574 0.128025
vt 0.099586 0.083562
vt 0.130000 0.000000
vt 0.135000 0.000000
vt 0.103416 0.086776
vt 0.023443 0.132949
vt -0.067500 0.116913
vt -0.079668 -0.000000
vt -0.347168 -0.000000
vt -0.014142 -0.408407
vt 0.014142 -0.408407
vt -0.347168 0.071558
vt -0.079668 0.071558
vt 1.385000 -0.800000
vt 1.283851 0.645731
vt 1.141676 0.563646
vt 0.980000 0.592154
vt 0.874474 0.717915
vt 0.874474 0.882085
vt 0.350000 0.945000
vt 0.240000 0.945000
vt 0.711139 0.667013
vt 0.958418 0.179055
vt 0.903994 -0.365267
vt 0.565000 -0.794607
vt 0.565000 -0.800000
vt 0.347168 -0.250455
vt 0.079668 -0.250455
vt -0.399668 0.143117
vt -0.132168 0.143117
vt -0.132168 0.214675
vt -0.399668 0.214675
vt -0.280000 0.502655
vt 0.000000 0.502655
vt 0.000000 0.670206
vt -0.280000 0.670206
vt -0.022981 0.290161
vt -0.022981 0.207258
vt 0.022981 0.207258
vt 0.022981 0.290161
vt 0.000000 0.167552
vt -0.280000 0.167552
vt 0.230472 0.195477
vt 0.230472 0.251327
vt 0.060472 0.251327
vt 0.060472 0.195477
vt -0.900000 -0.272271
vt -0.280000 -0.272271
vt -0.280000 -0.181514
vt -0.900000 -0.181514
vt -0.022981 0.373064
vt -0.022981 0.290161
vt 0.022981 0.290161
vt 0.022981 0.373064
vt -0.021213 0.033161
vt 0.021213 0.033161
vt 0.000000 0.837758
vt -0.280000 0.837758
vt -0.021213 0.298451
vt 0.021213 0.298451
vt -0.014142 -2.357940
vt -0.014142 -3.031637
vt 0.014142 -3.031637
vt 0.014142 -2.357940
vt 0.230472 0.083776
vt 0.060472 0.083776
vt -0.021213 -0.198968
vt 0.021213 -0.198968
vt 0.021213 -0.132645
vt -0.021213 -0.132645
vt 0.714668 0.250455
vt 0.097168 0.250455
vt -0.021213 -0.099484
vt 0.021213 -0.099484
vt -0.021213 0.099484
vt -0.021213 0.033161
vt 0.021213 0.033161
vt 0.021213 0.099484
vt -0.022981 -0.124355
vt -0.022981 -0.207258
vt 0.022981 -0.207258
vt 0.022981 -0.124355
vt 0.130000 -1.160644
vt 0.010000 -1.326450
vt 0.130000 -1.492257
vt 0.130000 1.492257
vt 0.010000 1.658063
vt 0.010000 1.326450
vt 0.130000 1.160644
vt 0.010000 0.994838
vt 0.130000 0.829031
vt 0.010000 0.663225
vt 0.130000 0.497419
vt 0.010000 0.331613
vt 0.130000 0.165806
vt 0.010000 0.000000
vt 0.130000 -0.165806
vt 0.010000 -0.331613
vt 0.130000 -0.497419
vt 0.010000 -0.663225
vt 0.130000 -0.829031
vt 0.010000 -0.994838
vt -0.280000 0.090757
vt -0.700000 0.090757
vt -0.021213 -0.165806
vt 0.021213 -0.165806
vt -0.021213 0.099484
vt 0.021213 0.099484
vt -0.028284 0.420931
vt -0.028284 -0.437500
vt 0.028284 -0.437500
vt 0.028284 0.437500
vt -0.021213 0.099484
vt 0.021213 0.099484
vt -0.021213 0.132645
vt 0.021213 0.132645
vt 0.021213 0.198968
vt -0.021213 0.198968
vt -0.280000 0.181514
vt -0.900000 0.181514
vt -0.280000 -0.090757
vt -0.900000 -0.090757
vt -0.399668 -0.286234
vt -0.132168 -0.286234
vt -0.132168 -0.214675
vt -0.399668 -0.214675
vt 0.347168 0.071558
vt 0.079668 0.071558
vt 0.347168 -0.322013
vt 0.079668 -0.322013
vt 0.040000 0.730718
vt 0.075175 0.772638
vt 0.075175 0.827362
vt 0.040000 0.869282
vt -0.013892 0.878785
vt -0.061284 0.851423
vt -0.080000 0.800000
vt -0.061284 0.748577
vt -0.013892 0.721215
vt -0.021213 -0.165806
vt -0.021213 -0.232129
vt 0.021213 -0.232129
vt 0.021213 -0.165806
vt -0.028284 -0.595931
vt 0.028284 -0.612500
vt 0.028284 0.612500
vt -0.028284 0.612500
vt 0.040000 -0.730718
vt -0.013892 -0.721215
vt -0.061284 -0.748577
vt -0.080000 -0.800000
vt -0.061284 -0.851423
vt -0.013892 -0.878785
vt 0.040000 -0.869282
vt 0.075175 -0.827362
vt 0.075175 -0.772638
vt -1.165000 -3.312583
vt -1.222160 -3.244463
vt -1.222160 -3.155537
vt -1.165000 -3.087417
vt -1.325526 -3.117915
vt -1.325526 -3.282085
vt -1.220000 -3.407846
vt -1.058324 -3.436354
vt -0.916149 -3.354269
vt -0.860000 -3.200000
vt -0.916149 -3.045731
vt -1.058324 -2.963646
vt -1.220000 -2.992154
vt -1.077426 -3.071975
vt -1.000414 -3.116438
vt -0.970000 -3.200000
vt -1.000414 -3.283562
vt -1.077426 -3.328025
vt 0.714668 0.322013
vt 0.097168 0.322013
vt 0.230472 0.027925
vt 0.060472 0.027925
vt 0.599495 -0.493181
vt 0.544980 -0.488411
vt 0.500153 -0.519799
vt 0.485990 -0.572658
vt 0.509117 -0.622254
vt 0.558713 -0.645381
vt 0.611572 -0.631218
vt 0.642959 -0.586391
vt 0.638190 -0.531876
vt 0.714668 0.035779
vt 0.714668 0.107338
vt 0.097168 0.107338
vt 0.097168 0.035779
vt 0.399668 0.286234
vt 0.132168 0.286234
vt 0.132168 0.214675
vt 0.399668 0.214675
vt -0.022981 0.373064
vt -0.022981 0.290161
vt 0.022981 0.290161
vt 0.022981 0.373064
vt -0.028284 0.520000
vt -0.028284 -0.520000
vt 0.028284 -0.520000
vt 0.028284 0.560000
vt -0.021213 0.298451
vt -0.021213 0.232129
vt 0.021213 0.232129
vt 0.021213 0.298451
vt 0.924668 0.250455
vt 0.924668 0.322013
vt 0.107168 0.322013
vt 0.107168 0.250455
vt 0.230472 -0.195477
vt 0.060472 -0.195477
vt -0.347168 -0.286234
vt -0.079668 -0.286234
vt -0.079668 -0.214675
vt -0.347168 -0.214675
vt 0.748750 -0.511232
vt 0.703682 -0.564943
vt 0.703682 -0.635057
vt 0.748750 -0.688768
vt 0.817799 -0.700943
vt 0.878520 -0.665886
vt 0.902500 -0.600000
vt 0.878520 -0.534114
vt 0.817799 -0.499057
vt -0.079668 0.357792
vt -0.347168 0.357792
vt 0.230472 0.195477
vt 0.230472 0.251327
vt 0.060472 0.251327
vt 0.060472 0.195477
vt 0.230472 -0.027925
vt 0.060472 -0.027925
vt -0.021213 0.099484
vt 0.021213 0.099484
vt -0.028284 2.108431
vt -0.028284 -2.108431
vt 0.028284 -2.125000
vt 0.028284 2.125000
vt -0.022981 -0.165806
vt 0.022981 -0.165806
vt 0.022981 -0.082903
vt -0.022981 -0.082903
vt -0.347168 0.035779
vt -0.347168 -0.035779
vt -0.079668 -0.035779
vt -0.079668 0.035779
vt -0.014142 0.408407
vt 0.014142 0.408407
vt -0.021213 0.298451
vt -0.021213 0.232129
vt 0.021213 0.232129
vt 0.021213 0.298451
vt 0.347168 0.322013
vt 0.079668 0.322013
vt -0.280000 0.502655
vt 0.000000 0.502655
vt 0.230472 0.139626
vt 0.060472 0.139626
vt 0.230472 -0.223402
vt 0.060472 -0.223402
vt 0.060472 -0.279253
vt 0.230472 -0.279253
vt -0.022981 -0.248709
vt 0.022981 -0.248709
vt 0.022981 -0.165806
vt -0.022981 -0.165806
vt -0.280000 -0.335103
vt 0.000000 -0.335103
vt 0.000000 -0.167552
vt -0.280000 -0.167552
vt -0.014142 1.225221
vt -0.014142 0.952950
vt 0.014142 0.952950
vt 0.014142 1.225221
vt -0.022981 -0.207258
vt 0.022981 -0.207258
vt -0.022981 -0.207258
vt 0.022981 -0.207258
vt 0.347168 -0.214675
vt 0.079668 -0.214675
vt -0.021213 0.298451
vt 0.021213 0.298451
vt -0.399668 0.071558
vt -0.132168 0.071558
vt -0.132168 0.143117
vt -0.399668 0.143117
vt -0.235000 -0.698132
vt -0.235000 -0.977384
vt -0.065000 -0.977384
vt -0.065000 -0.698132
vt -0.631218 -0.611572
vt -0.586391 -0.642959
vt -0.531876 -0.638190
vt -0.493181 -0.599495
vt -0.488411 -0.544980
vt -0.519799 -0.500153
vt -0.572658 -0.485990
vt -0.622254 -0.509117
vt -0.645381 -0.558713
vt 0.021213 0.331613
vt -0.021213 0.331613
vt 0.347168 -0.107338
vt 0.347168 -0.035779
vt 0.079668 -0.035779
vt 0.079668 -0.107338
vt -0.021213 0.099484
vt 0.021213 0.099484
vt -1.000414 0.883562
vt -0.860000 0.800000
vt -0.916149 0.954269
vt -1.058324 1.036354
vt -1.220000 1.007846
vt -1.325526 0.882085
vt -1.325526 0.717915
vt -1.165000 0.687417
vt -1.222160 0.755537
vt -1.222160 0.844463
vt -1.165000 0.912583
vt -1.077426 0.928025
vt 0.230472 0.139626
vt 0.230472 0.195477
vt 0.060472 0.195477
vt 0.060472 0.139626
vt 0.924668 -0.107338
vt 0.924668 -0.035779
vt 0.107168 -0.035779
vt 0.107168 -0.107338
vt -0.280000 0.000000
vt 0.000000 0.000000
vt 0.230472 -0.139626
vt 0.060472 -0.139626
vt 0.714668 -0.322013
vt 0.097168 -0.322013
vt 0.230472 0.027925
vt 0.230472 0.083776
vt 0.060472 0.083776
vt 0.060472 0.027925
vt -0.021213 -0.099484
vt 0.021213 -0.099484
vt -0.022981 0.124355
vt 0.022981 0.124355
vt -0.021213 -1.197296
vt 0.021213 -1.197296
vt -0.022981 -0.207258
vt 0.022981 -0.207258
vt -0.900000 0.272271
vt -0.280000 0.272271
vt 0.230472 0.195477
vt 0.230472 0.251327
vt 0.060472 0.251327
vt 0.060472 0.195477
vt 0.141421 -1.660000
vt 0.141421 1.660000
vt -0.141421 1.660000
vt -0.141421 -1.660000
vt -0.235000 0.418879
vt -0.065000 0.418879
vt -0.021213 0.298451
vt 0.021213 0.298451
vt -0.021213 0.165806
vt -0.021213 0.099484
vt 0.021213 0.099484
vt 0.021213 0.165806
vt -0.022981 0.373064
vt 0.022981 0.373064
vt -0.021213 -0.298451
vt 0.021213 -0.298451
vt -0.021213 -0.099484
vt 0.021213 -0.099484
vt 0.924668 -0.035779
vt 0.107168 -0.035779
vt -0.022981 0.290161
vt -0.022981 0.207258
vt 0.022981 0.207258
vt 0.022981 0.290161
vt -0.021213 -0.165806
vt 0.021213 -0.165806
vt 0.347168 -0.107338
vt 0.079668 -0.107338
vt -0.079668 0.071558
vt -0.347168 0.071558
vt 0.230472 0.083776
vt 0.060472 0.083776
vt -0.021213 -0.232129
vt 0.021213 -0.232129
vt -0.021213 0.033161
vt 0.021213 0.033161
vt -0.021213 -0.265290
vt 0.021213 -0.265290
vt 0.021213 -0.198968
vt -0.021213 -0.198968
vt -0.021213 0.232129
vt -0.021213 0.165806
vt 0.021213 0.165806
vt 0.021213 0.232129
vt -0.014142 3.031637
vt 0.014142 3.031637
vt -0.021213 0.165806
vt -0.021213 0.099484
vt 0.021213 0.099484
vt 0.021213 0.165806
vt 0.347168 0.322013
vt 0.079668 0.322013
vt -0.000000 -0.549779
vt -0.000000 -0.392699
vt -0.235000 -0.392699
vt -0.235000 -0.549779
vt 0.230472 0.027925
vt 0.230472 0.083776
vt 0.060472 0.083776
vt 0.060472 0.027925
vt -0.022981 0.248709
vt 0.022981 0.248709
vt -0.280000 -0.335103
vt 0.000000 -0.335103
vt -0.280000 -0.502655
vt 0.000000 -0.502655
vt -0.010607 0.645335
vt 0.010607 0.645335
vt 0.010607 0.797179
vt -0.010607 0.797179
vt -0.900000 -0.363028
vt -0.280000 -0.363028
vt -0.028284 0.124853
vt -0.028284 -0.124853
vt 0.028284 -0.141421
vt 0.028284 0.141421
vt -0.022981 -0.290161
vt -0.022981 -0.373064
vt 0.022981 -0.373064
vt 0.022981 -0.290161
vt 0.000000 0.502655
vt -0.280000 0.502655
vt -0.000000 -0.392699
vt -0.235000 -0.392699
vt -0.021213 -0.033161
vt 0.021213 -0.033161
vt -0.021213 -0.033161
vt -0.021213 -0.099484
vt 0.021213 -0.099484
vt 0.021213 -0.033161
vt -0.235000 0.698132
vt -0.235000 0.418879
vt -0.065000 0.418879
vt -0.065000 0.698132
vt 0.079668 -0.071558
vt 0.347168 -0.071558
vt 0.347168 0.000000
vt 0.079668 0.000000
vt 0.557337 -0.800000
vt 0.565000 -0.800000
vt 0.565000 -0.794607
vt -0.347168 -0.286234
vt -0.079668 -0.286234
vt 0.714668 -0.322013
vt 0.714668 -0.250455
vt 0.097168 -0.250455
vt 0.097168 -0.322013
vt 0.347168 0.178896
vt 0.079668 0.178896
vt -0.021213 0.232129
vt 0.021213 0.232129
vt 0.347168 0.250455
vt 0.347168 0.322013
vt 0.079668 0.322013
vt 0.079668 0.250455
vt 0.924668 -0.322013
vt 0.924668 -0.250455
vt 0.107168 -0.250455
vt 0.107168 -0.322013
vt -0.750000 1.100000
vt -1.040000 0.810000
vt -0.000000 0.810000
vt -0.000000 2.610000
vt -1.040000 2.610000
vt -0.750000 2.320000
vt -1.300000 -0.850000
vt -0.000000 -0.850000
vt -0.000000 0.000000
vt -0.220000 0.000000
vt -0.220000 -0.360000
vt -1.300000 -0.360000
vt 0.230472 -0.083776
vt 0.060472 -0.083776
vt 0.028284 0.520000
vt -0.028284 0.520000
vt -0.028284 -0.520000
vt 0.028284 -0.560000
vt -0.235000 -0.139626
vt -0.065000 -0.139626
vt -0.347168 -0.035779
vt -0.347168 -0.107338
vt -0.079668 -0.107338
vt -0.079668 -0.035779
vt -0.022981 0.124355
vt -0.022981 0.041452
vt 0.022981 0.041452
vt 0.022981 0.124355
vt -0.022981 -0.041452
vt 0.022981 -0.041452
vt -0.021213 0.232129
vt -0.021213 0.165806
vt 0.021213 0.165806
vt 0.021213 0.232129
vt 0.079668 0.143117
vt 0.347168 0.143117
vt 0.230472 -0.251327
vt 0.230472 -0.195477
vt 0.060472 -0.195477
vt 0.060472 -0.251327
vt -0.021213 0.298451
vt -0.021213 0.232129
vt 0.021213 0.232129
vt 0.021213 0.298451
vt -0.022981 0.290161
vt -0.022981 0.207258
vt 0.022981 0.207258
vt 0.022981 0.290161
vt 0.076955 -0.211431
vt -0.076955 -0.211431
vt 0.065986 -0.374227
vt 0.291097 -0.244259
vt -0.078520 0.065886
vt -0.102500 0.000000
vt -0.078520 -0.065886
vt -0.017799 -0.100943
vt 0.051250 -0.088768
vt 0.096318 -0.035057
vt 0.096318 0.035057
vt 0.051250 0.088768
vt -0.017799 0.100943
vt 1.548750 0.088768
vt 1.503682 0.035057
vt 1.503682 -0.035057
vt 1.548750 -0.088768
vt 1.617799 -0.100943
vt 1.678520 -0.065886
vt 1.702500 0.000000
vt 1.678520 0.065886
vt 1.617799 0.100943
vt -0.700000 -0.272271
vt -0.280000 -0.272271
vt -0.280000 -0.181514
vt -0.700000 -0.181514
vt -0.022981 0.082903
vt 0.022981 0.082903
vt 0.714668 -0.250455
vt 0.097168 -0.250455
vt -0.079668 -0.143117
vt -0.347168 -0.143117
vt -0.022981 0.290161
vt 0.022981 0.331613
vt -0.022981 0.373064
vt -0.022981 -0.373064
vt 0.022981 -0.414516
vt 0.022981 -0.331613
vt -0.022981 -0.290161
vt 0.022981 -0.248709
vt -0.022981 -0.207258
vt 0.022981 -0.165806
vt -0.022981 -0.124355
vt 0.022981 -0.082903
vt -0.022981 -0.041452
vt 0.022981 0.000000
vt -0.022981 0.041452
vt 0.022981 0.082903
vt -0.022981 0.124355
vt 0.022981 0.165806
vt -0.022981 0.207258
vt 0.022981 0.248709
vt -0.021213 0.232129
vt 0.021213 0.232129
vt 0.399668 -0.143117
vt 0.132168 -0.143117
vt -0.022981 -0.124355
vt 0.022981 -0.124355
vt 0.132168 0.143117
vt 0.399668 0.143117
vt -0.022981 0.373064
vt 0.022981 0.373064
vt -0.022981 0.331613
vt 0.022981 0.331613
vt 0.022981 0.414516
vt -0.022981 0.414516
vt -0.022981 0.165806
vt 0.022981 0.165806
vt -0.014142 -1.684243
vt 0.014142 -1.684243
vt -0.014142 1.684243
vt 0.014142 1.684243
vt 0.014142 0.778199
vt -0.014142 0.336849
vt 0.014142 0.336849
vt 0.014142 0.020290
vt -0.014142 -0.336849
vt 0.014142 -0.336849
vt 0.014142 -0.737619
vt -0.014142 -1.010546
vt 0.014142 -1.010546
vt 0.014142 -1.495528
vt -0.014142 0.680678
vt 0.014142 0.680678
vt -0.700000 0.272271
vt -0.280000 0.272271
vt -0.022981 0.041452
vt 0.022981 0.041452
vt 0.000000 0.167552
vt -0.280000 0.167552
vt 0.980000 -3.407846
vt 0.874474 -3.282085
vt -0.916149 -3.354269
vt -0.628779 0.655792
vt -0.556098 0.675267
vt -0.477500 0.827054
vt -0.660940 0.689335
vt -0.671937 0.594156
vt 0.347168 -0.322013
vt 0.079668 -0.322013
vt -0.235000 0.139626
vt -0.065000 0.139626
vt -0.028284 1.208431
vt -0.028284 -1.208431
vt 0.028284 -1.225000
vt 0.028284 1.225000
vt -0.435000 3.063053
vt -0.435000 2.382374
vt -0.255000 2.382374
vt -0.255000 3.063053
vt 0.000000 0.837758
vt -0.280000 0.837758
vt -0.235000 -1.256637
vt -0.065000 -1.256637
vt -0.132168 0.214675
vt -0.399668 0.214675
vt -0.280000 -0.670206
vt 0.000000 -0.670206
vt 0.000000 -0.502655
vt -0.280000 -0.502655
vt 0.022981 -0.082903
vt -0.022981 -0.082903
vt -0.700000 0.181514
vt -0.280000 0.181514
vt 0.079668 0.143117
vt 0.347168 0.143117
vt -0.900000 -0.363028
vt -0.280000 -0.363028
vt 0.347168 -0.286234
vt 0.079668 -0.286234
vt 0.079668 -0.357792
vt 0.347168 -0.357792
vt 0.924668 -0.322013
vt 0.924668 -0.250455
vt 0.107168 -0.250455
vt 0.107168 -0.322013
vt 0.022981 -0.082903
vt -0.022981 -0.082903
vt -0.022981 -0.041452
vt 0.022981 -0.041452
vt 0.000000 0.502655
vt -0.280000 0.502655
vt -0.022981 -0.207258
vt 0.022981 -0.207258
vt -0.021213 -0.099484
vt -0.021213 -0.165806
vt 0.021213 -0.165806
vt 0.021213 -0.099484
vt -0.022981 0.041452
vt 0.022981 0.041452
vt -0.487904 0.643467
vt -0.456104 0.575273
vt -0.103366 0.837622
vt -0.055000 0.895263
vt 0.019101 0.908329
vt 0.084265 0.870707
vt 0.110000 0.800000
vt 0.519197 0.665379
vt 0.477500 0.827054
vt 0.020078 0.954789
vt -0.165834 0.940491
vt -0.731572 0.613862
vt -0.955000 -0.000000
vt -0.655792 -0.628779
vt -0.675267 -0.556098
vt -0.870707 -0.084265
vt -0.908329 -0.019101
vt -0.895263 0.055000
vt -0.671937 0.594156
vt -0.628779 0.655792
vt -0.556098 0.675267
vt -0.021213 0.298451
vt 0.021213 0.298451
vt -0.022981 -0.124355
vt 0.022981 -0.124355
vt 0.221582 0.039071
vt 0.194856 -0.112500
vt 0.380000 -0.000000
vt 0.291097 0.244259
vt 0.065986 0.374227
vt -0.190000 0.329090
vt -0.357083 0.129968
vt -0.357083 -0.129968
vt -0.190000 -0.329090
vt -0.194856 -0.112500
vt -0.221582 0.039071
vt -0.144627 0.172360
vt -0.000000 0.225000
vt 0.144627 0.172360
vt 0.714668 0.322013
vt 0.097168 0.322013
vt -0.280000 -0.090757
vt -0.700000 -0.090757
vt 0.230472 0.139626
vt 0.060472 0.139626
vt 0.347168 -0.322013
vt 0.079668 -0.322013
vt 0.230472 -0.083776
vt 0.060472 -0.083776
vt -0.021213 0.855211
vt 0.021213 0.855211
vt -0.280000 -0.670206
vt 0.000000 -0.670206
vt 0.347168 -0.250455
vt 0.079668 -0.250455
vt -0.700000 -0.090757
vt -0.280000 -0.090757
vt -0.280000 0.000000
vt -0.700000 0.000000
vt -0.022981 0.124355
vt -0.022981 0.041452
vt 0.022981 0.041452
vt 0.022981 0.124355
vt -0.010607 -0.265726
vt 0.010607 -0.265726
vt 0.347168 0.286234
vt 0.079668 0.286234
vt -0.021213 -0.298451
vt 0.021213 -0.298451
vt 0.010607 0.189805
vt -0.010607 0.189805
vt 0.714668 0.035779
vt 0.714668 0.107338
vt 0.097168 0.107338
vt 0.097168 0.035779
vt -0.022981 -0.041452
vt -0.022981 -0.124355
vt 0.022981 -0.124355
vt 0.022981 -0.041452
vt -0.022981 0.373064
vt 0.022981 0.373064
vt -0.021213 0.232129
vt 0.021213 0.232129
vt -0.021213 0.099484
vt 0.021213 0.099484
vt 0.021213 -0.132645
vt -0.021213 -0.132645
vt -1.000414 -3.116438
vt -0.010607 -0.113883
vt 0.010607 -0.113883
vt -0.021213 -0.099484
vt -0.021213 -0.165806
vt 0.021213 -0.165806
vt 0.021213 -0.099484
vt 0.230472 0.251327
vt 0.060472 0.251327
vt -0.280000 0.363028
vt -0.900000 0.363028
vt 0.230472 0.111701
vt 0.060472 0.111701
vt 0.060472 0.055851
vt 0.230472 0.055851
vt 0.230472 -0.083776
vt 0.230472 -0.027925
vt 0.060472 -0.027925
vt 0.060472 -0.083776
vt 0.230472 0.251327
vt 0.060472 0.251327
vt -0.280000 0.335103
vt 0.000000 0.335103
vt -0.000000 -0.706858
vt -0.235000 -0.706858
vt 0.040000 0.730718
vt 0.075175 0.772638
vt 0.075175 0.827362
vt 0.040000 0.869282
vt -0.013892 0.878785
vt -0.061284 0.851423
vt -0.080000 0.800000
vt -0.061284 0.748577
vt -0.013892 0.721215
vt -0.021213 0.099484
vt -0.021213 0.033161
vt 0.021213 0.033161
vt 0.021213 0.099484
vt 0.230472 0.083776
vt 0.060472 0.083776
vt -0.631218 -0.611572
vt -0.586391 -0.642959
vt -0.531876 -0.638190
vt -0.493181 -0.599495
vt -0.488411 -0.544980
vt -0.519799 -0.500153
vt -0.572658 -0.485990
vt -0.622254 -0.509117
vt -0.645381 -0.558713
vt -0.665886 -0.321480
vt -0.700943 -0.382201
vt -0.688768 -0.451250
vt -0.635057 -0.496318
vt -0.564943 -0.496318
vt -0.511232 -0.451250
vt -0.499057 -0.382201
vt -0.534114 -0.321480
vt -0.600000 -0.297500
vt 0.075175 -0.827362
vt 0.075175 -0.772638
vt 0.040000 -0.730718
vt -0.013892 -0.721215
vt -0.061284 -0.748577
vt -0.080000 -0.800000
vt -0.061284 -0.851423
vt -0.013892 -0.878785
vt 0.040000 -0.869282
vt 0.230472 -0.167552
vt 0.060472 -0.167552
vt -0.067500 0.116913
vt -0.126859 0.046173
vt -0.126859 -0.046173
vt -0.122160 -0.044463
vt -0.122160 0.044463
vt -0.065000 0.112583
vt 0.022574 0.128025
vt 0.099586 0.083562
vt 0.130000 0.000000
vt 0.099586 -0.083562
vt 0.022574 -0.128025
vt -0.065000 -0.112583
vt -0.067500 -0.116913
vt 0.023443 -0.132949
vt 0.103416 -0.086776
vt 0.135000 0.000000
vt 0.103416 0.086776
vt 0.023443 0.132949
vt -0.022981 0.124355
vt 0.022981 0.124355
vt -0.021213 -1.539380
vt 0.021213 -1.539380
vt -0.280000 -0.502655
vt 0.000000 -0.502655
vt -0.399668 -0.214675
vt -0.132168 -0.214675
vt -0.132168 -0.143117
vt -0.399668 -0.143117
vt 0.160000 1.703441
vt 0.210000 1.703441
vt 0.210000 2.129302
vt 0.160000 2.129302
vt 0.230472 -0.083776
vt 0.230472 -0.027925
vt 0.060472 -0.027925
vt 0.060472 -0.083776
vt -0.700000 0.000000
vt -0.280000 0.000000
vt 0.347168 -0.178896
vt 0.079668 -0.178896
vt 0.714668 0.035779
vt 0.097168 0.035779
vt 0.924668 0.035779
vt 0.107168 0.035779
vt 0.000000 -0.167552
vt -0.280000 -0.167552
vt -0.021213 -0.298451
vt 0.021213 -0.298451
vt -0.021213 -0.099484
vt 0.021213 -0.099484
vt -0.021213 -0.099484
vt 0.021213 -0.099484
vt -0.022981 -0.373064
vt 0.022981 -0.373064
vt -0.021213 1.539380
vt -0.021213 1.197296
vt 0.021213 1.197296
vt 0.021213 1.539380
vt 0.347168 0.322013
vt 0.079668 0.322013
vt -0.028284 0.340000
vt -0.028284 -0.340000
vt 0.028284 -0.340000
vt 0.028284 0.340000
vt -0.280000 -0.670206
vt 0.000000 -0.670206
vt -0.021213 -0.132645
vt 0.021213 -0.132645
vt -0.021213 -0.099484
vt 0.021213 -0.099484
vt -0.700000 -0.363028
vt -0.280000 -0.363028
vt -0.280000 -0.272271
vt -0.700000 -0.272271
vt -0.021213 -0.099484
vt 0.021213 -0.099484
vt -0.022981 -0.373064
vt 0.022981 -0.373064
vt -0.079668 0.000000
vt -0.347168 0.000000
vt -0.021213 0.298451
vt -0.021213 0.232129
vt 0.021213 0.232129
vt 0.021213 0.298451
vt -0.435000 -0.340339
vt -0.435000 -1.021018
vt -0.255000 -1.021018
vt -0.255000 -0.340339
vt 0.230472 0.195477
vt 0.230472 0.251327
vt 0.060472 0.251327
vt 0.060472 0.195477
vt -0.021213 0.232129
vt -0.021213 0.165806
vt 0.021213 0.165806
vt 0.021213 0.232129
vt 0.230472 -0.139626
vt 0.060472 -0.139626
vt -0.021213 0.165806
vt 0.021213 0.165806
vt 0.160000 -1.277581
vt 0.210000 -1.277581
vt -0.347168 -0.071558
vt -0.079668 -0.071558
vt -0.079668 -0.000000
vt -0.347168 -0.000000
vt 0.230472 0.083776
vt 0.060472 0.083776
vt 0.230472 -0.055851
vt 0.060472 -0.055851
vt 0.060472 -0.111701
vt 0.230472 -0.111701
vt -0.021213 0.033161
vt 0.021213 0.033161
vt -0.028284 0.340000
vt -0.028284 -0.340000
vt 0.028284 -0.340000
vt 0.028284 0.340000
vt 0.230472 -0.083776
vt 0.230472 -0.027925
vt 0.060472 -0.027925
vt 0.060472 -0.083776
vt 0.230472 -0.083776
vt 0.060472 -0.083776
vt -0.280000 0.335103
vt 0.000000 0.335103
vt -0.022981 -0.290161
vt -0.022981 -0.373064
vt 0.022981 -0.373064
vt 0.022981 -0.290161
vt -0.021213 -0.265290
vt 0.021213 -0.265290
vt 0.021213 -0.198968
vt -0.021213 -0.198968
vt 0.714668 -0.322013
vt 0.097168 -0.322013
vt -0.021213 -0.265290
vt 0.021213 -0.265290
vt -0.021213 -0.099484
vt 0.021213 -0.099484
vt -0.021213 0.066323
vt 0.021213 0.066323
vt -0.347168 0.322013
vt -0.079668 0.322013
vt -0.021213 -0.165806
vt -0.021213 -0.232129
vt 0.021213 -0.232129
vt 0.021213 -0.165806
vt -0.022981 -0.041452
vt -0.022981 -0.124355
vt 0.022981 -0.124355
vt 0.022981 -0.041452
vt 0.000000 0.167552
vt -0.280000 0.167552
vt -0.280000 0.000000
vt 0.000000 0.000000
vt -0.700000 -0.363028
vt -0.280000 -0.363028
vt -0.021213 0.298451
vt 0.021213 0.298451
vt -0.280000 0.453786
vt -0.900000 0.453786
vt -0.280000 0.670206
vt 0.000000 0.670206
vt 0.000000 0.837758
vt -0.280000 0.837758
vt -0.079668 0.357792
vt -0.347168 0.357792
vt -0.079668 -0.143117
vt -0.347168 -0.143117
vt -0.014142 0.136136
vt -0.014142 -0.136136
vt 0.014142 -0.136136
vt 0.014142 0.136136
vt -0.028284 0.124853
vt -0.028284 -0.124853
vt 0.028284 -0.141421
vt 0.028284 0.141421
vt 0.714668 -0.250455
vt 0.714668 -0.178896
vt 0.097168 -0.178896
vt 0.097168 -0.250455
vt -0.010000 2.997112
vt -0.010000 3.128994
vt -0.190000 3.403392
vt -0.014142 -1.225221
vt 0.014142 -1.225221
vt 0.230472 -0.195477
vt 0.060472 -0.195477
vt 0.230472 -0.083776
vt 0.230472 -0.027925
vt 0.060472 -0.027925
vt 0.060472 -0.083776
vt -0.700000 0.000000
vt -0.280000 0.000000
vt -0.280000 0.000000
vt 0.000000 0.000000
vt -0.022981 0.041452
vt 0.022981 0.041452
vt -0.900000 -0.181514
vt -0.280000 -0.181514
vt -0.280000 -0.090757
vt -0.900000 -0.090757
vt 0.230472 0.251327
vt 0.060472 0.251327
vt -0.347168 -0.286234
vt -0.079668 -0.286234
vt -0.700000 -0.363028
vt -0.280000 -0.363028
vt -0.099447 0.000000
vt -0.099447 -0.100000
vt -0.094053 -0.100000
vt -0.094053 0.000000
vt 0.980000 -2.992154
vt 1.141676 -2.963646
vt 1.283851 -3.045731
vt -0.022981 -0.082903
vt 0.022981 -0.082903
vt 0.022981 0.000000
vt -0.022981 -0.000000
vt 0.347168 -0.143117
vt 0.079668 -0.143117
vt -0.280000 -0.181514
vt -0.700000 -0.181514
vt 0.023443 0.132949
vt -0.065000 0.112583
vt 0.022574 0.128025
vt 0.099586 0.083562
vt 0.130000 0.000000
vt 0.099586 -0.083562
vt 0.022574 -0.128025
vt -0.065000 -0.112583
vt -0.122160 -0.044463
vt -0.122160 0.044463
vt -0.067500 0.116913
vt -0.126859 0.046173
vt -0.126859 -0.046173
vt -0.067500 -0.116913
vt 0.023443 -0.132949
vt 0.103416 -0.086776
vt 0.135000 0.000000
vt 0.103416 0.086776
vt 0.060472 0.000000
vt 0.230472 0.000000
vt -0.970000 -3.200000
vt -1.000414 -3.283562
vt -0.916149 -3.354269
vt -0.860000 -3.200000
vt 0.511232 -0.348750
vt 0.499057 -0.417799
vt 0.534114 -0.478520
vt 0.600000 -0.502500
vt 0.665886 -0.478520
vt 0.700943 -0.417799
vt 0.688768 -0.348750
vt 0.635057 -0.303682
vt 0.564943 -0.303682
vt 1.283851 0.954269
vt 1.340000 0.800000
vt 1.283851 0.645731
vt 1.141676 0.563646
vt 0.980000 0.592154
vt 0.874474 0.717915
vt 0.874474 0.882085
vt 0.980000 1.007846
vt 0.350000 1.085000
vt 0.350000 0.945000
vt 0.240000 0.945000
vt 0.711139 0.667013
vt 0.958418 0.179055
vt 0.903994 -0.365267
vt 0.565000 -0.794607
vt 0.565000 -0.800000
vt 1.385000 -0.800000
vt 1.385000 0.908431
vt 1.208431 1.085000
vt -1.058324 -3.436354
vt -0.916149 -3.354269
vt -1.000414 -3.283562
vt -1.077426 -3.328025
vt -1.220000 -3.407846
vt 0.347168 0.250455
vt 0.347168 0.322013
vt 0.079668 0.322013
vt 0.079668 0.250455
vt 0.230472 -0.251327
vt 0.060472 -0.251327
vt -0.347168 0.250455
vt -0.079668 0.250455
vt -0.675267 -0.556098
vt 1.141676 1.036354
vt 1.199586 0.883562
vt 1.283851 0.954269
vt 0.022981 0.082903
vt -0.022981 0.082903
vt -0.022981 0.000000
vt 0.022981 0.000000
vt 0.645381 0.558713
vt 0.631218 0.611572
vt 0.586391 0.642959
vt 0.531876 0.638190
vt 0.493181 0.599495
vt 0.488411 0.544980
vt 0.519799 0.500153
vt 0.572658 0.485990
vt 0.622254 0.509117
vt 0.230472 0.139626
vt 0.060472 0.139626
vt -0.126859 -0.046173
vt -0.067500 -0.116913
vt -0.122160 -0.044463
vt -0.122160 0.044463
vt -0.065000 0.112583
vt 0.022574 0.128025
vt -0.067500 0.116913
vt -0.126859 0.046173
vt 0.028284 -0.141421
vt 0.028284 0.141421
vt -0.028284 0.124853
vt -0.028284 -0.124853
vt -0.021213 1.539380
vt 0.021213 1.539380
vt -0.280000 -0.181514
vt -0.900000 -0.181514
vt 0.200000 0.040000
vt 1.925000 0.040000
vt 1.925000 0.850000
vt 3.821584 1.186776
vt 3.901557 1.232949
vt 3.992500 1.216913
vt 3.901557 2.167051
vt 1.651859 1.053827
vt 1.592500 0.983087
vt 1.501557 0.967051
vt 1.421584 1.013224
vt 1.390000 1.100000
vt 1.421584 1.186776
vt -1.325526 0.717915
vt -1.222160 0.755537
vt -1.222160 0.844463
vt -1.325526 0.882085
vt 0.230472 -0.167552
vt 0.060472 -0.167552
vt 0.060472 -0.223402
vt 0.230472 -0.223402
vt 0.924668 0.322013
vt 0.107168 0.322013
vt 0.160000 1.703441
vt 0.210000 1.703441
vt 0.210000 2.129302
vt 0.160000 2.129302
vt 0.230472 -0.139626
vt 0.060472 -0.139626
vt 0.021213 0.331613
vt -0.021213 0.331613
vt -0.022981 0.373064
vt 0.022981 0.373064
vt -1.222160 -3.244463
vt -1.222160 -3.155537
vt -1.165000 -3.087417
vt -1.325526 -3.117915
vt -1.325526 -3.282085
vt -1.220000 -3.407846
vt -1.058324 -3.436354
vt -1.077426 -3.328025
vt -1.165000 -3.312583
vt -0.557337 -0.800000
vt -0.196406 -0.955013
vt 0.196406 -0.955013
vt 0.557337 -0.800000
vt 0.230472 0.139626
vt 0.060472 0.139626
vt -0.021213 0.298451
vt -0.021213 0.232129
vt 0.021213 0.232129
vt 0.021213 0.298451
vt 0.230472 0.139626
vt 0.060472 0.139626
vt 0.347168 0.035779
vt 0.347168 0.107338
vt 0.079668 0.107338
vt 0.079668 0.035779
vt -0.021213 -0.232129
vt -0.021213 -0.298451
vt 0.021213 -0.298451
vt 0.021213 -0.232129
vt 0.230472 0.251327
vt 0.060472 0.251327
vt -0.900000 0.363028
vt -0.280000 0.363028
vt -0.280000 0.453786
vt -0.900000 0.453786
vt 0.160000 1.277581
vt 0.210000 1.277581
vt 0.060472 -0.055851
vt 0.230472 -0.055851
vt -0.280000 -0.167552
vt 0.000000 -0.167552
vt 0.000000 0.000000
vt -0.280000 0.000000
vt 0.230472 0.027925
vt 0.060472 0.027925
vt -0.022981 0.082903
vt 0.022981 0.082903
vt -0.347168 -0.071558
vt -0.079668 -0.071558
vt -0.099447 0.000000
vt -0.099447 -0.100000
vt -0.094053 -0.100000
vt -0.094053 0.000000
vt 0.000000 0.837758
vt -0.280000 0.837758
vt 0.230472 0.195477
vt 0.230472 0.251327
vt 0.060472 0.251327
vt 0.060472 0.195477
vt -0.021213 0.165806
vt 0.021213 0.165806
vt -0.022981 0.124355
vt -0.022981 0.041452
vt 0.022981 0.041452
vt 0.022981 0.124355
vt 0.028284 -0.141421
vt 0.028284 0.141421
vt -0.028284 0.124853
vt -0.028284 -0.124853
vt -0.280000 -0.670206
vt 0.000000 -0.670206
vt -0.022981 0.207258
vt 0.022981 0.207258
vt -0.021213 0.298451
vt 0.021213 0.298451
vt 0.103416 0.086776
vt 0.099586 0.083562
vt 0.130000 0.000000
vt 0.099586 -0.083562
vt 0.022574 -0.128025
vt -0.065000 -0.112583
vt -0.122160 -0.044463
vt -0.122160 0.044463
vt -0.067500 0.116913
vt -0.126859 0.046173
vt -0.126859 -0.046173
vt -0.067500 -0.116913
vt 0.023443 -0.132949
vt 0.103416 -0.086776
vt 0.135000 0.000000
vt 0.347168 0.107338
vt 0.079668 0.107338
vt -0.022981 -0.248709
vt 0.022981 -0.248709
vt 0.022981 -0.165806
vt -0.022981 -0.165806
vt -0.280000 0.453786
vt -0.700000 0.453786
vt -0.700000 0.363028
vt -0.280000 0.363028
vt -0.280000 0.453786
vt -0.700000 0.453786
vt 0.347168 0.071558
vt 0.079668 0.071558
vt 0.079668 0.000000
vt 0.347168 0.000000
vt 0.055645 -0.125227
vt -0.063935 -0.125227
vt 0.055645 -0.161007
vt 0.055645 -0.053669
vt -0.063935 -0.053669
vt 0.055645 -0.089448
vt 0.055645 0.017890
vt -0.063935 0.017890
vt 0.055645 -0.017890
vt 0.055645 0.089448
vt -0.063935 0.089448
vt 0.055645 0.053669
vt 0.055645 0.161007
vt -0.063935 0.161007
vt 0.055645 0.125227
vt -0.063935 0.053669
vt -0.063935 0.125227
vt -0.063935 -0.017890
vt -0.063935 -0.089448
vt -0.022981 -0.373064
vt 0.022981 -0.373064
vt -0.022981 -0.207258
vt -0.022981 -0.290161
vt 0.022981 -0.290161
vt 0.022981 -0.207258
vt -0.280000 -0.167552
vt 0.000000 -0.167552
vt 0.000000 0.000000
vt -0.280000 0.000000
vt 0.230472 0.027925
vt 0.060472 0.027925
vt 0.924668 -0.322013
vt 0.107168 -0.322013
vt -0.021213 -0.165806
vt -0.021213 -0.232129
vt 0.021213 -0.232129
vt 0.021213 -0.165806
vt 0.230472 0.251327
vt 0.060472 0.251327
vt -0.280000 0.167552
vt 0.000000 0.167552
vt 0.135000 0.000000
vt 0.130000 0.000000
vt 0.099586 -0.083562
vt 0.022574 -0.128025
vt -0.065000 -0.112583
vt -0.122160 -0.044463
vt -0.126859 0.046173
vt -0.126859 -0.046173
vt -0.067500 -0.116913
vt 0.023443 -0.132949
vt 0.103416 -0.086776
vt -0.022981 0.373064
vt -0.022981 0.290161
vt 0.022981 0.290161
vt 0.022981 0.373064
vt -0.021213 -0.298451
vt 0.021213 -0.298451
vt -0.700000 -0.363028
vt -0.280000 -0.363028
vt -0.022981 -0.373064
vt 0.022981 -0.373064
vt 0.714668 -0.107338
vt 0.714668 -0.035779
vt 0.097168 -0.035779
vt 0.097168 -0.107338
vt 0.230472 -0.027925
vt 0.230472 0.027925
vt 0.060472 0.027925
vt 0.060472 -0.027925
vt -0.700000 -0.363028
vt -0.280000 -0.363028
vt -0.900000 0.272271
vt -0.280000 0.272271
vt -0.280000 0.363028
vt -0.900000 0.363028
vt -0.280000 -0.335103
vt -0.000000 -0.335103
vt -0.000000 -0.167552
vt -0.280000 -0.167552
vt 0.055645 -0.125227
vt -0.063935 -0.125227
vt 0.055645 -0.161007
vt 0.055645 -0.053669
vt -0.063935 -0.053669
vt 0.055645 -0.089448
vt 0.055645 0.017890
vt -0.063935 0.017890
vt 0.055645 -0.017890
vt 0.055645 0.089448
vt -0.063935 0.089448
vt 0.055645 0.053669
vt 0.055645 0.161007
vt -0.063935 0.161007
vt 0.055645 0.125227
vt -0.063935 0.053669
vt -0.063935 0.125227
vt -0.063935 -0.017890
vt -0.063935 -0.089448
vt 0.347168 0.143117
vt 0.079668 0.143117
vt 0.714668 0.250455
vt 0.097168 0.250455
vt -0.022981 -0.331613
vt 0.022981 -0.331613
vt 0.022981 -0.248709
vt -0.022981 -0.248709
vt 0.000000 0.837758
vt -0.280000 0.837758
vt 0.022574 -0.128025
vt -0.065000 -0.112583
vt -0.122160 -0.044463
vt -0.122160 0.044463
vt -0.126859 -0.046173
vt -0.067500 -0.116913
vt 0.023443 -0.132949
vt 0.103416 -0.086776
vt 0.135000 0.000000
vt 0.103416 0.086776
vt 0.023443 0.132949
vt -0.067500 0.116913
vt -0.065000 0.112583
vt 0.022574 0.128025
vt 0.099586 0.083562
vt 0.130000 0.000000
vt 0.099586 -0.083562
vt -0.028284 -0.420931
vt 0.028284 -0.437500
vt 0.028284 0.437500
vt -0.028284 0.437500
vt -0.021213 0.033161
vt -0.021213 -0.033161
vt 0.021213 -0.033161
vt 0.021213 0.033161
vt -0.021213 -0.033161
vt -0.021213 -0.099484
vt 0.021213 -0.099484
vt 0.021213 -0.033161
vt -0.280000 -0.090757
vt -0.700000 -0.090757
vt -0.014142 -3.031637
vt 0.014142 -3.031637
vt 0.079668 -0.357792
vt 0.347168 -0.357792
vt 0.347168 -0.035779
vt 0.079668 -0.035779
vt -0.599495 0.493181
vt -0.544980 0.488411
vt -0.500153 0.519799
vt -0.485990 0.572658
vt -0.509117 0.622254
vt -0.558713 0.645381
vt -0.611572 0.631218
vt -0.642959 0.586391
vt -0.638190 0.531876
vt 0.714668 -0.250455
vt 0.714668 -0.178896
vt 0.097168 -0.178896
vt 0.097168 -0.250455
vt 0.055645 -0.125227
vt -0.063935 -0.125227
vt 0.055645 -0.161007
vt 0.055645 -0.053669
vt -0.063935 -0.053669
vt 0.055645 -0.089448
vt 0.055645 0.017890
vt -0.063935 0.017890
vt 0.055645 -0.017890
vt 0.055645 0.089448
vt -0.063935 0.089448
vt 0.055645 0.053669
vt 0.055645 0.161007
vt -0.063935 0.161007
vt 0.055645 0.125227
vt -0.063935 0.053669
vt -0.063935 0.125227
vt -0.063935 -0.017890
vt -0.063935 -0.089448
vt 0.347168 0.178896
vt 0.079668 0.178896
vt -0.347168 0.071558
vt -0.079668 0.071558
vt -0.079668 0.143117
vt -0.347168 0.143117
vt -0.021213 0.298451
vt 0.021213 0.298451
vt -0.021213 -0.232129
vt 0.021213 -0.232129
vt 0.230472 -0.083776
vt 0.060472 -0.083776
vt -0.022981 -0.373064
vt 0.022981 -0.373064
vt -0.126859 0.046173
vt -0.126859 -0.046173
vt -0.067500 -0.116913
vt 0.023443 -0.132949
vt 0.103416 -0.086776
vt 0.099586 -0.083562
vt 0.022574 -0.128025
vt -0.065000 -0.112583
vt -0.122160 -0.044463
vt -0.280000 0.000000
vt -0.700000 0.000000
vt -0.014142 3.031637
vt -0.014142 2.357940
vt 0.014142 2.357940
vt 0.014142 3.031637
vt 0.230472 -0.195477
vt 0.060472 -0.195477
vt -0.021213 0.033161
vt -0.021213 -0.033161
vt 0.021213 -0.033161
vt 0.021213 0.033161
vt 0.230472 0.195477
vt 0.230472 0.251327
vt 0.060472 0.251327
vt 0.060472 0.195477
vt 0.055645 -0.125227
vt -0.063935 -0.125227
vt 0.055645 -0.161007
vt 0.055645 -0.053669
vt -0.063935 -0.053669
vt 0.055645 -0.089448
vt 0.055645 0.017890
vt -0.063935 0.017890
vt 0.055645 -0.017890
vt 0.055645 0.089448
vt -0.063935 0.089448
vt 0.055645 0.053669
vt 0.055645 0.161007
vt -0.063935 0.161007
vt 0.055645 0.125227
vt -0.063935 0.053669
vt -0.063935 0.125227
vt -0.063935 -0.017890
vt -0.063935 -0.089448
vt 0.230472 0.027925
vt 0.060472 0.027925
vt -0.280000 -0.181514
vt -0.700000 -0.181514
vt -0.320000 3.095000
vt -0.320000 2.650000
vt 0.530000 2.650000
vt 0.530000 3.135000
vt -0.280000 3.135000
vt 0.530000 0.770000
vt -0.320000 0.770000
vt -0.320000 0.325000
vt -0.280000 0.285000
vt 0.530000 0.285000
vt 0.347168 0.250455
vt 0.347168 0.322013
vt 0.079668 0.322013
vt 0.079668 0.250455
vt 3.101557 0.967051
vt 3.021584 1.013224
vt 2.990000 1.100000
vt 3.021584 1.186776
vt 3.101557 1.232949
vt 3.192500 1.216913
vt 3.148443 2.167051
vt 3.057500 2.183087
vt 2.998141 2.253827
vt 2.998141 2.346173
vt 3.057500 2.416913
vt 4.450000 3.360000
vt 0.200000 3.360000
vt 0.598141 2.346173
vt 0.657500 2.416913
vt 0.748443 2.432949
vt 0.828416 2.386776
vt 0.860000 2.300000
vt 0.828416 2.213224
vt 0.748443 2.167051
vt 0.657500 2.183087
vt 0.657500 1.216913
vt 0.748443 1.232949
vt 0.828416 1.186776
vt 0.860000 1.100000
vt 0.828416 1.013224
vt 0.748443 0.967051
vt 1.425000 0.850000
vt 2.725000 0.850000
vt 2.725000 0.040000
vt 4.450000 0.040000
vt 3.192500 0.983087
vt 0.347168 0.035779
vt 0.079668 0.035779
vt 0.028284 0.520000
vt -0.028284 0.520000
vt -0.028284 -0.520000
vt 0.028284 -0.560000
vt 0.230472 -0.027925
vt 0.230472 0.027925
vt 0.060472 0.027925
vt 0.060472 -0.027925
vt -0.022981 0.124355
vt 0.022981 0.124355
vt -0.022981 -0.124355
vt 0.022981 -0.124355
vt -0.900000 -0.363028
vt -0.280000 -0.363028
vt -0.021213 -0.099484
vt 0.021213 -0.099484
vt 0.230472 -0.139626
vt 0.060472 -0.139626
vt 0.022981 0.082903
vt -0.022981 0.082903
vt -0.022981 -0.000000
vt 0.022981 0.000000
vt 0.924668 -0.322013
vt 0.107168 -0.322013
vt 0.347168 0.178896
vt 0.079668 0.178896
vt -1.058324 1.036354
vt -1.220000 1.007846
vt -1.325526 0.882085
vt -1.222160 0.844463
vt -1.165000 0.912583
vt -1.077426 0.928025
vt -1.000414 0.883562
vt -0.970000 0.800000
vt -0.916149 0.645731
vt -0.860000 0.800000
vt -0.916149 0.954269
vt 0.347168 -0.107338
vt 0.079668 -0.107338
vt 0.130000 0.000000
vt 0.099586 -0.083562
vt 0.103416 -0.086776
vt 0.135000 0.000000
vt 0.103416 0.086776
vt 0.099586 0.083562
vt -0.688768 -0.451250
vt -0.635057 -0.496318
vt -0.564943 -0.496318
vt -0.511232 -0.451250
vt -0.499057 -0.382201
vt -0.534114 -0.321480
vt -0.600000 -0.297500
vt -0.665886 -0.321480
vt -0.700943 -0.382201
vt 0.103366 -0.837622
vt 0.660940 -0.689335
vt 0.671937 -0.594156
vt 0.628779 -0.655792
vt 0.556098 -0.675267
vt 0.487904 -0.643467
vt -0.022981 -0.373064
vt 0.022981 -0.373064
vt 0.924668 -0.322013
vt 0.107168 -0.322013
vt -0.688768 -2.851250
vt -0.635057 -2.896318
vt -0.564943 -2.896318
vt -0.511232 -2.851250
vt -0.499057 -2.782201
vt -0.534114 -2.721480
vt -0.600000 -2.697500
vt -0.665886 -2.721480
vt -0.700943 -2.782201
vt 0.347168 -0.322013
vt 0.347168 -0.250455
vt 0.079668 -0.250455
vt 0.079668 -0.322013
vt -0.099447 0.000000
vt -0.099447 -0.100000
vt -0.094053 -0.100000
vt -0.094053 0.000000
vt 0.230472 -0.083776
vt 0.230472 -0.027925
vt 0.060472 -0.027925
vt 0.060472 -0.083776
vt 0.160000 0.000000
vt 0.210000 0.000000
vt 0.347168 -0.178896
vt 0.079668 -0.178896
vt -0.022981 0.207258
vt 0.022981 0.207258
vt -0.021213 -0.033161
vt 0.021213 -0.033161
vt -0.347168 -0.214675
vt -0.079668 -0.214675
vt -0.079668 -0.143117
vt -0.347168 -0.143117
vt -0.280000 0.272271
vt -0.700000 0.272271
vt 0.230472 -0.083776
vt 0.060472 -0.083776
vt -0.399668 0.286234
vt -0.132168 0.286234
vt -0.132168 0.357792
vt -0.399668 0.357792
vt -0.022981 0.373064
vt 0.022981 0.373064
vt -0.347168 -0.178896
vt -0.079668 -0.178896
vt 0.688768 -2.851250
vt 0.700943 -2.782201
vt 0.665886 -2.721480
vt 0.600000 -2.697500
vt 0.534114 -2.721480
vt 0.499057 -2.782201
vt 0.511232 -2.851250
vt 0.564943 -2.896318
vt 0.635057 -2.896318
vt 0.347168 -0.322013
vt 0.079668 -0.322013
vt -0.021213 -0.033161
vt 0.021213 -0.033161
vt -0.435000 -3.063053
vt -0.255000 -3.063053
vt 0.399668 -0.071558
vt 0.132168 -0.071558
vt -0.021213 0.165806
vt 0.021213 0.165806
vt 0.347168 0.286234
vt 0.079668 0.286234
vt 0.079668 0.214675
vt 0.347168 0.214675
vt -0.028284 -0.420931
vt 0.028284 -0.437500
vt 0.028284 0.437500
vt -0.028284 0.437500
vt -0.399668 0.214675
vt -0.132168 0.214675
vt 0.924668 -0.322013
vt 0.107168 -0.322013
vt -0.021213 -0.165806
vt 0.021213 -0.165806
vt -0.022981 0.041452
vt 0.022981 0.041452
vt -0.022981 0.165806
vt 0.022981 0.165806
vt -0.235000 -0.139626
vt -0.235000 -0.418879
vt -0.065000 -0.418879
vt -0.065000 -0.139626
vt 0.230472 0.251327
vt 0.060472 0.251327
vt -0.021213 0.298451
vt 0.021213 0.298451
vt -0.022981 0.207258
vt 0.022981 0.207258
vt 0.022981 0.000000
vt -0.022981 0.000000
vt -0.575273 -0.456104
vt -0.502592 -0.475579
vt -0.459434 -0.537215
vt -0.375877 -0.136808
vt -0.691671 0.019101
vt -0.704737 -0.055000
vt -0.762378 -0.103366
vt -0.837622 -0.103366
vt -0.895263 -0.055000
vt -0.908329 0.019101
vt -0.870707 0.084265
vt -0.800000 0.110000
vt -0.729293 0.084265
vt -0.375877 0.136808
vt -0.200000 0.346410
vt 0.019101 0.691671
vt -0.055000 0.704737
vt -0.103366 0.762378
vt -0.103366 0.837622
vt -0.055000 0.895263
vt 0.019101 0.908329
vt 0.084265 0.870707
vt 0.519197 0.665379
vt 0.594156 0.671937
vt 0.655792 0.628779
vt 0.908329 0.019101
vt 0.895263 -0.055000
vt 0.837622 -0.103366
vt 0.665379 -0.519197
vt 0.955000 -0.000000
vt 0.731572 0.613862
vt 0.165834 0.940491
vt -0.487904 0.643467
vt -0.456104 0.575273
vt -0.475579 0.502592
vt -0.537215 0.459434
vt -0.612173 0.465992
vt -0.665379 0.519197
vt -0.897406 0.326629
vt -0.954789 0.020078
vt -0.897406 -0.326629
vt -0.655792 -0.628779
vt -0.675267 -0.556098
vt -0.643467 -0.487904
vt 0.000000 0.837758
vt -0.280000 0.837758
vt -0.021213 0.165806
vt 0.021213 0.165806
vt 0.230472 0.027925
vt 0.230472 0.083776
vt 0.060472 0.083776
vt 0.060472 0.027925
vt 0.230472 0.251327
vt 0.060472 0.251327
vt 0.021213 0.000000
vt -0.021213 0.000000
vt -0.022981 -0.290161
vt -0.022981 -0.373064
vt 0.022981 -0.373064
vt 0.022981 -0.290161
vt -0.021213 0.165806
vt 0.021213 0.165806
vt 0.230472 0.251327
vt 0.060472 0.251327
vt -0.350000 0.945000
vt -0.916149 0.954269
vt -0.860000 0.800000
vt -0.240000 0.945000
vt -0.079668 0.143117
vt -0.347168 0.143117
vt -0.900000 0.272271
vt -0.280000 0.272271
vt -0.280000 0.363028
vt -0.900000 0.363028
vt -0.079668 0.143117
vt -0.347168 0.143117
vt 0.721480 0.665886
vt 0.697500 0.600000
vt 0.721480 0.534114
vt 0.782201 0.499057
vt 0.851250 0.511232
vt 0.896318 0.564943
vt 0.896318 0.635057
vt 0.851250 0.688768
vt 0.782201 0.700943
vt -0.896318 0.635057
vt -0.896318 0.564943
vt -0.851250 0.511232
vt -0.782201 0.499057
vt -0.721480 0.534114
vt -0.697500 0.600000
vt -0.721480 0.665886
vt -0.782201 0.700943
vt -0.851250 0.688768
vt -0.280000 0.335103
vt 0.000000 0.335103
vt 0.703682 -0.564943
vt 0.703682 -0.635057
vt 0.748750 -0.688768
vt 0.817799 -0.700943
vt 0.878520 -0.665886
vt 0.902500 -0.600000
vt 0.878520 -0.534114
vt 0.817799 -0.499057
vt 0.748750 -0.511232
vt -0.851250 -0.511232
vt -0.896318 -0.564943
vt -0.896318 -0.635057
vt -0.851250 -0.688768
vt -0.782201 -0.700943
vt -0.721480 -0.665886
vt -0.697500 -0.600000
vt -0.721480 -0.534114
vt -0.782201 -0.499057
vt -0.347168 0.286234
vt -0.079668 0.286234
vt -0.079668 0.357792
vt -0.347168 0.357792
vt -0.022981 -0.373064
vt 0.022981 -0.373064
vt -0.022981 0.373064
vt 0.022981 0.373064
vt 0.000000 0.167552
vt -0.280000 0.167552
vt -0.000000 0.078540
vt -0.235000 0.078540
vt 0.714668 -0.322013
vt 0.097168 -0.322013
vt 1.199586 0.716438
vt 1.122574 0.671975
vt 1.141676 0.563646
vt 1.283851 0.645731
vt 1.230000 0.800000
vt -0.021213 -0.298451
vt 0.021213 -0.298451
vt 0.230472 0.083776
vt 0.060472 0.083776
vt -0.022981 -0.041452
vt 0.022981 -0.041452
vt -0.022981 0.124355
vt 0.022981 0.124355
vt -0.022981 0.248709
vt 0.022981 0.248709
vt 0.022981 0.331613
vt -0.022981 0.331613
vt -0.021213 0.232129
vt 0.021213 0.232129
vt 0.519197 0.665379
vt 0.477500 0.827054
vt 0.020078 0.954789
vt -0.103366 0.837622
vt -0.055000 0.895263
vt 0.019101 0.908329
vt 0.084265 0.870707
vt -0.280000 -0.670206
vt 0.000000 -0.670206
vt 0.000000 -0.502655
vt -0.280000 -0.502655
vt 0.000000 0.837758
vt -0.280000 0.837758
vt -0.280000 0.453786
vt -0.900000 0.453786
vt 0.160000 -1.703441
vt 0.210000 -1.703441
vt -0.488411 -0.544980
vt -0.519799 -0.500153
vt -0.572658 -0.485990
vt -0.622254 -0.509117
vt -0.645381 -0.558713
vt -0.631218 -0.611572
vt -0.586391 -0.642959
vt -0.531876 -0.638190
vt -0.493181 -0.599495
vt 0.060472 -0.279253
vt 0.230472 -0.279253
vt 0.714668 -0.178896
vt 0.097168 -0.178896
vt -0.021213 0.298451
vt -0.021213 0.232129
vt 0.021213 0.232129
vt 0.021213 0.298451
vt -0.021213 -0.232129
vt 0.021213 -0.232129
vt -0.022981 0.124355
vt 0.022981 0.124355
vt -0.772638 -0.075175
vt -0.730718 -0.040000
vt -0.721215 0.013892
vt -0.748577 0.061284
vt -0.800000 0.080000
vt -0.851423 0.061284
vt -0.878785 0.013892
vt -0.869282 -0.040000
vt -0.827362 -0.075175
vt -0.022981 0.124355
vt 0.022981 0.124355
vt -0.021213 0.165806
vt 0.021213 0.165806
vt 0.924668 0.107338
vt 0.107168 0.107338
vt -0.022981 0.373064
vt 0.022981 0.373064
vt 0.160000 0.425860
vt 0.210000 0.425860
vt -0.021213 0.099484
vt 0.021213 0.099484
vt -0.700000 0.181514
vt -0.280000 0.181514
vt 0.230472 0.027925
vt 0.060472 0.027925
vt -0.022981 0.041452
vt 0.022981 0.041452
vt -0.700000 -0.363028
vt -0.280000 -0.363028
vt -0.280000 -0.272271
vt -0.700000 -0.272271
vt -0.022981 0.207258
vt -0.022981 0.124355
vt 0.022981 0.124355
vt 0.022981 0.207258
vt -0.022981 0.207258
vt -0.022981 0.124355
vt 0.022981 0.124355
vt 0.022981 0.207258
vt -0.900000 0.363028
vt -0.280000 0.363028
vt -0.280000 0.453786
vt -0.900000 0.453786
vt -0.022981 0.041452
vt 0.022981 0.041452
vt -0.028284 0.420931
vt -0.028284 -0.437500
vt 0.028284 -0.437500
vt 0.028284 0.437500
vt -0.028284 2.108431
vt -0.028284 -2.108431
vt 0.028284 -2.125000
vt 0.028284 2.125000
vt 3.821584 2.386776
vt 3.901557 2.432949
vt 3.992500 2.416913
vt 4.450000 3.360000
vt 0.200000 3.360000
vt 0.200000 0.040000
vt 1.925000 0.040000
vt 1.925000 0.850000
vt 1.592500 0.983087
vt 1.501557 0.967051
vt 1.421584 1.013224
vt 1.390000 1.100000
vt 1.421584 1.186776
vt 1.501557 1.232949
vt 1.592500 1.216913
vt 1.501557 2.167051
vt 1.421584 2.213224
vt 1.390000 2.300000
vt 1.421584 2.386776
vt 1.501557 2.432949
vt 1.592500 2.416913
vt 1.651859 2.346173
vt 1.651859 2.253827
vt 3.821584 2.213224
vt 3.790000 2.300000
vt -0.000000 0.706858
vt -0.235000 0.706858
vt 4.051859 2.346173
vt 4.051859 1.053827
vt 3.992500 0.983087
vt 3.901557 0.967051
vt 3.821584 1.013224
vt 3.790000 1.100000
vt 3.821584 1.186776
vt 3.901557 1.232949
vt 3.901557 2.167051
vt 1.592500 2.183087
vt 1.651859 1.146173
vt 1.651859 1.053827
vt 3.225000 0.850000
vt 3.225000 0.040000
vt 4.450000 0.040000
vt -0.022981 0.207258
vt 0.022981 0.207258
vt 0.028284 -0.141421
vt 0.028284 0.141421
vt -0.028284 0.124853
vt -0.028284 -0.124853
vt 0.347168 -0.143117
vt 0.079668 -0.143117
vt 0.000000 0.170000
vt 0.000000 0.000000
vt 0.340000 0.000000
vt 0.340000 0.130000
vt 0.300000 0.170000
vt -0.022981 -0.290161
vt 0.022981 -0.290161
vt 0.347168 0.035779
vt 0.079668 0.035779
vt -0.700000 0.000000
vt -0.280000 0.000000
vt 0.714668 -0.107338
vt 0.097168 -0.107338
vt 0.230472 -0.055851
vt 0.060472 -0.055851
vt 0.230472 -0.251327
vt 0.060472 -0.251327
vt -0.280000 0.453786
vt -0.900000 0.453786
vt 0.688768 -0.348750
vt 0.635057 -0.303682
vt 0.564943 -0.303682
vt 0.511232 -0.348750
vt 0.499057 -0.417799
vt 0.534114 -0.478520
vt 0.600000 -0.502500
vt 0.665886 -0.478520
vt 0.700943 -0.417799
vt 0.924668 0.107338
vt 0.107168 0.107338
vt 0.141421 -1.660000
vt 0.141421 1.660000
vt -0.141421 1.660000
vt -0.141421 -1.660000
vt -1.325526 -3.282085
vt -1.220000 -3.407846
vt -1.058324 -3.436354
vt -1.000414 -3.283562
vt -1.077426 -3.328025
vt -1.165000 -3.312583
vt -1.222160 -3.244463
vt -1.222160 -3.155537
vt -1.165000 -3.087417
vt -1.077426 -3.071975
vt -0.916149 -3.045731
vt -1.058324 -2.963646
vt -1.220000 -2.992154
vt -1.325526 -3.117915
vt 0.688768 -2.748750
vt 0.635057 -2.703682
vt 0.564943 -2.703682
vt 0.511232 -2.748750
vt 0.499057 -2.817799
vt 0.534114 -2.878520
vt 0.600000 -2.902500
vt 0.665886 -2.878520
vt 0.700943 -2.817799
vt 0.714668 -0.322013
vt 0.097168 -0.322013
vt 0.060472 0.111701
vt 0.230472 0.111701
vt -0.280000 -0.502655
vt 0.000000 -0.502655
vt -0.000000 -0.335103
vt -0.280000 -0.335103
vt 0.347168 -0.214675
vt 0.079668 -0.214675
vt -0.435000 -1.021018
vt -0.255000 -1.021018
vt 0.230472 0.083776
vt 0.060472 0.083776
vt -0.347168 -0.286234
vt -0.079668 -0.286234
vt -0.022981 0.290161
vt 0.022981 0.331613
vt -0.022981 0.373064
vt -0.022981 -0.373064
vt 0.022981 -0.414516
vt 0.022981 -0.331613
vt -0.022981 -0.290161
vt 0.022981 -0.248709
vt -0.022981 -0.207258
vt 0.022981 -0.165806
vt -0.022981 -0.124355
vt 0.022981 -0.082903
vt -0.022981 -0.041452
vt 0.022981 0.000000
vt -0.022981 0.041452
vt 0.022981 0.082903
vt -0.022981 0.124355
vt 0.022981 0.165806
vt -0.022981 0.207258
vt 0.022981 0.248709
vt 0.714668 -0.322013
vt 0.097168 -0.322013
vt 0.642959 -0.586391
vt 0.638190 -0.531876
vt 0.599495 -0.493181
vt 0.544980 -0.488411
vt 0.500153 -0.519799
vt 0.485990 -0.572658
vt 0.509117 -0.622254
vt 0.558713 -0.645381
vt 0.611572 -0.631218
vt 0.021213 0.331613
vt -0.021213 0.331613
vt 0.714668 -0.107338
vt 0.097168 -0.107338
vt -0.022981 0.290161
vt 0.022981 0.331613
vt -0.022981 0.373064
vt -0.022981 -0.373064
vt 0.022981 -0.414516
vt 0.022981 -0.331613
vt -0.022981 -0.290161
vt 0.022981 -0.248709
vt -0.022981 -0.207258
vt 0.022981 -0.165806
vt -0.022981 -0.124355
vt 0.022981 -0.082903
vt -0.022981 -0.041452
vt 0.022981 0.000000
vt -0.022981 0.041452
vt 0.022981 0.082903
vt -0.022981 0.124355
vt 0.022981 0.165806
vt -0.022981 0.207258
vt 0.022981 0.248709
vt -0.022981 -0.041452
vt 0.022981 -0.041452
vt 0.230472 -0.027925
vt 0.060472 -0.027925
vt -0.022981 -0.373064
vt 0.022981 -0.373064
vt -0.022981 0.290161
vt 0.022981 0.331613
vt -0.022981 0.373064
vt -0.022981 -0.373064
vt 0.022981 -0.414516
vt 0.022981 -0.331613
vt -0.022981 -0.290161
vt 0.022981 -0.248709
vt -0.022981 -0.207258
vt 0.022981 -0.165806
vt -0.022981 -0.124355
vt 0.022981 -0.082903
vt -0.022981 -0.041452
vt 0.022981 0.000000
vt -0.022981 0.041452
vt 0.022981 0.082903
vt -0.022981 0.124355
vt 0.022981 0.165806
vt -0.022981 0.207258
vt 0.022981 0.248709
vt 0.230472 0.195477
vt 0.060472 0.195477
vt 0.347168 -0.250455
vt 0.079668 -0.250455
vt -0.970000 -3.200000
vt -0.860000 -3.200000
vt -0.916149 -3.045731
vt -1.058324 -2.963646
vt -1.220000 -2.992154
vt -1.325526 -3.117915
vt -1.325526 -3.282085
vt -1.165000 -3.312583
vt -1.222160 -3.244463
vt -1.222160 -3.155537
vt -1.165000 -3.087417
vt -1.077426 -3.071975
vt -1.000414 -3.116438
vt 1.141676 1.036354
vt 1.283851 0.954269
vt 1.340000 0.800000
vt 1.283851 0.645731
vt 1.226859 -0.753827
vt 1.226859 -0.846173
vt 1.385000 -3.308431
vt 1.385000 0.908431
vt 1.208431 1.085000
vt -1.208431 1.085000
vt -1.385000 0.908431
vt -1.235000 -0.800000
vt -1.203416 -0.713224
vt -1.325526 0.717915
vt -1.325526 0.882085
vt -1.220000 1.007846
vt -1.058324 1.036354
vt -0.916149 0.954269
vt -0.860000 0.800000
vt -0.916149 0.645731
vt -1.058324 0.563646
vt -1.220000 0.592154
vt -0.960188 0.169307
vt -0.626718 0.746893
vt 0.000000 0.975000
vt 0.626718 0.746893
vt 0.874474 0.882085
vt 0.980000 1.007846
vt 0.714668 -0.322013
vt 0.097168 -0.322013
vt -1.123443 -0.667051
vt -1.032500 -0.683087
vt -0.973141 -0.753827
vt -0.973141 -0.846173
vt -1.032500 -0.916913
vt -1.123443 -0.932949
vt -1.203416 -0.886776
vt -1.325526 -3.282085
vt -1.325526 -3.117915
vt -1.220000 -2.992154
vt -1.058324 -2.963646
vt -0.916149 -3.045731
vt -0.860000 -3.200000
vt 0.874474 -3.117915
vt 0.980000 -2.992154
vt 1.141676 -2.963646
vt 1.283851 -3.045731
vt 1.340000 -3.200000
vt 1.283851 -3.354269
vt 1.141676 -3.436354
vt 1.208431 -3.485000
vt 1.167500 -0.916913
vt 1.076557 -0.932949
vt 0.996584 -0.886776
vt 0.965000 -0.800000
vt 0.996584 -0.713224
vt 1.076557 -0.667051
vt 1.167500 -0.683087
vt 1.141676 0.563646
vt 0.980000 0.592154
vt 0.874474 0.717915
vt 0.960188 0.169307
vt 0.844375 -0.487500
vt 0.333470 -0.916200
vt -0.333470 -0.916200
vt -0.844375 -0.487500
vt 0.714668 0.322013
vt 0.097168 0.322013
vt 0.714668 -0.035779
vt 0.097168 -0.035779
vt -0.022981 -0.207258
vt 0.022981 -0.207258
vt 0.347168 -0.322013
vt 0.079668 -0.322013
vt -0.122160 0.044463
vt -0.065000 0.112583
vt 0.023443 0.132949
vt -0.067500 0.116913
vt -0.126859 0.046173
vt -0.022981 0.041452
vt 0.022981 0.041452
vt -0.022981 0.373064
vt 0.022981 0.373064
vt -0.280000 -0.670206
vt 0.000000 -0.670206
vt 0.714668 -0.178896
vt 0.097168 -0.178896
vt 0.230472 -0.083776
vt 0.060472 -0.083776
vt -0.347168 -0.214675
vt -0.079668 -0.214675
vt 0.347168 0.071558
vt 0.079668 0.071558
vt 0.079668 0.000000
vt 0.347168 0.000000
vt -0.021213 0.298451
vt 0.021213 0.298451
vt 0.714668 -0.107338
vt 0.097168 -0.107338
vt -0.014142 -0.408407
vt -0.014142 -0.680678
vt 0.014142 -0.680678
vt 0.014142 -0.408407
vt -0.028284 1.208431
vt -0.028284 -1.208431
vt 0.028284 -1.225000
vt 0.028284 1.225000
vt -0.122160 0.044463
vt -0.067500 0.116913
vt -0.126859 0.046173
vt -0.347168 -0.178896
vt -0.079668 -0.178896
vt -0.021213 0.165806
vt 0.021213 0.165806
vt -0.014142 -0.136136
vt 0.014142 -0.136136
vt -0.022981 -0.290161
vt 0.022981 -0.290161
vt 0.028284 -0.612500
vt 0.028284 0.612500
vt -0.028284 0.595931
vt -0.028284 -0.612500
vt 0.233345 -0.160000
vt 0.233345 0.160000
vt -0.176777 0.160000
vt -0.233345 0.200000
vt -0.233345 -0.160000
vt 0.347168 -0.071558
vt 0.079668 -0.071558
vt 0.230472 -0.251327
vt 0.060472 -0.251327
vt -0.021213 0.298451
vt 0.021213 0.298451
vt -0.028284 2.108431
vt -0.028284 -2.108431
vt 0.028284 -2.125000
vt 0.028284 2.125000
vt 0.230472 0.139626
vt 0.060472 0.139626
vt 0.230472 -0.139626
vt 0.060472 -0.139626
vt 0.230472 0.027925
vt 0.060472 0.027925
vt -0.022981 0.290161
vt 0.022981 0.290161
vt 0.924668 -0.178896
vt 0.107168 -0.178896
vt -0.347168 0.214675
vt -0.079668 0.214675
vt 0.230472 0.251327
vt 0.060472 0.251327
vt 0.924668 -0.107338
vt 0.107168 -0.107338
vt 0.714668 0.035779
vt 0.097168 0.035779
vt 0.230472 -0.251327
vt 0.230472 -0.195477
vt 0.060472 -0.195477
vt 0.060472 -0.251327
vt 0.079668 -0.357792
vt 0.347168 -0.357792
vt -1.000414 0.716438
vt -1.077426 0.671975
vt -1.165000 0.687417
vt -1.222160 0.755537
vt -1.325526 0.717915
vt -1.220000 0.592154
vt -1.058324 0.563646
vt -0.122160 -0.044463
vt -0.126859 -0.046173
vt -0.067500 -0.116913
vt 0.023443 -0.132949
vt 0.103416 -0.086776
vt 0.135000 0.000000
vt 0.103416 0.086776
vt 0.022574 0.128025
vt 0.099586 0.083562
vt 0.130000 0.000000
vt 0.099586 -0.083562
vt 0.022574 -0.128025
vt -0.065000 -0.112583
vt -0.022981 -0.373064
vt 0.022981 -0.373064
vt 0.040000 0.730718
vt 0.075175 0.772638
vt 0.075175 0.827362
vt 0.040000 0.869282
vt -0.013892 0.878785
vt -0.061284 0.851423
vt -0.080000 0.800000
vt -0.061284 0.748577
vt -0.013892 0.721215
vt 0.022981 0.414516
vt -0.022981 0.414516
vt 0.022981 0.331613
vt -0.022981 0.331613
vt 0.714668 -0.107338
vt 0.097168 -0.107338
vt 0.055645 -0.125227
vt -0.063935 -0.125227
vt 0.055645 -0.161007
vt 0.055645 -0.053669
vt -0.063935 -0.053669
vt 0.055645 -0.089448
vt 0.055645 0.017890
vt -0.063935 0.017890
vt 0.055645 -0.017890
vt 0.055645 0.089448
vt -0.063935 0.089448
vt 0.055645 0.053669
vt 0.055645 0.161007
vt -0.063935 0.161007
vt 0.055645 0.125227
vt -0.063935 0.053669
vt -0.063935 0.125227
vt -0.063935 -0.017890
vt -0.063935 -0.089448
vt -0.700000 -0.363028
vt -0.280000 -0.363028
vt -0.280000 -0.272271
vt -0.700000 -0.272271
vt 0.000000 -0.335103
vt -0.280000 -0.335103
vt -0.900000 0.090757
vt -0.280000 0.090757
vt 0.347168 -0.322013
vt 0.079668 -0.322013
vt 0.924668 0.035779
vt 0.107168 0.035779
vt -0.022981 -0.290161
vt -0.022981 -0.373064
vt 0.022981 -0.373064
vt 0.022981 -0.290161
vt -0.022981 0.290161
vt 0.022981 0.290161
vt -0.000000 -0.167552
vt -0.280000 -0.167552
vt -0.022981 0.207258
vt -0.022981 0.124355
vt 0.022981 0.124355
vt 0.022981 0.207258
vt -0.021213 -0.099484
vt 0.021213 -0.099484
vt -0.320000 2.610000
vt -0.320000 0.810000
vt -0.360000 0.770000
vt -0.850000 0.770000
vt -0.850000 0.285000
vt -0.040000 0.285000
vt -0.000000 0.325000
vt -0.000000 1.145000
vt -0.100000 1.145000
vt -0.100000 1.152663
vt -0.200000 1.152663
vt -0.200000 2.267337
vt -0.100000 2.267337
vt -0.100000 2.275000
vt -0.000000 2.275000
vt -0.000000 3.095000
vt -0.040000 3.135000
vt -0.850000 3.135000
vt -0.850000 2.650000
vt -0.360000 2.650000
vt 0.924668 0.178896
vt 0.107168 0.178896
vt -1.300000 0.000000
vt -1.300000 -0.850000
vt -0.000000 -0.850000
vt -0.000000 -0.360000
vt -1.080000 -0.360000
vt -1.080000 0.000000
vt 0.230472 -0.251327
vt 0.060472 -0.251327
vt 0.230472 0.139626
vt 0.060472 0.139626
vt 0.230472 0.083776
vt 0.060472 0.083776
vt 0.055645 -0.125227
vt -0.063935 -0.125227
vt 0.055645 -0.161007
vt 0.055645 -0.053669
vt -0.063935 -0.053669
vt 0.055645 -0.089448
vt 0.055645 0.017890
vt -0.063935 0.017890
vt 0.055645 -0.017890
vt 0.055645 0.089448
vt -0.063935 0.089448
vt 0.055645 0.053669
vt 0.055645 0.161007
vt -0.063935 0.161007
vt 0.055645 0.125227
vt -0.063935 0.053669
vt -0.063935 0.125227
vt -0.063935 -0.017890
vt -0.063935 -0.089448
vt 0.878785 -0.013892
vt 0.869282 0.040000
vt 0.827362 0.075175
vt 0.772638 0.075175
vt 0.730718 0.040000
vt 0.721215 -0.013892
vt 0.748577 -0.061284
vt 0.800000 -0.080000
vt 0.851423 -0.061284
vt -0.280000 -0.670206
vt 0.000000 -0.670206
vt 0.598141 2.253827
vt 0.200000 0.040000
vt 1.425000 0.040000
vt 0.657500 0.983087
vt 0.598141 1.053827
vt 0.598141 1.146173
vt 0.347168 0.035779
vt 0.347168 0.107338
vt 0.079668 0.107338
vt 0.079668 0.035779
vt 0.611572 -0.631218
vt 0.642959 -0.586391
vt 0.638190 -0.531876
vt 0.599495 -0.493181
vt 0.544980 -0.488411
vt 0.500153 -0.519799
vt 0.485990 -0.572658
vt 0.509117 -0.622254
vt 0.558713 -0.645381
vt -0.022981 -0.207258
vt 0.022981 -0.207258
vt -0.022981 -0.331613
vt 0.022981 -0.331613
vt 0.022981 0.331613
vt -0.022981 0.331613
vt -0.021213 -0.165806
vt -0.021213 -0.232129
vt 0.021213 -0.232129
vt 0.021213 -0.165806
vt -0.235000 0.139626
vt -0.065000 0.139626
vt 0.055645 -0.125227
vt -0.063935 -0.125227
vt 0.055645 -0.161007
vt 0.055645 -0.053669
vt -0.063935 -0.053669
vt 0.055645 -0.089448
vt 0.055645 0.017890
vt -0.063935 0.017890
vt 0.055645 -0.017890
vt 0.055645 0.089448
vt -0.063935 0.089448
vt 0.055645 0.053669
vt 0.055645 0.161007
vt -0.063935 0.161007
vt 0.055645 0.125227
vt -0.063935 0.053669
vt -0.063935 0.125227
vt -0.063935 -0.017890
vt -0.063935 -0.089448
vt 1.122574 0.928025
vt 1.199586 0.883562
vt 1.230000 0.800000
vt 1.199586 0.716438
vt 1.122574 0.671975
vt 1.035000 0.687417
vt 0.977840 0.755537
vt 0.980000 0.592154
vt 1.141676 0.563646
vt 1.283851 0.645731
vt 1.340000 0.800000
vt 1.283851 0.954269
vt 1.141676 1.036354
vt 0.714668 -0.107338
vt 0.097168 -0.107338
vt 0.160000 -1.277581
vt 0.210000 -1.277581
vt 0.028284 -0.141421
vt 0.028284 0.141421
vt -0.028284 0.124853
vt -0.028284 -0.124853
vt -0.235000 1.256637
vt -0.065000 1.256637
vt -0.022981 0.373064
vt 0.022981 0.373064
vt 0.103416 -0.086776
vt 0.099586 -0.083562
vt 0.347168 0.107338
vt 0.079668 0.107338
vt -0.021213 -0.033161
vt 0.021213 -0.033161
vt -0.022981 -0.207258
vt 0.022981 -0.207258
vt 0.730718 0.040000
vt 0.721215 -0.013892
vt 0.748577 -0.061284
vt 0.800000 -0.080000
vt 0.851423 -0.061284
vt 0.878785 -0.013892
vt 0.869282 0.040000
vt 0.827362 0.075175
vt 0.772638 0.075175
vt -0.280000 0.453786
vt -0.900000 0.453786
vt 0.055645 -0.125227
vt -0.063935 -0.125227
vt 0.055645 -0.161007
vt 0.055645 -0.053669
vt -0.063935 -0.053669
vt 0.055645 -0.089448
vt 0.055645 0.017890
vt -0.063935 0.017890
vt 0.055645 -0.017890
vt 0.055645 0.089448
vt -0.063935 0.089448
vt 0.055645 0.053669
vt 0.055645 0.161007
vt -0.063935 0.161007
vt 0.055645 0.125227
vt -0.063935 0.053669
vt -0.063935 0.125227
vt -0.063935 -0.017890
vt -0.063935 -0.089448
vt -0.700000 -0.363028
vt -0.280000 -0.363028
vt -0.280000 0.363028
vt -0.900000 0.363028
vt 0.230472 0.251327
vt 0.060472 0.251327
vt 0.022981 -0.082903
vt -0.022981 -0.082903
vt 0.105000 0.181865
vt -0.036466 0.206810
vt -0.160869 0.134985
vt -0.210000 0.000000
vt -0.160869 -0.134985
vt -0.036466 -0.206810
vt 0.105000 -0.181865
vt 0.197335 -0.071824
vt 0.197335 0.071824
vt 0.924668 0.107338
vt 0.107168 0.107338
vt -0.022981 -0.373064
vt 0.022981 -0.373064
vt 0.230472 -0.139626
vt 0.060472 -0.139626
vt -0.280000 0.335103
vt 0.000000 0.335103
vt 1.151250 -0.888768
vt 1.196318 -0.835057
vt 1.196318 -0.764943
vt 1.151250 -0.711232
vt 1.082201 -0.699057
vt 1.021480 -0.734114
vt 0.997500 -0.800000
vt 1.021480 -0.865886
vt 1.082201 -0.900943
vt 0.230472 0.251327
vt 0.060472 0.251327
vt -0.021213 0.298451
vt 0.021213 0.298451
vt -0.022981 -0.373064
vt 0.022981 -0.373064
vt 0.230472 -0.083776
vt 0.060472 -0.083776
vt -0.280000 0.502655
vt 0.000000 0.502655
vt 0.648443 2.167051
vt 0.648443 1.232949
vt 0.728416 1.186776
vt 2.090000 2.300000
vt 2.121584 2.386776
vt 2.201557 2.432949
vt 0.200000 3.360000
vt 0.200000 0.040000
vt 0.498141 1.053827
vt 0.498141 2.346173
vt 0.557500 2.416913
vt 0.648443 2.432949
vt 0.728416 2.386776
vt 0.760000 2.300000
vt 0.728416 2.213224
vt -0.028284 0.124853
vt -0.028284 -0.124853
vt 0.028284 -0.141421
vt 0.028284 0.141421
vt -0.280000 -0.670206
vt 0.000000 -0.670206
vt 0.000000 -0.502655
vt -0.280000 -0.502655
vt -0.028284 2.108431
vt -0.028284 -2.108431
vt 0.028284 -2.125000
vt 0.028284 2.125000
vt -0.022981 0.290161
vt 0.022981 0.331613
vt -0.022981 0.373064
vt -0.022981 -0.373064
vt 0.022981 -0.414516
vt 0.022981 -0.331613
vt -0.022981 -0.290161
vt 0.022981 -0.248709
vt -0.022981 -0.207258
vt 0.022981 -0.165806
vt -0.022981 -0.124355
vt 0.022981 -0.082903
vt -0.022981 -0.041452
vt 0.022981 0.000000
vt -0.022981 0.041452
vt 0.022981 0.082903
vt -0.022981 0.124355
vt 0.022981 0.165806
vt -0.022981 0.207258
vt 0.022981 0.248709
vt 0.521584 2.213224
vt 1.075000 0.040000
vt 1.075000 0.350000
vt 1.775000 0.350000
vt 2.121584 2.213224
vt 2.090000 2.300000
vt 2.121584 2.386776
vt 2.201557 2.432949
vt 2.292500 2.416913
vt 2.351859 2.346173
vt 2.351859 2.253827
vt 2.650000 0.040000
vt 2.650000 3.360000
vt 0.601557 2.432949
vt 0.692500 2.416913
vt 0.751859 2.346173
vt 0.751859 2.253827
vt 0.692500 2.183087
vt 0.601557 2.167051
vt -0.022981 -0.207258
vt 0.022981 -0.207258
vt -0.021213 0.298451
vt 0.021213 0.298451
vt 2.292500 2.183087
vt 2.201557 2.167051
vt 1.775000 0.040000
vt -0.067500 0.116913
vt -0.122160 0.044463
vt -0.065000 0.112583
vt 0.023443 0.132949
vt -0.022981 0.248709
vt 0.022981 0.248709
vt 0.000000 0.837758
vt -0.280000 0.837758
vt 0.599495 -0.493181
vt 0.544980 -0.488411
vt 0.500153 -0.519799
vt 0.485990 -0.572658
vt 0.509117 -0.622254
vt 0.558713 -0.645381
vt 0.611572 -0.631218
vt 0.642959 -0.586391
vt 0.638190 -0.531876
vt -0.240000 0.945000
vt 0.240000 0.945000
vt 0.196469 0.955000
vt -0.196469 0.955000
vt -0.900000 0.363028
vt -0.280000 0.363028
vt -0.280000 0.453786
vt -0.900000 0.453786
vt -0.010000 -1.157125
vt -0.190000 -1.361357
vt -0.010000 -1.711604
vt -0.190000 -2.042035
vt -0.010000 -2.266082
vt -0.190000 -2.722714
vt -0.010000 -2.820561
vt -0.010000 3.260876
vt 0.190000 -2.865230
vt 0.190000 -2.820561
vt -0.010000 3.305545
vt -0.010000 -2.865230
vt -0.010000 2.266082
vt -0.190000 2.042035
vt -0.010000 1.711604
vt -0.190000 1.361357
vt -0.010000 1.157125
vt 0.090000 -0.602647
vt 0.190000 -0.593277
vt 0.924668 0.035779
vt 0.107168 0.035779
vt 0.090000 -0.602647
vt -0.014142 -0.673697
vt 0.014142 -0.336849
vt -0.014142 0.000000
vt 0.014142 0.020290
vt 0.014142 0.336849
vt -0.014142 -1.347394
vt 0.014142 -1.010546
vt 0.014142 -0.737619
vt -0.014142 -2.021091
vt 0.014142 -1.684243
vt 0.014142 -1.495528
vt 0.014142 -2.357940
vt -0.014142 -2.694788
vt 0.014142 -3.031637
vt 0.014142 3.031637
vt -0.014142 3.368485
vt -0.014142 2.694788
vt 0.014142 2.357940
vt -0.014142 2.021091
vt 0.014142 1.684243
vt -0.014142 1.347394
vt 0.014142 1.010546
vt -0.014142 0.673697
vt 0.014142 0.778199
vt 0.132168 -0.357792
vt 0.399668 -0.357792
vt 0.274109 0.017771
vt 0.405891 0.017771
vt 0.536469 0.000000
vt 0.680000 0.000000
vt 0.680000 0.130000
vt 0.000000 0.130000
vt 0.000000 0.000000
vt 0.143531 0.000000
vt -0.340000 0.010000
vt 0.340000 0.010000
vt 0.340000 0.350000
vt 0.196469 0.350000
vt 0.196469 0.150000
vt -0.196469 0.150000
vt -0.196469 0.350000
vt -0.340000 0.350000
vt 0.714668 -0.107338
vt 0.097168 -0.107338
vt 0.000000 0.130000
vt 0.000000 0.000000
vt 0.340000 0.000000
vt 0.340000 0.170000
vt 0.040000 0.170000
vt -0.022981 0.373064
vt 0.022981 0.373064
vt -0.347168 0.250455
vt -0.079668 0.250455
vt -0.021213 0.165806
vt -0.021213 0.099484
vt 0.021213 0.099484
vt 0.021213 0.165806
vt -0.040000 0.000000
vt -0.180000 0.000000
vt -0.180000 -0.350000
vt -0.000000 -0.350000
vt -0.000000 -0.040000
vt -0.700000 -0.090757
vt -0.280000 -0.090757
vt 0.924668 -0.250455
vt 0.107168 -0.250455
vt -0.180000 -0.350000
vt -0.000000 -0.350000
vt -0.000000 0.000000
vt -0.140000 0.000000
vt -0.180000 -0.040000
vt -0.022981 0.373064
vt 0.022981 0.373064
vt 0.000000 0.837758
vt -0.280000 0.837758
vt -0.014142 0.408407
vt -0.014142 0.136136
vt 0.014142 0.136136
vt 0.014142 0.408407
vt -0.731572 0.613862
vt -0.955000 -0.000000
vt -0.800000 -0.110000
vt -0.870707 -0.084265
vt -0.908329 -0.019101
vt -0.895263 0.055000
vt -0.837622 0.103366
vt -0.612173 0.465992
vt -0.665379 0.519197
vt -0.671937 0.594156
vt -0.628779 0.655792
vt -0.556098 0.675267
vt -0.165834 0.940491
vt 0.924668 0.107338
vt 0.924668 0.178896
vt 0.107168 0.178896
vt 0.107168 0.107338
vt 0.714668 -0.035779
vt 0.097168 -0.035779
vt -0.126859 0.046173
vt -0.700000 0.363028
vt -0.280000 0.363028
vt -0.280000 0.453786
vt -0.700000 0.453786
vt 0.000000 0.670206
vt -0.280000 0.670206
vt 0.924668 0.322013
vt 0.107168 0.322013
vt -0.347168 0.286234
vt -0.079668 0.286234
vt -0.079668 0.357792
vt -0.347168 0.357792
vt -0.347168 -0.250455
vt -0.079668 -0.250455
vt -0.280000 0.453786
vt -0.900000 0.453786
vt -0.021213 0.298451
vt 0.021213 0.298451
vt 0.940000 -0.800000
vt 0.940000 -2.100000
vt 1.425000 -2.100000
vt 1.425000 -0.800000
vt 1.141676 1.036354
vt 0.230472 -0.139626
vt 0.060472 -0.139626
vt -0.087692 0.497328
vt 0.252500 0.437343
vt 0.474545 0.172720
vt 0.474545 -0.172720
vt 0.467287 -0.392100
vt 0.610000 0.000000
vt 0.467287 0.392100
vt 0.105925 0.600733
vt -0.305000 0.528275
vt -0.573212 0.208632
vt -0.573212 -0.208632
vt -0.505000 -0.000000
vt -0.386852 0.324608
vt 3.251859 1.146173
vt 3.251859 1.053827
vt 3.148443 2.432949
vt 3.228416 2.386776
vt 3.260000 2.300000
vt 3.228416 2.213224
vt 0.230472 0.251327
vt 0.060472 0.251327
vt -0.021213 -0.232129
vt -0.021213 -0.298451
vt 0.021213 -0.298451
vt 0.021213 -0.232129
vt 0.130000 -1.160644
vt 0.010000 -1.326450
vt 0.130000 -1.492257
vt 0.130000 1.492257
vt 0.010000 1.658063
vt 0.010000 1.326450
vt 0.130000 1.160644
vt 0.010000 0.994838
vt 0.130000 0.829031
vt 0.010000 0.663225
vt 0.130000 0.497419
vt 0.010000 0.331613
vt 0.130000 0.165806
vt 0.010000 0.000000
vt 0.130000 -0.165806
vt 0.010000 -0.331613
vt 0.130000 -0.497419
vt 0.010000 -0.663225
vt 0.130000 -0.829031
vt 0.010000 -0.994838
vt 0.000000 0.167552
vt -0.280000 0.167552
vt 0.022981 -0.165806
vt -0.022981 -0.165806
vt -0.435000 -1.701696
vt -0.255000 -1.701696
vt 0.230472 -0.139626
vt 0.060472 -0.139626
vt -0.347168 -0.322013
vt -0.079668 -0.322013
vt -0.347168 0.322013
vt -0.079668 0.322013
vt 0.040000 0.730718
vt 0.075175 0.772638
vt 0.075175 0.827362
vt 0.040000 0.869282
vt -0.013892 0.878785
vt -0.061284 0.851423
vt -0.080000 0.800000
vt -0.061284 0.748577
vt -0.013892 0.721215
vt -0.000000 0.549779
vt -0.235000 0.549779
vt -0.973141 -0.846173
vt -1.000414 -3.116438
vt -0.916149 -3.045731
vt -1.058324 -2.963646
vt -1.220000 -2.992154
vt -1.325526 -3.117915
vt -1.325526 -3.282085
vt -1.220000 -3.407846
vt -1.058324 -3.436354
vt -1.077426 -3.328025
vt -1.165000 -3.312583
vt -1.222160 -3.244463
vt -1.222160 -3.155537
vt -1.165000 -3.087417
vt -1.077426 -3.071975
vt 0.000000 0.837758
vt -0.280000 0.837758
vt -0.721215 0.013892
vt -0.748577 0.061284
vt -0.800000 0.080000
vt -0.851423 0.061284
vt -0.878785 0.013892
vt -0.869282 -0.040000
vt -0.827362 -0.075175
vt -0.772638 -0.075175
vt -0.730718 -0.040000
vt -0.028284 1.208431
vt -0.028284 -1.208431
vt 0.028284 -1.225000
vt 0.028284 1.225000
vt -0.065000 0.112583
vt 0.022574 0.128025
vt 0.023443 0.132949
vt 0.040000 -0.869282
vt 0.075175 -0.827362
vt 0.075175 -0.772638
vt 0.040000 -0.730718
vt -0.013892 -0.721215
vt -0.061284 -0.748577
vt -0.080000 -0.800000
vt -0.061284 -0.851423
vt -0.013892 -0.878785
vt 0.022574 0.128025
vt 0.099586 0.083562
vt 0.130000 0.000000
vt 0.099586 -0.083562
vt 0.022574 -0.128025
vt 0.023443 -0.132949
vt 0.103416 -0.086776
vt 0.135000 0.000000
vt 0.103416 0.086776
vt 0.023443 0.132949
vt -0.067500 0.116913
vt -0.126859 0.046173
vt -0.122160 0.044463
vt -0.065000 0.112583
vt -0.399668 -0.286234
vt -0.132168 -0.286234
vt -0.347168 0.322013
vt -0.079668 0.322013
vt 0.099586 0.083562
vt 0.103416 0.086776
vt 0.023443 0.132949
vt -0.065000 0.112583
vt 0.022574 0.128025
vt 0.160000 -1.703441
vt 0.210000 -1.703441
vt -0.021213 0.298451
vt -0.021213 0.232129
vt 0.021213 0.232129
vt 0.021213 0.298451
vt 0.000000 0.000000
vt -0.280000 0.000000
vt 1.550000 -0.320000
vt 1.550000 0.000000
vt 0.330000 0.000000
vt 0.330000 -0.320000
vt -0.021213 -0.298451
vt 0.021213 -0.298451
vt 0.230472 -0.251327
vt 0.230472 -0.195477
vt 0.060472 -0.195477
vt 0.060472 -0.251327
vt -0.021213 -0.099484
vt 0.021213 -0.099484
vt -0.021213 0.099484
vt 0.021213 0.099484
vt -0.280000 -0.167552
vt 0.000000 -0.167552
vt 0.230472 0.139626
vt 0.060472 0.139626
vt -0.399668 0.071558
vt -0.132168 0.071558
vt -0.132168 -0.071558
vt -0.399668 -0.071558
vt -0.021213 -0.165806
vt 0.021213 -0.165806
vt -0.040000 0.285000
vt -0.000000 0.325000
vt -0.000000 1.145000
vt -0.100000 1.145000
vt -0.100000 1.152663
vt -0.200000 1.152663
vt -0.200000 2.267337
vt -0.100000 2.267337
vt -0.100000 2.275000
vt -0.000000 2.275000
vt -0.000000 3.095000
vt -0.040000 3.135000
vt -0.850000 3.135000
vt -0.850000 2.650000
vt -0.360000 2.650000
vt -0.320000 2.610000
vt -0.320000 0.810000
vt -0.360000 0.770000
vt -0.850000 0.770000
vt -0.850000 0.285000
vt -0.021213 -0.265290
vt 0.021213 -0.265290
vt 0.021213 -0.198968
vt -0.021213 -0.198968
vt -0.022981 -0.207258
vt 0.022981 -0.207258
vt -0.021213 0.298451
vt 0.021213 0.298451
vt -1.000414 0.883562
vt -1.151250 -0.711232
vt -1.196318 -0.764943
vt -1.196318 -0.835057
vt -1.151250 -0.888768
vt -1.082201 -0.900943
vt -1.021480 -0.865886
vt -0.997500 -0.800000
vt -1.021480 -0.734114
vt -1.082201 -0.699057
vt -0.021213 -1.539380
vt 0.021213 -1.539380
vt 0.079668 -0.286234
vt 0.347168 -0.286234
vt 0.230472 -0.251327
vt 0.060472 -0.251327
vt -0.021213 0.099484
vt 0.021213 0.099484
vt 0.230472 0.251327
vt 0.060472 0.251327
vt -0.021213 -0.298451
vt 0.021213 -0.298451
vt 0.714668 0.322013
vt 0.097168 0.322013
vt 0.230472 0.223402
vt 0.060472 0.223402
vt 0.060472 0.167552
vt 0.230472 0.167552
vt -0.021213 0.033161
vt 0.021213 0.033161
vt -0.021213 -0.265290
vt 0.021213 -0.265290
vt 0.021213 -0.198968
vt -0.021213 -0.198968
vt -0.022981 0.207258
vt 0.022981 0.207258
vt -0.022981 0.373064
vt 0.022981 0.373064
vt -0.347168 -0.286234
vt -0.079668 -0.286234
vt 0.924668 0.322013
vt 0.107168 0.322013
vt -0.022981 -0.373064
vt 0.022981 -0.373064
vt 0.714668 -0.035779
vt 0.097168 -0.035779
vt -0.022981 -0.041452
vt 0.022981 -0.041452
vt 0.230472 0.083776
vt 0.060472 0.083776
vt -0.028284 0.124853
vt -0.028284 -0.124853
vt 0.028284 -0.141421
vt 0.028284 0.141421
vt 0.980000 0.592154
vt 0.874474 0.717915
vt 0.874474 0.882085
vt 0.350000 1.085000
vt 0.350000 0.945000
vt 0.240000 0.945000
vt 0.711139 0.667013
vt -0.079668 0.214675
vt -0.347168 0.214675
vt 0.000000 0.167552
vt -0.280000 0.167552
vt -0.021213 0.298451
vt 0.021213 0.298451
vt -0.021213 -0.232129
vt -0.021213 -0.298451
vt 0.021213 -0.298451
vt 0.021213 -0.232129
vt -0.022981 -0.124355
vt 0.022981 -0.124355
vt -0.493181 -0.599495
vt -0.488411 -0.544980
vt -0.519799 -0.500153
vt -0.572658 -0.485990
vt -0.622254 -0.509117
vt -0.645381 -0.558713
vt -0.631218 -0.611572
vt -0.586391 -0.642959
vt -0.531876 -0.638190
vt 0.347168 -0.250455
vt 0.079668 -0.250455
vt -0.347168 0.214675
vt -0.079668 0.214675
vt 0.230472 0.083776
vt 0.060472 0.083776
vt -1.300000 -0.850000
vt -0.000000 -0.850000
vt -0.000000 -0.360000
vt -1.080000 -0.360000
vt -1.080000 0.000000
vt -1.300000 0.000000
vt -0.411362 0.237500
vt -0.467784 -0.082483
vt -0.305324 -0.363871
vt -0.000000 -0.475000
vt 0.305324 -0.363871
vt 0.467784 -0.082483
vt 0.411362 0.237500
vt 0.162460 0.446354
vt -0.162460 0.446354
vt -0.233345 -0.160000
vt 0.233345 -0.160000
vt 0.233345 0.200000
vt 0.176777 0.160000
vt -0.233345 0.160000
vt 0.230472 0.251327
vt 0.060472 0.251327
vt -0.750000 2.320000
vt -0.750000 1.100000
vt -1.040000 0.810000
vt -0.000000 0.810000
vt -0.000000 2.610000
vt -1.040000 2.610000
vt -1.300000 -0.850000
vt -0.000000 -0.850000
vt -0.000000 0.000000
vt -0.220000 0.000000
vt -0.220000 -0.360000
vt -1.300000 -0.360000
vt 0.230472 -0.251327
vt 0.060472 -0.251327
vt 0.233345 -0.160000
vt 0.233345 0.160000
vt -0.176777 0.160000
vt -0.233345 0.200000
vt -0.233345 -0.160000
vt -0.022981 -0.373064
vt 0.022981 -0.373064
vt -0.122160 0.044463
vt -0.065000 0.112583
vt 0.022574 0.128025
vt 0.099586 0.083562
vt 0.130000 0.000000
vt 0.099586 -0.083562
vt 0.022574 -0.128025
vt -0.065000 -0.112583
vt 0.023443 -0.132949
vt 0.103416 -0.086776
vt 0.135000 0.000000
vt 0.103416 0.086776
vt 0.023443 0.132949
vt -0.067500 0.116913
vt -0.126859 0.046173
vt -0.126859 -0.046173
vt -0.067500 -0.116913
vt -0.122160 -0.044463
vt -0.022981 -0.041452
vt 0.022981 -0.041452
vt -1.058324 -2.963646
vt -1.220000 -2.992154
vt -1.077426 -3.071975
vt -1.000414 -3.116438
vt -0.970000 -3.200000
vt -1.000414 -3.283562
vt -0.916149 -3.354269
vt -0.860000 -3.200000
vt -0.916149 -3.045731
vt 0.079668 -0.357792
vt 0.347168 -0.357792
vt -0.078520 0.065886
vt -0.102500 0.000000
vt -0.078520 -0.065886
vt -0.017799 -0.100943
vt 0.051250 -0.088768
vt 0.096318 -0.035057
vt 0.096318 0.035057
vt 0.051250 0.088768
vt -0.017799 0.100943
vt -0.022981 -0.041452
vt 0.022981 -0.041452
vt 1.548750 0.088768
vt 1.503682 0.035057
vt 1.503682 -0.035057
vt 1.548750 -0.088768
vt 1.617799 -0.100943
vt 1.678520 -0.065886
vt 1.702500 0.000000
vt 1.678520 0.065886
vt 1.617799 0.100943
vt 0.230472 -0.251327
vt 0.230472 -0.195477
vt 0.060472 -0.195477
vt 0.060472 -0.251327
vt -0.022981 0.373064
vt 0.022981 0.373064
vt 0.347168 -0.322013
vt 0.079668 -0.322013
vt 0.230472 0.083776
vt 0.060472 0.083776
vt 0.230472 -0.139626
vt 0.060472 -0.139626
vt -0.022981 0.290161
vt 0.022981 0.331613
vt -0.022981 0.373064
vt -0.022981 -0.373064
vt 0.022981 -0.414516
vt 0.022981 -0.331613
vt -0.022981 -0.290161
vt 0.022981 -0.248709
vt -0.022981 -0.207258
vt 0.022981 -0.165806
vt -0.022981 -0.124355
vt 0.022981 -0.082903
vt -0.022981 -0.041452
vt 0.022981 0.000000
vt -0.022981 0.041452
vt 0.022981 0.082903
vt -0.022981 0.124355
vt 0.022981 0.165806
vt -0.022981 0.207258
vt 0.022981 0.248709
vt 0.022981 0.414516
vt -0.022981 0.414516
vt -0.021213 0.298451
vt 0.021213 0.298451
vt 0.022981 0.414516
vt -0.022981 0.414516
vt -0.021213 -0.165806
vt 0.021213 -0.165806
vt -0.021213 0.165806
vt -0.021213 0.099484
vt 0.021213 0.099484
vt 0.021213 0.165806
vt -0.021213 -0.298451
vt 0.021213 -0.298451
vt 0.014142 0.778199
vt -0.014142 0.336849
vt 0.014142 0.336849
vt 0.014142 0.020290
vt -0.014142 -0.336849
vt 0.014142 -0.336849
vt 0.014142 -0.737619
vt -0.014142 -1.010546
vt 0.014142 -1.010546
vt 0.014142 -1.495528
vt -0.022981 0.373064
vt 0.022981 0.373064
vt -0.067500 -0.116913
vt 0.023443 -0.132949
vt 0.103416 -0.086776
vt 0.135000 0.000000
vt 0.103416 0.086776
vt 0.022574 0.128025
vt 0.099586 0.083562
vt 0.130000 0.000000
vt 0.099586 -0.083562
vt 0.022574 -0.128025
vt -0.065000 -0.112583
vt -0.122160 -0.044463
vt -0.126859 0.046173
vt -0.126859 -0.046173
vt -0.022981 -0.331613
vt 0.022981 -0.331613
vt 0.230472 -0.251327
vt 0.060472 -0.251327
vt 0.729293 0.084265
vt 0.800000 0.110000
vt 0.870707 0.084265
vt 0.908329 0.019101
vt 0.895263 -0.055000
vt 0.837622 -0.103366
vt 0.762378 -0.103366
vt 0.612173 -0.465992
vt 0.665379 -0.519197
vt 0.671937 -0.594156
vt 0.628779 -0.655792
vt 0.556098 -0.675267
vt 0.487904 -0.643467
vt 0.456104 -0.575273
vt 0.103366 -0.762378
vt 0.103366 -0.837622
vt 0.055000 -0.895263
vt -0.019101 -0.908329
vt -0.084265 -0.870707
vt -0.110000 -0.800000
vt -0.465992 -0.612173
vt -0.519197 -0.665379
vt -0.594156 -0.671937
vt -0.655792 -0.628779
vt -0.689335 -0.660940
vt -0.477500 -0.827054
vt -0.020078 -0.954789
vt 0.165834 -0.940491
vt 0.731572 -0.613862
vt 0.955000 -0.000000
vt 0.655792 0.628779
vt 0.675267 0.556098
vt 0.643467 0.487904
vt 0.575273 0.456104
vt 0.502592 0.475579
vt 0.459434 0.537215
vt 0.465992 0.612173
vt -0.477500 0.827054
vt -0.487904 0.643467
vt -0.103366 0.837622
vt -0.055000 0.895263
vt 0.019101 0.908329
vt 0.084265 0.870707
vt 0.110000 0.800000
vt 0.306418 0.257115
vt 0.400000 -0.000000
vt 0.691671 0.019101
vt 0.230472 -0.251327
vt 0.060472 -0.251327
vt 0.714668 0.250455
vt 0.714668 0.322013
vt 0.097168 0.322013
vt 0.097168 0.250455
vt -0.028284 0.124853
vt -0.028284 -0.124853
vt 0.028284 -0.141421
vt 0.028284 0.141421
vt -0.022981 -0.373064
vt 0.022981 -0.373064
vt -0.675267 -0.556098
vt -0.643467 -0.487904
vt -0.575273 -0.456104
vt -0.502592 -0.475579
vt -0.459434 -0.537215
vt -0.084265 -0.729293
vt -0.019101 -0.691671
vt 0.055000 -0.704737
vt 0.475579 -0.502592
vt 0.537215 -0.459434
vt 0.704737 -0.055000
vt 0.306418 -0.257115
vt 0.069459 -0.393923
vt -0.200000 -0.346410
vt -0.704737 -0.055000
vt -0.280000 -0.670206
vt 0.000000 -0.670206
vt -0.132168 0.000000
vt -0.399668 0.000000
vt -0.021213 -0.033161
vt 0.021213 -0.033161
vt -0.022981 0.373064
vt 0.022981 0.373064
vt 0.000000 0.335103
vt -0.280000 0.335103
vt -1.151250 -0.711232
vt -1.196318 -0.764943
vt -1.196318 -0.835057
vt -1.151250 -0.888768
vt -1.082201 -0.900943
vt -1.021480 -0.865886
vt -0.997500 -0.800000
vt -1.021480 -0.734114
vt -1.082201 -0.699057
vt 0.347168 -0.035779
vt 0.079668 -0.035779
vt 0.144627 0.172360
vt 0.221582 0.039071
vt 0.194856 -0.112500
vt 0.380000 -0.000000
vt 0.291097 0.244259
vt 0.065986 0.374227
vt -0.190000 0.329090
vt -0.357083 0.129968
vt -0.357083 -0.129968
vt -0.190000 -0.329090
vt -0.194856 -0.112500
vt -0.221582 0.039071
vt -0.144627 0.172360
vt -0.000000 0.225000
vt 0.350000 -1.125000
vt 0.350000 -0.945000
vt -0.350000 -0.945000
vt -0.350000 -1.125000
vt 0.022981 0.414516
vt -0.022981 0.414516
vt -0.022981 -0.331613
vt 0.022981 -0.331613
vt -0.022981 -0.207258
vt 0.022981 -0.207258
vt -0.010607 -0.569414
vt 0.010607 -0.569414
vt -0.010607 -0.265726
vt 0.010607 -0.265726
vt -0.022981 -0.373064
vt 0.022981 -0.373064
vt -0.022981 0.165806
vt 0.022981 0.165806
vt 0.230472 -0.251327
vt 0.230472 -0.195477
vt 0.060472 -0.195477
vt 0.060472 -0.251327
vt -0.700000 -0.272271
vt -0.280000 -0.272271
vt 0.347168 -0.322013
vt 0.079668 -0.322013
vt 0.040000 0.730718
vt 0.075175 0.772638
vt 0.075175 0.827362
vt 0.040000 0.869282
vt -0.013892 0.878785
vt -0.061284 0.851423
vt -0.080000 0.800000
vt -0.061284 0.748577
vt -0.013892 0.721215
vt -0.280000 -0.670206
vt 0.000000 -0.670206
vt 0.000000 -0.502655
vt -0.280000 -0.502655
vt -0.721215 0.013892
vt -0.748577 0.061284
vt -0.800000 0.080000
vt -0.851423 0.061284
vt -0.878785 0.013892
vt -0.869282 -0.040000
vt -0.827362 -0.075175
vt -0.772638 -0.075175
vt -0.730718 -0.040000
vt 0.000000 0.837758
vt -0.280000 0.837758
vt 0.075175 -0.772638
vt 0.040000 -0.730718
vt -0.013892 -0.721215
vt -0.061284 -0.748577
vt -0.080000 -0.800000
vt -0.061284 -0.851423
vt -0.013892 -0.878785
vt 0.040000 -0.869282
vt 0.075175 -0.827362
vt 0.721215 -0.013892
vt 0.748577 -0.061284
vt 0.800000 -0.080000
vt 0.851423 -0.061284
vt 0.878785 -0.013892
vt 0.869282 0.040000
vt 0.827362 0.075175
vt 0.772638 0.075175
vt 0.730718 0.040000
vt -0.021213 -0.298451
vt 0.021213 -0.298451
vt 2.157500 1.216913
vt 2.248443 1.232949
vt 2.328416 1.186776
vt 2.201557 2.432949
vt 2.292500 2.416913
vt 2.351859 2.346173
vt 2.351859 2.253827
vt 2.292500 2.183087
vt 2.201557 2.167051
vt 2.121584 2.213224
vt 0.728416 2.213224
vt -0.028284 1.208431
vt -0.028284 -1.208431
vt 0.028284 -1.225000
vt 0.028284 1.225000
vt 0.000000 0.837758
vt -0.280000 0.837758
vt -0.021213 -0.298451
vt 0.021213 -0.298451
vt -0.021213 -0.099484
vt 0.021213 -0.099484
vt -0.000000 0.706858
vt -0.235000 0.706858
vt -0.021213 0.298451
vt 0.021213 0.298451
vt -0.280000 0.000000
vt -0.700000 0.000000
vt -0.347168 -0.286234
vt -0.079668 -0.286234
vt 0.714668 0.322013
vt 0.097168 0.322013
vt -0.021213 0.298451
vt 0.021213 0.298451
vt -0.021213 -0.165806
vt 0.021213 -0.165806
vt -0.021213 0.298451
vt 0.021213 0.298451
vt -0.022981 -0.373064
vt 0.022981 -0.373064
vt 0.347168 -0.322013
vt 0.079668 -0.322013
vt 0.230472 0.251327
vt 0.060472 0.251327
vt 0.000000 0.837758
vt -0.280000 0.837758
vt -0.028284 0.340000
vt -0.028284 -0.340000
vt 0.028284 -0.340000
vt 0.028284 0.340000
vt -0.021213 -0.265290
vt 0.021213 -0.265290
vt -0.021213 -1.539380
vt 0.021213 -1.539380
vt 0.000000 0.000000
vt -0.280000 0.000000
vt -0.022981 0.373064
vt 0.022981 0.373064
vt 0.714668 0.107338
vt 0.097168 0.107338
vt 0.060472 0.111701
vt 0.230472 0.111701
vt -0.079668 0.143117
vt -0.347168 0.143117
vt -0.028284 0.124853
vt -0.028284 -0.124853
vt 0.028284 -0.141421
vt 0.028284 0.141421
vt -0.435000 -1.701696
vt -0.435000 -2.382374
vt -0.255000 -2.382374
vt -0.255000 -1.701696
vt -0.022981 0.041452
vt 0.022981 0.041452
vt -0.022981 -0.331613
vt 0.022981 -0.331613
vt -0.900000 -0.363028
vt -0.280000 -0.363028
vt 0.347168 0.322013
vt 0.079668 0.322013
vt -0.347168 -0.035779
vt -0.347168 -0.107338
vt -0.079668 -0.107338
vt -0.079668 -0.035779
vt 0.230472 -0.139626
vt 0.060472 -0.139626
vt 0.924668 -0.322013
vt 0.924668 -0.250455
vt 0.107168 -0.250455
vt 0.107168 -0.322013
vt -0.022981 0.165806
vt 0.022981 0.165806
vt 0.022981 0.248709
vt -0.022981 0.248709
vt 0.022981 0.414516
vt -0.022981 0.414516
vt -0.900000 -0.363028
vt -0.280000 -0.363028
vt -0.280000 -0.670206
vt 0.000000 -0.670206
vt -0.499057 -0.382201
vt -0.534114 -0.321480
vt -0.600000 -0.297500
vt -0.665886 -0.321480
vt -0.700943 -0.382201
vt -0.688768 -0.451250
vt -0.635057 -0.496318
vt -0.564943 -0.496318
vt -0.511232 -0.451250
vt 0.230472 0.251327
vt 0.060472 0.251327
vt -0.022981 0.041452
vt 0.022981 0.041452
vt 0.060472 0.055851
vt 0.230472 0.055851
vt -0.537215 0.459434
vt -0.762378 0.103366
vt -0.704737 0.055000
vt -0.691671 -0.019101
vt -0.729293 -0.084265
vt -0.655792 -0.628779
vt -0.675267 -0.556098
vt -0.643467 -0.487904
vt -0.575273 -0.456104
vt -0.502592 -0.475579
vt -0.459434 -0.537215
vt -0.465992 -0.612173
vt 0.055000 -0.895263
vt -0.019101 -0.908329
vt -0.084265 -0.870707
vt -0.573212 -0.208632
vt -0.573212 0.208632
vt -0.305000 0.528275
vt 0.105925 0.600733
vt 0.467287 0.392100
vt 0.610000 0.000000
vt 0.691671 -0.019101
vt 0.704737 0.055000
vt 0.762378 0.103366
vt 0.837622 0.103366
vt 0.895263 0.055000
vt 0.908329 -0.019101
vt 0.954789 -0.020078
vt 0.897406 0.326629
vt 0.655792 0.628779
vt 0.675267 0.556098
vt 0.643467 0.487904
vt 0.575273 0.456104
vt 0.502592 0.475579
vt 0.459434 0.537215
vt 0.084265 0.729293
vt 0.019101 0.691671
vt -0.055000 0.704737
vt -0.103366 0.762378
vt -0.103366 0.837622
vt -0.055000 0.895263
vt 0.019101 0.908329
vt 0.020078 0.954789
vt -0.487904 0.643467
vt -0.456104 0.575273
vt -0.475579 0.502592
vt 0.130000 0.000000
vt 0.103416 -0.086776
vt 0.135000 0.000000
vt 0.601557 2.432949
vt 0.692500 2.416913
vt 0.751859 2.346173
vt 2.090000 2.300000
vt 2.121584 2.386776
vt 0.200000 3.360000
vt 0.521584 2.386776
vt -0.280000 0.453786
vt -0.900000 0.453786
vt 0.141421 -1.660000
vt 0.141421 1.660000
vt -0.141421 1.660000
vt -0.141421 -1.660000
vt 0.230472 0.139626
vt 0.060472 0.139626
vt 0.022981 0.331613
vt -0.022981 0.331613
vt 0.347168 0.178896
vt 0.079668 0.178896
vt -0.940000 -2.100000
vt -0.940000 -0.800000
vt -1.425000 -0.800000
vt -1.425000 -2.100000
vt -0.511232 -0.451250
vt -0.499057 -0.382201
vt -0.534114 -0.321480
vt -0.600000 -0.297500
vt -0.665886 -0.321480
vt -0.700943 -0.382201
vt -0.688768 -0.451250
vt -0.635057 -0.496318
vt -0.564943 -0.496318
vt 0.022981 0.000000
vt -0.022981 0.000000
vt -0.700000 -0.181514
vt -0.280000 -0.181514
vt -0.022981 0.290161
vt 0.022981 0.290161
vt -0.021213 0.298451
vt 0.021213 0.298451
vt 0.924668 0.250455
vt 0.924668 0.322013
vt 0.107168 0.322013
vt 0.107168 0.250455
vt -0.028284 0.124853
vt -0.028284 -0.124853
vt 0.028284 -0.141421
vt 0.028284 0.141421
vt -0.000000 -0.100000
vt -0.000000 0.000000
vt -0.005393 0.000000
vt -0.005393 -0.100000
vt -0.000000 -0.100000
vt -0.000000 0.000000
vt -0.005393 0.000000
vt -0.005393 -0.100000
vt -0.022981 -0.373064
vt 0.022981 -0.373064
vt -0.021213 0.232129
vt 0.021213 0.232129
vt -0.126859 -0.046173
vt -0.067500 -0.116913
vt 0.023443 -0.132949
vt 0.103416 -0.086776
vt 0.135000 0.000000
vt 0.130000 0.000000
vt 0.099586 -0.083562
vt 0.022574 -0.128025
vt -0.065000 -0.112583
vt -0.122160 -0.044463
vt -0.126859 0.046173
vt 0.230472 -0.251327
vt 0.060472 -0.251327
vt 1.141676 1.036354
vt 0.980000 1.007846
vt 1.122574 0.928025
vt 1.199586 0.883562
vt 1.230000 0.800000
vt 1.199586 0.716438
vt 1.122574 0.671975
vt 1.035000 0.687417
vt 0.977840 0.755537
vt 0.980000 0.592154
vt 1.141676 0.563646
vt 1.283851 0.645731
vt 1.340000 0.800000
vt 1.283851 0.954269
vt 0.714668 0.035779
vt 0.097168 0.035779
vt -0.022981 0.373064
vt 0.022981 0.373064
vt 0.347168 0.322013
vt 0.079668 0.322013
vt 0.000000 0.837758
vt -0.280000 0.837758
vt 0.230472 -0.251327
vt 0.060472 -0.251327
vt 0.023443 -0.132949
vt 0.103416 -0.086776
vt 0.135000 0.000000
vt 0.103416 0.086776
vt 0.023443 0.132949
vt -0.067500 0.116913
vt -0.126859 0.046173
vt -0.126859 -0.046173
vt -0.122160 -0.044463
vt -0.122160 0.044463
vt -0.065000 0.112583
vt 0.022574 0.128025
vt 0.099586 0.083562
vt 0.130000 0.000000
vt 0.099586 -0.083562
vt 0.022574 -0.128025
vt -0.065000 -0.112583
vt -0.067500 -0.116913
vt 0.874474 0.717915
vt 0.980000 0.592154
vt 1.035000 0.687417
vt 0.977840 0.755537
vt 0.977840 0.844463
vt 1.035000 0.912583
vt 1.122574 0.928025
vt 1.199586 0.883562
vt 1.340000 0.800000
vt 1.283851 0.954269
vt 1.141676 1.036354
vt 0.980000 1.007846
vt 0.874474 0.882085
vt -0.280000 0.453786
vt -0.700000 0.453786
vt 0.230472 -0.251327
vt 0.060472 -0.251327
vt 0.924668 -0.322013
vt 0.107168 -0.322013
vt -0.022981 0.373064
vt 0.022981 0.373064
vt -0.729293 -0.084265
vt -0.022981 0.373064
vt 0.022981 0.373064
vt 0.728416 1.013224
vt 0.648443 0.967051
vt 0.557500 0.983087
vt 2.157500 0.983087
vt 2.098141 1.053827
vt 0.760000 1.100000
vt -0.511232 -2.748750
vt -0.564943 -2.703682
vt -0.635057 -2.703682
vt -0.688768 -2.748750
vt -0.700943 -2.817799
vt -0.665886 -2.878520
vt -0.600000 -2.902500
vt -0.534114 -2.878520
vt -0.499057 -2.817799
vt -0.028284 -0.845931
vt 0.028284 -0.862500
vt 0.028284 0.862500
vt -0.028284 0.862500
vt -0.772638 -0.075175
vt -0.730718 -0.040000
vt -0.721215 0.013892
vt -0.748577 0.061284
vt -0.800000 0.080000
vt -0.851423 0.061284
vt -0.878785 0.013892
vt -0.869282 -0.040000
vt -0.827362 -0.075175
vt 0.874474 -3.117915
vt 0.874474 -3.282085
vt 1.035000 -3.312583
vt 0.977840 -3.244463
vt 0.977840 -3.155537
vt 1.035000 -3.087417
vt 1.122574 -3.071975
vt 1.199586 -3.116438
vt 1.340000 -3.200000
vt 1.283851 -3.045731
vt 1.141676 -2.963646
vt 0.980000 -2.992154
vt -0.021213 0.298451
vt 0.021213 0.298451
vt 0.347168 0.322013
vt 0.079668 0.322013
vt 0.230472 -0.251327
vt 0.060472 -0.251327
vt 1.550000 -0.320000
vt 1.550000 0.000000
vt 0.330000 0.000000
vt 0.330000 -0.320000
vt 0.230472 -0.251327
vt 0.060472 -0.251327
vt -0.022981 0.373064
vt 0.022981 0.373064
vt -0.700000 -0.363028
vt -0.280000 -0.363028
vt -0.347168 0.035779
vt -0.079668 0.035779
vt -0.021213 -0.298451
vt 0.021213 -0.298451
vt -0.233345 -0.160000
vt 0.233345 -0.160000
vt 0.233345 0.200000
vt 0.176777 0.160000
vt -0.233345 0.160000
vt 0.680000 0.000000
vt 0.680000 0.170000
vt 0.000000 0.170000
vt 0.000000 0.000000
vt -0.280000 0.453786
vt -0.700000 0.453786
vt -0.021213 0.298451
vt 0.021213 0.298451
vt 0.347168 -0.322013
vt 0.079668 -0.322013
vt 0.350000 -1.125000
vt 0.350000 -0.945000
vt -0.350000 -0.945000
vt -0.350000 -1.125000
vt 0.022981 0.414516
vt -0.022981 0.414516
vt -0.022981 -0.373064
vt 0.022981 -0.373064
vt -0.557337 -0.800000
vt -0.196406 -0.955013
vt 0.196406 -0.955013
vt 0.557337 -0.800000
vt -0.021213 -0.298451
vt 0.021213 -0.298451
vt -0.022981 0.373064
vt 0.022981 0.373064
vt -0.435000 -3.063053
vt -0.255000 -3.063053
vt 0.028284 -0.862500
vt 0.028284 0.862500
vt -0.028284 0.845931
vt -0.028284 -0.862500
vt 0.924668 -0.322013
vt 0.107168 -0.322013
vn -0.7045 0.7097 -0.0000
vn -0.7060 -0.7082 0.0000
vn 0.7090 -0.7052 0.0000
vn 0.7071 -0.7071 0.0000
vn 0.7090 -0.7052 0.0001
vn -0.7090 -0.7052 0.0000
vn 0.7058 0.7084 0.0000
vn -0.0000 1.0000 0.0000
vn -0.7052 -0.7090 0.0003
vn 0.7087 -0.7055 0.0000
vn 0.7065 -0.7077 0.0002
vn -0.7052 -0.7090 0.0000
vn 0.7111 -0.7031 0.0000
vn 0.7163 0.6978 0.0000
vn -0.7074 0.7068 0.0000
vn -0.7072 -0.7070 0.0000
vn 0.7054 -0.7088 -0.0002
vn 0.7059 -0.7083 0.0000
vn 0.7054 -0.7088 0.0000
vn 0.7428 0.6695 -0.0059
vn 0.7344 0.6787 -0.0059
vn 0.9993 -0.0345 -0.0149
vn 1.0000 0.0032 -0.0075
vn 1.0000 0.0030 -0.0075
vn -0.7111 -0.7031 0.0001
vn -0.7004 -0.7137 0.0000
vn -0.7111 -0.7031 0.0000
vn 0.0000 0.0000 -1.0000
vn 0.7090 -0.7052 -0.0003
vn 0.7004 -0.7137 0.0000
vn 0.7074 0.7068 0.0000
vn 0.7071 0.7071 0.0000
vn 0.0000 -1.0000 0.0000
vn -0.7054 -0.7088 0.0002
vn -0.7054 -0.7088 0.0000
vn 0.7060 -0.7082 0.0000
vn 0.7004 -0.7137 -0.0002
vn 0.7072 -0.7070 0.0000
vn 0.7072 -0.7070 -0.0001
vn 0.7045 0.7097 0.0000
vn -0.7071 0.7071 -0.0000
vn -0.7060 -0.7082 -0.0001
vn 0.7054 0.7088 -0.0000
vn -0.9980 -0.0396 0.0498
vn -0.7408 0.6717 0.0054
vn -0.7330 0.6802 0.0056
vn -0.9994 -0.0301 0.0141
vn -1.0000 0.0054 0.0070
vn -0.7058 0.7084 -0.0000
vn 1.0000 0.0052 0.0000
vn 0.7088 -0.7054 0.0002
vn 0.7088 -0.7054 0.0000
vn -0.7069 -0.7073 0.0000
vn -0.7069 -0.7073 0.0002
vn 0.7069 -0.7073 0.0000
vn -0.7069 -0.7073 0.0001
vn -0.7072 -0.7070 0.0001
vn 0.7090 -0.7052 -0.0002
vn -0.7163 0.6978 0.0000
vn -0.7163 0.6978 -0.0003
vn -0.7054 0.7088 0.0000
vn -1.0000 -0.0052 0.0000
vn -0.7088 0.7054 -0.0000
vn 0.7402 -0.6724 0.0003
vn 0.7241 -0.6897 -0.0000
vn 0.9401 -0.1224 -0.3182
vn 0.0000 0.0000 1.0000
vn 0.9920 -0.1261 -0.0000
vn 0.6956 0.7184 -0.0002
vn 0.7587 0.6514 0.0000
vn 0.7241 0.6897 0.0000
vn 0.7089 -0.7053 -0.0002
vn 0.7089 -0.7053 0.0000
vn -0.7587 0.6514 0.0000
vn -0.6956 0.7184 -0.0000
vn -0.6953 -0.7188 0.0000
vn -0.6956 -0.7184 -0.0003
vn -0.7077 0.7065 -0.0000
vn -0.7090 -0.7052 -0.0002
vn -0.7055 0.7087 0.0000
vn -0.7075 0.7067 0.0000
vn -0.7045 0.7097 0.0002
vn 0.7052 -0.7090 -0.0003
vn -0.7087 -0.7055 0.0000
vn -0.7065 -0.7077 0.0002
vn 0.7052 -0.7090 0.0000
vn -0.7083 -0.7059 0.0002
vn -0.7077 -0.7065 -0.0003
vn -0.7055 -0.7087 0.0000
vn -0.7083 -0.7059 0.0000
vn -0.6956 0.7184 0.0002
vn -0.6956 -0.7184 0.0000
vn 0.7077 0.7065 -0.0002
vn 0.7055 0.7087 0.0000
vn -0.7088 -0.7054 0.0000
vn 0.7075 0.7067 0.0000
vn -0.7071 -0.7071 0.0000
vn -0.7111 -0.7031 -0.0001
vn -0.9920 -0.1261 0.0000
vn -0.7241 0.6897 0.0000
vn -0.7090 0.7052 0.0000
vn -0.7090 0.7052 0.0001
vn 0.7060 -0.7082 0.0001
vn 0.7111 -0.7031 0.0001
vn 0.7402 0.6724 -0.0003
vn 0.9401 0.1224 0.3182
vn 0.7163 0.6978 -0.0002
vn 0.7059 0.7083 -0.0000
vn 0.7065 0.7077 -0.0002
vn 0.7087 0.7055 0.0000
vn 0.7083 0.7059 -0.0001
vn 0.7083 0.7059 0.0000
vn -0.7083 0.7059 -0.0000
vn 0.7448 0.6673 0.0001
vn -0.7241 -0.6897 0.0002
vn -0.7241 -0.6897 0.0000
vn 0.7074 0.7068 -0.0002
vn 0.6953 -0.7188 0.0000
vn 0.6956 -0.7184 -0.0000
vn -0.7065 0.7077 0.0000
vn 0.7052 0.7090 0.0000
vn 0.7052 0.7090 0.0003
vn -0.7087 0.7055 0.0000
vn -0.7402 -0.6724 -0.0002
vn -0.9401 -0.1224 0.3182
vn -0.7059 -0.7083 -0.0000
vn 0.7069 -0.7073 -0.0001
vn -0.7421 0.6703 -0.0002
vn -0.9405 0.1203 -0.3179
vn 0.7083 -0.7059 -0.0000
vn -0.7059 0.7083 -0.0002
vn -0.7059 0.7083 0.0000
vn 0.7090 0.7052 -0.0002
vn 0.7055 -0.7087 0.0000
vn 0.7077 -0.7065 -0.0000
vn 0.7090 0.7052 0.0000
vn -1.0000 0.0030 0.0000
vn -0.7052 0.7090 -0.0003
vn -0.7052 0.7090 0.0000
vn 0.7088 0.7054 0.0000
vn -0.7089 -0.7053 0.0000
vn 0.7448 -0.6673 -0.0001
vn 0.6956 -0.7184 0.0002
vn 0.7587 -0.6514 0.0000
vn -0.7163 0.6978 0.0003
vn -0.7072 -0.7070 -0.0001
vn 1.0000 -0.0052 0.0000
vn 0.6956 0.7184 0.0000
vn 0.6953 0.7188 0.0000
vn 0.7152 0.0000 -0.6989
vn 0.7152 -0.0002 -0.6989
vn 0.7021 0.0000 -0.7120
vn 0.7022 0.0000 -0.7120
vn 0.7089 0.0000 0.7053
vn 0.6943 -0.0000 0.7197
vn 0.6943 0.0004 0.7197
vn 0.0000 0.6999 -0.7143
vn 0.0000 -0.6999 -0.7143
vn 0.7088 -0.7055 0.0000
vn 1.0000 0.0000 0.0000
vn -0.6926 -0.0000 -0.7213
vn -0.7092 -0.0000 -0.7050
vn 0.0000 -0.7055 0.7087
vn 0.7093 0.0000 -0.7049
vn -0.5773 -0.5774 0.5774
vn -0.5774 -0.5774 0.5773
vn -0.5773 -0.5774 0.5773
vn -0.7152 0.6989 0.0000
vn -0.7152 -0.6989 -0.0001
vn -0.7152 -0.6989 0.0000
vn 0.6989 -0.7152 0.0000
vn -0.6989 -0.7153 -0.0000
vn 0.7078 0.0000 -0.7064
vn 0.6999 -0.0001 0.7143
vn 0.7114 0.0000 0.7028
vn 0.6999 0.0000 0.7143
vn -0.6999 -0.0000 0.7143
vn 0.6999 -0.0002 0.7143
vn -0.6999 0.0002 0.7143
vn -0.0000 0.7213 -0.6926
vn -0.0000 0.7050 -0.7092
vn 0.7171 0.0000 0.6970
vn 0.7114 -0.0001 -0.7028
vn 0.7114 0.0000 -0.7028
vn 0.7171 0.0002 0.6970
vn 0.7173 0.0000 -0.6968
vn 0.7009 0.0000 -0.7132
vn -0.0000 0.7064 0.7078
vn -0.0002 -0.6984 -0.7157
vn 0.0000 -0.7100 -0.7042
vn -0.0001 -0.7100 -0.7042
vn 0.0000 -0.6984 -0.7157
vn 0.0000 -0.7055 -0.7087
vn 0.0000 -0.7055 -0.7088
vn -0.5741 -0.5743 0.5836
vn -0.5754 -0.5772 -0.5795
vn -0.5771 -0.5773 -0.5776
vn -0.5770 -0.5769 0.5782
vn 0.5778 -0.5753 -0.5790
vn 0.5831 -0.5744 -0.5745
vn 0.5789 -0.5765 -0.5767
vn 0.5775 -0.5768 -0.5778
vn -0.7173 -0.0000 -0.6968
vn -0.7009 -0.0000 -0.7132
vn -0.7009 0.0001 -0.7132
vn -0.7024 0.0000 -0.7118
vn -0.7078 0.0000 -0.7064
vn -0.0000 -0.7139 -0.7003
vn 0.0000 -0.6957 -0.7183
vn -0.6977 -0.0002 -0.7164
vn -0.6977 -0.0000 -0.7164
vn -0.7031 0.0001 0.7111
vn -0.7031 0.0000 0.7111
vn -0.0000 0.7136 0.7006
vn 0.0000 0.7220 -0.6919
vn -0.0001 0.7136 0.7006
vn -0.0000 0.7184 0.6956
vn -0.0000 0.7055 0.7087
vn 0.0001 0.7213 -0.6926
vn -0.7085 -0.0000 0.7057
vn -1.0000 -0.0000 0.0000
vn 0.7022 0.7120 0.0000
vn 0.7152 0.6989 0.0000
vn -0.6955 -0.0005 -0.7185
vn -0.7071 0.0000 -0.7071
vn -0.6955 -0.0000 -0.7185
vn 0.5756 -0.5752 -0.5813
vn 0.5771 -0.5771 -0.5779
vn 0.5770 -0.5771 0.5779
vn 0.5755 -0.5750 0.5815
vn 0.0000 -0.7125 -0.7016
vn 0.0000 -0.6980 -0.7161
vn -0.5755 -0.5821 -0.5744
vn -0.5769 -0.5786 -0.5766
vn -0.5771 0.5784 -0.5765
vn -0.5756 0.5817 -0.5747
vn 0.5772 -0.5754 -0.5795
vn 0.5822 -0.5747 -0.5751
vn 0.5780 -0.5770 -0.5771
vn 0.5773 -0.5771 -0.5776
vn -0.7078 -0.0000 0.7064
vn 0.6912 0.0000 0.7227
vn -0.7004 -0.0001 0.7137
vn -0.7001 0.0000 0.7140
vn 0.6911 0.0000 0.7227
vn -0.6912 -0.0000 0.7227
vn 0.7003 -0.0001 0.7139
vn 0.7003 0.0000 0.7139
vn 0.0000 -0.7184 -0.6956
vn 0.5748 -0.5817 0.5755
vn 0.5767 -0.5785 0.5769
vn 0.5770 -0.5771 0.5780
vn 0.5753 -0.5765 0.5802
vn -0.7089 0.0000 0.7053
vn -0.6943 0.0000 0.7197
vn -0.0000 0.7057 0.7085
vn -0.6955 -0.0000 0.7185
vn 0.7042 0.0000 0.7100
vn -0.6955 -0.0002 0.7185
vn -0.0002 0.6970 -0.7171
vn -0.0000 0.7085 -0.7057
vn 0.0000 0.6970 -0.7171
vn 0.6956 0.0000 0.7184
vn 0.6956 0.0002 0.7184
vn 0.7087 0.0000 0.7055
vn 0.7173 -0.0001 0.6968
vn 0.7173 0.0000 0.6968
vn 0.7173 -0.0002 -0.6968
vn 0.7006 0.0000 -0.7136
vn -0.6919 0.0000 -0.7220
vn 0.7006 -0.0001 -0.7136
vn 0.7021 0.7120 0.0000
vn 0.7022 0.7120 0.0001
vn 0.7184 0.6956 0.0000
vn 0.7120 -0.7022 0.0001
vn 0.7120 -0.7022 0.0000
vn 0.0001 0.7120 -0.7021
vn 0.0000 0.7120 -0.7022
vn 0.6970 0.0000 -0.7171
vn -0.7028 -0.0000 -0.7114
vn 0.6970 -0.0001 -0.7171
vn 0.6956 -0.7184 0.0001
vn -0.7087 0.0000 0.7055
vn -0.7088 -0.0000 0.7055
vn 0.7051 -0.0002 -0.7091
vn 0.7051 0.0000 -0.7091
vn -0.7024 0.0003 -0.7118
vn 0.0000 -0.7028 -0.7114
vn 0.0000 0.7171 0.6970
vn 0.0001 0.7114 -0.7028
vn 0.0000 0.7114 -0.7028
vn -0.7094 0.0000 0.7049
vn -0.0002 0.7013 -0.7128
vn -0.0000 0.7128 -0.7013
vn -0.0000 0.7013 -0.7128
vn 0.7078 0.0000 0.7064
vn 0.7024 0.0000 0.7118
vn 0.7024 -0.0002 0.7118
vn 0.5774 0.5774 0.5773
vn 0.5773 0.5774 0.5774
vn 0.5773 0.5774 0.5773
vn 0.7093 -0.0000 0.7049
vn 0.0000 -0.7013 0.7128
vn -0.0002 0.6984 0.7157
vn -0.0000 0.6984 0.7157
vn -0.0001 -0.7013 0.7128
vn -0.7072 -0.0000 -0.7071
vn -0.5753 0.5790 -0.5778
vn -0.5768 0.5778 -0.5775
vn 0.5794 -0.5776 -0.5751
vn 0.5797 -0.5777 -0.5747
vn 0.5794 -0.5801 0.5725
vn 0.5789 -0.5796 0.5735
vn -0.7185 0.0000 0.6955
vn -0.7185 -0.0002 -0.6955
vn -0.7181 0.0000 -0.6959
vn -0.7181 -0.0001 0.6959
vn 0.5821 -0.5744 -0.5755
vn -0.5817 -0.5747 -0.5756
vn -0.5784 -0.5765 -0.5771
vn 0.5786 -0.5766 -0.5769
vn -0.5764 -0.5749 -0.5807
vn -0.5743 -0.5742 0.5836
vn -0.5748 -0.5748 0.5825
vn -0.5766 -0.5754 -0.5801
vn 0.5776 0.5752 -0.5792
vn 0.7070 0.7072 -0.0000
vn 0.5774 0.5770 -0.5777
vn -0.7051 0.0001 -0.7091
vn -0.7051 -0.0000 -0.7091
vn 0.7024 -0.0002 -0.7118
vn 0.7024 0.0000 -0.7118
vn 0.6984 0.0000 0.7157
vn 0.7100 0.0000 0.7042
vn -0.7055 0.0001 0.7088
vn -0.7055 -0.0000 0.7087
vn 0.0000 -0.6962 0.7178
vn -0.0000 0.6962 0.7178
vn 0.0000 -0.7053 0.7089
vn -0.5773 0.5774 0.5773
vn 0.5773 0.5773 0.5774
vn -0.5773 0.5774 0.5774
vn 0.5773 0.5774 -0.5773
vn 0.5774 0.5773 -0.5774
vn -0.5774 0.5773 -0.5773
vn -0.5774 0.5774 -0.5773
vn -0.5774 0.5773 -0.5774
vn 0.5774 0.5773 -0.5773
vn -0.5774 0.5773 0.5773
vn 0.7021 -0.7120 -0.0001
vn 0.7152 -0.6989 0.0000
vn 0.7022 -0.7120 0.0000
vn 0.7185 0.0000 -0.6955
vn 0.7100 -0.0001 0.7042
vn 0.7185 -0.0002 -0.6955
vn -0.5778 0.5753 -0.5790
vn -0.5831 0.5744 -0.5745
vn -0.5789 0.5765 -0.5767
vn -0.5775 0.5768 -0.5778
vn -0.5747 -0.5743 -0.5830
vn -0.5766 -0.5766 -0.5788
vn -0.5778 -0.5768 -0.5775
vn -0.5791 -0.5752 -0.5777
vn 0.5752 -0.5791 0.5777
vn 0.7072 -0.0000 0.7071
vn 0.5768 -0.5778 0.5775
vn 0.0000 -0.7227 0.6912
vn 0.0002 -0.7227 0.6912
vn -0.7042 -0.0000 -0.7100
vn 0.6955 -0.0002 -0.7185
vn 0.6955 0.0000 -0.7185
vn -0.7143 -0.0000 -0.6999
vn -0.7142 -0.0000 -0.6999
vn -0.7028 0.0001 -0.7114
vn 0.5743 -0.5748 0.5830
vn 0.5766 -0.5766 0.5788
vn -0.5755 0.5750 -0.5815
vn -0.5804 0.5750 -0.5766
vn -0.5779 0.5769 -0.5773
vn -0.5770 0.5771 -0.5779
vn 0.5781 0.5756 0.5783
vn 0.5836 0.5741 0.5743
vn 0.5782 0.5770 0.5769
vn 0.5774 0.5772 0.5775
vn 0.5778 -0.5790 0.5753
vn 0.5832 -0.5745 0.5743
vn 0.5789 -0.5767 0.5764
vn 0.5775 -0.5778 0.5768
vn -0.5804 -0.5753 -0.5763
vn -0.5782 -0.5768 -0.5770
vn -0.7092 -0.0000 0.7050
vn 0.0000 -0.7114 0.7028
vn 0.0001 -0.7114 0.7028
vn 0.0000 -0.6999 0.7143
vn -0.0002 -0.7038 -0.7104
vn 0.0000 -0.7037 -0.7105
vn 0.0000 0.7038 -0.7104
vn -0.0000 0.7037 -0.7105
vn -0.5752 -0.5792 0.5776
vn -0.5770 -0.5777 0.5774
vn -0.7072 -0.0000 0.7070
vn 0.7014 0.0000 -0.7128
vn -0.6984 0.0002 -0.7157
vn -0.6984 -0.0000 -0.7157
vn 0.7014 0.0001 -0.7128
vn 0.5775 -0.5778 -0.5768
vn 0.5778 -0.5790 -0.5753
vn 0.7071 0.0000 -0.7072
vn 0.0000 -0.6989 0.7152
vn 0.0000 -0.7120 0.7022
vn -0.7057 0.0000 -0.7085
vn 0.7152 0.6989 -0.0001
vn 0.7051 0.0000 0.7091
vn 0.7051 -0.0001 0.7091
vn 0.7105 0.0000 0.7037
vn 0.7104 -0.0000 0.7038
vn 0.7088 0.0000 0.7055
vn 0.7157 0.0000 0.6984
vn 0.7128 0.0000 -0.7013
vn 0.7157 -0.0002 0.6984
vn -0.7084 -0.0000 -0.7058
vn -0.5802 -0.5753 0.5765
vn 0.5830 -0.5743 0.5747
vn 0.5788 -0.5766 0.5766
vn -0.5780 -0.5770 0.5771
vn -0.5817 -0.5748 0.5755
vn -0.5785 -0.5767 0.5769
vn -0.5771 -0.5770 0.5780
vn -0.5765 -0.5753 0.5802
vn -0.0000 -0.7064 -0.7078
vn -0.7088 0.7055 0.0000
vn -0.5776 -0.5752 -0.5793
vn -0.7070 -0.7072 0.0000
vn -0.5774 -0.5770 -0.5777
vn 0.5755 0.5748 0.5817
vn 0.5802 0.5753 0.5765
vn 0.5780 0.5770 0.5771
vn 0.5769 0.5767 0.5785
vn -0.0000 0.7184 -0.6956
vn 0.0002 0.7184 -0.6956
vn -0.0000 0.7055 -0.7088
vn -0.6943 0.0003 0.7197
vn 0.5774 0.5773 0.5774
vn -0.5773 0.5773 0.5774
vn 0.6955 0.0000 0.7185
vn -0.7042 -0.0000 0.7100
vn 0.7071 0.0000 0.7072
vn -0.5776 -0.5769 -0.5776
vn -0.5778 -0.5753 -0.5789
vn -0.7006 -0.0000 0.7136
vn -0.7178 -0.0000 0.6962
vn -0.7178 0.0003 0.6962
vn -0.5744 0.5745 -0.5831
vn -0.5753 0.5763 0.5804
vn -0.5768 0.5770 0.5782
vn -0.5765 0.5767 -0.5789
vn 0.5766 -0.5766 -0.5788
vn 0.5743 -0.5747 -0.5830
vn -0.0000 0.7058 -0.7084
vn -0.7042 -0.0001 -0.7100
vn 0.5752 0.5771 0.5798
vn 0.5742 0.5742 -0.5836
vn 0.5769 0.5770 -0.5781
vn 0.5770 0.5773 0.5777
vn 0.7184 0.0000 -0.6956
vn 0.7055 0.0000 -0.7088
vn 0.0000 -0.7171 0.6970
vn 0.0000 -0.7057 0.7085
vn -0.0001 -0.7057 0.7085
vn -0.7100 -0.0000 0.7042
vn -0.7185 -0.0000 -0.6955
vn 0.7085 0.0000 0.7057
vn 0.5821 0.5755 -0.5744
vn -0.5817 0.5756 -0.5747
vn -0.5784 0.5771 -0.5765
vn 0.5786 0.5769 -0.5766
vn 0.7022 -0.7120 -0.0002
vn -0.5830 0.5743 0.5747
vn -0.5777 0.5752 0.5791
vn -0.5775 0.5768 0.5778
vn -0.5788 0.5766 0.5766
vn -0.7057 -0.0000 0.7085
vn -0.7067 -0.0000 0.7075
vn -0.7098 -0.0000 0.7044
vn 0.6955 -0.0002 0.7185
vn 0.7071 0.0000 0.7071
vn -0.5752 0.5791 0.5777
vn -0.7072 -0.0000 0.7071
vn -0.5768 0.5778 0.5775
vn -0.7006 -0.0000 -0.7136
vn 0.6919 0.0000 -0.7220
vn -0.7006 -0.0001 -0.7136
vn 0.6989 0.7152 0.0003
vn 0.7120 0.7022 0.0000
vn 0.7120 0.7021 0.0000
vn 0.6989 0.7152 0.0000
vn 0.5747 0.5822 -0.5751
vn 0.5751 -0.5808 -0.5761
vn 0.5771 -0.5778 -0.5772
vn 0.5770 0.5780 -0.5771
vn -0.5802 -0.5765 0.5753
vn -0.5780 -0.5771 0.5769
vn 0.5830 -0.5747 0.5743
vn 0.5751 0.5747 -0.5822
vn 0.5761 0.5751 0.5808
vn 0.5772 0.5771 0.5778
vn 0.5771 0.5770 -0.5780
vn 0.0000 -0.7132 0.7009
vn 0.0002 -0.7132 0.7009
vn 0.0000 -0.6968 0.7173
vn -0.0001 -0.6968 0.7173
vn 0.7027 0.0000 0.7115
vn 0.7097 -0.0001 0.7045
vn 0.7097 -0.0000 0.7045
vn 0.7027 -0.0002 0.7115
vn -0.7022 0.7120 0.0000
vn -0.7055 -0.7088 -0.0000
vn 0.7098 0.0000 -0.7044
vn 0.7067 0.0000 -0.7075
vn 0.7161 0.0003 0.6980
vn 0.7161 0.0000 0.6980
vn 0.7161 -0.0001 -0.6980
vn 0.7161 0.0000 -0.6980
vn -0.7178 -0.0002 0.6962
vn 0.5778 0.5790 0.5753
vn 0.5775 0.5778 0.5768
vn 0.5789 0.5767 0.5765
vn 0.5831 0.5745 0.5744
vn 0.0000 -0.7091 0.7051
vn 0.0000 -0.7037 0.7105
vn 0.0000 -0.7038 0.7104
vn 0.6912 0.0000 -0.7227
vn 0.7094 0.0000 -0.7049
vn 0.6911 0.0000 -0.7227
vn 0.7094 0.0000 0.7049
vn -0.0001 -0.7120 -0.7021
vn 0.0000 -0.6989 -0.7152
vn -0.0002 -0.6989 -0.7152
vn 0.0000 -0.7120 -0.7022
vn 0.0000 -0.7213 -0.6926
vn -0.0001 -0.7132 0.7009
vn -0.0000 0.7128 0.7013
vn -0.0000 0.7157 -0.6984
vn 0.5799 -0.5756 0.5765
vn 0.5779 -0.5771 0.5770
vn -0.5788 -0.5766 0.5766
vn -0.5830 -0.5743 0.5748
vn -0.5757 0.5796 -0.5768
vn -0.5799 0.5791 -0.5730
vn -0.5801 0.5793 -0.5726
vn 0.5790 0.5733 -0.5797
vn 0.5794 0.5767 -0.5759
vn 0.5796 0.5767 -0.5757
vn 0.5794 0.5725 -0.5801
vn -0.5744 0.5746 -0.5830
vn -0.5792 0.5752 -0.5776
vn -0.5777 0.5770 -0.5774
vn -0.5767 0.5771 -0.5782
vn -0.5755 -0.5821 0.5744
vn -0.5756 0.5817 0.5747
vn -0.5771 0.5784 0.5765
vn -0.5769 -0.5786 0.5766
vn 0.7152 0.0000 0.6989
vn 0.7152 -0.0002 0.6989
vn 0.7021 0.0000 0.7120
vn 0.7021 -0.0001 0.7120
vn -0.0000 0.6989 0.7152
vn -0.7105 -0.0000 -0.7037
vn -0.7104 0.0002 -0.7038
vn -0.7051 -0.0001 -0.7091
vn 0.7104 -0.0002 0.7038
vn 0.7104 0.0000 -0.7038
vn 0.7105 0.0000 -0.7037
vn -0.7157 -0.0000 0.6984
vn -0.7128 0.0002 -0.7013
vn -0.7128 0.0000 -0.7013
vn 0.5753 0.5778 -0.5789
vn 0.5749 0.5825 -0.5746
vn 0.5772 0.5780 -0.5769
vn 0.5769 0.5776 -0.5776
vn -0.5735 0.5789 0.5796
vn -0.5725 0.5794 0.5801
vn -0.5768 0.5795 0.5758
vn -0.5769 0.5792 0.5760
vn 0.5804 0.5755 -0.5762
vn 0.5755 0.5744 -0.5821
vn 0.5769 0.5766 -0.5786
vn 0.5782 0.5771 -0.5768
vn 0.5799 -0.5766 -0.5756
vn 0.5779 -0.5771 -0.5771
vn -0.5788 -0.5767 -0.5766
vn -0.5830 -0.5747 -0.5743
vn 0.7089 0.0000 -0.7053
vn 0.7084 0.0000 -0.7058
vn 0.0000 0.6989 -0.7152
vn -0.7114 -0.0000 0.7028
vn -0.7171 0.0003 -0.6970
vn -0.7171 -0.0000 -0.6970
vn 0.7092 -0.0000 -0.7050
vn 0.5752 -0.5791 -0.5777
vn 0.5768 -0.5778 -0.5775
vn 0.7072 0.0000 -0.7071
vn -0.6989 0.7152 0.0000
vn 0.6989 0.7153 0.0002
vn 0.6989 0.7153 0.0000
vn -0.5780 -0.5772 -0.5769
vn -0.5825 -0.5748 -0.5747
vn 0.5762 -0.5755 -0.5804
vn 0.5768 -0.5771 -0.5782
vn -0.5752 0.5756 -0.5813
vn -0.5750 0.5755 0.5815
vn -0.5771 0.5770 0.5779
vn -0.5771 0.5771 -0.5779
vn 0.5747 -0.5817 -0.5756
vn 0.5756 -0.5765 -0.5799
vn 0.5771 -0.5770 -0.5779
vn 0.5765 -0.5784 -0.5771
vn 0.5743 -0.5745 0.5832
vn 0.5764 -0.5767 0.5789
vn 0.5771 -0.5768 -0.5782
vn 0.5754 -0.5762 -0.5804
vn 0.0000 -0.7184 0.6956
vn 0.5804 0.5753 -0.5763
vn 0.5755 0.5748 -0.5818
vn 0.5769 0.5767 -0.5785
vn 0.5782 0.5768 -0.5770
vn 0.6919 -0.0002 -0.7220
vn -0.7071 0.7072 0.0000
vn 0.6999 -0.0002 -0.7143
vn 0.6999 0.0000 -0.7142
vn 0.5752 0.5792 -0.5776
vn 0.7072 0.0000 -0.7070
vn 0.5770 0.5777 -0.5774
vn 0.6956 0.7184 0.0002
vn -0.6926 -0.0000 0.7213
vn -0.6926 0.0002 0.7213
vn -0.5751 -0.5801 0.5769
vn -0.5752 -0.5756 0.5813
vn -0.5771 -0.5771 0.5779
vn -0.5769 -0.5777 0.5775
vn 0.0000 0.6957 -0.7183
vn 0.0000 0.7139 -0.7003
vn 0.5749 0.5747 -0.5824
vn 0.5752 0.5798 -0.5771
vn 0.5770 0.5777 -0.5773
vn 0.5771 0.5768 -0.5782
vn 0.5743 -0.5747 0.5830
vn -0.5791 -0.5752 0.5777
vn 0.0000 -0.7072 0.7071
vn -0.5778 -0.5768 0.5775
vn -0.5775 0.5778 -0.5768
vn -0.5778 0.5790 -0.5753
vn -0.7071 0.0000 -0.7072
vn -0.7009 -0.0000 0.7132
vn -0.7173 -0.0000 0.6968
vn 0.7071 0.0000 -0.7071
vn -0.7157 0.0002 0.6984
vn -0.7051 -0.0000 0.7091
vn -0.5774 -0.5773 0.5774
vn -0.5774 -0.5773 0.5773
vn -0.5752 0.5813 -0.5756
vn -0.5771 0.5779 -0.5771
vn -0.5771 -0.5779 -0.5770
vn -0.5750 -0.5815 -0.5755
vn 0.6977 0.0000 -0.7164
vn 0.5830 0.5746 0.5744
vn 0.5782 0.5771 0.5767
vn 0.5774 0.5770 0.5777
vn 0.5776 0.5752 0.5792
vn 0.5756 -0.5817 -0.5747
vn 0.5771 -0.5784 -0.5765
vn -0.5765 0.5799 -0.5756
vn -0.5748 -0.5830 -0.5743
vn -0.5766 -0.5788 -0.5766
vn -0.0000 0.7071 0.7071
vn -0.5751 -0.5808 0.5761
vn -0.5750 -0.5761 0.5809
vn -0.5768 -0.5773 0.5779
vn -0.5771 -0.5778 0.5772
vn 0.0000 -0.7143 -0.6999
vn -0.0000 0.6955 0.7185
vn 0.0001 -0.7042 0.7100
vn 0.0000 -0.7042 0.7100
vn -0.0003 0.6955 0.7185
vn -0.5781 0.5756 -0.5783
vn -0.5836 0.5741 -0.5743
vn -0.5782 0.5769 -0.5770
vn -0.5774 0.5772 -0.5775
vn -0.0000 0.7055 -0.7087
vn 0.5813 -0.5752 -0.5756
vn -0.5815 -0.5750 -0.5755
vn -0.5779 -0.5771 -0.5770
vn 0.0000 -0.7049 0.7094
vn 0.7013 0.0000 -0.7128
vn -0.5799 0.5766 -0.5756
vn -0.5779 0.5771 -0.5771
vn 0.5788 0.5766 -0.5766
vn 0.5830 0.5748 -0.5743
vn -0.5809 -0.5750 0.5761
vn 0.5824 -0.5749 0.5747
vn 0.5782 -0.5771 0.5768
vn -0.5780 -0.5768 0.5773
vn -0.0001 0.7120 -0.7021
vn 0.5804 0.5762 0.5755
vn 0.5755 0.5821 0.5744
vn 0.5769 0.5786 0.5766
vn 0.5782 0.5768 0.5771
vn -0.5830 -0.5746 -0.5744
vn -0.5782 -0.5771 -0.5767
vn -0.5748 0.5817 0.5755
vn -0.5767 0.5785 0.5769
vn -0.5770 0.5771 0.5780
vn -0.5753 0.5765 0.5802
vn -0.5753 -0.5790 0.5778
vn -0.5743 -0.5745 0.5832
vn -0.5764 -0.5767 0.5789
vn -0.5768 -0.5778 0.5775
vn -0.0000 -0.6955 -0.7185
vn 0.0000 -0.7071 -0.7071
vn -0.7171 0.0002 -0.6970
vn -0.7178 -0.0002 -0.6962
vn -0.7178 -0.0000 -0.6962
vn -0.7021 0.7120 -0.0001
vn 0.5808 -0.5751 0.5761
vn 0.5761 -0.5750 0.5809
vn 0.5773 -0.5768 0.5780
vn 0.5778 -0.5771 0.5772
vn 0.7082 0.0000 0.7060
vn 0.7082 -0.0001 0.7060
vn -0.7100 0.0000 -0.7042
vn -0.7100 0.0001 -0.7042
vn 0.0002 0.6999 0.7143
vn -0.0000 0.6999 0.7143
vn 0.0000 -0.7071 0.7071
vn 0.0000 -0.7185 0.6955
vn -0.0002 -0.7185 0.6955
vn -0.5754 -0.5762 -0.5804
vn -0.5771 -0.5768 -0.5782
vn -0.5809 -0.5751 0.5761
vn -0.5779 -0.5768 0.5773
vn 0.5755 0.5761 -0.5804
vn 0.5744 0.5821 -0.5755
vn 0.5766 0.5786 -0.5769
vn 0.5832 -0.5745 -0.5743
vn 0.5789 -0.5768 -0.5764
vn -0.5782 -0.5768 -0.5771
vn -0.5804 -0.5762 -0.5755
vn -0.5804 0.5753 -0.5763
vn -0.5782 0.5768 -0.5770
vn -0.5769 0.5767 -0.5785
vn -0.5755 0.5748 -0.5818
vn 0.7024 0.0002 -0.7118
vn 0.5741 0.5792 0.5787
vn 0.5779 0.5790 0.5752
vn 0.5780 0.5793 0.5748
vn 0.5736 0.5795 0.5789
vn -0.0001 -0.6989 0.7152
vn 0.0000 -0.6989 0.7153
vn -0.0000 0.6989 0.7153
vn -0.5777 -0.5791 -0.5752
vn -0.5775 -0.5778 -0.5768
vn 0.5799 0.5756 0.5765
vn -0.5830 0.5743 0.5748
vn -0.5788 0.5766 0.5767
vn 0.5779 0.5771 0.5771
vn 0.5756 0.5747 0.5817
vn 0.5779 0.5771 0.5770
vn 0.5771 0.5765 0.5784
vn 0.0002 -0.7038 0.7104
vn 0.5770 -0.5791 -0.5759
vn 0.5769 -0.5795 -0.5756
vn 0.5723 -0.5795 -0.5802
vn 0.5734 -0.5789 -0.5796
vn 0.5743 0.5745 0.5832
vn 0.5755 0.5762 -0.5804
vn 0.5764 0.5767 0.5789
vn 0.7173 0.0002 -0.6968
vn 0.7009 -0.0001 -0.7132
vn -0.6999 0.0004 0.7143
vn -0.5776 -0.5752 0.5792
vn -0.5774 -0.5770 0.5777
vn -0.7184 -0.0005 0.6956
vn -0.7184 0.0000 0.6956
vn -0.7120 -0.0000 -0.7022
vn -0.7120 -0.0000 -0.7021
vn 0.5777 -0.5752 0.5791
vn 0.5775 -0.5768 0.5778
vn -0.5756 0.5752 -0.5813
vn -0.5770 0.5771 0.5779
vn -0.5755 0.5750 0.5815
vn 0.5790 -0.5753 0.5778
vn 0.5745 -0.5743 0.5832
vn 0.5768 -0.5764 0.5789
vn 0.5778 -0.5768 0.5775
vn 0.0000 -0.7057 -0.7085
vn 0.0000 -0.7171 -0.6970
vn 0.7092 0.0000 0.7050
vn 0.6926 0.0000 0.7213
vn 0.6926 0.0002 0.7213
vn -0.7022 -0.7120 0.0000
vn -0.7021 -0.7120 -0.0000
vn -0.6956 -0.7184 0.0002
vn 0.5773 -0.5773 -0.5774
vn 0.5774 -0.5773 -0.5774
vn 0.5773 0.5774 -0.5774
vn 0.5773 0.5773 -0.5774
vn 0.5774 -0.5774 0.5773
vn 0.5773 -0.5773 0.5774
vn -0.7185 -0.0001 -0.6955
vn -0.7181 0.0000 0.6959
vn 0.5768 0.5778 -0.5775
vn 0.5753 0.5790 -0.5778
vn -0.7157 0.0000 -0.6984
vn -0.7157 0.0002 -0.6984
vn 0.7016 0.0000 0.7125
vn 0.5773 -0.5774 -0.5774
vn 0.7108 0.0000 -0.7034
vn 0.7066 0.0000 -0.7076
vn 0.7108 0.0002 -0.7034
vn -0.7016 -0.0001 0.7125
vn -0.7016 -0.0000 0.7125
vn -0.0000 0.7013 0.7128
vn -0.7105 -0.0000 0.7037
vn -0.7104 -0.0000 0.7038
vn 0.0000 -0.7157 -0.6984
vn 0.0000 -0.7128 0.7013
vn -0.0002 -0.7157 -0.6984
vn 0.7087 0.0002 0.7055
vn -0.0002 0.6999 -0.7143
vn 0.0002 0.7227 0.6912
vn -0.0000 0.7049 0.7094
vn -0.0000 0.7227 0.6912
vn 0.7009 0.0000 0.7132
vn -0.5795 0.5754 0.5772
vn -0.5751 0.5747 0.5822
vn -0.5771 0.5770 0.5780
vn -0.5776 0.5771 0.5773
vn -0.5752 -0.5813 -0.5756
vn -0.5750 0.5815 -0.5755
vn -0.5771 0.5779 -0.5770
vn -0.5771 -0.5779 -0.5771
vn -0.0000 0.6968 0.7173
vn -0.5761 0.5751 -0.5808
vn -0.5809 0.5751 -0.5761
vn -0.5780 0.5768 -0.5773
vn -0.5772 0.5771 -0.5778
vn -0.7016 0.0000 -0.7125
vn -0.7017 -0.0000 -0.7125
vn 0.6943 0.0002 -0.7197
vn 0.6943 -0.0000 -0.7197
vn 0.7016 -0.0000 -0.7125
vn -0.6943 0.0000 -0.7197
vn 0.7055 0.0000 -0.7087
vn -0.7184 -0.6956 0.0000
vn -0.7120 0.7022 0.0001
vn -0.7120 0.7022 0.0000
vn -0.7184 -0.6956 -0.0004
vn 0.5743 0.5741 -0.5836
vn 0.5772 0.5754 0.5795
vn 0.5773 0.5771 0.5776
vn 0.5770 0.5769 -0.5782
vn 0.0000 -0.7118 -0.7024
vn 0.6989 0.0000 0.7152
vn 0.6989 -0.0001 0.7152
vn 0.7120 0.0000 0.7022
vn 0.7120 0.0001 0.7022
vn 0.7104 -0.0001 -0.7038
vn 0.6943 0.0002 0.7197
vn 0.5747 0.5751 0.5822
vn 0.5751 0.5761 -0.5808
vn 0.5771 0.5772 -0.5778
vn 0.5770 0.5771 0.5780
vn 0.0000 -0.7049 -0.7093
vn 0.0000 -0.7050 -0.7092
vn -0.7114 -0.0001 -0.7028
vn -0.6999 0.0000 -0.7142
vn -0.6999 0.0001 -0.7143
vn -0.7114 0.0000 -0.7028
vn 0.0000 0.7076 -0.7066
vn -0.0001 -0.7049 -0.7093
vn 0.0000 -0.7220 -0.6919
vn -0.0003 -0.7220 -0.6919
vn -0.0000 0.7125 -0.7016
vn -0.0000 0.7197 0.6943
vn -0.7128 0.0001 0.7013
vn -0.7128 0.0000 0.7013
vn -0.0000 0.7120 0.7022
vn -0.5775 -0.5768 -0.5778
vn -0.5778 -0.5753 -0.5790
vn -0.7071 -0.7072 0.0000
vn 0.0000 -0.7118 0.7024
vn -0.0002 -0.7091 -0.7051
vn 0.0000 -0.7091 -0.7051
vn -0.7062 -0.0000 -0.7080
vn 0.0002 0.6989 -0.7152
vn -0.0000 0.7120 -0.7021
vn -0.0001 0.7227 0.6912
vn -0.5791 -0.5777 -0.5752
vn -0.5778 -0.5775 -0.5768
vn -0.5752 -0.5776 0.5792
vn -0.5770 -0.5774 0.5777
vn -0.7014 -0.0000 0.7128
vn -0.7013 0.0001 0.7128
vn -0.5813 -0.5752 0.5756
vn 0.5815 -0.5750 0.5755
vn -0.5779 -0.5771 0.5771
vn -0.7152 -0.6989 -0.0002
vn 0.7021 -0.7120 -0.0002
vn 0.7057 0.0000 -0.7085
vn 0.7171 0.0000 -0.6970
vn 0.7171 0.0003 -0.6970
vn 0.0000 0.6955 -0.7185
vn -0.0000 0.7071 -0.7071
vn -0.7171 0.0000 0.6970
vn -0.7171 0.0002 0.6970
vn -0.5773 -0.5774 -0.5773
vn -0.5773 -0.5774 -0.5774
vn -0.5774 -0.5774 -0.5773
vn 0.0001 -0.7184 -0.6956
vn -0.5772 -0.5754 0.5795
vn -0.5822 -0.5747 0.5751
vn -0.5773 -0.5771 0.5776
vn -0.7004 0.0000 -0.7137
vn -0.7001 0.0001 -0.7140
vn 0.6912 -0.0002 -0.7226
vn -0.7001 0.0002 -0.7140
vn 0.5750 -0.5755 0.5815
vn 0.5750 -0.5804 0.5766
vn 0.5769 -0.5779 0.5773
vn 0.5771 -0.5770 0.5779
vn 0.7013 0.0000 0.7128
vn 0.7128 0.0000 0.7013
vn 0.5755 0.5817 0.5748
vn 0.5769 0.5785 0.5767
vn 0.5780 0.5771 0.5770
vn 0.5802 0.5765 0.5753
vn -0.0000 0.7164 -0.6977
vn 0.0001 0.7164 -0.6977
vn -0.5759 -0.5794 -0.5767
vn 0.0000 -0.7067 -0.7075
vn -0.5757 -0.5796 -0.5767
vn 0.5792 -0.5752 -0.5776
vn -0.0000 -0.7072 -0.7070
vn 0.5777 -0.5770 -0.5774
vn -0.0000 0.7037 0.7105
vn -0.0000 0.7038 0.7104
vn 0.0000 0.7091 0.7051
vn 0.5820 -0.5749 -0.5752
vn -0.5820 -0.5748 -0.5752
vn -0.5812 -0.5753 -0.5755
vn 0.5812 -0.5753 -0.5756
vn -0.7001 -0.0001 -0.7140
vn -0.5743 -0.5747 -0.5830
vn -0.5752 -0.5791 -0.5777
vn -0.5768 -0.5778 -0.5775
vn 0.5830 0.5746 -0.5744
vn 0.5782 0.5771 -0.5767
vn 0.5773 -0.5774 0.5773
vn 0.5774 -0.5773 0.5774
vn -0.5773 -0.5773 -0.5774
vn -0.5774 -0.5773 -0.5773
vn 0.5773 -0.5774 -0.5773
vn 0.5774 -0.5773 -0.5773
vn 0.5774 -0.5773 0.5773
vn 0.5774 -0.5774 -0.5773
vn 0.0001 0.7013 0.7128
vn 0.0001 0.7120 0.7022
vn 0.0002 0.6989 0.7152
vn -0.0000 0.7143 0.6999
vn -0.0000 0.7028 0.7114
vn -0.6956 -0.0000 0.7184
vn 0.5830 0.5748 0.5743
vn 0.5777 0.5791 0.5752
vn 0.5788 0.5767 0.5766
vn 0.7152 0.6989 -0.0002
vn 0.6926 -0.0002 0.7213
vn -0.5751 0.5769 -0.5801
vn -0.5769 0.5775 -0.5777
vn 0.5808 0.5751 -0.5761
vn 0.5761 0.5750 -0.5809
vn 0.5773 0.5768 -0.5780
vn 0.5778 0.5771 -0.5772
vn 0.5821 -0.5755 -0.5744
vn 0.5786 -0.5769 -0.5766
vn -0.5784 -0.5771 -0.5765
vn -0.5817 -0.5756 -0.5747
vn -0.7093 -0.0000 -0.7049
vn 0.5769 -0.5751 -0.5801
vn 0.5775 -0.5769 -0.5777
vn 0.7142 0.0000 0.6999
vn 0.7143 0.0000 0.6999
vn 0.7143 0.0000 -0.6999
vn -0.7143 -0.0000 0.6999
vn -0.7028 -0.0000 0.7114
vn -0.7028 0.0002 0.7114
vn -0.5824 -0.5749 -0.5747
vn -0.5771 -0.5752 -0.5798
vn -0.5773 -0.5770 -0.5777
vn -0.5782 -0.5771 -0.5768
vn 0.5790 -0.5778 0.5753
vn 0.5778 -0.5775 0.5768
vn 0.5767 -0.5789 0.5765
vn 0.5745 -0.5831 0.5744
vn 0.0002 -0.6989 0.7152
vn 0.0000 -0.7197 0.6943
vn 0.0002 -0.7197 0.6943
vn -0.7108 -0.0000 -0.7034
vn -0.7087 0.0001 0.7055
vn -0.5748 -0.5779 -0.5793
vn -0.5752 -0.5778 -0.5790
vn 0.7178 0.0000 0.6962
vn 0.7178 -0.0002 -0.6962
vn 0.7178 0.0000 -0.6962
vn 0.7178 -0.0001 0.6962
vn 0.5773 -0.5774 0.5774
vn -0.5830 -0.5747 0.5743
vn -0.5777 -0.5791 0.5752
vn -0.5775 -0.5778 0.5768
vn -0.5788 -0.5767 0.5766
vn 0.5745 -0.5744 -0.5831
vn 0.5767 -0.5765 -0.5789
vn 0.5770 -0.5768 0.5782
vn 0.5763 -0.5753 0.5804
vn -0.5755 0.5818 0.5748
vn -0.5769 0.5785 0.5767
vn -0.5769 -0.5785 0.5767
vn -0.5755 -0.5817 0.5748
vn 0.5753 0.5790 0.5778
vn 0.5768 0.5778 0.5775
vn 0.5820 0.5748 -0.5752
vn 0.5764 0.5749 -0.5807
vn 0.5766 0.5754 -0.5801
vn 0.5812 0.5753 -0.5755
vn 0.7021 0.7120 0.0002
vn 0.5798 -0.5752 -0.5771
vn -0.5836 -0.5742 -0.5742
vn -0.5781 -0.5769 -0.5770
vn 0.5777 -0.5770 -0.5773
vn -0.5831 -0.5745 0.5744
vn -0.5789 -0.5767 0.5765
vn 0.5782 -0.5770 0.5768
vn 0.5804 -0.5763 0.5753
vn -0.7132 -0.0003 -0.7010
vn -0.7132 -0.0000 -0.7010
vn 0.5825 0.5748 -0.5747
vn 0.5780 0.5772 -0.5769
vn -0.5777 0.5769 -0.5775
vn -0.5801 0.5751 -0.5769
vn -0.0002 0.6989 -0.7152
vn -0.5781 -0.5756 0.5783
vn -0.5836 -0.5741 0.5743
vn -0.5782 -0.5770 0.5769
vn -0.5774 -0.5772 0.5775
vn 0.7014 -0.0001 -0.7128
vn -0.5774 0.5774 0.5773
vn 0.7057 -0.0000 0.7085
vn 0.6926 -0.0000 -0.7213
vn -0.7071 -0.0000 0.7071
vn -0.5778 0.5790 0.5753
vn -0.5832 0.5745 0.5743
vn -0.5789 0.5767 0.5764
vn -0.5775 0.5778 0.5768
vn -0.5749 -0.5746 0.5825
vn -0.5751 -0.5769 -0.5801
vn -0.5769 -0.5775 -0.5777
vn -0.5772 -0.5769 0.5780
vn 0.7024 0.0002 0.7118
vn -0.6970 -0.0000 0.7171
vn -0.6970 -0.0002 0.7171
vn -0.7181 -0.0002 0.6959
vn -0.5742 -0.5835 -0.5743
vn -0.5748 -0.5825 -0.5748
vn 0.0002 -0.6984 0.7157
vn 0.0000 -0.6984 0.7157
vn 0.0000 0.7072 0.7070
vn -0.5789 0.5753 0.5779
vn -0.5776 0.5769 0.5776
vn 0.5789 0.5753 -0.5778
vn 0.5746 0.5749 -0.5825
vn 0.5769 0.5772 -0.5780
vn 0.5776 0.5769 -0.5776
vn -0.5761 0.5750 0.5809
vn -0.5747 0.5749 -0.5824
vn -0.5768 0.5771 -0.5782
vn -0.5773 0.5768 0.5780
vn -0.5765 0.5756 -0.5799
vn -0.5767 0.5766 0.5788
vn -0.5748 0.5743 0.5830
vn 0.5755 -0.5744 -0.5821
vn 0.5769 -0.5766 -0.5786
vn 0.5771 -0.5765 0.5784
vn 0.5756 -0.5747 0.5817
vn -0.5808 -0.5751 -0.5761
vn -0.5778 -0.5771 -0.5772
vn 0.0002 -0.7118 0.7024
vn -0.0000 0.7118 0.7024
vn 0.5742 -0.5742 0.5836
vn 0.5756 -0.5781 0.5783
vn 0.5772 -0.5774 0.5775
vn 0.5769 -0.5770 0.5781
vn 0.7184 -0.6956 0.0002
vn 0.7184 -0.6956 0.0000
vn 0.7157 0.0000 -0.6984
vn 0.7042 0.0000 -0.7100
vn 0.7088 0.7055 0.0000
vn 0.7171 -0.0002 0.6970
vn -0.0000 0.7044 0.7098
vn -0.0000 0.7075 0.7067
vn -0.0003 0.7044 0.7098
vn -0.7152 -0.0000 -0.6989
vn -0.7152 -0.0000 0.6989
vn -0.6912 -0.0001 0.7227
vn 0.6970 0.0002 0.7171
vn 0.6970 0.0000 0.7171
vn 0.7003 0.0000 -0.7139
vn -0.6912 -0.0000 -0.7227
vn 0.5751 -0.5761 0.5808
vn 0.5750 -0.5809 0.5761
vn 0.5768 -0.5779 0.5773
vn 0.5771 -0.5772 0.5778
vn 0.0002 0.7157 0.6984
vn -0.0000 0.7157 0.6984
vn -0.0000 0.0017 1.0000
vn 0.7066 0.0011 0.7076
vn 0.7088 -0.0036 0.7054
vn 0.7068 -0.0013 0.7074
vn -0.7066 0.0012 0.7076
vn -0.7088 -0.0036 0.7054
vn -0.7068 -0.0013 0.7074
vn -0.7070 -0.0016 -0.7072
vn -0.7220 -0.0165 -0.6917
vn -0.5451 0.8169 0.1887
vn -0.0103 0.6977 0.7163
vn 0.0010 0.7084 0.7058
vn 0.0014 0.7081 0.7061
vn 0.0164 0.6894 0.7242
vn -0.0034 -0.7496 0.6619
vn -0.0000 -0.7158 0.6983
vn 0.0036 -0.7054 0.7088
vn -0.7050 -0.0009 -0.7092
vn -0.7075 -0.0002 -0.7067
vn 0.7061 -0.0014 -0.7081
vn 0.7058 -0.0010 -0.7084
vn -0.6990 0.0105 -0.7151
vn -0.6932 0.0106 -0.7207
vn 0.7104 -0.0104 -0.7038
vn 0.6932 -0.0106 -0.7207
vn 0.7220 0.0165 -0.6917
vn 0.7070 0.0016 -0.7072
vn 0.7050 0.0009 -0.7092
vn 0.7242 -0.0164 -0.6894
vn 0.7070 -0.0080 0.7071
vn 0.6982 0.0000 0.7159
vn 0.7103 -0.0016 0.7039
vn 0.5741 -0.5836 0.5743
vn 0.5754 0.5795 0.5772
vn 0.5771 0.5776 0.5773
vn 0.5769 -0.5782 0.5770
vn -0.6582 -0.0034 0.7529
vn -0.7088 0.0036 0.7054
vn -0.7066 -0.0011 0.7076
vn -0.7043 -0.0091 0.7099
vn -0.7103 -0.0016 0.7039
vn -0.7043 0.0091 0.7099
vn 0.0001 0.6989 0.7152
vn 0.7103 0.0016 0.7039
vn 0.7088 0.0036 0.7054
vn 0.5662 -0.1694 0.8067
vn 0.5774 0.5773 0.5773
vn -0.5774 0.5773 0.5774
vn 0.5774 0.5774 -0.5773
vn 0.0001 0.7071 -0.7071
vn -0.5773 0.5773 -0.5774
vn -0.0000 -0.7055 0.7088
vn -0.7104 0.0000 -0.7038
vn -0.0001 -0.7120 0.7022
vn -0.5761 -0.5751 0.5808
vn -0.5772 -0.5771 0.5778
vn -0.6943 0.0002 -0.7197
vn -0.7089 0.0000 -0.7053
vn 0.5752 -0.5776 -0.5792
vn 0.5770 -0.5774 -0.5777
vn 0.5818 0.5755 0.5748
vn 0.5785 0.5769 0.5767
vn -0.5785 0.5769 0.5767
vn -0.5817 0.5755 0.5748
vn -0.7014 -0.0000 -0.7128
vn -0.7014 0.0002 -0.7128
vn -0.5741 0.5792 0.5787
vn -0.5736 0.5795 0.5789
vn -0.0000 0.7143 -0.6999
vn 0.7009 -0.0001 0.7132
vn -0.5747 -0.5830 -0.5743
vn 0.5792 -0.5752 -0.5777
vn -0.7097 0.0000 0.7045
vn -0.7027 0.0002 0.7115
vn -0.7027 -0.0000 0.7115
vn -0.6999 -0.0000 -0.7143
vn -0.7114 0.0001 -0.7028
vn 0.7055 0.7088 0.0000
vn -0.7104 -0.0002 0.7038
vn 0.5742 0.5836 0.5742
vn 0.5756 0.5783 0.5781
vn 0.5772 0.5775 0.5774
vn 0.5769 0.5781 0.5770
vn 0.5790 -0.5778 -0.5753
vn 0.5745 -0.5832 -0.5743
vn 0.5767 -0.5789 -0.5764
vn 0.5778 -0.5775 -0.5768
vn -0.7184 -0.0002 0.6956
vn -0.0002 -0.7120 -0.7021
vn -0.5748 0.5818 0.5755
vn -0.5748 -0.5817 0.5755
vn -0.5767 -0.5785 0.5769
vn 0.5756 -0.5752 0.5813
vn 0.5755 -0.5750 -0.5815
vn 0.5770 -0.5771 -0.5779
vn 0.5771 -0.5771 0.5779
vn -0.7022 -0.7120 0.0001
vn 0.6943 0.0003 -0.7197
vn -0.5825 -0.5749 -0.5746
vn 0.5777 -0.5769 -0.5775
vn 0.5801 -0.5751 -0.5769
vn 0.5742 -0.5742 -0.5836
vn 0.5781 -0.5756 -0.5783
vn 0.5774 -0.5772 -0.5775
vn 0.5770 -0.5769 -0.5781
vn -0.5746 -0.5749 -0.5825
vn -0.5769 -0.5751 0.5801
vn -0.5775 -0.5769 0.5777
vn -0.5769 -0.5772 -0.5780
vn 0.5789 0.5796 0.5734
vn 0.5795 0.5802 0.5723
vn 0.5797 0.5778 -0.5745
vn 0.5793 0.5777 -0.5750
vn -0.5798 0.5752 -0.5771
vn -0.5777 0.5770 -0.5773
vn -0.7142 -0.0000 0.6999
vn -0.5743 0.5745 0.5832
vn -0.5764 0.5767 0.5789
vn -0.5771 0.5768 -0.5782
vn -0.5755 0.5761 -0.5804
vn 0.5804 -0.5750 -0.5766
vn 0.5779 -0.5769 -0.5773
vn 0.5766 -0.5750 0.5804
vn 0.5744 -0.5746 -0.5830
vn 0.5767 -0.5771 -0.5782
vn 0.5773 -0.5769 0.5779
vn 0.5747 -0.5749 -0.5824
vn -0.5744 -0.5746 0.5830
vn -0.5792 -0.5752 0.5776
vn -0.5777 -0.5770 0.5774
vn -0.5767 -0.5771 0.5782
vn 0.7028 0.0000 -0.7114
vn 0.7071 -0.7072 0.0000
vn -0.5743 0.5748 0.5830
vn -0.5766 0.5766 0.5788
vn 0.5761 -0.5751 -0.5808
vn 0.5809 -0.5751 -0.5761
vn 0.5780 -0.5768 -0.5773
vn 0.5772 -0.5771 -0.5778
vn -0.0002 0.7227 0.6912
vn -0.6989 -0.0000 0.7152
vn -0.7184 0.6956 0.0000
vn -0.7184 0.6956 0.0003
vn 0.6919 0.0000 0.7220
vn 0.6919 -0.0002 0.7220
vn 0.5742 -0.5836 -0.5742
vn 0.5769 -0.5781 -0.5770
vn -0.7009 -0.0001 -0.7132
vn -0.0000 0.7064 -0.7078
vn -0.7013 -0.0000 0.7128
vn 0.6984 0.0001 0.7157
vn 0.7161 0.0002 0.6980
vn 0.5773 -0.5768 0.5779
vn -0.5824 0.5749 0.5747
vn -0.5771 0.5752 0.5798
vn -0.5773 0.5770 0.5777
vn -0.5782 0.5771 0.5768
vn 0.5836 0.5742 -0.5742
vn 0.5783 0.5756 -0.5781
vn 0.5775 0.5772 -0.5774
vn 0.5781 0.5769 -0.5770
vn 0.6999 -0.0000 -0.7143
vn -0.5789 0.5753 0.5778
vn -0.5747 0.5748 0.5825
vn -0.5769 0.5772 0.5780
vn 0.5764 -0.5749 -0.5807
vn 0.5766 -0.5753 -0.5801
vn 0.6970 -0.0002 0.7171
vn -0.7028 0.0001 0.7114
vn 0.5757 -0.5796 -0.5768
vn 0.5758 -0.5794 -0.5768
vn 0.5756 -0.5797 -0.5768
vn -0.5755 -0.5748 0.5817
vn -0.5769 -0.5767 0.5785
vn -0.0000 -0.7072 0.7070
vn 0.0002 0.7118 -0.7024
vn 0.0000 0.7118 -0.7024
vn 0.7006 -0.0002 0.7136
vn 0.7006 0.0000 0.7136
vn 0.0000 0.7076 0.7066
vn 0.5741 -0.5743 -0.5836
vn 0.5754 -0.5772 0.5795
vn 0.5771 -0.5773 0.5776
vn 0.5770 -0.5769 -0.5782
vn 0.7108 -0.0005 -0.7034
vn -0.5752 -0.5791 0.5777
vn 0.0002 0.7171 0.6970
vn -0.7055 0.7088 0.0000
vn -0.7182 0.0000 0.6959
vn 0.0000 -0.7071 -0.7072
vn 0.5778 0.5753 0.5789
vn 0.5776 0.5769 0.5776
vn -0.5752 -0.5798 -0.5771
vn -0.5742 0.5836 -0.5742
vn -0.5769 0.5781 -0.5770
vn -0.5770 -0.5777 -0.5773
vn 0.7042 0.0001 -0.7100
vn -0.6955 0.0002 -0.7185
vn 0.7031 -0.0001 0.7111
vn 0.7031 0.0000 0.7111
vn 0.0000 -0.7075 0.7067
vn -0.5832 0.5745 -0.5743
vn -0.5789 0.5767 -0.5764
vn 0.5782 0.5768 -0.5771
vn 0.5804 0.5762 -0.5754
vn 0.5769 0.5751 0.5801
vn 0.5813 0.5752 0.5756
vn 0.5775 0.5769 0.5777
vn -0.7004 0.0000 0.7137
vn 0.7082 0.0000 -0.7060
vn -0.7098 -0.0000 -0.7044
vn -0.7098 -0.0002 -0.7044
vn -0.5766 -0.5750 -0.5804
vn -0.5773 -0.5769 -0.5779
vn -0.5746 -0.5830 0.5744
vn -0.5771 -0.5782 0.5767
vn -0.5751 -0.5761 -0.5808
vn -0.5750 -0.5809 -0.5761
vn -0.5768 -0.5780 -0.5773
vn -0.5771 -0.5772 -0.5778
vn 0.7157 -0.0002 -0.6984
vn 0.5747 -0.5822 0.5751
vn 0.5770 -0.5780 0.5771
vn -0.0000 0.7042 0.7100
vn -0.0001 0.7042 0.7100
vn -0.0000 0.7057 -0.7085
vn 0.5762 0.5804 -0.5755
vn 0.5768 0.5782 -0.5771
vn 0.5747 0.5749 0.5824
vn 0.5798 0.5752 0.5771
vn 0.5777 0.5770 0.5773
vn 0.5768 0.5771 0.5782
vn 0.7185 0.0000 0.6955
vn -0.7120 -0.7022 0.0000
vn -0.7120 -0.7021 0.0000
vn -0.7184 -0.6956 -0.0002
vn -0.5799 0.5765 0.5756
vn -0.5779 0.5770 0.5771
vn 0.7067 0.7075 0.0000
vn -0.5764 0.5749 -0.5807
vn -0.5820 0.5749 -0.5752
vn -0.5812 0.5753 -0.5756
vn -0.5766 0.5753 -0.5801
vn 0.5766 0.5750 -0.5804
vn 0.5744 0.5746 0.5830
vn 0.5767 0.5771 0.5782
vn 0.5773 0.5769 -0.5779
vn -0.5742 -0.5742 0.5836
vn -0.5770 -0.5769 0.5781
vn -0.7093 0.0000 0.7049
vn 0.0000 -0.7028 0.7114
vn 0.0000 0.6970 0.7171
vn -0.5754 -0.5795 0.5772
vn -0.5747 -0.5751 0.5822
vn -0.5770 -0.5771 0.5780
vn -0.5771 -0.5776 0.5773
vn -0.5742 -0.5742 -0.5836
vn -0.5756 -0.5781 -0.5783
vn -0.5772 -0.5774 -0.5775
vn -0.5769 -0.5770 -0.5781
vn 0.5743 -0.5741 0.5836
vn 0.5769 -0.5770 0.5782
vn 0.5749 0.5746 -0.5825
vn 0.5772 0.5769 -0.5780
vn 0.5769 0.5775 0.5777
vn 0.5751 0.5769 0.5801
vn 0.0002 0.7120 0.7022
vn 0.0003 -0.7090 -0.7052
vn -0.0000 0.7090 -0.7052
vn -0.0003 0.7090 -0.7052
vn 0.0000 -0.7090 -0.7052
vn 0.7183 0.0000 0.6957
vn 0.7183 0.0002 0.6957
vn 0.7051 0.0001 -0.7091
vn 0.0000 0.7164 0.6977
vn -0.0000 0.7058 0.7084
vn 0.0001 -0.7125 -0.7016
vn -0.5756 0.5765 -0.5799
vn -0.5771 0.5770 -0.5779
vn 0.5754 0.5762 -0.5804
vn 0.5804 0.5762 0.5754
vn 0.5746 0.5830 0.5744
vn 0.5752 0.5776 0.5792
vn 0.5770 0.5774 0.5777
vn 0.5771 0.5782 0.5767
vn 0.7024 -0.0003 -0.7118
vn 0.7055 0.0000 0.7088
vn -0.7024 -0.0002 0.7118
vn -0.7024 0.0000 0.7118
vn 0.5795 0.5756 0.5769
vn 0.5791 0.5759 0.5770
vn 0.7070 -0.0000 0.7072
vn -0.7024 0.0002 0.7118
vn -0.5774 -0.5773 -0.5774
vn -0.5773 0.5774 -0.5773
vn 0.5751 0.5808 0.5761
vn 0.5750 0.5761 0.5809
vn 0.5768 0.5773 0.5779
vn 0.5771 0.5778 0.5772
vn 0.5780 0.5769 0.5771
vn -0.0002 0.6968 0.7173
vn -0.0000 0.7132 0.7009
vn 0.5758 0.5795 -0.5767
vn -0.0000 0.7067 -0.7075
vn 0.5757 0.5796 -0.5767
vn -0.5748 0.5752 0.5820
vn -0.5749 0.5807 0.5764
vn -0.5754 0.5801 0.5766
vn -0.5753 0.5755 0.5812
vn 0.5797 0.5790 -0.5733
vn 0.5759 0.5795 -0.5767
vn 0.5801 0.5794 -0.5725
vn -0.5745 -0.5797 -0.5778
vn -0.5750 -0.5793 -0.5777
vn 0.5781 -0.5786 0.5754
vn 0.5773 -0.5775 0.5773
vn -0.5773 -0.5773 0.5774
vn -0.5775 -0.5770 -0.5775
vn -0.5776 -0.5769 -0.5775
vn 0.5775 0.5770 -0.5775
vn 0.5776 0.5770 -0.5775
vn 0.5748 0.5818 0.5755
vn 0.5767 0.5785 0.5769
vn 0.5755 -0.5818 0.5748
vn 0.5769 -0.5785 0.5767
vn -0.0000 0.7185 -0.6955
vn -0.0002 0.7185 -0.6955
vn -0.5744 -0.5821 -0.5755
vn -0.5747 0.5817 -0.5756
vn -0.5765 0.5784 -0.5771
vn -0.5766 -0.5786 -0.5769
vn -0.0001 0.7120 0.7022
vn -0.6956 -0.7184 0.0003
vn 0.7021 -0.7120 -0.0000
vn -0.7143 -0.0002 -0.6999
vn -0.5755 -0.5748 -0.5818
vn -0.5769 -0.5767 -0.5785
vn -0.5749 0.5807 -0.5764
vn -0.5753 0.5801 -0.5766
vn -0.7120 -0.0000 0.7022
vn -0.7120 0.0001 0.7022
vn -0.5773 0.5775 0.5773
vn -0.5781 0.5786 0.5754
vn -0.5758 -0.5795 -0.5768
vn -0.0003 -0.7184 -0.6956
vn -0.6919 0.0000 0.7220
vn -0.5836 0.5742 0.5742
vn -0.5781 0.5769 0.5770
vn -0.5758 0.5794 -0.5768
vn -0.5797 0.5790 -0.5732
vn -0.5801 0.5795 -0.5724
vn -0.5756 0.5797 -0.5768
vn -0.0004 -0.7118 -0.7024
vn 0.5769 0.5786 -0.5766
vn 0.5755 0.5821 -0.5744
vn -0.5791 -0.5793 -0.5736
vn -0.5788 -0.5788 -0.5744
vn 0.5804 0.5755 -0.5761
vn 0.5831 0.5744 -0.5745
vn 0.5789 0.5765 -0.5767
vn -0.0002 -0.7120 0.7022
vn -0.5753 0.5778 0.5789
vn -0.5749 0.5825 0.5746
vn -0.5772 0.5780 0.5769
vn -0.5769 0.5776 0.5776
vn 0.5749 -0.5825 0.5746
vn 0.5751 0.5801 0.5769
vn 0.5769 0.5777 0.5775
vn 0.5772 -0.5780 0.5769
vn -0.5769 0.5751 -0.5801
vn -0.5813 0.5752 -0.5756
vn -0.5775 0.5769 -0.5777
vn 0.5778 0.5753 -0.5789
vn -0.0000 0.7049 -0.7093
vn -0.0001 0.7049 -0.7093
vn 0.0000 -0.6970 0.7171
vn -0.0005 -0.6970 0.7171
vn 0.5751 -0.5747 0.5822
vn 0.5771 -0.5770 0.5780
vn 0.7183 0.0000 -0.6957
vn -0.5755 -0.5747 -0.5818
vn -0.0003 0.7010 0.7132
vn 0.0000 -0.7045 0.7097
vn 0.0001 -0.7045 0.7097
vn -0.0000 0.7010 0.7132
vn -0.0000 -0.7120 -0.7021
vn 0.7178 0.0002 0.6962
vn 0.5792 0.5752 0.5776
vn 0.5777 0.5770 0.5774
vn 0.6999 -0.0001 -0.7143
vn 0.7100 0.0000 -0.7042
vn 0.7185 -0.0003 0.6955
vn -0.5789 0.5768 0.5764
vn -0.5791 -0.5777 0.5752
vn -0.5778 -0.5775 0.5768
vn -0.0000 -0.7071 0.7072
vn -0.5751 -0.5747 -0.5822
vn -0.5771 -0.5770 -0.5780
vn -0.0000 0.7053 0.7089
vn -0.6956 0.0001 -0.7184
vn -0.6956 0.0000 -0.7184
vn -0.5794 -0.5748 0.5779
vn -0.5790 -0.5753 0.5778
vn 0.7142 0.0000 -0.6999
vn 0.7028 -0.0001 -0.7114
vn -0.5808 0.5751 0.5761
vn -0.5778 0.5771 0.5772
vn -0.5743 0.5747 -0.5830
vn -0.5766 0.5766 -0.5788
vn -0.5752 0.5791 -0.5777
vn 0.5789 -0.5753 0.5779
vn 0.5746 -0.5749 0.5825
vn 0.5769 -0.5772 0.5780
vn 0.5776 -0.5769 0.5776
vn -0.5804 0.5750 0.5766
vn -0.5779 0.5769 0.5773
vn -0.5765 -0.5756 -0.5799
vn -0.5747 -0.5743 0.5830
vn -0.5767 -0.5766 0.5788
vn -0.5771 -0.5771 -0.5779
vn 0.7006 -0.0001 0.7136
vn -0.6919 -0.0002 0.7220
vn 0.0000 -0.7085 0.7057
vn 0.7052 0.0002 0.7090
vn 0.7052 0.0000 0.7090
vn 0.5791 0.5730 0.5799
vn 0.5786 -0.5754 0.5781
vn 0.5793 0.5726 0.5801
vn -0.5817 0.5747 -0.5756
vn -0.5784 0.5765 -0.5771
vn 0.5801 -0.5751 0.5769
vn 0.5777 -0.5769 0.5775
vn 0.7120 -0.7021 0.0000
vn 0.5741 0.5743 0.5836
vn 0.5754 0.5772 -0.5795
vn 0.5771 0.5773 -0.5776
vn 0.5770 0.5769 0.5782
vn 0.6970 0.0003 -0.7171
vn -0.5830 -0.5746 0.5744
vn -0.5782 -0.5771 0.5767
vn 0.7120 0.0000 -0.7022
vn 0.7184 0.0000 0.6956
vn 0.7120 0.0001 -0.7021
vn 0.7183 -0.0001 -0.6957
vn 0.0001 -0.6989 0.7152
vn -0.6989 -0.7152 0.0001
vn -0.6989 -0.7152 0.0000
vn -0.0002 0.6962 0.7178
vn 0.0002 -0.6962 0.7178
vn -0.5783 0.5756 0.5781
vn -0.5743 0.5741 0.5836
vn -0.5769 0.5770 0.5782
vn -0.5775 0.5772 0.5774
vn -0.0000 0.7085 0.7057
vn 0.6956 -0.7184 -0.0002
vn 0.7072 0.7070 0.0000
vn 0.5809 0.5751 0.5761
vn 0.5779 0.5768 0.5773
vn -0.5746 0.5749 0.5825
vn -0.5766 0.5750 0.5804
vn -0.5773 0.5769 0.5779
vn 0.5776 0.5752 0.5793
vn 0.7161 0.0002 -0.6980
vn -0.5832 0.5743 -0.5745
vn -0.5789 0.5764 -0.5768
vn -0.7085 -0.0000 -0.7057
vn 0.5756 0.5781 -0.5783
vn 0.5741 0.5836 -0.5743
vn 0.5769 0.5782 -0.5770
vn 0.5772 0.5774 -0.5775
vn -0.5749 -0.5747 -0.5824
vn -0.5793 0.5748 0.5779
vn -0.5743 0.5742 0.5835
vn -0.5748 0.5747 0.5825
vn -0.5790 0.5752 0.5779
vn 0.5771 0.5752 -0.5798
vn 0.5742 0.5742 0.5836
vn 0.5770 0.5769 0.5781
vn 0.5773 0.5770 -0.5777
vn 0.7171 -0.0004 -0.6970
vn 0.0001 -0.7038 -0.7104
vn 0.7132 0.0000 -0.7010
vn 0.7062 -0.0001 -0.7080
vn 0.7062 0.0000 -0.7080
vn 0.7132 -0.0003 -0.7010
vn 0.0000 0.7055 0.7088
vn 0.5788 0.5745 -0.5788
vn 0.5793 0.5736 -0.5791
vn 0.5791 -0.5738 -0.5791
vn 0.5788 -0.5745 -0.5787
vn 0.0000 -0.7042 -0.7100
vn -0.0000 0.7072 -0.7070
vn -0.5752 0.5776 -0.5792
vn -0.7072 0.7070 -0.0000
vn -0.5770 0.5774 -0.5777
vn -0.6955 -0.0002 -0.7185
vn 0.0000 -0.7064 0.7078
vn 0.6984 0.0000 -0.7157
vn -0.7013 0.0000 -0.7128
vn 0.6984 -0.0002 -0.7157
vn -0.6989 -0.0000 -0.7152
vn 0.6989 -0.0001 -0.7152
vn 0.6989 0.0000 -0.7152
vn -0.7070 0.0000 0.7072
vn 0.5743 0.5748 0.5830
vn 0.5766 0.5766 0.5788
vn 0.5752 0.5791 0.5777
vn -0.5761 -0.5750 -0.5809
vn -0.5773 -0.5768 -0.5779
vn 0.0000 -0.6955 0.7185
vn 0.0001 0.7091 -0.7051
vn 0.0000 0.7091 -0.7051
vn -0.0002 0.7118 0.7024
vn 0.0000 -0.7097 -0.7045
vn -0.5741 0.5836 0.5743
vn -0.5769 0.5782 0.5770
vn -0.7082 -0.0000 0.7060
vn -0.7052 -0.0000 0.7090
vn -0.6943 -0.0002 -0.7197
vn -0.7152 0.0002 -0.6989
vn 0.5765 0.5767 -0.5789
vn 0.5744 0.5745 -0.5831
vn -0.7066 -0.0000 -0.7076
vn 0.5743 0.5742 0.5836
vn 0.5748 0.5748 0.5825
vn -0.5769 0.5795 -0.5756
vn -0.5770 0.5791 -0.5759
vn -0.6989 -0.7152 0.0002
vn -0.5742 0.5742 -0.5836
vn -0.5770 0.5769 -0.5781
vn -0.5751 -0.5793 0.5776
vn -0.5747 -0.5797 0.5777
vn 0.5725 -0.5794 0.5801
vn 0.5735 -0.5789 0.5796
vn 0.0003 -0.6955 0.7185
vn -0.0000 0.6980 -0.7161
vn -0.5748 -0.5743 0.5830
vn 0.5815 0.5750 -0.5755
vn 0.5779 0.5771 -0.5770
vn 0.7183 -0.0002 0.6957
vn -0.5780 -0.5769 0.5771
vn 0.6989 -0.0002 -0.7152
vn -0.6989 -0.0002 -0.7152
vn 0.5752 -0.5756 -0.5813
vn 0.0000 0.7080 -0.7062
vn -0.6970 0.0002 0.7171
vn -0.6999 0.0003 0.7143
vn -0.5748 0.5752 -0.5820
vn -0.5753 0.5756 -0.5812
vn 0.7184 0.0002 0.6956
vn 0.7055 0.0000 0.7087
vn -0.7088 -0.7055 0.0000
vn 0.5771 0.5779 0.5771
vn 0.5752 0.5813 0.5756
vn -0.7017 -0.0001 -0.7125
vn -0.0004 -0.7184 -0.6956
vn 0.7016 -0.0001 0.7125
vn 0.0000 0.7114 0.7028
vn 0.6977 0.0002 -0.7164
vn 0.7120 -0.7022 0.0002
vn -0.7009 -0.0001 0.7132
vn 0.5752 -0.5813 0.5756
vn 0.5750 0.5815 0.5755
vn 0.5771 0.5779 0.5770
vn 0.5771 -0.5779 0.5771
vn 0.5790 0.5753 0.5778
vn 0.5778 0.5768 0.5775
vn 0.5767 0.5764 0.5789
vn 0.5745 0.5743 0.5832
vn -0.7185 0.0002 0.6955
vn -0.7184 0.6956 0.0004
vn -0.5772 0.5754 -0.5795
vn -0.5773 0.5771 -0.5776
vn -0.5770 0.5769 0.5782
vn -0.7055 -0.0000 -0.7088
vn -0.7022 -0.0000 0.7120
vn -0.7006 0.0001 -0.7136
vn 0.0001 -0.7097 0.7045
vn 0.0000 -0.7097 0.7045
vn 0.0000 -0.7185 -0.6955
vn 0.5750 -0.5761 -0.5809
vn 0.5768 -0.5773 -0.5780
vn -0.5754 0.5795 -0.5772
vn -0.5747 0.5751 -0.5822
vn -0.5770 0.5771 -0.5780
vn -0.5771 0.5776 -0.5773
vn 0.5792 -0.5760 0.5769
vn 0.5795 -0.5758 0.5768
vn -0.5767 0.5785 0.5768
vn 0.7022 -0.0002 0.7120
vn 0.7171 -0.0003 -0.6970
vn 0.5745 -0.5831 -0.5744
vn 0.5763 0.5804 -0.5753
vn 0.5770 0.5782 -0.5768
vn 0.5767 -0.5789 -0.5765
vn -0.5753 -0.5765 0.5802
vn 0.0000 0.7034 -0.7108
vn 0.0006 0.7034 -0.7108
vn -0.5778 -0.5790 0.5753
vn -0.5815 0.5750 0.5755
vn -0.5779 0.5771 0.5770
vn -0.5752 0.5771 -0.5798
vn -0.5742 0.5742 0.5836
vn -0.5769 0.5770 0.5781
vn -0.5770 0.5773 -0.5777
vn -0.7051 0.0001 0.7091
vn 0.5753 0.5789 -0.5778
vn 0.5750 0.5793 -0.5777
vn 0.5745 0.5797 -0.5778
vn 0.5791 0.5793 -0.5736
vn 0.5788 0.5788 -0.5744
vn -0.5747 -0.5817 -0.5756
vn -0.5765 -0.5784 -0.5771
vn -0.5756 -0.5765 -0.5799
vn -0.5778 -0.5753 0.5789
vn -0.5825 -0.5749 0.5746
vn -0.5780 -0.5772 0.5769
vn -0.5776 -0.5769 0.5776
vn 0.6989 0.0001 -0.7152
vn 0.7120 0.0000 -0.7021
vn 0.0000 -0.7060 -0.7082
vn 0.0001 -0.7060 -0.7082
vn 0.5836 -0.5742 0.5742
vn 0.5783 -0.5756 0.5781
vn 0.5775 -0.5772 0.5774
vn 0.5781 -0.5769 0.5770
vn -0.5753 -0.5778 -0.5789
vn -0.5769 -0.5776 -0.5776
vn 0.5804 -0.5755 -0.5761
vn 0.5782 -0.5771 -0.5768
vn -0.5749 0.5824 -0.5747
vn -0.5771 0.5782 -0.5768
vn -0.5789 0.5764 -0.5767
vn 0.6943 0.0001 0.7197
vn 0.5763 0.5804 0.5753
vn 0.5770 0.5782 0.5768
vn 0.0005 0.6970 0.7171
vn -0.0003 -0.6980 -0.7161
vn -0.7161 -0.0001 0.6980
vn -0.7161 -0.0000 0.6980
vn -0.7161 -0.0000 -0.6980
vn -0.5804 0.5763 0.5753
vn -0.5782 0.5770 0.5769
vn 0.5753 -0.5790 0.5778
vn 0.7114 -0.0001 0.7028
vn 0.6989 -0.7152 -0.0002
vn 0.5822 0.5747 0.5751
vn 0.5756 -0.5783 -0.5781
vn 0.5772 -0.5775 -0.5774
vn 0.5777 0.5791 -0.5752
vn 0.5775 0.5778 -0.5768
vn 0.0000 -0.7013 -0.7128
vn 0.0002 0.6984 -0.7157
vn -0.0000 0.6984 -0.7157
vn 0.0002 -0.7013 -0.7128
vn -0.0000 0.7042 -0.7100
vn -0.7185 0.0005 -0.6955
vn -0.7094 -0.0000 -0.7049
vn -0.5742 -0.5836 0.5743
vn -0.5748 -0.5779 0.5794
vn -0.5753 -0.5778 0.5790
vn -0.5748 -0.5825 0.5748
vn 0.5762 -0.5804 -0.5755
vn 0.5768 -0.5782 -0.5771
vn -0.5746 0.5830 -0.5744
vn -0.5771 0.5782 -0.5767
vn -0.5756 0.5783 -0.5781
vn -0.5772 0.5775 -0.5774
vn 0.5756 0.5765 -0.5799
vn 0.5771 0.5770 -0.5779
vn -0.5777 -0.5752 0.5791
vn -0.5775 -0.5768 0.5778
vn -0.7120 0.7021 0.0001
vn 0.5747 0.5817 -0.5756
vn 0.5765 0.5784 -0.5771
vn 0.5756 -0.5817 0.5747
vn 0.5799 -0.5765 0.5756
vn 0.5779 -0.5771 0.5771
vn 0.5771 -0.5784 0.5765
vn -0.5789 -0.5753 -0.5779
vn -0.5783 -0.5756 -0.5781
vn -0.5775 -0.5772 -0.5774
vn -0.0002 -0.6957 -0.7183
vn -0.5753 -0.5790 -0.5778
vn -0.7021 0.7120 0.0000
vn -0.7152 0.6989 -0.0002
vn -0.0001 0.7125 -0.7016
vn 0.5825 0.5749 0.5746
vn 0.5780 0.5772 0.5769
vn -0.6989 0.7152 -0.0001
vn 0.7051 -0.0001 -0.7091
vn -0.0000 0.7080 0.7062
vn -0.5773 0.5774 -0.5774
vn 0.0001 0.7091 0.7051
vn -0.5743 -0.5748 0.5830
vn -0.5766 -0.5766 0.5788
vn 0.0002 -0.7120 -0.7021
vn 0.7085 0.0000 -0.7057
vn -0.0002 0.7184 -0.6956
vn 0.0002 0.6980 -0.7161
vn 0.0000 -0.7143 0.6999
vn -0.0000 0.7100 -0.7042
vn -0.0000 0.7185 0.6955
vn 0.0001 0.7100 -0.7042
vn 0.7100 0.0001 -0.7042
vn -0.7104 -0.0001 0.7038
vn -0.5751 0.5808 -0.5761
vn -0.5750 0.5761 -0.5809
vn -0.5768 0.5773 -0.5780
vn -0.5771 0.5778 -0.5772
vn -0.0000 0.7171 -0.6970
vn -0.7087 -0.0000 -0.7055
vn -0.7088 -0.0000 -0.7055
vn -0.0001 0.7100 0.7042
vn -0.0000 0.7100 0.7042
vn -0.0001 0.7060 -0.7082
vn -0.0000 0.7060 -0.7082
vn -0.5822 0.5747 -0.5751
vn -0.5780 0.5770 -0.5771
vn 0.0002 0.7184 0.6956
vn -0.5798 -0.5752 0.5771
vn -0.5777 -0.5770 0.5773
vn 0.0003 -0.7171 0.6970
vn 0.0000 -0.7114 -0.7028
vn -0.0003 0.6970 -0.7171
vn 0.7024 -0.0001 -0.7118
vn 0.7120 -0.0001 -0.7021
vn -0.0000 -0.7085 -0.7057
vn -0.5756 0.5781 0.5783
vn -0.5772 0.5774 0.5775
vn 0.0002 -0.6968 0.7173
vn 0.0000 0.7072 0.7071
vn -0.7052 -0.0000 -0.7090
vn -0.7082 -0.0000 -0.7060
vn 0.5799 -0.5766 0.5756
vn 0.7088 0.0000 -0.7055
vn 0.7087 0.0000 -0.7055
vn 0.6956 0.0000 -0.7184
vn -0.7120 -0.0001 -0.7021
vn 0.5750 0.5809 -0.5761
vn 0.5768 0.5780 -0.5773
vn 0.7138 0.0000 0.7004
vn -0.0001 -0.7114 -0.7028
vn 0.5771 -0.5752 0.5798
vn 0.5773 -0.5770 0.5777
vn -0.6956 -0.7184 0.0004
vn 0.7022 -0.7120 -0.0001
vn 0.7128 0.0002 -0.7013
vn -0.5753 0.5789 0.5778
vn -0.5772 0.5769 0.5780
vn -0.5749 0.5746 0.5825
vn -0.6970 -0.0000 -0.7171
vn 0.0005 0.7227 0.6912
vn 0.5753 -0.5778 0.5789
vn 0.5769 -0.5776 0.5776
vn -0.5776 -0.5752 -0.5792
vn 0.5797 -0.5790 -0.5732
vn 0.5779 -0.5790 0.5752
vn 0.5780 -0.5792 0.5748
vn 0.5801 -0.5795 -0.5724
vn -0.6956 0.7184 -0.0002
vn -0.5749 -0.5825 -0.5746
vn -0.5772 -0.5780 -0.5769
vn 0.5824 0.5749 -0.5747
vn -0.7184 -0.0000 -0.6956
vn 0.0002 0.7132 0.7009
vn -0.7120 0.0001 -0.7021
vn 0.7143 0.0002 -0.6999
vn 0.7185 -0.0001 -0.6955
vn 0.0002 -0.7115 0.7027
vn -0.0000 -0.7115 0.7027
vn -0.6919 -0.0002 -0.7220
vn -0.7138 0.0000 0.7004
vn -0.7024 0.0002 -0.7118
vn 0.5752 -0.5792 -0.5776
vn 0.5770 -0.5777 -0.5774
vn 0.7055 -0.7088 0.0000
vn -0.0000 -0.0017 1.0000
vn -0.7068 0.0013 0.7074
vn 0.7066 -0.0011 0.7076
vn 0.7068 0.0013 0.7074
vn -0.7164 -0.0103 -0.6977
vn -0.7058 0.0010 -0.7084
vn -0.7061 0.0014 -0.7081
vn -0.7242 0.0164 -0.6894
vn -0.6932 -0.0106 -0.7207
vn 0.7075 0.0002 -0.7067
vn -0.0000 0.7028 -0.7114
vn 0.0002 -0.6970 -0.7171
vn 0.0000 -0.6970 -0.7171
vn 0.1886 0.5451 -0.8168
vn 0.7164 0.0103 -0.6977
vn 0.0036 -0.7054 -0.7088
vn -0.0011 -0.7076 -0.7066
vn -0.0017 -1.0000 -0.0000
vn 0.0013 -0.7074 -0.7068
vn -0.7070 0.0080 0.7071
vn -0.0011 -0.7076 0.7066
vn 0.0013 -0.7074 0.7068
vn -0.6982 -0.0000 0.7159
vn -0.0091 -0.7099 0.7043
vn 0.0016 -0.7039 -0.7103
vn -0.0091 -0.7099 -0.7043
vn -0.7161 -0.0002 0.6980
vn 0.7043 0.0091 0.7099
vn 0.0001 -0.7071 -0.7071
vn 0.5785 -0.5767 0.5769
vn 0.5818 -0.5747 0.5755
vn 0.0000 -0.7100 0.7042
vn 0.0001 -0.7100 0.7042
vn 0.7028 0.0000 0.7114
vn 0.0001 -0.7136 0.7006
vn 0.0000 -0.7136 0.7006
vn 0.5790 -0.5752 -0.5779
vn 0.5793 -0.5748 -0.5780
vn -0.7051 -0.0001 0.7091
vn 0.5795 0.5767 -0.5758
vn 0.5750 -0.5766 0.5804
vn 0.5769 -0.5773 0.5779
vn 0.5771 -0.5767 -0.5782
vn 0.5746 -0.5744 -0.5830
vn 0.5750 0.5766 0.5804
vn 0.5769 0.5773 0.5779
vn -0.5801 0.5751 0.5769
vn -0.5756 0.5752 0.5813
vn -0.5771 0.5771 0.5779
vn -0.5777 0.5769 0.5775
vn 0.5746 0.5744 -0.5830
vn 0.5771 0.5767 -0.5782
vn 0.5825 0.5749 -0.5746
vn -0.7022 -0.0001 0.7120
vn -0.7022 -0.0000 -0.7120
vn 0.5770 -0.5769 0.5782
vn 0.0000 -0.7128 -0.7013
vn -0.5747 -0.5822 -0.5751
vn -0.5770 -0.5780 -0.5771
vn -0.5830 0.5747 0.5743
vn -0.5777 0.5791 0.5752
vn -0.5779 0.5790 0.5752
vn -0.5780 0.5792 0.5748
vn -0.5765 -0.5799 -0.5756
vn -0.5770 -0.5779 -0.5771
vn -0.5766 0.5788 -0.5766
vn -0.5748 0.5830 -0.5743
vn 0.5794 0.5768 0.5758
vn 0.5797 0.5768 0.5756
vn 0.7003 0.0001 0.7139
vn 0.0003 -0.6970 -0.7171
vn 0.5749 0.5824 0.5747
vn 0.5771 0.5782 0.5768
vn 0.5794 0.5748 0.5779
vn 0.7087 -0.0001 0.7055
vn 0.5754 -0.5795 -0.5772
vn 0.5747 -0.5751 -0.5822
vn 0.5770 -0.5771 -0.5780
vn 0.5771 -0.5776 -0.5773
vn 0.7183 -0.0003 0.6957
vn -0.7120 0.7021 -0.0000
vn 0.5776 0.5752 -0.5793
vn -0.5769 -0.5773 -0.5779
vn -0.5750 -0.5766 -0.5804
vn -0.5741 0.5743 -0.5836
vn -0.5754 0.5772 0.5795
vn -0.5771 0.5773 0.5776
vn -0.5770 0.5769 -0.5782
vn 0.5749 -0.5746 -0.5825
vn 0.5751 -0.5769 0.5801
vn 0.5769 -0.5775 0.5777
vn 0.5772 -0.5769 -0.5780
vn 0.7067 0.0000 0.7075
vn 0.7098 0.0002 0.7044
vn 0.7098 0.0000 0.7044
vn 0.7014 0.0000 0.7128
vn -0.6984 -0.0002 0.7157
vn -0.6984 -0.0000 0.7157
vn 0.5753 0.5763 0.5804
vn 0.5768 0.5770 0.5782
vn -0.5734 0.5790 -0.5797
vn -0.5723 0.5795 -0.5802
vn -0.7173 0.0002 -0.6968
vn -0.0002 -0.7044 0.7098
vn 0.0000 -0.7044 0.7098
vn 0.5809 0.5750 0.5761
vn 0.5780 0.5768 0.5773
vn -0.5750 -0.5755 -0.5815
vn -0.5750 -0.5804 -0.5766
vn -0.5769 -0.5779 -0.5773
vn -0.5771 -0.5770 -0.5779
vn 0.0003 0.7034 0.7108
vn 0.0000 0.7034 0.7108
vn -0.7055 0.0000 -0.7087
vn -0.5743 -0.5741 -0.5836
vn -0.5770 -0.5769 -0.5782
vn 0.7045 0.0000 0.7097
vn 0.5789 -0.5753 0.5778
vn 0.5747 -0.5748 0.5825
vn -0.6956 0.7184 -0.0003
vn 0.0002 -0.7185 -0.6955
vn -0.5753 0.5790 0.5778
vn -0.5741 -0.5836 -0.5743
vn -0.5769 -0.5782 -0.5770
vn -0.6956 -0.0002 0.7184
vn 0.5747 0.5818 0.5755
vn 0.5770 0.5775 -0.5775
vn 0.5769 0.5775 -0.5776
vn 0.5799 -0.5791 -0.5730
vn 0.5801 -0.5793 -0.5726
vn 0.5790 0.5733 0.5797
vn 0.5795 0.5724 0.5801
vn -0.7045 -0.0000 0.7097
vn -0.5778 0.5768 0.5775
vn -0.5791 0.5752 0.5777
vn 0.7184 -0.0002 0.6956
vn 0.5777 -0.5791 0.5752
vn 0.0000 -0.7157 0.6984
vn 0.5743 -0.5742 0.5835
vn 0.5748 -0.5748 0.5825
vn -0.5787 -0.5788 0.5745
vn -0.5791 -0.5791 0.5738
vn 0.5768 -0.5795 0.5758
vn 0.5769 -0.5792 0.5760
vn -0.5789 -0.5753 -0.5778
vn -0.5751 0.5801 -0.5769
vn -0.5769 0.5777 -0.5775
vn -0.5771 -0.5767 0.5782
vn -0.5746 -0.5744 0.5830
vn 0.5751 0.5793 0.5776
vn 0.5747 0.5797 0.5777
vn 0.5750 0.5804 -0.5766
vn 0.5746 -0.5830 -0.5744
vn 0.5771 -0.5782 -0.5767
vn 0.5769 0.5779 -0.5773
vn 0.6970 0.0002 -0.7171
vn -0.7013 0.0002 0.7128
vn -0.7114 0.0001 0.7028
vn 0.0000 -0.7004 -0.7138
vn 0.0000 -0.7004 0.7138
vn -0.7013 0.0001 -0.7128
vn 0.7183 0.0002 -0.6957
vn -0.5747 -0.5749 0.5824
vn -0.5768 -0.5771 0.5782
vn 0.5793 -0.5748 0.5779
vn 0.5790 -0.5752 0.5778
vn -0.5750 0.5766 -0.5804
vn -0.5769 0.5773 -0.5779
vn 0.5782 0.5769 0.5770
vn -0.0000 -0.7115 -0.7027
vn 0.0001 -0.7045 -0.7097
vn 0.0000 -0.7045 -0.7097
vn -0.0001 -0.7115 -0.7027
vn 0.5836 -0.5741 -0.5743
vn -0.5795 -0.5754 -0.5772
vn -0.5776 -0.5771 -0.5773
vn 0.5782 -0.5770 -0.5769
vn -0.7031 0.0002 0.7111
vn 0.6970 0.0001 0.7171
vn 0.5779 -0.5769 0.5773
vn 0.5804 -0.5750 0.5766
vn -0.5750 0.5804 0.5766
vn -0.5769 0.5779 0.5773
vn -0.5752 0.5798 0.5771
vn -0.5742 -0.5836 0.5742
vn -0.5769 -0.5781 0.5770
vn -0.5770 0.5777 0.5773
vn -0.5817 0.5755 -0.5748
vn -0.5765 0.5802 -0.5753
vn -0.5771 0.5780 -0.5770
vn -0.5785 0.5769 -0.5767
vn -0.5756 -0.5783 0.5781
vn -0.5772 -0.5775 0.5774
vn -0.0002 -0.7184 -0.6956
vn 0.5741 -0.5792 0.5787
vn -0.5741 -0.5792 0.5787
vn -0.5736 -0.5795 0.5789
vn 0.5736 -0.5795 0.5789
vn 0.0002 0.7067 -0.7075
vn 0.0016 0.7072 -0.7070
vn 0.5777 0.5752 0.5791
vn 0.5775 0.5768 0.5778
vn 0.7071 0.7072 -0.0000
vn 0.5778 -0.5768 -0.5775
vn 0.5790 -0.5753 -0.5778
vn 0.0000 -0.7072 -0.7071
vn 0.7171 -0.0002 -0.6970
vn -0.6926 0.0002 -0.7213
vn 0.7028 -0.0001 0.7114
vn 0.7138 -0.0001 0.7004
vn -0.7138 0.0002 0.7004
vn 0.5753 -0.5789 -0.5778
vn 0.5769 -0.5776 -0.5776
vn 0.0000 -0.7111 -0.7031
vn -0.7128 -0.0002 -0.7013
vn 0.5778 0.5753 -0.5790
vn 0.5775 0.5768 -0.5778
vn 0.5795 0.5754 -0.5772
vn 0.5776 0.5771 -0.5773
vn -0.5765 0.5802 0.5753
vn -0.5771 0.5780 0.5770
vn -0.5766 -0.5788 0.5766
vn -0.5747 -0.5830 0.5743
vn 0.7161 0.0001 0.6980
vn -0.7161 -0.0002 -0.6980
vn -0.7173 -0.0002 0.6968
vn 0.7184 0.6956 -0.0002
vn -0.5755 0.5748 0.5817
vn -0.5769 0.5767 0.5785
vn -0.5780 0.5769 0.5771
vn -0.5802 0.5753 0.5765
vn -0.7114 0.0002 0.7028
vn 0.5796 0.5768 0.5757
vn -0.5751 0.5761 0.5808
vn -0.5750 0.5809 0.5761
vn -0.5768 0.5779 0.5773
vn -0.5771 0.5772 0.5778
vn 0.6989 0.7152 0.0002
vn -0.5804 -0.5762 0.5755
vn -0.5782 -0.5768 0.5771
vn 0.0001 0.6968 0.7173
vn 0.5749 -0.5824 -0.5747
vn 0.5771 -0.5782 -0.5768
vn 0.5778 0.5775 -0.5768
vn 0.5790 0.5778 -0.5753
vn 0.0000 0.7071 -0.7072
vn -0.7114 0.0002 -0.7028
vn -0.7120 -0.7022 -0.0001
vn -0.7184 0.6956 0.0002
vn 0.7016 0.0001 0.7125
vn 0.7152 -0.0001 -0.6989
vn -0.0002 0.7184 0.6956
vn 0.5750 0.5755 -0.5815
vn -0.5832 -0.5743 -0.5745
vn -0.5789 -0.5764 -0.5767
vn -0.7045 -0.0002 0.7097
vn 0.5795 -0.5754 0.5772
vn 0.5776 -0.5771 0.5773
vn -0.7157 -0.0002 -0.6984
vn -0.7128 -0.0002 0.7013
vn 0.7184 -0.0003 -0.6956
vn -0.7173 0.0002 0.6968
vn 0.7184 0.6956 -0.0003
vn -0.0002 -0.6989 0.7153
vn 0.7052 0.0000 -0.7090
vn 0.7052 0.0002 -0.7090
vn -0.0001 -0.7114 0.7028
vn 0.5762 0.5755 -0.5804
vn 0.5768 0.5771 -0.5782
vn 0.5786 0.5766 -0.5769
vn 0.5821 0.5744 -0.5755
vn -0.5753 -0.5789 0.5778
vn -0.5769 -0.5776 0.5776
vn -0.5755 -0.5762 -0.5804
vn -0.7084 0.0001 -0.7058
vn -0.7128 -0.0001 -0.7013
vn 0.7016 -0.0001 -0.7125
vn -0.0001 0.7139 -0.7003
vn -0.6970 -0.0001 -0.7171
vn -0.7022 0.7120 -0.0002
vn 0.5771 -0.5779 0.5770
vn 0.5750 -0.5815 0.5755
vn 0.0002 0.7157 -0.6984
vn -0.5779 -0.5790 0.5752
vn -0.5797 -0.5790 -0.5733
vn -0.5801 -0.5794 -0.5725
vn -0.5780 -0.5792 0.5748
vn 0.5792 -0.5787 -0.5741
vn 0.5795 -0.5789 -0.5736
vn -0.7055 -0.0000 0.7088
vn 0.7143 -0.0001 0.6999
vn 0.6911 -0.0001 0.7227
vn 0.0002 0.7185 0.6955
vn 0.5766 -0.5786 -0.5769
vn 0.5744 -0.5821 -0.5755
vn -0.5749 0.5747 0.5824
vn -0.5771 0.5768 0.5782
vn -0.5766 0.5786 -0.5769
vn -0.5744 0.5821 -0.5755
vn -0.5746 0.5744 0.5830
vn -0.5752 0.5792 0.5776
vn -0.5770 0.5777 0.5774
vn -0.5771 0.5767 0.5782
vn 0.7045 0.0001 0.7097
vn 0.0001 -0.7111 0.7031
vn 0.0000 -0.7111 0.7031
vn -0.7071 0.0000 0.7072
vn -0.5773 -0.5768 -0.5780
vn -0.5830 -0.5748 0.5743
vn -0.5778 0.5775 -0.5768
vn -0.5791 0.5777 -0.5752
vn 0.7003 0.0001 -0.7139
vn 0.0003 0.7171 -0.6970
vn 0.0165 0.6917 -0.7220
vn 0.0009 0.7092 -0.7050
vn -0.0104 0.7038 -0.7104
vn -0.0106 0.7207 -0.6932
vn 0.0080 -0.7071 0.7070
vn -0.5662 0.1694 0.8067
vn 0.7043 -0.0091 0.7099
vn -0.0000 -0.7158 -0.6983
vn -0.7071 0.7071 0.0001
vn 0.5790 -0.5752 0.5779
vn 0.5792 -0.5787 0.5742
vn 0.5795 -0.5789 0.5736
vn 0.5792 -0.5748 0.5780
vn 0.5788 0.5766 0.5766
vn 0.5830 0.5743 0.5747
vn -0.0000 0.7010 -0.7132
vn -0.0003 0.7010 -0.7132
vn -0.7067 -0.0000 -0.7075
vn 0.5782 -0.5769 -0.5770
vn -0.7185 0.0005 0.6955
vn 0.5749 -0.5747 0.5824
vn 0.5771 -0.5768 0.5782
vn 0.5751 -0.5801 -0.5769
vn 0.5769 -0.5777 -0.5775
vn 0.5752 -0.5798 0.5771
vn 0.5770 -0.5777 0.5773
vn 0.7152 -0.6989 0.0002
vn -0.5747 0.5822 0.5751
vn -0.5770 0.5780 0.5771
vn 0.0001 0.7114 0.7028
vn 0.5752 0.5756 0.5813
vn 0.5771 0.5771 0.5779
vn -0.6984 0.0004 0.7157
vn -0.0002 -0.7157 0.6984
vn 0.7185 -0.0002 0.6955
vn -0.6970 0.0002 -0.7171
vn -0.5752 -0.5771 0.5798
vn -0.5770 -0.5773 0.5777
vn 0.5788 0.5788 0.5745
vn 0.5791 0.5791 0.5738
vn 0.5745 0.5832 -0.5743
vn 0.5767 0.5789 -0.5764
vn -0.7016 -0.0001 -0.7125
vn -0.5749 -0.5824 0.5747
vn -0.5771 -0.5782 0.5768
vn 0.5752 -0.5771 -0.5798
vn 0.5770 -0.5773 -0.5777
vn -0.7132 0.0003 -0.7010
vn 0.5818 0.5755 -0.5748
vn 0.5785 0.5768 -0.5767
vn 0.7100 -0.0001 -0.7042
vn -0.5744 -0.5745 -0.5831
vn -0.5765 -0.5767 -0.5789
vn -0.5768 -0.5770 0.5782
vn -0.5753 -0.5763 0.5804
vn -0.7171 -0.0003 0.6970
vn -0.5747 -0.5818 0.5755
vn 0.7184 -0.0001 0.6956
usemtl 64,64,64.002
s 1
f 5157/1/1 5143/2/1 5144/3/2 5156/4/2
f 5049/5/3 5050/6/4 5055/7/4 5056/8/5
f 5237/9/2 5225/10/2 5226/11/6 5236/12/6
f 5088/13/7 5087/14/8 5267/15/8 5268/16/7
f 4991/17/9 4992/18/10 4993/19/11 4994/20/12
f 5090/21/13 5089/22/14 5269/23/14 5270/24/13
f 5135/25/13 5134/26/14 5251/27/14 5252/28/13
f 5130/29/15 5129/30/16 5216/31/16 5215/32/15
f 5134/26/14 5133/33/7 5250/34/7 5251/27/14
f 5121/35/15 5120/36/16 5243/37/16 5242/38/15
f 5064/39/17 5065/40/18 5066/41/18 5067/42/19
f 4935/43/20 4938/44/21 4939/45/22 4940/46/23 4945/47/24
f 5138/48/25 5137/49/26 5254/50/26 5255/51/27
f 5223/52/28 5222/53/28 5230/54/28 5229/55/28 5228/56/28 5246/57/28 5247/58/28 5248/59/28 5240/60/28 5241/61/28 5242/62/28 5243/63/28 5244/64/28 5226/65/28 5225/66/28 5224/67/28
f 5089/22/14 5088/13/7 5268/16/7 5269/23/14
f 5111/68/25 5110/69/26 5281/70/26 5282/71/27
f 5182/72/6 5172/73/6 5173/74/29 5181/75/3
f 5137/49/26 5136/76/30 5253/77/30 5254/50/26
f 5116/78/31 5115/79/32 5248/80/32 5247/81/31
f 5057/82/33 5058/83/34 5061/84/35 5062/85/33
f 5181/86/3 5173/87/29 5174/88/36 5180/89/36
f 5092/90/26 5091/91/37 5271/92/30 5272/93/26
f 5156/4/2 5144/3/2 5145/94/6 5155/95/6
f 5099/96/38 5098/97/31 5166/98/31 5165/99/39
f 5234/100/36 5228/101/36 5229/102/40 5233/103/40
f 5122/104/41 5121/35/15 5242/38/15 5241/105/41
f 5183/106/2 5171/107/42 5172/73/6 5182/72/6
f 5013/108/8 5014/109/43 5017/110/43 5018/111/8
f 5004/112/44 4976/113/45 4979/114/46 4980/115/47 4997/116/48
f 5096/117/8 5104/118/41 5160/119/41 5159/120/8
f 5069/121/8 5077/122/49 5266/123/49 5258/124/8
f 5081/125/38 5080/126/31 5193/127/31 5192/128/38
f 5114/129/8 5122/104/41 5241/105/41 5240/130/8
f 5035/131/50 5036/132/51 5039/133/52 5040/134/50
f 5129/30/16 5128/135/53 5217/136/54 5216/31/16
f 5083/137/53 5082/138/55 5191/139/55 5190/140/56
f 5034/141/28 5033/142/28 5264/143/28 5263/144/28
f 5084/145/57 5083/137/53 5190/140/56 5189/146/16
f 5236/12/6 5226/11/6 5227/147/58 5235/148/3
f 5074/149/26 5073/150/37 5262/151/30 5263/152/26
f 5095/153/49 5094/154/59 5274/155/60 5275/156/49
f 5019/157/8 5020/158/61 5025/159/61 5026/160/8
f 5233/161/28 5232/162/28 5181/163/28 5180/164/28 5179/165/28 5178/166/28 5177/167/28 5282/168/28 5281/169/28 5280/170/28 5279/171/28 4981/172/28 4957/173/28 4956/174/28 4961/175/28 4960/176/28 4963/177/28 4962/178/28 4971/179/28 4970/180/28 4969/181/28
f 5078/182/8 5086/183/41 5187/184/41 5186/185/8
f 4981/186/62 4982/187/63 4987/188/63 4988/189/62
f 4927/190/64 4928/191/65 4929/192/65 4930/193/66
f 5043/194/67 5094/195/67 5095/196/67 5087/197/67 5088/198/67 5089/199/67 5090/200/67 5061/201/67 5060/202/67 5052/203/67 5051/204/67 5050/205/67 5049/206/67 5044/207/67
f 5073/150/37 5072/208/13 5261/209/13 5262/151/30
f 5115/79/32 5114/210/8 5240/211/8 5248/80/32
f 4951/212/68 4948/213/69 4947/214/70 4952/215/71
f 5093/216/27 5092/90/26 5272/93/26 5273/217/27
f 4940/218/23 4941/219/72 4944/220/73 4945/221/24
f 4959/222/74 4960/223/75 4961/224/76 4958/225/77
f 4984/226/78 4989/227/6 4996/228/79 4985/229/80
f 5239/230/81 5223/231/81 5224/232/1 5238/233/82
f 5155/95/6 5145/94/6 5146/234/58 5154/235/3
f 5104/118/41 5103/236/15 5161/237/15 5160/119/41
f 5051/238/83 5052/239/84 5053/240/85 5054/241/86
f 5070/242/7 5069/243/8 5258/244/8 5259/245/7
f 4999/246/87 5000/247/88 5001/248/89 5002/249/90
f 5176/250/28 5175/251/28 5174/252/28 5192/253/28 5193/254/28 5194/255/28 5186/256/28 5187/257/28 5188/258/28 5189/259/28 5190/260/28 5191/261/28 5173/262/28 5172/263/28 5171/264/28 5170/265/28 5169/266/28 5168/267/28
f 5167/268/28 5159/269/28 5160/270/28 5161/271/28 5162/272/28 5163/273/28 5144/274/28 5143/275/28 5142/276/28 5141/277/28 5149/278/28 5148/279/28 5147/280/28 5146/281/28 5145/282/28 5164/283/28 5165/284/28 5166/285/28
f 5207/286/36 5201/287/36 5202/288/40 5206/289/40
f 5087/290/8 5095/153/49 5275/156/49 5267/291/8
f 5223/231/81 5239/230/81 5231/292/8 5222/293/8
f 4973/294/74 4974/295/91 4975/296/76 4972/297/92
f 5044/298/93 5049/5/3 5056/8/5 5045/299/94
f 4998/300/95 4999/246/87 5002/249/90 5003/301/95
f 5233/103/40 5229/102/40 5230/302/96 5232/303/96
f 4990/304/97 4991/17/9 4994/20/12 4995/305/97
f 5238/233/82 5224/232/1 5225/10/2 5237/9/2
f 5235/306/3 5227/307/58 5228/101/36 5234/100/36
f 5075/308/98 5074/149/26 5263/152/26 5264/309/27
f 5163/273/28 5164/283/28 5145/282/28 5144/274/28
f 4976/113/45 4977/310/99 4978/311/100 4979/114/46
f 5063/312/33 5064/39/17 5067/42/19 5068/313/33
f 5135/314/67 5007/315/67 5006/316/67 5134/317/67
f 5206/289/40 5202/288/40 5203/318/96 5205/319/96
f 5005/320/101 5006/321/41 5011/322/41 5012/323/102
f 5154/324/3 5146/325/58 5147/326/36 5153/327/103
f 5152/328/40 5148/329/40 5149/330/96 5151/331/96
f 5133/33/7 5132/332/8 5249/333/8 5250/34/7
f 5179/334/40 5175/335/40 5176/336/96 5178/337/96
f 5109/338/30 5108/339/13 5279/340/104 5280/341/30
f 4950/342/105 4951/212/68 4952/215/71 4953/343/106
f 5110/69/26 5109/338/30 5280/341/30 5281/70/26
f 5132/344/8 5140/345/49 5257/346/49 5249/347/8
f 5082/138/55 5081/125/38 5192/128/38 5191/139/55
f 5072/208/13 5071/348/107 5260/349/14 5261/209/13
f 5136/76/30 5135/25/13 5252/28/13 5253/77/30
f 5065/40/18 4993/350/11 4992/351/10 5066/41/18
f 5015/352/108 5009/353/109 5008/354/110 5016/355/108
f 5043/356/111 5044/357/93 5045/358/94 5046/359/112
f 4983/360/113 4984/361/78 4985/362/80 4986/363/113
f 4963/364/100 4960/223/75 4959/222/74 4964/365/100
f 5128/135/53 5127/366/55 5218/367/55 5217/136/54
f 5178/337/96 5176/336/96 5168/368/8 5177/369/8
f 4935/43/20 4936/370/114 4937/371/71 4938/44/21
f 4968/372/115 4972/297/92 4975/296/76 4969/373/116
f 5125/374/117 5124/375/32 5221/376/32 5220/377/31
f 5151/331/96 5149/330/96 5141/378/8 5150/379/8
f 4947/214/70 4948/213/69 4949/380/118 4946/381/119
f 5211/382/1 5197/383/1 5198/384/2 5210/385/2
f 5022/386/120 5027/387/121 5034/388/122 5023/389/123
f 4954/390/124 4957/391/125 4981/392/62 4988/393/62
f 5123/394/8 5131/395/41 5214/396/41 5213/397/8
f 5080/126/31 5079/398/32 5194/399/32 5193/127/31
f 5154/400/28 5205/401/28 5204/402/28 5155/403/28
f 5050/6/4 5051/238/83 5054/241/86 5055/7/4
f 5058/83/34 5059/404/126 5060/405/126 5061/84/35
f 5210/385/2 5198/384/2 5199/406/6 5209/407/79
f 4982/187/63 4983/360/113 4986/363/113 4987/188/63
f 5205/319/96 5203/318/96 5195/408/8 5204/409/8
f 5127/366/55 5126/410/38 5219/411/38 5218/367/55
f 5063/412/33 5068/413/33 5057/414/33 5062/415/33
f 5184/416/82 5170/417/1 5171/107/42 5183/106/2
f 5097/418/32 5096/419/8 5159/420/8 5167/421/32
f 5100/422/127 5099/96/38 5165/99/39 5164/423/55
f 5117/424/38 5116/78/31 5247/81/31 5246/425/39
f 5169/426/81 5185/427/81 5177/369/8 5168/368/8
f 5232/303/96 5230/302/96 5222/293/8 5231/292/8
f 5108/339/13 5107/428/14 5278/429/14 5279/340/104
f 4962/430/128 4963/364/100 4964/365/100 4965/431/129
f 5014/109/43 5015/352/108 5016/355/108 5017/110/43
f 5036/132/51 5037/432/130 5038/433/130 5039/133/52
f 5038/434/67 5030/435/67 5029/436/67 5028/437/67 5027/438/67 5074/439/67 5075/440/67 5076/441/67 5077/442/67 5069/443/67 5070/444/67 5071/445/67 5020/446/67 5019/447/67 5018/448/67 5017/449/67 5016/450/67 5008/451/67 5007/315/67 5135/314/67 5136/452/67 5137/453/67 5138/454/67 5139/455/67 5140/456/67 5132/457/67 5133/458/67 5134/317/67 5006/316/67 5005/459/67 5000/460/67 4999/461/67 4998/462/67 4997/463/67 4980/464/67 5117/465/67 5118/466/67 5119/467/67 5120/468/67 5125/469/67 5126/470/67 5127/471/67 5128/472/67 5129/473/67 5130/474/67 5131/475/67 5123/476/67 5101/477/67 5102/478/67 5103/479/67 5104/480/67 5096/481/67 5097/482/67 5061/201/67 5090/200/67 5091/483/67 5092/484/67 5093/485/67 5094/195/67 5043/194/67 5042/486/67 5041/487/67 4930/488/67 4929/489/67 4934/490/67 4933/491/67 4936/492/67 4935/493/67 4945/494/67 4944/495/67 4943/496/67 4949/497/67 4948/498/67 4951/499/67 4950/500/67 5040/501/67 5039/502/67
f 5185/427/81 5169/426/81 5170/417/1 5184/416/82
f 5019/503/8 5026/504/8 5013/505/8 5018/506/8
f 5118/507/55 5117/424/38 5246/425/39 5245/508/55
f 4997/509/48 4998/300/95 5003/301/95 5004/510/44
f 5020/158/61 5021/511/131 5024/512/132 5025/159/61
f 5029/513/133 5030/514/134 5031/515/135 5032/516/136
f 4950/342/105 4953/343/106 5035/517/50 5040/518/50
f 5000/519/88 5005/320/101 5012/323/102 5001/520/89
f 5027/387/121 5028/521/32 5033/522/32 5034/388/122
f 4962/430/128 4965/431/129 4966/523/137 4971/524/137
f 5007/525/138 5008/526/110 5009/527/109 5010/528/139
f 5042/529/140 5043/356/111 5046/359/112 5047/530/140
f 4967/531/141 4968/372/115 4969/373/116 4970/532/141
f 4941/219/72 4942/533/142 4943/534/65 4944/220/73
f 4958/225/77 4961/224/76 4956/535/116 4955/536/116
f 4931/537/143 4934/538/144 4929/192/65 4928/191/65
f 5126/410/38 5125/374/117 5220/377/31 5219/411/38
f 4989/227/6 4990/304/97 4995/305/97 4996/228/79
f 5131/395/41 5130/29/15 5215/32/15 5214/396/41
f 5098/97/31 5097/418/32 5167/421/32 5166/98/31
f 5142/539/81 5158/540/81 5150/379/8 5141/378/8
f 5006/321/41 5007/525/138 5010/528/139 5011/322/41
f 5180/89/36 5174/88/36 5175/335/40 5179/334/40
f 5196/541/81 5212/542/81 5204/409/8 5195/408/8
f 5140/345/49 5139/543/59 5256/544/145 5257/346/49
f 5103/236/15 5102/545/146 5162/546/16 5161/237/15
f 5085/547/15 5084/145/57 5189/146/16 5188/548/15
f 4966/549/137 4967/531/141 4970/532/141 4971/550/137
f 5218/551/28 5219/552/28 5201/553/28 5200/554/28
f 4977/310/99 4974/295/91 4973/294/74 4978/311/100
f 5041/555/147 5042/529/140 5047/530/140 5048/556/147
f 5269/557/28 5053/558/28 5059/559/28 5270/560/28
f 5077/122/49 5076/561/59 5265/562/59 5266/123/49
f 5227/563/28 5226/65/28 5244/64/28 5245/564/28 5246/57/28 5228/56/28
f 4942/533/142 4946/381/119 4949/380/118 4943/534/65
f 5028/521/32 5029/513/133 5032/516/136 5033/522/32
f 5101/565/53 5100/422/127 5164/423/55 5163/566/53
f 5107/428/14 5106/567/7 5277/568/7 5278/429/14
f 5102/545/146 5101/565/53 5163/566/53 5162/546/16
f 5209/407/79 5199/406/6 5200/569/3 5208/570/3
f 5076/561/59 5075/308/98 5264/309/27 5265/562/59
f 5153/327/103 5147/326/36 5148/329/40 5152/328/40
f 5059/404/126 5053/571/85 5052/572/84 5060/405/126
f 5112/573/59 5111/68/25 5282/71/27 5283/574/59
f 5021/511/131 5022/575/120 5023/576/123 5024/512/132
f 4954/390/124 4955/536/116 4956/535/116 4957/391/125
f 5002/577/28 5001/578/28 5012/579/28 5011/580/28 5010/581/28 5253/582/28 5252/583/28 5251/584/28
f 5021/585/67 5020/446/67 5071/445/67 5072/586/67 5073/587/67 5074/439/67 5027/438/67 5022/588/67
f 5158/540/81 5142/539/81 5143/2/1 5157/1/1
f 5119/589/53 5118/507/55 5245/508/55 5244/590/53
f 5094/154/59 5093/216/27 5273/217/27 5274/155/60
f 5124/375/32 5123/591/8 5213/592/8 5221/376/32
f 5139/543/59 5138/48/25 5255/51/27 5256/544/145
f 5120/36/16 5119/589/53 5244/590/53 5243/37/16
f 4955/593/67 4954/594/67 4988/595/67 5109/596/67 5110/597/67 5111/598/67 5078/599/67 5079/600/67 5080/601/67 5081/602/67 5082/603/67 5083/604/67 5084/605/67 5085/606/67 5062/607/67 5061/201/67 5097/482/67 5098/608/67 5099/609/67 5100/610/67 5101/477/67 5123/476/67 5124/611/67 5125/469/67 5120/468/67 5121/612/67 5122/613/67 5114/614/67 5115/615/67 5116/616/67 5117/465/67 4980/464/67 4979/617/67 4978/618/67 4973/619/67 4972/620/67 4968/621/67 4967/622/67 4966/623/67 4965/624/67 4964/625/67 4959/626/67 4958/627/67
f 5091/91/37 5090/21/13 5270/24/13 5271/92/30
f 5113/628/67 5105/629/67 5106/630/67 5107/631/67 5108/632/67 5109/596/67 4988/595/67 4987/633/67 4986/634/67 4985/635/67 4996/636/67 4995/637/67 4994/638/67 4993/639/67 5065/640/67 5064/641/67 5063/642/67 5062/607/67 5085/606/67 5086/643/67 5078/599/67 5111/598/67 5112/644/67
f 5106/567/7 5105/645/8 5276/646/8 5277/568/7
f 5105/647/8 5113/648/49 5284/649/49 5276/650/8
f 5212/542/81 5196/541/81 5197/383/1 5211/382/1
f 5079/398/32 5078/651/8 5186/652/8 5194/399/32
f 5113/648/49 5112/573/59 5283/574/59 5284/649/49
f 5191/261/28 5192/253/28 5174/252/28 5173/262/28
f 5221/653/28 5213/654/28 5214/655/28 5215/656/28 5216/657/28 5217/658/28 5218/551/28 5200/554/28 5199/659/28 5198/660/28 5197/661/28 5196/662/28 5195/663/28 5203/664/28 5202/665/28 5201/553/28 5219/552/28 5220/666/28
f 5037/432/130 5031/667/135 5030/668/134 5038/433/130
f 4927/190/64 4930/193/66 5041/669/147 5048/670/147
f 5086/183/41 5085/547/15 5188/548/15 5187/184/41
f 4936/370/114 4933/671/148 4932/672/149 4937/371/71
f 5071/348/107 5070/242/7 5259/245/7 5260/349/14
f 4990/673/28 4989/674/28 4984/675/28 4983/676/28 4982/677/28 4981/172/28 5279/171/28 5278/678/28 5277/679/28 5276/680/28 5284/681/28 5283/682/28 5282/168/28 5177/167/28 5185/683/28 5184/684/28 5183/685/28 5182/686/28 5181/163/28 5232/162/28 5231/687/28 5239/688/28 5238/689/28 5237/690/28 5236/691/28 5235/692/28 5234/693/28 5233/161/28 4969/181/28 4975/694/28 4974/695/28 4977/696/28 4976/697/28 5004/698/28 5003/699/28 5002/577/28 5251/584/28 5250/700/28 5249/701/28 5257/702/28 5256/703/28 5255/704/28 5254/705/28 5253/582/28 5010/581/28 5009/706/28 5015/707/28 5014/708/28 5013/709/28 5026/710/28 5025/711/28 5024/712/28 5023/713/28 5034/141/28 5263/144/28 5262/714/28 5261/715/28 5260/716/28 5259/717/28 5258/718/28 5266/719/28 5265/720/28 5264/143/28 5033/142/28 5032/721/28 5031/722/28 5037/723/28 5036/724/28 5035/725/28 4953/726/28 4952/727/28 4947/728/28 4946/729/28 4942/730/28 4941/731/28 4940/732/28 4939/733/28 5155/403/28 5204/402/28 5212/734/28 5211/735/28 5210/736/28 5209/737/28 5208/738/28 5207/739/28 5206/740/28 5205/401/28 5154/400/28 5153/741/28 5152/742/28 5151/743/28 5150/744/28 5158/745/28 5157/746/28 4937/747/28 4932/748/28 4931/749/28 4928/750/28 4927/751/28 5048/752/28 5047/753/28 5046/754/28 5045/755/28 5056/756/28 5055/757/28 5054/758/28 5053/558/28 5269/557/28 5268/759/28 5267/760/28 5275/761/28 5274/762/28 5273/763/28 5272/764/28 5271/765/28 5270/560/28 5059/559/28 5058/766/28 5057/767/28 5068/768/28 5067/769/28 5066/770/28 4992/771/28 4991/772/28
f 5208/773/3 5200/774/3 5201/287/36 5207/286/36
f 4932/672/149 4933/671/148 4934/538/144 4931/537/143
f 4938/775/28 4937/747/28 5157/746/28 5156/776/28 5155/403/28 4939/733/28
usemtl 5,5,5.002
f 30/777/8 7/778/8 8/779/8 9/780/8 10/781/8 11/782/8 12/783/8 1/784/8 2/785/8 3/786/8 25/787/8 26/788/8 27/789/8 28/790/8 29/791/8
f 23/792/8 24/793/8 25/787/8 3/786/8 4/794/8 15/795/8 16/796/8 17/797/8 18/798/8 19/799/8 7/778/8 30/777/8 22/800/8
f 943/801/150 952/802/151 953/803/152 944/804/153
f 798/805/154 735/806/154 734/807/155 797/808/156
f 4561/809/157 4562/810/158 4499/811/158 4498/812/157
f 525/813/159 517/814/160 490/815/160 498/816/159
f 154/817/161 91/818/161 90/819/162 153/820/162
f 2044/821/67 2045/822/163 2018/823/163 2017/824/67
f 1813/825/164 1812/826/160 1821/827/160 1822/828/164
f 2067/829/165 2180/830/166 1647/831/167 1646/832/167
f 530/833/168 531/834/169 504/835/170 503/836/168
f 3931/837/171 3904/838/171 3903/839/172 3930/840/172
f 57/841/8 58/842/8 46/843/8 47/844/8 48/845/8
f 2691/846/67 2692/847/67 2687/848/67 2668/849/67 2658/850/67 2657/851/67 2671/852/67 2690/853/67
f 59/854/8 51/855/8 52/856/8 53/857/8 54/858/8 55/859/8 56/860/8 57/841/8 48/845/8 49/861/8 50/862/8 40/863/8 41/864/8 42/865/8 43/866/8 44/867/8 45/868/8 46/843/8 58/842/8
f 780/869/173 674/870/173 673/871/160 772/872/160
f 3272/873/174 3273/874/175 3210/875/175 3209/876/176
f 1295/877/177 1296/878/178 1233/879/176 1232/880/179
f 3549/881/180 3429/882/180 3428/883/181 3548/884/181
f 3233/885/182 3234/886/183 3171/887/184 3170/888/185
f 156/889/186 93/890/186 92/891/187 155/892/187
f 4064/893/188 3958/894/188 3957/895/67 4056/896/67
f 4554/897/189 4555/898/190 4492/899/191 4491/900/192
f 4232/901/193 4223/902/194 4222/903/28 4231/904/28
f 4556/905/195 4555/906/196 4370/907/197 4369/908/198
f 1850/909/199 1851/910/200 1842/911/201 1841/912/202
f 1798/913/203 1735/914/203 1734/915/204 1797/916/205
f 123/917/206 15/918/206 14/919/207 124/920/207
f 438/921/67 439/922/67 440/923/67 445/924/67 446/925/67 447/926/67 448/927/67 449/928/67 450/929/67 431/930/67 432/931/67 426/932/67 425/933/67 424/934/67 422/935/67 458/936/67 459/937/67 460/938/67 461/939/67 462/940/67 427/941/67 428/942/67 429/943/67 451/944/67 452/945/67 453/946/67 441/947/67 442/948/67 443/949/67 444/950/67 436/951/67 437/952/67
f 4098/953/208 4097/954/209 4106/955/209 4107/956/208
f 1145/957/210 1136/958/211 1135/959/212 1144/960/213
f 1699/961/33 1700/962/33 1701/963/33 1688/964/33 1689/965/33 1690/966/33 1691/967/33 1696/968/33 1697/969/33 1698/970/33
f 3494/971/214 3493/972/215 3502/973/215 3503/974/216
f 85/975/8 84/976/8 94/977/8 95/978/8 86/979/8
f 2042/980/217 2043/981/218 2016/982/218 2015/983/217
f 3475/984/180 3393/985/219 3392/986/181 3474/987/181
f 2923/988/220 2915/989/221 2852/990/221 2860/991/220
f 466/992/222 475/993/222 476/994/223 467/995/223
f 1308/996/224 1300/997/225 1237/998/225 1245/999/226
f 108/1000/8 109/1001/8 104/1002/8 105/1003/8 106/1004/8 107/1005/8
f 125/1006/8 126/1007/8 127/1008/8 124/1009/8 116/1010/8 117/1011/8 118/1012/8 119/1013/8 120/1014/8 131/1015/8 132/1016/8 133/1017/8
f 123/1018/8 124/1009/8 127/1008/8 128/1019/8 129/1020/8 130/1021/8 131/1015/8 120/1014/8 121/1022/8 122/1023/8
f 2812/1024/227 2704/1025/228 2703/1026/229 2811/1027/230
f 4191/1028/231 4071/1029/231 4070/1030/232 4190/1031/232
f 1320/1032/233 986/1033/234 985/1034/235 1319/1035/236
f 1587/1036/237 1586/1037/238 1385/1038/239 1384/1039/240
f 2350/1040/241 2368/1041/241 2360/1042/221 2342/1043/221
f 815/1044/242 814/1045/243 823/1046/244 824/1047/245
f 2494/1048/246 2493/1049/247 2502/1050/248 2503/1051/246
f 355/1052/249 364/1053/249 365/1054/193 356/1055/193
f 4226/1056/250 3970/1057/251 3969/1058/252 4225/1059/253
f 2477/1060/254 2395/1061/254 2394/1062/255 2476/1063/255
f 3485/1064/160 3477/1065/160 3476/1066/160 3475/1067/160 3474/1068/160 3483/1069/160 3484/1070/160
f 4457/1071/256 4466/1072/256 4458/1073/67 4449/1074/67
f 1247/1075/257 1248/1076/258 1185/1077/258 1184/1078/259
f 4916/1079/260 4917/1080/261 4854/1081/261 4853/1082/262
f 967/1083/263 958/1084/264 957/1085/265 966/1086/265
f 1647/1087/97 2180/1088/97 1946/1089/97 1648/1090/97
f 194/1091/266 112/1092/267 111/1093/268 193/1094/186
f 284/1095/269 283/1096/270 292/1097/270 293/1098/271
f 2962/1099/223 2971/1100/223 2972/1101/272 2963/1102/273
f 3915/1103/274 3888/1104/274 3887/1105/275 3914/1106/276
f 404/1107/217 405/1108/277 378/1109/278 377/1110/217
f 1275/1111/279 1276/1112/280 1213/1113/280 1212/1114/281
f 2106/1115/159 2115/1116/10 2116/1117/119 2107/1118/282
f 2608/1119/283 2599/1120/284 2598/1121/221 2607/1122/221
f 2363/1123/285 2345/1124/286 2344/1125/287 2362/1126/206
f 4915/1127/288 4916/1079/260 4853/1082/262 4852/1128/288
f 4559/1129/289 4560/1130/290 4497/1131/291 4496/1132/289
f 1525/1133/33 1517/1134/33 1518/1135/33 1519/1136/33 1520/1137/33 1521/1138/33 1522/1139/33 1523/1140/33 1524/1141/33
f 2450/1142/221 2458/1143/292 2467/1144/292 2459/1145/221
f 10/1146/225 1313/1147/225 1312/1148/225 1314/1149/225 11/1150/225
f 4868/1151/293 4869/1152/294 4806/1153/294 4805/1154/295
f 737/1155/296 663/1156/296 662/1157/297 738/1158/298
f 425/1159/299 538/1160/300 5/1161/301 4/1162/301
f 1812/1163/160 1820/1164/302 1829/1165/302 1821/1166/160
f 4589/1167/303 4590/1168/304 4527/1169/305 4526/1170/306
f 1850/1171/164 1849/1172/160 1858/1173/160 1859/1174/164
f 3528/1175/307 3529/1176/308 3520/1177/309 3519/1178/307
f 4771/1179/310 4780/1180/311 4781/1181/312 4772/1182/313
f 887/1183/314 886/1184/315 895/1185/316 896/1186/317
f 3815/1187/318 3814/1188/319 3734/1189/320 3733/1190/321
f 2804/1191/322 2805/1192/323 2796/1193/324 2795/1194/325
f 3250/1195/326 3249/1196/327 3051/1197/327 3059/1198/328
f 742/1199/329 658/1200/330 657/1201/331 743/1202/332
f 3264/1203/333 3265/1204/334 3202/1205/334 3201/1206/333
f 3801/1207/67 3802/1208/335 3775/1209/336 3774/1210/67
f 3496/1211/337 3495/1212/338 3504/1213/338 3505/1214/337
f 3139/1215/8 3138/1216/8 3137/1217/8 3136/1218/8 3135/1219/8 3134/1220/8 3133/1221/8 3132/1222/8 3140/1223/8
f 4019/1224/339 4082/1225/339 4074/1226/67 4011/1227/67
f 187/1228/340 188/1229/340 179/1230/41
f 185/1231/341 188/1232/299 186/1233/342
f 183/1234/343 188/1235/344 184/1236/301
f 181/1237/345 188/1238/346 182/1239/344
f 179/1240/41 188/1241/41 180/1242/347
f 182/1239/348 188/1243/344 183/1234/343
f 180/1242/345 188/1244/346 181/1237/345
f 184/1236/341 188/1245/299 185/1231/341
f 186/1233/349 188/1246/340 187/1228/340
f 2162/1247/350 2163/1248/351 2136/1249/351 2135/1250/352
f 1635/1251/353 1636/1252/354 1573/1253/334 1572/1254/355
f 171/1255/356 172/1256/357 163/1257/358 162/1258/359
f 3749/1259/360 3740/1260/361 3739/1261/362 3748/1262/363
f 4137/1263/364 4129/1264/365 4120/1265/365 4128/1266/366
f 4173/1267/367 4172/1268/208 4181/1269/208 4182/1270/368
f 1641/1271/369 1642/1272/370 1579/1273/371 1578/1274/369
f 773/1275/296 681/1276/296 680/1277/297 774/1278/297
f 1170/1279/372 1179/1280/373 1180/1281/280 1171/1282/374
f 3259/1283/371 3260/1284/369 3197/1285/369 3196/1286/371
f 205/1287/33 206/1288/33 197/1289/33 196/1290/33 195/1291/33
f 1924/1292/199 1925/1293/200 1916/1294/201 1915/1295/202
f 2046/1296/375 2045/1297/364 1971/1298/366 1970/1299/376
f 4007/1300/160 4006/1301/160 4016/1302/160 4017/1303/160
f 3253/1304/377 3252/1305/378 3057/1306/379 3056/1307/380
f 1264/1308/381 1272/1309/382 1085/1310/383 1084/1311/384
f 516/1312/385 515/1313/386 429/1314/387 428/1315/388
f 1888/1316/200 1889/1317/389 1880/1318/390 1879/1319/201
f 133/1320/391 234/1321/391 226/1322/221 125/1323/221
f 4786/1324/392 4795/1325/393 4796/1326/394 4787/1327/394
f 4024/1328/395 3944/1329/396 3943/1330/397 4025/1331/398
f 4450/1332/399 4342/1333/400 4341/1334/401 4449/1335/401
f 1251/1336/402 1252/1337/403 1189/1338/404 1188/1339/405
f 2833/1340/33 2825/1341/33 2826/1342/33 2827/1343/33 2828/1344/33 2829/1345/33 2830/1346/33 2831/1347/33 2832/1348/33
f 989/1349/406 1323/1350/407 1315/1351/408 981/1352/408
f 224/1353/340 225/1354/340 216/1355/41
f 222/1356/341 225/1357/299 223/1358/342
f 220/1359/343 225/1360/344 221/1361/301
f 218/1362/345 225/1363/346 219/1364/344
f 216/1365/41 225/1366/41 217/1367/347
f 219/1364/348 225/1368/344 220/1359/343
f 217/1367/345 225/1369/346 218/1362/345
f 221/1361/341 225/1370/299 222/1356/341
f 223/1358/349 225/1371/340 224/1353/340
f 2288/1372/409 2261/1373/409 2260/1374/410 2287/1375/410
f 3267/1376/28 3268/1377/411 3205/1378/411 3204/1379/28
f 4224/1380/249 4233/1381/249 4234/1382/410 4225/1383/410
f 2173/1384/412 2174/1385/222 2147/1386/272 2146/1387/223
f 86/1388/413 77/1389/414 76/1390/415 85/1391/416
f 2581/1392/417 2590/1393/265 2591/1394/263 2582/1395/264
f 1249/1396/418 1250/1397/419 1187/1398/419 1186/1399/420
f 2782/1400/211 2773/1401/211 2772/1402/421 2781/1403/421
f 1855/1404/422 1856/1405/423 1847/1406/424 1846/1407/425
f 3751/1408/426 3742/1409/427 3741/1410/428 3750/1411/429
f 1851/910/200 1852/1412/389 1843/1413/390 1842/911/201
f 3363/1414/430 3372/1415/430 3364/1416/28 3355/1417/28
f 1343/1418/431 1334/1419/123 1333/1420/221 1342/1421/221
f 1007/1422/32 1006/1423/32 1310/1424/32 1309/1425/32
f 2916/1426/432 2915/1427/433 2735/1428/433 2743/1429/434
f 3584/1430/225 3585/1431/225 3286/1432/225 3285/1433/225
f 175/1434/435 176/1435/436 167/1436/437 166/1437/438
f 4229/1438/439 4238/1439/440 4239/1440/441 4230/1441/441
f 2514/1442/254 2413/1443/254 2412/1444/255 2513/1445/442
f 261/1446/340 262/1447/340 253/1448/41
f 259/1449/443 262/1450/299 260/1451/342
f 257/1452/343 262/1453/344 258/1454/301
f 255/1455/345 262/1456/346 256/1457/344
f 253/1458/41 262/1459/41 254/1460/347
f 256/1457/348 262/1461/344 257/1452/343
f 254/1460/345 262/1462/346 255/1455/345
f 258/1454/443 262/1463/299 259/1449/443
f 260/1451/444 262/1464/340 261/1446/340
f 2889/1465/445 2890/1466/446 2827/1467/446 2826/1468/445
f 517/1469/447 525/1470/385 437/1471/388 436/1472/447
f 1381/1473/448 1507/1474/449 1499/1475/433 1373/1476/433
f 517/1477/160 518/1478/110 491/1479/110 490/1480/160
f 1855/1481/450 1854/1482/451 1863/1483/452 1864/1484/450
f 441/947/67 453/946/67 445/924/67 440/923/67
f 2097/1485/67 2064/1486/67 2068/1487/67 2067/1488/67 2066/1489/67 2078/1490/67 2079/1491/67 2080/1492/67 2081/1493/67 2082/1494/67 2083/1495/67 2087/1496/67 2088/1497/67 2089/1498/67 2090/1499/67 2091/1500/67 2092/1501/67 2093/1502/67 2094/1503/67 2095/1504/67 2071/1505/67 2072/1506/67 2073/1507/67 2074/1508/67 2075/1509/67 2076/1510/67 2077/1511/67 2069/1512/67 2096/1513/67
f 3456/1514/453 3457/1515/454 3448/1516/455 3447/1517/456
f 4225/1059/253 3969/1058/252 3968/1518/457 4224/1519/458
f 4421/1520/459 4430/1521/459 4422/1522/8 4413/1523/8
f 2949/1524/369 2950/1525/370 2887/1526/371 2886/1527/460
f 4902/1528/461 4901/1529/462 4710/1530/463 4709/1531/464
f 3754/1532/465 3763/1533/465 3764/1534/466 3755/1535/466
f 4564/1536/467 4565/1537/468 4502/1538/469 4501/1539/467
f 2931/1540/470 2932/1541/471 2869/1542/471 2868/1543/470
f 3257/1544/472 3249/1545/160 3186/1546/160 3194/1547/472
f 3682/1548/473 3681/1549/474 3601/1550/475 3600/1551/476
f 298/1552/340 299/1553/340 290/1554/41
f 296/1555/443 299/1556/299 297/1557/342
f 294/1558/343 299/1559/344 295/1560/301
f 292/1561/345 299/1562/346 293/1563/344
f 290/1564/41 299/1565/41 291/1566/347
f 293/1563/348 299/1567/344 294/1558/343
f 291/1566/345 299/1568/346 292/1561/345
f 295/1560/443 299/1569/299 296/1555/443
f 297/1557/444 299/1570/340 298/1552/340
f 469/1571/477 478/1572/352 479/1573/92 470/1574/92
f 214/1575/478 215/1576/479 206/1577/480 205/1578/481
f 1/1579/28 12/1580/28 302/1581/28 303/1582/28 300/1583/28
f 306/1584/28 7/1585/28 6/1586/28 304/1587/28 305/1588/28
f 2897/1589/67 2898/1590/482 2835/1591/482 2834/1592/67
f 435/1593/67 427/941/67 462/940/67 454/1594/67 455/1595/67 456/1596/67 457/1597/67 458/936/67 422/935/67 426/932/67 432/931/67 433/1598/67 434/1599/67
f 3122/1600/483 3121/1601/484 3130/1602/484 3131/1603/483
f 328/1604/221 329/1605/221 321/1606/221 322/1607/221 303/1608/221 309/1609/221 310/1610/221 311/1611/221 307/1612/221 312/1613/221 313/1614/221 314/1615/221 341/1616/221 342/1617/221 343/1618/221 344/1619/221 345/1620/221 346/1621/221 347/1622/221 339/1623/221 340/1624/221 331/1625/221 332/1626/221 333/1627/221 334/1628/221 335/1629/221 308/1630/221 301/1631/221 300/1632/221 323/1633/221 324/1634/221 325/1635/221 326/1636/221 327/1637/221
f 338/1638/221 330/1639/221 331/1625/221 340/1624/221 341/1616/221 314/1615/221 315/1640/221 316/1641/221 317/1642/221 318/1643/221 319/1644/221 320/1645/221 312/1613/221 307/1612/221 308/1630/221 335/1629/221 336/1646/221 337/1647/221
f 1272/1648/485 1264/1649/486 1201/1650/486 1209/1651/445
f 394/1652/487 393/1653/488 312/1654/488 320/1655/489
f 533/1656/119 534/1657/10 507/1658/159 506/1659/119
f 1852/1660/490 1851/1661/491 1860/1662/491 1861/1663/492
f 814/1664/422 815/1665/423 806/1666/424 805/1667/425
f 3682/1668/493 3683/1669/494 3656/1670/495 3655/1671/496
f 4924/1672/497 4923/1673/498 4724/1674/499 4723/1675/500
f 2108/1676/501 2099/1677/502 2098/1678/424 2107/1679/503
f 4425/1680/221 4424/1681/221 4437/1682/221 4438/1683/221 4439/1684/221
f 1306/1685/504 1305/1686/505 1124/1687/506 1123/1688/507
f 623/1689/193 650/1690/194 642/1691/28 615/1692/28
f 3516/1693/508 3415/1694/509 3414/1695/510 3515/1696/511
f 2355/1697/512 2354/1698/513 2996/1699/514 2997/1700/515
f 1651/1701/225 1650/1702/225 2951/1703/225 2952/1704/225 2953/1705/225
f 2990/1706/516 2981/1707/516 2980/1708/168 2989/1709/168
f 3864/1710/89 3863/1711/33 3872/1712/33 3873/1713/517
f 1474/1714/518 1473/1715/519 1482/1716/519 1483/1717/518
f 2548/1718/520 2428/1719/521 2427/1720/522 2547/1721/523
f 363/1722/221 362/1723/221 361/1724/221 360/1725/221 359/1726/221 358/1727/221 357/1728/221 365/1729/221 364/1730/221
f 371/1731/221 372/1732/221 373/1733/221 374/1734/221 366/1735/221 367/1736/221 368/1737/221 369/1738/221 370/1739/221
f 381/1740/221 382/1741/221 383/1742/221 375/1743/221 376/1744/221 377/1745/221 378/1746/221 379/1747/221 380/1748/221
f 1929/1749/450 1928/1750/451 1937/1751/524 1938/1752/450
f 2113/1753/525 2104/1754/526 2103/1755/527 2112/1756/528
f 3421/1757/529 3312/1758/529 3311/1759/530 3422/1760/531
f 847/1761/532 846/1762/533 855/1763/533 856/1764/534
f 853/1765/535 852/1766/242 861/1767/245 862/1768/535
f 2047/1769/536 2048/1770/537 2021/1771/538 2020/1772/539
f 2043/981/218 2035/1773/67 2008/1774/67 2016/982/218
f 3443/1775/540 3380/1776/540 3379/1777/541 3442/1778/508
f 2268/1779/249 2241/1780/249 2240/1781/194 2267/1782/193
f 4535/1783/542 4536/1784/543 4473/1785/543 4472/1786/542
f 941/1787/544 685/1788/545 684/1789/546 940/1790/547
f 3001/1791/548 3000/1792/549 3013/1793/550 3014/1794/548
f 4740/1795/551 4739/1796/552 4748/1797/553 4749/1798/554
f 1293/1799/555 1292/1800/556 1119/1801/557 1118/1802/558
f 522/1803/559 521/1804/560 441/1805/561 440/1806/562
f 2611/1807/563 2602/1808/564 2601/1809/565 2610/1810/566
f 2280/1811/567 2253/1812/567 2252/1813/409 2279/1814/409
f 759/1815/568 668/1816/569 667/1817/330 760/1818/570
f 2382/1819/571 2302/1820/415 2301/1821/572 2383/1822/573
f 4065/1823/160 4064/1824/160 4056/1825/160 4073/1826/160
f 97/1827/391 160/1828/391 152/1829/221 89/1830/221
f 1583/1831/574 1584/1832/575 1521/1833/576 1520/1834/574
f 4917/1835/577 4916/1836/578 4713/1837/579 4712/1838/580
f 3130/1839/581 3139/1840/582 3140/1841/583 3131/1842/584
f 2564/1843/585 2565/1844/586 2556/1845/587 2555/1846/588
f 2960/1847/589 2626/1848/590 2625/1849/591 2959/1850/592
f 902/1851/593 782/1852/593 781/1853/160 901/1854/160
f 1139/1855/594 1130/1856/594 1129/1857/28 1138/1858/28
f 414/1859/277 415/1860/595 388/1861/595 387/1862/278
f 2939/1863/596 2940/1864/597 2877/1865/598 2876/1866/596
f 1832/1867/599 1750/1868/599 1749/1869/160 1831/1870/160
f 4223/1871/600 3967/1872/601 3966/1873/602 4222/1874/602
f 2062/1875/32 2063/1876/32 1950/1877/32 1949/1878/32
f 3690/1879/603 3691/1880/604 3664/1881/605 3663/1882/603
f 1507/1474/449 1381/1473/448 1380/1883/606 1506/1884/607
f 3807/1885/608 3806/1886/318 3724/1887/321 3723/1888/609
f 4544/1889/610 4543/1890/611 4364/1891/612 4363/1892/613
f 4208/1893/614 4209/1894/615 4200/1895/616 4199/1896/617
f 586/1897/618 577/1898/619 576/1899/620 585/1900/621
f 2045/822/163 2046/1901/622 2019/1902/622 2018/823/163
f 284/1903/623 285/1904/624 276/1905/625 275/1906/626
f 1814/1907/627 1813/825/164 1822/828/164 1823/1908/491
f 3166/1909/8 3167/1910/8 3159/1911/8 3160/1912/8 3161/1913/8 3162/1914/8 3163/1915/8 3164/1916/8 3165/1917/8
f 2524/1918/628 2525/1919/356 2516/1920/359 2515/1921/628
f 1594/1922/629 1595/1923/184 1532/1924/184 1531/1925/630
f 430/1926/67 431/930/67 450/929/67 451/944/67 429/943/67
f 4892/1927/631 4891/1928/632 4693/1929/632 4701/1930/633
f 2992/1931/110 2983/1932/110 2982/1933/148 2991/1934/634
f 160/1828/391 97/1827/391 96/1935/635 159/1936/636
f 4581/1937/637 4580/1938/638 4399/1939/639 4398/1940/640
f 4207/1941/641 4206/1942/642 4215/1943/642 4216/1944/641
f 4885/1945/643 4884/1946/644 4691/1947/645 4690/1948/646
f 2590/1393/265 2581/1392/417 2580/1949/160 2589/1950/160
f 2495/1951/479 2487/1952/628 2478/1953/628 2486/1954/480
f 4173/1955/647 4174/1956/364 4165/1957/366 4164/1958/376
f 3793/1959/648 3792/1960/649 3711/1961/649 3719/1962/650
f 2631/1963/651 2965/1964/652 2957/1965/653 2623/1966/653
f 1800/1967/654 1737/1968/654 1736/1969/655 1799/1970/655
f 476/1971/67 475/1972/67 474/1973/67 473/1974/67 472/1975/67 480/1976/67 479/1977/67 478/1978/67 477/1979/67
f 484/1980/67 485/1981/67 486/1982/67 487/1983/67 488/1984/67 489/1985/67 481/1986/67 482/1987/67 483/1988/67
f 1282/1989/656 1283/1990/371 1220/1991/371 1219/1992/656
f 2891/1993/574 2892/1994/576 2829/1995/576 2828/1996/657
f 1729/1997/297 1720/1998/297 1719/1999/658 1728/2000/658
f 505/2001/67 506/2002/67 507/2003/67 499/2004/67 500/2005/67 501/2006/67 502/2007/67 503/2008/67 504/2009/67
f 3709/2010/166 3822/2011/659 3289/2012/660 3288/2013/660
f 3720/2014/33 3721/2015/33 3722/2016/33 3708/2017/33 3706/2018/33 3741/2019/33 3742/2020/33 3743/2021/33 3744/2022/33 3745/2023/33 3746/2024/33 3725/2025/33 3726/2026/33 3727/2027/33 3728/2028/33
f 4224/1519/458 3968/1518/457 3967/1872/601 4223/1871/600
f 4454/2029/661 4346/2030/662 4345/2031/663 4453/2032/664
f 2788/2033/594 2779/2034/594 2778/2035/665 2787/2036/665
f 3143/2037/666 3017/2038/667 3016/2039/668 3142/2040/669
f 4171/2041/614 4172/2042/615 4163/2043/616 4162/2044/617
f 2961/2045/670 2627/2046/671 2626/1848/590 2960/1847/589
f 3698/2047/672 3697/2048/673 3621/2049/674 3620/2050/662
f 3288/2051/97 3287/2052/97 3708/2053/97 3709/2054/97
f 3937/2055/675 4264/2056/675 3824/2057/675 3823/2058/675
f 4589/2059/676 4588/2060/677 4409/2061/678 4408/2062/679
f 4914/2063/680 4915/1127/288 4852/1128/288 4851/2064/680
f 4919/2065/681 4920/2066/682 4857/2067/683 4856/2068/684
f 1300/2069/685 1308/2070/686 1121/2071/687 1120/2072/688
f 2274/2073/441 2247/2074/689 2246/2075/439 2273/2076/439
f 2902/2077/690 2901/2078/691 2722/2079/692 2721/2080/590
f 4137/2081/693 4136/2082/367 4145/2083/367 4146/2084/693
f 2909/2085/404 2910/2086/694 2847/2087/694 2846/2088/404
f 1318/2089/695 984/2090/696 983/2091/697 1317/2092/698
f 1638/2093/699 1637/2094/700 1442/2095/701 1441/2096/702
f 396/2097/703 397/2098/595 370/2099/595 369/2100/278
f 2165/2101/704 2164/2102/705 2082/2103/706 2081/2104/707
f 2917/2105/708 2916/1426/432 2743/1429/434 2742/2106/709
f 4573/2107/683 4574/2108/681 4511/2109/681 4510/2110/682
f 352/2111/710 343/2112/711 342/2113/712 351/2114/713
f 3247/2115/446 3248/2116/445 3185/2117/445 3184/2118/446
f 410/2119/714 409/2120/715 323/2121/716 322/2122/717
f 4538/2123/718 4530/2124/719 4467/2125/719 4475/2126/718
f 3268/1377/411 3269/2127/598 3206/2128/720 3205/1378/411
f 1853/2129/721 1852/1660/490 1861/1663/492 1862/2130/722
f 520/2131/723 521/2132/168 494/2133/168 493/2134/516
f 1621/2135/724 1620/2136/725 1423/2137/726 1422/2138/727
f 3121/1601/484 3120/2139/728 3129/2140/729 3130/1602/484
f 1253/2141/730 1254/2142/314 1191/2143/314 1190/2144/731
f 4787/1327/394 4796/1326/394 4797/2145/732 4788/2146/733
f 4864/2147/734 4865/2148/735 4802/2149/736 4801/2150/734
f 409/2120/715 408/2151/737 324/2152/738 323/2121/716
f 2946/2153/739 2945/2154/700 2768/2155/701 2767/2156/740
f 2050/2157/741 2049/2158/742 1967/2159/743 1966/2160/646
f 1322/2161/744 988/2162/745 987/2163/746 1321/2164/747
f 2586/2165/748 2330/2166/749 2329/2167/750 2585/2168/751
f 2212/2169/221 2213/2170/221 2192/2171/221 2193/2172/221 2185/2173/221 2186/2174/221 2187/2175/221 2188/2176/221 2189/2177/221 2190/2178/221 2203/2179/221 2204/2180/221 2205/2181/221 2206/2182/221 2207/2183/221 2208/2184/221 2209/2185/221 2210/2186/221 2211/2187/221 2195/2188/221 2196/2189/221 2197/2190/221 2198/2191/221 2199/2192/221 2200/2193/221 2201/2194/221 1947/2195/221 1946/2196/221 2180/2197/221 2178/2198/221 2181/2199/221 2182/2200/221 2219/2201/221 2220/2202/221
f 3384/2203/221 3385/2204/221 3397/2205/221 3398/2206/221 3399/2207/221 3391/2208/221 3392/2209/221 3393/2210/221 3394/2211/221 3388/2212/221 3389/2213/221 3390/2214/221 3382/2215/221 3383/2216/221
f 1747/2217/332 1695/2218/752 1694/2219/173 1748/2220/173
f 3563/2221/160 3564/2222/160 3556/2223/160 3557/2224/160 3558/2225/160 3550/2226/160 3549/2227/160 3548/2228/160 3547/2229/160 3555/2230/160 3554/2231/160 3553/2232/160 3552/2233/160 3561/2234/160 3562/2235/160
f 470/1574/92 479/1573/92 480/2236/84 471/2237/84
f 558/2238/160 559/2239/160 560/2240/160 552/2241/160 305/2242/160 304/2243/160 538/2244/160 536/2245/160 539/2246/160 551/2247/160 543/2248/160 544/2249/160 545/2250/160 546/2251/160 547/2252/160 548/2253/160 549/2254/160 550/2255/160 572/2256/160 573/2257/160 574/2258/160 569/2259/160 561/2260/160 562/2261/160 563/2262/160 564/2263/160 565/2264/160 566/2265/160 567/2266/160 556/2267/160 557/2268/160
f 3100/2269/753 3099/2270/754 3108/2271/755 3109/2272/756
f 3531/2273/214 3530/2274/215 3539/2275/215 3540/2276/214
f 1994/2277/757 2003/2278/758 2004/2279/567 1995/2280/759
f 2958/2281/760 2624/2282/761 2623/1966/653 2957/1965/653
f 2456/2283/762 2457/2284/763 2448/2285/764 2447/2286/765
f 2566/2287/766 2567/2288/762 2558/2289/767 2557/2290/768
f 3370/2291/529 3361/2292/529 3360/2293/530 3369/2294/769
f 1482/2295/770 1491/2296/771 1492/2297/772 1483/2298/773
f 4131/2299/774 4132/2300/775 4123/2301/646 4122/2302/776
f 230/2303/186 129/2304/777 128/2305/187 229/2306/778
f 2938/2307/779 2939/1863/596 2876/1866/596 2875/2308/177
f 2808/2309/780 2700/2310/781 2699/2311/433 2807/2312/433
f 4601/2313/782 4610/2314/783 4611/2315/784 4602/2316/785
f 3554/2317/540 3434/2318/540 3433/2319/508 3553/2320/508
f 2941/2321/411 2933/2322/28 2870/2323/28 2878/2324/411
f 1893/2325/423 1894/2326/786 1885/2327/787 1884/2328/424
f 1170/2329/788 1062/2330/613 1061/2331/789 1169/2332/790
f 3818/2333/791 3817/2334/792 3731/2335/793 3730/2336/794
f 191/2337/161 109/2338/161 108/2339/162 190/2340/162
f 604/2341/160 605/2342/160 597/2343/160 598/2344/160 599/2345/160 600/2346/160 601/2347/160 602/2348/160 603/2349/160
f 2045/1297/364 2044/2350/365 1963/2351/365 1971/1298/366
f 609/2352/160 610/2353/160 611/2354/160 612/2355/160 613/2356/160 614/2357/160 606/2358/160 607/2359/160 608/2360/160
f 618/2361/160 619/2362/160 620/2363/160 621/2364/160 622/2365/160 623/2366/160 615/2367/160 616/2368/160 617/2369/160
f 2937/2370/176 2938/2307/779 2875/2308/177 2874/2371/178
f 4784/2372/795 4793/2373/795 4794/2374/796 4785/2375/796
f 1913/2376/797 1793/2377/797 1792/2378/798 1912/2379/799
f 532/2380/800 533/1656/119 506/1659/119 505/2381/801
f 1257/2382/182 1258/2383/183 1195/2384/184 1194/2385/185
f 2161/2386/92 2162/1247/350 2135/1250/352 2134/2387/802
f 632/2388/803 548/2389/804 624/2390/656
f 624/2391/656 548/2392/804 547/2393/344
f 624/2391/656 547/2393/344 625/2394/344
f 625/2394/344 547/2393/344 546/2395/805
f 625/2394/344 546/2395/805 626/2396/806
f 626/2396/806 546/2395/805 545/2397/341
f 626/2396/806 545/2397/341 627/2398/341
f 627/2398/341 545/2397/341 544/2399/301
f 627/2398/341 544/2399/301 628/2400/299
f 628/2400/299 544/2399/301 543/2401/486
f 628/2400/299 543/2401/486 629/2402/807
f 629/2402/807 543/2401/486 551/2403/807
f 629/2402/807 551/2403/807 630/2404/808
f 630/2404/808 551/2403/807 550/2405/808
f 630/2404/808 550/2405/808 631/2406/804
f 631/2406/804 550/2405/808 549/2407/803
f 631/2406/804 549/2407/803 632/2388/803
f 632/2388/803 549/2407/803 548/2389/804
f 743/1202/332 657/1201/331 656/2408/173 744/2409/173
f 924/2410/314 923/2411/809 932/2412/316 933/2413/810
f 2688/2414/221 2687/2415/221 2692/2416/221 2694/2417/221 2693/2418/221
f 1989/2419/811 1998/2420/812 1990/2421/602 1981/2422/602
f 1284/2423/369 1285/2424/813 1222/2425/814 1221/2426/369
f 541/2427/32 540/2428/32 67/2429/32 66/2430/32
f 2549/2431/815 2429/2432/815 2428/1719/521 2548/1718/520
f 641/2433/803 557/2434/804 633/2435/656
f 633/2436/656 557/2437/804 556/2438/344
f 633/2436/656 556/2438/344 634/2439/805
f 634/2439/805 556/2438/344 555/2440/805
f 634/2439/805 555/2440/805 635/2441/344
f 635/2441/344 555/2440/805 554/2442/341
f 635/2441/344 554/2442/341 636/2443/341
f 636/2443/341 554/2442/341 553/2444/299
f 636/2443/341 553/2444/299 637/2445/299
f 637/2445/299 553/2444/299 552/2446/486
f 637/2445/299 552/2446/486 638/2447/807
f 638/2447/807 552/2446/486 560/2448/807
f 638/2447/807 560/2448/807 639/2449/808
f 639/2449/808 560/2448/807 559/2450/808
f 639/2449/808 559/2450/808 640/2451/804
f 640/2451/804 559/2450/808 558/2452/816
f 640/2451/804 558/2452/816 641/2433/803
f 641/2433/803 558/2452/816 557/2434/804
f 3089/2453/817 3088/2454/818 3097/2455/818 3098/2456/819
f 797/808/156 734/807/155 733/2457/820 796/2458/821
f 4534/2459/822 4535/1783/542 4472/1786/542 4471/2460/822
f 724/2461/658 706/2462/658 705/2463/823 723/2464/824
f 4587/2465/825 4588/2466/826 4525/2467/826 4524/2468/827
f 650/2469/803 566/2470/804 642/2471/656
f 642/2472/656 566/2473/804 565/2474/344
f 642/2472/656 565/2474/344 643/2475/806
f 643/2475/806 565/2474/344 564/2476/805
f 643/2475/806 564/2476/805 644/2477/344
f 644/2477/344 564/2476/805 563/2478/341
f 644/2477/344 563/2478/341 645/2479/341
f 645/2479/341 563/2478/341 562/2480/299
f 645/2479/341 562/2480/299 646/2481/299
f 646/2481/299 562/2480/299 561/2482/486
f 646/2481/299 561/2482/486 647/2483/807
f 647/2483/807 561/2482/486 569/2484/807
f 647/2483/807 569/2484/807 648/2485/808
f 648/2485/808 569/2484/807 568/2486/808
f 648/2485/808 568/2486/808 649/2487/804
f 649/2487/804 568/2486/808 567/2488/816
f 649/2487/804 567/2488/816 650/2469/803
f 650/2469/803 567/2488/816 566/2470/804
f 3090/2489/828 3089/2453/817 3098/2456/819 3099/2490/265
f 708/2491/33 654/2492/33 652/2493/33 651/2494/33 660/2495/33 661/2496/33 662/2497/33 663/2498/33 655/2499/33 656/2500/33 716/2501/33 717/2502/33 709/2503/33 706/2504/33 707/2505/33
f 4453/2506/158 4462/2507/158 4463/2508/829 4454/2509/157
f 4131/2510/830 4130/2511/831 4139/2512/831 4140/2513/832
f 233/2514/635 132/2515/635 131/2516/833 232/2517/833
f 690/2518/33 682/2519/33 683/2520/33 712/2521/33 713/2522/33 670/2523/33 671/2524/33 688/2525/33 689/2526/33
f 1271/2527/834 1270/2528/835 1087/2529/836 1086/2530/837
f 4562/2531/838 4561/2532/839 4382/2533/840 4381/2534/841
f 509/2535/110 510/2536/148 483/2537/69 482/2538/110
f 3441/2539/510 3378/2540/510 3377/2541/842 3440/2542/842
f 1555/2543/33 1556/2544/33 1557/2545/33 1558/2546/33 1559/2547/33 1560/2548/33 1561/2549/33 1553/2550/33 1554/2551/33
f 664/2552/33 665/2553/33 666/2554/33 667/2555/33 668/2556/33 669/2557/33 670/2523/33 713/2522/33 714/2558/33 673/2559/33 674/2560/33 675/2561/33 676/2562/33 677/2563/33 678/2564/33 679/2565/33 680/2566/33 681/2567/33 697/2568/33 698/2569/33 699/2570/33 691/2571/33 692/2572/33 693/2573/33 694/2574/33 695/2575/33 715/2576/33 716/2501/33 656/2500/33 657/2577/33 658/2578/33 659/2579/33 660/2495/33 651/2494/33 537/2580/33 535/2581/33 423/2582/33 421/2583/33 420/2584/33 654/2492/33 708/2491/33 700/2585/33 701/2586/33 702/2587/33 703/2588/33 704/2589/33 705/2590/33 706/2504/33 709/2503/33 710/2591/33 711/2592/33 712/2521/33 683/2520/33 684/2593/33 685/2594/33 686/2595/33 687/2596/33 688/2525/33 671/2524/33 672/2597/33
f 2483/2598/33 2474/2599/33 2473/2600/33 2482/2601/33
f 3245/2602/843 3244/2603/844 3047/2604/845 3046/2605/846
f 3269/2127/598 3270/2606/596 3207/2607/596 3206/2128/720
f 830/2608/847 748/2609/848 747/2610/849 829/2611/850
f 2472/2612/851 2390/2613/851 2389/2614/852 2471/2615/852
f 4204/2616/831 4203/2617/67 4212/2618/67 4213/2619/831
f 4625/2620/853 4634/2621/466 4626/2622/28 4617/2623/28
f 3688/2624/854 3689/2625/855 3662/2626/856 3661/2627/857
f 3266/2628/858 3265/2629/859 3062/2630/860 3061/2631/861
f 3371/2632/862 3362/2633/862 3361/2292/529 3370/2291/529
f 1444/2634/33 1436/2635/33 1431/2636/33 1432/2637/33 1362/2638/33 1361/2639/33 1360/2640/33 1372/2641/33 1374/2642/33 1375/2643/33 1376/2644/33 1377/2645/33 1378/2646/33 1439/2647/33 1440/2648/33 1441/2649/33 1442/2650/33 1443/2651/33
f 393/2652/488 401/2653/714 313/2654/717 312/2655/488
f 3752/2656/863 3761/2657/864 3762/2658/865 3753/2659/866
f 725/2660/33 724/2661/33 723/2662/33 732/2663/33 733/2664/33 734/2665/33 735/2666/33 727/2667/33 719/2668/33 718/2669/33 726/2670/33
f 7/2671/160 306/2672/160 1008/2673/160 1007/2674/160 1309/2675/160 8/2676/160
f 138/2677/416 27/2678/415 26/2679/867 139/2680/573
f 720/2681/33 719/2668/33 727/2667/33 728/2682/33 729/2683/33 730/2684/33 731/2685/33 732/2663/33 723/2662/33 722/2686/33 721/2687/33
f 871/2688/868 770/2689/155 769/2690/821 870/2691/821
f 1051/2692/28 1052/2693/28 1054/2694/28 1053/2695/28
f 751/2696/33 752/2697/33 737/2698/33 738/2699/33 739/2700/33 740/2701/33 741/2702/33 742/2703/33 743/2704/33 744/2705/33 747/2706/33 748/2707/33 749/2708/33 750/2709/33
f 4870/2710/869 4869/2711/870 4670/2712/871 4669/2713/872
f 1648/2714/33 1649/2715/33 1661/2716/33 1662/2717/33 1663/2718/33 1655/2719/33 1656/2720/33 1657/2721/33 1658/2722/33 1659/2723/33 1660/2724/33 1664/2725/33 1665/2726/33 1666/2727/33 1667/2728/33 1668/2729/33 1669/2730/33 1670/2731/33 1671/2732/33 1672/2733/33 1654/2734/33 1643/2735/33 1644/2736/33 1645/2737/33 1646/2738/33 1647/2739/33
f 3074/2740/8 3075/2741/8 3076/2742/8 3077/2743/8 3069/2744/8 3070/2745/8 3064/2746/8 3065/2747/8 3066/2748/8 3007/2749/8 3006/2750/8 3005/2751/8 3004/2752/8 3003/2753/8 3084/2754/8 3085/2755/8 3086/2756/8 3078/2757/8 3079/2758/8 3080/2759/8 3081/2760/8 3082/2761/8 3020/2762/8 3021/2763/8 3022/2764/8 3023/2765/8 3015/2766/8 3016/2767/8 3032/2768/8 3024/2769/8 3025/2770/8 3026/2771/8 3027/2772/8 3028/2773/8 3033/2774/8 3034/2775/8 3094/2776/8 3095/2777/8 3087/2778/8 3088/2779/8 3089/2780/8 3090/2781/8 3071/2782/8 3072/2783/8 3073/2784/8
f 3565/2785/28 3573/2786/873 3582/2787/874 3574/2788/28
f 1949/2789/656 1953/2790/656 2617/2791/656 2616/2792/656
f 212/2793/435 213/2794/436 204/2795/437 203/2796/438
f 3118/2797/8 3119/2798/8 3107/2799/8 3106/2800/8
f 1869/2801/599 1768/2802/599 1767/2803/160 1868/2804/160
f 1592/2805/875 1593/2806/876 1530/2807/877 1529/2808/878
f 763/2809/33 764/2810/33 762/2811/33 754/2812/33 755/2813/33 756/2814/33 757/2815/33 758/2816/33 759/2817/33 760/2818/33 765/2819/33 766/2820/33 767/2821/33 768/2822/33 769/2823/33 770/2824/33 771/2825/33
f 4730/2826/879 4729/2827/8 4738/2828/8 4739/2829/879
f 3499/2830/880 3498/2831/881 3507/2832/882 3508/2833/873
f 4114/2834/883 4032/2835/883 4031/2836/884 4113/2837/884
f 1690/2838/4 1953/2839/4 1952/2840/4 1691/2841/4
f 4375/2842/221 4376/2843/221 4368/2844/221 4369/2845/221 4370/2846/221 4371/2847/221 4414/2848/221 4415/2849/221 4416/2850/221 4359/2851/221 4360/2852/221 4361/2853/221 4362/2854/221 4363/2855/221 4364/2856/221 4326/2857/221 4325/2858/221 4324/2859/221 4385/2860/221 4377/2861/221 4378/2862/221 4372/2863/221 4373/2864/221 4374/2865/221
f 1285/2424/813 1286/2866/885 1223/2867/886 1222/2425/814
f 1995/2868/759 2004/2869/567 2005/2870/887 1996/2871/887
f 690/2872/888 946/2873/889 938/2874/890 682/2875/890
f 4009/2876/891 3991/2877/891 3990/2878/892 4008/2879/893
f 2351/2880/28 2359/2881/894 3001/2882/894 2993/2883/28
f 1300/2884/225 1301/2885/471 1238/2886/471 1237/2887/225
f 2058/2888/895 2059/2889/896 2032/2890/896 2031/2891/595
f 4168/2892/897 4167/2893/831 4176/2894/831 4177/2895/832
f 3679/2896/673 3678/2897/898 3604/2898/899 3603/2899/674
f 4540/2900/900 4539/2901/16 4359/2902/16 4367/2903/901
f 810/2904/532 809/2905/533 818/2906/533 819/2907/534
f 208/2908/356 209/2909/357 200/2910/358 199/2911/359
f 1286/2866/885 1287/2912/902 1224/2913/903 1223/2867/886
f 1630/2914/904 1629/2915/905 1432/2916/545 1431/2917/906
f 2109/2918/907 2118/2919/170 2119/2920/168 2110/2921/168
f 2153/2922/908 2154/2923/351 2127/2924/351 2126/2925/352
f 1626/2926/909 1627/2927/910 1564/2928/911 1563/2929/909
f 4908/2930/912 4900/2931/913 4837/2932/913 4845/2933/912
f 4335/2934/8 4336/2935/8 4338/2936/8 4337/2937/8
f 2898/1590/482 2899/2938/914 2836/2939/915 2835/1591/482
f 3573/2786/873 3572/2940/881 3581/2941/881 3582/2787/874
f 654/2942/916 420/2943/916 307/2944/917 974/2945/918
f 1263/2946/482 1255/2947/67 1192/2948/67 1200/2949/482
f 245/2950/356 246/2951/357 237/2952/358 236/2953/359
f 5/2954/8 6/2955/8 7/778/8 19/799/8 20/2956/8 21/2957/8 13/2958/8 14/2959/8 15/795/8 4/794/8
f 790/2960/8 798/2961/8 797/2962/8 796/2963/8 806/2964/8 807/2965/8 799/2966/8 800/2967/8 801/2968/8 791/2969/8
f 3454/2970/307 3455/2971/308 3446/2972/309 3445/2973/307
f 632/2974/193 605/2975/193 604/2976/249 631/2977/919
f 2931/2978/920 2930/2979/921 2747/2980/425 2746/2981/922
f 848/2982/923 847/1761/532 856/1764/534 857/2983/924
f 526/2984/160 527/2985/110 500/2986/110 499/2987/160
f 885/2988/923 884/2989/925 893/2990/534 894/2991/926
f 3114/2992/221 3122/1600/483 3131/1603/483 3123/2993/221
f 4913/2994/927 4912/2995/928 4717/2996/929 4716/2997/930
f 3280/2998/931 3281/2999/932 3218/3000/932 3217/3001/931
f 467/3002/933 458/3003/934 457/3004/935 466/3005/936
f 4430/1521/459 4421/1520/459 4420/3006/937 4429/3007/938
f 1455/3008/939 1454/3009/940 1463/3010/940 1464/3011/941
f 1626/3012/942 1625/3013/943 1427/3014/943 1435/3015/944
f 1846/3016/8 1837/3017/8 1836/3018/8 1845/3019/8
f 3423/3020/945 3310/3021/946 3309/3022/947 3424/3023/947
f 2802/3024/948 2803/3025/949 2794/3026/950 2793/3027/951
f 812/3028/471 811/3029/923 820/3030/952 821/3031/316
f 3535/3032/953 3536/3033/954 3527/3034/955 3526/3035/361
f 3252/1305/378 3251/3036/956 3058/3037/957 3057/1306/379
f 4132/3038/642 4131/2510/830 4140/2513/832 4141/3039/642
f 825/3040/958 826/3041/958 817/3042/4
f 823/3043/659 826/3044/167 824/3045/959
f 821/3046/960 826/3047/961 822/3048/166
f 819/3049/962 826/3050/803 820/3051/917
f 817/3052/4 826/3053/4 818/3054/804
f 820/3051/961 826/3055/961 821/3046/960
f 818/3054/963 826/3056/803 819/3049/962
f 822/3048/660 826/3057/167 823/3043/659
f 824/3045/964 826/3058/958 825/3040/958
f 653/3059/965 539/3060/816 651/3061/962 652/3062/962
f 1006/3063/67 1007/3064/67 1008/3065/67 542/3066/67 541/3067/67 66/3068/67 65/3069/67 1009/3070/67 1010/3071/67 999/3072/67 1000/3073/67 1001/3074/67 1002/3075/67 50/3076/67 49/3077/67 310/3078/67 309/3079/67 1003/3080/67 1004/3081/67 1005/3082/67
f 4886/3083/542 4887/3084/822 4824/3085/966 4823/3086/542
f 421/3087/167 423/3088/167 422/3089/166 308/3090/165
f 4560/1130/290 4561/809/157 4498/812/157 4497/1131/291
f 2272/3091/887 2245/3092/967 2244/3093/567 2271/3094/968
f 4878/3095/969 4879/3096/970 4816/3097/970 4815/3098/969
f 2418/3099/571 2320/3100/415 2319/3101/572 2419/3102/573
f 2609/3103/971 2600/3104/971 2599/1120/284 2608/1119/283
f 528/3105/972 527/3106/973 453/3107/526 452/3108/974
f 1346/3109/223 1337/3110/975 1336/3111/222 1345/3112/222
f 1213/3113/8 1214/3114/8 1215/3115/8 1216/3116/8 1217/3117/8 1218/3118/8 1210/3119/8 1211/3120/8 1212/3121/8
f 4243/3122/160 4244/3123/160 4245/3124/160 4246/3125/160 4247/3126/160 4248/3127/160 4240/3128/160 4241/3129/160 4242/3130/160
f 1876/3131/797 1775/3132/797 1774/3133/798 1875/3134/976
f 4455/3135/977 4347/3136/978 4346/2030/662 4454/2029/661
f 3227/3137/979 3226/3138/980 3029/3139/981 3028/3140/982
f 3637/3141/983 3628/3142/984 3627/3143/985 3636/3144/986
f 172/3145/270 171/3146/987 180/3147/162 181/3148/270
f 1595/3149/988 1594/3150/690 1395/3151/590 1394/3152/989
f 1503/3153/990 1512/3154/991 1513/3155/992 1504/3156/992
f 3254/3157/993 3255/3158/994 3192/3159/995 3191/3160/993
f 923/2411/809 922/3161/923 931/3162/952 932/2412/316
f 2909/3163/996 2908/3164/997 2733/3165/998 2732/3166/999
f 3384/3167/862 3342/3168/862 3341/3169/529 3385/3170/529
f 862/3171/959 863/3172/958 854/3173/4
f 860/3174/659 863/3175/167 861/3176/807
f 858/3177/960 863/3178/961 859/3179/166
f 856/3180/962 863/3181/803 857/3182/917
f 854/3183/4 863/3184/4 855/3185/804
f 857/3182/961 863/3186/961 858/3177/960
f 855/3185/804 863/3187/803 856/3180/962
f 859/3179/660 863/3188/167 860/3174/659
f 861/3176/964 863/3189/958 862/3171/959
f 3871/3190/1000 3862/3191/1001 3861/3192/1002 3870/3193/1003
f 4225/1383/410 4234/1382/410 4235/3194/409 4226/3195/1004
f 4156/3196/339 4055/3197/339 4054/3198/1005 4155/3199/1006
f 3696/3200/517 3697/3201/854 3670/3202/854 3669/3203/517
f 3565/3204/307 3566/3205/308 3557/3206/309 3556/3207/307
f 3094/3208/1007 3093/3209/283 3102/3210/1008 3103/3211/1007
f 4440/3212/16 4441/3213/1009 4432/3214/1010 4431/3215/16
f 212/3216/1011 211/3217/1012 220/3218/1013 221/3219/1014
f 1943/3220/1015 2066/3221/807 1645/3222/958 1644/3223/1015
f 876/3224/8 868/3225/8 867/3226/8 866/3227/8 865/3228/8 864/3229/8 873/3230/8 874/3231/8 875/3232/8
f 3801/3233/649 3809/3234/791 3721/3235/794 3720/3236/649
f 2152/3237/1016 2151/3238/1017 2077/3239/1018 2076/3240/1019
f 3754/3241/1020 3745/3242/1021 3744/3243/1022 3753/3244/1023
f 3691/1880/604 3692/3245/494 3665/3246/494 3664/1881/605
f 2110/3247/1024 2101/3248/1025 2100/3249/1026 2109/3250/1027
f 4129/3251/365 4130/3252/1028 4121/3253/1029 4120/3254/365
f 1161/3255/1030 1162/3256/1031 1153/3257/1032 1152/3258/1033
f 3320/3259/221 3321/3260/221 3322/3261/221 3323/3262/221 3315/3263/221 3316/3264/221 3317/3265/221 3318/3266/221 3319/3267/221
f 2155/3268/412 2156/3269/222 2129/3270/1034 2128/3271/223
f 2926/3272/1035 2925/3273/1036 2752/3274/1037 2751/3275/1038
f 470/3276/1039 461/3277/1040 460/3278/1041 469/3279/1042
f 2359/2881/894 2358/3280/1043 3000/3281/1044 3001/2882/894
f 3148/3282/1045 3022/3283/1046 3021/3284/1047 3147/3285/1048
f 405/1108/277 406/3286/595 379/3287/1049 378/1109/278
f 1633/3288/411 1625/3289/28 1562/3290/28 1570/3291/411
f 899/3292/958 900/3293/958 891/3294/4
f 897/3295/659 900/3296/166 898/3297/807
f 895/3298/960 900/3299/961 896/3300/167
f 893/3301/962 900/3302/803 894/3303/917
f 891/3304/4 900/3305/4 892/3306/804
f 894/3303/961 900/3307/961 895/3298/960
f 892/3306/804 900/3308/803 893/3301/962
f 896/3300/660 900/3309/166 897/3295/659
f 898/3297/808 900/3310/958 899/3292/958
f 2906/3311/1050 2914/3312/1051 2727/3313/1052 2726/3314/1053
f 3226/3315/419 3227/3316/402 3164/3317/1054 3163/3318/419
f 301/3319/1055 424/3320/342 3/3321/340 2/3322/340
f 302/3323/8 1003/3324/8 309/3325/8 303/3326/8
f 2285/3327/193 2258/3328/194 2257/3329/28 2284/3330/28
f 1255/3331/67 1256/3332/1056 1193/3333/1056 1192/3334/67
f 2908/3335/730 2909/2085/404 2846/2088/404 2845/3336/730
f 1796/3337/1057 1733/3338/1057 1732/3339/599 1795/3340/599
f 3567/3341/453 3568/3342/454 3559/3343/455 3558/3344/456
f 2178/3345/1058 2180/3346/1058 2067/3347/1058 2068/3348/1058
f 2158/3349/1059 2157/3350/1060 2071/3351/1061 2070/3352/1062
f 3314/3353/221 3291/3354/221 3292/3355/221 3293/3356/221 3294/3357/221 3295/3358/221 3296/3359/221 3285/3360/221 3286/3361/221 3287/3362/221 3288/3363/221 3289/3364/221 3290/3365/221 3297/3366/221 3298/3367/221 3299/3368/221 3300/3369/221 3301/3370/221 3302/3371/221 3306/3372/221 3307/3373/221 3308/3374/221 3309/3375/221 3310/3376/221 3311/3377/221 3312/3378/221 3313/3379/221
f 4564/3380/1063 4563/3381/1064 4380/3382/1065 4379/3383/1066
f 1924/3384/164 1923/3385/160 1932/3386/160 1933/3387/164
f 1741/3388/296 1701/3389/296 1700/3390/297 1742/3391/1067
f 2808/3392/220 2817/3393/220 2818/3394/1068 2809/3395/1069
f 814/1045/243 813/3396/314 822/3397/1070 823/1046/244
f 3714/3398/33 3715/3399/33 3734/3400/33 3735/3401/33
f 4441/3213/1009 4442/3402/1071 4433/3403/1072 4432/3214/1010
f 4887/3084/822 4888/3404/1073 4825/3405/1074 4824/3085/966
f 755/3406/296 672/3407/296 671/3408/297 756/3409/1067
f 936/3410/958 937/3411/958 928/3412/4
f 934/3413/659 937/3414/166 935/3415/807
f 932/3416/960 937/3417/961 933/3418/167
f 930/3419/962 937/3420/803 931/3421/917
f 928/3422/4 937/3423/4 929/3424/804
f 931/3421/960 937/3425/961 932/3416/960
f 929/3424/804 937/3426/803 930/3419/962
f 933/3418/660 937/3427/166 934/3413/659
f 935/3415/808 937/3428/958 936/3410/958
f 4294/3429/221 4293/3430/221 4315/3431/221
f 1255/3432/1075 1263/3433/1076 1076/3434/1077 1075/3435/1075
f 3275/3436/1078 3274/3437/1079 3071/3438/1080 3070/3439/1081
f 2039/3440/614 2038/3441/615 1960/3442/228 1959/3443/617
f 777/3444/568 677/3445/569 676/3446/330 778/3447/330
f 3262/3448/1082 3261/3449/1083 3066/3450/1084 3065/3451/1085
f 4602/3452/1086 4268/3453/380 4267/3454/1087 4601/3455/1088
f 943/3456/1089 687/3457/1090 686/3458/1091 942/3459/1092
f 1586/1037/238 1585/3460/1093 1386/3461/1094 1385/1038/239
f 4040/3462/1095 3955/3463/891 3954/3464/893 4041/3465/893
f 2052/3466/218 2044/3467/67 2017/3468/67 2025/3469/218
f 4004/3470/1096 3986/3471/1096 3985/3472/188 4003/3473/188
f 1602/3474/1054 1603/3475/419 1540/3476/419 1539/3477/402
f 4865/3478/1097 4864/3479/1098 4666/3480/1099 4674/3481/1100
f 950/3482/33 949/3483/33 948/3484/33 947/3485/33 955/3486/33 954/3487/33 953/3488/33 952/3489/33 951/3490/33
f 3692/3245/494 3693/3491/1101 3666/3492/1102 3665/3246/494
f 4552/3493/294 4553/3494/295 4490/3495/293 4489/3496/294
f 3282/3497/1103 3283/3498/1104 3220/3499/1104 3219/3500/1103
f 2112/3501/148 2121/3502/148 2122/3503/1105 2113/3504/110
f 1596/3505/1106 1597/3506/1056 1534/3507/1056 1533/3508/182
f 1944/3509/33 2645/3510/33 1951/3511/33 1945/3512/33
f 4758/3513/1107 4757/3514/1108 4766/3515/1108 4767/3516/1109
f 970/3517/1110 961/3518/1110 960/3519/1111 969/3520/1111
f 973/3521/804 696/3522/965 965/3523/4
f 965/3524/4 696/3525/965 695/3526/807
f 965/3524/4 695/3526/807 966/3527/959
f 966/3527/959 695/3526/807 694/3528/959
f 966/3527/959 694/3528/959 967/3529/807
f 967/3529/807 694/3528/959 693/3530/660
f 967/3529/807 693/3530/660 968/3531/660
f 968/3531/660 693/3530/660 692/3532/165
f 968/3531/660 692/3532/165 969/3533/165
f 969/3533/165 692/3532/165 691/3534/97
f 969/3533/165 691/3534/97 970/3535/917
f 970/3535/917 691/3534/97 699/3536/917
f 970/3535/917 699/3536/917 971/3537/961
f 971/3537/961 699/3536/917 698/3538/961
f 971/3537/961 698/3538/961 972/3539/963
f 972/3539/963 698/3538/961 697/3540/963
f 972/3539/963 697/3540/963 973/3521/804
f 973/3521/804 697/3540/963 696/3522/965
f 985/3541/28 986/3542/28 990/3543/28 991/3544/28 653/3545/28 974/3546/28 983/3547/28 984/3548/28
f 634/3549/441 607/3550/689 606/3551/28 633/3552/28
f 792/3553/850 729/3554/850 728/3555/593 791/3556/593
f 996/3557/28 997/3558/28 998/3559/28 990/3543/28 986/3542/28 987/3560/28 988/3561/28 989/3562/28 981/3563/28 982/3564/28 983/3547/28 974/3546/28 975/3565/28 976/3566/28 977/3567/28 978/3568/28 979/3569/28 980/3570/28 653/3545/28 991/3544/28 992/3571/28 993/3572/28 994/3573/28 995/3574/28
f 2569/3575/292 2568/3576/246 2577/3577/1112 2578/3578/292
f 3256/3579/1113 3257/1544/472 3194/1547/472 3193/3580/1114
f 883/3581/199 884/3582/200 875/3583/201 874/3584/202
f 2527/3585/1115 2526/3586/1116 2535/3587/1116 2536/3588/1115
f 252/3589/479 244/3590/628 235/3591/628 243/3592/480
f 4099/3593/367 4098/953/208 4107/956/208 4108/3594/367
f 4905/3595/1117 4904/3596/1118 4707/3597/1119 4706/3598/1120
f 650/1690/194 623/1689/193 622/3599/249 649/3600/249
f 4869/1152/294 4870/3601/1121 4807/3602/1122 4806/1153/294
f 1017/3603/1123 1011/3604/1124 64/3605/1125 1025/3606/1126
f 1017/3603/1123 1012/3607/1127 1011/3604/1124
f 40/3608/1128 1018/3609/1129 41/3610/1058
f 41/3610/1058 1018/3609/1129 1019/3611/1058
f 41/3610/1058 1019/3611/1058 42/3612/225
f 42/3612/225 1019/3611/1058 1020/3613/225
f 42/3612/225 1020/3613/225 43/3614/225
f 43/3614/225 1020/3613/225 1021/3615/1130
f 43/3614/225 1021/3615/1130 44/3616/1131
f 4297/3617/1132 4300/3618/1133 4310/3619/1134 4306/3620/1135 3344/3621/1136
f 4294/3622/1137 4315/3623/1138 3348/3624/1139
f 1029/3625/1140 1021/3626/1130 1028/3627/1141
f 3381/3628/874 3444/3629/874 3436/3630/28 3373/3631/28
f 1027/3632/656 1022/3633/1142 1026/3634/1143
f 1015/3635/1144 1014/3636/1145 44/3637/1131 1021/3626/1130 1029/3638/1140
f 2657/3639/1146 2656/3640/1147 1686/3641/1148 2663/3642/1149 2671/3643/1150
f 60/3644/1151 1022/3633/1142 61/3645/656
f 61/3645/656 1022/3633/1142 1023/3646/656
f 61/3645/656 1023/3646/656 62/3647/656
f 62/3647/656 1023/3646/656 1024/3648/1152
f 62/3647/656 1024/3648/1152 63/3649/486
f 63/3649/486 1024/3648/1152 1025/3606/1126
f 63/3649/486 1025/3606/1126 64/3605/1125
f 1031/3650/1153 64/3605/1125 1010/3651/1154
f 4872/3652/1155 4871/3653/1156 4668/3654/1157 4667/3655/1158
f 2652/3656/1159 1706/3657/1160 2653/3658/1161 2641/3659/1162
f 1012/3607/1127 40/3608/1128 1001/3660/1163 1000/3661/1164
f 4226/3195/1004 4235/3194/409 4236/3662/1165 4227/3663/567
f 2643/3664/1166 1682/3665/1167 2672/3666/1168
f 1025/3667/1169 1038/3668/301 1017/3669/675
f 1017/3669/675 1038/3668/301 1039/3670/1170
f 1017/3669/675 1039/3670/1170 1040/3671/342
f 1024/3672/300 1036/3673/443 1025/3667/1169
f 1025/3667/1169 1036/3673/443 1037/3674/301
f 1025/3667/1169 1037/3674/301 1038/3668/301
f 1023/3675/806 1034/3676/805 1024/3672/300
f 1024/3672/300 1034/3676/805 1035/3677/1169
f 1024/3672/300 1035/3677/1169 1036/3673/443
f 1034/3676/805 1023/3675/806 1033/3678/1171
f 1033/3678/1171 1023/3675/806 1022/3679/806
f 1033/3678/1171 1022/3679/806 1032/3680/1172
f 1032/3681/1172 1022/3682/806 1021/3683/1173
f 1032/3681/1172 1021/3683/1173 1044/3684/346
f 1044/3684/346 1021/3683/1173 1020/3685/1173
f 1044/3684/346 1020/3685/1173 1043/3686/1173
f 1043/3686/1173 1020/3685/1173 1019/3687/340
f 1043/3686/1173 1019/3687/340 1042/3688/444
f 1042/3688/444 1019/3687/340 1018/3689/340
f 1042/3688/444 1018/3689/340 1041/3690/349
f 1041/3690/349 1018/3689/340 1040/3671/342
f 1040/3671/342 1018/3689/340 1017/3669/675
f 418/3691/622 419/3692/163 392/3693/1174 391/3694/622
f 1046/3695/8 1047/3696/8 1048/3697/8 1029/3698/8 1028/3699/8 1027/3700/8 1026/3701/8 1045/3702/8
f 2568/3703/763 2569/3704/479 2560/3705/480 2559/3706/481
f 2620/3707/160 2697/3708/160 1712/3709/160 1711/3710/160 2621/3711/160
f 1763/3712/568 1659/3713/1175 1658/3714/330 1764/3715/330
f 1046/3716/160 1045/3717/160 1050/3718/160 1052/3719/160 1051/3720/160
f 1054/3721/221 1049/3722/221 1048/3723/221 1047/3724/221 1053/3725/221
f 1993/3726/410 2002/3727/1176 2003/2278/758 1994/2277/757
f 45/3728/28 44/3729/28 1014/3730/28 1013/3731/28 60/3732/28 70/3733/28 1055/3734/28 1056/3735/28
f 2947/3736/1177 2946/2153/739 2767/2156/740 2766/3737/1178
f 46/3738/160 45/3739/160 1056/3740/160 977/3741/160 976/3742/160
f 3800/3743/791 3799/3744/792 3713/3745/793 3712/3746/794
f 2434/3747/852 2371/3748/1179 2370/3749/1180 2433/3750/1180
f 4882/3751/719 4883/3752/718 4820/3753/718 4819/3754/719
f 2110/3755/168 2119/3756/168 2120/3757/516 2111/3758/516
f 1055/3759/221 70/3760/221 69/3761/221 979/3762/221 978/3763/221
f 4874/3764/1181 4873/3765/38 4675/3766/38 4683/3767/1182
f 1888/3768/491 1887/3769/164 1896/3770/164 1897/3771/491
f 536/3772/486 538/3773/486 425/3774/486 426/3775/486
f 3868/3776/1183 3859/3777/1184 3858/3778/1185 3867/3779/1186
f 2991/1934/634 2982/1933/148 2981/1707/516 2990/1706/516
f 842/3780/8 833/3781/8 832/3782/8 841/3783/8
f 1069/3784/8 1070/3785/8 1071/3786/8 1072/3787/8 1044/3788/8 1043/3789/8 1042/3790/8 1081/3791/8 1082/3792/8 1083/3793/8 1075/3794/8 1076/3795/8 1077/3796/8 1078/3797/8 1079/3798/8 1085/3799/8 1086/3800/8 1087/3801/8 1088/3802/8 1089/3803/8 1040/3804/8 1039/3805/8 1101/3806/8 1093/3807/8 1094/3808/8 1095/3809/8 1096/3810/8 1097/3811/8 1137/3812/8 1129/3813/8 1130/3814/8 1131/3815/8 1132/3816/8 1133/3817/8 1066/3818/8 1067/3819/8 1068/3820/8
f 2892/1994/576 2893/3821/1187 2830/3822/1188 2829/1995/576
f 3101/3823/1189 3100/2269/753 3109/2272/756 3110/3824/1190
f 3282/3825/504 3281/3826/505 3082/3827/506 3081/3828/507
f 4390/3829/221 4391/3830/221 4392/3831/221 4321/3832/221 4320/3833/221 4403/3834/221 4395/3835/221
f 1133/3817/8 1134/3836/8 1122/3837/8 1123/3838/8 1124/3839/8 1125/3840/8 1061/3841/8 1062/3842/8 1063/3843/8 1064/3844/8 1065/3845/8 1057/3846/8
f 4543/3847/969 4544/3848/1191 4481/3849/1191 4480/3850/969
f 159/1936/636 96/1935/635 95/3851/1192 158/3852/833
f 3700/3853/473 3699/3854/474 3619/3855/475 3618/3856/476
f 3688/3857/1193 3687/3858/898 3613/3859/899 3612/3860/674
f 2934/3861/1194 2933/3862/943 2753/3863/943 2761/3864/944
f 2357/3865/1195 2356/3866/1196 2998/3867/1197 2999/3868/1195
f 3236/3869/1198 3237/3870/878 3174/3871/1199 3173/3872/876
f 244/3873/628 245/2950/356 236/2953/359 235/3874/628
f 3889/3875/94 3916/3876/1200 3908/3877/8 3881/3878/8
f 3481/3879/874 3399/3880/874 3398/3881/540 3480/3882/540
f 1779/3883/658 1670/3884/658 1669/3885/823 1780/3886/1201
f 4919/3887/1202 4918/3888/1203 4720/3889/1204 4728/3890/1205
f 3685/3891/1206 3684/3892/1207 3598/3893/1208 3597/3894/1209
f 3811/3895/336 3812/3896/783 3785/3897/1210 3784/3898/336
f 3851/3899/67 3839/3900/67 3840/3901/67 3850/3902/67
f 585/3903/1211 584/3904/537 593/3905/537 594/3906/539
f 3495/3907/1212 3496/3908/1213 3487/3909/1214 3486/3910/711
f 1676/3911/33 1677/3912/33 1678/3913/33 1679/3914/33 1680/3915/33 1681/3916/33 1673/3917/33 1674/3918/33 1675/3919/33
f 2920/3920/1215 2919/3921/1216 2740/3922/1217 2739/3923/1218
f 1320/3924/170 1329/3925/907 1330/3926/801 1321/3927/1219
f 866/3928/850 765/3929/1220 764/3930/593 865/3931/593
f 2814/3932/1221 2706/3933/606 2705/3934/1222 2813/3935/1223
f 2943/3936/1224 2942/3937/1225 2762/3938/1226 2770/3939/1227
f 921/3940/200 922/3941/389 913/3942/390 912/3943/201
f 2940/3944/1228 2939/3945/1229 2756/3946/1230 2755/3947/1231
f 4767/3948/1232 4776/3949/1233 4777/3950/1234 4768/3951/1235
f 1285/3952/1083 1284/3953/1236 1109/3954/1237 1108/3955/1084
f 1164/3956/486 36/3957/486 1156/3958/67
f 1156/3959/67 36/3960/486 35/3961/1058
f 1156/3959/67 35/3961/1058 1157/3962/1058
f 1157/3962/1058 35/3961/1058 34/3963/1058
f 1157/3962/1058 34/3963/1058 1158/3964/1058
f 1158/3964/1058 34/3963/1058 33/3965/225
f 1158/3964/1058 33/3965/225 1159/3966/225
f 1159/3966/225 33/3965/225 32/3967/225
f 1159/3966/225 32/3967/225 1160/3968/225
f 1160/3968/225 32/3967/225 31/3969/28
f 1160/3968/225 31/3969/28 1161/3970/656
f 1161/3970/656 31/3969/28 39/3971/656
f 1161/3970/656 39/3971/656 1162/3972/656
f 1162/3972/656 39/3971/656 38/3973/656
f 1162/3972/656 38/3973/656 1163/3974/486
f 1163/3974/486 38/3973/656 37/3975/486
f 1163/3974/486 37/3975/486 1164/3956/486
f 1164/3956/486 37/3975/486 36/3957/486
f 3145/3976/1238 3154/3977/993 3155/3978/372 3146/3979/372
f 2228/3980/1239 2219/3981/1240 2218/3982/1241 2227/3983/1242
f 2918/3984/1243 2917/2105/708 2742/2106/709 2741/3985/1244
f 1505/3986/1223 1379/3987/1222 1378/3988/228 1504/3989/227
f 1766/3990/173 1656/3991/173 1655/3992/160 1758/3993/160
f 1628/3994/1245 1627/3995/1246 1434/3996/1247 1433/3997/1248
f 1619/3998/1249 1618/3999/1035 1425/4000/1038 1424/4001/609
f 2899/4002/1250 2898/4003/1251 2725/4004/1252 2724/4005/1253
f 2037/4006/375 2036/4007/364 1962/4008/366 1961/4009/376
f 3333/4010/221 3334/4011/221 3324/4012/221 3325/4013/221 3326/4014/221 3327/4015/221 3336/4016/221 3337/4017/221 3338/4018/221 3339/4019/221 3340/4020/221 3341/4021/221 3342/4022/221 3330/4023/221 3331/4024/221 3332/4025/221
f 3331/4026/41 3330/4027/41 4260/4028/41 4259/4029/41
f 358/4030/689 349/4031/689 348/4032/28 357/4033/28
f 282/4034/987 281/4035/221 290/4036/221 291/4037/987
f 2918/4038/1254 2919/4039/992 2856/4040/992 2855/4041/1254
f 1931/4042/786 1923/4043/1255 1914/4044/1255 1922/4045/787
f 1581/4046/445 1582/4047/446 1519/4048/446 1518/4049/445
f 1195/4050/8 1196/4051/8 1197/4052/8 1198/4053/8 1199/4054/8 1200/4055/8 1192/4056/8 1193/4057/8 1194/4058/8
f 2294/4059/913 2296/4060/913 2616/4061/913 2295/4062/913
f 1203/4063/8 1204/4064/8 1205/4065/8 1206/4066/8 1207/4067/8 1208/4068/8 1209/4069/8 1201/4070/8 1202/4071/8
f 413/4072/1256 412/4073/487 338/4074/489 337/4075/1257
f 1603/4076/1258 1602/4077/1259 1405/4078/1260 1404/4079/1261
f 1783/4080/33 1784/4081/33 1776/4082/33 1785/4083/33 1786/4084/33 1787/4085/33 1788/4086/33 1789/4087/33 1790/4088/33 1791/4089/33 1792/4090/33 1777/4091/33 1778/4092/33 1779/4093/33 1780/4094/33 1781/4095/33 1782/4096/33
f 637/4097/567 610/4098/567 609/4099/887 636/4100/887
f 2061/4101/218 2053/4102/67 2026/4103/67 2034/4104/218
f 1224/4105/8 1225/4106/8 1226/4107/8 1227/4108/8 1219/4109/8 1220/4110/8 1221/4111/8 1222/4112/8 1223/4113/8
f 531/4114/559 530/4115/560 450/4116/561 449/4117/562
f 4206/1942/642 4205/4118/1262 4214/4119/832 4215/1943/642
f 884/2989/925 883/4120/533 892/4121/533 893/2990/534
f 1234/4122/8 1235/4123/8 1236/4124/8 1228/4125/8 1229/4126/8 1230/4127/8 1231/4128/8 1232/4129/8 1233/4130/8
f 3751/4131/1263 3760/4132/1263 3761/4133/864 3752/4134/863
f 1243/4135/8 1244/4136/8 1245/4137/8 1237/4138/8 1238/4139/8 1239/4140/8 1240/4141/8 1241/4142/8 1242/4143/8
f 3919/4144/1264 3892/4145/1265 3891/4146/80 3918/4147/80
f 1820/1164/302 1819/4148/1266 1828/4149/1267 1829/1165/302
f 3415/4150/221 3416/4151/221 3417/4152/221 3409/4153/221 3410/4154/221 3411/4155/221 3406/4156/221 3407/4157/221 3408/4158/221 3400/4159/221 3401/4160/221 3402/4161/221 3403/4162/221 3404/4163/221 3405/4164/221 3412/4165/221 3413/4166/221 3414/4167/221
f 2111/3758/516 2120/3757/516 2121/3502/148 2112/3501/148
f 4884/1946/644 4883/4168/1268 4692/4169/1269 4691/1947/645
f 2477/4170/33 2476/4171/33 2475/4172/33 2474/2599/33 2483/2598/33 2484/4173/33 2485/4174/33 2486/4175/33 2478/4176/33 2479/4177/33 2480/4178/33 2481/4179/33 2482/2601/33 2473/2600/33 2472/4180/33 2471/4181/33 2470/4182/33 2469/4183/33
f 1606/4184/257 1598/4185/1058 1535/4186/1058 1543/4187/257
f 1834/4188/1270 1752/4189/204 1751/4190/1057 1833/4191/1057
f 3365/4192/1271 3356/4193/1271 3355/1417/28 3364/1416/28
f 4757/3514/1108 4756/4194/67 4765/4195/67 4766/3515/1108
f 2945/4196/333 2946/4197/1272 2883/4198/1272 2882/4199/1273
f 2437/4200/1274 2374/4201/521 2373/4202/522 2436/4203/523
f 2928/4204/725 2927/4205/1249 2750/4206/609 2749/4207/1275
f 3279/4208/1276 3278/4209/1277 3085/4210/1278 3084/4211/1279
f 3259/4212/1280 3258/4213/1281 3060/4214/1282 3068/4215/1283
f 404/4216/1256 403/4217/487 329/4218/489 328/4219/1257
f 203/4220/33 204/4221/33 205/1287/33 195/1291/33 194/4222/33 193/4223/33 192/4224/33 191/4225/33 190/4226/33 189/4227/33 197/1289/33 206/1288/33 198/4228/33 199/4229/33 200/4230/33 201/4231/33 202/4232/33
f 1728/2000/658 1719/1999/658 1718/4233/823 1727/4234/824
f 2902/4235/1284 2903/4236/184 2840/4237/184 2839/4238/1284
f 2154/2923/351 2155/3268/412 2128/3271/223 2127/2924/351
f 1632/4239/720 1633/3288/411 1570/3291/411 1569/4240/598
f 3239/4241/1285 3238/4242/1286 3035/4243/1287 3034/4244/1077
f 3750/1411/429 3741/1410/428 3740/1260/361 3749/1259/360
f 2801/4245/1288 2802/3024/948 2793/3027/951 2792/4246/1289
f 3143/4247/1290 3152/4248/1114 3153/4249/1291 3144/4250/994
f 1351/4251/940 1359/4252/1292 1372/4253/1292 1360/4254/940
f 1454/4255/940 1462/4256/1293 1471/4257/1294 1463/4258/940
f 3817/2334/792 3816/4259/608 3732/4260/609 3731/2335/793
f 850/4261/1295 851/4262/422 842/4263/425 841/4264/1296
f 2898/4003/1251 2897/4265/1297 2717/4266/1297 2725/4004/1252
f 3424/3023/947 3309/3022/947 3308/4267/1298 3425/4268/1299
f 213/4269/1300 212/3216/1011 221/3219/1014 222/4270/1301
f 4729/4271/8 4737/4272/1302 4746/4273/1302 4738/4274/8
f 4890/4275/1303 4889/4276/1304 4686/4277/1305 4685/4278/1306
f 1453/4279/818 1452/4280/1307 1461/4281/817 1462/4282/818
f 1996/2871/887 2005/2870/887 2006/4283/439 1997/4284/439
f 3819/4285/160 3959/4286/160 3960/4287/160 3821/4288/160
f 2222/4289/1308 2213/4290/717 2212/4291/488 2221/4292/488
f 4456/4293/289 4465/4294/1309 4466/1072/256 4457/1071/256
f 3927/4295/80 3900/4296/1310 3899/4297/8 3926/4298/8
f 2910/4299/1259 2909/3163/996 2732/3166/999 2731/4300/1260
f 851/4301/243 850/4302/314 859/4303/1311 860/4304/244
f 3696/4305/898 3695/4306/1312 3614/4307/1312 3622/4308/899
f 1273/4309/327 1281/4310/1313 1094/4311/1314 1093/4312/327
f 4586/4313/1315 4585/4314/1316 4412/4315/1317 4411/4316/1318
f 264/4317/162 144/4318/162 143/4319/221 263/4320/221
f 2925/4321/226 2926/4322/1319 2863/4323/1104 2862/4324/1320
f 2787/2036/665 2778/2035/665 2777/4325/1321 2786/4326/1322
f 1913/4327/8 1922/4328/8 1914/4329/8 1905/4330/8
f 4756/4331/67 4764/4332/1323 4773/4333/1323 4765/4334/67
f 2290/4335/887 2263/4336/887 2262/4337/567 2289/4338/567
f 3425/4268/1299 3308/4267/1298 3307/4339/1271 3426/4340/1271
f 2964/4341/1324 2630/4342/1325 2629/4343/1326 2963/4344/1327
f 1297/4345/1328 1296/4346/1329 1115/4347/765 1114/4348/1330
f 925/4349/1331 924/2410/314 933/2413/810 934/4350/244
f 3117/4351/1332 3116/4352/1333 3125/4353/1334 3126/4354/1332
f 1814/4355/200 1815/4356/389 1806/4357/390 1805/4358/201
f 1592/4359/1335 1591/4360/1250 1398/4361/1253 1397/4362/1336
f 4541/4363/1337 4540/2900/900 4367/2903/901 4366/4364/1338
f 1584/1832/575 1585/4365/1187 1522/4366/1188 1521/1833/576
f 153/820/162 90/819/162 89/1830/221 152/1829/221
f 4571/4367/1339 4570/4368/1340 4391/4369/1341 4390/4370/1342
f 1305/4371/932 1306/4372/1343 1243/4373/1103 1242/4374/932
f 4889/4276/1304 4888/4375/1344 4687/4376/1345 4686/4277/1305
f 4870/3601/1121 4871/4377/1346 4808/4378/1347 4807/3602/1122
f 4891/4379/28 4892/4380/1348 4829/4381/1348 4828/4382/28
f 2115/1116/10 2106/1115/159 2105/4383/160 2114/4384/160
f 3246/4385/835 3245/2602/843 3046/2605/846 3045/4386/836
f 3683/4387/1349 3682/1548/473 3600/1551/476 3599/4388/1350
f 1249/4389/1351 1248/4390/1352 1073/4391/1353 1072/4392/1354
f 3305/4393/430 3401/4394/430 3400/4395/28 3297/4396/28
f 1264/4397/486 1265/4398/1355 1202/4399/1355 1201/4400/486
f 3920/4401/1356 3893/4402/1357 3892/4145/1265 3919/4144/1264
f 3865/4403/1358 3864/1710/89 3873/1713/517 3874/4404/854
f 409/4405/622 410/4406/163 383/4407/1174 382/4408/622
f 2551/4409/254 2431/4410/254 2430/4411/255 2550/4412/255
f 3802/4413/648 3801/4414/649 3720/4415/649 3728/4416/650
f 529/4417/1359 528/3105/972 452/3108/974 451/4418/1360
f 4739/1796/552 4738/4419/1361 4747/4420/1361 4748/1797/553
f 1601/4421/996 1600/4422/997 1407/4423/998 1406/4424/999
f 2247/2074/689 2274/2073/441 2266/4425/28 2239/4426/28
f 1159/4427/1362 1160/4428/1363 1151/4429/1364 1150/4430/1365
f 1258/4431/1366 1257/4432/1367 1082/4433/1368 1081/4434/1369
f 2815/4435/449 2707/4436/448 2706/3933/606 2814/3932/1221
f 2908/3164/997 2907/4437/1370 2734/4438/1371 2733/3165/998
f 1103/4439/8 1104/4440/8 1105/4441/8 1106/4442/8 1112/4443/8 1113/4444/8 1114/4445/8 1115/4446/8 1135/4447/8 1136/4448/8 1137/3812/8 1097/3811/8 1098/4449/8 1099/4450/8 1100/4451/8 1101/3806/8 1039/3805/8 1038/4452/8 1037/4453/8 1108/4454/8 1109/4455/8 1110/4456/8 1102/4457/8
f 281/4458/221 289/4459/1372 298/4460/1372 290/4461/221
f 1281/4462/472 1273/4463/160 1210/4464/160 1218/4465/472
f 776/4466/1201 678/4467/823 677/4468/569 777/4469/568
f 1783/4470/332 1666/4471/332 1665/4472/173 1784/4473/173
f 4581/4474/1373 4582/4475/1374 4519/4476/1374 4518/4477/1373
f 4573/4478/1375 4572/4479/1376 4389/4480/1377 4388/4481/1378
f 4531/4482/1379 4530/4483/1380 4350/4484/1381 4358/4485/1382
f 4355/4486/221 4356/4487/221 4328/4488/221 4327/4489/221
f 1270/4490/574 1271/4491/446 1208/4492/446 1207/4493/574
f 2896/4494/1383 2895/4495/237 2710/4496/240 2709/4497/1384
f 2057/4498/614 2056/4499/615 1978/4500/616 1977/4501/617
f 4790/4502/1385 4664/4503/1386 4663/4504/1387 4789/4505/1388
f 646/4506/567 619/4507/567 618/4508/887 645/4509/1389
f 890/4510/786 882/4511/1255 873/4512/1255 881/4513/787
f 1030/4514/8 1002/4515/8 1001/4516/8
f 1031/4517/8 1010/4518/8 1009/4519/8
f 2650/4520/33 1948/4521/33 1947/4522/33 2184/4523/33
f 4761/4524/1390 4760/4525/1391 4769/4526/1392 4770/4527/1393
f 2530/4528/248 2529/4529/1394 2538/4530/1395 2539/4531/248
f 139/4532/573 26/4533/867 25/4534/286 140/4535/1396
f 1313/4536/8 1311/4537/8 1310/4538/8 1006/4539/8 1005/4540/8 1312/4541/8
f 2222/4542/163 2221/4543/67 2230/4544/67 2231/4545/163
f 248/4546/624 249/4547/435 240/4548/438 239/4549/625
f 2063/4550/301 2065/4551/301 2064/4552/299 1950/4553/299
f 771/4554/154 872/4555/154 864/4556/160 763/4557/160
f 4424/4558/1397 4415/4559/1397 4414/4560/1398 4423/4561/1398
f 4513/4562/221 4514/4563/221 4515/4564/221 4516/4565/221 4517/4566/221 4518/4567/221 4519/4568/221 4520/4569/221 4512/4570/221
f 4080/4571/231 4017/4572/1399 4016/4573/232 4079/4574/232
f 405/4575/1400 404/4216/1256 328/4219/1257 327/4576/1401
f 4095/4577/1402 4096/4578/742 4087/4579/743 4086/4580/646
f 647/4581/409 620/4582/409 619/4583/567 646/4584/567
f 2174/4585/1403 2173/4586/705 2091/4587/706 2090/4588/707
f 4911/4589/1404 4910/4590/1405 4719/4591/1406 4718/4592/1407
f 4046/4593/188 3949/4594/188 3948/4595/67 4038/4596/67
f 721/4597/329 703/4598/330 702/4599/1408 720/4600/332
f 3248/2116/445 3240/4601/486 3177/4602/486 3185/2117/445
f 285/1904/624 286/4603/435 277/4604/438 276/1905/625
f 890/4605/535 889/4606/242 898/4607/245 899/4608/535
f 2438/4609/815 2375/4610/815 2374/4201/521 2437/4200/1274
f 3809/4611/1409 3801/4612/67 3774/4613/67 3782/4614/1409
f 2954/4615/4 2647/4616/4 2646/4617/4 2956/4618/4
f 100/4619/1410 58/4620/1411 57/4621/414 101/4622/413
f 3270/2606/596 3271/4623/177 3208/4624/177 3207/2607/596
f 1625/4625/28 1626/2926/909 1563/2929/909 1562/4626/28
f 2595/4627/8 2594/4628/8 2593/4629/8 2592/4630/8 2591/4631/8 2590/4632/8 2589/4633/8 2597/4634/8 2596/4635/8
f 1339/4636/28 1340/4637/28 1341/4638/28 1333/4639/28 1334/4640/28 1335/4641/28 1336/4642/28 1337/4643/28 1338/4644/28
f 1930/4645/1266 1929/1749/450 1938/1752/450 1939/4646/1266
f 4211/4647/364 4203/4648/365 4194/4649/365 4202/4650/366
f 4775/4651/1412 4766/4652/1413 4765/4653/1414 4774/4654/1414
f 136/4655/1415 29/4656/1411 28/4657/414 137/4658/413
f 850/4302/314 849/4659/315 858/4660/316 859/4303/1311
f 1511/4661/33 1510/4662/33 1509/4663/33 1508/4664/33 1516/4665/33 1515/4666/33 1514/4667/33 1513/4668/33 1512/4669/33
f 726/4670/296 708/4671/296 707/4672/297 725/4673/297
f 1350/4674/918 995/4675/1416 1342/4676/225
f 1342/4677/225 995/4678/1416 994/4679/347
f 1342/4677/225 994/4679/347 1343/4680/1417
f 1343/4680/1417 994/4679/347 993/4681/345
f 1343/4680/1417 993/4681/345 1344/4682/347
f 1344/4682/347 993/4681/345 992/4683/348
f 1344/4682/347 992/4683/348 1345/4684/805
f 1345/4684/805 992/4683/348 991/4685/1171
f 1345/4684/805 991/4685/1171 1346/4686/343
f 1346/4686/343 991/4685/1171 990/4687/656
f 1346/4686/343 990/4687/656 1347/4688/962
f 1347/4688/962 990/4687/656 998/4689/962
f 1347/4688/962 998/4689/962 1348/4690/816
f 1348/4690/816 998/4689/962 997/4691/963
f 1348/4690/816 997/4691/963 1349/4692/961
f 1349/4692/961 997/4691/963 996/4693/961
f 1349/4692/961 996/4693/961 1350/4674/918
f 1350/4674/918 996/4693/961 995/4675/1416
f 4887/4694/1418 4886/4695/1419 4689/4696/1420 4688/4697/1421
f 3289/4698/1058 3822/4699/1058 3588/4700/1058 3290/4701/1058
f 286/4603/435 287/4702/436 278/4703/1422 277/4604/438
f 4118/4704/1006 4036/4705/1005 4035/4706/1399 4117/4707/231
f 3551/4708/842 3431/4709/1423 3430/4710/1424 3550/4711/1424
f 4867/4712/192 4868/1151/293 4805/1154/295 4804/4713/189
f 2041/4714/278 2042/980/217 2015/983/217 2014/4715/896
f 2994/4716/1425 2993/4717/1426 3002/4718/1426 3003/4719/1427
f 4445/4720/1428 4446/4721/1429 4437/4722/1430 4436/4723/1431
f 3098/4724/1432 3097/4725/1433 3106/4726/1427 3107/4727/1434
f 1483/2298/773 1492/2297/772 1493/4728/1435 1484/4729/1436
f 1370/4730/1437 1357/4731/1438 1369/4732/964
f 1369/4732/964 1357/4731/1438 1356/4733/959
f 1369/4732/964 1356/4733/959 1368/4734/1015
f 1368/4734/1015 1356/4733/959 1367/4735/807
f 1367/4735/807 1356/4733/959 1355/4736/660
f 1367/4735/807 1355/4736/660 1366/4737/660
f 1366/4737/660 1355/4736/660 1365/4738/1439
f 1365/4738/1439 1355/4736/660 1354/4739/660
f 1365/4738/1439 1354/4739/660 1364/4740/167
f 1364/4740/167 1354/4739/660 1363/4741/660
f 1363/4741/660 1354/4739/660 1353/4742/1440
f 1363/4741/660 1353/4742/1440 1362/4743/1441
f 2995/4744/1442 2994/4716/1425 3003/4719/1427 3004/4745/1443
f 2458/4746/479 2450/4747/628 2441/4748/628 2449/4749/480
f 1745/4750/568 1697/4751/1175 1696/4752/330 1746/4753/330
f 1995/4754/1444 1986/4755/1445 1985/4756/251 1994/4757/250
f 2058/4758/742 2057/4498/614 1977/4501/617 1976/4759/743
f 3404/4760/531 3302/4761/530 3301/4762/946 3405/4763/945
f 846/4764/199 847/4765/200 838/4766/201 837/4767/202
f 468/4768/1446 459/4769/1447 458/4770/934 467/4771/933
f 4900/4772/913 4901/4773/1448 4838/4774/1449 4837/4775/913
f 416/4776/1450 415/4777/1451 335/4778/1452 334/4779/1453
f 627/4780/1454 600/4781/887 599/4782/439 626/4783/439
f 3568/4784/214 3567/4785/215 3576/4786/215 3577/4787/214
f 4888/4375/1344 4887/4694/1418 4688/4697/1421 4687/4376/1345
f 403/4217/487 402/4788/488 321/4789/488 329/4218/489
f 1387/4790/33 1388/4791/33 1372/2641/33 1371/4792/33 1386/4793/33
f 2959/4794/1455 2968/4795/92 2969/4796/1456 2960/4797/1456
f 2044/4798/365 2052/4799/1028 1964/4800/1029 1963/4801/365
f 1407/4802/33 1408/4803/33 1400/4804/33 1401/4805/33 1402/4806/33 1450/4807/33 1451/4808/33 1452/4809/33 1453/4810/33 1445/4811/33 1446/4812/33 1447/4813/33 1448/4814/33 1449/4815/33 1411/4816/33 1412/4817/33 1413/4818/33 1418/4819/33 1419/4820/33 1420/4821/33 1421/4822/33 1422/4823/33 1423/4824/33 1424/4825/33 1425/4826/33 1365/4827/33 1364/4828/33 1363/4829/33 1362/2638/33 1432/2637/33 1433/4830/33 1434/4831/33 1435/4832/33 1427/4833/33 1428/4834/33 1429/4835/33 1430/4836/33 1431/2636/33 1436/2635/33 1437/4837/33 1438/4838/33 1439/2647/33 1378/2646/33 1379/4839/33 1380/4840/33 1381/4841/33 1373/4842/33 1374/2642/33 1372/2641/33 1388/4791/33 1389/4843/33 1390/4844/33 1382/4845/33 1383/4846/33 1384/4847/33 1385/4848/33 1386/4793/33 1371/4792/33 1391/4849/33 1392/4850/33 1393/4851/33 1394/4852/33 1395/4853/33 1396/4854/33 1397/4855/33 1370/4856/33 1369/4857/33 1368/4858/33 1367/4859/33 1366/4860/33 1414/4861/33 1415/4862/33 1416/4863/33 1417/4864/33 1409/4865/33 1410/4866/33 1403/4867/33 1404/4868/33 1405/4869/33 1406/4870/33
f 3253/4871/372 3254/3157/993 3191/3160/993 3190/4872/1457
f 923/4873/1458 924/4874/1295 915/4875/1296 914/4876/1459
f 1617/4877/226 1618/4878/1104 1555/4879/1104 1554/4880/226
f 4174/1956/364 4166/4881/365 4157/4882/365 4165/1957/366
f 4442/3402/1071 4443/4883/1460 4434/4884/1461 4433/3403/1072
f 3498/4885/953 3499/4886/954 3490/4887/955 3489/4888/361
f 3343/4889/430 3383/4890/430 3382/4891/28 3335/4892/28
f 101/4622/413 57/4621/414 56/4893/415 102/4894/416
f 1784/4473/173 1665/4472/173 1664/4895/160 1776/4896/160
f 3750/4897/1462 3759/4898/1463 3760/4132/1263 3751/4131/1263
f 3000/1792/549 2999/4899/1464 3012/4900/1465 3013/1793/550
f 283/4901/357 284/1903/623 275/1906/626 274/4902/358
f 2936/4903/1245 2935/4904/1246 2760/4905/1247 2759/4906/1248
f 1353/4742/1440 1352/4907/1466 1361/4908/941 1362/4743/1441
f 641/4909/194 614/4910/194 613/4911/249 640/4912/1467
f 4631/4913/864 4622/4914/863 4621/4915/1263 4630/4916/1263
f 2048/1770/537 2049/4917/595 2022/4918/595 2021/1771/538
f 178/4919/391 177/4920/1468 186/4921/1468 187/4922/1372
f 1248/4390/1352 1247/4923/1469 1074/4924/1470 1073/4391/1353
f 3104/4925/1471 3103/4926/1472 3112/4927/1473 3113/4928/1474
f 1269/4929/843 1268/4930/844 1089/4931/845 1088/4932/846
f 1464/4933/33 1463/4934/33 1474/4935/33 1475/4936/33 1476/4937/33 1477/4938/33 1478/4939/33 1479/4940/33 1480/4941/33 1472/4942/33 1470/4943/33 1469/4944/33 1468/4945/33 1467/4946/33 1466/4947/33 1465/4948/33
f 4093/4949/831 4092/4950/67 4101/4951/67 4102/4952/831
f 3401/4394/430 3305/4393/430 3304/4953/862 3402/4954/1475
f 4793/2373/795 4784/2372/795 4783/4955/28 4792/4956/28
f 3870/4957/1102 3869/4958/494 3878/4959/494 3879/4960/1101
f 3354/4961/8 4339/4962/8 4340/4963/8 3329/4964/8 3328/4965/8 4298/4966/8 4297/4967/8 3344/4968/8
f 1591/4969/914 1592/2805/875 1529/2808/878 1528/4970/914
f 529/4971/723 530/833/168 503/836/168 502/4972/516
f 1757/4973/797 1839/4974/797 1831/1870/160 1749/1869/160
f 2963/4344/1327 2629/4343/1326 2628/4975/1476 2962/4976/1477
f 4871/3653/1156 4870/2710/869 4669/2713/872 4668/3654/1157
f 1484/4977/1436 1493/4978/1435 1494/4979/1478 1485/4980/1479
f 2453/4981/1480 2454/4982/586 2445/4983/587 2444/4984/588
f 2587/4985/1481 2331/4986/1482 2330/2166/749 2586/2165/748
f 2048/4987/614 2047/4988/615 1969/4989/228 1968/4990/617
f 2617/4991/816 1953/4992/965 1690/4993/962 1689/4994/816
f 2270/4995/758 2243/4996/757 2242/4997/410 2269/4998/1483
f 1497/4999/33 1496/5000/33 1495/5001/33 1494/5002/33 1493/5003/33 1492/5004/33 1491/5005/33 1490/5006/33 1498/5007/33
f 3232/5008/1056 3233/885/182 3170/888/185 3169/5009/1056
f 4583/5010/1484 4582/5011/1485 4397/5012/1486 4396/5013/1487
f 4880/5014/1488 4879/5015/1489 4678/5016/1490 4677/5017/1491
f 1261/5018/1492 1260/5019/1493 1079/5020/696 1078/5021/1494
f 172/1256/357 173/5022/623 164/5023/626 163/1257/358
f 3238/4242/1286 3237/5024/1492 3036/5025/1494 3035/4243/1287
f 3149/5026/1495 3023/5027/1081 3022/3283/1046 3148/3282/1045
f 3456/5028/215 3455/5029/1496 3464/5030/1497 3465/5031/215
f 3417/5032/874 3518/5033/874 3510/5034/28 3409/5035/28
f 4541/5036/1498 4542/5037/970 4479/5038/970 4478/5039/1499
f 2912/5040/1500 2911/5041/1258 2730/5042/1261 2729/5043/1501
f 2565/5044/1502 2564/5045/1115 2573/5046/1115 2574/5047/1502
f 1927/5048/1503 1928/5049/1295 1919/5050/1296 1918/5051/1459
f 4000/5052/1504 3999/5053/1505 4641/5054/1506 4642/5055/1507
f 2420/5056/286 2318/5057/286 2317/5058/206 2421/5059/206
f 473/5060/431 464/5061/431 463/5062/221 472/5063/221
f 1582/4047/446 1583/1831/574 1520/1834/574 1519/4048/446
f 416/5064/538 417/5065/539 390/5066/1508 389/5067/537
f 653/5068/656 980/5069/656 540/5070/656 539/5071/656
f 249/5072/1011 248/5073/1013 257/5074/1013 258/5075/1509
f 1256/5076/1510 1255/5077/1075 1075/5078/1075 1083/5079/1511
f 1531/5080/33 1532/5081/33 1533/5082/33 1534/5083/33 1526/5084/33 1527/5085/33 1528/5086/33 1529/5087/33 1530/5088/33
f 1542/5089/33 1543/5090/33 1535/5091/33 1536/5092/33 1537/5093/33 1538/5094/33 1539/5095/33 1540/5096/33 1541/5097/33
f 1259/5098/1284 1260/5099/1198 1197/5100/1198 1196/5101/1512
f 1549/5102/33 1550/5103/33 1551/5104/33 1552/5105/33 1544/5106/33 1545/5107/33 1546/5108/33 1547/5109/33 1548/5110/33
f 715/5111/514 714/5112/515 1356/5113/512 1357/5114/514
f 1604/5115/418 1605/5116/258 1542/5117/258 1541/5118/418
f 1186/5119/8 1187/5120/8 1188/5121/8 1189/5122/8 1190/5123/8 1191/5124/8 1183/5125/8 1184/5126/8 1185/5127/8
f 1568/5128/33 1569/5129/33 1570/5130/33 1562/5131/33 1563/5132/33 1564/5133/33 1565/5134/33 1566/5135/33 1567/5136/33
f 2895/5137/1513 2896/5138/1514 2833/5139/1355 2832/5140/1513
f 999/5141/33 1011/5142/33 1012/5143/33 1000/5144/33
f 2167/5145/1059 2166/5146/1060 2080/5147/1515 2079/5148/1062
f 3864/5149/1516 3855/5150/1517 3854/5151/1518 3863/5152/1518
f 3378/5153/221 3379/5154/221 3380/5155/221 3370/5156/221 3369/5157/221 3368/5158/221 3367/5159/221 3366/5160/221 3365/5161/221 3364/5162/221 3373/5163/221 3374/5164/221 3375/5165/221 3376/5166/221 3377/5167/221
f 2948/5168/1519 2947/3736/1177 2766/3737/1178 2765/5169/1520
f 1618/3999/1035 1617/5170/1036 1426/5171/1037 1425/4000/1038
f 2691/5172/160 2690/5173/160 2689/5174/160 2695/5175/160 2696/5176/160
f 391/5177/221 392/5178/221 384/5179/221 385/5180/221 386/5181/221 387/5182/221 388/5183/221 389/5184/221 390/5185/221
f 21/5186/241 117/5187/241 116/5188/221 13/5189/221
f 1509/5190/220 1500/5191/220 1499/5192/221 1508/5193/221
f 2495/5194/292 2494/1048/246 2503/1051/246 2504/5195/292
f 4113/2837/884 4031/2836/884 4030/5196/1521 4112/5197/1521
f 808/5198/1255 809/5199/199 800/5200/202 799/5201/1255
f 2487/5202/628 2488/5203/356 2479/5204/359 2478/5205/628
f 944/804/153 953/803/152 954/5206/1522 945/5207/1523
f 521/1804/560 520/5208/1359 442/5209/1360 441/1805/561
f 2805/1192/323 2806/5210/1524 2797/5211/1525 2796/1193/324
f 1008/5212/8 306/5213/8 305/5214/8 542/5215/8
f 1500/5216/780 1374/5217/781 1373/1476/433 1499/1475/433
f 4857/5218/160 4858/5219/160 4859/5220/160 4860/5221/160 4861/5222/160 4862/5223/160 4863/5224/160 4855/5225/160 4856/5226/160
f 4130/3252/1028 4131/2299/774 4122/2302/776 4121/3253/1029
f 2812/5227/992 2821/5228/1526 2822/5229/1254 2813/5230/1527
f 1287/5231/1528 1286/5232/1082 1107/5233/1085 1106/5234/1529
f 350/5235/1530 341/5236/1531 340/5237/309 349/5238/1532
f 1623/5239/470 1624/5240/471 1561/5241/471 1560/5242/470
f 1620/5243/932 1621/5244/931 1558/5245/931 1557/5246/932
f 1256/3332/1056 1257/2382/182 1194/2385/185 1193/3333/1056
f 2905/5247/1533 2904/5248/1534 2719/5249/1535 2718/5250/1536
f 1276/5251/378 1275/5252/956 1100/5253/957 1099/5254/379
f 1818/5255/422 1819/5256/423 1810/5257/424 1809/5258/425
f 351/2114/713 342/2113/712 341/5236/1531 350/5235/1530
f 1168/5259/1537 1060/5260/1538 1059/5261/667 1167/5262/666
f 3795/5263/1539 3794/5264/1540 3718/5265/1541 3717/5266/1542
f 3591/5267/913 3595/5268/913 4259/5269/913 4258/5270/913
f 87/5271/1410 78/5272/1411 77/1389/414 86/1388/413
f 725/4673/297 707/4672/297 706/2462/658 724/2461/658
f 251/5273/1468 250/5274/1543 259/5275/1301 260/5276/1544
f 1926/5277/389 1927/5048/1503 1918/5051/1459 1917/5278/390
f 4592/5279/1448 4584/5280/913 4521/5281/913 4529/5282/1448
f 2417/5283/413 2321/5284/413 2320/3100/415 2418/3099/571
f 4166/5285/365 4167/5286/1028 4158/5287/1029 4157/5288/365
f 4881/5289/1545 4873/5290/33 4810/5291/33 4818/5292/1545
f 3120/2139/728 3119/5293/1546 3128/5294/1547 3129/2140/729
f 4642/5295/1548 4641/5296/964 4654/5297/1549 4655/5298/1550
f 105/5299/206 53/5300/206 52/5301/207 106/5302/207
f 1726/5303/568 1717/5304/1175 1716/5305/330 1725/5306/329
f 4603/5307/1551 4269/5308/1552 4268/3453/380 4602/3452/1086
f 2921/5309/1553 2920/3920/1215 2739/3923/1218 2738/5310/1554
f 115/5311/391 197/5312/391 189/5313/221 107/5314/221
f 3251/5315/279 3252/5316/280 3189/5317/280 3188/5318/279
f 3637/5319/171 3646/5320/171 3647/5321/1555 3638/5322/276
f 1600/5323/730 1601/5324/404 1538/5325/404 1537/5326/730
f 2256/5327/689 2283/5328/689 2275/5329/28 2248/5330/28
f 2561/5331/628 2562/5332/356 2553/5333/359 2552/5334/628
f 171/3146/987 170/5335/221 179/5336/221 180/3147/162
f 4926/5337/1556 4925/5338/1557 4722/5339/1558 4721/5340/1559
f 3147/5341/280 3156/5342/280 3157/5343/1560 3148/5344/279
f 2399/5345/413 2312/5346/413 2311/5347/415 2400/5348/571
f 3440/5349/842 3377/5350/842 3376/5351/1424 3439/5352/1424
f 2809/5353/1561 2701/5354/1562 2700/2310/781 2808/2309/780
f 888/5355/1331 887/1183/314 896/1186/317 897/5356/244
f 209/2909/357 210/5357/623 201/5358/626 200/2910/358
f 3798/5359/1563 3799/5360/1564 3772/5361/1564 3771/5362/1565
f 176/1435/436 177/5363/478 168/5364/481 167/1436/437
f 2903/5365/988 2902/2077/690 2721/2080/590 2720/5366/989
f 2567/2288/762 2568/3703/763 2559/3706/481 2558/2289/767
f 2528/5367/1566 2527/3585/1115 2536/3588/1115 2537/5368/1502
f 1260/5099/1198 1261/5369/878 1198/5370/878 1197/5100/1198
f 638/5371/1567 611/5372/409 610/5373/567 637/5374/567
f 3922/5375/171 3895/5376/171 3894/5377/1568 3921/5378/1569
f 2166/5379/75 2167/5380/123 2140/5381/123 2139/5382/75
f 3533/5383/337 3532/5384/1570 3541/5385/338 3542/5386/1571
f 1246/5387/1572 1254/5388/1573 1067/5389/1574 1066/5390/1575
f 4223/902/194 4232/901/193 4233/1381/249 4224/1380/249
f 2610/1810/566 2601/1809/565 2600/3104/971 2609/3103/971
f 3231/5391/1075 3239/4241/1285 3034/4244/1077 3033/5392/1075
f 1604/5393/1500 1603/4076/1258 1404/4079/1261 1403/5394/1501
f 4583/5395/1576 4575/5396/8 4512/5397/8 4520/5398/1576
f 2986/5399/119 2977/5400/1577 2976/5401/10 2985/5402/10
f 1602/4077/1259 1601/4421/996 1406/4424/999 1405/4078/1260
f 3225/5403/1351 3224/5404/1352 3031/5405/1353 3030/5406/1354
f 4910/4590/1405 4909/5407/1578 4711/5408/1578 4719/4591/1406
f 3260/5409/1236 3259/4212/1280 3068/4215/1283 3067/5410/1237
f 1305/1686/505 1304/5411/1579 1125/5412/1580 1124/1687/506
f 1283/1990/371 1284/2423/369 1221/2426/369 1220/1991/371
f 4522/5413/221 4523/5414/221 4524/5415/221 4525/5416/221 4526/5417/221 4527/5418/221 4528/5419/221 4529/5420/221 4521/5421/221
f 2366/5422/413 2348/5423/414 2347/5424/415 2365/5425/571
f 1263/3433/1076 1262/5426/1581 1077/5427/1287 1076/3434/1077
f 3270/5428/1582 3269/5429/555 3076/5430/558 3075/5431/1583
f 1262/5426/1581 1261/5018/1492 1078/5021/1494 1077/5427/1287
f 3493/5432/453 3494/5433/454 3485/5434/455 3484/5435/456
f 1632/5436/1228 1631/5437/1229 1430/5438/1230 1429/5439/1231
f 1167/5262/666 1059/5261/667 1058/5440/668 1166/5441/1584
f 872/4555/154 771/4554/154 770/2689/155 871/2688/868
f 2040/5442/895 2041/4714/278 2014/4715/896 2013/5443/595
f 2944/5444/354 2945/4196/333 2882/4199/1273 2881/5445/334
f 2473/5446/523 2391/5447/1585 2390/2613/851 2472/2612/851
f 2059/2889/896 2060/5448/217 2033/5449/217 2032/2890/896
f 2525/1919/356 2526/5450/1586 2517/5451/1587 2516/1920/359
f 2815/5452/1588 2824/5453/1588 2816/5454/221 2807/5455/221
f 119/5456/413 19/5457/414 18/5458/415 120/5459/416
f 2435/5460/851 2372/5461/851 2371/3748/1179 2434/3747/852
f 4900/5462/1589 4908/5463/1590 4703/5464/1591 4702/5465/1592
f 4550/5466/1347 4551/5467/1122 4488/5468/1122 4487/5469/1346
f 2933/5470/28 2934/5471/909 2871/5472/909 2870/5473/28
f 4588/2060/677 4587/5474/1593 4410/5475/738 4409/2061/678
f 1157/5476/1594 1158/5477/1595 1149/5478/1596 1148/5479/1597
f 1322/5480/119 1331/5481/1577 1332/5482/159 1323/5483/159
f 3242/5484/1598 3241/5485/1599 3050/5486/1600 3049/5487/1601
f 846/1762/533 845/5488/160 854/5489/160 855/1763/533
f 2291/5490/440 2264/5491/439 2263/4336/887 2290/4335/887
f 1297/5492/175 1298/5493/1602 1235/5494/910 1234/5495/175
f 4060/5496/1603 3962/5497/396 3961/5498/397 4061/5499/398
f 1654/2734/33 1672/2733/33 1664/2725/33 1660/2724/33 1661/2716/33 1649/2715/33 1650/5500/33 1651/5501/33 1652/5502/33 1653/5503/33
f 2353/5504/1604 2352/5505/1605 2994/5506/1606 2995/5507/1607
f 1147/5508/8 1148/5509/8 1144/5510/8 1143/5511/8 1142/5512/8 1141/5513/8 1140/5514/8 1139/5515/8 1138/5516/8 1146/5517/8 1145/5518/8 1149/5519/8 1150/5520/8 1151/5521/8 1152/5522/8 1153/5523/8 1154/5524/8 1155/5525/8
f 3224/5526/258 3225/5527/418 3162/5528/418 3161/5529/258
f 403/5530/218 404/1107/217 377/1110/217 376/5531/1608
f 2524/5532/221 2532/5533/292 2541/5534/292 2533/5535/221
f 1687/5536/33 1688/964/33 1701/963/33 1693/5537/33 1694/5538/33 1695/5539/33 1696/968/33 1691/967/33 1692/5540/33 1682/5541/33 1683/5542/33 1684/5543/33 1685/5544/33 1686/5545/33
f 4769/5546/1609 4778/5547/1610 4779/5548/1611 4770/5549/1612
f 1925/5550/491 1924/3384/164 1933/3387/164 1934/5551/491
f 2054/5552/1174 2055/5553/622 2028/5554/622 2027/5555/163
f 4585/5556/912 4586/5557/1613 4523/5558/1613 4522/5559/912
f 1628/5560/175 1629/5561/176 1566/5562/178 1565/5563/175
f 1705/5564/33 1706/5565/33 1707/5566/33 1708/5567/33 1709/5568/33 1710/5569/33 1719/5570/33 1720/5571/33 1721/5572/33 1713/5573/33 1714/5574/33 1715/5575/33 1704/5576/33
f 1292/1800/556 1291/5577/1614 1111/5578/1614 1119/1801/557
f 4576/5579/1615 4575/5580/1616 4395/5581/1616 4403/5582/1617
f 3283/3498/1104 3284/5583/1618 3221/5584/226 3220/3499/1104
f 3476/5585/1424 3394/5586/1424 3393/985/219 3475/984/180
f 1991/5587/600 1982/5588/601 1981/2422/602 1990/2421/602
f 356/1055/193 365/1054/193 357/4033/28 348/4032/28
f 1277/5589/372 1278/5590/993 1215/5591/993 1214/5592/1457
f 3992/5593/1619 4010/5594/1619 4002/5595/67 3984/5596/67
f 649/3600/249 622/3599/249 621/5597/410 648/5598/410
f 1906/5599/599 1786/5600/599 1785/5601/160 1905/5602/160
f 1267/5603/1620 1268/5604/1621 1205/5605/1621 1204/5606/1622
f 4907/5607/1613 4908/2930/912 4845/2933/912 4844/5608/1613
f 3796/5609/1623 3797/5610/1624 3770/5611/1625 3769/5612/1623
f 1815/4356/389 1816/5613/1503 1807/5614/1459 1806/4357/390
f 1757/5615/33 1749/5616/33 1740/5617/33 1741/5618/33 1756/5619/33
f 1747/5620/33 1748/5621/33 1740/5617/33 1749/5616/33 1750/5622/33 1751/5623/33 1752/5624/33 1753/5625/33 1754/5626/33 1755/5627/33 1756/5619/33 1741/5618/33 1742/5628/33 1743/5629/33 1744/5630/33 1745/5631/33 1746/5632/33
f 2159/5633/1626 2167/5145/1059 2079/5148/1062 2078/5634/1626
f 581/5635/1627 572/5636/1628 571/5637/1029 580/5638/1629
f 2893/5639/1093 2892/5640/1630 2713/5641/1631 2712/5642/1094
f 3247/5643/834 3246/4385/835 3045/4386/836 3044/5644/837
f 4871/4377/1346 4872/5645/1632 4809/5646/1632 4808/4378/1347
f 1768/5647/33 1769/5648/33 1764/5649/33 1765/5650/33 1766/5651/33 1758/5652/33 1759/5653/33 1760/5654/33 1761/5655/33 1774/5656/33 1775/5657/33 1767/5658/33
f 3261/5659/813 3262/5660/886 3199/5661/886 3198/5662/814
f 1762/5663/33 1763/5664/33 1764/5649/33 1769/5648/33 1770/5665/33 1771/5666/33 1772/5667/33 1773/5668/33 1774/5656/33 1761/5655/33
f 4062/5669/1633 3960/5670/1634 3959/5671/1635 4063/5672/1096
f 4733/5673/1636 4732/5674/193 4741/5675/193 4742/5676/1636
f 2036/5677/163 2037/5678/622 2010/5679/622 2009/5680/163
f 413/5681/217 414/1859/277 387/1862/278 386/5682/217
f 4574/5683/1637 4573/4478/1375 4388/4481/1378 4387/5684/1638
f 2531/5685/246 2530/4528/248 2539/4531/248 2540/5686/246
f 3678/5687/517 3679/5688/854 3652/5689/854 3651/5690/89
f 1478/5691/1639 1477/5692/1640 1486/5693/1640 1487/5694/1639
f 3706/5695/719 3708/5696/719 3585/5697/719 3592/5698/719
f 2508/5699/852 2407/5700/1641 2406/5701/1180 2507/5702/1180
f 920/5703/533 919/5704/160 928/5705/160 929/5706/533
f 2584/5707/1111 2593/5708/1111 2594/5709/1642 2585/5710/1110
f 3258/5711/656 3259/1283/371 3196/1286/371 3195/5712/656
f 3530/2274/215 3529/5713/1496 3538/5714/1496 3539/2275/215
f 3284/5583/1618 3276/5715/225 3213/5716/225 3221/5584/226
f 1721/5717/296 1730/5718/296 1722/5719/160 1713/5720/160
f 4230/5721/812 3974/5722/811 3973/5723/1643 4229/5724/1644
f 4454/5725/157 4463/5726/829 4464/5727/291 4455/5728/290
f 3087/5729/28 3095/5730/1645 3104/5731/1645 3096/5732/28
f 1296/878/178 1297/5492/175 1234/5495/175 1233/879/176
f 4043/5733/398 3952/5734/397 3951/5735/1634 4044/5736/1633
f 1162/3256/1031 1163/5737/1646 1154/5738/1647 1153/3257/1032
f 3133/5739/1648 3124/5740/1649 3123/5741/1616 3132/5742/1616
f 3635/5743/1357 3644/5744/1356 3645/5745/1569 3636/5746/1650
f 3278/4209/1277 3277/5747/1651 3086/5748/1652 3085/4210/1278
f 1487/5749/1653 1496/5750/1654 1497/5751/1655 1488/5752/1656
f 1586/5753/1620 1587/5754/1513 1524/5755/1513 1523/5756/1620
f 3271/4623/177 3272/873/174 3209/876/176 3208/4624/177
f 4549/5757/1632 4550/5466/1347 4487/5469/1346 4486/5758/1657
f 1810/5759/8 1802/5760/8 1801/5761/8 1800/5762/8 1799/5763/8 1798/5764/8 1797/5765/8 1796/5766/8 1795/5767/8 1804/5768/8 1805/5769/8 1806/5770/8 1807/5771/8 1808/5772/8 1809/5773/8
f 4190/1031/232 4070/1030/232 4069/5774/1658 4189/5775/1658
f 4551/5467/1122 4552/3493/294 4489/3496/294 4488/5468/1122
f 3803/5776/1659 3802/4413/648 3728/4416/650 3727/5777/1541
f 3223/5778/1469 3222/5779/1572 3024/5780/1575 3032/5781/1470
f 3235/5782/1660 3234/5783/1366 3039/5784/1369 3038/5785/1661
f 2915/5786/221 2916/5787/1588 2853/5788/1588 2852/5789/221
f 2567/5790/248 2566/5791/1394 2575/5792/1662 2576/5793/248
f 3385/3170/529 3341/3169/529 3340/5794/530 3386/5795/769
f 925/5796/422 926/5797/423 917/5798/424 916/5799/1663
f 628/5800/567 601/5801/968 600/4781/887 627/4780/1454
f 4210/5802/367 4209/5803/208 4218/5804/208 4219/5805/368
f 4134/5806/209 4133/5807/641 4142/5808/641 4143/5809/209
f 2691/5810/8 2696/5811/8 2694/5812/8 2692/5813/8
f 3814/5814/1623 3815/5815/1664 3788/5816/1625 3787/5817/1665
f 415/1860/595 416/5064/538 389/5067/537 388/1861/595
f 4914/5818/1666 4913/2994/927 4716/2997/930 4715/5819/228
f 1829/5820/959 1830/5821/958 1821/5822/4
f 1827/5823/1439 1830/5824/166 1828/5825/1015
f 1825/5826/916 1830/5827/961 1826/5828/166
f 1823/5829/963 1830/5830/965 1824/5831/1416
f 1821/5832/4 1830/5833/4 1822/5834/804
f 1824/5831/961 1830/5835/961 1825/5826/916
f 1822/5834/963 1830/5836/965 1823/5829/963
f 1826/5828/1439 1830/5837/166 1827/5823/1439
f 1828/5825/959 1830/5838/958 1829/5820/959
f 3994/5839/1667 3993/5840/8 4635/5841/8 4636/5842/1667
f 2458/1143/292 2457/5843/246 2466/5844/246 2467/1144/292
f 1871/5845/1270 1770/5846/204 1769/5847/1057 1870/5848/1057
f 1928/5049/1295 1929/5849/422 1920/5850/425 1919/5050/1296
f 1872/5851/203 1771/5852/203 1770/5846/204 1871/5845/1270
f 2295/5853/346 2181/5854/346 2293/5855/1417 2294/5856/1417
f 1247/4923/1469 1246/5857/1572 1066/5858/1575 1074/4924/1470
f 1500/5191/220 1509/5190/220 1510/5859/1068 1501/5860/1668
f 1842/5861/8 1843/5862/8 1844/5863/8 1845/3019/8 1836/3018/8 1835/5864/8 1834/5865/8 1833/5866/8 1832/5867/8 1831/5868/8 1839/5869/8 1838/5870/8 1837/3017/8 1846/3016/8 1847/5871/8 1848/5872/8 1840/5873/8 1841/5874/8
f 1629/5561/176 1630/5875/1669 1567/5876/177 1566/5562/178
f 4207/5877/742 4208/1893/614 4199/1896/617 4198/5878/743
f 761/5879/33 762/2811/33 764/2810/33 765/2819/33 760/2818/33
f 922/3161/923 921/5880/925 930/5881/534 931/3162/952
f 2055/5882/375 2054/5883/364 1980/5884/366 1979/5885/376
f 4443/4883/1460 4444/5886/1670 4435/5887/1671 4434/4884/1461
f 3817/5888/1672 3818/5889/1673 3791/5890/1673 3790/5891/1564
f 2150/5892/221 2151/5893/1674 2124/5894/84 2123/5895/221
f 4789/4505/1388 4663/4504/1387 4662/5896/1675 4788/5897/1676
f 793/5898/1677 730/5899/848 729/3554/850 792/3553/850
f 1991/5900/193 2000/5901/193 2001/5902/249 1992/5903/1678
f 2228/5904/217 2227/5905/896 2236/5906/278 2237/5907/217
f 2512/5908/815 2411/5909/1679 2410/5910/521 2511/5911/521
f 397/2098/595 398/5912/538 371/5913/537 370/2099/595
f 1866/5914/959 1867/5915/958 1858/5916/4
f 1864/5917/165 1867/5918/167 1865/5919/1015
f 1862/5920/916 1867/5921/1416 1863/5922/166
f 1860/5923/963 1867/5924/965 1861/5925/1416
f 1858/5926/4 1867/5927/4 1859/5928/804
f 1861/5925/961 1867/5929/1416 1862/5920/916
f 1859/5928/963 1867/5930/965 1860/5923/963
f 1863/5922/165 1867/5931/167 1864/5917/165
f 1865/5919/808 1867/5932/958 1866/5914/959
f 4894/5933/1680 4895/5934/733 4832/5935/733 4831/5936/1680
f 1908/5937/204 1788/5938/204 1787/5939/1057 1907/5940/1057
f 1140/5941/665 1131/5942/1681 1130/1856/594 1139/1855/594
f 3932/5943/276 3905/5944/1682 3904/838/171 3931/837/171
f 1838/5945/798 1756/5946/798 1755/5947/1683 1837/5948/654
f 207/5949/221 215/5950/391 224/5951/1372 216/5952/221
f 2693/5953/28 2694/5954/28 2696/5955/28 2695/5956/28
f 4896/5957/1684 4895/5958/1685 4698/5959/1686 4697/5960/1687
f 3647/5961/28 3646/5962/28 3645/5963/28 3644/5964/28 3643/5965/28 3642/5966/28 3641/5967/28 3649/5968/28 3648/5969/28
f 1857/5970/786 1849/5971/1255 1840/5972/1255 1848/5973/787
f 1873/5974/8 1872/5975/8 1871/5976/8 1870/5977/8 1879/5978/8 1880/5979/8 1881/5980/8 1882/5981/8 1883/5982/8 1884/5983/8 1875/5984/8 1874/5985/8
f 4042/5986/1603 3953/5987/396 3952/5988/397 4043/5989/398
f 3023/5027/1081 3149/5026/1495 3141/5990/327 3015/5991/327
f 2698/5992/221 2619/5993/221 2618/5994/221 1688/5995/221 1687/5996/221
f 887/5997/1295 888/5998/422 879/5999/1663 878/6000/1296
f 1611/6001/1216 1610/6002/1243 1415/6003/1244 1414/6004/1217
f 4607/6005/1688 4273/6006/1689 4272/6007/1690 4606/6008/1691
f 3229/6009/730 3230/6010/1692 3167/6011/314 3166/6012/731
f 1993/6013/253 1984/6014/252 1983/6015/457 1992/6016/458
f 3928/6017/1264 3901/6018/1693 3900/4296/1310 3927/4295/80
f 3230/6019/1573 3229/6020/1694 3026/6021/1695 3025/6022/1696
f 2163/1248/351 2164/6023/412 2137/6024/223 2136/1249/351
f 2989/1709/168 2980/1708/168 2979/6025/170 2988/6026/170
f 4627/6027/1697 4618/6028/1697 4617/2623/28 4626/2622/28
f 2582/1395/264 2591/1394/263 2592/6029/1698 2583/6030/1698
f 3231/6031/67 3232/5008/1056 3169/5009/1056 3168/6032/67
f 300/6033/41 301/6034/41 2/6035/41 1/6036/41
f 1903/6037/959 1904/6038/958 1895/6039/4
f 1901/6040/659 1904/6041/166 1902/6042/1015
f 1899/6043/916 1904/6044/961 1900/6045/167
f 1897/6046/963 1904/6047/965 1898/6048/1416
f 1895/6049/4 1904/6050/4 1896/6051/804
f 1898/6048/961 1904/6052/961 1899/6043/916
f 1896/6051/804 1904/6053/965 1897/6046/963
f 1900/6045/659 1904/6054/166 1901/6040/659
f 1902/6042/808 1904/6055/958 1903/6037/959
f 1889/6056/490 1888/3768/491 1897/3771/491 1898/6057/1699
f 4734/6058/1700 4733/5673/1636 4742/5676/1636 4743/6059/1701
f 2278/6060/1176 2251/6061/410 2250/6062/249 2277/6063/249
f 1158/5477/1595 1159/4427/1362 1150/4430/1365 1149/5478/1596
f 4890/6064/1702 4882/6065/719 4819/6066/719 4827/6067/1702
f 4923/1673/498 4922/6068/1703 4725/6069/1704 4724/1674/499
f 215/5950/391 214/6070/1468 223/6071/1468 224/5951/1372
f 4537/6072/1705 4536/6073/1706 4353/6074/1707 4352/6075/1708
f 4773/6076/1709 4782/6077/1710 4774/4654/1414 4765/4653/1414
f 3569/6078/1212 3570/6079/1213 3561/6080/1214 3560/6081/1711
f 508/6082/160 509/2535/110 482/2538/110 481/6083/160
f 213/2794/436 214/1575/478 205/1578/481 204/2795/437
f 1585/4365/1187 1586/5753/1620 1523/5756/1620 1522/4366/1188
f 941/6084/565 950/6085/1712 951/6086/563 942/6087/563
f 2934/5471/909 2935/6088/910 2872/6089/1713 2871/5472/909
f 3693/6090/1714 3692/6091/1715 3608/6092/1716 3607/6093/1717
f 2965/1964/652 2631/1963/651 2630/4342/1325 2964/4341/1324
f 2550/4412/255 2430/4411/255 2429/2432/815 2549/2431/815
f 3496/3908/1213 3497/6094/1718 3488/6095/1377 3487/3909/1214
f 4731/6096/1719 4730/2826/879 4739/2829/879 4740/6097/1720
f 2365/5425/571 2347/5424/415 2346/6098/572 2364/6099/573
f 3235/6100/630 3236/3869/1198 3173/3872/876 3172/6101/1284
f 281/6102/628 282/6103/356 273/6104/359 272/6105/628
f 1940/6106/959 1941/6107/958 1932/6108/4
f 1938/6109/1439 1941/6110/166 1939/6111/1015
f 1936/6112/916 1941/6113/1416 1937/6114/167
f 1934/6115/963 1941/6116/965 1935/6117/1416
f 1932/6118/4 1941/6119/4 1933/6120/804
f 1935/6117/961 1941/6121/1416 1936/6112/916
f 1933/6120/963 1941/6122/965 1934/6115/963
f 1937/6114/659 1941/6123/166 1938/6109/1439
f 1939/6111/808 1941/6124/958 1940/6106/959
f 2924/6125/225 2925/4321/226 2862/4324/1320 2861/6126/225
f 1643/6127/28 1654/6128/28 1944/6129/28 1945/6130/28 1942/6131/28
f 1947/6132/28 1948/6133/28 1649/6134/28 1648/6135/28 1946/6136/28
f 2509/6137/851 2408/6138/851 2407/5700/1641 2508/5699/852
f 1988/6139/160 1989/6140/160 1981/6141/160 1982/6142/160 1951/6143/160 1952/6144/160 1953/6145/160 1949/6146/160 1950/6147/160 1943/6148/160 1942/6149/160 1945/6150/160 1964/6151/160 1965/6152/160 1966/6153/160 1967/6154/160 1968/6155/160 1969/6156/160 1970/6157/160 1971/6158/160 1973/6159/160 1974/6160/160 1975/6161/160 1976/6162/160 1977/6163/160 1978/6164/160 1979/6165/160 1980/6166/160 1959/6167/160 1960/6168/160 1961/6169/160 1962/6170/160 1954/6171/160 1955/6172/160 1956/6173/160 1957/6174/160 1983/6175/160 1984/6176/160 1985/6177/160 1986/6178/160 1987/6179/160
f 4293/6180/28 3349/6181/28 3348/6182/28 4315/6183/28
f 302/6184/221 12/6185/221 11/6186/221 1314/6187/221 1004/6188/221 1003/6189/221
f 471/6190/1721 462/6191/1018 461/3277/1040 470/3276/1039
f 2894/6192/1620 2895/5137/1513 2832/5140/1513 2831/6193/1620
f 4192/6194/1006 4072/6195/1005 4071/1029/231 4191/1028/231
f 1815/6196/490 1814/1907/627 1823/1908/491 1824/6197/490
f 1927/6198/722 1926/6199/490 1935/6200/490 1936/6201/722
f 1972/6202/160 1973/6159/160 1971/6158/160 1963/6203/160 1964/6151/160 1945/6150/160 1951/6143/160 1982/6142/160 1983/6175/160 1957/6174/160 1958/6204/160 1959/6167/160 1980/6166/160
f 2172/6205/351 2173/1384/412 2146/1387/223 2145/6206/351
f 1642/1272/370 1634/6207/656 1571/6208/656 1579/1273/371
f 3271/6209/1722 3270/5428/1582 3075/5431/1583 3074/6210/1723
f 4895/5934/733 4896/6211/394 4833/6212/394 4832/5935/733
f 4076/6213/884 4013/6214/884 4012/6215/1521 4075/6216/1521
f 3497/6094/1718 3498/4885/953 3489/4888/361 3488/6095/1377
f 4186/6217/1521 4066/6218/1521 4065/6219/67 4185/6220/67
f 4568/6221/1724 4567/6222/1725 4394/6223/1726 4393/6224/1727
f 775/6225/658 679/6226/1728 678/4467/823 776/4466/1201
f 741/6227/568 659/6228/1175 658/1200/330 742/1199/329
f 2065/6229/675 2177/6230/675 2068/6231/675 2064/6232/675
f 2002/6233/160 2001/6234/160 2000/6235/160 1999/6236/160 2007/6237/160 2006/6238/160 2005/6239/160 2004/6240/160 2003/6241/160
f 3462/6242/954 3454/6243/307 3445/6244/307 3453/6245/955
f 2011/6246/160 2012/6247/160 2013/6248/160 2014/6249/160 2015/6250/160 2016/6251/160 2008/6252/160 2009/6253/160 2010/6254/160
f 2020/6255/160 2021/6256/160 2022/6257/160 2023/6258/160 2024/6259/160 2025/6260/160 2017/6261/160 2018/6262/160 2019/6263/160
f 3705/6264/963 3707/6265/963 3706/6266/965 3592/6267/804
f 2029/6268/160 2030/6269/160 2031/6270/160 2032/6271/160 2033/6272/160 2034/6273/160 2026/6274/160 2027/6275/160 2028/6276/160
f 140/4535/1396 25/4534/286 24/6277/206 141/6278/206
f 2377/6279/254 2440/6280/254 2432/6281/221 2369/6282/221
f 524/6283/1577 525/813/159 498/816/159 497/6284/119
f 4665/6285/580 4791/6286/1729 4783/6287/632 4657/6288/632
f 3372/1415/430 3363/1414/430 3362/2633/862 3371/2632/862
f 587/6289/163 586/6290/622 595/6291/622 596/6292/163
f 926/5797/423 927/6293/786 918/6294/787 917/5798/424
f 2107/1118/282 2116/1117/119 2117/6295/800 2108/6296/800
f 3126/6297/1730 3135/6298/1731 3136/6299/1732 3127/6300/1733
f 4772/1182/313 4781/1181/312 4782/6077/1710 4773/6076/1709
f 3640/6301/94 3649/6302/1200 3641/6303/8 3632/6304/8
f 2225/6305/1734 2216/6306/1735 2215/6307/1542 2224/6308/1736
f 1615/6309/1737 1614/6310/1738 1411/6311/1739 1410/6312/1740
f 1491/2296/771 1482/2295/770 1481/6313/38 1490/6314/38
f 249/4547/435 250/6315/436 241/6316/1422 240/4548/438
f 4604/6317/1625 4613/6318/1741 4614/6319/1742 4605/6320/1563
f 1801/6321/798 1738/6322/798 1737/1968/654 1800/1967/654
f 1312/6323/41 1005/6324/41 1004/6325/41 1314/6326/41
f 401/2653/714 400/6327/715 314/6328/716 313/2654/717
f 4762/6329/1743 4761/4524/1390 4770/4527/1393 4771/6330/1744
f 2889/6331/1745 2888/6332/1746 2708/6333/1747 2716/6334/1748
f 4539/6335/16 4547/6336/1749 4360/6337/1750 4359/6338/16
f 812/6339/1458 813/6340/1295 804/6341/1296 803/6342/1459
f 2038/3441/615 2037/4006/375 1961/4009/376 1960/3442/228
f 944/6343/1751 688/6344/1752 687/3457/1090 943/3456/1089
f 4570/4368/1340 4569/6345/1753 4392/6346/1754 4391/4369/1341
f 2489/6347/1586 2490/6348/1480 2481/6349/588 2480/6350/1755
f 137/4658/413 28/4657/414 27/2678/415 138/2677/416
f 2176/6351/123 2168/6352/221 2141/6353/221 2149/6354/123
f 835/6355/154 753/6356/154 752/6357/155 834/6358/1756
f 4557/6359/67 4558/6360/256 4495/6361/256 4494/6362/67
f 2403/6363/206 2308/6364/206 2307/6365/207 2404/6366/207
f 3869/6367/1757 3860/6368/1758 3859/3777/1184 3868/3776/1183
f 4058/6369/1095 3964/6370/891 3963/6371/893 4059/6372/893
f 4910/6373/1576 4911/6374/1374 4848/6375/1759 4847/6376/1576
f 2051/6377/774 2050/2157/741 1966/2160/646 1965/6378/776
f 3701/6379/1349 3700/3853/473 3618/3856/476 3617/6380/1350
f 2529/6381/766 2530/6382/762 2521/6383/767 2520/6384/768
f 414/6385/1400 413/4072/1256 337/4075/1257 336/6386/1401
f 4154/6387/231 4053/6388/231 4052/6389/232 4153/6390/1760
f 977/6391/8 1056/6392/8 1055/6393/8 978/6394/8
f 2043/6395/1028 2042/6396/774 1956/6397/776 1955/6398/1029
f 1619/6399/1103 1620/5243/932 1557/5246/932 1556/6400/1103
f 2419/6401/573 2319/6402/572 2318/5057/286 2420/5056/286
f 832/6403/1761 750/6404/1762 749/6405/1763 831/6406/1763
f 2111/6407/1764 2102/6408/1765 2101/3248/1025 2110/3247/1024
f 578/6409/366 587/6410/1766 579/6411/365 570/6412/365
f 4901/1529/462 4900/6413/1589 4702/6414/1592 4710/1530/463
f 2109/6415/1027 2100/6416/1026 2099/1677/502 2108/1676/501
f 286/6417/1011 285/6418/1013 294/6419/1013 295/6420/1509
f 2935/6088/910 2936/6421/1767 2873/6422/175 2872/6089/1713
f 4732/5674/193 4731/6096/1719 4740/6097/1720 4741/5675/193
f 4114/6423/221 4113/6424/221 4112/6425/221 4121/6426/221 4122/6427/221 4123/6428/221 4115/6429/221
f 3088/2454/818 3087/6430/28 3096/6431/28 3097/2455/818
f 2398/6432/1411 2313/6433/1411 2312/5346/413 2399/5345/413
f 3534/6434/1718 3535/3032/953 3526/3035/361 3525/6435/1377
f 3913/6436/1768 3886/6437/171 3885/6438/1569 3912/6439/1569
f 1925/1293/200 1926/5277/389 1917/5278/390 1916/1294/201
f 1014/6440/33 1015/6441/33 1016/6442/33 1013/6443/33
f 3818/5889/1673 3810/6444/67 3783/6445/67 3791/5890/1673
f 3265/2629/859 3264/6446/1769 3063/6447/437 3062/2630/860
f 4073/6448/339 4193/6449/339 4185/6220/67 4065/6219/67
f 522/6450/170 523/6451/800 496/6452/801 495/6453/170
f 3480/3882/540 3398/3881/540 3397/6454/509 3479/6455/508
f 4883/4168/1268 4882/6456/1770 4684/6457/1771 4692/4169/1269
f 4097/954/209 4096/6458/641 4105/6459/641 4106/955/209
f 2117/6460/67 2116/6461/67 2115/6462/67 2114/6463/67 2122/6464/67 2121/6465/67 2120/6466/67 2119/6467/67 2118/6468/67
f 1316/6469/1772 982/6470/1773 981/1352/408 1315/1351/408
f 2126/6471/67 2127/6472/67 2128/6473/67 2129/6474/67 2130/6475/67 2131/6476/67 2123/6477/67 2124/6478/67 2125/6479/67
f 2962/4976/1477 2628/4975/1476 2627/6480/671 2961/6481/670
f 2138/6482/67 2139/6483/67 2140/6484/67 2132/6485/67 2133/6486/67 2134/6487/67 2135/6488/67 2136/6489/67 2137/6490/67
f 4923/6491/1774 4924/6492/1775 4861/6493/1776 4860/6494/1777
f 4588/2466/826 4589/1167/303 4526/1170/306 4525/2467/826
f 2145/6495/67 2146/6496/67 2147/6497/67 2148/6498/67 2149/6499/67 2141/6500/67 2142/6501/67 2143/6502/67 2144/6503/67
f 4536/1784/543 4537/6504/1778 4474/6505/1778 4473/1785/543
f 3572/6506/953 3573/6507/954 3564/6508/955 3563/6509/361
f 2958/6510/1674 2967/6511/84 2968/4795/92 2959/4794/1455
f 3276/6512/225 3277/6513/471 3214/6514/1779 3213/6515/225
f 227/6516/162 126/6517/162 125/1323/221 226/1322/221
f 2489/6518/1116 2488/6519/1780 2497/6520/1780 2498/6521/1116
f 1250/1397/419 1251/1336/402 1188/1339/405 1187/1398/419
f 4447/6522/1781 4448/6523/1782 4439/6524/1783 4438/6525/1784
f 3638/6526/1785 3629/6527/1786 3628/3142/984 3637/3141/983
f 834/6358/1756 752/6357/155 751/6528/821 833/6529/821
f 2490/6348/1480 2491/6530/586 2482/6531/587 2481/6349/588
f 4577/6532/1787 4576/5579/1615 4403/5582/1617 4402/6533/1788
f 4585/4314/1316 4584/6534/1789 4404/6535/1790 4412/4315/1317
f 3249/6536/327 3257/6537/1313 3052/6538/1314 3051/6539/327
f 4444/5886/1670 4445/4720/1428 4436/4723/1431 4435/5887/1671
f 885/6540/389 886/6541/1458 877/6542/1459 876/6543/390
f 2938/6544/904 2937/6545/905 2758/6546/545 2757/6547/906
f 831/6548/1763 749/6549/1763 748/2609/848 830/2608/847
f 580/5638/1629 571/5637/1029 570/6412/365 579/6411/365
f 4045/6550/1096 3950/6551/1635 3949/4594/188 4046/4593/188
f 2292/6552/441 2265/6553/689 2264/5491/439 2291/5490/440
f 1594/3150/690 1593/6554/691 1396/6555/692 1395/3151/590
f 4791/6286/1729 4665/6285/580 4664/4503/1386 4790/4502/1385
f 1620/2136/725 1619/3998/1249 1424/4001/609 1423/2137/726
f 4100/6556/364 4092/6557/365 4083/6558/365 4091/6559/366
f 397/6560/1451 396/6561/1400 318/6562/1401 317/6563/1452
f 582/6564/1791 573/6565/1792 572/5636/1628 581/5635/1627
f 534/1657/10 526/6566/160 499/6567/160 507/1658/159
f 719/6568/173 701/6569/173 700/6570/160 718/6571/160
f 939/6572/1793 683/6573/1794 682/2875/890 938/2874/890
f 515/6574/119 516/6575/159 489/6576/159 488/6577/119
f 1907/5940/1057 1787/5939/1057 1786/5600/599 1906/5599/599
f 4061/6578/398 3961/6579/397 3960/5670/1634 4062/5669/1633
f 3697/3201/854 3698/6580/1795 3671/6581/856 3670/3202/854
f 2927/6582/1103 2928/6583/932 2865/6584/932 2864/6585/1103
f 1398/6586/33 1399/6587/33 1391/4849/33 1371/4792/33 1370/4856/33 1397/4855/33
f 2526/5450/1586 2527/6588/585 2518/6589/588 2517/5451/1587
f 583/6590/1796 574/6591/1797 573/6565/1792 582/6564/1791
f 852/6592/423 853/6593/786 844/6594/787 843/6595/424
f 2163/6596/1798 2162/6597/1799 2084/6598/1800 2083/6599/1801
f 2941/6600/1802 2940/3944/1228 2755/3947/1231 2754/6601/448
f 2362/1126/206 2344/1125/287 2343/6602/207 2361/6603/207
f 1617/5170/1036 1616/6604/1803 1418/6605/1804 1426/5171/1037
f 4208/6606/209 4207/1941/641 4216/1944/641 4217/6607/1805
f 347/6608/955 356/6609/1806 348/6610/307 339/6611/307
f 511/6612/1807 512/6613/168 485/6614/1808 484/6615/516
f 722/6616/568 704/6617/1175 703/4598/330 721/4597/329
f 2403/6618/8 2404/6619/8 2406/6620/8 2407/6621/8 2408/6622/8 2409/6623/8 2410/6624/8 2411/6625/8 2400/6626/8 2401/6627/8 2402/6628/8
f 714/5112/515 713/6629/1197 1355/6630/1197 1356/5113/512
f 4152/6631/1658 4051/6632/1658 4050/6633/883 4151/6634/1809
f 1079/3798/8 1080/6635/8 1081/3791/8 1042/3790/8 1041/6636/8 1040/3804/8 1089/3803/8 1090/6637/8 1091/6638/8 1092/6639/8 1084/6640/8 1085/3799/8
f 2215/6641/221 2216/6642/221 2217/6643/221 2218/6644/221 2219/2201/221 2182/2200/221 2183/6645/221 2184/6646/221 1947/2195/221 2201/2194/221 2202/6647/221 2194/6648/221 2195/2188/221 2211/2187/221 2203/2179/221 2190/2178/221 2191/6649/221 2192/2171/221 2213/2170/221 2214/6650/221
f 3820/6651/734 3822/6652/734 3709/6653/734 3710/6654/734
f 1672/6655/296 1777/6656/296 1776/4896/160 1664/4895/160
f 1994/6657/250 1985/6658/251 1984/6014/252 1993/6013/253
f 4254/6659/895 4245/6660/595 4244/6661/537 4253/6662/537
f 1634/6663/656 1635/1251/353 1572/1254/355 1571/6664/656
f 511/6665/1359 510/6666/972 434/6667/974 433/6668/1360
f 4097/6669/614 4098/6670/615 4089/6671/616 4088/6672/617
f 2492/6673/766 2493/6674/762 2484/6675/767 2483/6676/768
f 1281/4310/1313 1280/6677/1810 1095/6678/1811 1094/4311/1314
f 1598/6679/1058 1599/6680/314 1536/6681/1692 1535/6682/1058
f 2164/6023/412 2165/6683/222 2138/6684/272 2137/6024/223
f 1595/1923/184 1596/3505/1106 1533/3508/182 1532/1924/184
f 3866/6685/856 3865/4403/1358 3874/4404/854 3875/6686/856
f 1639/6687/1177 1638/2093/699 1441/2096/702 1440/6688/1178
f 4/6689/675 3/6690/675 424/6691/675 425/6692/675
f 3232/6693/1510 3231/6694/1075 3033/6695/1075 3041/6696/1511
f 3518/5033/874 3417/5032/874 3416/6697/540 3517/6698/540
f 3681/6699/603 3682/1668/493 3655/1671/496 3654/6700/1812
f 2263/6701/221 2264/6702/221 2265/6703/221 2257/6704/221 2258/6705/221 2259/6706/221 2260/6707/221 2261/6708/221 2262/6709/221
f 104/6710/1813 54/6711/286 53/5300/206 105/5299/206
f 3993/6712/8 4001/6713/1814 4643/6714/1814 4635/6715/8
f 3799/5360/1564 3800/6716/1673 3773/6717/1673 3772/5361/1564
f 1291/6718/28 1292/6719/411 1229/6720/411 1228/6721/28
f 2274/6722/347 2190/6723/347 2266/6724/225
f 2266/6725/225 2190/6726/347 2189/6727/1416
f 2266/6725/225 2189/6727/1416 2267/6728/1416
f 2267/6728/1416 2189/6727/1416 2188/6729/917
f 2267/6728/1416 2188/6729/917 2268/6730/1416
f 2268/6730/1416 2188/6729/917 2187/6731/1439
f 2268/6730/1416 2187/6731/1439 2269/6732/166
f 2269/6732/166 2187/6731/1439 2186/6733/165
f 2269/6732/166 2186/6733/165 2270/6734/167
f 2270/6734/167 2186/6733/165 2185/6735/1058
f 2270/6734/167 2185/6735/1058 2271/6736/1055
f 2271/6736/1055 2185/6735/1058 2193/6737/1055
f 2271/6736/1055 2193/6737/1055 2272/6738/444
f 2272/6738/444 2193/6737/1055 2192/6739/444
f 2272/6738/444 2192/6739/444 2273/6740/347
f 2273/6740/347 2192/6739/444 2191/6741/1815
f 2273/6740/347 2191/6741/1815 2274/6722/347
f 2274/6722/347 2191/6741/1815 2190/6723/347
f 2155/6742/705 2154/6743/1798 2074/6744/1801 2073/6745/706
f 4021/6746/1619 3947/6747/1619 3946/6748/891 4022/6749/891
f 2380/6750/1411 2304/6751/1411 2303/6752/414 2381/6753/413
f 1316/6754/1105 1325/6755/1105 1326/6756/148 1317/6757/634
f 3367/6758/1816 3358/6759/947 3357/6760/1299 3366/6761/1299
f 48/6762/41 311/6763/41 310/6764/41 49/6765/41
f 3536/3033/954 3528/6766/307 3519/6767/307 3527/3034/955
f 2283/6768/1173 2199/6769/347 2275/6770/225
f 2275/6771/225 2199/6772/347 2198/6773/1416
f 2275/6771/225 2198/6773/1416 2276/6774/917
f 2276/6774/917 2198/6773/1416 2197/6775/917
f 2276/6774/917 2197/6775/917 2277/6776/1416
f 2277/6776/1416 2197/6775/917 2196/6777/1439
f 2277/6776/1416 2196/6777/1439 2278/6778/1439
f 2278/6778/1439 2196/6777/1439 2195/6779/166
f 2278/6778/1439 2195/6779/166 2279/6780/166
f 2279/6780/166 2195/6779/166 2194/6781/1058
f 2279/6780/166 2194/6781/1058 2280/6782/1055
f 2280/6782/1055 2194/6781/1058 2202/6783/1055
f 2280/6782/1055 2202/6783/1055 2281/6784/444
f 2281/6784/444 2202/6783/1055 2201/6785/444
f 2281/6784/444 2201/6785/444 2282/6786/347
f 2282/6786/347 2201/6785/444 2200/6787/1815
f 2282/6786/347 2200/6787/1815 2283/6768/1173
f 2283/6768/1173 2200/6787/1815 2199/6769/347
f 2525/6788/1780 2524/6789/221 2533/6790/221 2534/6791/1780
f 135/6792/241 30/6793/241 29/4656/1411 136/4655/1415
f 3263/6794/1528 3262/3448/1082 3065/3451/1085 3064/6795/1529
f 2223/6796/1817 2214/6797/1818 2213/4290/717 2222/4289/1308
f 398/5912/538 399/6798/539 372/6799/1819 371/5913/537
f 2531/6800/478 2532/6801/479 2523/6802/480 2522/6803/764
f 2292/6804/1173 2208/6805/347 2284/6806/225
f 2284/6807/225 2208/6808/347 2207/6809/1416
f 2284/6807/225 2207/6809/1416 2285/6810/1416
f 2285/6810/1416 2207/6809/1416 2206/6811/917
f 2285/6810/1416 2206/6811/917 2286/6812/1416
f 2286/6812/1416 2206/6811/917 2205/6813/1439
f 2286/6812/1416 2205/6813/1439 2287/6814/1439
f 2287/6814/1439 2205/6813/1439 2204/6815/166
f 2287/6814/1439 2204/6815/166 2288/6816/166
f 2288/6816/166 2204/6815/166 2203/6817/1058
f 2288/6816/166 2203/6817/1058 2289/6818/1055
f 2289/6818/1055 2203/6817/1058 2211/6819/1055
f 2289/6818/1055 2211/6819/1055 2290/6820/444
f 2290/6820/444 2211/6819/1055 2210/6821/444
f 2290/6820/444 2210/6821/444 2291/6822/347
f 2291/6822/347 2210/6821/444 2209/6823/1815
f 2291/6822/347 2209/6823/1815 2292/6804/1173
f 2292/6804/1173 2209/6823/1815 2208/6805/347
f 3250/6824/1820 3251/5315/279 3188/5318/279 3187/6825/1820
f 1289/6826/859 1288/6827/1769 1105/6828/437 1104/6829/860
f 2315/6830/8 2316/6831/8 2317/6832/8 2318/6833/8 2319/6834/8 2320/6835/8 2321/6836/8 2322/6837/8 2339/6838/8 2340/6839/8 2341/6840/8 2333/6841/8 2334/6842/8 2301/6843/8 2302/6844/8 2303/6845/8 2304/6846/8 2305/6847/8 2297/6848/8 2298/6849/8 2358/6850/8 2359/6851/8 2351/6852/8 2296/6853/8 2294/6854/8 2293/6855/8 2179/6856/8 2177/6857/8 2065/6858/8 2308/6859/8 2309/6860/8 2310/6861/8 2311/6862/8
f 644/6863/439 617/6864/1821 616/6865/441 643/6866/441
f 4116/6867/232 4034/6868/232 4033/6869/1822 4115/6870/1658
f 2352/6871/8 2353/6872/8 2344/6873/8 2345/6874/8 2346/6875/8 2347/6876/8 2348/6877/8 2349/6878/8 2350/6879/8 2342/6880/8 2343/6881/8 2328/6882/8 2329/6883/8 2306/6884/8 2307/6885/8 2308/6859/8 2065/6858/8 2063/6886/8 2062/6887/8 2296/6853/8 2351/6852/8
f 2355/6888/8 2356/6889/8 2357/6890/8 2358/6850/8 2298/6849/8 2299/6891/8 2300/6892/8 2301/6843/8 2334/6842/8 2335/6893/8 2336/6894/8 2337/6895/8 2338/6896/8 2339/6838/8 2322/6837/8 2323/6897/8 2315/6830/8 2311/6862/8 2312/6898/8 2313/6899/8 2314/6900/8 2306/6884/8 2329/6883/8 2330/6901/8 2331/6902/8 2332/6903/8 2324/6904/8 2325/6905/8 2326/6906/8 2327/6907/8 2328/6882/8 2343/6881/8 2344/6873/8 2353/6872/8 2354/6908/8
f 643/6866/441 616/6865/441 615/1692/28 642/1691/28
f 4913/6909/1823 4914/2063/680 4851/2064/680 4850/6910/1823
f 2643/6911/33 2672/6912/33 2644/6913/33
f 2488/6519/1780 2487/6914/221 2496/6915/221 2497/6520/1780
f 4925/6916/1824 4926/6917/1825 4863/6918/1825 4862/6919/1826
f 1266/6920/1827 1267/5603/1620 1204/5606/1622 1203/6921/1513
f 739/6922/658 661/6923/658 660/6924/823 740/6925/1828
f 3677/6926/33 3678/5687/517 3651/5690/89 3650/6927/33
f 270/6928/635 150/6929/635 149/6930/833 269/6931/833
f 407/6932/1450 406/6933/1451 326/6934/1452 325/6935/1453
f 4096/4578/742 4097/6669/614 4088/6672/617 4087/4579/743
f 3426/4340/1271 3307/4339/1271 3306/6936/28 3418/6937/28
f 2113/3504/110 2122/3503/1105 2114/4384/160 2105/4383/160
f 1748/2220/173 1694/2219/173 1693/6938/160 1740/6939/160
f 4553/6940/1829 4552/6941/1830 4373/6942/1831 4372/6943/1832
f 3264/6446/1769 3263/6794/1528 3064/6795/1529 3063/6447/437
f 2277/6063/249 2250/6062/249 2249/6944/193 2276/6945/193
f 4790/6946/1833 4799/6947/1833 4800/6948/1348 4791/6949/1348
f 3806/1886/318 3805/6950/319 3725/6951/320 3724/1887/321
f 746/6952/33 747/2706/33 744/2705/33 736/6953/33 737/2698/33 752/2697/33 753/6954/33 745/6955/33
f 2370/6956/8 2371/6957/8 2361/6958/8 2360/6959/8 2368/6960/8 2376/6961/8 2377/6962/8 2369/6963/8
f 1291/6964/1614 1299/6965/1078 1112/6966/1081 1111/6967/1614
f 2388/6968/8 2389/6969/8 2390/6970/8 2391/6971/8 2392/6972/8 2393/6973/8 2394/6974/8 2379/6975/8 2380/6976/8 2381/6977/8 2382/6978/8 2383/6979/8 2384/6980/8 2385/6981/8 2386/6982/8 2378/6983/8 2387/6984/8
f 946/6985/1834 955/6986/1835 947/6987/221 938/6988/221
f 2362/6989/8 2361/6958/8 2371/6957/8 2372/6990/8 2373/6991/8 2374/6992/8 2375/6993/8 2376/6961/8 2368/6960/8 2367/6994/8 2366/6995/8 2365/6996/8 2364/6997/8 2363/6998/8
f 3494/5433/454 3495/3907/1212 3486/3910/711 3485/5434/455
f 920/6999/199 921/3940/200 912/3943/201 911/7000/202
f 1739/7001/797 1802/7002/797 1794/7003/160 1731/7004/160
f 758/7005/1201 669/7006/823 668/7007/569 759/7008/568
f 352/7009/567 361/7010/567 362/7011/409 353/7012/409
f 4902/7013/1836 4903/7014/305 4840/7015/304 4839/7016/1837
f 1282/7017/1281 1290/7018/858 1103/7019/861 1102/7020/1282
f 4760/4525/1391 4759/7021/1838 4768/7022/1839 4769/4526/1392
f 193/7023/186 111/7024/268 110/7025/187 192/7026/778
f 966/1086/265 957/1085/265 956/7027/160 965/7028/160
f 244/7029/221 252/7030/1372 261/7031/1372 253/7032/221
f 3277/5747/1651 3276/7033/685 3078/7034/688 3086/5748/1652
f 3229/6020/1694 3228/7035/1840 3027/7036/1841 3026/6021/1695
f 2402/7037/1813 2309/7038/286 2308/6364/206 2403/6363/206
f 395/7039/217 396/2097/703 369/2100/278 368/7040/1842
f 2890/7041/1843 2889/6331/1745 2716/6334/1748 2715/7042/1844
f 2930/2979/921 2929/7043/724 2748/7044/727 2747/2980/425
f 1049/7045/33 1054/7046/33 1052/7047/33 1050/7048/33
f 2562/5332/356 2563/7049/1586 2554/7050/1755 2553/5333/359
f 4451/7051/1845 4460/7052/467 4461/7053/1846 4452/7054/1846
f 2314/7055/241 2397/7056/241 2396/7057/221 2306/7058/221
f 4576/7059/261 4577/7060/262 4514/7061/1847 4513/7062/261
f 760/1818/570 667/1817/330 666/7063/1848 761/7064/332
f 1590/7065/482 1591/4969/914 1528/4970/914 1527/7066/482
f 2183/7067/97 2182/7068/97 1709/7069/97 1708/7070/97
f 3815/5815/1664 3816/7071/1563 3789/7072/1849 3788/5816/1625
f 537/7073/4 651/7074/4 539/7075/4 536/7076/4
f 4873/7077/33 4874/7078/1850 4811/7079/1850 4810/7080/33
f 1504/7081/992 1513/7082/992 1514/7083/1254 1505/7084/1254
f 945/5207/1523 954/5206/1522 955/6986/1835 946/6985/1834
f 2491/6530/586 2492/6673/766 2483/6676/768 2482/6531/587
f 4567/6222/1725 4566/7085/1851 4386/7086/1852 4394/6223/1726
f 509/7087/973 508/7088/447 427/7089/447 435/7090/526
f 4912/7091/1373 4913/6909/1823 4850/6910/1823 4849/7092/1373
f 3552/7093/1853 3432/7094/510 3431/7095/1423 3551/7096/842
f 3529/5713/1496 3528/7097/28 3537/7098/28 3538/5714/1496
f 4273/6006/1689 4607/6005/1688 4599/7099/1854 4265/7100/1854
f 4209/5803/208 4208/6606/209 4217/6607/1805 4218/5804/208
f 2064/7101/486 2066/7102/486 1943/7103/486 1950/7104/486
f 3474/987/181 3392/986/181 3391/7105/28 3473/7106/28
f 1476/7107/1855 1475/7108/1856 1484/7109/1856 1485/7110/1855
f 3548/884/181 3428/883/181 3427/7111/28 3547/7112/28
f 4602/2316/785 4611/2315/784 4612/7113/1623 4603/7114/1623
f 3804/7115/1539 3803/5776/1659 3727/5777/1541 3726/7116/1542
f 2154/6743/1798 2153/7117/1857 2075/7118/1800 2074/6744/1801
f 4805/7119/160 4806/7120/160 4807/7121/160 4808/7122/160 4809/7123/160 4801/7124/160 4802/7125/160 4803/7126/160 4804/7127/160
f 3796/7128/319 3795/5263/1539 3717/5266/1542 3716/7129/320
f 1299/6965/1078 1298/7130/1079 1113/7131/1080 1112/6966/1081
f 919/7132/160 927/7133/535 936/7134/535 928/7135/160
f 1325/6755/1105 1316/6754/1105 1315/7136/160 1324/7137/160
f 4172/1268/208 4171/7138/209 4180/7139/209 4181/1269/208
f 2967/6511/84 2958/6510/1674 2957/7140/221 2966/7141/221
f 2883/7142/33 2884/7143/33 2885/7144/33 2886/7145/33 2887/7146/33 2879/7147/33 2880/7148/33 2881/7149/33 2882/7150/33
f 3265/1204/334 3266/7151/355 3203/7152/353 3202/1205/334
f 2467/7153/340 2468/7154/340 2459/7155/41
f 2465/7156/443 2468/7157/301 2466/7158/1055
f 2463/7159/806 2468/7160/348 2464/7161/299
f 2461/7162/1417 2468/7163/1173 2462/7164/805
f 2459/7165/41 2468/7166/41 2460/7167/347
f 2462/7164/348 2468/7168/348 2463/7159/806
f 2460/7167/347 2468/7169/1173 2461/7162/1417
f 2464/7161/1169 2468/7170/301 2465/7156/443
f 2466/7158/1170 2468/7171/340 2467/7153/340
f 778/3447/330 676/3446/330 675/7172/1408 779/7173/332
f 973/7174/1858 964/7175/1859 963/7176/1860 972/7177/1860
f 246/7178/270 245/7179/987 254/7180/987 255/7181/270
f 3803/7182/783 3804/7183/1861 3777/7184/784 3776/7185/783
f 4869/2711/870 4868/7186/1862 4671/7187/1863 4670/2712/871
f 1142/7188/1864 1133/7189/1864 1132/7190/1322 1141/7191/1322
f 4563/7192/1846 4564/1536/467 4501/1539/467 4500/7193/1865
f 2169/7194/84 2170/7195/92 2143/7196/92 2142/7197/84
f 1636/7198/1866 1635/7199/1224 1444/7200/1227 1443/7201/1867
f 1349/7202/1868 1340/7203/92 1339/7204/1869 1348/7205/352
f 3491/7206/307 3492/7207/308 3483/7208/309 3482/7209/307
f 2910/2086/694 2911/7210/419 2848/7211/1870 2847/2087/694
f 4457/7212/1871 4349/7213/1487 4348/7214/1872 4456/7215/1873
f 4766/4652/1413 4775/4651/1412 4776/3949/1233 4767/3948/1232
f 2631/7216/28 2623/7217/28 2617/7218/28 2618/7219/28 2619/7220/28 2620/7221/28 2628/7222/28 2629/7223/28 2630/7224/28
f 4886/4695/1419 4885/1945/643 4690/1948/646 4689/4696/1420
f 3799/3744/792 3798/7225/608 3714/7226/609 3713/3745/793
f 2905/7227/1056 2897/7228/67 2834/7229/67 2842/7230/1056
f 2916/5787/1588 2917/7231/1874 2854/7232/1874 2853/5788/1588
f 151/7233/391 271/7234/391 263/4320/221 143/4319/221
f 2566/5791/1394 2565/5044/1502 2574/5047/1502 2575/5792/1662
f 4205/4118/1262 4204/2616/831 4213/2619/831 4214/4119/832
f 3812/7235/1540 3811/7236/648 3737/7237/650 3736/7238/1541
f 3633/7239/1310 3642/7240/80 3643/7241/1264 3634/7242/1264
f 3819/7243/964 3821/7244/964 3820/7245/807 3710/7246/959
f 2504/7247/1170 2505/7248/340 2496/7249/41
f 2502/7250/443 2505/7251/301 2503/7252/1170
f 2500/7253/806 2505/7254/348 2501/7255/299
f 2498/7256/346 2505/7257/1173 2499/7258/805
f 2496/7259/41 2505/7260/41 2497/7261/1173
f 2499/7258/348 2505/7262/348 2500/7253/806
f 2497/7261/347 2505/7263/1173 2498/7256/346
f 2501/7255/299 2505/7264/301 2502/7250/443
f 2503/7252/444 2505/7265/340 2504/7247/1170
f 2415/7266/241 2323/7267/241 2322/7268/1411 2416/7269/1411
f 1833/4191/1057 1751/4190/1057 1750/1868/599 1832/1867/599
f 3219/7270/8 3220/7271/8 3221/7272/8 3213/7273/8 3214/7274/8 3215/7275/8 3216/7276/8 3217/7277/8 3218/7278/8
f 4094/7279/1875 4093/4949/831 4102/4952/831 4103/7280/832
f 2038/7281/1508 2039/7282/537 2012/7283/538 2011/7284/539
f 270/7285/33 269/7286/33 268/7287/33 267/7288/33 275/7289/33 276/7290/33 277/7291/33 278/7292/33 279/7293/33 280/7294/33 272/7295/33 273/7296/33 274/7297/33 266/7298/33 265/7299/33 264/7300/33 263/7301/33 271/7302/33
f 2795/7303/33 2796/7304/33 2783/7305/33 2782/7306/33 2781/7307/33 2794/7308/33
f 2569/3704/479 2561/7309/628 2552/7310/628 2560/3705/480
f 2519/7311/33 2520/7312/33 2521/7313/33 2522/7314/33 2523/7315/33 2515/7316/33 2506/7317/33 2514/7318/33 2513/7319/33 2512/7320/33 2511/7321/33 2510/7322/33 2518/7323/33
f 251/7324/478 252/3589/479 243/3592/480 242/7325/481
f 4881/7326/1876 4880/5014/1488 4677/5017/1491 4676/7327/1877
f 415/4777/1451 414/6385/1400 336/6386/1401 335/4778/1452
f 1288/7328/333 1289/7329/334 1226/7330/354 1225/7331/333
f 2156/7332/1403 2155/6742/705 2073/6745/706 2072/7333/707
f 1609/7334/708 1608/7335/1878 1417/7336/434 1416/7337/709
f 2785/7338/33 2784/7339/33 2783/7305/33 2796/7304/33 2797/7340/33 2789/7341/33 2790/7342/33 2791/7343/33 2792/7344/33 2793/7345/33 2794/7308/33 2781/7307/33 2780/7346/33 2788/7347/33 2787/7348/33 2786/7349/33
f 3532/5384/1570 3531/2273/214 3540/2276/214 3541/5385/338
f 3238/7350/914 3239/7351/482 3176/7352/482 3175/7353/914
f 4597/7354/8 3294/7355/8 3293/7356/8 4595/7357/8
f 3701/7358/494 3702/7359/1101 3675/7360/1102 3674/7361/495
f 1461/7362/1879 1460/7363/1880 1469/7364/1881 1470/7365/1882
f 2440/6280/254 2377/6279/254 2376/7366/255 2439/7367/442
f 2541/7368/340 2542/7369/340 2533/7370/41
f 2539/7371/443 2542/7372/299 2540/7373/1055
f 2537/7374/806 2542/7375/348 2538/7376/301
f 2535/7377/1417 2542/7378/1173 2536/7379/805
f 2533/7380/41 2542/7381/41 2534/7382/347
f 2536/7379/806 2542/7383/348 2537/7374/806
f 2534/7382/347 2542/7384/1173 2535/7377/1417
f 2538/7376/1169 2542/7385/299 2539/7371/443
f 2540/7373/444 2542/7386/340 2541/7368/340
f 518/1478/110 519/7387/148 492/7388/634 491/1479/110
f 1279/7389/994 1280/7390/1113 1217/7391/1114 1216/7392/994
f 3149/7393/1820 3158/7394/1820 3150/7395/160 3141/7396/160
f 3642/7240/80 3633/7239/1310 3632/6304/8 3641/6303/8
f 2588/7397/1859 2597/7398/1858 2589/1950/160 2580/1949/160
f 4556/7399/735 4548/7400/734 4485/7401/734 4493/7402/735
f 2281/7403/887 2254/7404/1454 2253/1812/567 2280/1811/567
f 4265/7405/8 4266/7406/8 4258/7407/8 4259/7408/8
f 645/4509/1389 618/4508/887 617/6864/1821 644/6863/439
f 2559/7409/33 2550/7410/33 2549/7411/33 2548/7412/33 2547/7413/33 2546/7414/33 2545/7415/33 2554/7416/33 2555/7417/33 2556/7418/33 2557/7419/33 2558/7420/33
f 2176/7421/1059 2175/7422/1060 2089/7423/1061 2088/7424/1062
f 2174/1385/222 2175/7425/1883 2148/7426/75 2147/1386/272
f 4041/3465/893 3954/3464/893 3953/5987/396 4042/5986/1603
f 4547/6336/1749 4546/7427/1884 4361/7428/1885 4360/6337/1750
f 4132/2300/775 4133/7429/742 4124/7430/743 4123/2301/646
f 1268/4930/844 1267/7431/1886 1090/7432/588 1089/4931/845
f 3251/3036/956 3250/1195/326 3059/1198/328 3058/3037/957
f 631/2977/919 604/2976/249 603/7433/410 630/7434/410
f 4655/7435/160 4671/7436/160 4672/7437/160 4656/7438/160
f 4629/7439/1462 4620/7440/1462 4619/7441/1887 4628/7442/1887
f 3387/7443/945 3339/7444/946 3338/7445/947 3388/7446/1816
f 2413/7447/8 2405/7448/8 2406/6620/8 2404/6619/8 2396/7449/8 2397/7450/8 2398/7451/8 2399/7452/8 2400/6626/8 2411/6625/8 2412/7453/8
f 4037/7454/339 4119/7455/339 4111/7456/67 4029/7457/67
f 1616/7458/225 1617/4877/226 1554/4880/226 1553/7459/225
f 3513/7460/1888 3412/7461/1424 3411/7462/180 3512/7463/180
f 2578/7464/340 2579/7465/340 2570/7466/41
f 2576/7467/443 2579/7468/301 2577/7469/1170
f 2574/7470/806 2579/7471/348 2575/7472/301
f 2572/7473/1417 2579/7474/1173 2573/7475/805
f 2570/7476/41 2579/7477/41 2571/7478/347
f 2573/7475/805 2579/7479/348 2574/7470/806
f 2571/7478/347 2579/7480/1173 2572/7473/1417
f 2575/7472/1169 2579/7481/301 2576/7467/443
f 2577/7469/444 2579/7482/340 2578/7464/340
f 3096/7483/1426 3104/4925/1471 3113/4928/1474 3105/7484/1426
f 1725/5306/329 1716/5305/330 1715/7485/332 1724/7486/332
f 811/7487/389 812/6339/1458 803/6342/1459 802/7488/390
f 3794/7489/783 3795/7490/1889 3768/7491/784 3767/7492/783
f 3147/3285/1048 3021/3284/1047 3020/7493/613 3146/7494/788
f 508/7495/447 516/1312/385 428/1315/388 427/7496/447
f 423/7497/734 535/7498/734 426/7499/734 422/7500/734
f 1599/6680/314 1600/5323/730 1537/5326/730 1536/6681/1692
f 4075/6216/1521 4012/6215/1521 4011/1227/67 4074/1226/67
f 190/2340/162 108/2339/162 107/5314/221 189/5313/221
f 1610/7501/1254 1611/7502/992 1548/7503/1890 1547/7504/1254
f 1328/7505/28 1327/7506/28 1326/7507/28 1325/7508/28 1324/7509/28 1332/7510/28 1331/7511/28 1330/7512/28 1329/7513/28
f 1723/7514/173 1714/7515/173 1713/5720/160 1722/5719/160
f 2037/5678/622 2038/7281/1508 2011/7284/539 2010/5679/622
f 1710/7516/719 2622/7517/719 2621/7518/719 1711/7519/719
f 2942/7520/656 2943/7521/353 2880/7522/1891 2879/7523/656
f 3999/5053/1505 3998/7524/1892 4640/7525/1893 4641/5054/1506
f 1887/7526/199 1888/1316/200 1879/1319/201 1878/7527/202
f 2164/2102/705 2163/6596/1798 2083/6599/1801 2082/2103/706
f 210/7528/269 209/7529/1894 218/7530/270 219/7531/271
f 68/7532/8 69/7533/8 77/7534/8 78/7535/8 79/7536/8 71/7537/8 67/7538/8
f 1144/960/213 1135/959/212 1134/7539/1895 1143/7540/1895
f 4227/7541/567 4236/7542/1165 4237/7543/887 4228/7544/887
f 3146/7545/372 3155/7546/372 3156/5342/280 3147/5341/280
f 2615/7547/345 2338/7548/1173 2607/7549/41
f 2607/7550/41 2338/7551/1173 2337/7552/1055
f 2607/7550/41 2337/7552/1055 2608/7553/1170
f 2608/7553/1170 2337/7552/1055 2336/7554/1170
f 2608/7553/1170 2336/7554/1170 2609/7555/340
f 2609/7555/340 2336/7554/1170 2335/7556/341
f 2609/7555/340 2335/7556/341 2610/7557/300
f 2610/7557/300 2335/7556/341 2334/7558/299
f 2610/7557/300 2334/7558/299 2611/7559/299
f 2611/7559/299 2334/7558/299 2333/7560/32
f 2611/7559/299 2333/7560/32 2612/7561/1171
f 2612/7561/1171 2333/7560/32 2341/7562/343
f 2612/7561/1171 2341/7562/343 2613/7563/805
f 2613/7563/805 2341/7562/343 2340/7564/806
f 2613/7563/805 2340/7564/806 2614/7565/346
f 2614/7565/346 2340/7564/806 2339/7566/347
f 2614/7565/346 2339/7566/347 2615/7547/345
f 2615/7547/345 2339/7566/347 2338/7548/1173
f 716/7567/1607 715/5111/514 1357/5114/514 1358/7568/1604
f 1627/2927/910 1628/5560/175 1565/5563/175 1564/2928/911
f 4048/7569/160 4049/7570/160 4044/7571/160 4045/7572/160 4046/7573/160 4047/7574/160
f 2385/7575/206 2299/7576/1896 2298/7577/207 2386/7578/207
f 3281/2999/932 3282/3497/1103 3219/3500/1103 3218/3000/932
f 635/7579/439 608/7580/440 607/3550/689 634/3549/441
f 2108/6296/800 2117/6295/800 2118/2919/170 2109/2918/907
f 1857/7581/302 1856/7582/1266 1865/7583/1267 1866/7584/302
f 2295/7585/28 2634/7586/28 2635/7587/28 2636/7588/28 2637/7589/28 2638/7590/28 2639/7591/28 2640/7592/28 2620/7221/28 2621/7593/28 2622/7594/28
f 3891/7595/67 3892/7596/67 3893/7597/67 3894/7598/67 3895/7599/67 3896/7600/67 3897/7601/67 3898/7602/67 3890/7603/67
f 1607/7604/433 1615/6309/1737 1410/6312/1740 1409/7605/433
f 4784/7606/1897 4658/7607/1898 4657/6288/632 4783/6287/632
f 3685/7608/134 3677/7609/33 3650/7610/33 3658/7611/1899
f 3457/1515/454 3458/7612/1212 3449/7613/711 3448/1516/455
f 349/4031/689 358/4030/689 359/7614/439 350/7615/439
f 2656/7616/8 2657/7617/8 2658/7618/8 2655/7619/8
f 1473/7620/33 1474/4935/33 1463/4934/33 1471/7621/33 1470/4943/33 1472/4942/33
f 1143/7540/1895 1134/7539/1895 1133/7622/1864 1142/7623/1864
f 2659/7624/1900 2653/3658/1161 1706/3657/1160 2667/7625/1901
f 2659/7624/1900 2654/7626/1902 2653/3658/1161
f 1682/3665/1167 2660/7627/1903 1683/7628/486
f 1683/7628/486 2660/7627/1903 2661/7629/486
f 1683/7628/486 2661/7629/486 1684/7630/656
f 1684/7630/656 2661/7629/486 2662/7631/656
f 1684/7630/656 2662/7631/656 1685/7632/656
f 1685/7632/656 2662/7631/656 2663/7633/1149
f 1685/7632/656 2663/7633/1149 1686/7634/1148
f 2658/7635/1904 2668/7636/1905 2664/7637/1906 1702/7638/1907 2655/7639/1908
f 2671/7640/1150 2663/3642/1149 2670/7641/1909
f 4545/7642/1910 4546/7643/1911 4483/7644/1912 4482/7645/1910
f 2669/7646/225 2664/7637/1906 2668/7636/1905
f 1013/7647/1913 1016/7648/1914 1026/3634/1143 1022/3633/1142 60/3644/1151
f 3324/7649/1915 4296/7650/1916 4301/7651/1917 4302/7652/1918
f 1702/7638/1907 2664/7637/1906 1703/7653/225
f 1703/7653/225 2664/7637/1906 2665/7654/225
f 1703/7653/225 2665/7654/225 1704/7655/225
f 1704/7655/225 2665/7654/225 2666/7656/1919
f 1704/7655/225 2666/7656/1919 1705/7657/1058
f 1705/7657/1058 2666/7656/1919 2667/7625/1901
f 1705/7657/1058 2667/7625/1901 1706/3657/1160
f 4301/7651/1917 4295/7658/1920 3348/3624/1139 4309/7659/1921
f 2652/3656/1159 2673/7660/1922 1706/3657/1160
f 3459/7661/1213 3460/7662/1718 3451/7663/1377 3450/7664/1214
f 4294/3622/1137 3348/3624/1139 4295/7658/1920 4283/7665/1923
f 4296/7650/1916 3324/7649/1915 4285/7666/1924 4284/7667/1925
f 869/7668/1926 768/7669/1762 767/7670/1763 868/7671/1763
f 1010/3651/1154 64/3605/1125 1011/3604/1124 999/7672/1927
f 2667/7673/166 2680/7674/165 2659/7675/734
f 2659/7675/734 2680/7674/165 2681/7676/964
f 2659/7675/734 2681/7676/964 2682/7677/1015
f 2666/7678/659 2678/7679/659 2667/7673/166
f 2667/7673/166 2678/7679/659 2679/7680/1439
f 2667/7673/166 2679/7680/1439 2680/7674/165
f 2665/7681/960 2676/7682/917 2666/7678/659
f 2666/7678/659 2676/7682/917 2677/7683/660
f 2666/7678/659 2677/7683/660 2678/7679/659
f 2676/7682/917 2665/7681/960 2675/7684/918
f 2675/7684/918 2665/7681/960 2664/7685/960
f 2675/7684/918 2664/7685/960 2674/7686/1928
f 2674/7687/1928 2664/7688/960 2663/7689/803
f 2674/7687/1928 2663/7689/803 2686/7690/965
f 2686/7690/965 2663/7689/803 2662/7691/803
f 2686/7690/965 2662/7691/803 2685/7692/816
f 2685/7692/816 2662/7691/803 2661/7693/958
f 2685/7692/816 2661/7693/958 2684/7694/808
f 2684/7694/808 2661/7693/958 2660/7695/1015
f 2684/7694/808 2660/7695/1015 2683/7696/964
f 2683/7696/964 2660/7695/1015 2682/7677/1015
f 2682/7677/1015 2660/7695/1015 2659/7675/734
f 2688/7697/33 2689/7698/33 2690/7699/33 2671/7700/33 2670/7701/33 2669/7702/33 2668/7703/33 2687/7704/33
f 3753/3244/1023 3744/3243/1022 3743/7705/1929 3752/7706/1930
f 1919/7707/8 1920/7708/8 1921/7709/8 1922/4328/8 1913/4327/8 1912/7710/8 1911/7711/8 1910/7712/8 1909/7713/8 1908/7714/8 1907/7715/8 1906/7716/8 1905/4330/8 1914/4329/8 1915/7717/8 1916/7718/8 1917/7719/8 1918/7720/8
f 2565/1844/586 2566/2287/766 2557/2290/768 2556/1845/587
f 4889/7721/1931 4890/6064/1702 4827/6067/1702 4826/7722/1932
f 1501/5860/1668 1510/5859/1068 1511/7723/1933 1502/7724/1933
f 906/7725/1762 786/7726/1762 785/7727/1763 905/7728/1763
f 3636/5746/1650 3645/5745/1569 3646/7729/171 3637/7730/171
f 4285/7731/221 4314/7732/221 4286/7733/221
f 2552/7734/33 2553/7735/33 2554/7416/33 2545/7415/33 2544/7736/33 2543/7737/33 2551/7738/33 2550/7410/33 2559/7409/33 2560/7739/33
f 4691/7740/160 4692/7741/160 4653/7742/160 4652/7743/160 4651/7744/160 4650/7745/160 4697/7746/160 4698/7747/160 4699/7748/160 4700/7749/160 4701/7750/160 4693/7751/160 4694/7752/160 4695/7753/160 4733/7754/160 4734/7755/160 4735/7756/160 4736/7757/160 4676/7758/160 4677/7759/160 4678/7760/160 4679/7761/160 4685/7762/160 4686/7763/160 4687/7764/160 4688/7765/160 4689/7766/160 4690/7767/160
f 210/5357/623 211/7768/624 202/7769/625 201/5358/626
f 1851/1661/491 1850/1171/164 1859/1174/164 1860/1662/491
f 1712/7770/28 2697/7771/28 2698/7772/28 1687/7773/28 1686/7774/28 2656/7775/28 2655/7776/28 1702/7777/28
f 1292/6719/411 1293/7778/598 1230/7779/720 1229/6720/411
f 883/4120/533 882/7780/160 891/7781/160 892/4121/533
f 1050/7782/67 1045/7783/67 1026/7784/67 1016/7785/67 1015/7786/67 1029/7787/67 1048/7788/67 1049/7789/67
f 3529/1176/308 3530/7790/453 3521/7791/456 3520/1177/309
f 744/2409/173 656/2408/173 655/7792/160 736/7793/160
f 2273/2076/439 2246/2075/439 2245/3092/967 2272/3091/887
f 3571/7794/1934 3570/7795/337 3579/7796/1571 3580/7797/1935
f 3813/7798/785 3814/5814/1623 3787/5817/1665 3786/7799/784
f 2737/7800/33 2738/7801/33 2771/7802/33 2772/7803/33 2773/7804/33 2774/7805/33 2775/7806/33 2710/7807/33 2711/7808/33 2712/7809/33 2713/7810/33 2714/7811/33 2686/7812/33 2685/7813/33 2684/7814/33 2723/7815/33 2724/7816/33 2725/7817/33 2717/7818/33 2718/7819/33 2719/7820/33 2720/7821/33 2721/7822/33 2727/7823/33 2728/7824/33 2729/7825/33 2730/7826/33 2731/7827/33 2682/7828/33 2681/7829/33 2742/7830/33 2743/7831/33 2735/7832/33 2736/7833/33
f 400/7834/622 401/7835/163 374/7836/163 373/7837/622
f 2751/7838/33 2752/7839/33 2744/7840/33 2745/7841/33 2746/7842/33 2747/7843/33 2748/7844/33 2753/7845/33 2754/7846/33 2755/7847/33 2756/7848/33 2757/7849/33 2762/7850/33 2763/7851/33 2764/7852/33 2765/7853/33 2766/7854/33 2767/7855/33 2768/7856/33 2769/7857/33 2770/7858/33 2676/7859/33 2675/7860/33 2674/7861/33 2686/7812/33 2714/7811/33 2715/7862/33 2716/7863/33 2708/7864/33 2709/7865/33 2710/7807/33 2775/7806/33 2699/7866/33 2700/7867/33 2701/7868/33 2702/7869/33 2703/7870/33 2704/7871/33 2705/7872/33 2706/7873/33 2776/7874/33 2777/7875/33 2778/7876/33 2779/7877/33 2771/7802/33 2738/7801/33 2739/7878/33 2740/7879/33 2741/7880/33 2742/7830/33 2681/7829/33 2680/7881/33 2679/7882/33 2750/7883/33
f 1272/1309/382 1271/2527/834 1086/2530/837 1085/1310/383
f 4198/7884/221 4199/7885/221 4200/7886/221 4201/7887/221 4192/7888/221 4191/7889/221 4190/7890/221 4189/7891/221 4188/7892/221 4187/7893/221 4186/7894/221 4185/7895/221 4194/7896/221 4195/7897/221 4196/7898/221 4197/7899/221
f 523/6451/800 524/6283/1577 497/6284/119 496/6452/801
f 2929/7043/724 2928/4204/725 2749/4207/1275 2748/7044/727
f 3918/4147/80 3891/4146/80 3890/7900/8 3917/7901/8
f 774/1278/297 680/1277/297 679/6226/1728 775/6225/658
f 4741/7902/1936 4740/1795/551 4749/1798/554 4750/7903/1937
f 1350/7904/1674 1341/7905/84 1340/7203/92 1349/7202/1868
f 66/7906/8 67/7538/8 71/7537/8 72/7907/8 73/7908/8 74/7909/8 75/7910/8 76/7911/8 77/7534/8 69/7533/8 70/7912/8 60/7913/8 61/7914/8 62/7915/8 63/7916/8 64/7917/8 65/7918/8
f 394/7919/218 395/7039/217 368/7040/1842 367/7920/218
f 4256/7921/217 4247/7922/217 4246/7923/278 4255/7924/896
f 1743/7925/658 1699/7926/1938 1698/7927/823 1744/7928/824
f 2451/7929/356 2452/7930/1586 2443/7931/1587 2442/7932/359
f 1928/1750/451 1927/6198/722 1936/6201/722 1937/1751/524
f 3956/7933/1619 4039/7934/1619 4038/4596/67 3948/4595/67
f 1290/7935/355 1282/7936/656 1219/7937/656 1227/7938/353
f 266/7939/187 146/7940/187 145/7941/161 265/7942/161
f 2959/1850/592 2625/1849/591 2624/2282/761 2958/2281/760
f 3686/7943/1312 3694/7944/1206 3606/7945/1209 3605/7946/1312
f 1612/7947/1215 1611/6001/1216 1414/6004/1217 1413/7948/1218
f 1926/6199/490 1925/5550/491 1934/5551/491 1935/6200/490
f 1780/3886/1201 1669/3885/823 1668/7949/1175 1781/7950/568
f 3267/7951/1614 3275/3436/1078 3070/3439/1081 3069/7952/1614
f 4636/7953/1939 4635/7954/1361 4644/7955/1361 4645/7956/553
f 4906/7957/825 4907/5607/1613 4844/5608/1613 4843/7958/825
f 4786/7959/1940 4660/7960/1941 4659/7961/1942 4785/7962/1943
f 3493/972/215 3492/7963/1496 3501/7964/1497 3502/973/215
f 4895/5958/1685 4894/7965/1944 4699/7966/1945 4698/5959/1686
f 3255/7967/1946 3254/7968/1947 3055/7969/1948 3054/7970/1949
f 4135/7971/615 4136/7972/375 4127/7973/376 4126/7974/616
f 2806/7975/1058 1678/7976/1058 2798/7977/67
f 2798/7978/67 1678/7979/1058 1677/7980/486
f 2798/7978/67 1677/7980/486 2799/7981/486
f 2799/7981/486 1677/7980/486 1676/7982/486
f 2799/7981/486 1676/7982/486 2800/7983/486
f 2800/7983/486 1676/7982/486 1675/7984/656
f 2800/7983/486 1675/7984/656 2801/7985/656
f 2801/7985/656 1675/7984/656 1674/7986/656
f 2801/7985/656 1674/7986/656 2802/7987/656
f 2802/7987/656 1674/7986/656 1673/7988/28
f 2802/7987/656 1673/7988/28 2803/7989/225
f 2803/7989/225 1673/7988/28 1681/7990/225
f 2803/7989/225 1681/7990/225 2804/7991/225
f 2804/7991/225 1681/7990/225 1680/7992/225
f 2804/7991/225 1680/7992/225 2805/7993/1058
f 2805/7993/1058 1680/7992/225 1679/7994/1058
f 2805/7993/1058 1679/7994/1058 2806/7975/1058
f 2806/7975/1058 1679/7994/1058 1678/7976/1058
f 789/7995/154 909/7996/154 901/1854/160 781/1853/160
f 4893/7997/1950 4892/1927/631 4701/1930/633 4700/7998/1951
f 2813/3935/1223 2705/3934/1222 2704/1025/228 2812/1024/227
f 1613/7999/1553 1612/7947/1215 1413/7948/1218 1412/8000/1554
f 1689/8001/719 1688/8002/719 2618/8003/719 2617/8004/719
f 3274/3437/1079 3273/8005/1328 3072/8006/1330 3071/3438/1080
f 1172/8007/1952 1064/8008/1046 1063/8009/1047 1171/8010/1048
f 2935/4904/1246 2934/3861/1194 2761/3864/944 2760/4905/1247
f 197/5312/391 115/5311/391 114/8011/635 196/8012/635
f 3512/7463/180 3411/7462/180 3410/8013/181 3511/8014/181
f 969/8015/1111 960/8016/1111 959/8017/1698 968/8018/1953
f 1280/7390/1113 1281/4462/472 1218/4465/472 1217/7391/1114
f 2965/8019/123 2974/8020/123 2966/7141/221 2957/7140/221
f 2035/8021/67 2036/5677/163 2009/5680/163 2008/8022/67
f 3366/6761/1299 3357/6760/1299 3356/4193/1271 3365/4192/1271
f 2822/8023/33 2821/8024/33 2820/8025/33 2819/8026/33 2818/8027/33 2817/8028/33 2816/8029/33 2824/8030/33 2823/8031/33
f 1582/8032/1843 1581/8033/1745 1390/8034/1748 1389/8035/1844
f 5/8036/32 538/8037/32 304/8038/32 6/8039/32
f 3797/5610/1624 3798/5359/1563 3771/5362/1565 3770/5611/1625
f 2858/8040/33 2859/8041/33 2860/8042/33 2852/8043/33 2853/8044/33 2854/8045/33 2855/8046/33 2856/8047/33 2857/8048/33
f 2426/8049/8 2427/8050/8 2428/8051/8 2429/8052/8 2418/8053/8 2419/8054/8 2420/8055/8 2421/8056/8 2422/8057/8 2414/8058/8 2415/8059/8 2416/8060/8 2417/8061/8 2430/8062/8 2431/8063/8 2423/8064/8 2424/8065/8 2425/8066/8
f 3455/5029/1496 3454/8067/28 3463/8068/28 3464/5030/1497
f 1611/7502/992 1612/8069/991 1549/8070/991 1548/7503/1890
f 779/7173/332 675/7172/1408 674/870/173 780/869/173
f 2866/8071/33 2867/8072/33 2868/8073/33 2869/8074/33 2861/8075/33 2862/8076/33 2863/8077/33 2864/8078/33 2865/8079/33
f 3458/8080/338 3457/8081/214 3466/8082/216 3467/8083/338
f 2585/8084/1110 2594/8085/1642 2595/8086/1954 2586/8087/1954
f 4092/8088/365 4093/8089/1028 4084/8090/1029 4083/8091/365
f 4596/8092/225 4289/8093/225 4288/8094/225 4598/8095/225
f 1580/8096/1746 1588/8097/1383 1383/8098/1955 1382/8099/1747
f 2451/8100/1780 2450/8101/221 2459/8102/221 2460/8103/1780
f 1274/8104/1820 1275/1111/279 1212/1114/281 1211/8105/1820
f 2988/8106/170 2979/8107/170 2978/8108/800 2987/8109/800
f 493/8110/67 494/8111/67 495/8112/67 496/8113/67 497/8114/67 498/8115/67 490/8116/67 491/8117/67 492/8118/67
f 2289/4338/567 2262/4337/567 2261/8119/409 2288/8120/409
f 2914/8121/257 2906/8122/1058 2843/8123/1058 2851/8124/257
f 1593/2806/876 1594/1922/629 1531/1925/630 1530/2807/877
f 4922/8125/1956 4923/6491/1774 4860/6494/1777 4859/8126/1956
f 4555/906/196 4554/8127/1957 4371/8128/1958 4370/907/197
f 2179/8129/41 2293/8130/41 2181/8131/41 2178/8132/41
f 2175/7425/1883 2176/6351/123 2149/6354/123 2148/7426/75
f 465/8133/1959 456/8134/481 455/8135/1062 464/8136/1960
f 1321/2164/747 987/2163/746 986/1033/234 1320/1032/233
f 2927/4205/1249 2926/3272/1035 2751/3275/1038 2750/4206/609
f 3868/8137/496 3867/8138/603 3876/8139/603 3877/8140/496
f 3103/4926/1472 3102/8141/1961 3111/8142/1962 3112/4927/1473
f 2915/8143/433 2923/8144/1737 2736/8145/1740 2735/8146/433
f 419/3692/163 411/8147/67 384/8148/67 392/3693/1174
f 757/8149/658 670/8150/1728 669/7006/823 758/7005/1201
f 1307/8151/1104 1308/996/224 1245/999/226 1244/8152/1104
f 1169/8153/993 1178/8154/993 1179/8155/373 1170/8156/372
f 3635/8157/1963 3626/8158/1964 3625/8159/1965 3634/8160/1966
f 1629/2915/905 1628/3994/1245 1433/3997/1248 1432/2916/545
f 1614/6310/1738 1613/7999/1553 1412/8000/1554 1411/6311/1739
f 4027/8161/1096 3941/8162/1096 3940/8163/188 4028/8164/188
f 4738/8165/1361 4746/8166/1967 4755/8167/1968 4747/8168/1361
f 287/4702/436 288/8169/478 279/8170/481 278/4703/1422
f 396/6561/1400 395/8171/1256 319/8172/1257 318/6562/1401
f 3794/5264/1540 3793/1959/648 3719/1962/650 3718/5265/1541
f 351/8173/887 360/8174/887 361/7010/567 352/7009/567
f 3258/8175/1281 3266/2628/858 3061/2631/861 3060/8176/1282
f 2615/8177/1835 2606/8178/1834 2605/8179/1523 2614/8180/1523
f 1447/8181/1007 1446/8182/1645 1455/8183/1645 1456/8184/1007
f 4487/8185/221 4488/8186/221 4489/8187/221 4490/8188/221 4491/8189/221 4492/8190/221 4493/8191/221 4485/8192/221 4486/8193/221
f 3146/7494/788 3020/7493/613 3019/8194/789 3145/8195/790
f 2056/8196/1508 2057/8197/537 2030/8198/538 2029/8199/539
f 3495/1212/338 3494/971/214 3503/974/216 3504/1213/338
f 1286/5232/1082 1285/3952/1083 1108/3955/1084 1107/5233/1085
f 1280/6677/1810 1279/8200/1946 1096/8201/1949 1095/6678/1811
f 115/8202/8 107/1005/8 106/1004/8 98/8203/8 99/8204/8 100/8205/8 101/8206/8 102/8207/8 103/8208/8 104/1002/8 109/1001/8 110/8209/8 111/8210/8 112/8211/8 113/8212/8 114/8213/8
f 519/7387/148 520/2131/723 493/2134/516 492/7388/634
f 4898/8214/796 4899/8215/795 4836/8216/795 4835/8217/796
f 2456/8218/1969 2455/8219/1394 2464/8220/1394 2465/8221/248
f 672/3407/296 755/3406/296 754/8222/160 664/8223/160
f 4874/7078/1850 4875/8224/1912 4812/8225/1970 4811/7079/1850
f 170/8226/221 178/4919/391 187/4922/1372 179/8227/221
f 1639/8228/886 1640/8229/814 1577/8230/813 1576/8231/886
f 2563/7049/1586 2564/1843/585 2555/1846/588 2554/7050/1755
f 4903/8232/1971 4902/1528/461 4709/1531/464 4708/8233/1972
f 4569/6345/1753 4568/6221/1724 4393/6224/1727 4392/6346/1754
f 847/4765/200 848/8234/389 839/8235/390 838/4766/201
f 1163/5737/1646 1164/8236/1973 1155/8237/1688 1154/5738/1647
f 4098/6670/615 4099/8238/647 4090/8239/376 4089/6671/616
f 195/8240/833 113/8241/833 112/1092/267 194/1091/266
f 1615/8242/220 1607/8243/221 1544/8244/221 1552/8245/220
f 422/8246/1058 424/8247/1058 301/8248/1058 308/8249/1058
f 1452/4280/1307 1451/8250/265 1460/8251/1974 1461/4281/817
f 4575/8252/1616 4583/5010/1484 4396/5013/1487 4395/8253/1616
f 4907/8254/1975 4906/8255/1976 4705/8256/1977 4704/8257/1978
f 124/920/207 14/919/207 13/5189/221 116/5188/221
f 738/1158/298 662/1157/297 661/6923/658 739/6922/658
f 1886/8258/1255 1887/7526/199 1878/7527/202 1877/8259/1255
f 1608/7335/1878 1607/8260/433 1409/8261/433 1417/7336/434
f 3244/2603/844 3243/8262/1886 3048/8263/588 3047/2604/845
f 1637/2094/700 1636/7198/1866 1443/7201/1867 1442/2095/701
f 2493/1049/247 2492/8264/1394 2501/8265/1979 2502/1050/248
f 534/8266/385 533/8267/386 447/8268/387 446/8269/388
f 2944/8270/1866 2943/3936/1224 2770/3939/1227 2769/8271/1867
f 3142/2040/669 3016/2039/668 3015/5991/327 3141/5990/327
f 3679/5688/854 3680/8272/1980 3653/8273/856 3652/5689/854
f 3898/8274/94 3925/8275/1200 3917/7901/8 3890/7900/8
f 2664/7637/1906 2669/7646/225 2670/7641/1909 2663/3642/1149
f 4423/4561/1398 4414/4560/1398 4413/1523/8 4422/1522/8
f 3246/8276/574 3247/2115/446 3184/2118/446 3183/8277/574
f 1275/5252/956 1274/8278/1981 1101/8279/328 1100/5253/957
f 3237/5024/1492 3236/8280/1493 3037/8281/696 3036/5025/1494
f 4453/8282/664 4345/8283/663 4344/8284/1982 4452/8285/1983
f 4592/8286/1984 4591/8287/1985 4406/8288/1986 4405/8289/1987
f 2993/8290/1426 3001/1791/548 3014/1794/548 3002/8291/1426
f 4898/8292/1988 4897/8293/1989 4696/8294/1990 4695/8295/1991
f 1257/4432/1367 1256/5076/1510 1083/5079/1511 1082/4433/1368
f 811/3029/923 810/2904/532 819/2907/534 820/3030/952
f 2167/5380/123 2159/8296/221 2132/8297/221 2140/5381/123
f 1480/8298/1992 1479/8299/1993 1488/8300/1994 1489/8301/1992
f 2929/8302/1995 2930/8303/1996 2867/8304/1997 2866/8305/1995
f 1996/8306/1998 1987/8307/1999 1986/4755/1445 1995/4754/1444
f 922/3941/389 923/4873/1458 914/4876/1459 913/3942/390
f 1765/8308/332 1657/8309/332 1656/3991/173 1766/3990/173
f 4005/8310/1634 3987/8311/1634 3986/3471/1096 4004/3470/1096
f 3125/8312/2000 3134/8313/2001 3135/8314/1731 3126/8315/1730
f 1909/8316/203 1789/8317/2002 1788/5938/204 1908/5937/204
f 2177/8318/340 2179/8319/340 2178/8320/1055 2068/8321/1055
f 2160/8322/1017 2159/8323/1626 2078/8324/1626 2086/8325/1018
f 3402/4954/1475 3304/4953/862 3303/8326/529 3403/8327/529
f 4764/4332/1323 4763/8328/2003 4772/8329/2004 4773/4333/1323
f 3280/8330/2005 3279/4208/1276 3084/4211/1279 3083/8331/2006
f 4579/8332/2007 4578/8333/2008 4401/8334/2009 4400/8335/2010
f 4736/8336/2011 4735/8337/163 4744/8338/163 4745/8339/2012
f 3757/8340/2013 3748/8341/2013 3747/8342/28 3756/8343/28
f 2652/8344/33 2651/8345/33 2673/8346/33
f 681/1276/296 773/1275/296 772/872/160 673/871/160
f 708/4671/296 726/4670/296 718/6571/160 700/6570/160
f 968/8018/1953 959/8017/1698 958/1084/264 967/1083/263
f 4630/8347/1263 4621/8348/1263 4620/7440/1462 4629/7439/1462
f 3528/8349/28 3536/8350/873 3545/8351/874 3537/8352/28
f 2156/3269/222 2157/8353/1883 2130/8354/75 2129/3270/1034
f 2932/8355/2014 2931/2978/920 2746/2981/922 2745/8356/2015
f 3703/8357/134 3695/8358/33 3668/8359/33 3676/8360/134
f 808/8361/160 816/8362/535 825/8363/535 817/8364/160
f 2953/8365/33 2952/8366/33 2648/8367/33 2647/8368/33 2954/8369/33 2955/8370/33
f 2645/8371/160 1944/8372/160 1654/8373/160 1653/8374/160 2956/8375/160 2646/8376/160
f 4533/8377/1074 4534/2459/822 4471/2460/822 4470/8378/1073
f 2649/8379/97 2648/8380/97 2952/8381/97 2951/8382/97
f 1793/2377/797 1913/2376/797 1905/5602/160 1785/5601/160
f 3091/8383/2016 3090/2489/828 3099/2490/265 3100/8384/2016
f 2890/1466/446 2891/1993/574 2828/1996/657 2827/1467/446
f 583/8385/1049 582/8386/278 591/8387/896 592/8388/595
f 2056/4499/615 2055/5882/375 1979/5885/376 1978/4500/616
f 2041/8389/1402 2040/8390/742 1958/8391/743 1957/8392/646
f 2049/2158/742 2048/4987/614 1968/4990/617 1967/2159/743
f 2455/8393/766 2456/2283/762 2447/2286/765 2446/8394/768
f 1597/8395/2017 1596/8396/2018 1393/8397/1535 1392/8398/1536
f 2963/1102/273 2972/1101/272 2973/8399/2019 2964/8400/75
f 4562/810/158 4563/7192/1846 4500/7193/1865 4499/811/158
f 1992/5903/1678 2001/5902/249 2002/3727/1176 1993/3726/410
f 4530/8401/719 4531/8402/1702 4468/8403/2020 4467/8404/719
f 3276/8405/685 3284/8406/686 3079/8407/687 3078/8408/688
f 3703/8409/1206 3702/8410/1207 3616/8411/1208 3615/8412/1209
f 4791/6949/1348 4800/6948/1348 4792/4956/28 4783/4955/28
f 4760/8413/160 4761/8414/160 4749/8415/160 4748/8416/160
f 3517/6698/540 3416/6697/540 3415/1694/509 3516/1693/508
f 2967/8417/28 2966/8418/28 2974/8419/28 2973/8420/28 2972/8421/28 2971/8422/28 2970/8423/28 2969/8424/28 2968/8425/28
f 2978/8426/28 2979/8427/28 2980/8428/28 2981/8429/28 2982/8430/28 2983/8431/28 2975/8432/28 2976/8433/28 2977/8434/28
f 2358/3280/1043 2357/3865/1195 2999/3868/1195 3000/3281/1044
f 4188/8435/883 4068/8436/883 4067/8437/884 4187/8438/884
f 4544/3848/1191 4545/7642/1910 4482/7645/1910 4481/3849/1191
f 2229/8439/2021 2220/8440/489 2219/3981/1240 2228/3980/1239
f 1931/8441/302 1930/4645/1266 1939/4646/1266 1940/8442/302
f 1345/3112/222 1336/3111/222 1335/8443/75 1344/8444/75
f 2992/8445/348 2637/8446/344 2984/8447/656
f 2984/8448/656 2637/8449/344 2636/8450/804
f 2984/8448/656 2636/8450/804 2985/8451/963
f 2985/8451/963 2636/8450/804 2635/8452/963
f 2985/8451/963 2635/8452/963 2986/8453/963
f 2986/8453/963 2635/8452/963 2634/8454/961
f 2986/8453/963 2634/8454/961 2987/8455/917
f 2987/8455/917 2634/8454/961 2633/8456/918
f 2987/8455/917 2633/8456/918 2988/8457/916
f 2988/8457/916 2633/8456/918 2632/8458/225
f 2988/8457/916 2632/8458/225 2989/8459/1417
f 2989/8459/1417 2632/8458/225 2640/8460/345
f 2989/8459/1417 2640/8460/345 2990/8461/345
f 2990/8461/345 2640/8460/345 2639/8462/345
f 2990/8461/345 2639/8462/345 2991/8463/344
f 2991/8463/344 2639/8462/345 2638/8464/1171
f 2991/8463/344 2638/8464/1171 2992/8445/348
f 2992/8445/348 2638/8464/1171 2637/8446/344
f 4538/8465/2022 4537/6072/1705 4352/6075/1708 4351/8466/2023
f 940/8467/2024 949/8468/971 950/6085/1712 941/6084/565
f 3570/6079/1213 3571/8469/1718 3562/8470/1377 3561/6080/1214
f 2586/8087/1954 2595/8086/1954 2596/8471/1860 2587/8472/1860
f 526/8473/447 534/8266/385 446/8269/388 445/8474/447
f 1746/4753/330 1696/4752/330 1695/2218/752 1747/2217/332
f 4227/8475/2025 3971/8476/1445 3970/8477/251 4226/8478/250
f 1997/8479/1644 1988/8480/1643 1987/8307/1999 1996/8306/1998
f 3243/8262/1886 3242/5484/1598 3049/5487/1601 3048/8263/588
f 4637/8481/2026 4636/7953/1939 4645/7956/553 4646/8482/2027
f 1358/8483/2028 1357/4731/1438 1370/4730/1437 1371/8484/2029
f 3012/4900/1465 2999/4899/1464 3011/8485/349
f 3011/8485/349 2999/4899/1464 2998/8486/1055
f 3011/8485/349 2998/8486/1055 3010/8487/340
f 3010/8487/340 2998/8486/1055 3009/8488/1055
f 3009/8488/1055 2998/8486/1055 2997/8489/1169
f 3009/8488/1055 2997/8489/1169 3008/8490/443
f 3008/8490/443 2997/8489/1169 3007/8491/341
f 3007/8491/341 2997/8489/1169 2996/8492/1169
f 3007/8491/341 2996/8492/1169 3006/8493/301
f 3006/8493/301 2996/8492/1169 3005/8494/1169
f 3005/8494/1169 2996/8492/1169 2995/4744/1442
f 3005/8494/1169 2995/4744/1442 3004/4745/1443
f 4746/8166/1967 4745/8495/2030 4754/8496/2031 4755/8167/1968
f 907/8497/821 787/8498/821 786/7726/1762 906/7725/1762
f 2528/8499/586 2529/6381/766 2520/6384/768 2519/8500/587
f 1663/8501/296 1759/8502/296 1758/3993/160 1655/3992/160
f 3951/8503/160 3952/8504/160 3958/8505/160 3959/4286/160
f 3049/8506/8 3050/8507/8 3012/8508/8 3011/8509/8 3048/8510/8
f 3695/8511/33 3696/3200/517 3669/3203/517 3668/8512/33
f 3092/8513/2032 3091/8383/2016 3100/8384/2016 3101/8514/2032
f 652/8515/719 654/8516/719 974/8517/719 653/8518/719
f 709/8519/28 717/8520/1606 1359/8521/1606 1351/8522/28
f 3369/2294/769 3360/2293/530 3359/8523/946 3368/8524/945
f 1446/8182/1645 1445/8525/28 1454/8526/28 1455/8183/1645
f 1605/5116/258 1606/4184/257 1543/4187/257 1542/5117/258
f 972/7177/1860 963/7176/1860 962/8527/1954 971/8528/1954
f 2220/8440/489 2229/8439/2021 2221/4292/488 2212/4291/488
f 3405/8529/945 3301/8530/946 3300/8531/947 3406/8532/947
f 2707/4436/448 2815/4435/449 2807/2312/433 2699/2311/433
f 4601/3455/1088 4267/3454/1087 4266/8533/2033 4600/8534/2034
f 4081/8535/1006 4018/8536/1005 4017/4572/1399 4080/4571/231
f 4605/6320/1563 4614/6319/1742 4615/8537/2035 4606/8538/1564
f 267/8539/186 147/8540/268 146/7940/187 266/7939/187
f 1319/8541/168 1328/8542/168 1329/8543/907 1320/8544/170
f 4166/8545/67 4174/8546/693 4183/8547/693 4175/8548/67
f 2107/1679/503 2098/1678/424 2097/8549/388 2106/8550/2036
f 2173/4586/705 2172/8551/1798 2092/8552/1801 2091/4587/706
f 4022/6749/891 3946/6748/891 3945/8553/892 4023/8554/893
f 1929/5849/422 1930/8555/423 1921/8556/424 1920/5850/425
f 1303/8557/1276 1302/8558/1277 1127/8559/1278 1126/8560/1279
f 1462/4256/1293 1461/7362/1879 1470/7365/1882 1471/4257/1294
f 848/8234/389 849/8561/1458 840/8562/1459 839/8235/390
f 1120/8563/8 1121/8564/8 1122/3837/8 1134/3836/8 1135/4447/8 1115/4446/8 1116/8565/8 1117/8566/8 1118/8567/8 1119/8568/8 1111/8569/8 1112/4443/8 1106/4442/8 1107/8570/8 1108/4454/8 1037/4453/8 1036/8571/8 1035/8572/8 1034/8573/8 1033/8574/8 1032/8575/8 1044/3788/8 1072/3787/8 1073/8576/8 1074/8577/8 1066/3818/8 1133/3817/8 1057/3846/8 1058/8578/8 1059/8579/8 1060/8580/8 1061/3841/8 1125/3840/8 1126/8581/8 1127/8582/8 1128/8583/8
f 4864/8584/1098 4872/3652/1155 4667/3655/1158 4666/8585/1099
f 2172/8551/1798 2171/8586/1799 2093/8587/1800 2092/8552/1801
f 4063/5672/1096 3959/5671/1635 3958/894/188 4064/893/188
f 3116/8588/8 3117/8589/8 3118/2797/8 3106/2800/8 3105/8590/8 3113/8591/8 3112/8592/8 3111/8593/8 3110/8594/8 3109/8595/8 3108/8596/8 3107/2799/8 3119/2798/8 3120/8597/8 3121/8598/8 3122/8599/8 3114/8600/8 3115/8601/8
f 3492/7963/1496 3491/8602/28 3500/8603/28 3501/7964/1497
f 2471/2615/852 2389/2614/852 2388/8604/1180 2470/8605/1180
f 2903/4236/184 2904/8606/185 2841/8607/182 2840/4237/184
f 1265/4398/1355 1266/6920/1827 1203/6921/1513 1202/4399/1355
f 402/8608/67 403/5530/218 376/5531/1608 375/8609/67
f 4920/2066/682 4921/8610/2037 4858/8611/2037 4857/2067/683
f 1410/4866/33 1411/4816/33 1449/4815/33 1450/4807/33 1402/4806/33 1403/4867/33
f 2800/8612/2038 2801/4245/1288 2792/4246/1289 2791/8613/2039
f 2364/8614/573 2346/8615/572 2345/1124/286 2363/1123/285
f 3687/8616/517 3688/2624/854 3661/2627/857 3660/8617/517
f 4149/8618/1521 4048/8619/1521 4047/8620/67 4148/8621/67
f 4169/8622/775 4170/8623/742 4161/8624/743 4160/8625/646
f 2112/1756/528 2103/1755/527 2102/6408/1765 2111/6407/1764
f 1486/8626/2040 1495/8627/2041 1496/5750/1654 1487/5749/1653
f 468/8628/351 477/8629/351 478/1572/352 469/1571/477
f 4770/5549/1612 4779/5548/1611 4780/1180/311 4771/1179/310
f 2907/4437/1370 2906/8630/1050 2726/8631/1053 2734/4438/1371
f 1488/5752/1656 1497/5751/1655 1498/8632/2042 1489/8633/2043
f 1022/3633/1142 1027/3632/656 1028/3627/1141 1021/3626/1130
f 174/8634/1012 173/8635/269 182/8636/271 183/8637/1013
f 1891/8638/1295 1892/8639/422 1883/8640/425 1882/8641/1296
f 1849/8642/1255 1850/909/199 1841/912/202 1840/8643/1255
f 1633/8644/2044 1632/5436/1228 1429/5439/1231 1428/8645/448
f 4546/7427/1884 4545/8646/2045 4362/8647/2046 4361/7428/1885
f 4452/8285/1983 4344/8284/1982 4343/8648/2047 4451/8649/2048
f 1777/4091/33 1792/4090/33 1793/8650/33 1785/4083/33 1776/4082/33
f 3129/8651/2049 3138/8652/2050 3139/1840/582 3130/1839/581
f 4876/8653/2051 4875/8654/2052 4682/8655/2053 4681/8656/2054
f 2042/6396/774 2041/8389/1402 1957/8392/646 1956/6397/776
f 1624/5240/471 1616/8657/225 1553/8658/225 1561/5241/471
f 232/2517/833 131/2516/833 130/8659/267 231/8660/267
f 1172/8661/279 1181/8662/2055 1182/8663/1820 1173/8664/1820
f 1637/8665/333 1638/8666/2056 1575/8667/1272 1574/8668/333
f 3266/7151/355 3258/8669/656 3195/8670/656 3203/7152/353
f 118/8671/1415 20/8672/1411 19/5457/414 119/5456/413
f 1472/8673/160 1480/8298/1992 1489/8301/1992 1481/8674/160
f 2532/5533/292 2531/5685/246 2540/5686/246 2541/5534/292
f 3156/8675/8 3155/8676/8 3154/8677/8 3153/8678/8 3152/8679/8 3151/8680/8 3150/8681/8 3158/8682/8 3157/8683/8
f 1252/8684/1840 1251/8685/979 1070/8686/982 1069/8687/1841
f 1631/8688/596 1632/4239/720 1569/4240/598 1568/8689/2057
f 3179/8690/8 3180/8691/8 3181/8692/8 3182/8693/8 3183/8694/8 3184/8695/8 3185/8696/8 3177/8697/8 3178/8698/8
f 250/5274/1543 249/5072/1011 258/5075/1509 259/5275/1301
f 596/8699/160 595/8700/160 594/8701/160 593/8702/160 592/8703/160 591/8704/160 590/8705/160 589/8706/160 588/8707/160
f 3190/8708/8 3191/8709/8 3192/8710/8 3193/8711/8 3194/8712/8 3186/8713/8 3187/8714/8 3188/8715/8 3189/8716/8
f 1168/8717/994 1177/8718/1291 1178/8154/993 1169/8153/993
f 4160/8719/221 4161/8720/221 4162/8721/221 4153/8722/221 4152/8723/221 4151/8724/221 4150/8725/221 4149/8726/221 4148/8727/221 4156/8728/221 4155/8729/221 4154/8730/221 4163/8731/221 4164/8732/221 4165/8733/221 4157/8734/221 4158/8735/221 4159/8736/221
f 247/8737/623 248/4546/624 239/4549/625 238/8738/626
f 2806/5210/1524 2798/8739/1297 2789/8740/1297 2797/5211/1525
f 1782/8741/330 1667/8742/330 1666/4471/332 1783/4470/332
f 4252/8743/539 4243/8744/1508 4242/8745/622 4251/8746/622
f 4427/8747/2058 4418/8748/2058 4417/8749/2059 4426/8750/2059
f 3812/3896/783 3813/7798/785 3786/7799/784 3785/3897/1210
f 3243/8751/1620 3244/8752/2060 3181/8753/1621 3180/8754/1620
f 2413/1443/254 2514/1442/254 2506/8755/221 2405/8756/221
f 2152/8757/92 2153/2922/908 2126/2925/352 2125/8758/802
f 3570/7795/337 3569/8759/1570 3578/8760/338 3579/7796/1571
f 2492/8264/1394 2491/8761/2061 2500/8762/1502 2501/8265/1979
f 4888/3404/1073 4889/7721/1931 4826/7722/1932 4825/3405/1074
f 761/7064/332 666/7063/1848 665/8763/173 762/8764/173
f 1274/8278/1981 1273/8765/327 1093/8766/327 1101/8279/328
f 2892/5640/1630 2891/8767/2062 2714/8768/2063 2713/5641/1631
f 1583/8769/2062 1582/8032/1843 1389/8035/1844 1388/8770/2063
f 3260/1284/369 3261/5659/813 3198/5662/814 3197/1285/369
f 3499/4886/954 3491/8771/307 3482/8772/307 3490/4887/955
f 2798/8773/1297 2799/8774/2064 2790/8775/2065 2789/8776/1297
f 516/6575/159 508/8777/160 481/8778/160 489/6576/159
f 2693/8779/719 2695/8780/719 2689/8781/719 2688/8782/719
f 103/8783/573 55/8784/572 54/6711/286 104/6710/1813
f 1501/8785/1561 1375/8786/1562 1374/5217/781 1500/5216/780
f 1171/8010/1048 1063/8009/1047 1062/2330/613 1170/2329/788
f 2900/8787/1335 2899/4002/1250 2724/4005/1253 2723/8788/1336
f 905/8789/1763 785/8790/1763 784/8791/847 904/8792/847
f 4561/2532/839 4560/8793/2066 4383/8794/2067 4382/2533/840
f 1596/8396/2018 1595/3149/988 1394/3152/989 1393/8397/1535
f 2452/7930/1586 2453/4981/1480 2444/4984/588 2443/7931/1587
f 527/3106/973 526/8795/447 445/8796/447 453/3107/526
f 1802/7002/797 1739/7001/797 1738/6322/798 1801/6321/798
f 2985/5402/10 2976/5401/10 2975/8797/160 2984/8798/160
f 3240/8799/381 3248/8800/382 3043/8801/2068 3042/8802/384
f 3997/8803/2069 3996/8804/2070 4638/8805/2071 4639/8806/2072
f 1306/4372/1343 1307/8151/1104 1244/8152/1104 1243/4373/1103
f 3275/8807/909 3267/8808/28 3204/8809/28 3212/8810/909
f 2950/8811/2073 2949/8812/2074 2764/8813/2075 2763/8814/2076
f 4532/8815/1932 4533/8377/1074 4470/8378/1073 4469/8816/1931
f 4586/5557/1613 4587/2465/825 4524/2468/827 4523/5558/1613
f 4925/5338/1557 4924/1672/497 4723/1675/500 4722/5339/1558
f 1253/8817/1694 1252/8684/1840 1069/8687/1841 1068/8818/1695
f 2783/8819/2077 2774/8820/213 2773/1401/211 2782/1400/211
f 3124/5740/1649 3133/5739/1648 3134/8313/2001 3125/8312/2000
f 849/4659/315 848/2982/923 857/2983/924 858/4660/316
f 625/8821/689 598/8822/689 597/8823/28 624/8824/28
f 1612/8069/991 1613/8825/1933 1550/8826/1933 1549/8070/991
f 605/2975/193 632/2974/193 624/8824/28 597/8823/28
f 1166/8827/472 1175/8828/472 1176/8829/1114 1167/8830/2078
f 3272/8831/1329 3271/6209/1722 3074/6210/1723 3073/8832/765
f 1051/8833/913 1053/8834/913 1047/8835/913 1046/8836/913
f 4578/8837/288 4579/8838/680 4516/8839/680 4515/8840/288
f 3279/8841/1997 3280/2998/931 3217/3001/931 3216/8842/1996
f 2367/8843/1411 2349/8844/1411 2348/5423/414 2366/5422/413
f 1820/8845/786 1812/8846/1255 1803/8847/1255 1811/8848/787
f 1627/3995/1246 1626/3012/942 1435/3015/944 1434/3996/1247
f 886/1184/315 885/2988/923 894/2991/926 895/1185/316
f 2811/8849/230 2703/8850/229 2702/8851/2079 2810/8852/2080
f 3491/8853/28 3499/2830/880 3508/2833/873 3500/8854/28
f 1169/8855/790 1061/8856/789 1060/5260/1538 1168/5259/1537
f 4542/8857/2081 4541/4363/1337 4366/4364/1338 4365/8858/2082
f 1173/8859/1495 1065/8860/1081 1064/8008/1046 1172/8007/1952
f 1870/5848/1057 1769/5847/1057 1768/2802/599 1869/2801/599
f 579/8861/67 587/6289/163 596/6292/163 588/8862/67
f 4550/8863/2083 4549/8864/2084 4376/8865/2085 4375/8866/2086
f 852/1766/242 851/4301/243 860/4304/244 861/1767/245
f 3566/3205/308 3567/3341/453 3558/3344/456 3557/3206/309
f 3690/8867/2087 3689/8868/2088 3611/8869/2089 3610/8870/2090
f 2305/8871/241 2379/8872/241 2378/8873/221 2297/8874/221
f 4542/5037/970 4543/3847/969 4480/3850/969 4479/5038/970
f 1271/4491/446 1272/1648/485 1209/1651/445 1208/4492/446
f 1998/2420/812 1989/2419/811 1988/8480/1643 1997/8479/1644
f 2436/8875/523 2373/8876/522 2372/5461/851 2435/5460/851
f 1588/8097/1383 1587/1036/237 1384/1039/240 1383/8098/1955
f 4548/8877/2091 4556/905/195 4369/908/198 4368/8878/2092
f 211/7768/624 212/2793/435 203/2796/438 202/7769/625
f 2527/6588/585 2528/8499/586 2519/8500/587 2518/6589/588
f 2891/8767/2062 2890/7041/1843 2715/7042/1844 2714/8768/2063
f 1799/1970/655 1736/1969/655 1735/8879/203 1798/8880/203
f 1762/8881/1201 1660/8882/823 1659/8883/1175 1763/8884/568
f 2271/3094/968 2244/3093/567 2243/8885/757 2270/8886/758
f 2287/1375/410 2260/1374/410 2259/8887/2093 2286/8888/249
f 1459/8889/2094 1458/8890/2095 1467/8891/2096 1468/8892/2097
f 2397/7056/241 2314/7055/241 2313/6433/1411 2398/6432/1411
f 1710/8893/916 1709/8894/917 2182/8895/917 2622/8896/918
f 3462/8897/880 3461/8898/881 3470/8899/882 3471/8900/873
f 2530/6382/762 2531/6800/478 2522/6803/764 2521/6383/767
f 2799/8774/2064 2800/8612/2038 2791/8613/2039 2790/8775/2065
f 3870/3193/1003 3861/3192/1002 3860/6368/1758 3869/6367/1757
f 4306/3620/1135 4311/8901/675 4312/8902/2098 4305/8903/2099
f 3097/4725/1433 3096/8904/1426 3105/8905/1426 3106/4726/1427
f 2810/8852/2080 2702/8851/2079 2701/5354/1562 2809/5353/1561
f 4451/8649/2048 4343/8648/2047 4342/1333/400 4450/1332/399
f 4540/8906/1545 4541/5036/1498 4478/5039/1499 4477/8907/1545
f 4876/8908/1910 4877/8909/1191 4814/8910/1191 4813/8911/1910
f 735/806/154 798/805/154 790/8912/160 727/8913/160
f 3144/4250/994 3153/4249/1291 3154/3977/993 3145/3976/1238
f 2151/5893/1674 2152/8757/92 2125/8758/802 2124/5894/84
f 3947/6747/1619 4021/6746/1619 4020/8914/67 3939/8915/67
f 398/8916/1450 397/6560/1451 317/6563/1452 316/8917/1453
f 3438/8918/180 3375/8919/219 3374/8920/181 3437/8921/181
f 4899/8215/795 4891/8922/28 4828/8923/28 4836/8216/795
f 3455/2971/308 3456/1514/453 3447/1517/456 3446/2972/309
f 3921/8924/1569 3894/8925/1568 3893/4402/1357 3920/4401/1356
f 2510/8926/523 2409/8927/523 2408/6138/851 2509/6137/851
f 1304/5411/1579 1303/8557/1276 1126/8560/1279 1125/5412/1580
f 3261/3449/1083 3260/5409/1236 3067/5410/1237 3066/3450/1084
f 3254/7968/1947 3253/1304/377 3056/1307/380 3055/7969/1948
f 3458/7612/1212 3459/7661/1213 3450/7664/1214 3449/7613/711
f 648/5598/410 621/5597/410 620/4582/409 647/4581/409
f 1692/8928/221 2644/8929/221 2672/8930/221 1682/8931/221
f 924/4874/1295 925/5796/422 916/5799/1663 915/4875/1296
f 3753/2659/866 3762/2658/865 3763/1533/465 3754/1532/465
f 3302/3371/221 3303/8932/221 3304/8933/221 3305/8934/221 3297/3366/221 3290/3365/221 3291/3354/221 3314/3353/221 3306/3372/221
f 2581/8935/2100 2325/8936/2101 2324/8937/2102 2580/8938/2102
f 3749/8939/1887 3758/8940/1887 3759/4898/1463 3750/4897/1462
f 904/8792/847 784/8791/847 783/8941/850 903/8942/850
f 1141/7191/1322 1132/7190/1322 1131/5942/1681 1140/5941/665
f 1603/3475/419 1604/5115/418 1541/5118/418 1540/3476/419
f 237/8943/33 229/8944/33 228/8945/33 227/8946/33 226/8947/33 234/8948/33 233/8949/33 232/8950/33 231/8951/33 230/8952/33 238/8953/33 239/8954/33 240/8955/33 241/8956/33 242/8957/33 243/8958/33 235/8959/33 236/8960/33
f 587/6410/1766 578/6409/366 577/1898/619 586/1897/618
f 4112/5197/1521 4030/5196/1521 4029/7457/67 4111/7456/67
f 4187/8438/884 4067/8437/884 4066/6218/1521 4186/6217/1521
f 1173/8664/1820 1182/8663/1820 1174/8961/160 1165/8962/160
f 2368/1041/241 2350/1040/241 2349/8844/1411 2367/8843/1411
f 781/8963/33 782/8964/33 780/8965/33 772/8966/33
f 2245/8967/221 2246/8968/221 2247/8969/221 2239/8970/221 2240/8971/221 2241/8972/221 2242/8973/221 2243/8974/221 2244/8975/221
f 3363/8976/221 3355/8977/221 3356/8978/221 3357/8979/221 3358/8980/221 3359/8981/221 3360/8982/221 3361/8983/221 3353/8984/221 3354/8985/221 3344/8986/221 3345/8987/221 3346/8988/221 3347/8989/221 3348/8990/221 3349/8991/221 3350/8992/221 3351/8993/221 3352/8994/221
f 141/8995/8 142/8996/8 144/8997/8 145/8998/8 140/8999/8
f 2158/9000/123 2150/9001/221 2123/9002/221 2131/9003/431
f 1321/3927/1219 1330/3926/801 1331/5481/1577 1322/5480/119
f 4539/9004/33 4540/8906/1545 4477/8907/1545 4476/9005/33
f 3871/9006/1899 3870/4957/1102 3879/4960/1101 3880/9007/134
f 1365/4827/33 1425/4826/33 1426/9008/33 1418/4819/33 1413/4818/33 1414/4861/33 1366/4860/33
f 4455/5728/290 4464/5727/291 4465/4294/1309 4456/4293/289
f 1839/4974/797 1757/4973/797 1756/5946/798 1838/5945/798
f 3371/9009/221 3370/5156/221 3380/5155/221 3381/9010/221 3373/5163/221 3364/5162/221 3372/9011/221
f 3746/9012/2103 3755/9013/2104 3747/9014/2105 3738/9015/2105
f 1572/9016/33 1573/9017/33 1574/9018/33 1575/9019/33 1576/9020/33 1577/9021/33 1578/9022/33 1579/9023/33 1571/9024/33
f 3273/874/175 3274/9025/2106 3211/9026/910 3210/875/175
f 211/3217/1012 210/7528/269 219/7531/271 220/3218/1013
f 804/9027/8 805/9028/8 806/2964/8 796/2963/8 795/9029/8 794/9030/8 793/9031/8 792/9032/8 791/2969/8 801/2968/8 802/9033/8 803/9034/8
f 3937/9035/299 3823/9036/443 3935/9037/1169 3936/9038/1169
f 1156/9039/1075 1157/5476/1594 1148/5479/1597 1147/9040/1075
f 229/2306/778 128/2305/187 127/9041/2107 228/9042/161
f 551/2247/160 539/2246/160 540/9043/160 541/9044/160 542/9045/160 305/2242/160 552/2241/160 553/9046/160 554/9047/160 555/9048/160 556/2267/160 567/2266/160 568/9049/160 569/2259/160 574/2258/160 575/9050/160 576/9051/160 577/9052/160 578/9053/160 570/9054/160 571/9055/160 572/2256/160 550/2255/160
f 4580/1938/638 4579/8332/2007 4400/8335/2010 4399/1939/639
f 3387/9056/221 3388/2212/221 3394/2211/221 3395/9057/221 3396/9058/221 3397/2205/221 3385/2204/221 3386/9059/221
f 2810/9060/1933 2819/9061/2108 2820/9062/991 2811/9063/991
f 4167/2893/831 4166/9064/67 4175/9065/67 4176/2894/831
f 2785/9066/2109 2776/9067/1864 2775/9068/2110 2784/9069/1895
f 1301/2885/471 1302/9070/470 1239/9071/470 1238/2886/471
f 1248/1076/258 1249/1396/418 1186/1399/420 1185/1077/258
f 1504/3989/227 1378/3988/228 1377/9072/229 1503/9073/230
f 402/9074/488 410/2119/714 322/2122/717 321/9075/488
f 3431/9076/221 3432/9077/221 3433/9078/221 3422/9079/221 3423/9080/221 3424/9081/221 3425/9082/221 3429/9083/221 3430/9084/221
f 2641/9085/8 2653/9086/8 2654/9087/8 2642/9088/8
f 4590/1168/304 4591/9089/1837 4528/9090/1836 4527/1169/305
f 833/6529/821 751/6528/821 750/6404/1762 832/6403/1761
f 1502/7724/1933 1511/7723/1933 1512/3154/991 1503/3153/990
f 3095/5730/1645 3094/3208/1007 3103/3211/1007 3104/5731/1645
f 4891/9091/632 4899/9092/2111 4694/9093/2112 4693/9094/632
f 3236/8280/1493 3235/5782/1660 3038/5785/1661 3037/8281/696
f 283/1096/270 282/4034/987 291/4037/987 292/1097/270
f 4879/3096/970 4880/9095/1498 4817/9096/1498 4816/3097/970
f 3806/9097/1664 3807/9098/1563 3780/9099/1849 3779/9100/1625
f 1599/9101/1370 1598/9102/1050 1400/9103/1053 1408/9104/1371
f 4574/2108/681 4566/9105/675 4503/9106/675 4511/2109/681
f 3478/9107/511 3396/9108/510 3395/9109/1423 3477/9110/842
f 4428/9111/2113 4419/9112/2113 4418/8748/2058 4427/8747/2058
f 1290/7018/858 1289/6826/859 1104/6829/860 1103/7019/861
f 3151/9113/472 3142/9114/472 3141/7396/160 3150/7395/160
f 4044/5736/1633 3951/5735/1634 3950/6551/1635 4045/6550/1096
f 2422/9115/207 2316/9116/207 2315/9117/221 2414/9118/221
f 1269/9119/576 1270/4490/574 1207/4493/574 1206/9120/2114
f 2588/9121/2115 2332/9122/2116 2331/4986/1482 2587/4985/1481
f 3909/9123/80 3882/9124/1310 3881/3878/8 3908/3877/8
f 3334/9125/67 4286/9126/67 4314/9127/67 3324/9128/67
f 740/6925/1828 660/6924/823 659/9129/1175 741/9130/568
f 1588/9131/1355 1580/9132/486 1517/9133/486 1525/9134/1355
f 3284/8406/686 3283/9135/2117 3080/9136/2118 3079/8407/687
f 3531/9137/454 3532/9138/1212 3523/9139/1711 3522/9140/455
f 1287/2912/902 1288/7328/333 1225/7331/333 1224/2913/903
f 1930/8555/423 1931/4042/786 1922/4045/787 1921/8556/424
f 3585/9141/918 3708/9142/1416 3287/9143/961 3286/9144/961
f 903/8942/850 783/8941/850 782/1852/593 902/1851/593
f 4006/9145/398 3988/9146/397 3987/8311/1634 4005/8310/1634
f 4093/8089/1028 4094/9147/774 4085/9148/776 4084/8090/1029
f 2897/9149/1297 2905/5247/1533 2718/5250/1536 2717/9150/1297
f 3446/9151/160 3437/9152/160 3436/9153/160 3444/9154/160 3443/9155/160 3442/9156/160 3441/9157/160 3440/9158/160 3448/9159/160 3449/9160/160 3450/9161/160 3451/9162/160 3452/9163/160 3453/9164/160 3445/9165/160
f 514/9166/800 515/6574/119 488/6577/119 487/9167/801
f 3553/2320/508 3433/2319/508 3432/7094/510 3552/7093/1853
f 3866/9168/2119 3857/9169/2120 3856/9170/2121 3865/9171/2122
f 813/3396/314 812/3028/471 821/3031/316 822/3397/1070
f 2513/1445/442 2412/1444/255 2411/5909/1679 2512/5908/815
f 4563/3381/1064 4562/2531/838 4381/2534/841 4380/3382/1065
f 2060/5448/217 2061/4101/218 2034/4104/218 2033/5449/217
f 2511/5911/521 2410/5910/521 2409/9172/523 2510/9173/523
f 3457/8081/214 3456/5028/215 3465/5031/215 3466/8082/216
f 2474/9174/2123 2392/9175/521 2391/9176/1585 2473/9177/523
f 3689/2625/855 3690/1879/603 3663/1882/603 3662/2626/856
f 1998/9178/689 2007/9179/689 1999/9180/28 1990/9181/28
f 3471/9182/961 3472/9183/961 3463/9184/225
f 3469/9185/165 3472/9186/659 3470/9187/918
f 3467/9188/349 3472/9189/342 3468/9190/660
f 3465/9191/1173 3472/9192/347 3466/9193/342
f 3463/9194/225 3472/9195/225 3464/9196/1815
f 3466/9193/444 3472/9197/342 3467/9188/349
f 3464/9196/1173 3472/9198/347 3465/9191/1173
f 3468/9190/165 3472/9199/659 3469/9185/165
f 3470/9187/916 3472/9200/961 3471/9182/961
f 3573/6507/954 3565/9201/307 3556/9202/307 3564/6508/955
f 519/9203/972 518/9204/973 444/9205/526 443/9206/974
f 142/9207/207 23/9208/207 22/9209/221 134/9210/221
f 4759/7021/1838 4758/3513/1107 4767/3516/1109 4768/7022/1839
f 3263/9211/1272 3264/1203/333 3201/1206/333 3200/9212/1272
f 4129/9213/67 4137/2081/693 4146/2084/693 4138/9214/67
f 1266/9215/1598 1265/9216/1599 1092/9217/1600 1091/9218/1601
f 2950/1525/370 2942/9219/656 2879/9220/656 2887/1526/371
f 99/9221/241 59/9222/241 58/4620/1411 100/4619/1410
f 3482/9223/160 3483/1069/160 3474/1068/160 3473/9224/160 3481/9225/160 3480/9226/160 3479/9227/160 3478/9228/160 3477/1065/160 3485/1064/160 3486/9229/160 3487/9230/160 3488/9231/160 3489/9232/160 3490/9233/160
f 1856/7582/1266 1855/1481/450 1864/1484/450 1865/7583/1267
f 4203/9234/365 4204/9235/1028 4195/9236/1029 4194/9237/365
f 3241/5485/1599 3240/9238/381 3042/9239/384 3050/5486/1600
f 246/2951/357 247/8737/623 238/8738/626 237/2952/358
f 851/4262/422 852/6592/423 843/6595/424 842/4263/425
f 794/9240/1763 731/9241/2124 730/5899/848 793/5898/1677
f 518/9204/973 517/9242/447 436/9243/447 444/9205/526
f 1818/9244/450 1817/9245/451 1826/9246/452 1827/9247/450
f 4904/9248/303 4905/9249/826 4842/9250/826 4841/9251/303
f 2381/6753/413 2303/6752/414 2302/1820/415 2382/1819/571
f 4189/9252/1658 4069/9253/1658 4068/8436/883 4188/8435/883
f 1874/9254/654 1773/9255/1683 1772/9256/655 1873/9257/2125
f 3389/9258/1299 3337/9259/1299 3336/9260/1271 3390/9261/1271
f 3508/9262/961 3509/9263/961 3500/9264/225
f 3506/9265/165 3509/9266/659 3507/9267/918
f 3504/9268/349 3509/9269/342 3505/9270/660
f 3502/9271/1173 3509/9272/347 3503/9273/342
f 3500/9274/225 3509/9275/225 3501/9276/1815
f 3503/9273/444 3509/9277/342 3504/9268/349
f 3501/9276/1173 3509/9278/347 3502/9271/1173
f 3505/9270/165 3509/9279/659 3506/9265/165
f 3507/9267/916 3509/9280/961 3508/9262/961
f 3639/9281/274 3648/9282/2126 3649/6302/1200 3640/6301/94
f 2949/8812/2074 2948/5168/1519 2765/5169/1520 2764/8813/2075
f 510/6666/972 509/7087/973 435/7090/526 434/6667/974
f 209/7529/1894 208/9283/987 217/9284/162 218/7530/270
f 2584/9285/2127 2328/9286/2128 2327/9287/2129 2583/9288/2130
f 1727/4234/824 1718/4233/823 1717/9289/1175 1726/9290/568
f 3517/9291/160 3516/9292/160 3515/9293/160 3514/9294/160 3524/9295/160 3525/9296/160 3526/9297/160 3527/9298/160 3519/9299/160 3520/9300/160 3521/9301/160 3522/9302/160 3513/9303/160 3512/9304/160 3511/9305/160 3510/9306/160 3518/9307/160
f 3569/8759/1570 3568/4784/214 3577/4787/214 3578/8760/338
f 68/9308/913 980/9309/913 979/9310/913 69/9311/913
f 1278/9312/1947 1277/9313/377 1098/9314/380 1097/9315/1948
f 252/7030/1372 251/5273/1468 260/5276/1544 261/7031/1372
f 1295/9316/1722 1294/9317/1582 1117/9318/1583 1116/9319/1723
f 829/2611/850 747/2610/849 746/9320/593 828/9321/593
f 1352/4907/1466 1351/9322/940 1360/9323/940 1361/4908/941
f 4603/7114/1623 4612/7113/1623 4613/9324/1741 4604/9325/1625
f 3698/6580/1795 3699/9326/603 3672/9327/603 3671/6581/856
f 4472/9328/221 4473/9329/221 4474/9330/221 4475/9331/221 4467/9332/221 4468/9333/221 4469/9334/221 4470/9335/221 4471/9336/221
f 1894/9337/302 1893/9338/1266 1902/9339/1266 1903/9340/302
f 3545/9341/961 3546/9342/961 3537/9343/225
f 3543/9344/167 3546/9345/659 3544/9346/960
f 3541/9347/349 3546/9348/342 3542/9349/660
f 3539/9350/1173 3546/9351/347 3540/9352/342
f 3537/9353/225 3546/9354/225 3538/9355/1815
f 3540/9352/444 3546/9356/342 3541/9347/349
f 3538/9355/1173 3546/9357/347 3539/9350/1173
f 3542/9349/167 3546/9358/659 3543/9344/167
f 3544/9346/916 3546/9359/961 3545/9341/961
f 2917/7231/1874 2918/4038/1254 2855/4041/1254 2854/7232/1874
f 3755/1535/466 3764/1534/466 3756/8343/28 3747/8342/28
f 2051/9360/217 2052/3466/218 2025/3469/218 2024/9361/217
f 3934/9362/1200 3907/9363/94 3906/9364/274 3933/9365/274
f 4530/9366/1380 4538/8465/2022 4351/8466/2023 4350/9367/1381
f 1284/3953/1236 1283/9368/1280 1110/9369/1283 1109/3954/1237
f 1293/7778/598 1294/9370/2131 1231/9371/596 1230/7779/720
f 2036/4007/364 2035/9372/365 1954/9373/365 1962/4008/366
f 877/9374/8 878/9375/8 879/9376/8 880/9377/8 881/9378/8 873/3230/8 864/3229/8 872/9379/8 871/9380/8 870/9381/8 869/9382/8 868/3225/8 876/3224/8
f 303/1608/221 322/1607/221 323/1633/221 300/1632/221
f 828/9321/593 746/9320/593 745/9383/160 827/9384/160
f 2817/3393/220 2808/3392/220 2807/5455/221 2816/5454/221
f 4635/9385/1361 4643/9386/2132 4656/9387/2132 4644/9388/1361
f 466/3005/936 457/3004/935 456/8134/481 465/8133/1959
f 3223/9389/257 3224/5526/258 3161/5529/258 3160/9390/257
f 4535/9391/2133 4534/9392/2134 4355/9393/2135 4354/9394/2136
f 1299/9395/909 1291/9396/28 1228/9397/28 1236/9398/909
f 3582/9399/961 3583/9400/961 3574/9401/225
f 3580/9402/167 3583/9403/659 3581/9404/960
f 3578/9405/349 3583/9406/342 3579/9407/660
f 3576/9408/1173 3583/9409/347 3577/9410/342
f 3574/9411/225 3583/9412/225 3575/9413/1815
f 3577/9410/444 3583/9414/342 3578/9405/349
f 3575/9413/1815 3583/9415/347 3576/9408/1173
f 3579/9407/167 3583/9416/659 3580/9402/167
f 3581/9404/916 3583/9417/961 3582/9399/961
f 4580/9418/1823 4581/4474/1373 4518/4477/1373 4517/9419/1823
f 4151/6634/1809 4050/6633/883 4049/9420/884 4150/9421/884
f 3285/9422/8 3296/9423/8 3586/9424/8 3587/9425/8 3584/9426/8
f 4193/6449/339 4073/6448/339 4072/6195/1005 4192/6194/1006
f 3590/9427/8 3291/9428/8 3290/9429/8 3588/9430/8 3589/9431/8
f 4554/8127/1957 4553/6940/1829 4372/6943/1832 4371/8128/1958
f 3694/9432/134 3686/9433/33 3659/9434/33 3667/9435/134
f 3630/9436/28 3631/9437/28 3623/9438/28 3624/9439/28 3625/9440/28 3626/9441/28 3598/9442/28 3599/9443/28 3600/9444/28 3601/9445/28 3602/9446/28 3591/9447/28 3592/9448/28 3619/9449/28 3620/9450/28 3621/9451/28 3622/9452/28 3614/9453/28 3615/9454/28 3616/9455/28 3617/9456/28 3611/9457/28 3612/9458/28 3613/9459/28 3605/9460/28 3606/9461/28 3607/9462/28 3587/9463/28 3593/9464/28 3594/9465/28 3595/9466/28 3629/9467/28
f 4536/6073/1706 4535/9391/2133 4354/9394/2136 4353/6074/1707
f 4150/9421/884 4049/9420/884 4048/8619/1521 4149/8618/1521
f 3699/9326/603 3700/9468/2137 3673/9469/496 3672/9327/603
f 4291/9470/1058 4290/9471/1058 4594/9472/1058 4593/9473/1058
f 4570/9474/1777 4571/9475/1956 4508/9476/1956 4507/9477/1774
f 533/8267/386 532/9478/2138 448/9479/2139 447/8268/387
f 3814/1188/319 3813/9480/1539 3735/9481/1542 3734/1189/320
f 3514/9482/842 3413/9483/2140 3412/7461/1424 3513/7460/1888
f 4868/7186/1862 4867/9484/2141 4672/9485/2142 4671/7187/1863
f 3702/8410/1207 3701/6379/1349 3617/6380/1350 3616/8411/1208
f 3278/9486/470 3279/8841/1997 3216/8842/1996 3215/9487/470
f 3631/9488/2143 3640/9489/2144 3632/9490/2145 3623/9491/2145
f 2561/9492/221 2569/3575/292 2578/3578/292 2570/9493/221
f 3383/4890/430 3343/4889/430 3342/3168/862 3384/3167/862
f 3684/9494/1101 3685/7608/134 3658/7611/1899 3657/9495/1102
f 4010/5594/1619 3992/5593/1619 3991/2877/891 4009/2876/891
f 4022/9496/160 4023/9497/160 4024/9498/160 4034/9499/160 4035/9500/160 4036/9501/160 4037/9502/160 4029/9503/160 4028/9504/160 4020/9505/160 4021/9506/160
f 1630/5875/1669 1631/8688/596 1568/8689/2057 1567/5876/177
f 2171/9507/1456 2172/6205/351 2145/6206/351 2144/9508/352
f 1868/9509/8 1876/9510/8 1875/5984/8 1884/5983/8 1885/9511/8 1877/9512/8 1878/9513/8 1879/5978/8 1870/5977/8 1869/9514/8
f 2332/9122/2116 2588/9121/2115 2580/8938/2102 2324/8937/2102
f 3653/9515/28 3654/9516/28 3655/9517/28 3656/9518/28 3657/9519/28 3658/9520/28 3650/9521/28 3651/9522/28 3652/9523/28
f 2721/7822/33 2722/9524/33 2723/7815/33 2684/7814/33 2683/9525/33 2682/7828/33 2731/7827/33 2732/9526/33 2733/9527/33 2734/9528/33 2726/9529/33 2727/7823/33
f 3687/3858/898 3686/9530/1312 3605/9531/1312 3613/3859/899
f 882/9532/160 890/4605/535 899/4608/535 891/9533/160
f 3671/9534/28 3672/9535/28 3673/9536/28 3674/9537/28 3675/9538/28 3676/9539/28 3668/9540/28 3669/9541/28 3670/9542/28
f 3792/9543/67 3793/9544/336 3766/9545/336 3765/9546/67
f 50/9547/160 1002/9548/160 1030/9549/160 40/9550/160
f 2900/9551/2146 2901/9552/1198 2838/9553/1198 2837/9554/878
f 2779/2034/594 2788/2033/594 2780/9555/28 2771/9556/28
f 3437/8921/181 3374/8920/181 3373/3631/28 3436/3630/28
f 528/9557/148 529/4971/723 502/4972/516 501/9558/148
f 4168/9559/774 4169/8622/775 4160/8625/646 4159/9560/776
f 1250/9561/980 1249/4389/1351 1072/4392/1354 1071/9562/981
f 3911/9563/2147 3884/9564/1356 3883/9565/2148 3910/9566/1264
f 4904/3596/1118 4903/8232/1971 4708/8233/1972 4707/3597/1119
f 3813/9480/1539 3812/7235/1540 3736/7238/1541 3735/9481/1542
f 2476/1063/255 2394/1062/255 2393/9567/2149 2475/9568/815
f 4569/9569/1776 4570/9474/1777 4507/9477/1774 4506/9570/1775
f 2612/9571/2150 2603/9572/150 2602/9573/564 2611/9574/563
f 207/9575/628 208/2908/356 199/2911/359 198/9576/628
f 582/8386/278 581/9577/2151 590/9578/217 591/8387/896
f 3665/9579/28 3666/9580/28 3667/9581/28 3659/9582/28 3660/9583/28 3661/9584/28 3662/9585/28 3663/9586/28 3664/9587/28
f 2053/9588/67 2054/5552/1174 2027/5555/163 2026/9589/67
f 4877/9590/2152 4876/8653/2051 4681/8656/2054 4680/9591/1792
f 2352/5505/1605 2351/9592/28 2993/9593/28 2994/5506/1606
f 939/9594/284 948/9595/283 949/8468/971 940/8467/2024
f 2922/9596/1738 2921/5309/1553 2738/5310/1554 2737/9597/1739
f 4763/8328/2003 4762/6329/1743 4771/6330/1744 4772/8329/2004
f 353/9598/409 362/9599/409 363/9600/410 354/9601/410
f 3352/9602/41 4264/9603/41 4263/9604/41 3353/9605/41
f 2613/9606/152 2604/9607/152 2603/9572/150 2612/9571/2150
f 1171/1282/374 1180/1281/280 1181/8662/2055 1172/8661/279
f 4572/4479/1376 4571/4367/1339 4390/4370/1342 4389/4480/1377
f 845/9608/160 853/1765/535 862/1768/535 854/9609/160
f 3233/9610/1367 3232/6693/1510 3041/6696/1511 3040/9611/1368
f 3798/7225/608 3797/9612/318 3715/9613/321 3714/7226/609
f 2983/1932/110 2992/1931/110 2984/8798/160 2975/8797/160
f 3805/6950/319 3804/7115/1539 3726/7116/1542 3725/6951/320
f 945/9614/2153 689/9615/2154 688/6344/1752 944/6343/1751
f 2904/8606/185 2905/7227/1056 2842/7230/1056 2841/8607/182
f 1449/9616/2032 1448/9617/1008 1457/9618/283 1458/9619/2155
f 2896/5138/1514 2888/9620/486 2825/9621/486 2833/5139/1355
f 1589/9622/1297 1597/8395/2017 1392/8398/1536 1391/9623/1297
f 809/5199/199 810/9624/200 801/9625/201 800/5200/202
f 3755/9013/2104 3746/9012/2103 3745/3242/1021 3754/3241/1020
f 2106/8550/2036 2097/8549/388 2096/9626/447 2105/9627/447
f 228/9042/161 127/9041/2107 126/6517/162 227/6516/162
f 3061/9628/8 3062/9629/8 3063/9630/8 3064/2746/8 3070/2745/8 3071/2782/8 3090/2781/8 3091/9631/8 3053/9632/8 3054/9633/8 3055/9634/8 3056/9635/8 3057/9636/8 3058/9637/8 3059/9638/8 3051/9639/8 3052/9640/8 3092/9641/8 3093/9642/8 3094/2776/8 3034/2775/8 3035/9643/8 3036/9644/8 3037/9645/8 3038/9646/8 3039/9647/8 3040/9648/8 3041/9649/8 3033/2774/8 3028/2773/8 3029/9650/8 3030/9651/8 3031/9652/8 3032/2768/8 3016/2767/8 3017/9653/8 3018/9654/8 3019/9655/8 3020/2762/8 3082/2761/8 3083/9656/8 3084/2754/8 3003/2753/8 3002/9657/8 3014/9658/8 3013/9659/8 3012/8508/8 3050/8507/8 3042/9660/8 3043/9661/8 3044/9662/8 3045/9663/8 3046/9664/8 3047/9665/8 3048/8510/8 3011/8509/8 3010/9666/8 3009/9667/8 3008/9668/8 3007/2749/8 3066/2748/8 3067/9669/8 3068/9670/8 3060/9671/8
f 120/5459/416 18/5458/415 17/9672/867 121/9673/573
f 510/2536/148 511/6612/1807 484/6615/516 483/2537/69
f 3634/7242/1264 3643/7241/1264 3644/5744/1356 3635/5743/1357
f 1605/9674/2156 1604/5393/1500 1403/5394/1501 1402/9675/2157
f 2947/9676/886 2948/9677/2158 2885/9678/813 2884/9679/2159
f 3230/6010/1692 3222/9680/1058 3159/9681/1058 3167/6011/314
f 1166/5441/1584 1058/5440/668 1057/9682/327 1165/9683/327
f 2904/5248/1534 2903/5365/988 2720/5366/989 2719/5249/1535
f 2169/9684/1017 2168/9685/1626 2087/9686/1626 2095/9687/1018
f 3530/7790/453 3531/9137/454 3522/9140/455 3521/7791/456
f 586/6290/622 585/3903/1211 594/3906/539 595/6291/622
f 2913/9688/2156 2912/5040/1500 2729/5043/1501 2728/9689/2157
f 1254/2142/314 1246/9690/1058 1183/9691/1058 1191/2143/314
f 3329/9692/221 3330/4023/221 3342/4022/221 3343/9693/221 3335/9694/221 3336/4016/221 3327/4015/221 3328/9695/221
f 4634/2621/466 4625/2620/853 4624/9696/465 4633/9697/2160
f 1911/9698/654 1791/9699/1683 1790/9700/655 1910/9701/2161
f 3925/8275/1200 3898/8274/94 3897/9702/274 3924/9703/2162
f 3757/9704/33 3756/9705/33 3764/9706/33 3763/9707/33 3762/9708/33 3761/9709/33 3760/9710/33 3759/9711/33 3758/9712/33
f 3769/9713/33 3770/9714/33 3771/9715/33 3772/9716/33 3773/9717/33 3765/9718/33 3766/9719/33 3767/9720/33 3768/9721/33
f 1778/9722/297 1671/9723/297 1670/3884/658 1779/3883/658
f 2265/6553/689 2292/6552/441 2284/3330/28 2257/3329/28
f 3778/9724/33 3779/9725/33 3780/9726/33 3781/9727/33 3782/9728/33 3774/9729/33 3775/9730/33 3776/9731/33 3777/9732/33
f 3786/9733/33 3787/9734/33 3788/9735/33 3789/9736/33 3790/9737/33 3791/9738/33 3783/9739/33 3784/9740/33 3785/9741/33
f 629/9742/2163 602/9743/409 601/9744/968 628/9745/567
f 3678/2897/898 3677/9746/1312 3596/9747/1312 3604/2898/899
f 2035/9748/365 2043/6395/1028 1955/6398/1029 1954/9749/365
f 3965/9750/1619 4057/9751/1619 4056/896/67 3957/895/67
f 3119/5293/1546 3118/9752/2164 3127/9753/2165 3128/5294/1547
f 1923/9754/160 1931/8441/302 1940/8442/302 1932/9755/160
f 4023/8554/893 3945/8553/892 3944/1329/396 4024/1328/395
f 1732/9756/33 1733/9757/33 1724/9758/33 1723/9759/33 1731/9760/33
f 1581/8033/1745 1580/9761/1746 1382/9762/1747 1390/8034/1748
f 4897/9763/392 4898/8214/796 4835/8217/796 4834/9764/2166
f 1816/5613/1503 1817/9765/1295 1808/9766/1296 1807/5614/1459
f 515/1313/386 514/9767/2138 430/9768/2139 429/1314/387
f 406/6933/1451 405/4575/1400 327/4576/1401 326/6934/1452
f 4605/9769/2167 4271/9770/2168 4270/9771/2169 4604/9772/2170
f 4565/9773/2171 4564/3380/1063 4379/3383/1066 4378/9774/2172
f 2753/7845/33 2748/7844/33 2749/9775/33 2750/7883/33 2679/7882/33 2678/9776/33 2677/9777/33 2676/7859/33 2770/7858/33 2762/7850/33 2757/7849/33 2758/9778/33 2759/9779/33 2760/9780/33 2761/9781/33
f 121/9782/573 17/9783/867 16/9784/286 122/9785/1396
f 723/2464/824 705/2463/823 704/9786/1175 722/9787/568
f 1873/9257/2125 1772/9256/655 1771/9788/203 1872/9789/203
f 2784/9790/1895 2775/9791/2110 2774/8820/213 2783/8819/2077
f 2849/9792/33 2850/9793/33 2851/9794/33 2843/9795/33 2844/9796/33 2845/9797/33 2846/9798/33 2847/9799/33 2848/9800/33
f 2811/9063/991 2820/9062/991 2821/9801/1526 2812/9802/992
f 3536/8350/873 3535/9803/881 3544/9804/881 3545/8351/874
f 1598/9805/1050 1606/9806/1051 1401/9807/1052 1400/9808/1053
f 1591/4360/1250 1590/9809/1251 1399/9810/1252 1398/4361/1253
f 523/9811/2138 522/1803/559 440/1806/562 439/9812/2139
f 3173/9813/8 3174/9814/8 3175/9815/8 3176/9816/8 3168/9817/8 3169/9818/8 3170/9819/8 3171/9820/8 3172/9821/8
f 399/9822/2173 398/8916/1450 316/8917/1453 315/9823/738
f 3257/6537/1313 3256/9824/1810 3053/9825/1811 3052/6538/1314
f 4095/9826/642 4094/7279/1875 4103/7280/832 4104/9827/642
f 3677/9828/1312 3685/3891/1206 3597/3894/1209 3596/9829/1312
f 1146/9830/421 1137/9831/2174 1136/958/211 1145/957/210
f 2895/4495/237 2894/9832/238 2711/9833/239 2710/4496/240
f 908/9834/155 788/9835/155 787/8498/821 907/8497/821
f 3244/8752/2060 3245/9836/576 3182/9837/2175 3181/8753/1621
f 173/5022/623 174/9838/624 165/9839/625 164/5023/626
f 2433/3750/1180 2370/3749/1180 2369/6282/221 2432/6281/221
f 2547/9840/523 2427/9841/522 2426/9842/851 2546/9843/2176
f 418/9844/715 417/9845/737 333/9846/738 332/9847/716
f 532/9478/2138 531/4114/559 449/4117/562 448/9479/2139
f 1701/3389/296 1741/3388/296 1740/6939/160 1693/6938/160
f 3699/3854/474 3698/2047/672 3620/2050/662 3619/3855/475
f 2060/9848/774 2059/9849/1402 1975/9850/646 1974/9851/776
f 1448/9617/1008 1447/8181/1007 1456/8184/1007 1457/9618/283
f 157/9852/267 94/9853/267 93/9854/186 156/9855/186
f 1890/9856/1503 1891/8638/1295 1882/8641/1296 1881/9857/1459
f 47/9858/913 46/9859/913 976/9860/913 975/9861/913
f 420/9862/97 421/9863/97 308/9864/97 307/9865/97
f 3846/9866/67 3847/9867/67 3848/9868/67 3820/9869/67 3823/9870/67 3824/9871/67 3825/9872/67 3826/9873/67 3860/9874/67 3861/9875/67 3862/9876/67 3854/9877/67 3855/9878/67 3856/9879/67 3857/9880/67 3834/9881/67 3835/9882/67 3827/9883/67 3828/9884/67 3829/9885/67 3830/9886/67 3831/9887/67 3832/9888/67 3853/9889/67 3845/9890/67
f 2526/3586/1116 2525/6788/1780 2534/6791/1780 2535/3587/1116
f 1473/1715/519 1472/9891/160 1481/9892/160 1482/1716/519
f 3849/9893/67 3850/3902/67 3840/3901/67 3841/9894/67 3842/9895/67 3843/9896/67 3844/9897/67 3836/9898/67 3837/9899/67 3838/9900/67 3839/3900/67 3851/3899/67 3852/9901/67 3853/9889/67 3832/9888/67 3833/9902/67 3834/9881/67 3857/9880/67 3858/9903/67 3859/9904/67 3860/9874/67 3826/9873/67 3589/9905/67 3588/9906/67 3822/9907/67 3820/9869/67 3848/9868/67
f 525/1470/385 524/9908/386 438/9909/387 437/1471/388
f 975/9910/346 311/9911/1815 48/9912/1417 47/9913/1417
f 1854/1482/451 1853/2129/721 1862/2130/722 1863/1483/452
f 465/9914/91 474/9915/75 475/993/222 466/992/222
f 1251/8685/979 1250/9561/980 1071/9562/981 1070/8686/982
f 4338/9916/28 4333/9917/28 4332/9918/28 4331/9919/28 4337/9920/28
f 177/5363/478 178/9921/479 169/9922/480 168/5364/481
f 1294/9317/1582 1293/1799/555 1118/1802/558 1117/9318/1583
f 4735/8337/163 4734/6058/1700 4743/6059/1701 4744/8338/163
f 2475/9568/815 2393/9567/2149 2392/9175/521 2474/9174/2123
f 2803/3025/949 2804/1191/322 2795/1194/325 2794/3026/950
f 282/6103/356 283/4901/357 274/4902/358 273/6104/359
f 513/9923/169 514/9166/800 487/9167/801 486/9924/170
f 1294/9370/2131 1295/877/177 1232/880/179 1231/9371/596
f 2431/4410/254 2551/4409/254 2543/9925/221 2423/9926/221
f 4082/1225/339 4019/1224/339 4018/8536/1005 4081/8535/1006
f 287/9927/1543 286/6417/1011 295/6420/1509 296/9928/1301
f 2914/3312/1051 2913/9688/2156 2728/9689/2157 2727/3313/1052
f 4450/9929/468 4459/9930/468 4460/7052/467 4451/7051/1845
f 3222/9931/1058 3223/9389/257 3160/9390/257 3159/9932/1058
f 231/8660/267 130/8659/267 129/9933/777 230/9934/186
f 3884/9935/67 3885/9936/67 3886/9937/67 3887/9938/67 3888/9939/67 3889/9940/67 3881/9941/67 3882/9942/67 3883/9943/67
f 4169/9944/642 4168/2892/897 4177/2895/832 4178/9945/2177
f 2295/9946/225 2622/9947/225 2182/9948/225 2181/9949/225
f 4061/9950/160 4062/9951/160 4063/9952/160 4064/1824/160 4065/1823/160 4066/9953/160 4067/9954/160 4068/9955/160 4069/9956/160 4070/9957/160 4071/9958/160 4072/9959/160 4073/1826/160 4056/1825/160 4057/9960/160 4058/9961/160 4059/9962/160 4060/9963/160
f 1485/4980/1479 1494/4979/1478 1495/8627/2041 1486/8626/2040
f 3902/9964/67 3903/9965/67 3904/9966/67 3905/9967/67 3906/9968/67 3907/9969/67 3899/9970/67 3900/9971/67 3901/9972/67
f 3454/9973/28 3462/8897/880 3471/8900/873 3463/9974/28
f 2813/5230/1527 2822/5229/1254 2823/9975/2178 2814/9976/1874
f 3148/5344/279 3157/5343/1560 3158/7394/1820 3149/7393/1820
f 83/9977/1813 74/9978/286 73/9979/206 82/9980/206
f 1318/9981/1807 1327/9982/2179 1328/8542/168 1319/8541/168
f 713/6629/1197 712/9983/1195 1354/9984/1195 1355/6630/1197
f 3227/3316/402 3228/9985/404 3165/9986/404 3164/3317/1054
f 2279/9987/409 2252/9988/409 2251/6061/410 2278/6060/1176
f 3916/9989/299 3832/9990/300 3908/9991/675
f 3908/9992/675 3832/9993/300 3831/9994/342
f 3908/9992/675 3831/9994/342 3909/9995/1055
f 3909/9995/1055 3831/9994/342 3830/9996/1055
f 3909/9995/1055 3830/9996/1055 3910/9997/342
f 3910/9997/342 3830/9996/1055 3829/9998/167
f 3910/9997/342 3829/9998/167 3911/9999/167
f 3911/9999/167 3829/9998/167 3828/10000/659
f 3911/9999/167 3828/10000/659 3912/10001/659
f 3912/10001/659 3828/10000/659 3827/10002/734
f 3912/10001/659 3827/10002/734 3913/10003/959
f 3913/10003/959 3827/10002/734 3835/10004/959
f 3913/10003/959 3835/10004/959 3914/10005/958
f 3914/10005/958 3835/10004/959 3834/10006/958
f 3914/10005/958 3834/10006/958 3915/10007/300
f 3915/10007/300 3834/10006/958 3833/10008/299
f 3915/10007/300 3833/10008/299 3916/9989/299
f 3916/9989/299 3833/10008/299 3832/9990/300
f 1849/10009/160 1857/7581/302 1866/7584/302 1858/10010/160
f 4840/10011/160 4841/10012/160 4842/10013/160 4843/10014/160 4844/10015/160 4845/10016/160 4837/10017/160 4838/10018/160 4839/10019/160
f 2568/3576/246 2567/5790/248 2576/5793/248 2577/3577/1112
f 4788/5897/1676 4662/5896/1675 4661/10020/2180 4787/10021/2181
f 3403/8327/529 3303/8326/529 3302/4761/530 3404/4760/531
f 3461/8898/881 3460/10022/1934 3469/10023/1935 3470/8899/882
f 1638/8666/2056 1639/8228/886 1576/8231/886 1575/8667/1272
f 3925/10024/301 3841/10025/300 3917/10026/675
f 3917/10027/675 3841/10028/300 3840/10029/342
f 3917/10027/675 3840/10029/342 3918/10030/1055
f 3918/10030/1055 3840/10029/342 3839/10031/340
f 3918/10030/1055 3839/10031/340 3919/10032/342
f 3919/10032/342 3839/10031/340 3838/10033/660
f 3919/10032/342 3838/10033/660 3920/10034/659
f 3920/10034/659 3838/10033/660 3837/10035/1439
f 3920/10034/659 3837/10035/1439 3921/10036/167
f 3921/10036/167 3837/10035/1439 3836/10037/734
f 3921/10036/167 3836/10037/734 3922/10038/1015
f 3922/10038/1015 3836/10037/734 3844/10039/1015
f 3922/10038/1015 3844/10039/1015 3923/10040/808
f 3923/10040/808 3844/10039/1015 3843/10041/964
f 3923/10040/808 3843/10041/964 3924/10042/300
f 3924/10042/300 3843/10041/964 3842/10043/299
f 3924/10042/300 3842/10043/299 3925/10024/301
f 3925/10024/301 3842/10043/299 3841/10025/300
f 1854/10044/1295 1855/1404/422 1846/1407/425 1845/10045/1296
f 1304/10046/931 1305/4371/932 1242/4374/932 1241/10047/931
f 4133/5807/641 4132/3038/642 4141/3039/642 4142/5808/641
f 4591/9089/1837 4592/5279/1448 4529/5282/1448 4528/9090/1836
f 849/8561/1458 850/4261/1295 841/4264/1296 840/8562/1459
f 4003/3473/188 3985/3472/188 3984/5596/67 4002/5595/67
f 1894/2326/786 1886/10048/1255 1877/10049/1255 1885/2327/787
f 3934/10050/299 3850/10051/300 3926/10052/675
f 3926/10053/675 3850/10054/300 3849/10055/342
f 3926/10053/675 3849/10055/342 3927/10056/1055
f 3927/10056/1055 3849/10055/342 3848/10057/1055
f 3927/10056/1055 3848/10057/1055 3928/10058/342
f 3928/10058/342 3848/10057/1055 3847/10059/167
f 3928/10058/342 3847/10059/167 3929/10060/167
f 3929/10060/167 3847/10059/167 3846/10061/659
f 3929/10060/167 3846/10061/659 3930/10062/659
f 3930/10062/659 3846/10061/659 3845/10063/734
f 3930/10062/659 3845/10063/734 3931/10064/959
f 3931/10064/959 3845/10063/734 3853/10065/959
f 3931/10064/959 3853/10065/959 3932/10066/958
f 3932/10066/958 3853/10065/959 3852/10067/958
f 3932/10066/958 3852/10067/958 3933/10068/300
f 3933/10068/300 3852/10067/958 3851/10069/301
f 3933/10068/300 3851/10069/301 3934/10050/299
f 3934/10050/299 3851/10069/301 3850/10051/300
f 4546/7643/1911 4547/10070/1850 4484/10071/1850 4483/7644/1912
f 412/10072/218 413/5681/217 386/5682/217 385/10073/218
f 143/10074/8 144/8997/8 142/8996/8 134/10075/8 135/10076/8 136/10077/8 137/10078/8 138/10079/8 139/10080/8 140/8999/8 145/8998/8 146/10081/8 147/10082/8 148/10083/8 149/10084/8 150/10085/8 151/10086/8
f 3991/10087/160 3992/10088/160 3984/10089/160 3985/10090/160 3970/10091/160 3971/10092/160 3705/10093/160 3704/10094/160 3938/10095/160 3936/10096/160 3935/10097/160 3975/10098/160 3976/10099/160 3943/10100/160 3944/10101/160 3945/10102/160 3946/10103/160 3947/10104/160 3939/10105/160 3940/10106/160 3941/10107/160 3942/10108/160 4000/10109/160 4001/10110/160 3993/10111/160 3994/10112/160 3989/10113/160 3990/10114/160
f 3867/8138/603 3866/6685/856 3875/6686/856 3876/8139/603
f 1886/10115/160 1894/9337/302 1903/9340/302 1895/10116/160
f 3977/10117/160 3978/10118/160 3979/10119/160 3980/10120/160 3981/10121/160 3982/10122/160 3983/10123/160 3975/10098/160 3935/10097/160 3821/4288/160 3960/4287/160 3961/10124/160 3962/10125/160 3963/10126/160 3964/10127/160 3965/10128/160 3957/10129/160 3958/8505/160 3952/8504/160 3953/10130/160 3954/10131/160 3955/10132/160 3956/10133/160 3948/10134/160 3949/10135/160 3950/10136/160 3951/8503/160 3959/4286/160 3819/4285/160 3707/10137/160 3705/10093/160 3971/10092/160 3972/10138/160 3973/10139/160 3974/10140/160 3966/10141/160 3967/10142/160 3968/10143/160 3969/10144/160 3970/10091/160 3985/10090/160 3986/10145/160 3987/10146/160 3988/10147/160 3989/10113/160 3994/10112/160 3995/10148/160 3996/10149/160 3997/10150/160 3998/10151/160 3999/10152/160 4000/10109/160 3942/10108/160 3943/10100/160 3976/10099/160
f 1887/3769/164 1886/10153/160 1895/10154/160 1896/3770/164
f 3225/5527/418 3226/3315/419 3163/3318/419 3162/5528/418
f 1795/3340/599 1732/3339/599 1731/7004/160 1794/7003/160
f 3797/9612/318 3796/7128/319 3716/7129/320 3715/9613/321
f 3459/10155/337 3458/8080/338 3467/8083/338 3468/10156/337
f 3680/8272/1980 3681/6699/603 3654/6700/1812 3653/8273/856
f 3406/4156/221 3411/4155/221 3412/4165/221 3405/4164/221
f 889/4606/242 888/5355/1331 897/5356/244 898/4607/245
f 2494/10157/763 2495/1951/479 2486/1954/480 2485/10158/481
f 948/9595/283 939/9594/284 938/6988/221 947/6987/221
f 2168/10159/221 2169/7194/84 2142/7197/84 2141/10160/221
f 4078/10161/221 4077/10162/221 4085/10163/221 4086/10164/221 4087/10165/221
f 1852/1412/389 1853/10166/1503 1844/10167/1459 1843/1413/390
f 2386/7578/207 2298/7577/207 2297/8874/221 2378/8873/221
f 919/10168/1255 920/6999/199 911/7000/202 910/10169/1255
f 4452/7054/1846 4461/7053/1846 4462/2507/158 4453/2506/158
f 3368/10170/945 3359/10171/946 3358/6759/947 3367/6758/1816
f 289/4459/1372 288/10172/1468 297/10173/1544 298/4460/1372
f 4885/10174/543 4886/3083/542 4823/3086/542 4822/10175/2182
f 3929/10176/2147 3902/10177/1356 3901/6018/1693 3928/6017/1264
f 3388/7446/1816 3338/7445/947 3337/9259/1299 3389/9258/1299
f 4607/10178/1409 4616/10179/1409 4608/10180/67 4599/10181/67
f 1625/10182/943 1633/8644/2044 1428/8645/448 1427/10183/943
f 177/4920/1468 176/10184/1300 185/10185/1301 186/4921/1468
f 1457/10186/2183 1456/10187/2184 1465/10188/2185 1466/10189/2186
f 3936/10190/32 3938/10191/32 4258/10192/32 3937/10193/32
f 3551/10194/160 3550/2226/160 3558/2225/160 3559/10195/160 3560/10196/160 3561/2234/160 3552/2233/160
f 1730/5718/296 1721/5717/296 1720/1998/297 1729/1997/297
f 2223/10197/622 2222/4542/163 2231/4545/163 2232/10198/622
f 1276/1112/280 1277/5589/372 1214/5592/1457 1213/1113/280
f 1307/10199/2117 1306/1685/504 1123/1688/507 1122/10200/2118
f 4742/10201/2187 4741/7902/1936 4750/7903/1937 4751/10202/2188
f 815/1665/423 816/10203/786 807/10204/787 806/1666/424
f 1942/10205/4 1943/10206/4 1644/10207/4 1643/10208/4
f 1652/10209/656 2955/10210/656 2954/10211/656 2956/10212/656 1653/10213/656
f 3933/9365/274 3906/9364/274 3905/5944/1682 3932/5943/276
f 4600/10214/2189 4609/10215/336 4610/2314/783 4601/2313/782
f 3249/10216/160 3250/6824/1820 3187/6825/1820 3186/10217/160
f 2942/10218/1225 2950/8811/2073 2763/8814/2076 2762/10219/1226
f 3704/10220/656 3705/10221/656 3592/10222/656 3591/10223/656
f 1613/8825/1933 1614/10224/1068 1551/10225/1068 1550/8826/1933
f 4059/6372/893 3963/6371/893 3962/5497/396 4060/5496/1603
f 4866/10226/191 4867/4712/192 4804/4713/189 4803/10227/190
f 3093/3209/283 3092/8513/2032 3101/8514/2032 3102/3210/1008
f 2919/4039/992 2920/10228/2190 2857/10229/991 2856/4040/992
f 1813/10230/199 1814/4355/200 1805/4358/201 1804/10231/202
f 4558/6360/256 4559/1129/289 4496/1132/289 4495/6361/256
f 927/7133/535 926/10232/242 935/10233/2191 936/7134/535
f 3923/10234/1555 3896/10235/276 3895/5376/171 3922/5375/171
f 4917/1080/261 4909/10236/8 4846/10237/8 4854/1081/261
f 2416/7269/1411 2322/7268/1411 2321/5284/413 2417/5283/413
f 720/4600/332 702/4599/1408 701/6569/173 719/6568/173
f 4255/7924/896 4246/7923/278 4245/6660/595 4254/6659/895
f 2267/1782/193 2240/1781/194 2239/4426/28 2266/4425/28
f 4136/2082/367 4135/10238/208 4144/10239/208 4145/2083/367
f 3802/1208/335 3803/7182/783 3776/7185/783 3775/1209/336
f 1816/10240/721 1815/6196/490 1824/6197/490 1825/10241/722
f 4566/10242/675 4567/10243/1825 4504/10244/2192 4503/10245/675
f 467/995/223 476/994/223 477/10246/351 468/10247/351
f 813/6340/1295 814/1664/422 805/1667/425 804/6341/1296
f 4579/8838/680 4580/9418/1823 4517/9419/1823 4516/8839/680
f 4119/7455/339 4037/7454/339 4036/4705/1005 4118/4704/1006
f 4030/10248/160 4031/10249/160 4032/10250/160 4033/10251/160 4034/9499/160 4024/9498/160 4025/10252/160 4026/10253/160 4027/10254/160 4028/9504/160 4029/9503/160
f 4079/10255/221 4078/10161/221 4087/10165/221 4088/10256/221 4089/10257/221 4090/10258/221 4091/10259/221 4083/10260/221 4084/10261/221 4085/10163/221 4077/10162/221 4076/10262/221 4075/10263/221 4074/10264/221 4082/10265/221 4081/10266/221 4080/10267/221
f 215/1576/479 207/10268/628 198/10269/628 206/1577/480
f 1180/10270/8 1179/10271/8 1178/10272/8 1177/10273/8 1176/10274/8 1175/10275/8 1174/10276/8 1182/10277/8 1181/10278/8
f 2585/2168/751 2329/2167/750 2328/10279/2128 2584/10280/2127
f 2047/4988/615 2046/1296/375 1970/1299/376 1969/4989/228
f 585/1900/621 576/1899/620 575/10281/2193 584/10282/2194
f 2059/9849/1402 2058/4758/742 1976/4759/743 1975/9850/646
f 4606/6008/1691 4272/6007/1690 4271/9770/2168 4605/9769/2167
f 3283/9135/2117 3282/3825/504 3081/3828/507 3080/9136/2118
f 3245/9836/576 3246/8276/574 3183/8277/574 3182/9837/2175
f 2039/7282/537 2040/5442/895 2013/5443/595 2012/7283/538
f 3281/3826/505 3280/8330/2005 3083/8331/2006 3082/3827/506
f 2157/8353/1883 2158/9000/123 2131/9003/431 2130/8354/75
f 1893/9338/1266 1892/10283/450 1901/10284/450 1902/9339/1266
f 4109/10285/964 4110/10286/964 4101/10287/486
f 4107/10288/816 4110/10289/804 4108/10290/959
f 4105/10291/343 4110/10292/806 4106/10293/963
f 4103/10294/1169 4110/10295/301 4104/10296/1171
f 4101/10297/486 4110/10298/486 4102/10299/300
f 4104/10296/806 4110/10300/806 4105/10291/343
f 4102/10299/341 4110/10301/301 4103/10294/1169
f 4106/10293/803 4110/10302/804 4107/10288/816
f 4108/10290/958 4110/10303/964 4109/10285/964
f 4078/10304/1658 4015/10305/1658 4014/10306/883 4077/10307/883
f 3406/8532/947 3300/8531/947 3299/10308/1298 3407/10309/1299
f 3555/10310/874 3435/10311/874 3434/2318/540 3554/2317/540
f 2529/4529/1394 2528/5367/1566 2537/5368/1502 2538/4530/1395
f 192/7026/778 110/7025/187 109/2338/161 191/2337/161
f 411/10312/67 412/10072/218 385/10073/218 384/10313/67
f 4170/10314/641 4169/9944/642 4178/9945/2177 4179/10315/641
f 289/10316/479 281/10317/628 272/10318/628 280/10319/480
f 2061/10320/1028 2060/9848/774 1974/9851/776 1973/10321/1029
f 288/8169/478 289/10316/479 280/10319/480 279/8170/481
f 82/9980/206 73/9979/206 72/10322/207 81/10323/207
f 4205/10324/774 4206/10325/775 4197/10326/646 4196/10327/776
f 4552/6941/1830 4551/10328/2195 4374/10329/2196 4373/6942/1831
f 2647/10330/67 2648/10331/67 2649/10332/67 2650/10333/67 2184/10334/67 2183/10335/67 1708/10336/67 1707/10337/67 2651/10338/67 2652/10339/67 2641/10340/67 2642/10341/67 2643/10342/67 2644/10343/67 1692/10344/67 1691/10345/67 1952/10346/67 1951/10347/67 2645/10348/67 2646/10349/67
f 417/9845/737 416/4776/1450 334/4779/1453 333/9846/738
f 2157/3350/1060 2156/7332/1403 2072/7333/707 2071/3351/1061
f 762/8764/173 665/8763/173 664/8223/160 754/8222/160
f 2564/5045/1115 2563/10350/1116 2572/10351/1116 2573/5046/1115
f 1649/10352/221 1948/10353/221 2650/10354/221 2649/10355/221 2951/10356/221 1650/10357/221
f 1764/3715/330 1658/3714/330 1657/8309/332 1765/8308/332
f 4909/10358/8 4910/6373/1576 4847/6376/1576 4846/10359/8
f 2913/10360/258 2914/8121/257 2851/8124/257 2850/10361/258
f 2912/10362/420 2913/10360/258 2850/10361/258 2849/10363/418
f 4146/10364/964 4147/10365/964 4138/10366/486
f 4144/10367/816 4147/10368/804 4145/10369/959
f 4142/10370/343 4147/10371/806 4143/10372/963
f 4140/10373/1169 4147/10374/301 4141/10375/1171
f 4138/10376/486 4147/10377/486 4139/10378/300
f 4141/10375/806 4147/10379/806 4142/10370/343
f 4139/10378/341 4147/10380/301 4140/10373/1169
f 4143/10372/803 4147/10381/804 4144/10367/816
f 4145/10369/958 4147/10382/964 4146/10364/964
f 2872/10383/33 2873/10384/33 2874/10385/33 2875/10386/33 2876/10387/33 2877/10388/33 2878/10389/33 2870/10390/33 2871/10391/33
f 2401/10392/573 2310/10393/572 2309/7038/286 2402/7037/1813
f 3618/10394/28 3619/9449/28 3592/9448/28 3585/10395/28 3584/10396/28 3587/9463/28 3607/9462/28 3608/10397/28 3609/10398/28 3610/10399/28 3611/9457/28 3617/9456/28
f 354/9601/410 363/9600/410 364/1053/249 355/1052/249
f 3252/5316/280 3253/4871/372 3190/4872/1457 3189/5317/280
f 407/10400/538 408/10401/539 381/10402/1508 380/10403/537
f 238/8953/33 230/8952/33 229/8944/33 237/8943/33
f 3862/3191/1001 3871/3190/1000 3863/5152/1518 3854/5151/1518
f 3197/10404/8 3198/10405/8 3199/10406/8 3200/10407/8 3201/10408/8 3202/10409/8 3203/10410/8 3195/10411/8 3196/10412/8
f 464/5061/431 473/5060/431 474/9915/75 465/9914/91
f 1819/5256/423 1820/8845/786 1811/8848/787 1810/5257/424
f 2046/1901/622 2047/1769/536 2020/1772/539 2019/1902/622
f 4209/1894/615 4210/10413/647 4201/10414/376 4200/1895/616
f 1319/10415/236 985/10416/235 984/2090/696 1318/2089/695
f 4906/8255/1976 4905/3595/1117 4706/3598/1120 4705/8256/1977
f 2227/3983/1242 2218/3982/1241 2217/10417/2197 2226/10418/2198
f 4559/10419/2199 4558/10420/2200 4385/10421/2201 4384/10422/2202
f 1341/7905/84 1350/7904/1674 1342/1421/221 1333/1420/221
f 4039/7934/1619 3956/7933/1619 3955/3463/891 4040/3462/1095
f 816/8362/535 815/1044/242 824/1047/245 825/8363/535
f 1450/10423/2203 1449/9616/2032 1458/9619/2155 1459/10424/2016
f 4183/10425/964 4184/10426/964 4175/10427/486
f 4181/10428/816 4184/10429/804 4182/10430/959
f 4179/10431/343 4184/10432/806 4180/10433/963
f 4177/10434/1169 4184/10435/301 4178/10436/1171
f 4175/10437/486 4184/10438/486 4176/10439/300
f 4178/10436/343 4184/10440/806 4179/10431/343
f 4176/10439/341 4184/10441/301 4177/10434/1169
f 4180/10433/803 4184/10442/804 4181/10428/816
f 4182/10430/958 4184/10443/964 4183/10425/964
f 3793/9544/336 3794/7489/783 3767/7492/783 3766/9545/336
f 86/979/8 95/978/8 96/10444/8 97/10445/8 89/10446/8 90/10447/8 91/10448/8 92/10449/8 93/10450/8 94/977/8 84/976/8 83/10451/8 82/10452/8 81/10453/8 80/10454/8 88/10455/8 87/10456/8
f 3497/10457/1934 3496/1211/337 3505/1214/337 3506/10458/1935
f 4425/10459/2204 4416/10460/2205 4415/4559/1397 4424/4558/1397
f 1160/4428/1363 1161/3255/1030 1152/3258/1033 1151/4429/1364
f 4259/10461/346 3595/10462/347 3332/10463/345 3331/10464/345
f 1445/10465/28 1453/4279/818 1462/4282/818 1454/10466/28
f 2150/10467/2206 2158/3349/1059 2070/3352/1062 2069/10468/2206
f 4202/10469/221 4194/7896/221 4185/7895/221 4193/10470/221 4192/7888/221 4201/7887/221
f 2050/10471/278 2051/9360/217 2024/9361/217 2023/10472/896
f 2224/6308/1736 2215/6307/1542 2214/6797/1818 2223/6796/1817
f 1584/10473/1630 1583/8769/2062 1388/8770/2063 1387/10474/2207
f 3226/3138/980 3225/5403/1351 3030/5406/1354 3029/3139/981
f 4172/2042/615 4173/1955/647 4164/1958/376 4163/2043/616
f 2170/10475/2208 2169/9684/1017 2095/9687/1018 2094/10476/546
f 1460/7363/1880 1459/8889/2094 1468/8892/2097 1469/7364/1881
f 1308/2070/686 1307/10199/2117 1122/10200/2118 1121/2071/687
f 3210/10477/8 3211/10478/8 3212/10479/8 3204/10480/8 3205/10481/8 3206/10482/8 3207/10483/8 3208/10484/8 3209/10485/8
f 3515/1696/511 3414/1695/510 3413/10486/2140 3514/10487/842
f 4220/10488/964 4221/10489/964 4212/10490/486
f 4218/10491/816 4221/10492/804 4219/10493/959
f 4216/10494/343 4221/10495/806 4217/10496/963
f 4214/10497/1169 4221/10498/301 4215/10499/1171
f 4212/10500/486 4221/10501/486 4213/10502/300
f 4215/10499/343 4221/10503/806 4216/10494/343
f 4213/10502/300 4221/10504/301 4214/10497/1169
f 4217/10496/803 4221/10505/804 4218/10491/816
f 4219/10493/958 4221/10506/964 4220/10488/964
f 4115/10507/1658 4033/10508/1822 4032/2835/883 4114/2834/883
f 406/3286/595 407/10400/538 380/10403/537 379/3287/1049
f 269/6931/833 149/6930/833 148/10509/267 268/10510/267
f 250/6315/436 251/7324/478 242/7325/481 241/6316/1422
f 1597/3506/1056 1589/10511/67 1526/10512/67 1534/3507/1056
f 3634/8160/1966 3625/8159/1965 3624/10513/2209 3633/10514/2210
f 1724/7486/332 1715/7485/332 1714/7515/173 1723/7514/173
f 3571/8469/1718 3572/6506/953 3563/6509/361 3562/8470/1377
f 4230/1441/441 4239/1440/441 4231/904/28 4222/903/28
f 4777/10515/160 4776/10516/160 4775/10517/160 4774/10518/160 4782/10519/160 4781/10520/160 4780/10521/160 4779/10522/160 4778/10523/160
f 2893/3821/1187 2894/6192/1620 2831/6193/1620 2830/3822/1188
f 2490/10524/1115 2489/6518/1116 2498/6521/1116 2499/10525/2211
f 3811/7236/648 3810/10526/649 3729/10527/649 3737/7237/650
f 2454/4982/586 2455/8393/766 2446/8394/768 2445/4983/587
f 4055/3197/339 4156/3196/339 4148/8621/67 4047/8620/67
f 4893/10528/1833 4894/5933/1680 4831/5936/1680 4830/10529/2212
f 3420/10530/1475 3313/10531/862 3312/1758/529 3421/1757/529
f 4237/10532/160 4236/10533/160 4235/10534/160 4234/10535/160 4233/10536/160 4232/10537/160 4231/10538/160 4239/10539/160 4238/10540/160
f 3239/7351/482 3231/10541/67 3168/10542/67 3176/7352/482
f 4909/10543/1578 4917/1835/577 4712/1838/580 4711/10544/1578
f 853/6593/786 845/10545/1255 836/10546/1255 844/6594/787
f 1303/10547/1997 1304/10046/931 1241/10047/931 1240/10548/1996
f 3255/3158/994 3256/3579/1113 3193/3580/1114 3192/3159/995
f 1761/10549/658 1661/10550/658 1660/8882/823 1762/8881/1201
f 3713/10551/33 3714/3398/33 3735/3401/33 3736/10552/33 3737/10553/33 3746/2024/33 3738/10554/33 3739/10555/33 3740/10556/33 3741/2019/33 3706/2018/33 3710/10557/33 3709/10558/33 3733/10559/33 3734/3400/33 3715/3399/33 3716/10560/33 3717/10561/33 3718/10562/33 3719/10563/33 3711/10564/33 3712/10565/33
f 3938/10566/348 3704/10567/348 3591/10568/1171 4258/10569/344
f 4025/10570/398 3943/10571/397 3942/10572/1634 4026/10573/1634
f 3821/10574/486 3935/10575/486 3823/10576/486 3820/10577/486
f 4257/10578/300 3980/10579/443 4249/10580/486
f 4249/10581/486 3980/10582/443 3979/10583/959
f 4249/10581/486 3979/10583/959 4250/10584/1015
f 4250/10584/1015 3979/10583/959 3978/10585/808
f 4250/10584/1015 3978/10585/808 4251/10586/959
f 4251/10586/959 3978/10585/808 3977/10587/962
f 4251/10586/959 3977/10587/962 4252/10588/965
f 4252/10588/965 3977/10587/962 3976/10589/963
f 4252/10588/965 3976/10589/963 4253/10590/803
f 4253/10590/803 3976/10589/963 3975/10591/656
f 4253/10590/803 3975/10591/656 4254/10592/806
f 4254/10592/806 3975/10591/656 3983/10593/348
f 4254/10592/806 3983/10593/348 4255/10594/1171
f 4255/10594/1171 3983/10593/348 3982/10595/343
f 4255/10594/1171 3982/10595/343 4256/10596/443
f 4256/10596/443 3982/10595/343 3981/10597/341
f 4256/10596/443 3981/10597/341 4257/10578/300
f 4257/10578/300 3981/10597/341 3980/10579/443
f 4273/10598/8 4265/7405/8 4259/7408/8 4260/10599/8 4261/10600/8 4262/10601/8 4282/10602/8 4274/10603/8 4275/10604/8 4276/10605/8 4277/10606/8 4278/10607/8 4279/10608/8 4264/10609/8 3937/10610/8 4258/7407/8 4266/7406/8 4267/10611/8 4268/10612/8 4269/10613/8 4270/10614/8 4271/10615/8 4272/10616/8
f 889/10617/423 890/4510/786 881/4513/787 880/10618/424
f 2933/10619/943 2941/6600/1802 2754/6601/448 2753/10620/943
f 4264/10609/8 4279/10608/8 4280/10621/8 4281/10622/8 4282/10602/8 4262/10601/8 4263/10623/8
f 913/10624/8 905/10625/8 904/10626/8 912/10627/8
f 1819/4148/1266 1818/9244/450 1827/9247/450 1828/4149/1267
f 4228/10628/1998 3972/10629/1999 3971/8476/1445 4227/8475/2025
f 102/4894/416 56/4893/415 55/10630/572 103/10631/573
f 4508/10632/221 4509/10633/221 4510/10634/221 4511/10635/221 4503/10636/221 4504/10637/221 4505/10638/221 4506/10639/221 4507/10640/221
f 4297/10641/160 4298/10642/160 4299/10643/160 4300/10644/160
f 1836/10645/2125 1754/10646/655 1753/10647/203 1835/10648/203
f 1682/3665/1167 2654/7626/1902 2659/7624/1900 2660/7627/1903
f 4301/7651/1917 4296/7650/1916 4295/7658/1920
f 3324/7649/1915 4302/7652/1918 3325/10649/719
f 3325/10649/719 4302/7652/1918 4303/10650/719
f 3325/10649/719 4303/10650/719 3326/10651/913
f 3326/10651/913 4303/10650/719 4304/10652/913
f 3326/10651/913 4304/10652/913 3327/10653/913
f 3327/10653/913 4304/10652/913 4305/10654/2099
f 3327/10653/913 4305/10654/2099 3328/10655/2213
f 4313/10656/2214 4305/8903/2099 4312/8902/2098
f 3700/9468/2137 3701/7358/494 3674/7361/495 3673/9469/496
f 4311/8901/675 4306/3620/1135 4310/3619/1134
f 4299/10657/2215 4298/10658/2216 3328/10659/2213 4305/8903/2099 4313/10660/2214
f 3344/3621/1136 4306/3620/1135 3345/10661/675
f 3345/10661/675 4306/3620/1135 4307/10662/675
f 3345/10661/675 4307/10662/675 3346/10663/675
f 3346/10663/675 4307/10662/675 4308/10664/2217
f 3346/10663/675 4308/10664/2217 3347/10665/734
f 3347/10665/734 4308/10664/2217 4309/7659/1921
f 3347/10665/734 4309/7659/1921 3348/3624/1139
f 40/3608/1128 1012/3607/1127 1017/3603/1123 1018/3609/1129
f 1001/3660/1163 40/3608/1128 1030/10666/2218
f 196/8012/635 114/8011/635 113/8241/833 195/8240/833
f 2654/7626/1902 1682/3665/1167 2643/3664/1166 2642/10667/2219
f 2455/8219/1394 2454/10668/1502 2463/10669/1502 2464/8220/1394
f 4285/7666/1924 3324/7649/1915 4314/10670/2220
f 4309/10671/659 4322/10672/660 4301/10673/97
f 4301/10673/97 4322/10672/660 4323/10674/960
f 4301/10673/97 4323/10674/960 4324/10675/918
f 4308/10676/1439 4320/10677/165 4309/10671/659
f 4309/10671/659 4320/10677/165 4321/10678/660
f 4309/10671/659 4321/10678/660 4322/10672/660
f 4307/10679/340 4318/10680/1055 4308/10676/1439
f 4308/10676/1439 4318/10680/1055 4319/10681/1439
f 4308/10676/1439 4319/10681/1439 4320/10677/165
f 4318/10680/1055 4307/10679/340 4317/10682/1170
f 4317/10682/1170 4307/10679/340 4306/10683/340
f 4317/10682/1170 4306/10683/340 4316/10684/2221
f 4316/10685/2221 4306/10686/340 4305/10687/1417
f 4316/10685/2221 4305/10687/1417 4328/10688/347
f 4328/10688/347 4305/10687/1417 4304/10689/1417
f 4328/10688/347 4304/10689/1417 4327/10690/1815
f 4327/10690/1815 4304/10689/1417 4303/10691/961
f 4327/10690/1815 4303/10691/961 4326/10692/916
f 4326/10692/916 4303/10691/961 4302/10693/918
f 4326/10692/916 4302/10693/918 4325/10694/960
f 4325/10694/960 4302/10693/918 4324/10675/918
f 4324/10675/918 4302/10693/918 4301/10673/97
f 942/6087/563 951/6086/563 952/10695/151 943/10696/150
f 4312/10697/221 4311/10698/221 4310/10699/221 4329/10700/221 4330/10701/221 4331/10702/221 4332/10703/221 4313/10704/221
f 4333/10705/33 4334/10706/33 4329/10707/33 4310/10708/33 4300/10709/33 4299/10710/33 4313/10711/33 4332/10712/33
f 173/8635/269 172/3145/270 181/3148/270 182/8636/271
f 3535/9803/881 3534/10713/1934 3543/10714/1935 3544/9804/881
f 4330/10715/67 4329/10716/67 4334/10717/67 4336/10718/67 4335/10719/67
f 3695/10720/1312 3703/8409/1206 3615/8412/1209 3614/10721/1312
f 1837/5948/654 1755/5947/1683 1754/10646/655 1836/10645/2125
f 2229/10722/218 2228/5904/217 2237/5907/217 2238/10723/218
f 1641/10724/2074 1640/10725/1519 1439/10726/1520 1438/10727/2075
f 2276/6945/193 2249/6944/193 2248/5330/28 2275/5329/28
f 3330/10728/67 3329/10729/67 4340/10730/67 4261/10731/67 4260/10732/67
f 2544/10733/1180 2424/10734/1180 2423/9926/221 2543/9925/221
f 1614/10224/1068 1615/8242/220 1552/8245/220 1551/10225/1068
f 4100/10735/693 4099/3593/367 4108/3594/367 4109/10736/693
f 4262/10737/28 4339/10738/28 3354/10739/28 3353/10740/28 4263/10741/28
f 4228/7544/887 4237/7543/887 4238/1439/440 4229/1438/439
f 3907/9363/94 3934/9362/1200 3926/4298/8 3899/4297/8
f 3792/10742/649 3800/3743/791 3712/3746/794 3711/10743/649
f 3422/1760/531 3311/1759/530 3310/10744/946 3423/10745/945
f 4077/10307/883 4014/10306/883 4013/6214/884 4076/6213/884
f 4744/10746/2222 4743/10747/2223 4752/10748/2224 4753/10749/2225
f 4901/4773/1448 4902/7013/1836 4839/7016/1837 4838/4774/1449
f 275/7289/33 267/7288/33 266/7298/33 274/7297/33
f 4317/10750/221 4316/10751/221 4328/4488/221 4341/10752/221 4342/10753/221 4343/10754/221 4344/10755/221 4345/10756/221 4408/10757/221 4409/10758/221 4410/10759/221 4411/10760/221 4412/10761/221 4318/10762/221
f 2453/10763/1115 2452/10764/1116 2461/10765/1116 2462/10766/1115
f 175/10767/1011 174/8634/1012 183/8637/1013 184/10768/1014
f 3522/9302/160 3523/10769/160 3524/9295/160 3514/9294/160 3513/9303/160
f 4743/10747/2223 4742/10201/2187 4751/10202/2188 4752/10748/2224
f 795/10770/1762 732/10771/1762 731/10772/2124 794/10773/1763
f 3228/7035/1840 3227/3137/979 3028/3140/982 3027/7036/1841
f 271/7234/391 151/7233/391 150/6929/635 270/6928/635
f 3498/2831/881 3497/10457/1934 3506/10458/1935 3507/2832/882
f 4008/2879/893 3990/2878/892 3989/10774/396 4007/10775/395
f 1451/8250/265 1450/10423/2203 1459/10424/2016 1460/8251/1974
f 4130/2511/831 4129/10776/67 4138/10777/67 4139/2512/831
f 1347/10778/351 1338/10779/351 1337/10780/975 1346/10781/223
f 4908/5463/1590 4907/8254/1975 4704/8257/1978 4703/5464/1591
f 581/9577/2151 580/10782/218 589/10783/218 590/9578/217
f 268/10510/267 148/10509/267 147/10784/268 267/10785/186
f 3222/10786/1572 3230/6019/1573 3025/6022/1696 3024/10787/1575
f 4292/10788/221 3590/10789/221 3589/10790/221 3826/10791/221
f 512/6613/168 513/9923/169 486/9924/170 485/6614/1808
f 3361/8983/221 3362/10792/221 3363/8976/221 3352/8994/221 3353/8984/221
f 4883/3752/718 4884/10793/1778 4821/10794/1778 4820/3753/718
f 4433/10795/221 4434/10796/221 4435/10797/221 4436/10798/221 4437/1682/221 4424/1681/221 4423/10799/221 4422/10800/221 4430/10801/221 4429/10802/221 4428/10803/221 4427/10804/221 4426/10805/221 4425/1680/221 4439/1684/221 4431/10806/221 4432/10807/221
f 3627/10808/28 3628/10809/28 3629/9467/28 3595/9466/28 3591/9447/28 3602/9446/28 3603/10810/28 3604/10811/28 3596/10812/28 3597/10813/28 3598/9442/28 3626/9441/28
f 4578/8333/2008 4577/6532/1787 4402/6533/1788 4401/8334/2009
f 3248/8800/382 3247/5643/834 3044/5644/837 3043/8801/2068
f 4543/1890/611 4542/8857/2081 4365/8858/2082 4364/1891/612
f 2932/1541/471 2924/10814/225 2861/10815/225 2869/1542/471
f 2937/6545/905 2936/4903/1245 2759/4906/1248 2758/6546/545
f 1301/10816/1651 1300/10817/685 1120/10818/688 1128/10819/1652
f 524/9908/386 523/9811/2138 439/9812/2139 438/9909/387
f 4448/10820/734 3320/10821/734 4440/10822/33
f 4440/10823/33 3320/10824/734 3319/10825/719
f 4440/10823/33 3319/10825/719 4441/10826/719
f 4441/10826/719 3319/10825/719 3318/10827/719
f 4441/10826/719 3318/10827/719 4442/10828/719
f 4442/10828/719 3318/10827/719 3317/10829/913
f 4442/10828/719 3317/10829/913 4443/10830/913
f 4443/10830/913 3317/10829/913 3316/10831/913
f 4443/10830/913 3316/10831/913 4444/10832/913
f 4444/10832/913 3316/10831/913 3315/10833/8
f 4444/10832/913 3315/10833/8 4445/10834/675
f 4445/10834/675 3315/10833/8 3323/10835/675
f 4445/10834/675 3323/10835/675 4446/10836/675
f 4446/10836/675 3323/10835/675 3322/10837/675
f 4446/10836/675 3322/10837/675 4447/10838/734
f 4447/10838/734 3322/10837/675 3321/10839/734
f 4447/10838/734 3321/10839/734 4448/10820/734
f 4448/10820/734 3321/10839/734 3320/10821/734
f 3314/10840/430 3419/10841/430 3418/6937/28 3306/6936/28
f 4094/9147/774 4095/4577/1402 4086/4580/646 4085/9148/776
f 4894/7965/1944 4893/7997/1950 4700/7998/1951 4699/7966/1945
f 1267/7431/1886 1266/9215/1598 1091/9218/1601 1090/7432/588
f 4905/9249/826 4906/7957/825 4843/7958/825 4842/9250/826
f 2583/9288/2130 2327/9287/2129 2326/10842/2226 2582/10843/2227
f 1631/5437/1229 1630/2914/904 1431/2917/906 1430/5438/1230
f 2166/5146/1060 2165/2101/704 2081/2104/707 2080/5147/1515
f 3996/8804/2070 3995/10844/2228 4637/10845/2229 4638/8805/2071
f 4568/10846/1826 4569/9569/1776 4506/9570/1775 4505/10847/1824
f 4628/7442/1887 4619/7441/1887 4618/6028/1697 4627/6027/1697
f 4911/6374/1374 4912/7091/1373 4849/7092/1373 4848/6375/1759
f 580/10782/218 579/10848/67 588/10849/67 589/10783/218
f 1775/3132/797 1876/3131/797 1868/2804/160 1767/2803/160
f 1302/9070/470 1303/10547/1997 1240/10548/1996 1239/9071/470
f 2221/10850/67 2229/10722/218 2238/10723/218 2230/10851/67
f 1298/5493/1602 1299/9395/909 1236/9398/909 1235/5494/910
f 4464/10852/221 4463/10853/221 4462/10854/221 4461/10855/221 4460/10856/221 4459/10857/221 4458/10858/221 4466/10859/221 4465/10860/221
f 3116/4352/1333 3115/10861/2230 3124/10862/2230 3125/4353/1334
f 696/10863/33 697/2568/33 681/2567/33 673/2559/33 714/2558/33 715/2576/33 695/2575/33
f 789/10864/33 781/8963/33 772/8966/33 773/10865/33 774/10866/33 775/10867/33 776/10868/33 777/10869/33 778/10870/33 779/10871/33 780/8965/33 782/8964/33 783/10872/33 784/10873/33 785/10874/33 786/10875/33 787/10876/33 788/10877/33
f 1744/7928/824 1698/7927/823 1697/10878/1175 1745/10879/568
f 4483/10880/221 4484/10881/221 4476/10882/221 4477/10883/221 4478/10884/221 4479/10885/221 4480/10886/221 4481/10887/221 4482/10888/221
f 1646/10889/734 1645/10890/734 2066/10891/734 2067/10892/734
f 3439/10893/160 3438/10894/160 3437/9152/160 3446/9151/160 3447/10895/160 3448/9159/160 3440/9158/160
f 4553/3494/295 4554/897/189 4491/900/192 4490/3495/293
f 3865/9171/2122 3856/9170/2121 3855/5150/1517 3864/5149/1516
f 4497/10896/221 4498/10897/221 4499/10898/221 4500/10899/221 4501/10900/221 4502/10901/221 4494/10902/221 4495/10903/221 4496/10904/221
f 829/10905/8 828/10906/8 827/10907/8 835/10908/8 834/10909/8 833/3781/8 842/3780/8 843/10910/8 844/10911/8 836/10912/8 837/10913/8 838/10914/8 839/10915/8 840/10916/8 841/3783/8 832/3782/8 831/10917/8 830/10918/8
f 886/6541/1458 887/5997/1295 878/6000/1296 877/6542/1459
f 2582/10843/2227 2326/10842/2226 2325/8936/2101 2581/8935/2100
f 909/7996/154 789/7995/154 788/9835/155 908/9834/155
f 4349/7213/1487 4457/7212/1871 4449/1335/401 4341/1334/401
f 4253/10919/537 4244/10920/537 4243/8744/1508 4252/8743/539
f 3863/10921/33 3871/9006/1899 3880/9007/134 3872/10922/33
f 2507/10923/33 2506/7317/33 2515/7316/33 2516/10924/33 2517/10925/33 2518/7323/33 2510/7322/33 2509/10926/33 2508/10927/33
f 4426/10928/2059 4417/10929/2059 4416/10460/2205 4425/10459/2204
f 3442/1778/508 3379/1777/541 3378/2540/510 3441/2539/510
f 1634/10930/1225 1642/10931/2073 1437/10932/2231 1436/10933/1226
f 4567/10243/1825 4568/10846/1826 4505/10847/1824 4504/10244/2192
f 81/10323/207 72/10322/207 71/10934/221 80/10935/221
f 1323/5483/159 1332/5482/159 1324/7137/160 1315/7136/160
f 2488/5203/356 2489/6347/1586 2480/6350/1755 2479/5204/359
f 1323/1350/407 989/1349/406 988/2162/745 1322/2161/744
f 2955/10936/28 1652/10937/28 1651/10938/28 2953/10939/28
f 2925/3273/1036 2924/10940/1803 2744/10941/1804 2752/3274/1037
f 2906/10942/1058 2907/10943/314 2844/10944/2232 2843/10945/1058
f 4922/6068/1703 4921/10946/2233 4726/10947/2234 4725/6069/1704
f 4916/1836/578 4915/10948/2235 4714/10949/2236 4713/1837/579
f 2055/5553/622 2056/8196/1508 2029/8199/539 2028/5554/622
f 3408/10950/1271 3298/10951/1271 3297/4396/28 3400/4395/28
f 4785/2375/796 4794/2374/796 4795/1325/393 4786/1324/392
f 2922/10952/1068 2923/988/220 2860/991/220 2859/10953/1068
f 122/9785/1396 16/9784/286 15/918/206 123/917/206
f 4257/10954/1608 4248/10955/218 4247/7922/217 4256/7921/217
f 1278/5590/993 1279/7389/994 1216/7392/994 1215/5591/993
f 141/6278/206 24/6277/206 23/9208/207 142/9207/207
f 4251/8746/622 4242/8745/622 4241/10956/1174 4250/10957/163
f 214/6070/1468 213/4269/1300 222/4270/1301 223/6071/1468
f 4210/10413/647 4211/4647/364 4202/4650/366 4201/10414/376
f 2153/7117/1857 2152/3237/1016 2076/3240/1019 2075/7118/1800
f 4921/10946/2233 4920/10958/2237 4727/10959/2238 4726/10947/2234
f 4915/10948/2235 4914/5818/1666 4715/5819/228 4714/10949/2236
f 3825/10960/33 3350/10961/33 3349/10962/33 4293/10963/33 4294/10964/33 4283/10965/33 4284/10966/33 4285/10967/33 4286/10968/33 3334/10969/33 3333/10970/33 3594/10971/33 3593/10972/33 4287/10973/33 4288/10974/33 4289/10975/33 4290/10976/33 4291/10977/33 4292/10978/33 3826/10979/33
f 1593/6554/691 1592/4359/1335 1397/4362/1336 1396/6555/692
f 3145/10980/790 3019/10981/789 3018/10982/1538 3144/10983/1537
f 2162/6597/1799 2161/10984/2208 2085/10985/546 2084/6598/1800
f 1268/5604/1621 1269/9119/576 1206/9120/2114 1205/5605/1621
f 753/6356/154 835/6355/154 827/9384/160 745/9383/160
f 4584/10986/1789 4592/8286/1984 4405/8289/1987 4404/10987/1790
f 2379/6975/8 2394/6974/8 2395/10988/8 2387/6984/8 2378/6983/8
f 959/10989/33 960/10990/33 961/10991/33 962/10992/33 963/10993/33 964/10994/33 956/10995/33 957/10996/33 958/10997/33
f 1889/1317/389 1890/9856/1503 1881/9857/1459 1880/1318/390
f 1164/8236/1973 1156/10998/1075 1147/10999/1075 1155/8237/1688
f 2960/4797/1456 2969/4796/1456 2970/11000/351 2961/11001/2239
f 4575/11002/8 4576/7059/261 4513/7062/261 4512/11003/8
f 4591/8287/1985 4590/11004/2240 4407/11005/2241 4406/8288/1986
f 4872/5645/1632 4864/11006/734 4801/11007/734 4809/5646/1632
f 3816/4259/608 3815/1187/318 3733/1190/321 3732/4260/609
f 4560/8793/2066 4559/10419/2199 4384/10422/2202 4383/8794/2067
f 1635/7199/1224 1634/11008/1225 1436/11009/1226 1444/7200/1227
f 208/9283/987 207/11010/221 216/11011/221 217/9284/162
f 1254/5388/1573 1253/8817/1694 1068/8818/1695 1067/5389/1574
f 399/6798/539 400/7834/622 373/7837/622 372/6799/1819
f 1296/4346/1329 1295/9316/1722 1116/9319/1723 1115/4347/765
f 3435/10311/874 3555/10310/874 3547/7112/28 3427/7111/28
f 2583/6030/1698 2592/6029/1698 2593/5708/1111 2584/5707/1111
f 4788/11012/733 4797/11013/732 4798/11014/1680 4789/11015/2242
f 4899/9092/2111 4898/8292/1988 4695/8295/1991 4694/9093/2112
f 1277/9313/377 1276/5251/378 1099/5254/379 1098/9314/380
f 4879/5015/1489 4878/11016/2243 4679/11017/2244 4678/5016/1490
f 810/9624/200 811/7487/389 802/7488/390 801/9625/201
f 1503/11018/230 1377/11019/229 1376/11020/2079 1502/11021/2080
f 3808/11022/792 3807/1885/608 3723/1888/609 3722/11023/793
f 2614/8180/1523 2605/8179/1523 2604/9607/152 2613/9606/152
f 882/11024/1255 883/3581/199 874/3584/202 873/11025/1255
f 3930/11026/172 3903/11027/172 3902/10177/1356 3929/10176/2147
f 3390/9261/1271 3336/9260/1271 3335/4892/28 3382/4891/28
f 809/2905/533 808/11028/160 817/11029/160 818/2906/533
f 2532/6801/479 2524/11030/628 2515/11031/628 2523/6802/480
f 756/3409/1067 671/3408/297 670/8150/1728 757/8149/658
f 3995/10844/2228 3994/5839/1667 4636/5842/1667 4637/10845/2229
f 2170/7195/92 2171/9507/1456 2144/9508/352 2143/7196/92
f 2946/4197/1272 2947/9676/886 2884/9679/2159 2883/4198/1272
f 1601/5324/404 1602/3474/1054 1539/3477/402 1538/5325/404
f 1875/3134/976 1774/3133/798 1773/9255/1683 1874/9254/654
f 1892/10283/450 1891/11032/451 1900/11033/524 1901/10284/450
f 4134/11034/614 4135/7971/615 4126/7974/616 4125/11035/617
f 4912/2995/928 4911/4589/1404 4718/4592/1407 4717/2996/929
f 117/5187/241 21/5186/241 20/8672/1411 118/8671/1415
f 2361/6603/207 2343/6602/207 2342/1043/221 2360/1042/221
f 3274/9025/2106 3275/8807/909 3212/8810/909 3211/9026/910
f 1622/11036/2245 1623/5239/470 1560/5242/470 1559/11037/1997
f 408/10401/539 409/4405/622 382/4408/622 381/10402/1508
f 2587/8472/1860 2596/8471/1860 2597/7398/1858 2588/7397/1859
f 4577/7060/262 4578/8837/288 4515/8840/288 4514/7061/1847
f 2814/9976/1874 2823/9975/2178 2824/5453/1588 2815/5452/1588
f 4096/6458/641 4095/9826/642 4104/9827/642 4105/6459/641
f 2171/8586/1799 2170/10475/2208 2094/10476/546 2093/8587/1800
f 3689/8868/2088 3688/3857/1193 3612/3860/674 3611/8869/2089
f 4545/8646/2045 4544/1889/610 4363/1892/613 4362/8647/2046
f 1892/8639/422 1893/2325/423 1884/2328/424 1883/8640/425
f 1506/1884/607 1380/1883/606 1379/3987/1222 1505/3986/1223
f 520/5208/1359 519/9203/972 443/9206/974 442/5209/1360
f 2296/11038/343 2062/11039/343 1949/11040/1171 2616/11041/1171
f 3816/7071/1563 3817/5888/1672 3790/5891/1564 3789/7072/1849
f 1704/5576/33 1715/5575/33 1716/11042/33 1717/11043/33 1718/11044/33 1719/5570/33 1710/5569/33 1711/11045/33 1712/11046/33 1702/11047/33 1703/11048/33
f 4633/9697/2160 4624/9696/465 4623/11049/866 4632/11050/865
f 4133/7429/742 4134/11034/614 4125/11035/617 4124/7430/743
f 79/11051/241 88/11052/241 80/10935/221 71/10934/221
f 3633/10514/2210 3624/10513/2209 3623/9491/2145 3632/9490/2145
f 791/3556/593 728/3555/593 727/8913/160 790/8912/160
f 2888/11053/1746 2896/4494/1383 2709/4497/1384 2708/11054/1747
f 4135/10238/208 4134/5806/209 4143/5809/209 4144/10239/208
f 1912/2379/799 1792/2378/798 1791/9699/1683 1911/9698/654
f 3914/1106/276 3887/1105/275 3886/6437/171 3913/6436/1768
f 3268/11055/556 3267/11056/1614 3069/11057/1614 3077/11058/557
f 3681/1549/474 3680/11059/672 3602/11060/662 3601/1550/475
f 3256/9824/1810 3255/7967/1946 3054/7970/1949 3053/9825/1811
f 4824/11061/160 4825/11062/160 4826/11063/160 4827/11064/160 4819/11065/160 4820/11066/160 4821/11067/160 4822/11068/160 4823/11069/160
f 3693/3491/1101 3694/9432/134 3667/9435/134 3666/3492/1102
f 2160/11070/84 2161/2386/92 2134/2387/802 2133/11071/84
f 639/11072/410 612/11073/410 611/5372/409 638/5371/1567
f 4737/4272/1302 4736/8336/2011 4745/8339/2012 4746/4273/1302
f 4571/9475/1956 4572/11074/2246 4509/11075/2037 4508/9476/1956
f 3590/11076/67 4292/11077/67 4291/11078/67 4593/11079/67 3292/11080/67 3291/11081/67
f 37/11082/8 38/11083/8 39/11084/8 31/11085/8 32/11086/8 33/11087/8 34/11088/8 35/11089/8 36/11090/8
f 3293/11091/675 3292/11092/675 4593/11093/675 4594/11094/675 4595/11095/675
f 4926/6917/1825 4918/11096/675 4855/11097/675 4863/6918/1825
f 4597/11098/221 4595/11099/221 4594/11100/221 4290/11101/221 4289/11102/221 4596/11103/221
f 4287/11104/28 3586/11105/28 3296/11106/28 3295/11107/28 4598/11108/28 4288/11109/28
f 3998/7524/1892 3997/8803/2069 4639/8806/2072 4640/7525/1893
f 1246/11110/1058 1247/1075/257 1184/1078/259 1183/11111/1058
f 3294/11112/913 4597/11113/913 4596/11114/913 4598/11115/913 3295/11116/913
f 816/10203/786 808/11117/1255 799/11118/1255 807/10204/787
f 2436/11119/33 2435/11120/33 2434/11121/33 2433/11122/33 2432/11123/33 2440/11124/33 2439/11125/33 2438/11126/33 2448/11127/33 2449/11128/33 2441/11129/33 2442/11130/33 2443/11131/33 2444/11132/33 2445/11133/33 2446/11134/33 2447/11135/33 2437/11136/33
f 4785/7962/1943 4659/7961/1942 4658/7607/1898 4784/7606/1897
f 530/4115/560 529/4417/1359 451/4418/1360 450/4116/561
f 3534/10713/1934 3533/5383/337 3542/5386/1571 3543/10714/1935
f 512/11137/560 511/6665/1359 433/6668/1360 432/11138/561
f 2175/7422/1060 2174/4585/1403 2090/4588/707 2089/7423/1061
f 3479/6455/508 3397/6454/509 3396/9108/510 3478/9107/511
f 3277/6513/471 3278/9486/470 3215/9487/470 3214/6514/1779
f 2936/6421/1767 2937/2370/176 2874/2371/178 2873/6422/175
f 614/4910/194 641/4909/194 633/3552/28 606/3551/28
f 3420/11139/221 3421/11140/221 3422/9079/221 3433/9078/221 3434/11141/221 3435/11142/221 3427/11143/221 3428/11144/221 3429/9083/221 3425/9082/221 3426/11145/221 3418/11146/221 3419/11147/221
f 285/6418/1013 284/1095/269 293/1098/271 294/6419/1013
f 640/4912/1467 613/4911/249 612/11073/410 639/11072/410
f 2961/11001/2239 2970/11000/351 2971/11148/223 2962/11149/223
f 4609/11150/8 4608/11151/8 4616/11152/8 4615/11153/8 4614/11154/8 4613/11155/8 4612/11156/8 4611/11157/8 4610/11158/8
f 3533/11159/1213 3534/6434/1718 3525/6435/1377 3524/11160/1214
f 2930/8303/1996 2931/1540/470 2868/1543/470 2867/8304/1997
f 4620/11161/8 4621/11162/8 4622/11163/8 4623/11164/8 4624/11165/8 4625/11166/8 4617/11167/8 4618/11168/8 4619/11169/8
f 3439/5352/1424 3376/5351/1424 3375/8919/219 3438/8918/180
f 1348/7205/352 1339/7204/1869 1338/10779/351 1347/10778/351
f 4582/4475/1374 4583/5395/1576 4520/5398/1576 4519/4476/1374
f 3240/11170/486 3241/11171/1355 3178/11172/2247 3177/11173/486
f 1812/11174/1255 1813/10230/199 1804/10231/202 1803/11175/1255
f 3810/11176/67 3811/3895/336 3784/3898/336 3783/11177/67
f 2920/10228/2190 2921/11178/1933 2858/11179/2108 2857/10229/991
f 4001/6713/1814 4000/5052/1504 4642/5055/1507 4643/6714/1814
f 1609/11180/1874 1610/7501/1254 1547/7504/1254 1546/11181/2248
f 4634/11182/344 4279/11183/805 4626/11184/913
f 4626/11185/913 4279/11186/805 4278/11187/1815
f 4626/11185/913 4278/11187/1815 4627/11188/347
f 4627/11188/347 4278/11187/1815 4277/11189/1173
f 4627/11188/347 4277/11189/1173 4628/11190/1815
f 4628/11190/1815 4277/11189/1173 4276/11191/444
f 4628/11190/1815 4276/11191/444 4629/11192/444
f 4629/11192/444 4276/11191/444 4275/11193/1055
f 4629/11192/444 4275/11193/1055 4630/11194/1055
f 4630/11194/1055 4275/11193/1055 4274/11195/675
f 4630/11194/1055 4274/11195/675 4631/11196/299
f 4631/11196/299 4274/11195/675 4282/11197/299
f 4631/11196/299 4282/11197/299 4632/11198/341
f 4632/11198/341 4282/11197/299 4281/11199/341
f 4632/11198/341 4281/11199/341 4633/11200/805
f 4633/11200/805 4281/11199/341 4280/11201/806
f 4633/11200/805 4280/11201/806 4634/11182/344
f 4634/11182/344 4280/11201/806 4279/11183/805
f 584/10282/2194 575/10281/2193 574/11202/1797 583/11203/1796
f 4882/11204/1770 4890/4275/1303 4685/4278/1306 4684/11205/1771
f 4026/10573/1634 3942/10572/1634 3941/8162/1096 4027/8161/1096
f 1317/2092/698 983/2091/697 982/6470/1773 1316/6469/1772
f 2226/10418/2198 2217/10417/2197 2216/11206/1735 2225/11207/1734
f 1585/3460/1093 1584/10473/1630 1387/10474/2207 1386/3461/1094
f 4532/11208/2249 4531/4482/1379 4358/4485/1382 4357/11209/2250
f 1623/11210/920 1622/11211/921 1421/11212/425 1420/11213/922
f 3234/5783/1366 3233/9610/1367 3040/9611/1368 3039/5784/1369
f 2901/2078/691 2900/8787/1335 2723/8788/1336 2722/2079/692
f 1265/9216/1599 1264/11214/381 1084/11215/384 1092/9217/1600
f 4654/5297/1549 4641/5296/964 4653/11216/808
f 4653/11216/808 4641/5296/964 4640/11217/958
f 4653/11216/808 4640/11217/958 4652/11218/807
f 4652/11218/807 4640/11217/958 4651/11219/959
f 4651/11219/959 4640/11217/958 4639/11220/803
f 4651/11219/959 4639/11220/803 4650/11221/803
f 4650/11221/803 4639/11220/803 4649/11222/962
f 4649/11222/962 4639/11220/803 4638/11223/803
f 4649/11222/962 4638/11223/803 4648/11224/963
f 4648/11224/963 4638/11223/803 4647/11225/803
f 4647/11225/803 4638/11223/803 4637/8481/2026
f 4647/11225/803 4637/8481/2026 4646/8482/2027
f 1359/4252/1292 1358/8483/2028 1371/8484/2029 1372/4253/1292
f 417/5065/539 418/3691/622 391/3694/622 390/5066/1508
f 1640/10725/1519 1639/6687/1177 1440/6688/1178 1439/10726/1520
f 469/3279/1042 460/3278/1041 459/4769/1447 468/4768/1446
f 170/11226/628 171/1255/356 162/1258/359 161/11227/628
f 916/11228/8 917/11229/8 918/11230/8 910/11231/8 911/11232/8 912/10627/8 904/10626/8 903/11233/8 902/11234/8 901/11235/8 909/11236/8 908/11237/8 907/11238/8 906/11239/8 905/10625/8 913/10624/8 914/11240/8 915/11241/8
f 3867/11242/1186 3858/11243/1185 3857/9169/2120 3866/9168/2119
f 4918/11244/675 4919/2065/681 4856/2068/684 4855/11245/675
f 4665/11246/160 4657/11247/160 4658/11248/160 4659/11249/160 4660/11250/160 4661/11251/160 4662/11252/160 4724/11253/160 4725/11254/160 4726/11255/160 4727/11256/160 4728/11257/160 4720/11258/160 4721/11259/160 4715/11260/160 4716/11261/160 4717/11262/160 4718/11263/160 4719/11264/160 4711/11265/160 4706/11266/160 4707/11267/160 4708/11268/160 4709/11269/160 4649/11270/160 4648/11271/160 4647/11272/160 4646/11273/160 4645/11274/160 4644/11275/160 4656/7438/160 4672/7437/160 4673/11276/160 4674/11277/160 4666/11278/160 4667/11279/160 4668/11280/160 4669/11281/160 4670/11282/160 4671/7436/160 4655/7435/160 4654/11283/160 4653/7742/160 4692/7741/160 4684/11284/160 4685/7762/160 4679/7761/160 4680/11285/160 4681/11286/160 4682/11287/160 4683/11288/160 4675/11289/160 4676/7758/160 4736/7757/160 4737/11290/160 4729/11291/160 4664/11292/160
f 4429/3007/938 4420/3006/937 4419/9112/2113 4428/9111/2113
f 4548/11293/734 4549/5757/1632 4486/5758/1657 4485/11294/734
f 3566/11295/1496 3565/11296/28 3574/11297/28 3575/11298/1496
f 4878/11016/2243 4877/9590/2152 4680/9591/1792 4679/11017/2244
f 921/5880/925 920/5703/533 929/5706/533 930/5881/534
f 2457/5843/246 2456/8218/1969 2465/8221/248 2466/5844/246
f 535/11299/958 537/11300/958 536/11301/1015 426/11302/807
f 4877/8909/1191 4878/3095/969 4815/3098/969 4814/8910/1191
f 1475/7108/1856 1474/1714/518 1483/1717/518 1484/7109/1856
f 412/4073/487 411/11303/488 330/11304/488 338/4074/489
f 4697/7746/160 4650/7745/160 4649/11270/160 4709/11269/160 4710/11305/160 4702/11306/160 4703/11307/160 4704/11308/160 4705/11309/160 4706/11266/160 4711/11265/160 4712/11310/160 4713/11311/160 4714/11312/160 4715/11260/160 4721/11259/160 4722/11313/160 4723/11314/160 4724/11253/160 4662/11252/160 4663/11315/160 4664/11292/160 4729/11291/160 4730/11316/160 4731/11317/160 4732/11318/160 4733/7754/160 4695/7753/160 4696/11319/160
f 1781/11320/568 1668/11321/1175 1667/8742/330 1782/8741/330
f 1065/8860/1081 1173/8859/1495 1165/9683/327 1057/9682/327
f 4250/10957/163 4241/10956/1174 4240/11322/67 4249/11323/67
f 2987/8109/800 2978/8108/800 2977/5400/1577 2986/5399/119
f 2945/2154/700 2944/8270/1866 2769/8271/1867 2768/2155/701
f 1259/11324/1660 1258/4431/1366 1081/4434/1369 1080/11325/1661
f 4643/9386/2132 4642/5295/1548 4655/5298/1550 4656/9387/2132
f 3118/9752/2164 3117/4351/1332 3126/4354/1332 3127/9753/2165
f 2450/11326/628 2451/7929/356 2442/7932/359 2441/11327/628
f 1759/8502/296 1663/8501/296 1662/11328/297 1760/11329/298
f 1456/10187/2184 1455/3008/939 1464/3011/941 1465/10188/2185
f 2601/11330/8 2602/11331/8 2603/11332/8 2604/11333/8 2605/11334/8 2606/11335/8 2598/11336/8 2599/11337/8 2600/11338/8
f 3568/3342/454 3569/6078/1212 3560/6081/1711 3559/3343/455
f 3804/7183/1861 3805/11339/1623 3778/11340/1665 3777/7184/784
f 4757/11341/160 4758/11342/160 4759/11343/160 4760/8413/160 4748/8416/160 4747/11344/160 4755/11345/160 4754/11346/160 4753/11347/160 4752/11348/160 4751/11349/160 4750/11350/160 4749/8415/160 4761/8414/160 4762/11351/160 4763/11352/160 4764/11353/160 4756/11354/160
f 1479/8299/1993 1478/5691/1639 1487/5694/1639 1488/8300/1994
f 2619/11355/33 2698/11356/33 2697/11357/33 2620/11358/33
f 3550/4711/1424 3430/4710/1424 3429/882/180 3549/881/180
f 2354/1698/513 2353/5504/1604 2995/5507/1607 2996/1699/514
f 3869/4958/494 3868/8137/496 3877/8140/496 3878/4959/494
f 3752/7706/1930 3743/7705/1929 3742/11359/427 3751/11360/426
f 4892/4380/1348 4893/10528/1833 4830/10529/2212 4829/4381/1348
f 942/11361/1092 686/11362/1091 685/1788/545 941/1787/544
f 3460/7662/1718 3461/11363/953 3452/11364/361 3451/7663/1377
f 4768/11365/1235 4777/11366/1234 4778/5547/1610 4769/5546/1609
f 3128/11367/2251 3137/11368/2252 3138/8652/2050 3129/8651/2049
f 4167/5286/1028 4168/9559/774 4159/9560/776 4158/5287/1029
f 4206/10325/775 4207/5877/742 4198/5878/743 4197/10326/646
f 3102/8141/1961 3101/3823/1189 3110/3824/1190 3111/8142/1962
f 1489/8633/2043 1498/8632/2042 1490/6314/38 1481/6313/38
f 2054/5883/364 2053/11369/365 1972/11370/365 1980/5884/366
f 2928/6583/932 2929/8302/1995 2866/8305/1995 2865/6584/932
f 3684/3892/1207 3683/4387/1349 3599/4388/1350 3598/3893/1208
f 1279/8200/1946 1278/9312/1947 1097/9315/1948 1096/8201/1949
f 2939/3945/1229 2938/6544/904 2757/6547/906 2756/3946/1230
f 3273/8005/1328 3272/8831/1329 3073/8832/765 3072/8006/1330
f 884/3582/200 885/6540/389 876/6543/390 875/3583/201
f 3639/11371/2253 3630/11372/2254 3629/6527/1786 3638/6526/1785
f 1607/11373/221 1608/11374/1588 1545/11375/1588 1544/11376/221
f 2404/6366/207 2307/6365/207 2306/7058/221 2396/7057/221
f 2507/5702/1180 2406/5701/1180 2405/8756/221 2506/8755/221
f 2940/1864/597 2941/2321/411 2878/2324/411 2877/1865/598
f 4789/11015/2242 4798/11014/1680 4799/6947/1833 4790/6946/1833
f 867/11377/2255 766/11378/847 765/3929/1220 866/3928/850
f 3748/1262/363 3739/1261/362 3738/9015/2105 3747/9014/2105
f 4880/9095/1498 4881/5289/1545 4818/5292/1545 4817/9096/1498
f 393/11379/67 394/7919/218 367/7920/218 366/11380/67
f 3224/5404/1352 3223/5778/1469 3032/5781/1470 3031/5405/1353
f 4798/11381/160 4797/11382/160 4796/11383/160 4795/11384/160 4794/11385/160 4793/11386/160 4792/11387/160 4800/11388/160 4799/11389/160
f 2383/11390/573 2301/11391/572 2300/11392/286 2384/11393/1813
f 527/2985/110 528/9557/148 501/9558/148 500/2986/110
f 4817/11394/160 4818/11395/160 4810/11396/160 4811/11397/160 4812/11398/160 4813/11399/160 4814/11400/160 4815/11401/160 4816/11402/160
f 2907/10943/314 2908/3335/730 2845/3336/730 2844/10944/2232
f 1289/7329/334 1290/7935/355 1227/7938/353 1226/7330/354
f 4537/6504/1778 4538/2123/718 4475/2126/718 4474/6505/1778
f 85/1391/416 76/1390/415 75/11403/572 84/11404/573
f 4833/11405/160 4834/11406/160 4835/11407/160 4836/11408/160 4828/11409/160 4829/11410/160 4830/11411/160 4831/11412/160 4832/11413/160
f 3748/8341/2013 3757/8340/2013 3758/8940/1887 3749/8939/1887
f 4171/7138/209 4170/10314/641 4179/10315/641 4180/7139/209
f 1622/11211/921 1621/2135/724 1422/2138/727 1421/11212/425
f 4853/11414/160 4854/11415/160 4846/11416/160 4847/11417/160 4848/11418/160 4849/11419/160 4850/11420/160 4851/11421/160 4852/11422/160
f 4099/8238/647 4100/6556/364 4091/6559/366 4090/8239/376
f 1590/9809/1251 1589/11423/1297 1391/11424/1297 1399/9810/1252
f 2083/1495/67 2084/11425/67 2085/11426/67 2086/11427/67 2078/1490/67 2066/1489/67 2064/1486/67 2097/1485/67 2098/11428/67 2099/11429/67 2100/11430/67 2101/11431/67 2102/11432/67 2103/11433/67 2104/11434/67 2096/1513/67 2069/1512/67 2070/11435/67 2071/1505/67 2095/1504/67 2087/1496/67
f 3707/11436/4 3819/11437/4 3710/11438/4 3706/11439/4
f 2161/10984/2208 2160/8322/1017 2086/8325/1018 2085/10985/546
f 1742/3391/1067 1700/3390/297 1699/7926/1938 1743/7925/658
f 2400/5348/571 2311/5347/415 2310/11440/572 2401/11441/573
f 30/6793/241 135/6792/241 134/9210/221 22/9209/221
f 796/2458/821 733/2457/820 732/10771/1762 795/10770/1762
f 3492/7207/308 3493/5432/453 3484/5435/456 3483/7208/309
f 1283/9368/1280 1282/11442/1281 1102/11443/1282 1110/9369/1283
f 2606/8178/1834 2615/8177/1835 2607/1122/221 2598/1121/221
f 4534/9392/2134 4533/11444/2256 4356/11445/2257 4355/9393/2135
f 4582/5011/1485 4581/1937/637 4398/1940/640 4397/5012/1486
f 3115/10861/2230 3114/11446/221 3123/11447/221 3124/10862/2230
f 4566/11448/1851 4574/5683/1637 4387/5684/1638 4386/11449/1852
f 2921/11178/1933 2922/10952/1068 2859/10953/1068 2858/11179/2108
f 1270/2528/835 1269/4929/843 1088/4932/846 1087/2529/836
f 3142/9114/472 3151/9113/472 3152/4248/1114 3143/4247/1290
f 2470/8605/1180 2388/8604/1180 2387/11450/221 2469/11451/221
f 4606/8538/1564 4615/8537/2035 4616/10179/1409 4607/10178/1409
f 3912/11452/1569 3885/11453/1569 3884/9564/1356 3911/9563/2147
f 245/7179/987 244/11454/221 253/11455/221 254/7180/987
f 4873/11456/38 4881/7326/1876 4676/7327/1877 4675/11457/38
f 400/6327/715 399/9822/2173 315/9823/738 314/6328/716
f 4867/9484/2141 4866/11458/2258 4673/11459/2259 4672/9485/2142
f 4897/8293/1989 4896/5957/1684 4697/5960/1687 4696/8294/1990
f 155/892/187 92/891/187 91/818/161 154/817/161
f 4456/7215/1873 4348/7214/1872 4347/3136/978 4455/3135/977
f 4533/11444/2256 4532/11208/2249 4357/11209/2250 4356/11445/2257
f 2923/8144/1737 2922/9596/1738 2737/9597/1739 2736/8145/1740
f 3640/9489/2144 3631/9488/2143 3630/11372/2254 3639/11371/2253
f 3131/1842/584 3140/1841/583 3132/5742/1616 3123/5741/1616
f 4918/11460/1203 4926/5337/1556 4721/5340/1559 4720/11461/1204
f 927/6293/786 919/11462/1255 910/11463/1255 918/6294/787
f 3686/11464/33 3687/8616/517 3660/8617/517 3659/11465/33
f 4565/1537/468 4557/11466/67 4494/11467/67 4502/1538/469
f 88/11052/241 79/11051/241 78/5272/1411 87/5271/1410
f 3386/5795/769 3340/5794/530 3339/11468/946 3387/11469/945
f 2323/7267/241 2415/7266/241 2414/9118/221 2315/9117/221
f 4335/11470/41 4337/11471/41 4331/11472/41 4330/11473/41
f 4204/9235/1028 4205/10324/774 4196/10327/776 4195/9236/1029
f 1853/10166/1503 1854/10044/1295 1845/10045/1296 1844/10167/1459
f 408/2151/737 407/6932/1450 325/6935/1453 324/2152/738
f 4787/11474/2181 4661/11475/2180 4660/7960/1941 4786/7959/1940
f 4448/6523/1782 4440/11476/16 4431/11477/16 4439/6524/1783
f 106/5302/207 52/5301/207 51/11478/221 98/11479/221
f 2454/10668/1502 2453/10763/1115 2462/10766/1115 2463/10669/1502
f 845/11480/1255 846/4764/199 837/4767/202 836/11481/1255
f 247/11482/269 246/7178/270 255/7181/270 256/11483/271
f 1505/7084/1254 1514/7083/1254 1515/11484/1874 1506/11485/1874
f 2283/5328/689 2256/5327/689 2255/11486/439 2282/11487/439
f 3910/9566/1264 3883/9565/2148 3882/9124/1310 3909/9123/80
f 68/11488/343 67/11489/343 540/11490/805 980/11491/1171
f 3127/6300/1733 3136/6299/1732 3137/11368/2252 3128/11367/2251
f 865/3931/593 764/3930/593 763/4557/160 864/4556/160
f 3680/11059/672 3679/2896/673 3603/2899/674 3602/11060/662
f 2919/3921/1216 2918/3984/1243 2741/3985/1244 2740/3922/1217
f 4229/5724/1644 3973/5723/1643 3972/10629/1999 4228/10628/1998
f 888/5998/422 889/10617/423 880/10618/424 879/5999/1663
f 4587/5474/1593 4586/4313/1315 4411/4316/1318 4410/5475/738
f 3269/5429/555 3268/11055/556 3077/11058/557 3076/5430/558
f 2786/4326/1322 2777/4325/1321 2776/9067/1864 2785/9066/2109
f 711/11492/1044 710/11493/894 1352/11494/894 1353/11495/2260
f 3809/3234/791 3808/11022/792 3722/11023/793 3721/3235/794
f 3691/11496/2261 3690/8867/2087 3610/8870/2090 3609/11497/2262
f 1777/6656/296 1672/6655/296 1671/9723/297 1778/9722/297
f 1856/1405/423 1857/5970/786 1848/5973/787 1847/1406/424
f 4028/8164/188 3940/8163/188 3939/8915/67 4020/8914/67
f 2417/8061/8 2418/8053/8 2429/8052/8 2430/8062/8
f 3099/2270/754 3098/4724/1432 3107/4727/1434 3108/2271/755
f 2447/11135/33 2448/11127/33 2438/11126/33 2437/11136/33
f 4446/4721/1429 4447/6522/1781 4438/6525/1784 4437/4722/1430
f 174/9838/624 175/1434/435 166/1437/438 165/9839/625
f 3636/11498/986 3627/11499/985 3626/8158/1964 3635/8157/1963
f 4551/10328/2195 4550/8863/2083 4375/8866/2086 4374/10329/2196
f 2809/3395/1069 2818/3394/1068 2819/9061/2108 2810/9060/1933
f 3477/11500/842 3395/11501/1423 3394/5586/1424 3476/5585/1424
f 401/7835/163 393/11502/67 366/11503/67 374/7836/163
f 4057/9751/1619 3965/9750/1619 3964/6370/891 4058/6369/1095
f 1260/5019/1493 1259/11324/1660 1080/11325/1661 1079/5020/696
f 3228/9985/404 3229/6009/730 3166/6012/731 3165/9986/404
f 2225/11504/537 2224/11505/539 2233/11506/1508 2234/11507/537
f 4866/11458/2258 4865/3478/1097 4674/3481/1100 4673/11459/2259
f 3241/11171/1355 3242/11508/2263 3179/11509/1513 3178/11172/2247
f 4203/11510/67 4211/11511/693 4220/11512/693 4212/11513/67
f 2493/6674/762 2494/10157/763 2485/10158/481 2484/6675/767
f 3144/10983/1537 3018/10982/1538 3017/2038/667 3143/2037/666
f 355/11514/2264 346/11515/2265 345/11516/2266 354/11517/2267
f 4604/9772/2170 4270/9771/2169 4269/11518/1552 4603/11519/1551
f 1298/7130/1079 1297/4345/1328 1114/4348/1330 1113/7131/1080
f 1502/11021/2080 1376/11020/2079 1375/8786/1562 1501/8785/1561
f 4875/8654/2052 4874/3764/1181 4683/3767/1182 4682/8655/2053
f 1835/11520/203 1753/11521/203 1752/4189/204 1834/4188/1270
f 84/11522/573 75/11523/572 74/9978/286 83/9977/1813
f 2232/11524/221 2231/11525/221 2230/11526/221 2238/11527/221 2237/11528/221 2236/11529/221 2235/11530/221 2234/11531/221 2233/11532/221
f 4745/8495/2030 4744/10746/2222 4753/10749/2225 4754/8496/2031
f 234/1321/391 133/1320/391 132/2515/635 233/2514/635
f 4920/10958/2237 4919/3887/1202 4728/3890/1205 4727/10959/2238
f 3572/2940/881 3571/7794/1934 3580/7797/1935 3581/2941/881
f 4547/10070/1850 4539/11533/33 4476/11534/33 4484/10071/1850
f 2964/8400/75 2973/8399/2019 2974/8020/123 2965/8019/123
f 1606/9806/1051 1605/9674/2156 1402/9675/2157 1401/9807/1052
f 3242/11508/2263 3243/8751/1620 3180/8754/1620 3179/11509/1513
f 1797/916/205 1734/915/204 1733/3338/1057 1796/3337/1057
f 531/834/169 532/2380/800 505/2381/801 504/835/170
f 514/9767/2138 513/11535/559 431/11536/562 430/9768/2139
f 1610/6002/1243 1609/7334/708 1416/7337/709 1415/6003/1244
f 3407/10309/1299 3299/10308/1298 3298/10951/1271 3408/10950/1271
f 1506/11485/1874 1515/11484/1874 1516/11537/1588 1507/11538/1588
f 4211/11511/693 4210/5802/367 4219/5805/368 4220/11512/693
f 4407/11539/221 4408/10757/221 4345/10756/221 4346/11540/221 4347/11541/221 4348/11542/221 4349/11543/221 4341/10752/221 4328/4488/221 4356/4487/221 4357/11544/221 4358/11545/221 4350/11546/221 4351/11547/221 4352/11548/221 4353/11549/221 4354/11550/221 4355/4486/221 4327/4489/221 4326/2857/221 4364/2856/221 4365/11551/221 4366/11552/221 4367/11553/221 4359/2851/221 4416/2850/221 4417/11554/221 4418/11555/221 4419/11556/221 4420/11557/221 4421/11558/221 4413/11559/221 4414/2848/221 4371/2847/221 4372/2863/221 4378/2862/221 4379/11560/221 4380/11561/221 4381/11562/221 4382/11563/221 4383/11564/221 4384/11565/221 4385/2860/221 4324/2859/221 4323/11566/221 4322/11567/221 4321/3832/221 4392/3831/221 4393/11568/221 4394/11569/221 4386/11570/221 4387/11571/221 4388/11572/221 4389/11573/221 4390/3829/221 4395/3835/221 4396/11574/221 4397/11575/221 4398/11576/221 4399/11577/221 4400/11578/221 4401/11579/221 4402/11580/221 4403/3834/221 4320/3833/221 4319/11581/221 4318/10762/221 4412/10761/221 4404/11582/221 4405/11583/221 4406/11584/221
f 1804/5768/8 1795/5767/8 1794/11585/8 1802/5760/8 1810/5759/8 1811/11586/8 1803/11587/8
f 3461/11363/953 3462/6242/954 3453/6245/955 3452/11364/361
f 356/6609/1806 347/6608/955 346/11515/2265 355/11514/2264
f 4609/10215/336 4600/10214/2189 4599/10181/67 4608/10180/67
f 2625/11588/28 2626/11589/28 2627/11590/28 2628/7222/28 2620/7221/28 2640/7592/28 2632/11591/28 2633/11592/28 2634/7586/28 2295/7585/28 2616/11593/28 2617/7218/28 2623/7217/28 2624/11594/28
f 265/7942/161 145/7941/161 144/4318/162 264/4317/162
f 964/7175/1859 973/7174/1858 965/7028/160 956/7027/160
f 1149/5519/8 1145/5518/8 1144/5510/8 1148/5509/8
f 176/10184/1300 175/10767/1011 184/10768/1014 185/10185/1301
f 1910/9701/2161 1790/9700/655 1789/11595/2002 1909/11596/203
f 307/11597/225 311/11598/225 975/11599/225 974/11600/225
f 1262/11601/2268 1263/2946/482 1200/2949/482 1199/11602/914
f 2948/9677/2158 2949/1524/369 2886/1527/460 2885/9678/813
f 4248/10955/218 4257/10954/1608 4249/11323/67 4240/11322/67
f 1458/8890/2095 1457/10186/2183 1466/10189/2186 1467/8891/2096
f 2057/8197/537 2058/2888/895 2031/2891/595 2030/8198/538
f 2899/2938/914 2900/9551/2146 2837/9554/878 2836/2939/915
f 1175/8828/472 1166/8827/472 1165/8962/160 1174/8961/160
f 354/11517/2267 345/11516/2266 344/11603/1214 353/11604/2269
f 2356/3866/1196 2355/1697/512 2997/1700/515 2998/3867/1197
f 3808/11605/2270 3809/4611/1409 3782/4614/1409 3781/11606/1564
f 3586/11607/221 4287/11608/221 3593/11609/221 3587/11610/221
f 1608/11374/1588 1609/11180/1874 1546/11181/2248 1545/11375/1588
f 2781/1403/421 2772/1402/421 2771/9556/28 2780/9555/28
f 3924/9703/2162 3897/9702/274 3896/10235/276 3923/10234/1555
f 3875/11611/67 3874/11612/67 3873/11613/67 3872/11614/67 3880/11615/67 3879/11616/67 3878/11617/67 3877/11618/67 3876/11619/67
f 1621/5244/931 1622/11036/2245 1559/11037/1997 1558/5245/931
f 288/10172/1468 287/9927/1543 296/9928/1301 297/10173/1544
f 4924/6492/1775 4925/6916/1824 4862/6919/1826 4861/6493/1776
f 4572/11074/2246 4573/2107/683 4510/2110/682 4509/11075/2037
f 464/8136/1960 455/8135/1062 454/11620/2206 463/11621/2206
f 2052/4799/1028 2051/6377/774 1965/6378/776 1964/4800/1029
f 4459/9930/468 4450/9929/468 4449/1074/67 4458/1073/67
f 3532/9138/1212 3533/11159/1213 3524/11160/1214 3523/9139/1711
f 584/3904/537 583/8385/1049 592/8388/595 593/3905/537
f 636/4100/887 609/4099/887 608/7580/440 635/7579/439
f 3795/7490/1889 3796/5609/1623 3769/5612/1623 3768/7491/784
f 462/6191/1018 471/6190/1721 463/11621/2206 454/11620/2206
f 4896/6211/394 4897/9763/392 4834/9764/2166 4833/6212/394
f 2545/11622/852 2425/11623/1641 2424/10734/1180 2544/10733/1180
f 1258/2383/183 1259/5098/1284 1196/5101/1512 1195/2384/184
f 471/2237/84 480/2236/84 472/5063/221 463/5062/221
f 419/11624/714 418/9844/715 332/9847/716 331/11625/717
f 3234/886/183 3235/6100/630 3172/6101/1284 3171/887/184
f 2491/8761/2061 2490/10524/1115 2499/10525/2211 2500/8762/1502
f 2924/11626/1803 2932/8355/2014 2745/8356/2015 2744/11627/1804
f 4170/8623/742 4171/2041/614 4162/2044/617 4161/8624/743
f 2562/11628/1780 2561/11629/221 2570/11630/221 2571/11631/1780
f 3352/11632/349 3351/11633/349 3824/11634/1055 4264/11635/1170
f 1642/10931/2073 1641/10724/2074 1438/10727/2075 1437/10932/2231
f 1640/8229/814 1641/1271/369 1578/1274/369 1577/8230/813
f 2651/11636/160 1707/11637/160 1706/11638/160 2673/11639/160
f 3692/6091/1715 3691/11496/2261 3609/11497/2262 3608/6092/1716
f 663/1156/296 737/1155/296 736/7793/160 655/7792/160
f 3092/9641/8 3052/9640/8 3053/9632/8 3091/9631/8
f 926/10232/242 925/4349/1331 934/4350/244 935/10233/2191
f 395/8171/1256 394/1652/487 320/1655/489 319/8172/1257
f 158/3852/833 95/3851/1192 94/9853/267 157/9852/267
f 4163/8731/221 4154/8730/221 4153/8722/221 4162/8721/221
f 4865/2148/735 4866/10226/191 4803/10227/190 4802/2149/736
f 2911/7210/419 2912/10362/420 2849/10363/418 2848/7211/1870
f 349/5238/1532 340/5237/309 339/6611/307 348/6610/307
f 2943/7521/353 2944/5444/354 2881/5445/334 2880/7522/1891
f 1009/11640/221 65/11641/221 64/11642/221 1031/11643/221
f 178/9921/479 170/11644/628 161/11645/628 169/9922/480
f 1624/11646/2014 1623/11210/920 1420/11213/922 1419/11647/2015
f 2224/11505/539 2223/10197/622 2232/10198/622 2233/11506/1508
f 4125/11648/221 4126/11649/221 4127/11650/221 4128/11651/221 4120/11652/221 4121/6426/221 4112/6425/221 4111/11653/221 4119/11654/221 4118/11655/221 4117/11656/221 4116/11657/221 4115/6429/221 4123/6428/221 4124/11658/221
f 1288/6827/1769 1287/5231/1528 1106/5234/1529 1105/6828/437
f 4174/8546/693 4173/1267/367 4182/1270/368 4183/8547/693
f 1997/4284/439 2006/4283/439 2007/9179/689 1998/9178/689
f 3694/7944/1206 3693/6090/1714 3607/6093/1717 3606/7945/1209
f 2888/11659/486 2889/1465/445 2826/1468/445 2825/11660/486
f 1261/5369/878 1262/11601/2268 1199/11602/914 1198/5370/878
f 4009/11661/160 4008/11662/160 4007/1300/160 4017/1303/160 4018/11663/160 4019/11664/160 4011/11665/160 4012/11666/160 4013/11667/160 4014/11668/160 4015/11669/160 4016/1302/160 4006/1301/160 4005/11670/160 4004/11671/160 4003/11672/160 4002/11673/160 4010/11674/160
f 1890/11675/722 1889/6056/490 1898/6057/1699 1899/11676/722
f 1923/11677/1255 1924/1292/199 1915/1295/202 1914/11678/1255
f 3800/6716/1673 3792/11679/67 3765/11680/67 3773/6717/1673
f 626/4783/439 599/4782/439 598/8822/689 625/8821/689
f 2926/4322/1319 2927/6582/1103 2864/6585/1103 2863/4323/1104
f 4921/8610/2037 4922/8125/1956 4859/8126/1956 4858/8611/2037
f 4007/10775/395 3989/10774/396 3988/11681/397 4006/11682/398
f 2104/1754/526 2113/1753/525 2105/9627/447 2096/9626/447
f 1817/9765/1295 1818/5255/422 1809/5258/425 1808/9766/1296
f 4903/7014/305 4904/9248/303 4841/9251/303 4840/7015/304
f 3237/3870/878 3238/7350/914 3175/7353/914 3174/3871/1199
f 2911/5041/1258 2910/4299/1259 2731/4300/1260 2730/5042/1261
f 2894/9832/238 2893/5639/1093 2712/5642/1094 2711/9833/239
f 3697/2048/673 3696/4305/898 3622/4308/899 3621/2049/674
f 2040/8390/742 2039/3440/614 1959/3443/617 1958/8391/743
f 1302/8558/1277 1301/10816/1651 1128/10819/1652 1127/8559/1278
f 971/8528/1954 962/8527/1954 961/3518/1110 970/3517/1110
f 1600/4422/997 1599/9101/1370 1408/9104/1371 1407/4423/998
f 3805/11339/1623 3806/9097/1664 3779/9100/1625 3778/11340/1665
f 4584/11683/913 4585/5556/912 4522/5559/912 4521/11684/913
f 168/11685/33 169/11686/33 161/11687/33 162/11688/33 163/11689/33 164/11690/33 165/11691/33 166/11692/33 157/11693/33 156/11694/33 155/11695/33 154/11696/33 153/11697/33 152/11698/33 160/11699/33 159/11700/33 158/11701/33 167/11702/33
f 3460/10022/1934 3459/10155/337 3468/10156/337 3469/10023/1935
f 1726/11703/33 1725/11704/33 1724/9758/33 1733/9757/33 1734/11705/33 1735/11706/33 1736/11707/33 1737/11708/33 1738/11709/33 1739/11710/33 1731/9760/33 1723/9759/33 1722/11711/33 1730/11712/33 1729/11713/33 1728/11714/33 1727/11715/33
f 4531/8402/1702 4532/8815/1932 4469/8816/1931 4468/8403/2020
f 167/11702/33 158/11701/33 157/11693/33 166/11692/33
f 4153/6390/1760 4052/6389/232 4051/11716/1658 4152/11717/1658
f 2384/11393/1813 2300/11392/286 2299/7576/1896 2385/7575/206
f 3702/7359/1101 3703/8357/134 3676/8360/134 3675/7360/1102
f 1589/11718/67 1590/7065/482 1527/7066/482 1526/11719/67
f 2487/11720/221 2495/5194/292 2504/5195/292 2496/11721/221
f 4555/898/190 4556/7399/735 4493/7402/735 4492/899/191
f 1344/8444/75 1335/8443/75 1334/1419/123 1343/1418/431
f 4155/3199/1006 4054/3198/1005 4053/6388/231 4154/6387/231
f 2053/11722/365 2061/10320/1028 1973/10321/1029 1972/11723/365
f 2563/10350/1116 2562/11628/1780 2571/11631/1780 2572/10351/1116
f 3567/4785/215 3566/11295/1496 3575/11298/1496 3576/4786/215
f 1992/6016/458 1983/6015/457 1982/5588/601 1991/5587/600
f 1817/9245/451 1816/10240/721 1825/10241/722 1826/9246/452
f 2707/11724/33 2699/7866/33 2775/7806/33 2776/7874/33 2706/7873/33
f 2395/1061/254 2477/1060/254 2469/11451/221 2387/11450/221
f 3810/11725/649 3818/2333/791 3730/2336/794 3729/11726/649
f 3730/11727/33 3731/11728/33 3732/11729/33 3733/10559/33 3709/10558/33 3708/2017/33 3722/2016/33 3723/11730/33 3724/11731/33 3725/2025/33 3746/2024/33 3737/10553/33 3729/11732/33
f 2251/11733/221 2252/11734/221 2253/11735/221 2254/11736/221 2255/11737/221 2256/11738/221 2248/11739/221 2249/11740/221 2250/11741/221
f 1477/5692/1640 1476/7107/1855 1485/7110/1855 1486/5693/1640
f 3332/11742/225 3595/11743/225 3594/11744/225 3333/11745/225
f 2379/8872/241 2305/8871/241 2304/6751/1411 2380/6750/1411
f 1137/9831/2174 1146/9830/421 1138/1858/28 1129/1857/28
f 4884/10793/1778 4885/10174/543 4822/10175/2182 4821/10794/1778
f 4136/7972/375 4137/1263/364 4128/1266/366 4127/7973/376
f 2839/11746/33 2840/11747/33 2841/11748/33 2842/11749/33 2834/11750/33 2835/11751/33 2836/11752/33 2837/11753/33 2838/11754/33
f 4042/11755/160 4043/11756/160 4044/7571/160 4049/7570/160 4050/11757/160 4051/11758/160 4052/11759/160 4053/11760/160 4054/11761/160 4055/11762/160 4047/7574/160 4046/7573/160 4038/11763/160 4039/11764/160 4040/11765/160 4041/11766/160
f 1616/11767/1803 1624/11646/2014 1419/11647/2015 1418/11768/1804
f 2000/5901/193 1991/5900/193 1990/9181/28 1999/9180/28
f 3262/5660/886 3263/9211/1272 3200/9212/1272 3199/5661/886
f 410/4406/163 402/11769/67 375/11770/67 383/4407/1174
f 59/9222/241 99/9221/241 98/11479/221 51/11478/221
f 1580/11771/486 1581/4046/445 1518/4049/445 1517/11772/486
f 2421/5059/206 2317/5058/206 2316/9116/207 2422/9115/207
f 2452/10764/1116 2451/8100/1780 2460/8103/1780 2461/10765/1116
f 1313/11773/28 10/11774/28 9/11775/28 1311/11776/28
f 940/1790/547 684/1789/546 683/6573/1794 939/6572/1793
f 1891/11032/451 1890/11675/722 1899/11676/722 1900/11033/524
f 1273/11777/160 1274/8104/1820 1211/8105/1820 1210/11778/160
f 3916/3876/1200 3889/3875/94 3888/1104/274 3915/1103/274
f 2282/11487/439 2255/11486/439 2254/7404/1454 2281/7403/887
f 1317/6757/634 1326/6756/148 1327/9982/2179 1318/9981/1807
f 411/11779/488 419/11624/714 331/11625/717 330/11780/488
f 870/2691/821 769/2690/821 768/7669/1762 869/7668/1926
f 1587/5754/1513 1588/9131/1355 1525/9134/1355 1524/5755/1513
f 868/11781/1763 767/11782/1763 766/11378/847 867/11377/2255
f 717/8520/1606 716/7567/1607 1358/7568/1604 1359/8521/1606
f 2227/5905/896 2226/11783/595 2235/11784/895 2236/5906/278
f 3974/5722/811 4230/5721/812 4222/1874/602 3966/1873/602
f 4549/8864/2084 4548/11785/2091 4368/11786/2092 4376/8865/2085
f 9/11787/656 8/11788/656 1309/11789/656 1310/11790/656 1311/11791/656
f 2439/7367/442 2376/7366/255 2375/4610/815 2438/4609/815
f 4333/11792/160 4338/11793/160 4336/11794/160 4334/11795/160
f 3638/5322/276 3647/5321/1555 3648/9282/2126 3639/9281/274
f 4875/8224/1912 4876/8908/1910 4813/8911/1910 4812/8225/1970
f 1167/8830/2078 1176/8829/1114 1177/8718/1291 1168/8717/994
f 946/2873/889 690/2872/888 689/9615/2154 945/9614/2153
f 4632/11050/865 4623/11049/866 4622/4914/863 4631/4913/864
f 3444/3629/874 3381/3628/874 3380/1776/540 3443/1775/540
f 4079/4574/232 4016/4573/232 4015/11796/1658 4078/11797/1658
f 3419/10841/430 3314/10840/430 3313/10531/862 3420/10530/1475
f 1507/11538/1588 1516/11537/1588 1508/5193/221 1499/5192/221
f 1636/1252/354 1637/8665/333 1574/8668/333 1573/1253/334
f 630/7434/410 603/7433/410 602/9743/409 629/9742/2163
f 4117/4707/231 4035/4706/1399 4034/6868/232 4116/6867/232
f 4557/11798/401 4565/9773/2171 4378/9774/2172 4377/11799/401
f 2159/11800/221 2160/11070/84 2133/11071/84 2132/11801/221
f 2226/11783/595 2225/11504/537 2234/11507/537 2235/11784/895
f 4590/11004/2240 4589/2059/676 4408/2062/679 4407/11005/2241
f 2049/4917/595 2050/10471/278 2023/10472/896 2022/4918/595
f 4261/11802/221 4340/11803/221 4339/11804/221 4262/11805/221
f 513/11535/559 512/11137/560 432/11138/561 431/11536/562
f 353/11604/2269 344/11603/1214 343/11806/711 352/11807/710
f 2151/3238/1017 2150/11808/2206 2069/11809/2206 2077/3239/1018
f 3683/1669/494 3684/9494/1101 3657/9495/1102 3656/1670/495
f 1618/4878/1104 1619/6399/1103 1556/6400/1103 1555/4879/1104
f 2286/8888/249 2259/8887/2093 2258/3328/194 2285/3327/193
f 3511/8014/181 3410/8013/181 3409/5035/28 3510/5034/28
f 3399/3880/874 3481/3879/874 3473/7106/28 3391/7105/28
f 3807/9098/1563 3808/11605/2270 3781/11606/1564 3780/9099/1849
f 712/9983/1195 711/11492/1044 1353/11495/2260 1354/9984/1195
f 4283/11810/160 4295/11811/160 4296/11812/160 4284/11813/160
f 1252/1337/403 1253/2141/730 1190/2144/731 1189/1338/404
f 2901/9552/1198 2902/4235/1284 2839/4238/1284 2838/9553/1198
f 2546/9843/2176 2426/9842/851 2425/11623/1641 2545/11622/852
f 2269/4998/1483 2242/4997/410 2241/1780/249 2268/1779/249
f 350/7615/439 359/7614/439 360/8174/887 351/8173/887
f 4600/8534/2034 4266/8533/2033 4265/7100/1854 4599/7099/1854
f 248/5073/1013 247/11482/269 256/11483/271 257/5074/1013
f 4558/10420/2200 4557/11814/401 4377/11815/401 4385/10421/2201
f 2168/11816/1626 2176/7421/1059 2088/7424/1062 2087/11817/1626
f 2165/6683/222 2166/5379/75 2139/5382/75 2138/6684/272
f 710/11493/894 709/11818/28 1351/11819/28 1352/11494/894
f 1760/11329/298 1662/11328/297 1661/10550/658 1761/10549/658
f 3825/11820/1058 3824/11821/1058 3351/11822/1058 3350/11823/1058
f 2457/2284/763 2458/4746/479 2449/4749/480 2448/2285/764
f 521/2132/168 522/6450/170 495/6453/170 494/2133/168
f 4092/11824/67 4100/10735/693 4109/10736/693 4101/11825/67
