# WaveFront *.obj file (generated by Autodesk ATF)

mtllib thigh_r_passive_rear.mtl

g ソリッド1

v -0.009400 -0.012250 -0.020994
v -0.007267 -0.012250 -0.040292
v -0.007267 -0.012250 -0.059708
v -0.009400 -0.012250 -0.079006
v -0.009400 -0.014250 -0.079006
v -0.007267 -0.014250 -0.059708
v -0.007267 -0.014250 -0.040292
v -0.009400 -0.014250 -0.020994
v -0.009459 -0.012250 -0.020555
v -0.009490 -0.012250 -0.020113
v -0.009493 -0.012250 -0.019669
v -0.008997 -0.012250 0.000224
v -0.007239 -0.012250 0.005348
v -0.002859 -0.012250 0.008534
v 0.002557 -0.012250 0.008629
v 0.007047 -0.012250 0.005599
v 0.008984 -0.012250 0.000540
v 0.007667 -0.012250 -0.004714
v 0.006202 -0.012250 -0.007675
v 0.005303 -0.012250 -0.010853
v 0.005000 -0.012250 -0.014142
v 0.005000 -0.012250 -0.085858
v 0.005303 -0.012250 -0.089147
v 0.006202 -0.012250 -0.092325
v 0.007667 -0.012250 -0.095286
v 0.008984 -0.012250 -0.100540
v 0.007047 -0.012250 -0.105599
v 0.002557 -0.012250 -0.108629
v -0.002859 -0.012250 -0.108534
v -0.007239 -0.012250 -0.105348
v -0.008997 -0.012250 -0.100224
v -0.009493 -0.012250 -0.080331
v -0.009490 -0.012250 -0.079887
v -0.009459 -0.012250 -0.079445
v 0.000000 -0.012250 -0.096150
v -0.002475 -0.012250 -0.097051
v -0.003792 -0.012250 -0.099331
v -0.003334 -0.012250 -0.101925
v -0.001317 -0.012250 -0.103618
v 0.001317 -0.012250 -0.103618
v 0.003334 -0.012250 -0.101925
v 0.003792 -0.012250 -0.099331
v 0.002475 -0.012250 -0.097051
v 0.000000 -0.012250 0.003850
v -0.002475 -0.012250 0.002949
v -0.003792 -0.012250 0.000669
v -0.003334 -0.012250 -0.001925
v -0.001317 -0.012250 -0.003618
v 0.001317 -0.012250 -0.003618
v 0.003334 -0.012250 -0.001925
v 0.003792 -0.012250 0.000669
v 0.002475 -0.012250 0.002949
v -0.002495 -0.012250 -0.018544
v -0.003331 -0.012250 -0.018848
v -0.003775 -0.012250 -0.019618
v -0.003621 -0.012250 -0.020494
v -0.002940 -0.012250 -0.021065
v -0.002050 -0.012250 -0.021065
v -0.001369 -0.012250 -0.020494
v -0.001215 -0.012250 -0.019618
v -0.001659 -0.012250 -0.018848
v -0.002495 -0.012250 -0.078856
v -0.003331 -0.012250 -0.079160
v -0.003775 -0.012250 -0.079931
v -0.003621 -0.012250 -0.080806
v -0.002940 -0.012250 -0.081378
v -0.002050 -0.012250 -0.081378
v -0.001369 -0.012250 -0.080806
v -0.001215 -0.012250 -0.079931
v -0.001659 -0.012250 -0.079160
v -0.009459 -0.014250 -0.020555
v -0.009490 -0.014250 -0.020113
v -0.009493 -0.014250 -0.019669
v -0.008997 -0.014250 0.000224
v -0.008997 -0.014250 -0.100224
v -0.009493 -0.014250 -0.080331
v 0.007667 -0.014250 -0.095286
v 0.008984 -0.014250 -0.100540
v 0.007047 -0.014250 -0.105599
v 0.002557 -0.014250 -0.108629
v -0.002859 -0.014250 -0.108534
v -0.007239 -0.014250 -0.105348
v -0.007239 -0.014250 0.005348
v -0.002859 -0.014250 0.008534
v 0.002557 -0.014250 0.008629
v 0.007047 -0.014250 0.005599
v 0.008984 -0.014250 0.000540
v 0.007667 -0.014250 -0.004714
v 0.006202 -0.014250 -0.007675
v 0.005303 -0.014250 -0.010853
v 0.005000 -0.014250 -0.014142
v 0.005000 -0.014250 -0.085858
v 0.005303 -0.014250 -0.089147
v 0.006202 -0.014250 -0.092325
v -0.009490 -0.014250 -0.079887
v -0.009459 -0.014250 -0.079445
v 0.000000 -0.014250 -0.096150
v 0.002475 -0.014250 -0.097051
v 0.003792 -0.014250 -0.099331
v 0.003334 -0.014250 -0.101925
v 0.001317 -0.014250 -0.103618
v -0.001317 -0.014250 -0.103618
v -0.003334 -0.014250 -0.101925
v -0.003792 -0.014250 -0.099331
v -0.002475 -0.014250 -0.097051
v 0.000000 -0.014250 0.003850
v 0.002475 -0.014250 0.002949
v 0.003792 -0.014250 0.000669
v 0.003334 -0.014250 -0.001925
v 0.001317 -0.014250 -0.003618
v -0.001317 -0.014250 -0.003618
v -0.003334 -0.014250 -0.001925
v -0.003792 -0.014250 0.000669
v -0.002475 -0.014250 0.002949
v -0.002495 -0.014250 -0.018544
v -0.001659 -0.014250 -0.018848
v -0.001215 -0.014250 -0.019618
v -0.001369 -0.014250 -0.020494
v -0.002050 -0.014250 -0.021065
v -0.002940 -0.014250 -0.021065
v -0.003621 -0.014250 -0.020494
v -0.003775 -0.014250 -0.019618
v -0.003331 -0.014250 -0.018848
v -0.002495 -0.014250 -0.078856
v -0.001659 -0.014250 -0.079160
v -0.001215 -0.014250 -0.079931
v -0.001369 -0.014250 -0.080806
v -0.002050 -0.014250 -0.081378
v -0.002940 -0.014250 -0.081378
v -0.003621 -0.014250 -0.080806
v -0.003775 -0.014250 -0.079931
v -0.003331 -0.014250 -0.079160
vt 0.200000 55.443995 0.000000
vt 0.000000 55.443995 0.000000
vt 0.200000 53.501464 0.000000
vt 0.000000 53.501464 0.000000
vt 0.200000 51.558932 0.000000
vt -0.000000 51.558932 0.000000
vt 0.200000 49.616401 0.000000
vt 0.000000 49.616401 0.000000
vt 2.944513 -0.945890 0.000000
vt 3.033063 -0.949294 0.000000
vt 2.900577 -0.939992 0.000000
vt 3.038199 -0.377536 0.000000
vt 0.970775 -0.726720 0.000000
vt 2.950625 -0.362095 0.000000
vt 2.893465 -0.293974 0.000000
vt 2.988734 -0.948995 0.000000
vt 5.022420 -0.899721 0.000000
vt 5.534759 -0.723901 0.000000
vt 5.066855 -0.379151 0.000000
vt 5.853394 -0.285866 0.000000
vt 5.294927 -0.247473 0.000000
vt 5.385000 0.000000 0.000000
vt 5.862907 0.255718 0.000000
vt 5.294927 0.247473 0.000000
vt 5.066855 0.379151 0.000000
vt 5.559853 0.704674 0.000000
vt 4.232537 0.620204 0.000000
vt 4.528595 0.766667 0.000000
vt 5.054005 0.898378 0.000000
vt 3.914699 0.530306 0.000000
vt 4.807500 0.333420 0.000000
vt 3.585786 0.500000 0.000000
vt 4.638218 0.131678 0.000000
vt 3.038199 -0.121486 0.000000
vt 4.638218 -0.131678 0.000000
vt 3.115211 -0.165949 0.000000
vt 3.145625 -0.249511 0.000000
vt -3.585786 0.500000 0.000000
vt -2.993051 -0.121486 0.000000
vt 2.950625 -0.136928 0.000000
vt -3.914699 0.530306 0.000000
vt -4.933145 0.379151 0.000000
vt -4.705073 0.247473 0.000000
vt -4.615000 0.000000 0.000000
vt -3.080625 -0.136928 0.000000
vt -4.705073 -0.247473 0.000000
vt -3.137785 -0.205049 0.000000
vt -3.137785 -0.293974 0.000000
vt -4.933145 -0.379151 0.000000
vt -3.080625 -0.362095 0.000000
vt -2.993051 -0.377536 0.000000
vt -2.900577 -0.939992 0.000000
vt -0.970775 -0.726720 0.000000
vt -4.232537 0.620204 0.000000
vt -5.559853 0.704674 0.000000
vt -5.192500 0.333420 0.000000
vt -5.862907 0.255718 0.000000
vt -5.361782 0.131678 0.000000
vt -5.361782 -0.131678 0.000000
vt -5.853394 -0.285866 0.000000
vt -5.192500 -0.333420 0.000000
vt -5.534759 -0.723901 0.000000
vt -4.528595 0.766667 0.000000
vt -5.054005 0.898378 0.000000
vt -5.022420 -0.899721 0.000000
vt -3.033063 -0.949294 0.000000
vt -2.988734 -0.948995 0.000000
vt -2.944513 -0.945890 0.000000
vt -2.885625 -0.249511 0.000000
vt -2.916039 -0.333074 0.000000
vt 4.807500 -0.333420 0.000000
vt 3.115211 -0.333074 0.000000
vt 2.893465 -0.205049 0.000000
vt -2.916039 -0.165949 0.000000
vt 0.000000 -0.163390 0.000000
vt -0.200000 -0.163390 0.000000
vt 0.000000 -0.207727 0.000000
vt -0.200000 -0.207727 0.000000
vt -0.000000 -0.252065 0.000000
vt -0.200000 -0.252065 0.000000
vt -0.000000 -0.296402 0.000000
vt -0.200000 -0.296402 0.000000
vt 1.989975 0.200000 0.000000
vt 0.000000 0.200000 0.000000
vt 1.989975 -0.000000 0.000000
vt -0.000000 0.000000 0.000000
vt 1.989975 0.200000 0.000000
vt 0.000000 0.200000 0.000000
vt 1.989975 0.000000 0.000000
vt 0.000000 0.000000 0.000000
vt -0.200000 1.436139 0.000000
vt -0.000000 1.436139 0.000000
vt -0.200000 1.986334 0.000000
vt 0.000000 1.986334 0.000000
vt -0.200000 2.536529 0.000000
vt 0.000000 2.536529 0.000000
vt -0.200000 3.086723 0.000000
vt -0.000000 3.086723 0.000000
vt -0.200000 3.636918 0.000000
vt -0.000000 3.636918 0.000000
vt -0.200000 4.187112 0.000000
vt -0.000000 4.187112 0.000000
vt -0.200000 4.737307 0.000000
vt -0.000000 4.737307 0.000000
vt -0.000000 1.391294 0.000000
vt -0.200000 1.391294 0.000000
vt -0.000000 0.841099 0.000000
vt -0.200000 0.841099 0.000000
vt -0.000000 0.290905 0.000000
vt -0.200000 0.290905 0.000000
vt -0.000000 -0.259290 0.000000
vt -0.200000 -0.259290 0.000000
vt -0.000000 -0.809484 0.000000
vt -0.200000 -0.809484 0.000000
vt -0.000000 -1.359679 0.000000
vt -0.200000 -1.359679 0.000000
vt -0.000000 -1.909874 0.000000
vt -0.200000 -1.909874 0.000000
vt -0.200000 -5.654867 0.000000
vt -0.000000 -5.654867 0.000000
vt -0.200000 -5.324095 0.000000
vt -0.000000 -5.324095 0.000000
vt -0.200000 -4.993324 0.000000
vt 0.000000 -4.993324 0.000000
vt -0.200000 -4.662553 0.000000
vt -0.000000 -4.662553 0.000000
vt -0.414214 0.200000 0.000000
vt -7.585786 0.200000 0.000000
vt -0.414214 -0.000000 0.000000
vt -7.585786 -0.000000 0.000000
vt -0.000000 -5.654867 0.000000
vt 0.200000 -5.654867 0.000000
vt -0.000000 -5.324095 0.000000
vt 0.200000 -5.324095 0.000000
vt -0.000000 -4.993324 0.000000
vt 0.200000 -4.993324 0.000000
vt -0.000000 -4.662553 0.000000
vt 0.200000 -4.662553 0.000000
vt -0.200000 -0.203129 0.000000
vt -0.000000 -0.203129 0.000000
vt -0.200000 -0.158792 0.000000
vt -0.000000 -0.158792 0.000000
vt -0.200000 -0.114454 0.000000
vt -0.000000 -0.114454 0.000000
vt -0.200000 -0.070117 0.000000
vt -0.000000 -0.070117 0.000000
vt 2.944513 -0.945890 0.000000
vt 3.033063 -0.949294 0.000000
vt 2.900577 -0.939992 0.000000
vt 5.534759 -0.723901 0.000000
vt 4.933145 -0.379151 0.000000
vt 5.192500 -0.333420 0.000000
vt 5.853394 -0.285866 0.000000
vt 5.361782 -0.131678 0.000000
vt 5.862907 0.255718 0.000000
vt 5.361782 0.131678 0.000000
vt 5.192500 0.333420 0.000000
vt 5.559853 0.704674 0.000000
vt 4.933145 0.379151 0.000000
vt 4.232537 0.620204 0.000000
vt 3.914699 0.530306 0.000000
vt 2.988734 -0.948995 0.000000
vt 5.022420 -0.899721 0.000000
vt 5.054005 0.898378 0.000000
vt 4.528595 0.766667 0.000000
vt 3.585786 0.500000 0.000000
vt 4.705073 0.247473 0.000000
vt 2.993051 -0.121486 0.000000
vt 4.615000 0.000000 0.000000
vt 3.080625 -0.136928 0.000000
vt 4.705073 -0.247473 0.000000
vt 3.137785 -0.205049 0.000000
vt 3.137785 -0.293974 0.000000
vt -3.585786 0.500000 0.000000
vt -2.950625 -0.136928 0.000000
vt 2.916039 -0.165949 0.000000
vt -2.893465 -0.205049 0.000000
vt 2.885625 -0.249511 0.000000
vt -2.893465 -0.293974 0.000000
vt -0.970775 -0.726720 0.000000
vt -2.950625 -0.362095 0.000000
vt -3.038199 -0.377536 0.000000
vt -3.914699 0.530306 0.000000
vt -4.807500 0.333420 0.000000
vt -4.638218 0.131678 0.000000
vt -3.038199 -0.121486 0.000000
vt -4.638218 -0.131678 0.000000
vt -3.115211 -0.165949 0.000000
vt -3.145625 -0.249511 0.000000
vt -4.807500 -0.333420 0.000000
vt -3.115211 -0.333074 0.000000
vt -5.066855 -0.379151 0.000000
vt -5.534759 -0.723901 0.000000
vt -5.853394 -0.285866 0.000000
vt -5.294927 -0.247473 0.000000
vt -5.385000 0.000000 0.000000
vt -5.066855 0.379151 0.000000
vt -4.232537 0.620204 0.000000
vt -5.559853 0.704674 0.000000
vt -4.528595 0.766667 0.000000
vt -5.054005 0.898378 0.000000
vt -5.862907 0.255718 0.000000
vt -5.294927 0.247473 0.000000
vt -5.022420 -0.899721 0.000000
vt -3.033063 -0.949294 0.000000
vt -2.988734 -0.948995 0.000000
vt -2.944513 -0.945890 0.000000
vt -2.900577 -0.939992 0.000000
vt 0.970775 -0.726720 0.000000
vt 2.916039 -0.333074 0.000000
vt 2.993051 -0.377536 0.000000
vt 3.080625 -0.362095 0.000000
vt -0.100000 0.317650 0.000000
vt 0.100000 0.317650 0.000000
vt -0.100000 0.408407 0.000000
vt 0.100000 0.408407 0.000000
vt -0.100000 -0.408407 0.000000
vt 0.100000 -0.408407 0.000000
vt -0.100000 -0.317650 0.000000
vt 0.100000 -0.317650 0.000000
vt -0.100000 -0.226893 0.000000
vt 0.100000 -0.226893 0.000000
vt -0.100000 -0.136136 0.000000
vt 0.100000 -0.136136 0.000000
vt -0.100000 -0.045379 0.000000
vt 0.100000 -0.045379 0.000000
vt -0.100000 0.045379 0.000000
vt 0.100000 0.045379 0.000000
vt -0.100000 0.136136 0.000000
vt 0.100000 0.136136 0.000000
vt -0.100000 0.226893 0.000000
vt 0.100000 0.226893 0.000000
vt -0.100000 0.317650 0.000000
vt 0.100000 0.317650 0.000000
vt -0.100000 0.408407 0.000000
vt 0.100000 0.408407 0.000000
vt -0.100000 -0.408407 0.000000
vt 0.100000 -0.408407 0.000000
vt -0.100000 -0.317650 0.000000
vt 0.100000 -0.317650 0.000000
vt -0.100000 -0.226893 0.000000
vt 0.100000 -0.226893 0.000000
vt -0.100000 -0.136136 0.000000
vt 0.100000 -0.136136 0.000000
vt -0.100000 -0.045379 0.000000
vt 0.100000 -0.045379 0.000000
vt -0.100000 0.045379 0.000000
vt 0.100000 0.045379 0.000000
vt -0.100000 0.136136 0.000000
vt 0.100000 0.136136 0.000000
vt -0.100000 0.226893 0.000000
vt 0.100000 0.226893 0.000000
vt -0.100000 0.940732 0.000000
vt 0.100000 0.940732 0.000000
vt -0.100000 1.209513 0.000000
vt 0.100000 1.209513 0.000000
vt -0.100000 -1.209513 0.000000
vt 0.100000 -1.209513 0.000000
vt -0.100000 -0.940732 0.000000
vt 0.100000 -0.940732 0.000000
vt -0.100000 -0.671952 0.000000
vt 0.100000 -0.671952 0.000000
vt -0.100000 -0.403171 0.000000
vt 0.100000 -0.403171 0.000000
vt -0.100000 -0.134390 0.000000
vt 0.100000 -0.134390 0.000000
vt -0.100000 0.134390 0.000000
vt 0.100000 0.134390 0.000000
vt -0.100000 0.403171 0.000000
vt 0.100000 0.403171 0.000000
vt -0.100000 0.671952 0.000000
vt 0.100000 0.671952 0.000000
vt -0.100000 0.940732 0.000000
vt 0.100000 0.940732 0.000000
vt -0.100000 1.209513 0.000000
vt 0.100000 1.209513 0.000000
vt -0.100000 -1.209513 0.000000
vt 0.100000 -1.209513 0.000000
vt -0.100000 -0.940732 0.000000
vt 0.100000 -0.940732 0.000000
vt -0.100000 -0.671952 0.000000
vt 0.100000 -0.671952 0.000000
vt -0.100000 -0.403171 0.000000
vt 0.100000 -0.403171 0.000000
vt -0.100000 -0.134390 0.000000
vt 0.100000 -0.134390 0.000000
vt -0.100000 0.134390 0.000000
vt 0.100000 0.134390 0.000000
vt -0.100000 0.403171 0.000000
vt 0.100000 0.403171 0.000000
vt -0.100000 0.671952 0.000000
vt 0.100000 0.671952 0.000000
vn -98.640145 0.000000 -16.435382
vn -98.640145 0.000000 -16.435382
vn -99.848600 0.000000 -5.500652
vn -99.848600 0.000000 -5.500652
vn -99.848600 0.000000 5.500652
vn -99.848600 0.000000 5.500652
vn -98.640145 0.000000 16.435382
vn -98.640145 0.000000 16.435382
vn 0.000000 100.000000 0.000000
vn 0.000000 100.000000 0.000000
vn 0.000000 100.000000 0.000000
vn 0.000000 100.000000 0.000000
vn 0.000000 100.000000 0.000000
vn 0.000000 100.000000 0.000000
vn 0.000000 100.000000 0.000000
vn 0.000000 100.000000 0.000000
vn 0.000000 100.000000 0.000000
vn 0.000000 100.000000 0.000000
vn 0.000000 100.000000 0.000000
vn 0.000000 100.000000 0.000000
vn 0.000000 100.000000 0.000000
vn 0.000000 100.000000 0.000000
vn 0.000000 100.000000 0.000000
vn 0.000000 100.000000 0.000000
vn 0.000000 100.000000 0.000000
vn 0.000000 100.000000 0.000000
vn 0.000000 100.000000 0.000000
vn 0.000000 100.000000 0.000000
vn 0.000000 100.000000 0.000000
vn 0.000000 100.000000 0.000000
vn 0.000000 100.000000 0.000000
vn 0.000000 100.000000 0.000000
vn 0.000000 100.000000 0.000000
vn 0.000000 100.000000 0.000000
vn 0.000000 100.000000 0.000000
vn 0.000000 100.000000 0.000000
vn 0.000000 100.000000 0.000000
vn 0.000000 100.000000 0.000000
vn 0.000000 100.000000 0.000000
vn 0.000000 100.000000 0.000000
vn 0.000000 100.000000 0.000000
vn 0.000000 100.000000 0.000000
vn 0.000000 100.000000 0.000000
vn 0.000000 100.000000 0.000000
vn 0.000000 100.000000 0.000000
vn 0.000000 100.000000 0.000000
vn 0.000000 100.000000 0.000000
vn 0.000000 100.000000 0.000000
vn 0.000000 100.000000 0.000000
vn 0.000000 100.000000 0.000000
vn 0.000000 100.000000 0.000000
vn 0.000000 100.000000 0.000000
vn 0.000000 100.000000 0.000000
vn 0.000000 100.000000 0.000000
vn 0.000000 100.000000 0.000000
vn 0.000000 100.000000 0.000000
vn 0.000000 100.000000 0.000000
vn 0.000000 100.000000 0.000000
vn 0.000000 100.000000 0.000000
vn 0.000000 100.000000 0.000000
vn 0.000000 100.000000 0.000000
vn 0.000000 100.000000 0.000000
vn 0.000000 100.000000 0.000000
vn 0.000000 100.000000 0.000000
vn 0.000000 100.000000 0.000000
vn 0.000000 100.000000 0.000000
vn 0.000000 100.000000 0.000000
vn 0.000000 100.000000 0.000000
vn 0.000000 100.000000 0.000000
vn 0.000000 100.000000 0.000000
vn 0.000000 100.000000 0.000000
vn 0.000000 100.000000 0.000000
vn 0.000000 100.000000 0.000000
vn 0.000000 100.000000 0.000000
vn -99.482652 0.000000 -10.158834
vn -99.482652 0.000000 -10.158834
vn -99.926185 0.000000 -3.841544
vn -99.926185 0.000000 -3.841544
vn -99.968966 0.000000 2.491153
vn -99.968966 0.000000 2.491153
vn -99.968966 0.000000 2.491153
vn -99.968966 0.000000 2.491153
vn -99.968966 0.000000 -2.491153
vn -99.968966 0.000000 -2.491153
vn -99.968966 0.000000 -2.491153
vn -99.968966 0.000000 -2.491153
vn -80.433467 0.000000 -59.417652
vn -80.433467 0.000000 -59.417652
vn -31.762858 0.000000 -94.821521
vn -31.762858 0.000000 -94.821521
vn 28.413090 -0.000000 -95.878550
vn 28.413090 -0.000000 -95.878550
vn 78.297073 -0.000000 -62.205855
vn 78.297073 -0.000000 -62.205855
vn 99.819803 -0.000000 -6.000569
vn 99.819803 -0.000000 -6.000569
vn 85.185185 -0.000000 52.378280
vn 85.185185 -0.000000 52.378280
vn -80.433467 0.000000 59.417652
vn -80.433467 0.000000 59.417652
vn -31.762858 0.000000 94.821521
vn -31.762858 0.000000 94.821521
vn 28.413090 -0.000000 95.878550
vn 28.413090 -0.000000 95.878550
vn 78.297073 -0.000000 62.205855
vn 78.297073 -0.000000 62.205855
vn 99.819803 -0.000000 6.000569
vn 99.819803 -0.000000 6.000569
vn 85.185185 -0.000000 -52.378280
vn 85.185185 -0.000000 -52.378280
vn 100.000000 -0.000000 -0.000000
vn 100.000000 -0.000000 -0.000000
vn 98.316325 -0.000000 -18.272939
vn 98.316325 -0.000000 -18.272939
vn 93.321994 -0.000000 -35.930563
vn 93.321994 -0.000000 -35.930563
vn 100.000000 -0.000000 -0.000000
vn 100.000000 -0.000000 -0.000000
vn 98.316325 -0.000000 18.272939
vn 98.316325 -0.000000 18.272939
vn 93.321994 -0.000000 35.930563
vn 93.321994 -0.000000 35.930563
vn -99.482652 0.000000 10.158834
vn -99.482652 0.000000 10.158834
vn -99.926185 0.000000 3.841544
vn -99.926185 0.000000 3.841544
vn -0.000000 -100.000000 -0.000000
vn -0.000000 -100.000000 -0.000000
vn -0.000000 -100.000000 -0.000000
vn -0.000000 -100.000000 -0.000000
vn -0.000000 -100.000000 -0.000000
vn -0.000000 -100.000000 -0.000000
vn -0.000000 -100.000000 -0.000000
vn -0.000000 -100.000000 -0.000000
vn -0.000000 -100.000000 -0.000000
vn -0.000000 -100.000000 -0.000000
vn -0.000000 -100.000000 -0.000000
vn -0.000000 -100.000000 -0.000000
vn -0.000000 -100.000000 -0.000000
vn -0.000000 -100.000000 -0.000000
vn -0.000000 -100.000000 -0.000000
vn -0.000000 -100.000000 -0.000000
vn -0.000000 -100.000000 -0.000000
vn -0.000000 -100.000000 -0.000000
vn -0.000000 -100.000000 -0.000000
vn -0.000000 -100.000000 -0.000000
vn -0.000000 -100.000000 -0.000000
vn -0.000000 -100.000000 -0.000000
vn -0.000000 -100.000000 -0.000000
vn -0.000000 -100.000000 -0.000000
vn -0.000000 -100.000000 -0.000000
vn -0.000000 -100.000000 -0.000000
vn -0.000000 -100.000000 -0.000000
vn -0.000000 -100.000000 -0.000000
vn -0.000000 -100.000000 -0.000000
vn -0.000000 -100.000000 -0.000000
vn -0.000000 -100.000000 -0.000000
vn -0.000000 -100.000000 -0.000000
vn -0.000000 -100.000000 -0.000000
vn -0.000000 -100.000000 -0.000000
vn -0.000000 -100.000000 -0.000000
vn -0.000000 -100.000000 -0.000000
vn -0.000000 -100.000000 -0.000000
vn -0.000000 -100.000000 -0.000000
vn -0.000000 -100.000000 -0.000000
vn -0.000000 -100.000000 -0.000000
vn -0.000000 -100.000000 -0.000000
vn -0.000000 -100.000000 -0.000000
vn -0.000000 -100.000000 -0.000000
vn -0.000000 -100.000000 -0.000000
vn -0.000000 -100.000000 -0.000000
vn -0.000000 -100.000000 -0.000000
vn -0.000000 -100.000000 -0.000000
vn -0.000000 -100.000000 -0.000000
vn -0.000000 -100.000000 -0.000000
vn -0.000000 -100.000000 -0.000000
vn -0.000000 -100.000000 -0.000000
vn -0.000000 -100.000000 -0.000000
vn -0.000000 -100.000000 -0.000000
vn -0.000000 -100.000000 -0.000000
vn -0.000000 -100.000000 -0.000000
vn -0.000000 -100.000000 -0.000000
vn -0.000000 -100.000000 -0.000000
vn -0.000000 -100.000000 -0.000000
vn -0.000000 -100.000000 -0.000000
vn -0.000000 -100.000000 -0.000000
vn -0.000000 -100.000000 -0.000000
vn -0.000000 -100.000000 -0.000000
vn -0.000000 -100.000000 -0.000000
vn -0.000000 -100.000000 -0.000000
vn -0.000000 -100.000000 -0.000000
vn -0.000000 -100.000000 -0.000000
vn 64.278761 -0.000000 -76.604444
vn 64.278761 -0.000000 -76.604444
vn 0.000000 -0.000000 -100.000000
vn 0.000000 -0.000000 -100.000000
vn -64.278761 0.000000 -76.604444
vn -64.278761 0.000000 -76.604444
vn -98.480775 0.000000 -17.364818
vn -98.480775 0.000000 -17.364818
vn -86.602540 0.000000 50.000000
vn -86.602540 0.000000 50.000000
vn -34.202014 0.000000 93.969262
vn -34.202014 0.000000 93.969262
vn 34.202014 -0.000000 93.969262
vn 34.202014 -0.000000 93.969262
vn 86.602540 -0.000000 50.000000
vn 86.602540 -0.000000 50.000000
vn 98.480775 -0.000000 -17.364818
vn 98.480775 -0.000000 -17.364818
vn 64.278761 -0.000000 -76.604444
vn 64.278761 -0.000000 -76.604444
vn 0.000000 -0.000000 -100.000000
vn 0.000000 -0.000000 -100.000000
vn -64.278761 0.000000 -76.604444
vn -64.278761 0.000000 -76.604444
vn -98.480775 0.000000 -17.364818
vn -98.480775 0.000000 -17.364818
vn -86.602540 0.000000 50.000000
vn -86.602540 0.000000 50.000000
vn -34.202014 0.000000 93.969262
vn -34.202014 0.000000 93.969262
vn 34.202014 -0.000000 93.969262
vn 34.202014 -0.000000 93.969262
vn 86.602540 -0.000000 50.000000
vn 86.602540 -0.000000 50.000000
vn 98.480775 -0.000000 -17.364818
vn 98.480775 -0.000000 -17.364818
vn 64.278761 -0.000000 -76.604444
vn 64.278761 -0.000000 -76.604444
vn 0.000000 -0.000000 -100.000000
vn 0.000000 -0.000000 -100.000000
vn -64.278761 0.000000 -76.604444
vn -64.278761 0.000000 -76.604444
vn -98.480775 0.000000 -17.364818
vn -98.480775 0.000000 -17.364818
vn -86.602540 0.000000 50.000000
vn -86.602540 0.000000 50.000000
vn -34.202014 0.000000 93.969262
vn -34.202014 0.000000 93.969262
vn 34.202014 -0.000000 93.969262
vn 34.202014 -0.000000 93.969262
vn 86.602540 -0.000000 50.000000
vn 86.602540 -0.000000 50.000000
vn 98.480775 -0.000000 -17.364818
vn 98.480775 -0.000000 -17.364818
vn 64.278761 -0.000000 -76.604444
vn 64.278761 -0.000000 -76.604444
vn 0.000000 -0.000000 -100.000000
vn 0.000000 -0.000000 -100.000000
vn -64.278761 0.000000 -76.604444
vn -64.278761 0.000000 -76.604444
vn -98.480775 0.000000 -17.364818
vn -98.480775 0.000000 -17.364818
vn -86.602540 0.000000 50.000000
vn -86.602540 0.000000 50.000000
vn -34.202014 0.000000 93.969262
vn -34.202014 0.000000 93.969262
vn 34.202014 -0.000000 93.969262
vn 34.202014 -0.000000 93.969262
vn 86.602540 -0.000000 50.000000
vn 86.602540 -0.000000 50.000000
vn 98.480775 -0.000000 -17.364818
vn 98.480775 -0.000000 -17.364818
usemtl 64,64,64
f 8/1/1 1/2/2 7/3/3
f 7/3/3 1/2/2 2/4/4
f 7/3/3 2/4/4 6/5/5
f 6/5/5 2/4/4 3/6/6
f 6/5/5 3/6/6 5/7/7
f 5/7/7 3/6/6 4/8/8
f 9/9/9 11/10/10 1/11/11
f 1/11/11 11/10/10 55/12/12
f 1/11/11 55/12/12 2/13/13
f 2/13/13 55/12/12 56/14/14
f 2/13/13 56/14/14 57/15/15
f 9/9/9 10/16/16 11/10/10
f 12/17/17 13/18/18 11/10/10
f 11/10/10 13/18/18 55/12/12
f 55/12/12 13/18/18 46/19/19
f 46/19/19 13/18/18 14/20/20
f 46/19/19 14/20/20 45/21/21
f 45/21/21 14/20/20 44/22/22
f 44/22/22 14/20/20 15/23/23
f 44/22/22 15/23/23 52/24/24
f 52/24/24 15/23/23 51/25/25
f 51/25/25 15/23/23 16/26/26
f 51/25/25 16/26/26 19/27/27
f 19/27/27 16/26/26 18/28/28
f 18/28/28 16/26/26 17/29/29
f 19/27/27 20/30/30 51/25/25
f 51/25/25 20/30/30 50/31/31
f 50/31/31 20/30/30 21/32/32
f 50/31/31 21/32/32 49/33/33
f 49/33/33 21/32/32 60/34/34
f 49/33/33 60/34/34 48/35/35
f 48/35/35 60/34/34 61/36/36
f 48/35/35 61/36/36 53/37/37
f 22/38/38 69/39/39 21/32/32
f 21/32/32 69/39/39 59/40/40
f 21/32/32 59/40/40 60/34/34
f 23/41/41 42/42/42 22/38/38
f 22/38/38 42/42/42 43/43/43
f 22/38/38 43/43/43 69/39/39
f 69/39/39 43/43/43 35/44/44
f 69/39/39 35/44/44 68/45/45
f 68/45/45 35/44/44 36/46/46
f 68/45/45 36/46/46 67/47/47
f 67/47/47 36/46/46 66/48/48
f 66/48/48 36/46/46 37/49/49
f 66/48/48 37/49/49 65/50/50
f 65/50/50 37/49/49 64/51/51
f 64/51/51 37/49/49 4/52/52
f 64/51/51 4/52/52 3/53/53
f 23/41/41 24/54/54 42/42/42
f 42/42/42 24/54/54 27/55/55
f 42/42/42 27/55/55 41/56/56
f 41/56/56 27/55/55 28/57/57
f 41/56/56 28/57/57 40/58/58
f 40/58/58 28/57/57 39/59/59
f 39/59/59 28/57/57 29/60/60
f 39/59/59 29/60/60 38/61/61
f 38/61/61 29/60/60 30/62/62
f 38/61/61 30/62/62 37/49/49
f 37/49/49 30/62/62 4/52/52
f 24/54/54 25/63/63 27/55/55
f 27/55/55 25/63/63 26/64/64
f 31/65/65 32/66/66 30/62/62
f 30/62/62 32/66/66 4/52/52
f 33/67/67 34/68/68 32/66/66
f 32/66/66 34/68/68 4/52/52
f 2/13/13 62/69/69 3/53/53
f 3/53/53 62/69/69 63/70/70
f 3/53/53 63/70/70 64/51/51
f 46/19/19 47/71/71 55/12/12
f 55/12/12 47/71/71 54/72/72
f 54/72/72 47/71/71 53/37/37
f 53/37/37 47/71/71 48/35/35
f 2/13/13 57/15/15 62/69/69
f 62/69/69 57/15/15 58/73/73
f 62/69/69 58/73/73 70/74/74
f 70/74/74 58/73/73 59/40/40
f 70/74/74 59/40/40 69/39/39
f 1/75/2 8/76/1 9/77/75
f 9/77/75 8/76/1 71/78/76
f 9/77/75 71/78/76 10/79/77
f 10/79/77 71/78/76 72/80/78
f 10/79/77 72/80/78 11/81/79
f 11/81/79 72/80/78 73/82/80
f 73/83/80 74/84/81 11/85/79
f 11/85/79 74/84/81 12/86/82
f 75/87/83 76/88/84 31/89/85
f 31/89/85 76/88/84 32/90/86
f 75/91/83 31/92/85 82/93/87
f 82/93/87 31/92/85 30/94/88
f 82/93/87 30/94/88 81/95/89
f 81/95/89 30/94/88 29/96/90
f 81/95/89 29/96/90 80/97/91
f 80/97/91 29/96/90 28/98/92
f 80/97/91 28/98/92 79/99/93
f 79/99/93 28/98/92 27/100/94
f 79/99/93 27/100/94 78/101/95
f 78/101/95 27/100/94 26/102/96
f 78/101/95 26/102/96 77/103/97
f 77/103/97 26/102/96 25/104/98
f 12/105/82 74/106/81 13/107/99
f 13/107/99 74/106/81 83/108/100
f 13/107/99 83/108/100 14/109/101
f 14/109/101 83/108/100 84/110/102
f 14/109/101 84/110/102 15/111/103
f 15/111/103 84/110/102 85/112/104
f 15/111/103 85/112/104 16/113/105
f 16/113/105 85/112/104 86/114/106
f 16/113/105 86/114/106 17/115/107
f 17/115/107 86/114/106 87/116/108
f 17/115/107 87/116/108 18/117/109
f 18/117/109 87/116/108 88/118/110
f 91/119/111 21/120/112 90/121/113
f 90/121/113 21/120/112 20/122/114
f 90/121/113 20/122/114 89/123/115
f 89/123/115 20/122/114 19/124/116
f 89/123/115 19/124/116 88/125/110
f 88/125/110 19/124/116 18/126/109
f 91/127/111 92/128/117 21/129/112
f 21/129/112 92/128/117 22/130/118
f 22/131/118 92/132/117 23/133/119
f 23/133/119 92/132/117 93/134/120
f 23/133/119 93/134/120 24/135/121
f 24/135/121 93/134/120 94/136/122
f 24/135/121 94/136/122 25/137/98
f 25/137/98 94/136/122 77/138/97
f 5/139/7 4/140/8 96/141/123
f 96/141/123 4/140/8 34/142/124
f 96/141/123 34/142/124 95/143/125
f 95/143/125 34/142/124 33/144/126
f 95/143/125 33/144/126 76/145/84
f 76/145/84 33/144/126 32/146/86
f 96/147/127 76/148/128 5/149/129
f 5/149/129 76/148/128 82/150/130
f 5/149/129 82/150/130 104/151/131
f 104/151/131 82/150/130 103/152/132
f 103/152/132 82/150/130 81/153/133
f 103/152/132 81/153/133 102/154/134
f 102/154/134 81/153/133 80/155/135
f 102/154/134 80/155/135 101/156/136
f 101/156/136 80/155/135 100/157/137
f 100/157/137 80/155/135 79/158/138
f 100/157/137 79/158/138 99/159/139
f 99/159/139 79/158/138 94/160/140
f 99/159/139 94/160/140 93/161/141
f 96/147/127 95/162/142 76/148/128
f 76/148/128 75/163/143 82/150/130
f 78/164/144 77/165/145 79/158/138
f 79/158/138 77/165/145 94/160/140
f 93/161/141 92/166/146 99/159/139
f 99/159/139 92/166/146 98/167/147
f 98/167/147 92/166/146 126/168/148
f 98/167/147 126/168/148 97/169/149
f 97/169/149 126/168/148 127/170/150
f 97/169/149 127/170/150 105/171/151
f 105/171/151 127/170/150 128/172/152
f 105/171/151 128/172/152 129/173/153
f 92/166/146 91/174/154 126/168/148
f 126/168/148 91/174/154 118/175/155
f 126/168/148 118/175/155 125/176/156
f 125/176/156 118/175/155 119/177/157
f 125/176/156 119/177/157 124/178/158
f 124/178/158 119/177/157 120/179/159
f 124/178/158 120/179/159 7/180/160
f 7/180/160 120/179/159 121/181/161
f 7/180/160 121/181/161 122/182/162
f 90/183/163 109/184/164 91/174/154
f 91/174/154 109/184/164 110/185/165
f 91/174/154 110/185/165 117/186/166
f 117/186/166 110/185/165 111/187/167
f 117/186/166 111/187/167 116/188/168
f 116/188/168 111/187/167 115/189/169
f 115/189/169 111/187/167 112/190/170
f 115/189/169 112/190/170 123/191/171
f 123/191/171 112/190/170 122/182/162
f 122/182/162 112/190/170 113/192/172
f 122/182/162 113/192/172 83/193/173
f 83/193/173 113/192/172 84/194/174
f 84/194/174 113/192/172 114/195/175
f 84/194/174 114/195/175 106/196/176
f 109/184/164 90/183/163 108/197/177
f 108/197/177 90/183/163 89/198/178
f 108/197/177 89/198/178 86/199/179
f 86/199/179 89/198/178 88/200/180
f 86/199/179 88/200/180 87/201/181
f 86/199/179 85/202/182 108/197/177
f 108/197/177 85/202/182 107/203/183
f 107/203/183 85/202/182 106/196/176
f 106/196/176 85/202/182 84/194/174
f 74/204/184 73/205/185 83/193/173
f 83/193/173 73/205/185 122/182/162
f 72/206/186 71/207/187 73/205/185
f 73/205/185 71/207/187 8/208/188
f 73/205/185 8/208/188 122/182/162
f 122/182/162 8/208/188 7/180/160
f 7/180/160 6/209/189 124/178/158
f 124/178/158 6/209/189 132/210/190
f 132/210/190 6/209/189 131/211/191
f 131/211/191 6/209/189 5/149/129
f 131/211/191 5/149/129 104/151/131
f 105/171/151 129/173/153 104/151/131
f 104/151/131 129/173/153 130/212/192
f 104/151/131 130/212/192 131/211/191
f 117/186/166 118/175/155 91/174/154
f 132/213/193 63/214/194 124/215/195
f 124/215/195 63/214/194 62/216/196
f 124/217/195 62/218/196 125/219/197
f 125/219/197 62/218/196 70/220/198
f 125/219/197 70/220/198 126/221/199
f 126/221/199 70/220/198 69/222/200
f 126/221/199 69/222/200 127/223/201
f 127/223/201 69/222/200 68/224/202
f 127/223/201 68/224/202 128/225/203
f 128/225/203 68/224/202 67/226/204
f 128/225/203 67/226/204 129/227/205
f 129/227/205 67/226/204 66/228/206
f 129/227/205 66/228/206 130/229/207
f 130/229/207 66/228/206 65/230/208
f 130/229/207 65/230/208 131/231/209
f 131/231/209 65/230/208 64/232/210
f 131/231/209 64/232/210 132/213/193
f 132/213/193 64/232/210 63/214/194
f 123/233/211 54/234/212 115/235/213
f 115/235/213 54/234/212 53/236/214
f 115/237/213 53/238/214 116/239/215
f 116/239/215 53/238/214 61/240/216
f 116/239/215 61/240/216 117/241/217
f 117/241/217 61/240/216 60/242/218
f 117/241/217 60/242/218 118/243/219
f 118/243/219 60/242/218 59/244/220
f 118/243/219 59/244/220 119/245/221
f 119/245/221 59/244/220 58/246/222
f 119/245/221 58/246/222 120/247/223
f 120/247/223 58/246/222 57/248/224
f 120/247/223 57/248/224 121/249/225
f 121/249/225 57/248/224 56/250/226
f 121/249/225 56/250/226 122/251/227
f 122/251/227 56/250/226 55/252/228
f 122/251/227 55/252/228 123/233/211
f 123/233/211 55/252/228 54/234/212
f 114/253/229 45/254/230 106/255/231
f 106/255/231 45/254/230 44/256/232
f 106/257/231 44/258/232 107/259/233
f 107/259/233 44/258/232 52/260/234
f 107/259/233 52/260/234 108/261/235
f 108/261/235 52/260/234 51/262/236
f 108/261/235 51/262/236 109/263/237
f 109/263/237 51/262/236 50/264/238
f 109/263/237 50/264/238 110/265/239
f 110/265/239 50/264/238 49/266/240
f 110/265/239 49/266/240 111/267/241
f 111/267/241 49/266/240 48/268/242
f 111/267/241 48/268/242 112/269/243
f 112/269/243 48/268/242 47/270/244
f 112/269/243 47/270/244 113/271/245
f 113/271/245 47/270/244 46/272/246
f 113/271/245 46/272/246 114/253/229
f 114/253/229 46/272/246 45/254/230
f 105/273/247 36/274/248 97/275/249
f 97/275/249 36/274/248 35/276/250
f 97/277/249 35/278/250 98/279/251
f 98/279/251 35/278/250 43/280/252
f 98/279/251 43/280/252 99/281/253
f 99/281/253 43/280/252 42/282/254
f 99/281/253 42/282/254 100/283/255
f 100/283/255 42/282/254 41/284/256
f 100/283/255 41/284/256 101/285/257
f 101/285/257 41/284/256 40/286/258
f 101/285/257 40/286/258 102/287/259
f 102/287/259 40/286/258 39/288/260
f 102/287/259 39/288/260 103/289/261
f 103/289/261 39/288/260 38/290/262
f 103/289/261 38/290/262 104/291/263
f 104/291/263 38/290/262 37/292/264
f 104/291/263 37/292/264 105/273/247
f 105/273/247 37/292/264 36/274/248

g ソリッド1:1

v -0.009400 0.014250 -0.020994
v -0.007267 0.014250 -0.040292
v -0.007267 0.014250 -0.059708
v -0.009400 0.014250 -0.079006
v -0.009400 0.012250 -0.079006
v -0.007267 0.012250 -0.059708
v -0.007267 0.012250 -0.040292
v -0.009400 0.012250 -0.020994
v -0.009459 0.014250 -0.020555
v -0.009490 0.014250 -0.020113
v -0.009493 0.014250 -0.019669
v -0.008997 0.014250 0.000224
v -0.007239 0.014250 0.005348
v -0.002859 0.014250 0.008534
v 0.002557 0.014250 0.008629
v 0.007047 0.014250 0.005599
v 0.008984 0.014250 0.000540
v 0.007667 0.014250 -0.004714
v 0.006202 0.014250 -0.007675
v 0.005303 0.014250 -0.010853
v 0.005000 0.014250 -0.014142
v 0.005000 0.014250 -0.085858
v 0.005303 0.014250 -0.089147
v 0.006202 0.014250 -0.092325
v 0.007667 0.014250 -0.095286
v 0.008984 0.014250 -0.100540
v 0.007047 0.014250 -0.105599
v 0.002557 0.014250 -0.108629
v -0.002859 0.014250 -0.108534
v -0.007239 0.014250 -0.105348
v -0.008997 0.014250 -0.100224
v -0.009493 0.014250 -0.080331
v -0.009490 0.014250 -0.079887
v -0.009459 0.014250 -0.079445
v 0.000000 0.014250 -0.096150
v -0.002475 0.014250 -0.097051
v -0.003792 0.014250 -0.099331
v -0.003334 0.014250 -0.101925
v -0.001317 0.014250 -0.103618
v 0.001317 0.014250 -0.103618
v 0.003334 0.014250 -0.101925
v 0.003792 0.014250 -0.099331
v 0.002475 0.014250 -0.097051
v 0.000000 0.014250 0.003850
v -0.002475 0.014250 0.002949
v -0.003792 0.014250 0.000669
v -0.003334 0.014250 -0.001925
v -0.001317 0.014250 -0.003618
v 0.001317 0.014250 -0.003618
v 0.003334 0.014250 -0.001925
v 0.003792 0.014250 0.000669
v 0.002475 0.014250 0.002949
v -0.002495 0.014250 -0.018544
v -0.003331 0.014250 -0.018848
v -0.003775 0.014250 -0.019618
v -0.003621 0.014250 -0.020494
v -0.002940 0.014250 -0.021065
v -0.002050 0.014250 -0.021065
v -0.001369 0.014250 -0.020494
v -0.001215 0.014250 -0.019618
v -0.001659 0.014250 -0.018848
v -0.002495 0.014250 -0.078856
v -0.003331 0.014250 -0.079160
v -0.003775 0.014250 -0.079931
v -0.003621 0.014250 -0.080806
v -0.002940 0.014250 -0.081378
v -0.002050 0.014250 -0.081378
v -0.001369 0.014250 -0.080806
v -0.001215 0.014250 -0.079931
v -0.001659 0.014250 -0.079160
v -0.009459 0.012250 -0.020555
v -0.009490 0.012250 -0.020113
v -0.009493 0.012250 -0.019669
v -0.008997 0.012250 0.000224
v -0.008997 0.012250 -0.100224
v -0.009493 0.012250 -0.080331
v 0.007667 0.012250 -0.095286
v 0.008984 0.012250 -0.100540
v 0.007047 0.012250 -0.105599
v 0.002557 0.012250 -0.108629
v -0.002859 0.012250 -0.108534
v -0.007239 0.012250 -0.105348
v -0.007239 0.012250 0.005348
v -0.002859 0.012250 0.008534
v 0.002557 0.012250 0.008629
v 0.007047 0.012250 0.005599
v 0.008984 0.012250 0.000540
v 0.007667 0.012250 -0.004714
v 0.006202 0.012250 -0.007675
v 0.005303 0.012250 -0.010853
v 0.005000 0.012250 -0.014142
v 0.005000 0.012250 -0.085858
v 0.005303 0.012250 -0.089147
v 0.006202 0.012250 -0.092325
v -0.009490 0.012250 -0.079887
v -0.009459 0.012250 -0.079445
v 0.000000 0.012250 -0.096150
v 0.002475 0.012250 -0.097051
v 0.003792 0.012250 -0.099331
v 0.003334 0.012250 -0.101925
v 0.001317 0.012250 -0.103618
v -0.001317 0.012250 -0.103618
v -0.003334 0.012250 -0.101925
v -0.003792 0.012250 -0.099331
v -0.002475 0.012250 -0.097051
v 0.000000 0.012250 0.003850
v 0.002475 0.012250 0.002949
v 0.003792 0.012250 0.000669
v 0.003334 0.012250 -0.001925
v 0.001317 0.012250 -0.003618
v -0.001317 0.012250 -0.003618
v -0.003334 0.012250 -0.001925
v -0.003792 0.012250 0.000669
v -0.002475 0.012250 0.002949
v -0.002495 0.012250 -0.018544
v -0.001659 0.012250 -0.018848
v -0.001215 0.012250 -0.019618
v -0.001369 0.012250 -0.020494
v -0.002050 0.012250 -0.021065
v -0.002940 0.012250 -0.021065
v -0.003621 0.012250 -0.020494
v -0.003775 0.012250 -0.019618
v -0.003331 0.012250 -0.018848
v -0.002495 0.012250 -0.078856
v -0.001659 0.012250 -0.079160
v -0.001215 0.012250 -0.079931
v -0.001369 0.012250 -0.080806
v -0.002050 0.012250 -0.081378
v -0.002940 0.012250 -0.081378
v -0.003621 0.012250 -0.080806
v -0.003775 0.012250 -0.079931
v -0.003331 0.012250 -0.079160
vt 0.200000 55.443995 0.000000
vt 0.000000 55.443995 0.000000
vt 0.200000 53.501464 0.000000
vt 0.000000 53.501464 0.000000
vt 0.200000 51.558932 0.000000
vt -0.000000 51.558932 0.000000
vt 0.200000 49.616401 0.000000
vt 0.000000 49.616401 0.000000
vt 2.944513 -0.945890 0.000000
vt 3.033063 -0.949294 0.000000
vt 2.900577 -0.939992 0.000000
vt 3.038199 -0.377536 0.000000
vt 0.970775 -0.726720 0.000000
vt 2.950625 -0.362095 0.000000
vt 2.893465 -0.293974 0.000000
vt 2.988734 -0.948995 0.000000
vt 5.022420 -0.899721 0.000000
vt 5.534759 -0.723901 0.000000
vt 5.066855 -0.379151 0.000000
vt 5.853394 -0.285866 0.000000
vt 5.294927 -0.247473 0.000000
vt 5.385000 0.000000 0.000000
vt 5.862907 0.255718 0.000000
vt 5.294927 0.247473 0.000000
vt 5.066855 0.379151 0.000000
vt 5.559853 0.704674 0.000000
vt 4.232537 0.620204 0.000000
vt 4.528595 0.766667 0.000000
vt 5.054005 0.898378 0.000000
vt 3.914699 0.530306 0.000000
vt 4.807500 0.333420 0.000000
vt 3.585786 0.500000 0.000000
vt 4.638218 0.131678 0.000000
vt 3.038199 -0.121486 0.000000
vt 4.638218 -0.131678 0.000000
vt 3.115211 -0.165949 0.000000
vt 3.145625 -0.249511 0.000000
vt -3.585786 0.500000 0.000000
vt -2.993051 -0.121486 0.000000
vt 2.950625 -0.136928 0.000000
vt -3.914699 0.530306 0.000000
vt -4.933145 0.379151 0.000000
vt -4.705073 0.247473 0.000000
vt -4.615000 0.000000 0.000000
vt -3.080625 -0.136928 0.000000
vt -4.705073 -0.247473 0.000000
vt -3.137785 -0.205049 0.000000
vt -3.137785 -0.293974 0.000000
vt -4.933145 -0.379151 0.000000
vt -3.080625 -0.362095 0.000000
vt -2.993051 -0.377536 0.000000
vt -2.900577 -0.939992 0.000000
vt -0.970775 -0.726720 0.000000
vt -4.232537 0.620204 0.000000
vt -5.559853 0.704674 0.000000
vt -5.192500 0.333420 0.000000
vt -5.862907 0.255718 0.000000
vt -5.361782 0.131678 0.000000
vt -5.361782 -0.131678 0.000000
vt -5.853394 -0.285866 0.000000
vt -5.192500 -0.333420 0.000000
vt -5.534759 -0.723901 0.000000
vt -4.528595 0.766667 0.000000
vt -5.054005 0.898378 0.000000
vt -5.022420 -0.899721 0.000000
vt -3.033063 -0.949294 0.000000
vt -2.988734 -0.948995 0.000000
vt -2.944513 -0.945890 0.000000
vt -2.885625 -0.249511 0.000000
vt -2.916039 -0.333074 0.000000
vt 4.807500 -0.333420 0.000000
vt 3.115211 -0.333074 0.000000
vt 2.893465 -0.205049 0.000000
vt -2.916039 -0.165949 0.000000
vt 0.000000 -0.163390 0.000000
vt -0.200000 -0.163390 0.000000
vt 0.000000 -0.207727 0.000000
vt -0.200000 -0.207727 0.000000
vt -0.000000 -0.252065 0.000000
vt -0.200000 -0.252065 0.000000
vt -0.000000 -0.296402 0.000000
vt -0.200000 -0.296402 0.000000
vt 1.989975 0.200000 0.000000
vt 0.000000 0.200000 0.000000
vt 1.989975 -0.000000 0.000000
vt -0.000000 0.000000 0.000000
vt 1.989975 0.200000 0.000000
vt 0.000000 0.200000 0.000000
vt 1.989975 0.000000 0.000000
vt 0.000000 0.000000 0.000000
vt -0.200000 1.436139 0.000000
vt -0.000000 1.436139 0.000000
vt -0.200000 1.986334 0.000000
vt 0.000000 1.986334 0.000000
vt -0.200000 2.536529 0.000000
vt 0.000000 2.536529 0.000000
vt -0.200000 3.086723 0.000000
vt -0.000000 3.086723 0.000000
vt -0.200000 3.636918 0.000000
vt -0.000000 3.636918 0.000000
vt -0.200000 4.187112 0.000000
vt -0.000000 4.187112 0.000000
vt -0.200000 4.737307 0.000000
vt -0.000000 4.737307 0.000000
vt -0.000000 1.391294 0.000000
vt -0.200000 1.391294 0.000000
vt -0.000000 0.841099 0.000000
vt -0.200000 0.841099 0.000000
vt -0.000000 0.290905 0.000000
vt -0.200000 0.290905 0.000000
vt -0.000000 -0.259290 0.000000
vt -0.200000 -0.259290 0.000000
vt -0.000000 -0.809484 0.000000
vt -0.200000 -0.809484 0.000000
vt -0.000000 -1.359679 0.000000
vt -0.200000 -1.359679 0.000000
vt -0.000000 -1.909874 0.000000
vt -0.200000 -1.909874 0.000000
vt -0.200000 -5.654867 0.000000
vt -0.000000 -5.654867 0.000000
vt -0.200000 -5.324095 0.000000
vt -0.000000 -5.324095 0.000000
vt -0.200000 -4.993324 0.000000
vt 0.000000 -4.993324 0.000000
vt -0.200000 -4.662553 0.000000
vt -0.000000 -4.662553 0.000000
vt -0.414214 0.200000 0.000000
vt -7.585786 0.200000 0.000000
vt -0.414214 -0.000000 0.000000
vt -7.585786 -0.000000 0.000000
vt -0.000000 -5.654867 0.000000
vt 0.200000 -5.654867 0.000000
vt -0.000000 -5.324095 0.000000
vt 0.200000 -5.324095 0.000000
vt -0.000000 -4.993324 0.000000
vt 0.200000 -4.993324 0.000000
vt -0.000000 -4.662553 0.000000
vt 0.200000 -4.662553 0.000000
vt -0.200000 -0.203129 0.000000
vt -0.000000 -0.203129 0.000000
vt -0.200000 -0.158792 0.000000
vt -0.000000 -0.158792 0.000000
vt -0.200000 -0.114454 0.000000
vt -0.000000 -0.114454 0.000000
vt -0.200000 -0.070117 0.000000
vt -0.000000 -0.070117 0.000000
vt 2.944513 -0.945890 0.000000
vt 3.033063 -0.949294 0.000000
vt 2.900577 -0.939992 0.000000
vt 5.534759 -0.723901 0.000000
vt 4.933145 -0.379151 0.000000
vt 5.192500 -0.333420 0.000000
vt 5.853394 -0.285866 0.000000
vt 5.361782 -0.131678 0.000000
vt 5.862907 0.255718 0.000000
vt 5.361782 0.131678 0.000000
vt 5.192500 0.333420 0.000000
vt 5.559853 0.704674 0.000000
vt 4.933145 0.379151 0.000000
vt 4.232537 0.620204 0.000000
vt 3.914699 0.530306 0.000000
vt 2.988734 -0.948995 0.000000
vt 5.022420 -0.899721 0.000000
vt 5.054005 0.898378 0.000000
vt 4.528595 0.766667 0.000000
vt 3.585786 0.500000 0.000000
vt 4.705073 0.247473 0.000000
vt 2.993051 -0.121486 0.000000
vt 4.615000 0.000000 0.000000
vt 3.080625 -0.136928 0.000000
vt 4.705073 -0.247473 0.000000
vt 3.137785 -0.205049 0.000000
vt 3.137785 -0.293974 0.000000
vt -3.585786 0.500000 0.000000
vt -2.950625 -0.136928 0.000000
vt 2.916039 -0.165949 0.000000
vt -2.893465 -0.205049 0.000000
vt 2.885625 -0.249511 0.000000
vt -2.893465 -0.293974 0.000000
vt -0.970775 -0.726720 0.000000
vt -2.950625 -0.362095 0.000000
vt -3.038199 -0.377536 0.000000
vt -3.914699 0.530306 0.000000
vt -4.807500 0.333420 0.000000
vt -4.638218 0.131678 0.000000
vt -3.038199 -0.121486 0.000000
vt -4.638218 -0.131678 0.000000
vt -3.115211 -0.165949 0.000000
vt -3.145625 -0.249511 0.000000
vt -4.807500 -0.333420 0.000000
vt -3.115211 -0.333074 0.000000
vt -5.066855 -0.379151 0.000000
vt -5.534759 -0.723901 0.000000
vt -5.853394 -0.285866 0.000000
vt -5.294927 -0.247473 0.000000
vt -5.385000 0.000000 0.000000
vt -5.066855 0.379151 0.000000
vt -4.232537 0.620204 0.000000
vt -5.559853 0.704674 0.000000
vt -4.528595 0.766667 0.000000
vt -5.054005 0.898378 0.000000
vt -5.862907 0.255718 0.000000
vt -5.294927 0.247473 0.000000
vt -5.022420 -0.899721 0.000000
vt -3.033063 -0.949294 0.000000
vt -2.988734 -0.948995 0.000000
vt -2.944513 -0.945890 0.000000
vt -2.900577 -0.939992 0.000000
vt 0.970775 -0.726720 0.000000
vt 2.916039 -0.333074 0.000000
vt 2.993051 -0.377536 0.000000
vt 3.080625 -0.362095 0.000000
vt -0.100000 0.317650 0.000000
vt 0.100000 0.317650 0.000000
vt -0.100000 0.408407 0.000000
vt 0.100000 0.408407 0.000000
vt -0.100000 -0.408407 0.000000
vt 0.100000 -0.408407 0.000000
vt -0.100000 -0.317650 0.000000
vt 0.100000 -0.317650 0.000000
vt -0.100000 -0.226893 0.000000
vt 0.100000 -0.226893 0.000000
vt -0.100000 -0.136136 0.000000
vt 0.100000 -0.136136 0.000000
vt -0.100000 -0.045379 0.000000
vt 0.100000 -0.045379 0.000000
vt -0.100000 0.045379 0.000000
vt 0.100000 0.045379 0.000000
vt -0.100000 0.136136 0.000000
vt 0.100000 0.136136 0.000000
vt -0.100000 0.226893 0.000000
vt 0.100000 0.226893 0.000000
vt -0.100000 0.317650 0.000000
vt 0.100000 0.317650 0.000000
vt -0.100000 0.408407 0.000000
vt 0.100000 0.408407 0.000000
vt -0.100000 -0.408407 0.000000
vt 0.100000 -0.408407 0.000000
vt -0.100000 -0.317650 0.000000
vt 0.100000 -0.317650 0.000000
vt -0.100000 -0.226893 0.000000
vt 0.100000 -0.226893 0.000000
vt -0.100000 -0.136136 0.000000
vt 0.100000 -0.136136 0.000000
vt -0.100000 -0.045379 0.000000
vt 0.100000 -0.045379 0.000000
vt -0.100000 0.045379 0.000000
vt 0.100000 0.045379 0.000000
vt -0.100000 0.136136 0.000000
vt 0.100000 0.136136 0.000000
vt -0.100000 0.226893 0.000000
vt 0.100000 0.226893 0.000000
vt -0.100000 0.940732 0.000000
vt 0.100000 0.940732 0.000000
vt -0.100000 1.209513 0.000000
vt 0.100000 1.209513 0.000000
vt -0.100000 -1.209513 0.000000
vt 0.100000 -1.209513 0.000000
vt -0.100000 -0.940732 0.000000
vt 0.100000 -0.940732 0.000000
vt -0.100000 -0.671952 0.000000
vt 0.100000 -0.671952 0.000000
vt -0.100000 -0.403171 0.000000
vt 0.100000 -0.403171 0.000000
vt -0.100000 -0.134390 0.000000
vt 0.100000 -0.134390 0.000000
vt -0.100000 0.134390 0.000000
vt 0.100000 0.134390 0.000000
vt -0.100000 0.403171 0.000000
vt 0.100000 0.403171 0.000000
vt -0.100000 0.671952 0.000000
vt 0.100000 0.671952 0.000000
vt -0.100000 0.940732 0.000000
vt 0.100000 0.940732 0.000000
vt -0.100000 1.209513 0.000000
vt 0.100000 1.209513 0.000000
vt -0.100000 -1.209513 0.000000
vt 0.100000 -1.209513 0.000000
vt -0.100000 -0.940732 0.000000
vt 0.100000 -0.940732 0.000000
vt -0.100000 -0.671952 0.000000
vt 0.100000 -0.671952 0.000000
vt -0.100000 -0.403171 0.000000
vt 0.100000 -0.403171 0.000000
vt -0.100000 -0.134390 0.000000
vt 0.100000 -0.134390 0.000000
vt -0.100000 0.134390 0.000000
vt 0.100000 0.134390 0.000000
vt -0.100000 0.403171 0.000000
vt 0.100000 0.403171 0.000000
vt -0.100000 0.671952 0.000000
vt 0.100000 0.671952 0.000000
vn -98.640145 0.000000 -16.435382
vn -98.640145 0.000000 -16.435382
vn -99.848600 0.000000 -5.500652
vn -99.848600 0.000000 -5.500652
vn -99.848600 0.000000 5.500652
vn -99.848600 0.000000 5.500652
vn -98.640145 0.000000 16.435382
vn -98.640145 0.000000 16.435382
vn 0.000000 100.000000 -0.000000
vn 0.000000 100.000000 -0.000000
vn 0.000000 100.000000 -0.000000
vn 0.000000 100.000000 -0.000000
vn 0.000000 100.000000 -0.000000
vn 0.000000 100.000000 -0.000000
vn 0.000000 100.000000 -0.000000
vn 0.000000 100.000000 -0.000000
vn 0.000000 100.000000 -0.000000
vn 0.000000 100.000000 -0.000000
vn 0.000000 100.000000 -0.000000
vn 0.000000 100.000000 -0.000000
vn 0.000000 100.000000 -0.000000
vn 0.000000 100.000000 -0.000000
vn 0.000000 100.000000 -0.000000
vn 0.000000 100.000000 -0.000000
vn 0.000000 100.000000 -0.000000
vn 0.000000 100.000000 -0.000000
vn 0.000000 100.000000 -0.000000
vn 0.000000 100.000000 -0.000000
vn 0.000000 100.000000 -0.000000
vn 0.000000 100.000000 -0.000000
vn 0.000000 100.000000 -0.000000
vn 0.000000 100.000000 -0.000000
vn 0.000000 100.000000 -0.000000
vn 0.000000 100.000000 -0.000000
vn 0.000000 100.000000 -0.000000
vn 0.000000 100.000000 -0.000000
vn 0.000000 100.000000 -0.000000
vn 0.000000 100.000000 -0.000000
vn 0.000000 100.000000 -0.000000
vn 0.000000 100.000000 -0.000000
vn 0.000000 100.000000 -0.000000
vn 0.000000 100.000000 -0.000000
vn 0.000000 100.000000 -0.000000
vn 0.000000 100.000000 -0.000000
vn 0.000000 100.000000 -0.000000
vn 0.000000 100.000000 -0.000000
vn 0.000000 100.000000 -0.000000
vn 0.000000 100.000000 -0.000000
vn 0.000000 100.000000 -0.000000
vn 0.000000 100.000000 -0.000000
vn 0.000000 100.000000 -0.000000
vn 0.000000 100.000000 -0.000000
vn 0.000000 100.000000 -0.000000
vn 0.000000 100.000000 -0.000000
vn 0.000000 100.000000 -0.000000
vn 0.000000 100.000000 -0.000000
vn 0.000000 100.000000 -0.000000
vn 0.000000 100.000000 -0.000000
vn 0.000000 100.000000 -0.000000
vn 0.000000 100.000000 -0.000000
vn 0.000000 100.000000 -0.000000
vn 0.000000 100.000000 -0.000000
vn 0.000000 100.000000 -0.000000
vn 0.000000 100.000000 -0.000000
vn 0.000000 100.000000 -0.000000
vn 0.000000 100.000000 -0.000000
vn 0.000000 100.000000 -0.000000
vn 0.000000 100.000000 -0.000000
vn 0.000000 100.000000 -0.000000
vn 0.000000 100.000000 -0.000000
vn 0.000000 100.000000 -0.000000
vn 0.000000 100.000000 -0.000000
vn 0.000000 100.000000 -0.000000
vn 0.000000 100.000000 -0.000000
vn -99.482652 0.000000 -10.158834
vn -99.482652 0.000000 -10.158834
vn -99.926185 0.000000 -3.841544
vn -99.926185 0.000000 -3.841544
vn -99.968966 0.000000 2.491153
vn -99.968966 0.000000 2.491153
vn -99.968966 0.000000 2.491153
vn -99.968966 0.000000 2.491153
vn -99.968966 0.000000 -2.491153
vn -99.968966 0.000000 -2.491153
vn -99.968966 0.000000 -2.491153
vn -99.968966 0.000000 -2.491153
vn -80.433467 0.000000 -59.417652
vn -80.433467 0.000000 -59.417652
vn -31.762858 0.000000 -94.821521
vn -31.762858 0.000000 -94.821521
vn 28.413090 -0.000000 -95.878550
vn 28.413090 -0.000000 -95.878550
vn 78.297073 -0.000000 -62.205855
vn 78.297073 -0.000000 -62.205855
vn 99.819803 -0.000000 -6.000569
vn 99.819803 -0.000000 -6.000569
vn 85.185185 -0.000000 52.378280
vn 85.185185 -0.000000 52.378280
vn -80.433467 0.000000 59.417652
vn -80.433467 0.000000 59.417652
vn -31.762858 0.000000 94.821521
vn -31.762858 0.000000 94.821521
vn 28.413090 -0.000000 95.878550
vn 28.413090 -0.000000 95.878550
vn 78.297073 -0.000000 62.205855
vn 78.297073 -0.000000 62.205855
vn 99.819803 -0.000000 6.000569
vn 99.819803 -0.000000 6.000569
vn 85.185185 -0.000000 -52.378280
vn 85.185185 -0.000000 -52.378280
vn 100.000000 -0.000000 -0.000000
vn 100.000000 -0.000000 -0.000000
vn 98.316325 -0.000000 -18.272939
vn 98.316325 -0.000000 -18.272939
vn 93.321994 -0.000000 -35.930563
vn 93.321994 -0.000000 -35.930563
vn 100.000000 -0.000000 -0.000000
vn 100.000000 -0.000000 -0.000000
vn 98.316325 -0.000000 18.272939
vn 98.316325 -0.000000 18.272939
vn 93.321994 -0.000000 35.930563
vn 93.321994 -0.000000 35.930563
vn -99.482652 0.000000 10.158834
vn -99.482652 0.000000 10.158834
vn -99.926185 0.000000 3.841544
vn -99.926185 0.000000 3.841544
vn -0.000000 -100.000000 0.000000
vn -0.000000 -100.000000 0.000000
vn -0.000000 -100.000000 0.000000
vn -0.000000 -100.000000 0.000000
vn -0.000000 -100.000000 0.000000
vn -0.000000 -100.000000 0.000000
vn -0.000000 -100.000000 0.000000
vn -0.000000 -100.000000 0.000000
vn -0.000000 -100.000000 0.000000
vn -0.000000 -100.000000 0.000000
vn -0.000000 -100.000000 0.000000
vn -0.000000 -100.000000 0.000000
vn -0.000000 -100.000000 0.000000
vn -0.000000 -100.000000 0.000000
vn -0.000000 -100.000000 0.000000
vn -0.000000 -100.000000 0.000000
vn -0.000000 -100.000000 0.000000
vn -0.000000 -100.000000 0.000000
vn -0.000000 -100.000000 0.000000
vn -0.000000 -100.000000 0.000000
vn -0.000000 -100.000000 0.000000
vn -0.000000 -100.000000 0.000000
vn -0.000000 -100.000000 0.000000
vn -0.000000 -100.000000 0.000000
vn -0.000000 -100.000000 0.000000
vn -0.000000 -100.000000 0.000000
vn -0.000000 -100.000000 0.000000
vn -0.000000 -100.000000 0.000000
vn -0.000000 -100.000000 0.000000
vn -0.000000 -100.000000 0.000000
vn -0.000000 -100.000000 0.000000
vn -0.000000 -100.000000 0.000000
vn -0.000000 -100.000000 0.000000
vn -0.000000 -100.000000 0.000000
vn -0.000000 -100.000000 0.000000
vn -0.000000 -100.000000 0.000000
vn -0.000000 -100.000000 0.000000
vn -0.000000 -100.000000 0.000000
vn -0.000000 -100.000000 0.000000
vn -0.000000 -100.000000 0.000000
vn -0.000000 -100.000000 0.000000
vn -0.000000 -100.000000 0.000000
vn -0.000000 -100.000000 0.000000
vn -0.000000 -100.000000 0.000000
vn -0.000000 -100.000000 0.000000
vn -0.000000 -100.000000 0.000000
vn -0.000000 -100.000000 0.000000
vn -0.000000 -100.000000 0.000000
vn -0.000000 -100.000000 0.000000
vn -0.000000 -100.000000 0.000000
vn -0.000000 -100.000000 0.000000
vn -0.000000 -100.000000 0.000000
vn -0.000000 -100.000000 0.000000
vn -0.000000 -100.000000 0.000000
vn -0.000000 -100.000000 0.000000
vn -0.000000 -100.000000 0.000000
vn -0.000000 -100.000000 0.000000
vn -0.000000 -100.000000 0.000000
vn -0.000000 -100.000000 0.000000
vn -0.000000 -100.000000 0.000000
vn -0.000000 -100.000000 0.000000
vn -0.000000 -100.000000 0.000000
vn -0.000000 -100.000000 0.000000
vn -0.000000 -100.000000 0.000000
vn -0.000000 -100.000000 0.000000
vn -0.000000 -100.000000 0.000000
vn 64.278761 -0.000000 -76.604444
vn 64.278761 -0.000000 -76.604444
vn 0.000000 -0.000000 -100.000000
vn 0.000000 -0.000000 -100.000000
vn -64.278761 0.000000 -76.604444
vn -64.278761 0.000000 -76.604444
vn -98.480775 0.000000 -17.364818
vn -98.480775 0.000000 -17.364818
vn -86.602540 0.000000 50.000000
vn -86.602540 0.000000 50.000000
vn -34.202014 0.000000 93.969262
vn -34.202014 0.000000 93.969262
vn 34.202014 -0.000000 93.969262
vn 34.202014 -0.000000 93.969262
vn 86.602540 -0.000000 50.000000
vn 86.602540 -0.000000 50.000000
vn 98.480775 -0.000000 -17.364818
vn 98.480775 -0.000000 -17.364818
vn 64.278761 -0.000000 -76.604444
vn 64.278761 -0.000000 -76.604444
vn 0.000000 -0.000000 -100.000000
vn 0.000000 -0.000000 -100.000000
vn -64.278761 0.000000 -76.604444
vn -64.278761 0.000000 -76.604444
vn -98.480775 0.000000 -17.364818
vn -98.480775 0.000000 -17.364818
vn -86.602540 0.000000 50.000000
vn -86.602540 0.000000 50.000000
vn -34.202014 0.000000 93.969262
vn -34.202014 0.000000 93.969262
vn 34.202014 -0.000000 93.969262
vn 34.202014 -0.000000 93.969262
vn 86.602540 -0.000000 50.000000
vn 86.602540 -0.000000 50.000000
vn 98.480775 -0.000000 -17.364818
vn 98.480775 -0.000000 -17.364818
vn 64.278761 -0.000000 -76.604444
vn 64.278761 -0.000000 -76.604444
vn 0.000000 -0.000000 -100.000000
vn 0.000000 -0.000000 -100.000000
vn -64.278761 0.000000 -76.604444
vn -64.278761 0.000000 -76.604444
vn -98.480775 0.000000 -17.364818
vn -98.480775 0.000000 -17.364818
vn -86.602540 0.000000 50.000000
vn -86.602540 0.000000 50.000000
vn -34.202014 0.000000 93.969262
vn -34.202014 0.000000 93.969262
vn 34.202014 -0.000000 93.969262
vn 34.202014 -0.000000 93.969262
vn 86.602540 -0.000000 50.000000
vn 86.602540 -0.000000 50.000000
vn 98.480775 -0.000000 -17.364818
vn 98.480775 -0.000000 -17.364818
vn 64.278761 -0.000000 -76.604444
vn 64.278761 -0.000000 -76.604444
vn 0.000000 -0.000000 -100.000000
vn 0.000000 -0.000000 -100.000000
vn -64.278761 0.000000 -76.604444
vn -64.278761 0.000000 -76.604444
vn -98.480775 0.000000 -17.364818
vn -98.480775 0.000000 -17.364818
vn -86.602540 0.000000 50.000000
vn -86.602540 0.000000 50.000000
vn -34.202014 0.000000 93.969262
vn -34.202014 0.000000 93.969262
vn 34.202014 -0.000000 93.969262
vn 34.202014 -0.000000 93.969262
vn 86.602540 -0.000000 50.000000
vn 86.602540 -0.000000 50.000000
vn 98.480775 -0.000000 -17.364818
vn 98.480775 -0.000000 -17.364818
f 140/293/265 133/294/266 139/295/267
f 139/295/267 133/294/266 134/296/268
f 139/295/267 134/296/268 138/297/269
f 138/297/269 134/296/268 135/298/270
f 138/297/269 135/298/270 137/299/271
f 137/299/271 135/298/270 136/300/272
f 141/301/273 143/302/274 133/303/275
f 133/303/275 143/302/274 187/304/276
f 133/303/275 187/304/276 134/305/277
f 134/305/277 187/304/276 188/306/278
f 134/305/277 188/306/278 189/307/279
f 141/301/273 142/308/280 143/302/274
f 144/309/281 145/310/282 143/302/274
f 143/302/274 145/310/282 187/304/276
f 187/304/276 145/310/282 178/311/283
f 178/311/283 145/310/282 146/312/284
f 178/311/283 146/312/284 177/313/285
f 177/313/285 146/312/284 176/314/286
f 176/314/286 146/312/284 147/315/287
f 176/314/286 147/315/287 184/316/288
f 184/316/288 147/315/287 183/317/289
f 183/317/289 147/315/287 148/318/290
f 183/317/289 148/318/290 151/319/291
f 151/319/291 148/318/290 150/320/292
f 150/320/292 148/318/290 149/321/293
f 151/319/291 152/322/294 183/317/289
f 183/317/289 152/322/294 182/323/295
f 182/323/295 152/322/294 153/324/296
f 182/323/295 153/324/296 181/325/297
f 181/325/297 153/324/296 192/326/298
f 181/325/297 192/326/298 180/327/299
f 180/327/299 192/326/298 193/328/300
f 180/327/299 193/328/300 185/329/301
f 154/330/302 201/331/303 153/324/296
f 153/324/296 201/331/303 191/332/304
f 153/324/296 191/332/304 192/326/298
f 155/333/305 174/334/306 154/330/302
f 154/330/302 174/334/306 175/335/307
f 154/330/302 175/335/307 201/331/303
f 201/331/303 175/335/307 167/336/308
f 201/331/303 167/336/308 200/337/309
f 200/337/309 167/336/308 168/338/310
f 200/337/309 168/338/310 199/339/311
f 199/339/311 168/338/310 198/340/312
f 198/340/312 168/338/310 169/341/313
f 198/340/312 169/341/313 197/342/314
f 197/342/314 169/341/313 196/343/315
f 196/343/315 169/341/313 136/344/316
f 196/343/315 136/344/316 135/345/317
f 155/333/305 156/346/318 174/334/306
f 174/334/306 156/346/318 159/347/319
f 174/334/306 159/347/319 173/348/320
f 173/348/320 159/347/319 160/349/321
f 173/348/320 160/349/321 172/350/322
f 172/350/322 160/349/321 171/351/323
f 171/351/323 160/349/321 161/352/324
f 171/351/323 161/352/324 170/353/325
f 170/353/325 161/352/324 162/354/326
f 170/353/325 162/354/326 169/341/313
f 169/341/313 162/354/326 136/344/316
f 156/346/318 157/355/327 159/347/319
f 159/347/319 157/355/327 158/356/328
f 163/357/329 164/358/330 162/354/326
f 162/354/326 164/358/330 136/344/316
f 165/359/331 166/360/332 164/358/330
f 164/358/330 166/360/332 136/344/316
f 134/305/277 194/361/333 135/345/317
f 135/345/317 194/361/333 195/362/334
f 135/345/317 195/362/334 196/343/315
f 178/311/283 179/363/335 187/304/276
f 187/304/276 179/363/335 186/364/336
f 186/364/336 179/363/335 185/329/301
f 185/329/301 179/363/335 180/327/299
f 134/305/277 189/307/279 194/361/333
f 194/361/333 189/307/279 190/365/337
f 194/361/333 190/365/337 202/366/338
f 202/366/338 190/365/337 191/332/304
f 202/366/338 191/332/304 201/331/303
f 133/367/266 140/368/265 141/369/339
f 141/369/339 140/368/265 203/370/340
f 141/369/339 203/370/340 142/371/341
f 142/371/341 203/370/340 204/372/342
f 142/371/341 204/372/342 143/373/343
f 143/373/343 204/372/342 205/374/344
f 205/375/344 206/376/345 143/377/343
f 143/377/343 206/376/345 144/378/346
f 207/379/347 208/380/348 163/381/349
f 163/381/349 208/380/348 164/382/350
f 207/383/347 163/384/349 214/385/351
f 214/385/351 163/384/349 162/386/352
f 214/385/351 162/386/352 213/387/353
f 213/387/353 162/386/352 161/388/354
f 213/387/353 161/388/354 212/389/355
f 212/389/355 161/388/354 160/390/356
f 212/389/355 160/390/356 211/391/357
f 211/391/357 160/390/356 159/392/358
f 211/391/357 159/392/358 210/393/359
f 210/393/359 159/392/358 158/394/360
f 210/393/359 158/394/360 209/395/361
f 209/395/361 158/394/360 157/396/362
f 144/397/346 206/398/345 145/399/363
f 145/399/363 206/398/345 215/400/364
f 145/399/363 215/400/364 146/401/365
f 146/401/365 215/400/364 216/402/366
f 146/401/365 216/402/366 147/403/367
f 147/403/367 216/402/366 217/404/368
f 147/403/367 217/404/368 148/405/369
f 148/405/369 217/404/368 218/406/370
f 148/405/369 218/406/370 149/407/371
f 149/407/371 218/406/370 219/408/372
f 149/407/371 219/408/372 150/409/373
f 150/409/373 219/408/372 220/410/374
f 223/411/375 153/412/376 222/413/377
f 222/413/377 153/412/376 152/414/378
f 222/413/377 152/414/378 221/415/379
f 221/415/379 152/414/378 151/416/380
f 221/415/379 151/416/380 220/417/374
f 220/417/374 151/416/380 150/418/373
f 223/419/375 224/420/381 153/421/376
f 153/421/376 224/420/381 154/422/382
f 154/423/382 224/424/381 155/425/383
f 155/425/383 224/424/381 225/426/384
f 155/425/383 225/426/384 156/427/385
f 156/427/385 225/426/384 226/428/386
f 156/427/385 226/428/386 157/429/362
f 157/429/362 226/428/386 209/430/361
f 137/431/271 136/432/272 228/433/387
f 228/433/387 136/432/272 166/434/388
f 228/433/387 166/434/388 227/435/389
f 227/435/389 166/434/388 165/436/390
f 227/435/389 165/436/390 208/437/348
f 208/437/348 165/436/390 164/438/350
f 228/439/391 208/440/392 137/441/393
f 137/441/393 208/440/392 214/442/394
f 137/441/393 214/442/394 236/443/395
f 236/443/395 214/442/394 235/444/396
f 235/444/396 214/442/394 213/445/397
f 235/444/396 213/445/397 234/446/398
f 234/446/398 213/445/397 212/447/399
f 234/446/398 212/447/399 233/448/400
f 233/448/400 212/447/399 232/449/401
f 232/449/401 212/447/399 211/450/402
f 232/449/401 211/450/402 231/451/403
f 231/451/403 211/450/402 226/452/404
f 231/451/403 226/452/404 225/453/405
f 228/439/391 227/454/406 208/440/392
f 208/440/392 207/455/407 214/442/394
f 210/456/408 209/457/409 211/450/402
f 211/450/402 209/457/409 226/452/404
f 225/453/405 224/458/410 231/451/403
f 231/451/403 224/458/410 230/459/411
f 230/459/411 224/458/410 258/460/412
f 230/459/411 258/460/412 229/461/413
f 229/461/413 258/460/412 259/462/414
f 229/461/413 259/462/414 237/463/415
f 237/463/415 259/462/414 260/464/416
f 237/463/415 260/464/416 261/465/417
f 224/458/410 223/466/418 258/460/412
f 258/460/412 223/466/418 250/467/419
f 258/460/412 250/467/419 257/468/420
f 257/468/420 250/467/419 251/469/421
f 257/468/420 251/469/421 256/470/422
f 256/470/422 251/469/421 252/471/423
f 256/470/422 252/471/423 139/472/424
f 139/472/424 252/471/423 253/473/425
f 139/472/424 253/473/425 254/474/426
f 222/475/427 241/476/428 223/466/418
f 223/466/418 241/476/428 242/477/429
f 223/466/418 242/477/429 249/478/430
f 249/478/430 242/477/429 243/479/431
f 249/478/430 243/479/431 248/480/432
f 248/480/432 243/479/431 247/481/433
f 247/481/433 243/479/431 244/482/434
f 247/481/433 244/482/434 255/483/435
f 255/483/435 244/482/434 254/474/426
f 254/474/426 244/482/434 245/484/436
f 254/474/426 245/484/436 215/485/437
f 215/485/437 245/484/436 216/486/438
f 216/486/438 245/484/436 246/487/439
f 216/486/438 246/487/439 238/488/440
f 241/476/428 222/475/427 240/489/441
f 240/489/441 222/475/427 221/490/442
f 240/489/441 221/490/442 218/491/443
f 218/491/443 221/490/442 220/492/444
f 218/491/443 220/492/444 219/493/445
f 218/491/443 217/494/446 240/489/441
f 240/489/441 217/494/446 239/495/447
f 239/495/447 217/494/446 238/488/440
f 238/488/440 217/494/446 216/486/438
f 206/496/448 205/497/449 215/485/437
f 215/485/437 205/497/449 254/474/426
f 204/498/450 203/499/451 205/497/449
f 205/497/449 203/499/451 140/500/452
f 205/497/449 140/500/452 254/474/426
f 254/474/426 140/500/452 139/472/424
f 139/472/424 138/501/453 256/470/422
f 256/470/422 138/501/453 264/502/454
f 264/502/454 138/501/453 263/503/455
f 263/503/455 138/501/453 137/441/393
f 263/503/455 137/441/393 236/443/395
f 237/463/415 261/465/417 236/443/395
f 236/443/395 261/465/417 262/504/456
f 236/443/395 262/504/456 263/503/455
f 249/478/430 250/467/419 223/466/418
f 264/505/457 195/506/458 256/507/459
f 256/507/459 195/506/458 194/508/460
f 256/509/459 194/510/460 257/511/461
f 257/511/461 194/510/460 202/512/462
f 257/511/461 202/512/462 258/513/463
f 258/513/463 202/512/462 201/514/464
f 258/513/463 201/514/464 259/515/465
f 259/515/465 201/514/464 200/516/466
f 259/515/465 200/516/466 260/517/467
f 260/517/467 200/516/466 199/518/468
f 260/517/467 199/518/468 261/519/469
f 261/519/469 199/518/468 198/520/470
f 261/519/469 198/520/470 262/521/471
f 262/521/471 198/520/470 197/522/472
f 262/521/471 197/522/472 263/523/473
f 263/523/473 197/522/472 196/524/474
f 263/523/473 196/524/474 264/505/457
f 264/505/457 196/524/474 195/506/458
f 255/525/475 186/526/476 247/527/477
f 247/527/477 186/526/476 185/528/478
f 247/529/477 185/530/478 248/531/479
f 248/531/479 185/530/478 193/532/480
f 248/531/479 193/532/480 249/533/481
f 249/533/481 193/532/480 192/534/482
f 249/533/481 192/534/482 250/535/483
f 250/535/483 192/534/482 191/536/484
f 250/535/483 191/536/484 251/537/485
f 251/537/485 191/536/484 190/538/486
f 251/537/485 190/538/486 252/539/487
f 252/539/487 190/538/486 189/540/488
f 252/539/487 189/540/488 253/541/489
f 253/541/489 189/540/488 188/542/490
f 253/541/489 188/542/490 254/543/491
f 254/543/491 188/542/490 187/544/492
f 254/543/491 187/544/492 255/525/475
f 255/525/475 187/544/492 186/526/476
f 246/545/493 177/546/494 238/547/495
f 238/547/495 177/546/494 176/548/496
f 238/549/495 176/550/496 239/551/497
f 239/551/497 176/550/496 184/552/498
f 239/551/497 184/552/498 240/553/499
f 240/553/499 184/552/498 183/554/500
f 240/553/499 183/554/500 241/555/501
f 241/555/501 183/554/500 182/556/502
f 241/555/501 182/556/502 242/557/503
f 242/557/503 182/556/502 181/558/504
f 242/557/503 181/558/504 243/559/505
f 243/559/505 181/558/504 180/560/506
f 243/559/505 180/560/506 244/561/507
f 244/561/507 180/560/506 179/562/508
f 244/561/507 179/562/508 245/563/509
f 245/563/509 179/562/508 178/564/510
f 245/563/509 178/564/510 246/545/493
f 246/545/493 178/564/510 177/546/494
f 237/565/511 168/566/512 229/567/513
f 229/567/513 168/566/512 167/568/514
f 229/569/513 167/570/514 230/571/515
f 230/571/515 167/570/514 175/572/516
f 230/571/515 175/572/516 231/573/517
f 231/573/517 175/572/516 174/574/518
f 231/573/517 174/574/518 232/575/519
f 232/575/519 174/574/518 173/576/520
f 232/575/519 173/576/520 233/577/521
f 233/577/521 173/576/520 172/578/522
f 233/577/521 172/578/522 234/579/523
f 234/579/523 172/578/522 171/580/524
f 234/579/523 171/580/524 235/581/525
f 235/581/525 171/580/524 170/582/526
f 235/581/525 170/582/526 236/583/527
f 236/583/527 170/582/526 169/584/528
f 236/583/527 169/584/528 237/565/511
f 237/565/511 169/584/528 168/566/512

g ソリッド1:2

v -0.001316 -0.006250 -0.079229
v -0.000996 -0.006250 -0.080203
v -0.001377 -0.006250 -0.081156
v -0.002281 -0.006250 -0.081641
v -0.003286 -0.006250 -0.081431
v -0.003920 -0.006250 -0.080625
v -0.003888 -0.006250 -0.079599
v -0.003204 -0.006250 -0.078834
v -0.002188 -0.006250 -0.078688
v -0.001316 -0.012250 -0.079229
v -0.002188 -0.012250 -0.078688
v -0.003204 -0.012250 -0.078834
v -0.003888 -0.012250 -0.079599
v -0.003920 -0.012250 -0.080625
v -0.003286 -0.012250 -0.081431
v -0.002281 -0.012250 -0.081641
v -0.001377 -0.012250 -0.081156
v -0.000996 -0.012250 -0.080203
v -0.001513 -0.006250 -0.079383
v -0.001246 -0.006250 -0.080196
v -0.001563 -0.006250 -0.080989
v -0.002317 -0.006250 -0.081393
v -0.003154 -0.006250 -0.081219
v -0.003683 -0.006250 -0.080547
v -0.003656 -0.006250 -0.079692
v -0.003086 -0.006250 -0.079055
v -0.002239 -0.006250 -0.078933
v -0.001316 0.006250 -0.079229
v -0.002188 0.006250 -0.078688
v -0.003204 0.006250 -0.078834
v -0.003888 0.006250 -0.079599
v -0.003920 0.006250 -0.080625
v -0.003286 0.006250 -0.081431
v -0.002281 0.006250 -0.081641
v -0.001377 0.006250 -0.081156
v -0.000996 0.006250 -0.080203
v -0.001316 0.012250 -0.079229
v -0.000996 0.012250 -0.080203
v -0.001377 0.012250 -0.081156
v -0.002281 0.012250 -0.081641
v -0.003286 0.012250 -0.081431
v -0.003920 0.012250 -0.080625
v -0.003888 0.012250 -0.079599
v -0.003204 0.012250 -0.078834
v -0.002188 0.012250 -0.078688
v -0.001513 0.006250 -0.079383
v -0.002239 0.006250 -0.078933
v -0.003086 0.006250 -0.079055
v -0.003656 0.006250 -0.079692
v -0.003683 0.006250 -0.080547
v -0.003154 0.006250 -0.081219
v -0.002317 0.006250 -0.081393
v -0.001563 0.006250 -0.080989
v -0.001246 0.006250 -0.080196
v -0.000530 -0.012250 -0.078610
v -0.001984 -0.012250 -0.077709
v -0.003676 -0.012250 -0.077953
v -0.004816 -0.012250 -0.079228
v -0.004870 -0.012250 -0.080937
v -0.003813 -0.012250 -0.082281
v -0.002139 -0.012250 -0.082631
v -0.000632 -0.012250 -0.081823
v 0.000004 -0.012250 -0.080235
v -0.000530 0.012250 -0.078610
v -0.001984 0.012250 -0.077709
v -0.003676 0.012250 -0.077953
v -0.004816 0.012250 -0.079228
v -0.004870 0.012250 -0.080937
v -0.003813 0.012250 -0.082281
v -0.002139 0.012250 -0.082631
v -0.000632 0.012250 -0.081823
v 0.000004 0.012250 -0.080235
vt -0.600000 -0.104720 0.000000
vt 0.000000 0.000000 0.000000
vt -0.600000 0.000000 0.000000
vt 0.000000 0.104720 0.000000
vt -0.600000 0.104720 0.000000
vt 0.000000 0.209440 0.000000
vt -0.600000 0.209440 0.000000
vt 0.000000 0.314159 0.000000
vt -0.600000 0.314159 0.000000
vt 0.000000 0.418879 0.000000
vt -0.600000 0.418879 0.000000
vt -0.600000 -0.523599 0.000000
vt 0.000000 -0.523599 0.000000
vt 0.000000 -0.418879 0.000000
vt -0.600000 -0.418879 0.000000
vt 0.000000 -0.314159 0.000000
vt -0.600000 -0.314159 0.000000
vt 0.000000 -0.209440 0.000000
vt -0.600000 -0.209440 0.000000
vt 0.000000 -0.104720 0.000000
vt -0.095756 0.080348 0.000000
vt -0.114907 0.096418 0.000000
vt -0.125000 -0.000000 0.000000
vt -0.150000 0.000000 0.000000
vt -0.114907 -0.096418 0.000000
vt -0.026047 0.147721 0.000000
vt -0.021706 0.123101 0.000000
vt 0.062500 0.108253 0.000000
vt 0.075000 0.129904 0.000000
vt 0.117462 0.042753 0.000000
vt 0.140954 0.051303 0.000000
vt 0.140954 -0.051303 0.000000
vt 0.117462 -0.042753 0.000000
vt 0.075000 -0.129904 0.000000
vt 0.062500 -0.108253 0.000000
vt -0.026047 -0.147721 0.000000
vt -0.021706 -0.123101 0.000000
vt -0.095756 -0.080348 0.000000
vt 0.600000 0.104720 0.000000
vt 0.000000 0.000000 0.000000
vt 0.600000 0.000000 0.000000
vt 0.000000 -0.104720 0.000000
vt 0.600000 -0.104720 0.000000
vt 0.000000 -0.209440 0.000000
vt 0.600000 -0.209440 0.000000
vt 0.000000 -0.314159 0.000000
vt 0.600000 -0.314159 0.000000
vt 0.000000 -0.418879 0.000000
vt 0.600000 -0.418879 0.000000
vt 0.600000 0.523599 0.000000
vt 0.000000 0.523599 0.000000
vt -0.000000 0.418879 0.000000
vt 0.600000 0.418879 0.000000
vt -0.000000 0.314159 0.000000
vt 0.600000 0.314159 0.000000
vt 0.000000 0.209440 0.000000
vt 0.600000 0.209440 0.000000
vt 0.000000 0.104720 0.000000
vt 0.095756 -0.080348 0.000000
vt 0.114907 -0.096418 0.000000
vt 0.125000 0.000000 0.000000
vt 0.150000 0.000000 0.000000
vt 0.114907 0.096418 0.000000
vt 0.026047 -0.147721 0.000000
vt 0.021706 -0.123101 0.000000
vt -0.062500 -0.108253 0.000000
vt -0.075000 -0.129904 0.000000
vt -0.117462 -0.042753 0.000000
vt -0.140954 -0.051303 0.000000
vt -0.117462 0.042753 0.000000
vt -0.140954 0.051303 0.000000
vt -0.075000 0.129904 0.000000
vt -0.062500 0.108253 0.000000
vt 0.026047 0.147721 0.000000
vt 0.021706 0.123101 0.000000
vt 0.095756 0.080348 0.000000
vt -0.114907 0.096418 0.000000
vt -0.191511 0.160697 0.000000
vt -0.150000 0.000000 0.000000
vt -0.250000 0.000000 0.000000
vt -0.191511 -0.160697 0.000000
vt -0.043412 0.246202 0.000000
vt -0.026047 0.147721 0.000000
vt 0.075000 0.129904 0.000000
vt 0.125000 0.216506 0.000000
vt 0.140954 0.051303 0.000000
vt 0.234923 0.085505 0.000000
vt 0.234923 -0.085505 0.000000
vt 0.140954 -0.051303 0.000000
vt 0.125000 -0.216506 0.000000
vt 0.075000 -0.129904 0.000000
vt -0.043412 -0.246202 0.000000
vt -0.026047 -0.147721 0.000000
vt -0.114907 -0.096418 0.000000
vt -0.625000 0.305433 0.000000
vt 0.625000 0.305433 0.000000
vt -0.625000 0.392699 0.000000
vt 0.625000 0.392699 0.000000
vt -0.625000 -0.392699 0.000000
vt 0.625000 -0.392699 0.000000
vt -0.625000 -0.305433 0.000000
vt 0.625000 -0.305433 0.000000
vt -0.625000 -0.218166 0.000000
vt 0.625000 -0.218166 0.000000
vt -0.625000 -0.130900 0.000000
vt 0.625000 -0.130900 0.000000
vt -0.625000 -0.043633 0.000000
vt 0.625000 -0.043633 0.000000
vt -0.625000 0.043633 0.000000
vt 0.625000 0.043633 0.000000
vt -0.625000 0.130900 0.000000
vt 0.625000 0.130900 0.000000
vt -0.625000 0.218166 0.000000
vt 0.625000 0.218166 0.000000
vt 1.225000 0.174533 0.000000
vt -1.225000 0.000000 0.000000
vt 1.225000 0.000000 0.000000
vt -1.225000 -0.174533 0.000000
vt 1.225000 -0.174533 0.000000
vt -1.225000 -0.349066 0.000000
vt 1.225000 -0.349066 0.000000
vt -1.225000 -0.523599 0.000000
vt 1.225000 -0.523599 0.000000
vt -1.225000 -0.698132 0.000000
vt 1.225000 -0.698132 0.000000
vt 1.225000 0.872665 0.000000
vt -1.225000 0.872665 0.000000
vt -1.225000 0.698132 0.000000
vt 1.225000 0.698132 0.000000
vt -1.225000 0.523599 0.000000
vt 1.225000 0.523599 0.000000
vt -1.225000 0.349066 0.000000
vt 1.225000 0.349066 0.000000
vt -1.225000 0.174533 0.000000
vt 0.114907 -0.096418 0.000000
vt 0.191511 -0.160697 0.000000
vt 0.150000 0.000000 0.000000
vt 0.250000 0.000000 0.000000
vt 0.191511 0.160697 0.000000
vt 0.043412 -0.246202 0.000000
vt 0.026047 -0.147721 0.000000
vt -0.075000 -0.129904 0.000000
vt -0.125000 -0.216506 0.000000
vt -0.140954 -0.051303 0.000000
vt -0.234923 -0.085505 0.000000
vt -0.140954 0.051303 0.000000
vt -0.234923 0.085505 0.000000
vt -0.125000 0.216506 0.000000
vt -0.075000 0.129904 0.000000
vt 0.043412 0.246202 0.000000
vt 0.026047 0.147721 0.000000
vt 0.114907 0.096418 0.000000
vn -99.950401 0.000000 3.149174
vn -78.590700 0.000000 -61.834472
vn -78.590700 0.000000 -61.834472
vn -20.457536 0.000000 -97.885082
vn -20.457536 0.000000 -97.885082
vn 47.247936 -0.000000 -88.134174
vn 47.247936 -0.000000 -88.134174
vn 92.845573 -0.000000 -37.144306
vn 92.845573 -0.000000 -37.144306
vn 94.999735 -0.000000 31.225795
vn 94.999735 -0.000000 31.225795
vn 52.702465 -0.000000 84.984999
vn 52.702465 -0.000000 84.984999
vn -14.254874 0.000000 98.978778
vn -14.254874 0.000000 98.978778
vn -74.542199 0.000000 66.659287
vn -74.542199 0.000000 66.659287
vn -99.950401 0.000000 3.149174
vn -0.000000 -100.000000 0.000000
vn -0.000000 -100.000000 0.000000
vn -0.000000 -100.000000 0.000000
vn -0.000000 -100.000000 0.000000
vn -0.000000 -100.000000 0.000000
vn -0.000000 -100.000000 0.000000
vn -0.000000 -100.000000 0.000000
vn -0.000000 -100.000000 0.000000
vn -0.000000 -100.000000 0.000000
vn -0.000000 -100.000000 0.000000
vn -0.000000 -100.000000 0.000000
vn -0.000000 -100.000000 0.000000
vn -0.000000 -100.000000 0.000000
vn -0.000000 -100.000000 0.000000
vn -0.000000 -100.000000 0.000000
vn -0.000000 -100.000000 0.000000
vn -0.000000 -100.000000 0.000000
vn -0.000000 -100.000000 0.000000
vn -20.457536 0.000000 -97.885082
vn -78.590700 0.000000 -61.834472
vn -78.590700 0.000000 -61.834472
vn -99.950401 0.000000 3.149174
vn -99.950401 0.000000 3.149174
vn -74.542199 0.000000 66.659287
vn -74.542199 0.000000 66.659287
vn -14.254874 0.000000 98.978778
vn -14.254874 0.000000 98.978778
vn 52.702465 -0.000000 84.984999
vn 52.702465 -0.000000 84.984999
vn 94.999735 -0.000000 31.225795
vn 94.999735 -0.000000 31.225795
vn 92.845573 -0.000000 -37.144306
vn 92.845573 -0.000000 -37.144306
vn 47.247936 -0.000000 -88.134174
vn 47.247936 -0.000000 -88.134174
vn -20.457536 0.000000 -97.885082
vn 0.000000 100.000000 -0.000000
vn 0.000000 100.000000 -0.000000
vn 0.000000 100.000000 -0.000000
vn 0.000000 100.000000 -0.000000
vn 0.000000 100.000000 -0.000000
vn 0.000000 100.000000 -0.000000
vn 0.000000 100.000000 -0.000000
vn 0.000000 100.000000 -0.000000
vn 0.000000 100.000000 -0.000000
vn 0.000000 100.000000 -0.000000
vn 0.000000 100.000000 -0.000000
vn 0.000000 100.000000 -0.000000
vn 0.000000 100.000000 -0.000000
vn 0.000000 100.000000 -0.000000
vn 0.000000 100.000000 -0.000000
vn 0.000000 100.000000 -0.000000
vn 0.000000 100.000000 -0.000000
vn 0.000000 100.000000 -0.000000
vn -0.000000 -100.000000 0.000000
vn -0.000000 -100.000000 0.000000
vn -0.000000 -100.000000 0.000000
vn -0.000000 -100.000000 0.000000
vn -0.000000 -100.000000 0.000000
vn -0.000000 -100.000000 0.000000
vn -0.000000 -100.000000 0.000000
vn -0.000000 -100.000000 0.000000
vn -0.000000 -100.000000 0.000000
vn -0.000000 -100.000000 0.000000
vn -0.000000 -100.000000 0.000000
vn -0.000000 -100.000000 0.000000
vn -0.000000 -100.000000 0.000000
vn -0.000000 -100.000000 0.000000
vn -0.000000 -100.000000 0.000000
vn -0.000000 -100.000000 0.000000
vn -0.000000 -100.000000 0.000000
vn -0.000000 -100.000000 0.000000
vn -20.457536 0.000000 -97.885082
vn -20.457536 0.000000 -97.885082
vn -78.590700 0.000000 -61.834472
vn -78.590700 0.000000 -61.834472
vn -99.950401 0.000000 3.149174
vn -99.950401 0.000000 3.149174
vn -74.542199 0.000000 66.659287
vn -74.542199 0.000000 66.659287
vn -14.254874 0.000000 98.978778
vn -14.254874 0.000000 98.978778
vn 52.702465 -0.000000 84.984999
vn 52.702465 -0.000000 84.984999
vn 94.999735 -0.000000 31.225795
vn 94.999735 -0.000000 31.225795
vn 92.845573 -0.000000 -37.144306
vn 92.845573 -0.000000 -37.144306
vn 47.247936 -0.000000 -88.134174
vn 47.247936 -0.000000 -88.134174
vn 99.950401 -0.000000 -3.149174
vn 78.590700 -0.000000 61.834472
vn 78.590700 -0.000000 61.834472
vn 20.457536 -0.000000 97.885082
vn 20.457536 -0.000000 97.885082
vn -47.247936 0.000000 88.134174
vn -47.247936 0.000000 88.134174
vn -92.845573 0.000000 37.144306
vn -92.845573 0.000000 37.144306
vn -94.999735 0.000000 -31.225795
vn -94.999735 0.000000 -31.225795
vn -52.702465 0.000000 -84.984999
vn -52.702465 0.000000 -84.984999
vn 14.254874 -0.000000 -98.978778
vn 14.254874 -0.000000 -98.978778
vn 74.542199 -0.000000 -66.659287
vn 74.542199 -0.000000 -66.659287
vn 99.950401 -0.000000 -3.149174
vn 0.000000 100.000000 -0.000000
vn 0.000000 100.000000 -0.000000
vn 0.000000 100.000000 -0.000000
vn 0.000000 100.000000 -0.000000
vn 0.000000 100.000000 -0.000000
vn 0.000000 100.000000 -0.000000
vn 0.000000 100.000000 -0.000000
vn 0.000000 100.000000 -0.000000
vn 0.000000 100.000000 -0.000000
vn 0.000000 100.000000 -0.000000
vn 0.000000 100.000000 -0.000000
vn 0.000000 100.000000 -0.000000
vn 0.000000 100.000000 -0.000000
vn 0.000000 100.000000 -0.000000
vn 0.000000 100.000000 -0.000000
vn 0.000000 100.000000 -0.000000
vn 0.000000 100.000000 -0.000000
vn 0.000000 100.000000 -0.000000
f 266/585/529 274/586/530 265/587/531
f 265/587/531 274/586/530 275/588/532
f 265/587/531 275/588/532 273/589/533
f 273/589/533 275/588/532 276/590/534
f 273/589/533 276/590/534 272/591/535
f 272/591/535 276/590/534 277/592/536
f 272/591/535 277/592/536 271/593/537
f 271/593/537 277/592/536 278/594/538
f 271/593/537 278/594/538 270/595/539
f 270/596/539 278/597/538 279/598/540
f 270/596/539 279/598/540 269/599/541
f 269/599/541 279/598/540 280/600/542
f 269/599/541 280/600/542 268/601/543
f 268/601/543 280/600/542 281/602/544
f 268/601/543 281/602/544 267/603/545
f 267/603/545 281/602/544 282/604/546
f 267/603/545 282/604/546 266/585/529
f 266/585/529 282/604/546 274/586/530
f 284/605/547 266/606/548 283/607/549
f 283/607/549 266/606/548 265/608/550
f 283/607/549 265/608/550 273/609/551
f 266/606/548 284/605/547 267/610/552
f 267/610/552 284/605/547 285/611/553
f 267/610/552 285/611/553 286/612/554
f 267/610/552 286/612/554 268/613/555
f 268/613/555 286/612/554 287/614/556
f 268/613/555 287/614/556 269/615/557
f 269/615/557 287/614/556 270/616/558
f 270/616/558 287/614/556 288/617/559
f 270/616/558 288/617/559 271/618/560
f 271/618/560 288/617/559 289/619/561
f 271/618/560 289/619/561 272/620/562
f 272/620/562 289/619/561 290/621/563
f 272/620/562 290/621/563 291/622/564
f 272/620/562 291/622/564 273/609/551
f 273/609/551 291/622/564 283/607/549
f 293/623/565 301/624/566 292/625/567
f 292/625/567 301/624/566 302/626/568
f 292/625/567 302/626/568 300/627/569
f 300/627/569 302/626/568 303/628/570
f 300/627/569 303/628/570 299/629/571
f 299/629/571 303/628/570 304/630/572
f 299/629/571 304/630/572 298/631/573
f 298/631/573 304/630/572 305/632/574
f 298/631/573 305/632/574 297/633/575
f 297/634/575 305/635/574 306/636/576
f 297/634/575 306/636/576 296/637/577
f 296/637/577 306/636/576 307/638/578
f 296/637/577 307/638/578 295/639/579
f 295/639/579 307/638/578 308/640/580
f 295/639/579 308/640/580 294/641/581
f 294/641/581 308/640/580 309/642/582
f 294/641/581 309/642/582 293/623/565
f 293/623/565 309/642/582 301/624/566
f 311/643/583 293/644/584 310/645/585
f 310/645/585 293/644/584 292/646/586
f 310/645/585 292/646/586 300/647/587
f 293/644/584 311/643/583 294/648/588
f 294/648/588 311/643/583 312/649/589
f 294/648/588 312/649/589 313/650/590
f 294/648/588 313/650/590 295/651/591
f 295/651/591 313/650/590 314/652/592
f 295/651/591 314/652/592 296/653/593
f 296/653/593 314/652/592 315/654/594
f 296/653/593 315/654/594 297/655/595
f 297/655/595 315/654/594 298/656/596
f 298/656/596 315/654/594 316/657/597
f 298/656/596 316/657/597 299/658/598
f 299/658/598 316/657/597 317/659/599
f 299/658/598 317/659/599 318/660/600
f 299/658/598 318/660/600 300/647/587
f 300/647/587 318/660/600 310/645/585
f 282/661/601 327/662/602 274/663/603
f 274/663/603 327/662/602 319/664/604
f 274/663/603 319/664/604 320/665/605
f 327/662/602 282/661/601 326/666/606
f 326/666/606 282/661/601 281/667/607
f 326/666/606 281/667/607 280/668/608
f 326/666/606 280/668/608 325/669/609
f 325/669/609 280/668/608 279/670/610
f 325/669/609 279/670/610 324/671/611
f 324/671/611 279/670/610 323/672/612
f 323/672/612 279/670/610 278/673/613
f 323/672/612 278/673/613 322/674/614
f 322/674/614 278/673/613 277/675/615
f 322/674/614 277/675/615 321/676/616
f 321/676/616 277/675/615 276/677/617
f 321/676/616 276/677/617 275/678/618
f 321/676/616 275/678/618 320/665/605
f 320/665/605 275/678/618 274/663/603
f 291/679/619 311/680/620 283/681/621
f 283/681/621 311/680/620 310/682/622
f 283/683/621 310/684/622 284/685/623
f 284/685/623 310/684/622 318/686/624
f 284/685/623 318/686/624 285/687/625
f 285/687/625 318/686/624 317/688/626
f 285/687/625 317/688/626 286/689/627
f 286/689/627 317/688/626 316/690/628
f 286/689/627 316/690/628 287/691/629
f 287/691/629 316/690/628 315/692/630
f 287/691/629 315/692/630 288/693/631
f 288/693/631 315/692/630 314/694/632
f 288/693/631 314/694/632 289/695/633
f 289/695/633 314/694/632 313/696/634
f 289/695/633 313/696/634 290/697/635
f 290/697/635 313/696/634 312/698/636
f 290/697/635 312/698/636 291/679/619
f 291/679/619 312/698/636 311/680/620
f 327/699/637 328/700/638 319/701/639
f 319/701/639 328/700/638 329/702/640
f 319/701/639 329/702/640 320/703/641
f 320/703/641 329/702/640 330/704/642
f 320/703/641 330/704/642 321/705/643
f 321/705/643 330/704/642 331/706/644
f 321/705/643 331/706/644 322/707/645
f 322/707/645 331/706/644 332/708/646
f 322/707/645 332/708/646 323/709/647
f 323/710/647 332/711/646 333/712/648
f 323/710/647 333/712/648 324/713/649
f 324/713/649 333/712/648 334/714/650
f 324/713/649 334/714/650 325/715/651
f 325/715/651 334/714/650 335/716/652
f 325/715/651 335/716/652 326/717/653
f 326/717/653 335/716/652 336/718/654
f 326/717/653 336/718/654 327/699/637
f 327/699/637 336/718/654 328/700/638
f 309/719/655 329/720/656 301/721/657
f 301/721/657 329/720/656 328/722/658
f 301/721/657 328/722/658 336/723/659
f 329/720/656 309/719/655 330/724/660
f 330/724/660 309/719/655 308/725/661
f 330/724/660 308/725/661 307/726/662
f 330/724/660 307/726/662 331/727/663
f 331/727/663 307/726/662 306/728/664
f 331/727/663 306/728/664 332/729/665
f 332/729/665 306/728/664 305/730/666
f 332/729/665 305/730/666 333/731/667
f 333/731/667 305/730/666 334/732/668
f 334/732/668 305/730/666 304/733/669
f 334/732/668 304/733/669 335/734/670
f 335/734/670 304/733/669 303/735/671
f 335/734/670 303/735/671 302/736/672
f 335/734/670 302/736/672 336/723/659
f 336/723/659 302/736/672 301/721/657

g ソリッド1:3

v -0.000995 -0.006250 -0.019846
v -0.001348 -0.006250 -0.020810
v -0.002237 -0.006250 -0.021321
v -0.003247 -0.006250 -0.021142
v -0.003906 -0.006250 -0.020354
v -0.003904 -0.006250 -0.019328
v -0.003243 -0.006250 -0.018543
v -0.002232 -0.006250 -0.018367
v -0.001344 -0.006250 -0.018881
v -0.000995 -0.012250 -0.019846
v -0.001344 -0.012250 -0.018881
v -0.002232 -0.012250 -0.018367
v -0.003243 -0.012250 -0.018543
v -0.003904 -0.012250 -0.019328
v -0.003906 -0.012250 -0.020354
v -0.003247 -0.012250 -0.021142
v -0.002237 -0.012250 -0.021321
v -0.001348 -0.012250 -0.020810
v -0.001245 -0.006250 -0.019846
v -0.001539 -0.006250 -0.020649
v -0.002280 -0.006250 -0.021075
v -0.003122 -0.006250 -0.020925
v -0.003670 -0.006250 -0.020269
v -0.003669 -0.006250 -0.019414
v -0.003118 -0.006250 -0.018760
v -0.002276 -0.006250 -0.018613
v -0.001536 -0.006250 -0.019042
v -0.000995 0.006250 -0.019846
v -0.001344 0.006250 -0.018881
v -0.002232 0.006250 -0.018367
v -0.003243 0.006250 -0.018543
v -0.003904 0.006250 -0.019328
v -0.003906 0.006250 -0.020354
v -0.003247 0.006250 -0.021142
v -0.002237 0.006250 -0.021321
v -0.001348 0.006250 -0.020810
v -0.000995 0.012250 -0.019846
v -0.001348 0.012250 -0.020810
v -0.002237 0.012250 -0.021321
v -0.003247 0.012250 -0.021142
v -0.003906 0.012250 -0.020354
v -0.003904 0.012250 -0.019328
v -0.003243 0.012250 -0.018543
v -0.002232 0.012250 -0.018367
v -0.001344 0.012250 -0.018881
v -0.001245 0.006250 -0.019846
v -0.001536 0.006250 -0.019042
v -0.002276 0.006250 -0.018613
v -0.003118 0.006250 -0.018760
v -0.003669 0.006250 -0.019414
v -0.003670 0.006250 -0.020269
v -0.003122 0.006250 -0.020925
v -0.002280 0.006250 -0.021075
v -0.001539 0.006250 -0.020649
v 0.000005 -0.012250 -0.019848
v -0.000577 -0.012250 -0.018240
v -0.002057 -0.012250 -0.017382
v -0.003742 -0.012250 -0.017677
v -0.004843 -0.012250 -0.018985
v -0.004846 -0.012250 -0.020695
v -0.003749 -0.012250 -0.022007
v -0.002065 -0.012250 -0.022306
v -0.000583 -0.012250 -0.021454
v 0.000005 0.012250 -0.019848
v -0.000577 0.012250 -0.018240
v -0.002057 0.012250 -0.017382
v -0.003742 0.012250 -0.017677
v -0.004843 0.012250 -0.018985
v -0.004846 0.012250 -0.020695
v -0.003749 0.012250 -0.022007
v -0.002065 0.012250 -0.022306
v -0.000583 0.012250 -0.021454
vt -0.600000 -0.104720 0.000000
vt 0.000000 0.000000 0.000000
vt -0.600000 0.000000 0.000000
vt 0.000000 0.104720 0.000000
vt -0.600000 0.104720 0.000000
vt 0.000000 0.209440 0.000000
vt -0.600000 0.209440 0.000000
vt 0.000000 0.314159 0.000000
vt -0.600000 0.314159 0.000000
vt 0.000000 0.418879 0.000000
vt -0.600000 0.418879 0.000000
vt -0.600000 -0.523599 0.000000
vt 0.000000 -0.523599 0.000000
vt 0.000000 -0.418879 0.000000
vt -0.600000 -0.418879 0.000000
vt 0.000000 -0.314159 0.000000
vt -0.600000 -0.314159 0.000000
vt 0.000000 -0.209440 0.000000
vt -0.600000 -0.209440 0.000000
vt 0.000000 -0.104720 0.000000
vt -0.095756 0.080348 0.000000
vt -0.114907 0.096418 0.000000
vt -0.125000 -0.000000 0.000000
vt -0.150000 0.000000 0.000000
vt -0.114907 -0.096418 0.000000
vt -0.026047 0.147721 0.000000
vt -0.021706 0.123101 0.000000
vt 0.062500 0.108253 0.000000
vt 0.075000 0.129904 0.000000
vt 0.117462 0.042753 0.000000
vt 0.140954 0.051303 0.000000
vt 0.140954 -0.051303 0.000000
vt 0.117462 -0.042753 0.000000
vt 0.075000 -0.129904 0.000000
vt 0.062500 -0.108253 0.000000
vt -0.026047 -0.147721 0.000000
vt -0.021706 -0.123101 0.000000
vt -0.095756 -0.080348 0.000000
vt 0.600000 0.104720 0.000000
vt 0.000000 0.000000 0.000000
vt 0.600000 0.000000 0.000000
vt 0.000000 -0.104720 0.000000
vt 0.600000 -0.104720 0.000000
vt 0.000000 -0.209440 0.000000
vt 0.600000 -0.209440 0.000000
vt 0.000000 -0.314159 0.000000
vt 0.600000 -0.314159 0.000000
vt 0.000000 -0.418879 0.000000
vt 0.600000 -0.418879 0.000000
vt 0.600000 0.523599 0.000000
vt 0.000000 0.523599 0.000000
vt -0.000000 0.418879 0.000000
vt 0.600000 0.418879 0.000000
vt -0.000000 0.314159 0.000000
vt 0.600000 0.314159 0.000000
vt 0.000000 0.209440 0.000000
vt 0.600000 0.209440 0.000000
vt 0.000000 0.104720 0.000000
vt 0.095756 -0.080348 0.000000
vt 0.114907 -0.096418 0.000000
vt 0.125000 0.000000 0.000000
vt 0.150000 0.000000 0.000000
vt 0.114907 0.096418 0.000000
vt 0.026047 -0.147721 0.000000
vt 0.021706 -0.123101 0.000000
vt -0.062500 -0.108253 0.000000
vt -0.075000 -0.129904 0.000000
vt -0.117462 -0.042753 0.000000
vt -0.140954 -0.051303 0.000000
vt -0.117462 0.042753 0.000000
vt -0.140954 0.051303 0.000000
vt -0.075000 0.129904 0.000000
vt -0.062500 0.108253 0.000000
vt 0.026047 0.147721 0.000000
vt 0.021706 0.123101 0.000000
vt 0.095756 0.080348 0.000000
vt -0.114907 0.096418 0.000000
vt -0.191511 0.160697 0.000000
vt -0.150000 0.000000 0.000000
vt -0.250000 0.000000 0.000000
vt -0.191511 -0.160697 0.000000
vt -0.043412 0.246202 0.000000
vt -0.026047 0.147721 0.000000
vt 0.075000 0.129904 0.000000
vt 0.125000 0.216506 0.000000
vt 0.140954 0.051303 0.000000
vt 0.234923 0.085505 0.000000
vt 0.234923 -0.085505 0.000000
vt 0.140954 -0.051303 0.000000
vt 0.125000 -0.216506 0.000000
vt 0.075000 -0.129904 0.000000
vt -0.043412 -0.246202 0.000000
vt -0.026047 -0.147721 0.000000
vt -0.114907 -0.096418 0.000000
vt -0.625000 0.305433 0.000000
vt 0.625000 0.305433 0.000000
vt -0.625000 0.392699 0.000000
vt 0.625000 0.392699 0.000000
vt -0.625000 -0.392699 0.000000
vt 0.625000 -0.392699 0.000000
vt -0.625000 -0.305433 0.000000
vt 0.625000 -0.305433 0.000000
vt -0.625000 -0.218166 0.000000
vt 0.625000 -0.218166 0.000000
vt -0.625000 -0.130900 0.000000
vt 0.625000 -0.130900 0.000000
vt -0.625000 -0.043633 0.000000
vt 0.625000 -0.043633 0.000000
vt -0.625000 0.043633 0.000000
vt 0.625000 0.043633 0.000000
vt -0.625000 0.130900 0.000000
vt 0.625000 0.130900 0.000000
vt -0.625000 0.218166 0.000000
vt 0.625000 0.218166 0.000000
vt 1.225000 0.174533 0.000000
vt -1.225000 0.000000 0.000000
vt 1.225000 0.000000 0.000000
vt -1.225000 -0.174533 0.000000
vt 1.225000 -0.174533 0.000000
vt -1.225000 -0.349066 0.000000
vt 1.225000 -0.349066 0.000000
vt -1.225000 -0.523599 0.000000
vt 1.225000 -0.523599 0.000000
vt -1.225000 -0.698132 0.000000
vt 1.225000 -0.698132 0.000000
vt 1.225000 0.872665 0.000000
vt -1.225000 0.872665 0.000000
vt -1.225000 0.698132 0.000000
vt 1.225000 0.698132 0.000000
vt -1.225000 0.523599 0.000000
vt 1.225000 0.523599 0.000000
vt -1.225000 0.349066 0.000000
vt 1.225000 0.349066 0.000000
vt -1.225000 0.174533 0.000000
vt 0.114907 -0.096418 0.000000
vt 0.191511 -0.160697 0.000000
vt 0.150000 0.000000 0.000000
vt 0.250000 0.000000 0.000000
vt 0.191511 0.160697 0.000000
vt 0.043412 -0.246202 0.000000
vt 0.026047 -0.147721 0.000000
vt -0.075000 -0.129904 0.000000
vt -0.125000 -0.216506 0.000000
vt -0.140954 -0.051303 0.000000
vt -0.234923 -0.085505 0.000000
vt -0.140954 0.051303 0.000000
vt -0.234923 0.085505 0.000000
vt -0.125000 0.216506 0.000000
vt -0.075000 0.129904 0.000000
vt 0.043412 0.246202 0.000000
vt 0.026047 0.147721 0.000000
vt 0.114907 0.096418 0.000000
vn -76.497149 0.000000 64.406414
vn -99.999861 0.000000 0.166756
vn -99.999861 0.000000 0.166756
vn -76.711527 0.000000 -64.150929
vn -76.711527 0.000000 -64.150929
vn -17.529017 0.000000 -98.451681
vn -17.529017 0.000000 -98.451681
vn 49.855515 -0.000000 -86.685798
vn 49.855515 -0.000000 -86.685798
vn 93.912097 -0.000000 -34.358667
vn 93.912097 -0.000000 -34.358667
vn 94.026166 -0.000000 34.045267
vn 94.026166 -0.000000 34.045267
vn 50.144346 -0.000000 86.519042
vn 50.144346 -0.000000 86.519042
vn -17.200571 0.000000 98.509595
vn -17.200571 0.000000 98.509595
vn -76.497149 0.000000 64.406414
vn -0.000000 -100.000000 0.000000
vn -0.000000 -100.000000 0.000000
vn -0.000000 -100.000000 0.000000
vn -0.000000 -100.000000 0.000000
vn -0.000000 -100.000000 0.000000
vn -0.000000 -100.000000 0.000000
vn -0.000000 -100.000000 0.000000
vn -0.000000 -100.000000 0.000000
vn -0.000000 -100.000000 0.000000
vn -0.000000 -100.000000 0.000000
vn -0.000000 -100.000000 0.000000
vn -0.000000 -100.000000 0.000000
vn -0.000000 -100.000000 0.000000
vn -0.000000 -100.000000 0.000000
vn -0.000000 -100.000000 0.000000
vn -0.000000 -100.000000 0.000000
vn -0.000000 -100.000000 0.000000
vn -0.000000 -100.000000 0.000000
vn -76.711527 0.000000 -64.150929
vn -99.999861 0.000000 0.166756
vn -99.999861 0.000000 0.166756
vn -76.497149 0.000000 64.406414
vn -76.497149 0.000000 64.406414
vn -17.200571 0.000000 98.509595
vn -17.200571 0.000000 98.509595
vn 50.144346 -0.000000 86.519042
vn 50.144346 -0.000000 86.519042
vn 94.026166 -0.000000 34.045267
vn 94.026166 -0.000000 34.045267
vn 93.912097 -0.000000 -34.358667
vn 93.912097 -0.000000 -34.358667
vn 49.855515 -0.000000 -86.685798
vn 49.855515 -0.000000 -86.685798
vn -17.529017 0.000000 -98.451681
vn -17.529017 0.000000 -98.451681
vn -76.711527 0.000000 -64.150929
vn 0.000000 100.000000 -0.000000
vn 0.000000 100.000000 -0.000000
vn 0.000000 100.000000 -0.000000
vn 0.000000 100.000000 -0.000000
vn 0.000000 100.000000 -0.000000
vn 0.000000 100.000000 -0.000000
vn 0.000000 100.000000 -0.000000
vn 0.000000 100.000000 -0.000000
vn 0.000000 100.000000 -0.000000
vn 0.000000 100.000000 -0.000000
vn 0.000000 100.000000 -0.000000
vn 0.000000 100.000000 -0.000000
vn 0.000000 100.000000 -0.000000
vn 0.000000 100.000000 -0.000000
vn 0.000000 100.000000 -0.000000
vn 0.000000 100.000000 -0.000000
vn 0.000000 100.000000 -0.000000
vn 0.000000 100.000000 -0.000000
vn -0.000000 -100.000000 0.000000
vn -0.000000 -100.000000 0.000000
vn -0.000000 -100.000000 0.000000
vn -0.000000 -100.000000 0.000000
vn -0.000000 -100.000000 0.000000
vn -0.000000 -100.000000 0.000000
vn -0.000000 -100.000000 0.000000
vn -0.000000 -100.000000 0.000000
vn -0.000000 -100.000000 0.000000
vn -0.000000 -100.000000 0.000000
vn -0.000000 -100.000000 0.000000
vn -0.000000 -100.000000 0.000000
vn -0.000000 -100.000000 0.000000
vn -0.000000 -100.000000 0.000000
vn -0.000000 -100.000000 0.000000
vn -0.000000 -100.000000 0.000000
vn -0.000000 -100.000000 0.000000
vn -0.000000 -100.000000 0.000000
vn -76.711527 0.000000 -64.150929
vn -76.711527 0.000000 -64.150929
vn -99.999861 0.000000 0.166756
vn -99.999861 0.000000 0.166756
vn -76.497149 0.000000 64.406414
vn -76.497149 0.000000 64.406414
vn -17.200571 0.000000 98.509595
vn -17.200571 0.000000 98.509595
vn 50.144346 -0.000000 86.519042
vn 50.144346 -0.000000 86.519042
vn 94.026166 -0.000000 34.045267
vn 94.026166 -0.000000 34.045267
vn 93.912097 -0.000000 -34.358667
vn 93.912097 -0.000000 -34.358667
vn 49.855515 -0.000000 -86.685798
vn 49.855515 -0.000000 -86.685798
vn -17.529017 0.000000 -98.451681
vn -17.529017 0.000000 -98.451681
vn 76.497149 -0.000000 -64.406414
vn 99.999861 -0.000000 -0.166756
vn 99.999861 -0.000000 -0.166756
vn 76.711527 -0.000000 64.150929
vn 76.711527 -0.000000 64.150929
vn 17.529017 -0.000000 98.451681
vn 17.529017 -0.000000 98.451681
vn -49.855515 0.000000 86.685798
vn -49.855515 0.000000 86.685798
vn -93.912097 0.000000 34.358667
vn -93.912097 0.000000 34.358667
vn -94.026166 0.000000 -34.045267
vn -94.026166 0.000000 -34.045267
vn -50.144346 0.000000 -86.519042
vn -50.144346 0.000000 -86.519042
vn 17.200571 -0.000000 -98.509595
vn 17.200571 -0.000000 -98.509595
vn 76.497149 -0.000000 -64.406414
vn 0.000000 100.000000 -0.000000
vn 0.000000 100.000000 -0.000000
vn 0.000000 100.000000 -0.000000
vn 0.000000 100.000000 -0.000000
vn 0.000000 100.000000 -0.000000
vn 0.000000 100.000000 -0.000000
vn 0.000000 100.000000 -0.000000
vn 0.000000 100.000000 -0.000000
vn 0.000000 100.000000 -0.000000
vn 0.000000 100.000000 -0.000000
vn 0.000000 100.000000 -0.000000
vn 0.000000 100.000000 -0.000000
vn 0.000000 100.000000 -0.000000
vn 0.000000 100.000000 -0.000000
vn 0.000000 100.000000 -0.000000
vn 0.000000 100.000000 -0.000000
vn 0.000000 100.000000 -0.000000
vn 0.000000 100.000000 -0.000000
f 338/737/673 346/738/674 337/739/675
f 337/739/675 346/738/674 347/740/676
f 337/739/675 347/740/676 345/741/677
f 345/741/677 347/740/676 348/742/678
f 345/741/677 348/742/678 344/743/679
f 344/743/679 348/742/678 349/744/680
f 344/743/679 349/744/680 343/745/681
f 343/745/681 349/744/680 350/746/682
f 343/745/681 350/746/682 342/747/683
f 342/748/683 350/749/682 351/750/684
f 342/748/683 351/750/684 341/751/685
f 341/751/685 351/750/684 352/752/686
f 341/751/685 352/752/686 340/753/687
f 340/753/687 352/752/686 353/754/688
f 340/753/687 353/754/688 339/755/689
f 339/755/689 353/754/688 354/756/690
f 339/755/689 354/756/690 338/737/673
f 338/737/673 354/756/690 346/738/674
f 356/757/691 338/758/692 355/759/693
f 355/759/693 338/758/692 337/760/694
f 355/759/693 337/760/694 345/761/695
f 338/758/692 356/757/691 339/762/696
f 339/762/696 356/757/691 357/763/697
f 339/762/696 357/763/697 358/764/698
f 339/762/696 358/764/698 340/765/699
f 340/765/699 358/764/698 359/766/700
f 340/765/699 359/766/700 341/767/701
f 341/767/701 359/766/700 342/768/702
f 342/768/702 359/766/700 360/769/703
f 342/768/702 360/769/703 343/770/704
f 343/770/704 360/769/703 361/771/705
f 343/770/704 361/771/705 344/772/706
f 344/772/706 361/771/705 362/773/707
f 344/772/706 362/773/707 363/774/708
f 344/772/706 363/774/708 345/761/695
f 345/761/695 363/774/708 355/759/693
f 365/775/709 373/776/710 364/777/711
f 364/777/711 373/776/710 374/778/712
f 364/777/711 374/778/712 372/779/713
f 372/779/713 374/778/712 375/780/714
f 372/779/713 375/780/714 371/781/715
f 371/781/715 375/780/714 376/782/716
f 371/781/715 376/782/716 370/783/717
f 370/783/717 376/782/716 377/784/718
f 370/783/717 377/784/718 369/785/719
f 369/786/719 377/787/718 378/788/720
f 369/786/719 378/788/720 368/789/721
f 368/789/721 378/788/720 379/790/722
f 368/789/721 379/790/722 367/791/723
f 367/791/723 379/790/722 380/792/724
f 367/791/723 380/792/724 366/793/725
f 366/793/725 380/792/724 381/794/726
f 366/793/725 381/794/726 365/775/709
f 365/775/709 381/794/726 373/776/710
f 383/795/727 365/796/728 382/797/729
f 382/797/729 365/796/728 364/798/730
f 382/797/729 364/798/730 372/799/731
f 365/796/728 383/795/727 366/800/732
f 366/800/732 383/795/727 384/801/733
f 366/800/732 384/801/733 385/802/734
f 366/800/732 385/802/734 367/803/735
f 367/803/735 385/802/734 386/804/736
f 367/803/735 386/804/736 368/805/737
f 368/805/737 386/804/736 387/806/738
f 368/805/737 387/806/738 369/807/739
f 369/807/739 387/806/738 370/808/740
f 370/808/740 387/806/738 388/809/741
f 370/808/740 388/809/741 371/810/742
f 371/810/742 388/809/741 389/811/743
f 371/810/742 389/811/743 390/812/744
f 371/810/742 390/812/744 372/799/731
f 372/799/731 390/812/744 382/797/729
f 354/813/745 399/814/746 346/815/747
f 346/815/747 399/814/746 391/816/748
f 346/815/747 391/816/748 392/817/749
f 399/814/746 354/813/745 398/818/750
f 398/818/750 354/813/745 353/819/751
f 398/818/750 353/819/751 352/820/752
f 398/818/750 352/820/752 397/821/753
f 397/821/753 352/820/752 351/822/754
f 397/821/753 351/822/754 396/823/755
f 396/823/755 351/822/754 395/824/756
f 395/824/756 351/822/754 350/825/757
f 395/824/756 350/825/757 394/826/758
f 394/826/758 350/825/757 349/827/759
f 394/826/758 349/827/759 393/828/760
f 393/828/760 349/827/759 348/829/761
f 393/828/760 348/829/761 347/830/762
f 393/828/760 347/830/762 392/817/749
f 392/817/749 347/830/762 346/815/747
f 363/831/763 383/832/764 355/833/765
f 355/833/765 383/832/764 382/834/766
f 355/835/765 382/836/766 356/837/767
f 356/837/767 382/836/766 390/838/768
f 356/837/767 390/838/768 357/839/769
f 357/839/769 390/838/768 389/840/770
f 357/839/769 389/840/770 358/841/771
f 358/841/771 389/840/770 388/842/772
f 358/841/771 388/842/772 359/843/773
f 359/843/773 388/842/772 387/844/774
f 359/843/773 387/844/774 360/845/775
f 360/845/775 387/844/774 386/846/776
f 360/845/775 386/846/776 361/847/777
f 361/847/777 386/846/776 385/848/778
f 361/847/777 385/848/778 362/849/779
f 362/849/779 385/848/778 384/850/780
f 362/849/779 384/850/780 363/831/763
f 363/831/763 384/850/780 383/832/764
f 399/851/781 400/852/782 391/853/783
f 391/853/783 400/852/782 401/854/784
f 391/853/783 401/854/784 392/855/785
f 392/855/785 401/854/784 402/856/786
f 392/855/785 402/856/786 393/857/787
f 393/857/787 402/856/786 403/858/788
f 393/857/787 403/858/788 394/859/789
f 394/859/789 403/858/788 404/860/790
f 394/859/789 404/860/790 395/861/791
f 395/862/791 404/863/790 405/864/792
f 395/862/791 405/864/792 396/865/793
f 396/865/793 405/864/792 406/866/794
f 396/865/793 406/866/794 397/867/795
f 397/867/795 406/866/794 407/868/796
f 397/867/795 407/868/796 398/869/797
f 398/869/797 407/868/796 408/870/798
f 398/869/797 408/870/798 399/851/781
f 399/851/781 408/870/798 400/852/782
f 381/871/799 401/872/800 373/873/801
f 373/873/801 401/872/800 400/874/802
f 373/873/801 400/874/802 408/875/803
f 401/872/800 381/871/799 402/876/804
f 402/876/804 381/871/799 380/877/805
f 402/876/804 380/877/805 379/878/806
f 402/876/804 379/878/806 403/879/807
f 403/879/807 379/878/806 378/880/808
f 403/879/807 378/880/808 404/881/809
f 404/881/809 378/880/808 377/882/810
f 404/881/809 377/882/810 405/883/811
f 405/883/811 377/882/810 406/884/812
f 406/884/812 377/882/810 376/885/813
f 406/884/812 376/885/813 407/886/814
f 407/886/814 376/885/813 375/887/815
f 407/886/814 375/887/815 374/888/816
f 407/886/814 374/888/816 408/875/803
f 408/875/803 374/888/816 373/873/801

g ソリッド1:4

v 0.002920 -0.014250 -0.096446
v -0.000048 -0.014250 -0.095400
v -0.002993 -0.014250 -0.096507
v -0.004538 -0.014250 -0.099248
v -0.003960 -0.014250 -0.102341
v -0.001528 -0.014250 -0.104339
v 0.001618 -0.014250 -0.104306
v 0.004007 -0.014250 -0.102258
v 0.004522 -0.014250 -0.099154
v 0.002920 -0.014850 -0.096446
v 0.004522 -0.014850 -0.099154
v 0.004007 -0.014850 -0.102258
v 0.001618 -0.014850 -0.104306
v -0.001528 -0.014850 -0.104339
v -0.003960 -0.014850 -0.102341
v -0.004538 -0.014850 -0.099248
v -0.002993 -0.014850 -0.096507
v -0.000048 -0.014850 -0.095400
v 0.002539 -0.014250 -0.096909
v -0.000042 -0.014250 -0.096000
v -0.002603 -0.014250 -0.096963
v -0.003946 -0.014250 -0.099346
v -0.003443 -0.014250 -0.102036
v -0.001329 -0.014250 -0.103773
v 0.001407 -0.014250 -0.103744
v 0.003485 -0.014250 -0.101964
v 0.003932 -0.014250 -0.099265
v -0.002222 -0.012350 -0.102704
v -0.003440 -0.012350 -0.100644
v -0.003049 -0.012350 -0.098282
v -0.001231 -0.012350 -0.096724
v 0.001163 -0.012350 -0.096699
v 0.003013 -0.012350 -0.098219
v 0.003453 -0.012350 -0.100572
v 0.002277 -0.012350 -0.102658
v 0.000036 -0.012350 -0.103500
v -0.002222 -0.014850 -0.102704
v 0.000036 -0.014850 -0.103500
v 0.002277 -0.014850 -0.102658
v 0.003453 -0.014850 -0.100572
v 0.003013 -0.014850 -0.098219
v 0.001163 -0.014850 -0.096699
v -0.001231 -0.014850 -0.096724
v -0.003049 -0.014850 -0.098282
v -0.003440 -0.014850 -0.100644
v -0.002539 -0.012350 -0.103091
v 0.000042 -0.012350 -0.104000
v 0.002603 -0.012350 -0.103037
v 0.003946 -0.012350 -0.100654
v 0.003443 -0.012350 -0.097964
v 0.001329 -0.012350 -0.096227
v -0.001407 -0.012350 -0.096256
v -0.003485 -0.012350 -0.098036
v -0.003932 -0.012350 -0.100735
v -0.001587 -0.012350 -0.101932
v -0.002457 -0.012350 -0.100460
v -0.002178 -0.012350 -0.098773
v -0.000879 -0.012350 -0.097660
v 0.000831 -0.012350 -0.097642
v 0.002152 -0.012350 -0.098728
v 0.002466 -0.012350 -0.100409
v 0.001627 -0.012350 -0.101898
v 0.000026 -0.012350 -0.102500
v -0.001587 -0.014850 -0.101932
v 0.000026 -0.014850 -0.102500
v 0.001627 -0.014850 -0.101898
v 0.002466 -0.014850 -0.100409
v 0.002152 -0.014850 -0.098728
v 0.000831 -0.014850 -0.097642
v -0.000879 -0.014850 -0.097660
v -0.002178 -0.014850 -0.098773
v -0.002457 -0.014850 -0.100460
v -0.001904 -0.012350 -0.102318
v 0.000031 -0.012350 -0.103000
v 0.001952 -0.012350 -0.102278
v 0.002960 -0.012350 -0.100490
v 0.002582 -0.012350 -0.098473
v 0.000997 -0.012350 -0.097170
v -0.001055 -0.012350 -0.097192
v -0.002614 -0.012350 -0.098527
v -0.002949 -0.012350 -0.100552
v -0.001904 -0.014850 -0.102318
v -0.002949 -0.014850 -0.100552
v -0.002614 -0.014850 -0.098527
v -0.001055 -0.014850 -0.097192
v 0.000997 -0.014850 -0.097170
v 0.002582 -0.014850 -0.098473
v 0.002960 -0.014850 -0.100490
v 0.001952 -0.014850 -0.102278
v 0.000031 -0.014850 -0.103000
vt -0.060000 1.123992 0.000000
vt -0.000000 1.123992 0.000000
vt -0.060000 1.445133 0.000000
vt -0.000000 1.445133 0.000000
vt -0.060000 -1.445133 0.000000
vt -0.000000 -1.445133 0.000000
vt -0.060000 -1.123992 0.000000
vt -0.000000 -1.123992 0.000000
vt -0.060000 -0.802851 0.000000
vt -0.000000 -0.802851 0.000000
vt -0.060000 -0.481711 0.000000
vt -0.000000 -0.481711 0.000000
vt -0.060000 -0.160570 0.000000
vt -0.000000 -0.160570 0.000000
vt -0.060000 0.160570 0.000000
vt -0.000000 0.160570 0.000000
vt -0.060000 0.481711 0.000000
vt -0.000000 0.481711 0.000000
vt -0.060000 0.802851 0.000000
vt -0.000000 0.802851 0.000000
vt -0.306418 -0.257115 0.000000
vt -0.400000 0.000000 0.000000
vt -0.460000 0.000000 0.000000
vt -0.306418 0.257115 0.000000
vt -0.352380 0.295682 0.000000
vt -0.069459 0.393923 0.000000
vt -0.079878 0.453012 0.000000
vt 0.230000 0.398372 0.000000
vt 0.200000 0.346410 0.000000
vt 0.432259 0.157329 0.000000
vt 0.375877 0.136808 0.000000
vt 0.432259 -0.157329 0.000000
vt 0.375877 -0.136808 0.000000
vt 0.200000 -0.346410 0.000000
vt 0.230000 -0.398372 0.000000
vt -0.069459 -0.393923 0.000000
vt -0.079878 -0.453012 0.000000
vt -0.352380 -0.295682 0.000000
vt 0.250000 -0.855211 0.000000
vt 0.000000 -0.855211 0.000000
vt 0.250000 -1.099557 0.000000
vt 0.000000 -1.099557 0.000000
vt 0.250000 1.099557 0.000000
vt 0.000000 1.099557 0.000000
vt 0.250000 0.855211 0.000000
vt 0.000000 0.855211 0.000000
vt 0.250000 0.610865 0.000000
vt 0.000000 0.610865 0.000000
vt 0.250000 0.366519 0.000000
vt 0.000000 0.366519 0.000000
vt 0.250000 0.122173 0.000000
vt 0.000000 0.122173 0.000000
vt 0.250000 -0.122173 0.000000
vt 0.000000 -0.122173 0.000000
vt 0.250000 -0.366519 0.000000
vt 0.000000 -0.366519 0.000000
vt 0.250000 -0.610865 0.000000
vt 0.000000 -0.610865 0.000000
vt -0.060000 0.279253 0.000000
vt -0.250000 0.139626 0.000000
vt -0.060000 -0.000000 0.000000
vt -0.250000 -0.139626 0.000000
vt -0.060000 -0.279253 0.000000
vt -0.250000 -0.418879 0.000000
vt -0.060000 -0.558505 0.000000
vt -0.250000 -0.698132 0.000000
vt -0.060000 -0.837758 0.000000
vt -0.250000 -0.977384 0.000000
vt -0.060000 -1.117011 0.000000
vt -0.250000 -1.256637 0.000000
vt -0.060000 -1.396263 0.000000
vt -0.060000 1.117011 0.000000
vt -0.250000 1.256637 0.000000
vt -0.250000 0.977384 0.000000
vt -0.060000 0.837758 0.000000
vt -0.250000 0.698132 0.000000
vt -0.060000 0.558505 0.000000
vt -0.250000 0.418879 0.000000
vt 0.352380 0.295682 0.000000
vt 0.328892 0.119707 0.000000
vt 0.460000 0.000000 0.000000
vt 0.328892 -0.119707 0.000000
vt 0.352380 -0.295682 0.000000
vt 0.175000 -0.303109 0.000000
vt 0.079878 -0.453012 0.000000
vt -0.060777 -0.344683 0.000000
vt -0.230000 -0.398372 0.000000
vt -0.268116 -0.224976 0.000000
vt -0.432259 -0.157329 0.000000
vt -0.350000 0.000000 0.000000
vt -0.432259 0.157329 0.000000
vt -0.268116 0.224976 0.000000
vt -0.230000 0.398372 0.000000
vt -0.060777 0.344683 0.000000
vt 0.079878 0.453012 0.000000
vt 0.175000 0.303109 0.000000
vt 0.268116 -0.224976 0.000000
vt 0.306418 -0.257115 0.000000
vt 0.350000 0.000000 0.000000
vt 0.400000 0.000000 0.000000
vt 0.306418 0.257115 0.000000
vt 0.069459 -0.393923 0.000000
vt 0.060777 -0.344683 0.000000
vt -0.175000 -0.303109 0.000000
vt -0.200000 -0.346410 0.000000
vt -0.328892 -0.119707 0.000000
vt -0.375877 -0.136808 0.000000
vt -0.328892 0.119707 0.000000
vt -0.375877 0.136808 0.000000
vt -0.200000 0.346410 0.000000
vt -0.175000 0.303109 0.000000
vt 0.069459 0.393923 0.000000
vt 0.060777 0.344683 0.000000
vt 0.268116 0.224976 0.000000
vt 0.250000 -0.610865 0.000000
vt 0.000000 -0.610865 0.000000
vt 0.250000 -0.785398 0.000000
vt 0.000000 -0.785398 0.000000
vt 0.250000 0.785398 0.000000
vt 0.000000 0.785398 0.000000
vt 0.250000 0.610865 0.000000
vt 0.000000 0.610865 0.000000
vt 0.250000 0.436332 0.000000
vt 0.000000 0.436332 0.000000
vt 0.250000 0.261799 0.000000
vt 0.000000 0.261799 0.000000
vt 0.250000 0.087266 0.000000
vt 0.000000 0.087266 0.000000
vt 0.250000 -0.087266 0.000000
vt 0.000000 -0.087266 0.000000
vt 0.250000 -0.261799 0.000000
vt 0.000000 -0.261799 0.000000
vt 0.250000 -0.436332 0.000000
vt 0.000000 -0.436332 0.000000
vt -0.250000 0.733038 0.000000
vt -0.000000 0.733038 0.000000
vt -0.250000 0.942478 0.000000
vt -0.000000 0.942478 0.000000
vt -0.250000 -0.942478 0.000000
vt -0.000000 -0.942478 0.000000
vt -0.250000 -0.733038 0.000000
vt -0.000000 -0.733038 0.000000
vt -0.250000 -0.523599 0.000000
vt -0.000000 -0.523599 0.000000
vt -0.250000 -0.314159 0.000000
vt -0.000000 -0.314159 0.000000
vt -0.250000 -0.104720 0.000000
vt -0.000000 -0.104720 0.000000
vt -0.250000 0.104720 0.000000
vt -0.000000 0.104720 0.000000
vt -0.250000 0.314159 0.000000
vt -0.000000 0.314159 0.000000
vt -0.250000 0.523599 0.000000
vt -0.000000 0.523599 0.000000
vt -0.191511 0.160697 0.000000
vt -0.229813 0.192836 0.000000
vt -0.250000 0.000000 0.000000
vt -0.300000 0.000000 0.000000
vt -0.229813 -0.192836 0.000000
vt -0.052094 0.295442 0.000000
vt -0.043412 0.246202 0.000000
vt 0.125000 0.216506 0.000000
vt 0.150000 0.259808 0.000000
vt 0.234923 0.085505 0.000000
vt 0.281908 0.102606 0.000000
vt 0.281908 -0.102606 0.000000
vt 0.234923 -0.085505 0.000000
vt 0.150000 -0.259808 0.000000
vt 0.125000 -0.216506 0.000000
vt -0.052094 -0.295442 0.000000
vt -0.043412 -0.246202 0.000000
vt -0.191511 -0.160697 0.000000
vt 0.191511 -0.160697 0.000000
vt 0.229813 -0.192836 0.000000
vt 0.250000 0.000000 0.000000
vt 0.300000 0.000000 0.000000
vt 0.229813 0.192836 0.000000
vt 0.052094 -0.295442 0.000000
vt 0.043412 -0.246202 0.000000
vt -0.125000 -0.216506 0.000000
vt -0.150000 -0.259808 0.000000
vt -0.234923 -0.085505 0.000000
vt -0.281908 -0.102606 0.000000
vt -0.234923 0.085505 0.000000
vt -0.281908 0.102606 0.000000
vt -0.150000 0.259808 0.000000
vt -0.125000 0.216506 0.000000
vt 0.052094 0.295442 0.000000
vt 0.043412 0.246202 0.000000
vt 0.191511 0.160697 0.000000
vn -1.039239 -0.000000 99.994600
vn -1.039239 -0.000000 99.994600
vn 63.479186 0.000000 77.268317
vn 63.479186 0.000000 77.268317
vn 98.294995 0.000000 18.387331
vn 98.294995 0.000000 18.387331
vn 87.117483 0.000000 -49.097292
vn 87.117483 0.000000 -49.097292
vn 35.176733 0.000000 -93.608747
vn 35.176733 0.000000 -93.608747
vn -33.223602 -0.000000 -94.319628
vn -33.223602 -0.000000 -94.319628
vn -86.078244 -0.000000 -50.897307
vn -86.078244 -0.000000 -50.897307
vn -98.655919 -0.000000 16.340429
vn -98.655919 -0.000000 16.340429
vn -65.071393 -0.000000 75.932297
vn -65.071393 -0.000000 75.932297
vn -0.000000 100.000000 0.000000
vn -0.000000 100.000000 0.000000
vn -0.000000 100.000000 0.000000
vn -0.000000 100.000000 0.000000
vn -0.000000 100.000000 0.000000
vn -0.000000 100.000000 0.000000
vn -0.000000 100.000000 0.000000
vn -0.000000 100.000000 0.000000
vn -0.000000 100.000000 0.000000
vn -0.000000 100.000000 0.000000
vn -0.000000 100.000000 0.000000
vn -0.000000 100.000000 0.000000
vn -0.000000 100.000000 0.000000
vn -0.000000 100.000000 0.000000
vn -0.000000 100.000000 0.000000
vn -0.000000 100.000000 0.000000
vn -0.000000 100.000000 0.000000
vn -0.000000 100.000000 0.000000
vn 98.294995 0.000000 18.387331
vn 98.294995 0.000000 18.387331
vn 63.479186 0.000000 77.268317
vn 63.479186 0.000000 77.268317
vn -1.039239 -0.000000 99.994600
vn -1.039239 -0.000000 99.994600
vn -65.071393 -0.000000 75.932297
vn -65.071393 -0.000000 75.932297
vn -98.655919 -0.000000 16.340429
vn -98.655919 -0.000000 16.340429
vn -86.078244 -0.000000 -50.897307
vn -86.078244 -0.000000 -50.897307
vn -33.223602 -0.000000 -94.319628
vn -33.223602 -0.000000 -94.319628
vn 35.176733 0.000000 -93.608747
vn 35.176733 0.000000 -93.608747
vn 87.117483 0.000000 -49.097292
vn 87.117483 0.000000 -49.097292
vn 98.294995 0.000000 18.387331
vn 86.078244 0.000000 50.897307
vn 63.479186 0.000000 77.268317
vn 33.223602 0.000000 94.319628
vn -1.039239 -0.000000 99.994600
vn -35.176733 -0.000000 93.608747
vn -65.071393 -0.000000 75.932297
vn -87.117483 -0.000000 49.097292
vn -98.655919 -0.000000 16.340429
vn -98.294995 -0.000000 -18.387331
vn -86.078244 -0.000000 -50.897307
vn -63.479186 -0.000000 -77.268317
vn -33.223602 -0.000000 -94.319628
vn 1.039239 0.000000 -99.994600
vn 35.176733 0.000000 -93.608747
vn 65.071393 0.000000 -75.932297
vn 87.117483 0.000000 -49.097292
vn 98.655919 0.000000 -16.340429
vn 0.000000 -100.000000 -0.000000
vn 0.000000 -100.000000 -0.000000
vn 0.000000 -100.000000 -0.000000
vn 0.000000 -100.000000 -0.000000
vn 0.000000 -100.000000 -0.000000
vn 0.000000 -100.000000 -0.000000
vn 0.000000 -100.000000 -0.000000
vn 0.000000 -100.000000 -0.000000
vn 0.000000 -100.000000 -0.000000
vn 0.000000 -100.000000 -0.000000
vn 0.000000 -100.000000 -0.000000
vn 0.000000 -100.000000 -0.000000
vn 0.000000 -100.000000 -0.000000
vn 0.000000 -100.000000 -0.000000
vn 0.000000 -100.000000 -0.000000
vn 0.000000 -100.000000 -0.000000
vn 0.000000 -100.000000 -0.000000
vn 0.000000 -100.000000 -0.000000
vn -0.000000 100.000000 0.000000
vn -0.000000 100.000000 0.000000
vn -0.000000 100.000000 0.000000
vn -0.000000 100.000000 0.000000
vn -0.000000 100.000000 0.000000
vn -0.000000 100.000000 0.000000
vn -0.000000 100.000000 0.000000
vn -0.000000 100.000000 0.000000
vn -0.000000 100.000000 0.000000
vn -0.000000 100.000000 0.000000
vn -0.000000 100.000000 0.000000
vn -0.000000 100.000000 0.000000
vn -0.000000 100.000000 0.000000
vn -0.000000 100.000000 0.000000
vn -0.000000 100.000000 0.000000
vn -0.000000 100.000000 0.000000
vn -0.000000 100.000000 0.000000
vn -0.000000 100.000000 0.000000
vn 98.294995 0.000000 18.387331
vn 98.294995 0.000000 18.387331
vn 63.479186 0.000000 77.268317
vn 63.479186 0.000000 77.268317
vn -1.039239 -0.000000 99.994600
vn -1.039239 -0.000000 99.994600
vn -65.071393 -0.000000 75.932297
vn -65.071393 -0.000000 75.932297
vn -98.655919 -0.000000 16.340429
vn -98.655919 -0.000000 16.340429
vn -86.078244 -0.000000 -50.897307
vn -86.078244 -0.000000 -50.897307
vn -33.223602 -0.000000 -94.319628
vn -33.223602 -0.000000 -94.319628
vn 35.176733 0.000000 -93.608747
vn 35.176733 0.000000 -93.608747
vn 87.117483 0.000000 -49.097292
vn 87.117483 0.000000 -49.097292
vn 1.039239 0.000000 -99.994600
vn 1.039239 0.000000 -99.994600
vn -63.479186 -0.000000 -77.268317
vn -63.479186 -0.000000 -77.268317
vn -98.294995 -0.000000 -18.387331
vn -98.294995 -0.000000 -18.387331
vn -87.117483 -0.000000 49.097292
vn -87.117483 -0.000000 49.097292
vn -35.176733 -0.000000 93.608747
vn -35.176733 -0.000000 93.608747
vn 33.223602 0.000000 94.319628
vn 33.223602 0.000000 94.319628
vn 86.078244 0.000000 50.897307
vn 86.078244 0.000000 50.897307
vn 98.655919 0.000000 -16.340429
vn 98.655919 0.000000 -16.340429
vn 65.071393 0.000000 -75.932297
vn 65.071393 0.000000 -75.932297
vn 0.000000 -100.000000 -0.000000
vn 0.000000 -100.000000 -0.000000
vn 0.000000 -100.000000 -0.000000
vn 0.000000 -100.000000 -0.000000
vn 0.000000 -100.000000 -0.000000
vn 0.000000 -100.000000 -0.000000
vn 0.000000 -100.000000 -0.000000
vn 0.000000 -100.000000 -0.000000
vn 0.000000 -100.000000 -0.000000
vn 0.000000 -100.000000 -0.000000
vn 0.000000 -100.000000 -0.000000
vn 0.000000 -100.000000 -0.000000
vn 0.000000 -100.000000 -0.000000
vn 0.000000 -100.000000 -0.000000
vn 0.000000 -100.000000 -0.000000
vn 0.000000 -100.000000 -0.000000
vn 0.000000 -100.000000 -0.000000
vn 0.000000 -100.000000 -0.000000
vn -0.000000 100.000000 0.000000
vn -0.000000 100.000000 0.000000
vn -0.000000 100.000000 0.000000
vn -0.000000 100.000000 0.000000
vn -0.000000 100.000000 0.000000
vn -0.000000 100.000000 0.000000
vn -0.000000 100.000000 0.000000
vn -0.000000 100.000000 0.000000
vn -0.000000 100.000000 0.000000
vn -0.000000 100.000000 0.000000
vn -0.000000 100.000000 0.000000
vn -0.000000 100.000000 0.000000
vn -0.000000 100.000000 0.000000
vn -0.000000 100.000000 0.000000
vn -0.000000 100.000000 0.000000
vn -0.000000 100.000000 0.000000
vn -0.000000 100.000000 0.000000
vn -0.000000 100.000000 0.000000
usemtl 235,235,235
f 410/889/817 426/890/818 409/891/819
f 409/891/819 426/890/818 418/892/820
f 409/893/819 418/894/820 417/895/821
f 417/895/821 418/894/820 419/896/822
f 417/895/821 419/896/822 416/897/823
f 416/897/823 419/896/822 420/898/824
f 416/897/823 420/898/824 415/899/825
f 415/899/825 420/898/824 421/900/826
f 415/899/825 421/900/826 414/901/827
f 414/901/827 421/900/826 422/902/828
f 414/901/827 422/902/828 413/903/829
f 413/903/829 422/902/828 423/904/830
f 413/903/829 423/904/830 412/905/831
f 412/905/831 423/904/830 424/906/832
f 412/905/831 424/906/832 411/907/833
f 411/907/833 424/906/832 425/908/834
f 411/907/833 425/908/834 410/889/817
f 410/889/817 425/908/834 426/890/818
f 435/909/835 427/910/836 409/911/837
f 409/911/837 427/910/836 428/912/838
f 409/911/837 428/912/838 410/913/839
f 410/913/839 428/912/838 429/914/840
f 410/913/839 429/914/840 411/915/841
f 411/915/841 429/914/840 412/916/842
f 412/916/842 429/914/840 430/917/843
f 412/916/842 430/917/843 413/918/844
f 413/918/844 430/917/843 431/919/845
f 413/918/844 431/919/845 414/920/846
f 414/920/846 431/919/845 432/921/847
f 414/920/846 432/921/847 433/922/848
f 414/920/846 433/922/848 415/923/849
f 415/923/849 433/922/848 434/924/850
f 415/923/849 434/924/850 416/925/851
f 416/925/851 434/924/850 417/926/852
f 417/926/852 434/924/850 435/909/835
f 417/926/852 435/909/835 409/911/837
f 437/927/853 453/928/854 436/929/855
f 436/929/855 453/928/854 445/930/856
f 436/931/855 445/932/856 444/933/857
f 444/933/857 445/932/856 446/934/858
f 444/933/857 446/934/858 443/935/859
f 443/935/859 446/934/858 447/936/860
f 443/935/859 447/936/860 442/937/861
f 442/937/861 447/936/860 448/938/862
f 442/937/861 448/938/862 441/939/863
f 441/939/863 448/938/862 449/940/864
f 441/939/863 449/940/864 440/941/865
f 440/941/865 449/940/864 450/942/866
f 440/941/865 450/942/866 439/943/867
f 439/943/867 450/942/866 451/944/868
f 439/943/867 451/944/868 438/945/869
f 438/945/869 451/944/868 452/946/870
f 438/945/869 452/946/870 437/927/853
f 437/927/853 452/946/870 453/928/854
f 435/947/871 458/948/872 427/949/873
f 427/949/873 458/948/872 459/950/874
f 427/949/873 459/950/874 428/951/875
f 428/951/875 459/950/874 460/952/876
f 428/951/875 460/952/876 429/953/877
f 429/953/877 460/952/876 461/954/878
f 429/953/877 461/954/878 430/955/879
f 430/955/879 461/954/878 462/956/880
f 430/955/879 462/956/880 431/957/881
f 431/957/881 462/956/880 454/958/882
f 431/957/881 454/958/882 432/959/883
f 432/960/883 454/961/882 455/962/884
f 432/960/883 455/962/884 433/963/885
f 433/963/885 455/962/884 456/964/886
f 433/963/885 456/964/886 434/965/887
f 434/965/887 456/964/886 457/966/888
f 434/965/887 457/966/888 435/947/871
f 435/947/871 457/966/888 458/948/872
f 426/967/889 450/968/890 418/969/891
f 418/969/891 450/968/890 449/970/892
f 418/969/891 449/970/892 419/971/893
f 419/971/893 449/970/892 448/972/894
f 419/971/893 448/972/894 420/973/895
f 420/973/895 448/972/894 447/974/896
f 420/973/895 447/974/896 421/975/897
f 421/975/897 447/974/896 446/976/898
f 421/975/897 446/976/898 422/977/899
f 422/977/899 446/976/898 445/978/900
f 422/977/899 445/978/900 423/979/901
f 423/979/901 445/978/900 453/980/902
f 423/979/901 453/980/902 424/981/903
f 424/981/903 453/980/902 452/982/904
f 424/981/903 452/982/904 425/983/905
f 425/983/905 452/982/904 451/984/906
f 425/983/905 451/984/906 426/967/889
f 426/967/889 451/984/906 450/968/890
f 444/985/907 455/986/908 436/987/909
f 436/987/909 455/986/908 454/988/910
f 436/987/909 454/988/910 462/989/911
f 455/986/908 444/985/907 456/990/912
f 456/990/912 444/985/907 443/991/913
f 456/990/912 443/991/913 442/992/914
f 456/990/912 442/992/914 457/993/915
f 457/993/915 442/992/914 441/994/916
f 457/993/915 441/994/916 458/995/917
f 458/995/917 441/994/916 440/996/918
f 458/995/917 440/996/918 459/997/919
f 459/997/919 440/996/918 460/998/920
f 460/998/920 440/996/918 439/999/921
f 460/998/920 439/999/921 461/1000/922
f 461/1000/922 439/999/921 438/1001/923
f 461/1000/922 438/1001/923 437/1002/924
f 461/1000/922 437/1002/924 462/989/911
f 462/989/911 437/1002/924 436/987/909
f 464/1003/925 480/1004/926 463/1005/927
f 463/1005/927 480/1004/926 472/1006/928
f 463/1007/927 472/1008/928 471/1009/929
f 471/1009/929 472/1008/928 473/1010/930
f 471/1009/929 473/1010/930 470/1011/931
f 470/1011/931 473/1010/930 474/1012/932
f 470/1011/931 474/1012/932 469/1013/933
f 469/1013/933 474/1012/932 475/1014/934
f 469/1013/933 475/1014/934 468/1015/935
f 468/1015/935 475/1014/934 476/1016/936
f 468/1015/935 476/1016/936 467/1017/937
f 467/1017/937 476/1016/936 477/1018/938
f 467/1017/937 477/1018/938 466/1019/939
f 466/1019/939 477/1018/938 478/1020/940
f 466/1019/939 478/1020/940 465/1021/941
f 465/1021/941 478/1020/940 479/1022/942
f 465/1021/941 479/1022/942 464/1003/925
f 464/1003/925 479/1022/942 480/1004/926
f 482/1023/943 498/1024/944 481/1025/945
f 481/1025/945 498/1024/944 490/1026/946
f 481/1027/945 490/1028/946 489/1029/947
f 489/1029/947 490/1028/946 491/1030/948
f 489/1029/947 491/1030/948 488/1031/949
f 488/1031/949 491/1030/948 492/1032/950
f 488/1031/949 492/1032/950 487/1033/951
f 487/1033/951 492/1032/950 493/1034/952
f 487/1033/951 493/1034/952 486/1035/953
f 486/1035/953 493/1034/952 494/1036/954
f 486/1035/953 494/1036/954 485/1037/955
f 485/1037/955 494/1036/954 495/1038/956
f 485/1037/955 495/1038/956 484/1039/957
f 484/1039/957 495/1038/956 496/1040/958
f 484/1039/957 496/1040/958 483/1041/959
f 483/1041/959 496/1040/958 497/1042/960
f 483/1041/959 497/1042/960 482/1023/943
f 482/1023/943 497/1042/960 498/1024/944
f 480/1043/961 491/1044/962 472/1045/963
f 472/1045/963 491/1044/962 490/1046/964
f 472/1045/963 490/1046/964 498/1047/965
f 491/1044/962 480/1043/961 492/1048/966
f 492/1048/966 480/1043/961 479/1049/967
f 492/1048/966 479/1049/967 478/1050/968
f 492/1048/966 478/1050/968 493/1051/969
f 493/1051/969 478/1050/968 477/1052/970
f 493/1051/969 477/1052/970 494/1053/971
f 494/1053/971 477/1052/970 495/1054/972
f 495/1054/972 477/1052/970 476/1055/973
f 495/1054/972 476/1055/973 496/1056/974
f 496/1056/974 476/1055/973 475/1057/975
f 496/1056/974 475/1057/975 497/1058/976
f 497/1058/976 475/1057/975 474/1059/977
f 497/1058/976 474/1059/977 473/1060/978
f 497/1058/976 473/1060/978 498/1047/965
f 498/1047/965 473/1060/978 472/1045/963
f 471/1061/979 482/1062/980 463/1063/981
f 463/1063/981 482/1062/980 481/1064/982
f 463/1063/981 481/1064/982 489/1065/983
f 482/1062/980 471/1061/979 483/1066/984
f 483/1066/984 471/1061/979 470/1067/985
f 483/1066/984 470/1067/985 469/1068/986
f 483/1066/984 469/1068/986 484/1069/987
f 484/1069/987 469/1068/986 468/1070/988
f 484/1069/987 468/1070/988 485/1071/989
f 485/1071/989 468/1070/988 467/1072/990
f 485/1071/989 467/1072/990 486/1073/991
f 486/1073/991 467/1072/990 487/1074/992
f 487/1074/992 467/1072/990 466/1075/993
f 487/1074/992 466/1075/993 488/1076/994
f 488/1076/994 466/1075/993 465/1077/995
f 488/1076/994 465/1077/995 464/1078/996
f 488/1076/994 464/1078/996 489/1065/983
f 489/1065/983 464/1078/996 463/1063/981

g ソリッド1:5

v 0.003471 0.014250 -0.103019
v 0.000719 0.014250 -0.104544
v -0.002370 0.014250 -0.103942
v -0.004350 0.014250 -0.101497
v -0.004294 0.014250 -0.098351
v -0.002229 0.014250 -0.095976
v 0.000879 0.014250 -0.095485
v 0.003575 0.014250 -0.097106
v 0.004599 0.014250 -0.100081
v 0.003471 0.014850 -0.103019
v 0.004599 0.014850 -0.100081
v 0.003575 0.014850 -0.097106
v 0.000879 0.014850 -0.095485
v -0.002229 0.014850 -0.095976
v -0.004294 0.014850 -0.098351
v -0.004350 0.014850 -0.101497
v -0.002370 0.014850 -0.103942
v 0.000719 0.014850 -0.104544
v 0.003018 0.014250 -0.102625
v 0.000625 0.014250 -0.103951
v -0.002061 0.014250 -0.103428
v -0.003782 0.014250 -0.101302
v -0.003734 0.014250 -0.098566
v -0.001939 0.014250 -0.096501
v 0.000764 0.014250 -0.096074
v 0.003109 0.014250 -0.097483
v 0.003999 0.014250 -0.100071
v -0.002641 0.012350 -0.097703
v -0.003499 0.012350 -0.099938
v -0.002720 0.012350 -0.102202
v -0.000669 0.012350 -0.103436
v 0.001696 0.012350 -0.103062
v 0.003267 0.012350 -0.101255
v 0.003310 0.012350 -0.098861
v 0.001803 0.012350 -0.097000
v -0.000547 0.012350 -0.096543
v -0.002641 0.014850 -0.097703
v -0.000547 0.014850 -0.096543
v 0.001803 0.014850 -0.097000
v 0.003310 0.014850 -0.098861
v 0.003267 0.014850 -0.101255
v 0.001696 0.014850 -0.103062
v -0.000669 0.014850 -0.103436
v -0.002720 0.014850 -0.102202
v -0.003499 0.014850 -0.099938
v -0.003018 0.012350 -0.097375
v -0.000625 0.012350 -0.096049
v 0.002061 0.012350 -0.096572
v 0.003782 0.012350 -0.098698
v 0.003734 0.012350 -0.101434
v 0.001939 0.012350 -0.103499
v -0.000764 0.012350 -0.103926
v -0.003109 0.012350 -0.102517
v -0.003999 0.012350 -0.099929
v -0.001886 0.012350 -0.098359
v -0.002500 0.012350 -0.099956
v -0.001943 0.012350 -0.101573
v -0.000478 0.012350 -0.102454
v 0.001212 0.012350 -0.102187
v 0.002334 0.012350 -0.100896
v 0.002364 0.012350 -0.099187
v 0.001288 0.012350 -0.097857
v -0.000391 0.012350 -0.097531
v -0.001886 0.014850 -0.098359
v -0.000391 0.014850 -0.097531
v 0.001288 0.014850 -0.097857
v 0.002364 0.014850 -0.099187
v 0.002334 0.014850 -0.100896
v 0.001212 0.014850 -0.102187
v -0.000478 0.014850 -0.102454
v -0.001943 0.014850 -0.101573
v -0.002500 0.014850 -0.099956
v -0.002264 0.012350 -0.098031
v -0.000469 0.012350 -0.097037
v 0.001546 0.012350 -0.097429
v 0.002837 0.012350 -0.099024
v 0.002801 0.012350 -0.101076
v 0.001454 0.012350 -0.102624
v -0.000573 0.012350 -0.102945
v -0.002332 0.012350 -0.101887
v -0.003000 0.012350 -0.099947
v -0.002264 0.014850 -0.098031
v -0.003000 0.014850 -0.099947
v -0.002332 0.014850 -0.101887
v -0.000573 0.014850 -0.102945
v 0.001454 0.014850 -0.102624
v 0.002801 0.014850 -0.101076
v 0.002837 0.014850 -0.099024
v 0.001546 0.014850 -0.097429
v -0.000469 0.014850 -0.097037
vt -0.060000 1.123992 0.000000
vt -0.000000 1.123992 0.000000
vt -0.060000 1.445133 0.000000
vt -0.000000 1.445133 0.000000
vt -0.060000 -1.445133 0.000000
vt -0.000000 -1.445133 0.000000
vt -0.060000 -1.123992 0.000000
vt -0.000000 -1.123992 0.000000
vt -0.060000 -0.802851 0.000000
vt -0.000000 -0.802851 0.000000
vt -0.060000 -0.481711 0.000000
vt -0.000000 -0.481711 0.000000
vt -0.060000 -0.160570 0.000000
vt -0.000000 -0.160570 0.000000
vt -0.060000 0.160570 0.000000
vt -0.000000 0.160570 0.000000
vt -0.060000 0.481711 0.000000
vt -0.000000 0.481711 0.000000
vt -0.060000 0.802851 0.000000
vt -0.000000 0.802851 0.000000
vt -0.306418 -0.257115 0.000000
vt -0.400000 0.000000 0.000000
vt -0.460000 0.000000 0.000000
vt -0.306418 0.257115 0.000000
vt -0.352380 0.295682 0.000000
vt -0.069459 0.393923 0.000000
vt -0.079878 0.453012 0.000000
vt 0.230000 0.398372 0.000000
vt 0.200000 0.346410 0.000000
vt 0.432259 0.157329 0.000000
vt 0.375877 0.136808 0.000000
vt 0.432259 -0.157329 0.000000
vt 0.375877 -0.136808 0.000000
vt 0.200000 -0.346410 0.000000
vt 0.230000 -0.398372 0.000000
vt -0.069459 -0.393923 0.000000
vt -0.079878 -0.453012 0.000000
vt -0.352380 -0.295682 0.000000
vt 0.250000 -0.855211 0.000000
vt 0.000000 -0.855211 0.000000
vt 0.250000 -1.099557 0.000000
vt 0.000000 -1.099557 0.000000
vt 0.250000 1.099557 0.000000
vt 0.000000 1.099557 0.000000
vt 0.250000 0.855211 0.000000
vt 0.000000 0.855211 0.000000
vt 0.250000 0.610865 0.000000
vt 0.000000 0.610865 0.000000
vt 0.250000 0.366519 0.000000
vt 0.000000 0.366519 0.000000
vt 0.250000 0.122173 0.000000
vt 0.000000 0.122173 0.000000
vt 0.250000 -0.122173 0.000000
vt 0.000000 -0.122173 0.000000
vt 0.250000 -0.366519 0.000000
vt 0.000000 -0.366519 0.000000
vt 0.250000 -0.610865 0.000000
vt 0.000000 -0.610865 0.000000
vt -0.060000 0.279253 0.000000
vt -0.250000 0.139626 0.000000
vt -0.060000 -0.000000 0.000000
vt -0.250000 -0.139626 0.000000
vt -0.060000 -0.279253 0.000000
vt -0.250000 -0.418879 0.000000
vt -0.060000 -0.558505 0.000000
vt -0.250000 -0.698132 0.000000
vt -0.060000 -0.837758 0.000000
vt -0.250000 -0.977384 0.000000
vt -0.060000 -1.117011 0.000000
vt -0.250000 -1.256637 0.000000
vt -0.060000 -1.396263 0.000000
vt -0.060000 1.117011 0.000000
vt -0.250000 1.256637 0.000000
vt -0.250000 0.977384 0.000000
vt -0.060000 0.837758 0.000000
vt -0.250000 0.698132 0.000000
vt -0.060000 0.558505 0.000000
vt -0.250000 0.418879 0.000000
vt 0.352380 0.295682 0.000000
vt 0.328892 0.119707 0.000000
vt 0.460000 0.000000 0.000000
vt 0.328892 -0.119707 0.000000
vt 0.352380 -0.295682 0.000000
vt 0.175000 -0.303109 0.000000
vt 0.079878 -0.453012 0.000000
vt -0.060777 -0.344683 0.000000
vt -0.230000 -0.398372 0.000000
vt -0.268116 -0.224976 0.000000
vt -0.432259 -0.157329 0.000000
vt -0.350000 0.000000 0.000000
vt -0.432259 0.157329 0.000000
vt -0.268116 0.224976 0.000000
vt -0.230000 0.398372 0.000000
vt -0.060777 0.344683 0.000000
vt 0.079878 0.453012 0.000000
vt 0.175000 0.303109 0.000000
vt 0.268116 -0.224976 0.000000
vt 0.306418 -0.257115 0.000000
vt 0.350000 0.000000 0.000000
vt 0.400000 0.000000 0.000000
vt 0.306418 0.257115 0.000000
vt 0.069459 -0.393923 0.000000
vt 0.060777 -0.344683 0.000000
vt -0.175000 -0.303109 0.000000
vt -0.200000 -0.346410 0.000000
vt -0.328892 -0.119707 0.000000
vt -0.375877 -0.136808 0.000000
vt -0.328892 0.119707 0.000000
vt -0.375877 0.136808 0.000000
vt -0.200000 0.346410 0.000000
vt -0.175000 0.303109 0.000000
vt 0.069459 0.393923 0.000000
vt 0.060777 0.344683 0.000000
vt 0.268116 0.224976 0.000000
vt 0.250000 -0.610865 0.000000
vt 0.000000 -0.610865 0.000000
vt 0.250000 -0.785398 0.000000
vt 0.000000 -0.785398 0.000000
vt 0.250000 0.785398 0.000000
vt 0.000000 0.785398 0.000000
vt 0.250000 0.610865 0.000000
vt 0.000000 0.610865 0.000000
vt 0.250000 0.436332 0.000000
vt 0.000000 0.436332 0.000000
vt 0.250000 0.261799 0.000000
vt 0.000000 0.261799 0.000000
vt 0.250000 0.087266 0.000000
vt 0.000000 0.087266 0.000000
vt 0.250000 -0.087266 0.000000
vt 0.000000 -0.087266 0.000000
vt 0.250000 -0.261799 0.000000
vt 0.000000 -0.261799 0.000000
vt 0.250000 -0.436332 0.000000
vt 0.000000 -0.436332 0.000000
vt -0.250000 0.733038 0.000000
vt -0.000000 0.733038 0.000000
vt -0.250000 0.942478 0.000000
vt -0.000000 0.942478 0.000000
vt -0.250000 -0.942478 0.000000
vt -0.000000 -0.942478 0.000000
vt -0.250000 -0.733038 0.000000
vt -0.000000 -0.733038 0.000000
vt -0.250000 -0.523599 0.000000
vt -0.000000 -0.523599 0.000000
vt -0.250000 -0.314159 0.000000
vt -0.000000 -0.314159 0.000000
vt -0.250000 -0.104720 0.000000
vt -0.000000 -0.104720 0.000000
vt -0.250000 0.104720 0.000000
vt -0.000000 0.104720 0.000000
vt -0.250000 0.314159 0.000000
vt -0.000000 0.314159 0.000000
vt -0.250000 0.523599 0.000000
vt -0.000000 0.523599 0.000000
vt -0.191511 0.160697 0.000000
vt -0.229813 0.192836 0.000000
vt -0.250000 0.000000 0.000000
vt -0.300000 0.000000 0.000000
vt -0.229813 -0.192836 0.000000
vt -0.052094 0.295442 0.000000
vt -0.043412 0.246202 0.000000
vt 0.125000 0.216506 0.000000
vt 0.150000 0.259808 0.000000
vt 0.234923 0.085505 0.000000
vt 0.281908 0.102606 0.000000
vt 0.281908 -0.102606 0.000000
vt 0.234923 -0.085505 0.000000
vt 0.150000 -0.259808 0.000000
vt 0.125000 -0.216506 0.000000
vt -0.052094 -0.295442 0.000000
vt -0.043412 -0.246202 0.000000
vt -0.191511 -0.160697 0.000000
vt 0.191511 -0.160697 0.000000
vt 0.229813 -0.192836 0.000000
vt 0.250000 0.000000 0.000000
vt 0.300000 0.000000 0.000000
vt 0.229813 0.192836 0.000000
vt 0.052094 -0.295442 0.000000
vt 0.043412 -0.246202 0.000000
vt -0.125000 -0.216506 0.000000
vt -0.150000 -0.259808 0.000000
vt -0.234923 -0.085505 0.000000
vt -0.281908 -0.102606 0.000000
vt -0.234923 0.085505 0.000000
vt -0.281908 0.102606 0.000000
vt -0.150000 0.259808 0.000000
vt -0.125000 0.216506 0.000000
vt 0.052094 0.295442 0.000000
vt 0.043412 0.246202 0.000000
vt 0.191511 0.160697 0.000000
vn 15.623733 -0.000000 -98.771954
vn 15.623733 -0.000000 -98.771954
vn 75.457862 -0.000000 -65.620965
vn 75.457862 -0.000000 -65.620965
vn 99.984419 -0.000000 -1.765196
vn 99.984419 -0.000000 -1.765196
vn 77.727155 -0.000000 62.916527
vn 77.727155 -0.000000 62.916527
vn 19.100491 -0.000000 98.158908
vn 19.100491 -0.000000 98.158908
vn -48.463505 0.000000 87.471645
vn -48.463505 0.000000 87.471645
vn -93.350888 0.000000 35.855427
vn -93.350888 0.000000 35.855427
vn -94.558354 0.000000 -32.537944
vn -94.558354 0.000000 -32.537944
vn -51.520914 0.000000 -85.706449
vn -51.520914 0.000000 -85.706449
vn -0.000000 -100.000000 0.000000
vn -0.000000 -100.000000 0.000000
vn -0.000000 -100.000000 0.000000
vn -0.000000 -100.000000 0.000000
vn -0.000000 -100.000000 0.000000
vn -0.000000 -100.000000 0.000000
vn -0.000000 -100.000000 0.000000
vn -0.000000 -100.000000 0.000000
vn -0.000000 -100.000000 0.000000
vn -0.000000 -100.000000 0.000000
vn -0.000000 -100.000000 0.000000
vn -0.000000 -100.000000 0.000000
vn -0.000000 -100.000000 0.000000
vn -0.000000 -100.000000 0.000000
vn -0.000000 -100.000000 0.000000
vn -0.000000 -100.000000 0.000000
vn -0.000000 -100.000000 0.000000
vn -0.000000 -100.000000 0.000000
vn 99.984419 -0.000000 -1.765196
vn 99.984419 -0.000000 -1.765196
vn 75.457862 -0.000000 -65.620965
vn 75.457862 -0.000000 -65.620965
vn 15.623733 -0.000000 -98.771954
vn 15.623733 -0.000000 -98.771954
vn -51.520914 0.000000 -85.706449
vn -51.520914 0.000000 -85.706449
vn -94.558354 0.000000 -32.537944
vn -94.558354 0.000000 -32.537944
vn -93.350888 0.000000 35.855427
vn -93.350888 0.000000 35.855427
vn -48.463505 0.000000 87.471645
vn -48.463505 0.000000 87.471645
vn 19.100491 -0.000000 98.158908
vn 19.100491 -0.000000 98.158908
vn 77.727155 -0.000000 62.916527
vn 77.727155 -0.000000 62.916527
vn 99.984419 -0.000000 -1.765196
vn 93.350888 -0.000000 -35.855427
vn 75.457862 -0.000000 -65.620965
vn 48.463505 -0.000000 -87.471645
vn 15.623733 -0.000000 -98.771954
vn -19.100491 0.000000 -98.158908
vn -51.520914 0.000000 -85.706449
vn -77.727155 0.000000 -62.916527
vn -94.558354 0.000000 -32.537944
vn -99.984419 0.000000 1.765196
vn -93.350888 0.000000 35.855427
vn -75.457862 0.000000 65.620965
vn -48.463505 0.000000 87.471645
vn -15.623733 0.000000 98.771954
vn 19.100491 -0.000000 98.158908
vn 51.520914 -0.000000 85.706449
vn 77.727155 -0.000000 62.916527
vn 94.558354 -0.000000 32.537944
vn 0.000000 100.000000 -0.000000
vn 0.000000 100.000000 -0.000000
vn 0.000000 100.000000 -0.000000
vn 0.000000 100.000000 -0.000000
vn 0.000000 100.000000 -0.000000
vn 0.000000 100.000000 -0.000000
vn 0.000000 100.000000 -0.000000
vn 0.000000 100.000000 -0.000000
vn 0.000000 100.000000 -0.000000
vn 0.000000 100.000000 -0.000000
vn 0.000000 100.000000 -0.000000
vn 0.000000 100.000000 -0.000000
vn 0.000000 100.000000 -0.000000
vn 0.000000 100.000000 -0.000000
vn 0.000000 100.000000 -0.000000
vn 0.000000 100.000000 -0.000000
vn 0.000000 100.000000 -0.000000
vn 0.000000 100.000000 -0.000000
vn -0.000000 -100.000000 0.000000
vn -0.000000 -100.000000 0.000000
vn -0.000000 -100.000000 0.000000
vn -0.000000 -100.000000 0.000000
vn -0.000000 -100.000000 0.000000
vn -0.000000 -100.000000 0.000000
vn -0.000000 -100.000000 0.000000
vn -0.000000 -100.000000 0.000000
vn -0.000000 -100.000000 0.000000
vn -0.000000 -100.000000 0.000000
vn -0.000000 -100.000000 0.000000
vn -0.000000 -100.000000 0.000000
vn -0.000000 -100.000000 0.000000
vn -0.000000 -100.000000 0.000000
vn -0.000000 -100.000000 0.000000
vn -0.000000 -100.000000 0.000000
vn -0.000000 -100.000000 0.000000
vn -0.000000 -100.000000 0.000000
vn 99.984419 -0.000000 -1.765196
vn 99.984419 -0.000000 -1.765196
vn 75.457862 -0.000000 -65.620965
vn 75.457862 -0.000000 -65.620965
vn 15.623733 -0.000000 -98.771954
vn 15.623733 -0.000000 -98.771954
vn -51.520914 0.000000 -85.706449
vn -51.520914 0.000000 -85.706449
vn -94.558354 0.000000 -32.537944
vn -94.558354 0.000000 -32.537944
vn -93.350888 0.000000 35.855427
vn -93.350888 0.000000 35.855427
vn -48.463505 0.000000 87.471645
vn -48.463505 0.000000 87.471645
vn 19.100491 -0.000000 98.158908
vn 19.100491 -0.000000 98.158908
vn 77.727155 -0.000000 62.916527
vn 77.727155 -0.000000 62.916527
vn -15.623733 0.000000 98.771954
vn -15.623733 0.000000 98.771954
vn -75.457862 0.000000 65.620965
vn -75.457862 0.000000 65.620965
vn -99.984419 0.000000 1.765196
vn -99.984419 0.000000 1.765196
vn -77.727155 0.000000 -62.916527
vn -77.727155 0.000000 -62.916527
vn -19.100491 0.000000 -98.158908
vn -19.100491 0.000000 -98.158908
vn 48.463505 -0.000000 -87.471645
vn 48.463505 -0.000000 -87.471645
vn 93.350888 -0.000000 -35.855427
vn 93.350888 -0.000000 -35.855427
vn 94.558354 -0.000000 32.537944
vn 94.558354 -0.000000 32.537944
vn 51.520914 -0.000000 85.706449
vn 51.520914 -0.000000 85.706449
vn 0.000000 100.000000 -0.000000
vn 0.000000 100.000000 -0.000000
vn 0.000000 100.000000 -0.000000
vn 0.000000 100.000000 -0.000000
vn 0.000000 100.000000 -0.000000
vn 0.000000 100.000000 -0.000000
vn 0.000000 100.000000 -0.000000
vn 0.000000 100.000000 -0.000000
vn 0.000000 100.000000 -0.000000
vn 0.000000 100.000000 -0.000000
vn 0.000000 100.000000 -0.000000
vn 0.000000 100.000000 -0.000000
vn 0.000000 100.000000 -0.000000
vn 0.000000 100.000000 -0.000000
vn 0.000000 100.000000 -0.000000
vn 0.000000 100.000000 -0.000000
vn 0.000000 100.000000 -0.000000
vn 0.000000 100.000000 -0.000000
vn -0.000000 -100.000000 0.000000
vn -0.000000 -100.000000 0.000000
vn -0.000000 -100.000000 0.000000
vn -0.000000 -100.000000 0.000000
vn -0.000000 -100.000000 0.000000
vn -0.000000 -100.000000 0.000000
vn -0.000000 -100.000000 0.000000
vn -0.000000 -100.000000 0.000000
vn -0.000000 -100.000000 0.000000
vn -0.000000 -100.000000 0.000000
vn -0.000000 -100.000000 0.000000
vn -0.000000 -100.000000 0.000000
vn -0.000000 -100.000000 0.000000
vn -0.000000 -100.000000 0.000000
vn -0.000000 -100.000000 0.000000
vn -0.000000 -100.000000 0.000000
vn -0.000000 -100.000000 0.000000
vn -0.000000 -100.000000 0.000000
f 500/1079/997 516/1080/998 499/1081/999
f 499/1081/999 516/1080/998 508/1082/1000
f 499/1083/999 508/1084/1000 507/1085/1001
f 507/1085/1001 508/1084/1000 509/1086/1002
f 507/1085/1001 509/1086/1002 506/1087/1003
f 506/1087/1003 509/1086/1002 510/1088/1004
f 506/1087/1003 510/1088/1004 505/1089/1005
f 505/1089/1005 510/1088/1004 511/1090/1006
f 505/1089/1005 511/1090/1006 504/1091/1007
f 504/1091/1007 511/1090/1006 512/1092/1008
f 504/1091/1007 512/1092/1008 503/1093/1009
f 503/1093/1009 512/1092/1008 513/1094/1010
f 503/1093/1009 513/1094/1010 502/1095/1011
f 502/1095/1011 513/1094/1010 514/1096/1012
f 502/1095/1011 514/1096/1012 501/1097/1013
f 501/1097/1013 514/1096/1012 515/1098/1014
f 501/1097/1013 515/1098/1014 500/1079/997
f 500/1079/997 515/1098/1014 516/1080/998
f 525/1099/1015 517/1100/1016 499/1101/1017
f 499/1101/1017 517/1100/1016 518/1102/1018
f 499/1101/1017 518/1102/1018 500/1103/1019
f 500/1103/1019 518/1102/1018 519/1104/1020
f 500/1103/1019 519/1104/1020 501/1105/1021
f 501/1105/1021 519/1104/1020 502/1106/1022
f 502/1106/1022 519/1104/1020 520/1107/1023
f 502/1106/1022 520/1107/1023 503/1108/1024
f 503/1108/1024 520/1107/1023 521/1109/1025
f 503/1108/1024 521/1109/1025 504/1110/1026
f 504/1110/1026 521/1109/1025 522/1111/1027
f 504/1110/1026 522/1111/1027 523/1112/1028
f 504/1110/1026 523/1112/1028 505/1113/1029
f 505/1113/1029 523/1112/1028 524/1114/1030
f 505/1113/1029 524/1114/1030 506/1115/1031
f 506/1115/1031 524/1114/1030 507/1116/1032
f 507/1116/1032 524/1114/1030 525/1099/1015
f 507/1116/1032 525/1099/1015 499/1101/1017
f 527/1117/1033 543/1118/1034 526/1119/1035
f 526/1119/1035 543/1118/1034 535/1120/1036
f 526/1121/1035 535/1122/1036 534/1123/1037
f 534/1123/1037 535/1122/1036 536/1124/1038
f 534/1123/1037 536/1124/1038 533/1125/1039
f 533/1125/1039 536/1124/1038 537/1126/1040
f 533/1125/1039 537/1126/1040 532/1127/1041
f 532/1127/1041 537/1126/1040 538/1128/1042
f 532/1127/1041 538/1128/1042 531/1129/1043
f 531/1129/1043 538/1128/1042 539/1130/1044
f 531/1129/1043 539/1130/1044 530/1131/1045
f 530/1131/1045 539/1130/1044 540/1132/1046
f 530/1131/1045 540/1132/1046 529/1133/1047
f 529/1133/1047 540/1132/1046 541/1134/1048
f 529/1133/1047 541/1134/1048 528/1135/1049
f 528/1135/1049 541/1134/1048 542/1136/1050
f 528/1135/1049 542/1136/1050 527/1117/1033
f 527/1117/1033 542/1136/1050 543/1118/1034
f 525/1137/1051 548/1138/1052 517/1139/1053
f 517/1139/1053 548/1138/1052 549/1140/1054
f 517/1139/1053 549/1140/1054 518/1141/1055
f 518/1141/1055 549/1140/1054 550/1142/1056
f 518/1141/1055 550/1142/1056 519/1143/1057
f 519/1143/1057 550/1142/1056 551/1144/1058
f 519/1143/1057 551/1144/1058 520/1145/1059
f 520/1145/1059 551/1144/1058 552/1146/1060
f 520/1145/1059 552/1146/1060 521/1147/1061
f 521/1147/1061 552/1146/1060 544/1148/1062
f 521/1147/1061 544/1148/1062 522/1149/1063
f 522/1150/1063 544/1151/1062 545/1152/1064
f 522/1150/1063 545/1152/1064 523/1153/1065
f 523/1153/1065 545/1152/1064 546/1154/1066
f 523/1153/1065 546/1154/1066 524/1155/1067
f 524/1155/1067 546/1154/1066 547/1156/1068
f 524/1155/1067 547/1156/1068 525/1137/1051
f 525/1137/1051 547/1156/1068 548/1138/1052
f 516/1157/1069 540/1158/1070 508/1159/1071
f 508/1159/1071 540/1158/1070 539/1160/1072
f 508/1159/1071 539/1160/1072 509/1161/1073
f 509/1161/1073 539/1160/1072 538/1162/1074
f 509/1161/1073 538/1162/1074 510/1163/1075
f 510/1163/1075 538/1162/1074 537/1164/1076
f 510/1163/1075 537/1164/1076 511/1165/1077
f 511/1165/1077 537/1164/1076 536/1166/1078
f 511/1165/1077 536/1166/1078 512/1167/1079
f 512/1167/1079 536/1166/1078 535/1168/1080
f 512/1167/1079 535/1168/1080 513/1169/1081
f 513/1169/1081 535/1168/1080 543/1170/1082
f 513/1169/1081 543/1170/1082 514/1171/1083
f 514/1171/1083 543/1170/1082 542/1172/1084
f 514/1171/1083 542/1172/1084 515/1173/1085
f 515/1173/1085 542/1172/1084 541/1174/1086
f 515/1173/1085 541/1174/1086 516/1157/1069
f 516/1157/1069 541/1174/1086 540/1158/1070
f 534/1175/1087 545/1176/1088 526/1177/1089
f 526/1177/1089 545/1176/1088 544/1178/1090
f 526/1177/1089 544/1178/1090 552/1179/1091
f 545/1176/1088 534/1175/1087 546/1180/1092
f 546/1180/1092 534/1175/1087 533/1181/1093
f 546/1180/1092 533/1181/1093 532/1182/1094
f 546/1180/1092 532/1182/1094 547/1183/1095
f 547/1183/1095 532/1182/1094 531/1184/1096
f 547/1183/1095 531/1184/1096 548/1185/1097
f 548/1185/1097 531/1184/1096 530/1186/1098
f 548/1185/1097 530/1186/1098 549/1187/1099
f 549/1187/1099 530/1186/1098 550/1188/1100
f 550/1188/1100 530/1186/1098 529/1189/1101
f 550/1188/1100 529/1189/1101 551/1190/1102
f 551/1190/1102 529/1189/1101 528/1191/1103
f 551/1190/1102 528/1191/1103 527/1192/1104
f 551/1190/1102 527/1192/1104 552/1179/1091
f 552/1179/1091 527/1192/1104 526/1177/1089
f 554/1193/1105 570/1194/1106 553/1195/1107
f 553/1195/1107 570/1194/1106 562/1196/1108
f 553/1197/1107 562/1198/1108 561/1199/1109
f 561/1199/1109 562/1198/1108 563/1200/1110
f 561/1199/1109 563/1200/1110 560/1201/1111
f 560/1201/1111 563/1200/1110 564/1202/1112
f 560/1201/1111 564/1202/1112 559/1203/1113
f 559/1203/1113 564/1202/1112 565/1204/1114
f 559/1203/1113 565/1204/1114 558/1205/1115
f 558/1205/1115 565/1204/1114 566/1206/1116
f 558/1205/1115 566/1206/1116 557/1207/1117
f 557/1207/1117 566/1206/1116 567/1208/1118
f 557/1207/1117 567/1208/1118 556/1209/1119
f 556/1209/1119 567/1208/1118 568/1210/1120
f 556/1209/1119 568/1210/1120 555/1211/1121
f 555/1211/1121 568/1210/1120 569/1212/1122
f 555/1211/1121 569/1212/1122 554/1193/1105
f 554/1193/1105 569/1212/1122 570/1194/1106
f 572/1213/1123 588/1214/1124 571/1215/1125
f 571/1215/1125 588/1214/1124 580/1216/1126
f 571/1217/1125 580/1218/1126 579/1219/1127
f 579/1219/1127 580/1218/1126 581/1220/1128
f 579/1219/1127 581/1220/1128 578/1221/1129
f 578/1221/1129 581/1220/1128 582/1222/1130
f 578/1221/1129 582/1222/1130 577/1223/1131
f 577/1223/1131 582/1222/1130 583/1224/1132
f 577/1223/1131 583/1224/1132 576/1225/1133
f 576/1225/1133 583/1224/1132 584/1226/1134
f 576/1225/1133 584/1226/1134 575/1227/1135
f 575/1227/1135 584/1226/1134 585/1228/1136
f 575/1227/1135 585/1228/1136 574/1229/1137
f 574/1229/1137 585/1228/1136 586/1230/1138
f 574/1229/1137 586/1230/1138 573/1231/1139
f 573/1231/1139 586/1230/1138 587/1232/1140
f 573/1231/1139 587/1232/1140 572/1213/1123
f 572/1213/1123 587/1232/1140 588/1214/1124
f 570/1233/1141 581/1234/1142 562/1235/1143
f 562/1235/1143 581/1234/1142 580/1236/1144
f 562/1235/1143 580/1236/1144 588/1237/1145
f 581/1234/1142 570/1233/1141 582/1238/1146
f 582/1238/1146 570/1233/1141 569/1239/1147
f 582/1238/1146 569/1239/1147 568/1240/1148
f 582/1238/1146 568/1240/1148 583/1241/1149
f 583/1241/1149 568/1240/1148 567/1242/1150
f 583/1241/1149 567/1242/1150 584/1243/1151
f 584/1243/1151 567/1242/1150 585/1244/1152
f 585/1244/1152 567/1242/1150 566/1245/1153
f 585/1244/1152 566/1245/1153 586/1246/1154
f 586/1246/1154 566/1245/1153 565/1247/1155
f 586/1246/1154 565/1247/1155 587/1248/1156
f 587/1248/1156 565/1247/1155 564/1249/1157
f 587/1248/1156 564/1249/1157 563/1250/1158
f 587/1248/1156 563/1250/1158 588/1237/1145
f 588/1237/1145 563/1250/1158 562/1235/1143
f 561/1251/1159 572/1252/1160 553/1253/1161
f 553/1253/1161 572/1252/1160 571/1254/1162
f 553/1253/1161 571/1254/1162 579/1255/1163
f 572/1252/1160 561/1251/1159 573/1256/1164
f 573/1256/1164 561/1251/1159 560/1257/1165
f 573/1256/1164 560/1257/1165 559/1258/1166
f 573/1256/1164 559/1258/1166 574/1259/1167
f 574/1259/1167 559/1258/1166 558/1260/1168
f 574/1259/1167 558/1260/1168 575/1261/1169
f 575/1261/1169 558/1260/1168 557/1262/1170
f 575/1261/1169 557/1262/1170 576/1263/1171
f 576/1263/1171 557/1262/1170 577/1264/1172
f 577/1264/1172 557/1262/1170 556/1265/1173
f 577/1264/1172 556/1265/1173 578/1266/1174
f 578/1266/1174 556/1265/1173 555/1267/1175
f 578/1266/1174 555/1267/1175 554/1268/1176
f 578/1266/1174 554/1268/1176 579/1255/1163
f 579/1255/1163 554/1268/1176 553/1253/1161

g ソリッド1:6

v -0.004441 -0.014250 -0.001200
v -0.002630 -0.014250 -0.003774
v 0.000411 -0.014250 -0.004582
v 0.003260 -0.014250 -0.003246
v 0.004583 -0.014250 -0.000391
v 0.003762 -0.014250 0.002647
v 0.001181 -0.014250 0.004446
v -0.001953 -0.014250 0.004165
v -0.004173 -0.014250 0.001935
v -0.004441 -0.014850 -0.001200
v -0.004173 -0.014850 0.001935
v -0.001953 -0.014850 0.004165
v 0.001181 -0.014850 0.004446
v 0.003762 -0.014850 0.002647
v 0.004583 -0.014850 -0.000391
v 0.003260 -0.014850 -0.003246
v 0.000411 -0.014850 -0.004582
v -0.002630 -0.014850 -0.003774
v -0.003861 -0.014250 -0.001044
v -0.002287 -0.014250 -0.003282
v 0.000357 -0.014250 -0.003984
v 0.002835 -0.014250 -0.002822
v 0.003986 -0.014250 -0.000340
v 0.003272 -0.014250 0.002301
v 0.001027 -0.014250 0.003866
v -0.001698 -0.014250 0.003622
v -0.003629 -0.014250 0.001683
v 0.003379 -0.012350 0.000913
v 0.003175 -0.012350 -0.001472
v 0.001486 -0.012350 -0.003169
v -0.000898 -0.012350 -0.003383
v -0.002863 -0.012350 -0.002014
v -0.003487 -0.012350 0.000297
v -0.002480 -0.012350 0.002469
v -0.000313 -0.012350 0.003486
v 0.002001 -0.012350 0.002871
v 0.003379 -0.014850 0.000913
v 0.002001 -0.014850 0.002871
v -0.000313 -0.014850 0.003486
v -0.002480 -0.014850 0.002469
v -0.003487 -0.014850 0.000297
v -0.002863 -0.014850 -0.002014
v -0.000898 -0.014850 -0.003383
v 0.001486 -0.014850 -0.003169
v 0.003175 -0.014850 -0.001472
v 0.003861 -0.012350 0.001044
v 0.002287 -0.012350 0.003282
v -0.000357 -0.012350 0.003984
v -0.002835 -0.012350 0.002822
v -0.003986 -0.012350 0.000340
v -0.003272 -0.012350 -0.002301
v -0.001027 -0.012350 -0.003866
v 0.001698 -0.012350 -0.003622
v 0.003629 -0.012350 -0.001683
v 0.002413 -0.012350 0.000652
v 0.002268 -0.012350 -0.001052
v 0.001062 -0.012350 -0.002263
v -0.000642 -0.012350 -0.002416
v -0.002045 -0.012350 -0.001438
v -0.002491 -0.012350 0.000212
v -0.001772 -0.012350 0.001764
v -0.000223 -0.012350 0.002490
v 0.001429 -0.012350 0.002051
v 0.002413 -0.014850 0.000652
v 0.001429 -0.014850 0.002051
v -0.000223 -0.014850 0.002490
v -0.001772 -0.014850 0.001764
v -0.002491 -0.014850 0.000212
v -0.002045 -0.014850 -0.001438
v -0.000642 -0.014850 -0.002416
v 0.001062 -0.014850 -0.002263
v 0.002268 -0.014850 -0.001052
v 0.002896 -0.012350 0.000783
v 0.001715 -0.012350 0.002461
v -0.000268 -0.012350 0.002988
v -0.002126 -0.012350 0.002117
v -0.002989 -0.012350 0.000255
v -0.002454 -0.012350 -0.001726
v -0.000770 -0.012350 -0.002899
v 0.001274 -0.012350 -0.002716
v 0.002722 -0.012350 -0.001262
v 0.002896 -0.014850 0.000783
v 0.002722 -0.014850 -0.001262
v 0.001274 -0.014850 -0.002716
v -0.000770 -0.014850 -0.002899
v -0.002454 -0.014850 -0.001726
v -0.002989 -0.014850 0.000255
v -0.002126 -0.014850 0.002117
v -0.000268 -0.014850 0.002988
v 0.001715 -0.014850 0.002461
vt -0.060000 1.123992 0.000000
vt -0.000000 1.123992 0.000000
vt -0.060000 1.445133 0.000000
vt -0.000000 1.445133 0.000000
vt -0.060000 -1.445133 0.000000
vt -0.000000 -1.445133 0.000000
vt -0.060000 -1.123992 0.000000
vt -0.000000 -1.123992 0.000000
vt -0.060000 -0.802851 0.000000
vt -0.000000 -0.802851 0.000000
vt -0.060000 -0.481711 0.000000
vt -0.000000 -0.481711 0.000000
vt -0.060000 -0.160570 0.000000
vt -0.000000 -0.160570 0.000000
vt -0.060000 0.160570 0.000000
vt -0.000000 0.160570 0.000000
vt -0.060000 0.481711 0.000000
vt -0.000000 0.481711 0.000000
vt -0.060000 0.802851 0.000000
vt -0.000000 0.802851 0.000000
vt -0.306418 -0.257115 0.000000
vt -0.400000 0.000000 0.000000
vt -0.460000 0.000000 0.000000
vt -0.306418 0.257115 0.000000
vt -0.352380 0.295682 0.000000
vt -0.069459 0.393923 0.000000
vt -0.079878 0.453012 0.000000
vt 0.230000 0.398372 0.000000
vt 0.200000 0.346410 0.000000
vt 0.432259 0.157329 0.000000
vt 0.375877 0.136808 0.000000
vt 0.432259 -0.157329 0.000000
vt 0.375877 -0.136808 0.000000
vt 0.200000 -0.346410 0.000000
vt 0.230000 -0.398372 0.000000
vt -0.069459 -0.393923 0.000000
vt -0.079878 -0.453012 0.000000
vt -0.352380 -0.295682 0.000000
vt 0.250000 -0.855211 0.000000
vt 0.000000 -0.855211 0.000000
vt 0.250000 -1.099557 0.000000
vt 0.000000 -1.099557 0.000000
vt 0.250000 1.099557 0.000000
vt 0.000000 1.099557 0.000000
vt 0.250000 0.855211 0.000000
vt 0.000000 0.855211 0.000000
vt 0.250000 0.610865 0.000000
vt 0.000000 0.610865 0.000000
vt 0.250000 0.366519 0.000000
vt 0.000000 0.366519 0.000000
vt 0.250000 0.122173 0.000000
vt 0.000000 0.122173 0.000000
vt 0.250000 -0.122173 0.000000
vt 0.000000 -0.122173 0.000000
vt 0.250000 -0.366519 0.000000
vt 0.000000 -0.366519 0.000000
vt 0.250000 -0.610865 0.000000
vt 0.000000 -0.610865 0.000000
vt -0.060000 0.279253 0.000000
vt -0.250000 0.139626 0.000000
vt -0.060000 -0.000000 0.000000
vt -0.250000 -0.139626 0.000000
vt -0.060000 -0.279253 0.000000
vt -0.250000 -0.418879 0.000000
vt -0.060000 -0.558505 0.000000
vt -0.250000 -0.698132 0.000000
vt -0.060000 -0.837758 0.000000
vt -0.250000 -0.977384 0.000000
vt -0.060000 -1.117011 0.000000
vt -0.250000 -1.256637 0.000000
vt -0.060000 -1.396263 0.000000
vt -0.060000 1.117011 0.000000
vt -0.250000 1.256637 0.000000
vt -0.250000 0.977384 0.000000
vt -0.060000 0.837758 0.000000
vt -0.250000 0.698132 0.000000
vt -0.060000 0.558505 0.000000
vt -0.250000 0.418879 0.000000
vt 0.352380 0.295682 0.000000
vt 0.328892 0.119707 0.000000
vt 0.460000 0.000000 0.000000
vt 0.328892 -0.119707 0.000000
vt 0.352380 -0.295682 0.000000
vt 0.175000 -0.303109 0.000000
vt 0.079878 -0.453012 0.000000
vt -0.060777 -0.344683 0.000000
vt -0.230000 -0.398372 0.000000
vt -0.268116 -0.224976 0.000000
vt -0.432259 -0.157329 0.000000
vt -0.350000 0.000000 0.000000
vt -0.432259 0.157329 0.000000
vt -0.268116 0.224976 0.000000
vt -0.230000 0.398372 0.000000
vt -0.060777 0.344683 0.000000
vt 0.079878 0.453012 0.000000
vt 0.175000 0.303109 0.000000
vt 0.268116 -0.224976 0.000000
vt 0.306418 -0.257115 0.000000
vt 0.350000 0.000000 0.000000
vt 0.400000 0.000000 0.000000
vt 0.306418 0.257115 0.000000
vt 0.069459 -0.393923 0.000000
vt 0.060777 -0.344683 0.000000
vt -0.175000 -0.303109 0.000000
vt -0.200000 -0.346410 0.000000
vt -0.328892 -0.119707 0.000000
vt -0.375877 -0.136808 0.000000
vt -0.328892 0.119707 0.000000
vt -0.375877 0.136808 0.000000
vt -0.200000 0.346410 0.000000
vt -0.175000 0.303109 0.000000
vt 0.069459 0.393923 0.000000
vt 0.060777 0.344683 0.000000
vt 0.268116 0.224976 0.000000
vt 0.250000 -0.610865 0.000000
vt 0.000000 -0.610865 0.000000
vt 0.250000 -0.785398 0.000000
vt 0.000000 -0.785398 0.000000
vt 0.250000 0.785398 0.000000
vt 0.000000 0.785398 0.000000
vt 0.250000 0.610865 0.000000
vt 0.000000 0.610865 0.000000
vt 0.250000 0.436332 0.000000
vt 0.000000 0.436332 0.000000
vt 0.250000 0.261799 0.000000
vt 0.000000 0.261799 0.000000
vt 0.250000 0.087266 0.000000
vt 0.000000 0.087266 0.000000
vt 0.250000 -0.087266 0.000000
vt 0.000000 -0.087266 0.000000
vt 0.250000 -0.261799 0.000000
vt 0.000000 -0.261799 0.000000
vt 0.250000 -0.436332 0.000000
vt 0.000000 -0.436332 0.000000
vt -0.250000 0.733038 0.000000
vt -0.000000 0.733038 0.000000
vt -0.250000 0.942478 0.000000
vt -0.000000 0.942478 0.000000
vt -0.250000 -0.942478 0.000000
vt -0.000000 -0.942478 0.000000
vt -0.250000 -0.733038 0.000000
vt -0.000000 -0.733038 0.000000
vt -0.250000 -0.523599 0.000000
vt -0.000000 -0.523599 0.000000
vt -0.250000 -0.314159 0.000000
vt -0.000000 -0.314159 0.000000
vt -0.250000 -0.104720 0.000000
vt -0.000000 -0.104720 0.000000
vt -0.250000 0.104720 0.000000
vt -0.000000 0.104720 0.000000
vt -0.250000 0.314159 0.000000
vt -0.000000 0.314159 0.000000
vt -0.250000 0.523599 0.000000
vt -0.000000 0.523599 0.000000
vt -0.191511 0.160697 0.000000
vt -0.229813 0.192836 0.000000
vt -0.250000 0.000000 0.000000
vt -0.300000 0.000000 0.000000
vt -0.229813 -0.192836 0.000000
vt -0.052094 0.295442 0.000000
vt -0.043412 0.246202 0.000000
vt 0.125000 0.216506 0.000000
vt 0.150000 0.259808 0.000000
vt 0.234923 0.085505 0.000000
vt 0.281908 0.102606 0.000000
vt 0.281908 -0.102606 0.000000
vt 0.234923 -0.085505 0.000000
vt 0.150000 -0.259808 0.000000
vt 0.125000 -0.216506 0.000000
vt -0.052094 -0.295442 0.000000
vt -0.043412 -0.246202 0.000000
vt -0.191511 -0.160697 0.000000
vt 0.191511 -0.160697 0.000000
vt 0.229813 -0.192836 0.000000
vt 0.250000 0.000000 0.000000
vt 0.300000 0.000000 0.000000
vt 0.229813 0.192836 0.000000
vt 0.052094 -0.295442 0.000000
vt 0.043412 -0.246202 0.000000
vt -0.125000 -0.216506 0.000000
vt -0.150000 -0.259808 0.000000
vt -0.234923 -0.085505 0.000000
vt -0.281908 -0.102606 0.000000
vt -0.234923 0.085505 0.000000
vt -0.281908 0.102606 0.000000
vt -0.150000 0.259808 0.000000
vt -0.125000 0.216506 0.000000
vt 0.052094 0.295442 0.000000
vt 0.043412 0.246202 0.000000
vt 0.191511 0.160697 0.000000
vn -57.177960 0.000000 -82.040727
vn -57.177960 0.000000 -82.040727
vn -96.535621 0.000000 -26.093559
vn -96.535621 0.000000 -26.093559
vn -90.723193 0.000000 42.063076
vn -90.723193 0.000000 42.063076
vn -42.460374 0.000000 90.537929
vn -42.460374 0.000000 90.537929
vn 25.670126 0.000000 96.649080
vn 25.670126 0.000000 96.649080
vn 81.789288 -0.000000 57.537052
vn 81.789288 -0.000000 57.537052
vn 99.638334 -0.000000 -8.497202
vn 99.638334 -0.000000 -8.497202
vn 70.865495 -0.000000 -70.555521
vn 70.865495 -0.000000 -70.555521
vn 8.933904 -0.000000 -99.600127
vn 8.933904 -0.000000 -99.600127
vn 0.000000 100.000000 -0.000000
vn 0.000000 100.000000 -0.000000
vn 0.000000 100.000000 -0.000000
vn 0.000000 100.000000 -0.000000
vn 0.000000 100.000000 -0.000000
vn 0.000000 100.000000 -0.000000
vn 0.000000 100.000000 -0.000000
vn 0.000000 100.000000 -0.000000
vn 0.000000 100.000000 -0.000000
vn 0.000000 100.000000 -0.000000
vn 0.000000 100.000000 -0.000000
vn 0.000000 100.000000 -0.000000
vn 0.000000 100.000000 -0.000000
vn 0.000000 100.000000 -0.000000
vn 0.000000 100.000000 -0.000000
vn 0.000000 100.000000 -0.000000
vn 0.000000 100.000000 -0.000000
vn 0.000000 100.000000 -0.000000
vn -90.723193 0.000000 42.063076
vn -90.723193 0.000000 42.063076
vn -96.535621 0.000000 -26.093559
vn -96.535621 0.000000 -26.093559
vn -57.177960 0.000000 -82.040727
vn -57.177960 0.000000 -82.040727
vn 8.933904 -0.000000 -99.600127
vn 8.933904 -0.000000 -99.600127
vn 70.865495 -0.000000 -70.555521
vn 70.865495 -0.000000 -70.555521
vn 99.638334 -0.000000 -8.497202
vn 99.638334 -0.000000 -8.497202
vn 81.789288 -0.000000 57.537052
vn 81.789288 -0.000000 57.537052
vn 25.670126 0.000000 96.649080
vn 25.670126 0.000000 96.649080
vn -42.460374 0.000000 90.537929
vn -42.460374 0.000000 90.537929
vn -90.723193 0.000000 42.063076
vn -99.638334 0.000000 8.497202
vn -96.535621 0.000000 -26.093559
vn -81.789288 0.000000 -57.537052
vn -57.177960 0.000000 -82.040727
vn -25.670126 -0.000000 -96.649080
vn 8.933904 -0.000000 -99.600127
vn 42.460374 -0.000000 -90.537929
vn 70.865495 -0.000000 -70.555521
vn 90.723193 -0.000000 -42.063076
vn 99.638334 -0.000000 -8.497202
vn 96.535621 -0.000000 26.093559
vn 81.789288 -0.000000 57.537052
vn 57.177960 -0.000000 82.040727
vn 25.670126 0.000000 96.649080
vn -8.933904 0.000000 99.600127
vn -42.460374 0.000000 90.537929
vn -70.865495 0.000000 70.555521
vn -0.000000 -100.000000 0.000000
vn -0.000000 -100.000000 0.000000
vn -0.000000 -100.000000 0.000000
vn -0.000000 -100.000000 0.000000
vn -0.000000 -100.000000 0.000000
vn -0.000000 -100.000000 0.000000
vn -0.000000 -100.000000 0.000000
vn -0.000000 -100.000000 0.000000
vn -0.000000 -100.000000 0.000000
vn -0.000000 -100.000000 0.000000
vn -0.000000 -100.000000 0.000000
vn -0.000000 -100.000000 0.000000
vn -0.000000 -100.000000 0.000000
vn -0.000000 -100.000000 0.000000
vn -0.000000 -100.000000 0.000000
vn -0.000000 -100.000000 0.000000
vn -0.000000 -100.000000 0.000000
vn -0.000000 -100.000000 0.000000
vn 0.000000 100.000000 -0.000000
vn 0.000000 100.000000 -0.000000
vn 0.000000 100.000000 -0.000000
vn 0.000000 100.000000 -0.000000
vn 0.000000 100.000000 -0.000000
vn 0.000000 100.000000 -0.000000
vn 0.000000 100.000000 -0.000000
vn 0.000000 100.000000 -0.000000
vn 0.000000 100.000000 -0.000000
vn 0.000000 100.000000 -0.000000
vn 0.000000 100.000000 -0.000000
vn 0.000000 100.000000 -0.000000
vn 0.000000 100.000000 -0.000000
vn 0.000000 100.000000 -0.000000
vn 0.000000 100.000000 -0.000000
vn 0.000000 100.000000 -0.000000
vn 0.000000 100.000000 -0.000000
vn 0.000000 100.000000 -0.000000
vn -90.723193 0.000000 42.063076
vn -90.723193 0.000000 42.063076
vn -96.535621 0.000000 -26.093559
vn -96.535621 0.000000 -26.093559
vn -57.177960 0.000000 -82.040727
vn -57.177960 0.000000 -82.040727
vn 8.933904 -0.000000 -99.600127
vn 8.933904 -0.000000 -99.600127
vn 70.865495 -0.000000 -70.555521
vn 70.865495 -0.000000 -70.555521
vn 99.638334 -0.000000 -8.497202
vn 99.638334 -0.000000 -8.497202
vn 81.789288 -0.000000 57.537052
vn 81.789288 -0.000000 57.537052
vn 25.670126 0.000000 96.649080
vn 25.670126 0.000000 96.649080
vn -42.460374 0.000000 90.537929
vn -42.460374 0.000000 90.537929
vn 57.177960 -0.000000 82.040727
vn 57.177960 -0.000000 82.040727
vn 96.535621 -0.000000 26.093559
vn 96.535621 -0.000000 26.093559
vn 90.723193 -0.000000 -42.063076
vn 90.723193 -0.000000 -42.063076
vn 42.460374 -0.000000 -90.537929
vn 42.460374 -0.000000 -90.537929
vn -25.670126 -0.000000 -96.649080
vn -25.670126 -0.000000 -96.649080
vn -81.789288 0.000000 -57.537052
vn -81.789288 0.000000 -57.537052
vn -99.638334 0.000000 8.497202
vn -99.638334 0.000000 8.497202
vn -70.865495 0.000000 70.555521
vn -70.865495 0.000000 70.555521
vn -8.933904 0.000000 99.600127
vn -8.933904 0.000000 99.600127
vn -0.000000 -100.000000 0.000000
vn -0.000000 -100.000000 0.000000
vn -0.000000 -100.000000 0.000000
vn -0.000000 -100.000000 0.000000
vn -0.000000 -100.000000 0.000000
vn -0.000000 -100.000000 0.000000
vn -0.000000 -100.000000 0.000000
vn -0.000000 -100.000000 0.000000
vn -0.000000 -100.000000 0.000000
vn -0.000000 -100.000000 0.000000
vn -0.000000 -100.000000 0.000000
vn -0.000000 -100.000000 0.000000
vn -0.000000 -100.000000 0.000000
vn -0.000000 -100.000000 0.000000
vn -0.000000 -100.000000 0.000000
vn -0.000000 -100.000000 0.000000
vn -0.000000 -100.000000 0.000000
vn -0.000000 -100.000000 0.000000
vn 0.000000 100.000000 -0.000000
vn 0.000000 100.000000 -0.000000
vn 0.000000 100.000000 -0.000000
vn 0.000000 100.000000 -0.000000
vn 0.000000 100.000000 -0.000000
vn 0.000000 100.000000 -0.000000
vn 0.000000 100.000000 -0.000000
vn 0.000000 100.000000 -0.000000
vn 0.000000 100.000000 -0.000000
vn 0.000000 100.000000 -0.000000
vn 0.000000 100.000000 -0.000000
vn 0.000000 100.000000 -0.000000
vn 0.000000 100.000000 -0.000000
vn 0.000000 100.000000 -0.000000
vn 0.000000 100.000000 -0.000000
vn 0.000000 100.000000 -0.000000
vn 0.000000 100.000000 -0.000000
vn 0.000000 100.000000 -0.000000
f 590/1269/1177 606/1270/1178 589/1271/1179
f 589/1271/1179 606/1270/1178 598/1272/1180
f 589/1273/1179 598/1274/1180 597/1275/1181
f 597/1275/1181 598/1274/1180 599/1276/1182
f 597/1275/1181 599/1276/1182 596/1277/1183
f 596/1277/1183 599/1276/1182 600/1278/1184
f 596/1277/1183 600/1278/1184 595/1279/1185
f 595/1279/1185 600/1278/1184 601/1280/1186
f 595/1279/1185 601/1280/1186 594/1281/1187
f 594/1281/1187 601/1280/1186 602/1282/1188
f 594/1281/1187 602/1282/1188 593/1283/1189
f 593/1283/1189 602/1282/1188 603/1284/1190
f 593/1283/1189 603/1284/1190 592/1285/1191
f 592/1285/1191 603/1284/1190 604/1286/1192
f 592/1285/1191 604/1286/1192 591/1287/1193
f 591/1287/1193 604/1286/1192 605/1288/1194
f 591/1287/1193 605/1288/1194 590/1269/1177
f 590/1269/1177 605/1288/1194 606/1270/1178
f 615/1289/1195 607/1290/1196 589/1291/1197
f 589/1291/1197 607/1290/1196 608/1292/1198
f 589/1291/1197 608/1292/1198 590/1293/1199
f 590/1293/1199 608/1292/1198 609/1294/1200
f 590/1293/1199 609/1294/1200 591/1295/1201
f 591/1295/1201 609/1294/1200 592/1296/1202
f 592/1296/1202 609/1294/1200 610/1297/1203
f 592/1296/1202 610/1297/1203 593/1298/1204
f 593/1298/1204 610/1297/1203 611/1299/1205
f 593/1298/1204 611/1299/1205 594/1300/1206
f 594/1300/1206 611/1299/1205 612/1301/1207
f 594/1300/1206 612/1301/1207 613/1302/1208
f 594/1300/1206 613/1302/1208 595/1303/1209
f 595/1303/1209 613/1302/1208 614/1304/1210
f 595/1303/1209 614/1304/1210 596/1305/1211
f 596/1305/1211 614/1304/1210 597/1306/1212
f 597/1306/1212 614/1304/1210 615/1289/1195
f 597/1306/1212 615/1289/1195 589/1291/1197
f 617/1307/1213 633/1308/1214 616/1309/1215
f 616/1309/1215 633/1308/1214 625/1310/1216
f 616/1311/1215 625/1312/1216 624/1313/1217
f 624/1313/1217 625/1312/1216 626/1314/1218
f 624/1313/1217 626/1314/1218 623/1315/1219
f 623/1315/1219 626/1314/1218 627/1316/1220
f 623/1315/1219 627/1316/1220 622/1317/1221
f 622/1317/1221 627/1316/1220 628/1318/1222
f 622/1317/1221 628/1318/1222 621/1319/1223
f 621/1319/1223 628/1318/1222 629/1320/1224
f 621/1319/1223 629/1320/1224 620/1321/1225
f 620/1321/1225 629/1320/1224 630/1322/1226
f 620/1321/1225 630/1322/1226 619/1323/1227
f 619/1323/1227 630/1322/1226 631/1324/1228
f 619/1323/1227 631/1324/1228 618/1325/1229
f 618/1325/1229 631/1324/1228 632/1326/1230
f 618/1325/1229 632/1326/1230 617/1307/1213
f 617/1307/1213 632/1326/1230 633/1308/1214
f 615/1327/1231 638/1328/1232 607/1329/1233
f 607/1329/1233 638/1328/1232 639/1330/1234
f 607/1329/1233 639/1330/1234 608/1331/1235
f 608/1331/1235 639/1330/1234 640/1332/1236
f 608/1331/1235 640/1332/1236 609/1333/1237
f 609/1333/1237 640/1332/1236 641/1334/1238
f 609/1333/1237 641/1334/1238 610/1335/1239
f 610/1335/1239 641/1334/1238 642/1336/1240
f 610/1335/1239 642/1336/1240 611/1337/1241
f 611/1337/1241 642/1336/1240 634/1338/1242
f 611/1337/1241 634/1338/1242 612/1339/1243
f 612/1340/1243 634/1341/1242 635/1342/1244
f 612/1340/1243 635/1342/1244 613/1343/1245
f 613/1343/1245 635/1342/1244 636/1344/1246
f 613/1343/1245 636/1344/1246 614/1345/1247
f 614/1345/1247 636/1344/1246 637/1346/1248
f 614/1345/1247 637/1346/1248 615/1327/1231
f 615/1327/1231 637/1346/1248 638/1328/1232
f 606/1347/1249 630/1348/1250 598/1349/1251
f 598/1349/1251 630/1348/1250 629/1350/1252
f 598/1349/1251 629/1350/1252 599/1351/1253
f 599/1351/1253 629/1350/1252 628/1352/1254
f 599/1351/1253 628/1352/1254 600/1353/1255
f 600/1353/1255 628/1352/1254 627/1354/1256
f 600/1353/1255 627/1354/1256 601/1355/1257
f 601/1355/1257 627/1354/1256 626/1356/1258
f 601/1355/1257 626/1356/1258 602/1357/1259
f 602/1357/1259 626/1356/1258 625/1358/1260
f 602/1357/1259 625/1358/1260 603/1359/1261
f 603/1359/1261 625/1358/1260 633/1360/1262
f 603/1359/1261 633/1360/1262 604/1361/1263
f 604/1361/1263 633/1360/1262 632/1362/1264
f 604/1361/1263 632/1362/1264 605/1363/1265
f 605/1363/1265 632/1362/1264 631/1364/1266
f 605/1363/1265 631/1364/1266 606/1347/1249
f 606/1347/1249 631/1364/1266 630/1348/1250
f 624/1365/1267 635/1366/1268 616/1367/1269
f 616/1367/1269 635/1366/1268 634/1368/1270
f 616/1367/1269 634/1368/1270 642/1369/1271
f 635/1366/1268 624/1365/1267 636/1370/1272
f 636/1370/1272 624/1365/1267 623/1371/1273
f 636/1370/1272 623/1371/1273 622/1372/1274
f 636/1370/1272 622/1372/1274 637/1373/1275
f 637/1373/1275 622/1372/1274 621/1374/1276
f 637/1373/1275 621/1374/1276 638/1375/1277
f 638/1375/1277 621/1374/1276 620/1376/1278
f 638/1375/1277 620/1376/1278 639/1377/1279
f 639/1377/1279 620/1376/1278 640/1378/1280
f 640/1378/1280 620/1376/1278 619/1379/1281
f 640/1378/1280 619/1379/1281 641/1380/1282
f 641/1380/1282 619/1379/1281 618/1381/1283
f 641/1380/1282 618/1381/1283 617/1382/1284
f 641/1380/1282 617/1382/1284 642/1369/1271
f 642/1369/1271 617/1382/1284 616/1367/1269
f 644/1383/1285 660/1384/1286 643/1385/1287
f 643/1385/1287 660/1384/1286 652/1386/1288
f 643/1387/1287 652/1388/1288 651/1389/1289
f 651/1389/1289 652/1388/1288 653/1390/1290
f 651/1389/1289 653/1390/1290 650/1391/1291
f 650/1391/1291 653/1390/1290 654/1392/1292
f 650/1391/1291 654/1392/1292 649/1393/1293
f 649/1393/1293 654/1392/1292 655/1394/1294
f 649/1393/1293 655/1394/1294 648/1395/1295
f 648/1395/1295 655/1394/1294 656/1396/1296
f 648/1395/1295 656/1396/1296 647/1397/1297
f 647/1397/1297 656/1396/1296 657/1398/1298
f 647/1397/1297 657/1398/1298 646/1399/1299
f 646/1399/1299 657/1398/1298 658/1400/1300
f 646/1399/1299 658/1400/1300 645/1401/1301
f 645/1401/1301 658/1400/1300 659/1402/1302
f 645/1401/1301 659/1402/1302 644/1383/1285
f 644/1383/1285 659/1402/1302 660/1384/1286
f 662/1403/1303 678/1404/1304 661/1405/1305
f 661/1405/1305 678/1404/1304 670/1406/1306
f 661/1407/1305 670/1408/1306 669/1409/1307
f 669/1409/1307 670/1408/1306 671/1410/1308
f 669/1409/1307 671/1410/1308 668/1411/1309
f 668/1411/1309 671/1410/1308 672/1412/1310
f 668/1411/1309 672/1412/1310 667/1413/1311
f 667/1413/1311 672/1412/1310 673/1414/1312
f 667/1413/1311 673/1414/1312 666/1415/1313
f 666/1415/1313 673/1414/1312 674/1416/1314
f 666/1415/1313 674/1416/1314 665/1417/1315
f 665/1417/1315 674/1416/1314 675/1418/1316
f 665/1417/1315 675/1418/1316 664/1419/1317
f 664/1419/1317 675/1418/1316 676/1420/1318
f 664/1419/1317 676/1420/1318 663/1421/1319
f 663/1421/1319 676/1420/1318 677/1422/1320
f 663/1421/1319 677/1422/1320 662/1403/1303
f 662/1403/1303 677/1422/1320 678/1404/1304
f 660/1423/1321 671/1424/1322 652/1425/1323
f 652/1425/1323 671/1424/1322 670/1426/1324
f 652/1425/1323 670/1426/1324 678/1427/1325
f 671/1424/1322 660/1423/1321 672/1428/1326
f 672/1428/1326 660/1423/1321 659/1429/1327
f 672/1428/1326 659/1429/1327 658/1430/1328
f 672/1428/1326 658/1430/1328 673/1431/1329
f 673/1431/1329 658/1430/1328 657/1432/1330
f 673/1431/1329 657/1432/1330 674/1433/1331
f 674/1433/1331 657/1432/1330 675/1434/1332
f 675/1434/1332 657/1432/1330 656/1435/1333
f 675/1434/1332 656/1435/1333 676/1436/1334
f 676/1436/1334 656/1435/1333 655/1437/1335
f 676/1436/1334 655/1437/1335 677/1438/1336
f 677/1438/1336 655/1437/1335 654/1439/1337
f 677/1438/1336 654/1439/1337 653/1440/1338
f 677/1438/1336 653/1440/1338 678/1427/1325
f 678/1427/1325 653/1440/1338 652/1425/1323
f 651/1441/1339 662/1442/1340 643/1443/1341
f 643/1443/1341 662/1442/1340 661/1444/1342
f 643/1443/1341 661/1444/1342 669/1445/1343
f 662/1442/1340 651/1441/1339 663/1446/1344
f 663/1446/1344 651/1441/1339 650/1447/1345
f 663/1446/1344 650/1447/1345 649/1448/1346
f 663/1446/1344 649/1448/1346 664/1449/1347
f 664/1449/1347 649/1448/1346 648/1450/1348
f 664/1449/1347 648/1450/1348 665/1451/1349
f 665/1451/1349 648/1450/1348 647/1452/1350
f 665/1451/1349 647/1452/1350 666/1453/1351
f 666/1453/1351 647/1452/1350 667/1454/1352
f 667/1454/1352 647/1452/1350 646/1455/1353
f 667/1454/1352 646/1455/1353 668/1456/1354
f 668/1456/1354 646/1455/1353 645/1457/1355
f 668/1456/1354 645/1457/1355 644/1458/1356
f 668/1456/1354 644/1458/1356 669/1445/1343
f 669/1445/1343 644/1458/1356 643/1443/1341

g ソリッド1:7

v -0.004257 0.014250 0.001743
v -0.002141 0.014250 0.004071
v 0.000977 0.014250 0.004495
v 0.003638 0.014250 0.002815
v 0.004596 0.014250 -0.000182
v 0.003404 0.014250 -0.003094
v 0.000619 0.014250 -0.004558
v -0.002456 0.014250 -0.003890
v -0.004381 0.014250 -0.001401
v -0.004257 0.014850 0.001743
v -0.004381 0.014850 -0.001401
v -0.002456 0.014850 -0.003890
v 0.000619 0.014850 -0.004558
v 0.003404 0.014850 -0.003094
v 0.004596 0.014850 -0.000182
v 0.003638 0.014850 0.002815
v 0.000977 0.014850 0.004495
v -0.002141 0.014850 0.004071
v -0.003702 0.014250 0.001516
v -0.001862 0.014250 0.003540
v 0.000850 0.014250 0.003909
v 0.003163 0.014250 0.002448
v 0.003997 0.014250 -0.000158
v 0.002960 0.014250 -0.002690
v 0.000538 0.014250 -0.003964
v -0.002135 0.014250 -0.003382
v -0.003810 0.014250 -0.001218
v 0.003239 0.012350 -0.001326
v 0.003334 0.012350 0.001066
v 0.001868 0.012350 0.002960
v -0.000471 0.012350 0.003468
v -0.002590 0.012350 0.002354
v -0.003497 0.012350 0.000138
v -0.002768 0.012350 -0.002142
v -0.000743 0.012350 -0.003420
v 0.001629 0.012350 -0.003098
v 0.003239 0.014850 -0.001326
v 0.001629 0.014850 -0.003098
v -0.000743 0.014850 -0.003420
v -0.002768 0.014850 -0.002142
v -0.003497 0.014850 0.000138
v -0.002590 0.014850 0.002354
v -0.000471 0.014850 0.003468
v 0.001868 0.014850 0.002960
v 0.003334 0.014850 0.001066
v 0.003702 0.012350 -0.001516
v 0.001862 0.012350 -0.003540
v -0.000850 0.012350 -0.003909
v -0.003163 0.012350 -0.002448
v -0.003997 0.012350 0.000158
v -0.002960 0.012350 0.002690
v -0.000538 0.012350 0.003964
v 0.002135 0.012350 0.003382
v 0.003810 0.012350 0.001218
v 0.002314 0.012350 -0.000947
v 0.002381 0.012350 0.000762
v 0.001335 0.012350 0.002114
v -0.000337 0.012350 0.002477
v -0.001850 0.012350 0.001681
v -0.002498 0.012350 0.000099
v -0.001977 0.012350 -0.001530
v -0.000531 0.012350 -0.002443
v 0.001163 0.012350 -0.002213
v 0.002314 0.014850 -0.000947
v 0.001163 0.014850 -0.002213
v -0.000531 0.014850 -0.002443
v -0.001977 0.014850 -0.001530
v -0.002498 0.014850 0.000099
v -0.001850 0.014850 0.001681
v -0.000337 0.014850 0.002477
v 0.001335 0.014850 0.002114
v 0.002381 0.014850 0.000762
v 0.002776 0.012350 -0.001137
v 0.001396 0.012350 -0.002655
v -0.000637 0.012350 -0.002932
v -0.002373 0.012350 -0.001836
v -0.002998 0.012350 0.000119
v -0.002220 0.012350 0.002018
v -0.000404 0.012350 0.002973
v 0.001601 0.012350 0.002537
v 0.002857 0.012350 0.000914
v 0.002776 0.014850 -0.001137
v 0.002857 0.014850 0.000914
v 0.001601 0.014850 0.002537
v -0.000404 0.014850 0.002973
v -0.002220 0.014850 0.002018
v -0.002998 0.014850 0.000119
v -0.002373 0.014850 -0.001836
v -0.000637 0.014850 -0.002932
v 0.001396 0.014850 -0.002655
vt -0.060000 1.123992 0.000000
vt -0.000000 1.123992 0.000000
vt -0.060000 1.445133 0.000000
vt -0.000000 1.445133 0.000000
vt -0.060000 -1.445133 0.000000
vt -0.000000 -1.445133 0.000000
vt -0.060000 -1.123992 0.000000
vt -0.000000 -1.123992 0.000000
vt -0.060000 -0.802851 0.000000
vt -0.000000 -0.802851 0.000000
vt -0.060000 -0.481711 0.000000
vt -0.000000 -0.481711 0.000000
vt -0.060000 -0.160570 0.000000
vt -0.000000 -0.160570 0.000000
vt -0.060000 0.160570 0.000000
vt -0.000000 0.160570 0.000000
vt -0.060000 0.481711 0.000000
vt -0.000000 0.481711 0.000000
vt -0.060000 0.802851 0.000000
vt -0.000000 0.802851 0.000000
vt -0.306418 -0.257115 0.000000
vt -0.400000 0.000000 0.000000
vt -0.460000 0.000000 0.000000
vt -0.306418 0.257115 0.000000
vt -0.352380 0.295682 0.000000
vt -0.069459 0.393923 0.000000
vt -0.079878 0.453012 0.000000
vt 0.230000 0.398372 0.000000
vt 0.200000 0.346410 0.000000
vt 0.432259 0.157329 0.000000
vt 0.375877 0.136808 0.000000
vt 0.432259 -0.157329 0.000000
vt 0.375877 -0.136808 0.000000
vt 0.200000 -0.346410 0.000000
vt 0.230000 -0.398372 0.000000
vt -0.069459 -0.393923 0.000000
vt -0.079878 -0.453012 0.000000
vt -0.352380 -0.295682 0.000000
vt 0.250000 -0.855211 0.000000
vt 0.000000 -0.855211 0.000000
vt 0.250000 -1.099557 0.000000
vt 0.000000 -1.099557 0.000000
vt 0.250000 1.099557 0.000000
vt 0.000000 1.099557 0.000000
vt 0.250000 0.855211 0.000000
vt 0.000000 0.855211 0.000000
vt 0.250000 0.610865 0.000000
vt 0.000000 0.610865 0.000000
vt 0.250000 0.366519 0.000000
vt 0.000000 0.366519 0.000000
vt 0.250000 0.122173 0.000000
vt 0.000000 0.122173 0.000000
vt 0.250000 -0.122173 0.000000
vt 0.000000 -0.122173 0.000000
vt 0.250000 -0.366519 0.000000
vt 0.000000 -0.366519 0.000000
vt 0.250000 -0.610865 0.000000
vt 0.000000 -0.610865 0.000000
vt -0.060000 0.279253 0.000000
vt -0.250000 0.139626 0.000000
vt -0.060000 -0.000000 0.000000
vt -0.250000 -0.139626 0.000000
vt -0.060000 -0.279253 0.000000
vt -0.250000 -0.418879 0.000000
vt -0.060000 -0.558505 0.000000
vt -0.250000 -0.698132 0.000000
vt -0.060000 -0.837758 0.000000
vt -0.250000 -0.977384 0.000000
vt -0.060000 -1.117011 0.000000
vt -0.250000 -1.256637 0.000000
vt -0.060000 -1.396263 0.000000
vt -0.060000 1.117011 0.000000
vt -0.250000 1.256637 0.000000
vt -0.250000 0.977384 0.000000
vt -0.060000 0.837758 0.000000
vt -0.250000 0.698132 0.000000
vt -0.060000 0.558505 0.000000
vt -0.250000 0.418879 0.000000
vt 0.352380 0.295682 0.000000
vt 0.328892 0.119707 0.000000
vt 0.460000 0.000000 0.000000
vt 0.328892 -0.119707 0.000000
vt 0.352380 -0.295682 0.000000
vt 0.175000 -0.303109 0.000000
vt 0.079878 -0.453012 0.000000
vt -0.060777 -0.344683 0.000000
vt -0.230000 -0.398372 0.000000
vt -0.268116 -0.224976 0.000000
vt -0.432259 -0.157329 0.000000
vt -0.350000 0.000000 0.000000
vt -0.432259 0.157329 0.000000
vt -0.268116 0.224976 0.000000
vt -0.230000 0.398372 0.000000
vt -0.060777 0.344683 0.000000
vt 0.079878 0.453012 0.000000
vt 0.175000 0.303109 0.000000
vt 0.268116 -0.224976 0.000000
vt 0.306418 -0.257115 0.000000
vt 0.350000 0.000000 0.000000
vt 0.400000 0.000000 0.000000
vt 0.306418 0.257115 0.000000
vt 0.069459 -0.393923 0.000000
vt 0.060777 -0.344683 0.000000
vt -0.175000 -0.303109 0.000000
vt -0.200000 -0.346410 0.000000
vt -0.328892 -0.119707 0.000000
vt -0.375877 -0.136808 0.000000
vt -0.328892 0.119707 0.000000
vt -0.375877 0.136808 0.000000
vt -0.200000 0.346410 0.000000
vt -0.175000 0.303109 0.000000
vt 0.069459 0.393923 0.000000
vt 0.060777 0.344683 0.000000
vt 0.268116 0.224976 0.000000
vt 0.250000 -0.610865 0.000000
vt 0.000000 -0.610865 0.000000
vt 0.250000 -0.785398 0.000000
vt 0.000000 -0.785398 0.000000
vt 0.250000 0.785398 0.000000
vt 0.000000 0.785398 0.000000
vt 0.250000 0.610865 0.000000
vt 0.000000 0.610865 0.000000
vt 0.250000 0.436332 0.000000
vt 0.000000 0.436332 0.000000
vt 0.250000 0.261799 0.000000
vt 0.000000 0.261799 0.000000
vt 0.250000 0.087266 0.000000
vt 0.000000 0.087266 0.000000
vt 0.250000 -0.087266 0.000000
vt 0.000000 -0.087266 0.000000
vt 0.250000 -0.261799 0.000000
vt 0.000000 -0.261799 0.000000
vt 0.250000 -0.436332 0.000000
vt 0.000000 -0.436332 0.000000
vt -0.250000 0.733038 0.000000
vt -0.000000 0.733038 0.000000
vt -0.250000 0.942478 0.000000
vt -0.000000 0.942478 0.000000
vt -0.250000 -0.942478 0.000000
vt -0.000000 -0.942478 0.000000
vt -0.250000 -0.733038 0.000000
vt -0.000000 -0.733038 0.000000
vt -0.250000 -0.523599 0.000000
vt -0.000000 -0.523599 0.000000
vt -0.250000 -0.314159 0.000000
vt -0.000000 -0.314159 0.000000
vt -0.250000 -0.104720 0.000000
vt -0.000000 -0.104720 0.000000
vt -0.250000 0.104720 0.000000
vt -0.000000 0.104720 0.000000
vt -0.250000 0.314159 0.000000
vt -0.000000 0.314159 0.000000
vt -0.250000 0.523599 0.000000
vt -0.000000 0.523599 0.000000
vt -0.191511 0.160697 0.000000
vt -0.229813 0.192836 0.000000
vt -0.250000 0.000000 0.000000
vt -0.300000 0.000000 0.000000
vt -0.229813 -0.192836 0.000000
vt -0.052094 0.295442 0.000000
vt -0.043412 0.246202 0.000000
vt 0.125000 0.216506 0.000000
vt 0.150000 0.259808 0.000000
vt 0.234923 0.085505 0.000000
vt 0.281908 0.102606 0.000000
vt 0.281908 -0.102606 0.000000
vt 0.234923 -0.085505 0.000000
vt 0.150000 -0.259808 0.000000
vt 0.125000 -0.216506 0.000000
vt -0.052094 -0.295442 0.000000
vt -0.043412 -0.246202 0.000000
vt -0.191511 -0.160697 0.000000
vt 0.191511 -0.160697 0.000000
vt 0.229813 -0.192836 0.000000
vt 0.250000 0.000000 0.000000
vt 0.300000 0.000000 0.000000
vt 0.229813 0.192836 0.000000
vt 0.052094 -0.295442 0.000000
vt 0.043412 -0.246202 0.000000
vt -0.125000 -0.216506 0.000000
vt -0.150000 -0.259808 0.000000
vt -0.234923 -0.085505 0.000000
vt -0.281908 -0.102606 0.000000
vt -0.234923 0.085505 0.000000
vt -0.281908 0.102606 0.000000
vt -0.150000 0.259808 0.000000
vt -0.125000 0.216506 0.000000
vt 0.052094 0.295442 0.000000
vt 0.043412 0.246202 0.000000
vt 0.191511 0.160697 0.000000
vn -46.539185 0.000000 88.510475
vn -46.539185 0.000000 88.510475
vn -92.544521 0.000000 37.888146
vn -92.544521 0.000000 37.888146
vn -95.247247 0.000000 -30.462468
vn -95.247247 0.000000 -30.462468
vn -53.382727 0.000000 -84.559354
vn -53.382727 0.000000 -84.559354
vn 13.460164 0.000000 -99.089979
vn 13.460164 0.000000 -99.089979
vn 74.004894 -0.000000 -67.255302
vn 74.004894 -0.000000 -67.255302
vn 99.921913 -0.000000 -3.951121
vn 99.921913 -0.000000 -3.951121
vn 79.084358 -0.000000 61.201833
vn 79.084358 -0.000000 61.201833
vn 21.242353 -0.000000 97.717769
vn 21.242353 -0.000000 97.717769
vn -0.000000 -100.000000 -0.000000
vn -0.000000 -100.000000 -0.000000
vn -0.000000 -100.000000 -0.000000
vn -0.000000 -100.000000 -0.000000
vn -0.000000 -100.000000 -0.000000
vn -0.000000 -100.000000 -0.000000
vn -0.000000 -100.000000 -0.000000
vn -0.000000 -100.000000 -0.000000
vn -0.000000 -100.000000 -0.000000
vn -0.000000 -100.000000 -0.000000
vn -0.000000 -100.000000 -0.000000
vn -0.000000 -100.000000 -0.000000
vn -0.000000 -100.000000 -0.000000
vn -0.000000 -100.000000 -0.000000
vn -0.000000 -100.000000 -0.000000
vn -0.000000 -100.000000 -0.000000
vn -0.000000 -100.000000 -0.000000
vn -0.000000 -100.000000 -0.000000
vn -95.247247 0.000000 -30.462468
vn -95.247247 0.000000 -30.462468
vn -92.544521 0.000000 37.888146
vn -92.544521 0.000000 37.888146
vn -46.539185 0.000000 88.510475
vn -46.539185 0.000000 88.510475
vn 21.242353 -0.000000 97.717769
vn 21.242353 -0.000000 97.717769
vn 79.084358 -0.000000 61.201833
vn 79.084358 -0.000000 61.201833
vn 99.921913 -0.000000 -3.951121
vn 99.921913 -0.000000 -3.951121
vn 74.004894 -0.000000 -67.255302
vn 74.004894 -0.000000 -67.255302
vn 13.460164 0.000000 -99.089979
vn 13.460164 0.000000 -99.089979
vn -53.382727 0.000000 -84.559354
vn -53.382727 0.000000 -84.559354
vn -95.247247 0.000000 -30.462468
vn -99.921913 0.000000 3.951121
vn -92.544521 0.000000 37.888146
vn -74.004894 0.000000 67.255302
vn -46.539185 0.000000 88.510475
vn -13.460164 -0.000000 99.089979
vn 21.242353 -0.000000 97.717769
vn 53.382727 -0.000000 84.559354
vn 79.084358 -0.000000 61.201833
vn 95.247247 -0.000000 30.462468
vn 99.921913 -0.000000 -3.951121
vn 92.544521 -0.000000 -37.888146
vn 74.004894 -0.000000 -67.255302
vn 46.539185 -0.000000 -88.510475
vn 13.460164 0.000000 -99.089979
vn -21.242353 0.000000 -97.717769
vn -53.382727 0.000000 -84.559354
vn -79.084358 0.000000 -61.201833
vn 0.000000 100.000000 0.000000
vn 0.000000 100.000000 0.000000
vn 0.000000 100.000000 0.000000
vn 0.000000 100.000000 0.000000
vn 0.000000 100.000000 0.000000
vn 0.000000 100.000000 0.000000
vn 0.000000 100.000000 0.000000
vn 0.000000 100.000000 0.000000
vn 0.000000 100.000000 0.000000
vn 0.000000 100.000000 0.000000
vn 0.000000 100.000000 0.000000
vn 0.000000 100.000000 0.000000
vn 0.000000 100.000000 0.000000
vn 0.000000 100.000000 0.000000
vn 0.000000 100.000000 0.000000
vn 0.000000 100.000000 0.000000
vn 0.000000 100.000000 0.000000
vn 0.000000 100.000000 0.000000
vn -0.000000 -100.000000 -0.000000
vn -0.000000 -100.000000 -0.000000
vn -0.000000 -100.000000 -0.000000
vn -0.000000 -100.000000 -0.000000
vn -0.000000 -100.000000 -0.000000
vn -0.000000 -100.000000 -0.000000
vn -0.000000 -100.000000 -0.000000
vn -0.000000 -100.000000 -0.000000
vn -0.000000 -100.000000 -0.000000
vn -0.000000 -100.000000 -0.000000
vn -0.000000 -100.000000 -0.000000
vn -0.000000 -100.000000 -0.000000
vn -0.000000 -100.000000 -0.000000
vn -0.000000 -100.000000 -0.000000
vn -0.000000 -100.000000 -0.000000
vn -0.000000 -100.000000 -0.000000
vn -0.000000 -100.000000 -0.000000
vn -0.000000 -100.000000 -0.000000
vn -95.247247 0.000000 -30.462468
vn -95.247247 0.000000 -30.462468
vn -92.544521 0.000000 37.888146
vn -92.544521 0.000000 37.888146
vn -46.539185 0.000000 88.510475
vn -46.539185 0.000000 88.510475
vn 21.242353 -0.000000 97.717769
vn 21.242353 -0.000000 97.717769
vn 79.084358 -0.000000 61.201833
vn 79.084358 -0.000000 61.201833
vn 99.921913 -0.000000 -3.951121
vn 99.921913 -0.000000 -3.951121
vn 74.004894 -0.000000 -67.255302
vn 74.004894 -0.000000 -67.255302
vn 13.460164 0.000000 -99.089979
vn 13.460164 0.000000 -99.089979
vn -53.382727 0.000000 -84.559354
vn -53.382727 0.000000 -84.559354
vn 46.539185 -0.000000 -88.510475
vn 46.539185 -0.000000 -88.510475
vn 92.544521 -0.000000 -37.888146
vn 92.544521 -0.000000 -37.888146
vn 95.247247 -0.000000 30.462468
vn 95.247247 -0.000000 30.462468
vn 53.382727 -0.000000 84.559354
vn 53.382727 -0.000000 84.559354
vn -13.460164 -0.000000 99.089979
vn -13.460164 -0.000000 99.089979
vn -74.004894 0.000000 67.255302
vn -74.004894 0.000000 67.255302
vn -99.921913 0.000000 3.951121
vn -99.921913 0.000000 3.951121
vn -79.084358 0.000000 -61.201833
vn -79.084358 0.000000 -61.201833
vn -21.242353 0.000000 -97.717769
vn -21.242353 0.000000 -97.717769
vn 0.000000 100.000000 0.000000
vn 0.000000 100.000000 0.000000
vn 0.000000 100.000000 0.000000
vn 0.000000 100.000000 0.000000
vn 0.000000 100.000000 0.000000
vn 0.000000 100.000000 0.000000
vn 0.000000 100.000000 0.000000
vn 0.000000 100.000000 0.000000
vn 0.000000 100.000000 0.000000
vn 0.000000 100.000000 0.000000
vn 0.000000 100.000000 0.000000
vn 0.000000 100.000000 0.000000
vn 0.000000 100.000000 0.000000
vn 0.000000 100.000000 0.000000
vn 0.000000 100.000000 0.000000
vn 0.000000 100.000000 0.000000
vn 0.000000 100.000000 0.000000
vn 0.000000 100.000000 0.000000
vn -0.000000 -100.000000 -0.000000
vn -0.000000 -100.000000 -0.000000
vn -0.000000 -100.000000 -0.000000
vn -0.000000 -100.000000 -0.000000
vn -0.000000 -100.000000 -0.000000
vn -0.000000 -100.000000 -0.000000
vn -0.000000 -100.000000 -0.000000
vn -0.000000 -100.000000 -0.000000
vn -0.000000 -100.000000 -0.000000
vn -0.000000 -100.000000 -0.000000
vn -0.000000 -100.000000 -0.000000
vn -0.000000 -100.000000 -0.000000
vn -0.000000 -100.000000 -0.000000
vn -0.000000 -100.000000 -0.000000
vn -0.000000 -100.000000 -0.000000
vn -0.000000 -100.000000 -0.000000
vn -0.000000 -100.000000 -0.000000
vn -0.000000 -100.000000 -0.000000
f 680/1459/1357 696/1460/1358 679/1461/1359
f 679/1461/1359 696/1460/1358 688/1462/1360
f 679/1463/1359 688/1464/1360 687/1465/1361
f 687/1465/1361 688/1464/1360 689/1466/1362
f 687/1465/1361 689/1466/1362 686/1467/1363
f 686/1467/1363 689/1466/1362 690/1468/1364
f 686/1467/1363 690/1468/1364 685/1469/1365
f 685/1469/1365 690/1468/1364 691/1470/1366
f 685/1469/1365 691/1470/1366 684/1471/1367
f 684/1471/1367 691/1470/1366 692/1472/1368
f 684/1471/1367 692/1472/1368 683/1473/1369
f 683/1473/1369 692/1472/1368 693/1474/1370
f 683/1473/1369 693/1474/1370 682/1475/1371
f 682/1475/1371 693/1474/1370 694/1476/1372
f 682/1475/1371 694/1476/1372 681/1477/1373
f 681/1477/1373 694/1476/1372 695/1478/1374
f 681/1477/1373 695/1478/1374 680/1459/1357
f 680/1459/1357 695/1478/1374 696/1460/1358
f 705/1479/1375 697/1480/1376 679/1481/1377
f 679/1481/1377 697/1480/1376 698/1482/1378
f 679/1481/1377 698/1482/1378 680/1483/1379
f 680/1483/1379 698/1482/1378 699/1484/1380
f 680/1483/1379 699/1484/1380 681/1485/1381
f 681/1485/1381 699/1484/1380 682/1486/1382
f 682/1486/1382 699/1484/1380 700/1487/1383
f 682/1486/1382 700/1487/1383 683/1488/1384
f 683/1488/1384 700/1487/1383 701/1489/1385
f 683/1488/1384 701/1489/1385 684/1490/1386
f 684/1490/1386 701/1489/1385 702/1491/1387
f 684/1490/1386 702/1491/1387 703/1492/1388
f 684/1490/1386 703/1492/1388 685/1493/1389
f 685/1493/1389 703/1492/1388 704/1494/1390
f 685/1493/1389 704/1494/1390 686/1495/1391
f 686/1495/1391 704/1494/1390 687/1496/1392
f 687/1496/1392 704/1494/1390 705/1479/1375
f 687/1496/1392 705/1479/1375 679/1481/1377
f 707/1497/1393 723/1498/1394 706/1499/1395
f 706/1499/1395 723/1498/1394 715/1500/1396
f 706/1501/1395 715/1502/1396 714/1503/1397
f 714/1503/1397 715/1502/1396 716/1504/1398
f 714/1503/1397 716/1504/1398 713/1505/1399
f 713/1505/1399 716/1504/1398 717/1506/1400
f 713/1505/1399 717/1506/1400 712/1507/1401
f 712/1507/1401 717/1506/1400 718/1508/1402
f 712/1507/1401 718/1508/1402 711/1509/1403
f 711/1509/1403 718/1508/1402 719/1510/1404
f 711/1509/1403 719/1510/1404 710/1511/1405
f 710/1511/1405 719/1510/1404 720/1512/1406
f 710/1511/1405 720/1512/1406 709/1513/1407
f 709/1513/1407 720/1512/1406 721/1514/1408
f 709/1513/1407 721/1514/1408 708/1515/1409
f 708/1515/1409 721/1514/1408 722/1516/1410
f 708/1515/1409 722/1516/1410 707/1497/1393
f 707/1497/1393 722/1516/1410 723/1498/1394
f 705/1517/1411 728/1518/1412 697/1519/1413
f 697/1519/1413 728/1518/1412 729/1520/1414
f 697/1519/1413 729/1520/1414 698/1521/1415
f 698/1521/1415 729/1520/1414 730/1522/1416
f 698/1521/1415 730/1522/1416 699/1523/1417
f 699/1523/1417 730/1522/1416 731/1524/1418
f 699/1523/1417 731/1524/1418 700/1525/1419
f 700/1525/1419 731/1524/1418 732/1526/1420
f 700/1525/1419 732/1526/1420 701/1527/1421
f 701/1527/1421 732/1526/1420 724/1528/1422
f 701/1527/1421 724/1528/1422 702/1529/1423
f 702/1530/1423 724/1531/1422 725/1532/1424
f 702/1530/1423 725/1532/1424 703/1533/1425
f 703/1533/1425 725/1532/1424 726/1534/1426
f 703/1533/1425 726/1534/1426 704/1535/1427
f 704/1535/1427 726/1534/1426 727/1536/1428
f 704/1535/1427 727/1536/1428 705/1517/1411
f 705/1517/1411 727/1536/1428 728/1518/1412
f 696/1537/1429 720/1538/1430 688/1539/1431
f 688/1539/1431 720/1538/1430 719/1540/1432
f 688/1539/1431 719/1540/1432 689/1541/1433
f 689/1541/1433 719/1540/1432 718/1542/1434
f 689/1541/1433 718/1542/1434 690/1543/1435
f 690/1543/1435 718/1542/1434 717/1544/1436
f 690/1543/1435 717/1544/1436 691/1545/1437
f 691/1545/1437 717/1544/1436 716/1546/1438
f 691/1545/1437 716/1546/1438 692/1547/1439
f 692/1547/1439 716/1546/1438 715/1548/1440
f 692/1547/1439 715/1548/1440 693/1549/1441
f 693/1549/1441 715/1548/1440 723/1550/1442
f 693/1549/1441 723/1550/1442 694/1551/1443
f 694/1551/1443 723/1550/1442 722/1552/1444
f 694/1551/1443 722/1552/1444 695/1553/1445
f 695/1553/1445 722/1552/1444 721/1554/1446
f 695/1553/1445 721/1554/1446 696/1537/1429
f 696/1537/1429 721/1554/1446 720/1538/1430
f 714/1555/1447 725/1556/1448 706/1557/1449
f 706/1557/1449 725/1556/1448 724/1558/1450
f 706/1557/1449 724/1558/1450 732/1559/1451
f 725/1556/1448 714/1555/1447 726/1560/1452
f 726/1560/1452 714/1555/1447 713/1561/1453
f 726/1560/1452 713/1561/1453 712/1562/1454
f 726/1560/1452 712/1562/1454 727/1563/1455
f 727/1563/1455 712/1562/1454 711/1564/1456
f 727/1563/1455 711/1564/1456 728/1565/1457
f 728/1565/1457 711/1564/1456 710/1566/1458
f 728/1565/1457 710/1566/1458 729/1567/1459
f 729/1567/1459 710/1566/1458 730/1568/1460
f 730/1568/1460 710/1566/1458 709/1569/1461
f 730/1568/1460 709/1569/1461 731/1570/1462
f 731/1570/1462 709/1569/1461 708/1571/1463
f 731/1570/1462 708/1571/1463 707/1572/1464
f 731/1570/1462 707/1572/1464 732/1559/1451
f 732/1559/1451 707/1572/1464 706/1557/1449
f 734/1573/1465 750/1574/1466 733/1575/1467
f 733/1575/1467 750/1574/1466 742/1576/1468
f 733/1577/1467 742/1578/1468 741/1579/1469
f 741/1579/1469 742/1578/1468 743/1580/1470
f 741/1579/1469 743/1580/1470 740/1581/1471
f 740/1581/1471 743/1580/1470 744/1582/1472
f 740/1581/1471 744/1582/1472 739/1583/1473
f 739/1583/1473 744/1582/1472 745/1584/1474
f 739/1583/1473 745/1584/1474 738/1585/1475
f 738/1585/1475 745/1584/1474 746/1586/1476
f 738/1585/1475 746/1586/1476 737/1587/1477
f 737/1587/1477 746/1586/1476 747/1588/1478
f 737/1587/1477 747/1588/1478 736/1589/1479
f 736/1589/1479 747/1588/1478 748/1590/1480
f 736/1589/1479 748/1590/1480 735/1591/1481
f 735/1591/1481 748/1590/1480 749/1592/1482
f 735/1591/1481 749/1592/1482 734/1573/1465
f 734/1573/1465 749/1592/1482 750/1574/1466
f 752/1593/1483 768/1594/1484 751/1595/1485
f 751/1595/1485 768/1594/1484 760/1596/1486
f 751/1597/1485 760/1598/1486 759/1599/1487
f 759/1599/1487 760/1598/1486 761/1600/1488
f 759/1599/1487 761/1600/1488 758/1601/1489
f 758/1601/1489 761/1600/1488 762/1602/1490
f 758/1601/1489 762/1602/1490 757/1603/1491
f 757/1603/1491 762/1602/1490 763/1604/1492
f 757/1603/1491 763/1604/1492 756/1605/1493
f 756/1605/1493 763/1604/1492 764/1606/1494
f 756/1605/1493 764/1606/1494 755/1607/1495
f 755/1607/1495 764/1606/1494 765/1608/1496
f 755/1607/1495 765/1608/1496 754/1609/1497
f 754/1609/1497 765/1608/1496 766/1610/1498
f 754/1609/1497 766/1610/1498 753/1611/1499
f 753/1611/1499 766/1610/1498 767/1612/1500
f 753/1611/1499 767/1612/1500 752/1593/1483
f 752/1593/1483 767/1612/1500 768/1594/1484
f 750/1613/1501 761/1614/1502 742/1615/1503
f 742/1615/1503 761/1614/1502 760/1616/1504
f 742/1615/1503 760/1616/1504 768/1617/1505
f 761/1614/1502 750/1613/1501 762/1618/1506
f 762/1618/1506 750/1613/1501 749/1619/1507
f 762/1618/1506 749/1619/1507 748/1620/1508
f 762/1618/1506 748/1620/1508 763/1621/1509
f 763/1621/1509 748/1620/1508 747/1622/1510
f 763/1621/1509 747/1622/1510 764/1623/1511
f 764/1623/1511 747/1622/1510 765/1624/1512
f 765/1624/1512 747/1622/1510 746/1625/1513
f 765/1624/1512 746/1625/1513 766/1626/1514
f 766/1626/1514 746/1625/1513 745/1627/1515
f 766/1626/1514 745/1627/1515 767/1628/1516
f 767/1628/1516 745/1627/1515 744/1629/1517
f 767/1628/1516 744/1629/1517 743/1630/1518
f 767/1628/1516 743/1630/1518 768/1617/1505
f 768/1617/1505 743/1630/1518 742/1615/1503
f 741/1631/1519 752/1632/1520 733/1633/1521
f 733/1633/1521 752/1632/1520 751/1634/1522
f 733/1633/1521 751/1634/1522 759/1635/1523
f 752/1632/1520 741/1631/1519 753/1636/1524
f 753/1636/1524 741/1631/1519 740/1637/1525
f 753/1636/1524 740/1637/1525 739/1638/1526
f 753/1636/1524 739/1638/1526 754/1639/1527
f 754/1639/1527 739/1638/1526 738/1640/1528
f 754/1639/1527 738/1640/1528 755/1641/1529
f 755/1641/1529 738/1640/1528 737/1642/1530
f 755/1641/1529 737/1642/1530 756/1643/1531
f 756/1643/1531 737/1642/1530 757/1644/1532
f 757/1644/1532 737/1642/1530 736/1645/1533
f 757/1644/1532 736/1645/1533 758/1646/1534
f 758/1646/1534 736/1645/1533 735/1647/1535
f 758/1646/1534 735/1647/1535 734/1648/1536
f 758/1646/1534 734/1648/1536 759/1635/1523
f 759/1635/1523 734/1648/1536 733/1633/1521

# 768 vertices
# 1648 texture params
# 1536 normals
# 1560 facets

# 8 groups
